# .PCD v0.7 - Point Cloud Data file format
VERSION 0.7
FIELDS x y z
SIZE 4 4 4
TYPE F F F
COUNT 1 1 1
WIDTH 12411
HEIGHT 1
VIEWPOINT 0 0 0 1
POINTS 12411
DATA ascii
-1.382734 6.594900 0.538699
-1.465943 6.576984 0.829004
-1.188875 6.752266 0.019423
-1.374380 6.621216 0.621807
-1.417444 6.604469 0.671162
-1.214916 6.795986 0.086361
-1.221559 6.614271 0.173776
-1.455930 6.601065 0.723905
-1.191303 6.789315 -0.009770
-1.387129 6.650219 0.592274
-1.268099 6.744967 0.208960
-1.231117 6.815996 0.080162
-1.447449 6.608488 0.714813
-1.451523 6.643723 0.732863
-1.243094 6.656511 0.255808
-1.495914 6.584640 0.801528
-1.472234 6.574804 0.803811
-1.273235 6.545849 0.328991
-1.113049 6.679807 -0.144778
-1.290690 6.774464 0.300004
-1.301675 6.643341 0.368664
-1.563854 6.624911 0.978002
-1.165752 6.793823 -0.082645
-1.332562 6.581740 0.421678
-1.207857 6.846035 -0.000887
-1.241199 6.596345 0.129485
-1.491959 6.651751 0.872762
-1.328399 6.631930 0.396783
-1.450338 6.621674 0.688330
-1.532415 6.635921 0.942447
-1.241828 6.801103 0.095566
-1.272187 6.607764 0.216800
-1.344959 6.858112 0.372592
-1.480938 6.601739 0.770684
-1.551975 6.608988 1.003460
-1.364073 6.735929 0.451739
-1.171472 6.541957 -0.039756
-1.140970 6.696594 -0.125965
-1.468119 6.822748 0.682471
-1.373419 6.637688 0.511466
-1.279441 6.820990 0.183364
-1.473386 6.739438 0.775844
-1.575423 6.611463 1.068159
-1.186787 6.531304 -0.019505
-1.410409 6.614319 0.559470
-1.161232 6.714638 -0.068937
-1.152396 6.950644 -0.188862
-1.200710 6.587258 0.008272
-1.510126 6.686008 0.859105
-1.307235 6.831663 0.271365
-1.140523 6.850943 -0.186438
-1.175150 6.691463 -0.050402
-1.408180 6.769363 0.560089
-1.185696 6.737573 -0.009970
-1.347095 6.839916 0.355038
-1.181581 6.917690 -0.102530
-1.305536 6.557302 0.249678
-1.340095 6.804290 0.274776
-1.438958 6.752229 0.553011
-1.631105 7.060003 0.954097
-1.622137 6.798335 1.038860
-1.349187 6.553082 0.366402
-1.397975 6.844059 0.385651
-1.268813 6.825409 0.100269
-1.134146 6.640726 -0.203182
-1.440255 6.918308 0.548545
-1.556315 6.771730 0.813875
-1.640742 6.975596 1.053210
-1.373773 6.765513 0.340702
-1.415080 6.765206 0.469196
-1.409965 7.047442 0.371172
-1.239606 6.778318 0.017871
-1.206404 6.548036 -0.031405
-1.515641 6.651384 0.745469
-1.602277 6.872266 0.952874
-1.354321 6.714979 0.282615
-1.383094 6.961884 0.324078
-1.414413 6.936124 0.463024
-1.241544 6.987502 -0.020349
-1.547916 6.742320 0.855945
-1.202200 6.728940 -0.066334
-1.372461 6.756629 0.387511
-1.535425 6.841848 0.746436
-1.352801 6.894798 0.265625
-1.562954 6.928009 0.863532
-1.208810 6.957185 -0.115872
-1.370356 6.933768 0.377696
-1.555403 7.050757 0.748321
-1.375761 6.581707 0.490172
-1.416036 6.547281 0.683162
-1.293348 6.593829 0.344982
-1.535263 6.674007 0.950992
-1.166574 6.623994 -0.018742
-1.355856 6.686503 0.497283
-1.151795 6.688039 -0.086190
-1.391374 6.564665 0.607019
-1.293993 6.746342 0.333615
-1.558101 6.846730 0.963600
-1.555372 6.623043 1.054067
-1.355404 6.642835 0.444663
-1.441406 6.872902 0.673798
-1.244274 6.625400 0.188650
-1.383059 6.893748 0.481998
-1.144615 6.622621 -0.078363
-1.515649 6.688105 0.899219
-1.487920 6.570977 0.842842
-1.336002 6.567091 0.406884
-1.370474 6.564457 0.529889
-1.556206 6.753559 1.067564
-1.360558 6.807491 0.435152
-1.215464 6.565559 0.116432
-1.226930 6.755754 0.175327
-1.534008 6.861238 0.909370
-1.531714 6.664616 0.974175
-1.548294 6.564291 0.973106
-1.374886 6.608573 0.476734
-1.414663 6.565617 0.581596
-1.383718 6.621571 0.522386
-1.415740 6.606477 0.556752
-1.168958 6.594386 -0.033313
-1.270779 6.548954 0.203450
-1.435213 6.579646 0.639570
-1.564330 6.605154 1.030050
-1.538673 6.678902 0.939877
-1.249878 6.609555 0.129763
-1.163262 6.519975 -0.082550
-1.585593 6.772883 0.983205
-1.241393 6.547778 0.135144
-1.196239 6.626759 0.022761
-1.300867 6.564531 0.283173
-1.114700 6.602584 -0.191870
-1.424487 6.643418 0.635973
-1.237259 6.783026 0.034991
-1.455626 6.627896 0.682991
-1.412323 6.716502 0.581744
-1.213793 6.662121 0.068770
-1.413140 6.853079 0.504656
-1.149875 6.751791 -0.057354
-1.261655 6.699193 0.187208
-1.414708 6.689582 0.645354
-1.466178 6.684922 0.720322
-1.205591 6.851616 -0.019861
-1.257603 6.810853 0.097786
-1.094785 6.636877 -0.231342
-1.287333 6.698003 0.273008
-1.238728 6.710801 0.116705
-1.197081 6.824929 -0.012648
-1.449923 6.848489 0.629950
-1.241666 6.879085 0.069073
-1.478050 6.817232 0.683098
-1.235946 6.991941 -0.000669
-1.280991 6.873471 0.142769
-1.218817 6.863224 0.035967
-1.269975 6.903568 0.154987
-1.484230 6.867693 0.716818
-1.256476 7.014216 0.070016
-1.307688 6.919250 0.238804
-1.245379 6.908425 0.089038
-1.561892 6.565833 0.992298
-1.431935 6.577546 0.604822
-1.637810 6.686379 1.066522
-1.229908 6.538114 0.135426
-1.144100 6.547933 -0.122016
-1.542376 6.652941 1.004248
-1.476560 6.795493 0.590502
-1.652699 6.836901 1.085890
-1.222866 6.678390 0.119112
-1.119926 6.663955 -0.140350
-1.407429 6.783813 0.546155
-1.589447 6.861309 1.011652
-1.256784 6.809943 0.139144
-1.485217 6.963158 0.591217
-1.609930 6.674071 1.011173
-1.521215 6.585572 0.917060
-1.229897 6.862906 0.091777
-1.446784 6.685416 0.547299
-1.221869 6.584038 0.092096
-1.405631 6.936099 0.540782
-1.628897 6.836885 1.026670
-1.454347 6.848250 0.542945
-1.369557 6.773683 0.468150
-1.410431 6.570512 0.513714
-1.198578 6.824203 0.042838
-1.546756 6.899605 0.931246
-1.600713 6.713824 0.958497
-1.649303 7.013994 1.043856
-1.332359 6.574502 0.409092
-1.467452 7.036698 0.536844
-1.217353 6.928223 0.030212
-1.371977 6.941085 0.457963
-1.429125 6.751226 0.501279
-1.177702 6.620506 0.028301
-1.178565 6.653876 -0.003974
-1.517306 6.782633 0.840643
-1.604510 6.857500 0.971621
-1.558776 6.582351 0.888549
-1.439286 6.933331 0.491684
-1.187472 6.825366 -0.016567
-1.308615 6.566243 0.326544
-1.187478 6.859128 -0.050870
-1.414769 6.694705 0.443303
-1.527134 6.950935 0.846205
-1.629545 7.049051 0.985224
-1.338821 6.914071 0.378076
-1.576657 6.750493 0.894632
-1.148887 6.588331 -0.083892
-1.158563 6.620446 -0.035837
-1.410249 6.848751 0.436298
-1.481879 6.809600 0.756468
-1.586238 6.914833 0.903922
-1.153273 6.792335 -0.135090
-1.162158 6.818065 -0.081059
-1.305175 6.905893 0.291236
-1.422674 7.052680 0.419630
-1.668809 6.699989 1.148428
-1.375898 6.555346 0.428008
-1.266801 6.593665 0.172720
-1.349575 6.640850 0.427749
-1.508637 6.836715 0.673210
-1.473099 6.568862 0.633531
-1.256043 6.721718 0.159083
-1.540581 6.872347 0.845259
-1.623656 6.642076 1.090514
-1.376853 6.833642 0.399250
-1.519632 6.999256 0.674062
-1.242987 6.537601 0.139750
-1.235374 6.887102 0.002413
-1.267478 6.905792 0.128692
-1.548105 7.022114 0.848811
-1.653590 6.808077 1.105263
-1.379824 6.995169 0.382195
-1.501156 6.748245 0.765385
-1.617984 6.578923 1.127195
-1.238552 6.679167 0.117000
-1.489848 6.867722 0.627121
-1.601452 6.639733 1.037946
-1.440181 6.577219 0.600204
-1.341606 6.799593 0.323234
-1.676320 6.975643 1.120723
-1.508824 6.899311 0.763705
-1.198775 6.806625 -0.071918
-1.179766 6.563064 -0.104920
-1.243024 6.852468 0.085655
-1.499185 7.035482 0.624598
-1.466750 6.759073 0.585246
-1.630210 6.810494 1.048073
-1.344343 6.969294 0.302230
-1.474268 6.745136 0.687251
-1.518983 7.066725 0.763230
-1.228647 6.653250 0.074666
-1.204222 7.004058 -0.121623
-1.317588 6.759634 0.247168
-1.649305 6.975340 1.061598
-1.477081 6.926071 0.577786
-1.598472 6.688454 0.971857
-1.421135 6.568863 0.618537
-1.482643 6.907796 0.682297
-1.284984 6.555120 0.196785
-1.228092 6.821836 0.041616
-1.432051 6.649698 0.540099
-1.314792 6.921496 0.224638
-1.604204 6.761339 1.047833
-1.199878 6.604526 0.032233
-1.608422 6.836507 0.979445
-1.448532 6.824584 0.525587
-1.615542 6.919360 1.059424
-1.211555 6.805158 -0.017073
-1.627300 7.010461 0.988678
-1.445141 6.910373 0.598086
-1.283364 6.887928 0.141821
-1.458295 7.005860 0.513362
-1.203983 6.981095 -0.053917
-1.591538 6.593121 1.086546
-1.493704 6.591805 0.745885
-1.632657 6.614141 1.145404
-1.424880 6.580889 0.659198
-1.572043 6.666184 1.095461
-1.480805 6.593444 0.706799
-1.555955 6.603484 1.005816
-1.520815 6.751950 0.742985
-1.282362 6.576233 0.271236
-1.620240 6.610148 1.091688
-1.388288 6.549517 0.590250
-1.413135 6.676875 0.657792
-1.673075 6.783109 1.159652
-1.607787 6.830452 1.103202
-1.226752 6.588480 0.234059
-1.525767 6.593756 0.928906
-1.117353 6.549193 -0.087437
-1.467148 6.608326 0.668917
-1.498796 6.742138 0.702207
-1.537616 6.684083 1.014798
-1.523865 6.880959 0.746319
-1.602931 6.612813 1.027227
-1.267046 6.681779 0.258479
-1.142082 6.620889 -0.065856
-1.645475 6.759719 1.103237
-1.393380 6.679920 0.580210
-1.436703 6.843758 0.644597
-1.628111 6.980490 1.113463
-1.497147 6.597862 0.845902
-1.219951 6.715457 0.218264
-1.503396 6.675685 0.935843
-1.482010 6.758204 0.661880
-1.224715 6.572198 0.118388
-1.433782 6.608613 0.624032
-1.571874 6.856609 1.018917
-1.502605 6.879449 0.701966
-1.533103 7.033079 0.748309
-1.273685 6.838533 0.230435
-1.626402 6.764837 1.033979
-1.208382 6.657992 0.184639
-1.650619 6.886498 1.114651
-1.398184 6.821263 0.570825
-1.438343 6.983154 0.638716
-1.194099 6.596826 0.158522
-1.245301 6.787183 0.156762
-1.221552 6.870413 0.196966
-1.468081 6.677794 0.853409
-1.549629 6.876445 0.934955
-1.487905 6.904929 0.658164
-1.203503 6.682159 0.103331
-1.379860 6.804785 0.492935
-1.580797 6.997960 1.026389
-1.467222 6.797307 0.605804
-1.508786 7.028996 0.702928
-1.272241 6.993865 0.204610
-1.178442 6.547207 0.120399
-1.628044 6.890590 1.042817
-1.667627 7.040102 1.128749
-1.197072 6.786740 0.168054
-1.404984 6.975592 0.559006
-1.184977 6.732334 0.137072
-1.235198 6.927489 0.133952
-1.553238 7.017045 0.940641
-1.509031 6.878885 0.847938
-1.491436 7.057048 0.654731
-1.211669 6.863283 0.060436
-1.378244 6.954732 0.481090
-1.471283 6.949127 0.598680
-1.162387 6.672102 0.099393
-1.644101 7.050096 1.052751
-1.175853 6.782776 -0.007768
-1.185624 6.900038 0.104261
-1.341364 6.926205 0.402913
-1.480200 7.123864 0.589767
-1.173019 6.864839 0.053155
-1.180595 6.979912 -0.056307
-1.589188 6.594260 1.068410
-1.635815 6.700526 1.085123
-1.665958 6.724435 1.154292
-1.473858 6.584718 0.745614
-1.482871 6.606453 0.737042
-1.464722 6.613664 0.688421
-1.497361 6.605997 0.772826
-1.511014 6.622705 0.811510
-1.566069 6.670920 1.075735
-1.495134 6.604448 0.818475
-1.650892 6.832391 1.092631
-1.321871 6.567529 0.349006
-1.434685 6.669729 0.666015
-1.450758 6.663444 0.747329
-1.504594 6.756206 0.729214
-1.487938 6.771564 0.676526
-1.237951 6.554134 0.209389
-1.185282 6.534444 -0.017813
-1.518348 6.750155 0.770022
-1.535030 6.768578 0.810076
-1.464629 6.667855 0.822973
-1.614834 6.859808 1.080152
-1.241005 6.580743 0.128138
-1.143238 6.561676 -0.106798
-1.264740 6.571301 0.280578
-1.107076 6.530756 -0.152342
-1.663000 6.969158 1.101957
-1.124915 6.532711 -0.154809
-1.308486 6.674470 0.336770
-1.248955 6.618443 0.242952
-1.121928 6.557081 -0.108696
-1.449591 6.823032 0.654144
-1.482959 6.839894 0.735292
-1.509951 6.889183 0.726787
-1.539334 6.848145 0.894114
-1.274436 6.648980 0.304574
-1.495624 6.914427 0.668909
-1.221351 6.664011 0.193969
-1.533373 6.896563 0.768031
-1.548906 6.909043 0.812267
-1.504289 6.846087 0.814848
-1.133121 6.590150 -0.077886
-1.288842 6.782304 0.237035
-1.630394 7.009239 1.088531
-1.221063 6.675130 0.114759
-1.380524 6.801006 0.463244
-1.154007 6.638517 -0.049775
-1.253858 6.682398 0.267781
-1.124252 6.680305 -0.135315
-1.677152 7.119168 1.111974
-1.318167 6.831184 0.309444
-1.236985 6.735373 0.225926
-1.452265 6.967094 0.647306
-1.553327 6.986845 0.894590
-1.493442 6.989006 0.729671
-1.268066 6.768877 0.291889
-1.525289 7.049314 0.721393
-1.506532 7.074482 0.660973
-1.537197 7.031859 0.768960
-1.557806 7.049765 0.815604
-1.171397 6.809015 -0.088898
-1.238554 6.848977 0.150195
-1.513776 6.986581 0.812054
-1.345775 6.889227 0.377754
-1.125219 6.722651 -0.110410
-1.380415 6.931325 0.449148
-1.227858 6.831508 0.075924
-1.642949 7.164499 1.098366
-1.285241 6.934692 0.210876
-1.146852 6.772515 -0.078533
-1.270185 6.851854 0.236715
-1.252493 6.914735 0.190020
-1.315118 6.979126 0.288390
-1.568414 7.139849 0.895789
-1.195673 6.901482 -0.025920
-1.276289 6.926031 0.268647
-1.556307 7.204743 0.768352
-1.170933 6.980118 -0.136137
-1.345829 7.037011 0.358797
-1.227170 6.994300 0.125995
-1.132129 6.901504 -0.163256
-1.384025 7.078367 0.433495
-1.229292 6.985802 0.040566
-1.150587 6.938676 -0.122254
-1.259647 6.985277 0.220529
-1.198918 7.078707 -0.071559
-1.576893 6.591362 0.927242
-1.521893 6.595828 0.778632
-1.552533 6.662217 0.931156
-1.545558 6.737430 0.770879
-1.531499 6.591966 0.829193
-1.307661 6.582659 0.276547
-1.595165 6.834282 0.927494
-1.544688 6.601283 0.866502
-1.558360 6.731582 0.824269
-1.309856 6.546270 0.229963
-1.534917 6.838039 0.772251
-1.485370 6.571335 0.680785
-1.131850 6.568727 -0.220430
-1.178615 6.604766 -0.104930
-1.306070 6.705656 0.254541
-1.627457 6.838271 1.017170
-1.604727 6.968479 0.929844
-1.436791 6.855781 0.509571
-1.460884 6.750772 0.597611
-1.517940 6.601990 0.750808
-1.568213 6.734865 0.865761
-1.305533 6.661015 0.209188
-1.473305 6.657383 0.678226
-1.555792 6.840436 0.826541
-1.557851 6.627712 0.906201
-1.549044 6.981391 0.767321
-1.311783 6.645411 0.310348
-1.150610 6.699913 -0.123643
-1.313028 6.855729 0.226521
-1.656365 6.848850 1.102184
-1.186862 6.637555 -0.065415
-1.641459 6.972573 1.022048
-1.277633 6.876897 0.082664
-1.340024 6.636187 0.334835
-1.366078 6.572926 0.365093
-1.611731 7.108956 0.932041
-1.440662 7.000655 0.495986
-1.204539 6.564238 -0.013672
-1.473821 6.893301 0.585277
-1.488399 6.660500 0.754128
-1.160188 6.673927 -0.163928
-1.570370 6.846969 0.870297
-1.489395 6.790247 0.668367
-1.581760 6.761532 0.908751
-1.565469 6.972873 0.827196
-1.310704 6.802823 0.179551
-1.560907 7.133129 0.764787
-1.329991 6.803830 0.280415
-1.345051 6.604565 0.370651
-1.167999 6.894187 -0.190800
-1.677413 6.984645 1.110100
-1.312012 7.003254 0.201148
-1.190945 6.787470 -0.109815
-1.658448 7.118147 1.027894
-1.352239 6.660467 0.355648
-1.320938 6.728427 0.329609
-1.280386 7.041606 0.045857
-1.635661 7.285809 0.934486
-1.452721 7.170274 0.478736
-1.524346 6.817165 0.742356
-1.197409 6.683389 -0.042035
-1.475022 7.027941 0.576111
-1.581877 6.978121 0.872971
-1.490028 6.908951 0.662566
-1.587361 6.875722 0.915482
-1.579247 7.121467 0.827416
-1.216918 6.618407 0.008878
-1.307901 6.942087 0.152560
-1.323248 6.929628 0.263392
-1.337089 6.707939 0.362409
-1.336299 6.874484 0.241895
-1.314051 7.170884 0.171828
-1.195442 6.797158 -0.119581
-1.367155 6.803298 0.330297
-1.677432 7.276973 1.034373
-1.184371 6.933238 -0.147184
-1.337755 6.886387 0.304148
-1.526565 6.930504 0.739207
-1.288131 7.233039 0.002566
-1.193085 6.818581 -0.073716
-1.486933 7.190580 0.563051
-1.505218 7.059141 0.653080
-1.236866 6.772000 -0.030619
-1.600579 7.007341 0.921887
-1.591163 7.116731 0.878407
-1.203569 6.724907 -0.009912
-1.315714 7.112249 0.118127
-1.330384 7.093182 0.236826
-1.354620 6.859735 0.340363
-1.335293 7.012345 0.219377
-1.365048 6.926622 0.312015
-1.193569 6.949290 -0.163128
-1.185051 7.106985 -0.196260
-1.337099 7.024382 0.287364
-1.542431 7.075454 0.732772
-1.195275 6.978156 -0.115233
-1.226846 6.895209 -0.059227
-1.515742 7.212708 0.644508
-1.624106 7.164536 0.929185
-1.616214 7.288802 0.882311
-1.215028 6.887140 -0.051180
-1.350879 6.986118 0.329966
-1.345602 7.185638 0.187176
-1.372443 7.075968 0.287689
-1.555865 7.223888 0.727287
-1.197622 7.153299 -0.160940
-1.233291 7.060678 -0.105313
-1.217731 7.044154 -0.088296
-1.361928 7.150133 0.309626
-1.231181 7.225937 -0.148245
-1.532992 6.609695 0.894180
-1.371531 6.603363 0.463455
-1.545987 6.724926 0.893245
-1.349421 6.620028 0.422570
-1.541113 6.608633 0.945121
-1.354166 6.692213 0.456397
-1.549107 6.831991 0.894643
-1.349092 6.735344 0.406850
-1.522002 6.860105 0.842086
-1.200095 6.662655 0.043254
-1.562238 6.579295 0.993857
-1.360737 6.592624 0.463483
-1.572700 6.745473 0.945035
-1.562706 6.961960 0.895708
-1.370215 6.838053 0.434265
-1.561490 6.630937 0.982777
-1.349734 6.858208 0.391120
-1.225398 6.810369 0.033546
-1.529014 6.988001 0.841353
-1.211377 6.816793 -0.001321
-1.222188 6.607133 0.093696
-1.421280 6.590193 0.600533
-1.572206 6.844249 0.950416
-1.365730 6.708848 0.449447
-1.372376 6.576865 0.490010
-1.600289 6.602108 1.070062
-1.571290 7.094020 0.897242
-1.562781 6.883109 0.923873
-1.371213 6.971733 0.418704
-1.589373 6.761351 0.985959
-1.352021 6.993176 0.373184
-1.217616 6.942497 0.003966
-1.542234 7.134973 0.839231
-1.576727 6.780744 0.998779
-1.285035 6.603985 0.228658
-1.211688 6.712442 0.072839
-1.196126 6.937138 -0.027100
-1.409506 6.674361 0.597285
-1.573871 6.953614 0.955144
-1.374507 6.839160 0.432507
-1.365898 6.671744 0.483294
-1.568434 6.653275 1.024834
-1.399948 6.878199 0.506283
-1.593062 6.674733 1.075180
-1.589497 7.248153 0.899206
-1.570075 7.005406 0.925248
-1.379948 7.129855 0.398778
-1.588879 6.859992 0.993745
-1.378372 6.566481 0.517200
-1.356998 7.145936 0.353742
-1.223759 6.651188 0.115215
-1.595108 6.904409 1.002300
-1.313582 6.567291 0.305193
-1.222297 7.112527 -0.040259
-1.264458 6.686183 0.218686
-1.249741 6.879192 0.100116
-1.560698 7.301925 0.838176
-1.220545 6.861152 0.033996
-1.428289 6.809901 0.581450
-1.592706 7.094828 0.959619
-1.204952 7.114065 -0.076238
-1.367202 6.950549 0.424186
-1.615359 6.791420 1.079548
-1.356275 6.766476 0.479353
-1.599634 6.788431 1.031483
-1.407015 7.015472 0.490866
-1.586970 7.149787 0.926995
-1.142766 6.683378 -0.119284
-1.596038 6.975154 1.001604
-1.390600 7.303222 0.376362
-1.382055 6.672519 0.510271
-1.432279 6.699915 0.665684
-1.363897 7.313941 0.331821
-1.249457 6.622161 0.144728
-1.228112 6.781903 0.085947
-1.596806 7.012856 1.007302
-1.280513 6.833585 0.183855
-1.433471 6.930857 0.571240
-1.225102 7.293231 -0.084374
-1.255233 7.032282 0.064716
-1.212803 6.992185 0.007118
-1.606511 7.238004 0.966987
-1.376296 7.101196 0.407039
-1.199952 7.280780 -0.116674
-1.623500 6.896140 1.085201
-1.380281 6.923193 0.459354
-1.603019 6.889502 1.042218
-1.413584 7.162733 0.476368
-1.595472 7.292190 0.930190
-1.612913 7.110527 1.010598
-1.458852 6.840556 0.650938
-1.365096 6.752683 0.511187
-1.237938 6.720419 0.130736
-1.311538 6.782537 0.267330
-1.610314 7.144428 1.012385
-1.229924 6.918886 0.056569
-1.277838 6.961473 0.159259
-1.431968 7.051329 0.563387
-1.255190 7.188836 0.030666
-1.218057 7.159593 -0.032841
-1.638547 7.014670 1.092441
-1.381993 7.257293 0.390545
-1.619833 7.017074 1.053220
-1.384411 7.056578 0.448150
-1.457174 6.946349 0.646772
-1.623194 7.243689 1.020219
-1.393053 6.911012 0.492076
-1.175971 6.789733 -0.067757
-1.311026 6.902598 0.247203
-1.247639 6.860774 0.100746
-1.625843 7.289247 1.018169
-1.228430 7.059448 0.028562
-1.276809 7.101460 0.132443
-1.441674 7.198452 0.550896
-1.645716 7.129834 1.100242
-1.218543 7.333148 -0.072937
-1.638040 7.152540 1.065041
-1.393290 7.211607 0.434032
-1.467563 7.079618 0.637197
-1.402795 7.048447 0.482317
-1.183076 6.939023 -0.113223
-1.310587 7.030458 0.225022
-1.243311 6.985923 0.080441
-1.231220 7.222377 -0.005997
-1.289499 7.281297 0.093139
-1.665459 7.270672 1.109076
-1.653699 7.294155 1.079189
-1.479594 7.224853 0.627844
-1.407134 7.186557 0.474982
-1.179693 7.083261 -0.153746
-1.319138 7.184988 0.195733
-1.248359 7.139155 0.051063
-1.324159 7.347766 0.166018
-1.258931 7.316842 0.014838
-1.531621 6.617190 0.975292
-1.389537 6.628680 0.505529
-1.552776 6.733774 0.976541
-1.480670 6.575964 0.795070
-1.544521 6.626081 1.028645
-1.550664 6.553545 1.064973
-1.602658 6.832587 1.097008
-1.458367 6.751584 0.712757
-1.315594 6.662991 0.339198
-1.400500 6.613549 0.544634
-1.374903 6.715531 0.500080
-1.478414 6.665234 0.791919
-1.556150 6.836368 0.979390
-1.484064 6.582391 0.864956
-1.571183 6.749355 1.032719
-1.554596 6.641361 1.071226
-1.611405 6.944546 1.104032
-1.271056 6.755404 0.101918
-1.175271 6.668562 -0.033581
-1.582790 6.609366 1.107259
-1.412899 6.610568 0.570832
-1.374469 6.582434 0.483670
-1.472432 6.881150 0.703899
-1.322788 6.790756 0.315458
-1.390753 6.700918 0.540077
-1.408926 6.876719 0.474114
-1.489545 6.777847 0.786733
-1.567453 6.952589 0.983367
-1.479809 6.665049 0.864330
-1.574310 6.845895 1.039365
-1.268701 6.676379 0.163207
-1.589031 6.770473 1.078516
-1.216593 6.653294 0.046297
-1.271136 6.884625 0.071619
-1.621900 7.068468 1.111223
-1.604941 6.720827 1.117270
-1.407973 6.700319 0.566437
-1.363171 6.664693 0.477217
-1.191834 6.828408 -0.085975
-1.423201 6.615227 0.597376
-1.472251 6.996913 0.699545
-1.275222 6.627910 0.200273
-1.417263 6.846609 0.521886
-1.322785 6.918603 0.295316
-1.489786 6.882556 0.784322
-1.568281 7.062297 0.988145
-1.410321 7.000823 0.460762
-1.518236 6.810501 0.858118
-1.136100 6.679890 -0.174451
-1.578828 6.952194 1.046071
-1.593392 6.868980 1.087310
-1.285234 6.820415 0.128062
-1.351267 6.842341 0.382821
-1.226229 6.793332 0.004345
-1.372972 6.781248 0.460334
-1.600121 6.802573 1.128040
-1.264990 7.011935 0.045242
-1.429518 6.834782 0.552978
-1.639774 7.208349 1.120053
-1.414890 6.698971 0.597155
-1.193967 6.977945 -0.130434
-1.302650 6.779842 0.162348
-1.478438 7.132609 0.693328
-1.417183 6.961658 0.512997
-1.326370 7.058257 0.272079
-1.587028 7.204017 0.993387
-1.505031 7.014888 0.779685
-1.422383 7.149688 0.443775
-1.526275 6.921160 0.856477
-1.247878 6.752662 0.092627
-1.543479 6.816187 0.935149
-1.592020 7.075606 1.054485
-1.603094 6.978822 1.097098
-1.282780 6.944309 0.103610
-1.354826 6.970483 0.363135
-1.218634 6.912745 -0.022830
-1.286508 6.701210 0.214925
-1.617203 6.916990 1.140577
-1.374795 6.895334 0.446104
-1.185622 6.667797 -0.106973
-1.435942 6.954638 0.544793
-1.273111 7.178031 0.004072
-1.437383 6.831326 0.586467
-1.165339 6.650829 -0.110034
-1.291940 6.883715 0.147904
-1.191908 7.131242 -0.173139
-1.431131 7.107363 0.498743
-1.491096 7.285434 0.686340
-1.510615 7.142325 0.777159
-1.400904 6.823838 0.526861
-1.337837 7.225962 0.242876
-1.558154 6.927922 0.935673
-1.522228 7.019973 0.858638
-1.427629 7.300955 0.428044
-1.244778 6.871325 0.065876
-1.604084 7.204609 1.063552
-1.613772 7.097029 1.108917
-1.282944 7.082006 0.075738
-1.360104 7.111511 0.343247
-1.303230 6.838489 0.187225
-1.226240 7.070931 -0.067649
-1.190375 6.794727 -0.143472
-1.269535 6.819110 0.157335
-1.377981 7.020103 0.431564
-1.440691 7.082425 0.537772
-1.179411 6.795090 -0.160743
-1.444688 6.950943 0.580322
-1.281171 7.357374 -0.038942
-1.292793 7.014312 0.123796
-1.439655 7.253822 0.486909
-1.404577 6.935684 0.514995
-1.562775 7.033492 0.937836
-1.524351 7.289319 0.774405
-1.537358 7.153924 0.858155
-1.247685 7.009797 0.031528
-1.344979 7.401151 0.213967
-1.634351 7.235355 1.121783
-1.293542 7.252024 0.038859
-1.371782 7.272574 0.319045
-1.303933 6.960249 0.168015
-1.223811 7.220851 -0.105209
-1.274520 6.948835 0.127916
-1.194711 6.932707 -0.181918
-1.383883 7.155879 0.414702
-1.453265 7.227670 0.527969
-1.456880 7.082472 0.573965
-1.299657 7.163671 0.094902
-1.412617 7.061897 0.500982
-1.574322 7.155614 0.940437
-1.456617 7.424946 0.471410
-1.552588 7.296474 0.857660
-1.245624 7.148437 0.000803
-1.298198 7.425239 0.002462
-1.309776 7.099971 0.144791
-1.227904 7.400574 -0.152349
-1.278797 7.085536 0.097173
-1.397319 7.316453 0.394580
-1.466620 7.386861 0.518003
-1.466976 7.221585 0.567933
-1.308527 7.331026 0.062368
-1.584384 7.281119 0.943583
-1.423605 7.204010 0.486105
-1.252832 7.315562 -0.040349
-1.320694 7.259512 0.116820
-1.289378 7.245067 0.061021
-1.486354 7.386056 0.559915
-1.428488 7.341529 0.473799
-1.333295 7.433908 0.085467
-1.291111 7.401322 0.028287
-1.582032 6.576818 1.094141
-1.551403 6.596935 0.998216
-1.597377 6.601273 1.134560
-1.561190 6.609801 1.052693
-1.562764 6.617432 1.095612
-1.571350 6.640965 1.096440
-1.569815 6.700704 0.996950
-1.464438 6.573678 0.783442
-1.619774 6.703753 1.142701
-1.588730 6.720593 1.054492
-1.397917 6.566386 0.656484
-1.386171 6.599346 0.551166
-1.395880 6.592488 0.590283
-1.604452 6.745296 1.100678
-1.408905 6.597105 0.615366
-1.600223 6.751976 1.098663
-1.385466 6.638998 0.577384
-1.566497 6.785404 0.998396
-1.415533 6.605553 0.641991
-1.459349 6.645553 0.780627
-1.613633 6.777455 1.151703
-1.579466 6.795360 1.058576
-1.396402 6.652718 0.649019
-1.538452 6.799049 0.937789
-1.379760 6.685148 0.542820
-1.574536 6.819621 1.021277
-1.398534 6.688118 0.581368
-1.605989 6.830433 1.107897
-1.409891 6.688429 0.609225
-1.601329 6.837707 1.102210
-1.570868 6.880578 1.000895
-1.393906 6.750083 0.563448
-1.415279 6.692936 0.639449
-1.472171 6.744430 0.773508
-1.261317 6.622637 0.246863
-1.277594 6.611312 0.270092
-1.270084 6.645088 0.278336
-1.593282 6.901610 1.063381
-1.425601 6.785772 0.631565
-1.263199 6.669766 0.209206
-1.546884 6.907208 0.937250
-1.398880 6.812191 0.524751
-1.312323 6.655602 0.409060
-1.236050 6.688616 0.173694
-1.619414 6.934436 1.115110
-1.575403 6.912662 1.024101
-1.413492 6.804896 0.567590
-1.421030 6.798068 0.599378
-1.611826 6.936337 1.107274
-1.450984 6.823468 0.697224
-1.434581 6.812547 0.629429
-1.578009 6.986635 1.003160
-1.476630 6.838772 0.769068
-1.394861 6.857401 0.551396
-1.270244 6.699101 0.258909
-1.262455 6.726398 0.226625
-1.287840 6.776675 0.245633
-1.605168 7.011786 1.069836
-1.424946 6.886946 0.623073
-1.268021 6.785259 0.183055
-1.332094 6.778547 0.384007
-1.549582 7.013151 0.937006
-1.183419 6.660400 0.075257
-1.393329 6.912837 0.515379
-1.631306 7.043656 1.124412
-1.253949 6.830708 0.135030
-1.251349 6.819710 0.165447
-1.589805 7.028831 1.026598
-1.403803 6.894356 0.562913
-1.417856 6.893231 0.594861
-1.619912 7.040371 1.112373
-1.150425 6.670322 -0.064586
-1.452147 6.923386 0.690777
-1.148111 6.736333 -0.106024
-1.303378 6.829303 0.306051
-1.481794 6.939348 0.763888
-1.429275 6.903909 0.628891
-1.585438 7.097599 1.006699
-1.149801 6.759651 -0.130639
-1.398571 6.976497 0.538700
-1.285850 6.826820 0.232630
-1.274471 6.854737 0.199493
-1.275319 6.874031 0.229179
-1.613548 7.120720 1.076193
-1.327219 6.874108 0.370470
-1.261081 6.890324 0.163918
-1.430512 7.003863 0.612796
-1.198146 6.792147 0.033105
-1.564042 7.142486 0.937184
-1.397029 7.032825 0.502264
-1.641811 7.155343 1.134477
-1.170101 6.825672 -0.054444
-1.599310 7.145334 1.030190
-1.410625 7.014238 0.551861
-1.629664 7.148599 1.119530
-1.420940 7.003218 0.588930
-1.247248 6.943522 0.111088
-1.159018 6.797591 -0.104030
-1.247145 6.938489 0.139984
-1.459591 7.037210 0.683318
-1.296142 6.929371 0.290488
-1.146126 6.859028 -0.145259
-1.488557 7.045965 0.759992
-1.440123 7.022579 0.622357
-1.602046 7.228765 1.010988
-1.148698 6.882154 -0.167826
-1.290967 6.946188 0.213000
-1.275198 6.972151 0.178150
-1.404596 7.107922 0.524113
-1.277609 6.999433 0.203471
-1.627244 7.244608 1.084009
-1.328653 6.982713 0.353904
-1.197649 6.908559 0.001951
-1.435008 7.126389 0.602959
-1.261537 7.016927 0.138611
-1.577805 7.279641 0.937836
-1.402180 7.163464 0.488472
-1.168531 6.948692 -0.090415
-1.642591 7.268996 1.126878
-1.615925 7.276499 1.034469
-1.432748 7.134013 0.580117
-1.165201 6.930244 -0.143442
-1.415919 7.139328 0.542887
-1.462077 7.152310 0.676615
-1.249632 7.081262 0.078615
-1.246931 7.072995 0.110285
-1.305324 7.062681 0.264968
-1.499819 7.165925 0.753874
-1.449071 7.144250 0.617868
-1.620930 7.372242 1.015864
-1.286903 7.058405 0.197631
-1.272613 7.095104 0.157233
-1.412521 7.249442 0.510083
-1.334076 7.107049 0.333101
-1.280944 7.134196 0.176669
-1.647075 7.385110 1.094559
-1.198246 7.033453 -0.032348
-1.448230 7.269719 0.590240
-1.266486 7.157823 0.108242
-1.166248 7.080484 -0.128736
-1.410426 7.309020 0.473682
-1.444754 7.272480 0.571397
-1.584915 7.414686 0.941621
-1.631335 7.416922 1.040062
-1.472494 7.284683 0.669012
-1.432912 7.290664 0.528287
-1.255477 7.237076 0.042338
-1.312947 7.203072 0.238289
-1.510802 7.294074 0.749072
-1.256149 7.235545 0.071692
-1.460266 7.279150 0.613570
-1.295779 7.200807 0.173033
-1.285941 7.253681 0.124345
-1.346095 7.249390 0.308128
-1.425611 7.411468 0.492709
-1.288562 7.289646 0.144475
-1.196832 7.165020 -0.066186
-1.274021 7.316019 0.074863
-1.316411 7.347305 0.213226
-1.255807 7.397426 0.006852
-1.257336 7.396633 0.037856
-1.306897 7.357385 0.145785
-1.292166 7.409734 0.096213
-1.353956 7.395575 0.284772
-1.198447 7.315251 -0.107497
-1.604162 6.607968 1.153674
-1.647604 6.726395 1.161011
-1.474554 6.622807 0.662384
-1.609879 6.765971 0.993616
-1.468111 6.697413 0.660274
-1.611411 6.843678 0.993247
-1.342897 6.654003 0.281774
-1.310695 6.631342 0.262790
-1.488798 6.808749 0.650937
-1.464531 6.789289 0.594488
-1.614595 6.926574 0.994425
-1.212180 6.623199 -0.044887
-1.353600 6.761933 0.260863
-1.324699 6.739855 0.233778
-1.461621 6.873115 0.586117
-1.497506 6.910998 0.646045
-1.501283 6.900979 0.766469
-1.627294 7.025909 0.995008
-1.215550 6.729062 -0.076932
-1.594557 6.575512 1.105846
-1.345731 6.849804 0.249424
-1.328871 6.842098 0.210417
-1.471788 6.979001 0.572601
-1.508325 7.020569 0.640209
-1.635147 7.121138 0.996404
-1.502910 6.994624 0.766943
-1.557938 6.577160 0.921919
-1.200493 6.768290 -0.101577
-1.218804 6.841301 -0.109541
-1.607951 6.659791 1.109667
-1.345274 6.952139 0.233309
-1.318882 6.929795 0.194041
-1.471303 7.076023 0.563966
-1.648078 7.230008 0.998395
-1.511598 7.124755 0.637197
-1.519282 7.113711 0.764677
-1.549934 6.641150 0.920857
-1.199409 6.878510 -0.138316
-1.465345 6.604927 0.635476
-1.220594 6.961509 -0.144011
-1.355230 7.076997 0.210750
-1.626927 6.755335 1.113745
-1.326814 7.049906 0.166248
-1.480372 7.191223 0.551429
-1.525481 7.224266 0.765662
-1.569934 6.739949 0.915490
-1.202181 7.002026 -0.179784
-1.578996 6.620411 1.064062
-1.481849 6.693366 0.736087
-1.456756 6.677625 0.631742
-1.218772 7.081502 -0.176508
-1.531043 6.615815 0.851036
-1.406662 6.634218 0.551200
-1.331097 7.173420 0.138700
-1.362857 7.206378 0.188440
-1.634886 6.841557 1.119440
-1.491442 7.319230 0.537805
-1.538059 7.351385 0.766386
-1.573165 6.824604 0.913360
-1.460858 6.589109 0.712800
-1.615151 6.732294 1.064863
-1.454943 6.596270 0.609546
-1.479784 6.774441 0.733523
-1.487189 6.800702 0.616623
-1.324093 6.653618 0.261187
-1.569492 6.602706 1.007752
-1.550595 6.716936 0.843558
-1.432821 6.753416 0.530364
-1.337435 7.309677 0.107620
-1.645801 6.935893 1.125821
-1.588149 6.925736 0.910688
-1.465503 6.674779 0.705780
-1.609159 6.804637 1.067318
-1.452959 6.679042 0.601221
-1.482880 6.866386 0.730402
-1.488089 6.893445 0.610574
-1.341472 6.771554 0.233248
-1.429484 6.838662 0.520326
-1.603033 6.715904 1.004372
-1.550740 6.801669 0.839315
-1.450781 6.580970 0.671759
-1.655313 7.032774 1.132927
-1.177271 6.641748 -0.069960
-1.593837 7.020873 0.909588
-1.297853 6.777635 0.156091
-1.467414 6.762779 0.699052
-1.622337 6.901670 1.070010
-1.660686 6.817381 1.115429
-1.471548 6.790212 0.586945
-1.310057 6.667092 0.235030
-1.494654 6.973977 0.725053
-1.337575 6.868158 0.216796
-1.433467 6.942052 0.506330
-1.588286 6.780729 1.005182
-1.555159 6.895639 0.835760
-1.668625 7.138557 1.142354
-1.447497 6.661720 0.663864
-1.436114 6.670853 0.562476
-1.202320 6.783666 -0.124448
-1.415903 6.809700 0.454425
-1.602472 7.125028 0.908745
-1.294044 6.875921 0.133887
-1.190352 6.625860 -0.102057
-1.468343 6.853720 0.693867
-1.277147 6.708822 0.104530
-1.631906 6.998492 1.074671
-1.521647 6.778547 0.762674
-1.475116 6.887850 0.577163
-1.662904 6.905044 1.117281
-1.353706 6.628179 0.423567
-1.303349 6.602212 0.214746
-1.326076 6.788427 0.204936
-1.498378 7.078566 0.722866
-1.501794 7.113078 0.595462
-1.442200 7.055006 0.491394
-1.337959 6.978455 0.196430
-1.595834 6.871915 1.005035
-1.557754 6.991760 0.832117
-1.452506 6.754107 0.654651
-1.454742 6.783770 0.544893
-1.204653 6.904156 -0.162984
-1.611830 7.237253 0.908538
-1.411103 6.902925 0.442526
-1.289671 6.982905 0.109008
-1.192883 6.737208 -0.141184
-1.477054 6.959579 0.687268
-1.637849 7.096916 1.080438
-1.272463 6.809043 0.079398
-1.235134 6.619582 0.064023
-1.526084 6.876077 0.754950
-1.667667 6.999523 1.119434
-1.386435 6.766427 0.391381
-1.308871 6.709160 0.187219
-1.326130 6.894662 0.183030
-1.500277 7.185303 0.720591
-1.445088 7.167708 0.478380
-1.507156 7.229108 0.589360
-1.339146 7.094046 0.175550
-1.605845 6.972691 1.006341
-1.574211 7.111688 0.826976
-1.456505 6.852148 0.645685
-1.456958 6.883906 0.533386
-1.628063 7.364566 0.907302
-1.411914 7.010060 0.427147
-1.298398 7.115490 0.074813
-1.188201 6.846342 -0.175511
-1.483455 7.068158 0.681780
-1.646740 7.204355 1.086462
-1.271657 6.920753 0.050400
-1.478354 7.096644 0.560457
-1.245975 6.741679 0.023996
-1.168052 6.675862 -0.156263
-1.525099 6.973752 0.749962
-1.379866 6.860855 0.377372
-1.310791 6.814991 0.162098
-1.516848 7.320246 0.716729
-1.455721 7.298938 0.462228
-1.326061 7.008179 0.160130
-1.351127 7.237066 0.146889
-1.609681 7.069145 1.008030
-1.582692 7.226742 0.823415
-1.460402 6.955662 0.636587
-1.302588 7.249846 0.042113
-1.419161 7.133699 0.409060
-1.668134 7.333632 1.093866
-1.483179 7.174795 0.677011
-1.274693 7.047566 0.015811
-1.494225 7.231529 0.547185
-1.242097 6.851667 -0.006254
-1.542383 7.101644 0.740559
-1.381105 6.972852 0.358208
-1.311250 6.928791 0.135117
-1.328965 7.133358 0.133747
-1.621230 7.182384 1.009888
-1.601001 7.365005 0.819504
-1.464205 7.063745 0.627789
-1.465898 7.108308 0.507443
-1.309239 7.399143 0.005838
-1.432414 7.274346 0.387018
-1.498464 7.311267 0.669409
-1.275812 7.180201 -0.018141
-1.240778 6.972021 -0.040371
-1.544244 7.213804 0.735699
-1.382627 7.094331 0.338005
-1.315104 7.054647 0.105471
-1.341758 7.286139 0.099967
-1.640923 7.311892 1.013167
-1.471754 7.186152 0.618725
-1.277652 7.326262 -0.056485
-1.560754 7.356881 0.727956
-1.239282 7.105077 -0.078067
-1.404644 7.252318 0.307973
-1.320110 7.193421 0.072679
-1.484029 7.320827 0.607429
-1.246034 7.259634 -0.124268
-1.408446 7.396977 0.285221
-1.243737 7.415040 -0.166190
-1.489170 6.733477 0.728742
-1.499541 6.640686 0.860460
-1.505847 6.824937 0.903073
-1.487360 6.821240 0.797098
-1.211337 6.589412 0.121265
-1.343958 6.720022 0.349409
-1.589100 6.743986 1.106580
-1.194995 6.622887 0.031407
-1.347477 6.760388 0.421397
-1.610591 6.660520 1.167004
-1.490196 6.707287 0.861714
-1.106690 6.575593 -0.163001
-1.486326 6.900243 0.793913
-1.505104 6.907334 0.906701
-1.220452 6.694181 0.088615
-1.333550 6.800178 0.341950
-1.593798 6.824389 1.108321
-1.454373 6.716479 0.732471
-1.316835 6.609709 0.347617
-1.200031 6.728079 0.001950
-1.339813 6.840787 0.409888
-1.485024 6.619326 0.825866
-1.603977 6.723966 1.170875
-1.496122 6.795105 0.860325
-1.492174 6.994322 0.789425
-1.108776 6.679548 -0.203891
-1.525656 7.021719 0.908987
-1.218045 6.790353 0.061449
-1.337583 6.901529 0.327343
-1.597126 6.905555 1.111652
-1.407055 6.575307 0.685011
-1.563685 6.722018 1.026070
-1.194951 6.576773 0.013995
-1.451573 6.795764 0.727613
-1.333312 6.721188 0.323799
-1.345677 6.943460 0.391171
-1.196175 6.827813 -0.022519
-1.322955 6.719997 0.362094
-1.597429 6.640447 1.101313
-1.494926 7.086731 0.786189
-1.474831 6.686008 0.825066
-1.497636 6.880131 0.860213
-1.532167 7.123260 0.912802
-1.216462 6.891807 0.033688
-1.602621 6.991323 1.115254
-1.342411 7.010850 0.310810
-1.569699 6.806219 1.026467
-1.429789 6.683186 0.669609
-1.201840 6.683293 -0.019562
-1.483115 6.565053 0.952154
-1.455751 6.887317 0.720347
-1.292127 6.567769 0.332504
-1.331296 6.813647 0.309465
-1.344888 7.042496 0.376607
-1.204551 6.952176 -0.058373
-1.318364 6.808322 0.346252
-1.300313 6.611626 0.325981
-1.503661 7.196175 0.781166
-1.581631 6.697721 1.102035
-1.449547 6.578821 0.784770
-1.191308 6.719728 0.011109
-1.474271 6.765411 0.822705
-1.502558 6.974568 0.861027
-1.540372 7.229990 0.918094
-1.212575 6.997790 0.006142
-1.608463 7.082961 1.119463
-1.342274 7.121659 0.297431
-1.432712 6.771736 0.660814
-1.571267 6.890325 1.026815
-1.465522 6.991022 0.712702
-1.187926 6.769179 -0.037894
-1.526892 6.690250 0.944159
-1.303451 6.671064 0.308138
-1.323063 6.902795 0.297630
-1.353593 7.164127 0.355584
-1.203583 7.069874 -0.087149
-1.313690 6.901226 0.330645
-1.514962 7.311533 0.776775
-1.315972 6.723171 0.300133
-1.589019 6.780344 1.103753
-1.187987 6.820561 -0.017863
-1.462649 6.672349 0.776747
-1.484557 6.863251 0.818972
-1.169133 6.597745 -0.009744
-1.514379 7.083178 0.860987
-1.211237 7.114079 -0.025440
-1.301142 6.549958 0.302259
-1.624212 7.193311 1.125135
-1.356459 7.260929 0.275801
-1.411336 6.662171 0.599834
-1.467333 7.089886 0.706769
-1.178788 6.653611 -0.041639
-1.435544 6.865760 0.651810
-1.579755 6.986812 1.027197
-1.188455 6.882345 -0.071375
-1.295801 6.756752 0.291543
-1.533752 6.780552 0.941074
-1.358698 7.286478 0.336122
-1.327867 7.016600 0.278899
-1.202953 7.196043 -0.119103
-1.315939 7.009101 0.311294
-1.313501 6.818819 0.283227
-1.596318 6.868440 1.105261
-1.188063 6.936007 -0.053478
-1.485572 6.954232 0.817420
-1.180418 6.715016 -0.050992
-1.463841 6.756775 0.770953
-1.520394 7.190672 0.863363
-1.213225 7.247766 -0.062550
-1.644662 7.315095 1.131253
-1.283889 6.619431 0.291467
-1.465545 7.189472 0.702398
-1.587293 7.085362 1.029534
-1.409377 6.750243 0.590174
-1.190188 7.003895 -0.105975
-1.169325 6.747468 -0.068789
-1.435647 6.963017 0.642647
-1.298573 6.863065 0.268990
-1.533540 6.866728 0.938871
-1.332142 7.136365 0.258710
-1.324189 7.133924 0.287698
-1.318419 6.929748 0.260938
-1.181480 7.046036 -0.084065
-1.606613 6.962861 1.108207
-1.494797 7.061402 0.814546
-1.465380 6.846185 0.766203
-1.175724 6.820123 -0.082593
-1.306973 6.747070 0.257346
-1.273580 6.713589 0.231190
-1.591224 7.185532 1.032988
-1.189182 7.129572 -0.141174
-1.441352 7.071529 0.633543
-1.170336 6.863544 -0.107677
-1.405592 6.841365 0.579968
-1.299042 6.973013 0.247087
-1.345442 7.279308 0.233262
-1.538459 6.964752 0.937921
-1.176856 6.675498 -0.079733
-1.324883 7.256105 0.265738
-1.183506 7.180537 -0.124056
-1.310949 7.029574 0.245855
-1.148417 6.676044 -0.123092
-1.613312 7.058003 1.112714
-1.504361 7.174448 0.812273
-1.472987 6.947161 0.759871
-1.174889 6.937553 -0.118695
-1.303630 6.844600 0.237506
-1.271965 6.817044 0.207466
-1.192814 7.274662 -0.182367
-1.610709 7.314677 1.035955
-1.442142 7.179644 0.626026
-1.165050 6.979997 -0.143395
-1.407875 6.944053 0.568183
-1.296794 7.085297 0.225470
-1.548567 7.072728 0.936669
-1.163845 6.769099 -0.107321
-1.320878 7.163102 0.219506
-1.616394 7.155663 1.117893
-1.506402 7.282163 0.812967
-1.482649 7.058231 0.753593
-1.180072 7.073625 -0.162374
-1.303674 6.955046 0.214360
-1.271557 6.928885 0.182624
-1.407848 7.051277 0.556603
-1.304038 7.221066 0.196957
-1.562050 7.191916 0.935446
-1.165700 6.891278 -0.149691
-1.331501 7.309189 0.191460
-1.632930 7.274085 1.124103
-1.482160 7.160833 0.750773
-1.175868 7.206627 -0.200748
-1.308416 7.080421 0.187441
-1.268839 7.045262 0.157991
-1.415122 7.175765 0.543650
-1.167391 7.025210 -0.195371
-1.492910 7.285853 0.745619
-1.310838 7.211226 0.160287
-1.269500 7.175446 0.129610
-1.504886 6.566782 0.898050
-1.474294 6.560790 0.820080
-1.483302 6.618492 0.738324
-1.502868 6.632330 0.900185
-1.487455 6.641350 0.814166
-1.483049 6.692762 0.737820
-1.522678 6.726763 0.900101
-1.508187 6.733597 0.807197
-1.338203 6.601449 0.384973
-1.249248 6.537064 0.151758
-1.583162 6.635247 1.103281
-1.473148 6.559704 0.751010
-1.217708 6.544919 0.070204
-1.350313 6.654646 0.456877
-1.490985 6.602154 0.865647
-1.525987 6.804953 0.903198
-1.507507 6.805595 0.804300
-1.343295 6.689900 0.372329
-1.617710 6.737237 1.105115
-1.203168 6.612749 0.060831
-1.367022 6.754284 0.437485
-1.620656 6.627997 1.080857
-1.521237 6.556883 0.954562
-1.606406 6.592104 1.041159
-1.610545 6.682055 1.086673
-1.545904 6.638394 0.951496
-1.596746 6.647406 1.044910
-1.397953 6.547650 0.642556
-1.579970 6.622178 1.006692
-1.622649 6.758283 1.093179
-1.552954 6.706858 0.950808
-1.625577 6.682786 1.151171
-1.466385 6.556500 0.827752
-1.567674 6.604076 0.957719
-1.596585 6.711136 1.048035
-1.394219 6.612031 0.639970
-1.288480 6.547835 0.292281
-1.587516 6.694725 1.007575
-1.595892 6.655056 1.066966
-1.521183 6.684058 0.881656
-1.411018 6.655795 0.596688
-1.559116 6.776425 0.950103
-1.635685 6.837972 1.100022
-1.400654 6.610871 0.613449
-1.288128 6.588547 0.298594
-1.501082 6.656791 0.817769
-1.569313 6.670989 0.955878
-1.607792 6.789340 1.051650
-1.426735 6.716856 0.627875
-1.343571 6.552762 0.499296
-1.398185 6.611677 0.588593
-1.591451 6.765310 1.008917
-1.407279 6.721923 0.590794
-1.528742 6.759252 0.878807
-1.255419 6.554970 0.234915
-1.179241 6.562409 0.005863
-1.600733 6.728192 1.066633
-1.560352 6.845737 0.951066
-1.643334 6.917031 1.107727
-1.279037 6.594220 0.279031
-1.416873 6.700970 0.602531
-1.301648 6.679953 0.278680
-1.500986 6.728636 0.814624
-1.164312 6.526217 -0.008510
-1.567815 6.738138 0.954457
-1.620388 6.871375 1.056410
-1.391732 6.700184 0.529242
-1.385280 6.605986 0.556578
-1.423527 6.788900 0.625144
-1.288321 6.699163 0.260108
-1.368819 6.653524 0.478335
-1.423047 6.812523 0.578632
-1.397653 6.684893 0.581337
-1.225468 6.557211 0.179215
-1.594070 6.838491 1.011035
-1.526824 6.827854 0.878168
-1.268002 6.646451 0.208062
-1.182817 6.649378 -0.023715
-1.475502 6.704351 0.745023
-1.569745 6.924214 0.950585
-1.145566 6.556209 -0.056203
-1.607422 6.805534 1.068252
-1.254770 6.539781 0.248721
-1.261468 6.598582 0.263626
-1.185691 6.668819 -0.031806
-1.293470 6.688143 0.257431
-1.295758 6.753346 0.269402
-1.415463 6.774417 0.598128
-1.504079 6.805718 0.810952
-1.157513 6.601446 -0.028021
-1.574963 6.816695 0.954003
-1.390760 6.774816 0.520321
-1.628954 6.953854 1.062001
-1.385197 6.680437 0.547253
-1.286017 6.776225 0.244613
-1.420811 6.864073 0.624391
-1.367418 6.730517 0.467340
-1.424347 6.889868 0.570867
-1.145999 6.527997 -0.060582
-1.403497 6.767688 0.573460
-1.531288 6.906950 0.876487
-1.179640 6.731029 -0.048269
-1.574204 7.001521 0.952193
-1.602157 6.919641 1.013791
-1.243077 6.660758 0.145183
-1.264362 6.724260 0.191750
-1.157306 6.657679 -0.097110
-1.471832 6.777872 0.740641
-1.610515 6.882736 1.069481
-1.250206 6.615965 0.231226
-1.285424 6.707224 0.233546
-1.341856 6.690808 0.409818
-1.176248 6.746500 -0.048491
-1.287151 6.764799 0.245649
-1.294912 6.837972 0.258261
-1.416822 6.855503 0.593572
-1.510834 6.890229 0.806714
-1.166119 6.699603 -0.061913
-1.389373 6.852739 0.511340
-1.641165 7.041940 1.067872
-1.584872 6.901979 0.953819
-1.291004 6.867161 0.223520
-1.160140 6.661360 -0.075514
-1.393768 6.768978 0.535176
-1.425384 6.951347 0.621336
-1.099382 6.563763 -0.205348
-1.369230 6.815473 0.454548
-1.427969 6.975386 0.561718
-1.585502 7.089690 0.953566
-1.183306 6.827086 -0.079652
-1.537150 6.990787 0.875525
-1.407110 6.852325 0.564742
-1.614354 7.007684 1.017212
-1.137418 6.607184 -0.085869
-1.259868 6.806806 0.173724
-1.244455 6.749718 0.122112
-1.156894 6.748699 -0.127561
-1.221373 6.688403 0.070631
-1.475908 6.863869 0.734764
-1.267852 6.721410 0.201238
-1.277305 6.784242 0.220131
-1.178165 6.843052 -0.074155
-1.624096 6.976432 1.070765
-1.345493 6.779900 0.394086
-1.281783 6.846728 0.233353
-1.296363 6.929811 0.243706
-1.417758 6.938968 0.589377
-1.512187 6.972281 0.804179
-1.393021 6.940984 0.500919
-1.171624 6.799839 -0.093787
-1.649802 7.130839 1.075380
-1.590744 6.986792 0.954887
-1.291517 6.957289 0.205321
-1.439068 7.053073 0.616333
-1.159298 6.753871 -0.105172
-1.390599 6.848232 0.526592
-1.431641 7.065474 0.552892
-1.095820 6.654943 -0.240270
-1.375618 6.910375 0.439506
-1.589120 7.172674 0.955479
-1.552580 7.089452 0.873424
-1.186136 6.929688 -0.113599
-1.404882 6.934174 0.559369
-1.626178 7.102704 1.021330
-1.262640 6.900491 0.151367
-1.237739 6.834105 0.103246
-1.148785 6.716487 -0.128956
-1.148389 6.835145 -0.153807
-1.183280 6.947513 -0.104068
-1.271500 6.868518 0.205752
-1.479566 6.953154 0.728824
-1.637702 7.071966 1.073639
-1.212875 6.774075 0.049719
-1.265205 6.809955 0.181871
-1.346933 6.872691 0.379115
-1.299221 7.027292 0.229446
-1.281890 6.939304 0.217974
-1.421014 7.030603 0.583797
-1.394889 7.030530 0.490887
-1.524945 7.073341 0.800015
-1.672564 7.240029 1.084077
-1.166339 6.893393 -0.118953
-1.290267 7.050536 0.186664
-1.600740 7.080315 0.955772
-1.442372 7.147509 0.614355
-1.434895 7.158854 0.543987
-1.153098 6.846692 -0.131968
-1.392934 6.940005 0.516510
-1.379799 7.008070 0.425631
-1.555807 7.178470 0.873991
-1.178606 7.023258 -0.138777
-1.266393 7.003086 0.126785
-1.635310 7.197422 1.027075
-1.407693 7.027257 0.552113
-1.238328 6.934183 0.077914
-1.177602 7.045298 -0.127291
-1.272076 6.965055 0.187011
-1.486913 7.051731 0.723900
-1.632755 7.151897 1.078099
-1.258071 6.896785 0.165800
-1.306220 7.137070 0.210838
-1.217530 6.880024 0.018137
-1.286123 7.042360 0.199093
-1.432478 7.135991 0.577083
-1.350226 6.972367 0.362352
-1.405920 7.140898 0.475923
-1.296780 7.159840 0.162345
-1.535918 7.175706 0.796218
-1.167893 7.001348 -0.150971
-1.616680 7.184907 0.956810
-1.449108 7.271760 0.532234
-1.399837 7.040803 0.504615
-1.377689 7.103502 0.413881
-1.267950 7.109366 0.102976
-1.410553 7.124901 0.545192
-1.244851 7.047038 0.047022
-1.278634 7.078053 0.163467
-1.265941 7.008965 0.138180
-1.299067 7.165842 0.174508
-1.497944 7.160450 0.717151
-1.437659 7.240027 0.572073
-1.215930 6.985565 -0.009717
-1.358585 7.085983 0.342466
-1.412002 7.248256 0.463907
-1.400898 7.138808 0.496062
-1.386976 7.218792 0.397625
-1.273186 7.226650 0.074452
-1.418926 7.235958 0.536364
-1.246024 7.161101 0.018583
-1.286157 7.198127 0.138558
-1.266196 7.119668 0.114299
-1.217109 7.101405 -0.041452
-1.356582 7.192337 0.328068
-1.407029 7.251669 0.483946
-1.217030 7.226174 -0.075386
-1.557850 6.559738 1.038055
-1.553370 6.635509 0.982666
-1.586532 6.712559 1.037531
-1.560550 6.711731 0.985293
-1.365447 6.599556 0.521658
-1.586489 6.778360 1.039307
-1.264693 6.540240 0.181090
-1.549994 6.612150 0.942652
-1.442573 6.688448 0.660633
-1.565951 6.789345 0.990736
-1.595031 6.857445 1.041021
-1.401968 6.719510 0.500263
-1.251674 6.608016 0.173006
-1.445721 6.764727 0.654280
-1.541860 6.672360 0.944223
-1.571824 6.870942 0.995225
-1.388406 6.556524 0.617122
-1.545554 6.689634 0.961180
-1.313595 6.699012 0.304570
-1.150229 6.579771 -0.124939
-1.596828 6.931096 1.042934
-1.401124 6.801714 0.494525
-1.266620 6.713123 0.146027
-1.516082 6.569855 0.909045
-1.447992 6.843905 0.647013
-1.363084 6.596738 0.496043
-1.545459 6.748416 0.946457
-1.576818 6.954623 1.001687
-1.498631 6.570927 0.897176
-1.419035 6.664558 0.598602
-1.554990 6.769338 0.959605
-1.282649 6.559803 0.273957
-1.312755 6.782656 0.288162
-1.190799 6.693898 -0.014998
-1.233650 6.531394 0.172053
-1.603608 7.014262 1.046145
-1.398956 6.886512 0.489518
-1.450759 6.930757 0.639479
-1.263570 6.801376 0.129870
-1.531366 6.655124 0.905227
-1.396459 6.715035 0.473488
-1.553571 6.830806 0.948059
-1.588592 7.049201 1.007765
-1.557695 6.845496 0.959797
-1.416801 6.739208 0.591090
-1.526976 6.670256 0.890404
-1.292155 6.653383 0.250656
-1.312853 6.873374 0.270284
-1.197685 6.798601 -0.049713
-1.247226 6.632644 0.143986
-1.611761 7.102189 1.050009
-1.407174 6.986780 0.479878
-1.453094 7.019993 0.632273
-1.267768 6.904341 0.107476
-1.532264 6.728925 0.905094
-1.392010 6.793389 0.466667
-1.167404 6.622297 -0.062688
-1.562164 6.918165 0.950716
-1.360342 6.604467 0.469241
-1.607615 7.157855 1.015388
-1.417742 6.820910 0.582105
-1.563582 6.929696 0.960524
-1.627754 6.675087 1.166715
-1.527434 6.745466 0.888589
-1.486821 6.561512 0.823999
-1.285027 6.733809 0.234370
-1.314778 6.970051 0.250973
-1.193323 6.892684 -0.076689
-1.627150 7.202304 1.053851
-1.254537 6.733436 0.117171
-1.416338 7.095105 0.470776
-1.458163 7.116873 0.624800
-1.248567 6.568661 0.216917
-1.249974 6.586779 0.128862
-1.271102 7.012085 0.085736
-1.536321 6.807074 0.904809
-1.516836 6.638007 0.857244
-1.613652 6.713658 1.131064
-1.396160 6.887634 0.456017
-1.395893 6.705615 0.532257
-1.172480 6.724551 -0.100173
-1.571236 7.010493 0.954427
-1.622604 7.265128 1.024701
-1.386066 6.715746 0.448168
-1.569937 7.016973 0.960738
-1.422776 6.913145 0.571934
-1.527005 6.821772 0.886739
-1.318087 7.073286 0.231434
-1.283323 6.823059 0.215731
-1.497626 6.646742 0.817740
-1.191713 6.997923 -0.108139
-1.643475 7.308675 1.059110
-1.253309 6.827575 0.097136
-1.467769 7.223769 0.617385
-1.426442 7.210494 0.460204
-1.265320 6.677787 0.184492
-1.259517 6.687469 0.099599
-1.267255 7.115977 0.067410
-1.350649 6.569057 0.490932
-1.539965 6.890403 0.905981
-1.513234 6.708078 0.853981
-1.396277 6.980499 0.447057
-1.623113 6.797155 1.132630
-1.401811 6.796675 0.519675
-1.171286 6.825534 -0.133517
-1.583492 7.110855 0.958674
-1.118682 6.585344 -0.178973
-1.577683 7.111803 0.962732
-1.379828 6.794427 0.439708
-1.420185 7.002042 0.563933
-1.320992 7.183403 0.210025
-1.534715 6.911866 0.883586
-1.193761 7.115906 -0.145345
-1.287974 6.927229 0.191258
-1.348614 6.607465 0.434853
-1.495849 6.722794 0.813042
-1.150825 6.643464 -0.144269
-1.255722 6.931763 0.072665
-1.276542 7.245600 0.040414
-1.265881 6.772341 0.160767
-1.242959 6.762272 0.087610
-1.373217 6.676888 0.469579
-1.548589 6.983156 0.906004
-1.516855 6.788543 0.851576
-1.399137 7.082807 0.436951
-1.164261 6.923748 -0.163488
-1.595335 7.216389 0.964378
-1.624038 6.874729 1.135641
-1.400108 6.885296 0.508823
-1.586347 7.210097 0.965016
-1.115667 6.682086 -0.214209
-1.429347 7.110280 0.552388
-1.374517 6.878381 0.430657
-1.292655 7.035969 0.167037
-1.534800 6.998622 0.882603
-1.370742 6.716695 0.411818
-1.226672 6.601603 0.097753
-1.496799 6.805593 0.808517
-1.260001 7.048300 0.046130
-1.117009 6.549206 -0.181360
-1.114846 6.564585 -0.213757
-1.261975 6.867914 0.139056
-1.243108 6.862808 0.062454
-1.560857 7.086136 0.906487
-1.371044 6.762348 0.456796
-1.525463 6.879336 0.847584
-1.410620 7.204685 0.423706
-1.406106 6.989110 0.494986
-1.634897 6.966663 1.138551
-1.441253 7.227956 0.539698
-1.382772 6.985769 0.415060
-1.284744 7.133910 0.150154
-1.549327 7.105175 0.881326
-1.132215 6.827205 -0.202944
-1.369035 6.805238 0.398520
-1.232648 6.704835 0.066778
-1.503635 6.899501 0.804011
-1.266118 7.172591 0.017285
-1.237649 6.713966 0.108122
-1.104530 6.634942 -0.209663
-1.272523 6.985717 0.108389
-1.250079 6.981351 0.030948
-1.570897 7.190109 0.908985
-1.529138 6.968055 0.846123
-1.368006 6.852593 0.444668
-1.409424 7.093524 0.482360
-1.386096 7.091081 0.401994
-1.559837 7.213049 0.880420
-1.365552 6.895982 0.385151
-1.232338 6.804004 0.038813
-1.505094 6.991844 0.800794
-1.236452 6.814332 0.082569
-1.269601 7.095626 0.084143
-1.580524 7.299253 0.912939
-1.248966 7.094445 0.004138
-1.538710 7.069681 0.843801
-1.417757 7.212846 0.468396
-1.369514 6.954571 0.429270
-1.400756 7.220828 0.384392
-1.368407 6.999033 0.369706
-1.232525 6.911741 0.010136
-1.518752 7.103925 0.794829
-1.235735 6.920477 0.055176
-1.272146 7.222463 0.053585
-1.249262 7.219502 -0.025538
-1.551911 7.180637 0.842381
-1.375111 7.067984 0.412250
-1.369952 7.108284 0.353261
-1.234569 7.030845 -0.022585
-1.536058 7.228121 0.790921
-1.237335 7.040179 0.023661
-1.558389 7.289847 0.841867
-1.385262 7.194108 0.393986
-1.387334 7.246420 0.330078
-1.233958 7.155049 -0.056293
-1.238081 7.166455 -0.008077
-1.461162 6.558606 0.767159
-1.603041 6.696611 1.083232
-1.421271 6.568289 0.723050
-1.476401 6.637041 0.757251
-1.609219 6.766060 1.082375
-1.414532 6.626184 0.718561
-1.318276 6.564189 0.449568
-1.469665 6.696749 0.751922
-1.609123 6.831315 1.081936
-1.316064 6.597013 0.398882
-1.449495 6.727909 0.704400
-1.340376 6.657012 0.425618
-1.469197 6.767956 0.745260
-1.621540 6.912282 1.082197
-1.310299 6.663757 0.387323
-1.444072 6.795149 0.701019
-1.343143 6.735198 0.410294
-1.475446 6.846432 0.737733
-1.622751 6.985059 1.083709
-1.193817 6.645928 0.082020
-1.315763 6.746857 0.370726
-1.448079 6.872717 0.693893
-1.220071 6.697023 0.094593
-1.092600 6.606669 -0.178787
-1.340965 6.813056 0.396570
-1.481686 6.930397 0.730130
-1.631564 7.067684 1.085144
-1.197615 6.733790 0.054303
-1.315370 6.827089 0.357390
-1.447575 6.949424 0.689603
-1.212609 6.774965 0.073869
-1.095632 6.699106 -0.218020
-1.345977 6.901250 0.379083
-1.483878 7.013836 0.723730
-1.103083 6.720228 -0.203549
-1.643932 7.159648 1.087706
-1.309144 6.903503 0.345285
-1.200967 6.826756 0.025695
-1.445269 7.027415 0.685690
-1.220464 6.875181 0.041930
-1.345144 6.989308 0.363594
-1.493673 7.107116 0.717251
-1.317284 7.002468 0.327263
-1.202064 6.922482 -0.001745
-1.452366 7.122184 0.679987
-1.220219 6.970716 0.014073
-1.352389 7.091182 0.344709
-1.499432 7.203510 0.710292
-1.323188 7.103240 0.308380
-1.198211 7.016963 -0.027167
-1.216384 7.070649 -0.013873
-1.354695 7.194540 0.326582
-1.197076 7.122705 -0.056809
-1.219752 7.183634 -0.046847
-1.569256 6.604498 1.122065
-1.465060 6.549506 0.850805
-1.606040 6.693387 1.120391
-1.422276 6.545627 0.787315
-1.522029 6.637086 1.034418
-1.407091 6.570943 0.717781
-1.468753 6.627330 0.905910
-1.605924 6.753500 1.118481
-1.425332 6.595696 0.763917
-1.427083 6.610689 0.784187
-1.361071 6.556928 0.587384
-1.549473 6.724605 1.029751
-1.333271 6.563846 0.532972
-1.294738 6.531518 0.420459
-1.502965 6.714810 0.898891
-1.406605 6.635188 0.710494
-1.398741 6.630087 0.727992
-1.608422 6.819499 1.117357
-1.414098 6.648428 0.762725
-1.434548 6.681599 0.779396
-1.363347 6.620564 0.576466
-1.558204 6.799397 1.026167
-1.313661 6.592741 0.459233
-1.259634 6.546929 0.291507
-1.313008 6.594550 0.444092
-1.470262 6.735916 0.834442
-1.493100 6.765863 0.896517
-1.236461 6.544610 0.234002
-1.334213 6.629107 0.520786
-1.209818 6.527419 0.177845
-1.300624 6.606257 0.402517
-1.399880 6.695185 0.703566
-1.424983 6.724570 0.712185
-1.401524 6.701869 0.760685
-1.195935 6.534692 0.122003
-1.197345 6.542117 0.114178
-1.208193 6.552265 0.155063
-1.425928 6.739298 0.779409
-1.555794 6.865898 1.023730
-1.320792 6.667731 0.446616
-1.306771 6.655783 0.435105
-1.468816 6.800359 0.829995
-1.499223 6.833818 0.892554
-1.128070 6.520364 -0.063883
-1.343617 6.705890 0.504917
-1.213522 6.602089 0.157409
-1.300656 6.679895 0.386943
-1.426980 6.791316 0.688973
-1.433915 6.799719 0.749831
-1.427097 6.801064 0.702745
-1.167238 6.584810 0.020083
-1.194777 6.609841 0.097807
-1.370506 6.758247 0.553313
-1.196206 6.613238 0.143119
-1.436004 6.816070 0.775400
-1.140211 6.570849 -0.041023
-1.115846 6.563658 -0.104211
-1.083110 6.534828 -0.164003
-1.305564 6.722576 0.442870
-1.555997 6.938277 1.022078
-1.294677 6.716835 0.428067
-1.478023 6.879101 0.823090
-1.511957 6.912791 0.888562
-1.120647 6.589472 -0.084437
-1.345834 6.779555 0.491827
-1.086526 6.565230 -0.170035
-1.301041 6.746663 0.380438
-1.201488 6.663999 0.147494
-1.306055 6.761546 0.367270
-1.405453 6.842878 0.687625
-1.440414 6.878101 0.744518
-1.370919 6.826806 0.543523
-1.148592 6.639326 0.008514
-1.431397 6.883050 0.693270
-1.181492 6.675130 0.080886
-1.191389 6.684592 0.125034
-1.436227 6.886603 0.774575
-1.126979 6.635184 -0.059978
-1.252367 6.750453 0.240777
-1.316206 6.807797 0.428545
-1.067688 6.602764 -0.187125
-1.483188 6.953631 0.819028
-1.310261 6.807883 0.409665
-1.564146 7.021863 1.020821
-1.512217 6.981458 0.886128
-1.117260 6.664577 -0.108679
-1.346240 6.854487 0.479099
-1.227425 6.757576 0.177406
-1.072439 6.630616 -0.191473
-1.213216 6.754345 0.120454
-1.303248 6.831248 0.362310
-1.293953 6.828041 0.357710
-1.416890 6.930717 0.676554
-1.437063 6.948421 0.743229
-1.077665 6.656076 -0.196192
-1.369517 6.898460 0.533257
-1.153748 6.724980 -0.023887
-1.432982 6.964664 0.685387
-1.445770 6.970325 0.771285
-1.197311 6.771990 0.098753
-1.187024 6.766670 0.049238
-1.133511 6.725548 -0.096502
-1.252439 6.827650 0.221063
-1.175404 6.766261 0.048242
-1.312527 6.880383 0.420269
-1.515997 7.055815 0.884087
-1.481633 7.027216 0.815278
-1.311952 6.889410 0.396873
-1.570909 7.108006 1.020325
-1.347495 6.935632 0.465489
-1.227966 6.840579 0.153543
-1.199365 6.819331 0.110057
-1.305875 6.921660 0.342479
-1.377007 6.982007 0.520124
-1.295252 6.913701 0.339549
-1.414906 7.008471 0.669882
-1.439034 7.027702 0.739870
-1.148542 6.801347 -0.047768
-1.449456 7.052035 0.770783
-1.197809 6.857750 0.076077
-1.434987 7.051196 0.676221
-1.132858 6.812788 -0.130248
-1.177291 6.844882 0.026898
-1.252934 6.908854 0.200488
-1.520202 7.132358 0.882022
-1.311935 6.960099 0.410727
-1.182257 6.867081 0.012821
-1.488925 7.113642 0.810692
-1.314969 6.974755 0.382826
-1.348272 7.018234 0.452667
-1.227126 6.925225 0.130858
-1.202954 6.909492 0.087374
-1.377306 7.064260 0.508933
-1.303551 7.009867 0.325043
-1.444949 7.115782 0.736464
-1.156822 6.899535 -0.086408
-1.287130 6.992589 0.325810
-1.420433 7.099779 0.661528
-1.197398 6.946408 0.052529
-1.249812 6.989872 0.181895
-1.445836 7.152382 0.665380
-1.176489 6.938590 -0.002437
-1.328267 7.064673 0.392979
-1.178314 6.960052 -0.015740
-1.316127 7.064134 0.370330
-1.349469 7.106664 0.438143
-1.220432 7.007855 0.110960
-1.202496 6.998174 0.066274
-1.375797 7.145045 0.499360
-1.150224 6.984812 -0.112471
-1.291461 7.092675 0.305470
-1.303408 7.107204 0.305892
-1.250246 7.082006 0.158726
-1.194268 7.038336 0.028894
-1.173871 7.037200 -0.033091
-1.179732 7.066489 -0.050920
-1.223095 7.109092 0.083627
-1.206928 7.099070 0.040606
-1.146325 7.079529 -0.144330
-1.254669 7.182892 0.133058
-1.190183 7.134107 0.006416
-1.173906 7.146190 -0.067513
-1.177958 7.176754 -0.084979
-1.485919 6.571629 0.851458
-1.563721 6.586931 1.048784
-1.561883 6.681082 0.973527
-1.430349 6.575853 0.666855
-1.489127 6.632349 0.843840
-1.583457 6.577471 1.111212
-1.592630 6.666356 1.043702
-1.381620 6.566805 0.544285
-1.487144 6.581778 0.881683
-1.572540 6.754507 0.967187
-1.457346 6.565930 0.725834
-1.481135 6.686620 0.838847
-1.449285 6.656700 0.650438
-1.620339 6.659901 1.107955
-1.597029 6.729156 1.040590
-1.377781 6.627974 0.532783
-1.497852 6.649710 0.875413
-1.580966 6.828817 0.960365
-1.465056 6.633961 0.714984
-1.388979 6.569712 0.566196
-1.495860 6.763319 0.830128
-1.505615 6.604790 0.899558
-1.443142 6.718794 0.640904
-1.618979 6.714245 1.105605
-1.256876 6.567506 0.246255
-1.506633 6.568008 0.922170
-1.597446 6.791358 1.036148
-1.397233 6.714613 0.512221
-1.512986 6.724066 0.868780
-1.581761 6.898705 0.955835
-1.468285 6.699221 0.705268
-1.394042 6.639165 0.553617
-1.494475 6.828609 0.825184
-1.493549 6.653955 0.897786
-1.442763 6.790244 0.630188
-1.619798 6.772273 1.104088
-1.393482 6.571666 0.579038
-1.490149 6.596308 0.832720
-1.251383 6.632606 0.228933
-1.193567 6.588690 0.045679
-1.323830 6.707145 0.314180
-1.517263 6.634155 0.919193
-1.278748 6.562897 0.264176
-1.603127 6.860748 1.032990
-1.504926 6.779269 0.865819
-1.382550 6.771558 0.505777
-1.489554 6.688066 0.761641
-1.466136 6.764632 0.695807
-1.579837 6.970047 0.952028
-1.387894 6.699432 0.544923
-1.497518 6.901234 0.819456
-1.524658 6.741601 0.891440
-1.634357 6.843569 1.102794
-1.106104 6.562452 -0.216659
-1.506737 6.666239 0.823736
-1.444153 6.867723 0.618222
-1.398050 6.639861 0.568506
-1.188807 6.546262 -0.008562
-1.269830 6.727090 0.194352
-1.395706 6.579957 0.591316
-1.286063 6.548728 0.278118
-1.494896 6.674870 0.920504
-1.270518 6.624907 0.249678
-1.320954 6.780851 0.296417
-1.207265 6.681790 0.005668
-1.348032 6.697847 0.376755
-1.615409 6.939341 1.030721
-1.150952 6.526767 -0.131926
-1.141015 6.626386 -0.052688
-1.510194 6.849180 0.861416
-1.381340 6.844050 0.492573
-1.487380 6.747097 0.755121
-1.212155 6.592472 0.112418
-1.471986 6.839407 0.685229
-1.596990 7.061805 0.947276
-1.390240 6.770324 0.533067
-1.515199 6.796641 0.890485
-1.512146 6.988891 0.810598
-1.635547 6.907461 1.102032
-1.510792 6.728611 0.817352
-1.394561 6.701432 0.560281
-1.454462 6.957109 0.603499
-1.177092 6.608932 -0.026438
-1.391718 6.639369 0.585556
-1.265215 6.802032 0.174481
-1.282734 6.613879 0.263312
-1.518366 6.756281 0.917292
-1.368346 6.693317 0.433019
-1.285722 6.712313 0.221226
-1.343318 6.766461 0.362275
-1.617045 7.009973 1.027843
-1.319851 6.861496 0.276983
-1.203724 6.761943 -0.022003
-1.509169 6.917605 0.858489
-1.488727 6.813653 0.748198
-1.168001 6.739092 -0.109730
-1.377836 6.919286 0.480496
-1.234809 6.689264 0.070984
-1.473786 6.914526 0.675351
-1.598101 7.141210 0.944271
-1.527547 6.873379 0.886607
-1.642490 6.977972 1.101351
-1.513937 6.790244 0.811769
-1.386713 6.840108 0.523511
-1.507990 7.060196 0.806727
-1.389064 6.683612 0.492613
-1.395501 6.770339 0.551272
-1.298556 6.613011 0.272823
-1.458475 7.044090 0.590671
-1.413256 6.724266 0.570803
-1.288882 6.690343 0.242097
-1.184480 6.695992 -0.062873
-1.526640 6.827918 0.916632
-1.361371 6.755543 0.421418
-1.271424 6.893028 0.146542
-1.274293 6.778150 0.207815
-1.343101 6.841460 0.344983
-1.624793 7.090369 1.027059
-1.199756 6.543892 0.029903
-1.325500 6.953087 0.252699
-1.498568 6.890831 0.738115
-1.205190 6.853377 -0.056211
-1.519233 6.999808 0.854476
-1.385073 7.007877 0.464060
-1.167785 6.828093 -0.146816
-1.229851 6.764703 0.047421
-1.138793 6.585144 -0.072078
-1.253549 6.694721 0.131979
-1.522845 6.861233 0.805007
-1.650284 7.051965 1.101059
-1.482686 7.001010 0.663896
-1.531359 6.946793 0.884982
-1.391681 6.920509 0.510794
-1.166910 6.626743 -0.006045
-1.604912 7.231816 0.941695
-1.514020 7.146369 0.801731
-1.384324 6.745853 0.481078
-1.396876 6.843260 0.541409
-1.283449 6.667756 0.266395
-1.104340 6.594583 -0.214099
-1.459278 7.132171 0.580190
-1.398911 6.778892 0.568896
-1.540249 6.905791 0.915229
-1.362474 6.828921 0.405412
-1.281020 6.757302 0.228775
-1.177777 6.770845 -0.087705
-1.267691 6.978716 0.123701
-1.273677 6.857313 0.187598
-1.351393 6.930718 0.322851
-1.631642 7.172757 1.025816
-1.191113 6.606424 0.014161
-1.498959 6.963047 0.731504
-1.120373 6.734210 -0.210186
-1.523489 7.079043 0.851155
-1.321207 7.039371 0.233513
-1.206185 6.948997 -0.090894
-1.387352 7.096994 0.448704
-1.278584 6.700656 0.191909
-1.228066 6.847240 0.020182
-1.125311 6.569923 -0.189028
-1.158108 6.683438 -0.122203
-1.521039 6.925210 0.799665
-1.249908 6.767624 0.110122
-1.659353 7.130730 1.101561
-1.384491 6.812129 0.468813
-1.482619 7.081057 0.655129
-1.533353 7.019652 0.884538
-1.399754 7.008952 0.496430
-1.185093 6.722584 -0.047183
-1.521820 7.238565 0.795484
-1.618334 7.334344 0.938747
-1.395529 6.916721 0.532688
-1.288619 6.744428 0.248011
-1.399791 6.850554 0.561079
-1.368919 6.910355 0.387822
-1.541323 6.976110 0.916427
-1.465430 7.230123 0.567284
-1.278986 6.831754 0.212665
-1.180648 6.863345 -0.124335
-1.109013 6.605793 -0.178917
-1.263063 7.067303 0.099982
-1.202406 6.692286 -0.017649
-1.652182 7.273894 1.024724
-1.274838 6.944324 0.165290
-1.345743 7.009528 0.306584
-1.505602 7.044047 0.722509
-1.535263 7.170021 0.847081
-1.275348 6.770296 0.172558
-1.332672 7.153028 0.202171
-1.204473 7.048792 -0.126115
-1.393581 7.195819 0.432929
-1.180146 6.692810 -0.052599
-1.107786 6.628718 -0.205794
-1.164668 6.771537 -0.161123
-1.526324 6.998735 0.793587
-1.231282 6.939234 -0.012754
-1.251685 6.849458 0.083822
-1.661702 7.204893 1.103983
-1.388677 6.887180 0.454111
-1.536207 7.096900 0.884074
-1.489657 7.172462 0.644796
-1.400621 7.093354 0.485192
-1.179241 6.800016 -0.071194
-1.406684 7.005935 0.520050
-1.287915 6.818166 0.232777
-1.404684 6.928252 0.552088
-1.371324 6.993039 0.370525
-1.546833 7.052844 0.917275
-1.285545 6.921338 0.188860
-1.175334 6.951111 -0.154587
-1.105537 6.681360 -0.206919
-1.191975 6.759716 -0.034713
-1.510865 7.126685 0.714696
-1.275114 7.034229 0.142120
-1.355349 7.109903 0.282323
-1.267882 7.174501 0.068957
-1.534999 7.251051 0.845262
-1.273885 6.844140 0.152812
-1.532475 7.075732 0.787917
-1.181153 6.771121 -0.081729
-1.332370 7.255366 0.179648
-1.200967 7.150754 -0.161394
-1.677329 7.296504 1.106156
-1.252082 6.933846 0.058269
-1.228573 7.031970 -0.041762
-1.395968 6.968449 0.438603
-1.545677 7.185157 0.883661
-1.500225 7.271368 0.634063
-1.402359 7.183959 0.473086
-1.186113 6.894919 -0.107319
-1.292147 6.902311 0.213876
-1.409305 7.090910 0.510084
-1.416685 7.018221 0.541100
-1.375924 7.082125 0.352800
-1.549624 7.130113 0.919264
-1.282578 7.004172 0.171813
-1.193772 6.844277 -0.062271
-1.517409 7.214999 0.707254
-1.277166 7.131066 0.117276
-1.360427 7.213002 0.259122
-1.275602 6.926906 0.128546
-1.539484 7.158029 0.781791
-1.185838 6.860520 -0.117844
-1.396548 7.047848 0.423747
-1.251596 7.023866 0.030580
-1.225884 7.129239 -0.072875
-1.554673 7.276693 0.883196
-1.184795 6.985999 -0.137498
-1.292323 6.984976 0.196514
-1.409206 7.176423 0.501262
-1.416562 7.098284 0.534798
-1.378302 7.173915 0.333754
-1.560359 7.220416 0.920909
-1.289108 7.102859 0.146259
-1.519478 7.301454 0.700527
-1.196921 6.934480 -0.091903
-1.282345 7.240488 0.088688
-1.274599 7.010209 0.105423
-1.548677 7.244909 0.776079
-1.181416 6.943550 -0.146375
-1.399315 7.132742 0.408886
-1.247478 7.113695 0.004834
-1.225466 7.234692 -0.107702
-1.180768 7.080347 -0.167794
-1.292451 7.073124 0.179084
-1.424462 7.193165 0.524862
-1.383299 7.274306 0.314267
-1.288365 7.199362 0.125430
-1.196865 7.026695 -0.119606
-1.557816 7.335451 0.771138
-1.275859 7.099881 0.079426
-1.180672 7.036753 -0.181463
-1.407013 7.227128 0.390779
-1.251958 7.221378 -0.029878
-1.299337 7.173123 0.156387
-1.191846 7.117613 -0.145389
-1.283399 7.204700 0.048109
-1.187275 7.215267 -0.173284
-1.522222 6.562661 0.930869
-1.516887 6.613111 0.924851
-1.536155 6.569104 0.969456
-1.410215 6.564167 0.634220
-1.527462 6.676084 0.917137
-1.521571 6.575962 0.957917
-1.525049 6.700249 0.890257
-1.534370 6.621626 0.963116
-1.554292 6.566450 1.024629
-1.536623 6.741601 0.910178
-1.415526 6.628110 0.621448
-1.531257 6.636374 0.951836
-1.523133 6.761000 0.882614
-1.429485 6.572759 0.655797
-1.549808 6.688709 0.954687
-1.534101 6.594400 0.974705
-1.417047 6.572368 0.652573
-1.541066 6.607421 1.019706
-1.526326 6.792510 0.905252
-1.391518 6.669279 0.617040
-1.505071 6.672028 0.949860
-1.291927 6.583771 0.338464
-1.403718 6.700660 0.574597
-1.522039 6.824329 0.875795
-1.403749 6.611517 0.650951
-1.207235 6.540315 0.071743
-1.550568 6.747135 0.949190
-1.540838 6.564952 0.993468
-1.521200 6.638517 0.971807
-1.572373 6.683405 1.013694
-1.418338 6.632053 0.642590
-1.554739 6.595567 1.081377
-1.527477 6.854951 0.898919
-1.436598 6.565350 0.707836
-1.412292 6.749911 0.599667
-1.542031 6.758346 0.942284
-1.284822 6.642728 0.324581
-1.407170 6.770406 0.560096
-1.421961 6.577593 0.662343
-1.524884 6.893753 0.867811
-1.308473 6.579604 0.353977
-1.427667 6.692029 0.633257
-1.550823 6.807934 0.944069
-1.545096 6.622754 0.991340
-1.303020 6.579737 0.356674
-1.540042 6.708625 0.967538
-1.569197 6.735724 1.009370
-1.401839 6.678658 0.637944
-1.597547 6.675790 1.077292
-1.531178 6.922389 0.893843
-1.422413 6.611063 0.701218
-1.411726 6.815392 0.587954
-1.540070 6.816366 0.938354
-1.284849 6.709717 0.258554
-1.303582 6.728707 0.294854
-1.212081 6.527439 0.094767
-1.399908 6.833955 0.549027
-1.420545 6.635057 0.654758
-1.081211 6.554494 -0.218810
-1.539997 6.977288 0.859236
-1.299153 6.635787 0.341285
-1.553705 6.872793 0.938173
-1.430239 6.758298 0.620808
-1.533439 6.668927 0.990505
-1.298151 6.638729 0.342860
-1.547331 6.772681 0.964631
-1.571705 6.794732 1.005149
-1.179795 6.657030 0.036683
-1.595714 6.726490 1.074248
-1.423030 6.759672 0.621399
-1.444555 6.686439 0.686792
-1.543174 7.002404 0.887257
-1.538931 6.876966 0.935245
-1.407522 6.881557 0.577770
-1.208763 6.574694 0.081939
-1.309551 6.571394 0.365825
-1.321141 6.583523 0.406478
-1.443285 6.606086 0.756086
-1.295945 6.793674 0.279686
-1.281703 6.781127 0.238144
-1.421382 6.588451 0.672298
-1.197023 6.582411 0.079476
-1.128618 6.526441 -0.137614
-1.418213 6.693598 0.647142
-1.400120 6.907490 0.535635
-1.173186 6.712406 -0.040024
-1.540022 7.050879 0.853187
-1.308557 6.711225 0.317519
-1.592980 6.776439 1.072009
-1.571984 6.852781 1.001288
-1.558312 6.940969 0.932302
-1.426556 6.820263 0.611085
-1.570756 6.754739 0.986621
-1.548844 6.833706 0.962410
-1.317758 6.723647 0.315621
-1.187103 6.739650 0.002180
-1.416638 6.819417 0.614071
-1.230278 6.545417 0.146475
-1.442712 6.745330 0.677556
-1.545287 6.944815 0.931064
-1.544131 7.073074 0.882083
-1.122196 6.559216 -0.140986
-1.086886 6.665015 -0.216872
-1.411704 6.957530 0.564882
-1.202172 6.637634 0.062330
-1.466762 6.680761 0.742522
-1.213553 6.545700 0.103914
-1.309537 6.635410 0.350878
-1.293629 6.866743 0.260518
-1.423029 6.647624 0.666016
-1.274925 6.852304 0.219682
-1.207088 6.660876 0.045497
-1.425584 6.763081 0.636847
-1.406475 6.991714 0.519058
-1.347664 6.595316 0.454398
-1.601206 6.837567 1.069981
-1.171505 6.791245 -0.070658
-1.309273 6.566647 0.375553
-1.573079 6.914325 0.997831
-1.551513 6.797307 0.987655
-1.569006 7.018033 0.926527
-1.421951 6.884218 0.600915
-1.304948 6.779539 0.299987
-1.553396 6.900086 0.959822
-1.540862 7.127956 0.847544
-1.305211 6.781795 0.304873
-1.134360 6.516551 -0.100688
-1.419950 6.890100 0.604065
-1.180021 6.812223 -0.022830
-1.443497 6.808281 0.667546
-1.216557 6.599682 0.132052
-1.552363 7.019833 0.928064
-1.548042 7.150943 0.878157
-1.470721 6.739929 0.733862
-1.422438 7.045485 0.549218
-1.209431 6.717545 0.031529
-1.142051 6.543547 -0.075817
-1.327035 6.714507 0.371016
-1.316177 6.706823 0.332792
-1.193024 6.594423 0.096702
-1.437087 6.719962 0.654659
-1.288579 6.941231 0.242082
-1.278311 6.938420 0.195252
-1.200046 6.727986 0.022985
-1.425375 6.828053 0.628834
-1.607199 6.898649 1.067895
-1.413625 7.082159 0.501637
-1.593045 6.994677 0.994334
-1.314135 6.632940 0.360729
-1.560870 6.865995 0.987633
-1.172005 6.877406 -0.104557
-1.565367 6.974649 0.958193
-1.569472 7.089259 0.922562
-1.429668 6.964090 0.586870
-1.300423 6.848925 0.282426
-1.299306 6.849169 0.290151
-1.546956 7.213152 0.840350
-1.121987 6.575567 -0.119193
-1.419209 6.961082 0.594764
-1.441561 6.870828 0.659102
-1.231498 6.680423 0.098195
-1.189471 6.907622 -0.063093
-1.551950 7.229709 0.873823
-1.557212 7.093888 0.925426
-1.469313 6.797364 0.726294
-1.419847 7.121348 0.538602
-1.325686 6.780113 0.354804
-1.131069 6.603656 -0.096741
-1.195161 6.779641 0.014989
-1.311207 6.770384 0.319355
-1.192685 6.662564 0.073964
-1.429328 6.775875 0.651008
-1.296811 7.034165 0.215693
-1.203133 6.573562 0.114663
-1.282574 7.028905 0.168366
-1.196096 6.802250 -0.003173
-1.236560 6.611847 0.187955
-1.428209 6.897461 0.620874
-1.350418 6.717321 0.425882
-1.616652 6.964552 1.066684
-1.091661 6.717968 -0.209584
-1.591411 7.057621 0.991618
-1.323431 6.704761 0.343541
-1.412308 7.165516 0.488139
-1.141295 6.540672 -0.083665
-1.565359 6.932382 0.987507
-1.566700 7.042981 0.957555
-1.573400 7.166202 0.919066
-1.431124 7.041472 0.574726
-1.297623 6.922527 0.264483
-1.171146 6.968806 -0.141386
-1.300049 6.925751 0.271465
-1.106004 6.632514 -0.134907
-1.448017 6.943174 0.647962
-1.556426 7.306820 0.834824
-1.423731 7.040172 0.583919
-1.218164 6.740514 0.082116
-1.468319 6.856983 0.718732
-1.184961 6.993342 -0.093028
-1.562889 7.171413 0.923205
-1.558812 7.317478 0.869914
-1.428673 7.215095 0.523673
-1.317588 6.843785 0.341702
-1.137638 6.682741 -0.134068
-1.193856 6.857943 -0.011931
-1.307971 6.838157 0.305538
-1.203913 6.746728 0.042847
-1.432192 6.843448 0.643894
-1.206786 6.643222 0.092857
-1.294777 7.120347 0.193999
-1.249672 6.688368 0.159413
-1.618613 7.025899 1.065324
-1.349531 6.780545 0.411767
-1.195264 6.883640 -0.032962
-1.427922 6.966971 0.613254
-1.281006 7.118182 0.143799
-1.592342 7.126459 0.989753
-1.313980 6.763690 0.334529
-1.153064 6.622313 -0.036326
-1.576371 7.008028 0.988310
-1.421518 7.266019 0.471124
-1.567554 7.112758 0.957722
-1.579470 7.249567 0.915177
-1.441390 7.130857 0.559878
-1.304599 7.009762 0.240170
-1.456611 7.021949 0.636425
-1.302511 7.009290 0.251142
-1.168005 7.061078 -0.176232
-1.473923 6.924019 0.710482
-1.433935 7.128666 0.571937
-1.216920 6.812433 0.058116
-1.561448 7.400391 0.829187
-1.111698 6.601696 -0.191293
-1.083354 6.576811 -0.216375
-1.568486 7.252593 0.921776
-1.180434 7.084515 -0.125451
-1.321499 6.920224 0.322707
-1.433872 7.310426 0.509862
-1.137445 6.761729 -0.169129
-1.304241 6.908298 0.292102
-1.189823 6.938575 -0.038534
-1.195021 6.813262 0.023990
-1.433657 6.912650 0.637958
-1.214024 6.720399 0.065778
-1.626669 7.095227 1.064475
-1.343704 6.841508 0.399985
-1.297985 7.217382 0.169502
-1.243942 6.752949 0.141067
-1.436839 7.049797 0.603327
-1.197949 6.972560 -0.065573
-1.281546 7.216626 0.117581
-1.599363 7.204182 0.987986
-1.310282 6.829279 0.323175
-1.158698 6.697938 -0.069150
-1.578977 7.077487 0.990164
-1.581090 7.197934 0.957706
-1.583725 7.333262 0.912059
-1.470615 6.987256 0.703652
-1.459836 7.099901 0.625567
-1.443167 7.215903 0.547695
-1.306601 7.099292 0.216111
-1.302248 7.093332 0.231970
-1.434823 7.211148 0.561387
-1.212929 6.887600 0.034014
-1.089908 6.652898 -0.202614
-1.577946 7.341704 0.920799
-1.174078 7.177839 -0.157936
-1.321359 6.996960 0.304417
-1.311573 6.995030 0.271482
-1.194558 6.893233 -0.001687
-1.193803 7.032255 -0.072780
-1.433307 6.982185 0.632789
-1.632904 7.165803 1.063975
-1.209105 6.788474 0.047838
-1.344520 6.911696 0.384228
-1.237798 6.817136 0.121904
-1.299353 7.318393 0.144109
-1.439496 7.129233 0.595711
-1.196158 7.062305 -0.098719
-1.612474 7.290785 0.986317
-1.284671 7.325500 0.087675
-1.307887 6.898717 0.310603
-1.130605 6.746828 -0.157407
-1.157085 6.771285 -0.097251
-1.582400 7.150435 0.992423
-1.589257 7.282286 0.958368
-1.482285 7.066819 0.693837
-1.460349 7.176532 0.616693
-1.448383 7.309411 0.534723
-1.308518 7.191564 0.193258
-1.305896 7.188019 0.209552
-1.219186 6.975850 0.002331
-1.439567 7.302474 0.550872
-1.327363 7.084378 0.282944
-1.311749 7.076719 0.254389
-1.639061 7.238215 1.065096
-1.202524 6.986634 -0.034183
-1.445290 7.066718 0.624164
-1.192343 7.125129 -0.103896
-1.345728 6.985905 0.367635
-1.204580 6.860570 0.029062
-1.237373 6.892546 0.098313
-1.441645 7.211947 0.588057
-1.615859 7.370084 0.985670
-1.189350 7.150718 -0.127494
-1.311220 6.978461 0.294022
-1.158142 6.852313 -0.130241
-1.484639 7.140372 0.685451
-1.591012 7.231527 0.995578
-1.596021 7.368263 0.960207
-1.466098 7.264019 0.605016
-1.311712 7.291322 0.167523
-1.212446 7.055156 -0.022279
-1.311244 7.289660 0.185495
-1.327113 7.167494 0.264199
-1.644716 7.312995 1.066595
-1.312729 7.163718 0.236870
-1.198410 7.070003 -0.059570
-1.454536 7.153579 0.615855
-1.349566 7.064165 0.350270
-1.187235 7.220505 -0.134313
-1.205864 6.941121 0.004663
-1.233334 6.965895 0.077504
-1.451664 7.308666 0.577239
-1.185611 7.249921 -0.161579
-1.319795 7.068148 0.275056
-1.491346 7.221304 0.676311
-1.156473 6.933844 -0.162079
-1.605709 7.322410 0.998414
-1.215018 7.151366 -0.055757
-1.663452 7.406289 1.067484
-1.328545 7.260309 0.242563
-1.318516 7.263011 0.214891
-1.347548 7.141245 0.335207
-1.456210 7.235018 0.610248
-1.196878 7.163808 -0.088647
-1.241321 7.057458 0.045851
-1.211543 7.032677 -0.024605
-1.183405 7.323366 -0.167610
-1.493106 7.300883 0.669092
-1.322117 7.153531 0.258818
-1.209948 7.242177 -0.084083
-1.357002 7.236201 0.313371
-1.463060 7.326421 0.604703
-1.239854 7.143056 0.020526
-1.199734 7.269522 -0.123006
-1.204655 7.113845 -0.045141
-1.323432 7.243657 0.243333
-1.361517 7.328886 0.293874
-1.241879 7.238916 -0.008868
-1.206191 7.209350 -0.072911
-1.205393 7.309388 -0.100370
-1.576357 6.599073 1.043094
-1.592086 6.620011 1.122363
-1.577215 6.566050 1.074373
-1.611938 6.686387 1.115383
-1.567508 6.608238 1.070282
-1.586822 6.582297 1.090166
-1.456580 6.574793 0.754052
-1.549401 6.681671 1.033525
-1.603924 6.734665 1.110143
-1.503142 6.582004 0.887825
-1.469546 6.630685 0.825279
-1.575862 6.663942 1.066677
-1.577048 6.625396 1.088137
-1.447296 6.621961 0.746339
-1.526528 6.587971 0.937369
-1.590853 6.764536 1.026303
-1.460012 6.584958 0.770918
-1.593589 6.604628 1.107170
-1.490745 6.626549 0.881663
-1.604228 6.791885 1.105147
-1.360066 6.574950 0.462814
-1.553293 6.698932 1.063917
-1.490289 6.703332 0.812647
-1.566378 6.667737 1.086903
-1.438848 6.670782 0.739881
-1.403006 6.572437 0.587063
-1.503114 6.622225 0.932953
-1.365925 6.613481 0.527261
-1.582365 6.812411 1.022699
-1.451583 6.631943 0.765267
-1.471196 6.597785 0.778987
-1.278043 6.547293 0.250153
-1.519040 6.700042 0.870836
-1.604957 6.849463 1.100982
-1.257418 6.540283 0.197393
-1.592899 6.780273 1.060732
-1.360258 6.569266 0.478709
-1.471218 6.558234 0.793064
-1.491516 6.764067 0.803200
-1.524295 6.619904 0.988529
-1.598491 6.742723 1.084335
-1.417987 6.577759 0.632744
-1.474222 6.754860 0.723142
-1.383509 6.613733 0.581139
-1.540259 6.699531 0.923157
-1.387195 6.692038 0.505691
-1.580457 6.867733 1.018464
-1.447103 6.683211 0.759318
-1.463602 6.646430 0.774589
-1.572601 6.691507 1.107172
-1.511008 6.750146 0.864804
-1.274998 6.608929 0.230408
-1.609142 6.912774 1.097334
-1.296289 6.560256 0.302888
-1.365523 6.567682 0.484121
-1.593657 6.835086 1.057778
-1.335222 6.674132 0.443609
-1.247258 6.594986 0.181946
-1.468084 6.607873 0.788360
-1.345597 6.616521 0.471291
-1.564541 6.696145 0.981247
-1.603647 6.799439 1.083121
-1.402055 6.619291 0.627309
-1.490931 6.825124 0.794535
-1.463947 6.805834 0.716659
-1.532679 6.747244 0.919165
-1.407045 6.689567 0.560830
-1.581602 6.926579 1.014726
-1.170057 6.559819 -0.060051
-1.475355 6.761279 0.746476
-1.382254 6.752129 0.492432
-1.459546 6.698064 0.769470
-1.613897 6.774333 1.107301
-1.251176 6.573894 0.205191
-1.516636 6.812769 0.857100
-1.300825 6.566134 0.354877
-1.344645 6.608758 0.480209
-1.616381 6.979605 1.094182
-1.292789 6.619668 0.285572
-1.590378 6.889271 1.055959
-1.556155 6.739438 0.977213
-1.351623 6.750385 0.421923
-1.247815 6.658695 0.159435
-1.467088 6.662131 0.784139
-1.335793 6.667889 0.463186
-1.425017 6.624958 0.676026
-1.364480 6.568269 0.489406
-1.203694 6.551062 0.045175
-1.602127 6.853281 1.082972
-1.420703 6.689152 0.610945
-1.494710 6.891744 0.785997
-1.462458 6.867044 0.708385
-1.537027 6.805065 0.913040
-1.260203 6.558749 0.214696
-1.401246 6.745226 0.549979
-1.090770 6.549045 -0.229682
-1.586203 6.991157 1.011506
-1.470770 6.818032 0.740559
-1.479345 6.769918 0.760085
-1.378131 6.815706 0.479621
-1.607934 6.825352 1.108264
-1.252587 6.637428 0.184740
-1.520032 6.875344 0.849349
-1.300004 6.624111 0.339247
-1.345037 6.667830 0.469512
-1.268817 6.736742 0.191356
-1.298645 6.686026 0.264010
-1.562273 6.795993 0.973163
-1.596748 6.952589 1.054812
-1.148935 6.633646 -0.042146
-1.628799 7.055495 1.091604
-1.442806 6.690384 0.662070
-1.348892 6.813252 0.407506
-1.470949 6.720499 0.779232
-1.254547 6.733161 0.131404
-1.166475 6.578138 -0.037165
-1.357957 6.748096 0.440424
-1.355117 6.618173 0.482936
-1.418469 6.745049 0.600583
-1.601012 6.909326 1.082845
-1.195797 6.608562 0.026122
-1.210183 6.563374 0.104185
-1.264735 6.545439 0.223295
-1.465818 6.933278 0.699022
-1.493124 6.957530 0.778156
-1.538244 6.862088 0.907662
-1.238399 6.601827 0.210368
-1.181295 6.548496 -0.013319
-1.253650 6.542675 0.160151
-1.401595 6.808876 0.537268
-1.597798 7.064458 1.008080
-1.474579 6.881887 0.733234
-1.130111 6.662809 -0.087726
-1.476512 6.827241 0.755436
-1.610321 6.882544 1.110671
-1.377538 6.883184 0.465686
-1.150021 6.546995 -0.095684
-1.516276 6.934662 0.844284
-1.239246 6.691316 0.172491
-1.312530 6.694254 0.316219
-1.561303 6.848384 0.969753
-1.365848 6.745061 0.449972
-1.311678 6.629597 0.392616
-1.599566 7.014740 1.053583
-1.438807 6.742017 0.654505
-1.291524 6.746081 0.248257
-1.269665 6.809058 0.168495
-1.627121 7.120322 1.089068
-1.170552 6.726059 -0.091802
-1.477854 6.783309 0.774417
-1.346971 6.880524 0.393133
-1.090709 6.576821 -0.212792
-1.347224 6.802368 0.431503
-1.345272 6.668607 0.477686
-1.239367 6.790125 0.118725
-1.157645 6.638558 -0.057039
-1.420167 6.807063 0.589117
-1.612598 6.978036 1.083885
-1.200851 6.680632 -0.004817
-1.209432 6.625042 0.082045
-1.257623 6.599062 0.212814
-1.536743 6.919605 0.903453
-1.095954 6.531342 -0.207211
-1.465544 7.001091 0.690815
-1.499438 7.031869 0.769722
-1.236223 6.662346 0.193091
-1.153234 6.589074 -0.015755
-1.397917 6.870974 0.526095
-1.604036 7.136004 1.005755
-1.473444 6.945280 0.727433
-1.481167 6.891835 0.749768
-1.617071 6.945303 1.113206
-1.148596 6.754423 -0.136637
-1.110956 6.640958 -0.194847
-1.374209 6.952992 0.452115
-1.562067 6.903178 0.966804
-1.523544 7.004243 0.837477
-1.309882 6.754377 0.300565
-1.244142 6.763338 0.148901
-1.335326 6.705433 0.367415
-1.439646 6.799600 0.645447
-1.609800 7.085983 1.052976
-1.181437 6.572608 -0.002162
-1.356847 6.801746 0.441511
-1.291935 6.814336 0.228632
-1.480309 6.844199 0.770314
-1.172051 6.569732 -0.040769
-1.264671 6.880155 0.147952
-1.632374 7.194777 1.088372
-1.166604 6.798865 -0.120889
-1.372734 6.751461 0.455875
-1.348867 6.869879 0.417619
-1.337486 6.943252 0.381022
-1.419166 6.867727 0.579629
-1.232659 6.856972 0.098530
-1.623272 7.047820 1.084914
-1.164054 6.713588 -0.091196
-1.222064 6.700725 0.049252
-1.192005 6.742874 -0.025495
-1.539194 6.981395 0.898948
-1.250971 6.654899 0.199906
-1.086343 6.590115 -0.230784
-1.464778 7.070345 0.683424
-1.221308 6.636394 0.141168
-1.255399 6.743623 0.162923
-1.499059 7.105172 0.761546
-1.154242 6.655914 -0.041093
-1.131647 6.561065 -0.149099
-1.397750 6.938813 0.512991
-1.603187 7.203387 1.004071
-1.474520 7.011453 0.720474
-1.478248 6.952803 0.745958
-1.624639 7.011549 1.116188
-1.561019 6.958299 0.964636
-1.151380 6.835621 -0.174104
-1.102180 6.706902 -0.222035
-1.379713 7.033952 0.433901
-1.529396 7.077273 0.831070
-1.329109 6.760708 0.355740
-1.442211 6.860503 0.636447
-1.307621 6.818538 0.284127
-1.241906 6.830259 0.128804
-1.615987 7.157515 1.053102
-1.354912 6.865330 0.431203
-1.176594 6.633636 -0.020717
-1.165953 6.628729 -0.061405
-1.285186 6.880254 0.211290
-1.480047 6.905580 0.767381
-1.362390 6.804248 0.451039
-1.418149 6.930218 0.569336
-1.350001 6.940672 0.403744
-1.343906 7.023120 0.362822
-1.642395 7.276994 1.087826
-1.259652 6.953994 0.126201
-1.162622 6.875331 -0.151587
-1.631641 7.119381 1.087537
-1.232137 6.933650 0.073218
-1.155173 6.779498 -0.113486
-1.100293 6.660974 -0.217430
-1.538505 7.043309 0.894786
-1.208742 6.758287 0.032944
-1.271010 6.735077 0.172202
-1.189820 6.815332 -0.052909
-1.235711 6.710808 0.110451
-1.475010 7.152611 0.673082
-1.248201 6.806408 0.148412
-1.162386 6.733351 -0.074789
-1.098725 6.599494 -0.213312
-1.513158 7.194463 0.752144
-1.113797 6.613685 -0.179010
-1.400618 7.012008 0.499577
-1.610166 7.281147 1.003434
-1.472887 7.077197 0.715088
-1.479262 7.019883 0.741046
-1.570087 7.023851 0.961116
-1.636985 7.084645 1.119724
-1.437686 6.917244 0.628088
-1.329104 6.823064 0.340160
-1.305344 6.884525 0.266885
-1.534334 7.151375 0.824650
-1.244051 6.906428 0.104774
-1.378488 7.112021 0.419202
-1.622096 7.231777 1.054469
-1.358695 6.937447 0.417803
-1.166120 6.694817 -0.088396
-1.488583 6.976269 0.763061
-1.282854 6.951741 0.191629
-1.416631 6.995074 0.559455
-1.363085 6.870996 0.440399
-1.634313 7.186074 1.089194
-1.350634 7.013825 0.390282
-1.654142 7.362522 1.087339
-1.345364 7.104359 0.345341
-1.156139 6.856417 -0.145705
-1.257651 7.035022 0.103335
-1.552716 7.121590 0.890226
-1.206543 6.827055 0.009593
-1.228879 7.012652 0.048270
-1.258932 6.790976 0.162039
-1.186722 6.888860 -0.080336
-1.237982 6.779658 0.087197
-1.474545 7.229546 0.665745
-1.249010 6.877772 0.128410
-1.090859 6.659744 -0.236019
-1.162428 6.806761 -0.102556
-1.107707 6.677279 -0.204110
-1.405185 7.091273 0.485011
-1.515737 7.275844 0.744900
-1.620585 7.366465 1.002509
-1.483067 7.159451 0.707196
-1.579077 7.092137 0.958836
-1.491704 7.099426 0.734412
-1.638303 7.148374 1.124602
-1.441062 6.982541 0.619134
-1.324164 6.884038 0.326508
-1.300762 6.952291 0.251238
-1.538269 7.230213 0.819054
-1.236774 6.977455 0.086636
-1.627302 7.306192 1.056227
-1.169573 6.761587 -0.061815
-1.352716 7.001307 0.408229
-1.390431 7.209561 0.398777
-1.163560 6.762313 -0.114619
-1.486907 7.041090 0.760528
-1.359772 6.934352 0.432105
-1.284006 7.031720 0.168826
-1.420338 7.069918 0.547297
-1.639959 7.259031 1.092587
-1.353460 7.091592 0.374855
-1.562056 7.197577 0.885548
-1.351654 7.192448 0.325965
-1.656081 7.444389 1.088662
-1.255685 6.858035 0.147233
-1.206095 6.901906 -0.017358
-1.265407 7.130713 0.071373
-1.234912 7.105016 0.016253
-1.232222 6.842659 0.068230
-1.185356 6.970308 -0.112169
-1.478005 7.313502 0.656903
-1.243978 6.947919 0.110725
-1.159753 6.880657 -0.129153
-1.585835 7.160376 0.956509
-1.404826 7.168233 0.472778
-1.521747 7.365699 0.736964
-1.489623 7.242359 0.700865
-1.498790 7.177215 0.728880
-1.443093 7.049464 0.608937
-1.653130 7.229174 1.130690
-1.327169 6.954498 0.309409
-1.301486 7.027295 0.232074
-1.543940 7.311442 0.813920
-1.638999 7.391697 1.058192
-1.169574 6.834059 -0.086727
-1.239273 7.061311 0.060211
-1.355489 7.079065 0.395252
-1.164978 6.836848 -0.144798
-1.490906 7.113511 0.757757
-1.390387 7.297888 0.382534
-1.419614 7.141001 0.536656
-1.361683 7.007698 0.421533
-1.647742 7.336591 1.096463
-1.285537 7.116646 0.144837
-1.563824 7.269941 0.882730
-1.352653 7.170934 0.360584
-1.249318 6.923376 0.133576
-1.358296 7.288236 0.304193
-1.203827 6.977996 -0.043931
-1.227738 6.911365 0.047283
-1.264622 7.223846 0.043707
-1.229298 7.191283 -0.009517
-1.190168 7.062495 -0.149522
-1.489339 7.408753 0.646257
-1.588133 7.227616 0.954489
-1.244244 7.026224 0.089120
-1.163730 6.965679 -0.162890
-1.417215 7.264294 0.453991
-1.493947 7.325214 0.694488
-1.448573 7.123030 0.598855
-1.498725 7.251747 0.726034
-1.329251 7.026949 0.291895
-1.308387 7.113043 0.207391
-1.550412 7.397987 0.808429
-1.171748 6.912984 -0.114413
-1.243462 7.152151 0.032232
-1.367087 7.168888 0.377228
-1.506736 7.200598 0.753286
-1.433799 7.233047 0.521153
-1.361380 7.079154 0.411721
-1.658913 7.421698 1.102500
-1.397760 7.400814 0.362045
-1.570351 7.350985 0.879658
-1.291460 7.209887 0.117318
-1.357969 7.261002 0.343244
-1.250034 6.999299 0.114010
-1.211316 7.068750 -0.079599
-1.229037 6.987691 0.021199
-1.355105 7.377594 0.287889
-1.228964 7.287534 -0.040012
-1.171317 7.131104 -0.167920
-1.599158 7.305981 0.952725
-1.261525 7.319668 0.017233
-1.249789 7.114517 0.062790
-1.457977 7.203619 0.587266
-1.422875 7.357462 0.438719
-1.507432 7.338332 0.720591
-1.328607 7.100808 0.275148
-1.309878 7.197022 0.186257
-1.167212 6.987180 -0.137777
-1.365736 7.249657 0.366225
-1.242223 7.243058 0.006996
-1.509744 7.276818 0.751744
-1.431159 7.309936 0.511325
-1.361887 7.155013 0.401954
-1.295060 7.306735 0.090588
-1.364500 7.357670 0.325970
-1.249353 7.076828 0.095651
-1.232033 7.070085 -0.006037
-1.205794 7.151357 -0.106201
-1.602206 7.378516 0.952797
-1.226299 7.388309 -0.070121
-1.247223 7.199708 0.041985
-1.460239 7.280034 0.578768
-1.338986 7.190440 0.251791
-1.312647 7.286695 0.163145
-1.176005 7.080884 -0.174213
-1.374513 7.345444 0.349404
-1.520132 7.365795 0.749212
-1.239631 7.336498 -0.019886
-1.441688 7.406290 0.495772
-1.372512 7.246811 0.385967
-1.257944 7.169559 0.069415
-1.292803 7.404199 0.065371
-1.226093 7.146801 -0.028597
-1.202034 7.239121 -0.136000
-1.465097 7.363267 0.568325
-1.251310 7.296015 0.014040
-1.335591 7.268445 0.234605
-1.311774 7.378858 0.140787
-1.381246 7.341669 0.372001
-1.225908 7.233887 -0.057504
-1.258434 7.258266 0.049108
-1.199533 7.334414 -0.168584
-1.249090 7.389809 -0.009581
-1.345840 7.366300 0.210053
-1.132334 7.208577 -0.195276
-1.227391 7.329800 -0.088789
-1.259785 7.351388 0.026380
-1.583667 6.585136 1.115020
-1.596925 6.626908 1.145637
-1.569509 6.624330 1.109225
-1.505320 6.563121 0.887969
-1.554143 6.627818 1.049365
-1.503309 6.567081 0.896985
-1.582769 6.664250 1.140628
-1.497868 6.596575 0.864198
-1.505708 6.581270 0.904215
-1.581581 6.678943 1.103717
-1.487810 6.589176 0.857019
-1.497837 6.606927 0.882754
-1.461098 6.576808 0.813476
-1.498486 6.612186 0.892245
-1.474801 6.631996 0.859795
-1.498172 6.625971 0.901051
-1.494073 6.630900 0.902271
-1.390799 6.561313 0.586583
-1.481233 6.633727 0.851008
-1.584717 6.730718 1.099222
-1.493013 6.653873 0.877217
-1.391887 6.562364 0.598901
-1.463458 6.629725 0.804072
-1.394501 6.561816 0.602629
-1.441736 6.627911 0.752171
-1.560045 6.733807 1.035910
-1.362797 6.551222 0.475287
-1.496747 6.662640 0.887223
-1.607708 6.777841 1.132127
-1.368401 6.553484 0.528122
-1.387070 6.568404 0.569924
-1.391271 6.564782 0.606731
-1.483808 6.688613 0.851379
-1.504414 6.681239 0.897060
-1.510207 6.688845 0.894417
-1.387434 6.611250 0.575381
-1.478222 6.681242 0.844282
-1.578066 6.777092 1.094871
-1.488192 6.700811 0.871674
-1.472044 6.685974 0.794822
-1.388044 6.611913 0.589318
-1.390182 6.610976 0.594665
-1.479854 6.701374 0.885423
-1.459258 6.694366 0.738734
-1.564515 6.790370 1.029862
-1.605470 6.827901 1.128724
-1.297555 6.540457 0.329428
-1.294179 6.551370 0.314375
-1.362808 6.603404 0.516874
-1.377434 6.613117 0.561796
-1.385571 6.613727 0.600780
-1.392494 6.619555 0.609155
-1.292120 6.543244 0.310596
-1.499942 6.752080 0.841142
-1.523103 6.745955 0.892201
-1.511610 6.738197 0.889429
-1.303943 6.557175 0.360039
-1.488562 6.738955 0.835898
-1.382263 6.662448 0.564564
-1.584290 6.833277 1.090482
-1.506508 6.765186 0.863531
-1.377025 6.658255 0.582407
-1.470792 6.739563 0.786977
-1.296455 6.579333 0.323012
-1.390756 6.665132 0.585630
-1.247332 6.555118 0.202081
-1.301365 6.573345 0.326733
-1.510137 6.775743 0.877642
-1.607224 6.881283 1.125435
-1.292459 6.591668 0.316151
-1.204236 6.525798 0.074297
-1.454445 6.748671 0.730012
-1.560953 6.844851 1.024036
-1.319824 6.636592 0.462190
-1.361098 6.655016 0.554722
-1.281906 6.600304 0.303379
-1.340202 6.642851 0.511688
-1.263520 6.571785 0.255315
-1.386572 6.667320 0.592969
-1.217155 6.531248 0.096707
-1.289737 6.596700 0.294949
-1.228276 6.530696 0.143082
-1.508121 6.784385 0.884706
-1.493742 6.802477 0.836015
-1.510146 6.791675 0.891379
-1.294804 6.604105 0.349484
-1.487735 6.791051 0.829670
-1.383744 6.721032 0.553148
-1.588706 6.890721 1.086477
-1.213272 6.559325 0.078215
-1.500733 6.815944 0.859234
-1.191787 6.541990 0.023269
-1.389673 6.722445 0.568828
-1.468211 6.792953 0.778689
-1.390428 6.720372 0.576585
-1.286365 6.629172 0.314107
-1.506116 6.827971 0.874214
-1.198503 6.559062 0.079983
-1.220497 6.562778 0.096002
-1.285984 6.644501 0.304086
-1.197460 6.581078 0.055307
-1.379597 6.723135 0.537630
-1.399545 6.727197 0.587095
-1.450539 6.804636 0.720096
-1.143615 6.521391 -0.099603
-1.561382 6.902649 1.018322
-1.277717 6.655020 0.288114
-1.345133 6.713104 0.436760
-1.358755 6.713765 0.490957
-1.259813 6.627812 0.238035
-1.162106 6.523511 -0.022005
-1.405442 6.736697 0.578762
-1.204903 6.580162 0.085695
-1.266248 6.636303 0.290139
-1.208843 6.573651 0.135939
-1.505485 6.834056 0.880450
-1.496903 6.860661 0.828713
-1.145781 6.536283 -0.080571
-1.154625 6.564133 -0.046593
-1.285668 6.651028 0.338922
-1.507403 6.844985 0.890437
-1.486909 6.844061 0.823039
-1.388840 6.782598 0.538565
-1.593974 6.950721 1.083332
-1.185286 6.597937 0.076152
-1.494480 6.867229 0.856151
-1.393814 6.783236 0.557485
-1.398133 6.782287 0.565325
-1.270905 6.675459 0.307085
-1.141010 6.559939 -0.096685
-1.154239 6.557368 -0.064991
-1.465153 6.849638 0.770429
-1.282039 6.671891 0.311367
-1.509650 6.885564 0.870585
-1.616427 6.997403 1.120294
-1.190823 6.611743 0.062569
-1.377092 6.777451 0.526478
-1.272334 6.693205 0.295088
-1.398366 6.781704 0.576383
-1.136908 6.578525 -0.121849
-1.358487 6.771782 0.478262
-1.444348 6.860551 0.712576
-1.565324 6.965222 1.013546
-1.263287 6.689789 0.216878
-1.295968 6.731128 0.259261
-1.159859 6.580679 -0.044160
-1.402831 6.791883 0.572113
-1.340403 6.772013 0.423579
-1.513963 6.892981 0.874885
-1.281787 6.705553 0.265632
-1.193556 6.631659 0.073088
-1.206527 6.628952 0.117025
-1.492458 6.916197 0.822851
-1.142208 6.594173 -0.103570
-1.302532 6.720467 0.314852
-1.516679 6.908295 0.887395
-1.146106 6.622529 -0.068457
-1.490496 6.904438 0.815760
-1.082976 6.558756 -0.225240
-1.382719 6.838517 0.528577
-1.098227 6.574485 -0.191654
-1.086532 6.566625 -0.184633
-1.589454 7.005320 1.080321
-1.506043 6.934261 0.849112
-1.182979 6.657836 0.055247
-1.165171 6.644439 -0.005707
-1.392584 6.841388 0.547620
-1.397754 6.842084 0.556724
-1.290434 6.750794 0.281503
-1.123885 6.608435 -0.108641
-1.467416 6.909821 0.762707
-1.293911 6.739955 0.291668
-1.514034 6.947555 0.867015
-1.616320 7.054762 1.118625
-1.167782 6.652601 0.058162
-1.199987 6.664831 0.073676
-1.395806 6.835057 0.568061
-1.237615 6.734427 0.143432
-1.378151 6.836562 0.513808
-1.289630 6.768519 0.269458
-1.145866 6.629938 -0.056863
-1.358647 6.832908 0.465188
-1.395275 6.844794 0.567772
-1.257778 6.747973 0.199563
-1.280991 6.782386 0.248616
-1.508190 6.943717 0.870564
-1.564798 7.025907 1.009457
-1.447092 6.925725 0.701247
-1.220859 6.698045 0.087172
-1.276701 6.762258 0.249945
-1.337908 6.834603 0.408837
-1.179504 6.682743 0.062047
-1.501366 6.982843 0.814932
-1.296964 6.774019 0.301975
-1.129129 6.648785 -0.119045
-1.521916 6.970085 0.885880
-1.151149 6.692134 -0.102173
-1.487386 6.960153 0.810326
-1.382824 6.900533 0.517556
-1.089726 6.631938 -0.213136
-1.598661 7.071363 1.078534
-1.081219 6.625791 -0.209705
-1.095274 6.644121 -0.185114
-1.506867 6.995121 0.845453
-1.198274 6.735065 0.018974
-1.171964 6.713673 -0.037759
-1.092294 6.662872 -0.179652
-1.125731 6.656392 -0.086724
-1.386413 6.899117 0.539281
-1.287955 6.810606 0.267944
-1.391105 6.898504 0.550401
-1.292761 6.799957 0.278548
-1.471437 6.974230 0.754660
-1.396387 6.891932 0.557801
-1.522835 7.015069 0.863596
-1.190308 6.733974 0.016365
-1.208425 6.733642 0.048189
-1.100796 6.642443 -0.169062
-1.631693 7.128726 1.117467
-1.367995 6.888194 0.506535
-1.230310 6.796633 0.125310
-1.285397 6.829624 0.253837
-1.511300 7.001848 0.865687
-1.151282 6.697110 -0.086112
-1.397985 6.907160 0.560074
-1.351206 6.891391 0.453562
-1.254029 6.809461 0.182320
-1.178058 6.760486 -0.008075
-1.274526 6.843472 0.232948
-1.214462 6.756388 0.070242
-1.272043 6.821157 0.234286
-1.572679 7.096364 1.005245
-1.448884 6.992878 0.691961
-1.196555 6.759592 0.027433
-1.331376 6.896595 0.395227
-1.295865 6.833121 0.286798
-1.499107 7.042955 0.809562
-1.522685 7.030915 0.884668
-1.489597 7.021215 0.804647
-1.144451 6.758446 -0.128413
-1.383834 6.966973 0.504150
-1.608719 7.141804 1.076813
-1.091344 6.707173 -0.213795
-1.506361 7.056704 0.840953
-1.185132 6.791485 0.005145
-1.166588 6.778331 -0.062767
-1.388273 6.964437 0.528329
-1.150559 6.743312 -0.133317
-1.282767 6.870928 0.255555
-1.392487 6.963438 0.541069
-1.287998 6.859721 0.267387
-1.390695 6.946351 0.549421
-1.092033 6.732625 -0.215529
-1.470991 7.037677 0.746913
-1.519616 7.074406 0.861464
-1.200172 6.791374 0.034882
-1.638610 7.196554 1.117282
-1.187107 6.797700 -0.005753
-1.099048 6.708249 -0.196439
-1.369911 6.952616 0.493528
-1.516167 7.063281 0.860879
-1.273509 6.885292 0.243296
-1.227526 6.864408 0.102435
-1.150855 6.763101 -0.113051
-1.396655 6.969850 0.553109
-1.204024 6.810444 0.056028
-1.354031 6.959321 0.438572
-1.270526 6.885413 0.215889
-1.174913 6.827917 -0.034235
-1.252092 6.877039 0.161504
-1.273435 6.911772 0.213792
-1.191495 6.823636 0.008547
-1.582741 7.171402 1.001533
-1.449773 7.061112 0.682661
-1.292961 6.893479 0.272002
-1.330643 6.966161 0.378958
-1.500838 7.109148 0.803114
-1.526061 7.096693 0.884787
-1.489574 7.083176 0.798519
-1.614310 7.209438 1.076185
-1.511601 7.124914 0.836640
-1.381230 7.033172 0.492702
-1.182838 6.858711 -0.018962
-1.395693 7.013343 0.537319
-1.288607 6.925776 0.253135
-1.389232 7.031760 0.516966
-1.396955 7.032780 0.531843
-1.282952 6.939385 0.239281
-1.169299 6.853364 -0.094031
-1.105599 6.792277 -0.181808
-1.475865 7.106467 0.738920
-1.523898 7.141841 0.860390
-1.635314 7.257705 1.116803
-1.198674 6.857455 0.015679
-1.516993 7.123194 0.857598
-1.182103 6.862680 -0.027492
-1.373584 7.022181 0.479794
-1.275077 6.955801 0.224213
-1.148624 6.829423 -0.139215
-1.399315 7.037696 0.545463
-1.204385 6.878046 0.032795
-1.228309 6.939738 0.076856
-1.270766 6.953888 0.197161
-1.357283 7.031281 0.422814
-1.247445 6.943280 0.142649
-1.269209 6.979295 0.195369
-1.292292 6.959368 0.254860
-1.174910 6.902542 -0.063929
-1.192286 6.894355 -0.015051
-1.586102 7.242698 0.999265
-1.454174 7.136878 0.673107
-1.514961 7.190272 0.795864
-1.494393 7.151014 0.793369
-1.331668 7.039944 0.362357
-1.529862 7.165584 0.884537
-1.616762 7.278143 1.075500
-1.518118 7.197880 0.833221
-1.394418 7.075113 0.528285
-1.383947 7.107476 0.479817
-1.287837 6.993449 0.240092
-1.394724 7.099303 0.523666
-1.183686 6.934052 -0.047000
-1.387905 7.099951 0.507601
-1.285372 7.011526 0.221454
-1.524467 7.192326 0.852924
-1.164357 6.922956 -0.120218
-1.479358 7.178718 0.731344
-1.534827 7.219414 0.857524
-1.199890 6.928529 -0.007093
-1.368751 7.085588 0.469481
-1.179388 6.933212 -0.054029
-1.279308 7.032196 0.203612
-1.401497 7.107906 0.538235
-1.199803 6.943376 0.011876
-1.269680 7.024003 0.177192
-1.354689 7.101144 0.409762
-1.288914 7.023921 0.239679
-1.222769 7.012581 0.055600
-1.250884 7.019893 0.117538
-1.187232 6.963896 -0.036340
-1.265412 7.050848 0.176178
-1.174008 6.980084 -0.094434
-1.505859 7.228989 0.786427
-1.592068 7.322623 0.996740
-1.452779 7.209651 0.664207
-1.522810 7.269858 0.790095
-1.543397 7.245345 0.884198
-1.328654 7.114044 0.346485
-1.527295 7.275812 0.828682
-1.392240 7.140732 0.518048
-1.631127 7.362313 1.075236
-1.383528 7.181003 0.467666
-1.531463 7.262899 0.849067
-1.287069 7.065713 0.225054
-1.400949 7.176535 0.512513
-1.183633 7.010469 -0.075055
-1.395941 7.180518 0.494074
-1.280138 7.080073 0.207911
-1.541289 7.295102 0.855353
-1.198825 7.001389 -0.028266
-1.164842 7.001620 -0.153138
-1.479236 7.251649 0.725327
-1.371949 7.160264 0.454965
-1.179335 7.008707 -0.081688
-1.404106 7.180305 0.531034
-1.198363 7.016820 -0.012974
-1.274554 7.103888 0.187255
-1.286443 7.091972 0.222509
-1.264981 7.093877 0.159179
-1.358798 7.180243 0.392863
-1.248904 7.095686 0.095565
-1.186222 7.039535 -0.061160
-1.221753 7.093747 0.028398
-1.269223 7.134225 0.151554
-1.512860 7.305999 0.779783
-1.169496 7.059222 -0.123779
-1.551559 7.323396 0.884948
-1.522204 7.343313 0.785296
-1.464256 7.300497 0.651691
-1.335907 7.200340 0.326055
-1.399850 7.217244 0.505273
-1.532855 7.354424 0.825704
-1.535321 7.334543 0.845152
-1.286728 7.139244 0.210437
-1.393801 7.270772 0.450200
-1.410261 7.260010 0.500672
-1.279374 7.156923 0.190874
-1.399457 7.261015 0.482896
-1.183108 7.092927 -0.104283
-1.199570 7.079411 -0.052617
-1.379564 7.241370 0.440198
-1.488474 7.336030 0.715544
-1.182000 7.091949 -0.114110
-1.197351 7.091529 -0.037403
-1.409801 7.260794 0.522350
-1.289770 7.169431 0.201884
-1.282354 7.192419 0.161951
-1.265656 7.172797 0.136880
-1.359292 7.260018 0.377523
-1.182504 7.116598 -0.085212
-1.250969 7.181258 0.068471
-1.229250 7.189317 -0.005822
-1.281973 7.233286 0.120347
-1.171742 7.148533 -0.159821
-1.411024 7.301307 0.489794
-1.346247 7.297479 0.302949
-1.296228 7.227371 0.189244
-1.396896 7.355489 0.436192
-1.418618 7.348221 0.489675
-1.292493 7.252635 0.164532
-1.407443 7.348887 0.468618
-1.191278 7.150865 -0.069483
-1.382714 7.322433 0.425331
-1.180780 7.177552 -0.133534
-1.175203 7.168261 -0.139876
-1.135998 7.141606 -0.196141
-1.199959 7.174734 -0.067385
-1.418156 7.345322 0.512942
-1.295761 7.254613 0.178946
-1.275270 7.265562 0.108793
-1.286542 7.282544 0.137807
-1.372713 7.357883 0.356117
-1.188682 7.208277 -0.118293
-1.253464 7.270851 0.040604
-1.218298 7.267749 -0.026750
-1.275422 7.314487 0.100771
-1.300307 7.314679 0.171186
-1.202349 7.248450 -0.104030
-1.293489 7.340122 0.144368
-1.175744 7.263599 -0.162020
-1.169741 7.252107 -0.168397
-1.198052 7.257866 -0.095021
-1.299042 7.340297 0.157173
-1.268295 7.345473 0.088778
-1.287542 7.372783 0.116445
-1.180879 7.291134 -0.141567
-1.245593 7.353689 0.019784
-1.220382 7.368916 -0.060633
-1.198107 7.333342 -0.127619
-1.196575 7.345942 -0.123827
-1.181643 7.388414 -0.174310
-1.524797 6.591453 1.009205
-1.500883 6.587780 0.871090
-1.574020 6.599564 1.124342
-1.539033 6.645627 1.004469
-1.422111 6.548542 0.718597
-1.522689 6.580321 1.004561
-1.613803 6.745532 1.160936
-1.574054 6.641976 1.117537
-1.427111 6.598608 0.709478
-1.608841 6.785727 1.156410
-1.475003 6.662227 0.858273
-1.536569 6.632277 0.997367
-1.400905 6.582384 0.587712
-1.482642 6.576897 0.827468
-1.564763 6.591422 1.079799
-1.564686 6.680339 1.111238
-1.531704 6.736493 0.996683
-1.428789 6.546577 0.717482
-1.523728 6.576308 0.998769
-1.428954 6.647932 0.701063
-1.498393 6.720914 0.846875
-1.614569 6.834740 1.152201
-1.332216 6.565351 0.438311
-1.517307 6.667140 0.992785
-1.468383 6.614851 0.820189
-1.559498 6.634011 1.070757
-1.595062 6.742221 1.104550
-1.539642 6.791009 0.992520
-1.430695 6.594064 0.707446
-1.528687 6.622746 0.991290
-1.426730 6.696700 0.693728
-1.303270 6.573465 0.340821
-1.493048 6.764363 0.839865
-1.463366 6.561532 0.788756
-1.377178 6.562433 0.548456
-1.328331 6.613518 0.427253
-1.367407 6.657849 0.574620
-1.523972 6.718720 0.986962
-1.465787 6.659592 0.811230
-1.555319 6.588346 1.027056
-1.522386 6.565394 0.985185
-1.428294 6.546957 0.716520
-1.592798 6.787373 1.098855
-1.541237 6.669609 1.062932
-1.543076 6.842762 0.989434
-1.424461 6.639534 0.699990
-1.250809 6.564478 0.200121
-1.520670 6.664032 0.984198
-1.304460 6.623794 0.325024
-1.414591 6.740146 0.688930
-1.240227 6.563639 0.129891
-1.496211 6.813860 0.831885
-1.448705 6.600948 0.779816
-1.362933 6.602179 0.540349
-1.393755 6.722322 0.554298
-1.331660 6.569420 0.438130
-1.328953 6.665341 0.414690
-1.534217 6.772306 0.980836
-1.457360 6.701387 0.802895
-1.525597 6.611275 0.976417
-1.594114 6.834533 1.092858
-1.431116 6.595175 0.705687
-1.580620 6.737911 1.053650
-1.538452 6.892493 0.986478
-1.423635 6.687558 0.691068
-1.286811 6.551972 0.298568
-1.247032 6.615342 0.185372
-1.364175 6.545715 0.509573
-1.451046 6.553433 0.742084
-1.278899 6.658926 0.321040
-1.522905 6.711929 0.977418
-1.628948 6.984120 1.142284
-1.498473 6.864450 0.823861
-1.197242 6.575089 0.010239
-1.428984 6.802470 0.677996
-1.153787 6.541595 -0.089130
-1.187799 6.573454 -0.027668
-1.395285 6.773960 0.541348
-1.157490 6.547695 -0.080458
-1.359536 6.649800 0.528074
-1.462792 6.657428 0.765641
-1.330527 6.619780 0.424696
-1.315494 6.709474 0.409028
-1.534567 6.822402 0.976421
-1.476299 6.762814 0.790080
-1.519406 6.653104 0.968156
-1.594946 6.883160 1.087647
-1.527825 6.667796 1.007990
-1.426289 6.640818 0.696230
-1.574372 6.782500 1.046586
-1.540490 6.945886 0.984545
-1.278085 6.596981 0.285311
-1.402500 6.726422 0.688020
-1.213396 6.532753 0.091015
-1.242761 6.666749 0.171821
-1.359932 6.591679 0.496054
-1.299640 6.725890 0.293966
-1.503645 6.747697 0.972407
-1.495322 6.912467 0.817290
-1.435493 6.594864 0.732687
-1.433463 6.859467 0.669598
-1.211407 6.651782 0.108713
-1.250082 6.584639 0.189220
-1.430509 6.592341 0.695354
-1.381895 6.817177 0.533648
-1.150721 6.597334 -0.112454
-1.147481 6.597045 -0.096224
-1.328930 6.578954 0.435403
-1.352059 6.695957 0.517301
-1.442222 6.694826 0.759362
-1.334664 6.777218 0.388432
-1.328907 6.671609 0.412053
-1.468719 6.807173 0.782572
-1.542514 6.878738 0.971416
-1.512302 6.695119 0.960272
-1.598874 6.935277 1.082931
-1.424139 6.689582 0.686438
-1.556077 6.733338 0.997103
-1.574376 6.831312 1.039306
-1.188440 6.551876 0.005865
-1.550561 7.007721 0.982023
-1.273464 6.647121 0.268897
-1.432719 6.797908 0.671044
-1.254938 6.731317 0.146510
-1.208876 6.584692 0.071333
-1.496195 6.965622 0.810012
-1.296781 6.778398 0.278002
-1.536731 6.816333 0.963710
-1.356128 6.640766 0.482121
-1.149940 6.532990 -0.109759
-1.157317 6.543298 -0.065034
-1.137272 6.524629 -0.130986
-1.177970 6.674554 -0.017208
-1.227833 6.718693 0.076593
-1.432953 6.915186 0.663076
-1.443346 6.649872 0.717482
-1.382945 6.871186 0.521061
-1.229460 6.625630 0.183734
-1.423005 6.635774 0.685808
-1.154927 6.663762 -0.048998
-1.137890 6.647672 -0.111591
-1.371271 6.760042 0.495895
-1.328698 6.629127 0.421580
-1.327563 6.828292 0.378850
-1.477751 6.864172 0.771873
-1.466167 6.760273 0.743415
-1.306439 6.710246 0.408550
-1.249928 6.555917 0.194990
-1.540132 6.929370 0.968111
-1.269361 6.578898 0.238830
-1.497124 6.733265 0.953339
-1.600993 6.988666 1.078535
-1.405320 6.728431 0.681013
-1.346295 6.577814 0.448970
-1.570324 6.880482 1.032681
-1.553019 6.782321 0.987659
-1.181671 6.602874 -0.013492
-1.550303 7.063858 0.981200
-1.279272 6.704746 0.247476
-1.421926 6.844270 0.665437
-1.197002 6.630765 0.057952
-1.240187 6.779797 0.138314
-1.499740 7.020959 0.802801
-1.294356 6.833090 0.262024
-1.531749 6.863841 0.958292
-1.140422 6.582695 -0.127160
-1.314738 6.667686 0.483749
-1.146463 6.591908 -0.082476
-1.183498 6.737234 -0.044384
-1.333261 6.590224 0.422280
-1.431114 6.970701 0.656085
-1.220098 6.772622 0.058806
-1.183225 6.530630 0.001201
-1.385347 6.928116 0.507680
-1.421344 6.683971 0.674796
-1.236203 6.685807 0.160697
-1.167889 6.732265 -0.084938
-1.365580 6.811310 0.484312
-1.322154 6.677827 0.409175
-1.474623 6.914933 0.764050
-1.333594 6.891805 0.363106
-1.458196 6.807000 0.733818
-1.334278 6.784013 0.382071
-1.544012 6.985130 0.964170
-1.246231 6.607688 0.177361
-1.528945 6.799861 0.942552
-1.601774 7.040939 1.074095
-1.197611 6.561590 0.021115
-1.259744 6.626834 0.224693
-1.429271 6.794766 0.664648
-1.575188 6.935148 1.026329
-1.165647 6.648399 -0.023340
-1.313518 6.612614 0.446359
-1.640639 7.196920 1.135440
-1.554394 6.835892 0.978743
-1.557226 7.125847 0.978953
-1.501056 7.077204 0.795090
-1.426907 6.902532 0.654991
-1.240962 6.839774 0.119555
-1.277355 6.760722 0.229464
-1.286016 6.884851 0.249121
-1.183836 6.680311 0.042455
-1.253136 6.555413 0.190084
-1.531693 6.915377 0.952197
-1.127756 6.632575 -0.144269
-1.142967 6.647264 -0.106654
-1.356644 6.748243 0.450767
-1.174349 6.790965 -0.060178
-1.379588 6.981200 0.497708
-1.209613 6.825263 0.042968
-1.435975 7.033543 0.648459
-1.327197 6.637455 0.409083
-1.110503 6.621474 -0.161961
-1.181956 6.585095 -0.022485
-1.399859 6.721530 0.668874
-1.242972 6.748714 0.136411
-1.162091 6.789441 -0.107580
-1.447262 6.757645 0.691541
-1.364898 6.866588 0.469605
-1.475103 6.970451 0.754682
-1.327361 6.947261 0.353514
-1.310623 6.725244 0.398639
-1.324510 6.833797 0.371986
-1.543407 7.039967 0.960479
-1.461423 6.863811 0.722499
-1.239784 6.658170 0.161682
-1.598487 7.092662 1.070734
-1.521789 6.845522 0.935432
-1.246808 6.576494 0.175422
-1.240129 6.669459 0.215546
-1.425731 6.846067 0.655581
-1.644869 7.254869 1.133932
-1.574231 6.987787 1.020187
-1.137567 6.574265 -0.137545
-1.156571 6.701219 -0.041168
-1.313393 6.665522 0.428833
-1.563600 7.191144 0.979108
-1.104733 6.553113 -0.182679
-1.500560 7.134727 0.787709
-1.546775 6.884868 0.971579
-1.270926 6.813019 0.212948
-1.239005 6.900293 0.101916
-1.430494 6.962441 0.645704
-1.286789 6.944824 0.230351
-1.175170 6.530169 -0.028199
-1.196283 6.747550 0.008536
-1.531152 6.968377 0.946887
-1.236286 6.601150 0.178156
-1.381522 7.041409 0.484278
-1.210060 6.885743 0.020514
-1.174832 6.855097 -0.084286
-1.111347 6.681367 -0.156605
-1.142242 6.706626 -0.134035
-1.436341 7.094541 0.641498
-1.102010 6.674620 -0.183852
-1.356898 6.806093 0.434440
-1.323415 6.689261 0.393886
-1.146765 6.619851 -0.020273
-1.238314 6.804302 0.119936
-1.422989 6.788959 0.650012
-1.162248 6.854095 -0.135379
-1.364140 6.922780 0.456927
-1.478272 7.029993 0.744558
-1.327492 7.009657 0.340008
-1.437486 6.806570 0.681859
-1.335784 6.796798 0.372068
-1.547236 7.099383 0.957316
-1.327871 6.896019 0.355739
-1.461483 6.918960 0.712299
-1.606799 7.152997 1.067312
-1.218765 6.701525 0.154112
-1.528486 6.901639 0.927497
-1.173926 6.563024 -0.036222
-1.238624 6.627340 0.158042
-1.265148 6.743332 0.179564
-1.169019 6.658843 -0.009130
-1.651715 7.317772 1.133702
-1.423971 6.901582 0.646133
-1.581298 7.047943 1.013863
-1.169043 6.771182 -0.076331
-1.123570 6.623956 -0.155113
-1.503153 7.194808 0.781233
-1.565980 7.254959 0.978307
-1.098141 6.605881 -0.207769
-1.337234 6.737835 0.401390
-1.549907 6.940802 0.963106
-1.286678 7.007716 0.210708
-1.241167 6.966831 0.080699
-1.273125 6.875004 0.191353
-1.428668 7.019776 0.637872
-1.194072 6.807668 -0.014828
-1.388401 7.107466 0.469344
-1.169433 6.585545 -0.052462
-1.531036 7.022655 0.941987
-1.208304 6.949870 -0.003682
-1.175842 6.922314 -0.111261
-1.229938 6.653453 0.159194
-1.441169 7.162863 0.633820
-1.103649 6.738524 -0.215676
-1.349891 6.858987 0.421563
-1.323721 6.744346 0.376355
-1.096895 6.534612 -0.176408
-1.240521 6.867188 0.097929
-1.150112 6.680691 -0.049161
-1.161503 6.919831 -0.163222
-1.120604 6.552714 -0.191631
-1.416783 6.838970 0.640446
-1.362080 6.981523 0.442546
-1.124267 6.889496 -0.209266
-1.476446 7.087331 0.736719
-1.333506 7.080462 0.323380
-1.321028 6.845304 0.363852
-1.327564 6.956221 0.342230
-1.553680 7.163753 0.955431
-1.609726 7.213514 1.064099
-1.442146 6.866295 0.667294
-1.457067 6.974100 0.701936
-1.522188 6.950775 0.920780
-1.235634 6.772454 0.121128
-1.230446 6.679090 0.140243
-1.162675 6.614007 -0.055750
-1.252822 6.794535 0.165294
-1.177887 6.724972 -0.043174
-1.428055 6.961846 0.635219
-1.508435 7.258909 0.774002
-1.582053 7.106629 1.008954
-1.163674 6.830550 -0.098986
-1.104076 6.671086 -0.168778
-1.106247 6.672058 -0.193219
-1.581677 7.333444 0.978687
-1.286090 7.072978 0.191435
-1.093420 6.663755 -0.236100
-1.237831 7.030807 0.063385
-1.263479 6.929306 0.176741
-1.431294 7.083521 0.629737
-1.334819 6.794388 0.384564
-1.551237 6.998932 0.954547
-1.187775 6.865394 -0.036282
-1.382190 7.165647 0.458489
-1.538035 7.084633 0.937277
-1.207901 7.016909 -0.028673
-1.156352 6.635976 -0.070828
-1.174055 6.991913 -0.135497
-1.441919 7.229713 0.627636
-1.244122 6.721277 0.126542
-1.345147 6.914616 0.407516
-1.323542 6.800890 0.359607
-1.364954 7.045199 0.427074
-1.093565 6.590847 -0.205905
-1.234085 6.927697 0.080120
-1.482236 7.152723 0.727454
-1.166848 6.754835 -0.091973
-1.426359 6.901795 0.625621
-1.094688 6.595651 -0.200178
-1.332677 7.146687 0.311028
-1.622006 7.281721 1.061158
-1.323549 6.906777 0.345937
-1.557894 7.229028 0.953045
-1.325463 7.019530 0.328221
-1.460676 7.036752 0.691389
-1.437737 6.922355 0.656515
-1.525252 7.008532 0.913919
-1.234246 6.832412 0.099826
-1.240964 6.744897 0.110333
-1.513251 7.326302 0.766726
-1.253271 6.855956 0.142410
-1.156014 6.668627 -0.079233
-1.175755 6.785069 -0.068991
-1.423144 7.017521 0.626056
-1.582815 7.166218 1.003624
-1.165198 6.899954 -0.128416
-1.106712 6.735707 -0.203849
-1.105208 6.733756 -0.225131
-1.283682 7.138596 0.172907
-1.239552 7.103359 0.040874
-1.263390 6.994934 0.155847
-1.433937 7.149084 0.620768
-1.386363 7.234978 0.443425
-1.184686 6.929326 -0.060939
-1.553835 7.059997 0.947640
-1.332847 6.854046 0.367318
-1.541459 7.145498 0.932444
-1.203856 7.084673 -0.052169
-1.165916 7.056377 -0.156661
-1.446696 7.301680 0.620736
-1.340845 6.973351 0.393049
-1.240069 6.779958 0.104745
-1.364689 7.109962 0.411477
-1.483533 7.216271 0.718854
-1.323815 6.861457 0.342024
-1.232666 6.993122 0.058773
-1.626646 7.348276 1.059176
-1.088933 6.649624 -0.237104
-1.162913 6.817119 -0.117871
-1.418774 6.955277 0.616378
-1.333228 7.218573 0.296637
-1.095141 6.657520 -0.236532
-1.571470 7.302907 0.950515
-1.327453 7.086109 0.311878
-1.319673 6.966790 0.331885
-1.459800 7.098475 0.681093
-1.529658 7.068291 0.906677
-1.231963 6.894370 0.078064
-1.436945 6.984084 0.643773
-1.164961 6.840957 -0.089778
-1.228233 6.797545 0.094399
-1.250088 6.919019 0.120606
-1.170071 6.740562 -0.122131
-1.429431 7.083265 0.615170
-1.590692 7.233503 0.998485
-1.287665 7.213887 0.149221
-1.161224 6.966793 -0.153944
-1.239450 7.176263 0.019108
-1.396855 7.314912 0.425236
-1.262908 7.062919 0.132874
-1.436103 7.217020 0.612167
-1.187145 7.001273 -0.091998
-1.542151 7.206910 0.928729
-1.198491 7.153148 -0.076540
-1.557786 7.123980 0.939936
-1.324961 6.910770 0.353146
-1.155014 6.759251 -0.130144
-1.483926 7.280906 0.710208
-1.363930 7.175265 0.397079
-1.344669 7.041412 0.375120
-1.230528 6.836992 0.086437
-1.320921 6.920361 0.325562
-1.235802 7.066765 0.033847
-1.338306 7.295928 0.279911
-1.417032 7.013509 0.605669
-1.158074 6.880486 -0.143814
-1.576060 7.373116 0.949320
-1.331249 7.159636 0.293908
-1.321241 7.033009 0.314708
-1.465195 7.166231 0.669744
-1.528660 7.126395 0.900475
-1.230133 6.960344 0.055468
-1.438821 7.047998 0.631104
-1.172075 6.914718 -0.126406
-1.246420 6.983538 0.099586
-1.428495 7.147726 0.606073
-1.226049 6.861326 0.069355
-1.149716 6.793356 -0.137924
-1.285733 7.286244 0.128608
-1.595837 7.301332 0.994464
-1.395157 7.385869 0.411166
-1.235206 7.249535 0.000453
-1.262859 7.133086 0.109895
-1.442304 7.290987 0.602435
-1.181859 7.069740 -0.118818
-1.548623 7.274915 0.925165
-1.199527 7.232205 -0.106482
-1.322519 6.973701 0.335848
-1.560341 7.189610 0.933390
-1.497301 7.359819 0.699463
-1.155350 6.826615 -0.164106
-1.365887 7.247329 0.380680
-1.347591 7.110554 0.357145
-1.228920 7.133270 0.014738
-1.346528 7.381323 0.261599
-1.315313 6.981641 0.309389
-1.419816 7.077219 0.592623
-1.224185 6.899317 0.065339
-1.326865 7.227484 0.280177
-1.321916 7.101227 0.297070
-1.531679 7.188704 0.893971
-1.462930 7.230498 0.660185
-1.227408 7.028316 0.032410
-1.434385 7.110440 0.619851
-1.432986 7.216557 0.594680
-1.167288 6.983552 -0.154846
-1.242359 7.050412 0.076487
-1.289284 7.368454 0.103212
-1.219687 6.921811 0.049085
-1.609454 7.379786 0.989842
-1.246571 7.342499 -0.032499
-1.263271 7.208179 0.085666
-1.448038 7.368239 0.592655
-1.201526 7.316539 -0.139293
-1.554202 7.344923 0.921139
-1.177953 7.143861 -0.147678
-1.563330 7.257426 0.926837
-1.323275 7.041922 0.315758
-1.366950 7.321390 0.363821
-1.347391 7.182611 0.338215
-1.226602 7.208904 -0.008366
-1.319224 7.050581 0.288589
-1.421215 7.143491 0.580320
-1.224306 6.970390 0.037046
-1.338331 7.314521 0.258285
-1.320787 7.171630 0.279346
-1.540912 7.259811 0.887616
-1.469637 7.305744 0.648407
-1.228800 7.102299 0.005773
-1.438891 7.181115 0.607622
-1.434272 7.288321 0.584779
-1.243760 7.125313 0.049432
-1.221635 6.993417 0.019625
-1.243722 7.423229 -0.054029
-1.270083 7.293851 0.055862
-1.196681 7.396295 -0.167827
-1.181858 7.228731 -0.184106
-1.573451 7.334765 0.919642
-1.318561 7.110325 0.298327
-1.348951 7.257034 0.319733
-1.235268 7.297843 -0.040578
-1.422137 7.212135 0.568385
-1.316329 7.118605 0.270408
-1.339370 7.394964 0.240966
-1.320509 7.244587 0.262445
-1.222103 7.041455 0.011116
-1.551014 7.335308 0.881252
-1.220612 7.171348 -0.015046
-1.442766 7.368671 0.572205
-1.445695 7.258178 0.592560
-1.243775 7.202765 0.023120
-1.218521 7.064660 -0.005932
-1.265022 7.369103 0.034285
-1.321555 7.187672 0.276602
-1.234353 7.381846 -0.066973
-1.350980 7.337298 0.299583
-1.430693 7.290654 0.554190
-1.312530 7.187710 0.252181
-1.330231 7.331971 0.238841
-1.216751 7.112685 -0.014524
-1.224335 7.255348 -0.046180
-1.242487 7.282753 -0.004896
-1.450620 7.338355 0.579444
-1.211832 7.134780 -0.031612
-1.329092 7.272312 0.251710
-1.436526 7.370626 0.540697
-1.317812 7.270516 0.228039
-1.214114 7.190667 -0.042167
-1.230374 7.347550 -0.080975
-1.244842 7.371130 -0.036120
-1.217897 7.221510 -0.066367
-1.332078 7.357858 0.228684
-1.327145 7.361171 0.201933
-1.220231 7.282866 -0.079417
-1.218084 7.308957 -0.099708
-1.214912 7.366841 -0.108439
-1.213283 7.395106 -0.131181
-1.284209 7.398660 0.049378
-1.240008 7.367482 -0.057587
-1.345690 7.460569 0.233441
-1.215310 7.188762 -0.066991
-1.320495 7.303692 0.208857
-1.450789 7.422557 0.522227
-1.268745 7.265405 0.063403
-1.388056 7.385979 0.350331
-1.236624 7.454256 -0.087715
-1.218584 7.277941 -0.103668
-1.324486 7.392151 0.182844
-1.275324 7.356593 0.031419
-1.384294 7.464923 0.334477
-1.212494 7.361623 -0.133547
-1.266625 7.436618 0.007921
-1.204171 7.445284 -0.163564
-1.601957 6.582940 1.133626
-1.585483 6.576759 1.131322
-1.595180 6.619413 1.125725
-1.586658 6.619824 1.126173
-1.582970 6.653337 1.119246
-1.594096 6.666164 1.121276
-1.569437 6.687083 1.112306
-1.571527 6.699957 1.116400
-1.482058 6.599541 0.828183
-1.589048 6.611433 1.122631
-1.582244 6.607210 1.081060
-1.488965 6.615141 0.823884
-1.620829 6.752678 1.105909
-1.582085 6.749766 1.112031
-1.478341 6.643165 0.821619
-1.595658 6.657040 1.116066
-1.573230 6.643692 1.073071
-1.608144 6.788064 1.100228
-1.389542 6.583793 0.560597
-1.373759 6.577066 0.552195
-1.597103 6.804138 1.108237
-1.489104 6.694793 0.811542
-1.585676 6.695550 1.110068
-1.592803 6.610508 1.118724
-1.471356 6.691210 0.807534
-1.483325 6.594119 0.828686
-1.570495 6.684372 1.064917
-1.572192 6.592902 1.041891
-1.603991 6.828550 1.094067
-1.472612 6.598557 0.784040
-1.386910 6.627210 0.548786
-1.381513 6.627045 0.538336
-1.604935 6.854492 1.104983
-1.480389 6.737147 0.806825
-1.583297 6.738434 1.104370
-1.491625 6.745897 0.794988
-1.590983 6.651004 1.110197
-1.481430 6.637365 0.821385
-1.572698 6.728147 1.056551
-1.551138 6.626870 1.032592
-1.606533 6.873592 1.088577
-1.463641 6.638709 0.774417
-1.385207 6.671349 0.536196
-1.288432 6.585374 0.304051
-1.302102 6.598004 0.320505
-1.382445 6.676136 0.527058
-1.602435 6.901036 1.102540
-1.473550 6.781874 0.800134
-1.487066 6.787848 0.787185
-1.585231 6.597285 1.106655
-1.570155 6.776223 1.099067
-1.588667 6.692050 1.102875
-1.381246 6.581374 0.552520
-1.586514 6.778657 1.049050
-1.480482 6.682254 0.812893
-1.486872 6.595970 0.828456
-1.605500 6.917544 1.082945
-1.569121 6.677926 1.021576
-1.472707 6.687030 0.761836
-1.355727 6.702421 0.534768
-1.465136 6.584615 0.745825
-1.289043 6.635007 0.289093
-1.282671 6.635262 0.313756
-1.363369 6.714682 0.523169
-1.374108 6.608963 0.507905
-1.486156 6.834549 0.777880
-1.606649 6.953051 1.100355
-1.588823 6.639410 1.097121
-1.490551 6.840425 0.791114
-1.600446 6.837489 1.094248
-1.580937 6.731466 1.096565
-1.589170 6.824620 1.040697
-1.384495 6.629539 0.539297
-1.479552 6.728056 0.803991
-1.218890 6.590867 0.106920
-1.223734 6.598410 0.131201
-1.608476 6.963857 1.077884
-1.482825 6.638306 0.819027
-1.553420 6.715357 1.012900
-1.453304 6.723373 0.755480
-1.177769 6.568158 -0.006691
-1.537379 6.616609 0.985082
-1.179200 6.572774 0.013373
-1.375845 6.761302 0.514448
-1.158195 6.555922 -0.032386
-1.458431 6.626594 0.735472
-1.287403 6.683725 0.274459
-1.280602 6.682698 0.298701
-1.351998 6.757591 0.517136
-1.340119 6.638226 0.507118
-1.287500 6.573709 0.278377
-1.484318 6.880515 0.769362
-1.580740 6.676623 1.088355
-1.608199 7.003784 1.097661
-1.489084 6.889517 0.784637
-1.600713 6.885304 1.089871
-1.585483 6.868223 1.034137
-1.562047 6.766344 1.089404
-1.380907 6.675899 0.529071
-1.459164 6.765513 0.800040
-1.214996 6.639595 0.092201
-1.613680 7.014745 1.073303
-1.217159 6.644949 0.116379
-1.480771 6.587913 0.822981
-1.476940 6.680096 0.810754
-1.381990 6.588406 0.553801
-1.295302 6.603663 0.296121
-1.574973 6.772074 1.002418
-1.468290 6.778261 0.740668
-1.180952 6.621421 -0.030529
-1.375970 6.810555 0.501105
-1.177349 6.622948 -0.007800
-1.538799 6.662416 0.973808
-1.453600 6.670946 0.723146
-1.287281 6.736128 0.277858
-1.273791 6.727557 0.267933
-1.376114 6.823418 0.497772
-1.480229 6.925569 0.761166
-1.360219 6.587161 0.471534
-1.347591 6.689660 0.489160
-1.278153 6.618073 0.265890
-1.607436 7.055446 1.096911
-1.600981 6.933111 1.085500
-1.483980 6.939361 0.779641
-1.584501 6.914930 1.027269
-1.604529 6.832871 1.082202
-1.217344 6.568583 0.106633
-1.612607 7.061436 1.068893
-1.365543 6.717363 0.522057
-1.488869 6.829687 0.787025
-1.203319 6.684877 0.081672
-1.210187 6.692032 0.100317
-1.474984 6.629707 0.812256
-1.485039 6.730443 0.800163
-1.286373 6.648389 0.284468
-1.388023 6.638758 0.538230
-1.206434 6.573774 0.088163
-1.570471 6.815868 0.993778
-1.379278 6.861431 0.486667
-1.470574 6.827515 0.729852
-1.430616 6.706209 0.716652
-1.512362 6.696600 0.964705
-1.286624 6.788311 0.261213
-1.286385 6.787550 0.244860
-1.439922 6.610853 0.692730
-1.378898 6.878525 0.485334
-1.292816 6.570827 0.309359
-1.479295 6.975926 0.752672
-1.357747 6.743271 0.471309
-1.348604 6.628788 0.460182
-1.260592 6.657705 0.257176
-1.569487 6.757821 1.071407
-1.583935 6.961997 1.021239
-1.616984 7.114570 1.096153
-1.492860 6.997744 0.772336
-1.613309 7.110498 1.064958
-1.600792 6.983305 1.081508
-1.591839 6.872853 1.076916
-1.214474 6.618040 0.088683
-1.352848 6.760096 0.515564
-1.489258 6.880237 0.778984
-1.199992 6.736705 0.064112
-1.477280 6.674394 0.801042
-1.461552 6.765342 0.795284
-1.208248 6.624112 0.065095
-1.277876 6.694395 0.273242
-1.380425 6.682750 0.527442
-1.560556 6.858036 0.986150
-1.378018 6.912329 0.474493
-1.467444 6.875140 0.720048
-1.154032 6.712727 -0.052536
-1.379916 6.591930 0.547224
-1.150514 6.713336 -0.031844
-1.138240 6.702484 -0.083389
-1.287825 6.841939 0.243011
-1.162786 6.599053 -0.041722
-1.453336 6.767299 0.698860
-1.284754 6.841753 0.230214
-1.487390 7.030807 0.742496
-1.554254 6.765152 0.949694
-1.162315 6.601982 -0.052382
-1.398004 6.639059 0.689164
-1.374826 6.930913 0.476305
-1.139396 6.585900 -0.084323
-1.269454 6.594772 0.221591
-1.294020 6.619903 0.290749
-1.360669 6.795629 0.455209
-1.339276 6.673155 0.447689
-1.584255 6.809975 1.062707
-1.254974 6.705892 0.241158
-1.583821 7.011258 1.015220
-1.617132 7.163024 1.061549
-1.623372 7.172968 1.096088
-1.608606 7.037303 1.079065
-1.593530 6.920835 1.070561
-1.490895 7.051961 0.767460
-1.201055 6.662783 0.076861
-1.376135 6.825188 0.494530
-1.210511 6.799297 0.058937
-1.486488 6.930064 0.771636
-1.210482 6.799443 0.037276
-1.473684 6.718925 0.791628
-1.488175 6.827876 0.780918
-1.269399 6.741313 0.261608
-1.365875 6.957231 0.465575
-1.184261 6.663231 0.059808
-1.370098 6.727305 0.517766
-1.566382 6.910215 0.977089
-1.461135 6.921124 0.711350
-1.158247 6.772193 -0.079612
-1.159865 6.775886 -0.064033
-1.381442 6.640470 0.532293
-1.147155 6.763747 -0.115997
-1.282169 6.892849 0.228218
-1.484638 7.081525 0.734751
-1.154504 6.647796 -0.059062
-1.452056 6.816390 0.687489
-1.281303 6.896325 0.216313
-1.376225 6.987664 0.465038
-1.546207 6.809702 0.940087
-1.150869 6.650009 -0.069033
-1.137171 6.638455 -0.107556
-1.339131 6.611164 0.413770
-1.263829 6.642963 0.205571
-1.361771 6.848355 0.439853
-1.417618 6.697608 0.670432
-1.281018 6.664103 0.280160
-1.213884 6.597329 0.087231
-1.615128 7.213559 1.058318
-1.591358 6.859588 1.055340
-1.270427 6.767150 0.213701
-1.324435 6.715900 0.438658
-1.592277 7.067440 1.007894
-1.623917 7.228454 1.096614
-1.607944 7.088953 1.075873
-1.590223 6.967555 1.066051
-1.487607 7.105993 0.762127
-1.376233 6.878106 0.481992
-1.194528 6.712066 0.060814
-1.205913 6.853681 0.039687
-1.484151 6.981168 0.764713
-1.200732 6.849826 0.023552
-1.462899 6.759447 0.782759
-1.292326 6.586482 0.295446
-1.489061 6.877870 0.771675
-1.190393 6.597206 0.024535
-1.374678 7.018876 0.448469
-1.285719 6.805133 0.234993
-1.175479 6.711610 0.044083
-1.360187 6.772223 0.508930
-1.463413 6.974948 0.700933
-1.568137 6.961858 0.969091
-1.156949 6.830032 -0.103226
-1.159064 6.833169 -0.088850
-1.362035 6.677734 0.525547
-1.146382 6.822864 -0.141636
-1.269209 6.938846 0.216826
-1.484609 7.136258 0.726287
-1.156972 6.584612 -0.058945
-1.246773 6.563818 0.179213
-1.453048 6.867295 0.675391
-1.283340 6.956172 0.199763
-1.150878 6.701087 -0.080720
-1.142148 6.577856 -0.091816
-1.373535 7.042962 0.455247
-1.140335 6.697839 -0.086047
-1.619839 7.269553 1.055347
-1.548036 6.860438 0.930048
-1.136735 6.574166 -0.124719
-1.122940 6.684292 -0.121852
-1.353748 6.896542 0.428640
-1.277159 6.713749 0.265026
-1.207850 6.646066 0.069976
-1.242223 6.683905 0.197100
-1.303367 6.643568 0.412505
-1.586752 7.115066 1.002893
-1.587298 6.904660 1.047125
-1.438610 6.759071 0.650929
-1.268059 6.820618 0.194944
-1.343385 6.778260 0.413777
-1.611727 7.144244 1.073671
-1.628943 7.289413 1.097306
-1.590530 7.017187 1.060863
-1.497828 7.170027 0.755273
-1.375839 6.931571 0.470661
-1.204101 6.910234 0.018099
-1.207877 6.776070 0.029593
-1.488132 7.038285 0.756804
-1.199781 6.908947 0.002806
-1.477740 6.921687 0.765229
-1.486872 6.821627 0.767461
-1.287601 6.633572 0.279464
-1.368456 7.070331 0.437327
-1.180774 6.644859 0.007142
-1.191258 6.775589 0.008061
-1.280924 6.858619 0.221040
-1.375338 6.831666 0.489626
-1.462530 7.028047 0.691210
-1.569912 7.014410 0.960685
-1.157939 6.890597 -0.127976
-1.162440 6.896466 -0.117192
-1.207115 6.572403 0.083508
-1.488195 7.193893 0.717150
-1.270021 6.998504 0.197370
-1.360418 6.726462 0.510903
-1.141006 6.880167 -0.164183
-1.153405 6.636075 -0.082230
-1.272127 7.008210 0.189649
-1.138939 6.749656 -0.096156
-1.245876 6.615653 0.156834
-1.627688 7.329923 1.052490
-1.448643 6.917490 0.663894
-1.375838 7.104092 0.444008
-1.137251 6.629142 -0.115562
-1.138182 6.754045 -0.110919
-1.347103 6.947651 0.416658
-1.587646 6.951540 1.040725
-1.591988 7.172353 0.997888
-1.547631 6.911179 0.919920
-1.132779 6.627096 -0.149658
-1.115251 6.737969 -0.142853
-1.270139 6.762673 0.250586
-1.230672 6.730104 0.183715
-1.200524 6.696455 0.051439
-1.262017 6.873000 0.178497
-1.311426 6.699951 0.390874
-1.429261 6.806189 0.639645
-1.596625 7.071553 1.056715
-1.615964 7.201725 1.071481
-1.345028 6.833186 0.395983
-1.631245 7.350931 1.099111
-1.497637 7.231183 0.751272
-1.199591 6.969181 -0.003198
-1.168870 6.566064 -0.025542
-1.376858 6.989789 0.457737
-1.197426 6.968801 -0.016362
-1.487115 7.094140 0.750740
-1.194034 6.825017 0.017342
-1.485999 6.870160 0.757337
-1.480854 6.976247 0.756474
-1.365884 7.126525 0.424686
-1.256348 6.668705 0.277161
-1.179502 6.699056 -0.017287
-1.463009 7.083148 0.681131
-1.378220 6.886766 0.474742
-1.274806 6.911918 0.206630
-1.184417 6.829989 -0.011277
-1.562661 7.062418 0.953975
-1.488638 7.251722 0.708294
-1.150235 6.947908 -0.148164
-1.153378 6.951767 -0.137018
-1.141874 6.563404 -0.079371
-1.271779 7.059793 0.176727
-1.371954 6.782999 0.492275
-1.203956 6.623326 0.061457
-1.631035 7.388477 1.050276
-1.127536 6.554023 -0.147354
-1.271039 7.069156 0.172975
-1.139720 6.684111 -0.098965
-1.376341 7.166506 0.433103
-1.145153 6.813313 -0.128473
-1.440565 6.966602 0.654707
-1.109514 6.548242 -0.156245
-1.144459 6.815859 -0.144858
-1.123547 6.676260 -0.131882
-1.347784 7.004574 0.400872
-1.592722 7.227823 0.993527
-1.586213 7.000630 1.034242
-1.105626 6.666416 -0.154645
-1.279186 6.823414 0.226545
-1.247194 6.794829 0.151796
-1.539561 6.959386 0.911126
-1.248176 6.921023 0.166657
-1.173792 6.735224 0.047689
-1.599163 7.125747 1.052014
-1.618819 7.260861 1.070455
-1.651023 7.427562 1.101171
-1.340728 6.885202 0.381232
-1.500629 7.293956 0.746177
-1.329060 6.763052 0.365116
-1.432156 6.861306 0.624746
-1.193228 7.026662 -0.022923
-1.492894 7.154529 0.742901
-1.368321 7.042188 0.448536
-1.195636 7.031754 -0.038372
-1.194104 6.884865 -0.006635
-1.171361 6.621346 -0.054728
-1.372447 7.192737 0.407891
-1.481735 7.030810 0.747631
-1.473865 6.914164 0.748815
-1.267690 6.727616 0.251579
-1.466228 7.143177 0.669922
-1.174156 6.752717 -0.040650
-1.270994 6.968864 0.190670
-1.374265 6.940067 0.462858
-1.181817 6.888565 -0.035765
-1.489948 7.312107 0.700285
-1.567098 7.120816 0.946478
-1.149491 7.013411 -0.174220
-1.270824 7.122557 0.156788
-1.152220 7.016903 -0.163907
-1.145798 6.619773 -0.110950
-1.645615 7.459795 1.047657
-1.379453 6.840832 0.473886
-1.189738 6.669175 0.047154
-1.276832 7.139215 0.152468
-1.118538 6.727243 -0.107398
-1.116685 6.602412 -0.168059
-1.377314 7.232026 0.421801
-1.446091 7.025717 0.641547
-1.147708 6.876797 -0.158891
-1.593493 7.285117 0.988347
-1.345735 7.062057 0.386203
-1.221996 6.710998 0.126751
-1.135916 6.872453 -0.166714
-1.591079 7.054816 1.027182
-1.112659 6.727390 -0.151367
-1.278613 6.880168 0.207852
-1.250950 6.983048 0.142780
-1.198778 6.808312 0.005468
-1.242619 6.850139 0.132130
-1.603913 7.183592 1.048210
-1.622109 7.321270 1.069856
-1.540476 7.014881 0.901856
-1.502274 7.360215 0.741423
-1.336879 6.939411 0.366495
-1.324355 6.815632 0.349116
-1.194737 7.092143 -0.048888
-1.421404 6.909154 0.615046
-1.200791 7.101978 -0.065840
-1.372497 7.105689 0.435322
-1.490513 7.212944 0.737596
-1.371307 7.254584 0.393254
-1.191843 6.944719 -0.028249
-1.483069 7.087564 0.738802
-1.476166 6.968910 0.737983
-1.464925 7.200470 0.659770
-1.280921 6.789803 0.223614
-1.490802 7.374870 0.692660
-1.168333 6.807841 -0.063215
-1.270416 7.030179 0.172380
-1.178723 6.947684 -0.059042
-1.359844 6.987740 0.455068
-1.571971 7.180485 0.939407
-1.268051 7.185688 0.137596
-1.373721 6.891763 0.461528
-1.274395 7.203630 0.136146
-1.180669 6.719018 0.027329
-1.378757 7.300647 0.410103
-1.140670 6.801425 -0.157086
-1.598728 7.346963 0.983745
-1.443024 7.081571 0.630504
-1.340542 7.119734 0.371817
-1.587848 7.105187 1.021037
-1.228041 6.770100 0.098921
-1.246357 7.041996 0.123931
-1.268900 6.931468 0.193717
-1.605485 7.239796 1.045513
-1.639299 7.395713 1.069364
-1.236208 6.904900 0.113624
-1.185065 6.859086 -0.010047
-1.506130 7.430119 0.737568
-1.333066 6.995445 0.350939
-1.537797 7.068367 0.892862
-1.192223 7.159837 -0.075021
-1.369693 7.317893 0.379414
-1.317415 6.868216 0.333031
-1.431994 6.973201 0.598390
-1.193030 7.165685 -0.084001
-1.376727 7.171927 0.420879
-1.495396 7.279007 0.730112
-1.187364 7.005491 -0.050361
-1.475792 7.140145 0.732502
-1.473946 7.020919 0.728208
-1.132919 6.711442 -0.080039
-1.498920 7.445275 0.682857
-1.468140 7.265067 0.648959
-1.267075 7.090219 0.156031
-1.274497 6.843663 0.205508
-1.174355 7.009366 -0.084010
-1.166254 6.867697 -0.089726
-1.368205 7.052688 0.437929
-1.269889 7.256108 0.115302
-1.572340 7.238337 0.932981
-1.274300 7.273518 0.117452
-1.364828 6.941972 0.449867
-1.109312 6.712234 -0.140677
-1.191471 6.783580 -0.007678
-1.383852 7.373998 0.396908
-1.615611 7.421938 0.979569
-1.345376 7.186319 0.353318
-1.439500 7.139807 0.619844
-1.596287 7.165026 1.014515
-1.224915 6.827418 0.076449
-1.250068 7.110227 0.099262
-1.614243 7.304574 1.042668
-1.643914 7.460862 1.069625
-1.266977 6.991699 0.175373
-1.233541 6.964393 0.091172
-1.186606 6.921848 -0.037238
-1.186434 7.225895 -0.097598
-1.328378 7.053493 0.334936
-1.372197 7.389047 0.363674
-1.540960 7.129338 0.883669
-1.187178 7.233580 -0.104953
-1.497102 7.343429 0.723736
-1.375943 7.235986 0.408695
-1.314123 6.925541 0.315446
-1.188917 7.073726 -0.077560
-1.424929 7.027617 0.586371
-1.473936 7.076581 0.719330
-1.486600 7.208199 0.722387
-1.467249 7.327294 0.640039
-1.146206 6.779642 -0.121489
-1.267946 7.158102 0.135333
-1.271349 7.327978 0.091360
-1.269401 6.897688 0.187872
-1.175092 7.077781 -0.113284
-1.369298 7.114551 0.423372
-1.159157 6.925373 -0.113975
-1.570912 7.297475 0.926889
-1.276034 7.348513 0.098003
-1.365033 7.000374 0.434870
-1.177339 6.833992 -0.024022
-1.347483 7.253460 0.335937
-1.443715 7.204217 0.606214
-1.595703 7.220323 1.009690
-1.616742 7.366074 1.039585
-1.246509 7.175375 0.077175
-1.266017 7.054477 0.155431
-1.219059 6.885295 0.055095
-1.181210 7.295048 -0.123015
-1.180781 6.981533 -0.059399
-1.228578 7.025728 0.070258
-1.325468 7.113905 0.319412
-1.187360 7.308930 -0.130990
-1.541873 7.189392 0.874804
-1.378843 7.306609 0.394191
-1.502417 7.415338 0.717072
-1.184992 7.142170 -0.102119
-1.484752 7.267882 0.715065
-1.313137 6.986509 0.296311
-1.422837 7.086949 0.573313
-1.480773 7.139528 0.707436
-1.470026 7.395170 0.629209
-1.267297 7.398228 0.070882
-1.141049 6.838783 -0.149754
-1.270232 7.230727 0.113047
-1.168957 7.142565 -0.138731
-1.365375 7.174236 0.411075
-1.265300 6.956100 0.167811
-1.578921 7.366086 0.920331
-1.159019 6.991239 -0.144095
-1.282000 7.432257 0.073798
-1.367129 7.062052 0.417490
-1.347823 7.323718 0.318068
-1.179005 6.898589 -0.054486
-1.450159 7.273189 0.593071
-1.595571 7.277812 1.004879
-1.632213 7.440879 1.037389
-1.244744 7.243801 0.055154
-1.255916 7.111806 0.140047
-1.186265 7.381333 -0.158693
-1.212310 6.944267 0.033707
-1.231051 7.093777 0.042682
-1.183387 7.052327 -0.090653
-1.326753 7.181245 0.299950
-1.194174 7.396669 -0.165784
-1.379927 7.377598 0.380434
-1.548610 7.256007 0.866153
-1.181503 7.211882 -0.126247
-1.486062 7.332855 0.707445
-1.474478 7.195578 0.699125
-1.309423 7.048035 0.278294
-1.422559 7.150480 0.559909
-1.267900 7.300623 0.094267
-1.160508 7.208272 -0.162226
-1.366481 7.241581 0.396507
-1.162227 7.062379 -0.179404
-1.585565 7.437262 0.914528
-1.260724 7.015974 0.148549
-1.359158 7.117552 0.405453
-1.353140 7.398877 0.299164
-1.604860 7.343855 1.000013
-1.448937 7.339630 0.581264
-1.172377 6.959380 -0.079135
-1.244922 7.318244 0.029520
-1.261492 7.186982 0.113796
-1.224305 7.157298 0.021701
-1.181409 7.122222 -0.119222
-1.328508 7.251685 0.280092
-1.206541 7.006705 0.010309
-1.176741 7.284152 -0.152064
-1.493725 7.405661 0.698015
-1.547683 7.320090 0.858839
-1.480385 7.262363 0.688413
-1.302036 7.108476 0.262591
-1.423660 7.216923 0.545739
-1.264712 7.373444 0.074631
-1.368983 7.312754 0.380760
-1.257111 7.078395 0.127688
-1.360339 7.183986 0.388844
-1.618193 7.418671 0.995276
-1.449946 7.410631 0.569944
-1.173185 7.026886 -0.110447
-1.249313 7.400519 -0.000460
-1.262035 7.259059 0.090220
-1.221787 7.229575 -0.004038
-1.175758 7.191030 -0.145477
-1.329390 7.324132 0.259790
-1.206371 7.075321 -0.018600
-1.181790 7.370438 -0.187741
-1.479519 7.325512 0.679080
-1.551750 7.389998 0.850077
-1.303861 7.178008 0.240695
-1.424305 7.285743 0.531955
-1.371030 7.386299 0.365401
-1.254910 7.145564 0.105237
-1.365187 7.256066 0.370325
-1.169460 7.096245 -0.140310
-1.261210 7.333700 0.067404
-1.224375 7.308578 -0.034082
-1.332102 7.401686 0.238732
-1.171103 7.264213 -0.174151
-1.203905 7.145774 -0.045966
-1.485458 7.398692 0.667944
-1.305263 7.251746 0.218363
-1.422223 7.355119 0.519290
-1.253724 7.218025 0.079953
-1.362767 7.325065 0.354391
-1.164842 7.166695 -0.170204
-1.259962 7.412545 0.044153
-1.220126 7.385782 -0.061120
-1.195000 7.213880 -0.069082
-1.303938 7.326037 0.197152
-1.428367 7.434690 0.502840
-1.252990 7.292668 0.054688
-1.365376 7.401716 0.336186
-1.532644 6.599271 0.950959
-1.529334 6.590348 0.907771
-1.572279 6.603891 1.115245
-1.624389 6.674584 1.148938
-1.501109 6.613666 0.906400
-1.515429 6.621704 0.904751
-1.595130 6.652954 1.103681
-1.536271 6.677660 0.932733
-1.507567 6.601173 0.871881
-1.622188 6.713233 1.138585
-1.510559 6.667966 0.894718
-1.635375 6.730163 1.175193
-1.506892 6.618704 0.907164
-1.427849 6.591096 0.673072
-1.527544 6.662853 0.892832
-1.507392 6.660215 0.896410
-1.493918 6.606489 0.903954
-1.598302 6.695067 1.091280
-1.416073 6.597243 0.621456
-1.533607 6.716869 0.923604
-1.478955 6.632030 0.863509
-1.620870 6.754465 1.129028
-1.517284 6.714879 0.885547
-1.514523 6.662655 0.896403
-1.399203 6.621089 0.670023
-1.416901 6.595609 0.626765
-1.519064 6.700982 0.883681
-1.630101 6.756254 1.151502
-1.504273 6.700914 0.888076
-1.467992 6.617212 0.823594
-1.507822 6.652793 0.891160
-1.532724 6.756630 0.915709
-1.405340 6.637243 0.613899
-1.398521 6.605520 0.631002
-1.600123 6.739769 1.079657
-1.618652 6.794966 1.120298
-1.507634 6.685787 0.847857
-1.418632 6.600156 0.631186
-1.517733 6.759436 0.878414
-1.396031 6.586617 0.596919
-1.494848 6.696250 0.889284
-1.437762 6.678207 0.647451
-1.333603 6.593831 0.421273
-1.407066 6.635417 0.618810
-1.519083 6.743303 0.874125
-1.627439 6.795462 1.142378
-1.314235 6.578067 0.370315
-1.524871 6.753638 0.877290
-1.531842 6.797304 0.907398
-1.497557 6.689451 0.881203
-1.493550 6.671147 0.805878
-1.418612 6.599529 0.629128
-1.380715 6.670536 0.610838
-1.414237 6.654140 0.613704
-1.596125 6.781548 1.068857
-1.505870 6.727551 0.837072
-1.616435 6.837296 1.110730
-1.414186 6.641558 0.619571
-1.518625 6.804361 0.872100
-1.432858 6.718330 0.637896
-1.524412 6.750741 0.875266
-1.383530 6.626036 0.585686
-1.323132 6.588520 0.370615
-1.322879 6.632881 0.411693
-1.391852 6.672684 0.612492
-1.616719 6.831761 1.134061
-1.514182 6.784348 0.864150
-1.307093 6.620039 0.359903
-1.534540 6.839975 0.898679
-1.515922 6.794187 0.870972
-1.522200 6.741755 0.867184
-1.369874 6.605353 0.547466
-1.411926 6.640024 0.617920
-1.488212 6.714575 0.793824
-1.408060 6.728657 0.592680
-1.420545 6.701524 0.598409
-1.313247 6.609995 0.373529
-1.594809 6.825521 1.058049
-1.609739 6.876889 1.102399
-1.394495 6.677011 0.614066
-1.501871 6.771155 0.825436
-1.257474 6.594449 0.205977
-1.426615 6.759183 0.627510
-1.515039 6.848384 0.866182
-1.521737 6.793634 0.866916
-1.312310 6.596669 0.377765
-1.308098 6.587009 0.335399
-1.408219 6.680998 0.563059
-1.630946 6.934319 1.143031
-1.308818 6.628341 0.362637
-1.336373 6.683292 0.391100
-1.627019 6.877913 1.125753
-1.414277 6.728618 0.594331
-1.516882 6.828854 0.854591
-1.291866 6.660080 0.354777
-1.531863 6.881939 0.890755
-1.521746 6.841266 0.862216
-1.517299 6.782798 0.857211
-1.223742 6.599265 0.158326
-1.391352 6.675644 0.610366
-1.389643 6.659048 0.524416
-1.412961 6.742195 0.587609
-1.404487 6.773567 0.583893
-1.485111 6.758903 0.781369
-1.237589 6.577803 0.159495
-1.315989 6.657174 0.355358
-1.638985 6.941140 1.140528
-1.591254 6.869496 1.047233
-1.425291 6.802217 0.617132
-1.303774 6.602002 0.376390
-1.616010 6.925261 1.094040
-1.415135 6.731469 0.595098
-1.501892 6.816215 0.814629
-1.242716 6.634806 0.196769
-1.525775 6.901334 0.858202
-1.519960 6.837245 0.857751
-1.313696 6.642779 0.362050
-1.286168 6.624307 0.329041
-1.407355 6.727140 0.549780
-1.630498 6.978130 1.136733
-1.331926 6.726502 0.378657
-1.305712 6.673577 0.349765
-1.520924 6.875367 0.844611
-1.625244 6.920606 1.117009
-1.413398 6.773864 0.583926
-1.533207 6.925357 0.883659
-1.312081 6.716863 0.331290
-1.162404 6.584552 0.015615
-1.224579 6.606821 0.159433
-1.119657 6.558263 -0.015348
-1.161578 6.575126 -0.069198
-1.282410 6.601451 0.281523
-1.525777 6.889639 0.853846
-1.514180 6.825310 0.848052
-1.217057 6.644325 0.145027
-1.411549 6.729728 0.590586
-1.410299 6.786881 0.575976
-1.404053 6.821015 0.573465
-1.219911 6.582299 0.115609
-1.386100 6.705745 0.509888
-1.233600 6.624118 0.144154
-1.188207 6.619833 0.034507
-1.221417 6.593489 0.161204
-1.486489 6.806869 0.767267
-1.320072 6.705439 0.337187
-1.166469 6.568730 0.004802
-1.637638 6.985143 1.134632
-1.235754 6.572294 0.155839
-1.423969 6.847075 0.605917
-1.589924 6.915315 1.038044
-1.612439 6.968332 1.086100
-1.300238 6.645926 0.360674
-1.250850 6.686305 0.173684
-1.499675 6.861277 0.803812
-1.410678 6.776545 0.584265
-1.519496 6.945921 0.853495
-1.516830 6.881610 0.850204
-1.297142 6.682608 0.354065
-1.311801 6.682634 0.296993
-1.396638 6.769845 0.538530
-1.634071 7.024313 1.130844
-1.328380 6.772262 0.364557
-1.315617 6.726582 0.329939
-1.175903 6.595653 -0.006517
-1.530973 6.968598 0.876138
-1.627033 6.965324 1.110308
-1.517351 6.919349 0.836253
-1.406246 6.818596 0.574717
-1.304486 6.762132 0.320846
-1.166957 6.634963 -0.007478
-1.235424 6.660467 0.131437
-1.525773 6.937483 0.846686
-1.256444 6.638229 0.276375
-1.515985 6.872753 0.837639
-1.231469 6.699989 0.119072
-1.146535 6.563152 -0.034471
-1.405399 6.831571 0.564334
-1.408446 6.774959 0.577719
-1.401367 6.869409 0.565057
-1.215246 6.663411 0.137393
-1.204269 6.623739 0.103935
-1.191863 6.670429 0.011817
-1.221477 6.641211 0.141791
-1.378523 6.751915 0.496572
-1.313389 6.750489 0.323894
-1.420850 6.891397 0.595927
-1.629134 7.026966 1.128724
-1.484276 6.854681 0.755191
-1.168342 6.618781 -0.019120
-1.221011 6.614460 0.143344
-1.248217 6.733671 0.155897
-1.590834 6.962946 1.028035
-1.615574 7.016889 1.078137
-1.408459 6.822517 0.573032
-1.503720 6.910532 0.792577
-1.315989 6.700879 0.335551
-1.522656 6.930504 0.840619
-1.132120 6.597116 -0.095017
-1.519480 6.995617 0.847949
-1.133035 6.598729 -0.098707
-1.315132 6.738453 0.328539
-1.636747 7.070681 1.125359
-1.154433 6.595779 -0.014433
-1.201902 6.598209 0.048294
-1.302880 6.727696 0.283686
-1.396673 6.817610 0.524022
-1.328414 6.820014 0.350052
-1.532764 7.016042 0.868184
-1.514677 6.964047 0.827079
-1.627483 7.010768 1.102777
-1.307579 6.771474 0.318683
-1.157108 6.636402 -0.014932
-1.408950 6.868578 0.562649
-1.304965 6.812093 0.306315
-1.176906 6.690611 -0.035907
-1.232789 6.707835 0.113650
-1.098649 6.567911 -0.111200
-1.104857 6.574055 -0.102666
-1.135625 6.570590 -0.014653
-1.517710 6.981507 0.840755
-1.514208 6.917266 0.828064
-1.227025 6.747764 0.104538
-1.281637 6.698923 0.242257
-1.406319 6.880076 0.551458
-1.409819 6.821991 0.564046
-1.148422 6.614091 -0.061261
-1.400476 6.917407 0.555854
-1.189686 6.719050 -0.008022
-1.227876 6.719429 0.109793
-1.218266 6.679892 0.071849
-1.313438 6.799131 0.306520
-1.419075 6.938640 0.585096
-1.636718 7.077378 1.124853
-1.233664 6.696861 0.113375
-1.378117 6.801140 0.480410
-1.152684 6.661154 -0.028758
-1.485641 6.904488 0.742709
-1.246923 6.781207 0.138530
-1.611092 7.061998 1.072217
-1.201774 6.654840 0.134115
-1.407584 6.871413 0.560957
-1.498810 6.957074 0.782550
-1.591290 7.012054 1.018825
-1.102815 6.559238 -0.140072
-1.517731 6.976156 0.833463
-1.307966 6.746665 0.321426
-1.526625 7.049305 0.841585
-1.116020 6.640032 -0.105890
-1.127657 6.581953 -0.107544
-1.639412 7.119816 1.121068
-1.125023 6.645398 -0.115701
-1.309790 6.785512 0.314825
-1.319934 6.864515 0.337989
-1.147777 6.643526 -0.033884
-1.390435 6.863943 0.511130
-1.295756 6.774197 0.268743
-1.534098 7.063129 0.861870
-1.159760 6.629301 0.054556
-1.516470 7.013321 0.818288
-1.623455 7.054395 1.096062
-1.305819 6.821445 0.304141
-1.170223 6.693622 -0.049483
-1.406721 6.917310 0.552613
-1.301849 6.860984 0.294231
-1.168883 6.738209 -0.050867
-1.228816 6.755928 0.095034
-1.146960 6.719992 -0.123858
-1.115841 6.626492 -0.154729
-1.122491 6.633010 -0.145380
-1.510531 7.026276 0.836458
-1.148309 6.626513 -0.052053
-1.507955 6.961794 0.818464
-1.225279 6.798612 0.087129
-1.401862 6.926040 0.540220
-1.404465 6.869078 0.552785
-1.157956 6.669311 -0.095401
-1.280350 6.751057 0.222787
-1.404956 6.972532 0.545374
-1.423576 6.989125 0.571818
-1.183918 6.768435 -0.026255
-1.224788 6.769187 0.092387
-1.304958 6.844551 0.294037
-1.637599 7.125039 1.119754
-1.215649 6.729974 0.050357
-1.223401 6.742648 0.099240
-1.240241 6.828980 0.123989
-1.163092 6.718975 -0.059657
-1.369642 6.848403 0.467085
-1.479394 6.952680 0.731430
-1.607511 7.108740 1.065061
-1.404911 6.919769 0.550108
-1.225643 6.717134 0.096300
-1.496583 7.005803 0.772518
-1.509668 7.021091 0.827117
-1.636268 7.164176 1.115989
-1.304420 6.794252 0.306494
-1.105839 6.606755 -0.207637
-1.524358 7.099937 0.838065
-1.592632 7.063735 1.010410
-1.108781 6.613354 -0.176672
-1.139495 6.704589 -0.153124
-1.537674 7.112942 0.854315
-1.322211 6.915899 0.321827
-1.137257 6.704602 -0.153138
-1.119674 6.629486 -0.129855
-1.306690 6.835299 0.299871
-1.159095 6.701130 -0.067632
-1.389119 6.914283 0.497407
-1.291772 6.824149 0.251739
-1.627031 7.103311 1.088923
-1.516025 7.062598 0.809488
-1.193543 6.697657 0.003660
-1.302262 6.870876 0.290824
-1.166266 6.744427 -0.071805
-1.406277 6.969337 0.542551
-1.653562 7.195274 1.137750
-1.300079 6.913712 0.280886
-1.166253 6.790130 -0.070742
-1.225287 6.806217 0.076398
-1.149282 6.775867 -0.149469
-1.512885 7.012696 0.808450
-1.518577 7.082512 0.828440
-1.093908 6.668356 -0.163169
-1.086164 6.667009 -0.139927
-1.218584 6.848240 0.074200
-1.140769 6.674417 -0.073547
-1.403228 6.977648 0.526910
-1.401806 6.917406 0.539488
-1.420006 7.036736 0.561798
-1.405854 7.025644 0.535311
-1.149063 6.717963 -0.115277
-1.273684 6.799731 0.205375
-1.179948 6.820170 -0.046542
-1.640708 7.176371 1.115445
-1.219906 6.820237 0.075368
-1.302758 6.895962 0.277848
-1.208083 6.778834 0.033347
-1.219871 6.792941 0.080604
-1.243891 6.884143 0.101666
-1.160476 6.770872 -0.081981
-1.371921 6.901635 0.450082
-1.618681 7.165713 1.058689
-1.406719 6.971755 0.537612
-1.513245 7.072743 0.818722
-1.640720 7.216596 1.111677
-1.479408 7.005059 0.719734
-1.487638 7.051811 0.763708
-1.533633 7.159313 0.848802
-1.220331 6.766877 0.076434
-1.301333 6.844009 0.289093
-1.525231 7.153100 0.832905
-1.325389 6.969823 0.304011
-1.091567 6.652884 -0.225882
-1.586371 7.111026 1.002009
-1.129247 6.753078 -0.170961
-1.083710 6.653593 -0.183885
-1.135997 6.758479 -0.178337
-1.300452 6.884365 0.285728
-1.155137 6.751934 -0.089951
-1.514682 7.112058 0.801093
-1.626573 7.151699 1.082996
-1.390944 6.968070 0.481623
-1.290927 6.876630 0.233096
-1.186891 6.748131 -0.017040
-1.299149 6.922504 0.277487
-1.168145 6.799926 -0.098228
-1.648156 7.242438 1.136303
-1.406734 7.022990 0.531255
-1.297410 6.965704 0.268367
-1.162272 6.843717 -0.089416
-1.223115 6.858479 0.054893
-1.136327 6.824954 -0.163651
-1.511542 7.062167 0.800053
-1.522587 7.137302 0.822054
-1.220880 6.904158 0.053496
-1.404596 7.030159 0.513185
-1.095815 6.723813 -0.194492
-1.098412 6.727094 -0.180227
-1.421359 7.089265 0.550525
-1.151206 6.734924 -0.110598
-1.398693 6.967210 0.526991
-1.397780 7.075161 0.529326
-1.152313 6.774508 -0.146604
-1.176881 6.873531 -0.068064
-1.640681 7.226068 1.112366
-1.220860 6.875068 0.054668
-1.305497 6.951347 0.258379
-1.269261 6.852049 0.186304
-1.236772 6.934268 0.085062
-1.209069 6.835448 0.006908
-1.216347 6.845974 0.060715
-1.155611 6.823716 -0.102283
-1.536757 7.211509 0.841635
-1.644716 7.269577 1.108588
-1.621353 7.219407 1.052315
-1.405835 7.024314 0.526326
-1.518610 7.127692 0.810305
-1.369713 6.955826 0.435089
-1.494359 7.108745 0.752416
-1.318699 7.019435 0.291097
-1.527434 7.209210 0.829359
-1.479869 7.059638 0.708023
-1.214124 6.817723 0.056557
-1.296896 6.895439 0.272897
-1.109558 6.797663 -0.180632
-1.298696 6.936148 0.270364
-1.091481 6.711878 -0.223369
-1.110915 6.799648 -0.183506
-1.513782 7.161886 0.793523
-1.592183 7.168187 0.993570
-1.630582 7.204664 1.077458
-1.386936 7.018973 0.469117
-1.289187 6.930214 0.214444
-1.154340 6.807991 -0.117614
-1.299636 6.977013 0.260883
-1.186534 6.802740 -0.043049
-1.656163 7.299652 1.135235
-1.155207 6.848074 -0.114430
-1.398673 7.070653 0.523669
-1.300124 7.022965 0.252970
-1.159649 6.898367 -0.110532
-1.220493 6.913137 0.033777
-1.507517 7.110354 0.791262
-1.521220 7.189559 0.817316
-1.215091 6.957240 0.038509
-1.401032 7.082345 0.501083
-1.422717 7.143620 0.538430
-1.147269 6.787532 -0.136191
-1.406289 7.136293 0.517599
-1.400506 7.021940 0.513255
-1.643334 7.278866 1.108877
-1.177855 6.931061 -0.092454
-1.147922 6.829503 -0.171817
-1.298364 7.001504 0.244240
-1.215083 6.927212 0.037652
-1.227400 6.984432 0.070910
-1.267082 6.908011 0.165586
-1.542563 7.266802 0.834052
-1.205562 6.890274 -0.016254
-1.213723 6.900638 0.039603
-1.158396 6.882672 -0.130764
-1.651394 7.325655 1.105085
-1.623566 7.273659 1.047172
-1.515015 7.178102 0.803948
-1.397332 7.072518 0.517513
-1.319186 7.074838 0.274085
-1.497043 7.164235 0.742767
-1.533218 7.269139 0.824578
-1.367962 7.011270 0.418059
-1.294255 6.948303 0.255075
-1.208817 6.870199 0.035455
-1.471369 7.109677 0.698372
-1.516011 7.217936 0.785092
-1.299184 6.993402 0.252509
-1.631452 7.256908 1.072740
-1.598879 7.227916 0.985936
-1.376652 7.068451 0.458237
-1.147694 6.861191 -0.139549
-1.287451 6.986534 0.194546
-1.295630 7.031565 0.246711
-1.665498 7.359807 1.135783
-1.160689 6.909187 -0.145369
-1.399119 7.127065 0.513588
-1.301942 7.082237 0.237145
-1.180789 6.858501 -0.066644
-1.159271 6.957568 -0.133722
-1.218771 6.969418 0.011431
-1.528358 7.249644 0.810501
-1.509302 7.166041 0.782015
-1.423175 7.198155 0.526742
-1.396568 7.134712 0.489390
-1.216039 7.016648 0.018184
-1.640610 7.330042 1.106605
-1.173894 6.987342 -0.114811
-1.391561 7.070685 0.503210
-1.404042 7.193272 0.508724
-1.143791 6.844135 -0.165089
-1.298411 7.058364 0.225576
-1.211550 6.983909 0.018558
-1.231958 7.045774 0.045278
-1.543435 7.320848 0.828502
-1.654934 7.381011 1.102394
-1.262206 6.962710 0.146914
-1.209304 6.955675 0.019298
-1.193067 6.940619 -0.032467
-1.151738 6.937714 -0.151082
-1.320118 7.132432 0.257054
-1.624883 7.329008 1.042017
-1.514104 7.232525 0.796746
-1.403172 7.133257 0.502513
-1.532725 7.325808 0.822255
-1.496591 7.219919 0.733511
-1.517340 7.273251 0.777487
-1.357680 7.062577 0.406342
-1.204853 6.925591 0.013514
-1.290265 7.003749 0.238035
-1.475856 7.170270 0.685408
-1.294736 7.047575 0.237526
-1.628742 7.308058 1.068020
-1.599313 7.284353 0.978311
-1.383848 7.130254 0.440784
-1.148242 6.921064 -0.168457
-1.276283 7.037082 0.181201
-1.291169 7.086674 0.233761
-1.403605 7.187638 0.500627
-1.153148 6.964386 -0.167733
-1.293887 7.136281 0.226639
-1.154855 7.015324 -0.155279
-1.175943 6.914968 -0.091052
-1.424080 7.255797 0.514617
-1.216596 7.029000 -0.010952
-1.531017 7.307909 0.804503
-1.507947 7.219175 0.774419
-1.212950 7.074612 -0.000507
-1.401511 7.195627 0.474796
-1.169037 7.044717 -0.137180
-1.411199 7.256963 0.497787
-1.651745 7.393461 1.104681
-1.399198 7.132867 0.486573
-1.543410 7.375990 0.822939
-1.297562 7.117235 0.206480
-1.229328 7.104993 0.024535
-1.210718 7.044584 -0.003828
-1.654895 7.435273 1.099701
-1.318811 7.189111 0.240436
-1.200338 7.005931 -0.063846
-1.209825 7.016510 -0.005125
-1.144640 6.994198 -0.173048
-1.263171 7.024844 0.122886
-1.521245 7.294428 0.789098
-1.632453 7.391309 1.037636
-1.400037 7.188570 0.492432
-1.539842 7.390492 0.818253
-1.499723 7.280334 0.722592
-1.522255 7.333296 0.768218
-1.639447 7.370160 1.063251
-1.292111 7.063884 0.216897
-1.363539 7.126944 0.387219
-1.293429 7.106105 0.220066
-1.201793 6.984435 -0.010498
-1.474066 7.228515 0.674484
-1.383870 7.189903 0.425770
-1.603316 7.344634 0.971891
-1.283071 7.103014 0.155941
-1.294788 7.150116 0.215048
-1.404497 7.247141 0.490115
-1.296153 7.199558 0.209963
-1.158979 7.081755 -0.184234
-1.425427 7.313800 0.503311
-1.210382 7.084392 -0.030444
-1.178293 6.979021 -0.122852
-1.532324 7.366924 0.800128
-1.405556 7.256719 0.460609
-1.510179 7.277957 0.764740
-1.206713 7.133713 -0.016775
-1.413879 7.319749 0.487250
-1.659299 7.454865 1.103175
-1.167781 7.107704 -0.164082
-1.548753 7.436418 0.816940
-1.296258 7.176660 0.188606
-1.390700 7.185626 0.475676
-1.228496 7.165637 0.002158
-1.203592 7.101112 -0.020888
-1.321536 7.253636 0.221711
-1.194141 7.064042 -0.087044
-1.205412 7.076093 -0.027514
-1.523008 7.354707 0.782670
-1.633760 7.450321 1.033265
-1.396907 7.246616 0.481099
-1.261440 7.085713 0.100905
-1.523576 7.393188 0.760976
-1.503743 7.343313 0.712469
-1.640307 7.426058 1.059322
-1.287224 7.121326 0.199432
-1.292127 7.167364 0.201354
-1.197835 7.044373 -0.034523
-1.359984 7.187339 0.371362
-1.478544 7.292765 0.662306
-1.382099 7.250840 0.411145
-1.277745 7.161897 0.136826
-1.294373 7.213029 0.197548
-1.605526 7.407118 0.965442
-1.300663 7.266463 0.191631
-1.404040 7.310139 0.479967
-1.428565 7.377833 0.490725
-1.204175 7.145260 -0.052445
-1.534520 7.430335 0.795711
-1.404227 7.318017 0.446803
-1.516878 7.341302 0.755446
-1.208113 7.199852 -0.039201
-1.168060 7.036621 -0.144843
-1.412512 7.383867 0.479537
-1.230811 7.232460 -0.023535
-1.298099 7.242264 0.167416
-1.389367 7.245113 0.462705
-1.204107 7.167425 -0.045362
-1.319780 7.315427 0.204223
-1.527899 7.418451 0.776632
-1.187492 7.125451 -0.110279
-1.195150 7.133737 -0.044599
-1.398703 7.310485 0.468098
-1.507309 7.407759 0.703150
-1.253879 7.147355 0.080521
-1.284535 7.226308 0.187130
-1.282784 7.181874 0.181531
-1.193882 7.107039 -0.059798
-1.367633 7.257714 0.350967
-1.428121 7.438939 0.478975
-1.295301 7.277934 0.179631
-1.384812 7.318137 0.393619
-1.482570 7.360311 0.650093
-1.297984 7.331247 0.178188
-1.410305 7.378566 0.467350
-1.279147 7.229871 0.113565
-1.409166 7.385315 0.431743
-1.205606 7.213164 -0.080604
-1.209517 7.268715 -0.062877
-1.514621 7.401025 0.747784
-1.169518 7.105404 -0.178324
-1.229533 7.300040 -0.047618
-1.297703 7.307864 0.146219
-1.397000 7.314594 0.445183
-1.317572 7.379600 0.187119
-1.203726 7.234827 -0.069849
-1.194783 7.201119 -0.071536
-1.184444 7.192470 -0.138044
-1.404528 7.380366 0.453830
-1.255740 7.217505 0.054789
-1.289962 7.297554 0.163860
-1.282387 7.248407 0.159914
-1.189033 7.171712 -0.085504
-1.300247 7.401816 0.160629
-1.387071 7.385985 0.377315
-1.293981 7.346523 0.162481
-1.411638 7.446658 0.456348
-1.363631 7.324132 0.333825
-1.276513 7.296399 0.091938
-1.484801 7.429142 0.638270
-1.406487 7.449172 0.418727
-1.202544 7.280190 -0.105913
-1.202388 7.332534 -0.080820
-1.219723 7.362578 -0.065968
-1.295056 7.375318 0.126627
-1.314469 7.445780 0.169585
-1.398800 7.381187 0.430934
-1.200653 7.303708 -0.093545
-1.193964 7.271794 -0.098507
-1.180501 7.261491 -0.166238
-1.255364 7.288561 0.028633
-1.289999 7.368117 0.143840
-1.284677 7.319854 0.137037
-1.294464 7.418362 0.142859
-1.185987 7.240551 -0.114100
-1.366793 7.396352 0.315029
-1.272086 7.365126 0.070282
-1.203348 7.408328 -0.106200
-1.191852 7.344722 -0.127147
-1.217556 7.434887 -0.091732
-1.293755 7.445677 0.106199
-1.193986 7.371519 -0.114792
-1.191808 7.344097 -0.126723
-1.286898 7.437040 0.125054
-1.249598 7.358934 0.005728
-1.279790 7.387320 0.117439
-1.180690 7.310326 -0.140670
-1.274384 7.441104 0.045320
-1.200482 7.430236 -0.164842
-1.191000 7.421127 -0.156612
-1.246977 7.435478 -0.020489
-1.175856 7.384997 -0.170963
-1.617277 6.592443 1.085817
-1.590253 6.591092 1.092288
-1.586510 6.626125 1.079352
-1.569440 6.623272 1.070974
-1.592064 6.588853 1.082159
-1.573858 6.659854 1.066505
-1.600769 6.667824 1.054921
-1.599681 6.619516 1.110694
-1.499228 6.589211 0.811651
-1.580223 6.623299 1.070992
-1.485962 6.591752 0.789666
-1.574951 6.696359 1.054164
-1.601347 6.707704 1.040215
-1.621243 6.661037 1.095878
-1.613739 6.613603 1.141258
-1.477067 6.622958 0.802179
-1.568351 6.658681 1.059439
-1.555112 6.729372 1.042696
-1.470467 6.629590 0.776440
-1.583319 6.613485 1.058616
-1.594335 6.746504 1.026052
-1.511290 6.589305 0.827641
-1.622250 6.700346 1.082392
-1.617035 6.651145 1.128610
-1.488172 6.582997 0.803447
-1.493332 6.664456 0.785146
-1.409338 6.576518 0.565835
-1.573370 6.696796 1.048083
-1.585439 6.773949 1.029464
-1.489394 6.673479 0.757115
-1.569620 6.649127 1.047834
-1.493107 6.625672 0.816331
-1.592647 6.787210 1.010886
-1.614379 6.737407 1.069379
-1.510492 6.582434 0.862212
-1.623855 6.689929 1.116111
-1.491022 6.621997 0.789196
-1.618993 6.642943 1.162408
-1.469339 6.698461 0.776438
-1.387967 6.611885 0.557661
-1.579668 6.605245 1.045267
-1.381352 6.604159 0.523726
-1.550413 6.728901 1.037309
-1.581522 6.811668 1.017807
-1.481479 6.712360 0.743327
-1.575931 6.688385 1.036550
-1.331558 6.565794 0.358442
-1.502673 6.666882 0.799077
-1.589560 6.827591 0.997698
-1.626233 6.727575 1.103836
-1.607824 6.774679 1.056811
-1.512047 6.620272 0.847878
-1.483058 6.659873 0.778239
-1.635551 6.682813 1.151871
-1.485976 6.741219 0.759853
-1.382293 6.650837 0.543945
-1.543213 6.637636 1.036117
-1.588164 6.777259 1.024819
-1.370705 6.643421 0.511090
-1.483431 6.610158 0.778057
-1.576687 6.849516 1.006528
-1.397069 6.602583 0.567143
-1.482382 6.755332 0.728297
-1.300577 6.584995 0.309439
-1.560398 6.724280 1.026519
-1.395834 6.604412 0.547960
-1.317797 6.604146 0.346497
-1.498306 6.706083 0.785816
-1.491197 6.654228 0.838850
-1.620081 6.765211 1.092107
-1.606995 6.814222 1.044075
-1.630369 6.718452 1.140524
-1.468880 6.695031 0.769044
-1.580685 6.867561 0.983903
-1.522408 6.613849 0.882803
-1.480719 6.779611 0.747351
-1.267330 6.561265 0.194128
-1.379735 6.690672 0.529530
-1.562300 6.681684 1.024964
-1.584648 6.815335 1.013997
-1.473261 6.647006 0.767406
-1.576286 6.888473 0.995008
-1.387906 6.689534 0.486856
-1.246600 6.563811 0.154340
-1.376605 6.637808 0.558570
-1.416344 6.597451 0.601976
-1.485995 6.798821 0.711727
-1.577274 6.767281 1.015667
-1.295846 6.625721 0.292123
-1.385615 6.643100 0.536541
-1.477131 6.602351 0.763403
-1.319330 6.645718 0.328174
-1.617504 6.802225 1.081283
-1.493049 6.744480 0.773315
-1.631345 6.755794 1.130233
-1.510952 6.697896 0.821573
-1.480539 6.738102 0.753534
-1.605220 6.854829 1.031337
-1.503789 6.647897 0.873846
-1.585524 6.911224 0.970232
-1.324319 6.583904 0.353529
-1.396913 6.590761 0.534586
-1.483875 6.821730 0.732766
-1.258087 6.600786 0.179494
-1.393761 6.734880 0.508812
-1.326622 6.589824 0.343973
-1.582420 6.854565 1.003245
-1.543136 6.717179 1.016847
-1.463869 6.685507 0.758049
-1.572735 6.927469 0.983794
-1.389806 6.732408 0.468988
-1.215816 6.574652 0.069548
-1.218154 6.580524 0.086136
-1.253240 6.606128 0.129661
-1.407248 6.685486 0.531942
-1.398083 6.633701 0.593092
-1.577657 6.807902 1.005448
-1.425695 6.592007 0.639350
-1.480624 6.840931 0.697689
-1.631026 6.791969 1.119863
-1.268172 6.557880 0.202713
-1.362837 6.678154 0.530337
-1.618420 6.841420 1.070220
-1.456554 6.638446 0.756894
-1.287455 6.666979 0.276336
-1.518629 6.738349 0.807902
-1.500238 6.787361 0.757655
-1.305052 6.684556 0.317443
-1.530671 6.691273 0.858007
-1.478294 6.778237 0.742400
-1.601237 6.894404 1.018903
-1.584980 6.954834 0.956794
-1.313672 6.623140 0.340883
-1.339007 6.577492 0.393492
-1.386211 6.629008 0.524770
-1.474954 6.860651 0.721789
-1.392054 6.776427 0.493238
-1.257440 6.643249 0.158264
-1.318208 6.629148 0.331399
-1.575239 6.893172 0.993949
-1.570177 6.763577 1.005594
-1.569585 6.966819 0.973415
-1.478164 6.729029 0.743449
-1.323307 6.568352 0.338399
-1.261263 6.579415 0.194559
-1.381806 6.774038 0.454036
-1.392562 6.578920 0.520688
-1.219793 6.617434 0.043569
-1.218019 6.622480 0.063681
-1.237510 6.561207 0.110347
-1.237915 6.561567 0.111188
-1.404656 6.726242 0.517137
-1.222655 6.642715 0.127747
-1.415281 6.676954 0.572448
-1.631081 6.829434 1.109946
-1.406571 6.626526 0.631611
-1.573116 6.846963 0.997067
-1.614894 6.879493 1.059389
-1.259331 6.597761 0.188915
-1.396973 6.727995 0.503467
-1.474306 6.884103 0.683647
-1.528988 6.729061 0.846415
-1.510219 6.776788 0.795706
-1.462353 6.681038 0.743229
-1.317380 6.730081 0.292210
-1.494004 6.827746 0.744763
-1.301155 6.713734 0.248732
-1.478731 6.819827 0.729344
-1.602092 6.935447 1.007066
-1.582603 6.998706 0.944117
-1.313398 6.664044 0.323704
-1.346424 6.618624 0.373704
-1.472268 6.901340 0.709420
-1.374591 6.667387 0.515334
-1.360037 6.572002 0.430005
-1.391634 6.819122 0.477733
-1.236416 6.680787 0.150137
-1.571175 6.932662 0.983955
-1.305757 6.667715 0.319897
-1.573933 7.010027 0.961337
-1.275308 6.556281 0.194380
-1.564695 6.803711 0.997216
-1.475002 6.769298 0.732696
-1.313496 6.607373 0.327813
-1.260564 6.620874 0.176157
-1.380928 6.818232 0.436925
-1.381322 6.618592 0.511713
-1.194636 6.655063 0.038583
-1.194257 6.660413 0.056705
-1.227247 6.601704 0.098154
-1.629305 6.867165 1.100793
-1.398913 6.767036 0.502637
-1.230444 6.602667 0.095014
-1.421158 6.719585 0.556328
-1.236918 6.689957 0.096087
-1.429551 6.670197 0.611568
-1.274693 6.585256 0.229944
-1.574782 6.888731 0.986912
-1.614861 6.919744 1.048318
-1.389861 6.767553 0.491338
-1.525068 6.766752 0.834744
-1.253709 6.637667 0.172353
-1.507589 6.815628 0.784107
-1.313926 6.771940 0.274949
-1.450239 6.719004 0.735396
-1.470216 6.927356 0.669672
-1.492204 6.869238 0.731629
-1.478683 6.860971 0.717889
-1.301708 6.757271 0.230012
-1.601973 6.978484 0.994845
-1.581540 7.042794 0.931891
-1.323111 6.655082 0.368335
-1.470841 6.944112 0.696738
-1.319382 6.708655 0.301921
-1.376840 6.709620 0.501129
-1.348016 6.610009 0.419728
-1.569312 6.973169 0.973645
-1.388468 6.862216 0.463373
-1.568947 7.049634 0.951715
-1.321607 6.714491 0.294809
-1.253767 6.729842 0.117397
-1.252813 6.593443 0.190693
-1.569000 6.845936 0.987976
-1.478934 6.813068 0.719402
-1.310402 6.648604 0.314230
-1.251207 6.661240 0.163574
-1.249351 6.578115 0.112104
-1.238191 6.581427 0.133913
-1.366098 6.655642 0.504572
-1.310507 6.589050 0.321934
-1.374184 6.861936 0.421653
-1.626610 6.905025 1.092019
-1.212173 6.703320 0.001330
-1.215827 6.709423 0.018374
-1.291019 6.573622 0.267761
-1.225710 6.643355 0.077682
-1.232026 6.645205 0.073849
-1.414958 6.759014 0.543815
-1.394458 6.808982 0.488206
-1.427818 6.709820 0.599204
-1.239431 6.734284 0.071321
-1.275818 6.626448 0.210771
-1.612109 6.959460 1.038776
-1.570582 6.930010 0.978596
-1.516602 6.804179 0.825370
-1.504014 6.855530 0.772504
-1.387638 6.809587 0.476980
-1.261576 6.682992 0.146972
-1.475080 6.901793 0.705900
-1.463991 6.763946 0.721630
-1.469214 6.972417 0.654614
-1.487226 6.911702 0.718419
-1.310790 6.816946 0.257377
-1.292364 6.799568 0.214209
-1.599164 7.020053 0.984533
-1.474330 6.988420 0.682207
-1.335412 6.698680 0.346311
-1.331503 6.645889 0.412510
-1.385805 6.754056 0.483927
-1.317218 6.751675 0.284734
-1.582595 7.090693 0.918202
-1.570459 7.015412 0.964702
-1.383092 6.904278 0.449318
-1.569630 7.093368 0.941161
-1.268632 6.571898 0.188984
-1.256796 6.562291 0.166679
-1.253209 6.553412 0.137708
-1.312239 6.754862 0.282220
-1.242599 6.772397 0.102360
-1.261544 6.637638 0.167758
-1.569239 6.888334 0.979425
-1.473936 6.853594 0.709405
-1.304184 6.688941 0.301334
-1.262673 6.707881 0.135889
-1.227232 6.616559 0.108869
-1.242004 6.624063 0.112821
-1.373670 6.699787 0.489362
-1.631470 6.944883 1.082311
-1.301068 6.629360 0.311800
-1.366926 6.906128 0.407599
-1.291177 6.613946 0.251800
-1.413674 6.799987 0.529453
-1.425676 6.749076 0.585995
-1.220030 6.685101 0.060347
-1.210008 6.682788 0.068544
-1.205653 6.751904 0.000506
-1.395322 6.852827 0.472767
-1.196466 6.745606 -0.011406
-1.516199 6.843110 0.813837
-1.611531 7.001127 1.028537
-1.232373 6.777655 0.052757
-1.571730 6.972260 0.969655
-1.264656 6.666154 0.199335
-1.501321 6.896224 0.760130
-1.385788 6.852905 0.463073
-1.264923 6.727117 0.124267
-1.473139 6.945060 0.694438
-1.468756 6.807504 0.710396
-1.483562 6.954382 0.705659
-1.597208 7.063345 0.973067
-1.305444 6.860921 0.240107
-1.464551 7.018013 0.641086
-1.288793 6.845130 0.195408
-1.346466 6.689015 0.391781
-1.468324 7.031855 0.671432
-1.334564 6.741932 0.329579
-1.384899 6.796315 0.470022
-1.315049 6.794684 0.267540
-1.569341 7.058493 0.955298
-1.572515 7.138113 0.930292
-1.580930 7.138055 0.906040
-1.374056 6.946877 0.436791
-1.243355 6.600896 0.158000
-1.259601 6.612551 0.179687
-1.235122 6.592612 0.133396
-1.312275 6.798893 0.264716
-1.247185 6.676374 0.159459
-1.468020 6.894249 0.699787
-1.239138 6.817088 0.081493
-1.561916 6.928724 0.971799
-1.312290 6.734489 0.281680
-1.259164 6.751580 0.117856
-1.221984 6.657742 0.092756
-1.631350 6.985051 1.073676
-1.224905 6.663199 0.105673
-1.377204 6.743167 0.475224
-1.292970 6.668960 0.302498
-1.423934 6.788686 0.573621
-1.369070 6.953972 0.388628
-1.275015 6.652031 0.244652
-1.409643 6.841358 0.516238
-1.516169 6.883328 0.802758
-1.617996 7.045281 1.018586
-1.222946 6.729781 0.036415
-1.223350 6.730142 0.037255
-1.389916 6.895823 0.458325
-1.193974 6.791151 -0.035487
-1.563998 7.012280 0.961181
-1.201736 6.798082 -0.021968
-1.269724 6.710876 0.177927
-1.503439 6.939316 0.747971
-1.227057 6.823538 0.032273
-1.384847 6.896079 0.448777
-1.467190 6.986635 0.684429
-1.472199 6.850828 0.698700
-1.258670 6.771216 0.107383
-1.488309 7.000779 0.690815
-1.602673 7.110415 0.962347
-1.297784 6.904723 0.225205
-1.466094 7.066299 0.625781
-1.285191 6.891613 0.176217
-1.344246 6.731042 0.377420
-1.463738 7.074646 0.659044
-1.331910 6.784513 0.313991
-1.379446 6.838310 0.458412
-1.568247 7.100631 0.946271
-1.310133 6.838091 0.251491
-1.568214 7.182149 0.920805
-1.584074 7.187809 0.894093
-1.257900 6.654059 0.164103
-1.371709 6.992602 0.420882
-1.245679 6.636525 0.109688
-1.238887 6.643740 0.143186
-1.308650 6.843456 0.248741
-1.259454 6.723732 0.133449
-1.468282 6.938537 0.688011
-1.560318 6.971380 0.964004
-1.311438 6.777725 0.264941
-1.238332 6.864153 0.058321
-1.631226 7.025211 1.065037
-1.229364 6.702612 0.068971
-1.250222 6.794219 0.102885
-1.233707 6.707439 0.080279
-1.379820 6.786674 0.461463
-1.306532 6.714633 0.280158
-1.426167 6.830906 0.559401
-1.506778 6.920876 0.793752
-1.289061 6.698133 0.220706
-1.614290 7.086045 1.009029
-1.406467 6.884450 0.501869
-1.361371 6.998714 0.373338
-1.214489 6.772846 0.019836
-1.387598 6.940627 0.442802
-1.219382 6.775323 0.017611
-1.565890 7.057104 0.953144
-1.198728 6.844112 -0.044832
-1.273873 6.755721 0.156896
-1.495763 6.980311 0.736665
-1.192336 6.838409 -0.060724
-1.377127 6.938900 0.436703
-1.223537 6.870070 0.010632
-1.473629 7.034541 0.670493
-1.250640 6.813715 0.092024
-1.466629 6.893707 0.689153
-1.481007 7.043053 0.679960
-1.604581 7.157160 0.951091
-1.294174 6.951200 0.206008
-1.341135 6.772263 0.363819
-1.468866 7.117593 0.609779
-1.277551 6.937335 0.158097
-1.470089 7.125326 0.643953
-1.327020 6.826995 0.298324
-1.377994 6.881980 0.445337
-1.568787 7.146146 0.937388
-1.566518 7.227558 0.911843
-1.304300 6.881624 0.235821
-1.251143 6.695799 0.152038
-1.371534 7.040269 0.404275
-1.224465 6.674830 0.106057
-1.233046 6.685344 0.130738
-1.574842 7.233158 0.882848
-1.307708 6.889465 0.230843
-1.631503 7.065726 1.057232
-1.253658 6.766331 0.118166
-1.472064 6.984063 0.676377
-1.307357 6.820922 0.250953
-1.563906 7.017731 0.956883
-1.235211 6.911042 0.037516
-1.242189 6.836714 0.087523
-1.227654 6.746960 0.049782
-1.231083 6.751924 0.061473
-1.377483 6.829554 0.449157
-1.305601 6.757796 0.265864
-1.421648 6.871840 0.547785
-1.513356 6.964149 0.781738
-1.616687 7.130365 0.999766
-1.287326 6.740566 0.204735
-1.400602 6.926076 0.489413
-1.362915 7.049823 0.354434
-1.568667 7.102714 0.944339
-1.389254 6.988032 0.425434
-1.494727 7.023431 0.724809
-1.216296 6.821287 -0.002804
-1.262645 6.797266 0.144680
-1.215460 6.821495 -0.004867
-1.194296 6.886971 -0.088266
-1.197946 6.893082 -0.071222
-1.381393 6.987686 0.419864
-1.223155 6.919404 -0.014919
-1.468022 7.078321 0.660550
-1.244863 6.858228 0.073523
-1.461489 6.936004 0.680824
-1.483892 7.090628 0.665490
-1.598932 7.201896 0.940761
-1.290053 6.998157 0.188030
-1.343397 6.816387 0.346382
-1.466223 7.171609 0.632087
-1.322532 6.869824 0.283492
-1.276574 6.987103 0.136212
-1.572824 7.193822 0.928264
-1.372911 6.925247 0.434175
-1.461394 7.165421 0.596617
-1.564795 7.273881 0.902493
-1.300237 6.926733 0.218612
-1.260617 6.742544 0.130002
-1.238561 6.721901 0.079274
-1.630435 7.106932 1.048584
-1.245850 6.731259 0.103880
-1.371330 7.088847 0.387279
-1.298648 6.932952 0.217923
-1.581828 7.287278 0.870725
-1.466488 7.026912 0.666816
-1.248236 6.810205 0.103335
-1.301447 6.864374 0.237727
-1.562653 7.062589 0.949152
-1.231629 6.959410 0.015098
-1.243990 6.885147 0.064873
-1.220917 6.790599 0.034493
-1.226173 6.795293 0.045417
-1.510577 7.004740 0.771789
-1.418044 6.912620 0.535780
-1.374609 6.873844 0.437686
-1.307733 6.803690 0.250105
-1.612009 7.173101 0.989811
-1.286472 6.783776 0.187983
-1.405836 6.972863 0.472948
-1.570933 7.148799 0.936743
-1.494954 7.068620 0.712631
-1.381983 7.032190 0.411354
-1.363138 7.100681 0.335057
-1.210491 6.866706 -0.021699
-1.258616 6.841437 0.127851
-1.209250 6.866553 -0.024603
-1.191680 6.936186 -0.113902
-1.374958 7.031634 0.407847
-1.194443 6.941504 -0.096093
-1.466418 7.123764 0.649134
-1.216857 6.967237 -0.035810
-1.457233 6.979083 0.671717
-1.242627 6.905902 0.051944
-1.484004 7.139522 0.651775
-1.591480 7.245955 0.931568
-1.342052 6.859172 0.331233
-1.290361 7.049068 0.166206
-1.575058 7.240820 0.920278
-1.470714 7.223454 0.617363
-1.317098 6.913705 0.268650
-1.374490 6.972568 0.419242
-1.279165 7.039100 0.111632
-1.568714 7.325246 0.891819
-1.466312 7.219556 0.579520
-1.626677 7.146669 1.041841
-1.299688 6.975936 0.197943
-1.255625 6.785848 0.116389
-1.234054 6.765635 0.064055
-1.238145 6.774037 0.091800
-1.369266 7.138611 0.370656
-1.299445 6.981449 0.198093
-1.467467 7.074677 0.655550
-1.249580 6.857277 0.082670
-1.581252 7.339390 0.859521
-1.297305 6.909406 0.222958
-1.562714 7.107660 0.941866
-1.230297 7.009785 -0.010471
-1.507738 7.047188 0.761070
-1.414379 6.955256 0.523000
-1.218257 6.835982 0.015288
-1.235867 6.930404 0.048347
-1.373557 6.917854 0.425437
-1.224372 6.842403 0.025063
-1.305853 6.847890 0.235795
-1.618651 7.222153 0.981208
-1.281071 6.826722 0.173526
-1.397194 7.015799 0.461240
-1.496495 7.114023 0.700904
-1.566928 7.194038 0.930145
-1.379948 7.081036 0.395116
-1.211451 6.915319 -0.046424
-1.259552 6.888145 0.106343
-1.206128 6.913415 -0.045421
-1.359672 7.153000 0.316825
-1.371151 7.078890 0.393142
-1.184518 6.985136 -0.137245
-1.465131 7.172353 0.637404
-1.192655 6.993361 -0.123269
-1.464883 7.028058 0.660290
-1.218639 7.021345 -0.065671
-1.483226 7.187610 0.638820
-1.243074 6.955018 0.028441
-1.597602 7.298350 0.920585
-1.335275 6.900898 0.319146
-1.287949 7.099443 0.145910
-1.566206 7.284574 0.913069
-1.468480 7.273087 0.605625
-1.317466 6.959917 0.251192
-1.632998 7.192576 1.033547
-1.370258 7.017539 0.406913
-1.569913 7.376078 0.882673
-1.268234 7.086610 0.095479
-1.466682 7.273427 0.564717
-1.228174 6.808132 0.051202
-1.291961 7.021562 0.182250
-1.247914 6.828620 0.104303
-1.230945 6.816311 0.078491
-1.369375 7.190311 0.353333
-1.295722 7.028751 0.180940
-1.464436 7.120752 0.645738
-1.243207 6.902195 0.067823
-1.510623 7.091896 0.750183
-1.301596 6.960084 0.202890
-1.565757 7.155399 0.935563
-1.581019 7.393713 0.848384
-1.416920 7.000586 0.508445
-1.228395 7.062501 -0.035588
-1.215056 6.882782 -0.003082
-1.297654 6.890237 0.225313
-1.618270 7.267771 0.972687
-1.238489 6.981464 0.024148
-1.368845 6.962398 0.414718
-1.217165 6.887524 0.008152
-1.271152 6.868476 0.161748
-1.395241 7.061862 0.446151
-1.499266 7.162437 0.688479
-1.570449 7.242194 0.922228
-1.378823 7.129734 0.378489
-1.252772 6.932702 0.090653
-1.204825 6.962855 -0.070608
-1.206037 6.963939 -0.068087
-1.373926 7.130126 0.377119
-1.363297 7.208795 0.296050
-1.463839 7.220930 0.625668
-1.187260 7.043887 -0.148153
-1.456961 7.071663 0.652705
-1.331181 6.944073 0.305136
-1.609825 7.354287 0.909891
-1.236691 7.002776 0.009989
-1.213136 7.072733 -0.088491
-1.485451 7.240294 0.623634
-1.575367 7.337768 0.903834
-1.635281 7.237725 1.026324
-1.310168 7.004982 0.236722
-1.463981 7.323551 0.593425
-1.289050 7.153910 0.122157
-1.370886 7.065905 0.391969
-1.270706 7.142296 0.069352
-1.226291 6.855166 0.033289
-1.247347 6.875885 0.086846
-1.224601 6.860303 0.064027
-1.293149 7.073259 0.159652
-1.463900 7.327333 0.550216
-1.372111 7.245311 0.333320
-1.467612 7.169517 0.634150
-1.511301 7.135572 0.739600
-1.291939 7.077903 0.163015
-1.239058 6.950058 0.049447
-1.291130 7.003253 0.191942
-1.411824 7.043837 0.497261
-1.568767 7.204061 0.928871
-1.622642 7.317645 0.963615
-1.367730 7.008253 0.401692
-1.215021 6.931458 -0.024982
-1.297888 6.938233 0.209533
-1.223774 7.114680 -0.059179
-1.236159 7.031897 0.001402
-1.218015 6.936995 -0.014514
-1.392774 7.108411 0.432279
-1.272381 6.916403 0.143138
-1.500715 7.210613 0.675592
-1.574717 7.292925 0.915221
-1.253135 6.981745 0.069591
-1.374924 7.179759 0.362622
-1.210076 7.017200 -0.097497
-1.205667 7.015161 -0.096878
-1.467330 7.272827 0.613763
-1.372231 7.181170 0.360942
-1.365034 7.266706 0.275268
-1.330147 6.989986 0.289662
-1.462719 7.122752 0.641267
-1.604375 7.402987 0.901284
-1.642375 7.285266 1.019316
-1.484984 7.291511 0.610357
-1.205424 7.123089 -0.111009
-1.231645 7.052680 -0.011226
-1.573846 7.388077 0.896215
-1.464774 7.376833 0.579833
-1.310417 7.054893 0.217720
-1.366080 7.113215 0.380086
-1.288291 7.209562 0.098781
-1.239601 6.919572 0.074366
-1.225800 6.902487 0.013380
-1.292936 7.124645 0.139038
-1.269034 7.198078 0.046359
-1.221367 6.908036 0.045267
-1.464580 7.384329 0.535089
-1.518909 7.185458 0.727774
-1.367640 7.297665 0.317901
-1.467098 7.219748 0.623707
-1.290330 7.128993 0.144390
-1.410729 7.088759 0.484612
-1.238506 6.999227 0.028765
-1.291784 7.053520 0.173779
-1.568654 7.251828 0.922867
-1.619511 7.363653 0.956233
-1.362068 7.053846 0.390961
-1.290539 6.982290 0.197890
-1.213635 6.980824 -0.047728
-1.214402 6.983411 -0.033738
-1.238661 7.086647 -0.024343
-1.220462 7.169929 -0.085918
-1.265113 6.960526 0.129048
-1.395138 7.159284 0.415409
-1.500708 7.260344 0.663923
-1.571048 7.340362 0.908679
-1.249865 7.030387 0.050439
-1.381152 7.236934 0.342370
-1.465436 7.324671 0.602088
-1.199601 7.066040 -0.115650
-1.196588 7.064297 -0.117021
-1.370908 7.233492 0.345216
-1.325990 7.035004 0.274875
-1.637980 7.329199 1.012245
-1.460971 7.169972 0.631518
-1.359669 7.321112 0.257014
-1.153783 7.136057 -0.204630
-1.487066 7.345957 0.596838
-1.231968 7.105474 -0.036281
-1.202942 7.180979 -0.139284
-1.306657 7.103115 0.200171
-1.370621 7.166028 0.362520
-1.291448 7.269662 0.072787
-1.243996 6.969362 0.052223
-1.222994 6.949635 -0.004163
-1.515489 7.230231 0.717490
-1.221275 6.955711 0.026191
-1.295322 7.180258 0.115350
-1.266869 7.256270 0.021368
-1.466579 7.269966 0.613258
-1.411375 7.136192 0.470041
-1.365766 7.354247 0.299408
-1.238808 7.050106 0.006926
-1.294892 7.186554 0.120008
-1.617637 7.411740 0.948536
-1.574612 7.304076 0.916767
-1.289286 7.103820 0.155919
-1.366561 7.105671 0.376228
-1.289796 7.032263 0.181715
-1.214394 7.033057 -0.071557
-1.215642 7.036077 -0.059174
-1.397875 7.211435 0.398990
-1.266788 7.009794 0.108436
-1.228583 7.135848 -0.041661
-1.212176 7.222623 -0.107990
-1.494486 7.307366 0.654017
-1.580412 7.397559 0.901187
-1.253305 7.084079 0.024691
-1.383370 7.292417 0.323570
-1.460850 7.375052 0.592324
-1.642294 7.378063 1.005994
-1.369581 7.285802 0.329483
-1.194091 7.117408 -0.138484
-1.326693 7.083416 0.257473
-1.191936 7.117389 -0.141004
-1.459971 7.219768 0.622676
-1.483820 7.398489 0.584315
-1.356797 7.380602 0.237750
-1.226802 7.159069 -0.059043
-1.306842 7.154861 0.180390
-1.371019 7.218940 0.348088
-1.515966 7.277531 0.707806
-1.277671 7.320323 0.056606
-1.241532 7.018726 0.034748
-1.220129 6.998631 -0.022478
-1.410189 7.183887 0.456231
-1.290097 7.232863 0.095415
-1.461513 7.319925 0.605103
-1.367356 7.413914 0.280289
-1.264644 7.316303 -0.004397
-1.292275 7.240540 0.100603
-1.238512 7.104258 -0.014845
-1.574327 7.354546 0.912047
-1.289848 7.156850 0.136593
-1.367045 7.155805 0.362949
-1.293563 7.083405 0.162851
-1.208833 7.083436 -0.091559
-1.397488 7.262690 0.383257
-1.211881 7.087117 -0.080326
-1.266631 7.059320 0.088584
-1.497505 7.360749 0.640492
-1.220245 7.187553 -0.060903
-1.208232 7.282053 -0.135053
-1.646605 7.426916 0.999737
-1.244569 7.132582 0.008209
-1.370880 7.341408 0.311060
-1.367654 7.341386 0.313817
-1.165175 7.157362 -0.142776
-1.328598 7.135762 0.238989
-1.181879 7.168494 -0.161545
-1.465149 7.273181 0.611676
-1.224800 7.214531 -0.085336
-1.351686 7.439988 0.218404
-1.312772 7.210788 0.157225
-1.512886 7.324508 0.697585
-1.372270 7.273562 0.332499
-1.242609 7.071253 0.014200
-1.276248 7.381071 0.032514
-1.413380 7.234540 0.441413
-1.227575 7.053992 -0.049689
-1.287903 7.289126 0.073630
-1.471492 7.378576 0.590718
-1.288280 7.296144 0.079967
-1.230633 7.154474 -0.032480
-1.253438 7.372108 -0.024037
-1.292553 7.212745 0.116183
-1.362576 7.205315 0.351123
-1.291868 7.134418 0.146663
-1.393036 7.314116 0.368211
-1.200552 7.133283 -0.110035
-1.264131 7.109603 0.070717
-1.500010 7.414616 0.628184
-1.198227 7.134062 -0.094968
-1.226245 7.249216 -0.093717
-1.213253 7.348531 -0.171856
-1.239347 7.185177 -0.011729
-1.376925 7.404115 0.288486
-1.333186 7.189545 0.218581
-1.370559 7.401282 0.295150
-1.156858 7.210975 -0.165240
-1.464488 7.325177 0.602896
-1.167301 7.218409 -0.179409
-1.305690 7.261735 0.141264
-1.218654 7.270090 -0.108496
-1.515850 7.376893 0.686886
-1.368597 7.326631 0.318746
-1.416482 7.287971 0.425438
-1.240968 7.123245 -0.004822
-1.220158 7.102712 -0.065717
-1.219915 7.106309 -0.036204
-1.273444 7.443434 0.007190
-1.284733 7.347367 0.051453
-1.235242 7.212996 -0.059706
-1.283671 7.263029 0.101370
-1.280168 7.350919 0.062847
-1.255068 7.438424 -0.053196
-1.372239 7.263655 0.333451
-1.294090 7.189886 0.127859
-1.396023 7.371239 0.350695
-1.265654 7.163480 0.048169
-1.199358 7.189462 -0.134651
-1.202428 7.195073 -0.126633
-1.219586 7.305264 -0.115658
-1.241747 7.242676 -0.038648
-1.330163 7.240323 0.201927
-1.373586 7.462230 0.271197
-1.469061 7.381854 0.591956
-1.169592 7.279589 -0.207867
-1.168380 7.278504 -0.210388
-1.303007 7.317566 0.121079
-1.216879 7.331453 -0.136264
-1.366153 7.382701 0.304293
-1.414661 7.339848 0.411299
-1.238407 7.175360 -0.023466
-1.216254 7.155524 -0.085202
-1.217378 7.160350 -0.058063
-1.277929 7.405208 0.031186
-1.222301 7.263434 -0.073832
-1.284454 7.321955 0.080563
-1.276454 7.410572 0.041502
-1.290529 7.242076 0.112041
-1.370257 7.318241 0.320609
-1.259999 7.213783 0.030598
-1.395830 7.429323 0.333098
-1.200286 7.252301 -0.151257
-1.210179 7.361706 -0.136456
-1.322649 7.288980 0.188333
-1.239118 7.299479 -0.061668
-1.301177 7.375104 0.099736
-1.416330 7.393886 0.396919
-1.217298 7.396671 -0.167949
-1.241103 7.234079 -0.047486
-1.215486 7.211134 -0.108601
-1.213469 7.213153 -0.077554
-1.224101 7.324190 -0.100690
-1.288750 7.384964 0.056297
-1.298435 7.303565 0.089079
-1.374020 7.377006 0.304382
-1.261805 7.271710 0.007342
-1.323482 7.346055 0.168288
-1.232799 7.357739 -0.083546
-1.295685 7.433171 0.079918
-1.211488 7.266705 -0.129250
-1.233906 7.288704 -0.064996
-1.209924 7.270088 -0.100195
-1.224011 7.387057 -0.127557
-1.279174 7.441279 0.040384
-1.287607 7.354959 0.077080
-1.369286 7.431974 0.292675
-1.258687 7.328081 -0.014077
-1.324283 7.404044 0.147852
-1.234074 7.421824 -0.112790
-1.231595 7.345784 -0.084739
-1.207026 7.323758 -0.151514
-1.208148 7.328594 -0.124376
-1.219401 7.448729 -0.151748
-1.285153 7.413837 0.059013
-1.252367 7.383487 -0.032364
-1.178424 7.424417 -0.220340
-1.316558 7.459167 0.131552
-1.233222 7.409234 -0.110316
-1.209883 7.391181 -0.152016
-1.255358 7.448161 -0.060318
-1.614939 6.589951 1.074757
-1.605864 6.575077 1.118447
-1.577762 6.620255 1.061631
-1.529185 6.565036 0.904730
-1.598524 6.610467 1.106035
-1.610406 6.668587 1.047451
-1.525389 6.602520 0.892022
-1.470712 6.560463 0.797330
-1.524859 6.564108 0.898216
-1.597852 6.647869 1.092983
-1.516659 6.638550 0.881220
-1.597223 6.705533 1.033726
-1.497690 6.607640 0.778106
-1.600091 6.634213 1.129153
-1.524119 6.603292 0.886831
-1.619788 6.692585 1.080957
-1.510005 6.597163 0.821102
-1.516412 6.676271 0.868992
-1.601352 6.748036 1.019654
-1.437732 6.591587 0.628367
-1.634448 6.681197 1.119471
-1.466167 6.640898 0.769229
-1.517551 6.585268 0.858644
-1.513585 6.638696 0.877202
-1.521819 6.595472 0.877325
-1.603525 6.697738 1.143706
-1.618598 6.731419 1.068739
-1.529529 6.576098 0.895087
-1.616856 6.812948 1.117335
-1.493675 6.632259 0.810940
-1.491610 6.707810 0.861028
-1.625278 6.715949 1.108217
-1.417793 6.626353 0.620152
-1.599617 6.790175 1.007485
-1.499347 6.691560 0.747743
-1.386357 6.594038 0.516751
-1.512273 6.591585 0.867320
-1.517287 6.623919 0.846022
-1.431682 6.586261 0.624565
-1.617846 6.701337 1.137618
-1.514139 6.678999 0.865856
-1.512090 6.633454 0.868579
-1.619130 6.771733 1.057395
-1.347400 6.569430 0.400713
-1.542645 6.616908 0.881970
-1.613374 6.850720 1.107894
-1.506323 6.675482 0.795820
-1.519329 6.756535 0.845515
-1.314419 6.548039 0.294663
-1.417791 6.590665 0.557847
-1.633365 6.757124 1.098691
-1.416186 6.666610 0.606315
-1.600122 6.832328 0.995370
-1.492752 6.733183 0.734653
-1.362367 6.629967 0.508896
-1.522791 6.664715 0.833165
-1.425470 6.574984 0.614906
-1.425151 6.625077 0.612640
-1.516806 6.633424 0.856918
-1.491071 6.712010 0.858778
-1.509959 6.672341 0.859199
-1.615209 6.811001 1.046354
-1.345846 6.610647 0.384036
-1.420760 6.579492 0.599807
-1.516051 6.647790 0.875183
-1.612113 6.889460 1.098116
-1.351775 6.559843 0.397037
-1.282261 6.553679 0.203100
-1.512684 6.718905 0.781401
-1.511873 6.794590 0.834369
-1.427750 6.569756 0.640222
-1.627237 6.794484 1.088381
-1.294870 6.586830 0.285730
-1.392904 6.625816 0.550773
-1.407845 6.704796 0.595558
-1.597038 6.875157 0.982378
-1.425442 6.569866 0.601809
-1.398329 6.683923 0.479784
-1.250618 6.539945 0.109895
-1.488353 6.776712 0.720829
-1.520707 6.703647 0.821334
-1.512552 6.758152 0.845131
-1.417234 6.663626 0.602718
-1.425126 6.616325 0.603568
-1.511951 6.672775 0.848716
-1.485074 6.705661 0.852905
-1.531800 6.689918 0.862561
-1.409788 6.616341 0.588563
-1.612996 6.852694 1.035806
-1.333458 6.650002 0.373626
-1.605061 6.926964 1.088191
-1.347039 6.600177 0.383541
-1.231613 6.546399 0.050862
-1.276652 6.596060 0.186766
-1.513709 6.836914 0.822684
-1.507421 6.759798 0.769136
-1.326652 6.585624 0.329330
-1.206307 6.526611 0.002559
-1.433769 6.609076 0.626521
-1.622431 6.832040 1.078507
-1.203189 6.524941 -0.016729
-1.409185 6.672148 0.530079
-1.424940 6.752767 0.576137
-1.292866 6.629528 0.267435
-1.592568 6.917715 0.971388
-1.417027 6.609866 0.592726
-1.607209 6.897466 1.104853
-1.390400 6.726229 0.465854
-1.223863 6.577164 0.105265
-1.482161 6.818677 0.708563
-1.521255 6.743911 0.809991
-1.514809 6.800846 0.834282
-1.403948 6.701299 0.593481
-1.417191 6.655805 0.593257
-1.482121 6.705578 0.843941
-1.339393 6.576303 0.372755
-1.508267 6.754239 0.839755
-1.535926 6.729508 0.852094
-1.411722 6.657776 0.574820
-1.613919 6.894265 1.024906
-1.349407 6.585915 0.374395
-1.317935 6.688529 0.363947
-1.610361 6.970436 1.079051
-1.339590 6.640041 0.371608
-1.280559 6.576549 0.195925
-1.359307 6.567386 0.414678
-1.507080 6.875671 0.813196
-1.439735 6.651186 0.611652
-1.315659 6.624297 0.317298
-1.231459 6.590664 0.028550
-1.504369 6.801662 0.756524
-1.258895 6.635448 0.176649
-1.199853 6.569172 -0.015836
-1.625537 6.873612 1.070103
-1.646001 6.856645 1.116349
-1.199007 6.568532 -0.037914
-1.409335 6.714864 0.514281
-1.422793 6.795374 0.562737
-1.310595 6.678962 0.238660
-1.266876 6.576248 0.146650
-1.590293 6.962176 0.959664
-1.410824 6.650841 0.583298
-1.337358 6.571250 0.370229
-1.609397 6.939192 1.096838
-1.523093 6.786238 0.798307
-1.511728 6.840792 0.824893
-1.228627 6.622875 0.081042
-1.390501 6.771720 0.448885
-1.483513 6.864344 0.694484
-1.426820 6.750503 0.574203
-1.280196 6.554184 0.198792
-1.398489 6.692548 0.587154
-1.507950 6.755497 0.831282
-1.530227 6.767190 0.842606
-1.327032 6.613791 0.363120
-1.610658 6.900286 1.104681
-1.508721 6.796312 0.830078
-1.235942 6.565894 0.058836
-1.419466 6.701421 0.558382
-1.225067 6.556588 0.034733
-1.341485 6.625360 0.364075
-1.607252 6.933979 1.015033
-1.281916 6.563252 0.191677
-1.213809 6.547909 0.006961
-1.605448 7.009779 1.070836
-1.340510 6.740283 0.335320
-1.320465 6.677327 0.364277
-1.347836 6.605654 0.404263
-1.256444 6.614181 0.192172
-1.434528 6.689258 0.600545
-1.504850 6.918245 0.802243
-1.297775 6.551754 0.237954
-1.507077 6.845678 0.743664
-1.630435 6.915794 1.060520
-1.318987 6.668794 0.297923
-1.253270 6.677810 0.160306
-1.645567 6.896099 1.108234
-1.187992 6.609868 -0.030712
-1.201503 6.627921 0.026706
-1.242537 6.538162 0.077242
-1.234417 6.536771 0.081945
-1.416618 6.836374 0.550849
-1.171764 6.606245 -0.041328
-1.405864 6.757262 0.500440
-1.255845 6.617687 0.133445
-1.302208 6.723660 0.222720
-1.610670 6.981064 1.089213
-1.336581 6.613122 0.357658
-1.396574 6.688609 0.576897
-1.519156 6.826391 0.786862
-1.591525 7.009672 0.947256
-1.513062 6.883622 0.814427
-1.425088 6.793469 0.561634
-1.217158 6.664871 0.066610
-1.533415 6.807855 0.832136
-1.479493 6.909131 0.681090
-1.381632 6.815094 0.434949
-1.418651 6.741292 0.569444
-1.270034 6.594491 0.188032
-1.606586 6.940365 1.098135
-1.510117 6.799999 0.822100
-1.328993 6.657106 0.346142
-1.503821 6.836572 0.821474
-1.609116 6.906164 1.104450
-1.424481 6.745522 0.543119
-1.323200 6.663363 0.358408
-1.612499 6.980234 1.004724
-1.607589 7.053341 1.062034
-1.205040 6.602323 0.060220
-1.204123 6.596006 0.027403
-1.264119 6.601650 0.184393
-1.205966 6.590206 -0.009430
-1.335685 6.784306 0.320253
-1.341704 6.645722 0.392767
-1.343892 6.728876 0.337704
-1.435065 6.730420 0.588803
-1.267447 6.661545 0.166478
-1.502612 6.960807 0.791285
-1.274566 6.575282 0.188187
-1.625523 6.955138 1.052305
-1.645547 6.935906 1.100947
-1.283118 6.590050 0.230325
-1.502195 6.887835 0.731830
-1.320478 6.714521 0.278941
-1.269199 6.729436 0.129082
-1.181944 6.666662 0.017751
-1.174295 6.651800 -0.045194
-1.235125 6.579899 0.062074
-1.220237 6.565290 0.023077
-1.230117 6.580266 0.065654
-1.410824 6.879590 0.539012
-1.406388 6.802179 0.484689
-1.182905 6.655584 -0.075152
-1.230385 6.541363 0.058355
-1.249392 6.561381 0.107353
-1.241207 6.657882 0.122585
-1.294247 6.767776 0.207996
-1.612759 7.024581 1.082861
-1.238477 6.554868 0.082084
-1.327255 6.653234 0.348953
-1.419844 6.739110 0.558064
-1.514723 6.867053 0.776639
-1.505007 6.923977 0.806163
-1.525887 6.845836 0.823427
-1.592277 7.056738 0.936457
-1.419312 6.835760 0.550189
-1.421354 6.786218 0.556190
-1.230018 6.715713 0.033670
-1.261176 6.635926 0.177319
-1.378086 6.861187 0.419543
-1.478088 6.956175 0.667792
-1.611317 6.985233 1.092277
-1.502925 6.840153 0.815895
-1.336764 6.702627 0.326469
-1.608082 6.948877 1.098838
-1.509085 6.882813 0.811162
-1.416995 6.785388 0.531179
-1.603467 7.095253 1.054699
-1.321049 6.706879 0.344613
-1.609734 7.024270 0.994607
-1.215665 6.650287 0.030852
-1.254420 6.642364 0.172013
-1.205267 6.641390 0.005133
-1.197208 6.632649 -0.025433
-1.326832 6.826722 0.306697
-1.352615 6.691146 0.372750
-1.436067 6.771988 0.575443
-1.644629 6.974927 1.094439
-1.341703 6.774238 0.323128
-1.504301 7.006764 0.780477
-1.248728 6.700088 0.159579
-1.251313 6.611763 0.186871
-1.631214 6.999888 1.043604
-1.282849 6.633296 0.213295
-1.495488 6.930296 0.720778
-1.321068 6.759459 0.260736
-1.203365 6.721148 -0.022288
-1.255406 6.772252 0.116656
-1.181813 6.700821 -0.077062
-1.201050 6.604336 0.017404
-1.411732 6.925781 0.523697
-1.226295 6.623233 0.048133
-1.217231 6.621016 0.056065
-1.401489 6.846161 0.472069
-1.223824 6.582885 0.045239
-1.180925 6.702960 -0.100308
-1.233326 6.601261 0.100947
-1.254039 6.706822 0.092873
-1.610855 7.067480 1.075185
-1.222413 6.594745 0.075678
-1.511175 6.908481 0.765631
-1.292117 6.816007 0.187349
-1.316107 6.693652 0.341030
-1.414020 6.781353 0.549068
-1.525902 6.887527 0.812908
-1.504913 6.968395 0.796920
-1.413933 6.879334 0.539183
-1.591187 7.105039 0.926050
-1.414212 6.827317 0.547139
-1.246476 6.676070 0.168904
-1.611163 7.028705 1.085877
-1.222100 6.760778 0.016100
-1.337786 6.747005 0.309487
-1.504167 6.884793 0.807098
-1.509012 6.926306 0.802311
-1.374935 6.908558 0.404575
-1.478861 7.006048 0.653370
-1.609662 6.993855 1.093325
-1.410326 6.826898 0.520513
-1.597590 7.136592 1.046087
-1.339051 6.757493 0.321172
-1.612240 7.070972 0.985468
-1.198736 6.690360 0.022384
-1.268524 6.691470 0.145191
-1.193806 6.682436 -0.008918
-1.349595 6.732017 0.360510
-1.641451 7.014829 1.087492
-1.431647 6.812621 0.565213
-1.173071 6.671175 -0.029591
-1.326870 6.874952 0.288544
-1.626674 7.041441 1.035438
-1.260892 6.657882 0.166018
-1.338178 6.819385 0.308106
-1.504166 7.053023 0.770450
-1.262795 6.751037 0.131974
-1.271775 6.672818 0.203309
-1.502983 6.979390 0.706888
-1.311278 6.803886 0.246793
-1.253780 6.819015 0.095166
-1.199916 6.648683 -0.002080
-1.197284 6.767803 -0.043873
-1.204403 6.660882 0.044412
-1.403198 6.969445 0.513030
-1.205716 6.662018 0.044463
-1.185191 6.751897 -0.106526
-1.216333 6.625486 0.032123
-1.397038 6.891478 0.457441
-1.227644 6.643557 0.087046
-1.179828 6.751093 -0.126253
-1.608473 7.109953 1.069120
-1.246551 6.751328 0.076526
-1.512882 6.953510 0.755212
-1.226150 6.640491 0.056736
-1.524109 6.928587 0.803559
-1.285030 6.860870 0.171832
-1.328709 6.742414 0.321113
-1.417552 6.826986 0.537474
-1.504795 7.013734 0.787285
-1.406745 6.922280 0.529347
-1.411049 6.871870 0.535790
-1.591399 7.154460 0.915690
-1.607873 7.071346 1.080207
-1.262778 6.727076 0.141348
-1.329367 6.788850 0.297152
-1.500455 6.967168 0.795266
-1.499145 6.927779 0.799765
-1.218229 6.808408 -0.005829
-1.607215 7.037225 1.089324
-1.603558 7.185337 1.039097
-1.410358 6.871388 0.506369
-1.372230 6.957260 0.387598
-1.475606 7.054311 0.640459
-1.638284 7.053789 1.080929
-1.332361 6.800834 0.309720
-1.607643 7.115300 0.976129
-1.351934 6.776598 0.343966
-1.258777 6.734024 0.132024
-1.429003 6.854796 0.553417
-1.201664 6.732694 -0.037896
-1.212882 6.743248 -0.010900
-1.322408 6.921160 0.273517
-1.189089 6.723798 -0.066110
-1.617671 7.081962 1.027562
-1.502276 7.098706 0.759145
-1.330153 6.862510 0.296210
-1.247496 6.699154 0.157650
-1.284505 6.720733 0.178881
-1.254825 6.795127 0.117239
-1.493536 7.022301 0.697005
-1.307329 6.848651 0.230932
-1.244444 6.864745 0.079208
-1.220816 6.711972 0.011955
-1.196456 6.694778 -0.019945
-1.398659 7.015623 0.500452
-1.218041 6.712389 0.015582
-1.195197 6.816965 -0.067370
-1.182255 6.801260 -0.132078
-1.395234 6.937189 0.443687
-1.205654 6.667202 0.022184
-1.612218 7.157733 1.062474
-1.230500 6.690437 0.065656
-1.523621 6.970775 0.794258
-1.511941 6.997188 0.744298
-1.171510 6.797673 -0.147892
-1.243546 6.797831 0.057043
-1.219538 6.683860 0.042833
-1.330056 6.788952 0.306629
-1.408987 6.869681 0.529647
-1.501542 7.058240 0.778379
-1.279672 6.910060 0.153579
-1.408479 6.969179 0.515691
-1.603685 7.113201 1.075315
-1.402966 6.914041 0.526735
-1.256150 6.770444 0.127443
-1.504299 7.014048 0.786559
-1.320908 6.832548 0.284035
-1.497662 6.971936 0.792526
-1.586238 7.203004 0.906012
-1.413478 6.918550 0.490708
-1.605043 7.233979 1.032008
-1.604741 7.081520 1.084930
-1.643883 7.099401 1.074278
-1.216102 6.859428 -0.030105
-1.368104 7.007553 0.371846
-1.474948 7.105759 0.627256
-1.327446 6.845714 0.296701
-1.612738 7.165179 0.966694
-1.344833 6.818646 0.332068
-1.428554 6.898871 0.540885
-1.257112 6.779813 0.113372
-1.206769 6.787984 -0.029263
-1.193319 6.777380 -0.056307
-1.625473 7.129467 1.020176
-1.187929 6.771878 -0.089610
-1.316578 6.969012 0.257267
-1.501603 7.147321 0.749557
-1.318978 6.905736 0.284655
-1.261502 6.750050 0.132491
-1.276075 6.763490 0.166151
-1.254013 6.843535 0.097023
-1.493834 7.070816 0.684579
-1.305139 6.895882 0.213112
-1.216031 6.756921 -0.005966
-1.197545 6.741991 -0.043005
-1.214568 6.758473 -0.002288
-1.245849 6.916948 0.055028
-1.402519 7.068125 0.484501
-1.190867 6.866064 -0.090920
-1.524437 7.014087 0.785003
-1.215689 6.717466 -0.004299
-1.607986 7.201433 1.056798
-1.391153 6.984703 0.429104
-1.175223 6.849890 -0.154061
-1.507377 7.040552 0.735339
-1.229277 6.735651 0.048225
-1.222335 6.730668 0.023885
-1.233318 6.842782 0.041864
-1.322884 6.831870 0.296787
-1.403541 6.913189 0.521081
-1.503105 7.106914 0.768840
-1.281486 6.962627 0.130231
-1.402554 7.015100 0.505119
-1.613103 7.164952 1.070094
-1.403300 6.961616 0.514697
-1.258900 6.819110 0.107714
-1.324985 6.880503 0.265137
-1.501863 7.060207 0.778929
-1.646365 7.143247 1.068746
-1.500104 7.019490 0.785437
-1.601679 7.279363 1.025155
-1.400934 6.959680 0.481942
-1.606227 7.127346 1.081462
-1.592063 7.259156 0.895900
-1.420969 6.939586 0.530989
-1.213058 6.910587 -0.053995
-1.338127 6.861977 0.320610
-1.322035 6.891100 0.284902
-1.614209 7.214741 0.959214
-1.254058 6.825331 0.096722
-1.473373 7.157348 0.614440
-1.367972 7.060351 0.354181
-1.623044 7.173779 1.013325
-1.206891 6.838120 -0.053105
-1.193901 6.828856 -0.082153
-1.312958 7.017826 0.240669
-1.188528 6.822419 -0.115068
-1.505343 7.198804 0.738890
-1.273455 6.808451 0.150726
-1.321617 6.956209 0.266593
-1.254799 6.794289 0.120641
-1.245994 6.889462 0.081499
-1.490088 7.118655 0.673276
-1.296619 6.942337 0.198816
-1.521210 7.056726 0.776872
-1.194540 6.788470 -0.062496
-1.207608 6.802484 -0.022320
-1.405463 7.120766 0.468938
-1.205672 6.803623 -0.017028
-1.208156 6.760965 -0.017818
-1.608989 7.249661 1.051321
-1.238248 6.966054 0.036716
-1.505899 7.086589 0.724864
-1.190567 6.918648 -0.119218
-1.223538 6.779775 0.033531
-1.389266 7.034110 0.413784
-1.217474 6.776492 0.008020
-1.318379 6.877101 0.284595
-1.236538 6.894669 0.016896
-1.502440 7.154596 0.759638
-1.398053 6.958550 0.511733
-1.403733 7.065282 0.491512
-1.644383 7.186059 1.063505
-1.611014 7.210508 1.066132
-1.398715 7.006809 0.504952
-1.279171 7.016322 0.109675
-1.315602 6.924334 0.252403
-1.250409 6.864629 0.093807
-1.500729 7.107490 0.771345
-1.598692 7.326958 1.018351
-1.500301 7.066986 0.778296
-1.404424 7.009038 0.466326
-1.610710 7.177658 1.078149
-1.415562 6.983132 0.519969
-1.589471 7.311799 0.885534
-1.335903 6.907306 0.306016
-1.317071 6.937819 0.271095
-1.611685 7.263683 0.950410
-1.209973 6.963587 -0.078670
-1.627651 7.223237 1.005499
-1.246945 6.871103 0.080806
-1.468643 7.209034 0.601964
-1.371800 7.117513 0.333826
-1.199790 6.886704 -0.072643
-1.190417 6.877739 -0.103652
-1.497978 7.245393 0.729928
-1.310189 7.069257 0.222505
-1.182813 6.871249 -0.136614
-1.267684 6.853508 0.135642
-1.253469 6.841300 0.104872
-1.312595 7.003179 0.253519
-1.247319 6.942536 0.059373
-1.493394 7.170700 0.661385
-1.524616 7.103218 0.767323
-1.297055 6.993718 0.177862
-1.204574 6.849884 -0.042205
-1.192386 6.837569 -0.083551
-1.402579 7.171185 0.456060
-1.606856 7.297059 1.046574
-1.202383 6.806931 -0.033296
-1.207532 6.854321 -0.039600
-1.507926 7.135657 0.713704
-1.221374 6.826050 0.016094
-1.239587 7.021009 0.011356
-1.386463 7.083659 0.398852
-1.187047 6.972200 -0.145119
-1.209441 6.820500 -0.004279
-1.502589 7.203917 0.751708
-1.315161 6.924386 0.272060
-1.396994 7.005856 0.501697
-1.233427 6.945775 -0.004549
-1.138250 6.940543 -0.207641
-1.650765 7.234221 1.057730
-1.402196 7.114991 0.479468
-1.613250 7.260751 1.062764
-1.400310 7.057354 0.492177
-1.310213 6.970678 0.237758
-1.607111 7.382518 1.011947
-1.272828 7.068408 0.090629
-1.504899 7.158418 0.761902
-1.243220 6.911270 0.079945
-1.399869 7.055194 0.453738
-1.421715 7.031968 0.505621
-1.500874 7.116694 0.771205
-1.615603 7.228317 1.075663
-1.331436 6.952575 0.291370
-1.627321 7.271245 0.999578
-1.591223 7.368186 0.876148
-1.316519 6.987409 0.256209
-1.612195 7.315238 0.942536
-1.245191 6.920570 0.060581
-1.207282 7.017857 -0.102907
-1.199847 6.939594 -0.097664
-1.365324 7.169516 0.319678
-1.496739 7.297276 0.720383
-1.475825 7.270073 0.585433
-1.192313 6.932221 -0.132686
-1.261416 6.899071 0.121778
-1.245825 6.886603 0.093016
-1.312692 7.126183 0.201701
-1.173473 6.919762 -0.156207
-1.316495 7.056613 0.234718
-1.244633 6.993070 0.039147
-1.529291 7.152696 0.757043
-1.492218 7.222639 0.649395
-1.294286 7.045141 0.159695
-1.607336 7.346712 1.041925
-1.202376 6.900832 -0.064044
-1.189299 6.887739 -0.104609
-1.401435 7.224992 0.440834
-1.510331 7.186933 0.702594
-1.199749 6.855618 -0.052739
-1.203077 6.903310 -0.058260
-1.222333 6.875976 -0.005698
-1.392058 7.139527 0.380546
-1.235082 7.074667 -0.011708
-1.209022 6.870166 -0.024064
-1.646042 7.277486 1.053659
-1.310134 6.971042 0.260695
-1.502677 7.256018 0.742605
-1.395002 7.054236 0.491659
-1.234345 7.000365 -0.030744
-1.610218 7.307374 1.058797
-1.402835 7.167521 0.466298
-1.400096 7.107267 0.480572
-1.314603 7.023601 0.217732
-1.504552 7.208257 0.755195
-1.397910 7.104537 0.440859
-1.245459 6.963250 0.057811
-1.417569 7.078486 0.493865
-1.501456 7.165456 0.764498
-1.273136 7.126239 0.066934
-1.610771 7.274334 1.072873
-1.331383 7.000716 0.275646
-1.631806 7.323416 0.993023
-1.312816 7.037094 0.241664
-1.616610 7.371110 0.934420
-1.246521 6.972702 0.038839
-1.204586 7.074944 -0.130767
-1.263213 6.948790 0.102039
-1.498096 7.352338 0.710544
-1.198970 6.993551 -0.122688
-1.186545 6.982881 -0.155023
-1.245337 6.936221 0.075677
-1.362389 7.225521 0.302005
-1.474083 7.326210 0.573101
-1.144762 6.958082 -0.158044
-1.312332 7.107777 0.218556
-1.311148 7.182428 0.182019
-1.521080 7.195727 0.750030
-1.243200 7.047508 0.017798
-1.497167 7.279867 0.636821
-1.298641 7.102726 0.135266
-1.506506 7.234694 0.693726
-1.197524 6.904650 -0.071354
-1.189351 6.940621 -0.129634
-1.202843 6.954080 -0.088235
-1.397993 7.278686 0.428003
-1.205343 6.957174 -0.083626
-1.217397 6.924552 -0.022745
-1.654104 7.328983 1.047981
-1.385587 7.190603 0.366784
-1.206290 6.920648 -0.041843
-1.223788 7.126209 -0.029246
-1.310883 7.021755 0.245855
-1.504085 7.308304 0.733937
-1.396095 7.105284 0.480103
-1.230292 7.052521 -0.052198
-1.622519 7.365370 1.055383
-1.400321 7.220147 0.453468
-1.398039 7.158412 0.469357
-1.419182 7.127149 0.481860
-1.310947 7.073320 0.200734
-1.497538 7.255154 0.749509
-1.404838 7.159680 0.423380
-1.243586 7.015428 0.038857
-1.502833 7.216789 0.758674
-1.328614 7.048383 0.261485
-1.613321 7.326735 1.072000
-1.269382 7.184318 0.043971
-1.632736 7.374393 0.986365
-1.313105 7.089285 0.225207
-1.246483 7.026469 0.015871
-1.197808 7.130370 -0.154669
-1.260462 6.999277 0.084259
-1.247026 6.988660 0.057213
-1.187286 7.043798 -0.140670
-1.526141 7.246469 0.740184
-1.313456 7.163507 0.200143
-1.146593 7.015315 -0.188259
-1.362014 7.286559 0.283259
-1.470480 7.384503 0.560769
-1.310454 7.241282 0.160768
-1.239521 7.101880 -0.003606
-1.495450 7.334150 0.625266
-1.503965 7.284505 0.684515
-1.661668 7.380983 1.043525
-1.294004 7.156286 0.117094
-1.202888 6.960266 -0.097857
-1.182607 6.991387 -0.149144
-1.201477 7.007627 -0.111658
-1.205776 7.011337 -0.108224
-1.398486 7.337672 0.412081
-1.209721 6.973589 -0.038632
-1.212087 6.975693 -0.067124
-1.380377 7.244657 0.352277
-1.309784 7.073697 0.231395
-1.504045 7.363115 0.726092
-1.220504 7.184677 -0.053842
-1.395775 7.156993 0.470149
-1.151603 7.127283 -0.206760
-1.217227 7.101584 -0.067796
-1.417202 7.176475 0.468962
-1.400398 7.275949 0.440332
-1.400374 7.213349 0.456663
-1.309448 7.126785 0.182208
-1.399698 7.210028 0.410434
-1.501959 7.310998 0.741373
-1.326675 7.099594 0.245357
-1.242087 7.069802 0.019939
-1.496615 7.266263 0.753861
-1.269588 7.246740 0.018303
-1.314662 7.144444 0.208004
-1.241054 7.077432 -0.003201
-1.262177 7.052670 0.062939
-1.528052 7.297297 0.730665
-1.240183 7.038402 0.042989
-1.311414 7.220243 0.181666
-1.305247 7.299028 0.142240
-1.362510 7.349258 0.263320
-1.228185 7.152416 -0.018325
-1.491004 7.388872 0.614869
-1.508012 7.340932 0.672702
-1.198377 7.011977 -0.117701
-1.190252 7.056346 -0.128034
-1.215984 7.029932 -0.065913
-1.290208 7.213364 0.096951
-1.190883 7.059703 -0.120191
-1.396285 7.396152 0.397726
-1.207991 7.027768 -0.086136
-1.384496 7.304835 0.334011
-1.316683 7.131568 0.212737
-1.399871 7.212473 0.458736
-1.218092 7.245721 -0.079999
-1.415634 7.227055 0.456511
-1.217547 7.162178 -0.095124
-1.402689 7.333614 0.426467
-1.396900 7.266042 0.446664
-1.401174 7.266054 0.395297
-1.328763 7.152359 0.227716
-1.304343 7.179909 0.165646
-1.508084 7.370158 0.733346
-1.240161 7.124705 -0.000198
-1.502794 7.322649 0.747005
-1.313083 7.199677 0.191150
-1.258144 7.302810 0.001246
-1.229744 7.127035 -0.017520
-1.530788 7.349749 0.722428
-1.259390 7.104955 0.044366
-1.244510 7.094956 0.021386
-1.151028 7.135943 -0.211006
-1.311578 7.278851 0.162461
-1.298244 7.356131 0.124889
-1.363378 7.415069 0.243048
-1.226239 7.211052 -0.042477
-1.507149 7.394973 0.663192
-1.186623 7.060232 -0.130017
-1.212335 7.083333 -0.086935
-1.195573 7.117496 -0.159330
-1.285504 7.270574 0.077204
-1.191256 7.117513 -0.146352
-1.198923 7.077412 -0.100408
-1.314174 7.185054 0.199502
-1.390758 7.369682 0.313837
-1.395502 7.264393 0.449517
-1.426869 7.287762 0.439225
-1.217404 7.311068 -0.108897
-1.212476 7.219978 -0.118547
-1.400008 7.391687 0.413726
-1.400423 7.321087 0.380495
-1.401806 7.325976 0.432899
-1.327212 7.205736 0.211639
-1.306814 7.237692 0.144431
-1.507129 7.380262 0.740538
-1.236394 7.180832 -0.019946
-1.526860 7.399260 0.715210
-1.310988 7.256338 0.175125
-1.234087 7.188293 -0.045978
-1.258248 7.370735 -0.026768
-1.252089 7.156151 0.028528
-1.237613 7.147439 0.005991
-1.159236 7.207038 -0.203658
-1.307192 7.338225 0.145211
-1.224653 7.272812 -0.066974
-1.207280 7.137391 -0.106346
-1.152389 7.146145 -0.203759
-1.171436 7.163488 -0.156035
-1.283850 7.332294 0.055156
-1.205493 7.139644 -0.129208
-1.306327 7.235800 0.187726
-1.423871 7.339914 0.427990
-1.403042 7.325666 0.436242
-1.209997 7.373417 -0.134331
-1.327401 7.262497 0.193212
-1.403560 7.386003 0.419473
-1.400906 7.380949 0.364179
-1.307846 7.297988 0.124048
-1.205128 7.279566 -0.142805
-1.229911 7.236482 -0.038135
-1.311054 7.316742 0.157581
-1.257293 7.216277 0.002513
-1.230751 7.246661 -0.068131
-1.240949 7.207826 -0.016792
-1.302762 7.399435 0.127174
-1.225700 7.338718 -0.094605
-1.204875 7.194674 -0.128501
-1.163498 7.217865 -0.187355
-1.205780 7.198308 -0.153320
-1.281263 7.395078 0.033103
-1.158234 7.217067 -0.171147
-1.311736 7.298006 0.169108
-1.423506 7.396223 0.413624
-1.402535 7.383739 0.425993
-1.321764 7.317034 0.177469
-1.301741 7.354927 0.106298
-1.212455 7.351824 -0.178754
-1.226951 7.297054 -0.060240
-1.307075 7.376465 0.141157
-1.252599 7.272536 -0.016855
-1.226937 7.307430 -0.092293
-1.238878 7.266349 -0.036059
-1.218646 7.401373 -0.116764
-1.166038 7.224260 -0.188757
-1.197536 7.250504 -0.148754
-1.309518 7.357373 0.154347
-1.158466 7.281313 -0.200058
-1.324106 7.377518 0.157518
-1.304454 7.421362 0.082387
-1.227951 7.361977 -0.085038
-1.247374 7.331151 -0.035784
-1.225282 7.371934 -0.117975
-1.233600 7.324913 -0.052540
-1.197688 7.315626 -0.175610
-1.245253 7.394323 -0.059463
-1.234101 7.390347 -0.076118
-1.580275 6.620239 1.044548
-1.535487 6.582567 0.958418
-1.585961 6.618286 1.081128
-1.526609 6.617767 0.944060
-1.558858 6.656284 1.028421
-1.605067 6.616905 1.107679
-1.558867 6.651922 1.065137
-1.569973 6.696533 1.010909
-1.529040 6.610419 0.930985
-1.443714 6.570230 0.701238
-1.619606 6.615258 1.136475
-1.465767 6.602417 0.762199
-1.556585 6.647065 1.093577
-1.587813 6.693346 1.048421
-1.516414 6.689415 0.914880
-1.522198 6.595215 0.916202
-1.569065 6.735240 0.993672
-1.515551 6.646219 0.918478
-1.437017 6.606507 0.686582
-1.479358 6.603029 0.798743
-1.599334 6.688835 1.078697
-1.444238 6.638445 0.748524
-1.617241 6.832863 1.155754
-1.375663 6.556167 0.528065
-1.582920 6.730299 1.032628
-1.609113 6.742301 1.161811
-1.514176 6.725979 0.900427
-1.602190 6.692291 1.160578
-1.513123 6.632233 0.903493
-1.621283 6.795316 1.161666
-1.487103 6.600852 0.829692
-1.561897 6.772972 0.977381
-1.511470 6.683025 0.904762
-1.511686 6.582438 0.899641
-1.604894 6.685641 1.109946
-1.426246 6.642879 0.672568
-1.456073 6.637446 0.786611
-1.364293 6.562753 0.481441
-1.427401 6.595751 0.677031
-1.593948 6.725368 1.064514
-1.462591 6.680503 0.726857
-1.391716 6.558209 0.567591
-1.616357 6.868761 1.142176
-1.362617 6.593322 0.513550
-1.577445 6.768681 1.017644
-1.521689 6.764851 0.885202
-1.494889 6.597813 0.861038
-1.612449 6.781236 1.149672
-1.613176 6.831285 1.148997
-1.504048 6.669253 0.890787
-1.465125 6.635534 0.818030
-1.494872 6.717881 0.892932
-1.506104 6.620795 0.887100
-1.557300 6.812158 0.961628
-1.604010 6.721544 1.096364
-1.427779 6.580489 0.661338
-1.413094 6.679999 0.660503
-1.477085 6.679114 0.766283
-1.348032 6.598926 0.470045
-1.591668 6.762853 1.049662
-1.427302 6.634315 0.661874
-1.461590 6.721061 0.708823
-1.614506 6.905702 1.128569
-1.383084 6.596579 0.552874
-1.568521 6.804804 1.002897
-1.299163 6.556693 0.321149
-1.474263 6.631835 0.850247
-1.348068 6.632030 0.500213
-1.518484 6.802455 0.870723
-1.611712 6.820264 1.138175
-1.614325 6.869145 1.137164
-1.501658 6.706712 0.878382
-1.483503 6.674791 0.800015
-1.602516 6.771039 1.136437
-1.513013 6.759870 0.876163
-1.300439 6.565125 0.300034
-1.501827 6.659419 0.875031
-1.551780 6.851463 0.946248
-1.601281 6.757686 1.083523
-1.417778 6.617633 0.649002
-1.351620 6.584042 0.462260
-1.424354 6.719347 0.640954
-1.396188 6.592698 0.586903
-1.423223 6.566468 0.643800
-1.477864 6.718475 0.750360
-1.587973 6.800037 1.036791
-1.398956 6.668000 0.653604
-1.316546 6.556200 0.364796
-1.612119 6.943147 1.116172
-1.456989 6.760250 0.693072
-1.356001 6.631457 0.544672
-1.569732 6.843621 0.988217
-1.501513 6.672603 0.832229
-1.512172 6.839109 0.856918
-1.317447 6.598454 0.291304
-1.253392 6.546093 0.186190
-1.366632 6.674144 0.473655
-1.608788 6.858220 1.126983
-1.299252 6.545170 0.306294
-1.610630 6.906328 1.124297
-1.350845 6.562938 0.450955
-1.252530 6.551189 0.187838
-1.488784 6.713521 0.784692
-1.507668 6.747138 0.864335
-1.238886 6.535239 0.145388
-1.601242 6.810574 1.126149
-1.506165 6.797033 0.863564
-1.596751 6.793142 1.071825
-1.402837 6.589721 0.623513
-1.332010 6.549695 0.400128
-1.288653 6.603472 0.285592
-1.481884 6.696065 0.865117
-1.555966 6.893995 0.929696
-1.409084 6.655045 0.637138
-1.350167 6.623264 0.446237
-1.384879 6.629579 0.574101
-1.428195 6.760577 0.623962
-1.342125 6.676452 0.436224
-1.582970 6.836956 1.023454
-1.470156 6.756717 0.735281
-1.415749 6.605993 0.631600
-1.414971 6.709875 0.634290
-1.609730 6.980590 1.103777
-1.273584 6.544318 0.229131
-1.309712 6.595255 0.348943
-1.452299 6.801286 0.676522
-1.387081 6.675519 0.516232
-1.494707 6.708844 0.820030
-1.571284 6.883744 0.973977
-1.508386 6.878141 0.843250
-1.311489 6.638305 0.274683
-1.287017 6.582175 0.293862
-1.228338 6.582943 0.179733
-1.608928 6.898048 1.114721
-1.609891 6.945348 1.112808
-1.368305 6.716187 0.453715
-1.483349 6.750983 0.770114
-1.238021 6.588977 0.174906
-1.333466 6.601050 0.441577
-1.507419 6.786585 0.851232
-1.223840 6.573533 0.133664
-1.512173 6.837449 0.849522
-1.594406 6.829668 1.059827
-1.599538 6.850646 1.114625
-1.391957 6.626064 0.611952
-1.311953 6.586320 0.392662
-1.494536 6.737854 0.850968
-1.343238 6.652400 0.235757
-1.400345 6.693381 0.624876
-1.550401 6.934219 0.913921
-1.344640 6.662580 0.430856
-1.394249 6.670096 0.554890
-1.425821 6.799907 0.608315
-1.577044 6.873993 1.010489
-1.397538 6.642372 0.623396
-1.347528 6.717087 0.415209
-1.468705 6.795928 0.719264
-1.293274 6.558131 0.290192
-1.417933 6.750304 0.618070
-1.255637 6.564443 0.188895
-1.607684 7.019340 1.091823
-1.249573 6.558979 0.162006
-1.268547 6.584055 0.212139
-1.335130 6.638787 0.317390
-1.385198 6.715273 0.498974
-1.444546 6.840447 0.661047
-1.495959 6.746742 0.805751
-1.257591 6.537879 0.205038
-1.505908 6.917434 0.830054
-1.566148 6.923430 0.959442
-1.607310 6.936265 1.104003
-1.342372 6.582038 0.421312
-1.606966 6.983298 1.101624
-1.293293 6.676569 0.263233
-1.261490 6.538135 0.187636
-1.305640 6.625242 0.264458
-1.343441 6.585044 0.423024
-1.480484 6.789898 0.756076
-1.368177 6.757542 0.434918
-1.505326 6.826271 0.838871
-1.400783 6.651347 0.395993
-1.588525 6.865782 1.047264
-1.277673 6.569726 0.250383
-1.268886 6.620216 0.079710
-1.506587 6.875798 0.836997
-1.406322 6.666369 0.591733
-1.596034 6.890033 1.104243
-1.391808 6.636423 0.337817
-1.497779 6.778639 0.838034
-1.271829 6.681553 0.254165
-1.416701 6.736561 0.606002
-1.343185 6.701797 0.414838
-1.417617 6.837727 0.594852
-1.398624 6.710824 0.536691
-1.574611 6.912364 0.997693
-1.545220 6.974826 0.898987
-1.382434 6.679705 0.614523
-1.348322 6.758321 0.396043
-1.463522 6.836545 0.704326
-1.287209 6.597957 0.276019
-1.419973 6.790849 0.602222
-1.251521 6.604059 0.171536
-1.607480 7.057845 1.079132
-1.236326 6.597955 0.149144
-1.300605 6.673681 0.314998
-1.291273 6.557633 0.285572
-1.484202 6.782274 0.794967
-1.382348 6.756069 0.481687
-1.450484 6.884580 0.642958
-1.510564 6.958495 0.815149
-1.255660 6.578567 0.187377
-1.563626 6.963645 0.945847
-1.606568 7.023623 1.090577
-1.607254 6.977903 1.093392
-1.333285 6.623084 0.412741
-1.271885 6.660911 0.263742
-1.288319 6.717254 0.243400
-1.244449 6.577562 0.178699
-1.222119 6.662921 0.138985
-1.475389 6.828667 0.741941
-1.585642 6.902812 1.036479
-1.329484 6.680508 0.411955
-1.503232 6.865954 0.826513
-1.360333 6.798553 0.418643
-1.234093 6.670049 0.131410
-1.506679 6.916545 0.824339
-1.403498 6.704366 0.578095
-1.209859 6.654093 0.095033
-1.597285 6.931942 1.094099
-1.283902 6.573879 0.275601
-1.303661 6.664601 0.360795
-1.496948 6.819516 0.825742
-1.279048 6.724744 0.228764
-1.419126 6.777493 0.590993
-1.340764 6.742056 0.398792
-1.572176 6.950732 0.984901
-1.418262 6.879845 0.577737
-1.399355 6.751105 0.520374
-1.263546 6.553617 0.198886
-1.462455 6.876135 0.689153
-1.543444 7.018609 0.883422
-1.408646 6.725227 0.592429
-1.414340 6.830124 0.589296
-1.340520 6.798408 0.380170
-1.261320 6.557482 0.202933
-1.609273 7.099219 1.067806
-1.250089 6.645148 0.152288
-1.245930 6.640396 0.121811
-1.283458 6.595843 0.272960
-1.249884 6.662370 0.181473
-1.488031 6.821613 0.781247
-1.297374 6.714086 0.296892
-1.376784 6.796290 0.465931
-1.508047 6.998694 0.801576
-1.443911 6.926762 0.626773
-1.558925 7.002779 0.932574
-1.609284 7.064882 1.078879
-1.605063 7.017538 1.083504
-1.319452 6.657580 0.399828
-1.582381 6.939445 1.024876
-1.284492 6.704262 0.238188
-1.478743 6.869461 0.726583
-1.314839 6.662202 0.405803
-1.282814 6.758430 0.224795
-1.239030 6.708107 0.104649
-1.345136 6.723854 0.388577
-1.496535 6.906230 0.816023
-1.502362 6.956068 0.811904
-1.351616 6.838747 0.403159
-1.410538 6.744687 0.561256
-1.253890 6.646349 0.226422
-1.240503 6.713378 0.103950
-1.215005 6.696235 0.067505
-1.598006 6.974344 1.085183
-1.280951 6.614643 0.260778
-1.324863 6.709102 0.331951
-1.497774 6.861955 0.814376
-1.412578 6.816878 0.578455
-1.570091 6.990398 0.972565
-1.276266 6.766479 0.208651
-1.416234 6.920464 0.562553
-1.341949 6.783662 0.380486
-1.391114 6.789841 0.506528
-1.244606 6.592316 0.193558
-1.406512 6.765830 0.579687
-1.336754 6.839303 0.363276
-1.544333 7.061982 0.869215
-1.413576 6.871937 0.574178
-1.275620 6.677085 0.246491
-1.464371 6.919429 0.672126
-1.608445 7.140070 1.055524
-1.246553 6.596125 0.194500
-1.234120 6.683557 0.140942
-1.219460 6.676948 0.117342
-1.489623 6.860812 0.767413
-1.301810 6.755754 0.275851
-1.301930 6.639797 0.245606
-1.254380 6.704997 0.157582
-1.503679 7.039141 0.788725
-1.364847 6.835517 0.453548
-1.602670 7.103307 1.069179
-1.223560 6.654396 0.169994
-1.440439 6.969892 0.609901
-1.583868 6.978607 1.013492
-1.332911 6.699870 0.376735
-1.565486 7.048562 0.918214
-1.604084 7.059290 1.073266
-1.470882 6.908586 0.713562
-1.221050 6.654569 0.155581
-1.340385 6.706971 0.379588
-1.281210 6.745589 0.219666
-1.234010 6.749704 0.084419
-1.340334 6.764854 0.374481
-1.276337 6.800654 0.206144
-1.497889 6.948163 0.803436
-1.499687 6.997170 0.800359
-1.659775 7.211010 1.136576
-1.402675 6.783818 0.548231
-1.267903 6.690005 0.198873
-1.357185 6.884360 0.380987
-1.234561 6.755095 0.084090
-1.272056 6.653869 0.250567
-1.596149 7.015298 1.075715
-1.217334 6.739664 0.040670
-1.316612 6.747847 0.318088
-1.573290 7.032082 0.959241
-1.491992 6.902119 0.803500
-1.406364 6.857580 0.566339
-1.386893 6.829408 0.491627
-1.275275 6.808896 0.187383
-1.414112 6.962933 0.546552
-1.333611 6.824251 0.365824
-1.605772 7.181159 1.043985
-1.412805 6.913753 0.559045
-1.404328 6.807362 0.566529
-1.279518 6.719264 0.226658
-1.461757 6.961484 0.657733
-1.331094 6.881370 0.346706
-1.543776 7.107864 0.853321
-1.242752 6.727035 0.113566
-1.488063 6.899983 0.753852
-1.282212 6.677730 0.238587
-1.229418 6.722570 0.087186
-1.295806 6.796517 0.258841
-1.250712 6.745937 0.138223
-1.496160 7.079564 0.776147
-1.366025 6.877122 0.435229
-1.609212 7.147205 1.058072
-1.583512 7.018006 1.002849
-1.243508 6.699586 0.137819
-1.603490 7.101424 1.063870
-1.558890 7.088863 0.905267
-1.332674 6.741193 0.360390
-1.437308 7.014326 0.593470
-1.469278 6.948676 0.699601
-1.335091 6.747556 0.367101
-1.237890 6.698812 0.124076
-1.274669 6.786860 0.203864
-1.336069 6.805345 0.359179
-1.505026 7.040838 0.786334
-1.497399 6.990333 0.791590
-1.398884 6.822848 0.534570
-1.224423 6.790981 0.066442
-1.275259 6.844914 0.184076
-1.264084 6.731841 0.181560
-1.652899 7.254963 1.124476
-1.345651 6.925843 0.366198
-1.228575 6.797732 0.063833
-1.275461 6.695635 0.232343
-1.312345 6.788338 0.302786
-1.598126 7.058890 1.066854
-1.206870 6.780138 0.023463
-1.573767 7.073201 0.947429
-1.492809 6.944559 0.792122
-1.405056 6.899906 0.552415
-1.384814 6.870962 0.476025
-1.403975 7.002830 0.533036
-1.267876 6.851235 0.169105
-1.330565 6.866848 0.350191
-1.238343 6.672542 0.163447
-1.605670 7.223694 1.032984
-1.412034 6.955564 0.543915
-1.399420 6.848329 0.554883
-1.455650 7.002205 0.643175
-1.331754 6.925351 0.326349
-1.235340 6.675647 0.165799
-1.276084 6.761483 0.210184
-1.239425 6.769279 0.094646
-1.539619 7.152380 0.839710
-1.485924 6.940582 0.741099
-1.279788 6.717984 0.222545
-1.227504 6.765111 0.066288
-1.289758 6.838202 0.241433
-1.249676 6.789279 0.116556
-1.501796 7.125452 0.762163
-1.583154 7.057401 0.992208
-1.605081 7.188922 1.048112
-1.361628 6.920375 0.418729
-1.608573 7.145950 1.054342
-1.325730 6.780202 0.346999
-1.240566 6.742222 0.119737
-1.557927 7.132480 0.891786
-1.468015 6.990070 0.686081
-1.435484 7.059018 0.577510
-1.238249 6.740576 0.103678
-1.327953 6.788381 0.355355
-1.268621 6.828543 0.186456
-1.327622 6.845901 0.346967
-1.394127 6.862921 0.520879
-1.495987 7.032619 0.780117
-1.501340 7.083899 0.774363
-1.218051 6.833229 0.045348
-1.260308 6.772748 0.164651
-1.264215 6.886814 0.167680
-1.660487 7.304643 1.111439
-1.220402 6.839298 0.043880
-1.276056 6.738682 0.214829
-1.345302 6.971786 0.345411
-1.596995 7.101532 1.058668
-1.305805 6.829607 0.286987
-1.567985 7.113348 0.936561
-1.198160 6.822214 0.004717
-1.492704 6.987115 0.781116
-1.379627 6.911567 0.461098
-1.404626 6.943029 0.537723
-1.401272 7.046720 0.517848
-1.328932 6.909735 0.332583
-1.261397 6.893447 0.150461
-1.600231 7.265139 1.022559
-1.244917 6.716205 0.141705
-1.408453 6.998659 0.529496
-1.398498 6.891042 0.541798
-1.245171 6.719363 0.141341
-1.272265 6.803312 0.192875
-1.324248 6.967650 0.310523
-1.460041 7.048788 0.625873
-1.481641 6.979186 0.729052
-1.231145 6.810819 0.077140
-1.539402 7.199558 0.824260
-1.271876 6.758038 0.209124
-1.221069 6.806406 0.048043
-1.585324 7.099168 0.981706
-1.497725 7.168117 0.749357
-1.241783 6.831202 0.099889
-1.291743 6.884327 0.218296
-1.607891 7.234218 1.038087
-1.359996 6.963258 0.401123
-1.325492 6.821516 0.330660
-1.605213 7.188439 1.046059
-1.238159 6.784346 0.100450
-1.553857 7.175148 0.878980
-1.464479 7.032242 0.672063
-1.329857 6.831685 0.338313
-1.388491 6.902188 0.507962
-1.429586 7.103805 0.562194
-1.231619 6.783693 0.087078
-1.496391 7.125769 0.762326
-1.269234 6.873449 0.165699
-1.488316 7.073936 0.769588
-1.323653 6.888618 0.331707
-1.217955 6.878310 0.020068
-1.258780 6.815671 0.144594
-1.259000 6.930210 0.149106
-1.271252 6.779679 0.200738
-1.568374 7.156305 0.923953
-1.304171 6.872497 0.269379
-1.659586 7.353209 1.099247
-1.601498 7.147490 1.049948
-1.219340 6.885424 0.018569
-1.341693 7.017673 0.327344
-1.201770 6.868684 -0.025290
-1.376580 6.954157 0.445470
-1.401474 6.985587 0.524543
-1.488526 7.029767 0.770753
-1.403432 7.093150 0.500450
-1.324577 6.952058 0.316488
-1.603875 7.312147 1.011367
-1.251230 6.936143 0.133298
-1.242404 6.758301 0.124865
-1.402150 7.041190 0.516588
-1.398497 6.933628 0.528346
-1.239936 6.760900 0.126010
-1.475515 7.018029 0.717747
-1.450246 7.089986 0.612800
-1.270586 6.847125 0.174867
-1.317576 7.011671 0.293529
-1.226465 6.853714 0.057356
-1.540834 7.248301 0.809720
-1.587108 7.140544 0.970367
-1.272085 6.800691 0.190775
-1.211866 6.848063 0.030909
-1.501044 7.215694 0.734477
-1.607637 7.277639 1.029138
-1.238025 6.873972 0.079737
-1.283314 6.926750 0.202841
-1.317581 6.861564 0.317243
-1.357354 7.008103 0.383088
-1.607486 7.234241 1.037244
-1.467543 7.076681 0.657544
-1.561978 7.224322 0.864735
-1.230651 6.826655 0.084622
-1.394469 6.945383 0.490284
-1.319995 6.871943 0.328083
-1.496197 7.170149 0.750527
-1.224110 6.826003 0.071250
-1.493415 7.120333 0.756815
-1.324591 6.932952 0.314639
-1.260419 6.915487 0.149406
-1.429771 7.153242 0.544335
-1.251271 6.857979 0.128768
-1.210957 6.922899 -0.000613
-1.568269 7.198839 0.912956
-1.260510 6.977777 0.124335
-1.269125 6.822156 0.184739
-1.297586 6.914681 0.253185
-1.597557 7.191410 1.042475
-1.653436 7.398839 1.088433
-1.212342 6.930011 -0.002112
-1.333670 7.062346 0.309483
-1.397399 7.028262 0.511736
-1.370812 6.996183 0.431355
-1.196186 6.913566 -0.047949
-1.607519 7.359147 1.000178
-1.396655 7.137130 0.485907
-1.486874 7.074789 0.760529
-1.324119 6.997966 0.298152
-1.404738 7.087082 0.500431
-1.240724 6.802119 0.106857
-1.251819 6.983830 0.108897
-1.479930 7.061813 0.704097
-1.396608 6.977376 0.515236
-1.241899 6.805154 0.106123
-1.264386 6.889694 0.159511
-1.446962 7.135298 0.598424
-1.316645 7.059030 0.273555
-1.586169 7.181356 0.960541
-1.228018 6.900365 0.032985
-1.273127 6.845064 0.171259
-1.541301 7.298079 0.795151
-1.492020 7.257650 0.723087
-1.609867 7.324352 1.019927
-1.213033 6.894330 0.005699
-1.278098 6.970142 0.184270
-1.237348 6.920481 0.055266
-1.319976 6.905273 0.298597
-1.358696 7.054685 0.363614
-1.599667 7.276437 1.028769
-1.463040 7.119887 0.643500
-1.559468 7.270396 0.852040
-1.230341 6.871680 0.064238
-1.390008 6.987676 0.476638
-1.324039 6.917225 0.310344
-1.496838 7.216247 0.737560
-1.491377 7.164958 0.745756
-1.221614 6.869962 0.051168
-1.321455 6.977383 0.298213
-1.256466 6.960066 0.130904
-1.431755 7.203347 0.525340
-1.574097 7.246916 0.901463
-1.246976 6.901256 0.109826
-1.210299 6.971271 -0.028329
-1.268708 6.867155 0.166801
-1.255655 7.024343 0.102956
-1.293678 6.958341 0.235083
-1.602744 7.239973 1.034636
-1.609704 7.406768 0.990569
-1.659819 7.452277 1.076619
-1.211728 6.977458 -0.029427
-1.401251 7.075345 0.495647
-1.374384 7.042912 0.411980
-1.396926 7.184711 0.468854
-1.331729 7.111666 0.289080
-1.487065 7.119563 0.749568
-1.192806 6.961380 -0.074155
-1.315154 7.040887 0.283910
-1.473715 7.102496 0.691995
-1.234952 6.844152 0.092740
-1.398346 7.131450 0.486728
-1.398167 7.023370 0.501894
-1.249640 7.031875 0.085608
-1.448586 7.182225 0.582239
-1.256341 6.932501 0.144897
-1.235654 6.848650 0.090366
-1.593051 7.226547 0.949880
-1.312605 7.105439 0.254256
-1.217313 6.943563 0.017033
-1.266048 6.886831 0.156674
-1.496022 7.307828 0.709089
-1.611130 7.372102 1.010687
-1.533366 7.344904 0.782230
-1.209142 6.939858 -0.015650
-1.316005 6.947981 0.283343
-1.279501 7.017674 0.161949
-1.229857 6.964649 0.036198
-1.607960 7.325929 1.020263
-1.458966 7.162549 0.630699
-1.353288 7.099881 0.346693
-1.387391 7.029719 0.462255
-1.559529 7.317912 0.839883
-1.226923 6.915754 0.044528
-1.320411 6.961241 0.295529
-1.493790 7.262826 0.726074
-1.493710 7.211706 0.734097
-1.224132 6.915566 0.026830
-1.313261 7.021078 0.285648
-1.255683 7.006533 0.108885
-1.573861 7.292206 0.889269
-1.246622 6.947193 0.089045
-1.424310 7.250589 0.510809
-1.259293 6.908747 0.154566
-1.208226 7.019339 -0.054063
-1.294633 7.004539 0.214772
-1.253925 7.073718 0.077661
-1.596616 7.282817 1.027470
-1.607431 7.454101 0.980765
-1.372556 7.087594 0.396029
-1.395244 7.120099 0.482783
-1.211411 7.027126 -0.056701
-1.488862 7.166825 0.739116
-1.474978 7.146247 0.678621
-1.401051 7.236794 0.449160
-1.334651 7.163518 0.266469
-1.189961 7.008677 -0.101566
-1.317285 7.090107 0.262869
-1.230549 6.887400 0.076247
-1.395403 7.178061 0.472794
-1.587117 7.267572 0.941069
-1.389526 7.065727 0.491340
-1.242598 7.077368 0.064535
-1.258172 6.979501 0.123815
-1.228530 6.891339 0.075383
-1.447014 7.230048 0.565928
-1.314263 7.156105 0.231577
-1.220147 6.993260 -0.010513
-1.256203 6.928960 0.143202
-1.611472 7.419967 1.001820
-1.496872 7.357979 0.695364
-1.206234 6.986210 -0.040214
-1.538842 7.400331 0.767539
-1.307961 6.990787 0.268732
-1.271475 7.062343 0.144093
-1.457911 7.207994 0.616427
-1.230400 7.013249 0.011401
-1.608687 7.374187 1.012233
-1.383807 7.072803 0.447844
-1.349098 7.147181 0.329443
-1.549882 7.362212 0.828905
-1.222924 6.961251 0.025628
-1.500407 7.313530 0.713015
-1.312601 7.005323 0.283803
-1.495419 7.260800 0.722848
-1.213812 6.959148 0.011720
-1.316743 7.069642 0.265476
-1.255198 7.055222 0.086907
-1.563424 7.333864 0.879861
-1.242239 6.992303 0.069308
-1.258340 6.954240 0.137842
-1.429567 7.306615 0.489985
-1.289266 7.048815 0.198253
-1.205635 7.069780 -0.081835
-1.604715 7.334125 1.020612
-1.366655 7.132372 0.380720
-1.394530 7.166853 0.468949
-1.475319 7.190114 0.665619
-1.252492 7.125314 0.052406
-1.488429 7.213940 0.728568
-1.204728 7.075796 -0.080584
-1.397590 7.285769 0.433191
-1.584290 7.309536 0.931589
-1.231502 6.933603 0.055936
-1.316694 7.138761 0.243340
-1.186492 7.058318 -0.128567
-1.333500 7.215463 0.244501
-1.403064 7.230549 0.453669
-1.391962 7.112509 0.477234
-1.226848 6.935137 0.057383
-1.253253 7.025115 0.105287
-1.240331 7.127240 0.040452
-1.446169 7.279556 0.550895
-1.317185 7.207945 0.208970
-1.260800 6.975594 0.121013
-1.217581 7.040912 -0.034636
-1.487180 7.403193 0.683989
-1.309345 7.036445 0.249663
-1.614170 7.424951 1.004441
-1.459340 7.256727 0.601894
-1.205380 7.036385 -0.066278
-1.270067 7.111147 0.122487
-1.540781 7.455344 0.752285
-1.383286 7.117747 0.432364
-1.227298 7.061406 -0.011513
-1.353327 7.199292 0.307304
-1.556754 7.416057 0.815487
-1.222974 7.009437 0.002441
-1.495129 7.359954 0.701436
-1.313835 7.051872 0.266781
-1.494020 7.308944 0.712273
-1.214397 7.006826 -0.012674
-1.571734 7.385213 0.868112
-1.311182 7.115726 0.250607
-1.251560 7.103884 0.065202
-1.235475 7.038158 0.051521
-1.256957 7.000264 0.119882
-1.285610 7.095609 0.179796
-1.431224 7.361273 0.471444
-1.474157 7.235527 0.653797
-1.200366 7.118734 -0.107693
-1.362894 7.179131 0.364712
-1.608354 7.385140 1.013559
-1.395913 7.216508 0.454016
-1.248767 7.175807 0.029903
-1.587395 7.357040 0.921613
-1.487459 7.261554 0.719231
-1.399826 7.338999 0.413842
-1.317323 7.189513 0.223481
-1.226966 6.979607 0.038247
-1.199371 7.126594 -0.107242
-1.399110 7.279112 0.439310
-1.330504 7.267643 0.223276
-1.390281 7.160310 0.463370
-1.223235 6.981019 0.039324
-1.250430 7.073632 0.085660
-1.447036 7.331579 0.533925
-1.240610 7.181347 0.013259
-1.314189 7.260125 0.187745
-1.253587 7.020115 0.105235
-1.212591 7.090229 -0.057209
-1.301641 7.080547 0.235496
-1.462032 7.306637 0.587431
-1.386706 7.165349 0.415045
-1.201804 7.085994 -0.090829
-1.270864 7.162880 0.097334
-1.225522 7.111691 -0.037203
-1.352113 7.250282 0.288188
-1.216701 7.055701 -0.016952
-1.307825 7.096622 0.253921
-1.492720 7.410050 0.690434
-1.500012 7.361993 0.699625
-1.570336 7.433344 0.857542
-1.314039 7.166625 0.230847
-1.211636 7.056293 -0.035149
-1.247878 7.153460 0.043100
-1.251930 7.045846 0.103805
-1.236358 7.088056 0.027168
-1.480966 7.284417 0.639095
-1.287310 7.145351 0.157522
-1.609851 7.434161 1.007210
-1.361811 7.227360 0.346797
-1.593949 7.406785 0.911407
-1.421802 7.411503 0.456460
-1.395066 7.266015 0.438986
-1.191750 7.169477 -0.131631
-1.489552 7.311026 0.708825
-1.245446 7.228549 0.004993
-1.226952 7.026838 0.017911
-1.394433 7.390047 0.397818
-1.315722 7.240115 0.203527
-1.192599 7.177090 -0.131919
-1.399932 7.332051 0.421941
-1.391171 7.209552 0.450047
-1.224591 7.029467 0.016610
-1.328683 7.322843 0.201322
-1.251207 7.123496 0.063755
-1.450000 7.386498 0.515855
-1.236947 7.232780 -0.012087
-1.311148 7.313216 0.166124
-1.252608 7.068388 0.084870
-1.208971 7.140752 -0.082157
-1.303859 7.127913 0.215261
-1.465172 7.357874 0.570963
-1.379390 7.209825 0.401720
-1.194587 7.135157 -0.113488
-1.271084 7.216027 0.073002
-1.217813 7.160438 -0.058253
-1.351350 7.302595 0.267074
-1.216129 7.106217 -0.039716
-1.311949 7.148706 0.234240
-1.491478 7.408360 0.690777
-1.214771 7.108192 -0.062640
-1.316812 7.219354 0.210299
-1.248976 7.207405 0.017997
-1.255281 7.097160 0.082446
-1.478797 7.331779 0.626856
-1.233601 7.137505 0.004706
-1.286247 7.195446 0.136369
-1.593027 7.453453 0.902486
-1.371634 7.283688 0.323736
-1.401568 7.321342 0.421492
-1.187186 7.222893 -0.159846
-1.495887 7.365381 0.696625
-1.224132 7.075345 -0.001705
-1.234884 7.279490 -0.015746
-1.401209 7.450370 0.376716
-1.317977 7.295209 0.180941
-1.398956 7.384300 0.405723
-1.394698 7.261184 0.434424
-1.220015 7.076373 -0.001466
-1.190669 7.232903 -0.162445
-1.145203 7.199332 -0.189318
-1.251899 7.175189 0.041061
-1.329500 7.380423 0.177068
-1.440175 7.434465 0.503291
-1.253432 7.117325 0.063375
-1.234375 7.289069 -0.038957
-1.299602 7.363325 0.148604
-1.303654 7.176939 0.196585
-1.207066 7.193780 -0.109036
-1.383066 7.260560 0.384050
-1.454556 7.403204 0.559969
-1.191414 7.187004 -0.140444
-1.267269 7.268350 0.049702
-1.214060 7.213714 -0.084402
-1.213323 7.156585 -0.062587
-1.316068 7.200785 0.214551
-1.349957 7.357254 0.246359
-1.316428 7.272058 0.190014
-1.205643 7.156649 -0.081721
-1.477544 7.379018 0.614239
-1.246082 7.259603 -0.005672
-1.251043 7.145371 0.064801
-1.230751 7.188793 -0.018564
-1.285969 7.248180 0.113636
-1.366817 7.333311 0.306903
-1.399173 7.373306 0.407242
-1.485933 7.411463 0.689746
-1.222141 7.125570 -0.022499
-1.312642 7.347204 0.162069
-1.391897 7.310899 0.422583
-1.236355 7.338463 -0.046912
-1.394287 7.437035 0.390976
-1.218516 7.127013 -0.023868
-1.248899 7.227365 0.019839
-1.322145 7.436336 0.157337
-1.250563 7.166747 0.043353
-1.226012 7.342936 -0.063252
-1.305158 7.228484 0.175961
-1.306945 7.426877 0.119789
-1.384508 7.311150 0.366275
-1.200634 7.245570 -0.133272
-1.461352 7.460748 0.542507
-1.258439 7.319017 0.030664
-1.206214 7.265211 -0.106658
-1.312943 7.251064 0.199024
-1.205907 7.207557 -0.083606
-1.340100 7.408012 0.230139
-1.479652 7.430341 0.600589
-1.200114 7.206452 -0.103079
-1.315508 7.325260 0.170940
-1.249823 7.196358 0.045687
-1.232686 7.309961 -0.022461
-1.228242 7.241378 -0.041393
-1.282091 7.299549 0.093187
-1.360156 7.383172 0.290812
-1.389683 7.422583 0.395109
-1.219227 7.175907 -0.042920
-1.399614 7.368330 0.404750
-1.311160 7.403693 0.140557
-1.216928 7.179488 -0.047068
-1.230046 7.396147 -0.072707
-1.241376 7.278301 0.001269
-1.252084 7.220157 0.019482
-1.384061 7.362896 0.348841
-1.305309 7.280678 0.154470
-1.219790 7.398775 -0.088246
-1.295262 7.479734 0.101064
-1.192699 7.298903 -0.156327
-1.259355 7.376621 0.003956
-1.204664 7.321398 -0.136350
-1.311530 7.303856 0.181559
-1.206523 7.262947 -0.110353
-1.304323 7.373884 0.157500
-1.199379 7.262500 -0.130695
-1.254363 7.252548 0.020345
-1.226137 7.296211 -0.066630
-1.234927 7.369698 -0.051947
-1.278124 7.352752 0.071939
-1.360411 7.439388 0.271009
-1.218903 7.229556 -0.066050
-1.391817 7.418255 0.393924
-1.213092 7.229937 -0.067117
-1.306033 7.459739 0.120928
-1.241842 7.334576 -0.023429
-1.229838 7.460330 -0.104291
-1.246448 7.269927 0.000574
-1.375195 7.409819 0.336302
-1.304001 7.333491 0.134559
-1.308272 7.356884 0.164836
-1.252552 7.433889 -0.020227
-1.206880 7.383917 -0.169482
-1.202574 7.318016 -0.134848
-1.311109 7.436071 0.133145
-1.194121 7.317306 -0.155658
-1.241377 7.300499 0.008045
-1.222187 7.351276 -0.091124
-1.278055 7.409524 0.048451
-1.227291 7.425243 -0.074960
-1.214891 7.283684 -0.087698
-1.209660 7.282635 -0.089573
-1.240376 7.392928 -0.048186
-1.246914 7.326203 -0.024123
-1.301683 7.388261 0.114221
-1.314652 7.416819 0.142892
-1.199862 7.377051 -0.162920
-1.245292 7.359016 -0.016884
-1.218105 7.409096 -0.116816
-1.209078 7.337125 -0.108203
-1.211451 7.341039 -0.117047
-1.235266 7.450836 -0.071060
-1.242813 7.382161 -0.046568
-1.296731 7.440621 0.096195
-1.243868 7.416443 -0.041237
-1.211210 7.396822 -0.135237
-1.206919 7.397524 -0.140729
-1.238711 7.438106 -0.069010
-1.206590 7.455139 -0.159716
-1.204889 7.459157 -0.167919
-1.563098 6.669952 1.122382
-1.561617 6.708682 1.107802
-1.524328 6.670369 1.000543
-1.656706 6.694032 1.141461
-1.568777 6.745831 1.093470
-1.547794 6.706358 0.983838
-1.557838 6.728218 1.124628
-1.465590 6.653438 0.841025
-1.522733 6.672053 0.975450
-1.576108 6.715856 1.156367
-1.582909 6.785695 1.079396
-1.550097 6.742792 0.968529
-1.599408 6.766763 1.111379
-1.471316 6.692160 0.825453
-1.539117 6.707171 0.957693
-1.429311 6.664276 0.743163
-1.545550 6.672252 0.849800
-1.602599 6.752777 1.141398
-1.579080 6.825136 1.066803
-1.512671 6.672524 0.951310
-1.546557 6.778578 0.955074
-1.496123 6.655320 0.890419
-1.597654 6.803257 1.096760
-1.466216 6.730403 0.812809
-1.545823 6.744853 0.942131
-1.445575 6.701236 0.724621
-1.476658 6.708642 0.844154
-1.610735 6.788884 1.127077
-1.346220 6.624814 0.539622
-1.578058 6.863320 1.053460
-1.533457 6.708890 0.933299
-1.546108 6.815340 0.940912
-1.611484 6.765652 1.156482
-1.378157 6.657576 0.588555
-1.421551 6.665957 0.713800
-1.495505 6.668107 0.921982
-1.594010 6.840897 1.082509
-1.389721 6.637889 0.622013
-1.477208 6.771182 0.796206
-1.540071 6.781455 0.925759
-1.446895 6.738701 0.709304
-1.605442 6.824944 1.111933
-1.483358 6.746324 0.828595
-1.348053 6.661788 0.523092
-1.607742 6.799260 1.140529
-1.545660 6.852100 0.926750
-1.576065 6.902539 1.040103
-1.526337 6.746146 0.916077
-1.310588 6.618327 0.403906
-1.368064 6.695988 0.576993
-1.431464 6.703740 0.695482
-1.479610 6.727722 0.861601
-1.299506 6.613394 0.368326
-1.519793 6.706810 0.901252
-1.592073 6.879189 1.069548
-1.493394 6.704153 0.890993
-1.380209 6.674883 0.609627
-1.338687 6.630630 0.507068
-1.472109 6.809422 0.783562
-1.536998 6.817672 0.910690
-1.442838 6.775954 0.694226
-1.406055 6.668119 0.686666
-1.601460 6.861276 1.097242
-1.487251 6.785260 0.813786
-1.361518 6.700971 0.502459
-1.601193 6.834124 1.125327
-1.403766 6.659677 0.636579
-1.539836 6.888649 0.912828
-1.521502 6.782639 0.899323
-1.581493 6.943927 1.028236
-1.379568 6.736267 0.559176
-1.411538 6.638243 0.666638
-1.435085 6.741416 0.677787
-1.498449 6.766150 0.843563
-1.512222 6.744610 0.882799
-1.510976 6.741386 0.872897
-1.585283 6.916779 1.055607
-1.381411 6.714201 0.593521
-1.331471 6.667836 0.492306
-1.468267 6.848859 0.770976
-1.532035 6.855037 0.895989
-1.438315 6.812773 0.680762
-1.307383 6.641412 0.421233
-1.430069 6.705550 0.663053
-1.598846 6.896953 1.083400
-1.255622 6.635668 0.270025
-1.483071 6.823389 0.800759
-1.244464 6.618786 0.221989
-1.602248 6.869362 1.109956
-1.247777 6.632991 0.254614
-1.370002 6.740318 0.482901
-1.533095 6.925310 0.899287
-1.392026 6.696509 0.624123
-1.402071 6.664443 0.649586
-1.296999 6.624969 0.333162
-1.522381 6.820648 0.882769
-1.301156 6.696541 0.377465
-1.363888 6.636093 0.461623
-1.574519 6.983315 1.015954
-1.385229 6.775897 0.543214
-1.394422 6.674864 0.654421
-1.324549 6.628935 0.445171
-1.435037 6.779532 0.661620
-1.491647 6.803737 0.829629
-1.289282 6.690843 0.340214
-1.501607 6.777504 0.858452
-1.510476 6.782078 0.865339
-1.581117 6.954911 1.042574
-1.393495 6.753059 0.574881
-1.349129 6.706079 0.468926
-1.264547 6.623157 0.284710
-1.527072 6.892400 0.881289
-1.469353 6.889046 0.756919
-1.440892 6.851428 0.665503
-1.363112 6.681420 0.381478
-1.425505 6.744271 0.646348
-1.624603 6.911295 1.114972
-1.240695 6.605902 0.227283
-1.245041 6.613108 0.243476
-1.593029 6.933506 1.069474
-1.297391 6.676118 0.230671
-1.594782 6.904337 1.095136
-1.480672 6.862221 0.786572
-1.533042 6.962448 0.885961
-1.365357 6.778983 0.468651
-1.259469 6.672432 0.232302
-1.400570 6.734939 0.604957
-1.411138 6.702383 0.629201
-1.517885 6.858446 0.866455
-1.323598 6.672323 0.459320
-1.571141 7.022208 1.004594
-1.311752 6.737894 0.357190
-1.398619 6.711126 0.635904
-1.386772 6.816511 0.527549
-1.488964 6.840336 0.815398
-1.364057 6.667293 0.411427
-1.434989 6.817645 0.645454
-1.271925 6.613081 0.300208
-1.627764 6.982664 1.120372
-1.298283 6.729691 0.319443
-1.500366 6.813502 0.842620
-1.580493 6.993472 1.030067
-1.382281 6.633012 0.410119
-1.506446 6.820310 0.847411
-1.349988 6.744081 0.452382
-1.525256 6.929812 0.866278
-1.393781 6.792480 0.559157
-1.433222 6.888196 0.652351
-1.465907 6.928861 0.745169
-1.323190 6.648735 0.454750
-1.301753 6.718311 0.391208
-1.634839 7.050822 1.122995
-1.422308 6.782337 0.630494
-1.592929 6.971575 1.055747
-1.616523 6.949588 1.097730
-1.596232 6.939954 1.080600
-1.250318 6.713864 0.240447
-1.526696 6.999487 0.873257
-1.477355 6.901162 0.772768
-1.357155 6.816241 0.456721
-1.235880 6.697805 0.194778
-1.243389 6.711075 0.224654
-1.399601 6.773165 0.589174
-1.413856 6.741144 0.609042
-1.514756 6.895588 0.850990
-1.291379 6.702831 0.300295
-1.343501 6.711698 0.433164
-1.309332 6.776717 0.343015
-1.567132 7.063445 0.993659
-1.409916 6.749221 0.615590
-1.381085 6.856162 0.515733
-1.431794 6.855708 0.629599
-1.482162 6.877923 0.801464
-1.318994 6.705883 0.412694
-1.311573 6.651526 0.261568
-1.297246 6.768832 0.303272
-1.493225 6.849782 0.828246
-1.625906 7.021003 1.104959
-1.578034 7.032253 1.018323
-1.319632 6.670592 0.416556
-1.505040 6.859082 0.830390
-1.518909 6.966852 0.853574
-1.391371 6.831305 0.544976
-1.349425 6.783659 0.434594
-1.436139 6.928151 0.637533
-1.256620 6.700812 0.254224
-1.241409 6.632456 0.211275
-1.313744 6.685780 0.439919
-1.244766 6.634686 0.213457
-1.465104 6.970191 0.731480
-1.630285 7.088567 1.109124
-1.318324 6.759427 0.367024
-1.586251 7.007312 1.042599
-1.414653 6.820082 0.614497
-1.590995 6.975088 1.065852
-1.268974 6.675016 0.291291
-1.220027 6.683264 0.202943
-1.523030 7.036141 0.861857
-1.238438 6.692009 0.210600
-1.612508 6.987820 1.079796
-1.257763 6.755160 0.220487
-1.356182 6.854457 0.440943
-1.271669 6.635802 0.295972
-1.639354 7.155730 1.122022
-1.477580 6.940531 0.759488
-1.243451 6.738224 0.172765
-1.250044 6.751606 0.203023
-1.398632 6.811389 0.573392
-1.411125 6.779641 0.591574
-1.514664 6.934627 0.834423
-1.291726 6.742294 0.282129
-1.340762 6.750192 0.415701
-1.307663 6.818201 0.327269
-1.407636 6.787176 0.599353
-1.562783 7.103372 0.982285
-1.426297 6.893559 0.616123
-1.480737 6.915717 0.787291
-1.372251 6.895765 0.504229
-1.232106 6.610185 0.200731
-1.244069 6.615729 0.206910
-1.320318 6.744315 0.394538
-1.489177 6.887035 0.813164
-1.291622 6.808529 0.289012
-1.256842 6.689827 0.271121
-1.621819 7.059181 1.089474
-1.578668 7.072006 1.005874
-1.324642 6.709559 0.394024
-1.500487 6.897803 0.813680
-1.515204 7.005408 0.838932
-1.430645 6.966000 0.624057
-1.348395 6.822800 0.418420
-1.387071 6.871277 0.531164
-1.270561 6.741379 0.229137
-1.326884 6.724623 0.415999
-1.630585 7.127009 1.096232
-1.467843 7.011945 0.718318
-1.585628 7.045870 1.030091
-1.319459 6.799651 0.350522
-1.591808 7.013043 1.051737
-1.414543 6.859116 0.597930
-1.525488 7.075661 0.848641
-1.235401 6.723225 0.176251
-1.278506 6.714343 0.266449
-1.643065 7.195470 1.111703
-1.250142 6.732413 0.185436
-1.351011 6.893608 0.427904
-1.261194 6.795586 0.201609
-1.610194 7.026700 1.063143
-1.475517 6.980661 0.745734
-1.239989 6.778999 0.158177
-1.394905 6.849942 0.558748
-1.249803 6.792480 0.185673
-1.404324 6.818196 0.574789
-1.284837 6.780792 0.267801
-1.506493 6.972863 0.819626
-1.337099 6.788791 0.398608
-1.402653 6.824533 0.584648
-1.300126 6.858067 0.316211
-1.568028 7.146541 0.972062
-1.479646 6.954813 0.773543
-1.423436 6.932920 0.600696
-1.374183 6.936748 0.489387
-1.320718 6.782851 0.376750
-1.492334 6.924269 0.797064
-1.251408 6.680005 0.250661
-1.623499 7.097943 1.074569
-1.291440 6.848474 0.272050
-1.272215 6.729788 0.244418
-1.576545 7.112087 0.994553
-1.514640 7.044005 0.823960
-1.426455 7.004113 0.611016
-1.321441 6.748591 0.375313
-1.504863 6.938131 0.794390
-1.340593 6.861409 0.404464
-1.388607 6.911879 0.515479
-1.267225 6.781277 0.212482
-1.630827 7.166371 1.082922
-1.230390 6.710102 0.178635
-1.333593 6.764231 0.394737
-1.584607 7.084042 1.016724
-1.238746 6.713131 0.176896
-1.467824 7.054026 0.706280
-1.589141 7.049640 1.037481
-1.312914 6.839456 0.336628
-1.639808 7.232502 1.101114
-1.518224 7.112807 0.836302
-1.413123 6.897875 0.580899
-1.239818 6.763588 0.154535
-1.247781 6.771275 0.168800
-1.275697 6.753752 0.248579
-1.345390 6.933300 0.413626
-1.255036 6.835768 0.188555
-1.473906 7.020246 0.733202
-1.262620 6.712355 0.260505
-1.237966 6.819164 0.141982
-1.605996 7.066727 1.046846
-1.245479 6.832438 0.171855
-1.392042 6.889306 0.543318
-1.508106 7.012547 0.804331
-1.284204 6.821280 0.249606
-1.330684 6.827722 0.382659
-1.399643 6.858760 0.557277
-1.406157 6.864045 0.566145
-1.298508 6.898616 0.300847
-1.477247 6.993637 0.759339
-1.417486 6.971309 0.585972
-1.570654 7.189166 0.960928
-1.366602 6.977540 0.477924
-1.488624 6.962824 0.782405
-1.220814 6.686574 0.165194
-1.317787 6.823138 0.360930
-1.218658 6.691505 0.179513
-1.260542 6.718945 0.224976
-1.286149 6.889468 0.258216
-1.264011 6.768015 0.229634
-1.618834 7.137534 1.059887
-1.578437 7.153027 0.982142
-1.515733 7.084177 0.809883
-1.428921 7.044597 0.594950
-1.339108 6.901085 0.387043
-1.319106 6.788435 0.355824
-1.381212 6.950871 0.502358
-1.492179 6.976974 0.779050
-1.626146 7.204984 1.071087
-1.261534 6.821890 0.197814
-1.229016 6.748905 0.159168
-1.590014 7.086664 1.023751
-1.584325 7.123900 1.004637
-1.239209 6.751709 0.156664
-1.328095 6.803051 0.378405
-1.642553 7.273273 1.090769
-1.462487 7.094977 0.694882
-1.521943 7.153513 0.823134
-1.310902 6.879624 0.320427
-1.407116 6.937190 0.565779
-1.234702 6.802782 0.139046
-1.243134 6.810900 0.151698
-1.271053 6.793382 0.231473
-1.340631 6.973802 0.398569
-1.249740 6.876760 0.174724
-1.263086 6.750938 0.240270
-1.471268 7.061789 0.720260
-1.228191 6.858866 0.130855
-1.603164 7.106096 1.031400
-1.241624 6.872823 0.156424
-1.391409 6.928825 0.527960
-1.506122 7.052723 0.788115
-1.278122 6.861511 0.234101
-1.326444 6.867735 0.366385
-1.484574 7.034829 0.744246
-1.397056 6.902388 0.551733
-1.395935 6.898284 0.539779
-1.296311 6.940579 0.286306
-1.411013 7.010189 0.572467
-1.368483 7.019440 0.462684
-1.567381 7.232079 0.951250
-1.488060 7.001423 0.767436
-1.312684 6.862337 0.345436
-1.228181 6.725780 0.137825
-1.612051 7.175114 1.045927
-1.231419 6.731893 0.149058
-1.282300 6.929853 0.242782
-1.262335 6.758770 0.202349
-1.257926 6.808249 0.214130
-1.578890 7.194569 0.971331
-1.511504 7.123216 0.796442
-1.429030 7.085794 0.580867
-1.629412 7.245262 1.059524
-1.335265 6.941475 0.371605
-1.378165 6.992027 0.488588
-1.310403 6.828132 0.339409
-1.641812 7.312687 1.080296
-1.254587 6.861307 0.183089
-1.584961 7.163644 0.992169
-1.590256 7.126029 1.010445
-1.491055 7.017966 0.762055
-1.236653 6.789360 0.134690
-1.516332 7.192230 0.811689
-1.320423 6.840786 0.362399
-1.462474 7.137053 0.682849
-1.232330 6.791177 0.139490
-1.306532 6.920506 0.306209
-1.403805 6.977092 0.549117
-1.341774 7.014008 0.382057
-1.229475 6.843823 0.122767
-1.259180 6.832054 0.218219
-1.237908 6.851941 0.135417
-1.248061 6.918225 0.158968
-1.469603 7.102292 0.707333
-1.226975 6.900762 0.113487
-1.265742 6.791575 0.216864
-1.239548 6.913906 0.139834
-1.385794 6.968518 0.513678
-1.601535 7.147583 1.015615
-1.271178 6.900927 0.219375
-1.497433 7.091447 0.774531
-1.392020 6.940665 0.536628
-1.291080 6.980645 0.272867
-1.411248 7.050513 0.556330
-1.481203 7.074682 0.730028
-1.322727 6.907250 0.348894
-1.390393 6.938029 0.523046
-1.361822 7.060114 0.450840
-1.485268 7.039860 0.752396
-1.575148 7.277622 0.941138
-1.306663 6.901646 0.330324
-1.225437 6.765233 0.117509
-1.228733 6.770421 0.129138
-1.612581 7.216704 1.032664
-1.277477 6.971272 0.227335
-1.258337 6.847746 0.193501
-1.577114 7.235948 0.960450
-1.253624 6.798462 0.185938
-1.427827 7.126718 0.566331
-1.511625 7.164417 0.782352
-1.631257 7.287116 1.046715
-1.640154 7.352211 1.070205
-1.328331 6.980891 0.356874
-1.585754 7.162841 0.996955
-1.373807 7.032910 0.474365
-1.518218 7.233152 0.799285
-1.308518 6.867426 0.321154
-1.582451 7.203338 0.980011
-1.250677 6.902616 0.167262
-1.320320 6.880782 0.342982
-1.228333 6.829431 0.119117
-1.484088 7.058318 0.746915
-1.456562 7.179417 0.672273
-1.227626 6.831726 0.121992
-1.302686 6.960891 0.290774
-1.339248 7.054658 0.367073
-1.401808 7.017259 0.532909
-1.221552 6.884274 0.108030
-1.242767 6.959210 0.145138
-1.228206 6.891690 0.121841
-1.258619 6.872587 0.197575
-1.465187 7.143127 0.695552
-1.227541 6.943351 0.094960
-1.260703 6.830819 0.198924
-1.381492 7.008479 0.499850
-1.235582 6.956134 0.123612
-1.596419 7.187713 0.999703
-1.265097 6.941152 0.203871
-1.498019 7.133081 0.758827
-1.473356 7.113242 0.718514
-1.387847 6.979753 0.520746
-1.296060 7.024474 0.254082
-1.409592 7.091981 0.540562
-1.314422 6.947324 0.333314
-1.481035 7.078900 0.738956
-1.369777 7.105791 0.433396
-1.570961 7.320638 0.931844
-1.386107 6.978966 0.506371
-1.308734 6.942718 0.310584
-1.273629 7.011650 0.211903
-1.219942 6.805018 0.098340
-1.610882 7.258133 1.019330
-1.575679 7.278631 0.950008
-1.223182 6.811132 0.109573
-1.253114 6.888787 0.177219
-1.245436 6.837659 0.168310
-1.421698 7.166892 0.553266
-1.508655 7.204643 0.768970
-1.648904 7.396707 1.060106
-1.631268 7.329188 1.034671
-1.515701 7.272831 0.787136
-1.323177 7.021005 0.340984
-1.581932 7.202266 0.984344
-1.579024 7.243141 0.968236
-1.372937 7.075141 0.460271
-1.306128 6.908184 0.301271
-1.246373 6.943539 0.150599
-1.314767 6.920519 0.326256
-1.225281 6.871552 0.102513
-1.453348 7.222365 0.660156
-1.222261 6.870631 0.100770
-1.479818 7.099257 0.730233
-1.299179 7.002579 0.275779
-1.340620 7.098010 0.350210
-1.393911 7.057715 0.518159
-1.223106 6.926801 0.086671
-1.244142 7.003532 0.125436
-1.256617 6.913720 0.178533
-1.464726 7.185741 0.682287
-1.222926 6.933650 0.105166
-1.222656 6.985686 0.079122
-1.376740 7.048979 0.484791
-1.258305 6.871573 0.179046
-1.236562 7.000072 0.103075
-1.598223 7.231469 0.983650
-1.498606 7.174710 0.743124
-1.262520 6.983699 0.185651
-1.473417 7.155366 0.704030
-1.384930 7.020031 0.504921
-1.408333 7.133827 0.525631
-1.294674 7.068160 0.238368
-1.475491 7.117668 0.725064
-1.309266 6.987439 0.317424
-1.367412 7.149543 0.420508
-1.574611 7.367163 0.922030
-1.383206 7.020218 0.487701
-1.301219 6.983551 0.296677
-1.274148 7.055157 0.192978
-1.615763 7.301878 1.005418
-1.416882 7.207333 0.540657
-1.577336 7.322279 0.938860
-1.214072 6.850438 0.092330
-1.213021 6.846380 0.077927
-1.249277 6.930142 0.158942
-1.504713 7.245903 0.755574
-1.647928 7.438834 1.050895
-1.242642 6.878030 0.147597
-1.627325 7.369476 1.024113
-1.523140 7.318024 0.773745
-1.584350 7.242702 0.970715
-1.327712 7.065376 0.320964
-1.582517 7.286568 0.956322
-1.371617 7.117909 0.444946
-1.296903 6.948367 0.286075
-1.245573 6.986781 0.131221
-1.301985 6.959302 0.313381
-1.218942 6.911489 0.081278
-1.457054 7.268932 0.647901
-1.222373 6.913765 0.081011
-1.300618 7.045979 0.256468
-1.336205 7.139800 0.335596
-1.484301 7.143596 0.712647
-1.400741 7.101325 0.498600
-1.216964 6.967943 0.070776
-1.241492 7.046019 0.109669
-1.224482 6.976171 0.083807
-1.470789 7.231594 0.668049
-1.253304 6.954578 0.159038
-1.223112 7.030113 0.059805
-1.376394 7.090715 0.469478
-1.228983 7.041816 0.088780
-1.248678 6.911372 0.163018
-1.593843 7.273280 0.969014
-1.262303 7.025519 0.165450
-1.472957 7.197978 0.690764
-1.401752 7.174543 0.511336
-1.383794 7.061007 0.487936
-1.496387 7.217595 0.728171
-1.291453 7.112065 0.223420
-1.473379 7.158710 0.710904
-1.311228 7.030350 0.296893
-1.362817 7.193135 0.407550
-1.575510 7.414020 0.913362
-1.300538 7.024949 0.278085
-1.273750 7.098771 0.174435
-1.419114 7.250516 0.525856
-1.384655 7.063629 0.468381
-1.580647 7.367496 0.928605
-1.615268 7.345416 0.991746
-1.508663 7.289746 0.742054
-1.208522 6.891141 0.072766
-1.241826 6.971019 0.142591
-1.211085 6.887558 0.056439
-1.522222 7.360192 0.762094
-1.621098 7.410529 1.013088
-1.245187 6.920496 0.123403
-1.581841 7.282389 0.958558
-1.324678 7.107485 0.304355
-1.579431 7.327670 0.944988
-1.368518 7.159973 0.430783
-1.239775 7.029226 0.115764
-1.298934 6.991328 0.263095
-1.301771 7.001135 0.293174
-1.218266 6.953854 0.059848
-1.457614 7.315450 0.635958
-1.293443 7.088108 0.243003
-1.333514 7.183209 0.319427
-1.218943 6.956468 0.060727
-1.482602 7.185988 0.696477
-1.396799 7.143553 0.482366
-1.237870 7.089538 0.093890
-1.216106 7.012102 0.051004
-1.464486 7.273567 0.656638
-1.220588 7.018438 0.065139
-1.246716 6.996264 0.141909
-1.215010 7.072346 0.046729
-1.377773 7.134069 0.452610
-1.219964 7.084164 0.076086
-1.242216 6.952186 0.143835
-1.474333 7.240360 0.676735
-1.407541 7.219126 0.494214
-1.381741 7.102089 0.471334
-1.256056 7.068505 0.148761
-1.287315 7.156078 0.208855
-1.473965 7.200334 0.695202
-1.490158 7.259620 0.714309
-1.598557 7.319795 0.953914
-1.362179 7.238500 0.393108
-1.305511 7.072848 0.278981
-1.414189 7.292796 0.512456
-1.268353 7.141589 0.159814
-1.296584 7.067173 0.261859
-1.617398 7.389486 0.978982
-1.508155 7.333270 0.728393
-1.382491 7.106559 0.450987
-1.576408 7.411428 0.918915
-1.520332 7.403393 0.750429
-1.629343 7.456481 1.001361
-1.205196 6.926948 0.036437
-1.245109 7.015161 0.119674
-1.206136 6.932857 0.050047
-1.582710 7.325272 0.945737
-1.235970 6.961643 0.105368
-1.585440 7.373473 0.933190
-1.315800 7.148960 0.289600
-1.369659 7.206042 0.415178
-1.235362 7.071984 0.098313
-1.304595 7.044854 0.271865
-1.459093 7.361848 0.623633
-1.330825 7.226612 0.303260
-1.290746 7.131518 0.226837
-1.294993 7.034527 0.244023
-1.215627 6.997314 0.041237
-1.212140 6.995965 0.041108
-1.235973 7.134674 0.076555
-1.391023 7.186002 0.466898
-1.472773 7.228513 0.681694
-1.219854 7.056661 0.026478
-1.463790 7.318891 0.644637
-1.215255 7.061306 0.048071
-1.215018 7.117302 0.026183
-1.247769 7.040247 0.118921
-1.221865 7.127971 0.055171
-1.375087 7.177485 0.436436
-1.241488 6.995475 0.122007
-1.467636 7.281951 0.664489
-1.402108 7.262875 0.479186
-1.468762 7.240397 0.681751
-1.255206 7.112658 0.128988
-1.286216 7.201977 0.193188
-1.375963 7.144542 0.455866
-1.487022 7.302609 0.699740
-1.595776 7.364096 0.939775
-1.419405 7.338782 0.496159
-1.304722 7.116083 0.259599
-1.357009 7.283500 0.380974
-1.266067 7.186341 0.141642
-1.296133 7.111714 0.242917
-1.612033 7.431346 0.967180
-1.521480 7.448480 0.737663
-1.501408 7.375779 0.715750
-1.371390 7.147885 0.436156
-1.240301 7.057538 0.101386
-1.587068 7.369500 0.933046
-1.198616 6.969602 0.016467
-1.202777 6.975604 0.027315
-1.583092 7.416254 0.923133
-1.227149 7.003169 0.088170
-1.321089 7.195969 0.268013
-1.370407 7.251722 0.398740
-1.238069 7.117528 0.076221
-1.330256 7.272013 0.286373
-1.463089 7.410625 0.611425
-1.296180 7.086763 0.255497
-1.287938 7.176770 0.209880
-1.207794 7.038768 0.021210
-1.208584 7.039532 0.022881
-1.290658 7.077338 0.224117
-1.233104 7.180840 0.059208
-1.386110 7.229258 0.450653
-1.464875 7.364906 0.631476
-1.208153 7.099390 0.012484
-1.471359 7.273128 0.665570
-1.214811 7.106806 0.026292
-1.212668 7.162972 0.007620
-1.244742 7.083319 0.099473
-1.216820 7.173058 0.038149
-1.373715 7.221166 0.420716
-1.236807 7.036977 0.101665
-1.469638 7.327860 0.650944
-1.396731 7.305693 0.464556
-1.467854 7.283543 0.667255
-1.281108 7.247016 0.178611
-1.257861 7.159122 0.106500
-1.372021 7.186765 0.439635
-1.490412 7.348833 0.684198
-1.414372 7.382899 0.481969
-1.362448 7.332633 0.364329
-1.594253 7.409586 0.925695
-1.302044 7.160462 0.240587
-1.269065 7.234101 0.119595
-1.509546 7.424535 0.700396
-1.294371 7.155980 0.223523
-1.584846 7.411403 0.920935
-1.371812 7.193239 0.416429
-1.235438 7.100833 0.082704
-1.199340 7.013245 -0.009802
-1.203034 7.018817 0.002660
-1.226887 7.046877 0.064730
-1.318809 7.240720 0.249838
-1.366623 7.297036 0.384609
-1.233942 7.162503 0.058816
-1.330551 7.318217 0.268709
-1.291390 7.223995 0.189061
-1.295335 7.130919 0.235720
-1.206825 7.084764 0.000649
-1.207815 7.084698 -0.002183
-1.286719 7.120526 0.205048
-1.232483 7.228125 0.039089
-1.386465 7.274554 0.433377
-1.464127 7.411142 0.619081
-1.207186 7.145377 -0.008075
-1.209030 7.150205 0.007996
-1.212045 7.210256 -0.012498
-1.472065 7.319740 0.648724
-1.218501 7.220545 0.015653
-1.377106 7.268353 0.402338
-1.243850 7.129361 0.076461
-1.470329 7.373492 0.636947
-1.396568 7.351477 0.448499
-1.231491 7.080818 0.081751
-1.472159 7.329655 0.651331
-1.252481 7.202900 0.089037
-1.285241 7.296840 0.158675
-1.376906 7.232426 0.420051
-1.418040 7.431326 0.466482
-1.489738 7.395120 0.669351
-1.361125 7.381245 0.349920
-1.267927 7.281878 0.100692
-1.305100 7.207310 0.218930
-1.589583 7.455027 0.911928
-1.295647 7.202129 0.203027
-1.586059 7.455575 0.908557
-1.234546 7.146872 0.059692
-1.371658 7.240005 0.397526
-1.190531 7.055732 -0.029841
-1.196924 7.061889 -0.018922
-1.310218 7.284410 0.235130
-1.223422 7.091459 0.041208
-1.365878 7.344234 0.369377
-1.333378 7.367768 0.248317
-1.230228 7.208824 0.039403
-1.286750 7.269460 0.172871
-1.296737 7.176196 0.213169
-1.200718 7.127828 -0.020932
-1.198755 7.128932 -0.018114
-1.286229 7.166952 0.182867
-1.232204 7.276707 0.019411
-1.205771 7.191897 -0.029864
-1.384480 7.321537 0.415239
-1.207559 7.197651 -0.014189
-1.211311 7.259378 -0.033405
-1.217713 7.270593 -0.005651
-1.370231 7.312699 0.388915
-1.235841 7.172604 0.058092
-1.477068 7.369429 0.630835
-1.401167 7.400764 0.429785
-1.469132 7.420269 0.623320
-1.468445 7.374052 0.637587
-1.230203 7.126477 0.057903
-1.285760 7.346185 0.140665
-1.249632 7.250029 0.068845
-1.370157 7.275900 0.404572
-1.489405 7.442706 0.654944
-1.367264 7.433941 0.331312
-1.262836 7.327871 0.083276
-1.298753 7.252127 0.201449
-1.287914 7.246631 0.187543
-1.229574 7.192002 0.040221
-1.368358 7.286721 0.378935
-1.312647 7.333582 0.213903
-1.192482 7.107501 -0.042455
-1.187812 7.102966 -0.054930
-1.365079 7.392350 0.353750
-1.218518 7.136642 0.019287
-1.329087 7.414523 0.232568
-1.230019 7.257456 0.017275
-1.288542 7.320972 0.152071
-1.291250 7.221828 0.194910
-1.201096 7.176018 -0.046726
-1.227448 7.324001 0.002437
-1.198738 7.176740 -0.044744
-1.280289 7.213125 0.163377
-1.385985 7.369860 0.397232
-1.198906 7.238167 -0.048962
-1.207020 7.307100 -0.051991
-1.202419 7.245542 -0.034844
-1.213423 7.318315 -0.024238
-1.373513 7.361718 0.369747
-1.233512 7.219239 0.036682
-1.471932 7.415399 0.615846
-1.470863 7.421299 0.622034
-1.280435 7.394898 0.124509
-1.249893 7.299084 0.045103
-1.220824 7.170376 0.038686
-1.373494 7.324003 0.385799
-1.259415 7.376400 0.063909
-1.297691 7.299954 0.180093
-1.288108 7.295650 0.166245
-1.229830 7.241065 0.016479
-1.309738 7.380654 0.196158
-1.369875 7.336017 0.358082
-1.190344 7.153307 -0.068364
-1.369905 7.444776 0.334688
-1.182114 7.147377 -0.078517
-1.217174 7.183213 -0.004953
-1.227058 7.306419 -0.003704
-1.286492 7.368853 0.133550
-1.288929 7.268466 0.173496
-1.227868 7.376147 -0.019202
-1.196999 7.222918 -0.069816
-1.197282 7.225148 -0.069772
-1.390077 7.420605 0.376891
-1.209344 7.359062 -0.076842
-1.280608 7.261270 0.140025
-1.201353 7.289264 -0.075869
-1.213968 7.369582 -0.047929
-1.204005 7.295829 -0.060973
-1.370484 7.409675 0.354049
-1.235154 7.268611 0.010945
-1.282104 7.447265 0.105768
-1.245156 7.347347 0.025284
-1.223904 7.219148 0.011346
-1.370592 7.371089 0.368046
-1.258060 7.427847 0.043428
-1.294795 7.347999 0.159503
-1.286524 7.343964 0.146109
-1.227391 7.289534 -0.005719
-1.305351 7.430223 0.176773
-1.368641 7.385643 0.338378
-1.177618 7.193897 -0.102442
-1.184013 7.200054 -0.091524
-1.210847 7.229960 -0.028115
-1.225357 7.356565 -0.024625
-1.286396 7.421497 0.113123
-1.227371 7.428397 -0.040458
-1.192380 7.270306 -0.091686
-1.287810 7.317212 0.151745
-1.192268 7.272153 -0.092477
-1.203971 7.409650 -0.096228
-1.196159 7.338061 -0.096915
-1.213598 7.420953 -0.071237
-1.205932 7.347410 -0.086660
-1.276339 7.309972 0.118586
-1.229568 7.317035 -0.010941
-1.242089 7.398144 0.003515
-1.371590 7.420866 0.348413
-1.225094 7.269060 -0.015622
-1.293102 7.398150 0.138577
-1.287006 7.395194 0.124858
-1.222723 7.337841 -0.027986
-1.362931 7.433982 0.321378
-1.179340 7.244278 -0.133469
-1.184351 7.250121 -0.120555
-1.223207 7.407244 -0.046774
-1.211980 7.280790 -0.055478
-1.190365 7.321084 -0.118732
-1.282683 7.365098 0.131085
-1.190704 7.322389 -0.118293
-1.189527 7.387460 -0.116359
-1.195345 7.395035 -0.104619
-1.273796 7.360287 0.095594
-1.230129 7.369271 -0.037480
-1.221753 7.318606 -0.040281
-1.290904 7.449759 0.116025
-1.285249 7.446257 0.103529
-1.220972 7.389869 -0.052157
-1.175134 7.293974 -0.160203
-1.181008 7.300626 -0.148068
-1.207257 7.330983 -0.080998
-1.185979 7.372569 -0.143810
-1.283168 7.417287 0.106973
-1.185457 7.373065 -0.142593
-1.268488 7.410927 0.073731
-1.225282 7.420327 -0.060950
-1.214781 7.367667 -0.063034
-1.171468 7.348224 -0.171320
-1.160592 7.340791 -0.179533
-1.202482 7.382087 -0.106912
-1.174014 7.420836 -0.162630
-1.171711 7.420637 -0.160252
-1.208174 7.418995 -0.088184
-1.202020 7.437227 -0.136715
-1.600315 6.659997 1.079591
-1.543900 6.636155 1.007803
-1.560317 6.645909 1.065033
-1.553950 6.638093 1.040562
-1.565957 6.636722 1.065603
-1.544765 6.688991 1.065236
-1.552872 6.674922 0.989450
-1.595578 6.685437 1.049887
-1.564336 6.675299 1.023479
-1.559342 6.672383 1.049797
-1.555586 6.725666 1.049390
-1.589536 6.672866 1.076484
-1.529065 6.646511 1.019599
-1.548865 6.713025 0.971333
-1.537585 6.716075 1.037074
-1.563913 6.712937 1.006332
-1.539584 6.698997 1.022686
-1.570544 6.709445 1.034789
-1.466194 6.651200 0.801541
-1.566789 6.762724 1.034380
-1.582815 6.708490 1.063123
-1.549066 6.686123 1.004190
-1.461833 6.639921 0.788578
-1.562041 6.756030 1.021863
-1.418144 6.639176 0.722897
-1.461714 6.622701 0.771645
-1.541766 6.750135 0.953884
-1.558171 6.749409 0.989753
-1.547908 6.738227 1.007983
-1.567408 6.746483 1.019149
-1.437426 6.643129 0.756495
-1.460514 6.641675 0.784882
-1.450033 6.686622 0.788982
-1.573544 6.742625 1.049222
-1.562786 6.798947 1.019507
-1.461980 6.639279 0.816400
-1.517526 6.721604 0.993817
-1.384420 6.612484 0.581393
-1.451919 6.676397 0.775080
-1.560646 6.792817 1.007928
-1.453049 6.660381 0.758215
-1.441578 6.679852 0.699474
-1.539447 6.788907 0.937071
-1.554115 6.786551 0.974479
-1.559387 6.781823 1.005314
-1.554443 6.776744 0.994417
-1.459503 6.682568 0.735449
-1.472650 6.680492 0.766253
-1.462225 6.724514 0.770751
-1.572148 6.779413 1.035287
-1.564162 6.835408 1.004464
-1.442387 6.645895 0.741264
-1.483077 6.677875 0.798572
-1.545351 6.764781 0.977973
-1.369518 6.649106 0.568898
-1.457267 6.714656 0.758595
-1.391549 6.621946 0.466608
-1.559252 6.829602 0.993991
-1.455628 6.698964 0.742838
-1.443833 6.718993 0.680410
-1.371682 6.634263 0.556998
-1.541149 6.828555 0.919216
-1.356576 6.621761 0.525550
-1.371136 6.618122 0.557625
-1.552233 6.824790 0.958903
-1.560709 6.819206 0.989870
-1.370264 6.614878 0.542842
-1.552396 6.815875 0.980887
-1.453231 6.719528 0.720071
-1.377981 6.614092 0.592220
-1.468498 6.762659 0.753896
-1.470395 6.718333 0.749837
-1.569885 6.815385 1.022120
-1.557066 6.870638 0.990257
-1.429163 6.683195 0.730078
-1.480334 6.715293 0.783764
-1.545913 6.804475 0.965381
-1.365100 6.685847 0.552778
-1.456753 6.752248 0.743886
-1.312227 6.616178 0.383791
-1.347107 6.657063 0.464640
-1.555035 6.867633 0.980759
-1.303915 6.595582 0.385254
-1.459514 6.737824 0.727928
-1.352600 6.670897 0.547585
-1.443320 6.758456 0.662452
-1.531666 6.866376 0.903706
-1.354875 6.659098 0.507923
-1.553017 6.855858 0.976469
-1.363406 6.655687 0.543820
-1.549048 6.862742 0.942855
-1.547312 6.853091 0.968424
-1.365684 6.652508 0.528768
-1.307115 6.589905 0.384122
-1.340507 6.603746 0.276630
-1.450924 6.758288 0.703252
-1.562627 6.851506 1.009959
-1.469827 6.756844 0.734727
-1.372476 6.651834 0.578516
-1.464399 6.800714 0.738215
-1.303146 6.598664 0.347260
-1.554697 6.908451 0.976285
-1.436525 6.723437 0.715336
-1.473573 6.751831 0.769993
-1.357799 6.635817 0.513955
-1.262073 6.595490 0.248158
-1.545878 6.845589 0.953593
-1.247023 6.577753 0.204804
-1.459281 6.791746 0.728104
-1.383114 6.727180 0.529118
-1.247347 6.575416 0.181913
-1.339589 6.658322 0.350744
-1.548648 6.904566 0.967826
-1.302490 6.610442 0.361270
-1.353501 6.697102 0.442085
-1.456557 6.777050 0.714761
-1.379630 6.712956 0.521879
-1.301942 6.588171 0.352846
-1.363930 6.698781 0.486708
-1.548421 6.893497 0.962397
-1.382398 6.695992 0.520192
-1.436890 6.798176 0.645867
-1.527452 6.906278 0.887224
-1.544019 6.900909 0.927543
-1.545649 6.892607 0.955728
-1.353339 6.690615 0.516806
-1.566071 6.889025 0.997057
-1.334635 6.642946 0.258836
-1.451771 6.797109 0.686162
-1.463069 6.793376 0.720953
-1.388263 6.691123 0.558004
-1.460357 6.837842 0.722932
-1.553253 6.946150 0.961942
-1.267770 6.585561 0.249149
-1.468117 6.788649 0.756689
-1.259678 6.589038 0.263130
-1.449699 6.765257 0.698415
-1.339481 6.673231 0.506216
-1.260438 6.612750 0.244620
-1.317844 6.610177 0.191152
-1.541121 6.884117 0.941566
-1.459095 6.830642 0.713828
-1.249246 6.595563 0.194498
-1.379948 6.765115 0.513063
-1.548889 6.942938 0.954790
-1.299118 6.693373 0.350578
-1.278737 6.617200 0.140049
-1.299332 6.673081 0.351605
-1.452298 6.815991 0.701123
-1.348873 6.737518 0.424358
-1.379561 6.751878 0.505154
-1.546110 6.930382 0.948823
-1.374332 6.633644 0.301398
-1.380482 6.735131 0.504206
-1.366143 6.738829 0.467237
-1.541600 6.939637 0.913168
-1.540893 6.931134 0.943699
-1.430461 6.837894 0.629280
-1.373963 6.732505 0.494083
-1.523241 6.946177 0.870738
-1.558435 6.924752 0.984053
-1.630903 7.067558 1.137514
-1.298025 6.666103 0.353118
-1.460277 6.831707 0.705738
-1.553115 6.984128 0.948067
-1.446699 6.836188 0.670445
-1.457022 6.876672 0.708923
-1.394438 6.731099 0.540343
-1.288574 6.679567 0.260482
-1.312308 6.658412 0.388412
-1.301935 6.676281 0.308447
-1.250220 6.587941 0.226359
-1.467986 6.826625 0.742813
-1.274444 6.600643 0.234516
-1.256956 6.611067 0.195843
-1.443920 6.805730 0.685952
-1.359182 6.715233 0.483862
-1.259565 6.651804 0.225815
-1.255546 6.645397 0.206772
-1.453534 6.869299 0.699718
-1.252235 6.672766 0.212224
-1.537940 6.925160 0.930043
-1.380315 6.805377 0.494328
-1.238221 6.654948 0.166054
-1.547230 6.982448 0.942090
-1.314590 6.735072 0.323126
-1.218342 6.651289 0.155330
-1.291394 6.687744 0.333048
-1.312469 6.714580 0.326500
-1.449290 6.856134 0.687551
-1.342997 6.776727 0.406560
-1.549394 6.970659 0.934715
-1.374878 6.791341 0.490273
-1.279387 6.664514 0.331461
-1.381339 6.773939 0.487110
-1.362004 6.777790 0.451147
-1.562208 6.963577 0.971586
-1.533804 6.978126 0.898959
-1.537387 6.970862 0.931736
-1.371507 6.772141 0.479302
-1.424034 6.877609 0.612690
-1.517184 6.986290 0.854989
-1.390786 6.768610 0.525895
-1.310293 6.706790 0.328783
-1.451621 6.869378 0.692297
-1.550153 7.023351 0.934896
-1.637491 7.111979 1.122374
-1.450159 6.915045 0.694342
-1.437989 6.874778 0.656603
-1.325390 6.698961 0.366155
-1.281782 6.718879 0.243050
-1.465629 6.864424 0.728835
-1.299160 6.716473 0.289979
-1.262764 6.652423 0.263586
-1.250763 6.663116 0.222298
-1.237185 6.649079 0.189673
-1.255543 6.667868 0.227465
-1.442217 6.846154 0.672849
-1.363842 6.756733 0.467373
-1.261954 6.690947 0.204293
-1.266571 6.686743 0.179118
-1.448355 6.908344 0.686444
-1.532588 6.965106 0.918818
-1.260110 6.714047 0.184838
-1.239740 6.674143 0.158998
-1.376122 6.845256 0.477836
-1.237027 6.694555 0.143560
-1.548668 7.022938 0.928718
-1.309100 6.774665 0.306164
-1.303066 6.729848 0.309518
-1.231271 6.693366 0.124089
-1.304643 6.753972 0.311884
-1.444492 6.895570 0.675115
-1.344239 6.817791 0.387051
-1.544261 7.008788 0.921844
-1.368349 6.831019 0.476127
-1.292417 6.705982 0.308802
-1.554032 6.999800 0.959785
-1.375353 6.813117 0.471758
-1.351077 6.816200 0.437201
-1.532257 7.017660 0.883809
-1.542682 7.013120 0.919372
-1.371714 6.813289 0.462610
-1.542848 7.060383 0.922323
-1.387460 6.807431 0.511882
-1.448290 6.908203 0.678284
-1.421628 6.918195 0.595060
-1.314688 6.747918 0.309007
-1.448620 6.954571 0.679190
-1.519549 7.028540 0.837998
-1.630558 7.151281 1.107393
-1.431074 6.914071 0.641619
-1.320712 6.738419 0.351271
-1.280043 6.758983 0.221763
-1.462677 6.903642 0.715662
-1.238540 6.666653 0.198936
-1.298179 6.757362 0.270369
-1.271779 6.693009 0.241964
-1.254942 6.678878 0.212054
-1.261626 6.705352 0.196689
-1.270099 6.709667 0.200380
-1.251308 6.691409 0.161348
-1.434649 6.885918 0.661520
-1.358672 6.795771 0.454096
-1.261847 6.732646 0.183911
-1.445350 6.948480 0.672868
-1.252886 6.725470 0.166275
-1.529845 7.005613 0.908529
-1.371061 6.884320 0.462111
-1.253812 6.753773 0.165794
-1.241101 6.715230 0.137040
-1.543916 7.061453 0.916682
-1.236705 6.734967 0.120294
-1.304100 6.814675 0.287590
-1.305616 6.771191 0.290477
-1.226442 6.732481 0.103468
-1.440564 6.935815 0.661908
-1.302250 6.794547 0.294249
-1.542225 7.047898 0.908301
-1.554657 7.038554 0.947582
-1.338258 6.858835 0.368446
-1.368177 6.871771 0.458594
-1.368501 6.851478 0.457172
-1.300290 6.748485 0.289193
-1.539180 7.052840 0.907405
-1.352319 6.857264 0.417691
-1.537610 7.060861 0.868594
-1.380986 6.846186 0.498136
-1.539835 7.100522 0.908747
-1.365567 6.853354 0.449300
-1.447621 6.948540 0.662361
-1.455067 6.996762 0.661558
-1.306864 6.787306 0.294388
-1.319187 6.777936 0.336116
-1.430027 6.954015 0.624857
-1.461627 6.941715 0.702149
-1.421669 6.962104 0.577163
-1.515995 7.071051 0.822381
-1.634380 7.196016 1.093355
-1.253479 6.708840 0.172688
-1.273201 6.799208 0.203926
-1.292693 6.796949 0.253403
-1.277971 6.734836 0.221046
-1.261136 6.720704 0.191136
-1.260162 6.745814 0.178684
-1.247129 6.731276 0.144851
-1.264941 6.750566 0.183851
-1.432026 6.926445 0.648781
-1.362357 6.838291 0.437571
-1.257233 6.773042 0.166174
-1.446312 6.990407 0.657850
-1.249196 6.765757 0.148169
-1.362309 6.923818 0.447860
-1.542588 7.102263 0.904413
-1.531014 7.048835 0.896398
-1.237033 6.755125 0.118095
-1.249688 6.794588 0.146448
-1.235789 6.776794 0.097831
-1.297636 6.855291 0.270590
-1.299043 6.811779 0.275925
-1.549961 7.076148 0.935946
-1.228785 6.774399 0.078290
-1.436638 6.976057 0.648698
-1.542690 7.089411 0.894893
-1.300729 6.835930 0.275843
-1.647277 7.220666 1.132218
-1.361652 6.911441 0.444443
-1.360129 6.891369 0.443760
-1.295020 6.789357 0.275110
-1.324513 6.898488 0.355200
-1.536385 7.094260 0.896711
-1.546547 7.143074 0.894399
-1.346285 6.897354 0.401931
-1.530145 7.100651 0.854815
-1.378533 6.885813 0.483349
-1.360346 6.893305 0.435619
-1.449128 6.989965 0.646136
-1.446688 7.036655 0.648145
-1.316306 6.818088 0.320089
-1.462643 6.982722 0.687533
-1.300400 6.827924 0.277388
-1.438541 6.999138 0.606121
-1.418670 7.004100 0.560333
-1.510270 7.112463 0.807061
-1.625874 7.237764 1.079144
-1.248703 6.750129 0.156996
-1.269022 6.840942 0.184177
-1.267816 6.774017 0.208771
-1.258640 6.761243 0.175945
-1.283460 6.837893 0.237509
-1.254137 6.785898 0.162923
-1.238336 6.771687 0.130196
-1.256200 6.790056 0.169597
-1.431957 6.968452 0.636578
-1.352954 6.878260 0.426973
-1.448199 7.032218 0.642461
-1.250775 6.813653 0.149172
-1.242359 6.805976 0.130328
-1.359859 6.965309 0.429821
-1.529523 7.090537 0.886173
-1.537187 7.143117 0.892779
-1.233781 6.796748 0.097976
-1.246925 6.836630 0.124721
-1.227216 6.817259 0.078280
-1.555315 7.117470 0.923977
-1.290794 6.895512 0.252750
-1.295187 6.852956 0.259863
-1.538811 7.128731 0.882084
-1.438308 7.019683 0.634953
-1.219669 6.815363 0.059947
-1.292854 6.876232 0.260818
-1.643659 7.262225 1.119447
-1.354205 6.951218 0.430658
-1.357190 6.932441 0.427329
-1.290675 6.830115 0.260657
-1.542995 7.183702 0.882025
-1.327934 6.942501 0.332135
-1.536633 7.137581 0.884945
-1.370216 6.924781 0.470335
-1.527028 7.142624 0.840433
-1.341990 6.939064 0.384629
-1.442977 7.030028 0.632823
-1.348662 6.934023 0.424517
-1.442330 7.077416 0.633692
-1.461488 7.022630 0.673214
-1.311580 6.858455 0.304796
-1.292580 6.867305 0.262764
-1.430654 7.039447 0.591098
-1.411600 7.046140 0.544138
-1.244906 6.790381 0.141333
-1.510142 7.157258 0.791206
-1.619598 7.279680 1.065031
-1.283410 6.878655 0.217523
-1.267182 6.882871 0.162080
-1.252073 6.801825 0.161389
-1.265756 6.815895 0.191569
-1.249309 6.828101 0.146826
-1.240951 6.813962 0.108301
-1.251535 6.831368 0.151455
-1.436724 7.013061 0.622164
-1.350777 6.920114 0.412219
-1.444548 7.074683 0.629283
-1.247524 6.855272 0.129052
-1.542760 7.187585 0.880442
-1.243617 6.848888 0.107561
-1.524884 7.132173 0.876214
-1.357738 7.008106 0.412217
-1.229609 6.838474 0.078224
-1.554423 7.157742 0.912944
-1.235963 6.877813 0.107113
-1.221741 6.858701 0.058058
-1.537432 7.170453 0.869409
-1.286771 6.893757 0.246043
-1.291451 6.939846 0.230789
-1.435580 7.062039 0.621406
-1.286774 6.917232 0.244652
-1.212892 6.856523 0.039254
-1.636025 7.302907 1.107711
-1.358276 6.995982 0.411716
-1.361859 6.975784 0.407581
-1.287582 6.872071 0.246269
-1.540258 7.226059 0.868479
-1.373524 6.966896 0.452966
-1.536014 7.180085 0.873947
-1.440847 7.070959 0.618469
-1.324459 6.985933 0.313659
-1.525542 7.186185 0.826955
-1.455772 7.062160 0.661139
-1.355015 6.978037 0.406077
-1.346172 6.983854 0.363240
-1.436127 7.118394 0.619974
-1.304085 6.899148 0.290608
-1.291388 6.909989 0.244790
-1.424018 7.080955 0.576141
-1.242850 6.832253 0.124129
-1.409366 7.090780 0.525732
-1.262829 6.856956 0.175134
-1.250396 6.844088 0.145023
-1.508169 7.202266 0.776086
-1.275051 6.920402 0.200854
-1.625326 7.328222 1.051928
-1.258391 6.925144 0.144171
-1.249209 6.869779 0.126436
-1.250023 6.872735 0.133042
-1.233030 6.855176 0.092871
-1.433453 7.055917 0.609824
-1.348058 6.962463 0.398670
-1.438345 7.115659 0.615565
-1.538611 7.229631 0.868872
-1.244601 6.898196 0.109366
-1.352522 7.049915 0.395279
-1.236675 6.890939 0.088914
-1.549133 7.196746 0.902108
-1.531108 7.179267 0.864752
-1.224516 6.880304 0.058838
-1.233150 6.920763 0.084979
-1.537304 7.213371 0.856800
-1.216704 6.901478 0.035823
-1.286885 6.936718 0.228537
-1.438123 7.106463 0.606887
-1.283092 6.981587 0.214117
-1.647511 7.352070 1.095279
-1.288736 6.961842 0.223159
-1.352571 7.037371 0.396387
-1.354362 7.016473 0.393391
-1.542304 7.270062 0.855568
-1.215516 6.902523 0.010856
-1.282263 6.913851 0.231778
-1.376237 7.010425 0.436401
-1.534419 7.223614 0.862914
-1.458042 7.104352 0.646584
-1.435515 7.112746 0.603980
-1.528023 7.231532 0.812036
-1.348767 7.019929 0.391955
-1.321476 7.029778 0.293572
-1.343132 7.026752 0.346001
-1.443071 7.165946 0.602005
-1.301536 6.940598 0.275011
-1.289819 6.952276 0.225975
-1.425749 7.125513 0.559543
-1.242539 6.875745 0.105382
-1.261646 6.899637 0.157158
-1.249216 6.886768 0.127047
-1.278487 6.964398 0.177784
-1.409638 7.137818 0.507461
-1.507073 7.248079 0.760195
-1.627532 7.376305 1.038255
-1.242544 6.912193 0.111074
-1.244390 6.915069 0.114865
-1.252760 6.969344 0.122743
-1.225607 6.896808 0.075831
-1.347086 7.006431 0.383581
-1.429593 7.100191 0.598290
-1.443939 7.161976 0.599978
-1.536645 7.272759 0.857004
-1.553848 7.240390 0.890544
-1.242178 6.941533 0.088075
-1.529359 7.223682 0.855770
-1.352478 7.095629 0.376574
-1.231484 6.934605 0.068729
-1.538111 7.256165 0.843829
-1.218946 6.923578 0.037815
-1.231710 6.964933 0.060471
-1.280221 6.979127 0.213180
-1.215212 6.946568 0.010914
-1.437039 7.150393 0.594251
-1.641521 7.394321 1.084456
-1.274313 7.023849 0.196212
-1.544309 7.314969 0.842265
-1.286149 7.006067 0.203917
-1.352965 7.082552 0.378924
-1.350410 7.059473 0.376530
-1.367882 7.050293 0.422989
-1.284509 6.958816 0.213577
-1.449191 7.143804 0.634783
-1.203650 6.943797 -0.006381
-1.535336 7.269529 0.852028
-1.443831 7.159645 0.586892
-1.345630 7.062788 0.377172
-1.526500 7.275986 0.798165
-1.434659 7.206729 0.588193
-1.337880 7.069465 0.328671
-1.303022 6.984779 0.255136
-1.312099 7.073460 0.276477
-1.282779 6.994288 0.209783
-1.423044 7.169709 0.542755
-1.234088 6.917442 0.091167
-1.257756 6.941706 0.140699
-1.242937 6.929558 0.112531
-1.271449 7.008272 0.158343
-1.404651 7.182755 0.490171
-1.507561 7.296376 0.744823
-1.232736 6.954529 0.095987
-1.242351 6.958784 0.094418
-1.223949 6.940914 0.056222
-1.624424 7.423204 1.025165
-1.252026 7.015204 0.099516
-1.425414 7.143129 0.586328
-1.345197 7.050486 0.368870
-1.556339 7.283841 0.878888
-1.438024 7.205157 0.586306
-1.541583 7.319530 0.845082
-1.231992 6.983473 0.072148
-1.348475 7.139533 0.359312
-1.228688 6.977533 0.046603
-1.532774 7.271993 0.845025
-1.542615 7.303466 0.830668
-1.221476 6.969526 0.011873
-1.222885 7.008100 0.042166
-1.276223 7.023034 0.195917
-1.206499 6.989761 -0.009838
-1.433623 7.195978 0.580716
-1.649275 7.444805 1.073112
-1.277598 7.070578 0.171947
-1.543491 7.361111 0.829672
-1.448706 7.186297 0.621345
-1.362571 7.092052 0.408508
-1.347763 7.102740 0.360140
-1.348472 7.126038 0.363271
-1.279925 7.049799 0.186553
-1.279152 7.001493 0.198693
-1.540600 7.317612 0.840544
-1.199991 6.987778 -0.030988
-1.435744 7.201733 0.573520
-1.524000 7.321459 0.784264
-1.353034 7.111650 0.357203
-1.434830 7.253707 0.572379
-1.295001 7.025945 0.242160
-1.329859 7.112497 0.312447
-1.279326 7.037691 0.191313
-1.313861 7.121719 0.253388
-1.420610 7.216127 0.526002
-1.233735 6.961827 0.072027
-1.253762 6.985611 0.123435
-1.239377 6.972933 0.096507
-1.269303 7.053820 0.137093
-1.238742 7.001849 0.070214
-1.402166 7.230089 0.473015
-1.655550 7.461134 1.114046
-1.223274 6.985852 0.033394
-1.241511 7.004614 0.073636
-1.243691 7.058787 0.079602
-1.509248 7.346786 0.729117
-1.427702 7.190258 0.573062
-1.343637 7.095848 0.354594
-1.554759 7.327336 0.867866
-1.433741 7.249925 0.573539
-1.543319 7.367154 0.833026
-1.233980 7.029916 0.047412
-1.530978 7.317302 0.835648
-1.346159 7.185971 0.340109
-1.541473 7.348296 0.817636
-1.224321 7.022907 0.025250
-1.214448 7.013388 -0.007573
-1.280703 7.070014 0.174568
-1.223138 7.054786 0.015719
-1.431567 7.240916 0.568050
-1.449418 7.230908 0.607573
-1.364325 7.136578 0.391918
-1.541753 7.407357 0.817444
-1.208113 7.037675 -0.038664
-1.272684 7.116451 0.151801
-1.346804 7.148542 0.341807
-1.280007 7.095514 0.165402
-1.275971 7.045257 0.183507
-1.352349 7.174438 0.342730
-1.432929 7.245888 0.559176
-1.543097 7.366017 0.830164
-1.199813 7.034991 -0.058676
-1.292851 7.069626 0.224159
-1.348870 7.156441 0.341986
-1.433701 7.300397 0.556094
-1.530141 7.372208 0.768758
-1.331512 7.160725 0.291804
-1.279733 7.084719 0.170600
-1.310194 7.168792 0.233311
-1.422579 7.263798 0.509047
-1.229692 7.006646 0.054359
-1.247977 7.028810 0.107308
-1.240765 7.018931 0.075825
-1.263522 7.098881 0.117716
-1.231113 7.045264 0.054823
-1.218799 7.031195 0.014486
-1.232146 7.048278 0.056536
-1.559755 7.373177 0.856343
-1.401423 7.279035 0.454318
-1.343874 7.141902 0.339177
-1.426896 7.236397 0.560464
-1.247857 7.108178 0.051314
-1.508712 7.397018 0.713307
-1.437392 7.298266 0.557892
-1.543265 7.414070 0.822106
-1.539791 7.393621 0.805810
-1.226846 7.075615 0.027162
-1.537278 7.368391 0.825875
-1.349063 7.235391 0.319532
-1.225826 7.070789 -0.001130
-1.213292 7.059760 -0.032046
-1.430330 7.287580 0.554210
-1.272094 7.114459 0.159145
-1.444811 7.274362 0.594367
-1.362877 7.181958 0.375193
-1.216986 7.101317 -0.007749
-1.340470 7.192238 0.326888
-1.201093 7.083394 -0.061362
-1.272685 7.090856 0.167516
-1.349874 7.221761 0.325569
-1.434029 7.292747 0.542990
-1.538698 7.410753 0.819844
-1.273139 7.141575 0.148438
-1.273968 7.166143 0.127066
-1.293693 7.116123 0.204684
-1.439040 7.351270 0.538504
-1.341070 7.200748 0.328643
-1.193231 7.082048 -0.083384
-1.528300 7.420289 0.755727
-1.332735 7.209473 0.269919
-1.274386 7.129250 0.152461
-1.420478 7.311512 0.492727
-1.220272 7.049361 0.040105
-1.311802 7.219793 0.209014
-1.244425 7.074043 0.088030
-1.230748 7.063067 0.062377
-1.263123 7.146033 0.094921
-1.551064 7.414812 0.847024
-1.232509 7.093118 0.030889
-1.234465 7.096021 0.032233
-1.426420 7.283843 0.548300
-1.337377 7.186491 0.326303
-1.214764 7.077871 -0.006434
-1.241541 7.155597 0.029892
-1.404489 7.332522 0.432976
-1.434746 7.346481 0.542779
-1.534091 7.438072 0.795018
-1.229604 7.124690 0.000849
-1.535759 7.415920 0.816530
-1.346593 7.284573 0.299121
-1.218697 7.116479 -0.021383
-1.454657 7.324659 0.577381
-1.208394 7.107486 -0.055446
-1.359640 7.226632 0.359604
-1.430671 7.336747 0.540874
-1.275497 7.164293 0.136957
-1.346039 7.243164 0.304402
-1.213446 7.150269 -0.033528
-1.268968 7.136977 0.150284
-1.432308 7.340850 0.527508
-1.347348 7.269997 0.308006
-1.200762 7.133350 -0.090258
-1.273936 7.190845 0.125310
-1.273953 7.215544 0.101859
-1.287803 7.161153 0.187752
-1.344736 7.250947 0.309741
-1.436343 7.400396 0.522988
-1.192954 7.131082 -0.111879
-1.272520 7.177012 0.131242
-1.331191 7.258543 0.249138
-1.223843 7.098303 0.015870
-1.419196 7.360948 0.475234
-1.245658 7.122787 0.066142
-1.234752 7.111480 0.039382
-1.311947 7.271397 0.186290
-1.228856 7.140177 0.010805
-1.258980 7.194539 0.073197
-1.230432 7.142689 0.011311
-1.339251 7.235992 0.308540
-1.214808 7.126355 -0.031241
-1.427632 7.333820 0.534195
-1.405766 7.385298 0.412770
-1.245990 7.209065 -0.001614
-1.438622 7.397957 0.526763
-1.222423 7.171293 -0.019807
-1.344507 7.334136 0.279545
-1.452554 7.370501 0.564309
-1.213746 7.165119 -0.045187
-1.366024 7.277415 0.339196
-1.201215 7.154087 -0.076103
-1.434548 7.388225 0.524859
-1.272167 7.212662 0.117311
-1.345310 7.292093 0.285698
-1.434556 7.390734 0.510585
-1.273133 7.187589 0.129771
-1.213443 7.201527 -0.061988
-1.343848 7.319256 0.290407
-1.275553 7.241833 0.101009
-1.270628 7.265770 0.078963
-1.198535 7.184436 -0.118820
-1.290337 7.210173 0.166333
-1.342540 7.300488 0.292613
-1.438811 7.453422 0.505699
-1.274624 7.226553 0.108581
-1.187632 7.181188 -0.139773
-1.330847 7.309725 0.228022
-1.221495 7.145640 -0.003745
-1.241515 7.169426 0.047666
-1.232403 7.158817 0.019767
-1.424329 7.415483 0.456036
-1.308946 7.322931 0.163832
-1.226512 7.189376 -0.012059
-1.260167 7.246051 0.047655
-1.341508 7.285874 0.291614
-1.229881 7.192585 -0.012692
-1.209857 7.173124 -0.051798
-1.431400 7.385270 0.520625
-1.434462 7.447689 0.512820
-1.403352 7.438508 0.394037
-1.237675 7.259447 -0.023508
-1.450400 7.417255 0.550833
-1.223997 7.225059 -0.047762
-1.341393 7.385642 0.259533
-1.360892 7.323215 0.323939
-1.216842 7.217350 -0.074317
-1.430822 7.437429 0.512155
-1.271013 7.262111 0.097363
-1.199370 7.205563 -0.103828
-1.350779 7.344837 0.262406
-1.434961 7.440830 0.494397
-1.273281 7.237323 0.110294
-1.347850 7.372610 0.268690
-1.204425 7.250204 -0.085160
-1.275653 7.294343 0.077879
-1.291028 7.259404 0.145649
-1.190009 7.233529 -0.143601
-1.260951 7.314924 0.059446
-1.346922 7.354236 0.271735
-1.277984 7.279152 0.082738
-1.332246 7.362514 0.205364
-1.173239 7.227769 -0.159531
-1.218664 7.194419 -0.025003
-1.241397 7.218793 0.024902
-1.232613 7.209494 -0.002560
-1.307582 7.377913 0.139029
-1.224498 7.239876 -0.034490
-1.341868 7.336890 0.275021
-1.258207 7.297493 0.022377
-1.433270 7.437852 0.507389
-1.226564 7.242805 -0.035592
-1.208281 7.224962 -0.076238
-1.230723 7.311046 -0.047783
-1.220249 7.275799 -0.071903
-1.363535 7.375343 0.304600
-1.340349 7.440066 0.238416
-1.208259 7.265494 -0.096251
-1.270572 7.315119 0.075439
-1.194321 7.256022 -0.128440
-1.342396 7.392406 0.246610
-1.269740 7.287491 0.092288
-1.343707 7.424192 0.251491
-1.291995 7.310856 0.124998
-1.201606 7.302694 -0.112922
-1.266358 7.343883 0.059200
-1.343265 7.404373 0.256177
-1.184097 7.285038 -0.170695
-1.257041 7.368419 0.034101
-1.271838 7.328752 0.063792
-1.327239 7.415151 0.185685
-1.220618 7.246704 -0.048873
-1.243350 7.271078 0.001033
-1.232284 7.260662 -0.023683
-1.340330 7.389038 0.258763
-1.303885 7.432688 0.116568
-1.219664 7.291620 -0.056218
-1.252069 7.348953 0.000179
-1.219611 7.292540 -0.056619
-1.200406 7.274808 -0.096897
-1.224592 7.364364 -0.073232
-1.359551 7.424168 0.288604
-1.202540 7.321343 -0.086102
-1.197237 7.315275 -0.116644
-1.263505 7.364826 0.056859
-1.338799 7.443481 0.228203
-1.192323 7.310235 -0.157374
-1.267942 7.339269 0.072741
-1.288566 7.361041 0.104544
-1.262392 7.396427 0.036701
-1.203578 7.360550 -0.146544
-1.255253 7.423912 0.008052
-1.263469 7.378175 0.044741
-1.216763 7.297414 -0.070569
-1.314356 7.463288 0.169280
-1.240743 7.322988 -0.020595
-1.229677 7.312572 -0.045311
-1.339666 7.441986 0.241732
-1.220650 7.346783 -0.083373
-1.217987 7.345277 -0.081465
-1.203297 7.330694 -0.127638
-1.251100 7.406172 -0.027041
-1.220257 7.418368 -0.099823
-1.209402 7.380872 -0.121532
-1.200514 7.373409 -0.149798
-1.263834 7.420462 0.033358
-1.265223 7.391148 0.053559
-1.281010 7.410325 0.087571
-1.191589 7.413210 -0.170225
-1.261140 7.434168 0.019898
-1.240369 7.376922 -0.045372
-1.211338 7.350568 -0.091496
-1.223814 7.364388 -0.064228
-1.215337 7.399954 -0.106748
-1.214904 7.400483 -0.107988
-1.197063 7.383976 -0.150645
-1.206215 7.437907 -0.148860
-1.196516 7.430580 -0.179204
-1.268054 7.449177 0.030194
-1.229619 7.427055 -0.062485
-1.210863 7.406331 -0.117080
-1.218338 7.418451 -0.085558
-1.190346 7.438695 -0.175296
-1.535223 6.678305 0.951460
-1.540651 6.714438 0.957107
-1.516437 6.717180 0.937101
-1.593613 6.675200 0.946629
-1.536023 6.751150 0.940769
-1.444331 6.649708 0.727791
-1.536299 6.701466 0.971708
-1.505782 6.755988 0.921379
-1.444943 6.652315 0.691492
-1.558194 6.714736 0.931285
-1.535907 6.787299 0.924983
-1.437811 6.687525 0.711801
-1.538614 6.691500 1.006959
-1.521198 6.794328 0.905724
-1.425547 6.691644 0.680779
-1.536709 6.823335 0.908812
-1.527940 6.751372 0.916098
-1.429037 6.724222 0.698578
-1.436619 6.652131 0.700710
-1.604769 6.726453 0.986104
-1.518312 6.776387 0.941171
-1.521736 6.833111 0.890776
-1.441021 6.674623 0.715645
-1.363594 6.658760 0.512786
-1.423807 6.731134 0.665356
-1.348291 6.658753 0.475520
-1.533831 6.859802 0.894141
-1.533669 6.788183 0.898466
-1.437921 6.761072 0.680647
-1.532019 6.710102 1.025682
-1.427398 6.689344 0.686249
-1.318377 6.620835 0.365762
-1.533478 6.763972 0.973991
-1.625535 6.784570 1.158175
-1.531110 6.814147 0.924598
-1.463410 6.662222 0.747500
-1.624239 6.992599 1.134913
-1.434946 6.711911 0.700880
-1.519124 6.871818 0.876119
-1.353845 6.696456 0.499528
-1.414439 6.769252 0.652924
-1.632337 6.999381 1.131537
-1.627399 6.860693 1.146172
-1.631077 6.930634 1.135021
-1.528368 6.751873 0.890880
-1.535923 6.896116 0.878389
-1.367732 6.644453 0.506030
-1.368417 6.697414 0.452657
-1.303578 6.637112 0.327741
-1.527715 6.824588 0.881631
-1.280787 6.613619 0.276252
-1.431185 6.653763 0.674091
-1.440496 6.797768 0.663290
-1.635512 6.744610 1.003234
-1.274709 6.610387 0.265011
-1.412848 6.725379 0.672393
-1.302900 6.660982 0.356387
-1.543706 6.800228 0.956906
-1.532224 6.851493 0.908830
-1.622356 6.821620 1.137367
-1.457854 6.698994 0.731517
-1.419212 6.750799 0.688632
-1.627689 7.033303 1.121261
-1.515519 6.911542 0.861416
-1.351833 6.733664 0.484071
-1.629819 7.036265 1.117670
-1.623273 6.896907 1.128590
-1.428507 6.809089 0.633532
-1.626477 6.966431 1.119047
-1.348435 6.664746 0.485046
-1.521511 6.788368 0.874464
-1.524523 6.932237 0.864248
-1.526678 6.860812 0.866221
-1.380632 6.632715 0.538406
-1.350631 6.682997 0.495807
-1.285419 6.676649 0.319934
-1.331139 6.737439 0.451131
-1.417513 6.690588 0.659490
-1.527129 6.779812 0.991480
-1.263552 6.653039 0.268070
-1.437568 6.835099 0.648226
-1.254570 6.651041 0.260000
-1.436722 6.762700 0.648462
-1.465399 6.680161 0.766120
-1.311308 6.626087 0.352603
-1.544506 6.836248 0.940745
-1.530533 6.890072 0.893810
-1.437799 6.735668 0.719955
-1.615123 6.858690 1.117260
-1.429878 6.788328 0.669550
-1.303755 6.635287 0.342178
-1.622690 7.072752 1.108560
-1.626066 7.071929 1.103774
-1.512375 6.950731 0.847972
-1.362060 6.771675 0.463749
-1.617854 6.932822 1.110572
-1.425907 6.847733 0.618888
-1.503275 6.747265 0.863193
-1.620971 7.002329 1.103466
-1.370623 6.701343 0.459831
-1.346045 6.633973 0.472333
-1.412552 6.648341 0.643780
-1.514265 6.824461 0.857208
-1.519803 6.968894 0.850329
-1.552779 6.815104 0.972499
-1.512603 6.897271 0.850763
-1.367681 6.671237 0.525057
-1.342134 6.721879 0.482606
-1.401612 6.727233 0.644803
-1.340835 6.775951 0.432013
-1.431880 6.872754 0.634285
-1.435575 6.800727 0.632237
-1.459469 6.716527 0.749328
-1.293680 6.665117 0.343582
-1.544326 6.873292 0.924545
-1.289659 6.737346 0.328882
-1.640208 7.049679 1.136942
-1.531127 6.927906 0.879264
-1.440390 6.772355 0.702632
-1.269299 6.636198 0.260595
-1.606641 6.894545 1.097095
-1.278174 6.638769 0.257644
-1.619165 7.107520 1.090169
-1.439951 6.827273 0.651259
-1.618610 7.112086 1.095471
-1.356321 6.810220 0.449402
-1.511396 6.991015 0.834187
-1.615048 6.969312 1.093453
-1.617631 7.039325 1.087546
-1.423635 6.887691 0.604658
-1.505944 6.783987 0.843424
-1.332568 6.740569 0.456632
-1.341907 6.670998 0.454379
-1.406179 6.685210 0.625749
-1.383357 6.655106 0.552201
-1.512854 7.005369 0.836323
-1.506038 6.861581 0.839912
-1.554557 6.850092 0.956360
-1.517798 6.934548 0.834328
-1.352561 6.708658 0.512028
-1.340076 6.759993 0.466756
-1.425487 6.764543 0.620864
-1.342784 6.814932 0.415070
-1.428890 6.910995 0.618795
-1.278354 6.754977 0.291002
-1.250113 6.731201 0.242188
-1.429113 6.837579 0.616632
-1.256795 6.728265 0.224854
-1.435876 6.752730 0.737224
-1.536990 6.909377 0.909719
-1.302145 6.776433 0.305771
-1.631345 7.087337 1.123275
-1.520051 6.965343 0.865531
-1.320038 6.655977 0.357655
-1.446067 6.810025 0.684594
-1.264045 6.675122 0.244643
-1.260937 6.678184 0.249445
-1.617965 7.144674 1.076756
-1.602941 6.932077 1.077500
-1.436042 6.865626 0.636150
-1.354270 6.710031 0.279702
-1.620618 7.153382 1.083404
-1.354200 6.849241 0.433130
-1.337783 6.631388 0.434635
-1.507329 7.030304 0.821099
-1.610933 7.005507 1.075870
-1.611591 7.075723 1.073155
-1.504933 6.821136 0.825154
-1.414593 6.927094 0.592632
-1.270242 6.621698 0.256636
-1.277159 6.629797 0.271189
-1.291017 6.650395 0.315006
-1.346500 6.779063 0.431937
-1.377327 6.708301 0.421448
-1.387460 6.723093 0.611778
-1.518374 7.043953 0.820293
-1.370609 6.691801 0.537208
-1.550900 6.885742 0.940027
-1.505412 6.899127 0.822461
-1.510343 6.972460 0.818675
-1.425039 6.948421 0.604079
-1.351222 6.797884 0.446042
-1.346434 6.746813 0.496852
-1.413591 6.802060 0.605074
-1.284848 6.794302 0.271761
-1.340460 6.855773 0.400426
-1.260375 6.770091 0.218995
-1.423898 6.875636 0.601064
-1.447132 6.788834 0.717331
-1.259613 6.768019 0.207123
-1.541201 6.947691 0.893248
-1.281770 6.742691 0.313657
-1.302790 6.815098 0.288365
-1.628243 7.125638 1.110206
-1.520583 7.004087 0.850558
-1.616825 7.180901 1.063742
-1.329050 6.693682 0.334428
-1.318524 6.642874 0.381775
-1.443997 6.848164 0.668729
-1.266273 6.716308 0.227720
-1.599688 6.969081 1.059134
-1.429760 6.904703 0.622993
-1.290413 6.750442 0.292753
-1.615614 7.192817 1.070671
-1.350239 6.888475 0.417601
-1.613091 7.113465 1.058202
-1.506348 7.070577 0.807293
-1.607533 7.043416 1.059533
-1.337147 6.670722 0.413944
-1.416857 6.967410 0.576088
-1.269733 6.659164 0.236756
-1.500267 6.859651 0.805527
-1.265524 6.668567 0.258277
-1.286581 6.619412 0.297330
-1.345833 6.817461 0.414077
-1.351643 6.747425 0.411313
-1.402813 6.760068 0.588354
-1.510890 7.080926 0.807476
-1.349107 6.729066 0.527213
-1.545015 6.921208 0.923607
-1.274468 6.616066 0.279351
-1.502885 6.937808 0.805347
-1.509242 7.009583 0.802820
-1.420267 6.985950 0.589731
-1.360339 6.784381 0.475006
-1.356788 6.837341 0.427172
-1.416596 6.840048 0.585706
-1.284902 6.834387 0.255149
-1.337807 6.895289 0.385347
-1.257732 6.809580 0.203924
-1.421440 6.913357 0.584355
-1.461474 6.825918 0.696722
-1.253823 6.807437 0.192352
-1.645518 7.106227 1.136958
-1.535558 6.984456 0.879689
-1.295176 6.781659 0.290160
-1.295156 6.854747 0.274343
-1.613782 7.218264 1.051064
-1.628226 7.164923 1.096421
-1.519274 7.043044 0.836329
-1.439758 6.885197 0.653186
-1.286372 6.732508 0.335951
-1.303350 6.681189 0.368328
-1.253593 6.752037 0.213114
-1.258703 6.755031 0.214116
-1.430835 6.942894 0.606810
-1.593226 7.006930 1.040649
-1.295211 6.789074 0.272221
-1.607968 7.149743 1.043416
-1.345416 6.926894 0.402846
-1.614859 7.234431 1.059713
-1.602824 7.081030 1.042731
-1.503526 7.111063 0.794229
-1.379685 6.705827 0.375121
-1.410960 7.006872 0.563742
-1.279786 6.726533 0.281822
-1.344633 6.856360 0.397416
-1.283843 6.656702 0.277368
-1.487912 6.897716 0.788481
-1.503019 7.117496 0.793819
-1.338691 6.785923 0.397929
-1.542663 6.957139 0.907710
-1.409972 6.798027 0.565865
-1.265056 6.638098 0.228903
-1.359476 6.766171 0.504835
-1.259686 6.654764 0.266734
-1.417722 7.023652 0.575450
-1.499110 6.975271 0.788176
-1.504012 7.047663 0.787224
-1.363349 6.822344 0.455633
-1.351907 6.876681 0.412014
-1.410993 6.877696 0.569297
-1.331532 6.934322 0.372173
-1.280415 6.874098 0.240820
-1.252860 6.848884 0.188766
-1.419310 6.952391 0.568060
-1.452780 6.862592 0.681024
-1.253879 6.847505 0.175731
-1.637245 7.142447 1.122470
-1.529466 7.021737 0.864881
-1.293534 6.821057 0.272259
-1.608572 7.254522 1.038709
-1.287967 6.893872 0.261548
-1.628596 7.204601 1.083456
-1.513896 7.082037 0.822766
-1.432698 6.923474 0.638355
-1.299389 6.771081 0.311619
-1.255635 6.790983 0.193707
-1.257066 6.794417 0.196216
-1.426330 6.982660 0.592471
-1.599697 7.185947 1.028919
-1.340652 6.964388 0.388489
-1.593445 7.045312 1.022387
-1.287190 6.828320 0.257364
-1.612855 7.274829 1.048698
-1.597254 7.117826 1.026704
-1.503316 7.152120 0.782064
-1.336110 6.745690 0.374157
-1.407762 7.046916 0.549846
-1.247915 6.736070 0.209318
-1.341263 6.894155 0.381074
-1.507082 7.156677 0.779345
-1.282891 6.764474 0.260003
-1.260229 6.745352 0.220792
-1.488145 6.936057 0.770227
-1.334937 6.823321 0.380765
-1.537491 6.994314 0.892527
-1.276143 6.674658 0.200426
-1.371625 6.803962 0.481285
-1.402084 6.836410 0.548972
-1.502375 7.085283 0.772558
-1.411967 7.062200 0.561052
-1.492634 7.012137 0.772533
-1.359386 6.861578 0.440096
-1.346164 6.915206 0.397631
-1.415930 6.990208 0.551708
-1.326504 6.974556 0.359035
-1.452547 6.900503 0.664386
-1.402569 6.916589 0.553601
-1.268627 6.913768 0.229903
-1.250687 6.888768 0.172057
-1.630665 7.179351 1.109258
-1.246694 6.886612 0.162932
-1.526520 7.059083 0.849765
-1.610309 7.293548 1.026590
-1.288658 6.860369 0.257095
-1.286709 6.933655 0.244457
-1.623117 7.243616 1.072319
-1.427924 6.961006 0.623999
-1.512911 7.122301 0.808940
-1.294659 6.809493 0.294423
-1.291396 6.755620 0.333867
-1.258149 6.830329 0.172674
-1.259966 6.834162 0.176013
-1.418736 7.021432 0.578829
-1.598373 7.224922 1.014660
-1.335766 7.003714 0.373306
-1.288248 6.868293 0.237912
-1.589535 7.084648 1.004381
-1.613343 7.317640 1.037764
-1.596405 7.157216 1.010836
-1.500491 7.192592 0.768979
-1.323304 6.783271 0.358724
-1.499595 7.193634 0.766500
-1.639625 7.147781 1.132430
-1.401802 7.087286 0.537070
-1.334213 6.932384 0.366231
-1.250102 6.774105 0.187868
-1.278163 6.802876 0.242804
-1.530150 7.030385 0.877665
-1.261883 6.783897 0.200549
-1.327502 6.861153 0.365100
-1.265872 6.733196 0.243522
-1.485231 6.974321 0.752262
-1.371487 6.841850 0.462201
-1.265513 6.713309 0.184668
-1.414286 7.101573 0.544881
-1.396035 6.874568 0.531315
-1.498451 7.123638 0.757397
-1.243674 6.729202 0.232948
-1.486036 7.050840 0.756065
-1.351028 6.899528 0.424802
-1.445157 6.937458 0.649123
-1.340300 6.955563 0.382421
-1.397884 6.954115 0.536794
-1.272296 6.954307 0.211343
-1.405190 7.028904 0.538361
-1.326874 7.015957 0.342808
-1.636020 7.218874 1.095231
-1.248452 6.929563 0.154930
-1.609817 7.332389 1.014384
-1.522060 7.097963 0.835814
-1.245320 6.928212 0.145019
-1.287401 6.900151 0.240004
-1.281770 6.973874 0.228863
-1.626959 7.284667 1.059457
-1.422169 6.999563 0.609603
-1.507058 7.160872 0.796972
-1.294855 6.848665 0.275754
-1.299958 6.793825 0.309369
-1.251909 6.870249 0.156638
-1.602750 7.265452 1.000590
-1.417375 7.061253 0.564168
-1.253726 6.874083 0.159977
-1.334027 7.043099 0.357813
-1.279364 6.906718 0.223818
-1.496889 7.232259 0.754222
-1.586766 7.194043 0.995466
-1.608516 7.359280 1.027449
-1.582538 7.122987 0.987073
-1.497458 7.234888 0.757513
-1.642038 7.185411 1.117073
-1.318123 6.822206 0.340282
-1.404715 7.130206 0.521327
-1.328882 6.972223 0.349807
-1.529042 7.067510 0.861787
-1.255376 6.821588 0.184503
-1.248490 6.814406 0.167100
-1.272454 6.842300 0.225564
-1.322706 6.900486 0.347477
-1.269450 6.771533 0.220076
-1.476407 7.012839 0.735716
-1.406689 7.140328 0.531216
-1.363127 6.879802 0.446906
-1.488677 7.161333 0.744064
-1.242451 6.752976 0.175414
-1.391764 6.913420 0.512486
-1.259626 6.767437 0.202580
-1.485200 7.090181 0.740194
-1.347062 6.938749 0.409245
-1.437767 6.974408 0.633849
-1.340341 6.995649 0.365770
-1.403056 7.067916 0.522034
-1.629825 7.256166 1.082831
-1.607545 7.370525 1.003332
-1.267745 6.994916 0.196572
-1.393525 6.992954 0.520400
-1.319615 7.056001 0.329571
-1.242984 6.970274 0.140538
-1.518579 7.135807 0.821886
-1.239912 6.968004 0.131035
-1.282076 6.939968 0.223579
-1.278669 7.013862 0.212505
-1.617022 7.323316 1.048145
-1.505151 7.201233 0.783501
-1.424960 7.039357 0.591818
-1.286443 6.887504 0.260044
-1.298459 6.832310 0.289413
-1.594330 7.302549 0.988104
-1.245668 6.910163 0.140591
-1.413252 7.101398 0.550628
-1.246625 6.913189 0.144714
-1.329019 7.084247 0.341792
-1.274039 6.946531 0.207390
-1.503916 7.274240 0.738193
-1.589449 7.233883 0.980110
-1.635989 7.221797 1.102637
-1.614642 7.404556 1.016283
-1.490949 7.275792 0.745914
-1.577767 7.161497 0.969831
-1.524847 7.103638 0.846607
-1.400979 7.170739 0.508607
-1.323609 7.011137 0.333780
-1.313862 6.861024 0.321452
-1.253820 6.860965 0.164131
-1.243703 6.853704 0.149475
-1.268196 6.881097 0.206728
-1.317968 6.938892 0.330252
-1.265788 6.808903 0.200450
-1.416900 7.183268 0.512037
-1.490004 7.201758 0.727842
-1.357467 6.918337 0.430063
-1.477438 7.052886 0.716237
-1.244191 6.791516 0.152712
-1.488902 7.129879 0.722021
-1.256825 6.805612 0.182169
-1.382032 6.952006 0.496315
-1.611772 7.411944 0.991275
-1.431236 7.012162 0.617781
-1.400000 7.107032 0.506074
-1.340868 6.977786 0.393599
-1.628883 7.295540 1.069382
-1.328154 7.034931 0.353992
-1.265892 7.036102 0.180251
-1.319062 7.097496 0.313699
-1.238967 7.010356 0.124551
-1.393644 7.033071 0.501295
-1.514117 7.174675 0.807916
-1.236755 7.008891 0.114262
-1.274648 7.053953 0.196512
-1.274436 6.979591 0.209512
-1.621575 7.366071 1.036514
-1.421429 7.078078 0.577478
-1.510723 7.243845 0.769058
-1.596478 7.342885 0.973937
-1.281176 6.926405 0.244023
-1.290966 6.871038 0.273323
-1.243142 6.952765 0.127525
-1.237586 6.950292 0.125286
-1.324517 7.123949 0.327408
-1.405981 7.141471 0.537376
-1.499779 7.314399 0.724623
-1.637868 7.259922 1.088469
-1.270105 6.986633 0.188958
-1.588923 7.274569 0.964633
-1.520057 7.141191 0.832216
-1.612752 7.448076 1.007276
-1.495334 7.321249 0.733054
-1.574629 7.201610 0.953455
-1.404216 7.214958 0.493264
-1.321895 7.051435 0.315418
-1.305920 6.900275 0.304118
-1.243959 6.900402 0.149994
-1.242148 6.893070 0.129092
-1.408380 7.222119 0.498728
-1.263405 6.920395 0.189089
-1.306403 6.977667 0.314823
-1.259633 6.848832 0.181959
-1.484562 7.241633 0.713825
-1.350885 6.956975 0.413585
-1.478794 7.094242 0.697169
-1.609763 7.452305 0.980215
-1.237711 6.830120 0.133799
-1.254883 6.844586 0.160963
-1.483935 7.170166 0.706397
-1.430078 7.050156 0.601481
-1.382094 6.993038 0.476802
-1.623933 7.334031 1.057007
-1.340520 7.017468 0.376105
-1.397743 7.147865 0.488909
-1.328133 7.075920 0.336911
-1.315747 7.139316 0.298946
-1.263057 7.078308 0.163887
-1.510960 7.213824 0.794389
-1.235808 7.051237 0.107767
-1.389223 7.072813 0.484471
-1.238997 7.050937 0.094400
-1.270565 7.094954 0.180100
-1.272195 7.020378 0.192357
-1.618584 7.407478 1.025426
-1.415610 7.117534 0.562642
-1.507832 7.285220 0.755533
-1.600258 7.384820 0.960636
-1.278162 6.966403 0.225214
-1.228701 6.988689 0.111165
-1.289405 6.910424 0.252938
-1.322266 7.164746 0.310234
-1.407643 7.183173 0.521567
-1.628729 7.295309 1.074723
-1.491694 7.352759 0.712537
-1.233605 6.993508 0.113793
-1.262077 7.025846 0.174047
-1.583142 7.313161 0.950186
-1.516126 7.179547 0.817030
-1.490069 7.363345 0.721476
-1.399436 7.257423 0.480080
-1.315580 7.092280 0.298929
-1.573269 7.242412 0.935906
-1.400186 7.262282 0.485829
-1.231958 6.931180 0.114523
-1.302517 6.939885 0.284481
-1.241481 6.939873 0.129977
-1.257305 6.959397 0.170986
-1.486274 7.282439 0.698414
-1.304691 7.017963 0.296459
-1.250448 6.886849 0.164573
-1.346142 6.995386 0.396344
-1.231289 6.867798 0.115283
-1.470294 7.134058 0.681012
-1.619368 7.372915 1.045454
-1.482975 7.211319 0.689677
-1.242407 6.883442 0.145914
-1.377288 7.032375 0.459148
-1.426039 7.090314 0.585483
-1.388304 7.186824 0.475974
-1.335184 7.057297 0.359652
-1.510889 7.253952 0.780144
-1.264761 7.120865 0.145219
-1.322650 7.116649 0.322488
-1.316378 7.182916 0.282687
-1.236681 7.093904 0.087031
-1.383880 7.112657 0.468013
-1.232545 7.092650 0.079942
-1.271820 7.138030 0.160189
-1.621619 7.451758 1.014949
-1.265353 7.061712 0.177074
-1.499540 7.325418 0.745075
-1.415044 7.159064 0.546755
-1.600889 7.426680 0.947623
-1.494563 7.394750 0.699601
-1.274613 7.006903 0.207600
-1.325268 7.207611 0.292010
-1.626538 7.333463 1.061212
-1.283362 6.948518 0.235242
-1.229637 7.030446 0.090845
-1.406483 7.226118 0.506467
-1.235933 7.035558 0.091479
-1.259388 7.067137 0.155638
-1.585168 7.355325 0.935187
-1.512581 7.218296 0.802665
-1.491363 7.407799 0.709302
-1.312471 7.132265 0.282539
-1.396058 7.302391 0.472245
-1.394982 7.301198 0.467305
-1.225860 6.970165 0.096411
-1.570456 7.283826 0.919930
-1.486084 7.324377 0.683336
-1.297272 6.979708 0.265586
-1.233870 6.980399 0.113039
-1.255152 7.000181 0.151377
-1.304370 7.058545 0.276092
-1.247583 6.925921 0.143721
-1.339558 7.034010 0.379845
-1.625697 7.416356 1.032642
-1.469604 7.249443 0.675369
-1.240463 6.922399 0.124685
-1.420811 7.128336 0.569838
-1.225220 6.907711 0.094324
-1.390972 7.228401 0.457326
-1.464493 7.174452 0.663305
-1.376100 7.072180 0.439567
-1.331153 7.097407 0.343643
-1.513311 7.296487 0.765979
-1.321646 7.158648 0.305352
-1.316620 7.226106 0.265587
-1.259164 7.163386 0.129962
-1.232007 7.136304 0.071400
-1.374976 7.151102 0.453869
-1.227484 7.134650 0.063480
-1.264974 7.179346 0.144885
-1.256343 7.101943 0.162111
-1.411450 7.198681 0.531974
-1.496973 7.368097 0.731950
-1.490749 7.436203 0.686421
-1.629067 7.374205 1.047859
-1.322035 7.249416 0.274782
-1.268896 7.046298 0.190308
-1.226503 7.072235 0.071188
-1.278119 6.988329 0.216342
-1.398288 7.266280 0.493559
-1.230487 7.077164 0.074192
-1.516129 7.258896 0.786497
-1.256638 7.109335 0.136808
-1.583124 7.397526 0.920853
-1.400296 7.346474 0.454044
-1.312861 7.174547 0.263403
-1.394147 7.345434 0.452603
-1.478859 7.363532 0.670451
-1.221422 7.011672 0.076308
-1.250830 7.039861 0.132089
-1.291166 7.018714 0.247466
-1.228630 7.020184 0.094130
-1.568500 7.326040 0.903155
-1.302595 7.099739 0.257298
-1.339680 7.074086 0.360712
-1.240058 6.966454 0.124333
-1.625790 7.458737 1.020825
-1.472115 7.291963 0.658750
-1.425704 7.170114 0.551273
-1.232138 6.961205 0.106492
-1.220517 6.946986 0.074216
-1.384498 7.270164 0.442841
-1.461306 7.215415 0.646496
-1.510417 7.337852 0.752433
-1.326141 7.138537 0.327590
-1.253565 7.205898 0.114694
-1.310481 7.269151 0.251520
-1.321441 7.202361 0.287009
-1.365710 7.113085 0.423741
-1.224125 7.179548 0.055646
-1.384766 7.195457 0.430569
-1.225062 7.178139 0.045058
-1.262547 7.222847 0.126457
-1.258518 7.144898 0.141812
-1.415688 7.242790 0.513785
-1.496958 7.412261 0.719312
-1.628059 7.414473 1.033963
-1.317347 7.291835 0.259127
-1.262138 7.087631 0.172562
-1.400152 7.311107 0.477319
-1.271035 7.028353 0.198183
-1.220936 7.115665 0.053072
-1.223258 7.118066 0.058056
-1.511600 7.298659 0.772078
-1.252106 7.150829 0.119130
-1.577606 7.438333 0.906385
-1.391977 7.388449 0.440293
-1.305622 7.215477 0.247257
-1.390549 7.389996 0.439018
-1.478545 7.407289 0.654532
-1.224223 7.054112 0.052361
-1.287700 7.059214 0.227387
-1.233210 7.063322 0.069020
-1.244934 7.081987 0.113555
-1.564764 7.367546 0.887533
-1.298592 7.140745 0.238414
-1.328493 7.113251 0.346075
-1.237131 7.006423 0.103051
-1.383483 7.312166 0.425678
-1.474564 7.335390 0.641710
-1.417653 7.209372 0.536327
-1.507521 7.379207 0.738877
-1.331068 7.181186 0.306156
-1.230932 7.002783 0.083637
-1.215693 6.988086 0.053278
-1.454110 7.255496 0.630759
-1.255945 7.251979 0.093977
-1.315794 7.317146 0.232126
-1.316754 7.244786 0.271357
-1.363927 7.154300 0.404936
-1.223093 7.223321 0.035218
-1.223498 7.222423 0.025837
-1.379686 7.237510 0.414090
-1.262758 7.267834 0.106069
-1.256091 7.188399 0.123383
-1.409270 7.283642 0.499703
-1.628745 7.455420 1.021343
-1.317077 7.336436 0.240348
-1.266625 7.130769 0.149889
-1.401094 7.356035 0.461443
-1.221369 7.161041 0.038421
-1.510606 7.338879 0.758182
-1.268430 7.069647 0.177312
-1.216820 7.158462 0.033359
-1.250687 7.194217 0.097875
-1.389891 7.431459 0.425526
-1.300488 7.258408 0.230358
-1.391284 7.436735 0.424758
-1.227849 7.104919 0.049269
-1.217022 7.095930 0.033364
-1.241410 7.123370 0.093050
-1.289572 7.101788 0.203809
-1.298535 7.183529 0.218025
-1.336121 7.156488 0.323101
-1.565687 7.412555 0.871655
-1.414855 7.250702 0.520331
-1.234083 7.048215 0.080938
-1.464991 7.376192 0.627913
-1.380506 7.356217 0.408436
-1.504951 7.421873 0.725730
-1.329941 7.225002 0.288176
-1.306951 7.359590 0.219575
-1.247049 7.295320 0.081022
-1.211401 7.028664 0.031122
-1.315092 7.289101 0.254574
-1.225185 7.043988 0.063063
-1.217907 7.267127 0.017902
-1.456053 7.300357 0.612067
-1.218639 7.267542 0.008941
-1.371457 7.279488 0.397897
-1.360655 7.197968 0.384436
-1.254868 7.311066 0.090287
-1.250576 7.230908 0.105651
-1.408965 7.327370 0.483783
-1.309566 7.380088 0.225389
-1.394468 7.398695 0.448967
-1.264285 7.174274 0.129009
-1.507322 7.379832 0.743787
-1.217183 7.202522 0.010933
-1.218972 7.205437 0.017123
-1.267603 7.111624 0.155267
-1.250453 7.239714 0.076241
-1.306034 7.305488 0.206471
-1.220172 7.146325 0.031876
-1.239604 7.166351 0.070960
-1.211600 7.138432 0.013192
-1.281503 7.142822 0.185589
-1.332439 7.198813 0.304622
-1.289809 7.226906 0.200181
-1.375747 7.399563 0.392345
-1.411609 7.292541 0.503083
-1.463370 7.419645 0.611525
-1.225634 7.088830 0.061892
-1.246666 7.341712 0.061410
-1.308193 7.407609 0.200832
-1.322637 7.266843 0.271601
-1.220760 7.313578 -0.004453
-1.319629 7.336288 0.233506
-1.219970 7.084671 0.041271
-1.204288 7.070481 0.009674
-1.220126 7.314618 -0.014279
-1.454908 7.344222 0.594071
-1.369015 7.323021 0.379445
-1.356049 7.240414 0.366327
-1.254483 7.357458 0.070673
-1.252507 7.277493 0.083677
-1.413079 7.373279 0.464739
-1.311341 7.427592 0.205435
-1.256989 7.216088 0.112435
-1.510537 7.424061 0.728385
-1.211284 7.244604 -0.007640
-1.216040 7.250332 -0.002979
-1.257755 7.151953 0.138203
-1.244430 7.283636 0.056844
-1.297750 7.348332 0.189846
-1.208490 7.181104 -0.009361
-1.231477 7.208269 0.052313
-1.222342 7.191995 0.005424
-1.321188 7.238870 0.289542
-1.289242 7.271100 0.178118
-1.273313 7.185682 0.166537
-1.408749 7.334769 0.486655
-1.247941 7.390616 0.039802
-1.220684 7.131740 0.040099
-1.304894 7.455259 0.184368
-1.318747 7.310974 0.254727
-1.218565 7.361091 -0.026181
-1.307250 7.378262 0.220408
-1.212380 7.126078 0.021426
-1.217457 7.361725 -0.034390
-1.203494 7.113340 -0.015241
-1.371765 7.369535 0.359531
-1.449161 7.388635 0.577944
-1.256230 7.406765 0.047445
-1.352302 7.283654 0.347420
-1.247256 7.322213 0.065932
-1.401136 7.414776 0.452881
-1.255446 7.261292 0.090335
-1.214105 7.292883 -0.033270
-1.216220 7.297116 -0.026660
-1.256806 7.195741 0.115315
-1.237012 7.327255 0.039428
-1.290652 7.393288 0.172844
-1.203925 7.224387 -0.030342
-1.211902 7.233715 -0.010863
-1.234030 7.254333 0.026678
-1.322784 7.284173 0.267141
-1.288081 7.316710 0.156839
-1.408854 7.379805 0.468686
-1.269601 7.229805 0.144771
-1.323755 7.358557 0.232027
-1.218046 7.174819 0.015924
-1.210494 7.407029 -0.043225
-1.306263 7.426097 0.201573
-1.212474 7.408641 -0.052143
-1.212384 7.170650 -0.004698
-1.197298 7.155023 -0.037090
-1.363472 7.412400 0.342893
-1.446972 7.434424 0.559479
-1.351520 7.329698 0.326971
-1.244583 7.369332 0.045815
-1.251201 7.305902 0.069761
-1.207103 7.337800 -0.052722
-1.211858 7.343529 -0.048062
-1.252236 7.239046 0.094330
-1.236267 7.374146 0.016108
-1.291653 7.439971 0.151212
-1.201493 7.270586 -0.054937
-1.226641 7.298864 0.006399
-1.212109 7.281412 -0.037409
-1.279410 7.359137 0.139370
-1.322925 7.330086 0.246311
-1.398362 7.420674 0.455235
-1.269896 7.274786 0.121908
-1.315794 7.402712 0.215803
-1.207693 7.216542 -0.002816
-1.202891 7.213174 -0.024224
-1.189201 7.197833 -0.058608
-1.346729 7.374860 0.307595
-1.239682 7.416263 0.025606
-1.203540 7.385919 -0.075333
-1.247221 7.352732 0.049184
-1.209214 7.391536 -0.071050
-1.235787 7.423255 -0.007216
-1.247545 7.284172 0.072512
-1.226370 7.346150 -0.018543
-1.210061 7.328000 -0.061186
-1.198999 7.317686 -0.079955
-1.278126 7.406553 0.117246
-1.316890 7.374023 0.226885
-1.260721 7.318639 0.102786
-1.209353 7.263616 -0.030948
-1.187837 7.243000 -0.085620
-1.205946 7.260534 -0.054351
-1.344903 7.422824 0.286676
-1.241013 7.399373 0.028516
-1.245965 7.331183 0.047114
-1.217938 7.392599 -0.039292
-1.201631 7.374442 -0.081934
-1.190183 7.363725 -0.101532
-1.315988 7.421855 0.205585
-1.261692 7.367145 0.077879
-1.206472 7.310316 -0.056802
-1.199505 7.305846 -0.077879
-1.180418 7.289335 -0.109182
-1.240291 7.377309 0.025235
-1.203967 7.425017 -0.112119
-1.190207 7.414120 -0.129347
-1.258595 7.415682 0.053633
-1.200888 7.356423 -0.081130
-1.194783 7.352752 -0.102994
-1.170831 7.334565 -0.132424
-1.239509 7.426009 -0.001386
-1.198684 7.406642 -0.109031
-1.190413 7.401874 -0.130563
-1.174977 7.386735 -0.166636
-1.546142 7.427172 0.789259
-1.675164 7.482200 1.099362
-1.263777 6.957222 0.129727
-1.261866 6.955270 0.123132
-1.250331 7.102021 0.052944
-1.453842 7.089312 0.599548
-1.244614 6.941074 0.088695
-1.257734 7.111342 0.067901
-1.481088 7.355774 0.613137
-1.296615 7.077830 0.199062
-1.278839 7.132251 0.106977
-1.383480 7.175297 0.391043
-1.552508 7.208799 0.839347
-1.473651 7.120826 0.640299
-1.308641 7.020683 0.231373
-1.317788 7.105301 0.218184
-1.255737 6.884980 0.118546
-1.269460 6.899668 0.149628
-1.462015 7.192973 0.601980
-1.357453 7.238800 0.313085
-1.568339 7.234501 0.877500
-1.444900 7.259908 0.565112
-1.364452 7.168180 0.352932
-1.670849 7.342722 1.106299
-1.576609 7.395102 0.847940
-1.371988 7.098898 0.385857
-1.256852 7.051467 0.088424
-1.463783 7.281596 0.601276
-1.242822 6.881006 0.094095
-1.246893 7.040375 0.057468
-1.375771 7.105597 0.392943
-1.265905 7.062382 0.104252
-1.441190 7.340555 0.525010
-1.317185 6.962178 0.263587
-1.558437 7.311372 0.844564
-1.383790 7.039829 0.431214
-1.364528 7.018405 0.375857
-1.303311 7.031982 0.215392
-1.551006 7.385663 0.810450
-1.290959 7.182885 0.147235
-1.463785 7.209223 0.591116
-1.389869 7.292821 0.387786
-1.561805 7.323308 0.836161
-1.322996 7.221622 0.212437
-1.678975 7.451385 1.112425
-1.299280 6.953775 0.205095
-1.256335 6.996921 0.113486
-1.259807 6.996125 0.103776
-1.244878 7.144602 0.037976
-1.477419 7.397269 0.600235
-1.251025 7.152726 0.052890
-1.298029 7.120054 0.179793
-1.271211 7.173754 0.092350
-1.249782 6.983788 0.062606
-1.454315 7.131725 0.580677
-1.380753 7.217591 0.374922
-1.549414 7.249862 0.822810
-1.469714 7.161050 0.624556
-1.300613 7.061822 0.215934
-1.313365 7.146894 0.200791
-1.261227 6.938584 0.131733
-1.460703 7.233745 0.587115
-1.253353 6.925461 0.095922
-1.560894 7.272452 0.864497
-1.355405 7.283700 0.297802
-1.452212 7.305929 0.548459
-1.570755 7.435551 0.835381
-1.360291 7.211090 0.338407
-1.468585 7.325221 0.584539
-1.376999 7.141617 0.364647
-1.672925 7.385865 1.091129
-1.255989 7.094423 0.068688
-1.248232 6.920986 0.066776
-1.243342 7.082749 0.039289
-1.367789 7.145840 0.377900
-1.262349 7.104763 0.086072
-1.312088 7.001163 0.245363
-1.436889 7.384385 0.512510
-1.557899 7.352967 0.831349
-1.380331 7.080434 0.413855
-1.300328 7.072959 0.196409
-1.549368 7.429181 0.799247
-1.362452 7.059299 0.356497
-1.285893 7.225869 0.133084
-1.393255 7.337961 0.369785
-1.460708 7.250236 0.574568
-1.558643 7.364339 0.822052
-1.321996 7.265486 0.194722
-1.475920 7.439841 0.586978
-1.261954 7.039106 0.088617
-1.288236 6.993956 0.187943
-1.244816 7.189261 0.017029
-1.259591 7.037677 0.080789
-1.254049 7.198357 0.031214
-1.292173 7.162260 0.163991
-1.269767 7.218124 0.073403
-1.245034 7.024048 0.044795
-1.446842 7.171489 0.564420
-1.374940 7.258905 0.359516
-1.462749 7.199373 0.609933
-1.307932 7.104693 0.192333
-1.308423 7.188987 0.184600
-1.548829 7.293318 0.806345
-1.560930 7.312627 0.850465
-1.453492 7.274803 0.573708
-1.263755 6.979809 0.107593
-1.253192 6.966102 0.073339
-1.354269 7.328478 0.282114
-1.449344 7.349143 0.534355
-1.463207 7.366040 0.570351
-1.358423 7.254176 0.321477
-1.248826 7.136332 0.052433
-1.373424 7.184038 0.346455
-1.667118 7.426376 1.076122
-1.241776 6.960577 0.047693
-1.245633 7.126678 0.016361
-1.373589 7.189338 0.358333
-1.258397 7.146741 0.067045
-1.559529 7.395637 0.817777
-1.436011 7.430488 0.499691
-1.306411 7.041567 0.227934
-1.376928 7.120108 0.396886
-1.303645 7.114964 0.173914
-1.388753 7.379537 0.354805
-1.284842 7.270632 0.114955
-1.363927 7.101563 0.334781
-1.459281 7.292828 0.558881
-1.559823 7.407524 0.807250
-1.314307 7.307904 0.179668
-1.258010 7.081082 0.069606
-1.241550 7.233836 -0.001155
-1.290248 7.035682 0.165018
-1.248487 7.242752 0.015417
-1.266554 7.261787 0.055621
-1.255196 7.080175 0.060545
-1.291648 7.206521 0.144664
-1.238008 7.065045 0.026513
-1.440627 7.212433 0.548202
-1.379322 7.303929 0.338689
-1.456987 7.239794 0.594948
-1.302606 7.146379 0.175324
-1.311972 7.234114 0.161715
-1.452532 7.316851 0.559268
-1.558696 7.353519 0.835990
-1.546997 7.335540 0.789841
-1.347716 7.372994 0.269154
-1.246696 7.006589 0.053865
-1.255424 7.020529 0.088887
-1.461272 7.409111 0.555879
-1.441972 7.391977 0.522594
-1.361773 7.300203 0.303087
-1.677338 7.482960 1.102489
-1.372095 7.226594 0.328337
-1.255545 7.182421 0.026381
-1.553168 7.436562 0.806443
-1.365102 7.230053 0.344502
-1.656868 7.466521 1.061013
-1.231675 7.000596 0.030158
-1.238899 7.169882 -0.001904
-1.263283 7.193060 0.041761
-1.307514 7.083397 0.205401
-1.376571 7.161647 0.378798
-1.298790 7.157050 0.155292
-1.387576 7.425209 0.338724
-1.285005 7.317486 0.096472
-1.353678 7.142523 0.319281
-1.459191 7.336610 0.540797
-1.316761 7.354945 0.158794
-1.560042 7.451717 0.792436
-1.284198 7.075655 0.146767
-1.239099 7.280112 -0.020530
-1.252711 7.123676 0.049749
-1.265015 7.307956 0.035861
-1.247810 7.289719 -0.005131
-1.293826 7.251337 0.123781
-1.252125 7.122934 0.040748
-1.235404 7.108210 0.005099
-1.444147 7.256685 0.528185
-1.376498 7.348012 0.321745
-1.456547 7.281338 0.579295
-1.559087 7.394963 0.822394
-1.304763 7.276922 0.145055
-1.454545 7.361698 0.543281
-1.295398 7.189198 0.158677
-1.348716 7.419733 0.252722
-1.545510 7.379064 0.773759
-1.465001 7.455554 0.538301
-1.441633 7.437548 0.508577
-1.249845 7.060900 0.069015
-1.238891 7.046787 0.033933
-1.358489 7.343870 0.287758
-1.364933 7.268513 0.312088
-1.247769 7.226637 0.010532
-1.365887 7.274606 0.325624
-1.254309 7.235162 0.026274
-1.233365 7.215194 -0.020544
-1.229198 7.042863 0.006708
-1.304492 7.125261 0.186011
-1.372155 7.203238 0.361406
-1.292105 7.199355 0.137426
-1.283395 7.363640 0.079149
-1.351506 7.185206 0.299098
-1.451945 7.378541 0.526987
-1.312975 7.400022 0.141811
-1.251416 7.167117 0.028768
-1.237972 7.327589 -0.042324
-1.243980 7.335691 -0.022517
-1.263025 7.354637 0.014853
-1.282107 7.118328 0.124138
-1.252731 7.166159 0.016550
-1.284268 7.294874 0.109096
-1.235899 7.153265 -0.019906
-1.369732 7.390313 0.306304
-1.441776 7.301216 0.509633
-1.458744 7.324369 0.561670
-1.563426 7.438173 0.807272
-1.301445 7.322413 0.126462
-1.295407 7.232931 0.138134
-1.449470 7.404711 0.529122
-1.542193 7.422806 0.758434
-1.354177 7.389480 0.271993
-1.245929 7.103788 0.047151
-1.232286 7.089095 0.013626
-1.369214 7.315351 0.290449
-1.245445 7.272009 -0.010893
-1.360897 7.317604 0.309019
-1.252843 7.281339 0.004059
-1.230184 7.259758 -0.041181
-1.226723 7.085118 -0.016755
-1.365910 7.245049 0.344771
-1.296495 7.167292 0.167701
-1.280361 7.411339 0.060559
-1.292522 7.244409 0.114857
-1.452139 7.424534 0.508899
-1.309936 7.447728 0.123218
-1.348758 7.229306 0.279713
-1.231918 7.373384 -0.059784
-1.238783 7.382292 -0.040766
-1.246064 7.210609 0.008482
-1.255134 7.400668 -0.001839
-1.276750 7.161841 0.103864
-1.283066 7.342357 0.089746
-1.243716 7.210106 -0.002199
-1.226944 7.196290 -0.038252
-1.367193 7.436608 0.289356
-1.452415 7.366188 0.547470
-1.437111 7.345555 0.493453
-1.450513 7.450572 0.513090
-1.295901 7.367728 0.107794
-1.294331 7.279520 0.116750
-1.352035 7.436163 0.255871
-1.247398 7.147816 0.022160
-1.232390 7.133756 -0.012213
-1.362858 7.358973 0.272983
-1.241687 7.317993 -0.030733
-1.362883 7.364252 0.289753
-1.229583 7.306719 -0.064196
-1.245476 7.326865 -0.013840
-1.362357 7.287428 0.326566
-1.221446 7.128623 -0.039482
-1.301437 7.212699 0.142807
-1.282515 7.288465 0.098928
-1.348704 7.273970 0.258758
-1.233766 7.423639 -0.083142
-1.257035 7.450014 -0.024794
-1.243263 7.434039 -0.066087
-1.241517 7.255812 -0.013010
-1.286853 7.390579 0.066439
-1.243693 7.255652 -0.026017
-1.276326 7.207017 0.079228
-1.227387 7.242239 -0.063688
-1.454953 7.410511 0.530247
-1.432053 7.389491 0.476431
-1.293909 7.414409 0.086768
-1.283127 7.321457 0.101176
-1.239822 7.191139 0.001807
-1.239648 7.365571 -0.052164
-1.230720 7.177714 -0.036893
-1.353755 7.402930 0.256655
-1.358178 7.409461 0.273143
-1.223601 7.352522 -0.084111
-1.244816 7.374738 -0.037275
-1.364866 7.333571 0.306086
-1.217088 7.172002 -0.062607
-1.295163 7.256317 0.122894
-1.283682 7.336134 0.074735
-1.343618 7.319719 0.238476
-1.241438 7.302266 -0.037246
-1.277988 7.437644 0.049710
-1.238232 7.300956 -0.047139
-1.270058 7.250624 0.059311
-1.221534 7.287142 -0.085640
-1.453770 7.456203 0.514143
-1.437001 7.438963 0.455616
-1.283773 7.369631 0.078188
-1.239870 7.236698 -0.024464
-1.239736 7.416065 -0.077210
-1.354332 7.455463 0.255731
-1.224473 7.222232 -0.059666
-1.352488 7.451339 0.236877
-1.245481 7.423808 -0.063130
-1.223297 7.402618 -0.109986
-1.360287 7.377880 0.287432
-1.214971 7.216466 -0.088535
-1.286595 7.299746 0.105355
-1.279468 7.382644 0.053642
-1.342538 7.366310 0.217070
-1.236780 7.349279 -0.059574
-1.234955 7.348260 -0.071471
-1.265974 7.296234 0.036184
-1.217796 7.334034 -0.108353
-1.284759 7.419103 0.055610
-1.234482 7.282012 -0.048040
-1.221778 7.268116 -0.084798
-1.216289 7.450346 -0.130354
-1.360910 7.425147 0.267289
-1.205980 7.261312 -0.110170
-1.284679 7.346441 0.081876
-1.277890 7.430631 0.030574
-1.338654 7.414151 0.196396
-1.233843 7.397886 -0.083495
-1.228468 7.395490 -0.093046
-1.264922 7.343717 0.011912
-1.213552 7.382352 -0.132720
-1.229434 7.328627 -0.071205
-1.218578 7.315425 -0.111583
-1.203697 7.308503 -0.137341
-1.279157 7.392665 0.060325
-1.333856 7.462095 0.176092
-1.229076 7.446709 -0.106662
-1.226857 7.445290 -0.119389
-1.205702 7.430201 -0.155160
-1.258896 7.391366 -0.011284
-1.229783 7.377303 -0.100350
-1.214406 7.363751 -0.138404
-1.275750 7.440877 0.038011
-1.202219 7.357398 -0.165719
-1.256818 7.440772 -0.036011
-1.216552 7.424010 -0.119684
-1.207941 7.411888 -0.162853
-1.191697 7.405594 -0.189465
-1.604624 6.718601 1.072698
-1.546930 6.761415 1.057370
-1.524904 6.699395 0.922697
-1.626832 6.815647 1.157635
-1.471758 6.675873 0.807685
-1.527746 6.734132 0.906570
-1.584654 6.798223 1.040645
-1.562778 6.747682 1.093550
-1.622008 6.851972 1.140794
-1.623556 6.779293 1.154564
-1.429729 6.659760 0.696010
-1.466233 6.714574 0.793676
-1.528660 6.771891 0.889966
-1.582786 6.837287 1.024751
-1.522297 6.698611 0.900546
-1.619486 6.886586 1.124863
-1.590269 6.783751 1.075994
-1.625978 6.742499 1.154990
-1.622801 6.815473 1.137073
-1.585123 6.739803 1.127562
-1.427489 6.697551 0.679682
-1.396273 6.657015 0.576551
-1.468428 6.753517 0.777128
-1.490834 6.697294 0.828568
-1.524265 6.807708 0.874367
-1.526527 6.734534 0.882031
-1.582269 6.875689 1.009731
-1.618251 6.922372 1.108991
-1.619862 6.699750 1.152593
-1.590305 6.820712 1.060174
-1.618511 6.851282 1.119029
-1.624405 6.778823 1.135423
-1.600575 6.774478 1.110325
-1.390411 6.649787 0.489265
-1.443009 6.733185 0.659587
-1.423547 6.662332 0.669221
-1.369226 6.698419 0.570245
-1.479753 6.790195 0.759727
-1.467307 6.736859 0.815459
-1.522995 6.844432 0.858085
-1.501195 6.686211 0.863707
-1.329227 6.641234 0.408278
-1.619679 6.957748 1.094455
-1.522594 6.771668 0.864412
-1.512047 6.698514 0.878081
-1.578610 6.914107 0.994993
-1.616551 6.736353 1.131321
-1.585854 6.858353 1.043765
-1.616852 6.887601 1.101916
-1.612077 6.814936 1.116232
-1.603403 6.810121 1.093800
-1.313712 6.637225 0.365954
-1.346434 6.693216 0.488806
-1.569372 6.760943 1.145793
-1.439897 6.770193 0.644044
-1.411308 6.701608 0.654532
-1.378813 6.735396 0.551138
-1.474220 6.829821 0.745322
-1.395337 6.681427 0.600703
-1.496747 6.772681 0.794716
-1.518088 6.880774 0.843698
-1.482691 6.724576 0.849985
-1.615339 6.992635 1.079275
-1.510433 6.669369 0.900826
-1.519982 6.809058 0.847259
-1.571810 6.952543 0.980539
-1.509528 6.735917 0.858478
-1.582755 6.895333 1.028230
-1.611379 6.774143 1.110387
-1.612576 6.923416 1.083879
-1.609994 6.851788 1.097877
-1.288128 6.645104 0.291790
-1.293600 6.651430 0.303065
-1.335683 6.631296 0.438761
-1.603975 6.846562 1.076778
-1.372531 6.728706 0.462612
-1.612784 6.792349 1.128884
-1.439911 6.808106 0.627819
-1.431988 6.735136 0.631788
-1.394114 6.657351 0.455543
-1.397431 6.772855 0.529955
-1.397213 6.718163 0.584139
-1.405521 6.666648 0.644810
-1.495874 6.809798 0.779270
-1.479983 6.869135 0.729340
-1.510533 6.917534 0.827980
-1.502715 6.759520 0.830488
-1.613599 7.028947 1.064618
-1.408420 6.670881 0.634319
-1.577174 6.698754 0.875063
-1.496516 6.692472 0.850069
-1.311644 6.720557 0.384907
-1.513339 6.845682 0.831168
-1.507441 6.772791 0.840120
-1.580976 6.932569 1.013162
-1.570760 6.992389 0.966328
-1.610044 6.958955 1.067550
-1.599521 6.811580 1.089179
-1.605294 6.888136 1.078599
-1.600517 6.882236 1.060817
-1.297260 6.683546 0.271033
-1.612635 6.826181 1.111009
-1.284253 6.692540 0.292178
-1.370708 6.766901 0.447128
-1.313660 6.714941 0.332678
-1.439964 6.845102 0.612004
-1.431610 6.772666 0.614728
-1.341877 6.701997 0.458428
-1.398206 6.812469 0.514993
-1.299709 6.642634 0.318828
-1.422988 6.702030 0.621530
-1.405859 6.756186 0.565000
-1.491827 6.847851 0.763699
-1.282761 6.633161 0.296448
-1.468592 6.908266 0.716742
-1.510103 6.954118 0.813784
-1.501059 6.795864 0.813374
-1.611866 7.065260 1.049964
-1.497290 6.740788 0.866999
-1.401243 6.708046 0.619428
-1.357247 6.633773 0.456419
-1.507128 6.881777 0.816320
-1.413260 6.654748 0.668396
-1.336769 6.758018 0.358274
-1.503061 6.729451 0.828798
-1.508905 6.810038 0.822321
-1.610143 6.995001 1.052151
-1.582353 6.969790 0.997818
-1.571980 7.031436 0.952620
-1.602337 6.924210 1.061029
-1.591716 6.916890 1.045453
-1.598858 6.848701 1.068844
-1.601142 6.862162 1.093901
-1.287559 6.723352 0.259723
-1.328348 6.708238 0.409271
-1.367085 6.804448 0.432796
-1.290669 6.730464 0.272946
-1.320078 6.752859 0.313447
-1.435924 6.883167 0.596435
-1.354158 6.658467 0.445334
-1.432158 6.810062 0.597300
-1.362635 6.736462 0.432832
-1.394000 6.852369 0.501057
-1.420411 6.738525 0.604786
-1.408111 6.794227 0.548869
-1.395042 6.661304 0.612918
-1.488181 6.886292 0.748966
-1.511517 6.990435 0.798848
-1.303450 6.693390 0.326080
-1.469383 6.947866 0.701789
-1.502984 6.831663 0.797226
-1.609252 7.100791 1.036091
-1.396935 6.664123 0.422599
-1.418225 6.743027 0.597764
-1.511911 6.776541 0.847286
-1.511756 6.919009 0.798249
-1.406611 6.691393 0.652299
-1.505058 6.845347 0.805526
-1.337155 6.797257 0.342479
-1.498749 6.766210 0.810351
-1.609824 7.031579 1.035514
-1.574682 7.007446 0.984149
-1.567828 7.070384 0.939103
-1.312249 6.632885 0.331992
-1.595853 6.953708 1.028996
-1.598076 6.960033 1.042999
-1.301716 6.634892 0.334833
-1.600480 6.896519 1.077237
-1.293375 6.620234 0.295222
-1.590591 6.885602 1.048606
-1.290700 6.762198 0.242813
-1.338051 6.745233 0.387723
-1.294305 6.769710 0.254424
-1.368890 6.843946 0.415020
-1.431397 6.920837 0.582482
-1.315871 6.792775 0.299508
-1.364776 6.695325 0.423413
-1.428088 6.849050 0.581325
-1.359509 6.774410 0.416888
-1.393479 6.891733 0.485639
-1.422374 6.776190 0.585375
-1.508839 7.027822 0.784159
-1.408109 6.833068 0.532243
-1.485462 6.924603 0.733865
-1.288289 6.720666 0.289587
-1.608845 7.137358 1.021906
-1.281054 6.709336 0.262289
-1.396603 6.698589 0.592669
-1.470607 6.986934 0.688081
-1.314566 6.730653 0.302548
-1.492648 6.869750 0.782217
-1.349488 6.647006 0.475763
-1.510295 6.811967 0.830582
-1.347991 6.707860 0.423169
-1.410112 6.781248 0.582843
-1.505528 6.956027 0.783002
-1.414570 6.725888 0.632715
-1.328392 6.836925 0.330806
-1.500237 6.882630 0.788292
-1.351593 6.632770 0.421466
-1.603607 7.068578 1.020273
-1.501634 6.803725 0.790571
-1.576437 7.045974 0.969239
-1.587429 6.989673 1.014066
-1.597594 6.930759 1.060484
-1.564046 7.110637 0.926017
-1.599566 6.997264 1.025213
-1.587218 6.922213 1.029798
-1.345367 6.783932 0.367719
-1.362526 6.881899 0.401809
-1.294311 6.802361 0.223887
-1.299260 6.809204 0.236369
-1.428685 6.959158 0.567384
-1.314954 6.831768 0.283254
-1.300696 6.623496 0.352744
-1.342385 6.735173 0.415670
-1.424583 6.886600 0.564554
-1.359116 6.812875 0.399428
-1.387483 6.930986 0.472859
-1.503968 7.064175 0.769788
-1.605720 7.173411 1.009245
-1.416631 6.813624 0.568509
-1.484982 6.963030 0.718860
-1.408116 6.871910 0.515621
-1.300725 6.758182 0.266521
-1.410542 6.733598 0.568840
-1.296740 6.746848 0.236496
-1.493637 6.906604 0.766040
-1.312333 6.769397 0.285828
-1.390071 6.678138 0.441168
-1.504616 6.847546 0.814533
-1.467346 7.026687 0.673786
-1.415657 6.818366 0.564399
-1.349955 6.745540 0.403758
-1.502458 6.993031 0.767479
-1.421555 6.762352 0.612692
-1.603727 7.104627 1.004883
-1.496342 6.919781 0.770690
-1.326037 6.876572 0.316132
-1.576393 7.083852 0.955482
-1.493269 6.840640 0.772781
-1.594189 6.965522 1.044940
-1.584362 7.026660 0.998545
-1.597025 7.033729 1.008487
-1.295850 6.711201 0.303776
-1.565653 7.150990 0.912748
-1.307966 6.710399 0.293649
-1.281701 6.696980 0.263109
-1.583853 6.958827 1.010993
-1.341727 6.822406 0.352986
-1.288836 6.841114 0.209897
-1.359783 6.921153 0.386303
-1.295593 6.848605 0.221230
-1.429129 6.997462 0.552009
-1.306725 6.870922 0.270379
-1.361813 6.636204 0.267866
-1.357596 6.652775 0.305332
-1.349837 6.772966 0.393628
-1.423710 6.924655 0.548714
-1.358731 6.851341 0.381971
-1.602177 7.209998 0.995346
-1.504816 7.102850 0.755254
-1.284544 6.640926 0.276954
-1.389177 6.971386 0.457133
-1.484509 7.001459 0.703858
-1.412176 6.852232 0.551703
-1.307262 6.796114 0.244850
-1.399891 6.911045 0.502750
-1.415269 6.770864 0.548318
-1.503902 6.883762 0.797058
-1.491847 6.944780 0.750573
-1.293562 6.786649 0.219742
-1.306431 6.808681 0.270596
-1.350325 6.720545 0.438031
-1.468554 7.066673 0.659678
-1.408872 6.856844 0.549948
-1.352846 6.783085 0.383980
-1.501202 7.030684 0.750810
-1.425790 6.799217 0.593785
-1.600149 7.142133 0.990575
-1.590367 7.000820 1.028157
-1.578557 7.122765 0.941414
-1.344229 6.708449 0.384220
-1.319096 6.916894 0.303317
-1.493737 6.958104 0.753148
-1.588388 7.064386 0.984139
-1.488001 6.879379 0.753901
-1.592623 7.071383 0.992100
-1.564149 7.190443 0.900168
-1.303797 6.749402 0.280120
-1.305342 6.748760 0.276096
-1.290597 6.734129 0.239489
-1.287375 6.881552 0.194447
-1.581776 6.996612 0.992249
-1.338558 6.862198 0.336238
-1.357936 6.961192 0.370023
-1.424594 7.036054 0.537660
-1.289044 6.889319 0.209249
-1.309468 6.910295 0.252240
-1.311334 6.680608 0.272463
-1.419300 6.962343 0.532321
-1.292841 6.698800 0.317111
-1.347614 6.811705 0.376913
-1.603466 7.248121 0.982062
-1.505279 7.141139 0.739889
-1.355535 6.892050 0.364818
-1.380442 7.011048 0.445474
-1.409599 6.889654 0.534565
-1.482176 7.041077 0.689196
-1.503588 6.920364 0.780421
-1.398469 6.950544 0.487711
-1.299004 6.836190 0.231569
-1.490095 6.982039 0.735515
-1.309695 6.847536 0.251249
-1.293149 6.826047 0.201879
-1.409078 6.809754 0.529807
-1.354136 6.757957 0.417882
-1.464784 7.106948 0.646596
-1.408526 6.894383 0.532902
-1.347052 6.822375 0.366304
-1.502548 7.069759 0.734664
-1.425964 6.836233 0.575531
-1.599334 7.179236 0.975156
-1.590095 7.036488 1.011933
-1.586678 7.100708 0.969495
-1.573511 7.161850 0.928279
-1.324046 6.957298 0.284867
-1.493370 6.996545 0.735701
-1.341678 6.747736 0.363814
-1.485890 6.918103 0.734747
-1.592298 7.108886 0.975067
-1.304856 6.787224 0.261086
-1.558948 7.231355 0.888671
-1.302333 6.786736 0.257712
-1.285224 6.772899 0.223052
-1.282278 6.921613 0.180891
-1.420986 7.074513 0.522943
-1.334903 6.901594 0.321105
-1.353372 7.000717 0.355266
-1.581939 7.034515 0.973600
-1.283029 6.929515 0.196066
-1.307099 6.950864 0.237166
-1.419330 7.001183 0.515710
-1.296768 6.720720 0.259736
-1.600724 7.285480 0.969838
-1.298623 6.735048 0.294178
-1.341754 6.850065 0.362094
-1.513329 7.180554 0.724026
-1.350603 6.930273 0.349631
-1.274439 6.717042 0.240827
-1.382152 7.051447 0.429756
-1.496063 6.957138 0.764716
-1.406079 6.928131 0.517394
-1.393935 6.989145 0.473362
-1.482082 7.080810 0.674630
-1.489238 7.020083 0.719683
-1.296237 6.876378 0.215658
-1.284010 6.865344 0.189379
-1.354804 6.795386 0.398015
-1.403319 6.848115 0.512541
-1.304698 6.887606 0.235246
-1.458297 7.146711 0.635038
-1.408550 6.933227 0.516288
-1.494513 7.107055 0.720173
-1.339851 6.861404 0.350615
-1.598890 7.217642 0.960169
-1.418795 6.874327 0.560250
-1.587993 7.072425 0.996455
-1.580876 7.138104 0.955098
-1.569421 7.199884 0.915183
-1.318041 6.997488 0.271688
-1.489892 7.034087 0.718944
-1.336834 6.785975 0.346174
-1.586993 7.146678 0.959058
-1.481062 6.956315 0.717116
-1.300411 6.825857 0.244282
-1.560054 7.272227 0.876618
-1.296938 6.826424 0.240873
-1.286785 6.811123 0.202407
-1.421422 7.113735 0.507172
-1.354720 7.039816 0.339120
-1.334011 6.940585 0.304862
-1.279521 6.961801 0.164985
-1.286674 6.969673 0.177154
-1.303427 6.991184 0.221632
-1.577092 7.073626 0.955569
-1.603338 7.323853 0.957024
-1.507436 7.217951 0.712079
-1.413462 7.040448 0.500494
-1.339153 6.888420 0.344551
-1.297012 6.758694 0.238626
-1.304350 6.773132 0.270436
-1.346535 6.970200 0.333263
-1.497076 6.993994 0.748549
-1.382951 7.091980 0.414412
-1.286204 6.753801 0.213651
-1.473919 7.119018 0.662180
-1.400760 6.965961 0.501377
-1.485633 7.058533 0.704969
-1.394335 7.029293 0.457181
-1.293084 6.916180 0.198916
-1.283219 6.904356 0.170688
-1.350887 6.833490 0.380007
-1.299739 6.926758 0.219654
-1.468463 7.189921 0.617643
-1.402132 6.886724 0.493016
-1.404514 6.972225 0.500328
-1.494066 7.145482 0.705183
-1.596646 7.255401 0.946334
-1.418984 6.911345 0.542003
-1.584059 7.108634 0.981722
-1.340898 6.900138 0.331182
-1.577707 7.176003 0.941631
-1.571970 7.240101 0.901553
-1.319362 7.037511 0.255136
-1.486815 7.072015 0.703024
-1.334330 6.824347 0.326182
-1.593708 7.186750 0.942329
-1.484378 6.994220 0.698188
-1.292691 6.865418 0.229801
-1.560219 7.314152 0.864534
-1.288856 6.864681 0.225964
-1.411953 7.151703 0.494260
-1.352009 7.079071 0.323628
-1.282315 6.850679 0.185200
-1.276773 7.001989 0.149082
-1.333067 6.981413 0.287810
-1.284319 7.010245 0.162087
-1.304325 7.031743 0.203840
-1.573203 7.111686 0.937578
-1.605011 7.363276 0.944177
-1.499814 7.255632 0.698431
-1.408550 7.078660 0.485317
-1.334197 6.927568 0.328961
-1.294508 6.797073 0.218634
-1.304604 6.811105 0.249331
-1.345263 7.008802 0.316191
-1.496753 7.031518 0.731515
-1.381891 7.133702 0.399409
-1.476041 7.159784 0.647306
-1.477998 7.096220 0.691314
-1.283700 6.792183 0.193659
-1.395662 7.069305 0.440633
-1.399982 7.004953 0.482693
-1.286688 6.955992 0.184904
-1.278630 6.944818 0.155526
-1.297121 6.966039 0.201710
-1.346452 6.872116 0.363208
-1.469147 7.231342 0.604349
-1.395953 7.010064 0.487040
-1.495433 7.184555 0.689047
-1.592701 7.145684 0.965469
-1.393633 6.925494 0.476871
-1.589947 7.292932 0.932318
-1.332825 6.938388 0.316278
-1.408681 6.949464 0.527008
-1.583044 7.214895 0.927294
-1.572690 7.280586 0.888670
-1.318299 7.079245 0.240130
-1.489984 7.111741 0.685737
-1.327695 6.861941 0.309698
-1.587499 7.224679 0.926699
-1.427243 7.193717 0.473805
-1.295157 6.904424 0.208387
-1.476810 7.032839 0.681678
-1.562593 7.357108 0.852139
-1.293129 6.904335 0.203400
-1.349244 7.120162 0.307326
-1.278772 6.890101 0.167624
-1.279453 7.044118 0.129736
-1.324479 7.020185 0.274116
-1.285193 7.051725 0.143889
-1.298861 7.071414 0.189462
-1.602683 7.401020 0.932797
-1.570633 7.149997 0.920053
-1.505100 7.296367 0.683284
-1.409461 7.119202 0.467532
-1.331057 6.967366 0.312224
-1.289255 6.835859 0.199759
-1.301584 6.850003 0.230549
-1.342130 7.048594 0.299458
-1.489644 7.068684 0.716655
-1.481595 7.135414 0.675270
-1.375388 7.174401 0.387449
-1.475021 7.200572 0.632714
-1.276116 6.830843 0.177138
-1.389284 7.109097 0.426630
-1.392811 7.043975 0.467018
-1.283551 6.995796 0.168169
-1.272736 6.985031 0.139904
-1.588782 7.181894 0.950742
-1.339793 6.910629 0.346321
-1.589393 7.332245 0.919381
-1.491822 7.223920 0.673937
-1.464854 7.273056 0.592080
-1.292118 7.007031 0.185312
-1.394133 7.050099 0.470772
-1.404685 6.987545 0.511459
-1.386950 6.964917 0.459580
-1.334775 6.977905 0.296074
-1.580777 7.253577 0.913056
-1.570269 7.321092 0.876069
-1.317739 7.121375 0.223515
-1.480623 7.149713 0.670383
-1.325570 6.901620 0.290142
-1.423109 7.233613 0.459900
-1.587042 7.264007 0.911312
-1.291623 6.943843 0.190815
-1.348355 7.160063 0.290691
-1.562249 7.399551 0.841268
-1.475095 7.072873 0.662966
-1.289202 6.943370 0.184995
-1.273926 6.929275 0.149589
-1.603845 7.440962 0.921162
-1.281222 7.086380 0.110764
-1.325752 7.062046 0.256757
-1.289689 7.094496 0.123398
-1.301522 7.114455 0.169714
-1.506325 7.337257 0.668792
-1.576016 7.190741 0.902459
-1.404040 7.157937 0.453568
-1.321554 7.006276 0.298903
-1.295845 6.888390 0.213290
-1.284930 6.874511 0.180516
-1.488811 7.106729 0.700834
-1.339893 7.089170 0.281952
-1.481132 7.174762 0.659880
-1.385115 7.219068 0.368412
-1.474403 7.241743 0.618961
-1.275960 6.869354 0.154798
-1.397398 7.083979 0.447748
-1.386004 7.150705 0.411539
-1.584315 7.219543 0.936819
-1.279474 7.036655 0.151402
-1.595085 7.373350 0.905076
-1.487723 7.262889 0.660442
-1.288990 7.046834 0.168581
-1.270071 7.026154 0.121153
-1.335374 6.949258 0.329529
-1.396914 7.089455 0.452652
-1.462770 7.315801 0.579501
-1.406148 7.026653 0.492872
-1.582454 7.293008 0.900211
-1.390744 7.004155 0.438637
-1.327607 7.016941 0.280400
-1.571369 7.362879 0.863621
-1.320830 7.163876 0.205012
-1.481941 7.190627 0.653439
-1.419477 7.273906 0.444386
-1.583473 7.302438 0.896615
-1.324898 6.940642 0.269012
-1.563195 7.443160 0.830458
-1.283504 6.983943 0.175104
-1.355954 7.204632 0.269115
-1.469773 7.111611 0.646555
-1.282001 6.983334 0.168912
-1.278437 7.128402 0.094059
-1.322106 7.102362 0.241235
-1.271783 6.969880 0.129631
-1.281847 7.135882 0.110568
-1.300577 7.156199 0.152268
-1.500401 7.376491 0.656045
-1.572907 7.230491 0.885741
-1.409893 7.200017 0.433954
-1.330281 7.047065 0.276129
-1.487985 7.144775 0.685015
-1.277330 6.914093 0.163596
-1.291499 6.927961 0.193645
-1.335828 7.130016 0.265191
-1.481041 7.215414 0.644921
-1.378598 7.260684 0.356053
-1.469755 7.282154 0.606268
-1.384992 7.191507 0.396950
-1.582610 7.256788 0.921784
-1.591002 7.412298 0.891590
-1.398814 7.124921 0.428355
-1.267442 6.909074 0.138249
-1.285418 7.078771 0.129335
-1.487217 7.304068 0.644246
-1.273290 7.067762 0.100606
-1.290373 7.088710 0.148778
-1.393273 7.129760 0.437133
-1.463813 7.359440 0.566240
-1.339665 6.988904 0.306975
-1.578366 7.331961 0.886723
-1.400825 7.065406 0.476459
-1.385914 7.043308 0.420611
-1.326787 7.057784 0.260910
-1.568467 7.402987 0.852639
-1.313916 7.205119 0.191816
-1.485073 7.232185 0.635350
-1.418418 7.316533 0.428990
-1.581164 7.342955 0.881572
-1.317307 6.980216 0.252096
-1.348650 7.245482 0.255086
-1.605719 6.696327 1.120836
-1.600391 6.733092 1.102324
-1.600222 6.695756 1.102169
-1.608160 6.782400 1.146330
-1.509773 6.673534 0.892992
-1.597725 6.769464 1.085141
-1.492968 6.675631 0.848191
-1.599913 6.731324 1.083039
-1.610289 6.821250 1.129305
-1.505592 6.712408 0.876550
-1.600170 6.693449 1.084135
-1.587416 6.806519 1.067662
-1.496555 6.712893 0.830020
-1.593237 6.768745 1.063658
-1.527017 6.697298 0.913405
-1.603888 6.860001 1.112781
-1.584785 6.841979 1.050902
-1.587683 6.731279 1.063715
-1.506756 6.752307 0.859489
-1.488522 6.675820 0.823848
-1.539226 6.687189 0.949863
-1.621714 6.846342 1.148250
-1.405032 6.658473 0.624709
-1.492444 6.749938 0.814414
-1.410122 6.668621 0.641571
-1.582534 6.805410 1.045350
-1.520643 6.735135 0.897297
-1.585829 6.686514 1.059468
-1.604187 6.899130 1.096498
-1.586193 6.878211 1.033053
-1.540847 6.672345 0.988816
-1.585997 6.768425 1.043290
-1.489883 6.712963 0.805587
-1.499827 6.791595 0.844164
-1.411575 6.655572 0.682146
-1.533375 6.724493 0.932554
-1.333057 6.624760 0.465331
-1.617189 6.883913 1.131390
-1.409535 6.695602 0.606160
-1.484757 6.787519 0.797849
-1.416302 6.707320 0.623889
-1.481324 6.676404 0.800621
-1.583511 6.842161 1.026254
-1.513319 6.774027 0.881143
-1.575149 6.724995 1.037877
-1.331424 6.635481 0.457411
-1.437058 6.643034 0.714633
-1.602652 6.938531 1.080958
-1.543687 6.707907 0.969396
-1.583932 6.914987 1.016693
-1.581163 6.805585 1.023155
-1.485832 6.750913 0.787113
-1.427002 6.691078 0.661570
-1.496050 6.830872 0.828547
-1.405518 6.662031 0.595207
-1.530675 6.761787 0.914952
-1.338473 6.661751 0.446412
-1.619393 6.920936 1.115195
-1.408569 6.732632 0.590266
-1.488817 6.823349 0.781333
-1.415302 6.745267 0.607576
-1.576357 6.879212 1.008482
-1.476876 6.713958 0.781318
-1.513248 6.811841 0.864452
-1.340547 6.671008 0.437417
-1.573951 6.762525 1.015832
-1.440647 6.680300 0.696456
-1.598956 6.975979 1.066171
-1.578590 6.949947 1.001459
-1.543775 6.743876 0.951093
-1.270002 6.619305 0.301555
-1.285309 6.635651 0.335914
-1.570463 6.842253 1.004844
-1.292353 6.640063 0.332871
-1.339913 6.651443 0.483286
-1.480376 6.788616 0.770630
-1.498606 6.869203 0.812767
-1.425969 6.729941 0.644839
-1.405560 6.698912 0.576492
-1.469387 6.669576 0.771139
-1.526176 6.798438 0.898513
-1.348842 6.699365 0.426037
-1.611724 6.958522 1.098621
-1.480646 6.860548 0.766385
-1.410323 6.770167 0.572833
-1.439637 6.664942 0.734499
-1.320068 6.646714 0.433531
-1.410995 6.785071 0.593163
-1.570586 6.914691 0.992000
-1.476927 6.750841 0.762599
-1.509112 6.849805 0.848422
-1.345014 6.709046 0.418451
-1.566853 6.800478 0.995194
-1.434270 6.718138 0.680349
-1.389213 6.666703 0.569562
-1.356820 6.642458 0.512150
-1.288973 6.626845 0.358963
-1.599658 7.015502 1.050712
-1.573614 6.986219 0.986634
-1.537568 6.779871 0.933369
-1.292921 6.673674 0.316659
-1.281771 6.657163 0.279190
-1.285390 6.621487 0.330673
-1.623836 6.945243 1.130603
-1.477745 6.824078 0.753864
-1.570130 6.878744 0.985290
-1.350839 6.687613 0.462126
-1.295898 6.678237 0.314279
-1.402363 6.735818 0.560513
-1.431793 6.767325 0.626742
-1.497982 6.908463 0.796857
-1.519414 6.835885 0.881571
-1.470842 6.706706 0.750427
-1.339015 6.617440 0.413195
-1.613967 6.994628 1.082842
-1.478379 6.897322 0.750028
-1.400705 6.808033 0.559463
-1.345842 6.739424 0.412084
-1.449292 6.699942 0.713297
-1.365675 6.627897 0.560777
-1.340658 6.681896 0.407023
-1.570163 6.951195 0.974893
-1.406692 6.824877 0.578749
-1.471961 6.788928 0.744495
-1.507209 6.887892 0.832474
-1.355399 6.629444 0.545663
-1.342141 6.748178 0.402466
-1.434714 6.755416 0.662458
-1.371585 6.608078 0.346656
-1.555725 6.837667 0.975636
-1.394241 6.703295 0.549809
-1.358730 6.678152 0.493106
-1.572706 7.022338 0.971145
-1.300383 6.663394 0.336185
-1.537694 6.814925 0.915481
-1.599840 7.055556 1.036452
-1.270218 6.646546 0.292281
-1.276570 6.696186 0.265574
-1.622534 6.980969 1.114284
-1.295516 6.712899 0.298021
-1.476360 6.861629 0.736715
-1.292176 6.659635 0.309342
-1.566161 6.914865 0.967644
-1.294370 6.716712 0.299170
-1.355309 6.725650 0.443158
-1.425814 6.805559 0.611461
-1.400018 6.774419 0.543324
-1.491889 6.947630 0.783601
-1.518102 6.871607 0.865258
-1.468232 6.743986 0.730377
-1.327123 6.656096 0.399329
-1.473757 6.934903 0.735616
-1.612473 7.033112 1.067716
-1.396958 6.846390 0.544265
-1.341136 6.778831 0.396844
-1.445275 6.736976 0.695240
-1.380922 6.662062 0.534891
-1.565676 6.987850 0.958447
-1.336993 6.720237 0.389381
-1.467982 6.825047 0.726854
-1.403308 6.864546 0.563961
-1.502193 6.925078 0.817233
-1.335634 6.786944 0.388389
-1.371042 6.664005 0.520605
-1.432441 6.792189 0.646103
-1.302542 6.657072 0.359975
-1.388384 6.740601 0.532500
-1.384224 6.594804 0.363942
-1.557194 6.874801 0.954916
-1.566419 7.058352 0.955861
-1.337666 6.718183 0.482967
-1.533721 6.851045 0.897837
-1.303014 6.701704 0.317964
-1.594282 7.094194 1.021988
-1.273642 6.636861 0.298983
-1.620317 7.016831 1.098337
-1.284869 6.683061 0.266764
-1.278198 6.644365 0.310124
-1.279166 6.735409 0.246935
-1.292120 6.752563 0.283238
-1.474061 6.899317 0.719938
-1.297685 6.696603 0.287972
-1.291496 6.755844 0.283186
-1.560814 6.952560 0.948704
-1.350605 6.765057 0.427917
-1.392725 6.812395 0.527587
-1.417051 6.845122 0.596879
-1.514922 6.908520 0.849270
-1.493501 6.987010 0.767771
-1.309999 6.624988 0.387451
-1.458804 6.781828 0.712107
-1.328046 6.693753 0.379822
-1.471857 6.972987 0.719666
-1.605636 7.070576 1.053214
-1.393667 6.886045 0.527027
-1.335389 6.819304 0.384005
-1.446674 6.773200 0.677393
-1.559877 7.024247 0.941543
-1.377354 6.700393 0.514798
-1.331369 6.759780 0.374513
-1.628527 6.993279 1.129843
-1.402679 6.903801 0.548053
-1.466169 6.863118 0.708457
-1.501575 6.964338 0.801320
-1.374757 6.700337 0.500395
-1.334601 6.825801 0.371656
-1.425153 6.830167 0.630364
-1.308053 6.694044 0.338603
-1.568142 7.094985 0.941281
-1.293250 6.647069 0.383766
-1.552796 6.911442 0.936022
-1.524800 6.886539 0.881646
-1.382428 6.780655 0.513934
-1.362294 6.754121 0.455373
-1.301546 6.741080 0.299986
-1.279151 6.673832 0.277612
-1.617151 7.053746 1.082343
-1.592634 7.134521 1.008471
-1.286982 6.680392 0.286432
-1.281076 6.722328 0.251153
-1.288238 6.791844 0.270074
-1.304047 6.614574 0.285548
-1.274852 6.775209 0.232524
-1.273908 6.621347 0.302747
-1.467301 6.936764 0.702994
-1.294415 6.735337 0.271158
-1.555014 6.988957 0.931801
-1.283514 6.796196 0.270266
-1.347342 6.803794 0.411100
-1.415144 6.883204 0.580932
-1.386284 6.852067 0.510639
-1.508958 6.946760 0.833982
-1.487412 7.026177 0.754513
-1.315670 6.660117 0.364467
-1.456594 6.819504 0.692882
-1.319795 6.732781 0.364043
-1.470909 7.010016 0.703761
-1.607296 7.109042 1.037795
-1.388123 6.923760 0.512990
-1.438106 6.810003 0.661616
-1.332036 6.858052 0.369636
-1.561170 7.061400 0.925717
-1.623685 7.028625 1.112983
-1.326791 6.798258 0.357241
-1.373265 6.739256 0.495906
-1.458095 6.900306 0.691058
-1.399696 6.943863 0.534090
-1.493811 7.001937 0.787194
-1.372933 6.738405 0.482004
-1.422850 6.867855 0.613588
-1.328066 6.865482 0.357158
-1.564487 7.131514 0.926907
-1.304389 6.732385 0.320960
-1.310818 6.681333 0.355513
-1.521228 6.923056 0.864828
-1.381559 6.817670 0.495586
-1.359066 6.791943 0.438973
-1.549252 6.949779 0.915917
-1.613103 7.089882 1.067138
-1.296840 6.780485 0.284745
-1.282396 6.711594 0.255739
-1.589708 7.173674 0.994915
-1.285152 6.718457 0.268044
-1.278691 6.761840 0.233547
-1.282094 6.831921 0.256407
-1.278355 6.656204 0.276859
-1.269624 6.815146 0.218485
-1.464088 6.974588 0.686587
-1.282262 6.657894 0.277808
-1.289708 6.774741 0.255918
-1.287986 6.834222 0.251296
-1.555447 7.027152 0.913480
-1.341758 6.842423 0.396647
-1.409568 6.921835 0.566476
-1.507618 6.983397 0.817246
-1.384864 6.890529 0.493073
-1.484441 7.066242 0.740544
-1.312097 6.698446 0.344374
-1.468129 7.047319 0.688600
-1.450681 6.858644 0.674730
-1.315738 6.770727 0.345569
-1.603975 7.147799 1.023410
-1.436327 6.847158 0.643638
-1.388019 6.962479 0.495878
-1.324062 6.898406 0.356712
-1.552622 7.098209 0.909929
-1.623308 7.064212 1.096287
-1.326282 6.836579 0.339304
-1.367899 6.776946 0.476974
-1.446748 6.938441 0.675977
-1.391369 6.982908 0.520751
-1.494511 7.041453 0.771734
-1.367079 6.775710 0.464692
-1.417831 6.905039 0.598348
-1.558570 7.168838 0.912030
-1.318813 6.904663 0.344196
-1.299288 6.771396 0.304889
-1.313183 6.718318 0.334430
-1.518575 6.959435 0.847636
-1.374758 6.856030 0.478227
-1.351219 6.831367 0.424019
-1.541676 6.987353 0.896892
-1.609023 7.126934 1.051514
-1.298526 6.819841 0.266475
-1.273622 6.751154 0.241162
-1.588461 7.214394 0.982225
-1.277818 6.757347 0.251891
-1.272671 6.800986 0.217850
-1.460877 7.012411 0.670179
-1.289253 6.871361 0.235481
-1.268953 6.855309 0.202162
-1.281205 6.693570 0.254156
-1.285525 6.813612 0.239475
-1.280523 6.695947 0.256971
-1.550536 7.064325 0.895783
-1.281844 6.874298 0.237627
-1.507990 7.020686 0.801793
-1.339813 6.881416 0.380283
-1.382595 6.927296 0.476714
-1.414813 6.961572 0.548737
-1.484588 7.107202 0.725866
-1.308040 6.736392 0.325901
-1.461681 7.085174 0.674929
-1.446244 6.896198 0.655420
-1.387464 6.999897 0.480802
-1.312963 6.809845 0.327131
-1.598458 7.185520 1.009360
-1.440450 6.883883 0.624249
-1.618503 7.098642 1.079842
-1.549457 7.135120 0.893934
-1.328905 6.937740 0.338148
-1.317517 6.876141 0.324723
-1.363883 6.813977 0.458915
-1.497082 7.079773 0.755945
-1.449008 6.976356 0.656914
-1.565123 7.207013 0.898023
-1.395177 7.023312 0.504586
-1.363028 6.813656 0.446215
-1.320936 6.943496 0.327169
-1.415896 6.944036 0.581979
-1.518189 6.995018 0.830943
-1.297464 6.809460 0.286497
-1.307257 6.757453 0.316283
-1.367504 6.893091 0.462905
-1.345764 6.869068 0.407534
-1.603540 7.163741 1.037882
-1.539846 7.026342 0.878069
-1.292511 6.858986 0.250775
-1.267208 6.789907 0.224636
-1.590365 7.255092 0.969243
-1.455866 7.049593 0.654934
-1.273239 6.795824 0.234619
-1.272126 6.840219 0.199496
-1.265168 6.894572 0.186546
-1.282196 6.911572 0.222184
-1.274392 6.731926 0.236802
-1.275546 6.734028 0.238871
-1.282194 6.854174 0.221821
-1.543791 7.101775 0.878831
-1.501115 7.059063 0.786873
-1.374790 6.965805 0.462174
-1.276193 6.914754 0.222338
-1.411043 7.000841 0.533114
-1.336002 6.921599 0.364246
-1.462053 7.122454 0.659476
-1.483457 7.146986 0.711150
-1.301719 6.775132 0.306925
-1.381893 7.038525 0.466343
-1.306588 6.847683 0.311020
-1.595537 7.224671 0.995801
-1.445320 6.935044 0.636228
-1.430020 6.921878 0.608796
-1.616261 7.135418 1.063470
-1.549805 7.173322 0.878058
-1.321854 6.977954 0.324848
-1.316061 6.915512 0.306738
-1.360752 6.851785 0.440063
-1.560524 7.244590 0.883600
-1.450352 7.014404 0.638222
-1.495951 7.119559 0.741228
-1.396755 7.063592 0.488337
-1.411765 6.981997 0.565945
-1.320797 6.983122 0.309639
-1.519051 7.032689 0.813869
-1.355706 6.852548 0.430057
-1.292856 6.848852 0.268804
-1.301368 6.795672 0.298553
-1.362938 6.931570 0.445626
-1.605241 7.201287 1.022878
-1.337037 6.907716 0.393368
-1.285976 6.898665 0.236276
-1.533984 7.064569 0.860325
-1.453056 7.087810 0.639353
-1.260795 6.828659 0.208108
-1.589123 7.295807 0.956550
-1.265590 6.879897 0.184998
-1.259030 6.934645 0.172876
-1.276027 6.835013 0.211076
-1.278779 6.952145 0.206976
-1.269258 6.771851 0.220313
-1.505524 7.097107 0.770337
-1.540594 7.139600 0.862416
-1.268036 6.771581 0.217409
-1.373376 7.004262 0.444604
-1.275229 6.894372 0.206075
-1.275132 6.954517 0.205183
-1.409507 7.040226 0.517572
-1.332226 6.960865 0.348625
-1.463674 7.161819 0.643640
-1.489351 7.189349 0.696673
-1.304089 6.812110 0.285838
-1.379960 7.077512 0.449973
-1.618517 7.171516 1.047682
-1.302934 6.886021 0.293371
-1.599278 7.265091 0.982072
-1.423659 6.959719 0.592678
-1.439448 6.973267 0.618490
-1.550550 7.211915 0.863010
-1.646465 7.205528 1.114637
-1.654430 7.277168 1.121305
-1.317955 7.018147 0.311258
-1.554158 7.280613 0.870758
-1.313723 6.954103 0.289544
-1.353920 6.891060 0.422284
-1.497054 7.159461 0.726593
-1.442160 7.052521 0.622848
-1.389750 7.102890 0.475450
-1.668860 7.346988 1.125768
-1.313420 7.021107 0.296346
-1.515486 7.069202 0.797045
-1.407636 7.019956 0.549910
-1.347105 6.890268 0.413860
-1.609537 7.240260 1.008365
-1.285926 6.888137 0.253476
-1.294563 6.834030 0.281195
-1.362011 6.970410 0.426436
-1.335586 6.947091 0.375381
-1.284520 6.938032 0.218292
-1.533993 7.103279 0.840753
-1.447983 7.126821 0.623269
-1.259857 6.867496 0.188923
-1.591758 7.339120 0.944386
-1.259577 6.919041 0.169297
-1.260688 6.974904 0.154184
-1.277198 6.992438 0.191022
-1.267782 6.874039 0.195293
-1.508066 7.136339 0.754126
-1.267525 6.809899 0.199472
-1.541827 7.178576 0.845747
-1.266303 6.809628 0.196567
-1.373244 7.043889 0.427070
-1.407056 7.079748 0.502402
-1.272855 6.933877 0.188464
-1.274957 6.995052 0.187235
-1.332486 7.000885 0.331922
-1.462149 7.201201 0.628094
-1.488587 7.230437 0.682364
-1.614477 7.207649 1.032473
-1.295937 6.851124 0.267605
-1.377113 7.116635 0.433975
-1.598989 7.304751 0.969423
-1.424119 6.996987 0.574778
-1.297934 6.925016 0.274847
-1.549067 7.250387 0.847877
-1.656106 7.315625 1.105878
-1.645966 7.244773 1.096260
-1.431313 7.012286 0.600249
-1.320901 7.059577 0.292599
-1.555700 7.319991 0.857366
-1.307751 6.992332 0.274258
-1.665984 7.385218 1.112622
-1.512716 7.106504 0.781879
-1.491862 7.199400 0.712536
-1.345288 6.929695 0.405667
-1.389860 7.144753 0.460355
-1.438492 7.091776 0.604771
-1.314169 7.061504 0.278023
-1.411575 7.059428 0.531711
-1.344375 6.928469 0.395835
-1.609374 7.278992 0.993685
-1.277686 6.927165 0.237691
-1.296868 6.872835 0.259270
-1.334171 6.985546 0.357811
-1.356465 7.010855 0.408691
-1.284312 6.979484 0.199925
-1.451928 7.166287 0.605067
-1.531251 7.142400 0.822299
-1.257607 6.906074 0.169282
-1.263244 6.911595 0.178435
-1.257274 7.015471 0.138975
-1.592197 7.381396 0.932556
-1.258087 6.959320 0.150895
-1.272868 7.033144 0.176184
-1.506578 7.174809 0.738996
-1.262521 6.848892 0.180950
-1.260936 6.847311 0.177635
-1.265045 6.972380 0.173925
-1.534138 7.217076 0.828746
-1.401855 7.119683 0.488350
-1.461577 7.239525 0.612592
-1.272462 7.035480 0.171652
-1.370850 7.084308 0.409033
-1.329599 7.040923 0.315508
-1.489502 7.273088 0.668920
-1.610406 7.244697 1.016844
-1.293689 6.889703 0.247962
-1.374596 7.157982 0.417968
-1.600867 7.346357 0.956019
-1.546669 7.288995 0.833116
-1.420481 7.035327 0.557120
-1.296086 6.963988 0.256032
-1.653289 7.354758 1.089864
-1.551503 7.357958 0.843768
-1.431710 7.051384 0.581510
-1.318808 7.100400 0.277842
-1.638288 7.283277 1.079253
-1.306268 7.032610 0.255852
-1.664028 7.423307 1.099102
-1.509518 7.144325 0.765464
-1.489820 7.239317 0.698188
-1.391809 7.186333 0.444513
-1.437057 7.131147 0.586776
-1.311250 7.102451 0.261190
-1.410928 7.099588 0.515375
-1.346651 6.969554 0.383692
-1.344366 6.967169 0.376271
-1.614954 7.319129 0.979208
-1.284945 6.966581 0.214310
-1.337278 7.025135 0.337539
-1.286397 6.911743 0.243401
-1.354103 7.050362 0.391073
-1.277389 7.018762 0.184594
-1.446338 7.205827 0.590182
-1.254838 6.945182 0.150841
-1.522644 7.181038 0.805671
-1.501943 7.213298 0.724155
-1.255267 7.056276 0.121772
-1.261359 6.951479 0.159203
-1.590408 7.423551 0.920642
-1.252963 6.999236 0.134400
-1.273060 7.074982 0.158645
-1.264510 7.011602 0.155566
-1.255050 6.885526 0.159903
-1.537573 7.257079 0.811740
-1.457304 7.279318 0.598162
-1.400292 7.159976 0.472386
-1.267738 7.075788 0.155985
-1.256205 6.887627 0.161971
-1.326715 7.080957 0.299093
-1.364821 7.124365 0.392906
-1.614343 7.282354 1.001919
-1.481959 7.313832 0.656808
-1.374868 7.197991 0.401260
-1.285576 6.927800 0.230146
-1.597435 7.386031 0.943658
-1.544239 7.328515 0.817936
-1.419076 7.073782 0.539545
-1.296035 7.003589 0.236060
-1.549896 7.397345 0.830672
-1.657524 7.395546 1.074518
-1.319000 7.142231 0.260309
-1.425804 7.090512 0.563358
-1.638151 7.323821 1.061292
-1.668173 7.464104 1.086203
-1.302028 7.073294 0.238572
-1.507630 7.182394 0.749511
-1.489055 7.280396 0.683884
-1.434211 7.170264 0.570781
-1.394603 7.229590 0.427467
-1.310558 7.143503 0.244447
-1.408964 7.139480 0.498589
-1.340715 7.005495 0.358625
-1.345290 7.008900 0.363261
-1.611119 7.358403 0.966023
-1.283057 7.006452 0.195082
-1.285584 6.949636 0.222189
-1.328519 7.064684 0.322956
-1.353175 7.089182 0.371886
-1.443496 7.244938 0.574183
-1.269022 7.058700 0.170843
-1.250716 6.984932 0.131531
-1.257775 7.098197 0.101873
-1.499864 7.254120 0.709390
-1.259073 6.990951 0.139147
-1.272851 7.116406 0.140282
-1.249635 7.039772 0.116747
-1.459289 7.319967 0.582736
-1.520263 7.221458 0.787628
-1.542284 7.298241 0.794772
-1.273884 7.118066 0.134175
-1.257513 7.052694 0.139403
-1.395972 7.200672 0.457544
-1.360656 7.163214 0.376454
-1.250800 6.926207 0.142624
-1.252852 6.924986 0.137399
-1.319237 7.121671 0.284545
-1.615094 7.320938 0.986866
-1.484673 7.357102 0.642199
-1.376902 7.239534 0.382970
-1.538690 7.367131 0.803463
-1.598789 7.428156 0.931452
-1.285613 6.967377 0.207721
-1.550494 7.437763 0.817220
-1.413996 7.112778 0.523463
-1.292841 7.043202 0.216363
-1.650646 7.434834 1.059153
-1.322314 7.184945 0.242050
-1.422104 7.130672 0.544854
-1.638418 7.364762 1.044139
-1.499485 7.219590 0.734540
-1.298712 7.113833 0.220902
-1.486497 7.320836 0.670726
-1.315798 7.185923 0.222994
-1.391967 7.271848 0.413478
-1.401569 7.178373 0.484862
-1.432745 7.210537 0.552357
-1.608209 7.397541 0.952448
-1.335746 7.047661 0.347008
-1.335691 7.045392 0.339670
-1.277507 7.046875 0.177332
-1.349014 7.128036 0.355424
-1.330157 7.105844 0.303831
-1.283272 6.990028 0.201701
-1.441057 7.284445 0.558997
-1.277497 7.101086 0.146654
-1.453217 7.359111 0.569459
-1.496513 7.293772 0.694575
-1.253901 7.140175 0.084988
-1.274847 7.158859 0.121569
-1.246080 7.025215 0.113409
-1.250835 7.081440 0.096379
-1.251289 7.031255 0.121315
-1.534476 7.337659 0.779788
-1.360893 7.204127 0.359318
-1.270930 7.159905 0.116916
-1.262871 7.094186 0.115923
-1.516055 7.262156 0.770316
-1.396577 7.242897 0.440816
-1.608277 7.358394 0.972342
-1.243298 6.963741 0.121152
-1.327627 7.164073 0.262801
-1.244452 6.965842 0.123220
-1.375342 7.279805 0.366997
-1.485040 7.401186 0.629524
-1.538858 7.408069 0.788763
-1.408924 7.151777 0.507369
-1.277830 7.007685 0.189889
-1.288211 7.083485 0.198238
-1.317441 7.227079 0.227981
-1.502919 7.259583 0.717524
-1.419719 7.171085 0.526803
-1.300837 7.155361 0.200157
-1.635539 7.405721 1.027274
-1.490104 7.364887 0.655312
-1.310165 7.226350 0.207687
-1.388416 7.314242 0.399860
-1.436628 7.251815 0.533306
-1.400498 7.219036 0.467267
-1.598121 7.435945 0.940242
-1.335652 7.084987 0.319678
-1.332038 7.087813 0.328507
-1.269239 7.086797 0.161117
-1.325045 7.145747 0.287322
-1.343475 7.168461 0.337666
-1.277360 7.029141 0.183540
-1.439472 7.325638 0.542600
-1.269990 7.142708 0.131676
-1.453344 7.400949 0.554344
-1.496676 7.334708 0.679877
-1.249543 7.181769 0.069721
-1.250645 7.065916 0.088272
-1.269539 7.201507 0.106255
-1.248005 7.122350 0.077090
-1.610352 7.397232 0.957729
-1.358506 7.244524 0.341269
-1.248027 7.072690 0.100780
-1.529785 7.377968 0.764093
-1.517228 7.302947 0.752796
-1.391713 7.285039 0.426741
-1.261556 7.202716 0.102264
-1.321044 7.205559 0.247447
-1.258140 7.137203 0.096542
-1.239942 7.005196 0.103067
-1.240158 7.004251 0.098588
-1.370998 7.321404 0.351721
-1.538111 7.449142 0.774434
-1.477867 7.443227 0.617807
-1.408375 7.191907 0.488572
-1.267331 7.047493 0.173591
-1.287185 7.125037 0.177782
-1.313974 7.269450 0.211918
-1.495142 7.298086 0.702959
-1.292972 7.195673 0.184767
-1.424055 7.213659 0.505712
-1.488401 7.407008 0.640940
-1.305384 7.268463 0.191168
-1.636173 7.447963 1.010526
-1.386636 7.358181 0.384657
-1.404741 7.261617 0.448626
-1.427860 7.292278 0.518279
-1.330145 7.124496 0.302340
-1.328853 7.127426 0.308803
-1.278204 7.129557 0.135305
-1.325339 7.187555 0.267319
-1.344689 7.210131 0.317288
-1.440086 7.367857 0.525865
-1.279176 7.070263 0.159518
-1.449441 7.442031 0.540309
-1.268444 7.184785 0.112422
-1.498609 7.377190 0.663595
-1.251078 7.225643 0.049340
-1.266069 7.243871 0.090194
-1.246456 7.164424 0.057837
-1.245946 7.108018 0.069309
-1.602067 7.436273 0.944357
-1.355566 7.286365 0.324001
-1.524179 7.418413 0.748768
-1.395437 7.328146 0.409301
-1.258607 7.244546 0.085002
-1.248404 7.114476 0.078333
-1.318496 7.247792 0.231010
-1.252073 7.178147 0.079989
-1.365772 7.362225 0.337235
-1.511157 7.344831 0.735807
-1.240871 7.045539 0.079838
-1.241540 7.045889 0.073321
-1.408223 7.232428 0.470601
-1.275536 7.088553 0.146539
-1.286683 7.166047 0.156124
-1.309990 7.312350 0.197054
-1.498943 7.339380 0.686349
-1.292314 7.238523 0.164718
-1.299201 7.310333 0.176640
-1.417608 7.254224 0.488321
-1.389774 7.403640 0.367579
-1.400401 7.303222 0.433347
-1.427160 7.334242 0.501088
-1.335877 7.167300 0.279260
-1.331437 7.170253 0.286013
-1.274462 7.170602 0.116385
-1.438868 7.410350 0.509874
-1.327833 7.230387 0.246978
-1.346789 7.252570 0.296117
-1.275035 7.110919 0.139770
-1.494711 7.418280 0.649556
-1.274106 7.229395 0.088509
-1.265774 7.288019 0.070556
-1.247145 7.269434 0.031613
-1.239086 7.148171 0.051099
-1.247165 7.208422 0.035379
-1.353512 7.328976 0.305939
-1.260668 7.287879 0.063417
-1.399981 7.373848 0.390230
-1.243311 7.156179 0.058539
-1.257337 7.222360 0.055248
-1.316405 7.291315 0.212532
-1.360053 7.405390 0.320663
-1.513582 7.387698 0.717901
-1.235016 7.085542 0.058808
-1.234281 7.085650 0.054284
-1.407124 7.273998 0.452583
-1.312295 7.357924 0.177905
-1.266446 7.128594 0.128245
-1.281992 7.208146 0.137156
-1.495565 7.379939 0.671108
-1.288940 7.280872 0.146204
-1.300713 7.355114 0.155834
-1.400617 7.345039 0.415784
-1.384363 7.447214 0.354282
-1.412411 7.296871 0.470545
-1.424198 7.377000 0.483394
-1.329026 7.207459 0.261044
-1.329040 7.213375 0.264258
-1.433190 7.452606 0.493715
-1.322660 7.272106 0.229627
-1.267935 7.212977 0.098163
-1.339355 7.295089 0.278263
-1.265946 7.150959 0.121475
-1.268011 7.271243 0.071534
-1.257721 7.331073 0.056356
-1.238694 7.312093 0.016585
-1.241952 7.251043 0.017614
-1.238515 7.191000 0.028604
-1.252615 7.330933 0.049217
-1.243726 7.197038 0.036508
-1.396008 7.416749 0.375358
-1.353196 7.374043 0.285874
-1.245803 7.263219 0.041347
-1.316513 7.335861 0.193718
-1.358764 7.449694 0.303837
-1.508829 7.429829 0.701364
-1.231328 7.127486 0.037022
-1.228825 7.126044 0.034080
-1.402027 7.313897 0.436064
-1.308248 7.402642 0.162201
-1.280906 7.251508 0.115858
-1.263680 7.170399 0.106083
-1.496189 7.422160 0.654366
-1.291856 7.325891 0.123405
-1.294105 7.397493 0.140056
-1.397132 7.388324 0.399292
-1.410853 7.339869 0.450858
-1.428351 7.422307 0.463489
-1.320740 7.248290 0.244401
-1.320175 7.315230 0.210318
-1.320720 7.255120 0.247195
-1.263212 7.255981 0.078775
-1.339558 7.339623 0.256996
-1.265379 7.193792 0.098976
-1.260446 7.314677 0.055712
-1.236566 7.356508 -0.002310
-1.257760 7.377432 0.036705
-1.232187 7.293447 0.002130
-1.238433 7.234200 0.004486
-1.251861 7.376501 0.027909
-1.347477 7.417203 0.269301
-1.242206 7.240913 0.013964
-1.240164 7.306356 0.022332
-1.315706 7.380540 0.175274
-1.230701 7.168042 0.007188
-1.232683 7.170019 0.011331
-1.405781 7.358811 0.415331
-1.307773 7.449535 0.143748
-1.278508 7.294609 0.094103
-1.259081 7.212478 0.084665
-1.295067 7.443709 0.120029
-1.280297 7.367661 0.109081
-1.398566 7.433128 0.380924
-1.408775 7.383397 0.432370
-1.318776 7.290882 0.223889
-1.319857 7.360291 0.190253
-1.260293 7.299615 0.058221
-1.319641 7.298486 0.225892
-1.339308 7.382856 0.237767
-1.265301 7.236996 0.074856
-1.260577 7.361019 0.033612
-1.237059 7.404151 -0.023999
-1.257768 7.424696 0.016635
-1.252389 7.423229 0.006638
-1.236959 7.339983 -0.024700
-1.228239 7.277122 -0.012246
-1.232534 7.283300 -0.003970
-1.243532 7.352654 -0.002505
-1.311753 7.425238 0.157118
-1.221546 7.209899 -0.011946
-1.227652 7.212609 -0.011333
-1.403737 7.401418 0.397262
-1.271955 7.337884 0.075457
-1.260772 7.257227 0.058961
-1.285473 7.414592 0.083076
-1.403031 7.427479 0.415371
-1.323499 7.336539 0.199920
-1.313707 7.403963 0.172432
-1.256029 7.343901 0.036792
-1.319448 7.342619 0.203795
-1.330443 7.426036 0.221482
-1.257074 7.407001 0.013420
-1.260638 7.280893 0.052598
-1.229851 7.384697 -0.042562
-1.229012 7.321996 -0.037577
-1.232390 7.328314 -0.028928
-1.236879 7.398661 -0.022406
-1.397142 7.443807 0.381474
-1.220788 7.255474 -0.033253
-1.218284 7.254032 -0.036194
-1.264058 7.381814 0.055936
-1.250219 7.298841 0.041816
-1.317870 7.379677 0.180897
-1.312442 7.450064 0.152318
-1.255765 7.389841 0.013860
-1.314704 7.386532 0.183980
-1.250053 7.323419 0.035033
-1.225034 7.430416 -0.063209
-1.224713 7.367185 -0.059425
-1.227108 7.375472 -0.051241
-1.218446 7.299459 -0.057876
-1.215445 7.300364 -0.062902
-1.262880 7.427893 0.033375
-1.247360 7.343364 0.018392
-1.308575 7.423372 0.163363
-1.251835 7.436336 -0.007581
-1.308095 7.431634 0.164490
-1.248567 7.369089 0.009196
-1.221755 7.414432 -0.084105
-1.218780 7.419908 -0.072010
-1.213320 7.344772 -0.081801
-1.212154 7.345396 -0.087572
-1.246759 7.389803 -0.008238
-1.245674 7.414506 -0.014647
-1.211363 7.391848 -0.109305
-1.207025 7.390687 -0.111500
-1.239279 7.435911 -0.030224
-1.209411 7.438910 -0.136820
-1.203238 7.438031 -0.138270
