# .PCD v0.7 - Point Cloud Data file format
VERSION 0.7
FIELDS x y z
SIZE 4 4 4
TYPE F F F
COUNT 1 1 1
WIDTH 4662
HEIGHT 1
VIEWPOINT 0 0 0 1
POINTS 4662
DATA ascii
2.251974 11.779939 1.104773
2.308485 11.577330 1.018717
2.201584 11.692728 1.248079
2.325522 11.679564 0.905669
2.321098 11.537363 1.004557
2.294420 11.700321 1.009070
2.242319 11.581775 1.159430
2.206339 11.531910 1.296311
2.086231 11.714327 1.586210
2.321415 11.557233 0.919515
2.283687 11.501851 1.069528
2.227684 11.387508 1.210772
2.086383 11.527404 1.615066
1.978370 11.679303 1.881427
2.094400 11.599922 1.580902
2.111040 11.710780 1.520858
2.343659 11.470707 0.930811
2.061889 11.746972 1.642929
2.019296 11.601278 1.780314
2.314787 11.373435 0.984130
1.838255 11.749498 2.251919
1.990238 11.533752 1.911500
2.082568 11.398888 1.608778
2.105424 11.676458 1.536707
2.111251 11.529352 1.557943
2.138131 11.642435 1.495635
1.846348 11.754511 2.214046
2.053835 11.542446 1.677010
2.014579 11.420171 1.807357
1.864436 11.801355 2.159014
1.846391 11.567248 2.257539
2.085806 11.446811 1.574619
2.123004 11.434069 1.533156
1.859323 11.590506 2.228477
2.048441 11.359720 1.709514
1.856685 11.766322 2.177877
1.874170 11.628215 2.175426
1.899872 11.677755 2.119035
1.815818 11.633416 2.318033
1.864713 11.586788 2.199300
1.913127 11.525747 2.143304
2.191754 11.930838 1.169048
2.317378 11.709477 0.961677
2.189886 11.754566 1.220984
2.321423 11.552067 1.015025
2.327017 11.864696 0.876880
1.981022 11.943571 1.754624
2.133631 11.802951 1.472773
2.189867 11.593740 1.270089
2.240662 11.808003 1.086976
1.977796 11.760413 1.781958
2.128325 11.619106 1.505508
2.171340 11.411860 1.312034
2.236655 11.632833 1.143380
2.338942 11.549340 0.993291
1.976881 11.595222 1.809183
2.118873 11.436448 1.534184
1.896248 11.817833 2.088685
2.026826 11.848356 1.661009
2.139235 11.725497 1.470044
2.214977 11.440508 1.193660
2.284208 11.705431 1.003178
1.970955 11.430095 1.832432
1.908812 11.657551 2.104727
2.022363 11.666517 1.693205
2.139520 11.557339 1.506790
2.155065 11.863867 1.406755
1.906697 11.874363 2.067495
2.253016 11.487004 1.062292
1.917638 11.502742 2.118549
2.006374 11.473545 1.719661
2.059487 11.758674 1.563743
2.129147 11.381060 1.539266
2.148762 11.674205 1.447956
1.911543 11.697583 2.082463
2.010035 11.331198 1.751814
2.056856 11.582108 1.601775
2.150793 11.512083 1.487641
2.306025 11.533263 0.924506
1.925643 11.555273 2.102919
2.108660 11.859948 1.426664
1.802545 11.814065 2.183847
1.928238 11.775745 2.041682
2.178180 11.819073 1.382862
2.047447 11.404275 1.635528
2.301105 11.368299 0.987799
2.102225 11.661788 1.473181
1.813874 11.655092 2.204757
1.934679 11.615157 2.061966
2.162394 11.615388 1.425770
2.087999 11.465695 1.513235
1.811483 11.480238 2.217343
1.950085 11.852313 1.994771
1.913134 11.406187 2.066002
2.152303 11.436797 1.466932
1.861639 11.777239 2.082640
1.953700 11.682544 2.019239
1.862305 11.594268 2.103312
1.958351 11.527225 2.043398
1.859173 11.418553 2.120862
2.156516 12.268249 1.162125
2.184701 12.262743 1.159219
2.150244 12.088402 1.218994
2.177795 12.078408 1.220488
2.147670 11.928317 1.272045
1.936136 12.274985 1.754425
2.174956 11.915202 1.276207
2.294590 11.560481 0.922609
2.138263 12.226998 1.298279
2.131707 12.119395 1.242262
1.956031 12.225801 1.806533
2.147832 11.781791 1.322520
1.943034 12.116649 1.790702
2.327615 11.477913 0.938266
2.296707 11.771883 0.937084
2.164233 11.749582 1.328284
2.301841 11.448610 0.981763
2.270457 12.076832 0.940960
2.131428 12.049818 1.349593
2.129061 11.953897 1.291575
1.965830 12.070863 1.846695
2.090783 12.331936 1.380308
2.132492 11.619050 1.367766
1.946268 11.959881 1.823931
2.121496 12.153293 1.267907
2.284553 11.575186 0.963020
2.282509 11.617057 0.996922
1.905847 12.323748 1.899277
2.151707 11.591826 1.374029
1.915530 12.177559 1.801115
2.261764 11.912917 1.002339
2.127034 11.890766 1.398416
2.128032 11.805378 1.338469
2.225607 12.233008 1.007986
1.960629 11.899149 1.878394
2.091048 12.163355 1.427820
2.127505 11.483666 1.412028
2.284294 11.722230 0.950875
1.936836 11.791713 1.849991
2.125520 11.995914 1.314669
2.288681 11.456607 1.018489
2.276706 11.485579 1.052758
1.912601 12.161045 1.933785
1.926171 12.031110 1.833703
2.159704 11.477082 1.423560
2.249649 11.753868 1.060445
2.115712 11.728518 1.442028
2.117422 11.646045 1.381061
1.899613 12.253124 1.816409
2.220246 12.066502 1.066302
2.122084 12.217401 1.272381
2.091682 12.010117 1.474242
1.953223 11.734114 1.907935
2.274988 11.575693 1.004436
1.937990 11.653666 1.880201
2.273497 11.868079 0.922769
2.120780 11.835853 1.357386
1.908814 11.988849 1.960196
1.927121 11.875605 1.861043
2.248744 11.623149 1.115058
2.051239 12.310603 1.507468
2.113475 11.508817 1.421763
2.108294 11.582517 1.483714
1.912277 12.103341 1.846784
2.215816 11.913897 1.120771
2.116047 12.035606 1.314961
2.091838 11.864795 1.516398
1.873012 12.255022 2.028611
1.953905 11.596458 1.938917
2.271767 11.446426 1.055622
2.262307 11.708948 0.976359
1.940627 11.527538 1.909166
2.113436 11.681805 1.396763
1.907145 11.832535 1.986320
1.921935 11.718229 1.885549
2.049892 12.147058 1.547607
2.237671 11.483762 1.165214
2.112904 11.465456 1.527199
1.917528 11.950755 1.872731
2.204964 11.756998 1.172162
2.118371 11.884325 1.356314
1.874938 12.091721 2.054047
2.083633 11.710469 1.555370
1.901342 12.194965 1.840587
2.259566 11.572289 1.026423
2.106756 11.538533 1.434968
1.925426 11.586086 1.911659
1.912960 11.698939 2.015847
2.049314 11.992532 1.587518
1.922435 11.803624 1.898275
2.195918 11.614267 1.220113
2.108054 11.720937 1.393417
1.873567 11.931358 2.074708
2.072717 11.563913 1.590060
2.293931 11.372568 0.965014
1.909941 12.039096 1.866382
2.267027 11.458635 1.073767
2.104565 11.409358 1.471409
2.046612 11.843629 1.623304
1.932020 11.468330 1.938833
1.908150 11.556903 2.039256
1.829139 12.200274 2.142924
1.918227 11.652277 1.919061
2.191019 11.484094 1.265586
2.101640 11.573796 1.428598
1.871899 11.782557 2.095767
2.071891 11.441586 1.626448
1.912193 11.877888 1.887123
2.044518 11.706380 1.657447
1.830319 12.042287 2.161386
1.921584 11.522596 1.941280
2.112249 11.461603 1.465638
1.876067 11.654178 2.120374
1.916774 11.736029 1.909801
2.036821 11.565989 1.688446
1.835239 11.902649 2.181877
1.878957 11.531858 2.143705
1.917342 11.594203 1.928721
2.042827 11.456124 1.724030
1.840392 11.773299 2.202455
1.921891 11.467035 1.949111
1.835638 11.631433 2.215572
2.177070 12.333597 1.200387
2.296186 12.205517 0.979370
2.177974 12.182096 1.238366
2.282015 12.048095 1.028689
2.193005 12.304931 1.192469
2.142073 12.218078 1.449022
2.179730 12.039854 1.274744
2.350021 12.103502 0.908788
2.276373 11.911021 1.075965
1.983543 12.285462 1.758769
2.316322 11.789635 0.933490
2.189254 12.270840 1.333735
2.189540 12.148084 1.233361
2.143396 12.084406 1.484717
2.175915 11.898268 1.308166
2.271564 11.784103 1.121200
2.331581 11.942621 0.962586
1.992006 12.144666 1.779562
1.993377 12.354118 1.736353
2.313679 11.665385 0.977277
2.203233 12.278268 1.163958
2.221288 12.327533 1.204478
2.182192 12.116023 1.374364
2.186007 12.000307 1.272305
2.136343 11.946244 1.516169
2.178960 11.775834 1.341732
1.952655 12.211984 2.010992
2.270179 11.668718 1.162556
1.998227 12.010259 1.799860
2.314812 11.795676 1.012933
2.000218 12.209439 1.760658
2.315005 11.552361 1.018798
2.195438 12.114285 1.208644
2.263295 12.378320 1.069497
2.215946 12.167301 1.252154
2.329780 11.671907 0.955060
2.175417 11.971670 1.411340
2.191972 11.877633 1.309798
1.990869 12.274515 1.902448
2.132863 11.819706 1.546182
2.172268 11.644547 1.371290
1.946302 12.065369 2.025115
2.219824 12.250175 1.136746
2.268287 11.558225 1.202546
2.006044 12.280382 1.715899
1.999710 11.873919 1.816425
2.305549 11.667002 1.059326
2.002911 12.067092 1.783089
2.190281 11.968998 1.250470
2.258770 12.211583 1.124314
2.209973 12.017343 1.295830
2.324549 11.551760 1.000503
2.168577 11.836385 1.446369
2.176796 11.729689 1.342094
1.993651 12.134955 1.926002
2.131325 11.701811 1.577822
1.945051 11.933936 2.040445
2.169257 11.526763 1.400974
2.214021 12.092136 1.184383
2.005986 11.755933 1.836148
2.007465 12.129183 1.740770
2.022967 12.363007 1.667181
2.307163 11.560534 1.105103
2.351369 11.694468 0.947063
2.004135 11.931234 1.802930
2.024368 12.209483 1.810521
2.188173 11.834748 1.289681
2.252675 12.055827 1.174344
2.205754 11.877732 1.337811
1.781430 12.165738 2.337574
2.124092 11.583584 1.604503
2.168619 11.719352 1.481978
1.984244 11.982791 1.942559
2.179511 11.616812 1.376989
1.943380 11.810170 2.055533
2.330295 11.550855 0.963626
2.065698 12.286948 1.691417
2.206816 11.944271 1.230114
2.011358 11.643231 1.855333
2.008072 11.992414 1.765593
2.031204 12.222463 1.699860
2.012806 11.812426 1.825405
2.342318 11.568669 0.997032
2.024620 12.064960 1.837683
2.181920 11.702835 1.327019
2.199609 11.747703 1.376711
2.240149 11.897856 1.222389
1.796716 12.048939 2.350171
2.163026 11.599300 1.513947
1.985659 11.857981 1.964455
2.184397 11.512981 1.409802
1.797991 12.209493 2.302539
1.954497 11.715120 2.078658
2.200319 11.805575 1.271800
2.072257 12.145225 1.726285
2.005967 11.519604 1.868602
2.012779 11.867855 1.790151
2.010382 11.686760 1.843476
2.023582 12.061291 1.725229
2.018797 11.919609 1.861154
2.184222 11.590360 1.362749
2.191038 11.618516 1.412870
2.234288 11.760748 1.267257
1.993174 11.751323 1.989033
1.957560 11.611510 2.096035
1.811033 12.085450 2.316360
1.817582 12.243627 2.259080
2.200675 11.686037 1.313643
2.014268 11.744928 1.813638
2.062508 11.985070 1.753814
2.009366 11.569148 1.862017
2.028978 11.935617 1.754309
2.187014 11.485749 1.398605
2.019954 11.794394 1.886793
2.191185 11.508846 1.449884
1.989937 11.633721 2.007713
2.236954 11.644860 1.309661
1.812668 11.948883 2.321108
1.857080 12.215363 2.305973
1.824236 12.109170 2.272454
2.013839 11.625202 1.834684
2.194487 11.563281 1.351506
2.029252 11.808399 1.780489
2.062027 11.850492 1.783163
2.021999 11.677526 1.911269
2.228210 11.518939 1.350244
1.816442 11.825616 2.330166
1.863920 12.079215 2.322668
1.832399 11.985541 2.287399
2.019062 11.520344 1.858545
2.027684 11.687173 1.805342
2.062967 11.723966 1.812961
2.018474 11.561311 1.932787
1.824049 11.715936 2.341786
1.859884 11.930261 2.331885
1.837337 11.864434 2.300814
2.027935 11.573599 1.829815
2.053166 11.591984 1.836647
1.827421 11.605804 2.350405
1.838940 11.743965 2.311136
1.860271 11.799163 2.345520
1.845909 11.640641 2.326663
1.861643 11.678303 2.359553
2.269290 12.297659 0.999173
2.291008 12.312813 0.969785
2.223662 12.207022 1.129506
2.257756 12.148745 1.040150
2.275322 12.241662 1.016809
2.296636 12.246662 0.892974
2.069030 12.293072 1.527485
2.279732 12.164791 1.015250
2.127899 12.258075 1.430339
2.123728 12.339046 1.395889
2.226120 12.090523 1.169083
2.260146 12.028608 1.078889
2.120899 12.353539 1.423936
2.291570 12.172668 0.970035
2.269943 12.108943 1.062039
2.140322 12.326626 1.373575
2.076437 12.178604 1.559033
2.130518 12.131792 1.457584
2.274599 12.032641 1.056791
2.228149 11.976233 1.208698
2.129667 12.211092 1.426617
2.141814 12.248212 1.343970
2.260653 11.910873 1.115705
2.110684 12.204128 1.456255
1.873063 12.340690 2.030560
1.927252 12.294441 1.922978
2.188811 12.300205 1.226328
2.292607 12.048496 1.017001
2.264946 11.984086 1.105253
2.308558 12.013381 0.993394
1.927433 12.340554 1.905639
2.081424 12.066903 1.587055
2.132359 12.176299 1.406171
2.162782 12.309541 1.352521
2.131755 12.009364 1.483705
2.271248 11.910896 1.097070
2.336356 11.748639 0.995940
2.223764 11.860711 1.245804
2.333171 11.995845 0.874937
2.131110 12.084994 1.456791
1.940332 12.345750 1.839506
2.258828 11.798634 1.150235
2.114978 12.087672 1.488375
2.148265 12.129349 1.382901
2.316807 12.062971 0.976020
1.876296 12.216114 2.044299
1.937367 12.174395 1.939217
1.917958 12.282549 1.949949
2.366397 11.612736 0.874019
2.186456 12.160388 1.270119
2.279016 11.912376 1.059810
2.349470 11.723022 0.896888
2.262166 11.867446 1.147167
2.294254 11.880720 1.039127
1.945518 12.230662 1.927216
2.076351 11.945059 1.612310
1.948295 12.290232 1.891022
2.138504 12.059291 1.439409
2.135208 11.895149 1.508526
2.146811 12.152128 1.386752
2.270994 11.799371 1.135603
2.359700 11.666372 0.901257
2.222857 11.755954 1.279921
2.333985 11.645326 1.035868
2.131535 11.964211 1.484195
2.260533 11.694424 1.182980
1.949593 12.223117 1.864770
2.312896 11.852792 0.927072
2.110610 11.963617 1.518481
2.147716 12.005075 1.417286
1.886648 12.112465 2.063081
1.992481 12.300000 1.759374
1.958915 12.351530 1.850704
2.303525 11.925010 1.024523
1.944596 12.053841 1.951934
1.921465 12.157964 1.968576
2.369790 11.500021 0.889854
2.367256 11.519619 0.914646
2.360164 11.571329 0.982820
2.279401 11.802294 1.101587
2.257052 11.756304 1.186794
2.188047 12.034621 1.310915
2.291178 11.766273 1.083523
1.946886 12.100280 1.940203
2.077675 11.839968 1.638127
1.956870 12.168901 1.911836
2.145048 11.949226 1.471031
2.126765 11.770436 1.529862
2.266525 11.688432 1.170698
2.155411 12.037838 1.423546
2.216470 11.649231 1.312291
2.321204 11.536781 1.074307
2.137976 11.859632 1.513405
2.254560 11.586431 1.214908
1.891833 12.003759 2.078034
2.115355 11.858678 1.549419
1.961274 12.112329 1.892015
2.145351 11.886842 1.450586
1.962561 12.219634 1.872548
1.994636 12.164087 1.786998
2.299152 11.809825 1.069807
1.951945 11.941495 1.965923
2.367351 11.575680 0.887114
1.924573 12.041048 1.987273
2.325609 11.439374 1.018659
2.256750 11.654828 1.223350
2.272906 11.687705 1.140862
2.360997 11.540013 0.984968
2.181842 11.904172 1.348850
2.288450 11.661503 1.125099
2.080868 11.740714 1.664693
1.949255 11.980110 1.954015
2.369108 11.514709 0.884576
1.956109 12.040349 1.926590
2.126136 11.664107 1.552919
2.139714 11.827751 1.499572
2.269786 11.593149 1.206274
2.222328 11.562700 1.345323
2.335776 11.446348 0.983745
2.158997 11.924862 1.458588
2.135135 11.745099 1.537761
1.889117 11.888552 2.088486
2.242088 11.474482 1.243090
2.112304 11.749051 1.577498
1.959836 11.985416 1.910496
1.973190 12.108676 1.896991
2.141622 11.771550 1.483163
2.340946 11.672060 1.022004
1.954677 11.830096 1.977316
1.930396 11.933796 2.005469
2.002236 12.046579 1.814021
2.358958 11.472026 0.931467
2.289715 11.691407 1.112903
2.259163 11.563013 1.259404
2.274505 11.590234 1.178970
2.180582 11.790673 1.385387
2.066494 11.624435 1.683149
1.959575 11.878316 1.971991
2.296983 11.573112 1.166143
2.358986 11.412523 0.929854
1.963367 11.933813 1.946344
2.128657 11.565252 1.575435
2.134346 11.715405 1.526538
2.379755 11.484152 0.877996
2.237995 11.460495 1.235416
2.193551 11.437528 1.371481
1.897171 11.795888 2.105013
2.151070 11.801935 1.488902
2.129095 11.633146 1.560679
2.107368 11.641821 1.603654
1.958983 11.869990 1.930243
1.972219 11.985040 1.915467
2.136874 11.661570 1.512970
1.959276 11.724536 1.989458
1.934938 11.832206 2.024181
2.332544 11.562030 1.066728
2.289672 11.590836 1.153946
2.002075 11.922565 1.838988
2.231558 11.438909 1.290409
2.248385 11.464104 1.212739
2.054870 11.515997 1.701909
2.171543 11.671581 1.419465
1.962496 11.771471 1.986264
2.258738 11.435001 1.200521
1.960340 11.814417 1.959648
2.108698 11.445202 1.590503
2.128445 11.603451 1.551901
1.904376 11.706697 2.122018
2.150457 11.695941 1.520136
2.136820 11.544829 1.587056
2.096935 11.533540 1.627661
1.969732 11.774563 1.955183
1.974566 11.874336 1.935881
1.962594 11.624636 2.002117
1.936250 11.727735 2.041422
2.138094 11.563241 1.544148
2.257860 11.460341 1.190463
2.002795 11.807859 1.862738
1.964533 11.669925 2.000212
2.181147 11.582129 1.455540
1.967650 11.719750 1.979065
1.896149 11.598665 2.129132
2.141393 11.524758 1.582526
2.139230 11.581093 1.546573
1.963312 11.661762 1.971133
1.977345 11.768764 1.955445
1.974315 11.540015 2.019264
1.935242 11.627856 2.056739
2.115414 11.442099 1.566679
1.991459 11.683599 1.880100
1.967931 11.572793 2.014039
2.150950 11.448082 1.481239
1.968398 11.616614 1.994218
1.892156 11.502864 2.138895
2.123865 11.468679 1.571170
1.924402 11.518422 2.065573
1.979226 11.668519 1.974651
2.002864 11.595148 1.908238
1.976178 11.531664 2.013191
1.978743 11.568305 1.991541
2.271289 12.231509 0.972410
2.272809 12.107274 1.021416
2.331247 12.066969 0.920296
2.314129 12.179134 0.921454
2.232871 12.219216 1.092200
2.193286 12.184988 1.290154
2.121048 12.214124 1.462535
2.264267 11.979281 1.067379
2.318446 11.938036 0.969407
2.029766 12.300027 1.741289
2.307839 12.050213 0.967643
2.231799 12.096870 1.135679
2.190830 12.060740 1.326743
2.170376 12.189468 1.311228
2.070376 12.279201 1.536192
2.326427 12.121433 0.888142
2.298531 12.160690 0.971909
2.125724 12.094060 1.498282
1.935839 12.304797 1.975061
2.262798 11.864629 1.110999
2.007370 12.341159 1.754363
2.308618 11.816628 1.015552
2.279810 12.221219 0.953890
2.206182 12.200772 1.206958
2.029566 12.171547 1.765378
2.299196 11.926805 1.011625
2.180928 12.084702 1.346796
2.228318 11.975493 1.176468
2.189756 11.947256 1.362993
2.085731 12.175891 1.569818
2.155194 12.195923 1.333833
2.321594 12.000515 0.935166
2.288842 12.028907 1.014188
2.128455 11.978242 1.531359
2.281244 12.147368 1.004139
2.014739 12.221056 1.777226
1.939404 12.175816 1.995192
2.259896 11.755662 1.152758
2.345062 11.784760 0.916605
2.307128 11.716580 1.057763
2.281909 12.105423 0.997231
2.205254 12.081765 1.245557
2.038944 12.065460 1.790372
2.292683 11.814368 1.053172
2.045765 12.236755 1.643062
2.171139 12.258589 1.343686
2.176391 11.963808 1.378658
2.227502 11.865619 1.216019
2.184888 11.831287 1.396184
2.085460 12.055926 1.598537
2.171014 12.095910 1.367458
2.314791 11.884755 0.979131
2.281720 11.912290 1.053661
2.169457 12.186407 1.311857
2.006044 12.275782 1.793237
2.270407 12.018183 1.042440
1.896431 12.231238 2.076360
2.122451 11.857577 1.561282
2.023102 12.112068 1.800602
2.344649 11.685780 0.961200
2.009178 12.322313 1.718127
1.942045 12.053971 2.014266
2.271326 11.979840 1.038849
2.256016 11.649283 1.192981
2.294306 11.604747 1.098530
2.208319 11.973172 1.282805
2.039632 11.952694 1.812997
1.993685 12.332594 1.789062
2.287394 11.705441 1.092630
2.057777 12.135133 1.673257
2.167175 12.125154 1.371604
2.176380 11.853857 1.410367
2.185909 11.730623 1.429200
2.221609 11.752520 1.253411
2.175432 11.986852 1.398459
2.088434 11.946162 1.628002
2.173663 12.077648 1.346158
2.303911 11.769574 1.022160
2.285348 11.809721 1.092180
2.336128 11.438978 0.948071
2.013189 12.158470 1.812459
2.271143 11.906889 1.078563
1.895024 12.103283 2.089066
2.029612 12.003662 1.822880
1.859263 12.271888 2.158109
2.117238 11.742603 1.589184
2.019082 12.217641 1.743917
2.270113 11.871228 1.078841
2.335186 11.579552 1.004675
1.940583 11.933626 2.032008
2.313910 11.534040 1.139289
2.201776 11.857719 1.317340
2.270165 11.568389 1.233146
2.038931 11.843784 1.834548
2.009001 12.221442 1.809437
2.284255 11.606564 1.130047
2.065583 12.032291 1.700853
2.166364 12.005593 1.398712
2.348459 11.760912 0.916059
2.171223 11.743433 1.438753
2.346469 11.751763 0.920139
2.335517 11.457318 0.928820
2.174240 11.874047 1.426114
2.173559 11.618777 1.457256
2.219253 11.652934 1.289142
2.087714 11.836636 1.655689
2.167333 11.955492 1.377711
2.299562 11.667211 1.061663
2.279341 11.701220 1.127605
2.025900 12.054088 1.833548
2.272661 11.801301 1.112681
2.024302 12.108492 1.767101
1.873704 12.172404 2.177949
1.905855 12.000379 2.108689
2.030879 11.891170 1.840960
2.359869 11.575546 0.946355
2.272341 11.772520 1.116300
2.112519 11.636401 1.617202
2.299819 11.452321 1.043930
2.192394 11.744526 1.349662
2.275169 11.402145 1.175432
1.945162 11.828573 2.052033
2.232559 11.436341 1.266345
2.038611 11.740938 1.854947
2.014633 12.105290 1.826327
2.059404 11.913212 1.721808
2.286465 11.515203 1.166800
2.162692 11.888286 1.423586
2.346288 11.659481 0.954990
2.345298 11.654138 0.960292
2.163769 11.634874 1.466497
2.337100 11.373940 0.969006
2.169831 11.762929 1.452779
2.165865 11.851222 1.407561
2.180836 11.533101 1.489238
2.225436 11.565569 1.324855
2.081276 11.726113 1.678834
2.302811 11.577806 1.100411
2.277755 11.600043 1.161997
2.025236 11.937607 1.850045
1.832421 12.233621 2.257478
2.267364 11.693934 1.145600
2.029521 12.005736 1.789962
1.878237 12.063390 2.191354
2.025285 11.778729 1.857055
1.908311 11.892278 2.124298
2.265434 11.669309 1.151453
2.322704 11.446127 0.985682
2.332601 11.429448 0.956006
2.088344 11.511057 1.637264
2.296370 11.363865 1.082754
2.190577 11.646109 1.380443
1.953532 11.733327 2.074385
2.023909 11.998068 1.843493
2.036404 11.639584 1.873846
2.066239 11.818455 1.747953
2.168179 11.788261 1.450131
2.264617 11.403166 1.200000
2.346213 11.563562 0.991397
2.348552 11.564736 0.999028
2.356204 11.514822 0.939854
2.170857 11.550139 1.495637
2.161705 11.652951 1.477264
2.163055 11.748976 1.437123
2.197356 11.445587 1.352644
2.156024 11.416650 1.512351
2.079925 11.626141 1.703420
2.270739 11.453174 1.135360
2.277934 11.509266 1.195202
1.842856 12.132589 2.271411
2.026384 11.829702 1.866137
2.269691 11.599515 1.177772
2.025901 11.895420 1.808404
1.880917 11.954957 2.203661
2.028489 11.683001 1.876068
1.911683 11.791659 2.139546
2.264406 11.575031 1.186735
2.202451 11.568596 1.413450
2.098267 11.431409 1.667923
2.026242 11.888182 1.857414
2.036569 11.546412 1.893933
1.953015 11.632353 2.091535
2.061011 11.712330 1.768619
2.164010 11.683208 1.473181
2.313228 11.438751 1.025989
2.305832 11.429708 1.035786
2.333741 11.404361 0.976796
2.156914 11.647516 1.463653
2.142170 11.427550 1.514824
2.161330 11.557714 1.502660
2.063795 11.512445 1.722275
1.851388 12.033968 2.283464
2.252703 11.393452 1.224888
2.028446 11.729280 1.881870
2.271911 11.509686 1.207972
2.024140 11.791848 1.827228
1.883103 11.851471 2.214848
2.021445 11.577179 1.889902
2.241509 11.461908 1.217530
1.919906 11.702818 2.159141
2.168641 11.443036 1.436227
2.027334 11.783031 1.872315
2.052984 11.607524 1.787452
2.154762 11.574928 1.494075
1.940793 11.520586 2.101961
2.170934 11.573658 1.494925
2.148993 11.453821 1.523849
1.855201 11.932685 2.292114
2.064299 11.426515 1.746539
2.026428 11.629436 1.896669
2.250082 11.399180 1.234631
2.026542 11.698647 1.847148
1.889193 11.760501 2.229644
2.019587 11.484611 1.906447
1.926252 11.615467 2.177248
2.028342 11.681560 1.885635
2.038934 11.500231 1.803391
2.146814 11.473779 1.513759
2.145448 11.456687 1.514376
1.858182 11.834867 2.301282
2.031311 11.541404 1.913210
2.026656 11.608203 1.866044
1.893429 11.670108 2.243345
1.905768 11.496371 2.178717
2.021943 11.574151 1.895692
1.865474 11.748297 2.313601
2.011352 11.500796 1.876741
1.902002 11.590042 2.260587
2.018272 11.475492 1.905693
1.861470 11.649660 2.318736
1.888252 11.482776 2.261353
2.223975 12.321068 1.183107
2.234326 12.187234 1.154190
2.227389 12.202343 1.224839
2.061848 12.337838 1.587741
2.309558 12.123862 0.894160
2.193028 12.291072 1.222967
2.233313 12.067575 1.196639
2.225283 12.082527 1.264495
2.071766 12.224397 1.620892
2.049628 12.209005 1.670107
2.204605 12.200439 1.248521
2.301972 12.264967 0.960671
2.196339 12.175102 1.263521
2.233484 11.955982 1.237479
2.345310 11.820890 0.993319
2.211750 11.956306 1.300366
2.070280 12.099089 1.650196
2.019500 12.282631 1.690652
2.064223 12.114406 1.701132
2.209889 12.091821 1.285766
2.304766 12.152377 1.006641
2.328479 11.928885 0.986798
2.037386 12.253387 1.681714
2.192751 12.055486 1.301242
2.332499 11.919583 0.992558
2.363249 11.715863 0.972475
2.224951 11.839458 1.275185
2.159603 12.260760 1.332562
1.874582 12.238748 2.132996
2.334891 11.714302 1.036613
2.216481 11.857203 1.336962
2.197082 12.211752 1.273766
2.077777 11.995708 1.681616
2.030041 12.177624 1.720601
1.873721 12.203713 2.164958
2.308400 12.236325 0.950133
2.066427 12.005030 1.726702
1.829424 12.238729 2.274796
2.207388 11.978454 1.320224
2.322800 12.017879 0.998121
2.042249 12.142737 1.706669
2.294452 12.028436 1.050109
2.323469 11.821592 1.030528
2.258191 12.249327 1.069946
2.200238 11.956928 1.338880
2.320691 11.805879 1.034630
2.168816 12.156194 1.368767
2.348827 11.607075 1.016029
2.040710 12.316403 1.699837
2.225812 11.739047 1.314090
1.868189 12.103814 2.142861
2.327030 11.613783 1.078587
2.209817 11.750778 1.370167
2.203539 12.102079 1.308471
2.325304 12.058290 0.881422
1.830201 12.289335 2.214352
2.074202 11.881933 1.707543
1.851609 12.266925 2.178250
1.876742 12.089417 2.176478
2.039566 12.075193 1.749027
2.313978 12.124907 0.991030
2.068046 11.901509 1.750757
1.841116 12.139400 2.289989
2.195690 11.858699 1.350743
2.315317 11.903308 1.037838
2.194212 12.235859 1.282880
2.052467 12.042345 1.732212
2.253481 12.129822 1.110623
2.284860 11.910194 1.091561
1.997197 12.245819 1.794042
2.315633 11.715594 1.072431
2.316731 11.705758 1.074702
2.193661 11.843202 1.372808
2.168966 12.046127 1.403082
2.032577 12.178592 1.715948
2.316931 11.484164 1.058572
2.214721 11.631690 1.348009
1.880347 12.005350 2.165004
2.199490 11.986183 1.339738
2.333320 11.531797 1.119417
2.198555 11.643446 1.401639
2.364429 11.556655 0.906847
2.359525 11.544245 0.906220
2.375220 11.388294 0.932373
1.837880 12.178682 2.228868
2.303272 12.002843 1.028828
1.859130 12.156291 2.190326
1.875633 11.976576 2.186673
2.066030 11.767253 1.731739
2.037133 11.961267 1.772006
2.060501 11.790687 1.771269
1.843050 12.029510 2.299186
2.192470 11.754871 1.382112
2.196361 12.118546 1.312884
2.305896 11.791132 1.075681
2.249526 12.015100 1.149680
2.279050 11.805142 1.130466
2.054904 11.937201 1.754967
2.010201 12.149614 1.821486
2.304909 11.612715 1.111711
2.311289 11.605849 1.112841
2.184692 11.734047 1.404917
2.168984 11.939741 1.435825
1.958342 12.325126 1.865956
2.128490 12.138052 1.464240
2.038550 12.068731 1.737581
2.313740 11.397948 1.097962
2.215648 11.540108 1.382125
2.035432 12.243821 1.714074
2.200206 11.881834 1.369600
1.881799 11.897052 2.180406
2.197083 11.551867 1.433458
2.296096 11.408382 1.156183
2.352520 11.460302 0.948757
2.341796 11.870327 0.965354
2.354805 11.453955 0.948943
1.841853 12.068218 2.241605
2.297848 11.888324 1.065959
1.865185 12.050411 2.200934
1.842393 12.219712 2.203652
1.881965 11.881600 2.202312
2.037827 11.857575 1.795724
1.829255 12.107105 2.317394
2.062759 11.665008 1.756577
2.057003 11.690285 1.792867
1.844435 11.924557 2.307263
2.191716 11.999390 1.341704
2.188200 11.654534 1.411558
2.304818 11.693990 1.112324
2.254736 11.918344 1.186700
2.008910 12.035537 1.841520
2.269559 11.699370 1.167985
2.054024 11.831893 1.775094
2.273001 11.491332 1.147721
2.322236 11.529039 1.150147
2.162962 11.831717 1.465286
1.970683 12.227485 1.890154
2.176416 11.631495 1.434610
2.131485 12.031886 1.494733
2.046309 11.970183 1.760057
2.039432 12.128137 1.732503
2.192081 11.429835 1.410327
2.194120 11.771096 1.397816
1.885494 11.797883 2.196595
2.340565 11.771667 1.006085
2.173770 11.440354 1.458762
2.363200 11.578700 0.999020
2.352033 11.376466 0.988411
2.351201 11.368999 0.988795
2.369187 11.511864 0.929500
1.835266 12.310448 2.208862
2.287702 11.776550 1.099769
1.847705 11.966327 2.256374
1.868975 11.945444 2.211309
1.856657 12.121877 2.217072
1.884066 11.786269 2.214973
1.832770 12.000356 2.323668
2.036164 11.757538 1.818018
1.850104 11.832715 2.320125
2.053376 11.593555 1.812890
2.067577 11.579026 1.783113
2.193218 11.894334 1.369875
2.240965 11.804006 1.219902
2.296874 11.592284 1.146527
2.184295 11.559324 1.440230
2.009830 11.931508 1.861943
2.270579 11.610475 1.203361
2.048057 11.724222 1.792685
2.279482 11.414505 1.185338
1.969126 12.111615 1.906091
2.137019 11.937243 1.523970
2.160488 11.732665 1.495032
2.286978 11.408409 1.183130
2.189264 11.558411 1.467725
2.051703 11.870745 1.780649
2.043869 12.020302 1.751416
2.355583 11.647923 0.979951
2.189686 11.670779 1.424823
2.336239 11.446677 1.007570
2.330664 11.667153 1.044072
2.327042 11.456336 1.038184
1.890242 11.704360 2.215655
2.361542 11.421046 0.968740
1.843272 12.193688 2.214301
2.287766 11.679271 1.133476
1.858373 12.009282 2.222590
1.871824 11.845768 2.221414
1.852646 11.868814 2.271269
1.887090 11.695687 2.228456
1.824799 12.075986 2.341857
1.835404 11.897072 2.330464
1.848315 11.733051 2.328093
2.026648 11.650034 1.836268
2.061189 11.516904 1.838109
2.187856 11.784716 1.395604
2.238755 11.707628 1.253357
2.046279 11.464568 1.798822
2.299605 11.507432 1.181029
2.169390 11.456439 1.464657
2.010329 11.833312 1.883292
2.260793 11.512969 1.237333
2.045712 11.628233 1.811814
1.824454 12.035444 2.340996
1.972178 12.010340 1.925172
2.127576 11.827238 1.549145
2.146461 11.626307 1.518937
2.050173 11.768564 1.798006
2.156883 11.436841 1.490666
2.048207 11.915229 1.769154
2.356654 11.558105 1.015741
2.183348 11.571938 1.450350
2.333077 11.580806 1.080216
2.369069 11.529261 0.998216
1.855992 12.093328 2.224537
1.888824 11.608303 2.229386
2.287668 11.586579 1.165212
1.866145 11.912003 2.232800
1.872773 11.747562 2.230039
1.888287 11.609291 2.241711
1.825388 11.964162 2.344192
1.856573 11.773870 2.284636
1.840343 11.801090 2.338838
2.036816 11.406485 1.848348
2.034026 11.570102 1.861478
2.180992 11.680764 1.419465
2.239600 11.618764 1.286294
2.011094 11.738435 1.902216
2.168875 11.374777 1.491638
2.274391 11.396749 1.210995
2.250814 11.420962 1.268933
2.049190 11.544854 1.831931
1.974216 11.911637 1.942724
1.821635 11.924666 2.346033
2.125169 11.732428 1.573619
2.159596 11.555618 1.550019
2.043061 11.662568 1.812025
2.051601 11.815449 1.786618
2.325518 11.441476 1.050134
2.171466 11.472910 1.473393
2.300584 11.460715 1.114249
2.337086 11.415167 1.033516
1.817519 12.041617 2.343972
1.859878 11.982587 2.229125
2.309836 11.523209 1.197426
1.884587 11.513532 2.241286
1.877511 11.661013 2.242645
1.869254 11.811090 2.240021
1.828224 11.861466 2.347311
1.900553 11.537864 2.260949
1.849302 11.667642 2.290459
2.180401 11.587254 1.444260
2.245635 11.540170 1.317369
2.011549 11.458223 1.873206
2.000398 11.633515 1.916490
2.027967 11.434635 1.842370
1.977638 11.820051 1.961504
2.120919 11.637265 1.597405
2.137326 11.446713 1.571196
2.044171 11.573729 1.829788
2.048991 11.713114 1.801197
2.164476 11.381766 1.496615
2.289337 11.367959 1.146758
1.823042 11.936751 2.346885
1.862328 11.875685 2.232640
2.266040 11.394576 1.222713
1.871946 11.716006 2.248166
1.881296 11.575207 2.254515
1.876004 11.425082 2.255607
1.884592 11.428236 2.257112
1.865463 11.599660 2.314790
2.197776 11.518454 1.471819
2.217943 11.426779 1.343785
2.010830 11.561082 1.941178
1.978636 11.729395 1.977603
2.129808 11.561668 1.625039
2.038842 11.479059 1.844655
2.044087 11.612606 1.815143
1.871416 11.782811 2.242836
1.874122 11.624941 2.255585
1.877536 11.484312 2.260299
2.163106 11.395665 1.487137
1.993479 11.456739 1.949786
1.972279 11.632719 1.990456
2.099031 11.443847 1.638914
2.052353 11.530748 1.833336
1.873850 11.685946 2.246900
1.889865 11.555195 2.273393
1.976008 11.552658 2.008148
2.031238 11.419304 1.838447
1.876420 11.594536 2.253482
1.868734 11.441371 2.265364
1.961224 11.454356 2.015427
1.896759 11.530272 2.273511
1.872158 11.411741 2.259943
2.279366 12.230844 1.119632
2.229062 12.199319 1.285118
2.330444 12.239852 0.958030
2.269606 12.097870 1.159645
2.368152 12.001912 0.935359
2.266466 12.235159 1.151080
2.185738 12.293345 1.357355
2.227855 12.077473 1.322140
2.056176 12.268066 1.769347
2.320859 12.106165 1.004197
2.274908 11.991850 1.200167
2.142833 12.182152 1.589228
2.358045 11.881368 0.981967
2.256764 12.102845 1.187429
2.189702 12.175419 1.392723
2.224637 11.958056 1.357385
2.055930 12.141145 1.793785
2.292964 12.213114 1.074428
2.313132 11.984444 1.047640
2.133626 12.052409 1.613271
2.272667 11.881695 1.236816
2.260767 12.240067 1.183049
2.347974 11.766958 1.025049
2.130771 12.217250 1.600873
2.373989 11.709337 0.960559
2.264740 12.001705 1.223711
1.972276 12.198524 2.076636
2.189297 12.058104 1.424865
2.163516 12.267572 1.466037
2.292506 12.098092 1.114862
2.219891 11.843422 1.391289
2.358100 12.006308 0.933844
2.060859 12.028167 1.817288
2.311349 11.875073 1.088794
2.137883 11.949175 1.639590
2.018785 12.214069 1.868868
2.269826 11.776501 1.272444
2.254354 12.112232 1.216740
2.366276 11.806665 0.965723
2.341760 11.662107 1.067203
2.113086 12.074074 1.619647
2.373554 11.613468 1.002804
2.116557 12.241364 1.612419
2.260064 11.886127 1.257999
1.974918 12.085958 2.090924
2.246848 12.244205 1.195700
2.350837 12.119637 0.922557
2.163277 12.149051 1.495253
2.189221 11.945936 1.456312
2.344124 12.103950 0.935114
2.289256 11.982548 1.154344
2.358512 11.897871 0.974406
2.258271 12.206280 1.180811
2.220451 11.739971 1.425397
2.304828 11.766652 1.127585
2.063619 11.918805 1.841944
2.140795 11.847039 1.666089
2.258922 12.006406 1.249958
2.027711 12.107859 1.892568
2.264943 11.674643 1.305916
2.358905 11.701676 1.005116
2.325878 11.551252 1.106470
2.126822 11.980551 1.647349
2.360860 11.511899 1.043248
2.113238 12.115776 1.632716
2.258231 11.781760 1.290272
1.962719 12.151955 2.104211
1.976495 11.975988 2.103763
2.371965 11.791920 0.951349
2.248275 12.123605 1.227589
2.346563 12.004162 0.965028
2.396246 11.599418 0.933004
2.348285 11.997792 0.972899
2.110083 12.285706 1.608967
2.161603 12.033471 1.523887
2.184134 11.833218 1.487025
2.287404 11.876593 1.190679
2.260805 12.096727 1.215770
2.344858 11.782447 1.012901
2.130307 12.249159 1.564920
2.302534 11.667449 1.164580
2.208973 11.628704 1.455164
2.058246 11.805697 1.861164
2.137015 11.742781 1.688282
2.252046 11.887824 1.279874
2.025795 11.990974 1.910090
2.250482 11.564939 1.337264
2.346564 11.595216 1.044153
1.871923 11.980944 2.330154
1.991406 12.162787 1.965817
2.131675 11.879418 1.670814
2.327234 11.463733 1.145087
2.352804 11.418287 1.081407
2.124396 12.015044 1.656378
1.951957 12.215007 2.118083
2.249061 11.674111 1.320733
1.971945 11.864418 2.113486
1.965857 12.038784 2.114346
2.367199 11.691163 0.990198
2.248043 12.010543 1.256991
2.341493 11.892792 1.004420
2.340695 11.882835 1.009159
2.129462 12.189355 1.634387
2.163894 11.930147 1.552887
2.379618 11.494692 0.974171
2.282111 11.771429 1.224106
2.184540 11.735014 1.515549
2.252605 11.976720 1.250293
2.115998 12.111584 1.586403
2.338579 11.676456 1.049705
2.294665 11.567168 1.199647
2.203595 11.531553 1.484312
2.252666 11.785910 1.309927
2.137338 11.648013 1.711983
2.023800 11.880490 1.927400
2.060185 11.705914 1.882910
2.249364 11.474497 1.369058
2.342439 11.500207 1.081060
1.999861 12.061254 1.985192
1.885060 11.890117 2.348529
2.129603 11.773744 1.691982
2.123568 11.905568 1.676079
1.956805 12.100413 2.127191
1.958714 12.243090 2.042249
1.976259 11.770488 2.128162
1.964828 11.927077 2.123307
2.237894 11.568879 1.349418
2.249479 11.901552 1.285533
2.334380 11.784759 1.041654
2.363733 11.594814 1.029052
2.394426 11.547506 0.939364
2.330269 11.768273 1.044083
2.112926 12.046734 1.646522
2.162275 11.825252 1.578552
2.383229 11.411736 1.013120
2.251705 11.872524 1.282894
2.174767 11.629359 1.540376
2.276869 11.669909 1.258462
2.131201 12.024220 1.615785
2.338203 11.583726 1.083834
2.287492 11.471692 1.233145
2.252733 11.688035 1.339336
2.125199 11.542151 1.731292
2.201609 11.441590 1.512100
2.023172 11.778029 1.945629
2.053712 11.600884 1.900846
2.340775 11.412204 1.116283
1.995668 11.947756 1.998121
2.126011 11.672840 1.711802
2.130977 11.809602 1.698631
1.957935 12.126738 2.053106
1.960136 11.990592 2.134953
1.948757 12.174018 2.124246
1.959440 11.815972 2.129038
1.977270 11.674588 2.141073
2.236903 11.478158 1.377913
2.325270 11.679141 1.077113
2.249436 11.796419 1.313109
2.345730 11.489118 1.065405
2.384474 11.632876 0.957559
2.122978 11.949512 1.668358
2.327601 11.667343 1.076982
2.159694 11.725651 1.604058
2.247321 11.770035 1.312204
2.125663 11.913179 1.637560
2.389730 11.430856 0.968386
2.269070 11.570282 1.289849
2.166254 11.529029 1.564826
2.327930 11.482566 1.117084
2.239930 11.580317 1.364838
2.125673 11.456216 1.752779
2.020552 11.677979 1.962081
2.052699 11.508803 1.920658
1.993768 11.842464 2.012292
2.124606 11.577443 1.731569
1.959038 12.019850 2.065689
2.126723 11.705474 1.715971
1.955429 11.875182 2.138038
1.949974 12.054799 2.127861
1.969202 11.730448 2.145060
1.974546 11.583423 2.152852
2.247825 11.696977 1.338955
2.317415 11.578853 1.112193
2.348997 11.408072 1.101158
2.377107 11.534943 0.993077
2.130096 11.849978 1.687564
2.326145 11.572658 1.109122
2.150424 11.623924 1.625253
2.243873 11.672291 1.342384
2.127431 11.815467 1.661862
2.261925 11.476373 1.319286
2.170070 11.447132 1.593084
2.340281 11.409514 1.150103
2.232799 11.483438 1.389673
2.019753 11.583773 1.979346
1.995044 11.746480 2.027646
2.065183 11.435274 1.947041
2.115264 11.479156 1.747948
1.960991 11.919541 2.078380
2.123688 11.607585 1.732552
1.959774 11.778277 2.148133
1.952603 11.942686 2.132775
1.968966 11.636267 2.154461
1.980194 11.502997 2.168622
2.237480 11.591704 1.362234
2.317686 11.491848 1.144379
2.374335 11.445882 1.025929
2.129322 11.746634 1.703767
2.318602 11.475450 1.138521
2.147476 11.531718 1.647736
2.126560 11.721477 1.682431
2.235265 11.572210 1.370149
2.017480 11.493414 1.995641
1.995772 11.654527 2.042355
1.956348 11.815269 2.087524
2.119780 11.513150 1.749734
1.965016 11.687028 2.158716
1.961913 11.847269 2.143244
1.969713 11.545905 2.165112
2.236106 11.499263 1.386629
2.326411 11.416229 1.176872
2.124380 11.644753 1.718790
2.118811 11.622024 1.701081
2.143611 11.443884 1.670439
2.229593 11.481493 1.396656
1.995630 11.566026 2.057665
1.962373 11.729921 2.101885
2.111040 11.416957 1.763252
1.964589 11.591998 2.166075
1.959831 11.740651 2.146339
1.976569 11.467171 2.179591
2.230090 11.405923 1.409416
2.116929 11.534264 1.721120
2.119344 11.544731 1.733065
2.235023 11.405465 1.423296
1.996751 11.482840 2.072594
1.964730 11.642940 2.115344
1.969712 11.508073 2.176073
1.963444 11.646924 2.153749
2.118721 11.452712 1.742618
2.119809 11.456739 1.749597
1.966025 11.558544 2.127346
1.969439 11.559560 2.163161
1.969702 11.480508 2.141348
1.974006 11.475120 2.171983
2.247790 12.322649 1.122607
2.276946 12.251465 1.041329
2.281920 12.334515 1.021048
2.305567 12.274119 0.950471
2.231783 12.320858 1.155864
2.210057 12.363587 1.220363
2.317954 12.223022 0.961680
2.214355 12.305866 1.188995
2.317574 12.172950 0.946247
2.249656 12.268800 1.153697
2.217474 12.324614 1.206742
2.250160 12.210822 1.165501
2.172437 12.358213 1.321541
2.270362 12.207500 1.063283
2.333478 12.084554 0.930561
2.271650 12.133163 1.087843
2.295238 12.148808 0.991436
2.234373 12.209638 1.195068
2.210053 12.249002 1.259662
2.335552 12.112361 0.926405
2.305936 12.102709 1.006910
2.230740 12.212573 1.227675
2.133283 12.289389 1.473334
2.316725 12.065408 0.989392
2.352407 11.993970 0.919574
2.100275 12.320086 1.562024
2.235762 12.140849 1.194007
2.219282 12.212910 1.239841
2.338064 12.000516 0.946714
2.179904 12.256489 1.356915
2.242754 12.092183 1.206398
2.271448 12.102802 1.102671
2.328719 11.976515 0.975563
2.294154 12.040417 1.030079
2.270017 12.022686 1.131811
2.090728 12.264533 1.572850
2.342468 11.997874 0.937081
2.232956 12.097041 1.234074
2.207126 12.137480 1.296310
2.329841 12.002312 0.969383
2.298852 11.990999 1.048713
2.229043 12.100038 1.261786
2.127756 12.166368 1.506275
2.086653 12.303604 1.608500
2.090270 12.267077 1.614275
2.303010 11.947147 1.029432
2.101907 12.249852 1.605577
2.344191 11.886894 0.967247
2.107628 12.214777 1.594078
2.234652 12.035181 1.233917
2.216226 12.095994 1.271508
2.336654 11.901515 0.992070
2.065859 12.245666 1.671434
2.167114 12.131824 1.386971
2.240779 11.985405 1.246344
2.271068 12.001001 1.141369
2.320219 11.869503 1.018339
2.291055 11.935291 1.066429
2.335106 11.891666 0.976527
2.089676 12.151353 1.602812
2.260738 11.910010 1.174137
2.229840 11.989202 1.269156
2.210495 12.038936 1.331974
2.321565 11.895899 1.008468
2.370602 11.790030 0.935322
2.293704 11.887583 1.089302
2.224015 11.990904 1.294090
2.090050 12.193025 1.631286
2.355034 11.807075 0.954095
2.085855 12.147340 1.636965
2.296501 11.842072 1.068847
2.135653 12.066139 1.542474
2.351816 11.806416 0.968189
2.088368 12.118375 1.627388
2.028743 12.228819 1.760942
2.102576 12.097497 1.622574
2.330919 11.778267 1.011912
2.231123 11.930407 1.271116
2.218052 11.994021 1.301889
2.319381 11.788775 1.035262
2.176826 12.042612 1.420770
2.059753 12.128206 1.697117
2.263910 11.895406 1.177125
2.233247 11.879244 1.283342
1.920649 12.280874 2.069444
2.283357 11.830073 1.100587
2.301896 11.756595 1.058722
2.324100 11.784657 1.014534
2.097693 12.053563 1.634534
2.205860 11.934903 1.365968
2.224396 11.883142 1.303580
2.258977 11.812008 1.214204
2.310148 11.789229 1.047321
1.956787 12.200101 1.995396
2.289129 11.790792 1.127499
2.359820 11.689321 0.980373
2.223653 11.890677 1.326263
2.088489 12.079065 1.651852
2.344383 11.706080 0.993400
2.093911 12.051102 1.662156
2.297011 11.751122 1.104796
2.338982 11.704437 1.008012
2.035878 12.132366 1.785767
2.095242 12.022244 1.655514
2.127462 11.951322 1.572008
2.105543 11.998146 1.651287
2.319991 11.677592 1.054514
2.215233 11.892868 1.329682
2.227899 11.829854 1.307951
2.167548 11.933956 1.449636
1.947747 12.194452 2.079744
2.306588 11.685889 1.075480
2.067389 12.035026 1.724422
1.890255 12.234804 2.160978
2.262184 11.801664 1.211927
2.353184 11.620080 0.963838
2.233376 11.785007 1.319263
2.358153 11.615344 0.962264
2.286360 11.741599 1.134382
1.918865 12.162434 2.084626
2.296003 11.659959 1.097412
2.318075 11.688044 1.050774
1.937434 12.206024 2.110414
2.202304 11.835326 1.397513
2.100202 11.955474 1.663701
2.215167 11.779021 1.335382
2.309293 11.699334 1.083364
2.256523 11.717134 1.251493
1.957773 12.089514 2.015861
2.280910 11.693196 1.164257
2.216872 11.789945 1.355518
2.347480 11.590624 1.022678
2.384950 11.550391 0.936478
2.099446 11.987686 1.675315
2.099641 11.956637 1.686690
2.337946 11.612533 1.031759
2.038416 12.035818 1.808398
1.935937 12.139097 2.098883
2.285659 11.650542 1.140052
2.328589 11.608580 1.046560
2.099699 11.927005 1.680929
2.106640 11.899317 1.678888
2.218490 11.801369 1.358912
2.132338 11.856002 1.604772
2.309682 11.582626 1.095118
2.215530 11.725467 1.339520
1.849925 12.196890 2.239706
2.166387 11.838685 1.478238
2.071836 11.942499 1.751102
1.948811 12.087217 2.095340
2.297912 11.592277 1.113962
1.935593 12.157651 2.111503
1.892538 12.129258 2.175297
2.257178 11.707694 1.244049
2.358052 11.541985 1.003830
2.221958 11.682633 1.352856
2.283086 11.649874 1.166442
2.357388 11.531786 1.002906
1.917340 12.051845 2.100320
2.295906 11.575747 1.133907
2.321437 11.605591 1.085870
1.932056 12.085615 2.116360
2.192829 11.735789 1.427348
2.302160 11.606189 1.117670
2.211373 11.686753 1.366231
2.093303 11.848434 1.688362
2.249967 11.622711 1.287795
2.278533 11.607111 1.199214
1.955071 11.979039 2.034493
2.207767 11.688276 1.382848
2.099272 11.885116 1.694337
2.338896 11.500624 1.064489
2.380277 11.466331 0.978975
2.039854 11.942737 1.829097
2.098188 11.856006 1.707860
2.330404 11.522453 1.068184
1.934591 12.030032 2.110496
2.284967 11.564904 1.173285
2.380046 11.439270 0.961413
2.098696 11.830549 1.704182
2.329812 11.526953 1.083841
2.099957 11.798317 1.702398
2.208028 11.695321 1.383799
2.309169 11.501479 1.133732
1.859047 12.106647 2.255904
2.210051 11.632767 1.372098
2.124618 11.752369 1.632399
2.169481 11.752653 1.507554
2.071640 11.848076 1.773925
1.947504 11.982671 2.109883
1.932304 12.040063 2.116141
2.299941 11.512688 1.150812
1.890683 12.022365 2.186964
2.251615 11.616820 1.275836
2.347461 11.452522 1.042071
2.278350 11.558329 1.196534
2.215065 11.591904 1.385125
2.352930 11.448334 1.041703
2.311888 11.513332 1.117452
1.917850 11.950428 2.116843
2.295252 11.494631 1.170060
1.936794 11.986194 2.129398
2.188432 11.644814 1.456190
2.301828 11.523843 1.150918
2.210569 11.600232 1.397393
2.085256 11.748492 1.711951
2.273423 11.520425 1.233075
2.235361 11.523715 1.322014
2.205510 11.599206 1.410775
2.101996 11.792835 1.714147
2.040837 11.850924 1.850235
1.954046 11.874452 2.053921
2.095688 11.757928 1.727473
2.302905 11.388739 1.101780
1.937102 11.933262 2.124919
2.333569 11.446394 1.102959
2.288080 11.487043 1.206394
2.329479 11.447330 1.118350
2.094966 11.733495 1.726332
2.205635 11.606279 1.409270
2.099359 11.706969 1.727318
1.869813 12.023202 2.272498
2.161764 11.659634 1.532034
2.209293 11.548055 1.404907
2.117533 11.654448 1.658001
2.063818 11.748742 1.793811
1.943434 11.878445 2.122929
1.937826 11.940886 2.127078
1.894461 11.929090 2.201768
2.243640 11.526836 1.304885
2.270712 11.407075 1.184116
2.282189 11.481619 1.227157
2.211124 11.505124 1.416039
2.325862 11.446742 1.150108
1.936041 11.883762 2.138598
1.918271 11.853571 2.133834
2.315799 11.457252 1.183574
2.177763 11.550591 1.483280
2.200814 11.506221 1.424847
2.086836 11.660851 1.737618
2.286116 11.453057 1.266609
2.031463 11.750873 1.866104
2.206609 11.516458 1.437778
2.097997 11.695848 1.731399
2.245595 11.452964 1.358093
2.095680 11.667767 1.747464
1.958102 11.783851 2.074894
1.940432 11.838542 2.138914
2.254573 11.377390 1.233331
2.094138 11.644017 1.748017
1.867544 11.924559 2.280606
2.204010 11.520202 1.433922
2.095938 11.616851 1.750370
2.152178 11.567134 1.555402
2.206571 11.465688 1.435817
2.061618 11.660312 1.815586
1.942712 11.785965 2.137596
2.113029 11.562613 1.684775
1.937844 11.841409 2.135460
1.894143 11.836266 2.215584
2.261002 11.465639 1.337015
2.263491 11.385538 1.253453
2.226840 11.442577 1.450288
1.937006 11.789010 2.150271
1.917141 11.758723 2.148079
2.191612 11.485831 1.515144
2.213305 11.439802 1.455537
2.078051 11.567681 1.759291
2.033071 11.667494 1.886507
2.093399 11.602872 1.747926
2.201386 11.431373 1.462650
2.091122 11.576595 1.765653
1.940482 11.746304 2.151495
1.952798 11.683389 2.091753
1.870126 11.836582 2.292691
2.094119 11.559299 1.770546
2.204420 11.440576 1.458145
2.150396 11.486519 1.580140
2.091054 11.529623 1.772728
2.056593 11.573108 1.835494
1.947298 11.702895 2.155785
1.894592 11.746402 2.228583
1.940491 11.747104 2.145408
2.106514 11.474039 1.709255
1.942731 11.704038 2.163865
1.923586 11.677867 2.168650
2.086426 11.496271 1.786451
2.028315 11.579982 1.903119
2.091336 11.516895 1.765231
2.085102 11.488315 1.783148
1.944478 11.661813 2.166422
1.877471 11.758384 2.306696
2.083645 11.468168 1.787024
1.956655 11.601898 2.113693
2.136069 11.396680 1.600132
2.091797 11.450581 1.795707
2.052382 11.487952 1.854978
1.948151 11.620846 2.171745
1.896670 11.663330 2.242000
1.946987 11.665084 2.158185
1.946543 11.620497 2.175954
1.925392 11.595114 2.185364
2.024732 11.497801 1.919333
2.098991 11.441382 1.785416
1.872640 11.668822 2.313450
1.946104 11.580005 2.180297
1.951879 11.511696 2.129037
1.899194 11.584440 2.257501
1.949911 11.539015 2.188069
1.948940 11.579342 2.167891
1.948076 11.540523 2.189042
1.928010 11.517118 2.202922
2.020597 11.418715 1.935215
1.948587 11.502039 2.195409
1.946141 11.424928 2.144896
1.898490 11.504403 2.270713
1.958248 11.470078 2.208303
1.950434 11.494866 2.178053
1.955376 11.465989 2.203933
1.909005 11.417008 2.207055
1.885973 11.413585 2.275431
2.292046 12.242052 1.006064
2.290783 12.250174 1.017709
2.329998 12.221973 0.953697
2.312380 12.270858 0.965931
2.214409 12.300465 1.225720
2.231291 12.282290 1.201092
2.264095 12.274726 1.104238
2.288704 12.133632 1.047512
2.286134 12.138287 1.056274
2.230286 12.313365 1.207532
2.318895 12.105229 0.994422
2.294965 12.273883 0.997773
2.331195 12.148030 0.957679
2.303601 12.154152 1.009029
2.222052 12.202278 1.259209
2.229496 12.176187 1.237611
2.241653 12.322462 1.170620
2.317484 12.167313 0.945524
2.181500 12.362549 1.303871
2.258972 12.165856 1.144898
2.093807 12.303907 1.579957
2.279929 12.031098 1.093313
2.282535 12.027319 1.086611
2.230414 12.204048 1.243917
2.308791 11.996571 1.033613
2.114867 12.247918 1.529528
2.284538 12.155779 1.042936
2.250500 12.316660 1.134742
2.317806 12.035683 1.001408
2.338456 12.013700 0.964714
2.296248 12.045205 1.049757
2.220148 12.095343 1.291211
2.164083 12.265254 1.443212
2.220608 12.066559 1.271841
2.231972 12.202848 1.209598
2.339293 12.160873 0.934539
2.318345 12.069026 0.989850
2.186825 12.259953 1.342665
2.103298 12.284693 1.586736
2.256311 12.062215 1.184749
2.093579 12.192081 1.602821
2.284217 11.935426 1.122847
2.279071 11.934027 1.127903
2.301429 11.895560 1.069982
2.222538 12.091002 1.277635
2.114859 12.147476 1.558728
2.224308 12.253294 1.239543
2.280245 12.051633 1.086915
2.251157 12.211427 1.178133
2.311144 11.932421 1.042616
2.332966 11.914862 1.005964
2.292056 11.945367 1.088493
2.219654 11.996176 1.320845
2.145825 12.138732 1.472125
2.221408 11.972649 1.306027
1.964667 12.286313 1.934518
2.349043 11.945860 0.948438
2.234161 12.099970 1.248068
2.328407 12.046697 0.983861
2.111130 12.270155 1.576499
2.313904 11.967642 1.032650
1.996807 12.294362 1.849013
2.170117 12.132312 1.376405
2.094879 12.164874 1.609718
2.249853 11.961401 1.221499
2.099570 12.094170 1.626951
2.275834 11.839622 1.161387
2.281016 11.841895 1.158391
2.296426 11.801612 1.104757
2.225152 11.995721 1.310913
2.112533 12.046993 1.585541
2.340377 11.985556 0.976156
2.216417 12.135900 1.280941
2.275289 11.950620 1.128103
2.298552 11.830060 1.081578
2.246942 12.102766 1.219158
2.322076 11.814762 1.044908
2.289372 11.851462 1.125644
2.216829 11.898759 1.349763
2.152231 12.048536 1.504147
2.223715 11.884670 1.338628
1.973023 12.195429 1.957072
2.340604 11.844850 0.992594
2.124376 12.255087 1.566880
2.347641 11.827891 0.969540
2.230851 11.997661 1.283452
2.315811 11.938193 1.028839
2.096269 12.143684 1.599973
2.005394 12.200686 1.875183
2.295919 11.856085 1.073662
2.099526 12.068873 1.635966
2.179247 12.045422 1.413300
1.944007 12.202040 2.045708
2.244533 11.864145 1.256223
2.105785 12.001393 1.650342
2.273734 11.748773 1.192844
2.274166 11.748442 1.192005
2.030366 12.214100 1.782679
2.293029 11.711763 1.138728
2.215936 11.890735 1.340717
1.942839 12.253446 2.043947
2.116958 11.958255 1.613564
2.330705 11.882822 1.021546
2.270891 11.856243 1.166933
2.292254 11.737111 1.118858
2.060185 12.215901 1.687741
2.208616 12.024605 1.318757
2.310188 11.716293 1.082681
2.239930 11.995314 1.258244
2.279214 11.751662 1.160064
2.210836 11.800173 1.376302
1.975138 12.100363 1.975659
2.150780 11.951859 1.534667
2.209838 11.783179 1.367016
2.322779 11.741142 1.034146
2.219538 11.891622 1.316164
2.334554 11.728582 1.010604
2.108319 12.127777 1.593640
2.010764 12.106756 1.898585
2.100953 12.048559 1.628273
2.309929 11.840564 1.072966
2.292322 11.763768 1.112086
2.107900 11.980687 1.662225
2.172303 11.941390 1.445087
1.945016 12.093596 2.055900
2.239437 11.772023 1.290208
2.107080 11.906107 1.670979
2.268403 11.659460 1.223203
2.267971 11.659791 1.224042
2.288585 11.624460 1.171136
2.031291 12.110276 1.808903
2.212101 11.796740 1.370127
2.118584 11.870722 1.639649
1.946894 12.151587 2.059067
2.366592 11.743107 0.942802
1.947679 12.206726 2.040157
2.312980 11.777274 1.063874
2.293472 11.657074 1.154892
2.260771 11.757313 1.203406
2.211256 11.931990 1.355745
2.061292 12.110205 1.717189
2.317092 11.639951 1.118997
2.281297 11.670959 1.194420
2.205017 11.707640 1.401714
2.240385 11.901694 1.295693
1.974602 12.003756 1.993479
2.141707 11.852036 1.561286
2.210952 11.700504 1.396875
1.955015 12.264885 2.019853
2.321577 11.656764 1.073037
2.117332 12.040041 1.626014
2.332919 11.644538 1.050332
2.217158 11.798338 1.349622
2.003416 12.001123 1.916460
2.106761 11.958778 1.656217
2.289753 11.678628 1.149375
2.104876 11.882467 1.684171
2.293020 11.735274 1.113222
1.946654 11.993540 2.067853
2.237600 11.687172 1.322984
2.102589 11.808975 1.690540
2.162981 11.840027 1.475769
2.262014 11.574483 1.253672
2.262927 11.572906 1.252384
2.110933 11.776872 1.662240
2.285698 11.542170 1.202351
2.211946 11.711474 1.399159
2.034994 12.014975 1.834364
1.944806 12.043718 2.070999
2.357689 11.647701 0.979694
2.356083 11.649858 0.987559
1.950870 12.105533 2.056943
2.284613 11.568673 1.187828
2.303252 11.683395 1.104506
2.258635 11.671838 1.239855
2.300842 11.545608 1.151660
1.969046 11.906474 2.007766
2.273303 11.581892 1.225679
2.202605 11.619629 1.427084
2.205990 11.833810 1.390840
2.228529 11.799620 1.330117
2.071740 12.020510 1.749884
2.202408 11.610927 1.424469
2.140285 11.764170 1.589498
1.960093 12.164064 2.039853
1.849414 12.174673 2.285026
2.311506 11.569315 1.110934
2.213584 11.710349 1.380349
2.002385 11.907565 1.936385
1.882597 12.198737 2.196118
2.113259 11.938222 1.652420
2.331990 11.564376 1.088873
2.099000 11.856167 1.678642
2.100806 11.786796 1.704556
1.945123 11.892319 2.077427
2.283212 11.590273 1.184682
2.101406 11.718200 1.709280
2.298297 11.658414 1.153664
2.227389 11.596215 1.352647
2.165097 11.755716 1.506785
2.263337 11.498750 1.284454
2.261610 11.493831 1.280738
2.110934 11.694973 1.686424
2.285218 11.466018 1.232365
2.206486 11.623114 1.426667
2.028052 11.912603 1.854726
1.943793 11.942116 2.082184
2.357313 11.568042 1.021901
2.349217 11.564464 1.029878
1.946488 12.000283 2.070218
2.287340 11.494570 1.222268
1.965083 11.815084 2.022919
2.254553 11.588696 1.274360
2.299819 11.598925 1.143458
2.192941 11.530849 1.448998
2.304420 11.472636 1.186091
2.267334 11.498382 1.256966
2.194519 11.526151 1.450488
2.220352 11.706277 1.364163
2.200529 11.739306 1.424366
2.139568 11.680186 1.616523
2.069372 11.920944 1.776272
1.951084 12.050791 2.052722
1.855067 12.078691 2.301005
2.202103 11.616798 1.409184
2.000406 11.814722 1.955526
2.311764 11.491788 1.147842
2.108977 11.841870 1.678927
2.102233 11.772727 1.703910
2.322253 11.478438 1.125141
1.881969 12.091563 2.212094
2.100030 11.699269 1.725791
1.946406 11.800491 2.088300
2.100915 11.633100 1.728505
2.277279 11.507635 1.218025
2.221756 11.514198 1.382316
2.283553 11.563859 1.190760
2.156753 11.662459 1.535931
2.105594 11.609106 1.707025
1.945113 11.851155 2.095118
2.197006 11.532458 1.451804
2.020580 11.812407 1.875136
2.344194 11.480255 1.061925
2.339984 11.479942 1.069423
1.942761 11.899841 2.081915
2.259436 11.396574 1.250337
1.969756 11.735808 2.042497
2.195381 11.455992 1.474027
2.249054 11.505723 1.306862
2.285511 11.439169 1.288702
2.297092 11.518337 1.181224
2.200352 11.457593 1.477157
2.122580 11.582743 1.636885
2.211463 11.616982 1.395031
1.951452 11.954392 2.070900
2.191368 11.645798 1.455572
2.062552 11.819415 1.801126
1.858390 11.984459 2.316269
2.001192 11.732185 1.975579
2.282228 11.393284 1.180040
2.201741 11.537004 1.438302
2.109225 11.755377 1.705048
2.295321 11.382404 1.157706
2.095450 11.678222 1.724800
2.095605 11.611822 1.745098
1.957164 11.723697 2.105261
1.887745 11.996420 2.232569
2.091149 11.541687 1.744235
2.289471 11.444107 1.253151
2.228191 11.445228 1.413040
2.099244 11.526660 1.728126
2.154271 11.578938 1.564236
2.280309 11.483647 1.226911
1.947222 11.764037 2.109314
2.202937 11.462066 1.479248
2.026373 11.732346 1.900376
2.313977 11.380542 1.099022
2.310571 11.382272 1.106124
1.944537 11.811215 2.097729
1.969409 11.655859 2.058544
2.215095 11.401660 1.334198
2.295922 11.442760 1.217797
2.122791 11.507776 1.661988
1.953314 11.865716 2.089164
2.210335 11.536016 1.426600
2.182481 11.556507 1.486431
2.060213 11.728661 1.825206
1.857642 11.888849 2.328770
2.003249 11.652242 1.996445
2.204784 11.461726 1.467381
2.099395 11.660524 1.728072
2.092333 11.594234 1.746983
2.087109 11.522997 1.761644
1.955586 11.635793 2.115468
2.092535 11.464900 1.762309
1.890721 11.902484 2.251106
2.109771 11.463391 1.753915
2.149842 11.497751 1.590598
2.263423 11.395102 1.260496
1.949234 11.678761 2.122721
2.028515 11.652361 1.923688
1.973776 11.583884 2.077437
1.947487 11.727017 2.113579
2.106781 11.418438 1.680817
1.949835 11.773075 2.103844
2.205976 11.456584 1.457074
2.185613 11.481180 1.517955
2.052521 11.635732 1.847371
1.861078 11.803384 2.344176
1.996413 11.566571 2.012590
2.091071 11.571604 1.749512
2.092622 11.514766 1.769127
2.096849 11.455894 1.786155
1.961324 11.558331 2.128887
1.890478 11.808300 2.266874
2.126958 11.402101 1.610761
1.951938 11.599158 2.136612
2.017051 11.558681 1.939421
1.974555 11.509282 2.093122
1.951646 11.648118 2.131524
1.951440 11.690787 2.121811
1.860061 11.715954 2.358050
1.996844 11.492260 2.031558
2.050357 11.551036 1.870313
2.095354 11.442307 1.792132
2.089165 11.492917 1.773784
1.959119 11.474439 2.138355
1.954534 11.523182 2.151381
1.887427 11.717112 2.282371
1.961151 11.424067 2.100894
2.025986 11.491302 1.965989
1.950804 11.566751 2.144258
1.953380 11.611791 2.139808
1.986657 11.409088 2.043744
2.052492 11.474634 1.896924
2.097628 11.426789 1.800781
1.958850 11.449457 2.166117
1.890862 11.635231 2.301077
1.953406 11.492557 2.160681
1.949887 11.530661 2.153443
1.887103 11.549883 2.315047
1.954265 11.460464 2.173963
1.894238 11.479391 2.337101
2.279922 12.332353 0.976277
2.264693 12.287336 1.074274
2.272667 12.219931 1.014225
2.289385 12.209863 0.989790
2.189526 12.360590 1.295693
2.223481 12.271398 1.170730
2.111974 12.359014 1.440592
2.258967 12.179940 1.111061
2.288947 12.279389 0.982079
2.274145 12.121265 1.050088
2.291833 12.112261 1.028087
2.334963 12.241693 0.909566
2.305969 12.252338 0.958351
2.187563 12.254754 1.327850
2.226713 12.170513 1.203584
2.219531 12.351857 1.200749
2.118907 12.258836 1.466755
2.229945 12.274735 1.145601
2.258101 12.083018 1.146266
2.287700 12.177508 1.023703
2.273214 12.025272 1.084908
2.285756 12.012181 1.064265
2.297325 12.142727 0.998062
2.323471 12.128943 0.952594
2.117311 12.344029 1.439545
2.177668 12.143357 1.358176
2.227840 12.073824 1.233788
2.220465 12.247432 1.238518
2.069620 12.277268 1.664035
2.250940 12.352612 1.097014
2.121674 12.159992 1.491511
2.237060 12.180676 1.181317
2.251909 11.983006 1.179993
2.246585 12.293283 1.103243
2.277558 12.070778 1.062746
2.267747 11.928239 1.117862
2.279752 11.917315 1.097309
2.319033 12.182745 0.922943
1.982744 12.280517 1.859056
2.287179 12.036000 1.037101
2.313329 12.023993 0.993318
2.119524 12.241214 1.467894
2.183792 12.057063 1.389255
2.321036 12.165442 0.930507
2.223219 11.974364 1.263363
2.220992 12.149463 1.273620
2.076597 12.186764 1.690058
2.244351 12.239717 1.138982
2.128088 12.069893 1.515923
2.107301 12.281435 1.580953
2.232906 12.075608 1.215613
2.127994 12.343458 1.422707
2.285421 12.338699 0.988596
2.253181 11.895935 1.212493
2.237149 12.179833 1.141647
2.282268 11.982949 1.100781
2.271188 11.842193 1.149869
2.279688 11.830364 1.130279
2.317361 12.082964 0.967077
1.986546 12.179057 1.874689
2.281466 11.938296 1.073720
2.303376 11.922412 1.031664
2.184160 11.966224 1.418017
2.127560 12.148159 1.495409
2.346581 12.042921 0.907167
2.220795 11.883831 1.290627
2.316701 12.064113 0.973907
2.258159 12.294466 1.061438
2.218681 12.052715 1.306840
2.079885 12.096349 1.714207
2.248080 12.144679 1.178090
2.123107 11.968859 1.536471
2.104927 12.178494 1.607058
2.229194 11.978129 1.247236
2.129791 12.280984 1.486213
2.125590 12.234387 1.452311
2.285544 12.231414 1.035289
2.249918 11.807825 1.243131
2.238633 12.082931 1.179168
2.279418 11.891931 1.137448
2.269616 11.756349 1.180483
1.981600 12.233444 1.870477
2.277693 11.744843 1.161740
1.995815 12.088531 1.892405
2.308491 11.980594 1.008615
2.279336 11.848483 1.107928
2.298284 11.831306 1.068432
2.179085 11.874137 1.444546
2.125849 12.049127 1.520354
2.338562 11.943460 0.950378
2.217404 11.794015 1.317129
1.928095 12.187089 2.111413
2.301656 11.957520 1.013988
2.255640 12.191763 1.103896
2.078325 12.001599 1.736410
2.213648 11.955346 1.338936
2.137861 12.331170 1.406378
2.339098 12.076364 0.907320
2.129712 11.883904 1.560180
2.243029 12.042950 1.215375
2.107538 12.085958 1.634028
2.228702 11.887940 1.277676
2.124249 12.171609 1.515544
2.127685 12.135191 1.481563
2.243817 11.720937 1.271889
1.983323 12.300362 1.848322
2.275806 12.119993 1.078653
2.173326 12.291304 1.390745
2.234791 11.982937 1.215210
2.263020 11.668936 1.208016
1.990991 12.142843 1.890636
2.273301 11.800683 1.171395
2.271220 11.657362 1.191716
1.997025 11.992518 1.905845
2.294608 11.878431 1.048759
2.297625 11.749217 1.102783
2.182506 11.795129 1.472666
2.278425 11.762177 1.142575
2.126995 11.956785 1.545342
1.925267 12.088778 2.122544
2.211291 11.703578 1.342508
2.325950 11.843884 0.991347
2.291102 11.859027 1.052028
2.075143 11.911577 1.757185
1.962317 12.197424 2.036047
2.256030 12.093055 1.145087
2.207416 11.862382 1.368756
2.349355 11.976102 0.911554
2.130420 12.216166 1.438085
2.127781 11.794705 1.580084
2.104275 11.990724 1.657925
2.334225 11.978974 0.952475
2.238536 11.946964 1.250745
2.223732 11.795793 1.306630
2.129156 12.081795 1.546152
2.129183 12.039086 1.510512
2.236750 11.634767 1.299886
1.991556 12.207103 1.870092
2.272142 12.020777 1.119201
2.260190 11.588420 1.235965
2.227031 11.886722 1.247867
2.165635 12.173857 1.424427
1.991043 12.044173 1.905687
2.266952 11.713125 1.203815
2.265421 11.573781 1.220536
1.997208 11.898146 1.918144
2.177078 11.708580 1.496899
2.293395 11.665377 1.136019
2.295999 11.794843 1.087048
2.276737 11.679951 1.174100
1.922689 11.994690 2.133366
2.127907 11.868134 1.568803
2.212764 11.624240 1.367409
2.319478 11.755589 1.029871
2.077487 11.829794 1.778726
1.985422 12.211568 1.947837
2.292499 11.775442 1.090304
1.955355 12.091621 2.047956
2.206654 11.778579 1.398962
2.247470 11.990426 1.183308
2.340379 11.879131 0.955674
2.140347 12.127925 1.471747
2.121376 11.703552 1.598494
2.100479 11.897663 1.681889
2.323859 11.881264 0.995007
2.238177 11.858479 1.285291
2.215392 11.707036 1.333788
2.129219 11.987649 1.574801
2.130394 11.947598 1.537544
2.237325 11.558772 1.327785
1.992235 12.264220 1.845241
1.994883 12.110438 1.889526
2.272193 11.929386 1.159773
2.267179 11.519095 1.263329
1.986980 11.944152 1.918016
2.262130 11.630601 1.235061
2.238242 11.810768 1.282206
2.271511 11.506021 1.249218
2.170471 12.080609 1.459819
1.998989 11.811433 1.933023
2.167967 11.622131 1.519254
1.930079 11.917046 2.151114
2.288203 11.582259 1.168486
2.125562 11.781034 1.591223
2.269306 11.594963 1.204990
2.292010 11.709089 1.123474
2.212295 11.546330 1.390815
2.073948 11.745314 1.797209
2.314091 11.670874 1.066404
1.957802 12.002652 2.065215
1.984443 12.110168 1.966945
2.291470 11.692756 1.125865
2.194009 11.685092 1.425792
2.247755 11.899703 1.220217
2.020668 12.227266 1.861537
2.329465 11.783591 0.998297
2.143600 12.034931 1.502734
2.121700 11.624136 1.618147
2.354046 11.763021 0.952270
2.101717 11.814079 1.707113
2.228005 11.764943 1.316904
2.313368 11.785400 1.036783
2.214741 11.627530 1.361248
2.131225 11.899983 1.603138
2.130885 11.861044 1.563532
2.246439 11.493152 1.355980
2.001859 12.173474 1.870272
1.993174 12.012206 1.905890
1.996271 11.865086 1.937257
2.262003 11.831489 1.196571
2.258033 11.551051 1.265543
2.225337 11.714837 1.311014
2.001853 11.728295 1.945908
2.168938 11.984132 1.490930
2.154741 11.536097 1.540601
1.929880 11.832670 2.164129
2.273324 11.524340 1.234922
2.286645 11.506104 1.198936
2.284270 11.624347 1.157664
2.124906 11.696195 1.613625
2.063627 11.657932 1.812251
1.956189 11.911405 2.080142
2.304227 11.584198 1.101454
1.980623 12.009995 1.984172
2.279845 11.602966 1.158868
2.193678 11.608877 1.453332
2.245689 11.810732 1.256465
2.111849 11.537300 1.634393
2.318625 11.693265 1.037791
2.134917 11.933174 1.529950
2.025255 12.128816 1.886988
2.098779 11.730060 1.729249
2.346351 11.674772 0.993708
2.221113 11.677773 1.347715
2.212695 11.547289 1.387107
2.302951 11.694751 1.075427
2.123902 11.806025 1.628057
2.129921 11.774676 1.587541
2.003422 12.077241 1.891028
1.995240 11.922646 1.924357
1.995804 11.778276 1.952242
2.221666 11.634955 1.340651
2.267206 11.486281 1.295795
2.259340 11.745608 1.232524
2.002850 11.647441 1.959353
1.928596 11.750857 2.175629
2.162019 11.885489 1.520186
2.121294 11.614423 1.633393
2.069068 11.587057 1.833534
2.281624 11.546387 1.191792
1.957441 11.828618 2.096803
2.309333 11.514565 1.136257
2.182323 11.524112 1.477474
1.982763 11.921281 2.004704
2.281864 11.530334 1.192103
2.233331 11.716180 1.288548
2.095665 11.648809 1.750238
2.133829 11.844287 1.558387
2.317661 11.613205 1.077085
2.024816 12.028799 1.909356
2.343034 11.596462 1.032354
2.219256 11.598308 1.378084
2.297084 11.611277 1.112413
2.119497 11.717834 1.653401
2.124058 11.686674 1.610915
1.999957 11.979445 1.908702
1.998407 11.838435 1.942508
1.994671 11.693707 1.964861
1.933386 11.678655 2.191193
2.221924 11.557429 1.370149
2.003309 11.568755 1.972878
2.254861 11.659316 1.267723
2.157902 11.794456 1.549110
2.110168 11.526777 1.650486
2.064216 11.510607 1.850656
2.285284 11.476934 1.224622
1.958633 11.746757 2.113075
1.983330 11.834599 2.022499
2.091525 11.569199 1.770090
2.228138 11.633044 1.321015
2.136391 11.764138 1.586484
2.315616 11.535703 1.114864
2.333179 11.513334 1.070760
2.015406 11.923095 1.927078
2.208502 11.514002 1.405879
2.300615 11.539309 1.149672
2.122253 11.641054 1.679127
2.121043 11.603586 1.632646
1.995698 11.751532 1.957588
2.001117 11.891447 1.928471
2.001799 11.621537 1.982745
1.935881 11.607283 2.206478
2.218380 11.481840 1.397024
2.001881 11.488809 1.983584
2.246093 11.574430 1.299080
2.155365 11.707531 1.577246
1.957414 11.667571 2.128309
1.981602 11.748749 2.040014
2.085091 11.490420 1.789663
2.225738 11.555744 1.351462
2.125310 11.671201 1.609139
2.012749 11.830902 1.947719
2.102469 11.546648 1.696851
2.119561 11.527299 1.654905
1.999486 11.673917 1.975882
1.997308 11.800965 1.945539
1.936433 11.535570 2.218567
1.992496 11.535110 1.992014
2.249025 11.501994 1.332668
1.962690 11.597672 2.146760
2.143080 11.614640 1.602816
1.987232 11.675089 2.062424
2.217590 11.475678 1.381286
2.124066 11.592993 1.634599
2.015137 11.748183 1.969608
2.119794 11.490771 1.726547
2.002247 11.597941 1.993039
1.997647 11.721523 1.965176
1.966998 11.528488 2.164452
2.142809 11.537492 1.630702
1.985696 11.594383 2.079242
1.850220 11.885423 2.414488
2.112586 11.508291 1.656276
2.013952 11.663716 1.990384
1.994282 11.514944 2.005195
2.001009 11.644229 1.984305
1.987087 11.521213 2.098176
2.013509 11.583998 2.012072
1.997168 11.564357 2.000844
2.243459 12.368214 1.133749
2.287026 12.289884 0.997923
2.240393 12.340967 1.114437
2.284892 12.280878 1.013183
2.143357 12.355862 1.373922
2.237852 12.262701 1.168552
2.278770 12.184625 1.033705
2.231627 12.229837 1.146332
2.271377 12.169860 1.048622
2.267596 12.358624 1.040827
2.253200 12.352101 1.079739
2.145202 12.257980 1.400072
2.239885 12.171843 1.201516
2.278647 12.091852 1.067530
2.240613 12.145208 1.177942
2.142396 12.263033 1.434321
2.265209 12.071054 1.084170
2.309621 12.211118 0.973771
2.247378 12.235820 1.079863
2.314751 12.193693 0.969929
2.244619 12.242628 1.115813
2.149192 12.348457 1.368686
2.135020 12.147059 1.421870
2.236570 12.077093 1.233397
2.266592 11.989563 1.100408
2.008380 12.293653 1.755688
2.231946 12.043863 1.207401
2.148195 12.176438 1.463983
2.300968 12.108871 1.011783
2.267524 12.165817 1.117179
2.183215 12.268301 1.349701
2.309127 12.097152 1.008414
2.246768 12.148999 1.149901
2.019490 12.243313 1.799995
2.151123 12.251419 1.396925
2.147648 12.069478 1.449078
2.302503 12.265621 0.979929
2.230028 11.983966 1.264303
2.272271 11.911096 1.131647
2.013691 12.201160 1.773295
2.230116 11.954221 1.235740
2.147236 12.085247 1.490979
2.214788 12.373477 1.218156
2.263256 12.265246 1.069048
2.284734 12.002679 1.048834
2.260030 12.067165 1.153233
2.147862 12.337542 1.344933
2.172931 12.161971 1.380285
2.294633 11.993191 1.045460
2.240386 12.052156 1.182292
2.025774 12.158154 1.822341
2.148208 11.979778 1.471566
2.141983 12.143292 1.422883
2.228164 11.897951 1.293611
2.292277 12.160133 1.020772
2.016266 12.108115 1.789811
2.269121 11.824280 1.161814
2.235207 11.874430 1.263695
2.147852 11.999996 1.516501
2.213249 12.271098 1.254962
2.253353 12.158614 1.106967
2.004485 12.253735 1.763982
2.053088 12.245316 1.721366
2.288428 11.921293 1.083753
2.253612 11.973947 1.186595
2.162274 12.255005 1.378392
2.176949 12.076770 1.410940
2.290460 11.905391 1.081371
2.236530 11.960525 1.213945
2.025219 12.070242 1.841283
2.256213 12.369248 1.115068
2.141557 11.886729 1.491870
2.141840 12.051457 1.448192
2.226135 11.815649 1.321452
2.317838 12.031807 0.981972
2.024068 12.024450 1.807652
2.265355 11.742426 1.190997
2.281014 12.057254 1.060148
2.233087 11.791288 1.289466
2.144822 11.914002 1.540566
2.283787 12.281087 1.021014
2.332434 12.012308 0.961199
2.208393 12.169507 1.288724
1.862973 12.202087 2.240941
2.015691 12.170125 1.786949
2.246266 12.059645 1.142187
2.007395 12.327209 1.738501
2.058586 12.159871 1.745801
2.251462 11.888164 1.219211
2.279689 11.829878 1.116508
2.173337 11.985859 1.438933
2.147455 12.141445 1.404871
2.284791 11.818756 1.114967
2.168748 12.344392 1.325091
2.239095 11.878232 1.243993
2.024621 11.983273 1.859864
2.074913 12.249184 1.632848
2.142826 11.804557 1.514228
2.244811 12.254843 1.155226
2.148707 11.970311 1.475185
2.217807 11.730189 1.347474
2.024200 11.935998 1.822460
2.310350 11.938532 1.020718
2.261005 11.661922 1.218231
2.140385 11.830008 1.564387
2.223428 11.703279 1.314643
2.279613 11.969100 1.097537
2.326274 11.921583 1.000792
2.268415 12.167081 1.062637
2.202049 12.071769 1.321503
1.868339 12.120353 2.255722
2.016028 12.077033 1.803606
2.245688 11.970856 1.177872
2.015240 12.236363 1.762597
1.858347 12.170800 2.360788
2.049362 12.059896 1.765158
2.247865 11.805305 1.251214
2.271245 11.743616 1.148643
2.170021 11.900099 1.466306
2.151009 12.054819 1.434694
1.891674 12.210631 2.165715
2.277257 11.732685 1.147469
2.020793 11.897919 1.877468
2.235861 11.793294 1.273443
2.174539 12.251556 1.360672
2.334563 12.063251 0.962580
2.074476 12.152243 1.658796
2.141696 11.726036 1.535236
2.146082 11.883997 1.498415
2.215118 11.653786 1.373968
2.248994 12.162363 1.194591
2.027407 11.855021 1.839449
2.136235 11.748476 1.586256
2.252097 11.580488 1.243641
2.212193 11.618276 1.336767
2.301826 11.847861 1.057998
2.272373 11.879227 1.133959
2.310253 11.825099 1.037844
1.872621 12.039450 2.267336
2.265935 12.073507 1.102738
2.200014 11.980544 1.353904
2.020350 11.991611 1.822809
2.243535 11.885078 1.210503
2.017156 12.142957 1.783658
1.859858 12.075921 2.364640
2.054281 11.978505 1.788984
2.108812 12.250908 1.542694
2.274936 11.671197 1.179040
2.241032 11.721383 1.280907
2.170642 11.820247 1.494524
2.337554 11.952606 0.954341
2.153568 11.969870 1.463419
1.892716 12.119717 2.179562
2.281408 11.661705 1.178717
2.020364 11.818878 1.894330
2.020881 12.305127 1.735474
2.233332 11.713181 1.301420
2.163374 12.144132 1.391302
2.079974 12.069491 1.684584
2.323307 11.965758 1.004649
2.131568 11.640181 1.552365
2.142543 11.797512 1.521287
2.208323 11.575204 1.398154
2.131509 11.670976 1.607508
1.851087 12.200576 2.361069
1.920549 12.235932 2.084213
2.025548 11.769913 1.852065
2.259928 11.515598 1.270849
2.238051 12.058363 1.231069
2.217326 11.549220 1.361911
2.297941 11.765226 1.093308
2.274205 11.801109 1.169135
1.869273 11.952836 2.276287
2.306827 11.743902 1.074005
2.257567 11.976456 1.140172
2.196492 11.893168 1.385322
2.024508 11.909895 1.840543
2.240886 11.801493 1.243256
2.018907 12.053261 1.803249
2.054101 11.896588 1.809400
2.116545 12.161962 1.574247
2.263591 11.588098 1.208615
2.237598 11.643778 1.309858
2.164424 11.737646 1.519337
2.018488 11.742753 1.910577
1.892221 12.030883 2.190726
2.145346 11.876281 1.487906
2.268281 11.577304 1.207930
2.334089 11.866078 0.996017
2.020805 12.206114 1.758884
2.216508 11.623589 1.326132
2.163983 12.052647 1.422744
2.136485 11.570403 1.572999
2.078425 11.979700 1.709668
2.312338 11.870738 1.044765
2.145973 11.722631 1.545474
2.214293 11.510882 1.424263
2.129391 11.596830 1.628758
2.026765 11.692277 1.866861
1.919097 12.138897 2.099191
2.229461 11.488155 1.387409
2.237470 11.969598 1.266774
2.289499 11.681663 1.126796
1.873894 11.878848 2.288990
2.267998 11.717608 1.202501
2.303277 11.665495 1.109066
2.188823 11.804540 1.414067
2.256539 11.891622 1.177696
2.019214 11.822090 1.854883
2.237613 11.720181 1.273690
2.021492 11.968304 1.823808
2.045461 11.806930 1.827526
1.957085 12.260759 2.003011
2.230437 11.567276 1.336612
2.274572 11.526135 1.237412
2.112214 12.063586 1.602420
2.023332 11.674859 1.930470
2.162516 11.661550 1.543773
1.894022 11.949250 2.206142
2.141852 11.791561 1.512495
2.270443 11.509669 1.236983
2.020982 12.113174 1.781304
2.321592 11.775827 1.034781
2.219946 11.554070 1.352995
2.144512 11.504489 1.594851
2.162234 11.963896 1.453206
2.135019 11.637431 1.564324
2.074469 11.890880 1.732071
2.128561 11.526171 1.650494
2.345681 11.750625 0.996119
2.302035 11.781474 1.083039
2.023424 11.613706 1.879834
1.912585 12.040416 2.111130
1.878061 11.806119 2.302184
2.283625 11.602382 1.159913
2.229719 11.876564 1.300669
2.261626 11.637820 1.234397
2.294709 11.584721 1.141455
2.192928 11.731835 1.443624
2.025493 11.748598 1.874070
2.251364 11.805534 1.212546
2.026194 11.888872 1.844478
2.222697 11.631806 1.301220
2.048274 11.734350 1.849391
2.241007 11.505661 1.366266
1.957202 12.160724 2.021068
2.249718 11.436536 1.262986
2.018677 11.599117 1.945265
1.900180 11.875875 2.222883
2.112530 11.975928 1.629954
2.149004 11.577467 1.565672
2.145368 11.717524 1.538766
2.230386 11.492544 1.380210
2.028170 12.030921 1.805405
2.315597 11.693069 1.072675
2.158078 11.876117 1.480987
2.132436 11.561852 1.584741
2.073460 11.809622 1.754213
2.115086 11.447420 1.666884
2.019538 11.535559 1.891227
2.333518 11.664602 1.034632
2.295500 11.699132 1.119345
1.875798 11.730311 2.311121
1.919527 11.961079 2.131677
2.289017 11.535825 1.191292
2.256413 11.561608 1.264337
2.225326 11.790775 1.333449
2.297538 11.516586 1.174547
2.174771 11.639721 1.467509
2.015926 11.662319 1.884634
2.243372 11.720744 1.245567
2.022725 11.804138 1.860900
2.229744 11.566654 1.330520
2.051003 11.663630 1.870524
2.016138 11.528893 1.960171
1.896418 11.792295 2.234048
1.951478 12.058971 2.038160
2.159407 11.516892 1.592519
2.110561 11.886475 1.655917
2.136320 11.633547 1.560435
2.027687 11.943881 1.826477
2.312091 11.616439 1.109458
2.143621 11.501556 1.609516
2.155169 11.792755 1.508882
1.876234 11.658692 2.322126
2.073408 11.730333 1.778430
2.018770 11.463959 1.905170
2.332622 11.591310 1.071406
2.294187 11.623488 1.155638
1.860683 12.184280 2.343326
1.918208 11.875600 2.145906
2.269801 11.501395 1.297171
2.216334 11.704982 1.364038
2.268384 11.425866 1.203187
2.019345 11.591053 1.901631
2.173364 11.566836 1.494516
2.242302 11.645802 1.278197
2.036144 11.577905 1.883042
2.018721 11.722514 1.877073
2.235048 11.499291 1.359836
2.001947 11.448926 1.970837
1.897474 11.718408 2.247386
1.946877 11.964402 2.054259
2.127568 11.554714 1.581482
2.102211 11.795711 1.679327
2.024886 11.858648 1.846938
1.877506 11.591799 2.334098
2.147702 11.708463 1.534956
2.061081 11.643551 1.796085
1.866029 12.099890 2.356828
2.286034 11.545097 1.188528
2.314036 11.504926 1.107004
1.917684 11.795777 2.160732
2.213393 11.627920 1.394240
2.017335 11.517738 1.916806
2.187457 11.508778 1.524539
2.235384 11.566456 1.308530
2.049494 11.522232 1.908293
2.016004 11.644378 1.893730
1.898496 11.648137 2.261693
2.145096 11.499358 1.609792
1.950288 11.881545 2.074474
2.022832 11.777314 1.866295
2.098219 11.713214 1.704057
1.882428 11.528359 2.348876
2.137788 11.626062 1.557977
2.062981 11.573491 1.818943
2.297858 11.426517 1.140749
1.920819 11.722098 2.179694
2.277387 11.468897 1.221538
2.006613 11.439534 1.926143
2.205976 11.548083 1.423359
2.242976 11.503595 1.340770
2.010921 11.566285 1.908075
1.902667 11.580808 2.277587
1.950010 11.798866 2.092865
2.026048 11.704431 1.887338
2.089710 11.628866 1.727336
2.136328 11.551441 1.583302
2.068822 11.509329 1.842644
1.917975 11.644096 2.193918
2.182809 11.458991 1.447263
2.025090 11.509974 1.931633
1.890450 11.501108 2.283270
2.017061 11.622213 1.902577
1.949189 11.719300 2.111026
2.090397 11.556175 1.751826
2.147680 11.492837 1.612263
1.920483 11.575375 2.211928
2.016554 11.550412 1.921476
1.950172 11.643694 2.130917
2.061909 11.460447 1.765190
1.897017 11.482870 2.211241
2.029035 11.493613 1.946797
1.946505 11.566314 2.146913
2.310516 12.286158 1.024735
2.323663 12.225111 1.011500
2.220700 12.321420 1.241962
2.200864 12.332646 1.310404
2.298872 12.181467 1.065014
2.305282 12.114009 1.049901
2.222466 12.227691 1.276136
2.204894 12.241655 1.345768
2.288001 12.080669 1.104153
2.215634 12.128112 1.307327
2.299183 12.019337 1.087753
2.093764 12.259625 1.630202
2.191865 12.135263 1.376669
2.282679 11.989881 1.140859
2.061477 12.275711 1.727249
2.347263 11.903633 1.009251
2.345613 11.908717 1.021759
2.291559 11.930362 1.123826
2.212721 12.036258 1.338554
2.080141 12.151768 1.649641
2.194704 12.051493 1.408656
2.271904 11.897080 1.175758
2.052887 12.170228 1.749353
2.342371 11.818833 1.047360
2.337102 11.822260 1.058784
2.208725 11.948843 1.367530
2.285558 11.843684 1.157437
2.086200 12.069893 1.675381
2.192156 11.963867 1.439592
1.863144 12.254233 2.174891
2.277879 11.824385 1.210799
2.044942 12.072317 1.768803
2.336803 11.738138 1.082369
2.327573 11.738400 1.094315
2.198396 11.858310 1.394711
2.285238 11.766939 1.191059
2.093980 11.991163 1.700724
1.881437 12.197741 2.192991
2.186324 11.876105 1.467844
1.861843 12.158181 2.185043
2.272176 11.743779 1.243364
2.055016 11.999024 1.796643
2.330251 11.659118 1.116262
2.327279 11.664354 1.129253
2.207687 11.788361 1.425576
2.282579 11.689320 1.222740
2.091744 11.905879 1.721501
1.876608 12.100894 2.204129
2.184005 11.796398 1.496982
1.870412 12.079623 2.200121
2.269074 11.667425 1.275519
2.054163 11.915377 1.818622
2.325418 11.583242 1.149757
2.320621 11.588112 1.162016
2.203881 11.709798 1.452382
2.273149 11.609839 1.253095
2.088116 11.822602 1.742012
1.878096 12.018040 2.219866
2.179284 11.717659 1.523422
1.874003 11.996873 2.213298
2.054177 11.836469 1.841532
2.256048 11.585381 1.305178
2.316827 11.509412 1.180666
2.313007 11.512625 1.194049
2.190561 11.625209 1.475844
2.269398 11.536673 1.282538
2.087527 11.745937 1.762577
1.883192 11.940476 2.237631
2.171782 11.639306 1.548400
1.877519 11.919594 2.226661
2.254060 11.514427 1.334590
2.048307 11.753181 1.862167
2.187461 11.552382 1.500757
2.275395 11.473824 1.312597
2.083285 11.668543 1.781679
1.883250 11.860559 2.252731
2.163332 11.561698 1.572634
1.880562 11.844495 2.240117
2.264960 11.457628 1.365802
2.044942 11.676904 1.881255
2.191904 11.488920 1.526790
2.077179 11.591713 1.799678
1.880531 11.781021 2.266361
2.166043 11.495116 1.599071
1.880387 11.767416 2.251645
2.042515 11.603518 1.902024
2.079151 11.523849 1.820390
1.882777 11.709310 2.282835
1.879229 11.692004 2.262056
2.144361 11.412601 1.617736
2.035012 11.528705 1.919755
2.076523 11.455994 1.838899
1.880332 11.622944 2.274592
1.873526 11.628574 2.291475
2.048337 11.473576 1.946800
1.887377 11.560048 2.291096
1.880292 11.565950 2.311271
1.871468 11.478179 2.292299
1.883401 11.502600 2.329609
2.291722 12.314237 1.051358
2.311816 12.301190 1.021421
2.243838 12.315565 1.194354
2.287543 12.215081 1.085966
2.307272 12.205083 1.058164
2.327191 12.186478 1.015035
2.312487 12.334421 1.011750
2.213365 12.260439 1.291811
2.244921 12.224873 1.228075
2.278495 12.312822 1.106924
2.279243 12.117394 1.119192
2.320761 12.091857 1.050282
2.298184 12.107162 1.093468
2.303561 12.230967 1.049367
2.144974 12.279556 1.501628
2.209233 12.164753 1.319149
2.245457 12.139132 1.260722
2.278403 12.221314 1.143962
2.281017 12.034250 1.150207
2.226955 12.266224 1.285316
2.290702 12.016973 1.126427
2.314627 12.000586 1.083147
2.346353 12.106842 0.990306
2.338192 12.121154 1.017205
2.085344 12.237493 1.627033
2.298068 12.135612 1.085370
2.138509 12.183003 1.527023
2.180381 12.277249 1.420302
2.212664 12.079335 1.347164
2.233828 12.043162 1.290487
2.266216 12.121366 1.179793
1.998541 12.291921 1.868037
2.274675 11.945804 1.179476
2.215771 12.164436 1.314105
2.284936 11.930840 1.158581
2.301308 11.907822 1.115533
2.337751 12.013999 1.027353
2.322924 12.022786 1.054463
2.087093 12.147869 1.647678
2.286259 12.036242 1.119974
2.141397 12.102543 1.553957
2.168685 12.174954 1.447883
2.208357 11.989193 1.372205
2.237761 11.966452 1.321144
2.263209 12.034861 1.213435
2.002074 12.208147 1.889547
2.094342 12.222992 1.641942
2.268747 11.860660 1.208809
2.210345 12.071641 1.343228
2.286656 11.853189 1.189741
2.300315 11.828704 1.145983
2.330828 11.926138 1.063211
2.314203 11.933643 1.089974
2.093305 12.066473 1.669523
2.288538 11.957268 1.153117
2.141943 12.021210 1.578956
2.208468 11.909114 1.397665
2.168171 12.089123 1.477730
2.243020 12.266916 1.237122
2.243889 12.264392 1.236201
2.231302 11.881714 1.348874
2.001855 12.122787 1.907537
2.261944 11.951493 1.246653
1.867888 12.217196 2.169876
2.347972 12.117383 0.994984
2.030157 12.203671 1.813863
2.089389 12.128770 1.662422
2.272088 11.786193 1.237101
2.212867 11.989687 1.371790
2.281602 11.773702 1.219572
2.295261 11.749215 1.175814
2.093587 11.981632 1.688731
2.324710 11.842149 1.097894
2.307199 11.848557 1.124676
2.277360 11.867306 1.184240
2.138428 11.939503 1.603338
2.334723 12.077966 1.028228
2.208956 11.829622 1.421899
2.165773 12.004777 1.506079
2.222961 11.798463 1.375107
2.231714 12.163543 1.272430
2.236660 12.165030 1.273027
2.005728 12.045072 1.927953
1.832586 12.221693 2.331885
2.255676 11.868491 1.278507
1.872608 12.130452 2.179002
1.869224 12.261120 2.175130
2.034642 12.122792 1.837034
2.333344 12.018585 1.036296
2.090228 12.042611 1.683616
2.265516 11.705142 1.263299
2.207247 11.903350 1.398220
2.274187 11.694256 1.247077
2.296789 11.678016 1.204282
2.108571 12.281655 1.610733
2.089274 11.896809 1.705729
2.300440 11.768651 1.156224
2.312197 11.756900 1.130020
2.276815 11.790566 1.215135
2.135212 11.861136 1.625336
2.319587 11.978652 1.068330
2.200391 11.745567 1.443634
2.162786 11.922674 1.532065
2.221299 11.724373 1.402035
2.229693 12.074479 1.307601
2.232388 12.072321 1.307412
1.999085 11.959377 1.943005
1.831011 12.134557 2.340508
2.253304 11.791398 1.308670
1.878325 12.049314 2.191072
1.857922 12.221224 2.255622
2.090446 12.211892 1.649224
1.868118 12.167244 2.183165
2.035089 12.040623 1.859977
2.096045 11.965199 1.707217
2.323092 11.927149 1.076743
2.259339 11.628304 1.289173
2.203343 11.821066 1.423844
2.270766 11.621587 1.274950
2.287109 11.599479 1.231521
2.093054 12.171463 1.632617
2.094884 11.822218 1.725733
2.318331 11.689314 1.161611
2.307105 11.700676 1.189411
2.128871 11.781663 1.647473
2.277100 11.716778 1.245243
2.312347 11.892021 1.107103
2.194880 11.669023 1.464985
2.158422 11.842583 1.557765
2.213295 11.647183 1.427176
2.223963 11.986539 1.340544
1.998332 11.882610 1.960830
1.835370 12.059051 2.353192
2.228128 11.983253 1.342703
1.857451 12.136003 2.268733
2.247303 11.712671 1.337759
1.883506 11.968577 2.201550
1.874365 12.085711 2.196837
2.033175 11.958492 1.880596
2.087176 12.117373 1.676569
2.092231 11.880909 1.725436
2.266055 11.563781 1.315089
2.200722 11.744093 1.449124
2.310423 11.837596 1.114094
2.263211 11.546758 1.300537
2.098257 12.091919 1.661514
2.081867 11.734338 1.738620
2.302993 11.606303 1.191491
2.288168 11.615102 1.218598
2.120169 11.702230 1.667284
2.368256 11.781019 1.008916
2.268357 11.637507 1.273238
2.371269 11.773105 1.005309
1.921438 12.265023 2.098196
2.189339 11.593410 1.485955
2.303197 11.807798 1.143993
2.153974 11.765258 1.582312
2.204678 11.573153 1.449567
2.000660 11.812431 1.978657
1.841568 11.987541 2.367513
2.218122 11.902287 1.371948
1.876177 12.250896 2.157772
1.861983 12.058609 2.284636
2.225939 11.899733 1.375572
1.883205 11.886759 2.209837
2.239899 11.636874 1.366177
1.881484 12.009828 2.211010
2.028012 11.875304 1.898910
2.090709 11.802981 1.745733
2.097367 12.042035 1.707353
2.267822 11.497782 1.340410
2.193052 11.664779 1.471753
2.280737 11.493558 1.329440
2.302104 11.756317 1.150196
2.090598 11.669051 1.759917
2.101533 12.011153 1.687626
2.118653 11.632479 1.689002
2.290209 11.548077 1.249193
2.355139 11.697284 1.047251
2.265816 11.565951 1.301102
2.359038 11.690470 1.043625
2.191417 11.526215 1.508372
1.916262 12.165498 2.113673
2.149468 11.689782 1.606093
2.296144 11.728203 1.178844
2.209635 11.510077 1.476428
1.841302 11.912976 2.377604
1.990674 11.732995 1.990772
1.876693 12.163093 2.172415
2.212633 11.819544 1.401740
1.865546 11.982879 2.299406
2.230993 11.563136 1.391864
1.886543 11.810220 2.220109
2.216087 11.813277 1.407135
1.877538 11.922736 2.217322
2.026410 11.800149 1.918052
2.079558 11.718178 1.760647
2.188943 11.593499 1.495208
2.091695 11.953033 1.732509
2.306298 11.686788 1.187569
2.085241 11.592308 1.775543
2.094389 11.923281 1.710434
2.113002 11.560566 1.708434
2.295234 11.486769 1.277732
2.265878 11.499541 1.328139
2.353115 11.624588 1.085281
2.352476 11.615945 1.080210
2.137709 11.611028 1.627722
1.837336 11.834991 2.384948
2.299752 11.660906 1.213850
1.996681 11.670810 2.011874
1.913352 12.073256 2.130843
1.879430 12.079865 2.187465
2.207539 11.741014 1.431207
1.869149 11.909863 2.315468
2.244563 11.505891 1.421694
1.892199 11.739120 2.232846
1.878233 11.846517 2.228558
2.018342 11.721944 1.932964
2.206533 11.730166 1.436315
2.087877 11.653241 1.782797
2.193349 11.527197 1.519575
2.084547 11.865176 1.755321
2.122744 11.504505 1.733583
2.084791 11.522516 1.791902
2.292467 11.605365 1.221098
2.097568 11.849836 1.735915
2.339300 11.546784 1.119714
1.836550 11.764461 2.394352
2.140360 11.546162 1.653028
1.998078 11.605019 2.029864
2.285388 11.579883 1.245784
1.914000 11.989053 2.148842
1.882659 12.001718 2.204247
1.865330 11.830909 2.325647
2.199702 11.661952 1.459580
1.890433 11.662082 2.239701
1.883506 11.774841 2.242530
2.021306 11.655885 1.955362
2.203660 11.656215 1.466187
2.075265 11.573213 1.796273
2.080578 11.784783 1.780192
2.098385 11.422078 1.744744
2.072071 11.446176 1.803837
2.290617 11.536078 1.254301
2.089850 11.767841 1.757265
2.346898 11.486263 1.155092
1.838613 11.698976 2.407818
1.991210 11.534896 2.043276
2.133425 11.477124 1.674237
2.282597 11.511337 1.278237
1.881702 11.923242 2.217973
1.912889 11.906286 2.167785
1.862412 11.756687 2.336713
2.194441 11.588956 1.486741
1.885984 11.704461 2.254637
1.902552 11.602219 2.258100
2.015022 11.583524 1.971145
2.079464 11.509746 1.817042
2.193939 11.578640 1.493063
2.073361 11.703332 1.802757
2.296265 11.475256 1.286506
2.080657 11.686989 1.776271
1.973321 11.456278 2.050111
1.878409 11.843887 2.229760
1.863230 11.688612 2.351820
1.910756 11.827019 2.184826
2.194115 11.521997 1.515021
1.886128 11.633203 2.264806
1.882360 11.514370 2.253396
2.017900 11.520236 1.992395
2.064940 11.432130 1.828637
2.195464 11.511130 1.522461
2.082346 11.619247 1.799932
2.069252 11.627555 1.825710
1.883410 11.776133 2.247933
1.867689 11.625811 2.368913
1.912288 11.752116 2.204236
1.878441 11.556352 2.269937
1.996913 11.439582 1.999756
1.885707 11.449659 2.266011
2.076276 11.547701 1.820228
2.065538 11.555985 1.848336
1.880554 11.703699 2.260684
1.861508 11.555084 2.378196
1.876743 11.489285 2.279897
1.903756 11.671602 2.218724
2.086949 11.490924 1.846145
2.072256 11.495160 1.875177
1.884530 11.639447 2.276957
1.911221 11.608333 2.242197
1.871483 11.561460 2.282347
1.909916 11.540205 2.259881
1.872278 11.497945 2.297991
1.892499 11.458530 2.267049
1.873972 11.439157 2.314524
2.322625 12.271733 0.994212
2.332069 12.223193 0.956427
2.312797 12.265709 1.028697
2.332327 12.277733 0.951430
2.256807 12.314583 1.168539
2.346329 12.270681 0.946685
2.241493 12.311996 1.221432
2.263536 12.316976 1.155322
2.276247 12.307701 1.137963
2.312950 12.173442 1.028432
2.295065 12.293096 1.044413
2.335979 12.142173 0.992038
2.298687 12.166505 1.063614
2.268216 12.319327 1.124704
2.248104 12.217089 1.196987
2.331411 12.189770 0.988898
2.347257 12.294054 0.946756
2.335644 12.173423 0.985895
2.238842 12.222478 1.252864
2.278798 12.322451 1.095298
2.149967 12.312665 1.475698
2.255917 12.219632 1.186561
2.309462 12.086469 1.060773
2.261662 12.206138 1.172469
2.287514 12.196934 1.083429
2.329892 12.054642 1.025770
2.302006 12.087711 1.096847
2.262690 12.225024 1.160344
2.249798 12.132156 1.226149
2.322315 12.096568 1.024791
2.336890 12.110052 0.974067
2.352345 12.062272 0.965806
2.334600 12.193107 0.990131
2.186282 12.300807 1.369025
2.328479 12.083294 1.023748
2.232515 12.132266 1.282896
2.155624 12.299683 1.487237
2.274378 12.227382 1.134120
2.148087 12.219441 1.498438
2.230201 12.301646 1.281740
2.253750 12.132487 1.218403
2.301931 11.998242 1.092955
2.263220 12.124249 1.206183
2.120188 12.213711 1.557452
2.285230 12.111914 1.120216
2.289028 11.995680 1.128114
2.317441 11.963143 1.058235
2.157800 12.285032 1.480219
2.259283 12.135311 1.193865
2.245055 12.045996 1.252865
2.314049 12.007219 1.059459
2.156048 12.212570 1.483768
2.345985 11.976910 1.002040
2.334210 12.025393 1.011698
2.316673 11.994124 1.059068
2.168194 12.194598 1.397976
2.319510 12.094037 1.030429
2.236146 12.056793 1.313708
2.353327 12.000114 0.976890
2.147401 12.201562 1.509105
2.152164 12.137858 1.522587
2.268950 12.135811 1.171019
2.357836 12.039823 0.962382
2.219148 12.200835 1.315201
2.250965 12.048482 1.247473
2.298288 11.917701 1.122541
2.259815 12.040926 1.239391
2.128983 12.141192 1.584694
2.167333 12.271864 1.475961
2.278398 12.024195 1.156039
2.289136 11.919479 1.159965
2.309406 11.879862 1.089299
2.145211 12.183256 1.503961
2.256293 12.050718 1.226618
2.249882 11.968556 1.281516
2.310201 11.926088 1.092727
2.158221 12.130934 1.512950
2.338640 11.894127 1.036744
2.322016 11.936586 1.047866
2.311515 11.913172 1.092837
2.184183 12.127451 1.432167
2.363824 11.905580 0.970557
2.228767 11.971920 1.341029
2.308470 12.002629 1.070566
2.349753 11.920753 1.014254
2.145159 12.114171 1.532775
2.145573 12.048348 1.541613
2.263410 12.048829 1.205951
2.347758 11.953139 1.003343
2.248666 11.966853 1.276952
2.218077 12.113854 1.349831
2.298212 11.842453 1.151555
2.127663 12.060363 1.608403
2.253999 11.958560 1.269916
2.153966 12.170800 1.501402
1.964139 12.222873 1.991557
1.991505 12.208918 1.952282
2.287752 11.844411 1.189480
2.311237 11.808600 1.119881
2.278697 11.947053 1.190725
2.149524 12.105282 1.531421
2.251397 11.968529 1.257492
2.242317 11.884635 1.306001
2.302654 11.845176 1.124205
2.157062 12.050074 1.539099
2.022285 12.208450 1.883044
2.041595 12.209504 1.803198
2.329413 11.812834 1.069963
2.307188 11.836068 1.125381
2.316057 11.857266 1.082940
2.181414 12.043463 1.461237
2.225438 11.894700 1.368194
2.348068 11.817883 1.006979
2.306191 11.924011 1.107038
2.150184 12.038239 1.557355
2.334872 11.835060 1.050242
2.147748 11.969181 1.563879
2.075374 12.210774 1.725197
2.263713 11.971686 1.240638
2.340190 11.870690 1.041338
2.243955 11.886179 1.303747
2.129080 11.987361 1.632456
2.293563 11.765417 1.179215
2.249933 11.880220 1.299564
2.210065 12.024202 1.381210
2.372595 11.828511 0.971433
1.972149 12.144145 2.006904
2.154811 12.090262 1.530692
1.996733 12.134500 1.972791
2.283612 11.768824 1.217946
2.295827 11.724844 1.147757
1.965532 12.230701 1.998327
2.279320 11.872312 1.223379
2.150575 12.025342 1.557025
1.963943 12.181281 2.009990
2.249171 11.890541 1.287839
2.236112 11.805094 1.330461
2.304077 11.775191 1.155243
2.151306 11.968341 1.563501
2.023972 12.127836 1.904512
2.045282 12.129213 1.827804
2.326834 11.739754 1.101631
2.305555 11.762253 1.157790
2.225674 11.822771 1.394789
2.311342 11.780526 1.116331
2.176785 11.960050 1.489212
2.346177 11.745303 1.042286
2.148338 11.956893 1.579862
2.296262 11.840689 1.143135
2.328478 11.757939 1.085375
2.153946 11.898577 1.585598
2.079245 12.129539 1.752636
2.254409 11.887683 1.272598
2.125834 11.909858 1.653892
2.373399 11.748938 0.980295
2.243340 11.811331 1.331170
2.290664 11.692405 1.206000
2.321314 11.781914 1.077956
2.249964 11.807705 1.329840
1.987932 12.047463 1.985061
2.206103 11.942205 1.412432
1.967698 12.055311 2.017215
2.364154 11.750444 1.009551
2.151888 12.006316 1.557320
2.301573 11.660358 1.176131
2.280326 11.696168 1.245581
1.970100 12.148497 2.015898
2.268634 11.791241 1.254658
1.966989 12.101115 2.024834
2.147950 11.944707 1.581231
2.234369 11.731935 1.354306
2.245063 11.814041 1.316700
1.972085 12.191253 2.003665
2.297732 11.698699 1.184251
2.151049 11.894970 1.589294
2.020532 12.045817 1.923036
2.321108 11.666510 1.133099
2.050329 12.053301 1.852385
2.215889 11.745251 1.419114
2.300199 11.689568 1.188018
2.304767 11.704359 1.148630
2.175816 11.884645 1.517880
2.331162 11.665126 1.075912
2.145528 11.877210 1.601231
2.317465 11.680860 1.118370
2.297509 11.769208 1.178247
2.140464 11.810966 1.601844
1.874769 12.214080 2.262507
1.852811 12.202485 2.343181
2.072448 12.040377 1.774952
1.903612 12.224801 2.184180
2.254580 11.816051 1.304924
2.123049 11.835641 1.675346
2.239050 11.735785 1.357195
2.281376 11.616337 1.231126
2.370341 11.677432 1.018148
2.311775 11.704626 1.112891
1.986586 11.970942 2.001074
2.239443 11.729065 1.356649
1.968237 11.973392 2.028109
2.348015 11.669502 1.046511
2.200306 11.859871 1.442952
2.149381 11.927485 1.583181
2.296399 11.589189 1.202280
2.269363 11.619722 1.272449
1.963559 12.060550 2.028410
2.262413 11.716554 1.285323
1.963024 12.014648 2.035557
2.230742 11.660260 1.376668
2.146684 11.868449 1.605410
1.970261 12.105986 2.019579
2.234613 11.732659 1.344687
2.143390 11.815652 1.611815
2.292746 11.626585 1.213233
2.015208 11.965283 1.940073
2.315707 11.595664 1.162538
2.206450 11.669216 1.441802
2.042360 11.967662 1.870339
2.290294 11.614182 1.217283
2.302634 11.635488 1.179923
2.165580 11.803851 1.542188
2.137200 11.796476 1.620505
2.333188 11.599325 1.109011
2.145313 11.742391 1.623272
2.318597 11.613968 1.151513
1.875117 12.131563 2.277095
2.288343 11.692484 1.211943
1.852951 12.121828 2.354543
2.119804 11.764525 1.696473
1.900834 12.134820 2.199271
2.074024 11.961907 1.801362
2.242452 11.734283 1.334658
2.231056 11.660453 1.381434
2.283839 11.550803 1.257255
1.988527 11.901859 2.019027
2.359972 11.602689 1.053997
2.232992 11.657156 1.383698
2.312125 11.638436 1.147740
1.974527 11.902511 2.044102
2.270470 11.556193 1.298296
2.151474 11.855917 1.610479
2.343441 11.600039 1.081641
2.191149 11.779224 1.470052
1.966262 11.985295 2.044581
1.966093 11.939960 2.050484
2.254329 11.642436 1.314900
2.228014 11.589684 1.398987
2.144428 11.794765 1.628065
1.968987 12.026716 2.036777
2.232186 11.662932 1.371498
2.143043 11.745956 1.636036
2.289899 11.558132 1.240497
2.013609 11.890012 1.958985
2.209796 11.605692 1.467499
2.289770 11.548445 1.245658
2.040970 11.890532 1.892475
2.299534 11.568274 1.210085
2.139427 11.728256 1.642940
2.163991 11.731591 1.568087
2.142317 11.670047 1.641499
2.318763 11.548732 1.183526
1.876456 12.052874 2.292895
1.854587 12.046442 2.367923
2.278630 11.616162 1.244044
2.110974 11.688741 1.714632
1.988101 11.831907 2.035079
2.226630 11.590416 1.405101
2.288053 11.489292 1.282509
1.908454 12.061322 2.221673
2.073187 11.884398 1.825086
2.240239 11.662708 1.364690
2.227810 11.586916 1.409457
2.309214 11.570285 1.180731
1.977943 11.829317 2.057387
2.144301 11.778969 1.633415
2.281587 11.499195 1.326012
1.964781 11.907905 2.058546
2.336114 11.530063 1.115721
2.189333 11.707297 1.499237
1.967808 11.867293 2.065122
2.235729 11.529825 1.422805
2.252917 11.575616 1.343316
2.133873 11.714049 1.647490
1.966773 11.948202 2.053227
2.231581 11.594491 1.398608
2.134857 11.672502 1.657049
2.005822 11.812275 1.972553
2.298806 11.500217 1.268758
2.211261 11.543653 1.491710
2.298288 11.490887 1.274768
2.032106 11.810204 1.910161
2.135126 11.656098 1.661665
2.300464 11.503257 1.240002
2.159233 11.660086 1.593392
2.136565 11.597188 1.658674
2.293985 11.468123 1.211677
1.853856 11.970182 2.379406
1.880214 11.979623 2.311066
2.280598 11.553119 1.275968
2.112311 11.625819 1.736798
1.986734 11.762702 2.050388
2.229957 11.527819 1.430401
2.229748 11.589550 1.391584
2.226699 11.523407 1.435454
2.058047 11.796432 1.843078
1.903497 11.975921 2.237384
1.973907 11.752005 2.066616
2.314814 11.509780 1.213263
2.249012 11.415442 1.344835
1.956885 11.828374 2.070460
2.140352 11.705837 1.657415
2.183311 11.634142 1.525827
1.963938 11.789949 2.076794
2.136200 11.648561 1.671183
2.253808 11.512433 1.372450
1.965918 11.874064 2.069653
2.231415 11.530245 1.425346
2.013592 11.751508 1.996772
2.134978 11.606107 1.681284
2.270970 11.418233 1.291373
2.031984 11.741120 1.930698
2.134968 11.587933 1.681804
2.283691 11.428848 1.266888
2.152982 11.589709 1.616363
2.135324 11.528880 1.676022
1.882476 11.907500 2.326905
2.105715 11.556423 1.754495
1.988175 11.698578 2.067220
2.288894 11.495893 1.308368
2.208688 11.448885 1.457113
2.239751 11.531794 1.422635
1.978410 11.685349 2.082380
2.062805 11.730007 1.869453
1.904543 11.900321 2.255292
2.290157 11.430982 1.243070
1.967118 11.767284 2.091238
2.132195 11.631478 1.678821
1.973110 11.727799 2.095174
2.179592 11.564627 1.553133
2.130180 11.577863 1.690864
1.968907 11.806985 2.089605
2.223243 11.429012 1.394413
2.012872 11.684644 2.014933
2.127209 11.537773 1.701531
2.185818 11.402279 1.531975
2.030025 11.671694 1.950536
2.134351 11.522871 1.701614
2.148827 11.475226 1.698729
2.154117 11.526214 1.642209
2.118923 11.505836 1.779318
1.881060 11.834681 2.341346
1.985066 11.631752 2.083091
2.256308 11.410618 1.333709
1.974425 11.612597 2.092085
2.055466 11.654039 1.889553
1.968497 11.699538 2.107200
1.905685 11.827446 2.274462
2.128641 11.564383 1.701662
1.966022 11.653042 2.105469
1.970426 11.740120 2.107617
2.132443 11.515134 1.713377
2.190480 11.508884 1.583749
2.007970 11.615638 2.030891
2.117074 11.468566 1.719880
2.103788 11.437985 1.710070
2.027631 11.604459 1.970438
2.121897 11.392883 1.707792
2.140534 11.453532 1.662779
2.093010 11.426382 1.789995
1.986051 11.570738 2.099593
1.882063 11.767296 2.358161
1.975594 11.546723 2.104817
1.964771 11.629473 2.120611
2.049462 11.583357 1.909236
2.130102 11.503279 1.725482
1.905473 11.756586 2.293346
1.966802 11.587518 2.119053
1.968657 11.672202 2.123382
2.113062 11.439625 1.727760
2.159626 11.424623 1.601226
2.004473 11.549177 2.047610
2.111589 11.404794 1.740450
2.025723 11.539592 1.990752
1.994057 11.516039 2.120213
2.136107 11.390821 1.685746
1.868871 11.687333 2.364297
1.965147 11.473670 2.111685
1.968522 11.568994 2.138160
2.110358 11.427215 1.741108
1.954007 11.512661 2.124420
2.056991 11.523859 1.936347
1.897138 11.680192 2.304929
1.963208 11.603586 2.137752
1.982295 11.471056 2.053564
2.006999 11.462505 2.001390
1.965158 11.434918 2.119628
1.871765 11.624861 2.382285
1.955846 11.495939 2.145184
1.958635 11.454200 2.141531
1.955368 11.535009 2.149833
2.037120 11.446922 1.949927
1.901257 11.618755 2.327754
1.992377 11.420319 2.078191
1.952655 11.432799 2.159484
1.947092 11.468623 2.161978
1.900545 11.552845 2.345522
1.950001 11.411613 2.180047
1.875279 11.468824 2.345466
2.201141 12.319021 1.132243
2.210076 12.311742 1.121733
2.186086 12.316819 1.169515
2.183313 12.318297 1.175845
2.174216 12.311245 1.206110
2.167347 12.321849 1.229203
2.140903 12.344387 1.287668
2.137584 12.337182 1.288977
2.153342 12.326164 1.271425
2.169637 12.307661 1.231247
2.170531 12.308381 1.245492
2.148820 12.331885 1.308159
2.198446 12.256166 1.163121
2.204731 12.246456 1.152331
2.122635 12.340793 1.365135
2.101725 12.353397 1.414895
2.183638 12.253661 1.197106
2.179596 12.254368 1.204322
2.154743 12.295343 1.287923
2.138999 12.285533 1.297339
2.172526 12.248325 1.231617
2.163475 12.257960 1.255242
2.137283 12.280197 1.310419
2.136549 12.273622 1.310347
2.149718 12.261971 1.294177
2.163313 12.241951 1.253330
2.063743 12.372010 1.536505
2.088484 12.343603 1.477227
2.038808 12.388043 1.594754
2.164630 12.243491 1.274504
2.143682 12.267235 1.335084
2.195133 12.194612 1.192027
2.121772 12.279924 1.390219
2.197001 12.183873 1.181913
2.100245 12.291113 1.436728
2.181548 12.193801 1.224740
2.179738 12.194564 1.231812
2.144671 12.229126 1.314325
2.139553 12.225401 1.323980
2.181465 12.194209 1.258642
2.172417 12.203847 1.282267
2.139508 12.220497 1.335327
2.152096 12.221515 1.336164
2.078211 12.333607 1.571620
2.154076 12.204156 1.318166
2.167666 12.184131 1.277319
2.061561 12.308597 1.560814
2.092711 12.284289 1.505280
2.070895 12.329441 1.595701
2.043292 12.328434 1.619518
2.022160 12.348342 1.668608
2.156794 12.180047 1.302039
2.073111 12.330025 1.609450
2.141490 12.206511 1.360670
2.194971 12.136036 1.222421
2.124000 12.220236 1.415130
2.065140 12.320560 1.621229
2.202584 12.128894 1.212409
2.107308 12.234828 1.461388
2.178985 12.132494 1.251566
2.176725 12.134516 1.259099
2.144765 12.170259 1.341432
2.143101 12.168277 1.349670
2.164309 12.139556 1.305316
2.168010 12.125977 1.280742
2.135773 12.158155 1.357312
2.078343 12.269976 1.590065
2.138430 12.151525 1.354163
2.160206 12.147659 1.342477
2.163009 12.121584 1.298953
2.061969 12.248535 1.585023
2.070270 12.265584 1.616233
2.088794 12.221363 1.530942
2.016406 12.283876 1.685786
2.045889 12.269350 1.643194
2.059872 12.259726 1.626600
2.155610 12.120409 1.330035
2.140155 12.146912 1.386227
2.188801 12.075736 1.249504
2.114471 12.155226 1.436628
2.056487 12.253971 1.641416
2.194228 12.067623 1.240024
1.950419 12.350016 1.878665
2.108458 12.174986 1.483513
1.968191 12.319026 1.821834
2.183846 12.077935 1.278039
2.177621 12.077675 1.285787
2.141704 12.111146 1.368335
2.134026 12.104719 1.371983
2.173676 12.070738 1.305518
2.162400 12.080327 1.329286
2.135188 12.098791 1.380786
2.137687 12.092193 1.375198
2.076232 12.206297 1.608660
2.150103 12.083018 1.362389
2.165869 12.063953 1.321011
2.044765 12.178677 1.603666
1.963717 12.311617 1.888550
2.018793 12.225754 1.706640
2.071319 12.204877 1.636311
2.043439 12.207824 1.664300
2.078914 12.155801 1.553681
2.060982 12.200820 1.648340
2.163276 12.068257 1.359231
2.138762 12.088236 1.411400
2.120610 12.101465 1.462220
2.183086 12.016905 1.277406
2.058218 12.196494 1.666409
1.945233 12.285213 1.897440
2.189378 12.009904 1.267890
1.905577 12.325686 1.994238
2.097803 12.110740 1.501837
1.965804 12.256613 1.843330
1.926198 12.303677 1.950452
1.954112 12.297099 1.921579
2.175681 12.017285 1.301984
2.176678 12.020446 1.311777
2.139903 12.052814 1.394360
2.141582 12.051692 1.399132
2.168051 12.011636 1.327695
2.157692 12.021426 1.351815
2.135815 12.041121 1.402992
1.957354 12.290257 1.948198
2.070807 12.142406 1.624612
2.135507 12.032128 1.394684
2.150678 12.026260 1.384207
2.161048 12.004170 1.341491
2.056867 12.127588 1.632191
2.015217 12.164989 1.724571
2.067785 12.143185 1.654631
1.966393 12.249581 1.905237
2.034979 12.144574 1.682094
2.077481 12.098067 1.578471
2.058472 12.140214 1.669064
1.945262 12.270044 1.968221
2.134166 12.030231 1.435982
2.152526 12.006994 1.384562
2.114530 12.040929 1.483587
2.065735 12.141702 1.691899
2.179499 11.959968 1.304393
1.911494 12.271144 2.015342
1.945442 12.226154 1.918832
2.098790 12.053659 1.522808
2.188533 11.953561 1.295936
1.924826 12.243914 1.967851
1.957714 12.237980 1.939893
1.971203 12.199966 1.869740
2.169289 11.957958 1.326252
2.170286 11.961120 1.336045
2.143437 11.998426 1.421342
2.133307 11.990183 1.421033
2.166941 11.954450 1.351253
2.159281 11.965754 1.376042
1.954600 12.228836 1.964435
2.134603 11.983062 1.424499
2.140041 11.977661 1.416292
2.078961 12.086957 1.645968
2.147634 11.967801 1.405010
2.156169 11.945311 1.361588
2.013878 12.107001 1.743637
2.054407 12.068788 1.654582
2.071012 12.086175 1.675462
2.036441 12.088974 1.703881
1.969010 12.188466 1.921541
1.951277 12.216382 1.991381
2.074305 12.038116 1.603340
2.060943 12.082978 1.691983
1.798121 12.325062 2.281307
1.823295 12.305579 2.232780
2.134442 11.974715 1.460707
2.151129 11.951046 1.411012
2.112873 11.984146 1.505545
1.901362 12.206361 2.027085
2.054679 12.077843 1.711069
2.099320 11.997852 1.544232
1.945596 12.168028 1.939829
1.927632 12.188218 1.989127
1.954439 12.176036 1.954917
2.173113 11.905069 1.351597
1.967834 12.138305 1.890490
2.170050 11.907782 1.360827
2.135167 11.939658 1.444503
2.138407 11.938083 1.445490
1.950514 12.167599 1.981149
2.163027 11.897619 1.373347
2.156284 11.909125 1.398489
2.131966 11.927013 1.445707
2.077491 12.028105 1.662965
2.138609 11.920584 1.434953
2.145441 11.910499 1.425755
2.161596 11.891077 1.383529
2.022502 12.055785 1.767055
1.821233 12.274241 2.278471
2.064610 12.025776 1.691929
2.053261 12.012607 1.677726
2.034274 12.031718 1.724621
1.971157 12.128661 1.938279
1.942657 12.153264 2.006712
2.062785 12.027088 1.712894
2.076871 11.984529 1.629554
1.800874 12.267658 2.300900
1.815600 12.239995 2.247186
2.131087 11.917549 1.484383
2.148788 11.894957 1.437100
1.904854 12.151861 2.045878
2.113482 11.929266 1.529013
2.059322 12.024350 1.734709
2.098349 11.942267 1.563708
1.919869 12.126224 2.004431
1.941598 12.107705 1.958595
1.960251 12.119751 1.974346
1.809447 12.258820 2.312026
1.969491 12.081849 1.915086
2.134963 11.885458 1.469673
2.128175 11.878076 1.465896
1.948590 12.107363 1.997334
2.132408 11.872159 1.466741
2.071522 11.966462 1.678982
2.138585 11.864273 1.455176
1.813606 12.247975 2.344226
2.019253 11.998381 1.785015
1.826449 12.216578 2.294650
2.068268 11.970288 1.713560
2.052407 11.957928 1.699256
2.036121 11.978554 1.746819
1.966420 12.066030 1.951749
1.936624 12.093495 2.021950
2.059174 11.969103 1.732093
1.799956 12.209470 2.319100
2.074386 11.928503 1.653208
2.124928 11.860713 1.506628
1.819006 12.183109 2.270438
1.900092 12.092873 2.060232
2.108085 11.872664 1.549173
2.099712 11.887630 1.585098
2.049002 11.963497 1.753067
1.921166 12.070760 2.023766
1.943000 12.053121 1.979980
1.812833 12.200768 2.327502
1.952770 12.056531 1.986760
1.964627 12.023130 1.935171
1.944332 12.048908 2.012894
2.075415 11.910665 1.697333
2.015948 11.941898 1.802593
2.060880 11.910632 1.729306
1.828898 12.155618 2.308506
2.030628 11.921100 1.764931
2.048446 11.902093 1.720973
1.961579 12.005233 1.964449
1.932474 12.035933 2.039563
2.056888 11.913693 1.752078
1.793881 12.147961 2.332681
2.070065 11.872092 1.676166
1.893445 12.034410 2.073500
1.822870 12.127687 2.294513
2.090541 11.829364 1.601804
2.049057 11.909031 1.774961
1.915184 12.012806 2.040676
1.935793 11.993480 1.998165
1.814783 12.141982 2.341433
1.953030 11.999984 2.003701
1.957572 11.963456 1.955798
1.941493 11.991203 2.030017
2.069800 11.852322 1.713402
2.017628 11.888783 1.822368
2.059390 11.854543 1.747601
2.032461 11.867952 1.787147
1.829462 12.095181 2.321277
2.045748 11.847035 1.741814
1.954900 11.944050 1.976453
1.931014 11.979886 2.057854
2.057740 11.858544 1.772281
1.896417 11.982102 2.092388
2.066154 11.818060 1.699556
2.046827 11.855433 1.796617
1.908588 11.956146 2.055615
1.822201 12.070369 2.317222
1.930265 11.936984 2.015898
1.814445 12.084063 2.355127
1.942290 11.938359 2.015146
1.952598 11.906585 1.975123
1.938550 11.935331 2.046371
2.007859 11.831845 1.837106
1.826711 12.034528 2.331408
1.918459 11.920587 2.069870
1.958754 11.889218 1.994432
1.892917 11.926619 2.107155
1.906155 11.900829 2.073176
1.819535 12.012691 2.336796
1.944268 11.884050 2.032032
1.929768 11.882942 2.036216
1.946812 11.850410 1.996156
1.930002 11.877397 2.058566
1.921123 11.869514 2.091675
1.830016 11.977408 2.346529
1.953390 11.830618 2.007231
1.889874 11.872596 2.122742
1.906428 11.849735 2.092686
1.939882 11.827452 2.046848
1.927900 11.829966 2.056650
1.934890 11.826375 2.080234
1.943155 11.796123 2.016277
1.918182 11.816375 2.109321
1.829653 11.919504 2.360248
1.955351 11.776316 2.024134
1.890499 11.822081 2.141021
1.903484 11.796602 2.110335
1.939566 11.774017 2.063507
1.926024 11.776998 2.077093
1.935088 11.773486 2.098097
1.944689 11.744258 2.041424
1.914271 11.763958 2.126234
1.884650 11.768393 2.155178
1.959134 11.722415 2.041753
1.903341 11.745866 2.130713
1.937413 11.720195 2.079469
1.916311 11.721917 2.093521
1.929276 11.718879 2.112650
1.940568 11.691243 2.062024
1.915905 11.714530 2.146935
1.883833 11.717152 2.171921
1.948628 11.665932 2.052496
1.899468 11.692551 2.148028
1.932909 11.665444 2.093534
1.918545 11.671207 2.116208
1.925351 11.666470 2.129579
1.932782 11.637447 2.081222
1.914835 11.663604 2.166975
1.882607 11.666262 2.189522
1.946906 11.610860 2.068017
1.895045 11.642322 2.165032
1.934463 11.614221 2.112589
1.911066 11.618903 2.133784
1.923247 11.614463 2.147224
1.930540 11.586640 2.104208
1.904855 11.610398 2.180207
1.883670 11.617223 2.208650
1.942337 11.557028 2.081710
1.893966 11.591408 2.185086
1.930363 11.561847 2.127095
1.912837 11.569461 2.156949
1.915956 11.562760 2.161132
1.972759 11.464141 1.949919
1.927732 11.536210 2.125613
1.901335 11.560374 2.197579
1.881468 11.567058 2.225526
1.947020 11.506055 2.100993
1.892739 11.543234 2.203979
1.923511 11.508890 2.140552
1.899650 11.516931 2.169596
1.918877 11.513201 2.181372
1.917599 11.484215 2.144205
1.902493 11.512224 2.218776
1.883030 11.518569 2.245875
1.888855 11.492654 2.222604
1.872487 12.284590 2.103082
1.834653 12.293694 2.208949
1.885627 12.301333 2.080073
1.874610 12.232193 2.124534
1.887649 12.310785 2.052439
1.927703 12.265677 1.953036
1.945974 12.191366 1.927300
1.884886 12.247631 2.098346
1.830756 12.236215 2.228468
1.870206 12.177890 2.141322
1.910818 12.290012 1.992978
1.890056 12.256271 2.071356
1.927479 12.212476 1.972528
1.946380 12.138599 1.950454
1.811471 12.264474 2.272740
1.881281 12.190793 2.114195
1.827894 12.180658 2.250046
1.900157 12.266201 2.034367
1.863454 12.121871 2.156526
1.916093 12.238641 2.014318
2.081762 11.878663 1.603316
1.887252 12.198736 2.085510
1.930120 12.160583 1.995198
1.946274 12.086255 1.972011
1.791937 12.280910 2.317043
1.807981 12.208488 2.290655
1.954960 11.997909 1.948708
1.875331 12.134075 2.127705
2.127737 11.824294 1.538884
2.152566 11.791498 1.472066
2.140376 11.803982 1.502474
1.824118 12.125874 2.270875
1.901019 12.209272 2.050006
2.018086 11.869766 1.691393
1.859571 12.068996 2.174154
1.909341 12.182612 2.029524
2.082495 11.874629 1.592455
2.075879 11.827538 1.625181
1.885485 12.144044 2.101345
1.923885 12.105061 2.011622
1.939752 12.031016 1.991727
1.787419 12.225760 2.331764
1.799911 12.151749 2.306714
1.868582 12.078979 2.142531
2.100537 11.838838 1.573260
1.950791 11.945316 1.969628
2.107307 11.769756 1.557633
2.134484 11.737765 1.492776
2.120862 11.749597 1.521594
1.825959 12.073767 2.295618
2.134913 11.794155 1.495794
2.130621 11.798831 1.507183
1.894951 12.149868 2.062206
2.058139 11.832574 1.731614
1.852427 12.016090 2.189070
1.911874 12.131711 2.049372
2.089328 11.826614 1.616694
2.104700 11.872791 1.589664
2.073148 11.777440 1.646934
1.879021 12.086831 2.113636
1.919600 12.051614 2.030475
1.935470 11.978493 2.010202
1.789551 12.175209 2.352459
1.802157 12.101130 2.329853
1.870200 12.027934 2.162007
2.100553 11.788275 1.596504
2.093542 11.850127 1.610270
2.105608 11.720660 1.581823
1.948569 11.892960 1.993734
2.028035 11.856971 1.766452
2.015217 11.887110 1.594642
2.122313 11.700607 1.546049
2.130036 11.687298 1.516231
1.819439 12.018536 2.315333
2.129433 11.742685 1.516811
2.123306 11.746140 1.527837
1.896850 12.095786 2.079525
2.036161 11.775626 1.747084
1.855594 11.967466 2.211824
2.130769 11.794611 1.522094
2.133572 11.791257 1.516540
1.970970 11.849402 1.937296
1.910225 12.078789 2.066895
2.086391 11.820140 1.481212
2.085539 11.831275 1.505734
2.081900 11.773993 1.634902
2.096354 11.819095 1.607880
2.097407 11.858783 1.564948
2.071335 11.727497 1.669057
1.919902 12.000766 2.050428
1.875424 12.031846 2.128727
1.924774 11.923077 2.026835
1.804404 12.050515 2.352993
1.983709 11.865579 1.791621
1.864373 11.973916 2.176825
2.095992 11.737875 1.617514
2.079297 11.794956 1.627485
2.100647 11.670613 1.603681
2.026622 11.806676 1.787728
1.944005 11.841640 2.015122
2.071027 11.855973 1.633922
2.128742 11.638776 1.539195
2.117352 11.650561 1.567907
1.967826 11.846541 1.900497
2.120064 11.696465 1.547992
1.817105 11.966249 2.336995
2.122122 11.690916 1.537086
1.895485 12.039836 2.094891
2.035783 11.727251 1.770419
1.854068 11.917239 2.230656
2.118415 11.737773 1.532627
2.116527 11.740359 1.538931
1.966295 11.799074 1.955861
1.902050 12.023961 2.079753
2.116888 11.789336 1.534348
2.128623 11.780092 1.511835
2.081405 11.723852 1.656550
2.082913 11.764149 1.623021
2.098513 11.807246 1.583206
2.070041 11.678973 1.692022
1.876529 11.980305 2.146985
1.907261 11.945118 2.063874
1.923876 11.873281 2.049330
1.995175 11.892703 1.833202
1.962444 11.840944 1.864942
2.014487 11.826023 1.826064
1.859466 11.920972 2.191637
2.090516 11.687328 1.638154
2.076455 11.744931 1.646793
2.025726 11.756882 1.810223
2.073566 11.805089 1.653769
2.094369 11.619848 1.626393
1.934344 11.788152 2.033814
1.966303 11.797238 1.918950
2.111077 11.601633 1.589863
2.122466 11.588929 1.561529
2.117337 11.646373 1.569745
2.122145 11.642197 1.559574
1.889943 11.983702 2.107174
1.853976 11.868584 2.250700
2.034087 11.678158 1.794610
2.113685 11.689420 1.558617
2.117405 11.687135 1.553055
1.946846 11.744569 1.966799
1.900006 11.972313 2.097745
2.116279 11.738348 1.553930
2.127497 11.728604 1.530198
2.084538 11.714034 1.642119
2.094639 11.755302 1.600455
2.063651 11.629197 1.711911
2.079480 11.673064 1.676607
1.907167 11.895542 2.084296
1.868757 11.925141 2.158995
1.974933 11.838679 1.827029
1.908090 11.818457 2.062131
1.995482 11.842781 1.852776
1.973347 11.794108 1.889439
1.858857 11.870900 2.210840
1.998301 11.771545 1.839713
2.087790 11.637238 1.659906
2.075447 11.694294 1.667222
2.069291 11.753494 1.671865
2.015153 11.704164 1.828166
2.091761 11.571526 1.649833
1.969876 11.748274 1.940857
1.930299 11.737337 2.056421
2.115277 11.539853 1.583113
2.104288 11.551291 1.610978
1.845523 11.816806 2.265714
2.109342 11.590447 1.577243
2.111348 11.595332 1.589165
1.886751 11.928376 2.121418
2.026380 11.627662 1.815354
1.944524 11.695967 1.986947
2.112678 11.639702 1.578667
2.114966 11.635849 1.571894
1.890519 11.918612 2.110700
2.109658 11.685955 1.570065
2.119043 11.674991 1.545969
2.090251 11.702865 1.616485
2.072060 11.622291 1.694059
2.079350 11.662294 1.659844
2.059095 11.578808 1.732921
1.899628 11.842996 2.100060
1.868032 11.873304 2.176510
1.993567 11.792706 1.853649
1.906680 11.768167 2.083407
1.991609 11.790840 1.870025
1.861917 11.822351 2.231150
1.971708 11.742126 1.906583
1.999642 11.722628 1.861724
2.079570 11.587161 1.679053
2.072208 11.644623 1.687377
2.063187 11.701602 1.689219
2.011513 11.654840 1.849169
2.085490 11.522601 1.671789
1.965606 11.697603 1.958575
1.922993 11.686492 2.076318
2.097503 11.502787 1.631336
2.106257 11.490479 1.603955
1.847381 11.769301 2.288567
2.107537 11.541430 1.598989
2.104962 11.545560 1.609054
1.883161 11.874319 2.136131
2.021425 11.578538 1.836833
1.941288 11.647215 2.006725
1.886648 11.867586 2.127571
2.113506 11.590289 1.599461
2.116710 11.586587 1.593058
2.120673 11.625798 1.564688
2.106704 11.634171 1.587685
2.047215 11.529968 1.749826
2.066991 11.572320 1.713472
2.077829 11.612080 1.678676
2.091362 11.651337 1.634742
1.898221 11.793622 2.120959
1.867311 11.822387 2.193646
1.994162 11.740678 1.870687
1.898860 11.717742 2.101706
1.989171 11.740470 1.888486
1.856215 11.771029 2.247278
1.973852 11.692513 1.926899
1.994054 11.671237 1.880297
2.072669 11.536891 1.697724
2.067539 11.594304 1.705943
2.062983 11.651189 1.707575
2.011541 11.606122 1.871657
2.074641 11.473845 1.691510
1.961337 11.646935 1.976293
1.904583 11.634832 2.088936
2.086654 11.454031 1.651057
2.098158 11.443092 1.624411
1.845464 11.721265 2.307491
2.098978 11.495442 1.628096
2.102984 11.491962 1.619620
1.882324 11.821637 2.151580
2.017904 11.530066 1.859903
1.938053 11.598465 2.026502
1.889707 11.818121 2.148259
2.098359 11.538660 1.614790
2.101964 11.534611 1.607540
2.114972 11.573565 1.581195
2.105586 11.583610 1.605669
2.063241 11.523072 1.732031
2.045927 11.481451 1.772791
2.073562 11.561415 1.696394
2.086579 11.600170 1.651241
1.891203 11.742499 2.137563
1.863325 11.769603 2.208829
1.991609 11.688544 1.887460
1.897973 11.669789 2.123445
1.979806 11.688546 1.903129
1.856518 11.722014 2.266487
1.971807 11.641785 1.944525
1.989377 11.621821 1.898497
2.067192 11.488175 1.717618
2.061944 11.543821 1.724150
2.005547 11.556904 1.890333
2.060538 11.600808 1.726048
2.069680 11.425629 1.712624
1.959409 11.597973 1.995607
1.837524 11.671815 2.322979
1.905630 11.586179 2.114252
2.084442 11.406267 1.673285
2.099610 11.395013 1.648503
2.091155 11.446845 1.645651
2.094761 11.443713 1.638023
1.935727 11.550769 2.046285
1.880733 11.766751 2.161688
2.006528 11.479876 1.878796
1.878728 11.767573 2.166304
2.091850 11.488029 1.632625
2.095857 11.484549 1.624149
2.102226 11.533996 1.623392
1.890708 11.695101 2.158087
2.112013 11.522685 1.598448
2.054501 11.473406 1.749593
2.065623 11.511049 1.712260
2.038619 11.432435 1.791943
2.084020 11.548943 1.667647
1.859850 11.719142 2.224484
1.984868 11.635296 1.901539
1.892495 11.620153 2.143717
1.978280 11.639234 1.921593
1.851338 11.672114 2.283453
1.988895 11.574440 1.919009
1.965596 11.590889 1.959054
2.055966 11.495537 1.742434
2.056231 11.438571 1.735273
1.999165 11.507132 1.910222
2.054842 11.549491 1.742174
2.064332 11.377774 1.734573
1.950966 11.547125 2.010241
1.838472 11.624162 2.345460
1.896099 11.536307 2.133874
2.088841 11.398248 1.665800
2.089698 11.394665 1.657058
1.928831 11.501419 2.064576
1.866677 11.714149 2.172027
1.998831 11.431223 1.898783
1.878927 11.715894 2.184187
2.089422 11.439502 1.650329
2.095776 11.435904 1.644193
2.094701 11.483297 1.638399
2.098991 11.472000 1.610849
1.885126 11.644632 2.176280
2.062277 11.461453 1.729971
2.034073 11.383885 1.812197
2.048921 11.422940 1.767787
2.071913 11.497491 1.680797
1.861999 11.669529 2.244799
1.982325 11.585921 1.917176
1.890693 11.571136 2.165462
1.981347 11.590691 1.941902
1.849823 11.621899 2.302284
1.964999 11.541744 1.977878
1.985147 11.524274 1.937945
2.047640 11.445538 1.759136
2.061761 11.390756 1.759990
2.050581 11.500662 1.759136
1.828714 11.574430 2.360193
1.990953 11.457979 1.928991
1.949052 11.498178 2.029542
1.895328 11.487368 2.158436
1.865164 11.665771 2.190101
1.921422 11.452491 2.081272
1.995315 11.382751 1.921854
1.862408 11.660731 2.190878
2.087508 11.389639 1.670009
2.091515 11.386159 1.661533
2.094214 11.421758 1.626970
2.087174 11.431684 1.653784
1.885558 11.595566 2.197920
2.056184 11.411408 1.746569
2.049357 11.374793 1.789051
2.070286 11.447351 1.697185
1.857220 11.618365 2.261298
1.977947 11.534410 1.932827
1.974737 11.540144 1.957280
1.886145 11.521666 2.186094
1.845561 11.572151 2.319624
1.959306 11.491350 1.993628
1.979168 11.475074 1.956609
2.046642 11.395825 1.779188
2.045804 11.449500 1.775635
1.946224 11.449081 2.048473
1.985489 11.408360 1.949252
1.888145 11.437378 2.180399
1.916878 11.404860 2.101149
1.863250 11.616826 2.209402
1.862610 11.609974 2.208385
1.882844 11.547314 2.218917
2.099917 11.371904 1.646707
2.086980 11.382194 1.671763
2.068658 11.396294 1.713951
1.854274 11.567503 2.278540
1.977235 11.483503 1.949964
1.968644 11.490098 1.973878
1.880281 11.472396 2.207203
1.838552 11.521955 2.335851
1.950866 11.440508 2.008265
1.975424 11.425827 1.975169
2.038795 11.399305 1.791862
1.860823 11.568300 2.227106
1.887893 11.388934 2.206183
1.859148 11.557698 2.224787
1.877781 11.497345 2.238332
1.848981 11.515843 2.293821
1.967761 11.429829 1.962920
1.964385 11.440353 1.991219
1.879915 11.424025 2.230542
1.837156 11.473503 2.356373
1.963435 11.375232 1.990388
1.857079 11.519054 2.245666
1.855687 11.505424 2.241189
1.869458 11.448266 2.254658
1.853082 11.467375 2.316950
1.959209 11.389543 2.008569
1.855168 11.470109 2.264970
1.860588 11.455344 2.263002
1.856040 11.397942 2.267909
1.849594 11.420564 2.282789
1.859991 11.403445 2.282966
1.921132 12.259848 1.923995
1.921599 12.260118 1.968114
1.919112 12.257157 1.996749
1.910169 12.255508 1.997896
1.910710 12.248110 2.026306
1.933035 12.210438 1.947294
1.922930 12.206655 1.986849
1.875651 12.256841 2.105583
1.893142 12.234943 2.063906
1.917297 12.203581 2.015202
1.913641 12.204958 2.023556
2.037872 12.016089 1.630008
2.008134 12.023206 1.654272
1.904327 12.193754 2.042883
1.932036 12.156157 1.964059
1.860232 12.231045 2.159144
2.063964 11.922422 1.476807
2.103163 11.960546 1.549629
1.921533 12.153635 2.004067
2.118955 11.945898 1.527806
1.875777 12.205344 2.126453
2.105071 11.955163 1.544523
2.118883 11.922205 1.484357
2.119361 11.949545 1.546669
1.896116 12.184784 2.087960
2.102179 11.944714 1.545218
2.107423 11.933522 1.526356
1.966820 12.020922 1.750708
2.128088 11.917367 1.493264
1.907666 12.147332 2.029825
1.914375 12.153019 2.048478
2.074314 11.978466 1.666049
2.075280 11.960388 1.623094
1.794689 12.246049 2.288856
2.086075 11.937695 1.582083
2.043557 11.984559 1.687880
2.027354 12.001712 1.731028
1.899889 12.141483 2.061883
2.011302 12.004699 1.763629
1.937043 12.104222 1.983905
2.148564 11.886094 1.485571
2.125590 11.879694 1.485548
1.785491 12.241492 2.329177
1.991892 12.004817 1.781588
1.920302 12.042965 1.881839
1.853749 12.175808 2.173671
2.121752 11.889904 1.517404
2.133606 11.880448 1.495043
1.953660 12.029169 1.862175
1.915062 12.099326 2.018202
2.106270 11.912213 1.575352
1.868999 12.152247 2.143491
2.106247 11.905653 1.567438
2.104069 11.890500 1.544296
1.995031 12.009099 1.812205
2.121381 11.872501 1.506803
1.982856 12.014130 1.829165
2.115863 11.898390 1.565651
1.890353 12.131800 2.107818
2.104167 11.894492 1.566447
2.112969 11.883970 1.546637
2.017291 11.990045 1.797776
2.122252 11.864485 1.510665
1.907297 12.096245 2.049096
1.910034 12.099792 2.070314
2.053028 11.921969 1.679915
2.073305 11.909851 1.646113
1.800093 12.193734 2.307865
2.042799 11.933861 1.707985
2.084205 11.888028 1.607159
2.025577 11.949987 1.748700
1.894947 12.088706 2.079667
2.017860 11.956149 1.786345
1.929146 12.047426 1.997220
2.126176 11.831552 1.504019
1.783589 12.188848 2.344799
2.123731 11.830951 1.510234
2.002214 11.958668 1.807474
1.851047 12.124802 2.190586
1.970264 12.011559 1.927691
2.122535 11.841667 1.540768
2.128901 11.830370 1.516546
1.982888 11.990232 1.897669
2.095668 11.860640 1.595838
1.911844 12.045085 2.035061
1.866800 12.099929 2.162398
2.103429 11.841596 1.566068
2.105602 11.855833 1.589598
2.008200 11.964278 1.841274
2.119316 11.822022 1.527370
1.986365 11.965419 1.854045
2.097333 11.843286 1.580249
1.877583 12.075440 2.122161
2.103825 11.843451 1.585705
2.108057 11.832154 1.564022
1.903280 12.044539 2.066863
2.118257 11.812828 1.528423
2.004337 11.935804 1.817072
1.897880 12.044815 2.087930
2.051873 11.871631 1.700858
2.072665 11.860938 1.667884
2.043373 11.883876 1.727232
1.800421 12.139221 2.324166
2.025636 11.898575 1.767118
1.888702 12.037957 2.097137
2.081429 11.838208 1.631856
2.019341 11.905398 1.806354
1.927260 11.993901 2.013220
2.121581 11.782343 1.527576
1.844692 12.072264 2.206386
2.119137 11.781742 1.533791
2.001463 11.907962 1.827576
1.951523 11.955606 1.937785
2.123290 11.780138 1.537669
2.115090 11.790211 1.561530
1.972075 11.936900 1.914037
1.860042 12.047750 2.179039
1.908644 11.992672 2.051140
2.089644 11.809844 1.618192
2.101370 11.791114 1.586631
2.095819 11.803551 1.608394
1.983668 11.906799 1.852794
2.119091 11.772767 1.548295
1.982061 11.914956 1.874706
2.096593 11.792602 1.600345
1.873674 12.024598 2.141983
2.094857 11.791370 1.602428
2.104068 11.780497 1.581776
1.897847 11.992169 2.083033
2.116097 11.761485 1.546925
1.995969 11.884170 1.837462
1.891732 11.992196 2.108619
2.048902 11.821896 1.720659
2.065220 11.809471 1.688646
2.040802 11.832869 1.746578
1.884802 11.988031 2.116570
1.797101 12.084090 2.338963
2.024280 11.846498 1.783939
2.079070 11.788943 1.655320
2.003868 11.851350 1.818396
1.912477 11.936430 2.022296
1.843432 12.022840 2.224497
2.121970 11.733554 1.552161
1.943362 11.903698 1.952439
1.995743 11.856838 1.846640
2.116379 11.732843 1.558094
2.112231 11.741355 1.583387
1.954365 11.882889 1.926171
2.119514 11.730218 1.559538
1.851463 11.995264 2.194926
1.904132 11.940461 2.067682
2.085870 11.760828 1.639674
2.100240 11.742613 1.606790
1.977953 11.856587 1.871471
2.091532 11.753113 1.629046
2.115213 11.721980 1.568103
1.979186 11.865160 1.896954
2.095865 11.742831 1.620049
1.867939 11.972533 2.161439
2.093617 11.740177 1.621303
2.104152 11.730016 1.599795
1.893845 11.940467 2.100791
2.115782 11.712276 1.565398
1.989947 11.833356 1.859813
2.044616 11.771449 1.741311
1.885186 11.939934 2.130145
2.063275 11.760760 1.710876
2.032758 11.781847 1.763285
1.879486 11.937441 2.134406
1.798874 12.031158 2.356458
2.021613 11.794622 1.801223
2.072660 11.740328 1.677734
2.003136 11.801560 1.838101
1.843094 11.973572 2.242979
1.909296 11.884937 2.037979
2.115567 11.684949 1.574572
1.943134 11.854408 1.973362
1.991354 11.806428 1.864846
2.113632 11.684856 1.582004
1.951397 11.833138 1.945969
2.113008 11.680745 1.579890
2.105721 11.690968 1.604127
1.847571 11.945333 2.214353
1.898719 11.889010 2.083456
2.084437 11.711720 1.663505
1.978752 11.809239 1.894439
2.098197 11.692132 1.627345
2.088172 11.703743 1.649681
2.106776 11.671332 1.585646
1.969413 11.813770 1.915357
2.093317 11.692751 1.639000
1.863234 11.922403 2.182937
2.092393 11.690808 1.639398
1.882439 11.887575 2.113099
2.096522 11.677742 1.616041
2.112725 11.660779 1.583517
1.986679 11.783919 1.882897
2.043492 11.722937 1.761466
1.879567 11.888740 2.151653
2.032445 11.732621 1.781755
2.054936 11.710052 1.730865
1.873268 11.887609 2.151476
2.016211 11.742284 1.817377
2.068997 11.691264 1.701655
2.000988 11.751107 1.856209
1.838193 11.923530 2.259582
1.904291 11.832224 2.053294
1.939158 11.804546 1.990336
2.102772 11.635261 1.594356
1.987486 11.757442 1.883876
2.099923 11.635014 1.601412
1.949355 11.784453 1.965750
1.845923 11.896270 2.233296
2.102853 11.630655 1.598738
2.096073 11.641386 1.624192
1.899306 11.838999 2.102691
1.972650 11.760297 1.913561
2.071131 11.661514 1.682072
2.084789 11.641064 1.643852
2.080249 11.653600 1.668437
2.106979 11.621722 1.605715
1.966049 11.764378 1.935991
2.085287 11.640831 1.656083
1.862194 11.872891 2.205930
2.083454 11.639647 1.655719
1.877547 11.837547 2.129697
2.092051 11.626490 1.632176
2.106023 11.609576 1.599744
1.975601 11.733649 1.901373
2.043286 11.673664 1.782378
1.873559 11.839726 2.173224
2.029902 11.682528 1.800701
2.052092 11.661186 1.752712
1.869792 11.836417 2.170440
2.017224 11.692854 1.835376
2.057527 11.642278 1.720582
1.998853 11.701565 1.873926
1.834722 11.874153 2.277773
1.934788 11.755953 2.007759
1.905292 11.781861 2.071683
2.100449 11.587831 1.617028
1.987282 11.709072 1.904402
2.096281 11.587784 1.624552
1.945086 11.735815 1.985619
1.843981 11.848426 2.255136
2.089990 11.592468 1.643306
2.100428 11.582359 1.619351
1.890661 11.787489 2.115728
1.967470 11.711509 1.933054
2.065558 11.614015 1.702016
2.077825 11.606209 1.688664
2.083683 11.592562 1.663997
1.960463 11.715942 1.956326
2.094905 11.571370 1.621362
2.079614 11.592468 1.673967
1.844913 11.820339 2.216435
2.080416 11.589970 1.673055
1.872257 11.787876 2.147133
2.086276 11.577264 1.648000
2.102074 11.559751 1.616704
1.973775 11.685788 1.925652
2.031208 11.623297 1.798026
1.866954 11.791164 2.190740
2.046521 11.613680 1.772655
2.020462 11.631758 1.815414
1.866533 11.787868 2.193131
2.012756 11.641583 1.851509
2.052460 11.593460 1.742515
1.996316 11.651465 1.892868
1.834509 11.825748 2.298300
1.932250 11.706755 2.026316
2.090821 11.539164 1.636697
1.901217 11.729302 2.087363
1.984744 11.658970 1.923344
2.091223 11.539888 1.646095
1.840115 11.799406 2.274163
1.936151 11.685539 2.001550
2.083509 11.543907 1.663257
2.092525 11.533135 1.637710
1.891264 11.737476 2.134954
1.965954 11.663337 1.954042
2.060498 11.566112 1.723560
2.076185 11.542979 1.681515
2.067174 11.555603 1.706286
1.956710 11.666903 1.977794
2.089237 11.522100 1.639627
2.071608 11.542376 1.690267
1.841153 11.772189 2.237519
1.870634 11.739734 2.165677
2.072816 11.539520 1.688513
2.077251 11.525242 1.662252
2.094477 11.509307 1.632160
1.970534 11.637261 1.948335
1.863095 11.742151 2.209763
2.023303 11.574058 1.816385
2.036786 11.563221 1.790651
2.017934 11.581664 1.834351
1.862877 11.739671 2.216659
2.003726 11.589541 1.865763
2.040091 11.544320 1.761058
1.827802 11.775396 2.314141
1.990536 11.600392 1.909464
1.924639 11.656275 2.041776
1.979071 11.609672 1.941611
2.087598 11.491575 1.658986
1.899492 11.678474 2.104619
1.937891 11.638334 2.024877
1.835847 11.749826 2.294415
2.083022 11.490972 1.667739
2.072465 11.494574 1.681330
2.083310 11.484113 1.656532
1.889132 11.686998 2.153052
1.960383 11.614902 1.974369
2.056762 11.517094 1.745020
2.072351 11.494013 1.700527
2.062426 11.506480 1.724924
2.083581 11.473742 1.657502
1.952967 11.618773 1.998870
2.066351 11.492744 1.707687
1.842068 11.723847 2.263307
1.867696 11.690878 2.185071
2.063904 11.489274 1.704433
2.075145 11.475721 1.679953
2.087802 11.459018 1.647986
1.963644 11.588115 1.969514
1.861178 11.695222 2.231204
2.016726 11.524616 1.834273
2.024828 11.513722 1.808348
2.016332 11.532637 1.853271
1.857393 11.689337 2.240208
1.821106 11.725958 2.329589
2.002016 11.538733 1.883011
2.040118 11.496780 1.786074
1.988423 11.550848 1.927167
1.920288 11.606767 2.059573
1.969748 11.559756 1.958375
2.069352 11.441877 1.676114
1.898280 11.627241 2.123473
1.934050 11.589336 2.043890
1.837580 11.701679 2.318128
2.072092 11.443416 1.687479
1.956143 11.567176 1.993837
2.066914 11.446165 1.701648
2.056739 11.433078 1.667839
1.883353 11.635902 2.169646
2.047147 11.468417 1.764681
2.065783 11.444582 1.718410
2.050880 11.456633 1.741775
2.067877 11.423690 1.671248
1.948315 11.569575 2.019954
2.059275 11.442804 1.724353
1.864765 11.642019 2.204461
1.837405 11.674624 2.284395
2.059973 11.438528 1.721768
2.070710 11.425382 1.695683
2.079310 11.409333 1.662671
1.857846 11.647628 2.251049
1.956356 11.539322 1.991530
2.007413 11.474712 1.851031
2.012909 11.483297 1.871437
2.022929 11.465004 1.830551
1.821424 11.678057 2.351322
1.850502 11.640163 2.261386
1.993920 11.487759 1.897242
2.029593 11.447946 1.805357
1.976267 11.500522 1.940355
1.917367 11.557920 2.078959
1.971400 11.510774 1.980020
2.075286 11.395823 1.702144
1.829675 11.652392 2.336485
1.895657 11.576255 2.140345
1.924733 11.539412 2.060650
2.072538 11.395525 1.711646
1.950079 11.518228 2.012938
2.066346 11.398167 1.722993
2.073942 11.386740 1.695852
1.885911 11.587055 2.191668
2.040687 11.419845 1.784620
2.061456 11.395103 1.736196
2.051225 11.408785 1.763496
1.941845 11.520979 2.039897
2.077663 11.374343 1.694588
2.054034 11.393171 1.741764
1.858591 11.592188 2.221505
1.831837 11.625246 2.305104
2.059709 11.389309 1.740210
2.064455 11.374733 1.710659
2.082195 11.359313 1.681782
1.851779 11.599568 2.269764
1.952732 11.491141 2.015042
2.007249 11.426345 1.871534
1.996192 11.432208 1.882746
2.013732 11.416878 1.848977
1.812912 11.627395 2.366399
1.845951 11.590891 2.284913
2.025067 11.400541 1.828103
1.976694 11.436159 1.907333
1.956806 11.448966 1.950538
1.913946 11.508561 2.097123
1.957020 11.461404 1.992908
1.821268 11.602595 2.353620
1.895378 11.526083 2.159179
1.922835 11.490669 2.082851
1.953263 11.470765 2.038230
1.877408 11.536407 2.206741
2.035151 11.372336 1.804542
1.936294 11.471622 2.060597
1.861666 11.543842 2.244740
1.824959 11.576979 2.325888
1.849369 11.550295 2.290750
1.943126 11.442439 2.034695
2.002117 11.377561 1.891001
1.995524 11.382414 1.902414
2.017330 11.368160 1.873809
1.844251 11.542025 2.312007
1.979577 11.385201 1.926829
2.001517 11.401672 1.994566
1.907790 11.458738 2.114157
1.814292 11.553458 2.372342
1.916279 11.442115 2.100341
1.886370 11.473103 2.173803
1.866580 11.485854 2.219455
1.928012 11.422712 2.079781
1.868505 11.496056 2.271918
1.818492 11.527440 2.346213
1.847989 11.503861 2.313392
1.938604 11.394097 2.057824
1.834235 11.492735 2.332889
1.900322 11.409114 2.131655
1.911655 11.392902 2.121408
1.926051 11.373540 2.067646
1.920722 11.424394 2.216994
1.853931 11.434995 2.231414
1.922985 11.373857 2.101690
1.819710 11.453174 2.315369
1.859360 11.385628 2.257377
1.870213 11.369270 2.203012
1.859561 11.397285 2.310764
