# .PCD v0.7 - Point Cloud Data file format
VERSION 0.7
FIELDS x y z
SIZE 4 4 4
TYPE F F F
COUNT 1 1 1
WIDTH 3396
HEIGHT 1
VIEWPOINT 0 0 0 1
POINTS 3396
DATA ascii
-2.070936 16.787188 0.157536
-2.035951 16.742172 0.125349
-1.960319 16.690208 -0.083340
-2.006826 16.762196 0.057495
-2.034956 16.823738 0.047867
-2.005598 16.829185 -0.059197
-1.959005 16.823107 -0.169114
-1.976538 16.806196 -0.008651
-2.108203 17.064127 0.132849
-2.071583 17.019354 0.108282
-1.975670 16.953382 -0.113767
-2.064427 17.099539 0.019959
-2.049989 17.066717 0.031104
-2.040547 17.136881 -0.098724
-1.996071 17.151922 -0.217626
-2.031737 17.154095 -0.049797
-2.015983 17.298843 -0.159242
-1.919752 16.623056 -0.187690
-1.929549 16.681780 -0.166031
-1.948353 16.881632 -0.225442
-1.954684 16.936058 -0.199028
-1.978207 16.840654 -0.111405
-1.981484 16.857397 -0.115358
-1.962078 17.133459 -0.255272
-1.978520 17.209908 -0.232506
-1.977108 16.738178 -0.037189
-2.020454 16.865870 -0.017322
-1.992386 17.073456 -0.132190
-1.998309 17.099266 -0.140119
-1.998730 16.702221 0.026148
-1.982823 17.422726 -0.291354
-2.008306 16.988636 -0.058431
-2.042368 17.103758 -0.038156
-2.020222 17.358707 -0.159344
-2.030232 17.393723 -0.173228
-2.031294 16.944969 0.009892
-2.084725 17.063995 0.067847
-2.030916 17.243324 -0.075973
-2.058134 17.350384 -0.057228
-2.068107 17.213358 -0.007412
-1.925470 16.645342 -0.081370
-1.968381 16.815437 -0.053450
-1.994379 16.737492 0.208298
-1.897969 16.669607 -0.125589
-1.952468 16.850874 -0.106676
-1.994136 17.026516 -0.073396
-1.901748 16.776928 -0.208713
-1.929279 16.894167 -0.159701
-1.943544 16.908075 0.003002
-1.919675 16.993137 -0.242447
-2.026727 16.767494 0.107792
-2.027147 16.822142 0.143603
-2.057301 16.973724 0.093542
-2.050607 17.014736 0.125456
-1.847240 16.902702 -0.378841
-1.872808 16.970448 -0.451558
-2.010954 16.778336 0.058224
-2.077880 17.177130 0.082808
-1.987505 16.799253 0.053282
-2.064466 17.204874 0.111671
-1.857969 17.106932 -0.420801
-1.888043 17.191576 -0.492156
-2.045270 16.996811 0.037065
-2.004826 16.992136 0.033211
-1.995669 16.812803 0.007883
-2.060238 17.200891 0.022806
-2.024562 17.203728 0.011154
-1.963163 16.672569 -0.038432
-2.022641 17.026789 -0.016176
-1.970461 16.955969 -0.057495
-1.903842 16.700691 -0.115939
-1.989094 16.883699 -0.066664
-2.041744 17.246237 -0.037683
-1.992090 17.179224 -0.085351
-1.926000 16.915859 -0.150032
-2.006884 17.094442 -0.093289
-1.949142 17.153181 -0.185705
-1.905869 16.719746 -0.189573
-1.974851 16.804590 0.016377
-1.914507 16.886633 -0.211176
-1.987801 16.974285 -0.003670
-1.914103 16.720482 -0.056917
-1.931228 17.082745 -0.238071
-2.030220 16.620235 0.235202
-1.895026 16.770716 -0.240779
-2.006607 17.168530 -0.027218
-1.934653 16.910530 -0.085385
-1.945427 17.288820 -0.264440
-2.055049 16.797575 0.223014
-1.905500 16.951164 -0.268869
-1.887976 16.667738 -0.137985
-1.964210 17.129642 -0.119504
-2.074741 16.978004 0.213060
-1.914757 17.146404 -0.297864
-1.876817 16.826578 -0.290653
-1.906054 16.857454 -0.169882
-2.034106 16.817127 0.158926
-1.880749 17.006002 -0.321204
-1.919916 17.053801 -0.201441
-1.857459 16.733858 -0.332309
-1.871295 16.807457 -0.257522
-2.067022 17.028309 0.139524
-1.902452 17.234970 -0.362888
-1.937405 17.274637 -0.236635
-1.858532 16.907978 -0.365216
-1.882684 17.006243 -0.293664
-2.075029 17.214508 0.127807
-1.873987 17.124981 -0.409635
-1.894166 17.223715 -0.331759
-1.967057 16.739002 -0.015686
-1.977816 16.896763 -0.030128
-1.922016 16.916309 -0.146454
-1.951634 16.758303 -0.057493
-1.872716 16.686338 -0.196172
-1.990515 17.068302 -0.045214
-1.943344 17.107956 -0.178343
-2.021805 16.746340 0.186366
-1.965170 16.925810 -0.077155
-1.888701 16.859423 -0.228590
-2.011710 17.267586 -0.063765
-1.939062 16.796778 -0.102585
-1.952971 17.288710 -0.205155
-2.043464 16.920874 0.170712
-1.976179 17.103289 -0.096225
-1.893370 17.026604 -0.256975
-1.981698 16.704025 0.100124
-1.897226 16.657980 -0.130974
-1.948671 16.966469 -0.124855
-2.061287 17.102396 0.156290
-1.992291 17.300924 -0.118803
-1.863485 16.953035 -0.337354
-1.907996 17.227369 -0.293044
-1.998649 16.879133 0.080525
-1.921847 16.848736 -0.165127
-1.957602 17.148609 -0.148380
-1.869462 17.139877 -0.373172
-2.025403 17.082184 0.057963
-1.931071 17.029202 -0.192774
-1.972396 17.355316 -0.175236
-1.833105 17.071972 -0.461152
-2.033747 17.272343 0.040796
-1.948003 17.237638 -0.225989
-1.829208 17.261551 -0.498274
-2.007435 16.676605 0.142016
-1.998581 16.679180 0.103735
-1.999749 16.698702 0.114103
-1.987783 16.696770 0.064958
-2.031605 16.731289 0.195484
-1.970762 16.717407 0.012532
-1.942393 16.735855 -0.058377
-1.981253 16.786308 0.021705
-2.043700 16.845507 0.125825
-2.030467 16.847179 0.085306
-2.057323 16.884899 0.178880
-2.007716 16.851076 0.047331
-1.883180 16.791561 -0.269666
-1.999716 16.891214 -0.012810
-1.883178 16.843786 -0.355324
-1.966982 16.911528 -0.087112
-2.059284 16.996210 0.117729
-1.998576 16.947630 0.000066
-2.037258 16.987751 0.076189
-1.860423 16.870853 -0.376753
-1.874635 16.907513 -0.408328
-2.032469 16.998562 0.081186
-2.079319 17.041853 0.165067
-2.028431 17.017092 0.029213
-1.893806 16.940735 -0.299650
-2.014240 17.058498 -0.033184
-1.861990 16.981653 -0.462447
-1.894498 17.006464 -0.384111
-2.070319 17.148636 0.111121
-1.979388 17.083469 -0.111944
-2.022012 17.130646 -0.024044
-2.057730 17.160955 0.062325
-1.862129 17.022703 -0.408249
-2.091452 17.194242 0.153187
-1.879342 17.068333 -0.439063
-2.055788 17.175962 0.061823
-2.043195 17.187353 0.013412
-1.907068 17.108690 -0.333951
-2.029135 17.237137 -0.054893
-1.905767 17.177378 -0.413922
-1.867252 17.153969 -0.499402
-1.998826 17.278786 -0.140395
-2.037320 17.309622 -0.044916
-1.879965 17.213799 -0.451986
-1.897013 17.263916 -0.479829
-2.061415 17.376163 -0.004642
-1.914872 17.278528 -0.366387
-2.047906 17.436520 -0.078781
-1.921919 17.369860 -0.449117
-1.872907 17.342260 -0.539614
-2.052940 17.507290 -0.067753
-2.011399 17.477579 -0.165772
-1.886528 17.400997 -0.492196
-1.927978 17.472132 -0.404134
-1.999233 16.845697 0.117180
-2.006011 16.722672 0.218549
-2.005804 16.984133 0.104027
-1.847468 16.721394 -0.221824
-2.023377 16.861519 0.204578
-1.835279 16.957491 -0.360353
-2.018512 17.140978 0.088522
-1.865184 16.873861 -0.254741
-2.045421 17.014023 0.189773
-1.839674 17.117472 -0.394455
-1.902189 16.719679 -0.062556
-1.892690 16.939301 -0.183653
-1.925001 16.864487 -0.090073
-1.884535 17.192310 -0.318090
-1.892789 16.866146 -0.091290
-1.890944 17.040974 -0.153416
-1.907183 17.095581 -0.212940
-1.935408 17.001326 -0.111616
-1.881482 17.350075 -0.345127
-1.907727 17.014784 -0.110458
-1.914391 17.252449 -0.238799
-1.942311 17.143515 -0.133612
-1.917198 17.163626 -0.126953
-1.917164 17.413933 -0.264334
-1.951628 17.298464 -0.156147
-1.913111 16.788443 -0.138316
-1.932493 16.852598 -0.039651
-1.892738 16.715416 -0.072274
-1.910006 16.906408 -0.153897
-1.905847 16.697952 -0.039145
-1.935550 16.984306 -0.055805
-1.961467 16.880619 0.041271
-1.913998 16.856773 -0.095080
-2.001411 16.707899 0.214032
-1.923393 17.054195 -0.177511
-1.913289 16.686920 -0.004318
-1.935343 16.846590 -0.062181
-1.946228 17.133558 -0.073699
-1.931827 17.004414 -0.116196
-1.929164 17.202326 -0.198328
-1.942623 16.830936 -0.022915
-1.943631 16.974258 -0.074657
-1.940057 17.145477 -0.132992
-1.954960 16.959944 -0.034512
-1.942246 17.372250 -0.223691
-1.954515 17.114687 -0.090204
-1.996659 17.315531 -0.003942
-1.949571 17.300970 -0.151624
-1.972210 17.105301 -0.048293
-1.967019 17.266211 -0.105178
-1.985889 17.251450 -0.060460
-1.876125 17.245142 -0.304592
-1.935595 16.787979 -0.018297
-1.906550 16.763227 -0.040690
-1.892887 16.853855 -0.136277
-1.936267 16.900665 -0.030194
-1.947234 16.874447 0.021623
-1.978017 16.864353 0.094859
-1.919739 16.892054 -0.059859
-1.894810 16.980202 -0.154371
-1.950073 17.038948 -0.047498
-1.989337 16.993465 0.081416
-1.908067 17.130733 -0.178714
-1.986282 17.123281 0.035540
-1.996596 17.102146 0.073587
-1.999193 17.120390 0.075701
-1.936430 17.160084 -0.094712
-1.888324 16.835487 -0.124741
-1.880389 16.855757 -0.155048
-1.891682 16.944880 -0.138476
-1.899482 17.068127 -0.155244
-1.891305 17.100208 -0.193751
-2.063615 16.655502 0.251354
-2.061559 16.735094 0.240446
-1.924995 16.668900 -0.117584
-1.943983 16.667162 -0.048282
-1.996424 16.683775 0.073274
-1.913557 16.666136 -0.094817
-1.920331 16.652287 -0.070096
-1.928572 16.632137 -0.048184
-2.078936 16.834223 0.224501
-1.866105 16.642532 -0.236690
-1.998676 16.760658 0.060295
-1.946761 16.752560 -0.067245
-1.921145 16.752903 -0.136453
-1.918445 16.732189 -0.085888
-1.913243 16.750542 -0.113131
-1.929274 16.711445 -0.060243
-2.089501 16.933657 0.210399
-1.866614 16.722900 -0.257283
-2.006167 16.847469 0.044455
-1.959072 16.851002 -0.089952
-1.928506 16.852575 -0.160885
-1.914675 16.813210 -0.101257
-1.923696 16.851210 -0.138213
-1.925969 16.789839 -0.071263
-2.093126 17.028360 0.199041
-2.006665 16.930494 0.031005
-1.888082 16.831367 -0.291722
-1.953153 16.937826 -0.106648
-1.931307 16.921673 -0.126440
-1.949958 16.901323 -0.095183
-1.934638 16.957956 -0.187030
-1.914843 16.934221 -0.153209
-2.024210 17.035707 0.011383
-1.884663 16.916779 -0.312519
-1.966773 17.051241 -0.132423
-1.946495 16.988321 -0.106051
-1.936569 17.023066 -0.145906
-1.929749 17.049917 -0.181658
-1.939223 17.065725 -0.212246
-2.097049 17.234144 0.174834
-2.028295 17.132925 -0.004701
-1.877576 17.002562 -0.331773
-1.956363 17.093006 -0.123095
-1.975469 17.163832 -0.156771
-1.942722 17.132195 -0.167700
-1.934910 17.162107 -0.206562
-1.938411 17.172173 -0.234447
-2.029577 17.231350 -0.019976
-1.881678 17.106035 -0.359733
-1.961542 17.200029 -0.138912
-1.971645 17.266296 -0.174822
-1.944005 17.239563 -0.187718
-1.935539 17.273819 -0.229186
-1.940403 17.292131 -0.260993
-1.821900 17.146297 -0.486448
-2.031487 17.333260 -0.034588
-1.882398 17.212095 -0.385996
-1.963919 17.308258 -0.153919
-1.969916 17.378618 -0.195432
-1.944841 17.353321 -0.207740
-1.931088 17.387520 -0.251435
-1.940796 17.415417 -0.286960
-2.038869 17.448238 -0.052257
-1.880369 17.318422 -0.411099
-1.967918 17.425842 -0.169896
-1.884994 17.441973 -0.442633
-1.948676 16.684084 -0.052196
-1.989096 16.718641 0.019672
-1.861738 16.671953 -0.293266
-1.992753 16.799763 0.004259
-1.947869 16.762909 -0.064656
-1.862462 16.754532 -0.316050
-2.003896 16.893707 -0.014887
-1.946115 16.842768 -0.077070
-2.001997 16.977308 -0.028670
-1.969038 16.953550 -0.101147
-1.875400 16.946077 -0.372420
-2.022146 17.089317 -0.051931
-1.842093 16.939058 -0.437167
-1.970723 17.046297 -0.116604
-1.879256 17.049059 -0.400993
-2.024003 17.188019 -0.068587
-1.978500 17.151459 -0.133821
-1.877388 17.148556 -0.426732
-2.029093 17.294582 -0.087429
-1.839658 17.138302 -0.488179
-1.992416 17.270142 -0.155583
-1.876605 17.253910 -0.454056
-2.031003 17.400000 -0.103181
-1.842137 17.250595 -0.517349
-1.985214 17.367985 -0.167692
-1.884433 17.379057 -0.489485
-1.843792 17.370831 -0.548021
-2.065567 16.657776 0.267565
-2.015594 16.621199 0.162175
-2.096927 16.767004 0.255093
-2.016350 16.697903 0.150604
-2.064326 16.645681 0.252627
-1.870900 16.636425 -0.223583
-2.048757 16.810078 0.129294
-2.094473 16.754759 0.237275
-1.883902 16.698135 -0.201406
-2.061568 16.643764 0.236390
-1.865282 16.716894 -0.238483
-2.036339 16.880241 0.121945
-1.987245 16.703779 0.084365
-2.098850 16.842604 0.228767
-1.909020 16.813265 -0.235928
-1.861685 16.650991 -0.238933
-2.094276 16.756233 0.218413
-1.889691 16.834261 -0.270075
-2.048720 16.980438 0.105621
-2.018637 16.819885 0.059527
-1.857007 16.692505 -0.269699
-2.051927 16.636496 0.210316
-1.895536 16.890249 -0.250416
-2.106347 16.937243 0.220651
-1.970751 16.715542 0.017928
-1.860230 16.739281 -0.259091
-2.085885 16.833107 0.211075
-2.058594 17.084106 0.090180
-1.881415 16.920979 -0.285213
-2.011071 16.900454 0.047863
-1.875672 16.804529 -0.305778
-2.081326 16.745882 0.190480
-1.903890 16.997419 -0.278458
-1.853251 16.675959 -0.257965
-1.943109 16.637049 -0.034588
-1.984486 16.819014 -0.003925
-2.056921 17.176943 0.078819
-1.879790 16.856009 -0.291671
-2.098957 16.933952 0.198919
-1.882038 17.024773 -0.304659
-2.024389 17.008345 0.029042
-1.866658 16.891558 -0.325417
-1.902649 17.097523 -0.301384
-2.076721 16.828260 0.180237
-1.850001 16.765495 -0.280164
-1.944564 16.728071 -0.053687
-1.875733 16.949608 -0.311684
-1.987748 16.916552 -0.023099
-2.108305 17.036156 0.187928
-1.886303 17.136826 -0.328132
-2.025145 17.107374 0.013936
-1.868125 16.994236 -0.353046
-1.909477 17.214899 -0.330682
-2.085518 16.927065 0.166231
-1.844597 16.706694 -0.292272
-1.871645 16.887106 -0.316951
-1.961507 16.840405 -0.080774
-1.876257 17.057213 -0.335048
-1.998306 17.026733 -0.043949
-1.893108 17.259018 -0.353549
-1.844080 16.892834 -0.401074
-2.027272 17.213507 -0.002460
-1.905789 17.325321 -0.354480
-1.871648 17.108555 -0.384208
-2.093896 17.032270 0.152074
-1.850270 16.808500 -0.322640
-1.871139 16.990852 -0.341727
-1.877809 17.170626 -0.360175
-1.956868 16.935417 -0.099899
-1.899055 17.388166 -0.380337
-1.996256 17.128984 -0.061458
-2.110247 17.240383 0.170302
-1.842742 16.998741 -0.431108
-2.031161 17.327101 -0.019297
-1.879502 17.233719 -0.418450
-2.094029 17.131678 0.140677
-1.856349 16.918451 -0.354286
-1.865692 17.093843 -0.365059
-1.879765 17.292177 -0.386580
-2.000143 17.244555 -0.081478
-1.969621 17.056427 -0.126343
-1.849955 17.122374 -0.469108
-2.034535 17.448948 -0.037030
-1.870922 17.344435 -0.443613
-2.099275 17.242661 0.127897
-1.850995 17.021557 -0.380055
-1.870356 17.217964 -0.396162
-2.010746 17.376118 -0.105507
-1.970157 17.169865 -0.148601
-1.852870 17.248764 -0.505087
-1.857150 17.146139 -0.415575
-1.873337 17.347294 -0.427508
-1.842356 17.363522 -0.533409
-1.973576 17.294731 -0.172322
-1.860705 17.276041 -0.450954
-1.973224 17.421879 -0.195249
-2.052800 16.654144 0.192919
-2.078141 16.653160 0.256363
-2.058242 16.735594 0.177846
-2.000870 16.715794 0.021853
-2.078088 16.726383 0.245803
-2.072024 16.827749 0.161839
-1.921467 16.709200 -0.174531
-1.876356 16.682175 -0.301925
-1.997962 16.793259 0.008648
-2.001634 16.704288 0.044688
-2.101923 16.823074 0.229275
-2.076851 16.918232 0.148254
-1.940993 16.812199 -0.205483
-1.963311 16.650717 -0.031257
-1.946048 16.718069 -0.107514
-1.863559 16.755480 -0.319481
-2.007986 16.698530 0.053419
-2.014313 16.890942 -0.012984
-2.004409 16.784136 0.031462
-2.099731 16.900997 0.220231
-1.991463 16.665104 0.027303
-1.878000 16.729353 -0.291493
-2.079448 17.008566 0.134580
-1.965468 16.728212 -0.047963
-1.968285 16.819645 -0.136837
-2.012528 16.700808 0.061046
-1.929503 16.892466 -0.221651
-2.006390 16.774162 0.043810
-1.892501 16.873590 -0.362882
-2.018776 16.982208 -0.030203
-2.023726 16.883562 0.011293
-1.883567 16.701166 -0.273807
-1.994150 16.740101 0.012482
-1.901008 16.837797 -0.328459
-1.989022 16.827951 -0.073684
-2.088109 17.110415 0.119542
-2.009230 16.773809 0.053231
-1.954358 16.893610 -0.149465
-1.882885 16.672915 -0.278877
-1.890609 16.680275 -0.259610
-1.929539 16.986666 -0.244947
-2.033484 16.878935 0.022691
-1.885716 16.961412 -0.385264
-2.018762 16.963848 0.000286
-2.027602 17.084427 -0.050119
-1.884704 16.782711 -0.293919
-2.008715 16.828238 -0.005831
-1.887462 16.914160 -0.343342
-1.979602 16.901236 -0.085785
-2.036284 16.877457 0.034896
-1.880401 16.747168 -0.298027
-1.962264 16.991266 -0.173032
-2.095196 17.215601 0.105116
-1.886070 16.755302 -0.273453
-1.867802 16.826651 -0.397369
-2.028087 16.957767 0.013610
-1.937780 17.096460 -0.273320
-1.879584 17.054775 -0.410064
-2.032443 17.066664 -0.018586
-2.032759 17.187021 -0.068492
-1.892822 16.877741 -0.318904
-2.006772 16.904648 -0.019062
-1.893084 17.014688 -0.370454
-1.983326 16.990900 -0.104365
-1.888438 16.837341 -0.324607
-2.033860 16.958023 0.027285
-1.915024 16.867210 -0.307475
-1.962571 17.086540 -0.193358
-2.042645 17.059357 -0.002861
-1.856134 16.903944 -0.415794
-1.944401 17.210531 -0.301420
-1.883144 17.162256 -0.441224
-2.041492 17.170898 -0.035872
-2.034507 17.293154 -0.085485
-1.894302 16.969345 -0.340691
-2.015308 16.995848 -0.036940
-1.896738 17.118225 -0.397812
-1.996217 17.095118 -0.128066
-2.042877 17.052336 0.014985
-1.887126 16.923447 -0.346498
-1.900658 16.939711 -0.318161
-1.972873 17.198147 -0.219868
-1.859354 17.001369 -0.445268
-2.046547 17.156647 -0.015119
-2.047177 17.277725 -0.051439
-1.937093 17.314285 -0.323825
-1.884077 17.276003 -0.472410
-2.037346 17.404209 -0.103696
-1.904467 17.077057 -0.369139
-2.019825 17.086155 -0.053794
-1.989590 17.182684 -0.142246
-1.897462 17.225813 -0.425371
-1.890443 17.016914 -0.372166
-2.053640 17.155064 0.002159
-1.911834 17.043375 -0.343188
-1.971734 17.302727 -0.240756
-2.055776 17.263840 -0.030117
-1.853270 17.093782 -0.469711
-2.053081 17.388632 -0.067499
-1.885574 17.397167 -0.506692
-1.938339 17.434895 -0.350786
-1.902406 17.175011 -0.390559
-2.021941 17.178017 -0.068972
-1.995883 17.291330 -0.164606
-1.887996 17.107801 -0.395360
-1.900455 17.341381 -0.454696
-2.062525 17.258915 -0.010232
-1.918424 17.147514 -0.366289
-2.059196 17.369392 -0.042980
-1.859364 17.205673 -0.503710
-1.967710 17.410412 -0.261505
-2.050993 17.496828 -0.081174
-2.025059 17.276693 -0.086051
-1.900385 17.280817 -0.413836
-1.893315 17.214893 -0.424830
-1.998028 17.399841 -0.183839
-2.064685 17.361227 -0.020104
-1.920034 17.251802 -0.388319
-2.070343 17.490015 -0.059336
-1.854061 17.309595 -0.531745
-2.028787 17.379784 -0.102766
-1.911808 17.407265 -0.446533
-1.890250 17.316875 -0.449651
-2.076187 17.481056 -0.032819
-1.918280 17.358686 -0.408627
-2.034696 17.492741 -0.121928
-1.893685 17.433884 -0.480880
-1.919712 17.473450 -0.431084
-2.033203 16.626148 0.175936
-2.038157 16.699654 0.163093
-1.909143 16.621813 -0.149355
-2.003221 16.710726 0.091716
-2.039005 16.627291 0.191705
-2.029299 16.642195 0.165239
-2.035103 16.770521 0.152663
-1.877221 16.666342 -0.237875
-1.910618 16.698195 -0.168613
-2.026656 16.806265 0.070206
-2.044807 16.700472 0.180908
-2.063222 16.869205 0.133597
-2.033345 16.715792 0.152782
-2.040754 16.625185 0.198906
-1.880724 16.750586 -0.262160
-1.898772 16.767847 -0.181469
-2.049196 16.649847 0.219699
-2.015047 16.877954 0.059982
-2.041715 16.770180 0.173232
-1.911962 16.675453 -0.144362
-1.903156 16.683681 -0.174659
-2.059813 16.812071 0.133049
-2.054609 16.942575 0.124823
-2.048276 16.698889 0.189420
-1.882361 16.835966 -0.286011
-2.051547 16.719873 0.209336
-1.921785 16.870247 -0.213503
-2.044787 16.632956 0.203739
-2.023697 16.970322 0.043065
-2.072801 16.871496 0.155278
-1.916436 16.753498 -0.162192
-1.913703 16.651787 -0.131637
-1.900604 16.759205 -0.192910
-2.041041 16.871254 0.127280
-2.066289 17.035673 0.109687
-2.047412 16.768698 0.181804
-2.077672 16.811842 0.192493
-1.882432 16.925640 -0.309565
-1.915801 16.951214 -0.231005
-1.924326 16.700871 -0.117322
-2.072032 16.720032 0.269728
-2.050918 16.706240 0.196213
-2.059455 16.938456 0.149905
-2.032571 17.067717 0.025330
-1.933297 16.850023 -0.189178
-1.947932 16.645340 -0.042715
-1.915471 16.729212 -0.147967
-1.907063 16.846058 -0.216105
-2.049348 16.959318 0.113254
-2.075522 17.132229 0.095573
-2.076263 16.867807 0.166863
-1.918133 16.640409 -0.123517
-2.068048 16.876492 0.186212
-1.918725 17.046343 -0.254446
-1.887157 17.023592 -0.337221
-1.907881 16.760323 -0.125469
-2.046536 16.772686 0.191474
-2.074169 17.032288 0.136542
-1.923056 16.923006 -0.201754
-2.037715 17.167410 0.008478
-1.947367 16.713835 -0.057008
-1.928515 16.817118 -0.168838
-1.909865 16.933317 -0.237752
-2.059671 17.053146 0.097296
-2.079776 17.228985 0.082538
-2.073317 16.942327 0.160780
-1.918650 16.713627 -0.136562
-2.071285 16.955944 0.175395
-1.933591 16.861248 -0.155944
-2.089572 16.870667 0.250616
-1.923665 17.147228 -0.279821
-1.883357 17.119326 -0.361240
-2.072781 16.868328 0.179016
-2.079073 17.122757 0.126686
-1.923885 17.012154 -0.220856
-1.977165 16.811621 -0.084756
-2.042168 17.272236 -0.008804
-1.929994 16.899979 -0.184753
-1.910326 17.023293 -0.260488
-2.055052 17.136885 0.087403
-2.074953 17.024929 0.153037
-1.923416 16.792715 -0.151463
-2.078260 17.041687 0.163972
-1.932061 16.942421 -0.173330
-1.931799 17.257860 -0.307990
-1.850023 16.771585 -0.352557
-1.891027 17.233620 -0.394033
-2.074962 16.947472 0.173458
-2.083831 17.216991 0.115484
-1.956245 16.868759 -0.089981
-1.928891 17.109055 -0.242480
-2.045192 17.377567 -0.024469
-1.929203 16.983664 -0.201095
-1.916549 17.125330 -0.285746
-2.093295 17.125790 0.141159
-2.064469 17.239408 0.072111
-1.939794 16.886597 -0.173809
-2.088939 17.134665 0.151610
-1.938628 17.035025 -0.195270
-1.850515 16.851982 -0.375283
-1.924519 17.357880 -0.328518
-2.085713 17.036474 0.164868
-1.892403 17.345795 -0.423118
-1.959573 16.950459 -0.106373
-1.930203 17.207308 -0.262891
-1.937721 17.081827 -0.222520
-1.918338 17.226192 -0.310847
-1.936363 16.965666 -0.184890
-2.091493 17.213837 0.134144
-2.083831 17.217875 0.143267
-1.931572 17.117748 -0.210679
-1.848667 16.932995 -0.395995
-2.094420 17.129257 0.158155
-1.923437 17.471422 -0.353487
-1.969680 17.043381 -0.127785
-1.880524 17.449352 -0.445153
-1.932547 17.313314 -0.285512
-1.942579 17.180395 -0.242400
-1.939746 17.055012 -0.200661
-1.917716 17.329559 -0.334602
-1.945512 17.227854 -0.237935
-1.847082 17.020191 -0.420297
-2.096566 17.217930 0.152523
-1.970521 17.129465 -0.143508
-1.940246 17.431061 -0.311518
-1.944146 17.280634 -0.260210
-1.951155 17.157677 -0.221653
-1.914577 17.438269 -0.358009
-1.944914 17.328192 -0.258273
-1.843999 17.109793 -0.443642
-1.969868 17.220058 -0.161371
-1.946787 17.387684 -0.279887
-1.827447 17.159090 -0.528543
-1.957558 17.259390 -0.238782
-1.944185 17.432285 -0.279936
-1.853793 17.218365 -0.477716
-1.974176 17.319979 -0.180356
-1.951662 17.353531 -0.252010
-1.849927 17.315907 -0.502488
-1.976582 17.421982 -0.199243
-1.958482 17.466234 -0.271109
-1.845005 17.417315 -0.528219
-1.984328 17.408915 -0.298481
-1.984585 17.236767 -0.263793
-1.971094 17.233425 -0.329664
-1.875610 17.334812 -0.580341
-2.096339 17.381126 0.007415
-1.983767 17.324402 -0.287796
-1.958714 17.312653 -0.349988
-1.979606 17.412865 -0.309523
-1.953775 17.402302 -0.374168
-2.082211 16.653557 0.196881
-2.089996 16.714218 0.186001
-1.974725 16.642183 -0.094834
-2.012437 16.682688 0.006228
-2.081647 16.767958 0.180394
-2.082162 16.651411 0.200212
-1.922396 16.633858 -0.232154
-1.974654 16.701548 -0.108669
-2.019710 16.742950 -0.011246
-2.109795 16.706373 0.246642
-2.120305 16.850710 0.161025
-2.090482 16.711617 0.188110
-1.918618 16.688959 -0.248480
-1.970954 16.758570 -0.119965
-2.036628 16.811907 -0.031779
-2.091197 16.630463 0.216108
-1.992552 16.656567 -0.040821
-2.100853 16.757708 0.237590
-1.974198 16.654016 -0.094414
-2.103862 16.901915 0.157707
-1.921893 16.751387 -0.268498
-2.086680 16.767565 0.179608
-2.085455 16.657974 0.200964
-2.023213 16.863031 -0.041075
-2.003802 16.842882 -0.148974
-1.882756 16.742031 -0.361308
-1.993557 16.715015 -0.057103
-2.083694 16.682163 0.205106
-1.975563 16.713737 -0.110192
-2.107296 16.968180 0.147752
-1.935483 16.822189 -0.295242
-2.115598 16.845375 0.161880
-1.891253 16.656120 -0.293043
-2.090256 16.716930 0.188600
-2.028366 16.929001 -0.057501
-1.985634 16.894468 -0.153993
-1.980101 16.632275 -0.086108
-2.120485 16.884621 0.210673
-1.984692 16.768362 -0.069300
-2.070295 16.609112 0.167640
-2.099219 16.748911 0.187228
-1.971069 16.771027 -0.123559
-2.126418 17.048565 0.134564
-1.919377 16.875698 -0.306587
-2.105867 16.901699 0.154723
-1.893348 16.718485 -0.315993
-1.969145 16.668419 -0.095307
-2.086583 16.773024 0.177661
-2.084025 16.659430 0.194195
-2.026374 16.991385 -0.071652
-1.985244 16.961163 -0.168219
-1.890717 16.878672 -0.404250
-1.975378 16.688446 -0.102424
-2.126819 16.950670 0.197180
-2.007843 16.845854 -0.095955
-2.111994 16.815067 0.170810
-2.067677 16.665245 0.153886
-1.990932 16.848402 -0.147532
-2.127801 17.117723 0.126725
-1.922488 16.944666 -0.329085
-2.106726 16.965658 0.144499
-1.889066 16.777933 -0.334950
-1.876975 16.770372 -0.376599
-1.974132 16.730473 -0.113614
-2.117299 16.852470 0.158490
-2.039412 17.068295 -0.093554
-2.088955 16.718533 0.179394
-1.997180 17.039930 -0.188026
-1.887835 16.945072 -0.421897
-1.981760 16.752733 -0.123391
-2.001070 16.904911 -0.110153
-2.102032 16.870266 0.160710
-2.067244 16.723341 0.139553
-1.982718 16.907099 -0.159781
-2.125644 17.186563 0.118269
-1.921904 17.014112 -0.350113
-2.123790 17.044218 0.129459
-1.900867 16.851938 -0.364466
-1.895489 16.849493 -0.409956
-2.104632 16.905210 0.150562
-1.973216 16.791971 -0.130223
-2.040259 17.137993 -0.108344
-2.083092 16.772654 0.169045
-1.949010 16.658396 -0.150859
-1.998881 17.112324 -0.204250
-1.893400 17.021027 -0.445895
-1.992446 16.823771 -0.146594
-1.969211 16.683752 -0.108155
-1.999546 16.969658 -0.126596
-2.104845 16.935070 0.146957
-2.107527 16.809582 0.112286
-1.991739 16.981358 -0.180009
-2.129889 17.262096 0.110150
-1.930194 17.091568 -0.375918
-2.127488 17.115492 0.118597
-1.896852 16.916397 -0.384334
-1.880594 16.906965 -0.422224
-2.107267 16.971743 0.138540
-1.992305 16.868670 -0.155910
-2.038466 17.208191 -0.124471
-2.129460 16.862438 0.142320
-2.002184 17.189011 -0.220541
-1.896214 17.096394 -0.468431
-1.949664 16.720411 -0.171859
-1.979406 16.881012 -0.159600
-2.021455 17.054596 -0.153277
-1.970656 16.745497 -0.127078
-2.114171 17.007654 0.130738
-2.079355 16.856981 0.105248
-1.995242 17.055397 -0.197679
-1.927711 17.163109 -0.396914
-1.895374 16.833172 -0.426650
-2.124063 17.182240 0.110366
-1.893669 16.984480 -0.405989
-2.044471 17.287313 -0.142924
-1.889913 16.985399 -0.451195
-2.120469 17.046841 0.123093
-1.980932 16.927393 -0.167914
-2.098265 16.904221 0.137665
-1.996901 17.261757 -0.232609
-1.889497 17.168879 -0.486735
-2.138696 17.226501 0.149350
-1.966288 16.795902 -0.200621
-1.984184 16.951481 -0.181097
-2.011276 17.118202 -0.166561
-1.976064 16.811777 -0.148383
-2.118900 17.079897 0.116713
-1.882060 16.878548 -0.425596
-1.996509 17.129332 -0.215470
-1.928203 17.242117 -0.420994
-2.080812 16.923450 0.090291
-1.876576 16.889065 -0.440038
-2.133688 17.263613 0.097560
-1.904765 17.065472 -0.436755
-2.125966 17.119749 0.110791
-1.889207 17.059530 -0.473994
-1.983323 16.998558 -0.187450
-2.097040 16.967293 0.125236
-1.891610 17.251247 -0.510527
-2.000404 17.346262 -0.250878
-2.008126 17.190065 -0.183890
-1.958649 16.858051 -0.217958
-1.985266 17.022425 -0.201124
-1.984873 16.883987 -0.171201
-1.882476 16.949903 -0.450139
-1.922317 17.318213 -0.441079
-2.000256 17.209312 -0.234406
-2.091483 17.000154 0.070703
-1.875321 16.958929 -0.465576
-1.899595 17.139406 -0.459803
-2.123910 17.189672 0.099547
-1.882619 17.132166 -0.494737
-1.994950 17.079008 -0.211259
-2.114204 17.046938 0.107407
-2.002805 17.432606 -0.267045
-1.891807 17.336660 -0.534649
-1.888558 16.854813 -0.442355
-2.014189 17.272150 -0.205848
-1.994254 17.103382 -0.226275
-1.954049 16.924856 -0.237311
-1.974891 16.944948 -0.185860
-2.124205 17.227312 0.088217
-1.918141 17.399679 -0.464028
-1.881899 17.024187 -0.475378
-1.995056 17.284077 -0.249621
-2.099766 17.077545 0.053079
-1.870732 17.030544 -0.489140
-1.901090 17.220316 -0.487398
-1.882179 17.211300 -0.518444
-2.119467 17.260288 0.090268
-1.995783 17.154480 -0.230616
-1.882539 17.416378 -0.553468
-2.115795 17.118265 0.093985
-1.877885 16.917116 -0.461883
-2.008559 17.348444 -0.222631
-1.991570 17.177603 -0.245894
-1.990295 17.026945 -0.214289
-1.969924 17.009214 -0.268035
-1.879965 17.100119 -0.501816
-1.997223 17.369303 -0.268732
-2.096487 17.149282 0.038190
-1.880530 17.116150 -0.524612
-1.895285 17.298433 -0.510632
-1.883019 17.297344 -0.546587
-1.992921 17.230427 -0.248501
-2.115130 17.190426 0.080085
-2.001979 17.425787 -0.239397
-1.877413 16.992491 -0.489918
-1.985190 17.252302 -0.264041
-1.990379 17.100815 -0.235007
-1.965567 17.081963 -0.288652
-1.882333 17.182789 -0.530487
-1.993552 17.451157 -0.285073
-1.886278 17.378445 -0.534332
-2.096993 17.227283 0.022650
-1.872077 17.375580 -0.566400
-1.992152 17.312084 -0.268389
-2.115187 17.265123 0.067199
-1.875607 17.068573 -0.518796
-1.984507 17.335976 -0.287082
-1.980033 17.170986 -0.250770
-1.956614 17.154371 -0.307075
-1.876116 17.261517 -0.554933
-2.098714 17.309240 0.006186
-1.991675 17.397816 -0.288836
-1.871390 17.146282 -0.546064
-1.982336 17.421152 -0.308878
-1.982139 17.253370 -0.274554
-1.958268 17.239237 -0.332788
-1.871563 17.347490 -0.582953
-2.095477 17.389580 -0.008587
-2.096876 16.653734 0.183580
-2.108108 16.713181 0.169550
-2.098296 16.764402 0.159927
-2.071973 16.628862 0.139628
-2.103226 16.822996 0.146709
-2.087772 16.691429 0.122371
-2.041019 16.797861 -0.017859
-1.999784 16.774046 -0.131913
-2.106292 16.882780 0.133860
-2.082897 16.747044 0.110024
-2.043884 16.861267 -0.029696
-2.000384 16.833561 -0.148204
-1.917511 16.764629 -0.364423
-2.117286 16.947681 0.120152
-1.939476 16.799067 -0.292326
-2.083377 16.804550 0.096889
-2.049848 16.928368 -0.043177
-2.003148 16.897840 -0.166135
-1.913278 16.822716 -0.381494
-2.039929 16.803497 -0.016844
-1.978494 16.747707 -0.182680
-2.128607 17.016666 0.105882
-2.027179 16.689293 0.012377
-1.938542 16.863873 -0.308815
-2.088263 16.865959 0.082611
-2.050820 16.994829 -0.055350
-1.947414 16.766159 -0.290876
-2.006793 16.964798 -0.185492
-1.915384 16.889280 -0.404658
-2.044775 16.867723 -0.032192
-1.979608 16.808643 -0.200901
-2.129221 17.080900 0.093567
-1.944377 16.933725 -0.329104
-2.065275 16.781881 0.050216
-2.095311 16.932131 0.066693
-2.066454 17.074286 -0.073261
-1.943905 16.827742 -0.307290
-2.011689 17.035704 -0.205771
-1.919653 16.960606 -0.429461
-2.127971 17.146322 0.081624
-1.978846 16.871710 -0.219110
-2.048124 16.934414 -0.046664
-2.038366 16.815310 -0.019191
-1.943766 17.002598 -0.346146
-2.067521 16.844767 0.034227
-2.102700 17.001446 0.050572
-2.031072 16.701241 0.001750
-1.940367 16.891193 -0.324412
-2.016026 17.108000 -0.225176
-1.960936 16.781717 -0.250308
-2.123034 17.211313 0.071489
-1.922056 17.033113 -0.453892
-1.980245 16.939539 -0.238957
-2.059892 17.009514 -0.064646
-1.959393 17.086821 -0.374021
-2.045929 16.882908 -0.037041
-1.939904 16.790817 -0.299010
-2.107324 17.070196 0.035898
-2.075453 16.913635 0.016883
-2.009139 17.174135 -0.240689
-1.938991 16.959406 -0.343172
-1.958484 16.844250 -0.269873
-1.923097 17.109161 -0.480244
-1.988402 17.013355 -0.262961
-2.068871 17.085926 -0.081894
-1.960002 17.161503 -0.392689
-2.048893 16.949261 -0.052365
-1.938730 16.855433 -0.318787
-2.102521 17.136280 0.022966
-2.078933 16.981400 -0.000376
-2.044823 16.825697 -0.019898
-2.039787 16.826986 -0.033241
-2.072065 17.299709 -0.111749
-1.936479 16.749718 -0.304458
-2.013772 17.252375 -0.261361
-1.947352 16.759357 -0.304889
-1.952043 17.040417 -0.370971
-1.960003 16.914106 -0.292869
-1.919036 17.181614 -0.501776
-1.988818 17.085043 -0.283860
-1.953794 17.233931 -0.408613
-2.049979 17.017742 -0.067674
-2.104315 17.209152 0.007961
-1.942465 16.926298 -0.341998
-2.079980 17.052694 -0.016754
-2.046087 16.892466 -0.036940
-2.041988 16.892683 -0.050286
-2.070349 17.376080 -0.123069
-2.009411 17.324528 -0.278000
-1.936805 16.817564 -0.321499
-1.935427 16.816364 -0.327386
-1.955003 17.117203 -0.392649
-1.918603 17.258224 -0.526529
-1.963722 16.985901 -0.316431
-1.985559 17.155359 -0.302594
-1.953775 17.314684 -0.428184
-2.060394 17.095440 -0.087208
-2.105548 17.283415 -0.006170
-1.941218 16.995586 -0.363544
-2.087280 17.127623 -0.034994
-2.052272 16.964546 -0.057058
-2.042336 16.958626 -0.066602
-2.009907 17.406679 -0.299501
-1.930797 16.880751 -0.342048
-1.948955 17.188841 -0.410652
-1.908962 17.333309 -0.546593
-1.936549 16.886831 -0.351595
-1.969589 17.063393 -0.341988
-1.950054 17.395941 -0.446303
-2.102726 17.355970 -0.018997
-1.950729 17.076311 -0.391969
-2.083329 17.198263 -0.050056
-2.056964 17.037235 -0.089514
-2.062809 17.044279 -0.079745
-1.905657 17.416853 -0.572745
-1.948700 17.269423 -0.433536
-1.930080 16.950539 -0.365185
-1.937273 16.957903 -0.377027
-1.969553 17.139448 -0.365531
-1.985118 17.311819 -0.346560
-2.063267 17.383148 -0.134963
-1.949768 17.152498 -0.415140
-2.081936 17.273077 -0.065538
-2.057598 17.110083 -0.107450
-2.061213 17.117050 -0.097819
-1.948788 17.353134 -0.456580
-1.945604 17.035681 -0.399112
-1.980281 17.390207 -0.366518
-1.941441 17.035814 -0.404272
-1.964538 17.213923 -0.387372
-1.945121 17.228241 -0.436474
-2.081780 17.352764 -0.082268
-2.057292 17.183973 -0.125350
-1.939854 17.107630 -0.421964
-1.963876 17.296043 -0.411779
-1.943336 17.116451 -0.432717
-1.943520 17.311428 -0.460873
-2.078848 17.432827 -0.097904
-1.936252 17.185274 -0.446806
-1.958219 17.377523 -0.434875
-1.936987 17.192606 -0.455763
-1.937319 17.393370 -0.482743
-1.932076 17.265245 -0.471130
-1.935518 17.276880 -0.482951
-1.927475 17.347683 -0.497375
-1.928143 17.359707 -0.508111
-2.077798 16.835127 0.152886
-2.079520 16.839058 0.102416
-2.085217 16.897938 0.142306
-2.086426 16.899481 0.088345
-2.081146 16.837896 0.155405
-2.090400 16.960625 0.131541
-2.091099 16.959778 0.074091
-2.090026 16.901100 0.142889
-2.093693 17.024464 0.121103
-2.087127 17.016947 0.063491
-2.082147 16.845188 0.156013
-2.067405 16.935223 0.024731
-2.093558 16.963209 0.130707
-2.089887 17.080221 0.048864
-2.095494 17.089733 0.111882
-2.088479 16.906958 0.142790
-1.990125 17.003059 -0.179823
-2.068902 16.997335 0.009939
-2.097781 17.027828 0.119564
-2.080839 16.848452 0.148801
-2.104812 17.154619 0.031756
-2.109997 17.166632 0.098609
-2.096009 16.972706 0.128681
-1.993166 17.071316 -0.195332
-1.984805 17.065811 -0.229953
-2.070692 17.062592 -0.005043
-2.104132 17.096315 0.107180
-2.084599 16.908833 0.134872
-1.912597 17.040462 -0.435832
-2.056824 16.977434 -0.041553
-2.101985 17.218521 0.019199
-2.107136 17.232420 0.091103
-1.991671 17.022247 -0.187423
-2.095456 17.034885 0.117012
-2.001075 17.144987 -0.213831
-1.996734 17.141264 -0.255428
-2.078280 17.133158 -0.023367
-1.913616 17.097282 -0.470364
-2.102742 17.162510 0.097758
-1.962731 17.038666 -0.285975
-2.095775 16.976967 0.118299
-1.913736 17.110758 -0.457110
-2.100401 17.284512 0.006446
-2.052013 17.039518 -0.056006
-1.996130 17.092768 -0.205569
-2.097077 17.099045 0.104793
-1.992746 17.207870 -0.272004
-2.005237 17.220022 -0.231294
-2.079059 17.201317 -0.039081
-1.914856 17.170555 -0.495139
-2.108446 17.234232 0.085511
-1.973327 17.115767 -0.312676
-2.095392 17.039310 0.104174
-1.915706 17.184692 -0.480150
-1.991249 17.045343 -0.195716
-2.096905 17.352592 -0.006320
-2.055156 17.109852 -0.074675
-1.903418 17.074741 -0.459593
-2.000514 17.166098 -0.224778
-2.105183 17.171061 0.090279
-1.992676 17.280943 -0.291568
-2.001706 17.290878 -0.245105
-2.025227 17.014822 -0.110937
-2.077387 17.271063 -0.053241
-1.909311 17.240477 -0.516960
-1.983429 16.996267 -0.193154
-1.974051 17.186687 -0.335199
-2.107173 17.112782 0.087564
-1.911578 17.257820 -0.499191
-1.992746 17.115082 -0.215793
-2.053349 17.177555 -0.091440
-1.948614 17.083181 -0.365572
-1.912298 17.154057 -0.488752
-1.901797 17.046637 -0.464169
-2.001196 17.238905 -0.242260
-1.992575 17.354939 -0.311502
-1.998145 17.362658 -0.259287
-2.106454 17.241617 0.078027
-2.025785 17.084698 -0.130659
-2.080240 17.344950 -0.070916
-1.905847 17.316139 -0.540722
-1.965591 17.253979 -0.352498
-1.984218 17.064407 -0.214626
-2.109231 17.181189 0.072349
-1.911929 17.336971 -0.522443
-1.999798 17.192780 -0.237817
-1.945286 17.153254 -0.387225
-1.909792 17.228683 -0.512509
-1.903213 17.120075 -0.491404
-1.988384 17.429024 -0.330926
-1.995068 17.309309 -0.257136
-2.000996 17.445110 -0.276811
-1.923731 17.050463 -0.427513
-2.038702 17.164921 -0.154960
-2.072610 17.414989 -0.083888
-1.905072 17.395216 -0.566950
-1.965603 17.330950 -0.375931
-1.996049 17.143616 -0.241541
-1.904952 17.412273 -0.541178
-2.102620 17.247412 0.060443
-1.995705 17.263138 -0.255835
-1.949157 17.231844 -0.415184
-1.904881 17.303011 -0.534022
-1.902179 17.195093 -0.517090
-1.996847 17.389833 -0.276927
-1.895756 17.087645 -0.504497
-1.926887 17.128393 -0.457202
-2.034532 17.238129 -0.174020
-1.961913 17.407398 -0.397640
-1.991594 17.213646 -0.260433
-1.996800 17.341122 -0.276674
-2.052366 17.402937 -0.145358
-1.944773 17.306690 -0.438275
-1.893161 17.374931 -0.552934
-1.994040 17.468063 -0.293948
-1.899258 17.271250 -0.542447
-1.894879 17.163769 -0.532979
-1.928544 17.206850 -0.485346
-2.033416 17.315084 -0.194680
-1.987040 17.287422 -0.280741
-1.991428 17.417973 -0.294389
-1.941174 17.387053 -0.463829
-1.895850 17.351757 -0.570440
-1.917565 17.278515 -0.507918
-2.030731 17.395393 -0.214840
-1.988580 17.369654 -0.304571
-1.908643 17.356857 -0.532785
-1.982427 17.447702 -0.324755
-2.067321 16.630356 0.227975
-2.078522 16.643003 0.238176
-2.056569 16.634800 0.171313
-2.053927 16.644255 0.182408
-2.069045 16.658709 0.197229
-2.039727 16.641682 0.133146
-2.074969 16.675301 0.212534
-2.076403 16.685587 0.222855
-2.068573 16.671000 0.198450
-2.051028 16.678101 0.158179
-2.055935 16.689774 0.168926
-2.063846 16.702345 0.184971
-1.993208 16.639235 -0.006017
-2.037584 16.685202 0.117476
-2.067524 16.719738 0.199703
-2.073660 16.729542 0.208389
-2.069930 16.714901 0.183556
-1.974463 16.631506 -0.051560
-1.981825 16.642656 -0.033615
-2.022052 16.688202 0.068887
-2.067065 16.724995 0.138749
-1.987097 16.666304 -0.025283
-1.962481 16.640905 -0.094837
-1.984694 16.664118 -0.022381
-2.070847 16.749598 0.170035
-2.050451 16.735117 0.158402
-1.993809 16.685287 -0.023712
-2.041347 16.731304 0.099678
-2.071079 16.764723 0.184683
-1.942170 16.643282 -0.144755
-1.974592 16.668570 -0.058829
-2.058697 16.770817 0.196247
-2.085682 16.763502 0.165861
-1.972295 16.675961 -0.067579
-1.983131 16.688435 -0.049205
-2.014846 16.732809 0.053620
-1.921364 16.635284 -0.205321
-1.930292 16.640263 -0.181081
-2.071509 16.771763 0.122707
-1.927318 16.643839 -0.202910
-1.912387 16.629915 -0.250984
-1.975255 16.687578 -0.117476
-1.985271 16.711092 -0.040425
-1.989737 16.710451 -0.039627
-2.080045 16.797926 0.154972
-2.070593 16.785885 0.140460
-1.992245 16.729305 -0.040940
-1.918206 16.657312 -0.223827
-1.920608 16.654816 -0.219249
-2.054176 16.780027 0.079650
-1.928599 16.665373 -0.211564
-2.092738 16.815903 0.164859
-2.015498 16.723032 -0.088476
-2.075501 16.805389 0.155046
-1.977852 16.696627 -0.179921
-2.092215 16.825279 0.172869
-1.897060 16.640333 -0.279710
-1.977545 16.733608 -0.063042
-1.925102 16.682312 -0.223467
-2.037889 16.785179 0.028258
-1.939645 16.687653 -0.201535
-2.059997 16.815296 0.110643
-1.929098 16.689957 -0.223366
-1.908576 16.674725 -0.268784
-2.001652 16.758318 -0.058981
-1.984362 16.756721 -0.056246
-1.994485 16.738279 -0.144145
-2.065115 16.831219 0.129929
-2.079191 16.845606 0.141763
-1.986297 16.775084 -0.056007
-1.926567 16.701981 -0.237171
-2.072506 16.850096 0.142655
-2.048229 16.825808 0.064580
-1.953079 16.717037 -0.241768
-2.084702 16.860758 0.153222
-1.982880 16.762518 -0.089710
-1.894584 16.680359 -0.307585
-2.084441 16.869366 0.159147
-1.942910 16.735811 -0.184691
-1.991373 16.770132 -0.107267
-1.898004 16.686703 -0.296530
-1.992545 16.784346 -0.083543
-1.942446 16.734770 -0.219358
-2.058519 16.860413 0.096370
-2.031552 16.832506 0.011613
-1.995131 16.803579 -0.072497
-1.999599 16.807632 -0.079180
-1.980728 16.782600 -0.156783
-2.072438 16.890696 0.130676
-2.065857 16.880411 0.117800
-1.915345 16.748489 -0.258453
-1.917589 16.746922 -0.248479
-2.005845 16.827055 -0.082151
-2.075418 16.897381 0.128135
-2.048215 16.873220 0.047730
-2.077585 16.906456 0.140907
-1.987618 16.811489 -0.105576
-1.921037 16.757034 -0.244557
-2.089182 16.918341 0.143276
-1.979838 16.814598 -0.119682
-1.913501 16.736834 -0.321546
-1.909250 16.737030 -0.355250
-1.953891 16.788492 -0.211204
-1.989160 16.830591 -0.097510
-1.928486 16.776400 -0.259342
-1.941855 16.781662 -0.234652
-2.061980 16.909147 0.079947
-2.032089 16.881369 -0.007140
-1.888644 16.741098 -0.354504
-1.941549 16.787462 -0.270872
-1.995849 16.849770 -0.086894
-1.917318 16.770731 -0.314286
-1.888671 16.755871 -0.346478
-2.001780 16.856119 -0.096153
-1.974420 16.828972 -0.173082
-2.078435 16.940849 0.115007
-2.071253 16.930996 0.103337
-1.889614 16.760504 -0.354289
-2.082407 16.945545 0.112836
-1.932310 16.800911 -0.286050
-1.934657 16.799507 -0.272764
-1.996744 16.872776 -0.097125
-2.086378 16.957258 0.123909
-2.047604 16.921059 0.032082
-1.986403 16.859756 -0.120016
-1.940797 16.810108 -0.273483
-1.906670 16.777666 -0.346916
-2.083584 16.964449 0.129076
-1.979826 16.862000 -0.136533
-1.912520 16.785267 -0.338416
-1.893877 16.780769 -0.369321
-1.947218 16.835468 -0.228731
-1.990403 16.879173 -0.114159
-1.939047 16.828407 -0.250174
-1.931818 16.825899 -0.279422
-2.063226 16.957733 0.063295
-1.899341 16.791540 -0.381203
-2.028893 16.929670 -0.024242
-1.932082 16.833782 -0.287071
-1.994323 16.896757 -0.101867
-1.917176 16.818905 -0.334796
-1.899708 16.806646 -0.372300
-1.993020 16.902174 -0.110251
-1.966208 16.876476 -0.189080
-2.075085 16.990082 0.103298
-2.069208 16.979525 0.092528
-1.898796 16.810530 -0.379109
-2.076210 16.992081 0.099839
-1.924488 16.846861 -0.300471
-1.928455 16.846029 -0.285755
-1.994489 16.920975 -0.114554
-2.082375 17.004875 0.110789
-2.052535 16.972078 0.013077
-1.986447 16.909199 -0.134256
-1.934466 16.857412 -0.290133
-2.091075 17.015945 0.111174
-1.902897 16.825443 -0.362461
-1.976631 16.910294 -0.153635
-1.878720 16.815418 -0.410739
-1.901277 16.831940 -0.350652
-1.891151 16.829405 -0.391285
-1.946113 16.884682 -0.249266
-1.989167 16.928375 -0.128952
-1.938071 16.876837 -0.267050
-1.926161 16.873852 -0.294335
-2.056085 17.004341 0.050605
-1.889869 16.837833 -0.397425
-2.027838 16.980915 -0.042189
-1.923187 16.880589 -0.304850
-1.997418 16.946060 -0.119545
-1.878876 16.834951 -0.415968
-1.909898 16.866282 -0.351145
-1.889399 16.853199 -0.384888
-1.994208 16.952614 -0.127626
-2.084502 17.043409 0.087328
-1.963921 16.925591 -0.206885
-2.078939 17.034132 0.077088
-1.884751 16.856529 -0.390045
-2.085313 17.044130 0.083335
-1.925015 16.894121 -0.300455
-1.920344 16.895224 -0.317277
-1.991261 16.970192 -0.132040
-2.091426 17.058811 0.093585
-1.985542 16.958715 -0.148206
-1.892951 16.871386 -0.373831
-2.050901 17.022816 -0.003331
-2.087614 17.064997 0.096113
-1.925331 16.904041 -0.305492
-1.975621 16.959648 -0.170898
-1.882149 16.865833 -0.436947
-1.895040 16.879379 -0.364027
-1.938859 16.931116 -0.265283
-1.890270 16.878759 -0.414288
-1.987556 16.978165 -0.145014
-1.933349 16.924690 -0.282313
-2.065738 17.057861 0.032205
-1.920503 16.921822 -0.309253
-1.887816 16.887127 -0.417655
-2.030517 17.032732 -0.061796
-1.986564 16.991188 -0.130236
-1.927613 16.932974 -0.328762
-1.880192 16.885403 -0.439079
-1.906905 16.915674 -0.371051
-1.889540 16.903576 -0.405242
-1.988553 17.000589 -0.142550
-2.087052 17.095217 0.073460
-1.959415 16.974583 -0.224915
-2.074645 17.083460 0.065673
-1.887374 16.906277 -0.412258
-2.081306 17.091745 0.070184
-1.929311 16.946493 -0.318625
-1.923256 16.947193 -0.339311
-2.081804 17.106071 0.082740
-1.994855 17.022844 -0.152322
-1.991119 17.011333 -0.165829
-1.896567 16.923082 -0.393758
-2.049272 17.073568 -0.019733
-2.090374 17.117920 0.079462
-1.916515 16.951963 -0.320313
-1.981409 17.013380 -0.191302
-1.895548 16.929148 -0.383157
-1.875656 16.914841 -0.457632
-1.991254 17.030975 -0.161986
-1.943236 16.985384 -0.289898
-1.889316 16.930950 -0.438327
-1.936053 16.975544 -0.301569
-2.065389 17.108852 0.016351
-1.927466 16.975618 -0.332415
-1.884799 16.937454 -0.437913
-1.997316 17.047594 -0.152444
-2.031240 17.087561 -0.081802
-1.923292 16.984009 -0.349925
-1.876836 16.935392 -0.460216
-1.888718 16.954985 -0.425624
-1.902949 16.966101 -0.390984
-1.998026 17.056755 -0.165311
-2.083622 17.147268 0.060666
-1.959900 17.025295 -0.244401
-2.080618 17.138466 0.051533
-1.886552 16.957684 -0.432641
-2.080723 17.142561 0.056760
-1.925799 16.997417 -0.334372
-1.921860 16.998093 -0.358143
-1.987374 17.062092 -0.179147
-2.087988 17.162193 0.065815
-1.998060 17.077034 -0.174186
-1.898305 16.974964 -0.413038
-2.046365 17.124075 -0.036694
-2.088122 17.170046 0.063907
-1.926797 17.008797 -0.347057
-1.902877 16.982327 -0.405093
-1.976306 17.062796 -0.208136
-1.992709 17.084579 -0.179538
-1.941111 17.037500 -0.311188
-1.881286 16.980480 -0.457488
-1.937192 17.027863 -0.319648
-2.067212 17.161858 0.000021
-1.923616 17.026203 -0.349043
-1.885128 16.989872 -0.461407
-1.994774 17.097483 -0.168176
-1.877166 16.987808 -0.483710
-2.027317 17.140985 -0.099485
-1.917432 17.035568 -0.369561
-1.887898 17.006384 -0.446012
-1.906989 17.020012 -0.416484
-1.990783 17.107132 -0.179412
-2.080196 17.199314 0.047866
-2.080065 17.192265 0.040368
-1.962166 17.079573 -0.265941
-2.079803 17.193033 0.042452
-1.882023 17.007589 -0.451026
-1.926940 17.049730 -0.352453
-1.918221 17.049788 -0.377555
-2.084249 17.212959 0.052484
-1.990424 17.117207 -0.195622
-1.991968 17.128426 -0.191398
-1.898140 17.027975 -0.432019
-2.045943 17.177877 -0.053602
-1.979329 17.114916 -0.226875
-2.085872 17.222162 0.048346
-1.924099 17.060392 -0.366797
-1.897722 17.033607 -0.422625
-1.994166 17.138174 -0.197096
-1.937029 17.080875 -0.338634
-1.938337 17.091923 -0.331977
-2.058144 17.210550 -0.012739
-1.879007 17.034298 -0.482789
-1.924341 17.081001 -0.369053
-1.997198 17.150036 -0.185713
-1.879845 17.041925 -0.482600
-1.868147 17.039309 -0.503249
-1.915860 17.089117 -0.392761
-2.019322 17.193518 -0.116400
-1.887004 17.060600 -0.467453
-1.901132 17.071558 -0.436126
-2.003319 17.167082 -0.203680
-2.078259 17.244875 0.028995
-2.097305 17.262707 0.029620
-2.092210 17.252987 0.023922
-1.958844 17.132545 -0.284831
-1.879274 17.061060 -0.471465
-1.925576 17.103605 -0.369032
-1.918634 17.103300 -0.398098
-2.098825 17.274933 0.033481
-1.995305 17.173996 -0.213452
-1.887188 17.076838 -0.444119
-2.002259 17.189175 -0.216243
-1.977262 17.169065 -0.245565
-2.100057 17.285685 0.027765
-2.040483 17.231825 -0.069764
-1.891995 17.084373 -0.438608
-1.922266 17.114708 -0.387916
-1.999598 17.196411 -0.216832
-1.933132 17.133331 -0.355971
-2.063943 17.268194 -0.031252
-1.879865 17.089088 -0.508545
-1.928669 17.145748 -0.351018
-1.920419 17.134396 -0.386740
-1.993068 17.202328 -0.200623
-1.877672 17.095894 -0.504597
-1.867490 17.093687 -0.527127
-2.078547 17.298395 0.014181
-1.913324 17.143696 -0.415989
-1.890736 17.117140 -0.491577
-2.032098 17.257565 -0.141193
-1.898595 17.126135 -0.459353
-1.955134 17.187056 -0.305304
-1.880787 17.117460 -0.495816
-1.933098 17.162746 -0.392201
-1.919573 17.159195 -0.420898
-1.900509 17.138384 -0.472723
-1.981991 17.227564 -0.267410
-2.058589 17.297935 -0.095133
-1.894527 17.141781 -0.460325
-1.932428 17.176212 -0.416422
-1.943999 17.194565 -0.382373
-2.072802 17.329632 -0.051267
-1.873804 17.144220 -0.532902
-1.931861 17.196133 -0.414696
-1.938467 17.207857 -0.380756
-2.000018 17.260963 -0.222246
-1.877881 17.152990 -0.529853
-2.085029 17.356697 -0.002583
-1.919987 17.204815 -0.445278
-1.901574 17.184818 -0.486288
-1.877991 17.172794 -0.516965
-1.956313 17.247053 -0.328630
-1.929711 17.221628 -0.449758
-1.895570 17.241987 -0.508042
-2.039643 16.679087 0.175019
-2.029963 16.689671 0.145581
-2.038492 16.721910 0.159860
-1.976882 16.659988 -0.021726
-2.030057 16.733669 0.130572
-2.042043 16.764160 0.143104
-2.039800 16.666914 0.180207
-1.961430 16.688103 -0.058624
-1.969743 16.702166 -0.035503
-2.039282 16.778313 0.114083
-1.924726 16.669092 -0.158488
-1.920570 16.664160 -0.175529
-1.907625 16.651129 -0.206506
-2.027814 16.685280 0.138014
-2.063152 16.808836 0.120888
-2.037381 16.708544 0.164852
-1.962438 16.732903 -0.074331
-2.035531 16.752249 -0.078280
-2.042181 16.822893 0.097740
-1.925417 16.712589 -0.174680
-1.918099 16.707628 -0.191646
-1.907017 16.695303 -0.223634
-2.020345 16.727102 0.123361
-1.968155 16.670717 -0.031959
-2.050967 16.851213 0.107803
-2.035254 16.752399 0.149596
-1.959599 16.671843 -0.057902
-1.961578 16.776993 -0.089029
-1.979224 16.790586 -0.072744
-2.052773 16.690636 0.195307
-2.049458 16.870544 0.080725
-1.923716 16.650297 -0.163920
-1.920304 16.646370 -0.175917
-1.963255 16.744062 -0.269107
-2.038897 16.771276 0.100032
-1.967572 16.713970 -0.048710
-2.050722 16.894827 0.091913
-2.045675 16.797018 0.130349
-1.953044 16.714472 -0.073251
-1.976313 16.823452 -0.111862
-1.985534 16.835264 -0.091598
-2.019730 16.691858 0.099362
-2.048132 16.732121 0.179706
-1.980827 16.655745 -0.007444
-2.042964 16.914379 0.068287
-1.925603 16.693769 -0.182866
-1.920305 16.690065 -0.194233
-1.936045 16.802820 -0.215438
-1.917548 16.796696 -0.224174
-1.925166 16.785557 -0.267289
-1.905019 16.678478 -0.229517
-2.058745 16.665831 0.225368
-2.037355 16.815575 0.083205
-2.045761 16.939001 0.077592
-2.057351 16.842813 0.111271
-1.977297 16.869165 -0.127962
-1.977404 16.879402 -0.105839
-2.011903 16.734241 0.083454
-2.049440 16.775160 0.162317
-1.980833 16.699453 -0.025765
-2.041124 16.960440 0.053124
-1.967145 16.741907 -0.221297
-1.962475 16.736794 -0.233464
-1.932939 16.847683 -0.230763
-1.930038 16.843929 -0.247631
-1.902207 16.721575 -0.246508
-1.922038 16.831347 -0.282996
-2.052495 16.706699 0.208342
-2.036773 16.858824 0.066443
-1.952042 16.684715 -0.097105
-1.973294 16.801901 -0.084321
-2.048302 16.984131 0.059986
-2.047694 16.886623 0.098906
-1.989052 16.805401 -0.124049
-1.970441 16.913549 -0.141650
-1.976796 16.923563 -0.122983
-2.013816 16.776794 0.064880
-1.926249 16.681465 -0.169812
-1.914340 16.667850 -0.210145
-2.044166 16.818048 0.147510
-1.979913 16.742336 -0.043391
-1.905881 16.664310 -0.234170
-2.045567 17.008410 0.037043
-1.915602 16.780891 -0.214411
-1.915273 16.776711 -0.229786
-1.931363 16.892879 -0.247973
-2.000529 16.690634 0.055588
-1.928775 16.890421 -0.264354
-1.919331 16.767973 -0.274844
-1.922307 16.878176 -0.301599
-2.055687 16.749517 0.190321
-2.034893 16.902746 0.048741
-1.981759 16.730038 -0.128668
-2.052097 17.030436 0.042549
-1.982977 16.848553 -0.106459
-1.983379 16.678722 -0.004152
-2.047425 16.931164 0.082625
-1.967131 16.846659 -0.134092
-1.967628 16.960638 -0.156881
-1.973670 16.969355 -0.138700
-2.027883 16.822536 0.040296
-1.928741 16.724455 -0.189948
-1.911784 16.711035 -0.229575
-2.065227 16.864578 0.124511
-1.978972 16.786146 -0.061404
-1.906151 16.707155 -0.254544
-2.044980 17.055641 0.022046
-1.936810 16.828129 -0.243523
-1.927092 16.823214 -0.254986
-1.931632 16.939707 -0.266581
-1.927531 16.935976 -0.280697
-2.003028 16.733641 0.035447
-1.918362 16.812691 -0.293237
-2.053516 16.791227 0.172515
-1.914480 16.923590 -0.315356
-2.034268 16.947849 0.031207
-2.009216 16.777065 -0.161239
-2.054005 17.076958 0.025738
-1.975177 16.893053 -0.119836
-1.976488 16.720985 -0.020378
-1.928375 16.664282 -0.163330
-2.049667 16.978067 0.066683
-1.967089 16.892202 -0.153188
-1.970453 17.007969 -0.174384
-1.978617 17.017479 -0.159652
-1.900385 16.643932 -0.242979
-2.027886 16.866234 0.021963
-1.936471 16.688606 -0.144430
-2.050816 16.906811 0.111176
-1.991148 16.832098 -0.085359
-2.046571 17.104868 0.006519
-1.927708 16.873297 -0.257836
-1.931899 16.986525 -0.285191
-1.921427 16.867563 -0.271426
-1.930586 16.984316 -0.301017
-2.095486 16.872883 0.244091
-1.913803 16.970518 -0.333651
-2.067683 16.836321 0.151613
-2.036783 16.993900 0.013212
-1.990755 16.775736 0.019052
-1.914542 16.858675 -0.311071
-1.958186 16.816225 -0.159227
-2.050883 17.122746 0.010011
-1.973582 16.939184 -0.137437
-1.977706 16.763731 -0.041075
-1.927702 16.707245 -0.183394
-2.053440 17.025305 0.048858
-1.902208 16.681992 -0.253892
-1.959521 16.937714 -0.169387
-1.974178 17.057041 -0.192972
-1.977924 17.065342 -0.178337
-1.901242 16.687229 -0.264923
-2.023173 16.910488 0.005201
-1.983917 16.736160 -0.187202
-1.937980 16.815071 -0.234970
-2.057438 16.952787 0.092789
-1.918486 16.800213 -0.275320
-1.987374 16.876234 -0.102433
-2.042208 17.152540 -0.007227
-1.883232 16.794067 -0.283362
-1.928392 17.033791 -0.302546
-1.930449 16.920349 -0.278644
-1.919139 16.913885 -0.291146
-1.928356 17.031832 -0.317818
-1.905640 17.015556 -0.348282
-2.038021 17.039694 -0.005340
-2.063602 16.879177 0.134048
-1.908834 16.904881 -0.328280
-2.095100 16.919022 0.223730
-2.019213 16.823874 -0.010923
-2.042141 17.167347 -0.003066
-1.956884 16.860582 -0.178496
-1.982631 16.987223 -0.158782
-1.968925 16.806211 -0.056678
-2.050631 17.072395 0.033614
-1.927987 16.727186 -0.290811
-1.963207 16.984653 -0.190514
-1.971341 17.105038 -0.208594
-1.975697 17.112862 -0.195143
-1.927001 16.733353 -0.302225
-2.021856 16.955784 -0.014459
-1.930077 16.774723 -0.183859
-1.934789 16.859650 -0.253609
-2.058067 16.999071 0.075418
-1.916826 16.845127 -0.295840
-1.978904 16.919998 -0.117554
-2.053794 17.205999 -0.026083
-1.905888 16.841352 -0.317668
-1.923018 17.080347 -0.318892
-1.924761 16.965620 -0.295473
-1.920601 16.960676 -0.312510
-1.920506 17.078161 -0.331967
-1.908671 17.064810 -0.368990
-2.057968 16.922621 0.117978
-2.035464 17.086864 -0.023020
-1.905620 16.950375 -0.347304
-2.050860 17.219006 -0.023517
-2.007250 16.867254 -0.026838
-2.099150 16.965433 0.203844
-1.950511 16.906067 -0.197448
-1.976317 17.033907 -0.174816
-1.989189 16.853573 -0.085491
-2.054694 17.121843 0.015884
-1.912838 16.793434 -0.219609
-1.901343 16.768995 -0.299279
-1.967814 17.032400 -0.212342
-1.975947 17.156771 -0.228651
-1.981875 17.163071 -0.216315
-1.892244 16.774681 -0.306225
-2.018041 17.001780 -0.032309
-1.928767 16.904560 -0.271308
-1.945543 16.822361 -0.214401
-2.057751 17.045460 0.058359
-1.915164 16.890036 -0.316363
-1.982589 16.966944 -0.138685
-2.041591 17.252342 -0.037420
-1.905127 16.888008 -0.339272
-1.930351 17.132381 -0.343578
-1.926535 17.013700 -0.316355
-1.918643 17.007347 -0.331366
-1.926639 17.130222 -0.353903
-1.909794 17.115211 -0.389455
-2.027308 17.131918 -0.037664
-2.057949 16.967245 0.099250
-2.044884 17.266045 -0.038692
-1.902717 16.997156 -0.365844
-2.101314 17.012064 0.184585
-2.005575 16.913116 -0.047751
-1.949165 16.952276 -0.217490
-1.976876 17.082949 -0.193336
-1.980383 16.896975 -0.101483
-2.044986 17.167490 0.002735
-1.933961 16.840387 -0.252040
-1.909912 16.815182 -0.327719
-1.959631 17.078373 -0.227365
-1.975539 17.210665 -0.232737
-1.973401 17.206980 -0.244176
-2.022985 17.049906 -0.053275
-1.907981 16.821459 -0.338819
-1.928341 16.951580 -0.292047
-1.937322 16.866205 -0.231957
-2.060556 17.093729 0.040455
-1.914403 16.936686 -0.337970
-1.983777 17.014585 -0.158005
-2.045650 17.305763 -0.053383
-1.907193 16.934317 -0.361822
-1.925856 17.181601 -0.361393
-1.919272 17.060482 -0.332074
-1.925877 17.180845 -0.373743
-1.909158 17.053991 -0.347325
-1.911839 17.166422 -0.410620
-2.039421 17.184616 -0.061014
-2.065135 17.014597 0.078903
-2.046096 17.316734 -0.055865
-1.896061 17.043457 -0.382746
-2.099703 17.059139 0.166582
-2.002367 16.958632 -0.066786
-1.952512 16.998840 -0.239491
-1.971503 17.129507 -0.209690
-1.978704 16.942825 -0.122398
-2.051226 17.218922 -0.015527
-1.926326 16.884680 -0.271164
-1.952980 17.124678 -0.244273
-1.976057 17.261539 -0.252027
-1.968633 17.257044 -0.259944
-1.902275 16.859470 -0.346841
-1.896947 16.864702 -0.355046
-2.021955 17.097406 -0.072841
-2.060218 17.141035 0.023007
-1.930388 16.998814 -0.314985
-1.936228 16.912500 -0.254436
-1.911419 16.983189 -0.359819
-2.044345 17.358084 -0.069130
-1.984610 17.062784 -0.178582
-1.901734 16.980593 -0.381475
-1.926938 17.233847 -0.382631
-1.923478 17.110630 -0.355924
-1.922616 17.232164 -0.391772
-1.913030 17.103773 -0.372043
-2.044143 17.367392 -0.072967
-1.905435 17.216785 -0.428190
-2.030278 17.231630 -0.076116
-2.066349 17.061321 0.059957
-1.903643 17.095573 -0.409872
-1.950788 17.046530 -0.261174
-2.003810 17.006367 -0.088548
-2.095851 17.107000 0.147953
-1.976694 17.181686 -0.231321
-1.982995 16.989286 -0.144719
-2.053359 17.270435 -0.033402
-1.925229 16.930967 -0.293644
-1.969463 17.309206 -0.278751
-1.969069 17.311459 -0.268038
-1.958424 17.176939 -0.268340
-1.897111 16.903980 -0.368162
-2.091777 17.237068 0.153490
-1.895179 16.910252 -0.379262
-2.019018 17.146059 -0.092165
-1.926186 17.046272 -0.334471
-2.049211 17.187357 0.008915
-1.934209 16.957968 -0.276220
-2.041506 17.410059 -0.082999
-1.905939 17.030392 -0.379858
-1.979823 17.109797 -0.196505
-1.926133 17.286310 -0.403242
-1.891579 17.026501 -0.399173
-1.923088 17.284880 -0.411829
-1.922357 17.161818 -0.377020
-2.040303 17.418268 -0.089443
-1.914405 17.154253 -0.394951
-1.902762 17.268547 -0.447788
-2.025809 17.279930 -0.093561
-2.064732 17.108377 0.041952
-1.901264 17.145575 -0.431137
-1.943778 17.093397 -0.279335
-2.002423 17.054434 -0.109368
-1.969724 17.230684 -0.246949
-2.089188 17.154264 0.130648
-2.052073 17.321831 -0.048770
-1.982569 17.036306 -0.165469
-1.923188 16.977362 -0.315812
-1.954538 17.225677 -0.287346
-1.966380 17.364153 -0.288026
-1.963100 17.361708 -0.293793
-1.897521 16.951525 -0.392908
-2.017355 17.194956 -0.110936
-2.060122 17.240078 -0.011694
-1.886554 16.956503 -0.398842
-1.913535 17.092884 -0.350361
-2.046404 17.467989 -0.101201
-1.930261 17.005518 -0.298144
-1.906054 17.079697 -0.402938
-1.970340 17.156439 -0.212475
-1.915052 17.335373 -0.418479
-2.032729 17.467733 -0.103896
-1.916053 17.336641 -0.428605
-1.894148 17.076960 -0.424832
-2.029450 17.332693 -0.113703
-1.922158 17.213812 -0.398817
-1.902523 17.322380 -0.470350
-1.912928 17.205994 -0.417302
-2.057142 17.154814 0.025347
-1.897920 17.196611 -0.452474
-1.949494 17.144812 -0.305458
-1.971120 17.284231 -0.267711
-2.001956 17.103312 -0.130890
-2.089397 17.203886 0.110856
-2.047621 17.373194 -0.064066
-1.982101 17.085178 -0.186989
-1.969622 17.419308 -0.310183
-1.967933 17.418409 -0.314911
-1.917373 17.024202 -0.336724
-1.952455 17.277901 -0.308518
-1.892292 16.998810 -0.415385
-2.014395 17.244522 -0.130648
-2.055967 17.289677 -0.028659
-1.877613 17.001451 -0.418910
-1.920191 17.144176 -0.376797
-1.921637 17.051767 -0.317731
-1.900196 17.128378 -0.424617
-1.977039 17.209879 -0.236379
-1.919448 17.392345 -0.444151
-1.918937 17.392347 -0.452012
-1.903539 17.377382 -0.492743
-1.916694 17.264055 -0.416709
-2.023995 17.382952 -0.131605
-1.892963 17.126930 -0.448852
-1.905243 17.256100 -0.435433
-2.060509 17.204447 0.005481
-1.893043 17.247303 -0.471932
-1.941497 17.193638 -0.324077
-1.966916 17.335661 -0.285438
-1.993671 17.149931 -0.149614
-2.045014 17.426182 -0.080760
-2.088032 17.255022 0.092175
-1.970082 17.130388 -0.203686
-1.961647 17.471174 -0.326653
-1.965849 17.474604 -0.334316
-1.946639 17.328711 -0.327667
-1.922416 17.074886 -0.364585
-1.887984 17.046906 -0.438562
-2.013612 17.296078 -0.150890
-2.048057 17.338795 -0.043984
-1.920244 17.196257 -0.401034
-1.886619 17.054554 -0.451614
-1.900857 17.179974 -0.450036
-1.913923 17.445353 -0.463196
-1.972166 17.260590 -0.255845
-1.929802 17.104338 -0.346436
-1.912761 17.447693 -0.470641
-1.913663 17.316372 -0.437567
-2.015099 17.434025 -0.147383
-1.887416 17.176897 -0.470048
-1.905589 17.310383 -0.459568
-2.050107 17.250280 -0.009801
-1.894920 17.301920 -0.497947
-1.937820 17.244312 -0.346291
-1.961747 17.388126 -0.303236
-2.044586 17.481157 -0.097984
-1.996283 17.202538 -0.172751
-1.973635 17.182878 -0.227135
-1.944513 17.382774 -0.349611
-1.913767 17.122051 -0.384558
-1.887051 17.096962 -0.465020
-2.052010 17.392849 -0.063651
-2.008721 17.347715 -0.170745
-1.915641 17.246105 -0.422549
-1.879499 17.102051 -0.473466
-1.972301 17.312946 -0.276784
-1.897763 17.231085 -0.473814
-1.925808 17.153721 -0.369135
-2.016790 17.489777 -0.168054
-1.913045 17.371691 -0.461773
-1.900925 17.363003 -0.482233
-1.889586 17.229748 -0.497733
-2.051525 17.302916 -0.030194
-1.887780 17.354313 -0.518416
-1.965867 17.445948 -0.326866
-1.931666 17.294754 -0.366312
-1.990154 17.252071 -0.192392
-1.979641 17.236509 -0.253167
-1.945195 17.437412 -0.372883
-1.909772 17.171431 -0.407257
-1.879909 17.145382 -0.487258
-2.045314 17.444994 -0.079578
-2.003220 17.399826 -0.189419
-1.912842 17.299437 -0.446230
-1.875146 17.151987 -0.497416
-1.965520 17.364798 -0.296009
-1.892173 17.282896 -0.495783
-1.920849 17.204142 -0.391905
-1.910874 17.427591 -0.484483
-1.898418 17.418535 -0.505812
-1.882738 17.280373 -0.519872
-2.049210 17.354137 -0.048564
-1.885272 17.409845 -0.541993
-1.958770 17.500483 -0.344807
-1.929790 17.348900 -0.390694
-1.983038 17.303572 -0.212488
-1.970365 17.285074 -0.272349
-1.939273 17.492842 -0.393956
-1.910054 17.224514 -0.434319
-1.871803 17.194838 -0.509568
-2.042682 17.498898 -0.096664
-1.990842 17.449572 -0.205611
-1.907565 17.352535 -0.467717
-1.870436 17.202478 -0.522620
-1.960916 17.418636 -0.315764
-1.886227 17.335260 -0.519006
-1.914925 17.255598 -0.414747
-1.877105 17.334032 -0.542609
-2.052805 17.408751 -0.069489
-1.927304 17.403515 -0.413895
-1.983719 17.358236 -0.235770
-1.965113 17.337263 -0.293459
-1.907525 17.276999 -0.460056
-1.869526 17.247402 -0.537738
-1.905665 17.407589 -0.492483
-1.871891 17.256443 -0.552816
-1.962811 17.476311 -0.339641
-1.882105 17.390175 -0.544011
-1.909922 17.307858 -0.438289
-1.872648 17.388577 -0.568483
-2.045417 17.461088 -0.087543
-1.923519 17.458797 -0.438035
-1.983100 17.413567 -0.259992
-1.965436 17.392477 -0.317994
-1.899691 17.329594 -0.482654
-1.866619 17.301365 -0.565110
-1.859044 17.307377 -0.573941
-1.907331 17.363119 -0.465180
-2.041151 17.515301 -0.106441
-1.958274 17.445803 -0.338862
-1.977156 17.469938 -0.281461
-1.896155 17.384960 -0.509232
-1.902263 17.418148 -0.489878
-1.952914 17.502609 -0.361898
-2.065797 16.674761 0.248881
-2.071558 16.695997 0.265475
-2.073145 16.716053 0.231784
-2.086435 16.740347 0.247331
-1.980958 16.662914 0.032377
-1.981928 16.676441 0.033264
-2.052346 16.678942 0.218087
-2.074151 16.758272 0.214711
-2.090939 16.783865 0.230531
-1.991590 16.705240 0.012256
-1.997380 16.656521 0.066722
-1.983302 16.719030 0.017047
-2.068549 16.720549 0.195854
-2.073324 16.799793 0.198729
-1.950090 16.661121 -0.147485
-2.081169 16.827885 0.218543
-1.962486 16.682077 -0.155853
-1.996648 16.748280 -0.005748
-2.049112 16.681725 0.183434
-1.971051 16.672247 -0.002120
-1.993741 16.699347 0.051410
-2.063610 16.763123 0.180042
-1.995174 16.763464 -0.003330
-2.076524 16.843069 0.181433
-1.935676 16.705753 -0.157715
-2.094186 16.801863 0.253293
-2.080997 16.872938 0.203129
-1.944384 16.726252 -0.164291
-1.999968 16.684366 0.084424
-1.992047 16.792158 -0.021083
-2.060272 16.724503 0.161727
-1.996109 16.714161 -0.029488
-1.996569 16.742268 0.033256
-2.061452 16.805340 0.163180
-2.075104 16.886005 0.166284
-1.994099 16.807707 -0.018010
-1.937944 16.749155 -0.174659
-2.090912 16.845041 0.238846
-1.901730 16.726471 -0.251065
-1.901519 16.726198 -0.254364
-2.084905 16.917870 0.187168
-1.957016 16.666817 -0.255526
-1.936066 16.770615 -0.178216
-2.029803 16.679365 0.145089
-2.012451 16.726454 0.063605
-1.959795 16.683123 -0.037871
-1.991156 16.835554 -0.037821
-1.921845 16.700251 -0.174900
-2.058645 16.767172 0.143274
-1.986494 16.758276 -0.043917
-2.005652 16.787064 0.013941
-2.074610 16.928822 0.150788
-2.067963 16.848705 0.143243
-1.992091 16.852070 -0.032332
-1.993983 16.677687 -0.127533
-1.932223 16.794003 -0.187575
-2.096307 16.889374 0.221325
-1.929096 16.733875 -0.144302
-1.903038 16.770929 -0.268034
-1.900970 16.770897 -0.270629
-2.085096 16.963280 0.172620
-2.021597 16.704483 0.092482
-1.895617 16.712242 -0.242204
-1.928142 16.814405 -0.190898
-1.888543 16.708336 -0.253851
-2.046502 16.722366 0.120891
-2.020847 16.768654 0.043344
-1.920537 16.656919 -0.225999
-1.979465 16.724913 -0.065184
-1.904187 16.648048 -0.249060
-1.993391 16.879883 -0.055137
-2.049242 16.809504 0.127170
-1.930344 16.744410 -0.198368
-1.980218 16.801550 -0.060603
-2.001073 16.830006 -0.001005
-2.077800 16.972088 0.133507
-2.060255 16.890707 0.128884
-1.992839 16.897003 -0.048088
-1.936276 16.721497 -0.120977
-1.929814 16.838938 -0.203131
-2.096154 16.933489 0.206304
-1.944798 16.661312 -0.083903
-1.939290 16.777702 -0.166027
-1.897500 16.814932 -0.283008
-1.898588 16.814899 -0.285803
-2.086583 17.008930 0.158580
-2.013150 16.745764 0.076407
-1.904141 16.755465 -0.265287
-1.898896 16.752254 -0.278019
-1.929047 16.859430 -0.209097
-1.977956 16.682993 -0.094563
-1.898371 16.700281 -0.233495
-2.037630 16.765150 0.103197
-2.013084 16.812529 0.028218
-1.972260 16.768307 -0.081518
-1.995279 16.922909 -0.072920
-1.923534 16.787235 -0.213462
-2.053892 16.853111 0.107942
-1.978394 16.845066 -0.076984
-1.923915 16.718513 -0.214860
-1.999248 16.873522 -0.017384
-2.075443 17.015139 0.118724
-2.068031 16.935244 0.109078
-1.995412 16.942625 -0.064924
-1.951272 16.764816 -0.146905
-1.927401 16.883873 -0.218683
-2.093770 16.977478 0.191137
-1.946508 16.703152 -0.104615
-1.933751 16.821705 -0.180999
-1.896733 16.859350 -0.302562
-1.900232 16.860647 -0.302290
-2.088596 17.055027 0.142956
-2.026129 16.789236 0.053626
-1.898573 16.800404 -0.280640
-1.928119 16.903757 -0.226205
-1.896671 16.796347 -0.295636
-1.963908 16.725927 -0.108905
-1.915382 16.743446 -0.262570
-2.012745 16.855442 0.010281
-2.033767 16.807699 0.084603
-1.993793 16.967714 -0.088818
-1.969694 16.811100 -0.099608
-1.909351 16.735216 -0.292713
-1.917622 16.830873 -0.229287
-2.055012 16.896353 0.088066
-1.979883 16.888670 -0.096004
-1.917264 16.761427 -0.232398
-2.003678 16.918905 -0.034924
-2.079870 17.060509 0.101191
-2.068032 16.979443 0.091621
-1.993339 16.988850 -0.079996
-1.925913 16.928682 -0.234581
-1.944061 16.808212 -0.163234
-2.098940 17.023581 0.175311
-1.930595 16.865915 -0.198259
-1.958345 16.746471 -0.130342
-1.897788 16.906515 -0.318218
-1.893360 16.905338 -0.318138
-2.083205 17.101154 0.130535
-2.022634 16.832148 0.035890
-1.930875 16.948530 -0.245097
-1.898732 16.844704 -0.300544
-2.010917 16.898956 -0.006093
-1.955957 16.768599 -0.126944
-1.894946 16.841824 -0.315218
-1.993762 17.012844 -0.106652
-1.902041 16.788052 -0.275578
-1.969882 16.854465 -0.119131
-2.040401 16.852095 0.061849
-1.896567 16.779337 -0.306928
-1.982269 16.933084 -0.115753
-2.058699 16.941010 0.068818
-1.920910 16.876108 -0.249772
-1.915595 16.805037 -0.251219
-1.886938 16.726233 -0.246269
-2.074692 17.104853 0.087092
-2.003091 16.964527 -0.051554
-1.904973 16.729078 -0.256459
-1.874577 16.712770 -0.291329
-2.060258 17.023310 0.076512
-1.997177 17.035639 -0.096701
-1.929353 16.976049 -0.252524
-2.095593 17.068621 0.160124
-1.939047 16.852665 -0.179788
-1.934252 16.911509 -0.217887
-1.947048 16.789988 -0.146115
-1.893698 16.950838 -0.335117
-1.900486 16.953156 -0.337871
-2.083724 17.147850 0.116480
-2.020063 16.874937 0.017807
-1.928427 16.994389 -0.261018
-1.894086 16.889517 -0.316240
-1.996858 17.058903 -0.125064
-2.011815 16.943977 -0.024282
-1.899690 16.887384 -0.337641
-1.952060 16.812086 -0.145914
-1.967281 16.898190 -0.137593
-1.898141 16.831539 -0.294546
-2.039632 16.896513 0.042299
-1.887467 16.823912 -0.322929
-1.977251 16.977528 -0.132299
-1.923265 16.921455 -0.269901
-2.106341 17.042212 0.188987
-2.055512 16.986143 0.051184
-1.912596 16.849337 -0.270919
-2.073569 17.150005 0.072063
-2.002129 17.009783 -0.069034
-1.903545 16.769974 -0.276576
-2.065238 17.068195 0.057777
-1.900704 16.772207 -0.276284
-1.885242 16.756870 -0.320378
-1.995070 17.082788 -0.112143
-1.929661 17.022476 -0.269879
-1.938673 16.896511 -0.198098
-2.089827 17.114386 0.146853
-1.945935 16.833113 -0.166139
-1.932333 16.957825 -0.235398
-1.893606 16.997839 -0.353709
-1.896735 16.998772 -0.354292
-2.086414 17.196527 0.101819
-2.021547 16.918541 -0.001206
-1.929263 17.041264 -0.279960
-1.897898 16.935194 -0.338305
-1.893740 16.931952 -0.353834
-2.011411 16.988750 -0.042968
-1.993448 17.105808 -0.141006
-1.896438 16.876080 -0.313739
-1.951818 16.856962 -0.167052
-1.966451 16.944473 -0.157900
-2.031088 16.940596 0.025097
-1.887222 16.868782 -0.344063
-2.098032 17.085625 0.175473
-1.921532 16.966923 -0.289470
-1.983605 17.025549 -0.154119
-2.052879 17.030792 0.032349
-2.073901 17.195482 0.055098
-1.911422 16.894327 -0.291700
-2.007422 17.056900 -0.087674
-1.899247 16.814032 -0.296773
-2.061517 17.112865 0.041748
-1.896434 16.815329 -0.296099
-1.876357 16.799660 -0.338050
-1.997949 17.130615 -0.128860
-1.926255 17.069372 -0.285812
-2.092736 17.161278 0.130520
-1.941560 16.942301 -0.219801
-1.934132 17.003637 -0.254300
-1.941108 16.876707 -0.184738
-1.895748 17.044935 -0.372132
-1.897578 17.045626 -0.373218
-2.084122 17.244490 0.088465
-2.021680 16.963747 -0.021465
-1.929179 17.088232 -0.298528
-1.895643 16.980183 -0.356266
-1.893316 16.977631 -0.372880
-2.014513 17.034792 -0.061359
-1.989677 17.152319 -0.157780
-1.892543 16.919535 -0.332678
-1.961599 16.988977 -0.176865
-1.948797 16.902166 -0.187108
-2.098746 17.131447 0.159381
-1.887545 16.913136 -0.366379
-2.031222 16.985792 0.004844
-2.071829 17.241652 0.040070
-1.977664 17.070076 -0.170283
-1.918323 17.012959 -0.307456
-2.056513 17.077274 0.012375
-1.905113 16.938501 -0.308724
-2.004053 17.102840 -0.103211
-1.897769 16.856762 -0.317628
-2.060904 17.159372 0.024772
-1.896387 16.859325 -0.319275
-1.879997 16.844110 -0.363017
-1.990304 17.177519 -0.141781
-1.928744 17.117746 -0.303753
-2.089176 17.208059 0.117045
-1.936521 16.987650 -0.236705
-1.936809 17.051172 -0.274306
-1.942730 16.921305 -0.206554
-1.891050 17.091568 -0.388556
-1.891952 17.092381 -0.389289
-2.014467 17.007105 -0.037756
-1.924480 17.134859 -0.314949
-1.893333 17.027029 -0.374986
-1.985376 17.198372 -0.172963
-1.885489 17.023336 -0.388724
-2.009472 17.080132 -0.078258
-1.893550 16.966476 -0.354046
-1.970378 17.036242 -0.200573
-2.063866 17.286318 0.027062
-1.952777 16.947905 -0.211595
-2.097601 17.177507 0.143995
-1.886353 16.959023 -0.387516
-1.918799 17.059437 -0.327229
-1.971666 17.116467 -0.187208
-2.036314 17.032612 -0.017075
-2.051471 17.122608 -0.004522
-1.905750 16.985079 -0.330946
-2.002854 17.150766 -0.119360
-2.059360 17.205997 0.008152
-1.893448 16.901722 -0.338185
-1.898511 16.905308 -0.343060
-1.874404 16.887894 -0.383696
-1.989474 17.225798 -0.157071
-1.923487 17.164856 -0.318964
-2.085614 17.254837 0.103576
-1.942143 17.034912 -0.260210
-1.931181 17.097927 -0.290376
-1.936390 16.966413 -0.223960
-1.893698 17.140022 -0.408936
-1.893670 17.140955 -0.409317
-1.918851 17.181604 -0.331014
-2.016799 17.053349 -0.058234
-1.987491 17.246367 -0.191749
-1.890995 17.074806 -0.394082
-2.010715 17.126400 -0.095937
-1.885538 17.071320 -0.410112
-1.896573 17.013258 -0.378556
-2.068551 17.335722 0.008904
-1.961277 17.080767 -0.216534
-2.093297 17.223562 0.128815
-1.976197 17.163746 -0.207910
-1.949753 16.993097 -0.231643
-1.881471 17.004454 -0.406858
-1.911500 17.105587 -0.344656
-2.047328 17.168753 -0.022147
-2.033631 17.079096 -0.036645
-1.902725 17.030268 -0.350991
-1.996323 17.196701 -0.134691
-2.050627 17.250874 -0.006947
-1.889125 16.946678 -0.358737
-1.891059 16.949327 -0.363029
-1.982726 17.273506 -0.170717
-1.865465 16.932522 -0.402106
-1.922258 17.213703 -0.335487
-1.935242 17.080494 -0.276401
-1.924650 17.143866 -0.305708
-1.937582 17.012506 -0.247384
-1.891142 17.189562 -0.426343
-1.888914 17.189444 -0.426494
-2.097372 17.187069 0.152001
-1.921441 17.231915 -0.352149
-2.010484 17.097513 -0.075250
-1.984060 17.294153 -0.208037
-1.881307 17.120749 -0.409213
-2.009672 17.174412 -0.114524
-1.882827 17.118727 -0.430059
-2.067689 17.384916 -0.006756
-1.891132 17.059168 -0.396687
-1.962253 17.128626 -0.238270
-2.092121 17.270548 0.113056
-1.963749 17.209112 -0.221599
-1.877489 17.050694 -0.426930
-1.944842 17.039463 -0.251364
-1.905472 17.152908 -0.361955
-2.039468 17.215380 -0.038360
-2.030017 17.125696 -0.055859
-1.991432 17.244169 -0.149040
-1.901473 17.078009 -0.372880
-2.053083 17.300163 -0.025255
-1.887187 16.991838 -0.381578
-1.986797 17.325260 -0.188427
-1.888536 16.995905 -0.385044
-1.870504 16.979155 -0.429763
-1.925189 17.265305 -0.356145
-1.935288 17.128473 -0.297784
-1.918991 17.191547 -0.322151
-1.937313 17.058266 -0.268863
-1.888186 17.239666 -0.444982
-1.889617 17.240927 -0.447303
-2.095852 17.232763 0.135768
-2.014083 17.144922 -0.095597
-1.919413 17.281895 -0.371137
-1.981500 17.343678 -0.225435
-1.886284 17.171272 -0.432641
-2.004968 17.221035 -0.130935
-2.066826 17.434105 -0.022411
-1.879501 17.168480 -0.449555
-1.881045 17.105684 -0.413052
-1.955852 17.175581 -0.256422
-1.970024 17.259869 -0.244520
-1.910077 17.203064 -0.386237
-1.946374 17.086843 -0.274307
-2.033464 17.261761 -0.055272
-1.878568 17.100506 -0.451870
-2.047791 17.348192 -0.040834
-1.992001 17.294636 -0.167023
-1.892872 17.123917 -0.390803
-2.025446 17.173347 -0.075098
-1.884635 17.039345 -0.403969
-1.985906 17.375385 -0.204464
-1.885640 17.042114 -0.407908
-1.920241 17.314625 -0.371250
-1.860577 17.025764 -0.448576
-1.931645 17.175999 -0.317372
-1.925796 17.242752 -0.346659
-1.884698 17.289314 -0.462027
-1.933300 17.105438 -0.289310
-1.887589 17.290901 -0.466289
-2.085844 17.276466 0.120554
-1.918312 17.331741 -0.390473
-1.978911 17.394129 -0.243208
-2.005851 17.191191 -0.112662
-1.886272 17.221100 -0.454777
-2.060045 17.482723 -0.036422
-1.995619 17.268263 -0.145582
-1.876730 17.217741 -0.470254
-1.888568 17.156504 -0.441215
-1.948520 17.222656 -0.274218
-1.966164 17.309158 -0.262419
-1.906748 17.252808 -0.405726
-1.871795 17.147100 -0.470875
-1.940132 17.133892 -0.294902
-2.040450 17.314175 -0.076860
-2.047987 17.398283 -0.059664
-1.988881 17.344648 -0.183210
-1.901323 17.174612 -0.419317
-2.019385 17.221600 -0.092772
-1.983472 17.427977 -0.219699
-1.872877 17.085260 -0.421691
-1.882157 17.089735 -0.429942
-1.918526 17.366821 -0.390137
-1.863727 17.073559 -0.475899
-1.920096 17.222176 -0.331788
-1.920979 17.293097 -0.364587
-1.880782 17.340460 -0.480685
-1.881842 17.341356 -0.483861
-1.928357 17.152727 -0.309400
-1.914766 17.383245 -0.408273
-1.973534 17.444939 -0.259921
-1.998917 17.237694 -0.129220
-1.882914 17.271770 -0.474645
-2.002233 17.320311 -0.168022
-1.875760 17.268616 -0.492414
-1.879007 17.203457 -0.459159
-1.962804 17.359821 -0.282283
-1.949379 17.274229 -0.297464
-1.904877 17.302868 -0.427151
-2.043035 17.447596 -0.074759
-2.035686 17.362650 -0.094022
-1.870085 17.197264 -0.494749
-1.989420 17.396032 -0.201564
-1.928714 17.181095 -0.312144
-1.895422 17.222942 -0.439430
-2.026159 17.273745 -0.117657
-1.974273 17.477324 -0.231795
-1.877854 17.133736 -0.450095
-1.914420 17.418804 -0.406727
-1.879733 17.138250 -0.455148
-1.858572 17.120571 -0.499287
-1.919523 17.272488 -0.352712
-1.917089 17.343313 -0.382862
-1.877207 17.392893 -0.498863
-1.874265 17.391117 -0.500343
-1.927071 17.201389 -0.331657
-1.908989 17.434624 -0.426219
-2.005187 17.288454 -0.152134
-1.876426 17.321507 -0.493925
-1.991050 17.366838 -0.181573
-1.870201 17.318228 -0.512046
-1.957984 17.410152 -0.300201
-1.877665 17.253975 -0.482172
-1.896027 17.351461 -0.443757
-1.942917 17.323034 -0.316363
-2.036754 17.497595 -0.090734
-2.025005 17.410557 -0.109540
-1.865083 17.246401 -0.515592
-1.982210 17.446157 -0.217188
-1.888563 17.272324 -0.459568
-1.934719 17.233448 -0.339119
-2.012349 17.320730 -0.132597
-1.874870 17.182728 -0.474089
-1.903922 17.467907 -0.419324
-1.877119 17.187605 -0.478286
-1.855589 17.169563 -0.523281
-1.914071 17.395266 -0.402245
-1.918522 17.324295 -0.375247
-1.920238 17.249844 -0.351414
-1.996894 17.336575 -0.169946
-1.868476 17.370907 -0.511260
-1.990258 17.418913 -0.200805
-1.860951 17.367390 -0.529884
-1.950005 17.460480 -0.317913
-1.871706 17.304161 -0.503039
-1.944144 17.374952 -0.338744
-1.893140 17.404428 -0.465962
-1.861511 17.296791 -0.538751
-2.024184 17.463560 -0.129150
-1.884432 17.323196 -0.481518
-1.925657 17.281778 -0.359024
-2.013044 17.372208 -0.153390
-1.869098 17.232080 -0.497021
-1.866758 17.235697 -0.498695
-1.905904 17.446440 -0.417894
-1.919350 17.376780 -0.398862
-1.915206 17.299915 -0.372632
-1.991700 17.386551 -0.188717
-1.865931 17.425165 -0.532988
-1.985777 17.470535 -0.218242
-1.857134 17.420473 -0.551734
-1.864815 17.354462 -0.523548
-1.938524 17.426420 -0.359128
-1.854223 17.347662 -0.560496
-1.874783 17.372931 -0.500589
-1.925212 17.333099 -0.382762
-2.007794 17.424046 -0.172920
-1.858178 17.280653 -0.516219
-1.863715 17.286541 -0.523440
-1.907681 17.426668 -0.414782
-1.911974 17.351601 -0.395311
-1.987776 17.437695 -0.207361
-1.855136 17.405125 -0.542996
-1.931974 17.478004 -0.379155
-1.870566 17.426586 -0.523672
-1.920122 17.385023 -0.404734
-1.855663 17.331938 -0.542547
-1.856054 17.337053 -0.546039
-1.905611 17.402349 -0.417403
-1.910413 17.436617 -0.424559
-1.848873 17.384188 -0.566254
-1.851624 17.390440 -0.572418
-1.898661 17.454504 -0.438660
-2.056042 16.714609 0.239009
-2.003317 16.718668 0.134881
-2.037569 16.759834 0.224131
-2.042396 16.693785 0.040522
-2.042019 16.689098 0.218985
-1.955439 16.702238 -0.018130
-2.036041 16.754091 0.104631
-2.066704 16.795841 0.198550
-1.999797 16.744387 0.034280
-2.027881 16.715593 0.165094
-2.039669 16.732203 0.201967
-1.981044 16.675198 0.047075
-1.948529 16.725956 -0.069146
-1.945105 16.715773 -0.099352
-1.974271 16.739981 -0.046063
-2.023238 16.797880 0.088076
-2.059858 16.839491 0.180811
-1.999564 16.786510 0.014513
-2.060281 16.770845 0.178725
-2.045876 16.754608 0.140439
-1.979291 16.717859 0.028851
-1.956429 16.766018 -0.092483
-1.951085 16.756941 -0.122377
-1.967441 16.783638 -0.063808
-2.025807 16.839750 0.067289
-2.058727 16.880762 0.161764
-1.972674 16.732216 -0.010291
-1.996523 16.828890 -0.004225
-2.052848 16.814945 0.162189
-2.035187 16.800468 0.123325
-1.984436 16.760298 0.009101
-1.948664 16.809763 -0.109884
-1.945781 16.800064 -0.141668
-1.961247 16.825911 -0.082384
-2.020539 16.881933 0.048376
-2.059764 16.923166 0.142530
-1.950188 16.739923 -0.085343
-1.941522 16.739120 -0.094231
-1.981216 16.773949 -0.032269
-1.992544 16.871357 -0.022619
-2.021563 16.710831 0.134875
-2.049259 16.856838 0.145031
-2.055623 16.740051 0.194512
-2.030266 16.843018 0.105275
-1.992090 16.801178 -0.012163
-1.949958 16.851357 -0.131194
-2.035480 16.685471 0.018509
-1.939003 16.842789 -0.159039
-2.058043 16.964891 0.124693
-1.967219 16.867077 -0.105401
-2.018026 16.924801 0.028071
-1.956912 16.780890 -0.106268
-1.952578 16.779297 -0.117727
-1.972909 16.817207 -0.048093
-1.991421 16.912634 -0.041665
-2.012958 16.755835 0.120746
-2.046901 16.899952 0.128026
-2.050460 16.783413 0.178527
-2.032830 16.884890 0.084494
-1.986537 16.845119 -0.029380
-1.955045 16.891670 -0.153498
-1.941284 16.883360 -0.180318
-1.998011 16.737196 0.014347
-2.063807 17.005934 0.104124
-1.961073 16.908413 -0.123601
-2.022513 16.965563 0.006978
-1.951416 16.823896 -0.123117
-1.945160 16.823410 -0.134263
-1.972675 16.859337 -0.067852
-1.954082 16.737492 -0.032810
-1.986452 16.956127 -0.060080
-2.047350 16.942812 0.110000
-2.028499 16.798532 0.100178
-2.049439 16.825869 0.162411
-2.038064 16.925449 0.065497
-1.966713 16.709803 -0.114184
-1.945906 16.724039 -0.084006
-1.986112 16.887131 -0.046700
-1.952542 16.934540 -0.173804
-2.057938 17.048569 0.086428
-1.986951 16.782825 0.002107
-1.935975 16.926487 -0.199599
-1.955759 16.951540 -0.142880
-2.021765 17.010132 -0.014744
-1.947790 16.866735 -0.140647
-1.944981 16.864605 -0.153653
-1.975595 16.901579 -0.087771
-1.971794 16.778269 -0.055761
-1.989018 16.997997 -0.080858
-2.050707 16.983543 0.091690
-2.021813 16.842438 0.085743
-2.033137 16.968002 0.047455
-2.051172 16.869013 0.144905
-1.949754 16.757696 -0.122681
-1.951300 16.768724 -0.103628
-1.983465 16.928946 -0.064197
-1.946344 16.976816 -0.192370
-2.057096 17.091145 0.067888
-1.935982 16.967796 -0.221423
-1.984015 16.826395 -0.013696
-1.960738 16.993725 -0.165918
-1.950713 16.908978 -0.160566
-2.018311 17.053083 -0.034699
-1.946033 16.907019 -0.172888
-1.976293 16.943623 -0.107867
-1.992467 17.040716 -0.102345
-1.969158 16.823143 -0.071072
-2.093656 17.152723 0.161583
-2.050164 17.027424 0.073642
-2.019217 16.886374 0.070808
-2.031365 17.010666 0.029254
-2.050095 16.912409 0.128427
-1.944367 16.801889 -0.136599
-1.948131 16.813114 -0.117365
-1.984805 16.972662 -0.082934
-1.949401 17.020107 -0.215093
-2.054380 17.133909 0.050033
-1.936285 17.010427 -0.242752
-1.983297 16.870182 -0.029317
-1.959113 17.037464 -0.186931
-2.015202 17.096422 -0.053791
-1.947968 16.952688 -0.178804
-1.940480 16.950989 -0.190102
-1.967977 16.986914 -0.123684
-1.961303 16.867985 -0.083104
-2.091465 17.195978 0.142154
-1.990246 17.084915 -0.122155
-2.052476 17.070139 0.054933
-2.036088 17.053698 0.008285
-2.028147 16.930626 0.052262
-2.058375 16.954988 0.108527
-1.940796 16.846884 -0.151576
-1.944609 16.857172 -0.131972
-1.985792 17.016041 -0.102542
-1.945951 17.063099 -0.235062
-2.053477 17.177439 0.031116
-1.986021 16.912329 -0.046806
-1.934708 17.053230 -0.263406
-1.954775 17.079586 -0.206187
-1.950882 16.994949 -0.198731
-2.009331 17.139080 -0.071495
-1.943047 16.992882 -0.210892
-1.971424 17.029659 -0.145182
-1.968709 16.909708 -0.102302
-1.984030 17.127207 -0.140723
-2.046360 17.113617 0.039298
-2.092373 17.240271 0.122189
-2.057342 16.997467 0.092412
-2.023723 16.973816 0.038374
-2.030112 17.098230 -0.010158
-1.940130 16.889738 -0.166839
-1.944479 16.900515 -0.148808
-1.989583 17.059149 -0.123175
-1.937230 17.106958 -0.252114
-2.048828 17.221313 0.013570
-1.984947 16.955751 -0.063295
-1.930857 17.096775 -0.284606
-1.949396 17.123671 -0.225837
-1.948715 17.038206 -0.218178
-2.007684 17.182816 -0.092508
-1.938472 17.035828 -0.228080
-1.972943 17.073509 -0.166363
-1.970154 16.954634 -0.118120
-2.044921 17.156666 0.021957
-1.982736 17.171309 -0.160875
-2.057242 17.039862 0.075958
-2.088199 17.285563 0.102705
-2.024808 17.018370 0.021700
-1.941283 16.933361 -0.183151
-2.026405 17.142021 -0.028048
-1.948438 16.943880 -0.166144
-1.987167 17.103222 -0.140549
-2.106216 17.244034 0.165443
-2.046983 17.264925 -0.004999
-1.935594 17.150696 -0.273131
-1.988498 16.999685 -0.081859
-1.929121 17.142387 -0.306363
-1.947758 17.167406 -0.246853
-1.944970 17.082941 -0.236445
-2.004460 17.228024 -0.112340
-1.940931 17.079592 -0.249604
-1.968360 17.116451 -0.183545
-1.966618 16.998680 -0.132718
-2.046531 17.201694 0.003717
-2.058372 17.083475 0.059659
-1.987002 17.215826 -0.183446
-2.023134 17.062244 0.006424
-2.019989 17.184196 -0.044171
-1.939573 16.978176 -0.198805
-1.943622 16.987648 -0.181265
-1.985337 17.146841 -0.159125
-2.046904 17.310236 -0.024989
-1.986829 17.043560 -0.097137
-1.938184 17.195503 -0.297458
-1.923392 17.186100 -0.326874
-1.945952 17.126303 -0.256049
-1.948473 17.212385 -0.270494
-1.940579 17.123611 -0.270099
-1.998076 17.273125 -0.132007
-1.966130 17.160641 -0.203353
-1.968644 17.043152 -0.149733
-2.039470 17.245256 -0.011566
-2.054471 17.127148 0.044209
-1.977279 17.260700 -0.200514
-2.028305 17.106821 -0.010747
-2.021840 17.228403 -0.064478
-1.937910 17.022055 -0.214085
-1.950330 17.031693 -0.199989
-1.981579 17.191568 -0.177384
-1.986681 17.086895 -0.113958
-2.042193 17.355040 -0.042897
-1.933734 17.239492 -0.317445
-1.923224 17.230227 -0.349804
-1.945893 17.256201 -0.291164
-1.940916 17.170752 -0.274831
-1.994846 17.318327 -0.151835
-1.936428 17.168911 -0.289593
-1.965181 17.205109 -0.222637
-2.044653 17.170031 0.030320
-2.041662 17.289827 -0.031005
-1.969730 17.087706 -0.166403
-1.973167 17.305054 -0.219632
-2.025984 17.152081 -0.025181
-2.020828 17.273806 -0.084125
-1.939937 17.066525 -0.231099
-1.942699 17.075716 -0.214078
-1.976294 17.236834 -0.194093
-1.988350 17.130995 -0.131829
-2.039351 17.399666 -0.061486
-1.933510 17.284550 -0.340742
-1.918722 17.275148 -0.370159
-1.937161 17.215477 -0.293090
-1.941334 17.302059 -0.311885
-1.995304 17.364115 -0.173398
-1.941235 17.213911 -0.313737
-1.960136 17.249552 -0.241414
-1.964313 17.131922 -0.180308
-2.043450 17.215322 0.013113
-2.035774 17.335541 -0.046501
-1.975986 17.352087 -0.243826
-2.025183 17.196802 -0.041159
-2.016172 17.317675 -0.101663
-1.938216 17.111338 -0.246742
-1.941028 17.119591 -0.229351
-1.967953 17.280115 -0.209897
-1.982927 17.175209 -0.145730
-2.031878 17.443787 -0.077993
-1.926194 17.329729 -0.360067
-1.911996 17.319876 -0.390690
-1.935811 17.260511 -0.313604
-1.941052 17.348049 -0.335548
-1.992014 17.410246 -0.193591
-1.931861 17.259155 -0.329941
-1.962474 17.295172 -0.263664
-2.044515 17.259867 -0.003543
-1.965340 17.177408 -0.197341
-2.040075 17.382170 -0.066496
-1.971816 17.397366 -0.263310
-2.021919 17.242146 -0.055244
-1.941709 17.156200 -0.265666
-2.016921 17.364769 -0.122729
-1.950033 17.165810 -0.251064
-1.974326 17.326691 -0.233019
-1.982666 17.220413 -0.163282
-2.033849 17.492083 -0.098905
-1.922168 17.376064 -0.382361
-1.908909 17.366123 -0.413327
-1.936278 17.306303 -0.335171
-1.935499 17.394922 -0.356294
-1.928688 17.303419 -0.349401
-1.985914 17.456635 -0.212756
-1.955847 17.341087 -0.281258
-2.038728 17.303709 -0.018297
-1.966365 17.222893 -0.214372
-2.032013 17.426746 -0.081796
-1.966655 17.443666 -0.282819
-2.021060 17.287798 -0.071585
-1.938993 17.202030 -0.281332
-2.009346 17.410767 -0.139975
-1.946084 17.210421 -0.266881
-1.967107 17.373058 -0.249406
-1.975901 17.265280 -0.178067
-1.913859 17.422260 -0.401709
-1.932997 17.352436 -0.355367
-1.895921 17.412760 -0.430965
-1.925367 17.440355 -0.374586
-1.927281 17.349380 -0.370281
-2.044762 17.349117 -0.036164
-1.949805 17.386543 -0.300055
-1.964577 17.268631 -0.230375
-2.030691 17.473886 -0.099734
-2.023649 17.334858 -0.087593
-1.956463 17.490032 -0.301477
-1.935042 17.246639 -0.297146
-2.004577 17.456499 -0.158245
-1.944888 17.255707 -0.284090
-1.966037 17.419380 -0.269418
-1.975633 17.310476 -0.195613
-1.910710 17.469433 -0.424711
-1.927305 17.398258 -0.373302
-1.897003 17.461000 -0.457282
-1.920343 17.487701 -0.396903
-1.921190 17.395771 -0.389449
-2.039853 17.393803 -0.051624
-1.951093 17.434109 -0.322696
-1.963670 17.315216 -0.247086
-2.022142 17.381893 -0.103093
-1.937832 17.293816 -0.315597
-1.943932 17.303230 -0.301172
-1.963040 17.466808 -0.289114
-1.977529 17.356800 -0.213348
-1.921209 17.444645 -0.392467
-1.915095 17.442158 -0.408615
-2.036812 17.438322 -0.067766
-1.944055 17.480589 -0.341517
-1.963106 17.362173 -0.262933
-2.019693 17.429020 -0.118251
-1.935640 17.340128 -0.332832
-1.941738 17.349543 -0.318407
-1.973504 17.402349 -0.229529
-2.034003 17.485079 -0.083794
-1.961246 17.408848 -0.279310
-2.017235 17.476145 -0.133418
-1.935605 17.387566 -0.350266
-1.937662 17.396025 -0.334965
-1.970304 17.449678 -0.246794
-1.956522 17.456715 -0.295029
-1.930589 17.434130 -0.366480
-1.937326 17.442152 -0.352889
-1.920352 17.480644 -0.379407
-1.927088 17.488665 -0.365816
-2.029881 16.706640 0.208706
-2.064193 16.710878 0.214114
-1.976999 16.681070 0.062672
-2.084077 16.739628 0.176951
-1.972783 16.691345 0.042759
-2.022861 16.713709 0.028593
-2.039625 16.791386 0.171838
-2.048960 16.798920 0.181149
-1.973411 16.734539 0.025664
-1.942790 16.714899 -0.054375
-1.944454 16.717665 -0.050419
-1.978505 16.766649 0.026415
-2.040844 16.834135 0.153540
-2.050179 16.841669 0.162851
-1.980258 16.776817 0.005333
-1.992676 16.751556 -0.087119
-1.983132 16.808720 0.005896
-2.033915 16.878897 0.138789
-1.980940 16.819075 -0.011393
-2.043499 16.885618 0.146030
-1.945579 16.800766 -0.090108
-1.958093 16.803154 -0.091451
-1.988158 16.850216 -0.013390
-2.038289 16.921776 0.120339
-1.979692 16.862427 -0.027810
-2.046193 16.928782 0.125821
-1.950605 16.842262 -0.109394
-1.952698 16.847391 -0.107746
-1.984635 16.894297 -0.030362
-2.038913 16.964970 0.103245
-1.975576 16.906952 -0.043579
-2.043661 16.971848 0.108878
-1.947428 16.886709 -0.125502
-1.944888 16.891296 -0.121791
-1.979293 16.937599 -0.046289
-2.040528 17.007147 0.086179
-2.046863 17.012564 0.090638
-1.979663 16.948526 -0.062527
-1.946235 16.929123 -0.141552
-1.946163 16.933109 -0.139723
-1.981504 16.979332 -0.064559
-2.040214 17.050419 0.069423
-2.043447 17.054771 0.074402
-1.977476 16.991957 -0.078606
-1.944643 16.972109 -0.158835
-1.950196 16.975615 -0.159040
-1.983660 17.021997 -0.083198
-2.039898 17.093689 0.052666
-2.046482 17.098291 0.055056
-1.980857 17.035843 -0.097087
-1.945807 17.015789 -0.177504
-1.946673 17.019693 -0.176014
-1.982011 17.065916 -0.100850
-2.041402 17.137733 0.034863
-2.048580 17.141890 0.036049
-1.981138 17.078665 -0.115049
-1.947026 17.058529 -0.195805
-1.949712 17.063211 -0.195362
-1.981353 17.108816 -0.118473
-2.035805 17.181847 0.021004
-2.036327 17.185385 0.021629
-1.977901 17.124043 -0.131528
-1.947197 17.103220 -0.214505
-1.950875 17.106884 -0.214032
-1.983392 17.153347 -0.137841
-2.035427 17.226042 0.003884
-2.037769 17.230354 0.003461
-1.979400 17.168072 -0.149327
-1.943126 17.146788 -0.229905
-1.941773 17.150486 -0.228603
-1.977050 17.197636 -0.153811
-2.035990 17.270134 -0.013595
-2.032075 17.273262 -0.013344
-1.971239 17.211584 -0.164251
-1.945760 17.190838 -0.250499
-1.942931 17.194128 -0.247286
-1.975990 17.241072 -0.172681
-2.032154 17.315928 -0.028884
-2.028943 17.316740 -0.029100
-1.974505 17.257299 -0.183486
-1.938770 17.236504 -0.265636
-1.944573 17.239189 -0.267912
-1.968710 17.285437 -0.188315
-2.033943 17.361233 -0.046209
-2.029162 17.360458 -0.047448
-1.973139 17.302479 -0.200659
-1.938936 17.281153 -0.284353
-1.940934 17.285097 -0.285641
-1.973452 17.331551 -0.209466
-2.033801 17.407629 -0.063227
-2.029614 17.406410 -0.065670
-1.974186 17.347979 -0.220085
-1.938109 17.326813 -0.303101
-1.937295 17.330999 -0.303372
-1.968930 17.376600 -0.226489
-2.029621 17.453045 -0.079387
-2.022279 17.451704 -0.081677
-1.969015 17.394407 -0.236274
-1.937821 17.372955 -0.323424
-1.937007 17.377142 -0.323695
-1.964408 17.421646 -0.243515
-2.021098 17.499229 -0.092988
-2.018637 17.497604 -0.099412
-1.960204 17.439289 -0.250371
-1.936002 17.419622 -0.342206
-1.934305 17.422955 -0.341770
-1.962244 17.467945 -0.263163
-1.929550 17.465755 -0.358926
-1.925690 17.467951 -0.358307
-2.069437 16.769514 0.226650
-2.062567 16.749149 0.206707
-2.051209 16.770651 0.229569
-2.048554 16.769115 0.180710
-2.072248 16.779245 0.204575
-2.062073 16.747780 0.179175
-2.039538 16.774273 0.130594
-2.090894 16.795376 0.249279
-2.074260 16.812767 0.206747
-2.063417 16.792503 0.185006
-2.073548 16.806252 0.203949
-2.005961 16.762638 0.037459
-2.051472 16.813492 0.161179
-2.062231 16.826843 0.187097
-2.054656 16.792990 0.158018
-2.083007 16.840103 0.229730
-2.034346 16.822630 0.114154
-1.995851 16.765810 0.025215
-2.069299 16.859356 0.188616
-2.021708 16.778017 0.067242
-2.002512 16.785074 0.020923
-2.062428 16.836050 0.164056
-2.073323 16.850531 0.184698
-2.006796 16.787308 0.030963
-1.997142 16.810452 0.022899
-1.986394 16.792217 -0.004453
-2.045652 16.859255 0.143804
-2.064458 16.869560 0.166252
-1.991352 16.778360 0.000486
-2.049093 16.838026 0.136120
-1.964714 16.767429 -0.057092
-1.951357 16.773222 -0.080720
-1.962906 16.765694 -0.063783
-1.955645 16.777370 -0.073837
-1.974150 16.798195 -0.044025
-2.083936 16.882534 0.208415
-1.946346 16.777298 -0.107371
-1.954726 16.788336 -0.084093
-2.027003 16.869881 0.098004
-1.990184 16.810774 0.005766
-2.066319 16.903913 0.170500
-2.012294 16.824265 0.048920
-1.990170 16.832430 0.005799
-2.054550 16.880802 0.144518
-2.068118 16.894903 0.166485
-2.000052 16.833189 0.013967
-1.990240 16.857162 0.007977
-1.963144 16.790735 -0.077204
-1.982797 16.838202 -0.021726
-1.969840 16.801126 -0.055246
-2.050175 16.901239 0.123443
-2.067680 16.911261 0.145419
-2.046875 16.880383 0.115088
-1.986231 16.822874 -0.020182
-1.954017 16.815434 -0.100337
-1.958888 16.813238 -0.074464
-1.964201 16.808552 -0.084252
-1.949341 16.822714 -0.089608
-1.962955 16.846670 -0.056599
-2.087765 16.922842 0.186739
-1.939819 16.824404 -0.121446
-1.951509 16.834705 -0.100516
-2.030384 16.913721 0.079716
-2.070310 16.946350 0.151371
-1.989644 16.853802 -0.013946
-2.008548 16.868116 0.029110
-1.990015 16.875826 -0.013061
-2.054567 16.923344 0.123591
-2.068519 16.937807 0.146408
-1.999837 16.877512 -0.005270
-1.992315 16.900745 -0.010781
-1.951952 16.836271 -0.094389
-1.976507 16.883537 -0.037486
-1.962401 16.845366 -0.073554
-2.050354 16.945908 0.105063
-2.061504 16.956665 0.127218
-2.042760 16.923857 0.094438
-1.979719 16.867016 -0.038862
-1.949948 16.860970 -0.116000
-1.958349 16.856285 -0.094172
-1.954697 16.854733 -0.100112
-1.951029 16.865950 -0.109216
-1.966331 16.890543 -0.074883
-2.078447 16.968143 0.168819
-1.938962 16.869112 -0.137007
-1.950654 16.879410 -0.116075
-2.028721 16.958584 0.062091
-2.064584 16.991194 0.134402
-1.986286 16.898039 -0.032899
-2.005797 16.910957 0.009312
-1.991715 16.919046 -0.032662
-2.056881 16.965149 0.103149
-2.067086 16.980902 0.127093
-1.996547 16.920818 -0.023841
-1.996308 16.943220 -0.029903
-1.959645 16.888227 -0.093352
-1.952502 16.878407 -0.116537
-1.981357 16.926859 -0.057361
-2.048381 16.989470 0.086973
-2.061378 17.000038 0.108379
-2.039641 16.966318 0.073801
-1.978431 16.909323 -0.060256
-1.955436 16.899977 -0.111894
-1.954169 16.897787 -0.119810
-1.944526 16.907167 -0.132502
-1.949420 16.909922 -0.126465
-2.079530 17.008736 0.148289
-1.965969 16.935715 -0.092032
-1.938595 16.914295 -0.154157
-1.946600 16.924953 -0.131724
-2.032187 17.001505 0.044203
-1.987293 16.939600 -0.053812
-2.063544 17.034660 0.115945
-2.010558 16.951218 -0.012723
-1.990660 16.962545 -0.051126
-2.055997 17.007793 0.082617
-2.066107 17.023439 0.109012
-1.996415 16.964224 -0.042678
-1.997865 16.987272 -0.047415
-1.958745 16.930916 -0.113889
-1.979763 16.970821 -0.074598
-2.046800 17.033403 0.069743
-2.059098 17.042305 0.089829
-1.947406 16.922956 -0.137177
-2.036532 17.008789 0.053174
-1.976233 16.951727 -0.081264
-1.960515 16.941559 -0.133455
-1.950971 16.948099 -0.153212
-1.957022 16.939184 -0.141468
-1.952053 16.953077 -0.146427
-2.074968 17.051741 0.129267
-1.972198 16.978394 -0.111043
-1.935916 16.959198 -0.168946
-1.950921 16.968754 -0.150361
-2.060189 17.077845 0.099848
-2.031851 17.046654 0.027073
-1.988631 16.982464 -0.074243
-2.005603 16.993887 -0.032598
-1.991460 17.005869 -0.070329
-2.047684 17.052107 0.064722
-2.059101 17.068022 0.091592
-1.997820 17.006157 -0.062727
-1.996286 17.031235 -0.064640
-1.957475 16.973244 -0.135265
-1.980086 17.013680 -0.092198
-2.042083 17.077251 0.052800
-2.054002 17.085781 0.072039
-1.948360 16.965473 -0.158455
-1.975951 16.993027 -0.102635
-2.037604 17.051369 0.029458
-1.957243 16.984896 -0.152005
-1.946555 16.993288 -0.169690
-1.953296 16.995857 -0.164402
-2.069555 17.093914 0.111007
-1.952704 16.984476 -0.160396
-1.969536 17.023287 -0.125818
-1.938402 17.003189 -0.186823
-1.949781 17.012177 -0.166359
-2.060155 17.120302 0.081414
-2.032512 17.090788 0.009957
-1.983142 17.025608 -0.092885
-2.004790 17.035635 -0.052739
-1.986739 17.049746 -0.087271
-2.049650 17.093561 0.043463
-2.059127 17.109552 0.073535
-1.999175 17.049025 -0.083142
-1.995099 17.075569 -0.081005
-1.957581 17.014923 -0.155779
-2.051203 17.128519 0.054734
-2.044276 17.119902 0.034467
-1.979978 17.057104 -0.111012
-1.947160 17.006882 -0.179443
-1.974696 17.035353 -0.123996
-2.037284 17.093578 0.007727
-1.957671 17.027874 -0.172044
-2.063230 17.136187 0.093132
-1.944058 17.037371 -0.186530
-1.948521 17.027914 -0.178560
-1.946606 17.041798 -0.181343
-1.970193 17.067451 -0.142932
-1.940039 17.046347 -0.203936
-2.059591 17.163221 0.064214
-1.950436 17.056351 -0.183473
-1.983641 17.067646 -0.112542
-2.028573 17.135384 -0.005273
-2.000237 17.078686 -0.071744
-1.987623 17.092148 -0.106075
-2.044127 17.137615 0.024465
-2.055954 17.151924 0.055388
-1.988932 17.093456 -0.097820
-1.993604 17.118614 -0.097830
-1.952102 17.058088 -0.174408
-2.040885 17.164038 0.018020
-1.978419 17.101084 -0.128216
-2.048836 17.172665 0.035465
-1.944066 17.049410 -0.200047
-2.031884 17.135780 -0.010517
-1.971608 17.077869 -0.144596
-1.950192 17.072050 -0.187848
-2.062451 17.177916 0.073017
-1.946786 17.079613 -0.206082
-1.949022 17.069971 -0.198211
-1.945966 17.085703 -0.198921
-1.969079 17.110874 -0.158907
-2.054425 17.206608 0.048900
-1.939782 17.090620 -0.220664
-1.947894 17.101368 -0.200674
-1.988320 17.109793 -0.135287
-2.032947 17.179159 -0.023866
-1.999386 17.121376 -0.092238
-1.986614 17.135670 -0.124495
-2.040521 17.180561 0.005103
-2.054959 17.195415 0.036975
-1.986682 17.135775 -0.116335
-1.988370 17.162962 -0.113521
-1.952771 17.099319 -0.196125
-2.038490 17.207157 0.001585
-2.043834 17.215231 0.018084
-1.941966 17.090923 -0.220638
-1.975027 17.145254 -0.144658
-1.966686 17.120579 -0.164435
-2.027897 17.178368 -0.030724
-1.947937 17.114388 -0.206363
-2.061141 17.220110 0.054137
-1.944373 17.122774 -0.222524
-1.947629 17.113146 -0.217477
-1.947724 17.128969 -0.218461
-1.969760 17.155048 -0.175997
-1.935908 17.134338 -0.235505
-2.052460 17.251123 0.030498
-2.024480 17.223297 -0.036822
-1.948574 17.145552 -0.217764
-1.976790 17.153967 -0.150422
-1.992470 17.165083 -0.109247
-1.983832 17.178452 -0.141776
-2.037428 17.222023 -0.012647
-2.054036 17.237982 0.018950
-1.987530 17.179115 -0.135492
-1.988203 17.206291 -0.129850
-1.946393 17.142591 -0.214357
-2.042915 17.257803 0.000062
-2.038812 17.250935 -0.016339
-1.975397 17.188131 -0.162213
-1.940678 17.134211 -0.242345
-1.963681 17.162178 -0.184637
-2.026689 17.220688 -0.052046
-2.060444 17.260920 0.034420
-1.950245 17.157198 -0.227118
-1.940127 17.166128 -0.238204
-1.945325 17.156420 -0.236357
-1.941313 17.171209 -0.233864
-1.964439 17.199308 -0.189226
-2.055199 17.292288 0.013807
-1.934812 17.177784 -0.251459
-1.976461 17.195181 -0.169295
-1.947482 17.188993 -0.233717
-2.024326 17.266613 -0.053142
-1.987631 17.206858 -0.128691
-1.977372 17.221609 -0.157547
-2.030215 17.264423 -0.030111
-2.055028 17.279438 0.000560
-1.982598 17.220789 -0.152482
-1.980288 17.249996 -0.144015
-1.945241 17.184017 -0.235298
-1.972692 17.229990 -0.179103
-2.043914 17.299263 -0.018321
-2.035580 17.293226 -0.031999
-1.935895 17.175079 -0.261412
-1.960209 17.203312 -0.203227
-2.012640 17.263374 -0.067730
-2.057374 17.302378 0.016688
-1.945248 17.199820 -0.244486
-1.939141 17.209681 -0.256598
-1.941850 17.197563 -0.254948
-1.938926 17.214382 -0.250282
-1.964224 17.243584 -0.205918
-2.049688 17.335325 -0.002324
-1.932207 17.222717 -0.266180
-1.972874 17.238174 -0.188633
-2.027274 17.310951 -0.070104
-1.944496 17.233555 -0.249285
-1.991486 17.248175 -0.150654
-1.977321 17.265055 -0.176310
-2.027085 17.306828 -0.048219
-2.049135 17.322111 -0.016421
-1.980700 17.264421 -0.170498
-1.981604 17.292788 -0.161928
-1.942250 17.225639 -0.255489
-2.038402 17.342310 -0.034453
-2.031371 17.336550 -0.047658
-1.970254 17.274088 -0.195893
-1.927750 17.217628 -0.278504
-1.954395 17.246136 -0.222665
-2.054791 17.344318 -0.002641
-2.012315 17.306549 -0.089786
-1.945409 17.241531 -0.264949
-1.936378 17.252497 -0.273862
-1.936799 17.241129 -0.272687
-1.939351 17.258324 -0.270645
-1.958541 17.287493 -0.219981
-2.047775 17.377895 -0.017502
-1.930209 17.266268 -0.281743
-1.965124 17.281075 -0.204867
-1.937890 17.277567 -0.262972
-2.018840 17.355110 -0.083033
-1.985202 17.290516 -0.168485
-1.974570 17.307858 -0.193566
-2.031282 17.349428 -0.069695
-2.046398 17.364882 -0.033671
-1.981198 17.307417 -0.190476
-1.978700 17.336411 -0.177106
-2.036591 17.384995 -0.052074
-1.934980 17.269028 -0.273319
-2.030804 17.380438 -0.065181
-1.965983 17.318377 -0.211922
-1.928015 17.259455 -0.301408
-1.952282 17.288597 -0.243592
-2.049833 17.386908 -0.019985
-2.008752 17.349535 -0.109108
-1.937061 17.285837 -0.280328
-1.929335 17.297079 -0.288765
-1.928069 17.285072 -0.288915
-1.935137 17.301695 -0.286297
-1.958345 17.331781 -0.236656
-2.045431 17.421034 -0.033892
-1.928164 17.310755 -0.297670
-1.967473 17.323893 -0.225589
-1.935906 17.321117 -0.278522
-2.016814 17.399559 -0.098951
-1.979792 17.333702 -0.187055
-1.969063 17.350943 -0.209685
-2.044535 17.408495 -0.051660
-2.023059 17.393805 -0.087507
-1.975311 17.350136 -0.207443
-1.979116 17.379303 -0.194622
-2.036577 17.428425 -0.070808
-1.934718 17.311314 -0.294986
-2.027481 17.424610 -0.081566
-1.968181 17.362019 -0.230563
-1.922599 17.302670 -0.319977
-1.946431 17.332365 -0.263381
-2.049439 17.429968 -0.039567
-2.004819 17.392160 -0.129266
-1.934799 17.329134 -0.299169
-1.928380 17.340651 -0.307131
-1.930097 17.326611 -0.310105
-1.928708 17.344893 -0.302037
-1.957238 17.376165 -0.252944
-2.044944 17.463991 -0.051021
-1.926671 17.354786 -0.314808
-1.962071 17.367092 -0.244148
-1.935279 17.365984 -0.296409
-1.977161 17.376616 -0.206738
-2.013879 17.444103 -0.114481
-1.962586 17.395056 -0.225792
-2.039975 17.451462 -0.068137
-2.019958 17.436226 -0.105584
-1.975232 17.394527 -0.226549
-1.975794 17.423500 -0.211000
-2.022385 17.468040 -0.096816
-2.026047 17.472519 -0.086254
-1.928933 17.354164 -0.314392
-1.962629 17.406042 -0.247041
-1.919197 17.344879 -0.341357
-2.043200 17.472296 -0.057362
-1.941573 17.375116 -0.283158
-2.001279 17.435158 -0.148563
-1.928860 17.372808 -0.316498
-1.928358 17.384134 -0.325859
-1.925079 17.370193 -0.327809
-1.926842 17.388561 -0.320015
-1.954299 17.420740 -0.268470
-2.037953 17.508533 -0.065887
-1.920478 17.399181 -0.327613
-1.956140 17.410755 -0.261471
-1.928707 17.410009 -0.310060
-1.974540 17.419535 -0.226410
-2.011337 17.489016 -0.129151
-1.961655 17.438618 -0.244137
-2.034505 17.494526 -0.084228
-2.019519 17.480236 -0.125524
-1.967523 17.437443 -0.242742
-1.969236 17.467510 -0.224643
-2.026055 17.515959 -0.104964
-1.921314 17.397205 -0.333036
-1.956549 17.450531 -0.262283
-1.907347 17.388758 -0.357277
-1.935804 17.417967 -0.302549
-1.997692 17.479092 -0.168223
-1.928084 17.415562 -0.336914
-1.922273 17.428638 -0.341101
-1.919150 17.413876 -0.345126
-1.922221 17.432514 -0.336855
-1.944434 17.465500 -0.279762
-1.920795 17.443964 -0.345851
-1.924532 17.453396 -0.325674
-1.952606 17.453779 -0.280756
-1.965474 17.463110 -0.243444
-1.917337 17.440811 -0.353542
-1.908402 17.433306 -0.381631
-1.931891 17.460634 -0.322678
-1.925797 17.459805 -0.356093
-1.921294 17.473152 -0.359805
-1.918326 17.457567 -0.365903
-1.924873 17.477583 -0.357432
-1.918847 17.484791 -0.376659
