# .PCD v0.7 - Point Cloud Data file format
VERSION 0.7
FIELDS x y z
SIZE 4 4 4
TYPE F F F
COUNT 1 1 1
WIDTH 4211
HEIGHT 1
VIEWPOINT 0 0 0 1
POINTS 4211
DATA ascii
1.163902 -1.582557 1.015426
1.147269 -1.565787 1.398452
1.132081 -1.577731 1.195461
1.111881 -1.581693 1.000480
1.096237 -1.563917 1.376505
1.082460 -1.562058 1.588520
1.078055 -1.577870 1.173516
1.068896 -1.591808 0.992518
1.056258 -1.576025 1.368540
1.034645 -1.556282 1.777573
1.035452 -1.569177 1.566566
1.031057 -1.585992 1.158562
1.022891 -1.594929 0.982566
1.006225 -1.573151 1.347595
0.995659 -1.567382 1.765609
0.983821 -1.556501 1.943627
0.990446 -1.576290 1.546610
0.981034 -1.586119 1.139615
0.975875 -1.595051 0.969616
0.964222 -1.578259 1.334637
0.952639 -1.569489 1.744654
0.944839 -1.570600 1.928662
0.940409 -1.574414 1.519664
0.935029 -1.591237 1.124662
0.926848 -1.591178 0.956670
0.922220 -1.583368 1.322679
0.914651 -1.579588 1.733689
0.897800 -1.569713 1.897712
0.892381 -1.574533 1.495715
0.890021 -1.595353 1.109707
0.889881 -1.605279 0.954703
0.881223 -1.589476 1.312720
0.872634 -1.581694 1.714733
0.856799 -1.577816 1.878752
0.847361 -1.576646 1.474762
0.848035 -1.605463 1.099747
0.836190 -1.585590 1.294770
0.831621 -1.584797 1.697775
0.812773 -1.579924 1.852798
0.807375 -1.587750 1.462799
0.799206 -1.594688 1.288804
0.805038 -1.612575 1.087789
0.780964 -1.565116 2.069839
0.790599 -1.584901 1.679818
0.763361 -1.590862 1.444844
0.762218 -1.602786 1.281840
0.745977 -1.575206 2.058871
0.748569 -1.583006 1.659864
0.726393 -1.605961 1.439876
0.701912 -1.566310 2.023922
0.707537 -1.580109 1.639909
0.680666 -1.575247 1.773940
0.681359 -1.603074 1.417925
0.673556 -1.590200 1.634940
0.668939 -1.579398 2.018950
0.642916 -1.573467 2.013980
0.646702 -1.591339 1.769967
0.638578 -1.601294 1.629971
0.629913 -1.579494 1.996991
0.606922 -1.581560 2.002014
0.608708 -1.599437 1.758004
0.592892 -1.580587 1.978030
0.569924 -1.588655 1.989050
0.558905 -1.589676 1.970061
0.532907 -1.590748 1.971088
0.522900 -1.593769 1.958097
0.496909 -1.596842 1.960123
1.255768 -1.583362 0.981304
1.244687 -1.578362 0.918318
1.207956 -1.571593 1.191360
1.192972 -1.573639 1.202375
1.191976 -1.572645 1.208376
1.198751 -1.583511 0.967364
1.190687 -1.583505 0.907372
1.173944 -1.580671 1.158391
1.158961 -1.579721 1.177408
1.144032 -1.574800 1.258426
1.142976 -1.579772 1.192424
1.143730 -1.582656 0.952422
1.140980 -1.581777 1.191425
1.135682 -1.586651 0.896428
1.117278 -1.570990 1.502456
1.116907 -1.575818 1.138454
1.104304 -1.567042 1.537471
1.104936 -1.578860 1.158465
1.091330 -1.564093 1.570486
1.090078 -1.572973 1.309483
1.090016 -1.575941 1.242482
1.088946 -1.577911 1.171482
1.095739 -1.589784 0.944469
1.072370 -1.563165 1.611506
1.080947 -1.577933 1.172490
1.086690 -1.593782 0.888476
1.064240 -1.567124 1.478513
1.068307 -1.573136 1.526506
1.065896 -1.577952 1.124506
1.056293 -1.571166 1.519519
1.055923 -1.580988 1.143515
1.046334 -1.573209 1.553529
1.047094 -1.583087 1.300523
1.042017 -1.582068 1.230529
1.047737 -1.593912 0.934517
1.040944 -1.584036 1.156529
1.023530 -1.557380 1.780560
1.024367 -1.569290 1.595554
1.033967 -1.589059 1.165534
1.030663 -1.589930 0.875537
1.011613 -1.561445 1.849571
1.016230 -1.570249 1.463562
1.013277 -1.571277 1.505564
1.023917 -1.589065 1.118544
1.006265 -1.570293 1.497572
0.993659 -1.557521 1.904592
1.004907 -1.582121 1.127567
1.019660 -1.607938 0.826539
0.994292 -1.569340 1.526585
1.000089 -1.587210 1.287570
0.981629 -1.564532 1.858601
0.986981 -1.577210 1.211589
0.991927 -1.585163 1.139580
0.999736 -1.598040 0.925565
0.977525 -1.562499 1.765606
0.981386 -1.580405 1.587593
0.969702 -1.562601 1.933614
0.967734 -1.563619 1.961616
0.981957 -1.591197 1.153587
0.966605 -1.566561 1.831615
0.969216 -1.572371 1.447610
0.985687 -1.601053 0.871578
0.976914 -1.593189 1.107591
0.962260 -1.572410 1.489617
0.962261 -1.575407 1.482615
0.945804 -1.552725 2.056643
0.949647 -1.562632 1.882635
0.960913 -1.589238 1.117610
0.946266 -1.569461 1.503635
0.968661 -1.612075 0.819591
0.933761 -1.555736 2.009655
0.951062 -1.585337 1.269622
0.933515 -1.565614 1.750650
0.950716 -1.596169 0.913617
0.946928 -1.591281 1.127623
0.945004 -1.588324 1.206627
0.936640 -1.573652 1.848643
0.924697 -1.567718 1.918658
0.931359 -1.579533 1.567646
0.920716 -1.565740 1.941664
0.920578 -1.566677 1.808663
0.924208 -1.575489 1.434655
0.933962 -1.597325 1.144634
0.938691 -1.606179 0.864625
0.929903 -1.594313 1.096640
0.900822 -1.549862 2.084692
0.915239 -1.575528 1.464664
0.913252 -1.575539 1.476666
0.904807 -1.560831 2.041682
0.905633 -1.566743 1.861678
0.917916 -1.595351 1.106652
0.902256 -1.573575 1.486678
0.904043 -1.584460 1.255672
0.889747 -1.558848 1.990699
0.918660 -1.615210 0.812641
0.891517 -1.571724 1.739691
0.908733 -1.605283 0.908656
0.901920 -1.594399 1.113669
0.887611 -1.571777 1.828695
0.899008 -1.594447 1.197672
0.879684 -1.569835 1.903704
0.880317 -1.573663 1.545701
0.875696 -1.566855 1.922710
0.877571 -1.570788 1.793706
0.882213 -1.581601 1.425696
0.891686 -1.608305 0.856673
0.886908 -1.600428 1.087681
0.883955 -1.599459 1.135685
0.857804 -1.552970 2.061735
0.872239 -1.581641 1.451706
0.860778 -1.560940 2.016728
0.866649 -1.577846 1.850714
0.867256 -1.581662 1.467711
0.874924 -1.602466 1.098693
0.860262 -1.581684 1.473718
0.850758 -1.567951 1.980735
0.862054 -1.592572 1.247711
0.851533 -1.580832 1.733728
0.862726 -1.606406 0.900703
0.859930 -1.602510 1.104708
0.842602 -1.574895 1.814740
0.853000 -1.596568 1.186719
0.836680 -1.573948 1.891747
0.837317 -1.578777 1.534744
0.836575 -1.577896 1.781745
0.834705 -1.574964 1.913748
0.840213 -1.586712 1.415737
0.840895 -1.600550 1.077729
0.819816 -1.563069 2.049769
0.820773 -1.566044 2.001767
0.833257 -1.591745 1.444741
0.839972 -1.608578 1.130726
0.823629 -1.579954 1.828757
0.824272 -1.590778 1.461751
0.832929 -1.608578 1.089734
0.818259 -1.586794 1.459759
0.805727 -1.566065 1.958783
0.820049 -1.595684 1.237753
0.807517 -1.581946 1.718773
0.806396 -1.580896 1.605775
0.814919 -1.604629 1.091754
0.803638 -1.589003 1.815774
0.811018 -1.605683 1.182758
0.796693 -1.582055 1.885784
0.800216 -1.591819 1.407776
0.796579 -1.585001 1.770783
0.796329 -1.586887 1.527782
0.793710 -1.582072 1.902787
0.778796 -1.565172 2.028811
0.780768 -1.571147 1.986806
0.787220 -1.586863 1.424792
0.777580 -1.574068 1.800808
0.793975 -1.612703 1.124772
0.775245 -1.587907 1.446803
0.773230 -1.584909 1.439807
0.768750 -1.577165 1.954816
0.779052 -1.600793 1.229793
0.760462 -1.572065 1.694826
0.763374 -1.580007 1.589820
0.766005 -1.605803 1.172804
0.752540 -1.580112 1.748831
0.759215 -1.595928 1.398816
0.750305 -1.585007 1.512831
0.739795 -1.571274 2.014848
0.740756 -1.574250 1.969846
0.749239 -1.596965 1.418826
0.737576 -1.579171 1.785847
0.735250 -1.596011 1.432841
0.728748 -1.582270 1.941855
0.733261 -1.596021 1.443843
0.718446 -1.572175 1.681870
0.723367 -1.583112 1.577860
0.721231 -1.604032 1.394852
0.704474 -1.568231 1.718886
0.710320 -1.593116 1.508868
0.699778 -1.573375 1.995889
0.707219 -1.596075 1.404870
0.692529 -1.573283 1.758896
0.694242 -1.599118 1.419882
0.686724 -1.581378 1.924899
0.689259 -1.599140 1.435887
0.681466 -1.581276 1.679904
0.685380 -1.591215 1.571895
0.668488 -1.576328 1.713919
0.681229 -1.607139 1.387891
0.666548 -1.578358 1.765921
0.658579 -1.563413 1.834936
0.672342 -1.603220 1.505903
0.657740 -1.569480 1.971934
0.655535 -1.580381 1.748931
0.646710 -1.582482 1.910939
0.642456 -1.582380 1.669944
0.648390 -1.598314 1.565930
0.630496 -1.583430 1.705955
0.621590 -1.570512 1.828971
0.624538 -1.579470 1.756963
0.621704 -1.577556 1.919967
0.620741 -1.575577 1.959969
0.618546 -1.588480 1.740965
0.607694 -1.582584 1.897979
0.610513 -1.600473 1.679968
0.597535 -1.597523 1.708982
0.587607 -1.579604 1.824001
0.584610 -1.579614 1.827004
0.585754 -1.583671 1.954001
0.585550 -1.585577 1.755000
0.582685 -1.577656 1.904007
0.582569 -1.599578 1.736997
0.571717 -1.592683 1.897011
0.554666 -1.597702 1.836027
0.547742 -1.585770 1.940039
0.549724 -1.591749 1.907035
0.550655 -1.594712 1.834032
0.532699 -1.591786 1.885052
0.513735 -1.598847 1.902068
0.512764 -1.595866 1.937070
1.210448 -1.576078 1.025172
1.182619 -1.574239 1.215199
1.211794 -1.574190 1.122223
1.248634 -1.572063 1.008174
1.197772 -1.575223 1.105242
1.205749 -1.570200 1.098233
1.246731 -1.576085 1.073176
1.226740 -1.572142 1.088204
1.240564 -1.578069 0.946184
1.198710 -1.576208 1.058242
1.163787 -1.580314 1.109289
1.195634 -1.579201 0.998246
1.141735 -1.574366 1.083321
1.154737 -1.575331 1.083304
1.189702 -1.575232 1.057257
1.171711 -1.572283 1.070282
1.168962 -1.559345 1.282289
1.146698 -1.580343 1.045314
1.185565 -1.585212 0.937260
1.123169 -1.566502 1.423350
1.108744 -1.575455 1.090367
1.139617 -1.581346 0.985325
1.087218 -1.564608 1.464400
1.125069 -1.567478 1.348348
1.096741 -1.585482 1.070382
1.081236 -1.563628 1.480409
1.097213 -1.568579 1.453386
1.099700 -1.573472 1.063381
1.141709 -1.585357 1.047322
1.125726 -1.584403 1.061344
1.109172 -1.567540 1.426371
1.094673 -1.580477 1.030387
1.118121 -1.565508 1.392359
1.119976 -1.571472 1.273355
1.131566 -1.592353 0.928334
1.075152 -1.570625 1.406417
1.062733 -1.579574 1.078431
1.090617 -1.588474 0.975392
1.040208 -1.572728 1.445464
1.083411 -1.561657 1.617409
1.032196 -1.561752 1.458478
1.074054 -1.571609 1.333419
1.045721 -1.588613 1.053453
1.043158 -1.563715 1.426463
1.055709 -1.584586 1.052441
1.087675 -1.582496 1.031398
1.075707 -1.586532 1.047413
1.055123 -1.563677 1.401448
1.052697 -1.593588 1.026443
1.071110 -1.570629 1.378424
1.041499 -1.556788 1.694468
1.066966 -1.576609 1.260429
1.076555 -1.595497 0.918411
1.020739 -1.587683 1.070488
1.024115 -1.568755 1.386489
0.993721 -1.566952 1.841532
1.001612 -1.558914 1.776523
0.989188 -1.567863 1.444537
1.041617 -1.594602 0.967459
0.998652 -1.560929 1.802527
0.989162 -1.570856 1.419537
1.032390 -1.564788 1.600480
1.025043 -1.576736 1.319487
0.996700 -1.590739 1.037521
0.997146 -1.569833 1.409527
1.010580 -1.559884 1.751511
0.975734 -1.561005 1.863558
1.006693 -1.587713 1.038509
1.041678 -1.589616 1.023461
1.022511 -1.560839 1.698495
1.025691 -1.589661 1.033483
1.010118 -1.570793 1.387509
1.002677 -1.594717 1.013513
1.022088 -1.572754 1.361493
0.974726 -1.590802 1.058552
0.978103 -1.572874 1.373553
1.017970 -1.584737 1.251496
1.024545 -1.598633 0.908483
0.993766 -1.551968 1.907537
0.944669 -1.566073 1.808601
0.957597 -1.564026 1.759584
0.945167 -1.569975 1.428599
0.969887 -1.555053 1.992570
0.950610 -1.561049 1.775594
0.990603 -1.596735 0.957531
0.944153 -1.577971 1.402599
0.939952 -1.546149 2.058613
0.934720 -1.567109 1.845615
0.986399 -1.574908 1.591543
0.979047 -1.584856 1.310550
0.950696 -1.597858 1.024585
0.963549 -1.561003 1.730577
0.951127 -1.573950 1.391590
0.979511 -1.568950 1.686554
0.961692 -1.594829 1.027571
0.991658 -1.590746 1.010531
0.980689 -1.595778 1.023545
0.952896 -1.554101 2.002594
0.966111 -1.576906 1.374570
0.956671 -1.598837 1.004577
0.977081 -1.577871 1.350555
0.960783 -1.562055 1.903582
0.932727 -1.596912 1.050610
0.935103 -1.579985 1.363612
0.964942 -1.583874 1.236571
0.952783 -1.564075 1.900593
0.967508 -1.593781 0.895565
0.907174 -1.579074 1.419650
0.913580 -1.568139 1.742645
0.896618 -1.564193 1.778669
0.927880 -1.562160 1.977627
0.899991 -1.550261 2.083668
0.909610 -1.570154 1.761650
0.899949 -1.555251 2.042667
0.892697 -1.570215 1.826673
0.898133 -1.582088 1.383662
0.944607 -1.603856 0.950594
0.909127 -1.582058 1.379648
0.923563 -1.573107 1.721631
0.924992 -1.576994 1.289628
0.903676 -1.599979 1.009650
0.938386 -1.579031 1.578609
0.913661 -1.592953 1.012639
0.936509 -1.576061 1.675613
0.949673 -1.600856 1.005588
0.929652 -1.591910 1.007618
0.920091 -1.579024 1.359634
0.908881 -1.559213 1.985655
0.909651 -1.598960 0.993643
0.932070 -1.581987 1.338617
0.885695 -1.594034 1.036677
0.916780 -1.569168 1.891642
0.888068 -1.578106 1.345678
0.907763 -1.566190 1.885656
0.912912 -1.582009 1.222644
0.866166 -1.584180 1.407707
0.922528 -1.604900 0.892625
0.870562 -1.571249 1.727705
0.856621 -1.575295 1.763723
0.884861 -1.566270 1.959687
0.858969 -1.554365 2.063725
0.848650 -1.567325 1.800736
0.866594 -1.575264 1.743710
0.857926 -1.559357 2.021725
0.842994 -1.559409 2.072746
0.854118 -1.587201 1.366723
0.896596 -1.605981 0.941661
0.880547 -1.577217 1.705691
0.895510 -1.583167 1.666669
0.867123 -1.589167 1.366705
0.856651 -1.600101 0.994716
0.887032 -1.594095 1.289677
0.902657 -1.601979 0.995654
0.872679 -1.605061 1.005694
0.887353 -1.577163 1.561682
0.889674 -1.605015 1.002671
0.878090 -1.586133 1.348692
0.865865 -1.563322 1.969715
0.886045 -1.582106 1.323682
0.862629 -1.598082 0.982709
0.841672 -1.593148 1.024739
0.844048 -1.579220 1.332740
0.871767 -1.573284 1.878705
0.864753 -1.571301 1.872715
0.826160 -1.589283 1.396762
0.867922 -1.591127 1.216706
0.828548 -1.575357 1.712763
0.880563 -1.620012 0.892681
0.818959 -1.560466 2.047780
0.839828 -1.566384 1.938751
0.817698 -1.586408 1.802775
0.812590 -1.577406 1.740784
0.813883 -1.558467 1.995788
0.824580 -1.580371 1.727768
0.799950 -1.559516 2.043806
0.813116 -1.595307 1.353779
0.836518 -1.577329 1.687753
0.819075 -1.584289 1.344774
0.837991 -1.589221 1.272747
0.856639 -1.602099 0.985719
0.845661 -1.607130 0.992733
0.836083 -1.591242 1.337750
0.821840 -1.565435 1.951776
0.846053 -1.590211 1.317737
0.837315 -1.574291 1.543753
0.807077 -1.593317 1.330789
0.826752 -1.576399 1.865767
0.820732 -1.572413 1.858777
0.785139 -1.590388 1.382820
0.785520 -1.575465 1.695824
0.776924 -1.560571 2.025840
0.799822 -1.572485 1.926806
0.823936 -1.600242 1.212766
0.776895 -1.569561 1.986838
0.760933 -1.565612 2.022860
0.775502 -1.569491 1.694839
0.790473 -1.573444 1.665819
0.765067 -1.590427 1.330849
0.780087 -1.594389 1.337828
0.794071 -1.594349 1.325809
0.796007 -1.599330 1.268805
0.781838 -1.571536 1.941832
0.804047 -1.594318 1.308796
0.791295 -1.575407 1.530818
0.764060 -1.594427 1.318851
0.768395 -1.575486 1.605851
0.747143 -1.597485 1.374873
0.742481 -1.572572 1.675887
0.738926 -1.568666 2.014893
0.761838 -1.582582 1.921859
0.735865 -1.570662 1.965897
0.735488 -1.573591 1.679897
0.722933 -1.574707 2.008914
0.778935 -1.605358 1.205830
0.752479 -1.581541 1.657872
0.764445 -1.585501 1.624855
0.739083 -1.600494 1.325886
0.725072 -1.599529 1.319905
0.753066 -1.599454 1.315868
0.752997 -1.601440 1.259867
0.764054 -1.601421 1.302853
0.743858 -1.582633 1.937885
0.749307 -1.583516 1.526878
0.725070 -1.602527 1.312906
0.706107 -1.593589 1.358934
0.726384 -1.578593 1.594911
0.693579 -1.579715 1.737955
0.702473 -1.576674 1.664944
0.697891 -1.567767 1.993953
0.711734 -1.564703 1.882935
0.696855 -1.575759 1.951953
0.681894 -1.574806 1.982973
0.684507 -1.583724 1.676967
0.693463 -1.574696 1.661958
0.711462 -1.583644 1.643932
0.722421 -1.584607 1.611917
0.723048 -1.604527 1.294912
0.699805 -1.576741 1.913950
0.708331 -1.594622 1.525935
0.687392 -1.585693 1.589966
0.691656 -1.569738 1.817965
0.653539 -1.576815 1.717014
0.664470 -1.581770 1.655998
0.660888 -1.573860 1.983006
0.673725 -1.568799 1.871989
0.653791 -1.567864 1.923017
0.653440 -1.575797 1.646016
0.643482 -1.585826 1.658027
0.671447 -1.585745 1.631989
0.686443 -1.594700 1.610967
0.632947 -1.570946 2.034045
0.649698 -1.556862 1.877027
0.666326 -1.597731 1.519995
0.619555 -1.586902 1.712061
0.651637 -1.570839 1.805022
0.649637 -1.569844 1.807026
0.651436 -1.601788 1.594015
0.628481 -1.589863 1.651049
0.620860 -1.573959 1.965064
0.633714 -1.571900 1.861047
0.616792 -1.574957 1.913069
0.602837 -1.578001 1.941088
0.618466 -1.588887 1.643064
0.605489 -1.594923 1.648080
0.634458 -1.593840 1.627041
0.646432 -1.596803 1.602025
0.598963 -1.582032 2.027093
0.618767 -1.578945 1.888067
0.584553 -1.591991 1.703111
0.611626 -1.572941 1.796080
0.610637 -1.573945 1.802081
0.585869 -1.582049 1.959113
0.599740 -1.582988 1.861094
0.579784 -1.579051 1.902122
0.566838 -1.586092 1.929139
0.561936 -1.583123 2.008147
0.580764 -1.583042 1.881122
0.578678 -1.589029 1.806125
0.547846 -1.582144 1.945168
0.575688 -1.590038 1.812129
0.560718 -1.583086 1.848151
0.544808 -1.591141 1.899171
0.529841 -1.594185 1.918191
0.525931 -1.589214 1.995198
0.543776 -1.590138 1.879174
0.543705 -1.599121 1.809174
0.511856 -1.590236 1.940219
0.537702 -1.597137 1.811183
0.525742 -1.593178 1.849200
0.508814 -1.598233 1.893222
0.492958 -1.602299 1.993243
1.229226 -1.565297 1.122933
1.287385 -1.565613 0.904332
1.185929 -1.572711 1.216066
1.172290 -1.572693 1.119603
1.214087 -1.569890 1.178985
1.105329 -1.587835 0.894457
1.134996 -1.580220 1.211306
1.114569 -1.576280 1.114087
1.163163 -1.570280 1.214950
1.154760 -1.570802 1.171394
1.196641 -1.571316 1.224947
1.079214 -1.578604 1.202301
1.061076 -1.602026 0.896689
1.189866 -1.571177 1.229461
1.065445 -1.586290 1.114400
1.089800 -1.565518 1.467959
1.116294 -1.583111 1.212257
1.099993 -1.573927 1.165638
1.077406 -1.592453 0.891188
1.069304 -1.572605 1.554377
1.184528 -1.589889 0.954057
1.032517 -1.586362 1.199280
1.140157 -1.572996 1.213185
1.011060 -1.607186 0.895754
1.132047 -1.569938 1.219618
1.031767 -1.563349 1.457097
1.006519 -1.583059 1.107555
1.101665 -1.564472 1.568873
1.171371 -1.567029 1.208773
1.096155 -1.590478 0.888009
1.174531 -1.566123 1.276812
1.064344 -1.585894 1.204270
1.051488 -1.582983 1.162834
1.034003 -1.606617 0.891355
1.064214 -1.557882 1.518991
1.129097 -1.589088 0.948083
1.020881 -1.577803 1.547306
0.985495 -1.592155 1.196165
1.089841 -1.579561 1.205321
0.961798 -1.611271 0.893701
1.080233 -1.572600 1.213621
1.052968 -1.569917 1.557813
1.121475 -1.576609 1.200066
0.975932 -1.561797 1.447134
0.959990 -1.595597 1.109879
1.122514 -1.568969 1.267819
1.046095 -1.596810 0.884137
1.092512 -1.555898 1.585439
1.012232 -1.587698 1.196245
0.995677 -1.580274 1.155799
1.084929 -1.565939 1.571597
0.982379 -1.609110 0.888366
1.031337 -1.599559 0.897485
1.078783 -1.593390 0.945095
1.012051 -1.559738 1.509975
0.970062 -1.576517 1.535982
0.933716 -1.589868 1.187866
0.994597 -1.568525 1.916498
1.039757 -1.587055 1.198520
0.912117 -1.612346 0.892500
0.971800 -1.550876 1.817567
1.033630 -1.581411 1.209663
1.001191 -1.569895 1.544629
1.071155 -1.569694 1.258651
1.068961 -1.582570 1.191330
0.999613 -1.605510 0.882175
0.930108 -1.573311 1.447342
0.905461 -1.593599 1.104828
1.041128 -1.557783 1.573347
0.909666 -1.561809 0.835463
0.960547 -1.586458 1.186998
0.966412 -1.543437 2.022505
0.950657 -1.590657 1.155863
0.935410 -1.614859 0.886260
1.035644 -1.573453 1.561730
0.983684 -1.606324 0.897498
0.919994 -1.574157 1.523540
1.028144 -1.595728 0.942015
1.017149 -1.596315 0.865499
0.962480 -1.564117 1.502955
0.893421 -1.603444 1.189805
1.067366 -1.568161 1.562334
0.947399 -1.570703 1.905142
0.991153 -1.591289 1.191406
0.864567 -1.614099 0.891197
0.978179 -1.575719 1.200403
0.921854 -1.553340 1.809460
0.952238 -1.573319 1.534487
1.025144 -1.576443 1.253513
1.015427 -1.583799 1.179358
0.951591 -1.611478 0.879156
0.982780 -1.568503 1.932849
0.993389 -1.561973 1.564162
0.858805 -1.600208 1.104788
0.877755 -1.573087 1.440250
0.917360 -1.596655 1.184910
0.893215 -1.615357 0.852304
0.913956 -1.536850 2.000933
0.955425 -1.544203 1.880057
0.903703 -1.596402 1.153770
0.983499 -1.572637 1.545514
0.884120 -1.613266 0.883006
0.935474 -1.610202 0.896371
0.874427 -1.577856 1.517199
0.978652 -1.598898 0.938919
0.971745 -1.605910 0.862520
0.914713 -1.567206 1.495727
0.954781 -1.542122 2.043786
0.845288 -1.603468 1.184423
0.898429 -1.569227 1.891684
1.017712 -1.574880 1.549435
0.942549 -1.595528 1.184306
0.937816 -1.589358 1.201343
0.985681 -1.541196 1.960349
0.871909 -1.555809 1.801367
0.906697 -1.578127 1.526201
0.979040 -1.582152 1.249331
0.932622 -1.567368 1.916481
0.961472 -1.582019 1.168242
0.900163 -1.610012 0.873909
0.945951 -1.567030 1.557035
0.873366 -1.544652 1.997508
0.871255 -1.602370 1.180750
0.828978 -1.575230 1.435068
0.811073 -1.605933 1.105789
0.907474 -1.547467 1.869850
0.984094 -1.560816 1.615369
0.937233 -1.579631 1.536417
0.853505 -1.595696 1.149502
0.830896 -1.581187 1.511695
0.842596 -1.626093 0.883993
0.930966 -1.600776 0.935615
0.887103 -1.613101 0.895205
0.966460 -1.568493 1.943507
0.906688 -1.541719 2.026315
0.923886 -1.612870 0.859565
0.871844 -1.578261 1.495699
0.856226 -1.574360 1.886196
0.802272 -1.608595 1.182014
0.893550 -1.597864 1.176119
0.965072 -1.577180 1.533470
0.888861 -1.590525 1.196092
0.940188 -1.547101 1.950124
0.933852 -1.587771 1.244080
0.860994 -1.581954 1.517876
0.827123 -1.562214 1.799183
0.937132 -1.539190 2.056368
0.887949 -1.572136 1.906128
0.897561 -1.567292 1.547667
0.854178 -1.615617 0.871744
0.832546 -1.551536 1.993044
0.920410 -1.598958 1.166443
0.824267 -1.603228 1.175344
0.862321 -1.553070 1.864620
0.935268 -1.560338 1.601958
0.785099 -1.585341 1.437082
0.750838 -1.585001 1.092947
0.887422 -1.579314 1.523101
0.790816 -1.590794 1.511375
0.887414 -1.607912 0.935372
0.840536 -1.614707 0.893829
0.810362 -1.604736 1.150376
0.917542 -1.569238 1.926171
0.863003 -1.546329 2.015886
0.880683 -1.623086 0.857488
0.812810 -1.578731 1.879757
0.823590 -1.578405 1.488340
0.759557 -1.614588 1.181659
0.848592 -1.604414 1.171935
0.912693 -1.575453 1.516230
0.847780 -1.600297 1.195847
0.896962 -1.553560 1.941784
0.885023 -1.585031 1.235552
0.949388 -1.572562 1.936360
0.818022 -1.588183 1.513530
0.937217 -1.547307 2.014015
0.778068 -1.563493 1.791976
0.844490 -1.577676 1.896748
0.887782 -1.539194 2.035008
0.854287 -1.572657 1.541272
0.790187 -1.555687 1.987523
0.871410 -1.601301 1.158265
0.782561 -1.610174 1.172962
0.891532 -1.563856 1.593461
0.823214 -1.567468 1.866552
0.746333 -1.589334 1.503641
0.738427 -1.587060 1.433746
0.707435 -1.592019 1.094737
0.844616 -1.613973 0.934006
0.917146 -1.538770 2.047143
0.838430 -1.577860 1.509661
0.767220 -1.613782 1.151260
0.819154 -1.549960 2.005416
0.868556 -1.570050 1.907854
0.772943 -1.584361 1.877158
0.712507 -1.609451 1.174889
0.779771 -1.584671 1.486082
0.801304 -1.604417 1.164496
0.802077 -1.601866 1.192410
0.848442 -1.550154 1.925171
0.866427 -1.582459 1.507155
0.843550 -1.592897 1.234210
0.772976 -1.589895 1.505038
0.896620 -1.571197 1.913157
0.891481 -1.548510 1.997484
0.799328 -1.579500 1.886262
0.842049 -1.540397 2.018490
0.812926 -1.581563 1.538995
0.734336 -1.569691 1.790726
0.739709 -1.616296 1.170624
0.823000 -1.601585 1.148915
0.847565 -1.566454 1.583927
0.773520 -1.562132 1.851930
0.709150 -1.602331 1.507357
0.791094 -1.600827 0.926177
0.871016 -1.544129 2.029918
0.794269 -1.584435 1.502424
0.698592 -1.601391 1.439766
0.724358 -1.574961 1.859181
0.771322 -1.545538 1.986696
0.704845 -1.582335 1.132889
0.821973 -1.571292 1.893415
0.733388 -1.583467 1.479522
0.762378 -1.613399 1.193199
0.799608 -1.594340 1.227619
0.804821 -1.554715 1.915755
0.757562 -1.611743 1.161298
0.819371 -1.585655 1.495892
0.731971 -1.595820 1.500543
0.849526 -1.551895 1.985845
0.847797 -1.572999 1.894901
0.754916 -1.580250 1.874653
0.702031 -1.548988 1.963737
0.804875 -1.555654 2.017324
0.766012 -1.578573 1.529338
0.687972 -1.568480 1.784181
0.804882 -1.569762 1.576363
0.687895 -1.603081 1.158676
0.778205 -1.609131 1.144805
0.667330 -1.603336 1.502615
0.728330 -1.562856 1.843404
0.752211 -1.590580 1.497017
0.824955 -1.549431 2.013701
0.682418 -1.576079 1.852448
0.721536 -1.532691 1.960553
0.781272 -1.580346 1.886083
0.692233 -1.592199 1.480258
0.763652 -1.609220 1.230354
0.752668 -1.540276 1.888675
0.702062 -1.582690 1.173718
0.700355 -1.587615 1.142010
0.811025 -1.561556 1.979388
0.693506 -1.608117 1.502308
0.771920 -1.586950 1.483542
0.662758 -1.552561 1.959982
0.801703 -1.577202 1.880626
0.711788 -1.581710 1.865014
0.751471 -1.541615 1.986349
0.725146 -1.584378 1.526840
0.766240 -1.577282 1.572795
0.645990 -1.577240 1.787005
0.733604 -1.612710 1.138420
0.627748 -1.609852 1.502089
0.684424 -1.564290 1.836847
0.646730 -1.585808 1.855852
0.711765 -1.599403 1.493681
0.688813 -1.551797 1.969367
0.735507 -1.580458 1.871530
0.597000 -1.579536 1.419080
0.649142 -1.596293 1.478839
0.713130 -1.547886 1.886203
0.661478 -1.589370 1.173277
0.646948 -1.602152 1.490448
0.729138 -1.595288 1.477337
0.623485 -1.556139 1.956236
0.667636 -1.578436 1.852141
0.757057 -1.583100 1.868373
0.708769 -1.546090 1.975877
0.727600 -1.584807 1.569236
0.684676 -1.592095 1.525451
0.602359 -1.578436 1.784448
0.607987 -1.591177 1.855196
0.643481 -1.569047 1.835313
0.647723 -1.552885 1.960571
0.669710 -1.605558 1.488293
0.692542 -1.582909 1.861950
0.553649 -1.581607 1.418577
0.664349 -1.584083 1.207226
0.676254 -1.557956 1.886709
0.596373 -1.574492 1.459407
0.610752 -1.615008 1.494099
0.587244 -1.562978 1.958505
0.629150 -1.585837 1.850590
0.687804 -1.605322 1.473151
0.685574 -1.586003 1.561511
0.646474 -1.600366 1.525940
0.666421 -1.547583 1.963184
0.538610 -1.590069 1.480610
0.562715 -1.587694 1.790155
0.569667 -1.593501 1.853311
0.610923 -1.562897 1.962083
0.602471 -1.573870 1.832793
0.629172 -1.613346 1.485918
0.647898 -1.582752 1.849326
0.688177 -1.556106 1.963402
0.683020 -1.561229 1.939011
0.639148 -1.567108 1.886174
0.557160 -1.581818 1.461942
0.563593 -1.601262 1.477783
0.553150 -1.574281 1.965927
0.590666 -1.593243 1.849047
0.648452 -1.595164 1.560973
0.645093 -1.613610 1.467960
0.592309 -1.573030 1.500229
0.627734 -1.555168 1.958653
0.661563 -1.576397 1.829100
0.530134 -1.595063 1.850475
0.571583 -1.566547 1.957355
0.565122 -1.584786 1.838432
0.605683 -1.584134 1.838634
0.644476 -1.556963 1.947763
0.643987 -1.563059 1.929103
0.598425 -1.569008 1.880430
0.516981 -1.581068 1.969203
0.551390 -1.596837 1.845315
0.586507 -1.556391 1.947884
0.551704 -1.574820 1.496486
0.623310 -1.590793 1.828999
0.495571 -1.604530 1.855809
0.538843 -1.584564 1.968126
0.534984 -1.591808 1.455682
0.606186 -1.569448 1.925435
0.565915 -1.590841 1.835144
0.605531 -1.568588 1.944527
0.563605 -1.582505 1.887049
0.513959 -1.604034 1.844696
0.560042 -1.576593 1.533491
0.514158 -1.580978 1.496816
0.550433 -1.570291 1.950610
0.547349 -1.590826 1.433894
0.578362 -1.589789 1.814353
0.454084 -1.597668 1.845562
0.569602 -1.576608 1.922734
0.530302 -1.606595 1.839962
0.565890 -1.577450 1.938157
0.522487 -1.582507 1.880223
0.476434 -1.610190 1.845027
0.521964 -1.580968 1.530732
0.509111 -1.570478 1.940803
0.412156 -1.584005 1.830902
0.538034 -1.599677 1.810115
0.531621 -1.578233 1.913759
0.436273 -1.566770 1.811213
0.489278 -1.607651 1.832197
0.474376 -1.557498 1.849220
0.522163 -1.577216 1.924488
0.499294 -1.611136 1.809880
0.397575 -1.570997 1.813543
0.436807 -1.558761 1.846240
0.475312 -1.563940 1.898169
0.391358 -1.588175 1.815142
0.401888 -1.586265 1.797508
0.400567 -1.565630 1.848550
0.408090 -1.592543 1.772655
1.282499 -1.585098 0.885388
1.224706 -1.591370 0.887475
1.204015 -1.581245 1.058679
1.264184 -1.575284 0.938843
1.159704 -1.586870 0.884497
1.186167 -1.568065 1.223259
1.155997 -1.593286 1.059094
1.237161 -1.580967 1.063549
1.207744 -1.579556 0.937573
1.100674 -1.586415 0.884179
1.134752 -1.577570 1.223864
1.102089 -1.595265 1.056374
1.145906 -1.585660 1.401943
1.182346 -1.585202 1.059078
1.155145 -1.587154 0.939178
1.244745 -1.573885 0.990044
1.051937 -1.597330 0.888650
1.081942 -1.585323 1.223504
1.170759 -1.568795 1.280232
1.050147 -1.596979 1.053416
1.089637 -1.583298 1.393100
1.131392 -1.592756 1.057467
1.096865 -1.586727 0.936769
1.207426 -1.581254 1.060548
1.192766 -1.580515 0.989475
0.999992 -1.601772 0.890965
1.115398 -1.570157 1.274604
1.023885 -1.582030 1.217834
1.057430 -1.558872 1.578657
1.003596 -1.604760 1.054365
1.040870 -1.587716 1.387978
1.123433 -1.577680 1.401501
1.078655 -1.596658 1.053760
1.156257 -1.588962 1.056950
1.047071 -1.592945 0.937961
1.139110 -1.583417 0.987802
0.944987 -1.600724 0.891190
1.234830 -1.569125 1.040000
1.241158 -1.579433 1.055242
1.061423 -1.573288 1.269977
0.971218 -1.584806 1.216073
0.949685 -1.600780 1.050193
1.007209 -1.565394 1.575901
0.991811 -1.590169 1.382743
1.073616 -1.583373 1.394577
1.027588 -1.598320 1.049691
1.103558 -1.593930 1.052309
1.090485 -1.591548 0.987994
0.998516 -1.599945 0.940089
1.183620 -1.575779 1.037328
0.897525 -1.607520 0.894201
1.186680 -1.586720 1.049965
1.013636 -1.580303 1.270001
0.922157 -1.589989 1.216114
0.906339 -1.609077 1.051836
0.940671 -1.586994 1.375292
1.093322 -1.566273 1.323919
1.023358 -1.586115 1.387478
0.955056 -1.567278 1.570990
0.978311 -1.603650 1.047736
0.980179 -1.573314 1.749300
1.101882 -1.576686 1.400498
1.046118 -1.589676 1.044463
1.039053 -1.595103 0.987145
0.945368 -1.598709 0.939075
1.133207 -1.580255 1.035409
0.847109 -1.608752 0.896113
1.135406 -1.594515 1.045379
0.966693 -1.550618 1.944968
0.961187 -1.580217 1.264961
0.858400 -1.609136 1.050339
0.896965 -1.594461 1.374897
1.047834 -1.576051 1.322883
0.868501 -1.586936 1.213016
0.975831 -1.591326 1.383296
0.935453 -1.577132 1.744695
0.927788 -1.602231 1.043378
0.907018 -1.573395 1.569983
1.052106 -1.583452 1.392648
1.014144 -1.569222 1.765865
1.137609 -1.564239 1.381983
1.002164 -1.602205 1.044479
0.987908 -1.594658 0.984945
0.898889 -1.605376 0.941963
1.140559 -1.580705 1.404157
1.083523 -1.583689 1.032323
1.078152 -1.592315 1.036658
0.801978 -1.616127 0.900934
0.916654 -1.553228 1.939882
0.909024 -1.576129 1.258573
0.850668 -1.594475 1.370182
0.811847 -1.610964 1.049837
1.000413 -1.581190 1.319689
0.824942 -1.598122 1.217956
0.923240 -1.587536 1.372939
0.887744 -1.577582 1.736138
0.881675 -1.607016 1.043049
0.966365 -1.570803 1.755374
1.000357 -1.584517 1.383574
0.855408 -1.572198 1.564784
1.088989 -1.569661 1.376917
0.952379 -1.605722 1.040424
0.939681 -1.598728 0.984794
1.027087 -1.561719 1.703814
0.851714 -1.608178 0.943623
1.029498 -1.579800 1.027145
1.084046 -1.580716 1.390483
1.023669 -1.593644 1.029928
0.958916 -1.544488 2.014682
0.873459 -1.562532 1.941602
0.809037 -1.601606 1.370540
0.864846 -1.585566 1.260413
0.769047 -1.616185 1.051193
0.950077 -1.581828 1.314465
0.879025 -1.593188 1.370443
0.846839 -1.583664 1.735318
0.777663 -1.601009 1.218641
0.837972 -1.614492 1.042658
0.920846 -1.576816 1.750026
0.949041 -1.582568 1.373210
1.033768 -1.563338 1.364622
0.997570 -1.569167 1.771439
0.808060 -1.576221 1.563548
0.973808 -1.557320 1.688437
0.902004 -1.605302 1.036133
0.891012 -1.599846 0.984468
0.987725 -1.591915 1.028900
0.806074 -1.613737 0.946339
1.034165 -1.587569 1.381645
0.973775 -1.597242 1.024878
0.913248 -1.549519 2.009281
0.763537 -1.599449 1.366585
0.821465 -1.592825 1.263004
0.819957 -1.555036 1.928062
0.901961 -1.583109 1.310052
0.803059 -1.586304 1.731538
0.829891 -1.590824 1.361835
0.875652 -1.579886 1.742395
0.794485 -1.621828 1.044255
0.989335 -1.569137 1.360129
0.729835 -1.601017 1.218161
0.900899 -1.586047 1.365946
0.948743 -1.572031 1.759154
0.929484 -1.563050 1.684948
0.761401 -1.578140 1.562073
0.845843 -1.603444 0.984951
0.856808 -1.611096 1.033760
0.939822 -1.593047 1.026459
0.980817 -1.587035 1.369602
1.030124 -1.570917 1.777625
1.020376 -1.560255 1.759735
0.929572 -1.608878 1.023852
0.865539 -1.549984 2.000735
0.721506 -1.604695 1.365843
0.854129 -1.580389 1.304290
0.777979 -1.600167 1.264608
0.767441 -1.601260 1.738884
0.774172 -1.556897 1.925474
0.788154 -1.598040 1.361205
0.832207 -1.585563 1.737801
0.747855 -1.618826 1.040363
0.945011 -1.574867 1.356634
0.858515 -1.596430 1.364623
0.688609 -1.612792 1.224908
0.902755 -1.577290 1.750774
0.885055 -1.568862 1.680474
0.802060 -1.608810 0.986428
0.808655 -1.611327 1.030289
0.715833 -1.579856 1.561471
0.893306 -1.595948 1.025016
0.972086 -1.560027 1.747140
0.929218 -1.589107 1.360602
0.976240 -1.570762 1.760633
0.681655 -1.609524 1.366837
0.877853 -1.607770 1.017648
0.822053 -1.554605 1.997079
0.911158 -1.554164 2.088271
0.713703 -1.579231 1.715161
0.809876 -1.584995 1.302736
0.732262 -1.600895 1.263939
0.746164 -1.604350 1.359528
0.736697 -1.574790 1.939331
0.787703 -1.586536 1.729938
0.899155 -1.577857 1.352096
0.806248 -1.589718 1.352001
0.758862 -1.574391 1.613195
0.856366 -1.580657 1.741289
0.841058 -1.571657 1.674708
0.757431 -1.609325 0.986617
0.849011 -1.599491 1.024383
0.765938 -1.618685 1.029784
0.672269 -1.585092 1.564956
0.926123 -1.560368 1.736347
0.879477 -1.590986 1.350370
0.929102 -1.577372 1.749451
0.641809 -1.614360 1.367824
0.861342 -1.548478 2.069378
0.831276 -1.611817 1.014280
0.774672 -1.552137 1.986249
0.671703 -1.579570 1.712011
0.769741 -1.593835 1.305068
0.707160 -1.614045 1.361798
0.689061 -1.604246 1.264185
0.856608 -1.581284 1.349222
0.746948 -1.593635 1.729177
0.690616 -1.574701 1.936620
0.765933 -1.599774 1.351417
0.811315 -1.584742 1.733715
0.795629 -1.571647 1.668879
0.712050 -1.572623 1.606392
0.806350 -1.605725 1.025782
0.883688 -1.566990 1.730678
0.634422 -1.602171 1.576758
0.830515 -1.590704 1.340876
0.881532 -1.582112 1.737167
0.604090 -1.623716 1.372956
0.818346 -1.552227 2.062558
0.634453 -1.586964 1.714918
0.730977 -1.554745 1.983471
0.784930 -1.616798 1.011976
0.727647 -1.598047 1.305251
0.662917 -1.613763 1.357847
0.814741 -1.588600 1.347592
0.702127 -1.592665 1.721199
0.633462 -1.547430 1.907856
0.724325 -1.608010 1.350848
0.767487 -1.589617 1.727080
0.751719 -1.574399 1.664111
0.671853 -1.580431 1.609674
0.765642 -1.611694 1.026943
0.840289 -1.568836 1.722739
0.587837 -1.598080 1.574816
0.785233 -1.597676 1.336590
0.831300 -1.583263 1.723906
0.773199 -1.551482 2.051603
0.598227 -1.598016 1.722031
0.689905 -1.559895 1.982610
0.687492 -1.606912 1.307595
0.773415 -1.592824 1.345662
0.621956 -1.618835 1.357973
0.658395 -1.591489 1.714094
0.598509 -1.565779 1.925489
0.679139 -1.608931 1.346088
0.704448 -1.566959 1.651876
0.717674 -1.581765 1.711066
0.630123 -1.585497 1.611915
0.799877 -1.574061 1.718761
0.742024 -1.604303 1.333050
0.557725 -1.595149 1.718468
0.730891 -1.553131 2.044550
0.786275 -1.588429 1.715412
0.638525 -1.592482 1.298047
0.731941 -1.596066 1.343676
0.645297 -1.558790 1.976630
0.615902 -1.591093 1.707920
0.664615 -1.572884 1.651941
0.638219 -1.615067 1.345283
0.675920 -1.586301 1.705184
0.556699 -1.568737 1.929605
0.759211 -1.578379 1.713737
0.591785 -1.595843 1.619220
0.493230 -1.575651 1.558916
0.522484 -1.606074 1.725458
0.687669 -1.551059 2.034290
0.700863 -1.615510 1.332662
0.739609 -1.590928 1.704885
0.691854 -1.601076 1.342682
0.605640 -1.563517 1.979617
0.575265 -1.593229 1.705770
0.628282 -1.584015 1.658063
0.718654 -1.582628 1.709708
0.632080 -1.585209 1.697093
0.514633 -1.570788 1.932673
0.642442 -1.545482 2.019958
0.654184 -1.614756 1.325929
0.653922 -1.610590 1.345830
0.692137 -1.589635 1.692143
0.564853 -1.564673 1.977414
0.540065 -1.605217 1.711826
0.671341 -1.571413 1.693150
0.585747 -1.582566 1.652827
0.591202 -1.592422 1.695364
0.475919 -1.577059 1.941736
0.607347 -1.557397 2.027010
0.600968 -1.584224 1.325727
0.645606 -1.587149 1.680216
0.525198 -1.569413 1.980407
0.635265 -1.580733 1.695062
0.549673 -1.594622 1.660003
0.548198 -1.590216 1.687099
0.567840 -1.560394 2.024800
0.600718 -1.587343 1.670331
0.487400 -1.576685 1.987419
0.595395 -1.582887 1.690803
0.530446 -1.566836 2.027660
0.562804 -1.602866 1.674959
0.557639 -1.588484 1.691616
0.491517 -1.567806 2.024221
0.519521 -1.593249 1.690390
1.235840 -1.568333 0.942522
1.230667 -1.559827 0.978536
1.177346 -1.572842 0.945983
1.291262 -1.555845 0.925353
1.169677 -1.558744 0.982668
1.177956 -1.551190 1.193291
1.181829 -1.565051 1.160002
1.117691 -1.573633 0.948149
1.232101 -1.560324 0.931880
1.117697 -1.567632 0.986933
1.231548 -1.564131 0.952560
1.121873 -1.554165 1.194316
1.124514 -1.568583 1.158180
1.074814 -1.581229 0.852281
1.067532 -1.582127 0.951181
1.066134 -1.574361 0.990932
1.170907 -1.561237 0.938246
1.174567 -1.570322 0.956026
1.067798 -1.556540 1.196090
1.114973 -1.564476 1.443787
1.064714 -1.566537 1.157038
1.094301 -1.537665 1.462265
1.177995 -1.557118 1.148349
1.024672 -1.592487 0.832360
1.019815 -1.582644 0.857083
1.169370 -1.568659 1.178771
1.012251 -1.583834 0.953013
1.012264 -1.576567 0.994694
1.111261 -1.560793 0.943307
1.237383 -1.562291 0.878962
1.115101 -1.570934 0.960170
1.234120 -1.562930 0.952145
1.059014 -1.566830 1.438682
1.014008 -1.559882 1.197947
1.042119 -1.540769 1.460897
1.014279 -1.575321 1.157107
1.117514 -1.555039 1.150291
0.967368 -1.589381 0.836925
1.145608 -1.536430 1.420376
1.229531 -1.544482 1.091149
0.965506 -1.582855 0.861694
1.113566 -1.572618 1.179869
0.962245 -1.589221 0.955712
0.960307 -1.578273 0.998214
1.063981 -1.574494 0.949629
1.176558 -1.564089 0.886387
1.066134 -1.583176 0.964488
1.214211 -1.559268 1.186288
1.177056 -1.567986 0.957514
0.966622 -1.567708 1.199628
0.994806 -1.549723 1.460668
1.004930 -1.571714 1.434672
0.961264 -1.578627 1.156865
1.028411 -1.587440 0.825277
1.063133 -1.559509 1.153327
1.029618 -1.588654 0.832359
0.915518 -1.591011 0.841442
1.092157 -1.541872 1.420387
0.918967 -1.592338 0.866499
1.173962 -1.551182 1.096543
1.058358 -1.575476 1.179786
1.005085 -1.528827 1.784913
1.092570 -1.565541 1.463309
0.913125 -1.585929 1.001882
0.909528 -1.592256 0.958448
1.009077 -1.575821 0.955421
1.117743 -1.565287 0.894563
1.010495 -1.582789 0.968150
1.008833 -1.558752 1.773561
1.156223 -1.562793 1.187552
0.914885 -1.567434 1.200902
1.122051 -1.576625 0.963066
0.944639 -1.552238 1.460055
0.952213 -1.574186 1.430272
0.913524 -1.585612 1.157488
1.012257 -1.565040 1.157134
0.973339 -1.587729 0.831990
0.974451 -1.589043 0.838081
0.868076 -1.597733 0.845041
1.037802 -1.544553 1.419193
0.873935 -1.603492 0.871332
1.122902 -1.562870 1.102019
1.235875 -1.566078 0.951377
1.005977 -1.580607 1.180673
0.958204 -1.533823 1.780183
1.039801 -1.571041 1.460231
1.229897 -1.552098 1.035400
0.864985 -1.602392 0.961102
0.864003 -1.589918 1.006377
1.051748 -1.524469 1.746178
0.957217 -1.577451 0.959929
1.067839 -1.576548 0.901902
0.957864 -1.585732 0.971867
0.960647 -1.570362 1.768657
1.100697 -1.567733 1.188724
0.869513 -1.574670 1.203335
0.894698 -1.552794 1.457193
1.071136 -1.585212 0.968200
0.899779 -1.577628 1.425952
0.864295 -1.590949 1.158095
0.961024 -1.569723 1.159884
1.038965 -1.586421 0.822020
0.922498 -1.592051 0.838705
0.988818 -1.550812 1.419858
0.925288 -1.596082 0.843903
1.126891 -1.560686 1.476419
1.067487 -1.566463 1.107083
1.089339 -1.535367 1.371420
1.176002 -1.567642 0.958675
0.909562 -1.536210 1.775362
0.949423 -1.578698 1.180236
0.985948 -1.572723 1.456865
1.002103 -1.530140 1.742806
1.199191 -1.558087 1.193848
0.814866 -1.603725 0.963401
0.821331 -1.602578 1.010123
1.174667 -1.562710 1.043197
0.912546 -1.589460 0.965822
1.011626 -1.576041 0.909646
0.911234 -1.595325 0.975682
0.908873 -1.573820 1.761241
1.049594 -1.576503 1.191882
0.823603 -1.580002 1.205625
0.847948 -1.556481 1.456363
1.017055 -1.589432 0.974211
0.851583 -1.583848 1.424529
0.816027 -1.596041 1.158583
0.914209 -1.578239 1.164616
0.879336 -1.605740 0.844625
0.938072 -1.554464 1.420432
0.878308 -1.603577 0.849554
0.984534 -1.588544 0.829866
1.076352 -1.569574 1.475488
1.044320 -1.550654 1.375665
1.010893 -1.566339 1.110867
0.866983 -1.546920 1.775859
0.985000 -1.559273 1.791152
0.901508 -1.584645 1.181776
1.116322 -1.570273 0.965066
0.935469 -1.578593 1.454616
0.953240 -1.534510 1.740232
1.058895 -1.523340 1.698779
1.144670 -1.565713 1.197215
0.759087 -1.579324 1.011068
0.754847 -1.585112 0.963599
1.106476 -1.554370 1.047262
0.862024 -1.591711 0.971283
0.963646 -1.586813 0.916750
0.862843 -1.602312 0.979406
0.854604 -1.572957 1.751607
0.802251 -1.559823 1.456404
0.781063 -1.589523 1.209029
0.998262 -1.581301 1.193634
0.962746 -1.589678 0.978816
0.801294 -1.583574 1.420615
0.865941 -1.582076 1.167993
0.772079 -1.605070 1.160058
0.889510 -1.558573 1.420835
0.935559 -1.595399 0.837666
1.019770 -1.568909 1.472141
1.065308 -1.582653 0.851327
0.961898 -1.574420 1.115768
0.992581 -1.557601 1.377692
0.822584 -1.552095 1.773938
0.936680 -1.566823 1.785830
0.855099 -1.592263 1.183344
1.069697 -1.585826 0.972528
0.904385 -1.538889 1.737664
0.883538 -1.579788 1.451013
1.007813 -1.530298 1.697710
0.716383 -1.587816 1.015395
0.714368 -1.598246 0.967178
1.089338 -1.570478 1.200367
1.089671 -1.543504 1.322791
0.805684 -1.581174 0.974976
1.055351 -1.564938 1.054653
0.910760 -1.587573 0.923293
0.818501 -1.612274 0.984046
0.760836 -1.570130 1.458766
0.810863 -1.587173 1.751590
0.734896 -1.593917 1.211256
0.945442 -1.584449 1.195370
0.912669 -1.593955 0.983426
0.755563 -1.591224 1.419098
0.818906 -1.586627 1.171324
0.716273 -1.591734 1.157356
1.103116 -1.560700 1.486017
0.846006 -1.568331 1.424357
1.013952 -1.556771 1.806059
0.889498 -1.605684 0.844528
0.973388 -1.580682 1.473126
1.009740 -1.583989 0.860207
0.913684 -1.581198 1.121466
0.938841 -1.557958 1.378217
0.772448 -1.546898 1.765448
0.885683 -1.568994 1.779205
0.993626 -1.591354 0.822216
0.806381 -1.595358 1.184674
1.012714 -1.586652 0.979479
0.857535 -1.542669 1.735840
0.834252 -1.582198 1.449295
0.670182 -1.588050 1.018200
0.959652 -1.539429 1.698600
1.039286 -1.578917 1.204390
0.666852 -1.597886 0.969045
1.037438 -1.551480 1.326990
0.760717 -1.588069 0.981382
1.005864 -1.574049 1.061726
0.866019 -1.598456 0.931098
0.758021 -1.591666 0.985078
0.716745 -1.575053 1.459827
0.677857 -1.572660 1.207846
0.762429 -1.590663 1.745868
0.894260 -1.586139 1.196788
0.865418 -1.600502 0.989004
0.773377 -1.592849 1.174684
1.054000 -1.570115 1.487018
0.967684 -1.566649 1.803801
0.795179 -1.564900 1.423191
0.710028 -1.598686 1.419567
0.669384 -1.594434 1.157462
0.920595 -1.582045 1.470631
0.955777 -1.586893 0.870111
0.727187 -1.546291 1.760989
0.891018 -1.563806 1.380748
0.863613 -1.585471 1.126082
0.837332 -1.572381 1.774464
0.762806 -1.605261 1.187213
0.938750 -1.591494 0.830908
0.815431 -1.554167 1.738397
0.962141 -1.591951 0.986259
0.783693 -1.580989 1.445306
0.626802 -1.590557 1.021969
0.910312 -1.544842 1.698209
0.983555 -1.578662 1.207060
0.713380 -1.587511 0.985222
0.987359 -1.562939 1.332361
0.953021 -1.578996 1.067694
0.675748 -1.583210 1.461924
0.807142 -1.585382 0.936794
0.710189 -1.593384 0.988201
0.637607 -1.582560 1.212076
0.847496 -1.591660 1.200188
0.715322 -1.594768 1.741089
0.932306 -1.512439 2.059446
0.818357 -1.608119 0.993671
0.716751 -1.575396 1.174652
0.917419 -1.570548 1.799298
0.997242 -1.568422 1.484586
0.753188 -1.576339 1.426744
0.664169 -1.602272 1.417640
0.624770 -1.597491 1.158386
0.867666 -1.579333 1.467721
0.686726 -1.556334 1.763232
0.903356 -1.588438 0.878707
0.839282 -1.563574 1.382035
0.818404 -1.595592 1.131847
0.792672 -1.583845 1.773246
0.708849 -1.594468 1.185602
0.768216 -1.557115 1.735529
0.890144 -1.599240 0.839787
0.909148 -1.592835 0.991819
0.740683 -1.589764 1.446667
0.861274 -1.548202 1.696570
0.933543 -1.584099 1.209769
0.670767 -1.595937 0.990553
0.625314 -1.571669 1.456857
0.927239 -1.555840 1.331733
0.901616 -1.581432 1.074270
0.757520 -1.583237 0.942719
0.666112 -1.597121 0.992174
0.596158 -1.588742 1.215035
0.803043 -1.601730 1.203849
0.883610 -1.517876 2.055973
0.664418 -1.590925 1.731830
0.758859 -1.590214 0.996909
0.869960 -1.576728 1.795774
0.954129 -1.583243 1.488603
0.706763 -1.576757 1.427573
0.673391 -1.582092 1.177856
0.992521 -1.564206 1.818243
0.577586 -1.592040 1.157674
0.621347 -1.612130 1.418096
0.822095 -1.586807 1.468187
0.648055 -1.565985 1.764247
0.857194 -1.597595 0.887491
0.796147 -1.574227 1.386629
0.771281 -1.599025 1.137091
0.746959 -1.588466 1.770393
0.659758 -1.589526 1.185120
0.718085 -1.550698 1.729941
0.863754 -1.601926 0.998486
0.695174 -1.594221 1.445802
0.881894 -1.583806 1.212029
0.811699 -1.549660 1.694781
0.623379 -1.591215 0.994976
0.581396 -1.570469 1.456251
0.880420 -1.564393 1.336470
0.552345 -1.587470 1.215423
0.712003 -1.588255 0.948984
0.851630 -1.585641 1.079878
0.758054 -1.609897 1.207358
0.830402 -1.513654 2.045866
0.618356 -1.594705 1.727927
0.823012 -1.580646 1.792963
0.901180 -1.580556 1.485686
0.712879 -1.594472 1.001119
0.667682 -1.590387 1.433085
0.631730 -1.590256 1.183057
0.941966 -1.567173 1.813663
0.603844 -1.565058 1.760666
0.773852 -1.588900 1.467340
0.567107 -1.595675 1.409868
0.937045 -1.517030 2.013007
0.710450 -1.574556 1.135723
0.749012 -1.578900 1.388979
0.698013 -1.587050 1.763194
0.677984 -1.561623 1.733251
0.615773 -1.594421 1.187182
0.819962 -1.612585 1.006173
0.652178 -1.603023 1.447163
0.836038 -1.592126 1.216645
0.765684 -1.555102 1.696087
0.539894 -1.573714 1.456879
0.669035 -1.594583 0.956140
0.829600 -1.566967 1.338962
0.700307 -1.589907 1.204131
0.805662 -1.595847 1.087744
0.785778 -1.520818 2.046203
0.572668 -1.599355 1.725092
0.775705 -1.583718 1.789093
0.851700 -1.581952 1.484879
0.666854 -1.594550 1.005901
0.896019 -1.573766 1.813046
0.609467 -1.563652 1.424162
0.585653 -1.587389 1.185524
0.567942 -1.581792 1.768204
0.728433 -1.593265 1.467460
0.522155 -1.594855 1.408402
0.885908 -1.521090 2.009625
0.667931 -1.582885 1.142037
0.707852 -1.591991 1.395657
0.650758 -1.587105 1.758002
0.635787 -1.566054 1.734068
0.574882 -1.602547 1.190280
0.599517 -1.588138 1.439936
0.756641 -1.588514 1.009124
0.790591 -1.598286 1.220991
0.719984 -1.558485 1.696134
0.499440 -1.576613 1.458375
0.654272 -1.591232 1.206018
0.782892 -1.575439 1.344700
0.744021 -1.574487 1.089805
0.742479 -1.528594 2.047482
0.728165 -1.582815 1.783816
0.533951 -1.615107 1.728773
0.845609 -1.573625 1.808129
0.804464 -1.586729 1.486229
0.567380 -1.568022 1.425977
0.620742 -1.594739 1.009699
0.685837 -1.599901 1.468543
0.806992 -1.554433 1.655384
0.830986 -1.517205 2.001745
0.620625 -1.579329 1.144549
0.652737 -1.574454 1.391418
0.607701 -1.592963 1.757038
0.596375 -1.575787 1.737183
0.555748 -1.591057 1.439748
0.708984 -1.590073 1.014225
0.747569 -1.608886 1.226579
0.674660 -1.562735 1.697250
0.611881 -1.597702 1.209090
0.739592 -1.585069 1.350215
0.700003 -1.581171 1.096092
0.683508 -1.587111 1.781833
0.802589 -1.582397 1.809474
0.758861 -1.590046 1.487259
0.527626 -1.575675 1.430933
0.642024 -1.605847 1.469683
0.757890 -1.556683 1.655653
0.578247 -1.584546 1.150524
0.785202 -1.526615 2.004462
0.564924 -1.599791 1.756150
0.551409 -1.574947 1.735710
0.510156 -1.588438 1.437143
0.666747 -1.599391 1.020612
0.685077 -1.579958 1.221863
0.633167 -1.571929 1.701531
0.565438 -1.594000 1.210491
0.755045 -1.581509 1.804191
0.640542 -1.592875 1.781855
0.655992 -1.587865 1.102384
0.713266 -1.593373 1.488294
0.696266 -1.597739 1.357072
0.487543 -1.579451 1.433491
0.590677 -1.591586 1.463388
0.713541 -1.566646 1.660305
0.523469 -1.607233 1.756202
0.562120 -1.574568 1.395797
0.737223 -1.529637 2.003692
0.623820 -1.602712 1.026432
0.643052 -1.587292 1.225997
0.591038 -1.579319 1.704678
0.708646 -1.580172 1.800767
0.597523 -1.595722 1.779552
0.671411 -1.601742 1.491507
0.610435 -1.588720 1.109225
0.548595 -1.595979 1.465201
0.664581 -1.565788 1.660236
0.518125 -1.572260 1.397098
0.700400 -1.551297 2.017917
0.602351 -1.595236 1.231072
0.661885 -1.577988 1.796284
0.556895 -1.604781 1.782720
0.629321 -1.606134 1.493310
0.590292 -1.571451 1.355144
0.504046 -1.593020 1.463456
0.619729 -1.570830 1.663410
0.647263 -1.542857 2.009387
0.560189 -1.598501 1.234790
0.625996 -1.594746 1.803823
0.515538 -1.612138 1.783761
0.577789 -1.590838 1.487926
0.548463 -1.578591 1.361267
0.571217 -1.564792 1.661739
0.601974 -1.544086 2.009168
0.583810 -1.599225 1.804638
0.465425 -1.590857 1.769528
0.534519 -1.591519 1.488452
0.504532 -1.579238 1.364894
0.559080 -1.551524 2.014421
0.542029 -1.601542 1.805181
0.422280 -1.589658 1.766818
0.492572 -1.592809 1.489918
0.518150 -1.561387 2.021752
0.505973 -1.617273 1.813639
0.457537 -1.597473 1.801400
0.414552 -1.590129 1.797002
1.259009 -1.562788 0.996608
1.258527 -1.581093 0.920081
1.260766 -1.571322 1.021880
1.245164 -1.577591 0.914744
1.265463 -1.567611 0.956508
1.263455 -1.576034 0.910206
1.255117 -1.579075 0.886040
1.203884 -1.572066 1.001773
1.195533 -1.582448 0.924908
1.205557 -1.580729 1.026055
1.186901 -1.583703 0.919773
1.214059 -1.561674 1.168596
1.278488 -1.577123 0.890060
1.275572 -1.571053 0.907747
1.205141 -1.570013 0.963251
1.205591 -1.582969 0.916314
1.194889 -1.581354 0.893771
1.143067 -1.570660 1.006037
1.135366 -1.582926 0.929362
1.213507 -1.566100 1.124002
1.207325 -1.581158 1.035407
1.148682 -1.585570 1.028761
1.125861 -1.581233 0.924929
1.176768 -1.578270 1.221721
1.161976 -1.571144 1.172493
1.219853 -1.584113 0.898265
1.211649 -1.571283 0.916547
1.265061 -1.563403 1.007304
1.212607 -1.566148 1.071725
1.150818 -1.577827 0.970166
1.210358 -1.576988 1.033864
1.146227 -1.585090 0.922930
1.137508 -1.585876 0.901538
1.085734 -1.573381 1.010528
1.078662 -1.584408 0.933632
1.157104 -1.571644 1.128776
1.152429 -1.588412 1.039258
1.087074 -1.582551 1.030852
1.071457 -1.586060 0.930446
1.099946 -1.567308 1.173502
1.120973 -1.584022 1.222417
1.130696 -1.556229 1.406227
1.157820 -1.583763 0.906814
1.154662 -1.576626 0.925395
1.166837 -1.580395 1.242463
1.148174 -1.562587 1.078039
1.204602 -1.567763 1.016327
1.093974 -1.581250 0.976723
1.086855 -1.584104 0.929133
1.158802 -1.590292 1.040233
1.213853 -1.579919 1.033304
1.079716 -1.586476 0.907808
1.038805 -1.585328 1.015293
1.029871 -1.596955 0.938643
1.101653 -1.576906 1.133422
1.095734 -1.593033 1.043931
1.038723 -1.594109 1.033667
1.049125 -1.574330 1.176954
1.019495 -1.592315 0.934913
1.122993 -1.557636 1.362876
1.071532 -1.552830 1.403993
1.067940 -1.592145 1.222160
1.170975 -1.590431 0.889675
1.155012 -1.579174 0.875443
1.161411 -1.580966 1.253433
1.098931 -1.583475 0.915085
1.112702 -1.587623 1.244209
1.098224 -1.580873 0.933032
1.091645 -1.588623 0.876925
1.087217 -1.585026 1.495916
1.103951 -1.581820 1.085539
1.144371 -1.570085 1.024044
1.045022 -1.592611 0.983611
1.039723 -1.598118 0.935195
1.094605 -1.584694 1.045239
1.157415 -1.587292 1.041345
1.026419 -1.590771 0.915176
1.167232 -1.557316 1.257263
0.987768 -1.591290 1.019639
0.978123 -1.601161 0.941808
1.047438 -1.579698 1.137632
1.041767 -1.596894 1.047245
0.997262 -1.578664 1.179132
0.982153 -1.593690 1.035642
1.064543 -1.556005 1.361818
1.026363 -1.567444 1.407930
0.967213 -1.597641 0.939284
1.014969 -1.597030 1.222481
1.115650 -1.597258 0.899571
1.107984 -1.589962 1.256355
1.100412 -1.587762 0.886518
1.053732 -1.587116 1.244353
1.053145 -1.601133 0.922516
1.048169 -1.591346 0.941924
1.037806 -1.594047 0.885491
1.154523 -1.586125 1.265220
1.031683 -1.590083 1.492429
1.028991 -1.548397 1.697800
1.046361 -1.583520 1.090907
0.987198 -1.590123 0.989466
0.985696 -1.600682 0.941373
1.088303 -1.575173 1.032757
1.047118 -1.597783 1.051199
1.104652 -1.596742 1.048308
1.070339 -1.569852 1.318833
0.972403 -1.593345 0.921348
1.067676 -1.585871 1.519348
0.940608 -1.602217 1.025280
1.111852 -1.565617 1.263289
0.926144 -1.604335 0.945852
0.994805 -1.584110 1.141893
1.107273 -1.583505 1.537037
0.987571 -1.599723 1.051438
0.946745 -1.583548 1.182255
0.974529 -1.570005 1.406815
0.935764 -1.604571 1.039182
1.020183 -1.572280 1.367908
0.916893 -1.602276 0.944383
0.961687 -1.601008 1.222692
1.055343 -1.595179 0.909735
1.049395 -1.601690 0.853408
1.046880 -1.585890 1.257216
1.046094 -1.591076 0.896858
1.006290 -1.598419 1.247026
0.999526 -1.604528 0.929767
0.992652 -1.592216 0.949014
1.075151 -1.549701 1.612413
0.983956 -1.596376 0.893637
1.096748 -1.588096 1.268597
0.978360 -1.595512 1.488778
0.980834 -1.556145 1.696018
0.993259 -1.585805 1.096951
0.938764 -1.597290 0.994723
0.938228 -1.610675 0.946914
0.993962 -1.603321 1.056661
1.011046 -1.582866 1.826407
1.037542 -1.587047 1.040862
1.045023 -1.594749 1.055381
1.018239 -1.576284 1.322292
0.925341 -1.604156 0.927972
1.015467 -1.593877 1.517957
0.887351 -1.601637 1.028940
1.053443 -1.565711 1.266477
0.878901 -1.612278 0.950091
0.945015 -1.590765 1.146189
1.051902 -1.588342 1.535511
0.939050 -1.607020 1.055705
0.924127 -1.572972 1.407645
0.896239 -1.588450 1.185373
0.886771 -1.611182 1.041376
0.965605 -1.572502 1.367737
0.869653 -1.610221 0.948622
0.908396 -1.601876 1.222491
1.004105 -1.601801 0.919216
1.004036 -1.603890 1.262375
0.993280 -1.602369 0.864569
0.952051 -1.599587 1.246946
0.989810 -1.592007 0.906042
0.947495 -1.609525 0.937081
0.941957 -1.597729 0.957290
0.934524 -1.602531 0.901884
1.018176 -1.549833 1.610414
1.067689 -1.553621 1.564322
1.083383 -1.581607 1.549383
1.043395 -1.593892 1.272078
0.926069 -1.600533 1.485988
0.931410 -1.560140 1.693852
0.891999 -1.605931 1.001031
0.942703 -1.592517 1.103343
0.884824 -1.608913 0.952451
0.942371 -1.607334 1.061778
0.958384 -1.588394 1.819662
0.985892 -1.592862 1.049258
0.991630 -1.599232 1.061731
0.960679 -1.573096 1.323959
0.876051 -1.608389 0.933928
0.956037 -1.587803 1.512324
0.838829 -1.605827 1.032797
0.830711 -1.617410 0.954041
0.999538 -1.569506 1.270757
0.895533 -1.595251 1.150168
1.002292 -1.597520 1.535047
0.875228 -1.577665 1.407548
0.886667 -1.609407 1.058654
0.849510 -1.595293 1.188402
0.915611 -1.576298 1.369644
0.835017 -1.612332 1.044109
0.816396 -1.606534 0.951870
0.857947 -1.604987 1.222325
0.992418 -1.586589 1.850104
0.945448 -1.598009 1.262765
0.950982 -1.605914 0.928530
0.938646 -1.601648 0.874397
0.902714 -1.605271 1.249040
0.943636 -1.604339 0.915815
0.897027 -1.612995 0.944049
0.895918 -1.608135 0.964773
0.886597 -1.610412 0.909205
0.969444 -1.560525 1.613107
1.033612 -1.589595 1.550799
1.013205 -1.559985 1.565946
0.925924 -1.537185 2.039596
0.991392 -1.600221 1.276515
0.969153 -1.536591 2.005596
0.874705 -1.602143 1.482665
0.882532 -1.563033 1.690475
0.840092 -1.605894 1.005643
0.892135 -1.596119 1.109323
0.840127 -1.621291 0.957031
0.893622 -1.613588 1.066929
0.908112 -1.597157 1.815144
0.912051 -1.580544 1.327230
0.935426 -1.599462 1.056631
0.940843 -1.604890 1.069010
0.827945 -1.613407 0.938862
0.910938 -1.600684 1.512950
0.791893 -1.611617 1.036714
0.776504 -1.610910 0.957002
0.946820 -1.596263 1.531708
0.826719 -1.580063 1.408123
0.846463 -1.600571 1.155224
0.950242 -1.580001 1.277522
0.805942 -1.605321 1.191558
0.838464 -1.614553 1.062598
0.867285 -1.581569 1.372602
0.792107 -1.624246 1.047452
0.761931 -1.595840 0.955320
0.809805 -1.611458 1.223397
0.967665 -1.533237 1.957957
0.938082 -1.587549 1.841889
0.896111 -1.603705 1.264854
0.899660 -1.609570 0.936605
0.889392 -1.607578 0.884611
0.852986 -1.610156 1.250045
0.850040 -1.620591 0.951241
0.890182 -1.604403 0.924622
0.846393 -1.611322 0.971614
0.835267 -1.610948 0.916873
0.921341 -1.569993 1.615577
0.983531 -1.596657 1.552115
0.969990 -1.586388 1.862440
0.879762 -1.542443 2.035267
0.919535 -1.540863 2.001445
0.941512 -1.607034 1.279807
0.960288 -1.564824 1.567225
0.835723 -1.568217 1.689232
0.822734 -1.605014 1.479552
0.876875 -1.573412 1.657180
0.786359 -1.600094 1.010672
0.847264 -1.607316 1.115781
0.782988 -1.608128 0.962414
0.844564 -1.618918 1.071979
0.858788 -1.605637 1.810497
0.773025 -1.603714 0.944501
0.862912 -1.608356 1.512136
0.892497 -1.611974 1.075238
0.860981 -1.583474 1.331133
0.883773 -1.602186 1.064609
0.734809 -1.596650 1.038822
0.782707 -1.586161 1.409786
0.729246 -1.612647 0.960413
0.899910 -1.606508 1.533154
0.799512 -1.606374 1.159136
0.760169 -1.611897 1.194453
0.824334 -1.593492 1.375943
0.791846 -1.621299 1.066603
0.898553 -1.584172 1.281641
0.735179 -1.610476 1.047675
0.716035 -1.601223 0.960098
0.764504 -1.620172 1.224502
0.917917 -1.539451 1.956091
0.964817 -1.537495 1.912518
0.891211 -1.599121 1.840463
0.848763 -1.611818 1.268087
0.849662 -1.610631 0.945229
0.805542 -1.615272 1.251882
0.829444 -1.593879 0.894216
0.790468 -1.606029 0.957664
0.846540 -1.618053 0.934327
0.832806 -1.546082 2.028766
0.784604 -1.593292 0.977782
0.921836 -1.594190 1.860635
0.930441 -1.598636 1.551002
0.774503 -1.592492 0.923907
0.871166 -1.574075 1.615495
0.869927 -1.545151 1.997288
0.788500 -1.569471 1.686495
0.890125 -1.609028 1.283609
0.908401 -1.569254 1.569365
0.774304 -1.608758 1.477245
0.826601 -1.574499 1.655703
0.737681 -1.600004 1.015991
0.735194 -1.610992 0.967027
0.797250 -1.609835 1.120544
0.796132 -1.623021 1.076807
0.812659 -1.609448 1.510654
0.816224 -1.592754 1.335298
0.722142 -1.600157 0.949564
0.805419 -1.606331 1.802150
0.843922 -1.618007 1.082355
0.834241 -1.605392 1.071444
0.689762 -1.601871 1.042485
0.950279 -1.592106 1.880437
0.738726 -1.595404 1.411849
0.852987 -1.613641 1.534189
0.679463 -1.609989 0.963470
0.756443 -1.617120 1.164353
0.705421 -1.598482 1.194523
0.776003 -1.595668 1.378484
0.738250 -1.613587 1.069336
0.852406 -1.594742 1.288122
0.684665 -1.606060 1.049555
0.671936 -1.606145 0.963638
0.717934 -1.625133 1.225223
0.839573 -1.601148 1.834159
0.870558 -1.548898 1.956452
0.916302 -1.549297 1.914303
0.801401 -1.616820 1.270908
0.779783 -1.577249 0.952128
0.759387 -1.624176 1.254091
0.784902 -1.546909 2.021977
0.784454 -1.603901 0.902550
0.780858 -1.590540 0.942631
0.743075 -1.609715 0.963357
0.873291 -1.601192 1.857741
0.740761 -1.600960 0.984693
0.882574 -1.606072 1.552157
0.733203 -1.604571 0.931168
0.820042 -1.575348 1.615124
0.821884 -1.547911 1.992787
0.742006 -1.572501 1.684930
0.837385 -1.607395 1.286039
0.726924 -1.615222 1.476203
0.860079 -1.577685 1.572716
0.778529 -1.575943 1.654070
0.691759 -1.602280 1.020356
0.686426 -1.607915 0.970947
0.741191 -1.597595 1.123914
0.741655 -1.612365 1.080242
0.761294 -1.607980 1.506907
0.678527 -1.605778 0.955172
0.794931 -1.620112 1.087978
0.757835 -1.613052 1.799129
0.772197 -1.603811 1.340633
0.647554 -1.609333 1.046180
0.791045 -1.618076 1.078945
0.900450 -1.595342 1.877162
0.697026 -1.604877 1.414744
0.802014 -1.612988 1.531523
0.697645 -1.594468 1.164586
0.659300 -1.597889 1.196504
0.729576 -1.600387 1.381180
0.686453 -1.605412 1.070834
0.643096 -1.615410 1.053437
0.803011 -1.599163 1.293067
0.661030 -1.606456 1.221757
0.790221 -1.603405 1.828688
0.820088 -1.550259 1.952992
0.756583 -1.626250 1.274073
0.866198 -1.556408 1.915607
0.743820 -1.556461 2.021785
0.711938 -1.626197 1.255512
0.744833 -1.601924 0.960464
0.824333 -1.604265 1.853352
0.696388 -1.612048 0.969817
0.738382 -1.601862 0.950904
0.833437 -1.609756 1.552928
0.693430 -1.601409 0.990965
0.775909 -1.552961 1.990419
0.702088 -1.584634 1.686995
0.771522 -1.577795 1.615682
0.686840 -1.607848 0.937722
0.792322 -1.615754 1.290099
0.682146 -1.622859 1.476087
0.730867 -1.578220 1.653516
0.806850 -1.578509 1.573478
0.647823 -1.606973 1.025864
0.692484 -1.594405 1.128818
0.691617 -1.608661 1.084184
0.713892 -1.611330 1.505454
0.853947 -1.601508 1.875993
0.736740 -1.604294 1.092073
0.704682 -1.608590 1.789067
0.727858 -1.613944 1.345867
0.644131 -1.592333 1.410703
0.752388 -1.612867 1.529814
0.723433 -1.586379 1.082819
0.653208 -1.598473 1.168022
0.615103 -1.602968 1.199044
0.690284 -1.616219 1.386705
0.644883 -1.614772 1.074711
0.618028 -1.615435 1.223683
0.754963 -1.604117 1.298968
0.740558 -1.604737 1.823118
0.776362 -1.560470 1.955140
0.712471 -1.634327 1.278004
0.701488 -1.565390 2.021614
0.659243 -1.616535 1.253848
0.815599 -1.559718 1.914428
0.700762 -1.608550 0.968259
0.777123 -1.608686 1.851001
0.689275 -1.604475 0.920154
0.785462 -1.611094 1.552272
0.730961 -1.557600 1.988911
0.650643 -1.614096 0.976150
0.656227 -1.586452 1.685202
0.650538 -1.608810 0.997741
0.689964 -1.601430 0.959176
0.726965 -1.585057 1.618532
0.746627 -1.622246 1.293963
0.690904 -1.592176 1.658851
0.634442 -1.625286 1.474533
0.757884 -1.581963 1.576222
0.649495 -1.601937 1.134604
0.648233 -1.615377 1.088886
0.805794 -1.606234 1.873762
0.671195 -1.624388 1.507874
0.599489 -1.593479 1.411751
0.691853 -1.609297 1.097698
0.665542 -1.585527 1.341600
0.659894 -1.619383 1.789347
0.705468 -1.616923 1.530426
0.682528 -1.599311 1.091149
0.611714 -1.607723 1.172883
0.573105 -1.608402 1.201428
0.629685 -1.587452 1.380219
0.699717 -1.620325 1.825696
0.573355 -1.619843 1.224143
0.715869 -1.622832 1.306872
0.655963 -1.566352 2.016636
0.727967 -1.564140 1.953805
0.656918 -1.619324 1.275891
0.611149 -1.613575 1.254666
0.728881 -1.610423 1.847374
0.657020 -1.616137 0.976141
0.737895 -1.613264 1.552694
0.762309 -1.558887 1.910916
0.685299 -1.560496 1.986221
0.614406 -1.592960 1.686689
0.649374 -1.612183 0.967192
0.681776 -1.590453 1.621188
0.702597 -1.630212 1.298876
0.643450 -1.589294 1.656582
0.579310 -1.607617 1.465965
0.712800 -1.590361 1.580270
0.607448 -1.609184 1.140262
0.759925 -1.611188 1.872365
0.625443 -1.626099 1.507059
0.556429 -1.596225 1.412860
0.646654 -1.613374 1.103222
0.621411 -1.590502 1.345120
0.662750 -1.626863 1.532436
0.611194 -1.620451 1.783642
0.639947 -1.607673 1.098012
0.586408 -1.592257 1.382627
0.615600 -1.574581 2.017197
0.649729 -1.617619 1.819615
0.651420 -1.590842 1.303331
0.681455 -1.567223 1.952221
0.607542 -1.612605 1.276328
0.566852 -1.615682 1.255800
0.681903 -1.612816 1.843713
0.693652 -1.618365 1.555221
0.641622 -1.565808 1.984674
0.572912 -1.600428 1.688264
0.721326 -1.574974 1.919643
0.637233 -1.597752 1.624025
0.650379 -1.621269 1.299272
0.604117 -1.602038 1.661687
0.538188 -1.619165 1.468033
0.671143 -1.604695 1.587815
0.712063 -1.610630 1.869408
0.516309 -1.604216 1.415393
0.570708 -1.609264 1.499566
0.604695 -1.620507 1.109863
0.617078 -1.628462 1.532604
0.578623 -1.596009 1.349595
0.565816 -1.624450 1.780040
0.545731 -1.598232 1.385963
0.570204 -1.570505 2.009519
0.602366 -1.619216 1.814865
0.566260 -1.619824 1.279877
0.639170 -1.577876 1.956297
0.605563 -1.593057 1.308661
0.634510 -1.611278 1.838560
0.653714 -1.632354 1.560538
0.597073 -1.568184 1.983827
0.668241 -1.568985 1.914417
0.587867 -1.589237 1.621184
0.600113 -1.611609 1.300411
0.549070 -1.579324 1.650423
0.494984 -1.625324 1.467554
0.669914 -1.619348 1.871192
0.623421 -1.605714 1.590107
0.527870 -1.613105 1.499767
0.557284 -1.597878 1.520730
0.537483 -1.602989 1.355117
0.524749 -1.639033 1.783486
0.504508 -1.605346 1.390493
0.530557 -1.580530 2.011241
0.558067 -1.622680 1.813110
0.595009 -1.581084 1.956525
0.593621 -1.620657 1.840308
0.563483 -1.600342 1.314302
0.605299 -1.626685 1.557966
0.557287 -1.580148 1.987835
0.625090 -1.579844 1.919590
0.557532 -1.615081 1.303571
0.619783 -1.610549 1.863296
0.564114 -1.578975 1.580698
0.485353 -1.617916 1.500049
0.520498 -1.615077 1.526160
0.496232 -1.597578 2.020473
0.515854 -1.631573 1.813884
0.550763 -1.627660 1.840896
0.552159 -1.589775 1.961380
0.549554 -1.603933 1.549769
0.517489 -1.589001 1.991430
0.579225 -1.583431 1.922027
0.579915 -1.619519 1.865901
0.520969 -1.583591 1.585056
0.480757 -1.623932 1.529751
0.423471 -1.613970 1.761747
0.468162 -1.621077 1.804534
0.507488 -1.630729 1.839993
0.477592 -1.594862 1.993627
0.509131 -1.595602 1.963848
0.509488 -1.611843 1.553267
0.534941 -1.588617 1.924523
0.537435 -1.624222 1.867163
0.478550 -1.589985 1.590583
0.420978 -1.614423 1.797652
0.457392 -1.613896 1.828006
0.468067 -1.616125 1.555393
0.498996 -1.633610 1.871705
0.491361 -1.592447 1.927786
0.437607 -1.594969 1.594779
0.416481 -1.617079 1.828921
0.452498 -1.625594 1.865590
0.408279 -1.617798 1.860312
1.276809 -1.594404 0.912349
1.275383 -1.596641 0.953380
1.263473 -1.594667 0.991579
1.232119 -1.596902 0.957704
1.247215 -1.584787 1.019751
1.217331 -1.600176 0.923834
1.218013 -1.589301 0.996175
1.227202 -1.599714 0.977794
1.235367 -1.597063 1.093347
1.226929 -1.592731 1.047748
1.211720 -1.597855 0.962475
1.216176 -1.600684 0.997100
1.221179 -1.587392 1.094099
1.225034 -1.594430 1.094855
1.225522 -1.598471 1.086313
1.198571 -1.593402 0.998371
1.221995 -1.587960 1.132668
1.205143 -1.599657 1.005917
1.176257 -1.606748 0.968508
1.196815 -1.599637 1.024800
1.157687 -1.602844 0.934871
1.163369 -1.599868 1.005981
1.168445 -1.605580 0.986197
1.183889 -1.610911 1.101370
1.168654 -1.597467 1.054932
1.158854 -1.607873 0.971049
1.171373 -1.586261 1.178748
1.182005 -1.611726 1.100652
1.183271 -1.582908 1.232121
1.158569 -1.607416 1.003516
1.166807 -1.597261 1.099723
1.171396 -1.606146 1.100698
1.170575 -1.607847 1.088864
1.164062 -1.591857 1.136658
1.145934 -1.604633 1.005080
1.151265 -1.608404 1.010322
1.118394 -1.608875 0.978316
1.139697 -1.605246 1.029998
1.099711 -1.607026 0.946009
1.116072 -1.614481 0.993554
1.101829 -1.598075 1.015486
1.123600 -1.613238 1.108350
1.107338 -1.596883 1.062571
1.100737 -1.612342 0.980212
1.125410 -1.586668 1.237102
1.118455 -1.609148 1.105121
1.116780 -1.594929 1.186240
1.146068 -1.598112 1.263676
1.100617 -1.607926 1.009034
1.108223 -1.599182 1.104484
1.128009 -1.583372 1.284133
1.140757 -1.601804 1.286921
1.119544 -1.617324 1.105310
1.110198 -1.608556 1.091553
1.109015 -1.597985 1.139749
1.088787 -1.606850 1.011805
1.095930 -1.613472 1.014291
1.065250 -1.617850 0.987772
1.081241 -1.605123 1.033433
1.120434 -1.572268 1.487798
1.112124 -1.583363 1.439362
1.042785 -1.608823 0.955700
1.059737 -1.618409 1.001487
1.047585 -1.604281 1.024616
1.062411 -1.610614 1.114663
1.057728 -1.610066 1.070357
1.044225 -1.613155 0.987696
1.072161 -1.594015 1.242267
1.063262 -1.613935 1.111067
1.056250 -1.594293 1.191787
1.089711 -1.601904 1.263476
1.080217 -1.606514 1.302320
1.043410 -1.610297 1.014774
1.075975 -1.591439 1.288298
1.080550 -1.585160 1.326571
1.057443 -1.609740 1.110953
1.056679 -1.611440 1.108223
1.083181 -1.604879 1.287722
1.069558 -1.604668 1.317024
1.048921 -1.604315 1.093576
1.052582 -1.600291 1.143391
1.036914 -1.614643 1.017946
1.031855 -1.606874 1.018206
1.011204 -1.621874 0.996561
1.028932 -1.612138 1.038478
1.066112 -1.580249 1.491111
1.091473 -1.599214 1.567024
1.054199 -1.587283 1.443359
0.998665 -1.627157 0.965863
1.004818 -1.620874 1.008083
1.084090 -1.575915 1.578396
0.998683 -1.615922 1.034147
1.072132 -1.577898 1.537006
1.010241 -1.617345 1.121683
1.002439 -1.611606 1.076843
1.074310 -1.601712 1.584900
0.986070 -1.612482 0.995087
1.010954 -1.620954 1.116112
1.018188 -1.599530 1.247216
1.006832 -1.605293 1.199233
1.032998 -1.604787 1.263171
1.018500 -1.601496 1.303249
0.994420 -1.620319 1.020014
1.025171 -1.600237 1.291464
1.022437 -1.584206 1.326816
0.998890 -1.606376 1.114929
1.065789 -1.600901 1.518626
1.027897 -1.608054 1.289378
1.006692 -1.621950 1.112597
1.013680 -1.605710 1.320437
1.003276 -1.620737 1.097485
0.999767 -1.606675 1.146353
0.984318 -1.620603 1.023871
0.984749 -1.619607 1.021678
1.049336 -1.601963 1.546386
0.976751 -1.617114 1.042196
0.961211 -1.630756 1.005765
1.014496 -1.587343 1.493071
1.039158 -1.607863 1.567239
0.999714 -1.592162 1.446224
0.943790 -1.626090 0.974973
1.030355 -1.578960 1.575859
1.032817 -1.567345 1.759370
0.952369 -1.626555 1.015984
0.944468 -1.616843 1.042489
1.021731 -1.585710 1.537965
0.958636 -1.622819 1.128474
0.949737 -1.614311 1.083307
1.020600 -1.606528 1.585665
0.938954 -1.623587 1.003388
0.958546 -1.624725 1.121696
0.965334 -1.602515 1.251703
0.950446 -1.604074 1.205394
0.990956 -1.625278 1.266393
0.975862 -1.619855 1.308228
0.976605 -1.597513 1.330274
0.965376 -1.594395 1.293140
0.941466 -1.625368 1.025831
0.949169 -1.614561 1.119952
0.975566 -1.613316 1.291121
1.011687 -1.608346 1.516771
0.953779 -1.625086 1.116097
0.964611 -1.615880 1.324690
0.948204 -1.621738 1.098805
0.948508 -1.611309 1.149951
0.933574 -1.625881 1.029553
0.929159 -1.618336 1.025742
0.999051 -1.613047 1.546808
0.907559 -1.630417 1.013876
0.921091 -1.615988 1.045274
0.962592 -1.593384 1.495912
0.983779 -1.609424 1.564606
0.975162 -1.578326 1.572887
0.994604 -1.574504 1.807994
0.946597 -1.597489 1.450065
0.890392 -1.628731 0.984524
0.902621 -1.631348 1.022532
0.963669 -1.582861 1.535898
0.978914 -1.574361 1.760478
0.895773 -1.626317 1.051682
0.905574 -1.624613 1.134830
1.008105 -1.566175 1.888941
0.969475 -1.612508 1.586406
0.900533 -1.623147 1.090416
0.889944 -1.630230 1.010156
0.907000 -1.628304 1.126173
0.997025 -1.569725 1.849746
0.912123 -1.604590 1.256084
0.901789 -1.611635 1.212271
0.933352 -1.623224 1.265423
1.007853 -1.599357 1.837118
0.923798 -1.622792 1.310619
0.925756 -1.601166 1.331666
0.918525 -1.604804 1.297259
0.888895 -1.626039 1.030969
0.900082 -1.621345 1.125732
0.954709 -1.606508 1.511727
0.926922 -1.622513 1.293167
0.899776 -1.625466 1.119271
0.918564 -1.627994 1.330013
0.897253 -1.627455 1.101526
0.896155 -1.613187 1.153223
0.881370 -1.627479 1.034801
0.882258 -1.628901 1.028877
0.992930 -1.603974 1.866302
0.941707 -1.610289 1.541656
0.871207 -1.621076 1.049850
0.854282 -1.631016 1.022101
0.931858 -1.613710 1.564143
0.906335 -1.591762 1.495919
0.975802 -1.606362 1.885135
0.930614 -1.592219 1.576332
0.841715 -1.632905 0.992929
0.938851 -1.575148 1.805256
0.893240 -1.599855 1.452473
0.918023 -1.593987 1.539016
0.851228 -1.634658 1.028988
0.957361 -1.569403 1.884175
0.926863 -1.580695 1.761346
0.844634 -1.627287 1.058785
0.916089 -1.613103 1.585507
0.851710 -1.627604 1.096845
0.857295 -1.633113 1.141818
0.947475 -1.577349 1.849598
0.839910 -1.633974 1.017587
0.857552 -1.634176 1.131846
0.861863 -1.608753 1.260552
0.949928 -1.600594 1.901434
0.849949 -1.614160 1.217631
0.880791 -1.625537 1.265733
0.954579 -1.604844 1.830852
0.871742 -1.625743 1.313014
0.874548 -1.603909 1.332952
0.867826 -1.608186 1.300630
0.851119 -1.626091 1.130187
0.841774 -1.635406 1.035971
0.873260 -1.622056 1.293151
0.907317 -1.619833 1.511250
0.849824 -1.630704 1.122861
0.864744 -1.626185 1.332850
0.848156 -1.632488 1.104007
0.847054 -1.618218 1.155704
0.832869 -1.632871 1.032236
0.828811 -1.628166 1.039943
0.936468 -1.604414 1.858516
0.893910 -1.619288 1.542594
0.822920 -1.627819 1.053539
0.806900 -1.635773 1.030495
0.884796 -1.624558 1.565300
0.857582 -1.597708 1.498508
0.920770 -1.607095 1.879312
0.880109 -1.595039 1.574533
0.865203 -1.593321 1.537891
0.795437 -1.640438 1.001651
0.889385 -1.582641 1.806098
0.840151 -1.599894 1.455530
0.804808 -1.642475 1.035735
0.908234 -1.576050 1.881823
0.795964 -1.631472 1.067193
0.877718 -1.591025 1.764613
0.869534 -1.624591 1.588748
0.804920 -1.634496 1.103482
0.807747 -1.635734 1.148031
0.895964 -1.580653 1.846932
0.795880 -1.645140 1.024648
0.807866 -1.637085 1.136084
0.900874 -1.607102 1.900068
0.816460 -1.619478 1.266638
0.826704 -1.624311 1.264623
0.800944 -1.620825 1.224404
0.827651 -1.609169 1.335298
0.822273 -1.629856 1.315385
0.902487 -1.612974 1.825902
0.820447 -1.614578 1.304195
0.792282 -1.636124 1.039870
0.800699 -1.627154 1.134208
0.821700 -1.623891 1.294330
0.804182 -1.638459 1.127510
0.853810 -1.620734 1.508380
0.815711 -1.631080 1.336318
0.797600 -1.633840 1.106052
0.798586 -1.621846 1.158943
0.782511 -1.633936 1.045363
0.784410 -1.636506 1.035476
0.888014 -1.613063 1.855393
0.844883 -1.625816 1.541231
0.764046 -1.649577 1.038872
0.834807 -1.628030 1.565584
0.830603 -1.597380 1.573601
0.871217 -1.612975 1.875862
0.807371 -1.599973 1.500662
0.860959 -1.582013 1.879228
0.818110 -1.600778 1.540576
0.837221 -1.583969 1.804204
0.732851 -1.616622 1.010010
0.752339 -1.637723 1.041078
0.790630 -1.605922 1.460219
0.817643 -1.623592 1.587501
0.747488 -1.633475 1.075262
0.828839 -1.599032 1.768528
0.847474 -1.585902 1.845337
0.759494 -1.638944 1.154233
0.758138 -1.641403 1.110121
0.853117 -1.614199 1.898689
0.732352 -1.619907 1.029827
0.759544 -1.640439 1.141299
0.768428 -1.623894 1.270974
0.780117 -1.630654 1.266091
0.755075 -1.627380 1.230920
0.777937 -1.610317 1.336235
0.774902 -1.636263 1.318950
0.773263 -1.618788 1.307420
0.849491 -1.616152 1.820287
0.738644 -1.628748 1.043900
0.754033 -1.632008 1.139518
0.775916 -1.631940 1.297003
0.756091 -1.643026 1.130858
0.770064 -1.638843 1.340966
0.801966 -1.623148 1.505609
0.751829 -1.641897 1.108728
0.753248 -1.630682 1.162715
0.727774 -1.623791 1.049066
0.726848 -1.622236 1.037769
0.834840 -1.613124 1.849329
0.794031 -1.627740 1.539324
0.821493 -1.615749 1.871965
0.782854 -1.627184 1.563351
0.779936 -1.597107 1.571356
0.702980 -1.627555 1.045354
0.760358 -1.607303 1.504337
0.813692 -1.587989 1.876633
0.769489 -1.604698 1.541839
0.792507 -1.594777 1.807202
0.691482 -1.628819 1.018036
0.695911 -1.622681 1.046214
0.772399 -1.630366 1.589940
0.742958 -1.611266 1.464664
0.690762 -1.617365 1.081277
0.805146 -1.600055 1.848647
0.715222 -1.647155 1.159857
0.804821 -1.617266 1.896753
0.698515 -1.621310 1.113737
0.770237 -1.590423 1.762612
0.690179 -1.630401 1.036647
0.715385 -1.651915 1.146385
0.724515 -1.633024 1.276707
0.733103 -1.636231 1.266464
0.735348 -1.623426 1.340429
0.710752 -1.637502 1.238859
0.728024 -1.641553 1.321297
0.725353 -1.621163 1.310429
0.798278 -1.618789 1.813442
0.688689 -1.625306 1.048233
0.698125 -1.619243 1.141909
0.730437 -1.641069 1.298799
0.722590 -1.642000 1.345069
0.700115 -1.630406 1.132261
0.753143 -1.627505 1.503909
0.701243 -1.623046 1.163540
0.689797 -1.616694 1.108729
0.681309 -1.626468 1.054041
0.683735 -1.631316 1.041409
0.786037 -1.620878 1.846099
0.739815 -1.621508 1.535452
0.735181 -1.602760 1.572580
0.675440 -1.627767 1.062809
0.735091 -1.630910 1.563504
0.774552 -1.624574 1.871793
0.658679 -1.632372 1.052508
0.714828 -1.613025 1.507659
0.765519 -1.589011 1.873374
0.723083 -1.608857 1.542968
0.739744 -1.592234 1.803766
0.721999 -1.627770 1.588344
0.642478 -1.626807 1.025552
0.650255 -1.627069 1.052395
0.749285 -1.588639 1.839062
0.700139 -1.623173 1.470722
0.756899 -1.621270 1.894928
0.645174 -1.621611 1.088445
0.652971 -1.623642 1.118590
0.657259 -1.628572 1.163572
0.726109 -1.601745 1.768682
0.654603 -1.623887 1.147901
0.640004 -1.625761 1.042849
0.658305 -1.597949 1.273539
0.689723 -1.647652 1.269453
0.690613 -1.629095 1.341655
0.647509 -1.606270 1.239077
0.681860 -1.629319 1.313957
0.683978 -1.650984 1.325054
0.749918 -1.627336 1.811309
0.642162 -1.628138 1.052221
0.649390 -1.616528 1.145244
0.684855 -1.646949 1.301134
0.676342 -1.645889 1.348173
0.651678 -1.628759 1.134716
0.702425 -1.627403 1.500679
0.651150 -1.619901 1.165900
0.648016 -1.629766 1.110830
0.634204 -1.626903 1.043539
0.634119 -1.627311 1.058799
0.734355 -1.619346 1.839686
0.692723 -1.627238 1.534837
0.691167 -1.610273 1.574023
0.727122 -1.627458 1.868749
0.688255 -1.634300 1.563535
0.628298 -1.626701 1.065252
0.720545 -1.595097 1.871633
0.669187 -1.620814 1.512308
0.679578 -1.617012 1.546493
0.673329 -1.626544 1.587832
0.693696 -1.597322 1.805003
0.710093 -1.622741 1.892641
0.699538 -1.588038 1.836697
0.653402 -1.628196 1.475046
0.612821 -1.633689 1.168751
0.608972 -1.629542 1.124866
0.611565 -1.632844 1.152529
0.677124 -1.604766 1.769837
0.620353 -1.616427 1.281216
0.631797 -1.605278 1.337562
0.631460 -1.627885 1.265917
0.627437 -1.632570 1.322601
0.625387 -1.610761 1.312492
0.604604 -1.614939 1.245679
0.607272 -1.625136 1.149749
0.696452 -1.624606 1.802827
0.630149 -1.633155 1.299224
0.625331 -1.637782 1.349865
0.606371 -1.632319 1.137703
0.658533 -1.638195 1.501581
0.609696 -1.630500 1.169635
0.686862 -1.622386 1.835656
0.649453 -1.636615 1.536495
0.653058 -1.629031 1.579717
0.679698 -1.630357 1.865707
0.641793 -1.638629 1.563676
0.675397 -1.598074 1.869444
0.624224 -1.625290 1.515399
0.635276 -1.623477 1.548814
0.633269 -1.642743 1.594308
0.647287 -1.601500 1.806131
0.664095 -1.625930 1.891560
0.658339 -1.599685 1.839546
0.595022 -1.605168 1.472053
0.576833 -1.621203 1.286272
0.631474 -1.612566 1.774484
0.589969 -1.614957 1.341187
0.585575 -1.630957 1.265832
0.581575 -1.632090 1.325029
0.582162 -1.616604 1.316670
0.561524 -1.620501 1.251833
0.583783 -1.632038 1.299569
0.576831 -1.630978 1.350545
0.649583 -1.631560 1.800342
0.612813 -1.644383 1.501940
0.639446 -1.625297 1.832615
0.605803 -1.626347 1.577866
0.605019 -1.643379 1.536840
0.629575 -1.627089 1.859930
0.599518 -1.647527 1.566198
0.630990 -1.602913 1.867474
0.570484 -1.609247 1.511058
0.590365 -1.626053 1.549591
0.588723 -1.646244 1.595192
0.618222 -1.627077 1.889153
0.601439 -1.604419 1.807029
0.614142 -1.604099 1.840538
0.550139 -1.609520 1.476135
0.547897 -1.621671 1.343376
0.585948 -1.618326 1.777803
0.540231 -1.623034 1.320834
0.533064 -1.632790 1.354165
0.606050 -1.643294 1.801348
0.562676 -1.637731 1.497695
0.590984 -1.623540 1.826935
0.585798 -1.630525 1.858714
0.557774 -1.640710 1.534990
0.555114 -1.615647 1.573066
0.553192 -1.644508 1.564226
0.592325 -1.617642 1.872607
0.529829 -1.616251 1.515206
0.537664 -1.607616 1.543801
0.574265 -1.627394 1.887490
0.547628 -1.652466 1.598239
0.570435 -1.607396 1.840311
0.561195 -1.617515 1.813055
0.509808 -1.619366 1.482705
0.542953 -1.627160 1.783408
0.557595 -1.641550 1.795667
0.512732 -1.628894 1.493113
0.550902 -1.637998 1.830105
0.542026 -1.633976 1.857498
0.547133 -1.615483 1.868644
0.508978 -1.610440 1.570758
0.507648 -1.628752 1.529960
0.500864 -1.627007 1.558546
0.532969 -1.635817 1.890873
0.484523 -1.614524 1.517404
0.495476 -1.611078 1.546528
0.494933 -1.634042 1.592450
0.529758 -1.619723 1.845240
0.521392 -1.631406 1.820174
0.487037 -1.601916 1.772804
0.508226 -1.640173 1.790110
0.506147 -1.641956 1.828023
0.505336 -1.623278 1.869945
0.498142 -1.639496 1.857608
0.467457 -1.615904 1.572713
0.491609 -1.644397 1.893268
0.450346 -1.627083 1.590776
0.479716 -1.603946 1.835583
0.464356 -1.601630 1.805946
0.442703 -1.605029 1.776652
0.463728 -1.647127 1.789462
0.458879 -1.637550 1.822870
0.453006 -1.600340 1.855352
0.458760 -1.652421 1.862518
0.448904 -1.647239 1.893903
0.433138 -1.597980 1.832178
0.421608 -1.606390 1.808899
0.400028 -1.609652 1.780592
0.410053 -1.623777 1.773896
0.406070 -1.628575 1.847817
0.410236 -1.603335 1.855003
0.410197 -1.627550 1.814973
0.392481 -1.605028 1.836320
0.380219 -1.611592 1.812824
1.206673 -1.629379 1.110344
1.181616 -1.639233 1.006819
1.194405 -1.648095 1.094260
1.152029 -1.638971 1.116301
1.129866 -1.649437 1.006660
1.125888 -1.645952 1.013456
1.074685 -1.654892 1.013114
1.069787 -1.651771 1.020005
1.100325 -1.651465 1.279088
1.062663 -1.634304 1.317007
1.040663 -1.650479 1.127321
1.068468 -1.623271 1.586969
1.018757 -1.658518 1.019369
1.014024 -1.653193 1.025956
1.044939 -1.657543 1.280594
1.024384 -1.662479 1.108519
1.060618 -1.649116 1.530219
1.001117 -1.627743 1.318132
0.982056 -1.647792 1.131855
1.013540 -1.628298 1.586297
0.962626 -1.659033 1.025225
0.963129 -1.661257 1.032570
0.984277 -1.650758 1.280638
0.967036 -1.660483 1.112077
1.006573 -1.653919 1.528464
0.957802 -1.646903 1.323848
0.929194 -1.651511 1.135967
0.958786 -1.631136 1.585331
0.909056 -1.660799 1.030121
0.909559 -1.663023 1.037467
0.934893 -1.660796 1.283408
0.914178 -1.664209 1.116191
0.952536 -1.658735 1.526719
0.905278 -1.651659 1.327077
0.876168 -1.651990 1.140670
0.947711 -1.621746 1.919986
0.901356 -1.627676 1.582649
0.859221 -1.666448 1.035364
0.857336 -1.665228 1.043374
0.884926 -1.666803 1.285671
0.860360 -1.662984 1.119696
0.897704 -1.656399 1.524059
0.849324 -1.648279 1.328380
0.824448 -1.653036 1.145391
0.889736 -1.617854 1.913236
0.855746 -1.641446 1.586756
0.809598 -1.669775 1.041300
0.806040 -1.667081 1.049196
0.831742 -1.667797 1.286417
0.811204 -1.670735 1.123173
0.850463 -1.666886 1.524775
0.799573 -1.651967 1.331343
0.777929 -1.661773 1.149885
0.850303 -1.659708 1.828885
0.840895 -1.624883 1.911548
0.758431 -1.669564 1.045834
0.804989 -1.645732 1.587828
0.758057 -1.672024 1.054264
0.780822 -1.668865 1.288077
0.762801 -1.674880 1.127144
0.799413 -1.668317 1.523458
0.748819 -1.650833 1.332704
0.727264 -1.660403 1.153233
0.800299 -1.664130 1.825899
0.788837 -1.626899 1.908343
0.753729 -1.644041 1.586109
0.730031 -1.667871 1.288451
0.711006 -1.670758 1.130180
0.748330 -1.669890 1.521158
0.702850 -1.658288 1.337007
0.682057 -1.669721 1.157750
0.741012 -1.633332 1.908556
0.701599 -1.642598 1.585484
0.663569 -1.676918 1.055593
0.659460 -1.670048 1.063968
0.683229 -1.673755 1.290565
0.699928 -1.672328 1.520867
0.656631 -1.662759 1.339917
0.637222 -1.674510 1.162655
0.692939 -1.636784 1.907377
0.656885 -1.650725 1.588809
0.636636 -1.677317 1.293373
0.650480 -1.670073 1.517984
0.610837 -1.668033 1.343927
0.645668 -1.641958 1.907403
0.610963 -1.656365 1.589844
0.592060 -1.683416 1.295413
0.601876 -1.669412 1.517298
0.554636 -1.643665 1.340448
0.606808 -1.672126 1.810358
0.593034 -1.632837 1.899725
0.565413 -1.657477 1.591267
0.560860 -1.681575 1.519975
0.556395 -1.663219 1.802600
0.550122 -1.640365 1.901877
0.520879 -1.663437 1.594303
0.517166 -1.687439 1.520935
0.514838 -1.676655 1.805476
0.503990 -1.642880 1.902511
0.460649 -1.623498 1.579864
0.469293 -1.676091 1.802639
0.461507 -1.651224 1.905766
1.222439 -1.578258 1.145203
1.212044 -1.587565 1.067088
1.203626 -1.586479 1.055150
1.168597 -1.587289 1.153581
1.158618 -1.597512 1.075602
1.148093 -1.593970 1.064373
1.159686 -1.595737 1.184934
1.129685 -1.573944 1.347322
1.104083 -1.582639 1.160207
1.101432 -1.601418 1.084320
1.094377 -1.600682 1.073391
1.100754 -1.596351 1.191155
1.115986 -1.589386 1.376059
1.195619 -1.587404 1.103484
1.197379 -1.587679 1.126800
1.206758 -1.590488 1.177579
1.073668 -1.578955 1.352123
1.049506 -1.587709 1.167992
1.044329 -1.603145 1.092684
1.169261 -1.575130 1.241907
1.037274 -1.602413 1.081758
1.044471 -1.597987 1.197433
1.079042 -1.560395 1.617843
1.059121 -1.590733 1.378256
1.141660 -1.596962 1.108928
1.139181 -1.590440 1.131306
1.149836 -1.593904 1.181113
1.202787 -1.590364 1.167088
1.187425 -1.579791 1.150842
1.188647 -1.590521 1.110965
1.016020 -1.578356 1.355058
1.000937 -1.598958 1.175518
0.992881 -1.607957 1.100281
1.114921 -1.581740 1.245866
0.985453 -1.606167 1.090211
1.173250 -1.575747 1.277855
1.122123 -1.584184 1.344436
0.995863 -1.609397 1.203976
1.021633 -1.563323 1.618326
1.006616 -1.596535 1.382019
1.083124 -1.596652 1.112948
1.084469 -1.596019 1.136132
1.093348 -1.598234 1.184802
1.147034 -1.596816 1.169053
1.132519 -1.595924 1.113789
1.132551 -1.587881 1.154060
1.092679 -1.567832 1.443748
0.948671 -1.601970 1.182868
0.968681 -1.592441 1.362003
0.944849 -1.617782 1.108570
1.064483 -1.592065 1.250274
1.117155 -1.579093 1.279320
0.934481 -1.611735 1.098948
1.071562 -1.594979 1.345885
0.940991 -1.609371 1.209935
0.957591 -1.605157 1.386096
0.967374 -1.567850 1.620967
1.032313 -1.605951 1.118224
1.031988 -1.601719 1.140881
1.038630 -1.601949 1.187298
1.084484 -1.593296 1.169689
1.074779 -1.597589 1.117094
1.076922 -1.591998 1.156659
1.105654 -1.570386 1.483627
1.040084 -1.573961 1.445534
0.902345 -1.613356 1.190333
0.915053 -1.593220 1.366014
0.890092 -1.615431 1.115157
1.008566 -1.592918 1.253371
1.059823 -1.579761 1.280411
1.067771 -1.583007 1.317118
0.883961 -1.616184 1.106472
0.962437 -1.547762 1.952002
1.050198 -1.558870 1.709582
1.012951 -1.593105 1.345612
1.043652 -1.584432 1.584272
0.892958 -1.617323 1.215893
0.967899 -1.580406 1.938998
0.905242 -1.606604 1.389142
0.978967 -1.610037 1.121746
0.977851 -1.603840 1.145125
0.982718 -1.602823 1.190406
1.033655 -1.600727 1.172620
1.021414 -1.593775 1.159886
1.023051 -1.605430 1.120144
1.043505 -1.563982 1.479710
0.986667 -1.578308 1.447078
1.057627 -1.583440 1.553404
0.848919 -1.611506 1.196951
0.864050 -1.597052 1.371440
0.844302 -1.625391 1.123383
0.957031 -1.596192 1.256669
1.009006 -1.587178 1.283350
1.015970 -1.591138 1.318198
0.835251 -1.619853 1.113782
0.992819 -1.555896 1.705009
0.912408 -1.559205 1.954610
0.964259 -1.602979 1.347858
0.997430 -1.599811 1.586309
0.841599 -1.618097 1.220821
0.915295 -1.580864 1.933774
0.854595 -1.609630 1.391369
0.927894 -1.614081 1.126174
0.926779 -1.607879 1.149553
0.938370 -1.617168 1.194207
0.979809 -1.604242 1.174042
0.969728 -1.607498 1.122310
0.968929 -1.597633 1.162314
0.998699 -1.577530 1.482374
1.003244 -1.578057 1.894149
0.934644 -1.580980 1.448279
1.008329 -1.595060 1.552929
1.009400 -1.556825 1.744423
0.799762 -1.614434 1.203157
0.814395 -1.599369 1.375536
0.794770 -1.627274 1.130447
0.956906 -1.592080 1.284927
0.904654 -1.599716 1.261089
0.970223 -1.605286 1.320005
0.788286 -1.624937 1.121257
0.939780 -1.559404 1.703364
0.858589 -1.558841 1.951360
0.941377 -1.597384 1.581777
0.913866 -1.609438 1.348611
0.870558 -1.592321 1.935099
0.794490 -1.625684 1.226700
0.803233 -1.608517 1.393960
0.876416 -1.617243 1.130490
0.877872 -1.614233 1.154279
0.882612 -1.613686 1.196599
0.926458 -1.606478 1.175238
0.919090 -1.602509 1.164793
0.917361 -1.609023 1.125365
0.944855 -1.579132 1.481457
0.950001 -1.582354 1.887576
0.886518 -1.587369 1.449925
0.950431 -1.593604 1.547642
0.960664 -1.564936 1.743335
0.930301 -1.539561 2.030647
0.755335 -1.622876 1.210064
0.770284 -1.611033 1.381960
0.906241 -1.595141 1.287147
0.753262 -1.642027 1.138275
0.857031 -1.606722 1.264851
0.915961 -1.606030 1.318971
0.896368 -1.573276 1.707058
0.728003 -1.603133 1.126907
0.893112 -1.606274 1.581830
0.861921 -1.609961 1.349465
0.806957 -1.562663 1.950756
0.818041 -1.590619 1.929533
0.747936 -1.629794 1.231969
0.967430 -1.586179 1.858366
0.761232 -1.622647 1.399678
0.827166 -1.620524 1.134725
0.835846 -1.620477 1.199268
0.829040 -1.618409 1.158644
0.878322 -1.612931 1.176895
0.765511 -1.586141 1.629910
0.867952 -1.614824 1.127996
0.870937 -1.610997 1.167818
0.772689 -1.611433 1.631811
0.896687 -1.585687 1.482118
0.898174 -1.586846 1.883009
0.947769 -1.538176 2.067588
0.838031 -1.592712 1.452443
0.905480 -1.562269 1.737715
0.904254 -1.607001 1.548355
0.882034 -1.546503 2.028346
0.685379 -1.580711 1.210746
0.723264 -1.616420 1.387484
0.689670 -1.611007 1.141530
0.855547 -1.598383 1.288401
0.810318 -1.613346 1.268514
0.865599 -1.610491 1.318382
0.846927 -1.577264 1.706350
0.682857 -1.607451 1.134184
0.772094 -1.597381 1.929135
0.810842 -1.610267 1.349235
0.841830 -1.611248 1.580376
0.758426 -1.568247 1.951316
0.703107 -1.637353 1.238765
0.912899 -1.587977 1.850431
0.715444 -1.628864 1.403248
0.780933 -1.625884 1.138152
0.782328 -1.625062 1.162319
0.786149 -1.623026 1.202401
0.829406 -1.617439 1.179293
0.719713 -1.594344 1.634838
0.820767 -1.612813 1.169824
0.819454 -1.620243 1.130530
0.721249 -1.608765 1.630109
0.845144 -1.585232 1.480760
0.896820 -1.540383 2.060555
0.845916 -1.588591 1.875980
0.787903 -1.592445 1.453089
0.861220 -1.572492 1.738812
0.834720 -1.552904 2.026932
0.847761 -1.603891 1.542747
0.653202 -1.610869 1.220726
0.811781 -1.609272 1.291623
0.764096 -1.618689 1.271946
0.677987 -1.623224 1.393169
0.644117 -1.614439 1.148690
0.815772 -1.613511 1.318550
0.799691 -1.583405 1.706924
0.639828 -1.614247 1.140766
0.788969 -1.608420 1.576671
0.765312 -1.619918 1.351337
0.644117 -1.612319 1.239763
0.707777 -1.569516 1.950254
0.669728 -1.632902 1.406455
0.860140 -1.593062 1.845015
0.732390 -1.622180 1.165566
0.724604 -1.613917 1.140191
0.739468 -1.627655 1.204726
0.782193 -1.623528 1.180870
0.678640 -1.608063 1.640463
0.775332 -1.620141 1.172534
0.676352 -1.612690 1.631221
0.771447 -1.624383 1.132833
0.799196 -1.593956 1.482721
0.849418 -1.547112 2.057169
0.799380 -1.599029 1.875224
0.743741 -1.602419 1.456197
0.811346 -1.573734 1.735639
0.783901 -1.552784 2.020542
0.798700 -1.609004 1.541211
0.607325 -1.609169 1.226022
0.621091 -1.598762 1.391114
0.716632 -1.621352 1.275001
0.764159 -1.614448 1.293073
0.600742 -1.618150 1.154775
0.749935 -1.582303 1.704376
0.768108 -1.618846 1.319013
0.597332 -1.619596 1.148100
0.676441 -1.597094 1.921143
0.739584 -1.608410 1.573276
0.718601 -1.624693 1.352682
0.602373 -1.619776 1.245384
0.608220 -1.596680 1.400616
0.661566 -1.574915 1.952716
0.810485 -1.599907 1.840764
0.677245 -1.614254 1.143866
0.690335 -1.626744 1.207266
0.676178 -1.607864 1.168230
0.735410 -1.630535 1.182596
0.627370 -1.602904 1.640387
0.636186 -1.626032 1.636743
0.723619 -1.616036 1.174656
0.802045 -1.551829 2.052434
0.720108 -1.621351 1.134104
0.751187 -1.596172 1.482676
0.743777 -1.591754 1.864832
0.698379 -1.609551 1.459912
0.769259 -1.586290 1.737046
0.737505 -1.558823 2.019044
0.747579 -1.607609 1.537671
0.566048 -1.617377 1.232772
0.717908 -1.619979 1.295541
0.661197 -1.607115 1.274595
0.577148 -1.606100 1.396845
0.702365 -1.585384 1.704473
0.634132 -1.604187 1.922671
0.722189 -1.625598 1.319640
0.691968 -1.611686 1.572394
0.673216 -1.629987 1.354058
0.558508 -1.622917 1.249380
0.571037 -1.614178 1.406696
0.613191 -1.576162 1.952569
0.760005 -1.604974 1.836269
0.640499 -1.619657 1.208801
0.633924 -1.614769 1.171749
0.632004 -1.617068 1.146848
0.590908 -1.627057 1.636389
0.685397 -1.628008 1.183894
0.755621 -1.556003 2.048584
0.581266 -1.606030 1.643489
0.673250 -1.610415 1.175445
0.707891 -1.605932 1.484698
0.672665 -1.622031 1.135814
0.700370 -1.601938 1.863891
0.656928 -1.618365 1.462697
0.714739 -1.575975 1.729126
0.696889 -1.571357 2.023435
0.697722 -1.608930 1.534544
0.663056 -1.598486 1.708893
0.615191 -1.605917 1.276938
0.587069 -1.602059 1.918833
0.665413 -1.610011 1.294689
0.532504 -1.607260 1.401571
0.677117 -1.634167 1.320545
0.650002 -1.621947 1.574443
0.625812 -1.628606 1.354413
0.526726 -1.616568 1.409584
0.570008 -1.587565 1.957947
0.708317 -1.603304 1.828668
0.590007 -1.618095 1.174758
0.594809 -1.621741 1.210679
0.710163 -1.557603 2.044252
0.634219 -1.618570 1.183068
0.663889 -1.609519 1.485711
0.629283 -1.613899 1.177459
0.624977 -1.617270 1.137633
0.649278 -1.596614 1.856663
0.678401 -1.595204 1.735452
0.599418 -1.595721 1.457941
0.647953 -1.568302 2.016480
0.654398 -1.618869 1.535599
0.547367 -1.614255 1.923142
0.619739 -1.610047 1.295194
0.614688 -1.597772 1.707394
0.572536 -1.611928 1.280345
0.620888 -1.614090 1.317162
0.605391 -1.629357 1.574130
0.572586 -1.612622 1.351586
0.526060 -1.594991 1.962699
0.661009 -1.607954 1.824972
0.493341 -1.607768 1.629412
0.590679 -1.622969 1.185227
0.613061 -1.601265 1.483050
0.585683 -1.620498 1.180001
0.604219 -1.603239 1.855228
0.555122 -1.596077 1.459460
0.632539 -1.599886 1.734737
0.603465 -1.573271 2.016764
0.505500 -1.622298 1.924839
0.609325 -1.625560 1.534172
0.574535 -1.610836 1.296831
0.574083 -1.610406 1.711828
0.575539 -1.617403 1.317209
0.555435 -1.620867 1.570384
0.530319 -1.619702 1.354151
0.621393 -1.567214 2.038639
0.479548 -1.595334 1.963346
0.612414 -1.610092 1.819915
0.569496 -1.605785 1.484226
0.564355 -1.620016 1.859319
0.590654 -1.607955 1.736426
0.512862 -1.603144 1.462028
0.562014 -1.582191 2.018582
0.553425 -1.604831 1.526622
0.519968 -1.586977 1.701700
0.506341 -1.612161 1.565551
0.577720 -1.572131 2.036846
0.568199 -1.618551 1.818760
0.523449 -1.602895 1.483263
0.516796 -1.617384 1.853411
0.519718 -1.591361 2.021517
0.511861 -1.616226 1.527866
0.463173 -1.617766 1.565900
0.537574 -1.583600 2.040055
0.523140 -1.627263 1.818723
0.480378 -1.606151 1.484217
0.471464 -1.618774 1.851128
1.113748 -1.632186 1.259606
1.202817 -1.638901 1.163337
1.146513 -1.645183 1.169243
1.059558 -1.640936 1.264859
1.036801 -1.658465 1.123516
1.030377 -1.651544 1.144907
1.051264 -1.629869 1.485344
1.003111 -1.641904 1.269953
1.023266 -1.662722 1.367974
0.976305 -1.652141 1.130601
0.977787 -1.656140 1.151481
1.069584 -1.637393 1.310418
0.996374 -1.634881 1.488009
1.085044 -1.662173 1.350458
1.070173 -1.628362 1.535000
1.031272 -1.649226 1.179813
1.031145 -1.657110 1.141570
0.946785 -1.640686 1.274700
0.969814 -1.665937 1.371319
0.923023 -1.652745 1.136563
0.933221 -1.660384 1.211474
0.920705 -1.652831 1.157946
1.018155 -1.644989 1.315413
0.944140 -1.640791 1.491763
1.031430 -1.667902 1.352177
1.013625 -1.630071 1.535151
0.974131 -1.646227 1.184288
0.972693 -1.653601 1.146005
0.893492 -1.641425 1.279683
1.074091 -1.636610 1.353547
0.912326 -1.660269 1.372353
1.085075 -1.660828 1.335864
1.014654 -1.662102 1.583961
0.871766 -1.657890 1.143217
0.879527 -1.660237 1.216330
1.077468 -1.626034 1.579819
0.871664 -1.658104 1.164546
0.957629 -1.637391 1.316214
0.915895 -1.627434 1.786580
0.888573 -1.641826 1.493837
0.972492 -1.664075 1.352528
1.024627 -1.645161 1.211623
1.136084 -1.632623 1.388271
0.985909 -1.615229 1.830716
0.960840 -1.637588 1.537160
0.925638 -1.658012 1.189898
0.921380 -1.659060 1.150674
0.845646 -1.649553 1.285705
1.017961 -1.639120 1.354828
0.863528 -1.669078 1.376489
1.027208 -1.662077 1.335981
0.821149 -1.659402 1.150284
1.021301 -1.628813 1.579122
0.828763 -1.664244 1.221783
0.819739 -1.659093 1.171574
0.907132 -1.644629 1.321154
0.860353 -1.626848 1.784347
0.917820 -1.664766 1.354508
0.838174 -1.646994 1.497441
1.025593 -1.662632 1.561211
0.969959 -1.645721 1.214576
1.085132 -1.656746 1.309776
1.080725 -1.637098 1.388820
0.932367 -1.619160 1.829135
0.904115 -1.634029 1.536491
0.842177 -1.665628 1.605795
0.872827 -1.657657 1.193680
0.865269 -1.653512 1.154732
0.792956 -1.646986 1.289146
0.960331 -1.635830 1.355226
0.810314 -1.667942 1.379166
0.971142 -1.662725 1.334944
0.907274 -1.666817 1.581304
1.000934 -1.620011 1.878483
0.772608 -1.663569 1.155702
0.966152 -1.629026 1.577987
0.778212 -1.663869 1.226527
0.770017 -1.660384 1.177577
0.855112 -1.646220 1.324223
0.806984 -1.628295 1.784417
0.864042 -1.665242 1.355425
0.783336 -1.642372 1.498598
0.966949 -1.660476 1.556766
1.009987 -1.652002 1.163482
0.919812 -1.654210 1.217681
1.029759 -1.661410 1.309360
0.912472 -1.658783 1.163932
1.027496 -1.643916 1.389701
0.880169 -1.623470 1.828601
0.790214 -1.665445 1.605553
0.853693 -1.639357 1.539108
0.823331 -1.658950 1.213858
0.818843 -1.654444 1.198065
0.817402 -1.661846 1.159788
0.907775 -1.638863 1.357523
0.740302 -1.644276 1.293592
0.758495 -1.665298 1.380549
0.915212 -1.661036 1.334550
1.034063 -1.657027 1.527508
0.944878 -1.619149 1.872146
0.850192 -1.660640 1.577197
0.918091 -1.640088 1.579424
0.723699 -1.666688 1.161991
0.727672 -1.663509 1.231288
0.721210 -1.661300 1.183501
0.804815 -1.649248 1.327484
0.966270 -1.643050 1.235482
0.812087 -1.664958 1.356172
0.754608 -1.627332 1.783060
0.913905 -1.663200 1.554978
0.733136 -1.643331 1.500524
0.954086 -1.650039 1.165055
0.866577 -1.653119 1.220349
0.858430 -1.655895 1.166333
0.968204 -1.637335 1.387586
0.971147 -1.659009 1.306895
0.831002 -1.629740 1.828300
0.744523 -1.674308 1.607602
0.804164 -1.644470 1.540661
0.773539 -1.660718 1.216903
0.769477 -1.656964 1.202234
0.766851 -1.661502 1.164542
0.858630 -1.644915 1.359201
0.695606 -1.652191 1.299514
0.710031 -1.667558 1.383647
0.863145 -1.662956 1.335649
0.979547 -1.661750 1.524053
0.804770 -1.672765 1.578746
0.890593 -1.619413 1.867978
0.862358 -1.634129 1.577328
0.676309 -1.665941 1.167606
0.672413 -1.662231 1.189443
0.755031 -1.650999 1.330533
0.915403 -1.658266 1.188014
0.763085 -1.668673 1.358501
0.709303 -1.638798 1.788574
0.682343 -1.638098 1.501471
0.864196 -1.670983 1.553922
0.905230 -1.659235 1.167229
0.814258 -1.651656 1.222940
0.812943 -1.654713 1.206251
0.915601 -1.640695 1.387913
0.958554 -1.612982 1.908139
0.912672 -1.654271 1.305074
0.805608 -1.655737 1.169159
0.694892 -1.672089 1.606973
0.779329 -1.632789 1.827573
0.752731 -1.642874 1.541194
0.926129 -1.629324 1.611801
0.726273 -1.665734 1.220408
0.721429 -1.660016 1.206458
0.716789 -1.660035 1.168096
0.806699 -1.644489 1.360941
0.660042 -1.664168 1.384874
0.648907 -1.655591 1.304781
0.813181 -1.667377 1.336089
0.925167 -1.664136 1.521240
0.841000 -1.624942 1.866558
0.753192 -1.673680 1.577671
0.629331 -1.666112 1.173371
0.813612 -1.641215 1.578167
0.625536 -1.660199 1.194844
0.704551 -1.648756 1.332966
0.863306 -1.660390 1.188134
0.860806 -1.646427 1.237634
0.712156 -1.665834 1.358823
0.811273 -1.671542 1.551806
0.653453 -1.625792 1.782355
0.635933 -1.644724 1.506248
0.851544 -1.657588 1.167799
0.766863 -1.659028 1.225815
0.766429 -1.661858 1.208044
0.911775 -1.624838 1.907650
0.759241 -1.660379 1.172564
0.864319 -1.644588 1.388299
0.862696 -1.658700 1.305504
0.648916 -1.677879 1.608554
0.724167 -1.623785 1.821964
0.700175 -1.636536 1.539990
0.871958 -1.627310 1.608272
0.615920 -1.668917 1.388251
0.673491 -1.660883 1.210334
0.678614 -1.669860 1.223794
0.669656 -1.662721 1.172243
0.754450 -1.641132 1.361211
0.602318 -1.656807 1.309698
0.759195 -1.662762 1.335198
0.865003 -1.656383 1.514947
0.705974 -1.676915 1.577851
0.788548 -1.624465 1.862237
0.730726 -1.679097 1.868334
0.763767 -1.643405 1.578253
0.659918 -1.654804 1.336567
0.663851 -1.664046 1.359239
0.806426 -1.651356 1.188625
0.810054 -1.648915 1.238798
0.760475 -1.674446 1.550017
0.590536 -1.648779 1.510579
0.613872 -1.649496 1.792737
0.799202 -1.656317 1.169416
0.716376 -1.656818 1.228251
0.717530 -1.663430 1.210032
0.855483 -1.619040 1.898511
0.810701 -1.641028 1.386540
0.708227 -1.659633 1.174247
0.810995 -1.661880 1.304789
0.596136 -1.666562 1.604546
0.679806 -1.633155 1.824073
0.655124 -1.641799 1.542467
0.826540 -1.639448 1.609830
0.626355 -1.669172 1.176884
0.626467 -1.661376 1.214130
0.570097 -1.672256 1.391471
0.708479 -1.646814 1.363777
0.558955 -1.665282 1.315701
0.711990 -1.665893 1.336373
0.818630 -1.669248 1.514632
0.654287 -1.670520 1.574594
0.741615 -1.630905 1.861917
0.713298 -1.639562 1.576369
0.612499 -1.654372 1.340230
0.618701 -1.671557 1.362097
0.762312 -1.664110 1.190252
0.764327 -1.658039 1.239883
0.737858 -1.672765 1.836493
0.709786 -1.675169 1.547880
0.544645 -1.654143 1.515155
0.557436 -1.630313 1.785557
0.670853 -1.665146 1.211979
0.669700 -1.658529 1.230197
0.749867 -1.657156 1.170277
0.805950 -1.622713 1.894770
0.761350 -1.641980 1.386406
0.663589 -1.665725 1.177857
0.550778 -1.668890 1.605562
0.758694 -1.658872 1.303091
0.627705 -1.625967 1.819697
0.607970 -1.644749 1.544651
0.776646 -1.641964 1.607944
0.661407 -1.647597 1.365588
0.663158 -1.665577 1.336038
0.767806 -1.672334 1.511861
0.691919 -1.629143 1.858329
0.606659 -1.673037 1.573684
0.627609 -1.668217 1.855034
0.664072 -1.638292 1.575893
0.569091 -1.663167 1.344263
0.572451 -1.674169 1.364201
0.712558 -1.664212 1.190004
0.714600 -1.657972 1.240620
0.660109 -1.673323 1.545299
0.502483 -1.665474 1.520584
0.757832 -1.624725 1.890719
0.511537 -1.635791 1.789148
0.702963 -1.663442 1.171965
0.712008 -1.642947 1.386288
0.507036 -1.674857 1.607126
0.615712 -1.664749 1.179419
0.711770 -1.665288 1.303788
0.579788 -1.625336 1.818288
0.524636 -1.674826 1.888350
0.724035 -1.635962 1.604764
0.564168 -1.652600 1.548546
0.617165 -1.654731 1.368356
0.617279 -1.669256 1.337282
0.640671 -1.621894 1.851880
0.713862 -1.666000 1.507662
0.558433 -1.669362 1.571790
0.583670 -1.678528 1.857308
0.617774 -1.641176 1.576009
0.662129 -1.660162 1.190124
0.635340 -1.668135 1.824197
0.608599 -1.662727 1.540343
0.711386 -1.630055 1.889198
0.466625 -1.638856 1.791304
0.653844 -1.659914 1.172127
0.666526 -1.647520 1.387657
0.478924 -1.674499 1.885921
0.662509 -1.664250 1.302337
0.535171 -1.631491 1.820929
0.676067 -1.635537 1.602353
0.516800 -1.650435 1.548908
0.570488 -1.656607 1.369345
0.568464 -1.668972 1.336978
0.595194 -1.626544 1.852266
0.665367 -1.667052 1.504502
0.513786 -1.675736 1.573457
0.534054 -1.674926 1.851429
0.572815 -1.644434 1.577164
0.616649 -1.664790 1.191513
0.587654 -1.671105 1.820332
0.562993 -1.669808 1.540125
0.664116 -1.633749 1.886435
0.422397 -1.647673 1.797430
0.619414 -1.648646 1.387513
0.615371 -1.665554 1.301210
0.490562 -1.637662 1.823583
0.627300 -1.633316 1.599688
0.547332 -1.624053 1.848532
0.615194 -1.666540 1.502173
0.486606 -1.673355 1.847845
0.528169 -1.650811 1.578833
0.613750 -1.626298 1.878915
0.540402 -1.674841 1.817602
0.516687 -1.672897 1.539287
0.574731 -1.655218 1.388193
0.583125 -1.638551 1.600128
0.570588 -1.674347 1.302261
0.443594 -1.636532 1.823106
0.504006 -1.630905 1.850239
0.595686 -1.673155 1.781840
0.440495 -1.672159 1.845299
0.566410 -1.664522 1.498544
0.485667 -1.659374 1.581807
0.570297 -1.635497 1.879989
0.491389 -1.667787 1.811145
0.528167 -1.654920 1.388839
0.538537 -1.643051 1.599465
0.401568 -1.645649 1.828200
0.458260 -1.632492 1.850166
0.547117 -1.676551 1.778094
0.520427 -1.670732 1.498215
0.521300 -1.628429 1.873522
0.447972 -1.677025 1.812245
0.494801 -1.649218 1.600060
0.415139 -1.635134 1.850171
0.496692 -1.671361 1.770974
0.475253 -1.625360 1.868627
0.432768 -1.634059 1.870621
1.092821 -1.649733 1.272443
1.095290 -1.640843 1.320609
1.103389 -1.653061 1.324092
1.088040 -1.628816 1.473094
1.036918 -1.650265 1.279851
1.048416 -1.655522 1.330873
1.037532 -1.640320 1.326824
1.089211 -1.647359 1.287888
1.098719 -1.653934 1.320820
1.033014 -1.631703 1.477927
0.985135 -1.654418 1.286912
0.993367 -1.655827 1.337188
0.986229 -1.645327 1.334060
1.045338 -1.642289 1.358212
1.041770 -1.653406 1.324958
1.032774 -1.647477 1.293180
1.098617 -1.636356 1.383962
1.049870 -1.629125 1.518198
1.087213 -1.650426 1.317819
1.082650 -1.650074 1.303550
0.982621 -1.638852 1.483565
0.931965 -1.655798 1.294433
0.936294 -1.650762 1.341347
0.932580 -1.645843 1.341404
0.990267 -1.642826 1.363552
0.988973 -1.656289 1.329717
0.979528 -1.649288 1.298740
1.056316 -1.624833 1.555370
0.996663 -1.633518 1.522289
1.026183 -1.617937 1.767972
1.031172 -1.652073 1.320363
1.023787 -1.646136 1.306989
0.926516 -1.635497 1.488078
0.935664 -1.663116 1.481666
0.944903 -1.616456 1.724168
0.880410 -1.654338 1.300231
0.889608 -1.660278 1.348415
0.883395 -1.648890 1.347105
0.938350 -1.645271 1.368188
0.934753 -1.656618 1.333962
0.922936 -1.645107 1.303084
0.990710 -1.642818 1.390640
1.002086 -1.627955 1.557160
0.939500 -1.629107 1.523523
0.969506 -1.617180 1.766934
0.980242 -1.658848 1.323882
0.879326 -1.644365 1.493995
0.973339 -1.653771 1.310686
0.885463 -1.664876 1.485063
0.893047 -1.621485 1.727345
0.838037 -1.659051 1.353250
0.835698 -1.654320 1.354322
0.830889 -1.658509 1.307235
0.887792 -1.648144 1.372877
0.897013 -1.600191 2.047628
0.885059 -1.659043 1.338516
0.877088 -1.654409 1.309048
0.984055 -1.615093 1.805320
0.936909 -1.644450 1.393113
0.890739 -1.633449 1.527450
0.952485 -1.635346 1.559749
0.912649 -1.612103 1.764934
0.924452 -1.654666 1.326142
0.917581 -1.649375 1.313923
0.825939 -1.641866 1.498616
0.833936 -1.666253 1.488435
0.841109 -1.624366 1.730048
0.787374 -1.657174 1.358936
0.779747 -1.655777 1.312749
0.782253 -1.649460 1.359444
0.837633 -1.649726 1.377267
0.833558 -1.660226 1.342869
0.824558 -1.651487 1.313538
0.930428 -1.614085 1.803087
0.884270 -1.642165 1.394662
0.897000 -1.630498 1.558774
0.840170 -1.636550 1.531174
0.866373 -1.623127 1.769257
0.873739 -1.655828 1.328400
0.868792 -1.653975 1.316886
0.776182 -1.642136 1.502704
0.782836 -1.666123 1.492483
0.833218 -1.666224 1.462246
0.788509 -1.622064 1.731613
0.879170 -1.663412 1.435600
0.739957 -1.659377 1.364401
0.728453 -1.648502 1.318274
0.732947 -1.648009 1.365183
0.787389 -1.649157 1.381181
0.783284 -1.659881 1.345810
0.776238 -1.654364 1.318160
0.788631 -1.599717 2.044628
0.879864 -1.619992 1.804365
0.833601 -1.643120 1.397905
0.848805 -1.638122 1.562405
0.789967 -1.638577 1.533624
0.813324 -1.622580 1.769181
0.823554 -1.657655 1.331823
0.815722 -1.650649 1.319255
0.724900 -1.637675 1.505789
0.733443 -1.665321 1.495295
0.781477 -1.663515 1.463684
0.739186 -1.623628 1.733931
0.828444 -1.664809 1.436894
0.684411 -1.656748 1.324983
0.688714 -1.654728 1.368475
0.685446 -1.648060 1.370173
0.737060 -1.646436 1.384621
0.830046 -1.623512 1.804054
0.734498 -1.661919 1.350267
0.728893 -1.658982 1.323146
0.783778 -1.643861 1.400049
0.739992 -1.606468 2.048095
0.798951 -1.639064 1.563568
0.739611 -1.636062 1.536085
0.766498 -1.630619 1.772864
0.772291 -1.655830 1.333443
0.764872 -1.647294 1.321540
0.676992 -1.639254 1.510117
0.684925 -1.664087 1.497982
0.731192 -1.663406 1.465662
0.689427 -1.624139 1.737064
0.772827 -1.655465 1.435954
0.643594 -1.659317 1.373378
0.638873 -1.660048 1.331664
0.640868 -1.653073 1.377203
0.691169 -1.653646 1.390143
0.774313 -1.615009 1.799208
0.684534 -1.658130 1.352433
0.678961 -1.654979 1.326289
0.733520 -1.643548 1.403006
0.750073 -1.641746 1.565095
0.691190 -1.637007 1.539262
1.103749 -1.634156 1.406697
0.721636 -1.641902 1.778238
0.723346 -1.656149 1.335467
0.718943 -1.654726 1.326084
0.632388 -1.644479 1.516172
0.634979 -1.660297 1.500155
1.084332 -1.649571 1.305249
0.682262 -1.663725 1.467692
1.076722 -1.642367 1.310059
0.642561 -1.629832 1.741261
0.722512 -1.655594 1.436964
1.098298 -1.656438 1.403773
0.636391 -1.661303 1.701437
0.594177 -1.663130 1.337242
0.597458 -1.659817 1.378429
0.595311 -1.656608 1.382919
0.643039 -1.651135 1.392532
0.731826 -1.630810 1.804486
0.639386 -1.662956 1.356366
0.633365 -1.658732 1.331024
0.686409 -1.645140 1.405252
0.698606 -1.635809 1.564779
1.072064 -1.622993 1.587037
0.643131 -1.636877 1.541162
1.045750 -1.632701 1.407584
0.665189 -1.625836 1.772753
0.678259 -1.663364 1.338909
0.671835 -1.656332 1.328336
0.586325 -1.647367 1.520736
0.588786 -1.661231 1.503255
0.635066 -1.663154 1.469458
1.026367 -1.647916 1.307118
0.596948 -1.633777 1.745018
1.021143 -1.645218 1.311838
0.676405 -1.661523 1.438102
0.690819 -1.666736 1.628544
0.589759 -1.663978 1.702895
0.552642 -1.660959 1.382552
0.535425 -1.626505 1.336456
0.549088 -1.654955 1.387493
0.596973 -1.654042 1.397100
0.679214 -1.621628 1.800405
0.593321 -1.665870 1.360936
0.589121 -1.662909 1.335808
0.641713 -1.651051 1.408388
1.015848 -1.623235 1.586197
0.651127 -1.638725 1.567345
0.599568 -1.646245 1.547093
0.616599 -1.625282 1.772530
0.993429 -1.639608 1.409140
0.630201 -1.663275 1.340820
0.624770 -1.657745 1.331575
0.544523 -1.665625 1.507066
0.542801 -1.656535 1.527652
0.588462 -1.665640 1.471900
0.973012 -1.650735 1.308812
0.629180 -1.661188 1.438898
0.551376 -1.637528 1.749762
0.966854 -1.646106 1.314156
0.983128 -1.653550 1.403482
1.011371 -1.656156 1.596950
0.640370 -1.665160 1.627133
0.541370 -1.657789 1.701398
1.006615 -1.612394 1.839643
0.553118 -1.656917 1.401578
0.630591 -1.621298 1.799206
0.550017 -1.672005 1.365104
0.593666 -1.650973 1.410308
0.962443 -1.626475 1.585942
0.603909 -1.638391 1.568146
0.571444 -1.630331 1.775497
0.553353 -1.647425 1.549229
0.938052 -1.636832 1.409647
0.583977 -1.664469 1.342956
0.541009 -1.654710 1.972620
0.500749 -1.670903 1.511063
0.579988 -1.661518 1.334238
0.489220 -1.630246 1.524902
0.543209 -1.668553 1.474391
0.917638 -1.647976 1.309326
0.914862 -1.649351 1.315906
0.503256 -1.635267 1.751201
0.582167 -1.665230 1.440685
0.929247 -1.655964 1.403062
0.590562 -1.659019 1.623643
0.951471 -1.609363 1.834952
0.583963 -1.623994 1.800672
0.550333 -1.657334 1.413503
0.907880 -1.623681 1.584367
0.564242 -1.657276 1.574031
0.888759 -1.640886 1.411481
0.509611 -1.652489 1.554203
0.526330 -1.635186 1.779450
0.544963 -1.655702 1.929046
0.869798 -1.654620 1.311696
0.863160 -1.649134 1.316866
0.538226 -1.668782 1.442243
0.880411 -1.661103 1.404101
0.902567 -1.659907 1.592830
0.544390 -1.662831 1.624322
0.899377 -1.613455 1.832800
0.539166 -1.627974 1.802361
0.859158 -1.630984 1.585899
0.516874 -1.652421 1.574850
0.836585 -1.639815 1.412271
0.480994 -1.635932 1.781461
0.547905 -1.662205 1.889802
0.816662 -1.651851 1.312140
0.811400 -1.646548 1.318325
0.826867 -1.659861 1.403881
0.846517 -1.655011 1.588794
0.497037 -1.660816 1.622708
0.849049 -1.616439 1.831362
0.493387 -1.630479 1.802735
0.859969 -1.654005 1.868224
0.810346 -1.636139 1.586954
0.786221 -1.640245 1.412314
0.434677 -1.635201 1.782156
0.498192 -1.658492 1.885845
0.766816 -1.652937 1.313341
0.764043 -1.654316 1.319924
0.776508 -1.660300 1.403927
0.796820 -1.660855 1.589017
0.801181 -1.623518 1.831793
0.449600 -1.636008 1.805770
0.809460 -1.662897 1.867119
0.757929 -1.631185 1.584831
0.450689 -1.654747 1.881797
0.733973 -1.637048 1.412641
0.718296 -1.654665 1.313619
0.712584 -1.648288 1.320605
0.723268 -1.655618 1.402931
0.748555 -1.669516 1.588805
0.746130 -1.612960 1.824405
0.398110 -1.613426 1.796610
0.756177 -1.661437 1.861731
0.709902 -1.633750 1.585292
0.688393 -1.643705 1.414966
0.670686 -1.655732 1.314755
0.666906 -1.652787 1.322447
0.674664 -1.655181 1.402737
0.695168 -1.663095 1.585383
0.699020 -1.617669 1.823260
0.660794 -1.632670 1.583940
0.641656 -1.644323 1.415962
0.624540 -1.659401 1.316424
0.618832 -1.653025 1.323413
0.629076 -1.662094 1.404096
0.644105 -1.658818 1.582358
0.651985 -1.621966 1.824078
0.615483 -1.636084 1.584493
0.652593 -1.663529 1.853019
0.595488 -1.648218 1.416662
0.578858 -1.664172 1.317307
0.578081 -1.668549 1.326546
0.581253 -1.659077 1.403290
0.594608 -1.659316 1.580364
0.603105 -1.617847 1.819981
0.571872 -1.646227 1.587542
0.601695 -1.664049 1.849032
0.553810 -1.661814 1.420422
0.536066 -1.664725 1.404357
0.547247 -1.657383 1.578764
0.559500 -1.627981 1.823028
0.524548 -1.644084 1.586922
0.547913 -1.652045 1.840265
0.502144 -1.665435 1.579352
0.513189 -1.630157 1.821299
0.501472 -1.659684 1.840811
0.466225 -1.626931 1.819399
0.454285 -1.662580 1.838260
0.418514 -1.618958 1.814403
0.408614 -1.667639 1.838196
0.370976 -1.605337 1.808122
1.123318 -1.603185 1.471171
1.117314 -1.618356 1.410157
1.109432 -1.612226 1.391235
1.144107 -1.618568 1.373823
1.110061 -1.617107 1.400865
1.106004 -1.611094 1.401493
1.098156 -1.610643 1.411996
1.099945 -1.620010 1.393699
1.110118 -1.621178 1.474276
1.071824 -1.609595 1.477212
1.064283 -1.621063 1.415291
1.058329 -1.620540 1.398788
1.075611 -1.601161 1.500903
1.066387 -1.619696 1.526396
1.101172 -1.621144 1.438546
1.089080 -1.611197 1.411524
1.086123 -1.617044 1.374892
1.079553 -1.605274 1.524667
1.058548 -1.623779 1.405939
1.055660 -1.619345 1.406942
1.063206 -1.621946 1.500341
1.046028 -1.617017 1.414945
1.045127 -1.620852 1.396332
1.077468 -1.600109 1.537010
1.054677 -1.621711 1.474779
1.017274 -1.608357 1.482408
1.007402 -1.616675 1.419740
1.001664 -1.614810 1.402889
1.020226 -1.600965 1.504320
1.016848 -1.627398 1.531686
1.049012 -1.628013 1.439555
1.037153 -1.616480 1.413155
1.028224 -1.611093 1.527454
1.033985 -1.623676 1.376875
1.004927 -1.625968 1.409922
1.000303 -1.618922 1.411334
1.015777 -1.634402 1.505761
0.993191 -1.618899 1.417798
0.991493 -1.623293 1.399348
1.024954 -1.604597 1.538453
1.003128 -1.629134 1.476951
0.967980 -1.614486 1.488325
0.959299 -1.624148 1.427005
0.950658 -1.618094 1.410189
1.034542 -1.630161 1.603606
0.974773 -1.614453 1.509957
1.009673 -1.598155 1.724915
0.958973 -1.620829 1.532508
0.989927 -1.620360 1.438059
0.981965 -1.615457 1.414291
0.975742 -1.615353 1.529874
0.978784 -1.622902 1.377042
1.020318 -1.596620 1.746125
0.951536 -1.626831 1.413564
0.947710 -1.619229 1.414814
0.957887 -1.628083 1.505613
0.973134 -1.587772 1.935642
0.938831 -1.617086 1.419747
0.938286 -1.623305 1.400703
0.971484 -1.606425 1.538210
0.950500 -1.629929 1.478490
0.916379 -1.617232 1.494471
0.909069 -1.627380 1.432208
0.901599 -1.622907 1.415768
0.942504 -1.595445 1.695889
0.977901 -1.629875 1.600835
0.955614 -1.599182 1.724483
0.923120 -1.617931 1.513193
0.914349 -1.633539 1.538959
0.940933 -1.629870 1.439671
0.937333 -1.641818 1.730459
0.927574 -1.614141 1.414303
0.922533 -1.615362 1.531228
0.898799 -1.623675 1.416165
0.965055 -1.596557 1.743378
0.924997 -1.622137 1.378212
0.895945 -1.618753 1.419109
0.966218 -1.583910 2.000104
0.911497 -1.638677 1.510535
0.949010 -1.588515 1.970648
0.964567 -1.632541 1.955699
0.922399 -1.594388 1.938621
0.886451 -1.616314 1.421917
0.885908 -1.622536 1.402873
0.920966 -1.611976 1.539880
0.898082 -1.629641 1.478717
0.868123 -1.621497 1.499890
0.858483 -1.628495 1.436882
0.849139 -1.617687 1.420936
0.876769 -1.605675 1.672171
0.895523 -1.605237 1.700620
0.961007 -1.625251 1.859230
0.920765 -1.623750 1.597619
0.871555 -1.616357 1.516169
0.900830 -1.595958 1.722985
0.864695 -1.637818 1.543383
0.881817 -1.634332 1.727892
0.890060 -1.633308 1.440811
0.872102 -1.615856 1.532639
0.916463 -1.603607 1.743316
0.876917 -1.616235 1.415096
0.873972 -1.622100 1.378470
0.848199 -1.625042 1.419871
0.847097 -1.622488 1.423376
0.912324 -1.584321 1.996413
0.858151 -1.635232 1.511013
0.896322 -1.590023 1.969273
0.930886 -1.582042 2.017231
0.909843 -1.631565 1.907376
0.868215 -1.591702 1.938280
0.838157 -1.621332 1.424433
0.837244 -1.625420 1.404853
0.870873 -1.615098 1.539889
0.848986 -1.635212 1.481393
0.816432 -1.616214 1.502958
0.808919 -1.627726 1.441050
0.801329 -1.619287 1.425666
0.848168 -1.613157 1.703851
0.829452 -1.613112 1.677344
0.909191 -1.635020 1.857877
0.855208 -1.606487 1.725806
0.872935 -1.635103 1.598641
0.822692 -1.620340 1.519467
0.815463 -1.639667 1.546145
0.829834 -1.631358 1.727424
0.834795 -1.624276 1.438877
0.865177 -1.605385 1.741976
0.822054 -1.618505 1.534593
0.827655 -1.618581 1.415920
0.826836 -1.628954 1.380393
0.800745 -1.629029 1.424169
0.798688 -1.623549 1.426950
0.862952 -1.591684 1.997484
0.807755 -1.635510 1.513403
0.845433 -1.593433 1.970406
0.880521 -1.586965 2.015637
0.859065 -1.639201 1.906486
0.817934 -1.595666 1.940573
0.788566 -1.621064 1.426665
0.789177 -1.629114 1.407026
0.818086 -1.612948 1.538619
0.799729 -1.637565 1.482220
0.768997 -1.619959 1.508227
0.760535 -1.628554 1.445598
0.754502 -1.623589 1.432095
0.782359 -1.619223 1.682174
0.795625 -1.609162 1.704170
0.804767 -1.607239 1.726251
0.855676 -1.637860 1.853765
0.824376 -1.642207 1.598595
0.770995 -1.615321 1.521571
0.763397 -1.632514 1.547713
0.781894 -1.638760 1.729505
0.815656 -1.609551 1.741204
0.785898 -1.629021 1.439273
0.771862 -1.617692 1.535668
0.752545 -1.629007 1.426429
0.752626 -1.627786 1.431277
0.776883 -1.616989 1.416810
0.777005 -1.630536 1.381038
0.812234 -1.594494 1.995362
0.783423 -1.644843 1.688822
0.758736 -1.636283 1.514853
0.796505 -1.598129 1.970787
0.828598 -1.588681 2.011199
0.804448 -1.635645 1.900770
0.769415 -1.602020 1.943433
0.742474 -1.625796 1.429054
0.740768 -1.630447 1.409638
0.770585 -1.617678 1.540009
0.747037 -1.630371 1.480695
0.720832 -1.619451 1.512428
0.714127 -1.630422 1.450363
0.711755 -1.633680 1.438867
0.749903 -1.615764 1.708057
0.730277 -1.612314 1.682773
0.757843 -1.612747 1.727824
0.803573 -1.640712 1.850655
0.725872 -1.622733 1.525653
0.769090 -1.633683 1.594728
0.715783 -1.633286 1.550161
0.733453 -1.640320 1.731140
0.723646 -1.617919 1.536959
0.763070 -1.606308 1.738618
0.707077 -1.634054 1.430949
0.736855 -1.630303 1.438790
0.730778 -1.621974 1.418232
0.707884 -1.637351 1.435900
0.728568 -1.632371 1.381714
0.763526 -1.597860 1.995396
0.709941 -1.635730 1.515960
0.730479 -1.639480 1.685705
0.748574 -1.605285 1.973835
0.779853 -1.592532 2.009292
0.754319 -1.639530 1.897875
0.717076 -1.596934 1.942437
0.696409 -1.630304 1.432419
0.694688 -1.635202 1.412034
0.720585 -1.616032 1.538801
0.698617 -1.631962 1.482341
0.676352 -1.626939 1.519611
0.669266 -1.636026 1.456042
0.666737 -1.635800 1.443661
0.699932 -1.613620 1.708786
0.684216 -1.616560 1.687100
0.708436 -1.611635 1.727769
0.680602 -1.626680 1.528853
0.751112 -1.641449 1.847014
0.720186 -1.638694 1.594159
0.668763 -1.634867 1.552802
0.685804 -1.641585 1.731647
0.677563 -1.622672 1.539353
0.718648 -1.618480 1.741828
0.660731 -1.635217 1.438629
0.661604 -1.639365 1.434504
0.691486 -1.639826 1.440320
0.682934 -1.624614 1.419100
0.680939 -1.633667 1.382233
0.712887 -1.595881 1.992050
0.683417 -1.641541 1.686401
0.664463 -1.641036 1.519512
0.732674 -1.599875 2.009270
0.698344 -1.604961 1.972967
0.676129 -1.636076 1.641923
0.704431 -1.641845 1.895605
0.670560 -1.604108 1.946488
0.650922 -1.635866 1.435006
0.649770 -1.641801 1.413839
0.675070 -1.621825 1.540412
0.654861 -1.640133 1.484517
0.630738 -1.628523 1.523250
0.624982 -1.642684 1.460943
0.619766 -1.636921 1.448249
0.639347 -1.622160 1.692775
0.653844 -1.618369 1.711178
0.663670 -1.621446 1.731418
0.637849 -1.637046 1.534660
0.623519 -1.638593 1.556977
0.700414 -1.644578 1.843940
0.670551 -1.639454 1.592522
0.637424 -1.638595 1.731087
0.633240 -1.629813 1.542312
0.667876 -1.613060 1.737609
0.615769 -1.642561 1.437527
0.614699 -1.639516 1.442972
0.644446 -1.641927 1.441028
0.638002 -1.631465 1.419936
0.665738 -1.603004 1.993005
0.634859 -1.638701 1.383667
0.635993 -1.641486 1.686566
0.619190 -1.645259 1.521750
0.688614 -1.614182 2.013012
0.647966 -1.601173 1.971219
0.628481 -1.637621 1.641470
0.622943 -1.604891 1.948935
0.657646 -1.651370 1.896131
0.603165 -1.633459 1.435615
0.601448 -1.638364 1.415232
0.588207 -1.637560 1.528712
0.633369 -1.639589 1.543952
0.608197 -1.644380 1.485764
0.572950 -1.621970 1.461120
0.567012 -1.611688 1.448324
0.591010 -1.618699 1.694161
0.607411 -1.620758 1.714007
0.614694 -1.617924 1.729705
0.590688 -1.635181 1.536424
0.580601 -1.645740 1.560932
0.646478 -1.637058 1.837197
0.621353 -1.637539 1.590192
0.593681 -1.646531 1.734230
0.623899 -1.622580 1.740130
0.587972 -1.634049 1.544552
0.558741 -1.608815 1.433472
0.560162 -1.612413 1.440548
0.597029 -1.642156 1.440235
0.615547 -1.598373 1.988971
0.588351 -1.643045 1.686115
0.574880 -1.652430 1.524714
0.633139 -1.598834 2.001212
0.604167 -1.613676 1.976558
0.604569 -1.638468 1.887993
0.584304 -1.648513 1.644346
0.577998 -1.615580 1.954873
0.550876 -1.614844 1.433236
0.552235 -1.627184 1.414672
0.533673 -1.610457 1.526291
0.587502 -1.643288 1.545036
0.558380 -1.632650 1.484044
0.530276 -1.627548 1.465703
0.524922 -1.618057 1.453096
0.547112 -1.627269 1.700567
0.562894 -1.629023 1.718286
0.571326 -1.628009 1.733386
0.535552 -1.607537 1.532845
0.533451 -1.643897 1.562701
0.547668 -1.646494 1.735394
0.598580 -1.640449 1.835152
0.577749 -1.649477 1.592289
0.566149 -1.642278 1.986760
0.577210 -1.627073 1.740402
0.536232 -1.616713 1.540419
0.518642 -1.619822 1.444538
0.518334 -1.622639 1.439070
0.571580 -1.607649 1.992458
0.552910 -1.648490 1.440916
0.541005 -1.618387 1.418050
0.545203 -1.651799 1.689450
0.536543 -1.620569 1.380524
0.564417 -1.647992 1.936774
0.517651 -1.615945 1.516868
0.588940 -1.609701 2.004077
0.557711 -1.616316 1.978414
0.557645 -1.644552 1.887642
0.532162 -1.618530 1.958857
0.507806 -1.618790 1.435348
0.491230 -1.614453 1.531496
0.505721 -1.621562 1.414430
0.532297 -1.616635 1.537578
0.512373 -1.632893 1.484252
0.484394 -1.621982 1.468557
0.517857 -1.631684 1.721146
0.526429 -1.634400 1.736162
0.492864 -1.613373 1.536461
0.483930 -1.625756 1.560373
0.519125 -1.640046 1.984288
0.532616 -1.657722 1.593480
0.549311 -1.643635 1.833088
0.529614 -1.624070 1.737751
0.491037 -1.616154 1.541434
0.527833 -1.615599 1.995598
0.499873 -1.625875 1.436500
0.517569 -1.649011 1.936159
0.476133 -1.623369 1.520858
0.542635 -1.611983 2.001706
0.512217 -1.621905 1.980996
0.509602 -1.644491 1.884717
0.486121 -1.622850 1.963194
0.486875 -1.617678 1.537973
0.501431 -1.647074 1.831052
0.481530 -1.622009 1.997376
0.497110 -1.618075 2.002350
0.463491 -1.650064 1.884211
0.456666 -1.657481 1.832776
1.056377 -1.542312 1.695622
1.010072 -1.525011 1.771749
1.002944 -1.545974 1.694871
1.005960 -1.550421 1.815286
1.063218 -1.528231 1.710771
0.955826 -1.526762 1.770217
0.977203 -1.520703 1.956862
0.952575 -1.554470 1.813619
1.022731 -1.524333 1.784868
1.022871 -1.542606 1.742634
1.011283 -1.533729 1.712938
0.958404 -1.548768 2.035643
0.926032 -1.526595 1.955985
0.973056 -1.532062 1.786908
0.974026 -1.552267 1.745469
0.958400 -1.535095 1.712350
0.902704 -1.549096 2.030280
0.977198 -1.516809 1.956582
0.873350 -1.530347 1.953143
0.969002 -1.551763 1.873447
1.032490 -1.535608 1.733777
1.039208 -1.535816 1.778216
1.032533 -1.520892 1.786075
0.922368 -1.534923 1.788051
0.925087 -1.519148 1.955327
0.916195 -1.553880 1.871011
0.976462 -1.532133 1.734394
0.989593 -1.544517 1.781721
0.978186 -1.521613 1.787340
0.977640 -1.517870 1.947557
0.876211 -1.527906 1.956726
0.984088 -1.548055 1.924275
1.043507 -1.528893 1.754304
0.937422 -1.546198 1.782338
0.933076 -1.534987 1.793900
1.036985 -1.518531 1.788803
0.927194 -1.524675 1.950271
0.933709 -1.555607 1.925135
0.993730 -1.535606 1.759141
1.000951 -1.534410 1.820290
0.988775 -1.527775 1.794696
0.875704 -1.526045 1.949699
0.968891 -1.515098 1.935809
0.939054 -1.531769 1.760697
0.955096 -1.547194 1.826588
0.937917 -1.528683 1.797173
0.945200 -1.548487 1.978948
0.919072 -1.520894 1.939203
0.893888 -1.552508 1.979437
0.869978 -1.526965 1.943805
