# .PCD v0.7 - Point Cloud Data file format
VERSION 0.7
FIELDS x y z
SIZE 4 4 4
TYPE F F F
COUNT 1 1 1
WIDTH 6729
HEIGHT 1
VIEWPOINT 0 0 0 1
POINTS 6729
DATA ascii
-1.499321 5.511470 1.016500
-1.474274 5.506655 0.959060
-1.448771 5.528378 0.904879
-1.333179 5.728252 0.472501
-1.523391 5.894721 0.898255
-1.496067 5.965395 0.820249
-1.317324 5.844968 0.403856
-1.591878 6.093472 1.040184
-1.268695 5.875335 0.272699
-1.557642 6.093225 0.972477
-1.350274 5.999123 0.450957
-1.531987 6.141570 0.906423
-1.320956 6.108085 0.382995
-1.165071 6.079954 -0.075738
-1.276235 6.185752 0.231839
-1.547616 5.625903 1.227987
-1.550433 5.691745 1.158484
-1.520480 5.725059 1.076072
-1.571835 5.909152 1.179259
-1.409570 5.955612 0.760783
-1.162140 5.898787 0.106732
-1.335100 5.991167 0.555999
-1.184475 5.968187 0.157875
-1.211486 6.046864 0.213824
-1.499729 5.926000 0.859692
-1.228823 5.913617 0.204549
-1.435956 5.987300 0.733237
-1.256467 6.007711 0.252646
-1.209784 6.124202 0.095974
-1.553197 5.439900 1.149170
-1.488096 5.420826 0.993914
-1.543499 5.481265 1.144951
-1.560670 5.458839 1.175678
-1.509110 5.419543 1.047236
-1.451305 5.439081 0.872182
-1.489460 5.474299 0.986313
-1.524753 5.420208 1.095242
-1.555689 5.503465 1.173726
-1.510153 5.469751 1.042355
-1.543095 5.419303 1.147336
-1.381224 5.431138 0.709959
-1.440550 5.483372 0.867268
-1.494134 5.532662 0.979800
-1.578185 5.608298 1.138925
-1.453581 5.448782 0.889646
-1.529356 5.470753 1.090846
-1.595075 5.581686 1.172734
-1.517149 5.526353 1.036627
-1.546052 5.466354 1.145219
-1.398668 5.430583 0.759976
-1.381528 5.488572 0.698850
-1.520224 5.610549 0.971219
-1.297811 5.421535 0.520470
-1.582426 5.665133 1.136847
-1.453619 5.500975 0.884437
-1.459665 5.457334 0.898563
-1.522633 5.514795 1.087624
-1.456197 5.416606 0.910205
-1.586047 5.626430 1.171550
-1.411607 5.432788 0.803909
-1.598467 5.595073 1.194060
-1.553765 5.516766 1.142923
-1.546018 5.601899 1.030038
-1.401296 5.486254 0.749651
-1.277367 5.449984 0.428106
-1.300115 5.414044 0.535600
-1.370508 5.538464 0.691733
-1.295992 5.477098 0.507626
-1.580548 5.719295 1.134151
-1.431178 5.436087 0.850064
-1.512665 5.662517 0.966290
-1.540430 5.578247 1.084422
-1.464832 5.514180 0.893641
-1.457107 5.468575 0.907045
-1.591493 5.685253 1.171623
-1.414737 5.486943 0.795166
-1.604039 5.651099 1.195241
-1.531685 5.645723 1.027100
-1.400285 5.542407 0.740928
-1.597523 5.614058 1.216374
-1.204697 5.439831 0.263336
-1.308247 5.411222 0.537553
-1.294732 5.401608 0.544681
-1.295203 5.458463 0.478916
-1.277108 5.510899 0.412254
-1.465133 5.672013 0.842829
-1.295695 5.467176 0.525062
-1.433572 5.486624 0.843200
-1.399459 5.625045 0.672151
-1.297478 5.538590 0.493055
-1.552523 5.639372 1.081442
-1.479331 5.630678 0.869832
-1.513953 5.725420 0.960758
-1.480294 5.580430 0.886850
-1.487248 5.545294 0.900531
-1.590904 5.739533 1.171820
-1.203880 5.410885 0.290187
-1.577384 5.631680 1.140311
-1.419481 5.544470 0.786601
-1.325688 5.421329 0.581909
-1.292117 5.397523 0.550085
-1.537860 5.709195 1.022490
-1.202637 5.427775 0.234882
-1.415604 5.613530 0.727405
-1.310398 5.468517 0.523218
-1.297755 5.458674 0.532395
-1.200490 5.500166 0.243725
-1.295900 5.518321 0.463037
-1.472903 5.739896 0.835587
-1.434520 5.538684 0.837609
-1.300655 5.530875 0.510236
-1.555066 5.694685 1.078469
-1.286772 5.591733 0.483245
-1.476026 5.686482 0.865971
-1.399393 5.689802 0.660559
-1.485259 5.640879 0.882912
-1.518139 5.792855 0.955478
-1.481094 5.594590 0.899607
-1.577951 5.681282 1.139514
-1.210134 5.477943 0.267360
-1.437909 5.615470 0.775169
-1.330949 5.478496 0.569668
-1.300805 5.457834 0.537218
-1.535398 5.765691 1.020309
-1.175075 5.533137 0.138829
-1.200620 5.489151 0.214947
-1.218222 5.445813 0.282800
-1.315029 5.529994 0.508295
-1.419558 5.678043 0.717506
-1.301437 5.520170 0.520316
-1.196615 5.562707 0.224226
-1.079818 5.465589 -0.047930
-1.314986 5.598027 0.438107
-1.457834 5.610251 0.827102
-1.209855 5.450668 0.284902
-1.473730 5.803360 0.828867
-1.295616 5.587261 0.499845
-1.592341 5.907014 1.130752
-1.294595 5.661993 0.365375
-1.563857 5.758496 1.077196
-1.113478 5.511719 0.012631
-1.483347 5.753904 0.860341
-1.311690 5.680614 0.456362
-1.484934 5.699358 0.880036
-1.403006 5.761768 0.647713
-1.517035 5.858319 0.951261
-1.585218 5.739845 1.138808
-1.483374 5.654472 0.897238
-1.209870 5.427539 0.299367
-1.203785 5.535255 0.251273
-1.444142 5.679155 0.765683
-1.334802 5.537292 0.556254
-1.302797 5.516774 0.527048
-1.239208 5.463880 0.330417
-1.542239 5.833575 1.015918
-1.124632 5.422157 0.097098
-1.189111 5.619227 0.100622
-1.215842 5.504859 0.265216
-1.203681 5.558181 0.189305
-1.332927 5.605627 0.486852
-1.415656 5.738261 0.708527
-1.300740 5.579573 0.508903
-1.454319 5.662076 0.821442
-1.217608 5.653194 0.185507
-1.310228 5.658593 0.424639
-1.098739 5.557562 -0.101736
-1.209625 5.511688 0.266623
-1.124556 5.510401 -0.006554
-1.561445 5.814050 1.075393
-1.320166 5.673818 0.475311
-1.291643 5.731987 0.348263
-1.482815 5.817031 0.855631
-1.485852 5.759923 0.876871
-1.111094 5.583667 -0.018685
-1.305404 5.744563 0.443431
-1.075697 5.417278 -0.035133
-1.398769 5.828398 0.638606
-1.486940 5.715505 0.894950
-1.517504 5.928084 0.946857
-1.212703 5.489373 0.282807
-1.351096 5.608500 0.537457
-1.439052 5.735301 0.760189
-1.057914 5.479351 -0.123840
-1.204539 5.603956 0.230489
-1.124226 5.537920 0.029753
-1.237333 5.521406 0.314414
-1.301647 5.575718 0.517243
-1.544205 5.899841 1.013430
-1.328715 5.663741 0.475335
-1.214342 5.638117 0.157729
-1.181373 5.687943 0.078075
-1.327029 5.666714 0.485648
-1.420605 5.809405 0.698948
-1.207324 5.717499 0.168450
-1.307452 5.724854 0.409007
-1.203197 5.569821 0.252622
-1.105345 5.641896 -0.146253
-1.476506 5.942753 0.816826
-1.563583 5.876585 1.074380
-1.312732 5.732765 0.466236
-1.135681 5.524073 0.052556
-1.485594 5.885040 0.852013
-1.285551 5.801985 0.331520
-1.489997 5.827241 0.874057
-1.120730 5.669737 -0.061849
-1.305815 5.818502 0.427782
-1.034625 5.443211 -0.023291
-1.074463 5.552648 -0.140058
-1.495057 5.783517 0.893454
-1.399079 5.903043 0.627478
-1.350448 5.666948 0.526424
-1.525916 6.008891 0.942252
-1.214543 5.553185 0.265917
-1.442934 5.800615 0.752386
-1.085641 5.505628 -0.078214
-1.069927 5.564940 -0.173937
-1.215125 5.684708 0.200997
-1.261237 5.605726 0.281605
-1.334017 5.666454 0.494246
-1.546920 5.968663 1.011891
-1.129117 5.557884 0.042847
-1.329502 5.730337 0.460186
-1.229295 5.648585 0.213906
-1.201166 5.696841 0.143249
-1.130852 5.509493 0.086097
-1.320010 5.726015 0.477414
-1.181690 5.768020 0.047990
-1.427951 5.886590 0.688043
-1.162123 5.547975 0.103381
-1.226348 5.660200 0.218845
-1.207696 5.795597 0.141551
-1.568662 5.942718 1.073989
-1.312196 5.802849 0.389518
-1.313272 5.803906 0.451696
-1.596617 5.916469 1.140283
-1.127186 5.660177 -0.074102
-1.148594 5.606307 0.012953
-1.487424 5.954086 0.848431
-1.096025 5.506652 -0.039667
-1.493607 5.895947 0.872117
-1.081341 5.497044 -0.067705
-1.281028 5.876276 0.314588
-1.085260 5.563889 -0.105983
-1.303992 5.892314 0.412099
-1.111292 5.526850 -0.025883
-1.496229 5.847108 0.892475
-1.113216 5.744601 -0.090649
-1.353017 5.733187 0.512921
-1.435527 5.858499 0.746126
-1.405587 5.988142 0.614865
-1.238147 5.642986 0.233341
-1.067929 5.560183 -0.154246
-1.540074 6.099692 0.937771
-1.085109 5.576390 -0.109949
-1.252618 5.662797 0.267937
-1.131077 5.692451 -0.037109
-1.212979 5.757475 0.179948
-1.323524 5.722511 0.489080
-1.558437 6.049337 1.009375
-1.143096 5.644897 0.004284
-1.326687 5.796477 0.447006
-1.221326 5.711129 0.197629
-1.141165 5.587218 0.054424
-1.319264 5.794956 0.465613
-1.203260 5.776564 0.114808
-1.426609 5.957738 0.679191
-1.175713 5.847074 0.021440
-1.178052 5.631948 0.065123
-1.585518 6.023384 1.073598
-1.217882 5.723218 0.203807
-1.308296 5.872831 0.375268
-1.199171 5.870245 0.120489
-1.312726 5.877851 0.438895
-1.147906 5.678706 -0.014626
-1.123172 5.737355 -0.105608
-1.488626 6.026409 0.844984
-1.094713 5.573706 -0.067079
-1.494935 5.965482 0.869772
-1.089890 5.576275 -0.106281
-1.350831 5.795018 0.502427
-1.498513 5.914557 0.892912
-1.094459 5.649620 -0.149983
-1.299761 5.968711 0.397721
-1.279631 5.960227 0.294455
-1.106887 5.823523 -0.122921
-1.437335 5.928604 0.739731
-1.227664 5.700199 0.222926
-1.404605 6.070244 0.603645
-1.539177 6.177724 0.935361
-1.246885 5.725452 0.251705
-1.212852 5.835006 0.157106
-1.126249 5.766843 -0.064655
-1.324143 5.790756 0.478093
-1.326760 5.868194 0.431263
-1.133693 5.710124 -0.015973
-1.226114 5.790381 0.170442
-1.149614 5.666108 0.023192
-1.321864 5.868891 0.452459
-1.201713 5.856769 0.087976
-1.433573 6.042258 0.667793
-1.172708 5.697036 0.044106
-1.588110 6.093953 1.073776
-1.169564 5.929848 -0.006571
-1.214826 5.795070 0.185982
-1.308356 5.954215 0.356682
-1.198203 5.956728 0.093131
-1.138455 5.745900 -0.038063
-1.312014 5.955519 0.424632
-1.108261 5.661406 -0.109284
-1.120310 5.819520 -0.140950
-1.497011 6.037572 0.868378
-1.346327 5.858600 0.491163
-1.120385 5.681615 -0.095141
-1.503195 5.988049 0.892024
-1.439885 6.002304 0.731471
-1.301770 6.055667 0.379421
-1.226930 5.770294 0.205880
-1.282281 6.053699 0.270727
-1.253093 5.802023 0.228514
-1.411890 6.166632 0.589513
-1.327617 5.864462 0.466988
-1.206936 5.911042 0.136568
-1.122034 5.847627 -0.095171
-1.325759 5.942712 0.417268
-1.134034 5.789266 -0.045675
-1.222145 5.863381 0.150209
-1.146576 5.739116 0.000111
-1.315704 5.937616 0.443443
-1.195746 5.934771 0.064259
-1.426777 6.114121 0.661358
-1.163725 5.762606 0.024695
-1.216355 5.875040 0.163690
-1.171628 6.029922 -0.043493
-1.308334 6.037445 0.337371
-1.138209 5.828415 -0.070076
-1.311550 6.037252 0.409743
-1.192230 6.044390 0.066574
-1.103467 5.734871 -0.136454
-1.343394 5.926483 0.479710
-1.513271 6.130239 0.865661
-1.114356 5.752980 -0.122011
-1.509867 6.066189 0.891787
-1.229782 5.850500 0.184026
-1.308981 6.156101 0.356489
-1.246612 5.870726 0.211325
-1.279230 6.143804 0.250045
-1.322783 5.933417 0.458415
-1.207668 5.999030 0.110130
-1.408761 6.255363 0.578981
-1.115828 5.932372 -0.126352
-1.322485 6.018042 0.402875
-1.132384 5.872369 -0.076042
-1.220524 5.944394 0.125469
-1.143454 5.813972 -0.023696
-1.320369 6.024000 0.428840
-1.165310 5.843832 -0.005298
-1.195015 6.026362 0.033464
-1.436223 6.211432 0.649353
-1.215937 5.958038 0.141101
-1.308932 6.126024 0.317906
-1.165345 6.125132 -0.075431
-1.133953 5.910120 -0.100949
-1.309641 6.120498 0.396135
-1.344549 6.002962 0.465028
-1.188611 6.139015 0.038329
-1.523571 6.155487 0.891749
-1.221858 5.919683 0.170932
-1.241287 5.943375 0.193111
-1.307932 6.249806 0.339276
-1.320760 6.008765 0.449357
-1.205545 6.090166 0.083797
-1.323671 6.103247 0.385724
-1.216132 6.026691 0.101570
-1.125405 5.953394 -0.102895
-1.143591 5.896717 -0.052410
-1.322803 6.110258 0.414208
-1.161107 5.923563 -0.032985
-1.188998 6.114940 0.006555
-1.216592 6.046842 0.116751
-1.298949 6.209641 0.303381
-1.132826 6.002507 -0.137833
-1.317192 6.222094 0.376134
-1.160501 6.228465 -0.111472
-1.217980 5.998392 0.154241
-1.239679 6.023332 0.171199
-1.326260 6.095834 0.436445
-1.200981 6.184800 0.058408
-1.322956 6.190545 0.368647
-1.214052 6.116889 0.075613
-1.141328 5.982030 -0.079811
-1.124572 6.047881 -0.137223
-1.322016 6.197341 0.402024
-1.155458 6.004807 -0.059391
-1.191108 6.222676 -0.030000
-1.210592 6.133339 0.095477
-1.211784 6.078846 0.136783
-1.237321 6.109343 0.148325
-1.140547 6.074540 -0.110949
-1.212543 6.214404 0.046321
-1.150422 6.092440 -0.088764
-1.206948 6.226802 0.072515
-1.219383 6.181697 0.109093
-1.237771 6.202778 0.122153
-1.131834 6.162543 -0.136266
-1.151986 6.193988 -0.127220
-1.543042 5.465891 1.206697
-1.456419 5.427129 0.961274
-1.439097 5.443672 0.936056
-1.452765 5.472230 0.955775
-1.543449 5.562068 1.198917
-1.586315 5.605606 1.220384
-1.441812 5.495678 0.928107
-1.456008 5.435780 0.977194
-1.458234 5.522802 0.949376
-1.460374 5.446079 0.983949
-1.337667 5.434331 0.662507
-1.573267 5.634641 1.196303
-1.583466 5.652192 1.218627
-1.441826 5.548014 0.921387
-1.454972 5.482271 0.972176
-1.483797 5.591795 0.940820
-1.318050 5.462142 0.621992
-1.456727 5.491181 0.978433
-1.340169 5.491128 0.650333
-1.471854 5.447470 1.027697
-1.460150 5.443317 0.984072
-1.572799 5.687308 1.193264
-1.487260 5.406761 1.079192
-1.579672 5.699825 1.216918
-1.235232 5.427038 0.400531
-1.358211 5.442941 0.707079
-1.468965 5.621464 0.910224
-1.468568 5.540164 0.967028
-1.479925 5.641413 0.935960
-1.320652 5.517048 0.610515
-1.458594 5.542209 0.973674
-1.220354 5.439872 0.376722
-1.453216 5.405017 0.993542
-1.472576 5.494530 1.023932
-1.336173 5.543823 0.639526
-1.461255 5.491646 0.980791
-1.567967 5.737867 1.190895
-1.487313 5.449399 1.075166
-1.584004 5.754771 1.216461
-1.317868 5.458623 0.634307
-1.234671 5.483144 0.384211
-1.357818 5.495049 0.697064
-1.462727 5.673779 0.904281
-1.486825 5.603298 0.960958
-1.475536 5.692415 0.931986
-1.473814 5.603620 0.966267
-1.322219 5.574871 0.598376
-1.222410 5.497508 0.358447
-1.367245 5.448889 0.749040
-1.459165 5.454853 0.990765
-1.472877 5.541244 1.019315
-1.253193 5.442703 0.447144
-1.347147 5.610423 0.623828
-1.492974 5.496084 1.072606
-1.486920 5.558619 0.975368
-1.225216 5.425419 0.390856
-1.572498 5.797838 1.189494
-1.323944 5.515742 0.622545
-1.233978 5.542050 0.366814
-1.355628 5.547375 0.687862
-1.479111 5.649279 0.958315
-1.462907 5.731902 0.898678
-1.481840 5.753198 0.926959
-1.321189 5.456926 0.636943
-1.479400 5.660932 0.960632
-1.313912 5.624358 0.591030
-1.369134 5.500175 0.739377
-1.216115 5.552059 0.344458
-1.457616 5.502585 0.989065
-1.489950 5.601344 1.013870
-1.504626 5.548241 1.069549
-1.257008 5.500911 0.430121
-1.357941 5.680608 0.609143
-1.486566 5.609372 0.973020
-1.385578 5.456575 0.791528
-1.220433 5.476458 0.378713
-1.578270 5.859899 1.187795
-1.320861 5.568164 0.613746
-1.131740 5.423915 0.180356
-1.369359 5.612551 0.673709
-1.471782 5.696533 0.956144
-1.268857 5.459463 0.488516
-1.141869 5.543252 0.115157
-1.457776 5.788969 0.893804
-1.490622 5.818171 0.921352
-1.325560 5.512393 0.626706
-1.481004 5.717412 0.956154
-1.374021 5.554115 0.730682
-1.335495 5.702739 0.571116
-1.500531 5.582346 0.984001
-1.492638 5.653974 1.010399
-1.217478 5.614808 0.325635
-1.291055 5.425890 0.540859
-1.387182 5.504561 0.784524
-1.254274 5.555808 0.416558
-1.486598 5.661395 0.971143
-1.370314 5.755238 0.591845
-1.221980 5.535472 0.361311
-1.321618 5.459328 0.639405
-1.067595 5.523264 -0.072672
-1.223142 5.460422 0.386226
-1.585570 5.927057 1.188018
-1.314314 5.618217 0.607652
-1.130351 5.475115 0.216478
-1.377304 5.677116 0.661538
-1.128654 5.585002 0.096707
-1.070065 5.436325 0.011223
-1.491392 5.768493 0.950555
-1.244599 5.679839 0.323766
-1.271058 5.514147 0.473723
-1.481695 5.870655 0.919049
-1.462866 5.856412 0.886683
-1.325520 5.566539 0.619231
-1.399014 5.626753 0.714932
-1.061332 5.550648 -0.081720
-1.482567 5.774821 0.951307
-1.033947 5.421706 -0.053921
-1.043373 5.431655 -0.077038
-1.335474 5.765777 0.558828
-1.495286 5.707532 1.006562
-1.478997 5.618399 0.985233
-1.512131 5.646721 1.064259
-1.231112 5.692079 0.298270
-1.183019 5.468118 0.255712
-1.391263 5.556742 0.776941
-1.286029 5.472713 0.531725
-1.491291 5.718662 0.968343
-1.278447 5.637074 0.386997
-1.219590 5.592566 0.347864
-1.363741 5.814977 0.583022
-1.324710 5.513481 0.631530
-1.224311 5.518013 0.370777
-1.339801 5.699146 0.588288
-1.160578 5.561774 0.172118
-1.223479 5.447091 0.392671
-1.375709 5.735711 0.651846
-1.489872 5.824811 0.948900
-1.276595 5.573843 0.457582
-1.146404 5.670685 0.054301
-1.203793 5.435611 0.316703
-1.245176 5.749573 0.303688
-1.488070 5.939102 0.914428
-1.324111 5.621391 0.610963
-1.388146 5.673778 0.709864
-1.464402 5.923360 0.881552
-1.146993 5.685455 0.056387
-1.490790 5.842124 0.946220
-1.507297 5.770496 1.003692
-1.521379 5.702348 1.062186
-1.342162 5.837909 0.544209
-1.497512 5.685313 0.983431
-1.226653 5.755137 0.281058
-1.182917 5.524667 0.237740
-1.415925 5.627022 0.763495
-1.287853 5.525975 0.518880
-1.090456 5.548236 -0.013283
-1.491146 5.774275 0.967466
-1.266896 5.689476 0.376512
-1.247959 5.679799 0.313741
-1.324676 5.567627 0.624043
-1.140106 5.421922 0.200839
-1.224156 5.575219 0.357334
-1.344543 5.867821 0.577428
-1.344582 5.764619 0.576139
-1.182411 5.646270 0.131688
-1.228213 5.505018 0.377649
-1.491256 5.885660 0.947500
-1.290172 5.643006 0.437091
-1.376974 5.799770 0.642055
-1.202544 5.488051 0.302168
-1.133371 5.609546 0.111844
-1.073153 5.566176 -0.048681
-1.129757 5.727295 0.038725
-1.111600 5.507504 0.062759
-1.241345 5.817985 0.286368
-1.486663 6.002294 0.911102
-1.341999 5.693170 0.596761
-1.392299 5.733763 0.700256
-1.523223 5.754143 1.059453
-1.500315 5.819959 1.001613
-1.486574 5.898921 0.943340
-1.140566 5.752736 0.033685
-1.465331 5.993563 0.876592
-1.045945 5.562569 -0.131158
-1.336790 5.900666 0.534724
-1.492711 5.735683 0.983463
-1.041587 5.561056 -0.140254
-1.406099 5.671125 0.759068
-1.289161 5.580616 0.506921
-1.224535 5.825191 0.262198
-1.175749 5.579446 0.221680
-1.497373 5.836631 0.966575
-1.264621 5.753448 0.361392
-1.080169 5.515068 0.001776
-1.320752 5.619069 0.618421
-1.239694 5.738135 0.301538
-1.238029 5.647648 0.334149
-1.065221 5.514080 -0.049861
-1.042092 5.494244 -0.053933
-1.349244 5.943760 0.564619
-1.140567 5.574483 0.136632
-1.342764 5.827715 0.567073
-1.227630 5.561726 0.365784
-1.170129 5.704975 0.115400
-1.495969 5.951514 0.944727
-1.285984 5.700306 0.424420
-1.206295 5.548219 0.281927
-1.368314 5.856577 0.634232
-1.150322 5.693288 0.072957
-1.087079 5.648458 -0.093790
-1.110342 5.570016 0.038139
-1.129187 5.803114 0.009543
-1.531006 5.812187 1.058285
-1.392465 5.792902 0.691774
-1.490630 6.074201 0.907430
-1.347637 5.759304 0.586248
-1.239046 5.891755 0.266044
-1.505259 5.881288 0.998164
-1.492053 5.967470 0.939072
-1.504111 5.801749 0.983170
-1.467925 6.066177 0.872130
-1.406493 5.725593 0.752360
-1.139053 5.829590 0.004549
-1.331619 5.968418 0.524247
-1.308441 5.652081 0.486122
-1.189978 5.654477 0.191262
-1.226137 5.901641 0.239982
-1.499186 5.897809 0.965955
-1.097298 5.693348 -0.081371
-1.259268 5.816442 0.346964
-1.134140 5.530033 0.110138
-1.085723 5.585069 -0.029364
-1.340310 5.693259 0.604715
-1.233449 5.801238 0.287535
-1.235004 5.708892 0.320466
-1.066080 5.579767 -0.080435
-1.060928 5.577366 -0.103079
-1.156003 5.652677 0.103131
-1.348647 6.018631 0.552509
-1.340870 5.892668 0.557264
-1.226115 5.619463 0.353954
-1.495851 6.015719 0.943857
-1.163853 5.769270 0.096153
-1.281245 5.759915 0.412264
-1.370173 5.926900 0.623918
-1.528016 5.862321 1.057433
-1.142675 5.758286 0.052928
-1.082351 5.718542 -0.123324
-1.128696 5.653305 -0.004875
-1.381385 5.844436 0.687300
-1.124649 5.878079 -0.018501
-1.507936 5.943295 0.996773
-1.339035 5.815017 0.581207
-1.505018 6.161354 0.903004
-1.097440 5.538411 0.018088
-1.090580 5.534509 -0.005466
-1.236579 5.969102 0.246715
-1.077312 5.525087 -0.034262
-1.406378 5.781446 0.746538
-1.492701 6.034370 0.936718
-1.504265 5.860358 0.984445
-1.301790 5.705037 0.476443
-1.331929 6.043161 0.511717
-1.479187 6.153474 0.865653
-1.132668 5.905712 -0.023032
-1.188590 5.719500 0.170434
-1.221964 5.977481 0.219739
-1.505527 5.966898 0.965792
-1.131275 5.588869 0.090188
-1.092097 5.763880 -0.109665
-1.102237 5.669645 -0.074361
-1.347337 5.758678 0.594964
-1.263583 5.892420 0.325944
-1.154173 5.609830 0.136848
-1.233917 5.873576 0.268749
-1.236171 5.775968 0.304658
-1.151917 5.718020 0.083536
-1.336704 5.958291 0.549512
-1.346163 6.095589 0.540490
-1.241676 5.694298 0.331279
-1.213560 5.673965 0.241702
-1.284166 5.827712 0.395270
-1.497310 6.084229 0.942812
-1.532160 5.921752 1.057528
-1.165013 5.846573 0.067842
-1.373184 6.001181 0.612589
-1.134043 5.825256 0.032581
-1.116918 5.711510 -0.022450
-1.387754 5.914052 0.677357
-1.509624 6.007284 0.995065
-1.344891 5.886151 0.569717
-1.508250 6.239170 0.900846
-1.119035 5.956882 -0.047576
-1.412638 5.844182 0.738251
-1.096159 5.601681 -0.004473
-1.496683 6.106281 0.933008
-1.088356 5.598968 -0.030415
-1.080271 5.593543 -0.063463
-1.304509 5.767684 0.462834
-1.503523 5.919073 0.986116
-1.230989 6.046435 0.227762
-1.133718 5.994688 -0.057232
-1.185314 5.786607 0.149701
-1.509263 6.034591 0.965114
-1.214283 6.051888 0.201835
-1.144161 5.664715 0.056522
-1.091231 5.730529 -0.093423
-1.347723 5.822671 0.587954
-1.164822 5.685280 0.108056
-1.255698 5.961693 0.311430
-1.229503 5.945192 0.251520
-1.238064 5.846661 0.286998
-1.149504 5.785933 0.062031
-1.338821 6.032665 0.538582
-1.215736 5.739327 0.221294
-1.242466 5.759953 0.317422
-1.534934 5.981889 1.056826
-1.511370 6.169028 0.940675
-1.282587 5.896063 0.380318
-1.160099 5.919973 0.044175
-1.373542 6.074854 0.602833
-1.136788 5.906989 0.001648
-1.393516 5.986919 0.667579
-1.516402 6.076845 0.993268
-1.112669 5.780852 -0.048378
-1.411874 5.904220 0.732225
-1.343296 5.954099 0.562089
-1.103784 5.675519 -0.037050
-1.120383 6.049134 -0.084465
-1.302010 5.827400 0.450661
-1.096841 5.673768 -0.066205
-1.086144 5.666805 -0.097304
-1.512528 5.988611 0.986783
-1.503006 6.185043 0.930085
-1.181909 5.856509 0.127882
-1.127321 6.080467 -0.087576
-1.514146 6.106103 0.965866
-1.136285 5.725622 0.037050
-1.216129 6.142071 0.176257
-1.157839 5.745793 0.093059
-1.354010 5.893996 0.579728
-1.085185 5.800080 -0.118535
-1.255855 6.040421 0.292557
-1.227480 6.022862 0.232990
-1.237595 5.919893 0.270681
-1.147726 5.859333 0.037960
-1.534672 6.040148 1.057219
-1.208749 5.799856 0.206289
-1.339387 6.111339 0.527870
-1.243170 5.827469 0.302835
-1.276216 5.961824 0.367637
-1.518028 6.249851 0.940310
-1.155010 5.997100 0.019065
-1.371967 6.151553 0.592811
-1.417868 5.972412 0.724217
-1.531460 6.159664 0.991416
-1.391876 6.055810 0.659576
-1.106579 5.851342 -0.073857
-1.129944 5.983400 -0.022283
-1.347175 6.029037 0.552407
-1.301043 5.892353 0.437956
-1.100531 5.742729 -0.060245
-1.092692 5.741229 -0.091432
-1.086233 5.739307 -0.126727
-1.109197 6.132321 -0.112538
-1.512326 6.054409 0.990047
-1.180514 5.931188 0.104279
-1.525693 6.187498 0.966366
-1.135125 5.795759 0.012792
-1.118950 6.170195 -0.118544
-1.157145 5.815199 0.072438
-1.214286 6.234561 0.151591
-1.349519 5.957264 0.574260
-1.254936 6.122991 0.272651
-1.545822 6.111663 1.057162
-1.222804 6.099924 0.216030
-1.231098 5.988438 0.256921
-1.208052 5.869277 0.185660
-1.139828 5.929769 0.018177
-1.239038 5.893331 0.290164
-1.274849 6.035171 0.351707
-1.417314 6.037453 0.717216
-1.391860 6.128064 0.651751
-1.153801 6.086740 -0.013112
-1.379578 6.241529 0.579878
-1.102838 5.928960 -0.103440
-1.129684 6.071984 -0.054515
-1.303323 5.964184 0.423182
-1.347455 6.104420 0.544353
-1.100530 5.816955 -0.087954
-1.087559 5.810660 -0.116978
-1.530379 6.139748 0.991603
-1.175520 6.006305 0.082303
-1.135077 5.870928 -0.015283
-1.154090 5.887143 0.053160
-1.348699 6.027753 0.567560
-1.254224 6.210563 0.251781
-1.226990 6.063037 0.241856
-1.219957 6.185504 0.195858
-1.203755 5.939141 0.166660
-1.138940 6.012720 -0.009069
-1.242429 5.970037 0.274026
-1.275781 6.116443 0.333760
-1.416672 6.104213 0.711932
-1.392049 6.205327 0.642963
-1.148656 6.174461 -0.041346
-1.301240 6.033908 0.409073
-1.100975 6.014299 -0.138323
-1.092739 5.885640 -0.109482
-1.126547 6.164629 -0.086959
-1.174202 6.088778 0.056649
-1.127239 5.940557 -0.037177
-1.148767 5.959898 0.033491
-1.345270 6.096703 0.562789
-1.225613 6.146041 0.223168
-1.200657 6.012024 0.147000
-1.236706 6.041123 0.261198
-1.136166 6.097752 -0.036225
-1.277776 6.203537 0.314082
-1.296930 6.103368 0.397376
-1.141490 6.267068 -0.070563
-1.119904 6.255841 -0.117068
-1.170098 6.173445 0.031496
-1.127226 6.024452 -0.067661
-1.147121 6.040007 0.010143
-1.195200 6.087589 0.126235
-1.230850 6.114864 0.249724
-1.130221 6.183563 -0.060919
-1.310617 6.198397 0.374495
-1.124945 6.109152 -0.098536
-1.147351 6.127694 -0.016063
-1.196753 6.175519 0.100449
-1.236575 6.208225 0.229156
-1.132439 6.285983 -0.096524
-1.305909 6.276110 0.361995
-1.118548 6.195680 -0.126895
-1.148219 6.220860 -0.044842
-1.196420 6.265531 0.074752
-1.496946 5.429399 1.132419
-1.463030 5.411570 1.035217
-1.514049 5.434418 1.183977
-1.496918 5.474491 1.126042
-1.470932 5.459939 1.028250
-1.471221 5.426346 1.049168
-1.515806 5.479136 1.179232
-1.497281 5.520856 1.120134
-1.402734 5.437239 0.858575
-1.464387 5.500071 1.023609
-1.472985 5.471054 1.044420
-1.531974 5.486343 1.225569
-1.474893 5.433524 1.055343
-1.514073 5.521672 1.174759
-1.342086 5.423660 0.700444
-1.429846 5.406011 0.951028
-1.420341 5.442965 0.903638
-1.399575 5.483402 0.849763
-1.493121 5.564161 1.016366
-1.474238 5.517162 1.040554
-1.470487 5.475504 1.052454
-1.527126 5.574524 1.170512
-1.347243 5.475427 0.688704
-1.447787 5.414979 0.993388
-1.428186 5.447717 0.944468
-1.416771 5.487730 0.896798
-1.345055 5.426332 0.708853
-1.470374 5.443886 1.062021
-1.524373 5.636120 1.108427
-1.410289 5.541060 0.838770
-1.302891 5.452217 0.587048
-1.483409 5.605258 1.011743
-1.494251 5.575284 1.035395
-1.553404 5.584868 1.221183
-1.499235 5.538547 1.048025
-1.444386 5.455071 0.988369
-1.346265 5.523524 0.679177
-1.544417 5.633037 1.166574
-1.427307 5.491980 0.938854
-1.346867 5.426272 0.710569
-1.425812 5.541904 0.888073
-1.351966 5.478657 0.698381
-1.474707 5.490777 1.059856
-1.486731 5.656106 1.006073
-1.517532 5.683609 1.103320
-1.427889 5.605856 0.826137
-1.300936 5.503366 0.574388
-1.322505 5.464586 0.629589
-1.332401 5.427892 0.680274
-1.254765 5.470472 0.434642
-1.491044 5.621202 1.031471
-1.552489 5.629014 1.218017
-1.496484 5.583880 1.045305
-1.448397 5.499852 0.983641
-1.436451 5.543347 0.931220
-1.535090 5.675418 1.162424
-1.344740 5.573959 0.670163
-1.352944 5.476854 0.701229
-1.442679 5.602154 0.877667
-1.349214 5.526078 0.690030
-1.211776 5.471673 0.323546
-1.507763 5.557616 1.056467
-1.492997 5.711464 1.000642
-1.526769 5.742554 1.098502
-1.344983 5.429687 0.710382
-1.421479 5.654721 0.819047
-1.274886 5.539293 0.571800
-1.256903 5.459818 0.447706
-1.337599 5.478718 0.668893
-1.320137 5.514338 0.618900
-1.228129 5.437428 0.387914
-1.259340 5.527589 0.417418
-1.351925 5.443160 0.719273
-1.490850 5.669761 1.028516
-1.559798 5.679469 1.216455
-1.491055 5.628659 1.044165
-1.455834 5.548671 0.977912
-1.461184 5.607699 0.922312
-1.545276 5.732253 1.160375
-1.373684 5.648151 0.650312
-1.348807 5.524880 0.694529
-1.350313 5.577879 0.681514
-1.256094 5.446810 0.452443
-1.436759 5.649497 0.872143
-1.501462 5.601592 1.056099
-1.208367 5.527372 0.306173
-1.495259 5.766049 0.996360
-1.350580 5.480742 0.702285
-1.530674 5.800511 1.094399
-1.342733 5.531405 0.656780
-1.416686 5.707880 0.811765
-1.254538 5.510606 0.434198
-1.320358 5.628677 0.539752
-1.327337 5.571778 0.604988
-1.231473 5.492576 0.368538
-1.352347 5.489607 0.710905
-1.249029 5.574968 0.406937
-1.165033 5.505531 0.191502
-1.247818 5.460497 0.424828
-1.561383 5.727657 1.215134
-1.490591 5.720183 1.024828
-1.476340 5.606301 0.971501
-1.264096 5.430308 0.480395
-1.496039 5.681822 1.041478
-1.134549 5.496946 0.079223
-1.451873 5.650064 0.918150
-1.543235 5.782000 1.157866
-1.367186 5.699800 0.642118
-1.256860 5.440123 0.453828
-1.347743 5.574725 0.686713
-1.155870 5.469676 0.226539
-1.375744 5.649783 0.664380
-1.256352 5.498966 0.439434
-1.445158 5.708787 0.862828
-1.103085 5.493051 -0.004640
-1.501210 5.650975 1.055226
-1.489668 5.815476 0.993385
-1.233306 5.606143 0.270961
-1.348231 5.528391 0.697216
-1.343025 5.581575 0.646948
-1.358041 5.538895 0.701085
-1.537559 5.862036 1.090900
-1.253825 5.564750 0.420862
-1.416650 5.765287 0.803910
-1.335766 5.632225 0.590410
-1.323387 5.690001 0.525161
-1.230756 5.547769 0.352390
-1.269136 5.649133 0.379633
-1.164240 5.564678 0.168997
-1.047327 5.406446 0.097406
-1.241516 5.508649 0.413197
-1.562455 5.777248 1.214691
-1.138487 5.428614 0.254697
-1.498910 5.779126 1.022854
-1.471884 5.650121 0.967864
-1.058836 5.488151 -0.136495
-1.264938 5.479187 0.467234
-1.049616 5.483130 -0.170339
-1.081277 5.509809 -0.105406
-1.497050 5.733278 1.040303
-1.124139 5.549210 0.062015
-1.446024 5.695531 0.913349
-1.370644 5.760413 0.631174
-1.099713 5.471723 -0.015445
-1.258906 5.491904 0.442452
-1.382785 5.652336 0.669537
-1.149640 5.518028 0.136027
-1.371032 5.701056 0.657818
-1.173130 5.538627 0.194459
-1.253063 5.549759 0.428774
-1.503101 5.702190 1.056093
-1.428674 5.751355 0.859827
-1.101382 5.554411 -0.032368
-1.484012 5.866767 0.989677
-1.178754 5.433874 0.241904
-1.158009 5.479191 0.208679
-1.355804 5.585947 0.689035
-1.380152 5.603958 0.686046
-1.355887 5.643130 0.632057
-1.227159 5.663134 0.254430
-1.283602 5.643806 0.391433
-1.526984 5.912699 1.088752
-1.340157 5.692832 0.576614
-1.249187 5.619503 0.324544
-1.414739 5.824813 0.796133
-1.317144 5.747704 0.513163
-1.188290 5.456773 0.263533
-1.255759 5.571694 0.391028
-1.262122 5.704271 0.366684
-1.114612 5.514289 0.014532
-1.183424 5.643149 0.130846
-1.498530 5.832219 1.020511
-1.474771 5.700494 0.963791
-1.179418 5.513487 0.208897
-1.265681 5.530864 0.452977
-1.050546 5.546439 -0.163213
-1.510581 5.795885 1.038961
-1.115546 5.470067 0.054978
-1.459189 5.758021 0.906274
-1.139795 5.627487 0.020956
-1.546765 5.891998 1.154228
-1.069702 5.502969 -0.114371
-1.373099 5.823947 0.619537
-1.085814 5.459483 -0.037776
-1.079252 5.455486 -0.036396
-1.256041 5.543043 0.432629
-1.094115 5.528470 -0.038119
-1.374100 5.701914 0.664489
-1.367550 5.755343 0.650589
-1.278487 5.624791 0.403198
-1.166731 5.592681 0.099308
-1.199816 5.620039 0.154888
-1.434755 5.812293 0.852195
-1.501399 5.754035 1.056135
-1.115741 5.493901 0.033235
-1.492168 5.930354 0.985868
-1.182090 5.488890 0.224965
-1.372566 5.648852 0.679967
-1.111386 5.628551 -0.072457
-1.170463 5.544698 0.179248
-1.377310 5.654162 0.676590
-1.354664 5.697625 0.622409
-1.217398 5.720633 0.239517
-1.129869 5.456416 0.106014
-1.273105 5.695723 0.381566
-1.327978 5.741278 0.569019
-1.528504 5.974163 1.085597
-1.247438 5.678536 0.307334
-1.193392 5.513514 0.242605
-1.471580 5.746387 0.959849
-1.261119 5.632395 0.371927
-1.416680 5.888711 0.788189
-1.315657 5.809651 0.500590
-1.107694 5.569765 -0.005765
-1.492884 5.882459 1.019611
-1.270190 5.776000 0.345268
-1.179410 5.704060 0.110426
-1.180871 5.571666 0.189224
-1.283876 5.595487 0.431739
-1.504096 5.844390 1.039199
-1.118318 5.530557 0.030112
-1.449726 5.803991 0.903088
-1.067218 5.630537 -0.159442
-1.137937 5.692445 -0.005793
-1.548843 5.950076 1.153370
-1.062361 5.559141 -0.138322
-1.365994 5.879780 0.611113
-1.084676 5.517451 -0.063212
-1.083822 5.517812 -0.067699
-1.283668 5.619096 0.406715
-1.375017 5.758240 0.656581
-1.110770 5.605905 -0.084117
-1.131036 5.496246 0.061752
-1.274165 5.679429 0.391476
-1.382194 5.827934 0.636233
-1.161072 5.650235 0.078712
-1.510991 5.814007 1.056670
-1.439418 5.874757 0.845844
-1.190611 5.675191 0.139458
-1.378878 5.705346 0.669262
-1.492437 5.989719 0.983003
-1.112376 5.550733 0.010585
-1.101373 5.477250 -0.008518
-1.182225 5.545810 0.207673
-1.184115 5.614141 0.148785
-1.374320 5.706932 0.670929
-1.107327 5.693530 -0.101683
-1.362104 5.759930 0.609945
-1.136260 5.516395 0.079526
-1.218904 5.789402 0.216663
-1.273885 5.757866 0.366569
-1.476121 5.800109 0.955945
-1.339159 5.811810 0.552484
-1.242979 5.737947 0.291337
-1.262026 5.691860 0.355579
-1.533749 6.042687 1.083628
-1.503537 5.950099 1.017654
-1.267345 5.839695 0.329078
-1.199243 5.646294 0.157828
-1.280103 5.647787 0.419503
-1.122034 5.647811 -0.047263
-1.314006 5.876258 0.486189
-1.174810 5.769286 0.087340
-1.506181 5.902465 1.038339
-1.449737 5.859402 0.898399
-1.127541 5.599932 -0.002854
-1.129785 5.757363 -0.029342
-1.066923 5.627400 -0.151776
-1.091763 5.584979 -0.097925
-1.367002 5.945763 0.600386
-1.057048 5.622043 -0.167252
-1.281132 5.673359 0.396626
-1.074266 5.571799 -0.086056
-1.382306 5.823111 0.647914
-1.141238 5.562582 0.031923
-1.104558 5.667882 -0.109829
-1.372491 5.754180 0.662149
-1.273661 5.739376 0.379223
-1.367699 5.876985 0.633133
-1.507908 5.866437 1.058352
-1.186154 5.735636 0.120642
-1.127309 5.624456 -0.028252
-1.431443 5.928748 0.841003
-1.156577 5.712664 0.056720
-1.106792 5.540262 -0.038146
-1.204640 5.620270 0.175493
-1.498595 6.058100 0.980621
-1.352549 5.809733 0.602843
-1.370850 5.760167 0.666508
-1.176722 5.669035 0.132539
-1.472808 5.848677 0.953348
-1.202022 5.633170 0.200200
-1.270628 5.820172 0.352352
-1.332898 5.869379 0.542920
-1.215926 5.857869 0.196197
-1.261965 5.753312 0.338904
-1.238424 5.800149 0.274240
-1.505558 6.010023 1.016056
-1.279370 5.702837 0.405789
-1.535893 6.110310 1.082398
-1.265698 5.907329 0.311856
-1.191725 5.703871 0.142934
-1.120989 5.715432 -0.075518
-1.305382 5.937465 0.475135
-1.174893 5.841668 0.060138
-1.520303 5.972156 1.038556
-1.456154 5.922420 0.893314
-1.126603 5.663713 -0.027201
-1.128539 5.830569 -0.059792
-1.281958 5.733522 0.384804
-1.370467 6.017769 0.588330
-1.375635 5.878241 0.643136
-1.372120 5.809348 0.654167
-1.142117 5.625062 0.009578
-1.272671 5.800836 0.365397
-1.369200 5.941446 0.623972
-1.513852 5.927845 1.060138
-1.119508 5.612845 -0.074199
-1.199811 5.677348 0.161828
-1.437660 5.997356 0.833725
-1.121106 5.685385 -0.051154
-1.499030 6.124215 0.978479
-1.154599 5.780297 0.031316
-1.183243 5.803285 0.098092
-1.351109 5.869690 0.593440
-1.380307 5.826993 0.657136
-1.175331 5.732355 0.109801
-1.474572 5.904643 0.949925
-1.146944 5.644976 0.024065
-1.199899 5.690908 0.182505
-1.267730 5.884678 0.338239
-1.330904 5.932714 0.531215
-1.258357 5.813401 0.324575
-1.277220 5.759416 0.393355
-1.214950 5.932946 0.173197
-1.501798 6.068504 1.016781
-1.239911 5.868789 0.253824
-1.187695 5.764656 0.124952
-1.110782 5.775581 -0.097277
-1.265180 5.980769 0.292872
-1.310912 6.015266 0.458464
-1.460375 5.984406 0.888561
-1.517903 6.029924 1.040080
-1.172233 5.915355 0.033782
-1.124275 5.729133 -0.052716
-1.278779 5.792913 0.374127
-1.368648 5.863616 0.646925
-1.371255 6.089215 0.577850
-1.376656 5.943178 0.635218
-1.124518 5.906015 -0.089761
-1.141191 5.687789 -0.011960
-1.373580 6.012275 0.614320
-1.270230 5.864757 0.352486
-1.517988 5.989501 1.062732
-1.196695 5.736959 0.146253
-1.108994 5.667764 -0.090076
-1.084462 5.792377 -0.156417
-1.502445 6.193893 0.976938
-1.116582 5.749779 -0.076333
-1.346178 5.927468 0.584302
-1.479316 5.964177 0.947106
-1.180725 5.872198 0.076008
-1.151654 5.849912 0.005581
-1.378814 5.886722 0.652626
-1.171687 5.795461 0.089476
-1.141205 5.704267 0.005175
-1.201164 5.754658 0.160629
-1.269936 5.956686 0.320848
-1.277620 5.820268 0.377875
-1.253391 5.874198 0.309444
-1.329591 6.001399 0.519357
-1.515174 6.146110 1.015312
-1.235585 5.936915 0.235365
-1.209972 6.007246 0.151340
-1.184796 5.831250 0.105208
-1.258951 6.050892 0.276936
-1.458391 6.044604 0.885293
-1.515860 6.089898 1.041708
-1.166898 5.988482 0.009000
-1.312337 6.095092 0.441843
-1.124017 5.799294 -0.080033
-1.362947 5.917790 0.639651
-1.278996 5.857266 0.362079
-1.382755 6.015501 0.626470
-1.372691 6.166941 0.566851
-1.136227 5.750677 -0.032720
-1.127304 5.992543 -0.127726
-1.521188 6.052211 1.065361
-1.375698 6.083939 0.604270
-1.274222 5.936394 0.336730
-1.191739 5.797754 0.131118
-1.487006 6.028213 0.944527
-1.108417 5.734786 -0.117136
-1.351495 5.998281 0.571794
-1.115415 5.821113 -0.106059
-1.380750 5.950477 0.647111
-1.182434 5.948852 0.048606
-1.148580 5.923247 -0.021619
-1.172236 5.867246 0.063470
-1.135886 5.764939 -0.015695
-1.193621 5.813152 0.145359
-1.273533 5.880824 0.364784
-1.265103 6.025162 0.306074
-1.253919 5.943776 0.291509
-1.332511 6.076777 0.504992
-1.230715 6.007370 0.217412
-1.189650 5.906821 0.080241
-1.206191 6.085481 0.128448
-1.462813 6.112404 0.881628
-1.260762 6.134068 0.255154
-1.166045 6.074359 -0.022087
-1.121532 5.869353 -0.107384
-1.370596 5.985889 0.628264
-1.275241 5.919912 0.351540
-1.136014 5.818851 -0.056864
-1.379293 6.080128 0.620934
-1.486418 6.086752 0.942416
-1.529439 6.122195 1.069610
-1.273787 6.006913 0.321280
-1.378953 6.160359 0.595270
-1.194470 5.869397 0.110032
-1.348543 6.062545 0.562565
-1.380779 6.017285 0.641308
-1.170109 5.938470 0.039039
-1.177434 6.024071 0.026375
-1.144507 5.999496 -0.049516
-1.138246 5.837508 -0.045328
-1.195116 5.882825 0.122121
-1.271582 5.944255 0.350619
-1.248312 6.009694 0.275786
-1.266634 6.103217 0.287726
-1.227914 6.082564 0.197656
-1.469691 6.186226 0.876634
-1.186915 5.981202 0.058404
-1.203898 6.171726 0.103900
-1.256828 6.214860 0.236056
-1.370332 6.049655 0.620266
-1.165065 6.163949 -0.054642
-1.276981 5.991339 0.338199
-1.486578 6.148775 0.940883
-1.129987 5.886513 -0.079054
-1.383878 6.156765 0.612365
-1.194068 5.941070 0.089318
-1.274034 6.082776 0.305677
-1.349309 6.134914 0.551710
-1.383728 6.243861 0.584981
-1.390251 6.094450 0.633634
-1.162625 6.008592 0.017764
-1.173658 6.103338 0.000663
-1.131797 5.904822 -0.068358
-1.143341 6.082220 -0.080353
-1.193902 5.952872 0.100095
-1.271699 6.012429 0.334652
-1.248199 6.084387 0.257259
-1.265779 6.184792 0.270331
-1.178534 6.050399 0.040345
-1.370360 6.117491 0.611641
-1.165632 6.260725 -0.090936
-1.494404 6.220481 0.938657
-1.277753 6.064749 0.324527
-1.125193 5.957176 -0.101913
-1.387046 6.234925 0.605074
-1.190507 6.012659 0.071423
-1.274641 6.160835 0.290174
-1.387961 6.162901 0.629510
-1.188236 6.021688 0.080820
-1.160597 6.089467 -0.009492
-1.131709 5.982762 -0.097773
-1.173562 6.192680 -0.029855
-1.269944 6.082718 0.318760
-1.135460 6.164556 -0.108832
-1.246147 6.163061 0.238076
-1.180321 6.136581 0.012560
-1.373780 6.190285 0.601649
-1.278815 6.142229 0.310233
-1.133238 6.046419 -0.138884
-1.189429 6.090384 0.049757
-1.395434 6.244854 0.623267
-1.184181 6.095837 0.058546
-1.136264 6.069834 -0.134473
-1.158049 6.172785 -0.038679
-1.268479 6.157077 0.302250
-1.174531 6.289688 -0.062860
-1.186243 6.232252 -0.018815
-1.379663 6.269095 0.590333
-1.286249 6.229280 0.292369
-1.190393 6.173776 0.025924
-1.182135 6.176588 0.033738
-1.161319 6.269058 -0.073740
-1.477239 5.426744 1.091857
-1.461966 5.424067 1.063438
-1.485880 5.415297 1.117808
-1.482537 5.436002 1.110397
-1.503945 5.451556 1.150500
-1.483799 5.440029 1.104343
-1.513932 5.459891 1.194826
-1.488422 5.446913 1.109789
-1.481622 5.469531 1.083976
-1.484048 5.455406 1.114306
-1.462755 5.467484 1.054707
-1.482083 5.476428 1.102420
-1.497808 5.487916 1.143618
-1.480662 5.479965 1.097961
-1.519683 5.501004 1.190605
-1.491851 5.490722 1.104359
-1.472346 5.505953 1.077466
-1.393312 5.420948 0.875351
-1.486125 5.498946 1.110896
-1.471864 5.516324 1.045335
-1.482002 5.519063 1.094475
-1.496005 5.528071 1.137656
-1.408127 5.433603 0.914075
-1.515270 5.540785 1.091929
-1.507960 5.542825 1.099609
-1.360476 5.438403 0.787867
-1.504319 5.566374 1.068128
-1.378465 5.449085 0.829457
-1.347400 5.437679 0.756241
-1.391526 5.461119 0.866950
-1.511405 5.557209 1.107161
-1.522272 5.584383 1.131859
-1.406797 5.473217 0.906894
-1.515225 5.581505 1.087221
-1.447087 5.548579 1.037753
-1.541637 5.591438 1.182806
-1.507698 5.579634 1.085877
-1.344982 5.440261 0.764780
-1.351627 5.442364 0.764048
-1.508683 5.587054 1.095368
-1.366010 5.487881 0.775202
-1.498050 5.606361 1.062106
-1.348766 5.447504 0.763223
-1.374784 5.492314 0.820669
-1.345498 5.481530 0.746262
-1.393589 5.506566 0.857853
-1.510747 5.602097 1.104544
-1.408948 5.515893 0.898978
-1.522573 5.628247 1.126784
-1.543724 5.634966 1.179380
-1.263203 5.416374 0.529810
-1.506298 5.621056 1.080340
-1.307240 5.425471 0.655355
-1.500953 5.620134 1.081078
-1.347521 5.485183 0.754459
-1.481951 5.616261 1.027327
-1.348343 5.486874 0.755694
-1.509807 5.632568 1.091554
-1.274717 5.432707 0.572224
-1.496566 5.650553 1.055381
-1.253900 5.434031 0.502601
-1.370587 5.539344 0.762141
-1.293769 5.453846 0.605020
-1.349446 5.493594 0.755754
-1.252580 5.417734 0.512881
-1.376367 5.539234 0.809951
-1.252299 5.425974 0.511803
-1.347954 5.529218 0.734754
-1.400040 5.554924 0.847621
-1.541908 5.675056 1.175851
-1.250507 5.413153 0.512328
-1.513999 5.650410 1.102018
-1.520670 5.671107 1.122072
-1.309353 5.470012 0.644208
-1.499044 5.663962 1.073522
-1.506861 5.669851 1.076564
-1.347749 5.531826 0.745765
-1.261176 5.464861 0.515414
-1.478175 5.662226 1.019782
-1.352108 5.534732 0.747060
-1.507824 5.677226 1.088501
-1.278942 5.481977 0.556683
-1.496784 5.697171 1.049117
-1.254110 5.482584 0.488230
-1.289207 5.497232 0.594184
-1.353638 5.541816 0.747946
-1.382126 5.596924 0.747616
-1.256326 5.467507 0.498570
-1.222402 5.423480 0.423099
-1.400297 5.601101 0.794411
-1.252059 5.474118 0.499053
-1.409098 5.605558 0.837450
-1.342044 5.572350 0.725931
-1.539162 5.716213 1.172322
-1.424551 5.611147 0.882599
-1.184035 5.419931 0.335659
-1.513932 5.711603 1.117261
-1.253804 5.462513 0.499637
-1.510664 5.694801 1.100984
-1.321560 5.521571 0.628380
-1.169799 5.422190 0.275530
-1.511441 5.719340 1.071616
-1.493550 5.707446 1.067955
-1.345318 5.578024 0.736211
-1.260000 5.515041 0.499821
-1.485296 5.716817 1.011267
-1.203347 5.446005 0.369757
-1.351434 5.581513 0.738761
-1.512326 5.728519 1.085210
-1.276075 5.528756 0.543465
-1.165441 5.444848 0.272559
-1.172132 5.414788 0.290841
-1.500911 5.747212 1.042945
-1.173796 5.433275 0.283025
-1.285949 5.541755 0.583376
-1.249882 5.530058 0.474193
-1.218285 5.467255 0.410645
-1.351583 5.589255 0.741271
-1.249476 5.511680 0.489761
-1.376106 5.643744 0.737206
-1.406224 5.651345 0.829509
-1.249617 5.521255 0.486665
-1.394733 5.647369 0.785221
-1.540751 5.761161 1.169713
-1.365890 5.636965 0.709205
-1.127565 5.395934 0.249590
-1.430054 5.660513 0.874809
-1.167000 5.450017 0.276690
-1.518943 5.761458 1.113134
-1.253147 5.509312 0.488899
-1.184658 5.470766 0.316428
-1.518624 5.749112 1.099409
-1.165980 5.471944 0.256642
-1.504569 5.763475 1.067670
-1.504189 5.763204 1.061942
-1.379690 5.649057 0.718479
-1.257895 5.566280 0.484228
-1.370875 5.643164 0.725609
-1.196063 5.490767 0.357281
-1.484473 5.768190 1.003417
-1.514653 5.777883 1.082676
-1.295096 5.592004 0.521358
-1.167479 5.460903 0.278828
-1.165103 5.497661 0.252940
-1.504508 5.799605 1.037205
-1.165606 5.478171 0.270952
-1.307662 5.604521 0.562515
-1.249166 5.579662 0.459816
-1.218976 5.515275 0.395041
-1.545373 5.808753 1.167992
-1.367494 5.648718 0.730900
-1.254474 5.564425 0.474682
-1.410342 5.702328 0.820499
-1.420680 5.699612 0.869542
-1.134858 5.448869 0.227203
-1.379653 5.698968 0.725398
-1.251954 5.573559 0.470730
-1.395256 5.698979 0.775362
-1.364683 5.687056 0.698490
-1.520847 5.810457 1.109768
-1.324673 5.617174 0.606148
-1.168869 5.503826 0.256701
-1.246670 5.555693 0.480121
-1.107168 5.453003 0.118777
-1.520476 5.798987 1.098097
-1.180423 5.519183 0.299549
-1.508648 5.814385 1.063549
-1.158631 5.519501 0.240538
-1.082622 5.452696 0.068711
-1.504279 5.813458 1.056535
-1.368390 5.692123 0.712441
-1.199296 5.543872 0.338109
-1.372250 5.695490 0.717407
-1.117594 5.473973 0.164535
-1.270641 5.629651 0.462865
-1.480971 5.819066 0.997157
-1.522564 5.834019 1.080303
-1.066530 5.435186 0.038767
-1.170289 5.512659 0.261674
-1.291646 5.642957 0.507775
-1.089478 5.481645 0.041457
-1.497189 5.844275 1.032025
-1.164853 5.529629 0.253340
-1.164258 5.552852 0.231300
-1.306028 5.654214 0.550973
-1.218740 5.564341 0.379432
-1.092858 5.476732 0.078126
-1.103689 5.465233 0.109042
-1.423056 5.749026 0.862108
-1.370205 5.701254 0.723116
-1.268500 5.647896 0.434105
-1.405644 5.749304 0.812944
-1.026453 5.437967 -0.079624
-1.269913 5.627297 0.454560
-1.142606 5.502186 0.203185
-1.017011 5.434217 -0.062231
-1.396215 5.750928 0.766317
-1.366936 5.741107 0.686638
-1.276157 5.643228 0.445505
-1.057680 5.434150 0.031648
-1.326154 5.667716 0.593832
-1.372605 5.749552 0.716237
-1.522706 5.861282 1.105595
-1.091564 5.463439 0.074970
-1.161956 5.551724 0.241407
-1.277918 5.628716 0.454617
-1.522233 5.851567 1.098031
-1.103320 5.504595 0.096640
-1.204235 5.589521 0.265760
-1.507401 5.864352 1.060135
-1.087135 5.510757 0.038190
-1.102315 5.500150 0.078564
-1.149009 5.567831 0.226435
-1.506961 5.866897 1.050769
-1.365815 5.742845 0.703327
-1.056597 5.471569 -0.036335
-1.047570 5.464723 -0.049207
-1.030858 5.453232 -0.082661
-1.213055 5.605300 0.312223
-1.360885 5.740337 0.712999
-1.125653 5.532294 0.136911
-1.518237 5.882213 1.078047
-1.268837 5.685824 0.446095
-1.480032 5.874053 0.990143
-1.056225 5.478694 -0.024823
-1.071497 5.492686 0.009468
-1.045539 5.470476 -0.045903
-1.165961 5.562793 0.248883
-1.500697 5.899360 1.027517
-1.287701 5.695325 0.495004
-1.554026 5.909028 1.163760
-1.087777 5.537027 0.015312
-1.163602 5.582501 0.236543
-1.229852 5.623396 0.358374
-1.413619 5.789900 0.858473
-1.302141 5.704741 0.538989
-1.174388 5.616780 0.201328
-1.089412 5.529600 0.056412
-1.408341 5.802757 0.804742
-1.102455 5.518136 0.089804
-1.372818 5.756501 0.716577
-1.138352 5.551480 0.185893
-1.257992 5.695418 0.423228
-1.266421 5.679101 0.443014
-1.032249 5.500048 -0.118639
-1.062878 5.488185 -0.008320
-1.324958 5.717762 0.583095
-1.388358 5.798884 0.758722
-1.032975 5.502488 -0.110426
-1.265228 5.689418 0.436644
-1.522794 5.911467 1.102602
-1.363404 5.793811 0.677128
-1.066605 5.494197 0.000391
-1.094789 5.518419 0.050100
-1.366414 5.801823 0.705868
-1.183539 5.621967 0.207580
-1.264788 5.672945 0.448967
-1.520889 5.903292 1.098716
-1.191537 5.636072 0.252809
-1.506556 5.915601 1.057146
-1.091034 5.552464 0.081684
-1.100202 5.553234 0.057274
-1.172310 5.641511 0.187780
-1.360590 5.792153 0.696195
-1.502126 5.917490 1.046495
-1.076565 5.562059 0.018408
-1.050061 5.523613 -0.059728
-1.045441 5.519726 -0.076177
-1.028751 5.508276 -0.112079
-1.210003 5.658463 0.296215
-1.372691 5.802739 0.702182
-1.136259 5.595696 0.105713
-1.517371 5.933416 1.077506
-1.052352 5.531179 -0.047363
-1.268312 5.744050 0.428957
-1.483403 5.933746 0.983652
-1.555505 5.957584 1.161981
-1.068473 5.546874 -0.014264
-1.182690 5.629663 0.220252
-1.496740 5.950720 1.022447
-1.424639 5.848771 0.849627
-1.283732 5.748606 0.481830
-1.222902 5.672169 0.345109
-1.182903 5.653539 0.204737
-1.098734 5.605518 -0.024375
-1.300380 5.759024 0.525446
-1.406658 5.853286 0.797662
-1.124053 5.589367 0.050687
-1.169038 5.672663 0.181661
-1.074472 5.576055 0.043442
-1.155552 5.618796 0.153192
-1.376283 5.813437 0.708842
-1.262029 5.731042 0.431860
-1.320685 5.766028 0.573515
-1.257468 5.753639 0.406088
-1.530671 5.969422 1.099403
-1.064687 5.545694 -0.034805
-1.262133 5.743467 0.422678
-1.023871 5.554256 -0.144471
-1.361151 5.848572 0.667250
-1.392191 5.859003 0.748174
-1.066215 5.549744 -0.022883
-1.023272 5.555510 -0.133842
-1.263905 5.727026 0.437478
-1.176017 5.674964 0.191518
-1.367985 5.862784 0.694898
-1.534776 5.967426 1.099353
-1.509117 5.971705 1.055079
-1.191450 5.695650 0.231213
-1.112117 5.627055 0.037709
-1.110724 5.619383 0.024891
-1.499899 5.970359 1.042280
-1.360066 5.848425 0.687173
-1.170465 5.700493 0.164932
-1.087951 5.630911 -0.020456
-1.047212 5.580075 -0.108744
-1.057088 5.588621 -0.097064
-1.370473 5.855611 0.695540
-1.209555 5.714867 0.277422
-1.025237 5.564887 -0.140271
-1.528173 5.996740 1.076458
-1.129633 5.649501 0.086411
-1.064214 5.599511 -0.087452
-1.078164 5.612324 -0.050749
-1.263357 5.800230 0.414994
-1.181340 5.685236 0.204706
-1.481064 5.990297 0.977855
-1.425594 5.900662 0.843000
-1.503602 6.012497 1.018064
-1.226897 5.729647 0.325972
-1.284942 5.808336 0.465541
-1.303434 5.816576 0.511595
-1.178893 5.708669 0.188336
-1.407471 5.909785 0.789059
-1.086761 5.658378 -0.042934
-1.109550 5.635212 0.041382
-1.314580 5.815504 0.564332
-1.146757 5.669720 0.137491
-1.366999 5.862915 0.704917
-1.105611 5.660500 -0.011291
-1.530234 6.021952 1.096833
-1.258859 5.786886 0.419547
-1.166661 5.733994 0.159245
-1.249460 5.807120 0.393682
-1.067770 5.606220 -0.064501
-1.099722 5.634575 -0.002851
-1.258936 5.800230 0.409969
-1.076759 5.615923 -0.057716
-1.389042 5.913913 0.738683
-1.359272 5.905536 0.657402
-1.262520 5.782532 0.426814
-1.173277 5.733120 0.171908
-1.528125 6.017295 1.101156
-1.512929 6.030791 1.052247
-1.369105 5.924291 0.682698
-1.190015 5.754951 0.211632
-1.113369 5.688795 0.008410
-1.105823 5.675646 0.003604
-1.512850 6.037479 1.037227
-1.363426 5.909037 0.677848
-1.160658 5.755245 0.148043
-1.078574 5.687985 -0.044642
-1.204647 5.770147 0.261411
-1.369876 5.913676 0.688169
-1.525852 6.051361 1.076340
-1.125611 5.706546 0.064323
-1.427349 5.955122 0.837232
-1.178636 5.741504 0.188332
-1.064558 5.661380 -0.116347
-1.035472 5.637830 -0.123580
-1.070571 5.669058 -0.073285
-1.507388 6.072493 1.014836
-1.222475 5.783454 0.311574
-1.486488 6.055535 0.971455
-1.256543 5.858538 0.401032
-1.291111 5.864341 0.503941
-1.280449 5.863956 0.452791
-1.177459 5.767961 0.168754
-1.307546 5.866043 0.555147
-1.149357 5.729756 0.114297
-1.109434 5.695676 0.019393
-1.530570 6.077977 1.094724
-1.081737 5.720245 -0.071490
-1.371641 5.924623 0.698068
-1.259146 5.846702 0.406102
-1.090539 5.711541 -0.026249
-1.064222 5.662735 -0.087809
-1.254519 5.873063 0.373853
-1.093042 5.690202 -0.022947
-1.072734 5.672949 -0.079798
-1.162454 5.796528 0.137226
-1.262244 5.864625 0.391727
-1.387996 5.972534 0.730082
-1.358167 5.965991 0.648015
-1.263234 5.842716 0.414194
-1.545369 6.088119 1.101916
-1.166528 5.790562 0.153457
-1.522752 6.097011 1.050402
-1.363535 5.984603 0.673248
-1.186322 5.815090 0.191621
-1.105306 5.746041 -0.012908
-1.102592 5.736216 -0.020465
-1.513075 6.097186 1.033534
-1.365831 5.971630 0.668124
-1.196662 5.823647 0.246555
-1.158204 5.819325 0.124433
-1.372736 5.975713 0.679666
-1.032889 5.696230 -0.160293
-1.080082 5.756564 -0.078332
-1.536929 6.119603 1.076576
-1.123715 5.767341 0.040678
-1.179304 5.804508 0.169640
-1.221084 5.840867 0.295219
-1.069592 5.730700 -0.102616
-1.512796 6.137680 1.010877
-1.293129 5.926633 0.488501
-1.315393 5.927783 0.540586
-1.487904 6.120062 0.966213
-1.255785 5.924065 0.383160
-1.172469 5.825984 0.151554
-1.276273 5.923622 0.439280
-1.140458 5.784351 0.097003
-1.109715 5.758381 -0.005015
-1.369726 5.981494 0.693104
-1.260656 5.910415 0.391498
-1.076183 5.784453 -0.099617
-1.059688 5.722149 -0.111909
-1.090303 5.777601 -0.055511
-1.087186 5.748437 -0.044635
-1.071704 5.735466 -0.107077
-1.250708 5.935891 0.357537
-1.259370 5.925422 0.378251
-1.385119 6.032362 0.721876
-1.354407 6.025997 0.637765
-1.159043 5.862590 0.113220
-1.269157 5.908420 0.398855
-1.164931 5.855369 0.131495
-1.098067 5.805896 -0.035817
-1.181673 5.877207 0.171212
-1.097082 5.797577 -0.042514
-1.365777 6.052720 0.661143
-1.362953 6.031448 0.659921
-1.199483 5.890453 0.223852
-1.375494 6.040463 0.672419
-1.154795 5.885382 0.100425
-1.115182 5.825094 0.020575
-1.072325 5.819771 -0.106096
-1.176048 5.864033 0.153293
-1.217860 5.899485 0.279260
-1.312163 5.985419 0.529904
-1.292896 5.988798 0.475475
-1.169949 5.890888 0.132436
-1.490095 6.188079 0.961430
-1.276376 5.989877 0.423052
-1.140299 5.846646 0.074205
-1.245309 5.984784 0.369989
-1.100282 5.815310 -0.021873
-1.377269 6.050445 0.685156
-1.257309 5.971719 0.379242
-1.086506 5.814079 -0.072282
-1.085154 5.843091 -0.083215
-1.249450 6.002834 0.340489
-1.256389 5.989897 0.363186
-1.264087 5.967252 0.388582
-1.390853 6.102571 0.711878
-1.364888 6.102279 0.623836
-1.149422 5.925977 0.093583
-1.161531 5.920456 0.110325
-1.176070 5.941303 0.150405
-1.090692 5.870347 -0.060709
-1.092367 5.862468 -0.066550
-1.369960 6.103710 0.649562
-1.371400 6.126605 0.649564
-1.193516 5.951382 0.205850
-1.371668 6.101300 0.666660
-1.152183 5.954965 0.074431
-1.115726 5.894642 -0.008233
-1.210655 5.956470 0.264856
-1.170056 5.924911 0.137743
-1.312389 6.047025 0.518092
-1.287323 6.050033 0.463178
-1.138730 5.911475 0.049788
-1.166951 5.957258 0.111693
-1.280756 6.062718 0.404108
-1.101679 5.885583 -0.049028
-1.380832 6.117762 0.678761
-1.494336 6.261648 0.956744
-1.249996 6.062635 0.347448
-1.262142 6.044000 0.361522
-1.082748 5.877938 -0.098773
-1.080409 5.909855 -0.110492
-1.256838 6.059262 0.346595
-1.268022 6.038716 0.374103
-1.388700 6.167723 0.703336
-1.248058 6.074374 0.321457
-1.360099 6.166057 0.614839
-1.147128 5.999604 0.066829
-1.161050 5.992829 0.085616
-1.371287 6.171907 0.640293
-1.087573 5.930110 -0.091778
-1.173840 6.012130 0.127281
-1.086286 5.941204 -0.091194
-1.186993 6.015577 0.187881
-1.367778 6.196135 0.638615
-1.375971 6.173993 0.657489
-1.110088 5.960593 -0.032276
-1.148167 6.026114 0.049660
-1.209423 6.023437 0.245355
-1.171874 5.994553 0.116693
-1.131349 5.974918 0.030173
-1.159921 6.022872 0.094558
-1.096894 5.952261 -0.071416
-1.382088 6.186800 0.673987
-1.277142 6.133223 0.387880
-1.259435 6.113389 0.347742
-1.245449 6.134199 0.331227
-1.264551 6.103646 0.362700
-1.251527 6.126365 0.332751
-1.391651 6.241116 0.693334
-1.363867 6.242054 0.603258
-1.245291 6.146560 0.304044
-1.142127 6.073657 0.041266
-1.154809 6.062938 0.063653
-1.366826 6.238769 0.633373
-1.081398 5.999362 -0.118230
-1.168477 6.083017 0.104521
-1.083980 6.016726 -0.123633
-1.187376 6.088681 0.164812
-1.378954 6.245491 0.650729
-1.371837 6.277108 0.625876
-1.211195 6.094925 0.223501
-1.106039 6.033608 -0.060287
-1.142742 6.099793 0.023269
-1.168273 6.065062 0.098031
-1.130048 6.045617 0.004199
-1.096409 6.025564 -0.098970
-1.158040 6.096809 0.071067
-1.381117 6.255756 0.669176
-1.268699 6.200398 0.374396
-1.255830 6.182913 0.334355
-1.264882 6.175674 0.349804
-1.247725 6.217433 0.308718
-1.250438 6.201895 0.315397
-1.149821 6.136017 0.040927
-1.136117 6.151525 0.014514
-1.178068 6.156058 0.146841
-1.158657 6.152783 0.084540
-1.097161 6.103292 -0.085554
-1.164650 6.136481 0.078967
-1.140608 6.182962 -0.006627
-1.120302 6.113571 -0.017435
-1.088839 6.095420 -0.121360
-1.156879 6.176070 0.047246
-1.258121 6.264214 0.317527
-1.265106 6.251378 0.335319
-1.145546 6.215384 0.015026
-1.136959 6.240137 -0.018130
-1.178693 6.235950 0.121819
-1.160493 6.237533 0.055523
-1.101125 6.193744 -0.124250
-1.159568 6.211311 0.060335
-1.135686 6.269316 -0.036519
-1.124387 6.199386 -0.051711
-1.112284 6.270884 -0.072519
-1.413601 6.208795 0.673208
-1.389715 6.251375 0.663805
-1.099245 5.980268 -0.099770
-1.186630 6.216175 0.105497
-1.188307 6.075682 0.128273
-1.105243 6.156761 -0.147165
-1.167050 6.067047 0.095588
-1.280738 6.203815 0.356680
-1.299557 6.231196 0.377534
-1.097801 6.053715 -0.134633
-1.189004 6.149446 0.100786
-1.168187 6.142919 0.065573
-1.275128 6.273650 0.339468
-1.181217 6.219055 0.078651
-1.159055 6.213208 0.042569
-1.443604 5.422262 0.975734
-1.523542 5.442079 1.205490
-1.406471 5.416613 0.867841
-1.443936 5.457432 0.967497
-1.559658 5.571456 1.225429
-1.524779 5.477064 1.196848
-1.556887 5.587786 1.231541
-1.442033 5.492598 0.959252
-1.557757 5.605760 1.220063
-1.414380 5.458930 0.858239
-1.429442 5.404021 0.942882
-1.342219 5.402432 0.723270
-1.511639 5.422874 1.173085
-1.519312 5.510220 1.189039
-1.558987 5.627276 1.227699
-1.558533 5.642269 1.214657
-1.436996 5.527952 0.951398
-1.414909 5.415160 0.870221
-1.415131 5.499994 0.850681
-1.429325 5.441540 0.932544
-1.347015 5.442098 0.710457
-1.513768 5.459492 1.163182
-1.548670 5.558315 1.182249
-1.309039 5.412895 0.611738
-1.559608 5.579471 1.224258
-1.554834 5.665273 1.223050
-1.557969 5.678581 1.208843
-1.464572 5.577211 0.940088
-1.413439 5.453444 0.861495
-1.410073 5.539040 0.843557
-1.430550 5.478337 0.923049
-1.352255 5.482141 0.698457
-1.256321 5.395021 0.492245
-1.543203 5.592372 1.174016
-1.510984 5.494805 1.152883
-1.310242 5.454235 0.600097
-1.556806 5.616700 1.218000
-1.555583 5.706437 1.220392
-1.554277 5.713260 1.204284
-1.453731 5.609630 0.933103
-1.217806 5.387452 0.389723
-1.411578 5.421302 0.902597
-1.415295 5.581914 0.835164
-1.414644 5.493932 0.852729
-1.412609 5.414959 0.872936
-1.342737 5.517488 0.690592
-1.437577 5.519876 0.911833
-1.461028 5.542191 0.956324
-1.440694 5.455428 0.974190
-1.259324 5.435918 0.477359
-1.451822 5.627747 0.945308
-1.327467 5.420427 0.679718
-1.542193 5.629212 1.166962
-1.515790 5.533622 1.142944
-1.497862 5.442290 1.120905
-1.533120 5.483035 1.218100
-1.554720 5.573130 1.216490
-1.558464 5.655801 1.213354
-1.315016 5.498491 0.587587
-1.560791 5.750380 1.218914
-1.317436 5.416066 0.614419
-1.180135 5.380867 0.298622
-1.562187 5.755658 1.199591
-1.455389 5.648665 0.926016
-1.221241 5.431462 0.374358
-1.343948 5.557907 0.679387
-1.440582 5.559062 0.902703
-1.412354 5.459538 0.891432
-1.418979 5.536043 0.842716
-1.409358 5.451755 0.863424
-1.428100 5.631013 0.825840
-1.443491 5.413268 0.977978
-1.258301 5.475374 0.464128
-1.454198 5.578835 0.948844
-1.545199 5.668448 1.160279
-1.441022 5.493330 0.964666
-1.332261 5.460999 0.666479
-1.453010 5.671056 0.940156
-1.535320 5.580022 1.134929
-1.492396 5.478129 1.109358
-1.556389 5.611272 1.209824
-1.557445 5.694511 1.207891
-1.314867 5.541499 0.577131
-1.561087 5.793022 1.217041
-1.319534 5.458122 0.601950
-1.564292 5.794216 1.196194
-1.184928 5.424046 0.279202
-1.455705 5.689322 0.917660
-1.223780 5.475656 0.359397
-1.355889 5.603390 0.664843
-1.412582 5.410956 0.870038
-1.312823 5.400069 0.651838
-1.438466 5.447668 0.968107
-1.443581 5.600973 0.892283
-1.428226 5.581263 0.832244
-1.413253 5.492577 0.853031
-1.402320 5.407922 0.865982
-1.240219 5.410047 0.447142
-1.254588 5.515403 0.452099
-1.426603 5.674839 0.819443
-1.408659 5.497767 0.880251
-1.464129 5.540776 0.954195
-1.539718 5.705281 1.153211
-1.452721 5.618980 0.941715
-1.326764 5.499605 0.656104
-1.452859 5.714166 0.934599
-1.548098 5.559624 1.200723
-1.222578 5.397783 0.390994
-1.533420 5.617912 1.125397
-1.553145 5.648113 1.202762
-1.552840 5.733079 1.204460
-1.482459 5.513052 1.098225
-1.323654 5.589956 0.564136
-1.316713 5.498020 0.591966
-1.452894 5.727438 0.910990
-1.181655 5.466226 0.264676
-1.314200 5.419773 0.618268
-1.133268 5.441018 0.188285
-1.217815 5.516645 0.349380
-1.358878 5.647101 0.653572
-1.407551 5.446263 0.859740
-1.445057 5.487009 0.956943
-1.313598 5.439154 0.637802
-1.436306 5.638134 0.883570
-1.251770 5.556144 0.439243
-1.432548 5.626143 0.823394
-1.410442 5.531571 0.843473
-1.547625 5.748587 1.148090
-1.242771 5.453285 0.430159
-1.421490 5.543139 0.867747
-1.430912 5.722487 0.811756
-1.398180 5.445771 0.853991
-1.455516 5.576843 0.945499
-1.456597 5.662621 0.934935
-1.325294 5.539640 0.644082
-1.457166 5.760962 0.929791
-1.548440 5.595699 1.192061
-1.112946 5.433716 0.123838
-1.222439 5.440690 0.375643
-1.524815 5.653977 1.116699
-1.550345 5.685336 1.196513
-1.559399 5.777156 1.200948
-1.566705 5.875343 1.188485
-1.330206 5.638404 0.551135
-1.521642 5.569146 1.087201
-1.165817 5.397228 0.246971
-1.449628 5.767038 0.905101
-1.131585 5.373704 0.213899
-1.314782 5.540451 0.580294
-1.175254 5.506773 0.251404
-1.086339 5.428678 0.061760
-1.307805 5.457664 0.608725
-1.224236 5.384907 0.418563
-1.359632 5.690806 0.642295
-1.142075 5.490162 0.165072
-1.217663 5.562315 0.335195
-1.412797 5.486315 0.847740
-1.440193 5.680804 0.874776
-1.466381 5.533876 0.945254
-1.263702 5.606106 0.420106
-1.432404 5.668286 0.815821
-1.542587 5.786706 1.141407
-1.418351 5.575690 0.833023
-1.318382 5.483364 0.622845
-1.240845 5.494751 0.416472
-1.457171 5.617704 0.937551
-1.429858 5.767595 0.805746
-1.428956 5.587782 0.856057
-1.458239 5.706255 0.928150
-1.338120 5.588573 0.627417
-1.546547 5.631770 1.183393
-1.397609 5.486542 0.841130
-1.452987 5.804447 0.925030
-1.119966 5.483189 0.098977
-1.530050 5.696850 1.108309
-1.221846 5.484168 0.361505
-1.545309 5.722555 1.190257
-1.575046 5.920883 1.185771
-1.323784 5.681833 0.543920
-1.449490 5.809168 0.897534
-1.512147 5.605353 1.076454
-1.079742 5.366300 0.076610
-1.164785 5.440266 0.229577
-1.174667 5.551089 0.234394
-1.318660 5.585795 0.567764
-1.220185 5.410475 0.392591
-1.092019 5.477046 0.036922
-1.317955 5.503495 0.592529
-1.072574 5.463394 -0.015111
-1.309209 5.419152 0.617723
-1.350997 5.729631 0.634774
-1.220528 5.424895 0.404085
-1.141028 5.535965 0.148843
-1.233607 5.618247 0.312260
-1.300752 5.421042 0.602933
-1.434697 5.720356 0.866428
-1.265347 5.652286 0.404695
-1.409543 5.524925 0.837375
-1.455988 5.568454 0.935772
-1.539773 5.826694 1.136325
-1.439665 5.627079 0.819191
-1.432698 5.713539 0.807769
-1.230425 5.532961 0.405281
-1.458825 5.659471 0.929176
-1.317803 5.525028 0.609564
-1.461219 5.750984 0.921347
-1.424334 5.811790 0.800150
-1.422572 5.626573 0.846086
-1.341558 5.633527 0.614079
-1.548213 5.671726 1.175873
-1.396145 5.526589 0.829104
-1.120273 5.529980 0.077832
-1.454606 5.851809 0.921430
-1.577581 5.964407 1.183492
-1.217229 5.526206 0.349022
-1.527243 5.736794 1.100774
-1.551879 5.765669 1.184728
-1.560002 5.863281 1.194336
-1.447562 5.850770 0.891200
-1.328983 5.732855 0.531675
-1.161518 5.483298 0.212176
-1.142501 5.465648 0.170453
-1.183472 5.602942 0.209896
-1.509346 5.645254 1.066466
-1.331471 5.637496 0.552263
-1.220501 5.452802 0.376034
-1.086497 5.521938 0.021108
-1.311559 5.543197 0.582133
-1.318023 5.462977 0.601978
-1.069743 5.510378 -0.035864
-1.354427 5.776435 0.623033
-1.070067 5.515973 -0.007817
-1.140876 5.583385 0.131358
-1.225763 5.470282 0.384617
-1.232105 5.665578 0.299263
-1.258943 5.694687 0.393020
-1.430984 5.761390 0.858872
-1.542767 5.869597 1.130385
-1.453185 5.606532 0.926650
-1.415229 5.567171 0.825329
-1.424336 5.661367 0.813788
-1.305541 5.466111 0.585098
-1.453776 5.698503 0.922068
-1.432097 5.758978 0.800121
-1.254436 5.589896 0.377453
-1.331975 5.575010 0.590431
-1.340971 5.677041 0.602396
-1.453028 5.791164 0.916651
-1.428632 5.862199 0.793633
-1.543188 5.707982 1.167600
-1.428243 5.672497 0.834772
-1.104422 5.460112 0.060552
-1.457120 5.900788 0.916573
-1.554422 5.808252 1.180423
-1.415229 5.577938 0.812810
-1.211713 5.569342 0.336513
-1.529787 5.781143 1.093159
-1.446971 5.894375 0.884419
-1.573241 5.914721 1.192318
-1.331052 5.783153 0.520255
-1.182429 5.649636 0.193244
-1.156460 5.525800 0.196011
-1.141008 5.511981 0.152985
-1.086628 5.461238 0.027774
-1.330421 5.684313 0.540499
-1.505646 5.686253 1.056452
-1.220361 5.496610 0.360261
-1.086342 5.572026 -0.000112
-1.209042 5.401368 0.364868
-1.314099 5.587440 0.569626
-1.348023 5.818886 0.613808
-1.065564 5.557216 -0.054572
-1.315208 5.503733 0.589119
-1.062761 5.448122 -0.041853
-1.060074 5.559043 -0.022784
-1.064490 5.452612 -0.030109
-1.221865 5.420742 0.384465
-1.151008 5.639961 0.105125
-1.259689 5.742864 0.377156
-1.216231 5.511032 0.371736
-1.540838 5.912166 1.126068
-1.430839 5.806249 0.850018
-1.222549 5.710043 0.289571
-1.441909 5.620187 0.810256
-1.445912 5.643697 0.917942
-1.427317 5.707863 0.803677
-1.430160 5.803309 0.792498
-1.448727 5.738441 0.914531
-1.243559 5.630489 0.366618
-1.291099 5.502897 0.575555
-1.339485 5.721651 0.590686
-1.111581 5.430566 0.198015
-1.433374 5.913894 0.787501
-1.454215 5.837178 0.910224
-1.543517 5.747735 1.159678
-1.330938 5.619967 0.577075
-1.423638 5.714585 0.824736
-1.120428 5.627750 0.035042
-1.097573 5.502942 0.042742
-1.460519 5.951440 0.912909
-1.452173 5.943674 0.877937
-1.526526 5.822565 1.086411
-1.236158 5.630284 0.307778
-1.135692 5.452867 0.184100
-1.406605 5.617640 0.802402
-1.573085 5.959737 1.190809
-1.321045 5.828245 0.514221
-1.181833 5.699380 0.173665
-1.161236 5.576226 0.173166
-1.082906 5.506600 0.008283
-1.139072 5.558829 0.134282
-1.336072 5.735665 0.526617
-1.109470 5.363669 0.219943
-1.096039 5.627245 -0.029169
-1.216636 5.540275 0.346521
-1.508641 5.730939 1.047197
-1.344296 5.863533 0.604545
-1.332724 5.642916 0.550385
-1.212935 5.446565 0.344993
-1.076158 5.614913 -0.087767
-1.308369 5.543050 0.577916
-1.077832 5.620646 -0.061760
-1.051869 5.491393 -0.056421
-1.055387 5.497316 -0.046338
-1.254620 5.788172 0.364607
-1.433374 5.852393 0.841556
-1.147267 5.689044 0.088819
-1.547833 5.961143 1.121230
-1.223070 5.465606 0.366221
-1.218777 5.556982 0.353477
-1.222381 5.761188 0.275270
-1.452928 5.688906 0.907469
-1.425690 5.655526 0.802375
-1.428067 5.752532 0.794423
-1.079035 5.430026 0.030839
-1.425975 5.848600 0.786887
-1.242965 5.677575 0.350774
-1.453485 5.786473 0.907662
-1.343804 5.770989 0.577257
-1.547408 5.790458 1.153335
-1.136060 5.487679 0.161203
-1.457624 5.886875 0.904539
-1.294539 5.548723 0.559337
-1.321411 5.659847 0.567078
-1.418581 5.756336 0.816344
-1.456038 5.992771 0.871050
-1.111772 5.674632 0.018769
-1.553699 5.893211 1.171395
-1.095637 5.551550 0.020733
-1.462124 6.003379 0.909618
-1.525941 5.866185 1.079624
-1.231081 5.676515 0.294796
-1.140481 5.500525 0.160094
-1.076758 5.442770 0.024803
-1.409594 5.664089 0.789842
-1.318193 5.877292 0.504860
-1.175864 5.746641 0.158212
-1.165568 5.627164 0.149085
-1.153241 5.615878 0.104380
-1.079179 5.553774 -0.012063
-1.327415 5.779991 0.518974
-1.340569 5.909081 0.594856
-1.092750 5.678415 -0.050420
-1.226334 5.591092 0.324502
-1.041737 5.427631 -0.053806
-1.504487 5.773416 1.037969
-1.330337 5.688632 0.538646
-1.044870 5.431021 -0.058367
-1.070635 5.664266 -0.108166
-1.303763 5.584182 0.565865
-1.204293 5.488943 0.330854
-1.073204 5.670715 -0.082989
-1.063821 5.547370 -0.093247
-1.548129 6.006480 1.118088
-1.058831 5.548339 -0.074913
-1.247753 5.835679 0.352002
-1.431438 5.897624 0.833509
-1.142632 5.738311 0.072917
-1.214438 5.505252 0.353374
-1.223106 5.813947 0.259714
-1.447878 5.728844 0.899936
-1.423320 5.697612 0.792352
-1.230263 5.610138 0.329367
-1.431935 5.800691 0.785509
-1.432507 5.901728 0.779096
-1.245496 5.728094 0.332823
-1.080692 5.477818 0.004779
-1.450658 5.830091 0.900870
-1.332031 5.812727 0.568847
-1.458802 5.934747 0.899709
-1.445616 6.032013 0.866792
-1.326178 5.709527 0.552008
-1.134574 5.534863 0.140861
-1.110281 5.725409 -0.003279
-1.417094 5.801911 0.806653
-1.310039 5.603440 0.538467
-1.558463 5.940377 1.167407
-1.108923 5.608674 -0.013663
-1.465070 6.056410 0.906312
-1.230922 5.726701 0.278477
-1.528473 5.914206 1.072748
-1.077522 5.489843 -0.000425
-1.142134 5.549277 0.136053
-1.404983 5.707998 0.778949
-1.169891 5.795712 0.141902
-1.318456 5.931643 0.494982
-1.161837 5.676198 0.130331
-1.347553 5.964278 0.582126
-1.090670 5.611283 -0.045658
-1.321889 5.825935 0.510084
-1.146367 5.664252 0.088895
-1.087662 5.729109 -0.067986
-1.230654 5.642148 0.305317
-1.126662 5.460536 0.165794
-1.046085 5.477512 -0.084802
-1.332417 5.737974 0.525208
-1.505688 5.819385 1.029091
-1.066446 5.716527 -0.129440
-1.071260 5.723828 -0.107133
-1.044736 5.480051 -0.086503
-1.325074 5.640899 0.544566
-1.246253 5.885705 0.337731
-1.551994 6.055636 1.113648
-1.056064 5.594010 -0.112366
-1.208179 5.537763 0.309265
-1.435297 5.948545 0.825762
-1.137538 5.789968 0.057369
-1.068090 5.605792 -0.110964
-1.444619 5.770211 0.890745
-1.220247 5.866562 0.246193
-1.429432 5.745726 0.780996
-1.211165 5.549248 0.337999
-1.231008 5.660091 0.310195
-1.429098 5.847028 0.777432
-1.451404 5.875713 0.893641
-1.550718 5.876796 1.140210
-1.332324 5.861529 0.556647
-1.238184 5.775223 0.319408
-1.076519 5.525522 -0.016807
-1.459523 5.985008 0.895232
-1.029753 5.405351 0.045006
-1.122745 5.471784 0.116903
-1.122346 5.576177 0.129196
-1.324684 5.757769 0.538584
-1.110117 5.781819 -0.027494
-1.552964 5.981839 1.163108
-1.418282 5.850591 0.796494
-1.469342 6.112405 0.904577
-1.305424 5.648200 0.524700
-1.098479 5.655890 -0.031581
-1.222262 5.772782 0.267533
-1.519848 5.954898 1.066822
-1.072454 5.536829 -0.021179
-1.150937 5.603799 0.107824
-1.170628 5.850162 0.120596
-1.321850 5.987605 0.483857
-1.401709 5.753911 0.767609
-1.350066 6.018560 0.569813
-1.157210 5.725415 0.111980
-1.318593 5.875506 0.499486
-1.084250 5.660834 -0.065655
-1.140841 5.713663 0.070946
-1.087495 5.786424 -0.092628
-1.228716 5.689946 0.288639
-1.326004 5.783154 0.514699
-1.137712 5.513207 0.135980
-1.039231 5.523918 -0.106773
-1.067523 5.777318 -0.130473
-1.245643 5.939163 0.321343
-1.040571 5.526784 -0.110103
-1.507773 5.867936 1.020976
-1.327165 5.688377 0.529539
-1.039794 5.637513 -0.124090
-1.140498 5.848955 0.033925
-1.062575 5.655090 -0.133808
-1.059820 5.448320 -0.040038
-1.216087 5.589821 0.285170
-1.442686 5.814548 0.883125
-1.222303 5.924943 0.228476
-1.420801 5.786370 0.772622
-1.236068 5.610475 0.305177
-1.428940 5.894651 0.769747
-1.542995 5.915482 1.134742
-1.226382 5.707560 0.295149
-1.451694 5.923725 0.886764
-1.327692 5.909997 0.546072
-1.233109 5.823251 0.305577
-1.458012 6.034354 0.891180
-1.064738 5.569834 -0.033845
-1.071718 5.472538 -0.017291
-1.115893 5.516438 0.098236
-1.105036 5.835167 -0.048792
-1.147702 5.642141 0.087696
-1.320060 5.805288 0.525985
-1.416340 5.898549 0.787161
-1.474508 6.170921 0.901157
-1.095643 5.707386 -0.054466
-1.307508 5.698407 0.508384
-1.530853 6.009895 1.060639
-1.221643 5.827166 0.250712
-1.168674 5.905183 0.100496
-1.055746 5.578141 -0.032856
-1.145420 5.652257 0.087853
-1.322553 6.045047 0.473507
-1.338288 6.062140 0.563007
-1.152580 5.776442 0.092775
-1.397982 5.800396 0.757483
-1.320205 5.929994 0.487571
-1.080516 5.712521 -0.088137
-1.136653 5.765075 0.052551
-1.085535 5.844113 -0.116464
-1.029140 5.458077 -0.115547
-1.024722 5.455025 -0.128970
-1.226320 5.740133 0.272314
-1.325396 5.833060 0.502470
-1.246370 5.994618 0.304510
-1.129070 5.557333 0.118546
-1.013114 5.560472 -0.109796
-1.325232 5.734416 0.516167
-1.021623 5.568096 -0.121786
-1.506284 5.915379 1.012877
-1.042330 5.694150 -0.154831
-1.136294 5.904938 0.015838
-1.222117 5.982463 0.213633
-1.048986 5.702546 -0.148877
-1.445221 5.861604 0.874238
-1.418418 5.832130 0.763338
-1.056546 5.496689 -0.064900
-1.214593 5.639779 0.265991
-1.227872 5.654121 0.291432
-1.549991 5.965370 1.129478
-1.325295 5.960272 0.534650
-1.457337 5.976131 0.879809
-1.226228 5.759505 0.275526
-1.233841 5.877764 0.286719
-1.465423 6.091918 0.885748
-1.101741 5.891751 -0.072605
-1.080264 5.631384 -0.075274
-1.065759 5.519666 -0.040091
-1.100086 5.557564 0.086157
-1.318112 5.855001 0.513349
-1.139943 5.689741 0.070599
-1.474755 6.227285 0.900223
-1.090114 5.760362 -0.076575
-1.531583 6.060153 1.056164
-1.217004 5.878294 0.236407
-1.162244 5.958438 0.083690
-1.307800 5.748990 0.492873
-1.343918 6.121714 0.550180
-1.079328 5.645218 -0.081325
-1.139451 5.701287 0.069097
-1.154656 5.833756 0.068143
-1.326280 5.989918 0.473100
-1.396489 5.848691 0.746510
-1.080885 5.902372 -0.139095
-1.137379 5.822253 0.029959
-1.080353 5.770691 -0.115655
-1.022292 5.504432 -0.139963
-1.241721 6.049411 0.290942
-1.221237 5.789984 0.257625
-1.016085 5.499947 -0.151725
-1.322552 5.882960 0.490237
-1.145483 5.617001 0.082470
-1.322841 5.782845 0.503149
-1.134322 5.963633 -0.003526
-1.215673 6.036732 0.201297
-1.508811 5.966116 1.004719
-1.446859 5.909754 0.865324
-1.423177 5.883720 0.752314
-1.054620 5.546093 -0.092227
-1.543151 6.007545 1.124346
-1.328699 6.017086 0.520651
-1.451369 6.021792 0.875012
-1.206387 5.687059 0.250530
-1.226075 5.927266 0.273668
-1.220114 5.700877 0.277210
-1.222933 5.811692 0.258748
-1.467472 6.146943 0.881992
-1.097092 5.950912 -0.095663
-1.077432 5.683737 -0.101034
-1.317057 5.907238 0.499028
-1.135308 5.741682 0.050966
-1.044130 5.558836 -0.049283
-1.085036 5.814565 -0.100748
-1.124104 5.624194 0.041371
-1.526959 6.107819 1.050916
-1.160280 6.018887 0.061021
-1.219951 5.939206 0.217005
-1.295572 5.793982 0.481941
-1.077831 5.699577 -0.107535
-1.136162 5.754270 0.046995
-1.148673 5.887352 0.049698
-1.323411 6.045353 0.463195
-1.133182 5.878186 0.009424
-1.073472 5.825335 -0.136577
-1.243779 6.110485 0.271948
-1.398111 5.902293 0.735019
-1.221071 5.844695 0.239170
-1.318359 5.933624 0.479619
-1.317320 5.830553 0.490957
-1.132796 6.026277 -0.026242
-1.136380 5.665323 0.064535
-1.213686 6.099159 0.185116
-1.448043 5.959384 0.857193
-1.426144 5.935686 0.742094
-1.508649 6.017426 0.997766
-1.319144 6.066113 0.511281
-1.059407 5.601735 -0.127430
-1.453426 6.075865 0.869235
-1.227246 5.985776 0.253910
-1.202205 5.737579 0.232561
-1.219064 5.752108 0.258420
-1.464156 6.200341 0.879482
-1.219195 5.864393 0.240736
-1.092893 6.012206 -0.121214
-1.073698 5.738091 -0.127249
-1.131567 5.795236 0.030078
-1.309288 5.957711 0.487993
-1.071748 5.628146 -0.104730
-1.081291 5.872582 -0.126226
-1.153844 6.075754 0.042506
-1.119927 5.675512 0.018078
-1.213958 5.993812 0.203029
-1.134663 5.809581 0.022808
-1.294069 5.846754 0.466380
-1.071409 5.753600 -0.132117
-1.139560 5.940227 0.032079
-1.237337 6.166553 0.258760
-1.125844 5.934362 -0.008265
-1.399732 5.956792 0.723103
-1.217321 5.899261 0.222750
-1.319965 5.991735 0.465992
-1.121425 6.081964 -0.040253
-1.314471 5.882272 0.477868
-1.209015 6.160339 0.171000
-1.129965 5.714874 0.044544
-1.441628 6.006479 0.850730
-1.425979 5.987839 0.732270
-1.504914 6.067630 0.990830
-1.459498 6.134136 0.862971
-1.215893 6.036945 0.242039
-1.035979 5.643097 -0.136673
-1.215324 5.804821 0.240406
-1.198017 5.790816 0.213308
-1.215000 5.919479 0.223078
-1.312241 6.016863 0.471899
-1.132295 5.855078 0.003754
-1.151420 6.141297 0.018909
-1.066671 5.682320 -0.131355
-1.210193 6.052948 0.186919
-1.111715 5.726356 -0.001539
-1.128679 5.865850 0.000627
-1.296135 5.903339 0.449522
-1.138937 6.003537 0.006085
-1.238935 6.232721 0.238838
-1.125665 5.997148 -0.033019
-1.318443 6.048214 0.453622
-1.216252 5.957778 0.202985
-1.396432 6.010047 0.713243
-1.129269 6.159423 -0.071437
-1.211039 6.229669 0.153049
-1.322345 5.942672 0.459719
-1.124439 5.767859 0.022439
-1.421790 6.038555 0.724102
-1.219730 6.103080 0.219671
-1.505638 6.121510 0.984646
-1.215607 5.860767 0.219886
-1.211699 5.976178 0.204166
-1.198294 5.848582 0.191929
-1.149439 6.208118 -0.004303
-1.300449 6.065892 0.462526
-1.123175 5.909774 -0.014721
-1.211784 6.119135 0.166994
-1.112005 5.784862 -0.030692
-1.120906 5.921587 -0.020317
-1.132944 6.063457 -0.015353
-1.294616 5.960688 0.434271
-1.121897 6.061604 -0.056595
-1.316024 6.105786 0.441227
-1.208022 6.012384 0.189007
-1.125036 6.228111 -0.093064
-1.398042 6.067307 0.702497
-1.311448 5.991517 0.449942
-1.424742 6.096000 0.713765
-1.121591 5.825702 -0.003440
-1.508584 6.179977 0.978774
-1.214095 5.917998 0.199743
-1.199894 6.029686 0.190202
-1.195439 5.906532 0.170946
-1.146113 6.277458 -0.029207
-1.124789 5.974846 -0.044012
-1.201748 6.177789 0.154557
-1.109154 5.843607 -0.056998
-1.128734 6.128425 -0.040164
-1.118494 5.985231 -0.047955
-1.115447 6.123906 -0.077676
-1.292199 6.019128 0.418995
-1.206938 6.075475 0.169553
-1.397857 6.126761 0.691696
-1.309037 6.048134 0.435527
-1.115165 5.881583 -0.026424
-1.511074 6.240828 0.973258
-1.203285 6.096344 0.166600
-1.206765 5.974180 0.182056
-1.189002 5.963428 0.152431
-1.117451 6.035487 -0.066285
-1.205562 6.252116 0.130786
-1.095116 5.897016 -0.075865
-1.128537 6.201155 -0.069627
-1.113838 6.048920 -0.073146
-1.116585 6.198641 -0.107588
-1.287993 6.077036 0.404956
-1.310714 6.228795 0.416675
-1.202722 6.138750 0.150497
-1.308404 6.108950 0.420618
-1.397219 6.187690 0.681681
-1.114540 5.946665 -0.055721
-1.191915 6.155663 0.150879
-1.204795 6.035600 0.161414
-1.306118 6.261825 0.415885
-1.184345 6.026284 0.130112
-1.109657 6.098511 -0.088202
-1.122075 6.270691 -0.094132
-1.095832 5.964951 -0.108488
-1.110070 6.116940 -0.100880
-1.288244 6.143101 0.387072
-1.198052 6.203498 0.132227
-1.309550 6.173055 0.405643
-1.399255 6.252622 0.670771
-1.105418 6.005828 -0.078780
-1.195734 6.230847 0.124232
-1.195216 6.094543 0.144891
-1.178342 6.088991 0.109840
-1.109010 6.172677 -0.119329
-1.107195 6.187474 -0.130296
-1.089385 6.029882 -0.135752
-1.280451 6.203578 0.373786
-1.307562 6.238251 0.390636
-1.463220 5.548208 0.916478
-1.445953 5.458753 0.965595
-1.518341 5.653167 1.103217
-1.394405 5.448242 0.829091
-1.342786 5.489934 0.690768
-1.346716 5.408609 0.715719
-1.468800 5.469179 1.058706
-1.506138 5.568863 1.073934
-1.255889 5.407443 0.464555
-1.235178 5.387885 0.408475
-1.463804 5.391387 1.052075
-1.482765 5.552817 1.022627
-1.485393 5.477307 1.036752
-1.479773 5.640958 1.013770
-1.336504 5.491757 0.596319
-1.410457 5.578828 0.833803
-1.518562 5.689831 1.097791
-1.300905 5.384960 0.596044
-1.378342 5.391432 0.812292
-1.408533 5.493157 0.815600
-1.360070 5.539209 0.677124
-1.351424 5.449600 0.703190
-1.499180 5.602414 1.066578
-1.490099 5.515424 1.048023
-1.453213 5.416964 1.030704
-1.255230 5.449577 0.451990
-1.231814 5.426849 0.393981
-1.463108 5.425320 1.041023
-1.480682 5.512654 1.028510
-1.483898 5.592906 1.015032
-1.478676 5.682049 1.008184
-1.257842 5.372882 0.481670
-1.418757 5.620948 0.823688
-1.323730 5.526968 0.587682
-1.517446 5.727213 1.091525
-1.298434 5.422908 0.584037
-1.177448 5.395749 0.259058
-1.375876 5.429393 0.800280
-1.398439 5.526850 0.806198
-1.361660 5.582301 0.666567
-1.340444 5.485397 0.695755
-1.505692 5.644057 1.057702
-1.348458 5.412715 0.717943
-1.165820 5.399572 0.216428
-1.482251 5.550010 1.038177
-1.214329 5.359918 0.379179
-1.229351 5.466589 0.381097
-1.484383 5.467865 1.029657
-1.248745 5.489842 0.442355
-1.445812 5.451870 1.019210
-1.482693 5.550647 1.018939
-1.476960 5.630161 1.008351
-1.479832 5.725913 1.003718
-1.421682 5.662411 0.814409
-1.257619 5.413519 0.468333
-1.511842 5.762830 1.086134
-1.323961 5.567978 0.575152
-1.307175 5.466084 0.566932
-1.179929 5.440273 0.242320
-1.378784 5.468910 0.786984
-1.402703 5.568430 0.794873
-1.120520 5.388482 0.104065
-1.088122 5.362210 0.020449
-1.367750 5.629952 0.656254
-1.504575 5.682353 1.050993
-1.090377 5.365070 0.024022
-1.359068 5.534779 0.680064
-1.115614 5.392901 0.081028
-1.343296 5.449481 0.708020
-1.167850 5.443619 0.196444
-1.564390 5.593766 1.241209
-1.486513 5.590701 1.027293
-1.242145 5.514650 0.358107
-1.218143 5.402750 0.361277
-1.473838 5.501185 1.019449
-1.272763 5.544203 0.418727
-1.482020 5.588356 1.011036
-1.181230 5.369858 0.270954
-1.479213 5.503242 1.005482
-1.481238 5.672816 1.001497
-1.479639 5.768686 0.999314
-1.410701 5.697291 0.807432
-1.510285 5.801713 1.080645
-1.280758 5.399340 0.557039
-1.322409 5.609402 0.563445
-1.256512 5.455268 0.454977
-1.314588 5.510966 0.551010
-1.259154 5.382218 0.485346
-1.173897 5.481743 0.230613
-1.364960 5.413761 0.764411
-1.390224 5.513457 0.772704
-1.399351 5.607567 0.785288
-1.114938 5.431078 0.087824
-1.503914 5.721859 1.042212
-1.361278 5.671198 0.648640
-1.080747 5.404315 0.005452
-1.083452 5.407566 0.009828
-1.363798 5.579458 0.668237
-1.150343 5.373923 0.180523
-1.119447 5.439153 0.056484
-1.345767 5.490497 0.695505
-1.239699 5.557095 0.343914
-1.346127 5.409791 0.717163
-1.478086 5.539162 1.009901
-1.205819 5.439179 0.350568
-1.173938 5.492646 0.173025
-1.484507 5.630035 1.018108
-1.263600 5.585080 0.410311
-1.474176 5.623929 1.003213
-1.181921 5.413817 0.253026
-1.480139 5.713908 0.995927
-1.411840 5.739161 0.798978
-1.511419 5.841862 1.075520
-1.463752 5.537121 0.994042
-1.482599 5.814925 0.995196
-1.320857 5.650817 0.551740
-1.277847 5.438712 0.543360
-1.255855 5.497400 0.442426
-1.308993 5.550035 0.538980
-1.256248 5.422493 0.471226
-1.119865 5.370473 0.102211
-1.400488 5.649367 0.774383
-1.185819 5.533614 0.206275
-1.389566 5.554697 0.760592
-1.363395 5.453329 0.751130
-1.107565 5.473263 0.075278
-1.194163 5.373236 0.335739
-1.498325 5.760195 1.035518
-1.364235 5.718161 0.639187
-1.093105 5.455328 -0.027434
-1.082806 5.453039 -0.011825
-1.372126 5.627002 0.655490
-1.366179 5.539463 0.679026
-1.098802 5.368973 0.046299
-1.142964 5.415133 0.165966
-1.111184 5.482361 0.041450
-1.237265 5.601342 0.328841
-1.165663 5.533138 0.159315
-1.352176 5.450890 0.702601
-1.478759 5.577880 0.999511
-1.232074 5.494173 0.319166
-1.482501 5.669363 1.008924
-1.260724 5.630012 0.398891
-1.485185 5.670136 0.994596
-1.515707 5.885477 1.070681
-1.409395 5.779963 0.790565
-1.176332 5.454693 0.240116
-1.272937 5.378874 0.520546
-1.482636 5.757870 0.989439
-1.318416 5.693340 0.539998
-1.481973 5.860094 0.991119
-1.470718 5.580899 0.982652
-1.304989 5.491881 0.517332
-1.273152 5.550023 0.419692
-1.307000 5.592879 0.525589
-1.256033 5.464033 0.457471
-1.117866 5.414052 0.083485
-1.176314 5.386834 0.269476
-1.393106 5.688028 0.766047
-1.185630 5.579639 0.190322
-1.391150 5.596810 0.748041
-1.377530 5.499973 0.734325
-1.257761 5.388245 0.482214
-1.121285 5.527249 0.043922
-1.197983 5.416886 0.314963
-1.495428 5.799798 1.029189
-1.098750 5.505665 -0.054979
-1.360922 5.763772 0.631421
-1.094731 5.506447 -0.044385
-1.071574 5.386615 -0.027867
-1.082815 5.395228 -0.014697
-1.367445 5.668739 0.646635
-1.230785 5.642402 0.316337
-1.361486 5.579319 0.668601
-1.117275 5.532186 0.015148
-1.467767 5.610883 0.990966
-1.095009 5.411973 0.026369
-1.165477 5.579980 0.140474
-1.349707 5.488842 0.690608
-1.141415 5.459016 0.145595
-1.226041 5.535555 0.305014
-1.521800 5.931467 1.066167
-1.483192 5.710864 0.999664
-1.409647 5.822932 0.782076
-1.256955 5.675144 0.387874
-1.479145 5.708085 0.987100
-1.483341 5.801334 0.984197
-1.181966 5.502512 0.218785
-1.316432 5.737150 0.528620
-1.271827 5.420550 0.504742
-1.488537 5.910179 0.988092
-1.462882 5.618201 0.971500
-1.267573 5.591879 0.408791
-1.294021 5.530303 0.506144
-1.305007 5.635715 0.512201
-1.272869 5.514466 0.434815
-1.117670 5.459921 0.062635
-1.181037 5.432078 0.247418
-1.396952 5.733801 0.754186
-1.184558 5.627673 0.173892
-1.383318 5.635085 0.738901
-1.122001 5.575684 0.023801
-1.130630 5.390096 0.129237
-1.258438 5.429501 0.465609
-1.379566 5.543307 0.719687
-1.493886 5.841390 1.022382
-1.204055 5.463217 0.292867
-1.086009 5.548086 -0.067119
-1.357608 5.809374 0.623657
-1.091860 5.553816 -0.064466
-1.231498 5.689114 0.299546
-1.076336 5.437939 -0.032979
-1.068684 5.431210 -0.049077
-1.158555 5.622449 0.126289
-1.363226 5.712670 0.637703
-1.473830 5.653042 0.980864
-1.112608 5.578162 -0.003248
-1.371605 5.627355 0.654613
-1.515321 5.970071 1.062331
-1.366981 5.537051 0.672523
-1.093469 5.457656 0.005119
-1.153332 5.510715 0.116363
-1.409017 5.867913 0.773108
-1.177422 5.361272 0.275248
-1.224059 5.581015 0.287857
-1.480749 5.751685 0.991249
-1.475797 5.747302 0.979969
-1.259478 5.725228 0.373413
-1.315346 5.781649 0.516403
-1.481811 5.844817 0.978957
-1.188504 5.551921 0.196174
-1.560407 5.751594 1.203223
-1.111853 5.396406 0.086935
-1.491521 5.960097 0.984666
-1.268486 5.463149 0.488499
-1.458193 5.658069 0.961075
-1.268292 5.639597 0.394005
-1.297862 5.576820 0.488945
-1.305712 5.680720 0.498738
-1.276705 5.560073 0.418058
-1.394516 5.776411 0.744894
-1.184296 5.389787 0.276262
-1.121967 5.509265 0.037577
-1.177693 5.474655 0.231181
-1.185288 5.677994 0.155340
-1.376400 5.676770 0.727598
-1.500426 5.887690 1.016224
-1.120941 5.626333 0.003604
-1.066943 5.376570 -0.022647
-1.122355 5.431424 0.112638
-1.257778 5.471555 0.450612
-1.057482 5.367857 -0.054197
-1.079550 5.389072 -0.008392
-1.371298 5.583914 0.708421
-1.213278 5.512924 0.268608
-1.521869 6.017341 1.058184
-1.079559 5.595374 -0.085150
-1.230428 5.737136 0.283120
-1.084962 5.600798 -0.080852
-1.357459 5.860249 0.615298
-1.156138 5.670203 0.107014
-1.411529 5.914545 0.765309
-1.362147 5.758172 0.627491
-1.066728 5.480960 -0.048410
-1.056833 5.473351 -0.064067
-1.473622 5.693845 0.972448
-1.107052 5.625242 -0.021681
-1.362889 5.667637 0.644996
-1.146858 5.553501 0.100532
-1.360945 5.576724 0.661699
-1.100908 5.509306 -0.026557
-1.219381 5.624374 0.273230
-1.177205 5.403548 0.256159
-1.476052 5.790376 0.973926
-1.481458 5.795972 0.983120
-1.260215 5.775718 0.359758
-1.309338 5.825886 0.505833
-1.487024 5.893731 0.973523
-1.182941 5.597297 0.181067
-1.553931 5.790968 1.194043
-1.497653 6.012570 0.981968
-1.104926 5.438818 0.070298
-1.281292 5.513120 0.467087
-1.264072 5.684337 0.382188
-1.285558 5.616037 0.479369
-1.461141 5.703168 0.950054
-1.301044 5.725070 0.486118
-1.109750 5.358161 0.091939
-1.394783 5.822093 0.735085
-1.266652 5.601978 0.407160
-1.177048 5.724056 0.143891
-1.184090 5.433868 0.256293
-1.196341 5.529906 0.200187
-1.120000 5.558243 0.016214
-1.498451 5.931676 1.009744
-1.382491 5.724328 0.714858
-1.113145 5.672612 -0.011938
-1.119007 5.473907 0.093956
-1.067191 5.422662 -0.047587
-1.278203 5.523872 0.425030
-1.527986 6.067009 1.054361
-1.206799 5.554815 0.253217
-1.057733 5.414768 -0.082026
-1.080246 5.435469 -0.034977
-1.409102 5.958116 0.758031
-1.224431 5.783991 0.268782
-1.065935 5.639800 -0.097764
-1.358203 5.910904 0.606541
-1.375144 5.630523 0.693670
-1.151934 5.718362 0.088544
-1.080320 5.651277 -0.101447
-1.470722 5.733369 0.963673
-1.106890 5.676488 -0.045164
-1.084047 5.539357 -0.088907
-1.071006 5.529268 -0.102840
-1.108957 5.377306 0.080629
-1.354354 5.802922 0.620170
-1.359562 5.711362 0.635665
-1.142191 5.599481 0.082137
-1.218753 5.671808 0.255599
-1.364780 5.621519 0.647831
-1.100731 5.558682 -0.051611
-1.476312 5.834350 0.967444
-1.307825 5.873681 0.493503
-1.256020 5.824135 0.348632
-1.478126 5.837893 0.974670
-1.172067 5.445557 0.238718
-1.487753 5.940877 0.968973
-1.182317 5.645633 0.162995
-1.499307 6.064181 0.979712
-1.119983 5.492830 0.034449
-1.266150 5.734932 0.366486
-1.278406 5.556995 0.451213
-1.287618 5.663857 0.462538
-1.292792 5.768435 0.475989
-1.459605 5.746497 0.939917
-1.391459 5.865800 0.725758
-1.109094 5.402664 0.068280
-1.264667 5.646615 0.392895
-1.175555 5.776276 0.126911
-1.180003 5.568648 0.191858
-1.118483 5.607601 -0.004344
-1.500968 5.978401 1.004393
-1.057336 5.359765 -0.044965
-1.058676 5.359779 -0.049459
-1.194658 5.484584 0.229548
-1.384559 5.772316 0.702923
-1.530967 6.115999 1.051383
-1.112102 5.725952 -0.033451
-1.132728 5.528718 0.059714
-1.413435 6.009825 0.749237
-1.062068 5.468180 -0.069234
-1.268587 5.564278 0.413369
-1.223823 5.834193 0.252283
-1.050363 5.458500 -0.102791
-1.201685 5.600502 0.236466
-1.076921 5.482379 -0.058308
-1.150887 5.770797 0.067472
-1.362112 5.966826 0.597189
-1.473217 5.777242 0.954742
-1.104496 5.728652 -0.069085
-1.356429 5.851877 0.610247
-1.377203 5.677538 0.679725
-1.362522 5.759137 0.623330
-1.076701 5.586769 -0.108983
-1.139332 5.648654 0.061180
-1.107408 5.422012 0.057373
-1.306768 5.922761 0.481537
-1.361446 5.664261 0.636493
-1.479271 5.880490 0.960886
-1.047065 5.569271 -0.108756
-1.217247 5.722154 0.237050
-1.092038 5.605092 -0.069199
-1.253634 5.875829 0.337392
-1.481994 5.886541 0.966388
-1.157064 5.483507 0.228781
-1.488039 5.988614 0.965630
-1.177220 5.694096 0.147375
-1.499170 6.115295 0.978704
-1.557148 5.880130 1.178990
-1.115767 5.540027 0.013968
-1.256115 5.779609 0.356722
-1.293973 5.818327 0.461132
-1.289236 5.712265 0.446914
-1.268801 5.599212 0.438671
-1.392637 5.914056 0.716679
-1.461222 5.793290 0.930066
-1.105749 5.445970 0.046711
-1.175869 5.831683 0.107369
-1.262249 5.693652 0.378957
-1.501248 6.025144 0.999044
-1.111140 5.655093 -0.021970
-1.181623 5.618690 0.170457
-1.055338 5.404894 -0.071910
-1.058027 5.405996 -0.076444
-1.190884 5.530380 0.210749
-1.109271 5.779696 -0.054157
-1.411486 6.058291 0.740564
-1.380794 5.817449 0.691912
-1.218292 5.884132 0.237432
-1.127165 5.574824 0.039274
-1.266156 5.609437 0.397861
-1.058298 5.515596 -0.093806
-1.361526 6.019173 0.589602
-1.083021 5.534740 -0.090822
-1.199717 5.648661 0.217994
-1.144018 5.822273 0.048891
-1.474818 5.821314 0.946216
-1.030448 5.498890 -0.112399
-1.099871 5.781819 -0.090995
-1.354481 5.901266 0.601130
-1.306621 5.974335 0.467851
-1.049162 5.623162 -0.108638
-1.357420 5.805073 0.613926
-1.476402 5.924682 0.954811
-1.364013 5.717868 0.670113
-1.135585 5.698928 0.040186
-1.205860 5.765651 0.224879
-1.352734 5.705444 0.626440
-1.048250 5.622343 -0.137613
-1.088287 5.655278 -0.092641
-1.103179 5.467332 0.035325
-1.254854 5.932102 0.321904
-1.487211 5.936266 0.958070
-1.494625 6.042289 0.960850
-1.183343 5.543737 0.189847
-1.173028 5.744149 0.130474
-1.505782 6.172734 0.977061
-1.570453 5.933542 1.194229
-1.560115 5.927186 1.171990
-1.120083 5.592884 -0.015293
-1.257761 5.832592 0.341349
-1.287530 5.864878 0.448443
-1.391584 5.963234 0.707161
-1.280986 5.756449 0.433898
-1.267730 5.647265 0.422243
-1.174392 5.886590 0.089073
-1.457006 5.837226 0.921139
-1.506031 6.076434 0.993942
-1.120364 5.501397 0.009180
-1.258944 5.741793 0.364981
-1.108301 5.707863 -0.044685
-1.176524 5.667074 0.152390
-1.109148 5.837321 -0.078268
-1.056940 5.453705 -0.102663
-1.377935 5.864259 0.682069
-1.048418 5.449757 -0.097207
-1.221751 5.941099 0.216611
-1.188907 5.577561 0.190269
-1.129241 5.626881 0.012903
-1.053383 5.796612 -0.166668
-1.262832 5.654794 0.382757
-1.050499 5.562624 -0.114683
-1.147931 5.881262 0.023096
-1.355562 6.069963 0.583302
-1.061041 5.804804 -0.161243
-1.068039 5.577097 -0.105401
-1.473290 5.865612 0.938093
-1.302890 6.024925 0.456656
-1.202248 5.701195 0.194874
-1.094364 5.836990 -0.113382
-1.041947 5.557146 -0.153293
-1.355241 5.954626 0.591056
-1.355458 5.852575 0.603242
-1.482974 5.976476 0.948463
-1.056194 5.681606 -0.144631
-1.203467 5.817089 0.206297
-1.130051 5.749609 0.019998
-1.357491 5.754615 0.612422
-1.254732 5.988266 0.308467
-1.044059 5.673939 -0.162736
-1.368781 5.768851 0.655213
-1.081856 5.706078 -0.114875
-1.484353 5.982257 0.951116
-1.114659 5.522080 -0.001362
-1.491783 6.090242 0.957914
-1.183158 5.591402 0.168125
-1.171987 5.797574 0.111413
-1.511958 6.231665 0.976185
-1.108699 5.638107 -0.030792
-1.256727 5.886189 0.327184
-1.555905 5.971203 1.165513
-1.287386 5.917365 0.434316
-1.393235 6.015478 0.697127
-1.277692 5.806393 0.419044
-1.171579 5.942293 0.072387
-1.504537 6.125384 0.988521
-1.263518 5.693733 0.407102
-1.259688 5.794004 0.348002
-1.460438 5.888196 0.910735
-1.106362 5.761317 -0.068239
-1.109876 5.547248 -0.009613
-1.176363 5.718415 0.131358
-1.214434 5.991433 0.202569
-1.100947 5.890485 -0.095678
-1.379577 5.915532 0.670025
-1.028944 5.488729 -0.105129
-1.030739 5.490038 -0.109261
-1.144216 5.936093 0.002357
-1.181564 5.625075 0.172642
-1.301407 6.077285 0.444581
-1.363098 6.133321 0.573284
-1.263558 5.704226 0.364649
-1.120118 5.676512 -0.007246
-1.473561 5.911379 0.930737
-1.050339 5.615515 -0.143939
-1.062049 5.627313 -0.128841
-1.192667 5.747893 0.180139
-1.358249 6.009756 0.580103
-1.357549 5.904233 0.592002
-1.480124 6.023449 0.943519
-1.052459 5.734484 -0.169388
-1.201534 5.870714 0.187639
-1.349235 5.797080 0.602737
-1.248785 6.042569 0.297960
-1.129920 5.806258 -0.006121
-1.498388 6.146696 0.954266
-1.479708 6.028657 0.944968
-1.359642 5.813336 0.645047
-1.111344 5.570786 -0.025569
-1.174912 5.637311 0.151781
-1.170064 5.853003 0.091875
-1.289495 5.972526 0.418871
-1.256598 5.941374 0.311739
-1.108548 5.691979 -0.058040
-1.390401 6.065957 0.687978
-1.502594 6.174021 0.984747
-1.277995 5.859195 0.403272
-1.166995 6.001111 0.055186
-1.258636 5.844810 0.332711
-1.268749 5.748537 0.386351
-1.465670 5.940630 0.901098
-1.099954 5.815800 -0.089782
-1.211184 6.048541 0.184202
-1.098600 5.950003 -0.118215
-1.169933 5.768489 0.114462
-1.103880 5.596574 -0.032613
-1.374937 5.963645 0.660550
-1.301299 6.135238 0.430268
-1.137825 5.992440 -0.017614
-1.047166 5.550192 -0.157576
-1.039545 5.547114 -0.148068
-1.361654 6.191350 0.565913
-1.472494 5.957861 0.922541
-1.180063 5.677148 0.150767
-1.259807 5.752878 0.349433
-1.115037 5.728402 -0.029518
-1.043006 5.665539 -0.167777
-1.354538 6.063232 0.572483
-1.192523 5.801933 0.157789
-1.356054 5.954820 0.580804
-1.481325 6.074579 0.938019
-1.058764 5.681328 -0.158132
-1.200507 5.925926 0.167702
-1.128438 5.860990 -0.029308
-1.253181 6.105883 0.281004
-1.349968 5.846673 0.589528
-1.058692 5.805115 -0.151067
-1.485855 6.083742 0.938508
-1.496024 6.199627 0.952383
-1.100857 5.616624 -0.044356
-1.355449 5.861772 0.633925
-1.170847 5.912311 0.068933
-1.170265 5.686900 0.131632
-1.283075 6.022749 0.406876
-1.390721 6.119891 0.679116
-1.254682 5.996963 0.297100
-1.102572 5.744070 -0.079907
-1.510560 6.233352 0.980182
-1.167804 6.064083 0.032935
-1.272920 5.910438 0.388786
-1.251768 5.895563 0.319470
-1.209294 6.108528 0.164918
-1.098042 5.873746 -0.115532
-1.258727 5.795842 0.372822
-1.171142 5.824508 0.091634
-1.455644 5.985401 0.893786
-1.304346 6.196641 0.416242
-1.101485 5.649578 -0.059419
-1.133243 6.051970 -0.040147
-1.378404 6.020894 0.647073
-1.473682 6.007107 0.915473
-1.253814 5.800641 0.334661
-1.170935 5.725059 0.133949
-1.358474 6.123639 0.560940
-1.107274 5.780906 -0.050581
-1.487029 6.130252 0.932767
-1.356825 6.009976 0.569854
-1.195900 5.981056 0.149815
-1.187458 5.855792 0.139536
-1.122936 5.917055 -0.052129
-1.253106 6.169321 0.266500
-1.353861 5.900629 0.576166
-1.506701 6.263015 0.949309
-1.483482 6.135608 0.932170
-1.355756 5.914668 0.620601
-1.097568 5.669831 -0.070760
-1.157706 5.961694 0.057383
-1.165181 5.737982 0.112249
-1.285657 6.081891 0.390478
-1.395110 6.180686 0.668376
-1.252339 6.055850 0.282348
-1.098410 5.800252 -0.104778
-1.158744 6.122112 0.018630
-1.272341 5.965232 0.372541
-1.201567 6.164847 0.149448
-1.248052 5.949686 0.304068
-1.302920 6.258084 0.402220
-1.258143 5.850575 0.354125
-1.168334 5.881860 0.069173
-1.129581 6.115793 -0.065281
-1.456858 6.039162 0.884518
-1.376935 6.075165 0.636566
-1.097308 5.703888 -0.085860
-1.480271 6.061594 0.907811
-1.248281 5.850595 0.319815
-1.110287 5.839934 -0.080865
-1.488249 6.184159 0.928399
-1.255740 6.236721 0.251041
-1.188163 6.036409 0.132334
-1.170349 5.780518 0.109917
-1.353112 6.063366 0.559789
-1.187786 5.913811 0.116233
-1.114755 5.973733 -0.073742
-1.351022 5.951033 0.564569
-1.486505 6.191808 0.925678
-1.162114 6.028358 0.031325
-1.093386 5.723233 -0.096758
-1.358777 5.972438 0.605881
-1.162342 5.790750 0.089541
-1.395004 6.237906 0.659403
-1.283317 6.140769 0.375728
-1.251352 6.116712 0.267120
-1.159598 6.192365 -0.004689
-1.271335 6.023325 0.356182
-1.206458 6.236463 0.124444
-1.253337 6.012728 0.284263
-1.127285 6.183393 -0.091771
-1.164183 5.939103 0.048763
-1.254421 5.903807 0.339163
-1.462570 6.096561 0.875938
-1.378179 6.134308 0.624663
-1.480134 6.113436 0.901474
-1.092678 5.756977 -0.110211
-1.493978 6.243510 0.923839
-1.104344 5.897417 -0.105367
-1.248153 5.906606 0.301484
-1.357047 6.123772 0.548249
-1.184938 6.098019 0.111772
-1.110630 6.035374 -0.098797
-1.178698 5.968089 0.098790
-1.172920 5.840248 0.083284
-1.349998 6.005616 0.552418
-1.495385 6.254536 0.918954
-1.156650 6.089988 0.010764
-1.286832 6.206083 0.358300
-1.360461 6.031002 0.592771
-1.160425 5.847902 0.066679
-1.246785 6.177492 0.253942
-1.159571 6.264614 -0.028483
-1.267188 6.079833 0.341110
-1.241100 6.062891 0.274322
-1.120512 6.250214 -0.115368
-1.159150 5.998348 0.027876
-1.375384 6.191170 0.614888
-1.478211 6.165684 0.895944
-1.255663 5.964510 0.319035
-1.462909 6.153305 0.868204
-1.178578 6.158947 0.092056
-1.248935 5.965106 0.281435
-1.107440 6.104014 -0.127774
-1.175469 6.029624 0.075780
-1.166075 5.896233 0.062512
-1.339096 6.054175 0.543756
-1.153892 6.155581 -0.010771
-1.280920 6.266674 0.344705
-1.162559 5.909936 0.037909
-1.349566 6.081371 0.583211
-1.266655 6.142811 0.323343
-1.246408 6.130426 0.252307
-1.153227 6.058696 0.006941
-1.380238 6.255955 0.603184
-1.485284 6.226946 0.888445
-1.249716 6.020461 0.302746
-1.183024 6.231982 0.065360
-1.075861 6.004875 -0.142661
-1.243438 6.021444 0.265950
-1.167754 6.089487 0.056092
-1.348417 6.118761 0.527155
-1.152953 5.950058 0.046305
-1.148013 6.222301 -0.032312
-1.152132 5.964937 0.019638
-1.353070 6.145007 0.569120
-1.262101 6.206221 0.306409
-1.240052 6.191540 0.237497
-1.145526 6.120351 -0.013605
-1.244700 6.081698 0.285886
-1.242899 6.083442 0.246202
-1.160957 6.152737 0.034264
-1.151086 6.015310 0.019499
-1.144417 6.024720 -0.002477
-1.145491 6.192451 -0.042283
-1.245088 6.148981 0.265545
-1.236539 6.144478 0.228945
-1.158673 6.222238 0.009357
-1.146533 6.080267 -0.005658
-1.141661 6.091063 -0.029318
-1.141435 6.265061 -0.067704
-1.245492 6.218956 0.243888
-1.236040 6.212854 0.208570
-1.139300 6.145833 -0.029605
-1.138922 6.160096 -0.057475
-1.145138 6.227897 -0.065168
-1.133513 6.231542 -0.085302
-1.455223 5.394402 1.102000
-1.488190 5.439098 1.196046
-1.461194 5.432210 1.094785
-1.486093 5.471229 1.188459
-1.483781 5.387856 1.176253
-1.433407 5.415440 1.021839
-1.399940 5.395497 0.937475
-1.492058 5.505328 1.180509
-1.460910 5.468557 1.086719
-1.464483 5.396604 1.107787
-1.475899 5.418860 1.166178
-1.435373 5.452684 1.013366
-1.394755 5.426866 0.928224
-1.489962 5.537452 1.172922
-1.463746 5.506567 1.079877
-1.481441 5.454406 1.156566
-1.461079 5.431286 1.098500
-1.439123 5.491406 1.005699
-1.440898 5.416163 1.026820
-1.400327 5.463308 0.918169
-1.338557 5.399574 0.765041
-1.465367 5.398270 1.140371
-1.479816 5.486863 1.147347
-1.478676 5.549833 1.072649
-1.461686 5.466522 1.090469
-1.456323 5.399168 1.111715
-1.439737 5.530335 0.998403
-1.437939 5.451224 1.018341
-1.314053 5.403683 0.686788
-1.436587 5.384437 1.040847
-1.403663 5.499759 0.908091
-1.334731 5.435740 0.756514
-1.389222 5.409400 0.899574
-1.508136 5.613576 1.159788
-1.469136 5.433248 1.129530
-1.478643 5.521527 1.138089
-1.468971 5.584981 1.066549
-1.463645 5.503765 1.082005
-1.460527 5.433615 1.102111
-1.436762 5.567266 0.991517
-1.438568 5.488280 1.009455
-1.314745 5.440670 0.675432
-1.402950 5.534793 0.899630
-1.431845 5.418020 1.031566
-1.386299 5.443491 0.889070
-1.509167 5.648265 1.153000
-1.339895 5.477315 0.745525
-1.345183 5.402392 0.771991
-1.467097 5.468060 1.118222
-1.253912 5.395260 0.525587
-1.472539 5.553093 1.129248
-1.234385 5.380423 0.475503
-1.479928 5.545338 1.073609
-1.466872 5.623590 1.060869
-1.459359 5.468282 1.092852
-1.460291 5.395854 1.110604
-1.300479 5.380616 0.660186
-1.379178 5.389214 0.874563
-1.422584 5.601530 0.985792
-1.441879 5.526613 1.000980
-1.311856 5.476571 0.664060
-1.442781 5.382082 1.041776
-1.444131 5.456258 1.020747
-1.505718 5.682068 1.146590
-1.381577 5.477976 0.879354
-1.339665 5.516377 0.736162
-1.455584 5.414560 1.095913
-1.344061 5.438872 0.761858
-1.460571 5.501071 1.107715
-1.341288 5.369307 0.790125
-1.255987 5.436073 0.512934
-1.497328 5.598838 1.120457
-1.235143 5.419169 0.460835
-1.471941 5.665267 1.054794
-1.475609 5.582083 1.066313
-1.460477 5.428831 1.100172
-1.469833 5.506001 1.083252
-1.257628 5.363002 0.545451
-1.298492 5.416325 0.648420
-1.378063 5.423820 0.862845
-1.308506 5.513050 0.653895
-1.181777 5.383081 0.325953
-1.506302 5.719157 1.140158
-1.393461 5.518543 0.866432
-1.344368 5.558521 0.726380
-1.342947 5.476259 0.751299
-1.450875 5.449003 1.083766
-1.336577 5.403796 0.780403
-1.467476 5.539528 1.097248
-1.494796 5.634269 1.112801
-1.252206 5.474957 0.503113
-1.166597 5.387925 0.291410
-1.230046 5.455988 0.448999
-1.458426 5.461817 1.089715
-1.477107 5.619893 1.059058
-1.472085 5.704761 1.048712
-1.477616 5.545221 1.074409
-1.263767 5.403352 0.529593
-1.406681 5.647315 0.871303
-1.306063 5.550237 0.642909
-1.300571 5.455263 0.634186
-1.376065 5.460447 0.850668
-1.511844 5.434877 1.109130
-1.517953 5.463152 1.163263
-1.505929 5.467844 1.101066
-1.510136 5.499257 1.157101
-1.521218 5.512438 1.093638
-1.545657 5.556619 1.152699
-1.396043 5.428227 0.813117
-1.401483 5.450349 0.826527
-1.540411 5.595935 1.148564
-1.525641 5.590464 1.079242
-1.399299 5.471807 0.803783
-1.403515 5.490016 0.816047
-1.541344 5.639580 1.144063
-1.319491 5.414165 0.582592
-1.524922 5.629801 1.072780
-1.400741 5.515734 0.795213
-1.411716 5.534916 0.804766
-1.544925 5.684566 1.140006
-1.315278 5.454036 0.570321
-1.525523 5.670260 1.066326
-1.514247 5.452835 1.158946
-1.301761 5.445076 0.544879
-1.401279 5.559831 0.787028
-1.427484 5.584298 0.791109
-1.544469 5.728950 1.137091
-1.229840 5.410070 0.363745
-1.315519 5.495803 0.557299
-1.532304 5.715044 1.059506
-1.493252 5.455756 1.060590
-1.217057 5.399392 0.327746
-1.525505 5.496832 1.152649
-1.301490 5.489230 0.532187
-1.425770 5.618571 0.774156
-1.421849 5.624055 0.783299
-1.518838 5.452306 1.154340
-1.535603 5.768959 1.134492
-1.525317 5.753730 1.054136
-1.305882 5.534910 0.548187
-1.489964 5.491887 1.052105
-1.230083 5.455407 0.346548
-1.216819 5.444393 0.312182
-1.544261 5.546283 1.145985
-1.298915 5.534305 0.521458
-1.141005 5.393139 0.197216
-1.418221 5.662368 0.767822
-1.421556 5.667346 0.773491
-1.479250 5.438862 1.024494
-1.516386 5.490140 1.147048
-1.401292 5.425982 0.813755
-1.550564 5.824634 1.131670
-1.525427 5.795655 1.048457
-1.326155 5.590592 0.526724
-1.491529 5.532128 1.042813
-1.227206 5.499056 0.330548
-1.511769 5.439620 1.143251
-1.213858 5.489917 0.297764
-1.535128 5.582161 1.139400
-1.321322 5.593716 0.500766
-1.393106 5.437546 0.789094
-1.161510 5.451250 0.162220
-1.416814 5.708733 0.764442
-1.419577 5.709957 0.759984
-1.135117 5.436027 0.137850
-1.478166 5.477762 1.014762
-1.541420 5.540233 1.139301
-1.114701 5.421140 0.049060
-1.401012 5.467485 0.804799
-1.529893 5.843162 1.042738
-1.091513 5.403998 0.004395
-1.108178 5.418205 0.024455
-1.544750 5.868188 1.129469
-1.323659 5.634684 0.513990
-1.513474 5.582281 1.032953
-1.245336 5.555476 0.303709
-1.510303 5.475403 1.134000
-1.209503 5.536185 0.284930
-1.539201 5.626582 1.134144
-1.316019 5.640212 0.490754
-1.462193 5.423790 0.982965
-1.394689 5.479542 0.776497
-1.153251 5.494081 0.146934
-1.423093 5.759455 0.753788
-1.397631 5.425299 0.815904
-1.412444 5.755047 0.754043
-1.147908 5.492482 0.108838
-1.479299 5.518517 1.004221
-1.536319 5.577618 1.131144
-1.303002 5.404534 0.558794
-1.111401 5.467957 0.028077
-1.530819 5.888588 1.037399
-1.374575 5.417009 0.757088
-1.402939 5.511748 0.794601
-1.091812 5.452829 -0.019410
-1.102592 5.464134 0.006299
-1.327800 5.685243 0.498392
-1.546357 5.919063 1.128486
-1.506551 5.620011 1.025566
-1.237922 5.599994 0.289622
-1.481346 5.499831 1.124781
-1.232033 5.599026 0.255174
-1.539315 5.668525 1.128451
-1.317377 5.691361 0.478749
-1.401136 5.524735 0.763530
-1.454889 5.461991 0.971869
-1.420982 5.803989 0.744320
-1.172823 5.555061 0.111029
-1.397421 5.465835 0.804935
-1.422590 5.811919 0.744550
-1.298420 5.433274 0.534980
-1.582776 5.591617 1.216744
-1.145377 5.541956 0.091072
-1.536929 5.618086 1.124685
-1.512751 5.577446 0.991545
-1.534803 5.936654 1.032887
-1.302743 5.447788 0.546536
-1.112571 5.520231 0.002161
-1.392855 5.549618 0.787548
-1.318143 5.727051 0.487998
-1.375239 5.460093 0.744438
-1.097967 5.507273 -0.050159
-1.099692 5.513153 -0.014728
-1.396493 5.419864 0.810497
-1.545753 5.968075 1.128321
-1.503164 5.660724 1.017372
-1.234511 5.648729 0.272668
-1.532939 5.564170 1.116084
-1.223642 5.644682 0.243489
-1.538934 5.711943 1.123525
-1.312481 5.740054 0.468698
-1.410220 5.572173 0.750573
-1.416569 5.849444 0.736815
-1.461769 5.507592 0.959704
-1.163152 5.600440 0.096466
-1.402484 5.510872 0.793979
-1.416284 5.859602 0.739387
-1.299606 5.409769 0.561614
-1.297323 5.475733 0.521092
-1.153214 5.598877 0.063159
-1.583844 5.635145 1.207344
-1.539181 5.987828 1.027895
-1.532661 5.657163 1.117736
-1.490786 5.608803 0.982730
-1.302467 5.492852 0.533415
-1.119563 5.576360 -0.027383
-1.314637 5.775897 0.475939
-1.423190 5.610414 0.771902
-1.107218 5.566102 -0.083394
-1.374587 5.502043 0.731791
-1.116569 5.576402 -0.052792
-1.394967 5.459274 0.799527
-1.513474 5.709397 1.009310
-1.232432 5.697674 0.256156
-1.281714 5.408769 0.503962
-1.215572 5.413000 0.324167
-1.527420 5.601159 1.107115
-1.226369 5.701358 0.224439
-1.537649 5.755533 1.118984
-1.316041 5.794857 0.455025
-1.415263 5.898385 0.727256
-1.405056 5.613175 0.740705
-1.158871 5.650191 0.077024
-1.355456 5.441933 0.705807
-1.400463 5.551751 0.783780
-1.213289 5.430939 0.308081
-1.458002 5.548770 0.947806
-1.304768 5.454686 0.545771
-1.415721 5.913020 0.732176
-1.292188 5.517591 0.508348
-1.150658 5.651053 0.044105
-1.533831 6.033508 1.023217
-1.578726 5.675246 1.197887
-1.535405 5.702263 1.111617
-1.493566 5.654752 0.973732
-1.301296 5.537178 0.521113
-1.316054 5.827872 0.461067
-1.115299 5.628769 -0.050568
-1.421496 5.655362 0.763240
-1.094381 5.612517 -0.098052
-1.397873 5.502395 0.786935
-1.108224 5.626464 -0.071522
-1.509594 5.751578 1.001889
-1.381902 5.550686 0.716712
-1.231213 5.750968 0.237101
-1.215328 5.458908 0.308175
-1.528090 5.641565 1.098212
-1.281491 5.453778 0.488392
-1.303161 5.413972 0.555243
-1.224176 5.754895 0.208211
-1.542959 5.803844 1.114889
-1.420124 5.952551 0.716896
-1.319070 5.853854 0.440818
-1.404311 5.658800 0.728779
-1.158159 5.704672 0.053462
-1.429049 5.611935 0.766877
-1.213090 5.477697 0.289207
-1.357901 5.487388 0.691098
-1.540350 6.088400 1.019006
-1.470142 5.599773 0.935224
-1.302264 5.498805 0.533029
-1.425270 5.975941 0.723745
-1.308893 5.573018 0.486390
-1.147173 5.705220 0.024572
-1.536829 5.746233 1.105504
-1.578877 5.719850 1.188445
-1.488830 5.697059 0.964244
-1.318759 5.883689 0.444905
-1.193518 5.401993 0.277120
-1.116415 5.686459 -0.079061
-1.324583 5.599136 0.498738
-1.119951 5.413910 0.139040
-1.417985 5.700664 0.755349
-1.508350 5.796008 0.994482
-1.107953 5.683998 -0.098001
-1.396738 5.544918 0.775491
-1.094155 5.670898 -0.127412
-1.232689 5.806448 0.215616
-1.394985 5.602346 0.700888
-1.207585 5.425436 0.323418
-1.527355 5.683624 1.090463
-1.211952 5.504045 0.292952
-1.275921 5.496156 0.474404
-1.226887 5.814272 0.187887
-1.302060 5.457343 0.540932
-1.422265 6.008140 0.707269
-1.545149 5.851367 1.111576
-1.315889 5.907670 0.429886
-1.094141 5.397449 0.012165
-1.403099 5.704075 0.718507
-1.085961 5.394567 0.020210
-1.155147 5.760973 0.031448
-1.262214 5.430528 0.450755
-1.213323 5.524838 0.271169
-1.418458 5.653085 0.759744
-1.426849 6.033974 0.716898
-1.307280 5.619657 0.471992
-1.298863 5.543090 0.520686
-1.472075 5.645835 0.924175
-1.346515 5.527705 0.679878
-1.146375 5.763373 0.001749
-1.529840 5.786732 1.099288
-1.311206 5.933734 0.433150
-1.137687 5.467218 0.112700
-1.492019 5.745201 0.955219
-1.573260 5.762325 1.179341
-1.113442 5.743604 -0.103950
-1.321587 5.645613 0.486353
-1.214336 5.398123 0.325795
-1.193382 5.448692 0.255812
-1.136010 5.470117 0.104815
-1.510161 5.843979 0.987476
-1.227851 5.860436 0.198111
-1.415783 5.748893 0.746607
-1.085791 5.723670 -0.147415
-1.101807 5.738621 -0.118816
-1.402688 5.592486 0.762874
-1.395125 5.650509 0.687299
-1.214552 5.475374 0.301791
-1.527038 5.726975 1.083108
-1.213484 5.554122 0.274052
-1.296701 5.554837 0.447568
-1.420877 6.060744 0.698455
-1.218377 5.867217 0.175222
-1.304973 5.504025 0.524183
-1.545518 5.900144 1.108596
-1.089842 5.379268 0.114943
-1.316224 5.966269 0.417286
-1.403189 5.752284 0.707375
-1.093119 5.446070 -0.012062
-1.093528 5.447373 -0.011679
-1.075891 5.435259 -0.050610
-1.152606 5.818505 0.007378
-1.419886 5.700613 0.749476
-1.219832 5.577989 0.247003
-1.259330 5.476004 0.433898
-1.426206 6.091050 0.710436
-1.307876 5.669052 0.456354
-1.142877 5.820236 -0.019057
-1.323546 5.605198 0.496308
-1.374292 5.589753 0.657609
-1.473083 5.693882 0.912644
-1.529873 5.832341 1.094341
-1.315634 5.993765 0.416533
-1.143333 5.520490 0.086471
-1.491659 5.792170 0.946142
-1.103747 5.797054 -0.124816
-1.513283 5.893976 0.980045
-1.314962 5.692794 0.475498
-1.211931 5.443027 0.307745
-1.135839 5.519520 0.082223
-1.227427 5.919933 0.178125
-1.420671 5.801262 0.737119
-1.189139 5.495757 0.237665
-1.099704 5.799204 -0.145808
-1.417524 5.645656 0.747879
-1.524080 5.768978 1.075321
-1.390340 5.696433 0.676105
-1.127702 5.442680 0.118661
-1.208040 5.520640 0.286904
-1.228869 5.613780 0.247075
-1.422518 6.118701 0.689172
-1.299098 5.604793 0.430730
-1.219681 5.929137 0.155626
-1.550753 5.952113 1.105248
-1.171138 5.418210 0.217090
-1.318273 6.029095 0.404214
-1.295795 5.546195 0.512165
-1.400148 5.799716 0.697008
-1.121732 5.444541 0.064523
-1.096147 5.499752 -0.042039
-1.095181 5.499990 -0.039209
-1.071735 5.483102 -0.074069
-1.151356 5.879870 -0.017980
-1.414640 5.745290 0.740348
-1.216896 5.627972 0.228003
-1.299104 5.713408 0.444301
-1.262696 5.524831 0.414660
-1.144241 5.885659 -0.045273
-1.316999 5.650510 0.483869
-1.537406 5.883393 1.089029
-1.313799 6.052249 0.401440
-1.370867 5.637658 0.643532
-1.471372 5.742454 0.902262
-1.090545 5.435194 -0.031208
-1.076919 5.423641 -0.050440
-1.493031 5.841559 0.937456
-1.155665 5.581067 0.054498
-1.509743 5.940216 0.974188
-1.100719 5.859618 -0.152287
-1.316804 5.745177 0.461452
-1.221647 5.977707 0.159283
-1.066159 5.418577 -0.084077
-1.144218 5.576723 0.050244
-1.581765 5.862386 1.164500
-1.214437 5.491972 0.286445
-1.413948 5.849458 0.730727
-1.211368 5.558088 0.202202
-1.414979 5.691623 0.736738
-1.526405 5.814570 1.067981
-1.425463 6.179585 0.679032
-1.389091 5.745331 0.664107
-1.138334 5.498128 0.087593
-1.233329 5.585614 0.252263
-1.220938 5.662495 0.232481
-1.297922 5.655391 0.412975
-1.214253 5.988271 0.139618
-1.548895 6.000837 1.102224
-1.400645 5.850121 0.685837
-1.175479 5.469464 0.191282
-1.318741 5.606781 0.486968
-1.315377 6.091498 0.392670
-1.114823 5.491165 0.045518
-1.099589 5.554723 -0.071624
-1.100407 5.557327 -0.070856
-1.143394 5.936636 -0.038884
-1.075640 5.539317 -0.105717
-1.423541 5.800973 0.728420
-1.213055 5.678124 0.209390
-1.296075 5.763498 0.430199
-1.100986 5.412298 0.019765
-1.136201 5.944297 -0.064592
-1.317101 5.701380 0.469000
-1.319904 6.120121 0.382626
-1.538257 5.932501 1.084424
-1.277178 5.584682 0.388051
-1.475433 5.794039 0.891132
-1.364742 5.684274 0.631472
-1.516329 5.995051 0.967541
-1.069628 5.470717 -0.073139
-1.078689 5.480494 -0.048253
-1.143758 5.627316 0.039474
-1.489047 5.889224 0.929915
-1.214065 6.034921 0.141644
-1.315926 5.798085 0.448555
-1.063365 5.468394 -0.110413
-1.141298 5.629360 0.027509
-1.416102 5.904157 0.721528
-1.425269 6.240598 0.669224
-1.415971 5.740564 0.724791
-1.204885 5.605999 0.183581
-1.520720 5.858002 1.060912
-1.585726 5.914989 1.157827
-1.202567 5.535519 0.272702
-1.384292 5.793057 0.652057
-1.120626 5.538711 0.077066
-1.226784 5.634490 0.235656
-1.221464 5.717318 0.214264
-1.215027 6.055274 0.119071
-1.058818 5.396319 -0.098939
-1.075204 5.414351 -0.049987
-1.285107 5.699155 0.402066
-1.570289 6.069458 1.100883
-1.134895 5.475725 0.079365
-1.389129 5.894147 0.677813
-1.325342 6.166418 0.374587
-1.317114 5.655230 0.471709
-1.161377 5.512064 0.177923
-1.098992 5.609091 -0.100061
-1.121459 5.546854 0.012720
-1.141194 6.002688 -0.066009
-1.097049 5.610475 -0.094835
-1.079097 5.597846 -0.139475
-1.414672 5.846348 0.720828
-1.214536 5.733612 0.187914
-1.300153 5.821290 0.411171
-1.137524 6.014227 -0.092955
-1.313548 6.178568 0.369885
-1.542160 5.985153 1.080213
-1.095925 5.460327 -0.003316
-1.313586 5.752046 0.456094
-1.272877 5.633604 0.371492
-1.512280 6.044571 0.961592
-1.212675 6.100909 0.119032
-1.367493 5.737395 0.616603
-1.065519 5.524665 -0.065293
-1.053752 5.513607 -0.088168
-1.470587 5.842733 0.881089
-1.493454 5.943964 0.920762
-1.147059 5.686017 0.013060
-1.314124 5.852975 0.435179
-1.137474 5.682166 0.005163
-1.424430 5.964073 0.711531
-1.412935 5.787999 0.714426
-1.525592 5.909520 1.054300
-1.054714 5.517967 -0.134838
-1.197907 5.655385 0.165732
-1.224304 5.599322 0.238007
-1.586139 5.966419 1.151103
-1.386077 5.847307 0.639593
-1.222468 5.684308 0.218678
-1.146494 5.609260 0.030867
-1.222451 5.774278 0.193556
-1.212174 6.122976 0.100057
-1.054272 5.445529 -0.126527
-1.397091 5.953608 0.664553
-1.073786 5.465237 -0.078769
-1.284749 5.753249 0.384657
-1.323258 6.233212 0.362962
-1.134750 5.527790 0.053031
-1.312767 5.704206 0.457601
-1.137181 6.069084 -0.092363
-1.094764 5.664160 -0.126965
-1.125785 5.604364 -0.018543
-1.182712 5.578133 0.138666
-1.095935 5.668126 -0.123365
-1.041768 5.446054 -0.148505
-1.412873 5.897674 0.711623
-1.211979 5.788498 0.167585
-1.298419 5.875209 0.395785
-1.313805 6.246183 0.352990
-1.135219 6.084855 -0.119785
-1.531481 6.028212 1.077129
-1.311870 5.804163 0.441567
-1.092220 5.511227 -0.029703
-1.517872 6.103254 0.956052
-1.268969 5.685637 0.354456
-1.207678 6.165786 0.098819
-1.496469 5.999445 0.913195
-1.093325 5.598297 -0.121323
-1.141832 5.740470 -0.008133
-1.080704 5.587358 -0.146264
-1.466574 5.893118 0.872252
-1.315851 5.911740 0.420568
-1.363981 5.788969 0.603260
-1.426496 6.022440 0.703059
-1.133180 5.739102 -0.020158
-1.531290 5.963634 1.048461
-1.408077 5.836689 0.704395
-1.193605 5.708765 0.144579
-1.218238 5.648533 0.219774
-1.383404 5.900561 0.627460
-1.222934 5.833614 0.173188
-1.218534 5.738141 0.200790
-1.139057 5.660966 0.010912
-1.208399 6.192656 0.080567
-1.404551 6.015443 0.651632
-1.282159 5.807295 0.367202
-1.066955 5.514456 -0.103957
-1.060547 5.504331 -0.166763
-1.142677 5.587317 0.018939
-1.134031 6.139819 -0.121253
-1.310619 5.756842 0.441819
-1.086441 5.718689 -0.150272
-1.087634 5.720842 -0.145806
-1.120187 5.658375 -0.043005
-1.175289 5.628942 0.119136
-1.419455 5.956978 0.700374
-1.209395 5.846096 0.145965
-1.290431 5.926676 0.382359
-1.127511 6.152915 -0.142587
-1.550292 6.095423 1.072908
-1.314083 5.862364 0.425754
-1.526993 6.165809 0.949277
-1.207976 6.238704 0.074448
-1.105152 5.575583 -0.072374
-1.265953 5.739297 0.336180
-1.138374 5.799092 -0.032246
-1.086870 5.652422 -0.147846
-1.495019 6.054838 0.905525
-1.314858 5.971028 0.407108
-1.426752 6.081154 0.695357
-1.363997 5.844419 0.588682
-1.470942 5.951483 0.861372
-1.530802 6.014326 1.042567
-1.130209 5.797151 -0.045468
-1.416051 5.895253 0.691562
-1.194626 5.767478 0.120563
-1.216155 5.703771 0.197807
-1.383361 5.956962 0.614905
-1.219389 5.891443 0.154401
-1.219083 5.796517 0.178404
-1.136580 5.717552 -0.015172
-1.403542 6.072972 0.641482
-1.279075 5.862811 0.350518
-1.078612 5.578529 -0.149507
-1.313814 5.813000 0.424040
-1.130797 5.636228 0.000176
-1.119060 5.717834 -0.072397
-1.172348 5.684296 0.095108
-1.422412 6.016982 0.690658
-1.292609 5.988481 0.364830
-1.206796 5.905496 0.123487
-1.314063 5.920516 0.409894
-1.528544 6.224788 0.944458
-1.098698 5.629714 -0.098900
-1.137115 5.861368 -0.058028
-1.266023 5.798252 0.314985
-1.500164 6.115841 0.897875
-1.316067 6.033971 0.391978
-1.428722 6.144096 0.687182
-1.529410 6.065189 1.037059
-1.125005 5.855151 -0.070825
-1.413808 5.948897 0.680248
-1.473920 6.010588 0.852078
-1.363090 5.901852 0.573625
-1.189372 5.825550 0.097642
-1.213178 5.758269 0.176663
-1.382396 6.015345 0.601872
-1.211740 5.949640 0.138778
-1.398974 6.130236 0.630849
-1.216913 5.855415 0.157170
-1.130007 5.773597 -0.037659
-1.271055 5.916999 0.335797
-1.312053 5.869640 0.407357
-1.130169 5.694216 -0.029984
-1.116122 5.777638 -0.101018
-1.421829 6.074907 0.681324
-1.289432 6.048562 0.348448
-1.201009 5.964180 0.104224
-1.168492 5.740726 0.071036
-1.311325 5.979191 0.395185
-1.095818 5.688567 -0.129542
-1.505714 6.179042 0.890182
-1.129115 5.921765 -0.080651
-1.314557 6.097437 0.377999
-1.538971 6.127242 1.031528
-1.259383 5.852605 0.298250
-1.116594 5.914248 -0.093831
-1.413708 6.006259 0.669712
-1.362110 5.961148 0.560159
-1.402310 6.195136 0.619806
-1.188545 5.888223 0.072673
-1.208575 6.012377 0.118660
-1.382257 6.076320 0.589615
-1.212801 5.818633 0.153798
-1.215137 5.917418 0.135463
-1.130589 5.838181 -0.067950
-1.274588 5.981680 0.314962
-1.302254 5.921465 0.394697
-1.116449 5.746188 -0.049268
-1.106883 5.834145 -0.124796
-1.291980 6.116177 0.329154
-1.423371 6.138361 0.671902
-1.194755 6.026990 0.081990
-1.160111 5.797128 0.049312
-1.308084 6.040242 0.380817
-1.317875 6.167707 0.361925
-1.127795 5.990362 -0.109445
-1.089330 5.746305 -0.157783
-1.117125 5.984241 -0.126700
-1.255334 5.913730 0.279362
-1.413584 6.066332 0.657884
-1.406941 6.263866 0.607476
-1.186383 5.951574 0.046845
-1.365538 6.026859 0.543777
-1.209796 6.083334 0.094764
-1.374556 6.132815 0.579749
-1.206181 5.875637 0.133329
-1.208846 5.978486 0.116536
-1.121259 5.898366 -0.091006
-1.269651 6.042056 0.296900
-1.303089 5.984868 0.375869
-1.290501 6.182285 0.311444
-1.120676 5.813632 -0.085264
-1.191143 6.092036 0.059769
-1.425807 6.203439 0.661240
-1.099879 5.896057 -0.153556
-1.166010 5.867959 0.015717
-1.310159 6.107526 0.363153
-1.312726 6.233675 0.348623
-1.122847 6.059659 -0.136703
-1.112242 6.052571 -0.155973
-1.415194 6.128819 0.646449
-1.258891 5.981067 0.254786
-1.203400 6.149873 0.075708
-1.177003 6.012712 0.025808
-1.384064 6.208308 0.562865
-1.358291 6.085506 0.531414
-1.204433 5.940294 0.107882
-1.202119 6.040963 0.095936
-1.119994 5.966908 -0.122246
-1.270841 6.112172 0.275879
-1.288100 6.250372 0.293258
-1.301636 6.048282 0.359444
-1.185269 6.159750 0.036205
-1.113197 5.875217 -0.112395
-1.306823 6.173149 0.349085
-1.156689 5.928143 -0.007339
-1.417200 6.194409 0.634541
-1.251210 6.043788 0.237009
-1.203187 6.226086 0.051248
-1.170712 6.079138 0.001857
-1.198892 6.110027 0.072806
-1.197695 6.003684 0.086849
-1.116907 6.036697 -0.153147
-1.273324 6.186115 0.253571
-1.304170 6.117710 0.339288
-1.111067 5.944786 -0.146133
-1.303041 6.241083 0.332911
-1.151344 5.995250 -0.034556
-1.420014 6.264401 0.622543
-1.246628 6.110890 0.216750
-1.165283 6.149904 -0.024629
-1.200951 6.188035 0.045085
-1.194111 6.071393 0.060885
-1.302182 6.187110 0.321483
-1.148189 6.066913 -0.063873
-1.248641 6.188967 0.191471
-1.166495 6.232485 -0.059014
-1.192222 6.145136 0.033588
-1.296167 6.255003 0.305262
-1.141876 6.140513 -0.093716
-1.142614 6.227228 -0.131071
-1.452472 5.389897 1.030098
-1.456192 5.424979 1.016967
-1.414674 5.399683 0.950519
-1.457672 5.460069 1.003821
-1.409418 5.433011 0.940606
-1.356250 5.387638 0.769519
-1.474367 5.499315 0.990333
-1.409539 5.467955 0.929493
-1.325043 5.391144 0.705169
-1.355507 5.423658 0.755929
-1.468229 5.533710 0.977961
-1.402039 5.501293 0.919570
-1.324737 5.426626 0.692814
-1.365081 5.462524 0.739120
-1.465209 5.569766 0.966819
-1.430375 5.544517 0.905307
-1.248176 5.373329 0.487769
-1.272033 5.397370 0.525142
-1.321734 5.462691 0.681658
-1.374196 5.501956 0.723528
-1.463089 5.606539 0.954861
-1.427792 5.580033 0.895400
-1.246548 5.410460 0.474153
-1.268165 5.434512 0.511510
-1.323668 5.499987 0.668488
-1.174115 5.353119 0.310392
-1.189581 5.370919 0.334327
-1.368513 5.538561 0.711127
-1.463643 5.643674 0.943740
-1.423867 5.615364 0.885083
-1.242217 5.447256 0.462156
-1.271933 5.473209 0.494249
-1.336364 5.541415 0.652491
-1.173416 5.390934 0.293505
-1.184839 5.407303 0.319063
-1.365508 5.576446 0.699141
-1.469125 5.684823 0.931789
-1.416342 5.650559 0.876783
-1.131033 5.374012 0.178342
-1.241489 5.486016 0.447308
-1.278389 5.515016 0.476560
-1.345024 5.583239 0.637277
-1.172262 5.430233 0.277414
-1.124571 5.382905 0.152042
-1.207530 5.452880 0.288382
-1.366546 5.616670 0.685118
-1.098311 5.362700 0.084797
-1.098710 5.367773 0.090846
-1.459818 5.720366 0.921846
-1.420922 5.690986 0.865652
-1.129905 5.413274 0.159800
-1.250643 5.528146 0.428005
-1.271375 5.552350 0.463322
-1.332136 5.618655 0.629334
-1.183711 5.473195 0.252804
-1.119846 5.422034 0.135514
-1.196930 5.490085 0.277148
-1.364881 5.656559 0.672715
-1.094052 5.402171 0.066632
-1.419216 5.729077 0.856549
-1.094455 5.408161 0.072261
-1.455434 5.759005 0.911494
-1.254396 5.569612 0.411937
-1.144547 5.457780 0.129069
-1.332710 5.658530 0.616948
-1.269749 5.593122 0.448041
-1.172212 5.510596 0.241971
-1.167830 5.476643 0.079601
-1.197142 5.532262 0.257772
-1.355147 5.692638 0.661531
-1.094756 5.443744 0.043584
-1.410786 5.765374 0.848239
-1.096960 5.450257 0.047995
-1.456871 5.800541 0.900335
-1.252769 5.610379 0.396657
-1.137121 5.497484 0.113743
-1.572320 5.924639 1.154945
-1.327445 5.698282 0.606564
-1.271263 5.635508 0.431541
-1.184113 5.557582 0.216499
-1.116695 5.503478 0.097578
-1.196447 5.573711 0.239219
-1.357966 5.736153 0.647488
-1.089134 5.483972 0.027038
-1.410859 5.805848 0.839533
-1.452921 5.839548 0.890806
-1.094499 5.491151 0.028201
-1.248880 5.651190 0.383812
-1.138266 5.541251 0.090676
-1.565652 5.963309 1.147049
-1.333405 5.742497 0.591719
-1.263790 5.675233 0.418686
-1.177116 5.597652 0.201999
-1.125947 5.550055 0.068823
-1.188550 5.613976 0.225119
-1.351355 5.775712 0.636696
-1.421242 5.851932 0.828792
-1.101574 5.531178 -0.007418
-1.450310 5.879646 0.881275
-1.101072 5.536446 -0.000967
-1.245894 5.693630 0.369730
-1.128134 5.580615 0.076974
-1.328574 5.782613 0.582157
-1.260361 5.717293 0.403794
-1.178667 5.641820 0.182206
-1.120324 5.592097 0.051446
-1.187862 5.658158 0.205311
-1.351472 5.819799 0.623857
-1.416834 5.892420 0.820060
-1.096417 5.573560 -0.026431
-1.448151 5.922864 0.871303
-1.095920 5.578829 -0.019981
-1.239770 5.735355 0.356453
-1.127486 5.625667 0.054290
-1.325998 5.826368 0.570931
-1.259180 5.761154 0.388077
-1.176629 5.686753 0.164008
-1.120118 5.637515 0.029575
-1.180414 5.700605 0.191188
-1.351597 5.864786 0.610595
-1.093980 5.618988 -0.048325
-1.446423 5.965530 0.862559
-1.088069 5.621773 -0.037799
-1.242175 5.782115 0.339905
-1.120968 5.668788 0.036892
-1.319827 5.867194 0.560533
-1.253492 5.804152 0.375195
-1.166939 5.729206 0.149867
-1.112705 5.681745 0.012155
-1.178830 5.745862 0.171358
-1.352158 5.911053 0.597728
-1.089298 5.664418 -0.070233
-1.448287 6.012930 0.852149
-1.090161 5.670743 -0.066234
-1.235592 5.826218 0.327001
-1.117622 5.715312 0.014985
-1.326220 5.917269 0.546433
-1.251416 5.850929 0.358618
-1.168947 5.778280 0.128788
-1.106655 5.727024 -0.007716
-1.178594 5.794035 0.150684
-1.345093 5.954808 0.586472
-1.082812 5.709316 -0.090922
-1.084118 5.716933 -0.086529
-1.233053 5.872647 0.312057
-1.114713 5.762201 -0.006106
-1.323180 5.963394 0.535583
-1.250679 5.898792 0.342037
-1.165107 5.825399 0.110551
-1.110524 5.778360 -0.035755
-1.348338 6.004162 0.573180
-1.172048 5.839914 0.134486
-1.075873 5.756608 -0.111237
-1.078540 5.764367 -0.108876
-1.231418 5.920698 0.295876
-1.112276 5.812163 -0.030092
-1.316556 6.008429 0.524723
-1.244997 5.945420 0.327480
-1.159467 5.872902 0.093113
-1.339468 6.048293 0.562727
-1.102216 5.825500 -0.054033
-1.169581 5.890823 0.112536
-1.036883 5.786705 -0.102576
-1.056705 5.803484 -0.116127
-1.226180 5.968612 0.281712
-1.316199 6.057640 0.513447
-1.107132 5.860874 -0.052038
-1.249660 6.000346 0.307174
-1.157439 5.924178 0.071978
-1.096613 5.874781 -0.074766
-1.337778 6.100060 0.549777
-1.161235 5.937989 0.096718
-1.029500 5.834519 -0.124121
-1.040737 5.845412 -0.129085
-1.224086 6.019043 0.265907
-1.102433 5.911778 -0.074010
-1.238134 6.046842 0.294619
-1.150906 5.974597 0.053681
-1.094186 5.928368 -0.100431
-1.158307 5.990361 0.075565
-1.220196 6.070772 0.250480
-1.100915 5.967902 -0.101334
-1.237389 6.101094 0.277551
-1.144817 6.027209 0.035358
-1.061966 5.964721 -0.099549
-1.152679 6.043310 0.055611
-1.216310 6.124314 0.234214
-1.098963 6.025458 -0.130314
-1.236208 6.156781 0.258829
-1.142340 6.083588 0.013339
-1.064963 6.025325 -0.131390
-1.152006 6.101120 0.031954
-1.217822 6.184009 0.214641
-1.237725 6.218297 0.238417
-1.138525 6.140685 -0.009515
-1.142775 6.154829 0.013597
-1.136065 6.202512 -0.034055
-1.140780 6.217906 -0.012996
-1.129097 6.262565 -0.055339
-1.478903 5.380411 1.133653
-1.475304 5.386919 1.102122
-1.481508 5.413000 1.122327
-1.416000 5.370598 1.009216
-1.468533 5.419086 1.089841
-1.435507 5.398650 1.036128
-1.475166 5.443709 1.111701
-1.398589 5.383993 0.970871
-1.404636 5.391141 0.981490
-1.413272 5.402405 0.996183
-1.462191 5.450713 1.078797
-1.440386 5.433976 1.021133
-1.377311 5.373344 0.876027
-1.475963 5.476664 1.101159
-1.410814 5.425765 0.969784
-1.404297 5.421018 0.959539
-1.410074 5.433855 0.984778
-1.365679 5.379616 0.843963
-1.462555 5.484204 1.067018
-1.334847 5.360395 0.764157
-1.440320 5.468923 1.007698
-1.374118 5.405705 0.864201
-1.473187 5.508493 1.090575
-1.409810 5.460921 0.959187
-1.399253 5.455617 0.950110
-1.408206 5.467335 0.972962
-1.360251 5.412885 0.831683
-1.345636 5.392847 0.774160
-1.464251 5.517886 1.055665
-1.319293 5.372460 0.722990
-1.323534 5.379061 0.734813
-1.331659 5.394588 0.751491
-1.373591 5.439371 0.852808
-1.492731 5.545944 1.080268
-1.439818 5.505324 0.992609
-1.407902 5.496259 0.948982
-1.410376 5.501369 0.959978
-1.403151 5.493005 0.939562
-1.362431 5.446910 0.818694
-1.471751 5.553612 1.043969
-1.337540 5.427558 0.760190
-1.296824 5.379625 0.640157
-1.317401 5.408705 0.712360
-1.317168 5.414371 0.724533
-1.328038 5.427478 0.738424
-1.372160 5.473218 0.841807
-1.487245 5.578321 1.070860
-1.444220 5.542116 0.978405
-1.280298 5.385489 0.607201
-1.406893 5.531409 0.938384
-1.407601 5.535027 0.948554
-1.397632 5.528164 0.931344
-1.365942 5.482961 0.805295
-1.475207 5.589694 1.033023
-1.294071 5.414185 0.628306
-1.338387 5.464138 0.745519
-1.318882 5.449872 0.712333
-1.315505 5.445866 0.701310
-1.252427 5.378143 0.533825
-1.385516 5.510033 0.827733
-1.484423 5.612002 1.061886
-1.326179 5.462776 0.725765
-1.444578 5.579264 0.964951
-1.240887 5.379755 0.498950
-1.280722 5.420761 0.592124
-1.255487 5.395462 0.530413
-1.403491 5.567570 0.937122
-1.409884 5.568053 0.928646
-1.239281 5.389845 0.511053
-1.402859 5.565735 0.921221
-1.359134 5.516971 0.794617
-1.209687 5.357353 0.417122
-1.469717 5.623904 1.022778
-1.293552 5.449667 0.616069
-1.335190 5.501075 0.731597
-1.315649 5.485917 0.701276
-1.317648 5.483576 0.689092
-1.476696 5.643450 1.052862
-1.366153 5.540163 0.820580
-1.247010 5.414145 0.520282
-1.326122 5.498616 0.711902
-1.222520 5.387174 0.440646
-1.442696 5.617318 0.951044
-1.276634 5.456038 0.579427
-1.236766 5.416892 0.487860
-1.253677 5.432554 0.514464
-1.405616 5.603452 0.925747
-1.176692 5.362612 0.351680
-1.406163 5.603752 0.919224
-1.236963 5.426612 0.499179
-1.385473 5.559865 0.776999
-1.176456 5.363933 0.337787
-1.205610 5.393540 0.404000
-1.468697 5.659043 1.012182
-1.179634 5.367399 0.333308
-1.288558 5.484212 0.604183
-1.477440 5.678245 1.043929
-1.317788 5.523623 0.689057
-1.309902 5.518709 0.680832
-1.392921 5.582517 0.804199
-1.338267 5.540403 0.715704
-1.245631 5.450696 0.505568
-1.314844 5.531686 0.701572
-1.217538 5.422629 0.428336
-1.153506 5.355129 0.266127
-1.174811 5.384386 0.319575
-1.435870 5.653162 0.939534
-1.275681 5.492969 0.565533
-1.232642 5.454025 0.476770
-1.421155 5.643961 0.912483
-1.161866 5.380343 0.291675
-1.246922 5.469273 0.500074
-1.419426 5.645198 0.907955
-1.178069 5.400404 0.332500
-1.239154 5.465197 0.484088
-1.379563 5.594595 0.765509
-1.411458 5.644930 0.902534
-1.173284 5.401763 0.323434
-1.203805 5.430622 0.388046
-1.466771 5.695282 1.001559
-1.171989 5.403378 0.319723
-1.280854 5.518394 0.593891
-1.473709 5.712103 1.035346
-1.386969 5.617274 0.795157
-1.323063 5.562978 0.675643
-1.317845 5.559370 0.667851
-1.241112 5.486503 0.491631
-1.353896 5.583597 0.696284
-1.323727 5.571216 0.686171
-1.215691 5.458818 0.415249
-1.146296 5.391483 0.253359
-1.171599 5.422239 0.307669
-1.277864 5.530632 0.550863
-1.234361 5.492251 0.463307
-1.431277 5.690846 0.927221
-1.413428 5.678152 0.902200
-1.160498 5.418712 0.276117
-1.239694 5.506554 0.486895
-1.415228 5.682369 0.899325
-1.235497 5.501759 0.471786
-1.171324 5.437112 0.318105
-1.374081 5.630619 0.754419
-1.409928 5.683406 0.894337
-1.170108 5.438671 0.309499
-1.199723 5.467717 0.374505
-1.466608 5.732089 0.992180
-1.306809 5.562687 0.572163
-1.478449 5.749304 1.026854
-1.172463 5.442264 0.300516
-1.080908 5.377920 0.180690
-1.383722 5.652388 0.784519
-1.319351 5.600491 0.665376
-1.309191 5.595599 0.659564
-1.110998 5.397692 0.192351
-1.241061 5.525071 0.476505
-1.339787 5.613861 0.667986
-1.347082 5.621257 0.683929
-1.224199 5.499754 0.395735
-1.141791 5.429110 0.238576
-1.070051 5.368952 0.108802
-1.166147 5.459163 0.296146
-1.287225 5.571412 0.533408
-1.230663 5.530672 0.452615
-1.116379 5.410591 0.158004
-1.412406 5.715112 0.890763
-1.160031 5.455971 0.260585
-1.436528 5.732036 0.912976
-1.413265 5.719543 0.890728
-1.127989 5.426368 0.180038
-1.234976 5.539971 0.458289
-1.105713 5.405606 0.128107
-1.173129 5.476186 0.299323
-1.369930 5.667748 0.743336
-1.261690 5.552979 0.460182
-1.462875 5.766855 0.983177
-1.405256 5.721139 0.886917
-1.166460 5.477055 0.296355
-1.219060 5.511914 0.347773
-1.108929 5.417064 0.145573
-1.302239 5.599429 0.560255
-1.477380 5.785375 1.018286
-1.377765 5.687139 0.775476
-1.108028 5.421836 0.143872
-1.175641 5.483334 0.278875
-1.121521 5.433516 0.161901
-1.126971 5.441313 0.181075
-1.336704 5.645182 0.649227
-1.120029 5.438021 0.169172
-1.327877 5.641402 0.643422
-1.529284 5.852366 1.152994
-1.240578 5.563252 0.460560
-1.217404 5.535565 0.384207
-1.333404 5.650979 0.656866
-1.346542 5.662223 0.669182
-1.144501 5.468907 0.218981
-1.087640 5.411648 0.081235
-1.080110 5.410840 0.077048
-1.170148 5.500101 0.279008
-1.290305 5.611623 0.517088
-1.231474 5.569071 0.439543
-1.410911 5.752633 0.880536
-1.112818 5.449825 0.139541
-1.179844 5.500505 0.232219
-1.429222 5.770267 0.901838
-1.408159 5.756892 0.882488
-1.123013 5.464549 0.166464
-1.368916 5.705610 0.731474
-1.233981 5.579659 0.445583
-1.105724 5.445954 0.109685
-1.462705 5.805486 0.972960
-1.172695 5.516162 0.280088
-1.261205 5.592985 0.443399
-1.473172 5.819786 1.010911
-1.298099 5.635627 0.549584
-1.406387 5.761826 0.878734
-1.174540 5.518512 0.275600
-1.204616 5.546997 0.339399
-1.108035 5.455766 0.128380
-1.377179 5.725381 0.764435
-1.107565 5.460916 0.127498
-1.162575 5.520415 0.267641
-1.123798 5.480036 0.166298
-1.115251 5.472389 0.145032
-1.327141 5.682503 0.640912
-1.118662 5.477287 0.153191
-1.321885 5.679840 0.635149
-1.230851 5.578680 0.362293
-1.327922 5.687905 0.645353
-1.259865 5.609300 0.435440
-1.525959 5.892102 1.142723
-1.189191 5.520638 0.170505
-1.340625 5.700603 0.656014
-1.085927 5.450472 0.059537
-1.082006 5.450753 0.052944
-1.175951 5.541572 0.260666
-1.283929 5.648727 0.505963
-1.411650 5.791070 0.869923
-1.244405 5.614615 0.420452
-1.151869 5.532877 0.232237
-1.131854 5.495361 0.103801
-1.407523 5.796082 0.873478
-1.363858 5.742915 0.720782
-1.473863 5.857337 1.003168
-1.428621 5.811262 0.889545
-1.253227 5.626647 0.422491
-1.124822 5.506352 0.146420
-1.461631 5.844296 0.963135
-1.103495 5.485370 0.091646
-1.297996 5.675121 0.536487
-1.161431 5.553784 0.267650
-1.253969 5.632994 0.428960
-1.405710 5.801961 0.871754
-1.214494 5.589903 0.317023
-1.160528 5.554888 0.267624
-1.375689 5.762886 0.754203
-1.106708 5.496830 0.109112
-1.109807 5.502179 0.108690
-1.150402 5.529095 0.131041
-1.181992 5.567276 0.234752
-1.327894 5.722759 0.629455
-1.133383 5.518106 0.109684
-1.182345 5.536055 0.089004
-1.326207 5.722130 0.623315
-1.225386 5.616504 0.350352
-1.328713 5.728133 0.631448
-1.249019 5.646384 0.424244
-1.524867 5.932754 1.132067
-1.148584 5.550114 0.178523
-1.340511 5.743767 0.641247
-1.087390 5.492744 0.033357
-1.165508 5.579060 0.252731
-1.079388 5.491587 0.030799
-1.279354 5.688203 0.492797
-1.405676 5.828566 0.859626
-1.240698 5.654847 0.408920
-1.168972 5.578864 0.204626
-1.470079 5.893952 0.995774
-1.365506 5.782983 0.708934
-1.407745 5.836942 0.865687
-1.104355 5.528993 0.101766
-1.244145 5.664301 0.412539
-1.458750 5.882557 0.954511
-1.113092 5.543612 0.135608
-1.297891 5.714608 0.523390
-1.428448 5.853546 0.877651
-1.098989 5.526634 0.075182
-1.373294 5.800571 0.744362
-1.205459 5.627523 0.304620
-1.179903 5.601768 0.237181
-1.404126 5.843194 0.864747
-1.180766 5.603444 0.238400
-1.247161 5.673375 0.415339
-1.102671 5.537528 0.091438
-1.102120 5.540902 0.096288
-1.120112 5.561513 0.135917
-1.324602 5.762459 0.619166
-1.113683 5.557623 0.120353
-1.324680 5.763318 0.613852
-1.112670 5.553530 0.102018
-1.173433 5.607990 0.219461
-1.226234 5.657598 0.333572
-1.325892 5.768182 0.619530
-1.246251 5.687313 0.409453
-1.528205 5.976188 1.122669
-1.149483 5.593005 0.158452
-1.072998 5.530527 0.021269
-1.335450 5.784726 0.628877
-1.184371 5.627443 0.225527
-1.078573 5.532954 0.007449
-1.271166 5.726586 0.482035
-1.404603 5.868280 0.849378
-1.239225 5.695994 0.397003
-1.469861 5.932594 0.988003
-1.163983 5.618857 0.190213
-1.411104 5.879447 0.856699
-1.363109 5.823412 0.697836
-1.457199 5.921921 0.945894
-1.117071 5.575808 0.068767
-1.292840 5.753726 0.511852
-1.243142 5.706714 0.398573
-1.367758 5.837515 0.735297
-1.131140 5.592116 0.103896
-1.098561 5.567492 0.055518
-1.426036 5.895815 0.865722
-1.177659 5.642087 0.218726
-1.201364 5.668249 0.289399
-1.407012 5.886265 0.856970
-1.178009 5.645275 0.223184
-1.114444 5.583639 0.061697
-1.243057 5.715938 0.399283
-1.123348 5.590106 0.061351
-1.132273 5.608033 0.109444
-1.321737 5.804366 0.608858
-1.220763 5.697242 0.320791
-1.124512 5.603950 0.093454
-1.314636 5.802107 0.606327
-1.117693 5.598734 0.075042
-1.168480 5.649784 0.201762
-1.321733 5.808949 0.606766
-1.240342 5.728414 0.395019
-1.150380 5.635885 0.138379
-1.528400 6.019795 1.113629
-1.172588 5.666556 0.216326
-1.083051 5.576944 -0.012586
-1.269725 5.766784 0.468090
-1.091805 5.580074 -0.029631
-1.331288 5.828240 0.614857
-1.401723 5.908362 0.839913
-1.471406 5.972718 0.981057
-1.239984 5.739889 0.383862
-1.159893 5.659572 0.174987
-1.451174 5.959435 0.938046
-1.357570 5.863098 0.687514
-1.408181 5.920474 0.849263
-1.285982 5.791377 0.501935
-1.368928 5.877220 0.725077
-1.245274 5.750769 0.383411
-1.132942 5.635719 0.083011
-1.112168 5.618476 0.048197
-1.109431 5.615610 0.025330
-1.405423 5.927483 0.849960
-1.197698 5.710262 0.274576
-1.423149 5.938643 0.855002
-1.169996 5.683519 0.202622
-1.176152 5.687827 0.207156
-1.113110 5.625587 0.042006
-1.236243 5.758137 0.384822
-1.114754 5.631746 0.048082
-1.133602 5.652201 0.089769
-1.322911 5.847728 0.596960
-1.212581 5.736523 0.309605
-1.319380 5.847500 0.594052
-1.115914 5.644676 0.080604
-1.113690 5.641212 0.054079
-1.322045 5.851551 0.593231
-1.168469 5.694677 0.181244
-1.242513 5.773351 0.376989
-1.143153 5.676773 0.123510
-1.527258 6.063200 1.104161
-1.172495 5.710592 0.201123
-1.468045 6.010612 0.974061
-1.273655 5.812294 0.451307
-1.079996 5.621031 -0.037230
-1.077880 5.620019 -0.044190
-1.239408 5.782665 0.370713
-1.323984 5.870094 0.602031
-1.157606 5.702652 0.157720
-1.457188 6.004142 0.929073
-1.366053 5.917285 0.715607
-1.352931 5.903506 0.676380
-1.288105 5.834512 0.487194
-1.405685 5.962789 0.842227
-1.231671 5.788423 0.375835
-1.123912 5.676059 0.069342
-1.107262 5.661134 0.027624
-1.104486 5.658296 0.007205
-1.198110 5.753700 0.255716
-1.406023 5.972395 0.843758
-1.173390 5.731473 0.191100
-1.166372 5.727322 0.184509
-1.418022 5.981457 0.844247
-1.106789 5.668112 0.025903
-1.107961 5.673005 0.034028
-1.239313 5.804712 0.365562
-1.125432 5.693298 0.077737
-1.208909 5.778527 0.294781
-1.315999 5.889070 0.587818
-1.113632 5.686834 0.063752
-1.313331 5.888686 0.586966
-1.314700 5.893429 0.582852
-1.108310 5.685350 0.034298
-1.161706 5.737741 0.163908
-1.237029 5.815730 0.362952
-1.138630 5.719839 0.106206
-1.463306 6.049254 0.968666
-1.171065 5.754426 0.185493
-1.526975 6.108272 1.095910
-1.268597 5.854137 0.438509
-1.078272 5.666214 -0.061869
-1.235217 5.826180 0.359131
-1.453353 6.044425 0.922448
-1.151235 5.744291 0.144486
-1.077531 5.667195 -0.071689
-1.363174 5.958260 0.705717
-1.322483 5.915807 0.588023
-1.281239 5.874898 0.476018
-1.354525 5.948153 0.664882
-1.237838 5.836670 0.357826
-1.120294 5.720763 0.050806
-1.097733 5.701347 -0.010137
-1.107337 5.708690 0.000946
-1.195341 5.798254 0.239241
-1.169291 5.774916 0.174616
-1.100937 5.710976 0.008169
-1.160508 5.772025 0.165942
-1.108386 5.719169 0.013903
-1.120870 5.737302 0.062460
-1.208372 5.823087 0.278342
-1.233396 5.849452 0.349448
-1.114525 5.732432 0.042417
-1.313556 5.933164 0.577487
-1.309082 5.932238 0.577838
-1.312297 5.937490 0.570072
-1.105204 5.731283 0.011263
-1.471079 6.094518 0.960937
-1.154037 5.781898 0.146543
-1.229307 5.858095 0.348878
-1.135910 5.764353 0.087278
-1.163314 5.796812 0.173863
-1.258594 5.893782 0.428108
-1.147137 5.786812 0.128419
-1.366098 6.003092 0.694646
-1.230120 5.869874 0.347939
-1.449081 6.086154 0.914167
-1.071602 5.710110 -0.084530
-1.278844 5.917119 0.464072
-1.349408 5.990027 0.654537
-1.324548 5.964454 0.573218
-1.065877 5.710760 -0.090341
-1.230504 5.879442 0.347019
-1.114396 5.766398 0.034263
-1.095490 5.747114 -0.031118
-1.190333 5.841878 0.223149
-1.099246 5.753370 -0.017662
-1.164247 5.819484 0.160552
-1.097790 5.756931 -0.012419
-1.102490 5.762969 -0.001803
-1.161390 5.820364 0.143352
-1.200182 5.864177 0.266314
-1.123093 5.784913 0.040713
-1.315582 5.980005 0.565967
-1.108627 5.776233 0.026712
-1.312872 5.980567 0.567143
-1.226100 5.894937 0.334936
-1.466765 6.134441 0.955941
-1.311224 5.983566 0.556879
-1.097583 5.775393 -0.008556
-1.230996 5.907228 0.330379
-1.152683 5.830227 0.123918
-1.131381 5.810145 0.068714
-1.163211 5.843565 0.157399
-1.255766 5.938362 0.414084
-1.362742 6.044616 0.685964
-1.279585 5.961895 0.450510
-1.450138 6.132307 0.905914
-1.224118 5.913747 0.337139
-1.144841 5.833525 0.109471
-1.355469 6.038327 0.641430
-1.030511 5.740149 -0.075312
-1.032007 5.742963 -0.085936
-1.319429 6.010894 0.560776
-1.229915 5.927681 0.331352
-1.107162 5.810000 0.018130
-1.188460 5.888056 0.205441
-1.086455 5.791087 -0.046469
-1.163280 5.867302 0.141612
-1.093901 5.801107 -0.041573
-1.093883 5.806406 -0.015916
-1.094209 5.804326 -0.034666
-1.204584 5.912737 0.246634
-1.155521 5.865960 0.124362
-1.113539 5.828569 0.029442
-1.101392 5.820748 0.010159
-1.311757 6.025749 0.556817
-1.312186 6.027959 0.556798
-1.469154 6.179865 0.948533
-1.225549 5.944971 0.315982
-1.304773 6.027062 0.545265
-1.226405 5.953053 0.314269
-1.096748 5.825851 -0.036104
-1.125044 5.855386 0.051350
-1.163577 5.891571 0.138885
-1.149952 5.879297 0.102893
-1.254268 5.984954 0.399648
-1.362952 6.089991 0.676066
-1.273141 6.005382 0.438892
-1.457862 6.182156 0.898536
-1.224390 5.961822 0.323526
-1.138932 5.878231 0.093346
-1.349874 6.081665 0.631874
-1.033332 5.790743 -0.107298
-1.032121 5.791371 -0.115489
-1.316543 6.060074 0.547110
-1.223478 5.972077 0.319312
-1.183877 5.933869 0.189327
-1.107144 5.860330 -0.004913
-1.085580 5.841568 -0.071570
-1.156895 5.914401 0.125861
-1.088984 5.849210 -0.064667
-1.094770 5.856544 -0.039352
-1.197720 5.956747 0.233772
-1.091056 5.853002 -0.056515
-1.114854 5.878174 0.007244
-1.154592 5.917393 0.101295
-1.311067 6.074046 0.546050
-1.475067 6.229168 0.942358
-1.101805 5.871454 -0.012066
-1.305650 6.072425 0.549661
-1.306360 6.077161 0.531247
-1.220052 5.993718 0.299006
-1.360021 6.133708 0.667362
-1.123690 5.903687 0.028719
-1.217298 5.998888 0.300537
-1.158953 5.940152 0.123959
-1.088219 5.872869 -0.056792
-1.254572 6.033905 0.383169
-1.267598 6.048673 0.426880
-1.143176 5.927808 0.083035
-1.452635 6.226823 0.891834
-1.344706 6.127205 0.622297
-1.221047 6.009720 0.311900
-1.140671 5.929126 0.071550
-1.042038 5.846947 -0.146202
-1.034509 5.844310 -0.149554
-1.224647 6.022696 0.304048
-1.103514 5.908649 -0.025133
-1.314553 6.111800 0.531792
-1.176581 5.981148 0.173968
-1.079718 5.888964 -0.091407
-1.154547 5.963864 0.108100
-1.193561 6.003844 0.218056
-1.087962 5.903246 -0.055929
-1.080680 5.898590 -0.073134
-1.080454 5.897136 -0.085777
-1.106668 5.924716 -0.007309
-1.095467 5.917589 -0.029853
-1.145537 5.964093 0.084688
-1.306331 6.121788 0.536452
-1.303581 6.121467 0.540496
-1.359320 6.181080 0.657016
-1.217217 6.045583 0.281623
-1.118249 5.953291 0.008864
-1.153425 5.987995 0.109842
-1.249026 6.080844 0.369479
-1.265619 6.096725 0.413233
-1.215367 6.049649 0.283181
-1.082394 5.922973 -0.080336
-1.344909 6.176216 0.610720
-1.135659 5.976366 0.053772
-1.135023 5.977061 0.064777
-1.218171 6.058870 0.298222
-1.219535 6.071837 0.290336
-1.098075 5.958246 -0.044989
-1.170185 6.029144 0.157795
-1.072047 5.937637 -0.110882
-1.150391 6.013690 0.091123
-1.184456 6.048744 0.204737
-1.085233 5.955021 -0.078221
-1.079326 5.949610 -0.097029
-1.102992 5.974883 -0.025921
-1.092264 5.968102 -0.050095
-1.142797 6.016787 0.061981
-1.363519 6.232490 0.645879
-1.261833 6.144228 0.400787
-1.214851 6.098695 0.262189
-1.114610 6.004336 -0.012615
-1.149697 6.039109 0.093263
-1.246143 6.130901 0.355383
-1.211627 6.100771 0.266607
-1.341967 6.226314 0.599079
-1.126560 6.023996 0.039190
-1.213919 6.107848 0.286565
-1.132281 6.031578 0.041231
-1.214851 6.121346 0.277440
-1.165592 6.078582 0.139998
-1.096243 6.012566 -0.068932
-1.056681 5.982878 -0.123497
-1.181622 6.099670 0.187768
-1.143996 6.064412 0.073689
-1.101117 6.027406 -0.046576
-1.092237 6.022045 -0.074822
-1.135109 6.068194 0.041252
-1.258042 6.193547 0.387501
-1.146397 6.090590 0.077501
-1.111871 6.057923 -0.035746
-1.245963 6.184954 0.338013
-1.205260 6.149635 0.247566
-1.207882 6.154624 0.248773
-1.126956 6.078317 0.015284
-1.213702 6.161931 0.271642
-1.126397 6.085348 0.018458
-1.211062 6.175228 0.262055
-1.158286 6.129484 0.122956
-1.091700 6.065605 -0.090862
-1.176551 6.149663 0.171180
-1.048101 6.033544 -0.143422
-1.139832 6.116955 0.055449
-1.097433 6.082117 -0.067288
-1.085889 6.073627 -0.095131
-1.055314 6.052152 -0.155781
-1.129653 6.123249 0.018878
-1.258719 6.247435 0.372187
-1.143565 6.145148 0.058848
-1.245308 6.239560 0.321851
-1.106420 6.112057 -0.057704
-1.208259 6.210767 0.224032
-1.123266 6.133024 -0.005427
-1.208969 6.214195 0.259934
-1.204133 6.210289 0.230099
-1.124550 6.145129 -0.008000
-1.158628 6.187478 0.099821
-1.177752 6.205677 0.150942
-1.134762 6.171499 0.036760
-1.096452 6.140820 -0.091274
-1.123289 6.180303 -0.003946
-1.142061 6.202625 0.039363
-1.097355 6.165098 -0.077258
-1.114630 6.183705 -0.022904
-1.119088 6.203815 -0.032056
-1.152647 6.242199 0.081524
-1.137338 6.234959 0.011140
-1.119631 6.240433 -0.029625
-1.098686 6.228285 -0.108207
-1.113640 6.243303 -0.047311
-1.498859 5.403197 1.132657
-1.485015 5.398417 1.095742
-1.503341 5.403528 1.137612
-1.523109 5.446301 1.125405
-1.486297 5.431405 1.087614
-1.500688 5.406295 1.140550
-1.523075 5.444852 1.128795
-1.472697 5.410765 1.056691
-1.499674 5.402169 1.138258
-1.519962 5.482157 1.118511
-1.456012 5.388510 1.031909
-1.505095 5.470132 1.078014
-1.527139 5.448411 1.131247
-1.384322 5.378263 0.837203
-1.441074 5.367664 1.000582
-1.526645 5.481498 1.121415
-1.477130 5.446252 1.046866
-1.524726 5.441336 1.127372
-1.526706 5.521333 1.111882
-1.460894 5.425258 1.020027
-1.497416 5.502360 1.070386
-1.521243 5.481153 1.122375
-1.381594 5.412560 0.827047
-1.356085 5.399394 0.798090
-1.436544 5.403291 0.988399
-1.530221 5.519057 1.113612
-1.489218 5.485099 1.037328
-1.523312 5.474911 1.118037
-1.366557 5.370141 0.820534
-1.368027 5.391017 0.798986
-1.494217 5.535417 1.062291
-1.466234 5.462367 1.008946
-1.518649 5.557845 1.106245
-1.363749 5.401326 0.804213
-1.521652 5.517096 1.113399
-1.380213 5.447014 0.817279
-1.367859 5.367856 0.822273
-1.361494 5.439255 0.788189
-1.424824 5.436833 0.976308
-1.489174 5.520656 1.027539
-1.523013 5.553493 1.105950
-1.291302 5.372338 0.602441
-1.527275 5.510024 1.107401
-1.365187 5.405519 0.810349
-1.551155 5.552383 1.208238
-1.374282 5.428804 0.787060
-1.487881 5.567801 1.055048
-1.515063 5.594265 1.100559
-1.471589 5.501305 0.997023
-1.366441 5.439023 0.794363
-1.349090 5.403416 0.764849
-1.523867 5.553566 1.105617
-1.273548 5.378923 0.556442
-1.402634 5.490365 0.803486
-1.368274 5.403738 0.810840
-1.359744 5.477981 0.780408
-1.478804 5.553464 1.018698
-1.292631 5.408893 0.590161
-1.345372 5.384175 0.732571
-1.527511 5.592699 1.099333
-1.461165 5.485847 0.960691
-1.522270 5.543467 1.097687
-1.364711 5.441601 0.799326
-1.497745 5.606700 1.047966
-1.372919 5.465085 0.776449
-1.556486 5.591343 1.196318
-1.275018 5.383211 0.565044
-1.468420 5.537105 0.987665
-1.521845 5.636205 1.095106
-1.279488 5.384928 0.561715
-1.522025 5.588621 1.097072
-1.362871 5.476298 0.785801
-1.363418 5.444869 0.749123
-1.391385 5.522432 0.795469
-1.276716 5.418755 0.544101
-1.369581 5.440325 0.798549
-1.215183 5.368906 0.395158
-1.365142 5.517827 0.770475
-1.487765 5.593458 1.009144
-1.293074 5.446567 0.577852
-1.525703 5.629619 1.092373
-1.521322 5.579237 1.088288
-1.349388 5.423803 0.717357
-1.449895 5.519748 0.949375
-1.273818 5.389855 0.571562
-1.494113 5.641243 1.040640
-1.362452 5.478096 0.789107
-1.380532 5.504858 0.764047
-1.551947 5.627931 1.186131
-1.278597 5.421555 0.551879
-1.470629 5.575367 0.976566
-1.522776 5.676239 1.090115
-1.285761 5.425400 0.546049
-1.524236 5.626008 1.088840
-1.194703 5.376875 0.340183
-1.371409 5.517735 0.774593
-1.393173 5.560324 0.786000
-1.372368 5.485695 0.734247
-1.274067 5.457624 0.534251
-1.263225 5.397558 0.523433
-1.366852 5.475535 0.787960
-1.210701 5.405356 0.382516
-1.281027 5.394984 0.570294
-1.473352 5.624893 1.001980
-1.381356 5.564448 0.758732
-1.310112 5.491024 0.559186
-1.523001 5.666751 1.085841
-1.523972 5.616966 1.078435
-1.254509 5.372488 0.490456
-1.493184 5.677031 1.033694
-1.146485 5.356037 0.229935
-1.343111 5.461634 0.705137
-1.277406 5.429118 0.557996
-1.453484 5.560928 0.937429
-1.381741 5.521697 0.775743
-1.386803 5.545380 0.750848
-1.198428 5.380230 0.351625
-1.546056 5.664354 1.175564
-1.279530 5.462347 0.539132
-1.526409 5.717511 1.085503
-1.193359 5.363763 0.363378
-1.467926 5.613374 0.967164
-1.283978 5.464029 0.533355
-1.526025 5.664886 1.081424
-1.388222 5.595590 0.777869
-1.197600 5.389538 0.342950
-1.191623 5.416260 0.329117
-1.376811 5.558497 0.764253
-1.370137 5.524926 0.722780
-1.272774 5.497567 0.524388
-1.262334 5.435980 0.510325
-1.367733 5.513611 0.776479
-1.211616 5.445169 0.367731
-1.277886 5.432541 0.557630
-1.484131 5.667248 0.992794
-1.310122 5.529260 0.548105
-1.527063 5.707444 1.080007
-1.134667 5.376291 0.170630
-1.376924 5.603782 0.752175
-1.517178 5.650819 1.069534
-1.492719 5.714100 1.027130
-1.250038 5.410787 0.476978
-1.144719 5.395503 0.214361
-1.383548 5.561420 0.765451
-1.273835 5.467247 0.546549
-1.356581 5.506948 0.688134
-1.444033 5.597196 0.926482
-1.379627 5.581602 0.742317
-1.121039 5.353118 0.186656
-1.197998 5.419878 0.336448
-1.091984 5.354479 0.079918
-1.106212 5.365945 0.102485
-1.548270 5.703584 1.166508
-1.197088 5.377006 0.357960
-1.268353 5.498089 0.531867
-1.297882 5.507806 0.515538
-1.195604 5.403711 0.346540
-1.462513 5.650128 0.957391
-1.521960 5.756913 1.081398
-1.387768 5.633511 0.768430
-1.182128 5.390923 0.309292
-1.523327 5.702928 1.074466
-1.129751 5.369127 0.183104
-1.191382 5.428256 0.332737
-1.377727 5.598420 0.754371
-1.191233 5.457763 0.315543
-1.366545 5.563067 0.711333
-1.286725 5.544117 0.507755
-1.378482 5.554963 0.762813
-1.280270 5.482936 0.487533
-1.167963 5.360575 0.274395
-1.234033 5.493799 0.341597
-1.481869 5.704694 0.984609
-1.275202 5.470461 0.545766
-1.305655 5.567576 0.537062
-1.496305 5.752566 1.021318
-1.522098 5.690354 1.061257
-1.381471 5.646596 0.743847
-1.133382 5.417944 0.155016
-1.521695 5.746105 1.074288
-1.153248 5.439458 0.192091
-1.256321 5.453955 0.457613
-1.379970 5.599597 0.756450
-1.282816 5.509861 0.530835
-1.376948 5.620480 0.732479
-1.354797 5.547421 0.674599
-1.128675 5.396369 0.165223
-1.447194 5.639852 0.915324
-1.206068 5.462600 0.316245
-1.090363 5.389270 0.035416
-1.110718 5.408511 0.081902
-1.096932 5.397380 0.057694
-1.128018 5.377926 0.172880
-1.285792 5.543711 0.506232
-1.292612 5.548260 0.511412
-1.197095 5.416993 0.341140
-1.389137 5.673791 0.759346
-1.546895 5.742687 1.157075
-1.197427 5.445141 0.330498
-1.521974 5.741125 1.067895
-1.525164 5.799666 1.077577
-1.468365 5.693105 0.947015
-1.186628 5.434442 0.288299
-1.132006 5.410836 0.162966
-1.196348 5.471260 0.315415
-1.372830 5.637376 0.747000
-1.195769 5.501335 0.299439
-1.123268 5.356246 0.178181
-1.360285 5.601824 0.701123
-1.283656 5.585370 0.498288
-1.376690 5.593642 0.752563
-1.281178 5.523668 0.472325
-1.092606 5.381433 0.049053
-1.226458 5.532335 0.330981
-1.167537 5.402009 0.255926
-1.113919 5.382839 0.135413
-1.480071 5.743422 0.976805
-1.299398 5.605384 0.527262
-1.095823 5.385827 0.051413
-1.489993 5.787714 1.015234
-1.077862 5.371286 0.015046
-1.279699 5.512245 0.530514
-1.516232 5.726772 1.053120
-1.134339 5.460457 0.138955
-1.525328 5.788278 1.069245
-1.375691 5.686667 0.736465
-1.143441 5.477107 0.181912
-1.099724 5.352419 0.095621
-1.086094 5.366441 0.044890
-1.376398 5.638682 0.747023
-1.290923 5.554501 0.514689
-1.375154 5.659142 0.722220
-1.262182 5.498603 0.439043
-1.081846 5.363812 0.022520
-1.068063 5.354475 -0.004977
-1.126039 5.437853 0.149212
-1.206549 5.504764 0.299381
-1.355724 5.590045 0.661003
-1.449893 5.682125 0.903353
-1.083276 5.429937 0.022309
-1.106301 5.449477 0.067133
-1.094773 5.440130 0.042063
-1.383296 5.710160 0.751193
-1.123137 5.418543 0.157312
-1.291653 5.587466 0.490522
-1.285938 5.587561 0.502412
-1.519269 5.779151 1.060925
-1.197109 5.457884 0.323894
-1.527941 5.843906 1.074551
-1.459381 5.729757 0.939306
-1.201940 5.488685 0.311946
-1.547348 5.785069 1.147577
-1.195156 5.479318 0.265609
-1.376023 5.680020 0.738273
-1.141883 5.456737 0.137795
-1.202218 5.515874 0.296832
-1.207496 5.549676 0.279522
-1.126401 5.398630 0.154760
-1.359409 5.643025 0.689190
-1.286870 5.629772 0.486263
-1.381650 5.636763 0.740144
-1.227392 5.574859 0.314917
-1.277640 5.565427 0.459181
-1.300773 5.646505 0.515297
-1.489098 5.826258 1.009456
-1.086845 5.422232 0.033891
-1.482332 5.784462 0.969334
-1.115736 5.425995 0.113621
-1.165332 5.443845 0.238277
-1.088275 5.426125 0.037499
-1.072542 5.412418 -0.001758
-1.513966 5.765137 1.044509
-1.287345 5.556514 0.513559
-1.530773 5.831892 1.064976
-1.371714 5.727265 0.730277
-1.132637 5.504497 0.123708
-1.157352 5.525280 0.154623
-1.378671 5.680583 0.736681
-1.370691 5.698418 0.713198
-1.102872 5.395702 0.071774
-1.083886 5.408209 0.024784
-1.286931 5.595010 0.503604
-1.077853 5.405076 0.003661
-1.255943 5.539117 0.425532
-1.126972 5.480327 0.130697
-1.209282 5.548702 0.281648
-1.060511 5.395648 -0.021760
-1.382412 5.749551 0.742539
-1.089148 5.476261 -0.002025
-1.112168 5.495805 0.042800
-1.077412 5.477247 0.037667
-1.350378 5.631328 0.649111
-1.439580 5.720442 0.894409
-1.286312 5.627800 0.479040
-1.128980 5.463068 0.133827
-1.288690 5.631591 0.489579
-1.522446 5.821861 1.054649
-1.202058 5.501760 0.303698
-1.530715 5.888137 1.071518
-1.460743 5.771886 0.929379
-1.214073 5.536419 0.288361
-1.544187 5.824569 1.138960
-1.192504 5.520803 0.249593
-1.145947 5.501662 0.115133
-1.370237 5.720084 0.730884
-1.075928 5.391121 0.011286
-1.203541 5.591974 0.267584
-1.207664 5.561968 0.279043
-1.057912 5.376472 -0.032426
-1.128213 5.441785 0.132966
-1.362133 5.686166 0.676781
-1.277984 5.670051 0.479301
-1.376717 5.674758 0.730737
-1.492269 5.868031 1.003590
-1.224749 5.616371 0.301343
-1.299917 5.688576 0.502926
-1.044769 5.374078 -0.049817
-1.472901 5.820767 0.963257
-1.274098 5.607176 0.446030
-1.082897 5.466266 0.016213
-1.118457 5.470759 0.090568
-1.081070 5.458999 -0.030203
-1.090114 5.471081 0.014855
-1.514869 5.806023 1.036646
-1.288710 5.598524 0.498728
-1.178791 5.492585 0.209769
-1.529922 5.874138 1.059963
-1.142547 5.552229 0.100130
-1.374059 5.772879 0.723139
-1.153386 5.567523 0.140231
-1.373774 5.720438 0.728876
-1.377471 5.743873 0.701123
-1.290579 5.639748 0.489935
-1.083491 5.453209 0.002161
-1.098433 5.438427 0.051266
-1.384248 5.792006 0.733403
-1.088168 5.453953 -0.029321
-1.207989 5.592172 0.265178
-1.133759 5.528318 0.107556
-1.255108 5.583904 0.409458
-1.110447 5.539783 0.025094
-1.086983 5.520778 -0.020959
-1.059651 5.439356 -0.044772
-1.100292 5.532423 -0.000425
-1.447699 5.767012 0.882315
-1.284111 5.669705 0.466275
-1.347283 5.674389 0.636350
-1.523374 5.863689 1.048808
-1.128143 5.506862 0.115715
-1.286527 5.675364 0.478422
-1.535775 5.936013 1.069225
-1.466631 5.817613 0.920171
-1.208381 5.548532 0.282627
-1.206523 5.577684 0.276471
-1.193899 5.565479 0.231041
-1.202735 5.636754 0.253943
-1.139290 5.543574 0.099955
-1.373908 5.765827 0.721690
-1.203256 5.604806 0.265875
-1.544671 5.868797 1.131056
-1.069718 5.434248 -0.008399
-1.493650 5.909295 0.998967
-1.056606 5.420723 -0.056664
-1.121101 5.483340 0.116986
-1.283454 5.717133 0.465981
-1.369552 5.713706 0.720925
-1.357236 5.727806 0.665684
-1.218539 5.657789 0.289839
-1.294136 5.729475 0.492654
-1.470671 5.860966 0.956236
-1.266530 5.648458 0.434141
-1.045689 5.419164 -0.076946
-1.522077 5.850093 1.028673
-1.098155 5.517243 -0.016852
-1.126544 5.517922 0.063342
-1.096868 5.518979 -0.013189
-1.073090 5.501642 -0.046200
-1.288773 5.643140 0.484685
-1.529986 5.917117 1.056558
-1.175709 5.536430 0.191679
-1.134130 5.594581 0.088221
-1.369193 5.814582 0.716931
-1.148977 5.611214 0.124184
-1.370763 5.783175 0.692110
-1.375627 5.764729 0.718902
-1.280310 5.678910 0.480547
-1.389692 5.837316 0.723373
-1.063443 5.490902 -0.003449
-1.093561 5.481717 0.031970
-1.204017 5.635337 0.250363
-1.080616 5.496017 -0.046539
-1.132498 5.573587 0.090234
-1.090652 5.568979 -0.043680
-1.099478 5.578006 -0.019394
-1.109191 5.586827 0.004478
-1.250237 5.627307 0.395066
-1.055225 5.482964 -0.065715
-1.524766 5.906796 1.043347
-1.279240 5.712222 0.454746
-1.340152 5.716068 0.625271
-1.447307 5.812287 0.871946
-1.286615 5.720910 0.466397
-1.132233 5.554515 0.091782
-1.534513 5.979771 1.067449
-1.458112 5.856444 0.912411
-1.202155 5.589921 0.268678
-1.204796 5.621725 0.261216
-1.373075 5.808901 0.713792
-1.494568 5.950177 0.993531
-1.198360 5.681438 0.242371
-1.135783 5.587967 0.083072
-1.203784 5.650625 0.249754
-1.187705 5.609601 0.215826
-1.545143 5.912095 1.123565
-1.067504 5.477785 -0.031809
-1.295987 5.773682 0.480215
-1.279068 5.760963 0.457281
-1.218162 5.702895 0.274549
-1.370048 5.756918 0.710976
-1.361786 5.774205 0.653201
-1.472968 5.904763 0.949935
-1.131888 5.533541 0.086835
-1.053958 5.465710 -0.081723
-1.523019 5.893743 1.021985
-1.261212 5.691518 0.421384
-1.044818 5.463733 -0.102834
-1.093320 5.562369 -0.034552
-1.093360 5.564233 -0.032945
-1.078966 5.550640 -0.074260
-1.119457 5.562192 0.046087
-1.281187 5.683507 0.473212
-1.530061 5.961920 1.052307
-1.131547 5.640619 0.072525
-1.377864 5.866110 0.708415
-1.171756 5.582300 0.173154
-1.145032 5.656178 0.108516
-1.369020 5.826412 0.682173
-1.375690 5.808510 0.710168
-1.386139 5.878217 0.715522
-1.283080 5.725663 0.466437
-1.087181 5.546699 -0.047280
-1.197366 5.678200 0.237203
-1.104344 5.532778 -0.001056
-1.081562 5.542939 -0.072075
-1.087600 5.614590 -0.062636
-1.133478 5.621506 0.069174
-1.106594 5.632814 -0.013671
-1.096453 5.624570 -0.036322
-1.530223 5.953129 1.037798
-1.067791 5.535380 -0.102865
-1.278407 5.757013 0.441099
-1.245371 5.671613 0.380245
-1.283564 5.765782 0.455220
-1.498664 5.994494 0.988421
-1.131847 5.600445 0.071172
-1.436561 5.852072 0.863782
-1.344272 5.764837 0.610718
-1.539142 6.029121 1.065944
-1.459976 5.902611 0.904038
-1.197257 5.664799 0.248470
-1.378562 5.856985 0.704944
-1.199810 5.728894 0.227432
-1.202672 5.636622 0.249688
-1.130035 5.632392 0.066203
-1.200744 5.696348 0.235702
-1.184182 5.654003 0.198941
-1.295606 5.818836 0.467371
-1.215546 5.748033 0.259272
-1.279187 5.808354 0.446850
-1.476167 5.950171 0.942372
-1.550148 5.959908 1.116372
-1.076475 5.527383 -0.065619
-1.373693 5.802613 0.699325
-1.356461 5.817318 0.642891
-1.026756 5.500474 -0.081930
-1.123899 5.577106 0.070412
-1.521244 5.935224 1.015344
-1.259932 5.736850 0.406509
-1.088481 5.607483 -0.052261
-1.023426 5.501242 -0.108849
-1.088072 5.609890 -0.051881
-1.538716 6.011722 1.049532
-1.072794 5.596498 -0.092784
-1.120421 5.610068 0.022576
-1.283505 5.730801 0.457872
-1.125396 5.686562 0.058898
-1.371678 5.909497 0.703408
-1.142879 5.702543 0.091172
-1.164214 5.626243 0.157537
-1.369098 5.872003 0.672589
-1.385305 5.922181 0.707190
-1.371274 5.852370 0.701470
-1.282273 5.771404 0.454816
-1.201030 5.727365 0.216504
-1.084130 5.594103 -0.069526
-1.084125 5.661680 -0.080800
-1.104002 5.679703 -0.032248
-1.128646 5.666664 0.053913
-1.095660 5.672868 -0.056569
-1.074930 5.588428 -0.091405
-1.535255 6.000946 1.033042
-1.278927 5.802869 0.427418
-1.096820 5.578489 -0.019968
-1.049973 5.574793 -0.111803
-1.499628 6.039057 0.983741
-1.251298 5.722632 0.361142
-1.279180 5.810516 0.446090
-1.127005 5.646485 0.053043
-1.544232 6.079746 1.064817
-1.198131 5.776588 0.212921
-1.462304 5.950051 0.896045
-1.440699 5.901847 0.853703
-1.199592 5.713843 0.229828
-1.336721 5.808903 0.600004
-1.373282 5.901995 0.698681
-1.197365 5.681440 0.233628
-1.285351 5.858916 0.459988
-1.129672 5.681043 0.044319
-1.197708 5.742972 0.221222
-1.477575 5.995070 0.936051
-1.209352 5.792161 0.246485
-1.182480 5.702548 0.179118
-1.277534 5.857062 0.436819
-1.367920 5.845393 0.690653
-1.555616 6.008994 1.109559
-1.072079 5.574623 -0.088259
-1.360600 5.867016 0.630353
-1.523543 5.980847 1.008195
-1.029929 5.550012 -0.113654
-1.122622 5.625025 0.046919
-1.263158 5.785738 0.389902
-1.087679 5.656657 -0.075377
-1.089954 5.660268 -0.077081
-1.532510 6.055182 1.046977
-1.027938 5.551815 -0.143050
-1.040229 5.628878 -0.086389
-1.116031 5.657345 0.002380
-1.127763 5.737391 0.039400
-1.274602 5.772850 0.447600
-1.374958 5.959467 0.696174
-1.383569 5.965427 0.699685
-1.145223 5.753337 0.069225
-1.363314 5.913849 0.664328
-1.163844 5.674912 0.135658
-1.378561 5.902770 0.690524
-1.276978 5.816308 0.443650
-1.077492 5.639581 -0.088864
-1.191715 5.771741 0.204149
-1.096056 5.725996 -0.047509
-1.072611 5.706971 -0.093565
-1.088175 5.719530 -0.071023
-1.126523 5.715756 0.035299
-1.535790 6.047012 1.029163
-1.503294 6.084848 0.979418
-1.275428 5.849174 0.414578
-1.056228 5.628955 -0.100358
-1.094201 5.626225 -0.043860
-1.039767 5.619270 -0.128646
-1.274343 5.855782 0.435725
-1.554305 6.134336 1.065215
-1.242869 5.767743 0.347960
-1.290830 5.908691 0.445378
-1.459668 5.994452 0.888540
-1.122638 5.694711 0.034871
-1.196036 5.826676 0.198781
-1.377889 5.952092 0.689391
-1.196105 5.761005 0.214116
-1.123497 5.726934 0.028233
-1.439880 5.949496 0.843690
-1.196035 5.791575 0.206285
-1.209460 5.841257 0.230296
-1.482168 6.044316 0.929634
-1.340421 5.860053 0.585814
-1.196114 5.730356 0.214608
-1.178547 5.750245 0.162176
-1.275875 5.905758 0.426780
-1.368890 5.891687 0.680229
-1.556595 6.057243 1.103199
-1.357099 5.913384 0.619965
-1.522703 6.025798 1.001894
-1.046650 5.611664 -0.093019
-1.045195 5.607218 -0.157035
-1.117339 5.672510 0.027134
-1.256069 5.831005 0.377108
-1.077491 5.702076 -0.090199
-1.542097 6.108450 1.044540
-1.077521 5.704816 -0.091462
-1.385459 6.013353 0.690442
-1.122510 5.784927 0.024501
-1.052860 5.686762 -0.123641
-1.112534 5.705313 -0.018658
-1.276033 5.821239 0.432237
-1.138609 5.799798 0.054354
-1.376921 6.011128 0.690145
-1.366123 5.964316 0.653413
-1.371021 5.945982 0.685114
-1.157222 5.722277 0.117928
-1.276189 5.864768 0.430751
-1.503829 6.130885 0.975525
-1.194061 5.822578 0.184648
-1.094822 5.776637 -0.069841
-1.524593 6.086483 1.025069
-1.087412 5.771452 -0.092970
-1.047604 5.674950 -0.087851
-1.116780 5.761556 0.021284
-1.272394 5.896751 0.402116
-1.037970 5.670724 -0.111381
-1.089373 5.674940 -0.065714
-1.042091 5.671752 -0.158789
-1.276733 5.907672 0.423153
-1.281492 5.952199 0.435884
-1.186301 5.871647 0.190082
-1.466534 6.047303 0.880415
-1.241630 5.817614 0.330964
-1.373068 5.998365 0.683499
-1.483612 6.091973 0.924485
-1.122298 5.746079 0.011711
-1.116877 5.774268 0.010491
-1.201499 5.887605 0.217479
-1.191743 5.810188 0.197967
-1.191691 5.840788 0.192582
-1.191277 5.777347 0.198497
-1.337370 5.907662 0.573360
-1.437738 5.997920 0.835305
-1.268382 5.951664 0.420092
-1.363116 5.935363 0.671110
-1.180886 5.801956 0.139792
-1.518721 6.070080 0.996429
-1.348202 5.957298 0.611274
-1.552617 6.103372 1.096896
-1.032412 5.655683 -0.108613
-1.115632 5.721893 0.004412
-1.386911 6.061850 0.682401
-1.054322 5.740927 -0.093398
-1.262044 5.886592 0.358314
-1.061957 5.747818 -0.102138
-1.134234 5.848908 0.035731
-1.047599 5.736031 -0.144299
-1.119075 5.836604 0.006649
-1.269382 5.865967 0.420654
-1.365773 6.012283 0.644173
-1.104579 5.753394 -0.037229
-1.375273 6.060834 0.684565
-1.372923 5.995744 0.675015
-1.507535 6.180357 0.971942
-1.275402 5.914132 0.417411
-1.154652 5.773740 0.097224
-1.185650 5.869466 0.170587
-1.094068 5.830375 -0.092652
-1.264859 5.942583 0.390515
-1.115561 5.813155 0.000963
-1.035174 5.720408 -0.102674
-1.055065 5.732082 -0.155277
-1.284309 6.004405 0.421643
-1.270571 5.954621 0.413972
-1.086791 5.727214 -0.091743
-1.186465 5.925323 0.174206
-1.371848 6.047494 0.676696
-1.197570 5.936224 0.202529
-1.486886 6.143820 0.918832
-1.467547 6.098247 0.872757
-1.117937 5.796105 -0.007334
-1.117902 5.828520 -0.013566
-1.189617 5.860231 0.181354
-1.236826 5.868307 0.315598
-1.188245 5.891612 0.177599
-1.272134 6.006438 0.406621
-1.187347 5.826861 0.180687
-1.363669 5.984962 0.660626
-1.169345 5.848176 0.126595
-1.332108 5.957177 0.562510
-1.526481 6.123685 0.989911
-1.351920 6.010283 0.598668
-1.389731 6.113241 0.673491
-1.038779 5.713141 -0.144588
-1.110366 5.772090 -0.016656
-1.069241 5.805123 -0.133638
-1.252275 5.932461 0.346741
-1.131688 5.901276 0.017045
-1.117889 5.890046 -0.012065
-1.369038 6.064012 0.633624
-1.064321 5.803964 -0.131535
-1.376332 6.112682 0.678931
-1.039208 5.785532 -0.164523
-1.267721 5.917365 0.406893
-1.102915 5.807310 -0.062062
-1.371244 6.044498 0.667415
-1.513958 6.232885 0.967885
-1.272409 5.965393 0.405699
-1.181286 5.919533 0.153996
-1.091073 5.884137 -0.115442
-1.152995 5.827718 0.074844
-1.051505 5.855146 -0.147739
-1.268594 5.997313 0.374604
-1.112571 5.866065 -0.018951
-1.036173 5.774569 -0.131622
-1.284445 6.056305 0.409067
-1.041315 5.780089 -0.171757
-1.271187 6.008731 0.401365
-1.483374 6.190265 0.913320
-1.194116 5.987027 0.187547
-1.183051 5.977986 0.160830
-1.380569 6.105396 0.667640
-1.459555 6.143871 0.867708
-1.118045 5.883872 -0.037628
-1.112243 5.847775 -0.027612
-1.185702 5.944036 0.161364
-1.185729 5.912500 0.164728
-1.232018 5.918983 0.300235
-1.275030 6.063268 0.395172
-1.368295 6.038693 0.649631
-1.178951 5.875572 0.165789
-1.171281 5.904088 0.103738
-1.528847 6.174831 0.985101
-1.382196 6.159156 0.666788
-1.327750 6.008296 0.550406
-1.352076 6.064085 0.587706
-1.130494 5.956492 -0.004969
-1.369170 6.115980 0.623501
-1.121207 5.948821 -0.035805
-1.056390 5.852952 -0.148090
-1.247918 5.983500 0.332178
-1.106451 5.825135 -0.041053
-1.049663 5.849471 -0.143897
-1.379685 6.169079 0.673611
-1.266953 5.969452 0.392287
-1.100358 5.861415 -0.086493
-1.371832 6.096851 0.658102
-1.273462 6.019831 0.391446
-1.178301 5.973400 0.136104
-1.264688 6.048715 0.360843
-1.148657 5.881387 0.054115
-1.283229 6.108028 0.396089
-1.114084 5.924307 -0.043891
-1.046179 5.838497 -0.170192
-1.488922 6.244817 0.908827
-1.274061 6.065520 0.387464
-1.196054 6.042954 0.167125
-1.184590 6.035443 0.143655
-1.379400 6.159104 0.661174
-1.469175 6.203448 0.859842
-1.111035 5.902954 -0.052075
-1.111475 5.937549 -0.058350
-1.272063 6.116355 0.385046
-1.184538 6.000261 0.143827
-1.180946 5.964961 0.148506
-1.389553 6.215948 0.657744
-1.525358 6.223150 0.981194
-1.369797 6.093577 0.638638
-1.178193 5.930281 0.145011
-1.229496 5.975079 0.282314
-1.164706 5.956915 0.085892
-1.354022 6.119281 0.575065
-1.334229 6.068891 0.535202
-1.125720 6.010696 -0.024497
-1.112863 6.000242 -0.049545
-1.367527 6.169265 0.613774
-1.250329 6.040782 0.314598
-1.383947 6.227991 0.666605
-1.103908 5.881064 -0.066330
-1.264411 6.022854 0.378078
-1.098722 5.918944 -0.113032
-1.375172 6.154122 0.649909
-1.266425 6.069696 0.381405
-1.174862 6.027792 0.116975
-1.068538 5.985894 -0.147754
-1.262610 6.103376 0.347009
-1.281604 6.163054 0.383058
-1.147915 5.938771 0.029616
-1.111130 5.981744 -0.065932
-1.191737 6.097584 0.150852
-1.271100 6.119517 0.376913
-1.178506 6.089612 0.131078
-1.383195 6.216731 0.653781
-1.104899 5.991210 -0.079082
-1.181581 6.055971 0.127528
-1.269135 6.172205 0.376095
-1.182015 6.022919 0.127652
-1.107633 5.960934 -0.075344
-1.369499 6.147033 0.629306
-1.229214 6.032024 0.263942
-1.175671 5.987214 0.124207
-1.162196 6.014742 0.064660
-1.351507 6.174590 0.564904
-1.372203 6.227544 0.603094
-1.333955 6.125946 0.521732
-1.120969 6.067620 -0.045299
-1.114430 6.063045 -0.074165
-1.246923 6.097098 0.299523
-1.099591 5.938301 -0.091213
-1.262761 6.076944 0.363025
-1.370826 6.205288 0.642681
-1.063339 6.042427 -0.169368
-1.267072 6.128335 0.366668
-1.172361 6.085647 0.098184
-1.284493 6.222538 0.367871
-1.257384 6.156448 0.334442
-1.104147 6.036924 -0.083424
-1.185636 6.152613 0.135396
-1.139131 5.994355 0.010511
-1.179181 6.150892 0.112611
-1.266372 6.175742 0.366336
-1.276136 6.237690 0.362005
-1.101508 6.050986 -0.103208
-1.171003 6.108395 0.115827
-1.100643 6.016988 -0.095705
-1.177734 6.081192 0.109688
-1.362456 6.197870 0.621288
-1.152046 6.067454 0.048868
-1.173611 6.045412 0.103777
-1.228523 6.092270 0.245515
-1.118487 6.128129 -0.067818
-1.109723 6.122722 -0.093794
-1.238105 6.149130 0.286999
-1.264313 6.137194 0.347027
-1.093500 5.996845 -0.115702
-1.064074 6.016586 -0.140297
-1.263671 6.184679 0.354032
-1.173467 6.148124 0.075201
-1.264350 6.221849 0.315452
-1.103025 6.100292 -0.109264
-1.188549 6.216529 0.113186
-1.177640 6.213149 0.096181
-1.271564 6.240688 0.351042
-1.136198 6.055432 -0.013229
-1.176183 6.175010 0.092335
-1.170762 6.138248 0.093796
-1.366709 6.258550 0.610976
-1.151367 6.131213 0.023837
-1.111966 6.187255 -0.088658
-1.167531 6.104050 0.084182
-1.107283 6.185984 -0.115141
-1.223802 6.152043 0.228344
-1.243293 6.216722 0.265538
-1.260478 6.195897 0.332314
-1.167848 6.208017 0.055979
-1.268420 6.251072 0.337083
-1.133287 6.119223 -0.038245
-1.172419 6.239123 0.075071
-1.170558 6.203321 0.071591
-1.110435 6.254810 -0.114987
-1.150270 6.197353 -0.000830
-1.163717 6.166273 0.062870
-1.224508 6.218797 0.207336
-1.262521 6.261042 0.314993
-1.129049 6.185562 -0.064934
-1.143338 6.260699 -0.022149
-1.158137 6.230714 0.041528
-1.122605 6.253785 -0.090012
-1.490273 5.454117 1.122232
-1.493024 5.486643 1.108420
-1.462343 5.443846 0.989698
-1.481051 5.451427 1.115133
-1.487247 5.517647 1.096018
-1.393869 5.422366 0.870850
-1.464012 5.435986 1.026660
-1.566271 5.584459 1.221525
-1.441829 5.474552 0.976471
-1.485549 5.484534 1.102589
-1.483198 5.440400 1.104781
-1.481977 5.432129 1.055860
-1.492169 5.552044 1.083878
-1.394813 5.456164 0.857376
-1.479281 5.472455 1.011929
-1.562317 5.618766 1.206685
-1.467873 5.516213 0.958712
-1.482852 5.517233 1.091478
-1.356625 5.422638 0.732191
-1.391428 5.418783 0.861911
-1.485398 5.475350 1.093780
-1.473699 5.432525 1.094046
-1.496183 5.586618 1.072117
-1.478864 5.465363 1.043505
-1.393524 5.490861 0.843418
-1.488265 5.509250 0.997830
-1.568153 5.656643 1.192486
-1.464348 5.551808 0.944272
-1.317406 5.414302 0.634823
-1.490961 5.459385 1.075413
-1.487285 5.552194 1.080541
-1.373473 5.420048 0.768700
-1.357160 5.458797 0.716632
-1.389649 5.453128 0.849577
-1.479559 5.509133 1.082566
-1.472755 5.467641 1.083362
-1.498868 5.620991 1.059913
-1.503497 5.503191 1.029431
-1.393559 5.524834 0.830324
-1.478444 5.542428 0.985285
-1.561895 5.691872 1.179610
-1.463969 5.588149 0.929096
-1.317032 5.449723 0.620063
-1.499026 5.493617 1.062956
-1.499339 5.588848 1.068575
-1.386051 5.486919 0.838424
-1.365897 5.454158 0.755795
-1.376151 5.499062 0.695828
-1.485323 5.545210 1.071653
-1.271152 5.410844 0.500032
-1.385520 5.443350 0.839435
-1.470903 5.502939 1.073058
-1.315377 5.406513 0.628806
-1.492605 5.653467 1.048296
-1.492345 5.535254 1.016862
-1.405691 5.562360 0.815487
-1.479809 5.578433 0.971796
-1.553887 5.726522 1.165468
-1.242221 5.406591 0.433115
-1.383371 5.449034 0.787038
-1.505276 5.528208 1.051260
-1.308971 5.484390 0.608360
-1.456395 5.625007 0.914933
-1.494827 5.622821 1.057805
-1.399511 5.524651 0.824030
-1.364612 5.489766 0.741417
-1.496889 5.582427 1.060891
-1.368584 5.535912 0.681662
-1.388634 5.479021 0.827632
-1.288776 5.409966 0.540215
-1.474851 5.539382 1.062906
-1.383645 5.437177 0.827668
-1.314687 5.456232 0.464341
-1.312280 5.442482 0.615186
-1.485434 5.686125 1.037058
-1.485176 5.567912 1.005624
-1.393164 5.443073 0.821331
-1.406152 5.598537 0.802376
-1.472229 5.613459 0.958474
-1.380684 5.483553 0.775084
-1.503906 5.561095 1.040592
-1.238291 5.442706 0.417426
-1.556092 5.765117 1.152789
-1.304545 5.520156 0.594297
-1.496118 5.658854 1.046765
-1.450566 5.661522 0.902458
-1.197029 5.404337 0.308133
-1.297171 5.404840 0.576099
-1.395918 5.560269 0.812037
-1.384436 5.528955 0.723101
-1.490561 5.616766 1.050881
-1.365490 5.573704 0.667203
-1.383223 5.514092 0.816819
-1.320493 5.452242 0.511988
-1.381381 5.473001 0.816118
-1.492644 5.579962 1.052279
-1.308272 5.477715 0.602366
-1.488964 5.723081 1.025662
-1.272313 5.486769 0.464780
-1.484719 5.602448 0.993737
-1.309055 5.429771 0.605922
-1.378803 5.475331 0.811523
-1.181668 5.404867 0.266038
-1.402559 5.634147 0.790383
-1.463737 5.647748 0.945952
-1.495828 5.593935 1.029735
-1.396453 5.522182 0.757887
-1.548016 5.800705 1.140674
-1.325360 5.561862 0.571891
-1.486223 5.692061 1.036668
-1.249245 5.430036 0.413064
-1.214512 5.402603 0.353631
-1.456413 5.701205 0.887415
-1.141384 5.386111 0.163049
-1.397705 5.596645 0.799371
-1.298129 5.441371 0.561361
-1.231765 5.448667 0.267710
-1.153987 5.395147 0.173090
-1.373227 5.563788 0.711717
-1.491786 5.653744 1.041869
-1.389485 5.551422 0.803859
-1.285802 5.482609 0.509789
-1.301538 5.512578 0.591107
-1.493404 5.760764 1.013465
-1.362399 5.612408 0.652324
-1.379536 5.509202 0.805392
-1.488067 5.615797 1.043116
-1.482446 5.637346 0.982609
-1.305012 5.420804 0.592902
-1.280131 5.526932 0.443656
-1.412041 5.515540 0.793171
-1.303232 5.465370 0.593862
-1.173691 5.441325 0.251043
-1.398547 5.670289 0.777146
-1.307855 5.435446 0.598109
-1.460142 5.683361 0.933968
-1.491734 5.626449 1.020635
-1.224163 5.395874 0.393252
-1.391537 5.557593 0.745456
-1.242180 5.518058 0.381038
-1.234618 5.410917 0.413771
-1.487939 5.728461 1.026459
-1.320450 5.598176 0.559038
-1.549320 5.840384 1.127962
-1.163283 5.388650 0.224956
-1.247069 5.467636 0.398228
-1.295032 5.476413 0.548167
-1.237361 5.443852 0.323126
-1.403067 5.635055 0.786377
-1.140748 5.422897 0.141730
-1.448775 5.738990 0.875287
-1.373279 5.601405 0.696948
-1.191077 5.480729 0.271448
-1.149654 5.433610 0.155319
-1.488121 5.689382 1.032333
-1.124169 5.414553 0.114006
-1.400229 5.590598 0.790193
-1.491555 5.796022 1.003168
-1.487801 5.674841 0.970038
-1.321868 5.554843 0.569911
-1.370495 5.544077 0.796525
-1.296768 5.523518 0.487935
-1.407122 5.550028 0.781160
-1.489300 5.653680 1.033690
-1.294161 5.456040 0.584791
-1.358404 5.651282 0.637831
-1.305032 5.502651 0.580778
-1.277540 5.565970 0.427155
-1.178408 5.422178 0.263742
-1.394471 5.706443 0.766362
-1.300212 5.469566 0.587647
-1.232723 5.395567 0.406199
-1.493935 5.661361 1.009633
-1.466830 5.722873 0.920992
-1.239244 5.434574 0.369084
-1.385708 5.592257 0.733817
-1.143991 5.403248 0.174803
-1.494552 5.767087 1.016353
-1.250915 5.559849 0.358690
-1.231041 5.448348 0.400930
-1.326381 5.638715 0.541121
-1.133296 5.400233 0.158611
-1.553284 5.881354 1.115711
-1.160267 5.425480 0.208461
-1.231747 5.502834 0.389981
-1.309553 5.515702 0.527654
-1.207987 5.475921 0.322277
-1.402137 5.672873 0.774430
-1.182492 5.400267 0.268275
-1.368365 5.637714 0.684088
-1.449669 5.779182 0.861320
-1.206247 5.523950 0.242729
-1.147626 5.472965 0.134735
-1.488024 5.727055 1.022456
-1.482995 5.830317 0.993095
-1.122629 5.453345 0.092218
-1.399719 5.628802 0.779068
-1.482388 5.709886 0.959226
-1.323249 5.592643 0.555576
-1.404856 5.584906 0.770028
-1.237988 5.425378 0.415352
-1.289623 5.559810 0.475009
-1.392426 5.586990 0.781488
-1.297776 5.493871 0.570520
-1.483330 5.690241 1.026110
-1.302779 5.540278 0.568384
-1.364761 5.694030 0.619899
-1.277675 5.606281 0.408667
-1.202661 5.465409 0.230382
-1.571112 5.860738 1.170861
-1.393125 5.744789 0.753171
-1.172704 5.518985 0.212436
-1.332274 5.511317 0.563111
-1.173108 5.413059 0.247831
-1.493412 5.696819 0.999772
-1.227747 5.432828 0.395362
-1.467229 5.761802 0.909070
-1.238880 5.471798 0.353479
-1.385267 5.629513 0.720664
-1.143285 5.440975 0.155503
-1.499353 5.806989 1.006587
-1.249233 5.599608 0.341381
-1.323715 5.677772 0.527063
-1.139860 5.439239 0.135010
-1.189591 5.401654 0.284833
-1.177320 5.467396 0.176955
-1.255859 5.547033 0.361099
-1.394005 5.708464 0.764756
-1.306463 5.553476 0.513191
-1.546060 5.919506 1.104403
-1.179408 5.438043 0.253809
-1.222248 5.519333 0.293940
-1.140818 5.502133 0.096997
-1.489252 5.764004 1.013444
-1.376956 5.680483 0.666222
-1.207361 5.563125 0.221831
-1.488707 5.870941 0.982529
-1.445183 5.819527 0.847608
-1.156577 5.514655 0.105041
-1.121997 5.491945 0.070050
-1.472498 5.743069 0.949128
-1.400538 5.667200 0.768389
-1.399027 5.619569 0.758390
-1.319671 5.630975 0.542319
-1.287830 5.528919 0.562023
-1.485889 5.728309 1.017121
-1.285630 5.598678 0.460506
-1.391009 5.625379 0.770744
-1.320382 5.582166 0.548742
-1.150928 5.418914 0.176475
-1.353564 5.731585 0.607253
-1.178256 5.499690 0.227196
-1.568356 5.898004 1.160100
-1.147505 5.418647 0.171072
-1.268724 5.645678 0.395241
-1.392199 5.783511 0.740804
-1.323306 5.546145 0.551786
-1.496034 5.732103 0.989595
-1.187949 5.563078 0.180850
-1.179863 5.415871 0.260277
-1.218262 5.459398 0.202369
-1.258142 5.475792 0.366268
-1.460492 5.797558 0.897396
-1.153609 5.394559 0.199777
-1.235374 5.509187 0.338191
-1.159703 5.399803 0.203966
-1.384826 5.666764 0.707513
-1.147126 5.480525 0.133043
-1.482261 5.838863 0.998345
-1.230245 5.523743 0.371748
-1.241188 5.637902 0.327995
-1.316994 5.716264 0.514123
-1.148317 5.479670 0.107361
-1.395311 5.746288 0.752873
-1.302463 5.590514 0.499529
-1.208318 5.443274 0.257465
-1.241448 5.582956 0.352054
-1.169769 5.506047 0.161941
-1.546393 5.961199 1.093673
-1.216931 5.557998 0.278992
-1.487760 5.802416 1.005152
-1.482809 5.907454 0.972503
-1.142922 5.543836 0.072008
-1.397181 5.654821 0.748083
-1.367503 5.717702 0.655264
-1.200233 5.603063 0.207222
-1.475552 5.782393 0.938095
-1.440206 5.859516 0.835520
-1.236278 5.499131 0.387391
-1.149521 5.554563 0.087983
-1.391501 5.703890 0.758676
-1.131447 5.535808 0.037891
-1.313367 5.668939 0.530622
-1.312148 5.573600 0.541312
-1.485725 5.766922 1.009273
-1.287089 5.638268 0.442883
-1.391827 5.663777 0.760065
-1.317221 5.619963 0.536728
-1.168399 5.460294 0.146213
-1.387216 5.820751 0.729975
-1.187064 5.541442 0.202400
-1.566443 5.936943 1.150568
-1.168617 5.462039 0.138029
-1.345029 5.771360 0.594655
-1.490130 5.766793 0.980409
-1.317904 5.582100 0.540549
-1.266137 5.686528 0.377894
-1.178162 5.601706 0.165774
-1.178825 5.490765 0.209409
-1.186779 5.456208 0.239530
-1.223734 5.507510 0.369365
-1.462225 5.838505 0.885079
-1.154162 5.433431 0.182950
-1.381660 5.703645 0.695922
-1.232294 5.548785 0.322886
-1.154804 5.437943 0.190260
-1.483495 5.877631 0.988493
-1.148248 5.521532 0.111304
-1.246180 5.566841 0.347549
-1.312092 5.755299 0.500003
-1.242239 5.679843 0.308286
-1.146710 5.519395 0.087602
-1.390751 5.784829 0.742448
-1.304758 5.629953 0.483975
-1.188873 5.477933 0.252782
-1.241094 5.622910 0.335190
-1.169977 5.545404 0.141423
-1.179185 5.515577 0.219713
-1.213919 5.596641 0.261660
-1.543160 6.001762 1.082857
-1.394011 5.690790 0.736913
-1.479572 5.946186 0.962525
-1.487178 5.841557 0.996061
-1.366161 5.756955 0.641653
-1.472798 5.818738 0.927752
-1.132229 5.582645 0.057311
-1.249968 5.539474 0.364390
-1.393650 5.743392 0.748021
-1.190448 5.642604 0.191727
-1.146169 5.594614 0.066536
-1.449573 5.905795 0.820492
-1.311121 5.708375 0.517390
-1.125373 5.576411 0.017584
-1.310318 5.612512 0.529323
-1.284427 5.678236 0.428405
-1.488222 5.807757 1.001473
-1.317213 5.660334 0.523139
-1.147138 5.494402 0.142710
-1.391254 5.703835 0.750550
-1.486461 5.801495 0.971287
-1.580132 5.982403 1.140988
-1.386716 5.861673 0.717593
-1.314320 5.618600 0.528133
-1.188114 5.582474 0.183110
-1.146451 5.497248 0.134486
-1.346847 5.815007 0.578626
-1.259919 5.728108 0.362068
-1.176844 5.493077 0.230189
-1.183996 5.531422 0.186975
-1.172016 5.642339 0.147917
-1.248688 5.552468 0.342133
-1.161566 5.473194 0.160999
-1.379406 5.742170 0.683112
-1.457664 5.877958 0.874236
-1.234246 5.588725 0.303638
-1.490048 5.919010 0.979577
-1.160396 5.478990 0.168649
-1.147552 5.561984 0.090745
-1.245335 5.606445 0.332310
-1.307613 5.795625 0.486287
-1.236019 5.720504 0.292880
-1.202149 5.518804 0.228535
-1.390248 5.824841 0.730486
-1.143288 5.559481 0.068604
-1.300764 5.668812 0.469474
-1.241654 5.664503 0.317106
-1.393079 5.727684 0.725387
-1.168376 5.586953 0.120825
-1.214057 5.636937 0.243171
-1.476755 5.985294 0.953372
-1.190231 5.558256 0.194562
-1.488345 5.881269 0.988238
-1.477183 5.859162 0.916743
-1.364823 5.797117 0.627622
-1.541681 6.044727 1.072469
-1.246390 5.576886 0.351551
-1.134831 5.626511 0.029859
-1.392236 5.782678 0.736859
-1.312024 5.749464 0.503000
-1.142337 5.637053 0.045454
-1.192493 5.687981 0.167508
-1.441877 5.947238 0.809126
-1.306670 5.650871 0.518514
-1.489018 5.838627 0.962719
-1.120631 5.618119 -0.002699
-1.311329 5.698674 0.512267
-1.279109 5.717806 0.413041
-1.479528 5.844859 0.995037
-1.160986 5.538329 0.113130
-1.384387 5.742397 0.742509
-1.316615 5.658038 0.512580
-1.386220 5.903504 0.704791
-1.158475 5.538793 0.106926
-1.182384 5.622576 0.166498
-1.348669 5.859560 0.562178
-1.252790 5.768952 0.347043
-1.184182 5.534695 0.209847
-1.182321 5.572090 0.169245
-1.174055 5.685882 0.124539
-1.238263 5.589896 0.333999
-1.381631 5.782546 0.669589
-1.155272 5.512071 0.148878
-1.456251 5.918149 0.862657
-1.484992 5.957194 0.970780
-1.232985 5.628858 0.287155
-1.156825 5.517316 0.155388
-1.238130 5.645499 0.320572
-1.145044 5.603712 0.070527
-1.304465 5.837056 0.472595
-1.391496 5.866340 0.719372
-1.197252 5.557845 0.214411
-1.223923 5.759140 0.280192
-1.298099 5.707862 0.455418
-1.138962 5.600660 0.049566
-1.393481 5.766601 0.713465
-1.238089 5.705560 0.302588
-1.481079 6.028472 0.943552
-1.476183 5.897907 0.906829
-1.162650 5.627965 0.103792
-1.485945 5.919851 0.980329
-1.186246 5.598022 0.179638
-1.213294 5.679240 0.224223
-1.360759 5.836910 0.615152
-1.547338 6.090844 1.061835
-1.248277 5.618685 0.333912
-1.390335 5.822523 0.726902
-1.128270 5.667666 0.010757
-1.307965 5.790171 0.490109
-1.488014 5.876462 0.953225
-1.138509 5.680399 0.023951
-1.308595 5.738669 0.500239
-1.310231 5.693278 0.504593
-1.117779 5.660334 -0.026609
-1.183135 5.729720 0.151997
-1.482026 5.885684 0.987238
-1.386539 5.782809 0.731436
-1.276453 5.759593 0.397723
-1.151550 5.577366 0.101325
-1.314365 5.696557 0.499768
-1.382994 5.944050 0.693971
-1.156383 5.579989 0.087953
-1.178896 5.664514 0.149109
-1.192433 5.577034 0.188705
-1.341051 5.901879 0.547940
-1.237839 5.629877 0.319585
-1.172463 5.610747 0.156618
-1.256512 5.815841 0.326123
-1.375321 5.819584 0.658317
-1.169734 5.728876 0.104662
-1.164502 5.554196 0.124907
-1.225357 5.666611 0.275013
-1.458831 5.961669 0.851149
-1.483018 5.997978 0.962855
-1.165143 5.558709 0.132217
-1.237292 5.686923 0.304493
-1.137080 5.643792 0.053851
-1.302232 5.880125 0.457683
-1.382881 5.904308 0.710066
-1.289557 5.744885 0.444079
-1.197811 5.598525 0.196747
-1.392972 5.804780 0.702344
-1.229953 5.806006 0.256886
-1.130091 5.640924 0.033269
-1.235016 5.746961 0.286446
-1.476030 6.068471 0.933916
-1.474278 5.937747 0.896875
-1.483968 5.959724 0.972824
-1.154682 5.667129 0.087536
-1.179538 5.638337 0.165854
-1.202110 5.718607 0.210734
-1.243375 5.656805 0.320210
-1.361181 5.881297 0.600710
-1.390675 5.864206 0.716169
-1.488338 5.914488 0.944175
-1.550276 6.138422 1.051922
-1.307055 5.832530 0.476061
-1.122207 5.710994 -0.010808
-1.311551 5.733833 0.491448
-1.309924 5.781964 0.485835
-1.308969 5.734327 0.487693
-1.132445 5.723725 0.002386
-1.386389 5.824148 0.722327
-1.177906 5.772895 0.132501
-1.111716 5.703660 -0.048176
-1.269740 5.799900 0.383944
-1.483130 5.928168 0.980605
-1.153096 5.619652 0.079991
-1.385163 5.989003 0.680797
-1.148349 5.620103 0.073724
-1.174077 5.705333 0.131698
-1.188867 5.617178 0.174605
-1.177645 5.654125 0.132925
-1.235601 5.671136 0.305510
-1.379303 5.863271 0.644802
-1.337427 5.947524 0.533774
-1.250721 5.859611 0.310282
-1.161428 5.594691 0.109182
-1.155412 5.769320 0.091068
-1.453363 6.001289 0.840688
-1.478805 6.037829 0.955287
-1.222772 5.707450 0.257667
-1.164379 5.600101 0.113688
-1.234147 5.728356 0.290799
-1.387989 5.842015 0.691517
-1.140032 5.688057 0.029672
-1.385464 5.947820 0.698556
-1.195644 5.638833 0.180643
-1.292285 5.788341 0.427670
-1.296855 5.923360 0.443088
-1.478961 6.113299 0.925261
-1.225074 5.850502 0.240244
-1.467896 5.975726 0.887635
-1.129900 5.685361 0.009407
-1.228311 5.789093 0.271825
-1.482836 6.002185 0.966127
-1.155818 5.711761 0.064118
-1.177868 5.680820 0.147286
-1.485516 5.951765 0.935862
-1.237988 5.696401 0.307294
-1.199539 5.763096 0.191707
-1.354884 5.921981 0.587757
-1.385139 5.903862 0.708154
-1.301181 5.873594 0.463931
-1.121603 5.756863 -0.036335
-1.303364 5.773098 0.482542
-1.310779 5.775225 0.472925
-1.308104 5.823593 0.472588
-1.479334 5.967495 0.974281
-1.384002 5.865468 0.713155
-1.181286 5.820266 0.107887
-1.263030 5.841116 0.369745
-1.151008 5.661750 0.060599
-1.126805 5.768338 -0.018775
-1.107966 5.748786 -0.072966
-1.384189 6.034121 0.667940
-1.142627 5.662024 0.056272
-1.173817 5.750713 0.109865
-1.180757 5.656407 0.163247
-1.232874 5.712038 0.293061
-1.175065 5.695871 0.115157
-1.371180 5.901583 0.633871
-1.336949 5.993900 0.518871
-1.156960 5.635929 0.095042
-1.482643 6.082479 0.946253
-1.245844 5.905017 0.293221
-1.223339 5.750856 0.238744
-1.157668 5.639496 0.100325
-1.162017 5.819228 0.062429
-1.385664 5.880552 0.681157
-1.233315 5.771595 0.273881
-1.135713 5.731045 0.009795
-1.387145 5.993338 0.686587
-1.188024 5.678410 0.167661
-1.293687 5.831591 0.410818
-1.295048 5.968624 0.428160
-1.470892 6.018703 0.877372
-1.476997 6.156802 0.916077
-1.220683 5.894424 0.222399
-1.125161 5.727967 -0.011294
-1.483521 6.044270 0.958671
-1.487594 5.992188 0.927241
-1.234270 5.835982 0.250969
-1.238962 5.736531 0.290876
-1.147370 5.753307 0.048227
-1.181167 5.725498 0.126381
-1.196544 5.806279 0.172276
-1.385905 5.947743 0.697406
-1.355730 5.967648 0.573719
-1.300278 5.917768 0.449043
-1.308956 5.815938 0.460099
-1.304202 5.816036 0.469763
-1.119675 5.803440 -0.062726
-1.301738 5.864308 0.462082
-1.382944 5.906979 0.704427
-1.481769 6.011078 0.967672
-1.143887 5.703498 0.045151
-1.379574 6.077226 0.657865
-1.266264 5.888559 0.350031
-1.127607 5.816188 -0.047147
-1.171939 5.864727 0.091117
-1.099181 5.792648 -0.093391
-1.136905 5.703938 0.038820
-1.163965 5.791176 0.096399
-1.177198 5.698372 0.148308
-1.368866 5.942854 0.622251
-1.170253 5.738514 0.096906
-1.230643 5.755114 0.278147
-1.150252 5.676233 0.081259
-1.481516 6.125835 0.939137
-1.219358 5.792429 0.222983
-1.333332 6.041357 0.503865
-1.143198 5.678181 0.092467
-1.243700 5.952603 0.273759
-1.150428 5.861847 0.046435
-1.386493 5.921658 0.669221
-1.232907 5.816121 0.257368
-1.384766 6.036461 0.676576
-1.282425 5.870067 0.400201
-1.184045 5.719991 0.151899
-1.469831 6.060201 0.868647
-1.129581 5.775308 -0.009741
-1.476785 6.201787 0.907740
-1.291006 6.013868 0.413170
-1.487437 6.032593 0.918556
-1.483721 6.087828 0.951999
-1.118116 5.770585 -0.029610
-1.235398 5.777576 0.276360
-1.224839 5.877738 0.237909
-1.218544 5.942921 0.202516
-1.145366 5.799009 0.024707
-1.171739 5.767261 0.113320
-1.386672 5.991616 0.686658
-1.191246 5.850389 0.154810
-1.356163 6.014754 0.558018
-1.300837 5.854246 0.449166
-1.296649 5.961574 0.435717
-1.300499 5.858974 0.459305
-1.300765 5.908514 0.449643
-1.109988 5.849308 -0.083610
-1.377833 5.948841 0.696397
-1.481480 6.055208 0.962204
-1.144536 5.748686 0.022938
-1.379027 6.124536 0.644993
-1.261800 5.932516 0.334635
-1.174913 5.915353 0.063999
-1.118340 5.862436 -0.067207
-1.133913 5.747120 0.019388
-1.095940 5.842676 -0.121906
-1.180006 5.742697 0.129028
-1.165534 5.839827 0.072126
-1.369708 5.987606 0.608635
-1.227011 5.797102 0.265659
-1.160402 5.778978 0.083440
-1.480392 6.170098 0.931601
-1.149007 5.720000 0.063095
-1.149719 5.724483 0.067958
-1.212661 5.836380 0.207522
-1.386837 5.964236 0.658069
-1.240165 6.001844 0.255462
-1.149349 5.911915 0.020433
-1.229773 5.860278 0.242415
-1.280195 5.914041 0.384870
-1.380573 6.080863 0.666906
-1.183706 5.763570 0.133356
-1.481891 6.070408 0.911385
-1.478330 6.250083 0.899411
-1.123453 5.820477 -0.029697
-1.290541 6.062967 0.397006
-1.485255 6.133405 0.944931
-1.232747 5.820261 0.260623
-1.218142 5.921678 0.222449
-1.209615 5.987751 0.186572
-1.118850 5.819381 -0.055952
-1.166436 5.809543 0.096694
-1.142878 5.846181 0.001970
-1.385135 6.036417 0.677875
-1.188679 5.895765 0.135364
-1.352044 6.059117 0.545898
-1.299020 5.896777 0.435500
-1.293444 6.006667 0.422795
-1.297706 5.902636 0.448047
-1.298463 5.952518 0.436761
-1.381259 5.994021 0.686117
-1.479861 6.098221 0.956713
-1.135600 5.790789 0.008252
-1.104854 5.897897 -0.108076
-1.263219 5.980307 0.315683
-1.375753 6.171478 0.633682
-1.132743 5.791754 -0.001644
-1.164665 5.961810 0.046769
-1.113205 5.911025 -0.091672
-1.171905 5.784654 0.116411
-1.158006 5.884827 0.054176
-1.365585 6.031062 0.596936
-1.227023 5.842005 0.249970
-1.163786 5.827260 0.058408
-1.485500 6.218608 0.923780
-1.144125 5.762667 0.047293
-1.384943 6.005880 0.647274
-1.209598 5.880499 0.190122
-1.144416 5.766769 0.051332
-1.145049 5.960349 -0.001963
-1.481246 6.111366 0.903906
-1.236636 6.052903 0.236325
-1.465901 6.146290 0.850699
-1.177912 5.805505 0.118355
-1.376381 6.125256 0.657236
-1.220762 5.902411 0.230180
-1.280208 5.959847 0.368763
-1.127409 5.870886 -0.059644
-1.283779 6.109663 0.382737
-1.489872 6.181574 0.938734
-1.230100 5.863852 0.244467
-1.217330 5.970366 0.203012
-1.116438 5.867425 -0.081557
-1.202514 6.035859 0.168187
-1.166112 5.856762 0.076471
-1.380940 6.079903 0.668625
-1.295872 5.938189 0.421810
-1.141306 5.894985 -0.021987
-1.355563 6.109718 0.530648
-1.186124 5.944788 0.114237
-1.292975 6.054853 0.407053
-1.293583 5.945180 0.436766
-1.292528 5.996338 0.425821
-1.483563 6.144753 0.951738
-1.383292 6.040858 0.677002
-1.380114 6.223740 0.619660
-1.133530 5.837428 -0.013240
-1.261010 6.029742 0.297831
-1.128857 5.838761 -0.022376
-1.111295 5.962136 -0.120163
-1.173325 5.831541 0.097876
-1.359223 6.073586 0.585594
-1.154007 6.010619 0.027456
-1.220667 5.884532 0.238623
-1.160002 5.935663 0.029888
-1.480744 6.263596 0.917766
-1.158494 5.872272 0.040522
-1.141065 5.806787 0.029890
-1.380813 6.047507 0.636416
-1.202901 5.924434 0.174662
-1.142271 5.812533 0.032709
-1.486416 6.157109 0.894897
-1.138521 6.010590 -0.025262
-1.276163 6.004174 0.354193
-1.219453 5.948925 0.213207
-1.183043 5.854362 0.094591
-1.233108 6.103949 0.217189
-1.381158 6.176997 0.644459
-1.283323 6.161482 0.365313
-1.116742 5.916960 -0.077699
-1.490013 6.228799 0.932832
-1.220669 5.905604 0.231409
-1.212885 6.018868 0.185515
-1.163972 5.904340 0.057008
-1.200806 6.087447 0.147869
-1.292243 5.981989 0.408486
-1.103953 5.912954 -0.098432
-1.385222 6.130391 0.657894
-1.135184 5.941961 -0.042782
-1.185390 5.994344 0.091931
-1.293352 6.105619 0.392118
-1.294367 5.992692 0.424336
-1.289748 6.043634 0.412883
-1.382178 6.086945 0.668624
-1.489933 6.195327 0.945970
-1.376358 6.273056 0.608714
-1.129644 5.884426 -0.033972
-1.257891 6.078436 0.280780
-1.123149 5.884300 -0.041506
-1.364062 6.122555 0.571629
-1.169780 5.877132 0.081259
-1.223839 5.933816 0.220518
-1.149751 5.981200 0.013079
-1.377102 6.089508 0.626383
-1.153364 6.065604 0.000179
-1.155518 5.919997 0.018991
-1.143472 5.855275 0.007686
-1.138303 5.856828 0.015687
-1.198026 5.969820 0.157602
-1.486620 6.201558 0.887806
-1.279336 6.054357 0.335670
-1.174529 5.897748 0.080311
-1.130594 6.060656 -0.046557
-1.383208 6.228367 0.633244
-1.214932 5.996551 0.198580
-1.490578 6.277310 0.927334
-1.216209 5.950464 0.215594
-1.114761 5.968105 -0.103740
-1.281476 6.214954 0.349055
-1.290857 6.027621 0.394384
-1.205710 6.066089 0.170000
-1.159106 5.951549 0.039106
-1.381876 6.177365 0.649033
-1.104286 5.965905 -0.127698
-1.198691 6.142296 0.125047
-1.129073 5.991668 -0.064837
-1.175557 6.040257 0.075947
-1.286102 6.152873 0.379054
-1.288854 6.037801 0.413800
-1.291030 6.093304 0.397989
-1.380156 6.133209 0.660627
-1.488675 6.242387 0.942073
-1.123455 5.932349 -0.052738
-1.252539 6.128025 0.263246
-1.362608 6.170035 0.559138
-1.117448 5.931658 -0.061477
-1.076811 6.045248 -0.178177
-1.166237 5.923629 0.064222
-1.380119 6.137019 0.614020
-1.219309 5.978702 0.207151
-1.144967 6.031100 -0.008532
-1.144772 5.964273 0.004227
-1.138603 5.901574 -0.009796
-1.150419 6.121511 -0.025134
-1.198618 6.019571 0.135740
-1.139385 5.906024 -0.007381
-1.170567 5.943861 0.062450
-1.267602 6.097938 0.324159
-1.383022 6.279716 0.621966
-1.210907 6.045430 0.181908
-1.215805 5.995870 0.198662
-1.131365 6.119439 -0.077520
-1.288139 6.072134 0.380260
-1.279212 6.268947 0.331552
-1.108234 6.018336 -0.127039
-1.153340 5.999846 0.021179
-1.208074 6.121879 0.146899
-1.379869 6.226354 0.639790
-1.070796 5.999262 -0.125803
-1.195675 6.197316 0.102619
-1.125285 6.044083 -0.090523
-1.291889 6.088047 0.400189
-1.283343 6.203791 0.364451
-1.173033 6.095643 0.051895
-1.285534 6.141134 0.386208
-1.378567 6.181671 0.652628
-1.121895 5.982959 -0.077520
-1.378174 6.182318 0.604009
-1.248530 6.179622 0.245330
-1.161307 5.970865 0.048783
-1.113163 5.981908 -0.084698
-1.211155 6.024317 0.195320
-1.144541 6.015076 -0.020110
-1.133745 5.948775 -0.027683
-1.142930 6.084999 -0.033369
-1.147483 6.177399 -0.050431
-1.130466 5.950842 -0.023311
-1.188301 6.065131 0.121397
-1.162067 5.989057 0.047345
-1.264005 6.147182 0.308328
-1.205072 6.093749 0.166433
-1.215427 6.045830 0.179646
-1.124872 6.176031 -0.103744
-1.284040 6.118295 0.367315
-1.077485 6.054784 -0.127963
-1.201336 6.172193 0.130951
-1.383683 6.280105 0.629006
-1.147582 6.049956 0.002399
-1.077095 6.057818 -0.161913
-1.194914 6.256892 0.078143
-1.121503 6.098307 -0.117061
-1.288632 6.136794 0.388039
-1.279190 6.255441 0.351421
-1.166861 6.147182 0.031452
-1.284103 6.192242 0.372037
-1.381463 6.232875 0.643485
-1.378964 6.229787 0.591585
-1.117124 6.034675 -0.099969
-1.156868 6.019350 0.031288
-1.244948 6.233409 0.227386
-1.209791 6.073574 0.179538
-1.111613 6.035244 -0.110752
-1.130713 5.999250 -0.048024
-1.136127 6.064789 -0.039777
-1.141319 6.141088 -0.058234
-1.126523 6.000588 -0.042851
-1.186187 6.118150 0.099418
-1.143232 6.236729 -0.077864
-1.159032 6.038615 0.027426
-1.264472 6.200621 0.289689
-1.204609 6.089210 0.167755
-1.201480 6.144808 0.149748
-1.284914 6.168470 0.351180
-1.118379 6.233522 -0.130401
-1.143226 6.101132 -0.018804
-1.200984 6.229418 0.108560
-1.282646 6.184260 0.377871
-1.283101 6.245547 0.357852
-1.169807 6.206904 0.002587
-1.382970 6.286648 0.635087
-1.113265 6.087107 -0.123218
-1.155588 6.071305 0.011797
-1.204800 6.124475 0.164858
-1.129085 6.050790 -0.070788
-1.135421 6.119785 -0.064601
-1.134744 6.195885 -0.081181
-1.123987 6.052314 -0.065235
-1.183589 6.172635 0.078225
-1.155092 6.089262 0.007468
-1.206055 6.141520 0.146706
-1.201541 6.200596 0.129023
-1.279915 6.217538 0.337344
-1.143855 6.158144 -0.044024
-1.281150 6.236307 0.365730
-1.156365 6.257164 -0.013551
-1.143879 6.118512 -0.001395
-1.205273 6.178822 0.145798
-1.124247 6.103440 -0.091207
-1.133399 6.177312 -0.091129
-1.117818 6.103856 -0.085677
-1.129092 6.254135 -0.106187
-1.184637 6.230020 0.053832
-1.155711 6.143539 -0.016490
-1.196170 6.191093 0.131496
-1.281712 6.271161 0.319151
-1.202030 6.258577 0.108283
-1.134476 6.210788 -0.062119
-1.153122 6.180627 -0.032151
-1.205264 6.234636 0.127524
-1.123055 6.158990 -0.114825
-1.116205 6.159027 -0.110119
-1.129562 6.235196 -0.116894
-1.153194 6.199805 -0.040971
-1.199878 6.249782 0.107572
-1.133305 6.271796 -0.088257
-1.140023 6.229478 -0.044176
-1.145637 6.253898 -0.060665
-1.141089 6.290494 -0.070248
