# .PCD v0.7 - Point Cloud Data file format
VERSION 0.7
FIELDS x y z
SIZE 4 4 4
TYPE F F F
COUNT 1 1 1
WIDTH 10052
HEIGHT 1
VIEWPOINT 0 0 0 1
POINTS 10052
DATA ascii
2.263327 11.595045 1.139004
2.223579 11.526924 1.231464
2.242368 11.494754 1.199523
2.178421 11.600492 1.395418
2.025503 11.681844 1.724916
1.986847 11.695170 1.818073
2.087473 11.546391 1.638382
1.998716 11.579187 1.784791
2.048372 11.646603 1.738541
1.975413 11.630114 1.850388
2.026279 11.487474 1.757033
1.986349 11.495476 1.839916
2.031121 11.429608 1.761900
1.934987 11.571102 2.063908
1.880746 11.613914 2.177186
1.841475 11.657675 2.296455
2.251973 11.779939 1.104773
2.201583 11.692728 1.248079
2.294419 11.700321 1.009070
2.242319 11.581775 1.159430
2.206339 11.531910 1.296311
2.086231 11.714327 1.586210
2.283687 11.501851 1.069528
2.086382 11.527404 1.615066
1.978370 11.679303 1.881427
2.094400 11.599922 1.580902
2.111040 11.710780 1.520858
2.061889 11.746972 1.642929
2.019296 11.601278 1.780314
1.838255 11.749498 2.251919
1.990238 11.533751 1.911500
2.105424 11.676458 1.536707
2.111251 11.529352 1.557943
2.138131 11.642435 1.495635
1.846348 11.754511 2.214046
2.053835 11.542445 1.677010
2.014579 11.420171 1.807357
1.864436 11.801355 2.159014
1.846391 11.567248 2.257539
2.085806 11.446811 1.574619
1.859323 11.590506 2.228477
2.048440 11.359720 1.709514
1.856685 11.766322 2.177877
1.874170 11.628215 2.175426
1.899872 11.677755 2.119035
1.815818 11.633416 2.318033
1.864713 11.586788 2.199300
1.913127 11.525747 2.143304
2.065330 11.629277 1.572322
2.025504 11.621852 1.678929
2.017684 11.414517 1.711258
2.171832 11.482307 1.443924
2.159924 11.563680 1.473397
2.162677 11.481205 1.422680
1.981022 11.943571 1.754624
2.133631 11.802951 1.472773
2.240662 11.808003 1.086976
2.128325 11.619107 1.505508
2.236655 11.632833 1.143380
1.976881 11.595222 1.809183
1.896248 11.817833 2.088685
2.026826 11.848356 1.661009
2.139235 11.725496 1.470044
1.908812 11.657551 2.104727
2.022363 11.666517 1.693204
2.139520 11.557339 1.506790
2.155065 11.863867 1.406755
1.906697 11.874363 2.067495
1.917638 11.502742 2.118549
2.006374 11.473545 1.719661
2.059487 11.758674 1.563743
2.148762 11.674205 1.447956
1.911543 11.697583 2.082463
2.056856 11.582108 1.601775
2.150793 11.512083 1.487641
1.925643 11.555272 2.102919
1.928238 11.775745 2.041682
2.178180 11.819073 1.382862
2.102225 11.661788 1.473181
1.934678 11.615157 2.061965
2.162394 11.615388 1.425770
1.950085 11.852313 1.994771
1.913134 11.406187 2.066002
2.152303 11.436797 1.466932
1.861639 11.777239 2.082640
1.953701 11.682544 2.019239
1.862305 11.594268 2.103312
1.958351 11.527225 2.043398
2.175766 11.945088 1.336504
2.131988 11.940565 1.409910
2.167253 11.752522 1.374403
2.132042 11.776469 1.452429
2.177083 11.993987 1.278751
2.179743 11.881006 1.331581
2.160755 11.577834 1.409803
2.124943 11.608626 1.490404
2.171811 11.808650 1.328498
1.956139 11.878527 1.949692
1.912596 11.880968 2.023604
2.169372 11.692659 1.371377
2.210077 11.873012 1.190901
2.163756 11.634831 1.372485
1.956327 11.959291 1.904458
1.965265 11.717550 1.968508
1.918037 11.725630 2.045136
2.186007 11.835867 1.304064
1.963288 11.945876 1.928175
2.172603 11.538439 1.410893
2.202509 11.692286 1.243356
2.145088 11.453659 1.411779
2.256903 11.927069 1.047003
1.963064 11.799064 1.933936
1.963882 11.545545 1.981972
1.925121 11.588658 2.067430
2.180762 11.659071 1.348506
1.965366 11.768926 1.947080
1.998343 11.895724 1.807664
2.209307 11.548601 1.294564
1.962082 11.636266 1.956784
2.255679 11.751006 1.108051
1.953007 11.371511 1.990061
1.912371 11.418829 2.077430
1.968306 11.605575 1.966154
2.181375 11.505298 1.391328
1.977136 11.853656 1.906237
2.206532 11.804250 1.279220
1.995396 11.715187 1.835425
1.949268 11.458810 1.971603
2.252335 11.580750 1.165193
1.959785 11.431854 1.979046
1.979850 11.686228 1.928345
2.194453 11.619491 1.326220
2.005690 11.572175 1.869717
2.040824 11.799958 1.710613
1.980482 11.527489 1.950118
2.188308 11.456841 1.372061
1.997411 11.767508 1.886266
2.040558 11.626831 1.746132
1.999571 11.607944 1.912933
1.803417 11.860302 2.347306
2.024557 11.436702 1.773856
1.983512 11.423322 1.929374
2.103600 11.818224 1.473363
2.124247 11.802243 1.446468
2.096605 11.633292 1.511626
2.124716 11.620867 1.480531
2.146700 11.721556 1.382592
2.140165 11.730030 1.444266
1.897374 11.748881 2.090255
1.862292 11.725974 2.125016
2.145954 11.552343 1.427009
2.150949 11.852949 1.376217
2.133966 11.541479 1.479821
1.909927 11.849066 2.002549
2.179604 11.636855 1.289026
1.907519 11.584286 2.104455
1.871463 11.577369 2.144018
1.905091 11.782207 2.062203
2.146753 11.657865 1.418634
1.915477 11.679013 2.025858
2.231359 11.735254 1.144626
1.951758 11.813551 1.895378
2.172211 11.785131 1.349784
1.914958 11.617293 2.080106
2.144488 11.483997 1.458447
2.230168 11.554816 1.202001
1.949165 11.621943 1.920703
2.162871 11.592827 1.395483
1.909510 11.430117 2.088063
1.927552 11.675108 2.031922
1.994085 11.747216 1.787209
1.942904 11.435740 1.941325
1.930804 11.508480 2.050982
1.950327 11.740829 1.981260
1.995474 11.564997 1.819575
1.951863 11.566717 2.003282
2.260961 12.061113 0.988138
2.248207 11.873487 1.043705
2.195889 11.890592 1.224026
2.213099 12.035675 1.171356
2.247345 11.720990 1.096276
2.081322 11.944909 1.543997
2.224514 12.009800 1.138091
2.198061 11.730581 1.265836
2.162275 12.063346 1.283464
2.212467 11.861360 1.218481
2.122097 11.985401 1.419747
2.242724 11.570219 1.146056
2.078091 11.778664 1.578552
2.221460 11.833249 1.189926
2.195577 11.572054 1.304493
2.013507 11.905604 1.790958
2.241881 11.982476 1.107437
2.203150 11.687946 1.261814
2.155072 11.876467 1.333104
2.123080 11.822904 1.463363
2.019310 11.983843 1.768993
2.201144 11.930761 1.197686
2.064506 11.609147 1.607952
1.856128 11.964774 2.147321
1.900084 12.046014 2.032357
2.016895 11.741451 1.813330
2.201829 11.536777 1.303755
2.114628 11.655477 1.500650
2.235991 11.802176 1.163266
2.147288 11.699388 1.377801
2.021630 11.815387 1.794079
2.199701 11.759297 1.250459
2.031178 11.904079 1.750663
2.054430 11.452043 1.637024
1.936987 11.970109 1.930849
1.861893 11.813422 2.163646
2.215540 11.520804 1.283026
1.902219 11.877331 2.052551
2.010055 11.570347 1.829912
2.043579 11.990985 1.698538
2.231444 11.640019 1.214884
2.151046 11.557946 1.422750
2.021762 11.654591 1.816837
2.028242 11.733425 1.776483
2.191422 11.588338 1.300618
1.866812 11.672503 2.180719
1.942224 11.808505 1.957944
1.909752 11.733208 2.076230
1.986223 11.892714 1.835403
2.049908 11.832774 1.734429
2.231837 11.496973 1.263741
2.024124 11.505461 1.840169
2.021426 11.568172 1.800150
1.864224 11.523449 2.191549
1.938132 11.640194 1.979612
1.911858 11.586637 2.095756
1.989091 11.727992 1.867673
2.046804 11.669626 1.763991
1.827047 11.940718 2.331531
1.921679 11.460135 1.992949
1.899985 11.423262 2.106037
1.990978 11.574465 1.897799
2.045877 11.519034 1.793673
1.829089 11.775760 2.341385
1.831565 11.621972 2.351104
2.329928 12.148890 0.990988
2.312158 11.957588 1.056913
2.348397 11.802477 0.977012
2.166652 12.108651 1.412204
2.299527 11.788484 1.117142
2.111961 12.160480 1.597767
2.335863 11.966282 0.953216
2.266442 12.097843 1.130421
2.334669 11.646443 1.036318
2.172964 11.962511 1.460493
2.145686 12.151457 1.428087
2.289325 11.633122 1.173102
2.325094 11.804492 1.012084
2.110800 11.992219 1.641503
2.259518 11.930382 1.186806
2.327206 11.508463 1.092674
2.166784 11.804946 1.503490
2.329023 11.981232 0.993868
2.156276 12.009048 1.474435
2.273199 11.479279 1.226107
2.314835 11.650003 1.067555
2.107025 11.830894 1.681473
2.251947 11.775416 1.239029
1.969634 12.081711 2.027766
1.865734 12.165313 2.235592
2.064222 12.098737 1.726422
2.232563 12.072803 1.262537
2.156531 11.647478 1.542801
2.323411 12.166383 0.958377
2.309198 11.802033 1.048652
2.153151 11.852545 1.514865
2.306928 11.511188 1.120266
1.959931 11.909113 2.047260
2.234471 11.611728 1.288625
2.091596 11.659286 1.716067
2.148885 12.058606 1.490991
1.874400 12.013120 2.261760
2.224073 11.908648 1.312528
2.066312 11.945162 1.763347
2.149388 11.508748 1.580771
2.314200 11.989879 1.012904
2.360785 11.959405 0.959439
2.300126 11.649858 1.099837
2.142210 11.690071 1.551235
1.965681 11.770546 2.073695
2.218964 11.462179 1.334752
2.089301 11.522131 1.752259
1.947096 12.006572 2.062971
2.148023 11.901154 1.529406
2.220454 11.763568 1.359508
2.055983 11.778238 1.793476
1.874055 11.851237 2.281265
2.300744 11.817164 1.064308
2.335160 11.780293 1.017090
2.189969 12.059523 1.383662
2.140720 12.119471 1.486310
2.297749 11.516390 1.149256
2.130715 11.538334 1.584387
2.032189 12.045242 1.849888
1.965119 11.631964 2.096465
1.947014 11.847987 2.082220
2.144211 11.748224 1.563822
2.199806 11.598986 1.401377
2.046007 11.622481 1.823218
1.936316 12.099086 2.079854
2.302910 11.681968 1.112177
2.326170 11.636146 1.070559
2.180035 11.895863 1.426227
2.138500 11.952186 1.521303
2.117970 11.393563 1.615818
2.030138 11.892455 1.880198
1.945936 11.700711 2.101491
2.130347 11.589213 1.594200
1.985143 12.152833 1.932756
2.183694 11.451068 1.439998
1.937604 11.939295 2.096706
2.288113 11.526559 1.157850
2.026798 11.461607 1.846393
2.324335 11.510304 1.121470
2.172164 11.744585 1.466265
2.142725 11.809231 1.556598
2.021520 11.735314 1.905100
1.950984 11.575518 2.123269
1.987781 12.004253 1.959865
2.126479 11.455548 1.626427
1.940945 11.793109 2.115452
1.931656 12.047932 2.094437
2.162156 11.600019 1.504199
2.134070 11.653326 1.585892
2.011143 11.586418 1.928605
1.980948 11.846384 1.981107
1.943539 11.652610 2.132152
1.936205 11.894438 2.109982
2.152196 11.463150 1.539536
2.128004 11.508698 1.614781
1.996641 11.438502 1.947958
1.981514 11.712386 2.005959
1.945186 11.522538 2.149349
1.932934 11.734978 2.121468
1.975509 11.574036 2.025406
1.943267 11.610959 2.140638
2.298183 12.035942 1.026053
2.275563 11.838702 1.087831
2.275163 12.046998 1.059512
2.303572 11.923015 0.986959
2.148244 12.003494 1.406270
2.082469 12.101383 1.581050
2.270781 11.685092 1.144367
2.255827 11.853959 1.116032
2.266130 12.055054 1.062275
2.096556 12.109695 1.490061
2.254526 12.046793 1.094944
2.292426 11.755014 1.047002
2.135976 11.817784 1.454432
2.086567 11.943513 1.622197
2.262615 11.535522 1.198206
2.256867 11.708136 1.169501
2.247733 11.870125 1.119035
2.245661 12.080818 1.106141
2.091348 11.933379 1.533796
2.247037 11.874556 1.146616
1.893728 12.027917 2.018605
2.070737 12.009177 1.636221
2.274500 11.587384 1.104226
2.119739 11.638104 1.497304
2.079125 11.773573 1.658973
2.213336 12.028346 1.187978
1.848298 12.101838 2.190704
2.246544 11.724174 1.172528
2.249583 11.557595 1.219287
2.060621 12.049809 1.619519
2.236705 11.901561 1.155430
2.084656 11.767550 1.573960
2.052976 12.059487 1.649273
2.244450 11.719665 1.196229
1.836957 12.094554 2.111701
2.063954 11.834092 1.669641
1.896144 11.863245 2.047116
2.067312 11.609173 1.691727
2.207889 11.868655 1.239577
1.849702 11.936219 2.209041
2.240247 11.580861 1.223032
2.056963 11.885049 1.657111
2.235835 11.746836 1.200909
2.055267 11.899709 1.682770
2.234981 11.566895 1.242087
2.074255 11.603348 1.611190
1.824177 12.035669 2.228212
2.055515 11.673177 1.700064
1.844311 11.937399 2.136768
1.896858 11.704884 2.072760
2.195766 11.706347 1.284875
2.048371 11.442557 1.718977
2.049594 11.980016 1.676383
1.851896 11.781369 2.226227
2.010352 11.994831 1.734407
2.045023 11.714521 1.689033
2.223693 11.584374 1.243753
2.054646 11.743570 1.712764
2.061167 11.446956 1.644217
1.832438 11.885246 2.246652
2.058406 11.536623 1.732375
1.849010 11.788225 2.160080
1.806161 12.018160 2.237290
1.890377 11.546237 2.094396
2.193925 11.570788 1.330274
2.012470 11.847479 1.767858
2.050626 11.817233 1.704345
1.859571 11.652872 2.249735
1.820929 12.001236 2.271908
2.048986 11.584487 1.724977
2.044108 11.578516 1.737737
1.838540 11.741530 2.263016
2.038785 11.373756 1.756077
1.848734 11.638885 2.179360
1.812020 11.871304 2.256323
2.173476 11.412523 1.371279
2.002592 11.687230 1.793303
2.046428 11.659901 1.730351
1.870739 11.535036 2.273704
1.826221 11.845365 2.282547
2.029346 11.422658 1.750646
2.029355 11.416366 1.760097
1.818393 11.972132 2.289375
1.839719 11.596771 2.275815
1.810142 11.716532 2.269832
2.008316 11.565228 1.824979
2.046455 11.516134 1.755794
1.828290 11.690895 2.291895
1.821354 11.807948 2.295271
1.837193 11.453636 2.285674
1.825014 11.605814 2.296129
2.031523 11.356459 1.774286
1.833854 11.557044 2.305531
1.821370 11.648459 2.299648
1.839279 11.537619 2.318948
2.184701 12.262743 1.159219
2.177795 12.078408 1.220488
2.138263 12.226998 1.298280
1.956031 12.225801 1.806533
2.147833 11.781791 1.322520
2.164233 11.749582 1.328284
2.131428 12.049818 1.349593
1.965830 12.070863 1.846695
2.132492 11.619050 1.367766
1.946268 11.959881 1.823932
2.151707 11.591826 1.374029
2.261765 11.912918 1.002339
2.127034 11.890766 1.398416
2.128032 11.805378 1.338469
1.960629 11.899149 1.878394
2.091048 12.163354 1.427820
1.912601 12.161045 1.933785
2.159704 11.477082 1.423560
2.249649 11.753868 1.060445
2.220246 12.066502 1.066302
2.091682 12.010117 1.474242
1.953222 11.734114 1.907935
1.908814 11.988849 1.960196
2.248744 11.623149 1.115058
2.108294 11.582517 1.483714
2.215816 11.913897 1.120771
2.091838 11.864795 1.516398
1.873013 12.255022 2.028611
1.953905 11.596458 1.938917
1.940627 11.527538 1.909166
1.907145 11.832535 1.986320
1.874938 12.091721 2.054047
2.083633 11.710468 1.555370
1.912960 11.698939 2.015847
2.049314 11.992532 1.587518
1.873567 11.931358 2.074708
2.072717 11.563913 1.590060
2.046612 11.843629 1.623304
1.932020 11.468330 1.938833
1.908150 11.556903 2.039256
1.829139 12.200274 2.142924
1.871899 11.782557 2.095767
2.071891 11.441586 1.626448
2.044518 11.706380 1.657447
1.830319 12.042287 2.161386
1.876067 11.654178 2.120374
2.036821 11.565989 1.688446
1.835239 11.902650 2.181877
1.878957 11.531858 2.143705
2.042827 11.456124 1.724030
1.840392 11.773299 2.202455
1.921891 11.467035 1.949111
1.835638 11.631433 2.215572
2.283211 12.258062 0.923311
2.245856 12.024940 1.016565
2.242418 12.215129 1.061375
2.265289 12.068275 0.984442
2.217310 12.249986 1.048932
2.224591 12.031907 1.048570
2.218180 12.050921 1.082740
2.143775 12.179479 1.395591
2.240980 11.871798 1.071039
2.238110 12.056015 1.112833
2.256650 11.908209 1.038960
2.203163 12.200212 1.185869
2.299873 11.776846 0.970353
2.225500 11.887444 1.099571
2.067642 12.102017 1.536147
2.218641 11.902045 1.129454
2.151055 12.029971 1.442498
2.105046 12.132504 1.523140
2.070337 12.228843 1.610171
2.228745 11.897890 1.162378
2.201882 12.049959 1.232309
2.253123 11.764571 1.092121
2.032019 12.349154 1.696286
2.296202 11.638789 1.025709
2.214645 11.730257 1.146666
2.067588 11.945715 1.572592
1.861588 12.279047 2.095758
2.048391 12.066928 1.602302
2.214891 11.755285 1.174172
1.945449 12.268062 2.018992
2.100314 11.970938 1.560811
2.142592 11.864389 1.483753
2.078588 12.088387 1.646000
1.896878 12.343875 2.118126
2.229525 11.763856 1.209623
2.225235 11.581672 1.170446
2.196402 11.899927 1.275203
2.244385 11.622703 1.140480
1.818530 12.304656 2.156457
2.034858 12.193830 1.727677
2.211751 11.596179 1.191998
1.831283 12.191099 2.127078
2.287904 11.501336 1.078337
2.070708 11.809045 1.607612
2.054466 11.856530 1.617177
1.855341 12.094437 2.105506
2.052571 11.921124 1.632379
2.204232 11.608039 1.214255
1.946289 12.099496 2.042056
2.103223 11.831079 1.598430
2.081416 11.946513 1.679629
2.131447 11.705862 1.521507
2.217150 11.618139 1.252973
1.894642 12.165505 2.133164
2.189675 11.756911 1.316589
1.814464 12.267014 2.175538
2.229246 11.466387 1.216703
2.250672 11.508508 1.188645
1.823184 12.138394 2.165782
2.036708 12.047814 1.755401
1.862245 12.247346 2.237963
1.843797 12.051558 2.146353
2.218637 11.483784 1.234743
2.062490 11.659272 1.637910
2.047899 11.708009 1.645314
1.864213 11.957743 2.126421
2.044452 11.762874 1.656922
2.042423 11.830311 1.648699
1.940269 11.929556 2.060926
2.095836 11.684324 1.630191
2.069773 11.789318 1.706711
2.179167 11.615631 1.355166
2.217201 11.497603 1.295932
1.825343 12.113841 2.185664
1.905479 12.028493 2.157694
2.127522 11.567530 1.558473
2.037839 11.908542 1.783245
1.841816 12.013724 2.184966
1.872945 12.109215 2.258054
1.848247 11.905211 2.159680
2.062206 11.536395 1.669551
2.048233 11.578282 1.674377
1.865503 11.814864 2.142564
2.046565 11.630718 1.683157
2.040799 11.687445 1.671875
1.940233 11.781961 2.083447
2.067580 11.656193 1.736010
2.088060 11.545712 1.660350
2.184435 11.504929 1.392563
1.836722 11.970942 2.196098
1.907060 11.881144 2.176056
2.036049 11.772129 1.808181
1.841011 11.856597 2.190769
1.878134 11.969558 2.273480
1.849766 11.763622 2.171644
2.059779 11.473977 1.705929
1.864229 11.677250 2.156090
2.045744 11.503312 1.708044
2.044812 11.562618 1.696870
2.064142 11.530078 1.763802
1.941915 11.646276 2.104940
1.841297 11.825774 2.202785
2.028780 11.635194 1.830476
1.904382 11.734911 2.190424
1.846237 11.720922 2.200685
1.880914 11.832491 2.287644
1.848342 11.624899 2.180720
1.869163 11.556518 2.173520
1.845146 11.687350 2.209595
2.031964 11.520780 1.856260
1.905503 11.608147 2.207447
1.847603 11.589771 2.208899
1.879485 11.695652 2.298266
1.863836 11.524897 2.202538
1.847792 11.555051 2.215348
2.198207 12.305937 1.186792
2.125488 12.282152 1.355801
2.167168 12.286153 1.312615
2.296711 12.012472 0.939318
2.140908 12.240401 1.355351
2.277315 12.244117 0.969620
2.231571 12.198905 1.106282
2.198259 12.152989 1.233621
2.111933 12.096954 1.385833
2.155231 12.118446 1.350896
2.281831 11.855437 0.990476
2.285472 11.867304 0.971044
2.153709 12.294347 1.266318
1.970344 12.336710 1.861116
1.911718 12.309766 1.922574
2.124817 12.155354 1.328551
2.128768 12.063352 1.388261
2.154030 11.978229 1.387484
2.121578 11.967741 1.418898
2.198945 12.010190 1.278387
2.221660 12.032377 1.155857
2.266227 12.069293 1.027363
2.277617 11.724006 1.038375
2.014161 12.252337 1.773758
2.150553 12.131904 1.310009
1.983679 12.209540 1.888972
1.924674 12.166721 1.940819
2.140324 12.029478 1.370149
1.925600 12.210441 1.920736
2.121695 11.907563 1.420875
2.260432 11.598087 1.073720
2.146049 11.836040 1.422910
2.114158 11.816340 1.446861
2.187291 11.858591 1.317665
1.929889 12.271314 1.878529
2.214481 11.882409 1.202589
2.277018 11.606558 1.082654
2.260024 11.912855 1.081244
1.949075 12.347299 1.834031
2.049660 12.178933 1.684456
2.019650 12.110646 1.802222
2.273232 11.596159 1.061642
1.977026 12.053002 1.906436
2.151163 11.983546 1.352527
1.925299 12.011204 1.952897
2.128057 11.868940 1.404887
1.935895 12.075109 1.941298
2.121049 11.771957 1.453153
2.270991 11.496722 1.113443
2.143153 11.707756 1.456681
2.177651 11.718865 1.355960
2.119961 11.693560 1.477448
1.942243 12.134704 1.903112
2.210878 11.747325 1.245260
2.278916 11.498797 1.126004
2.089104 12.089067 1.597583
1.957282 12.199781 1.861732
2.251302 11.762665 1.132167
2.044633 12.020300 1.713368
2.015508 11.961688 1.825799
2.278679 11.488254 1.104376
1.977463 11.917341 1.927185
2.142133 11.831596 1.390838
1.828018 12.303020 2.282834
1.928885 11.870547 1.965458
2.128865 11.736928 1.439806
1.925260 11.903750 1.949321
2.117491 11.639309 1.482622
2.143660 11.593044 1.490550
2.118359 11.567215 1.503693
2.178465 11.600666 1.394038
1.936864 11.975217 1.918968
2.204552 11.614401 1.288009
2.284310 11.481642 1.076543
1.965237 12.061320 1.887462
2.087069 11.935832 1.632662
2.245716 11.628642 1.179417
2.045196 11.879847 1.742481
1.879540 12.253901 2.182621
2.010278 11.819787 1.847939
1.975423 11.787028 1.945418
1.834956 12.154442 2.297135
2.139974 11.698544 1.428427
1.928713 11.734525 1.976424
2.122812 11.604734 1.472680
1.935280 11.784837 1.969268
2.120478 11.524152 1.513081
2.149806 11.491934 1.524381
2.125609 11.460277 1.532356
2.179067 11.490625 1.430586
1.939413 11.838606 1.937575
2.209479 11.505898 1.329565
1.957283 11.904081 1.905838
2.084703 11.793447 1.664886
2.246968 11.510732 1.224826
2.043392 11.745733 1.771081
1.886843 12.107398 2.203373
2.014404 11.701570 1.874353
1.976897 11.671276 1.965751
1.938048 11.622277 1.994108
1.833534 12.002989 2.306305
2.135336 11.570839 1.463499
1.939727 11.662783 1.985568
1.947704 11.720264 1.958828
1.955427 11.769296 1.926271
2.081800 11.657824 1.697291
2.043168 11.621098 1.798404
2.014703 11.586097 1.897609
1.980545 11.563808 1.986865
1.893097 11.967056 2.223130
1.938638 11.500195 2.006132
2.143894 11.468963 1.500077
1.946379 11.551792 2.003770
1.948228 11.597857 1.977008
1.962937 11.654517 1.950298
2.044122 11.506326 1.825278
2.077257 11.529550 1.726644
1.890041 11.820850 2.236287
1.963555 11.536777 1.971159
1.887366 11.681619 2.249973
2.296186 12.205517 0.979370
2.177974 12.182096 1.238366
2.282015 12.048095 1.028689
2.193005 12.304931 1.192469
2.142073 12.218078 1.449022
2.179730 12.039854 1.274744
2.276373 11.911021 1.075965
1.983543 12.285462 1.758769
2.189254 12.270840 1.333735
2.189539 12.148084 1.233361
2.143396 12.084406 1.484717
2.175915 11.898268 1.308166
1.942237 12.337773 1.989207
2.271564 11.784103 1.121200
2.331581 11.942621 0.962586
1.992006 12.144666 1.779562
1.993377 12.354118 1.736353
2.203232 12.278268 1.163958
2.221288 12.327533 1.204478
2.182192 12.116023 1.374364
2.186007 12.000307 1.272305
2.136343 11.946244 1.516169
2.178960 11.775834 1.341732
1.952655 12.211984 2.010992
2.270179 11.668718 1.162556
1.998227 12.010259 1.799860
2.314812 11.795676 1.012933
2.000218 12.209439 1.760658
2.195438 12.114285 1.208644
2.215946 12.167301 1.252154
2.175417 11.971670 1.411340
2.191972 11.877633 1.309798
1.990869 12.274515 1.902448
2.132863 11.819706 1.546182
2.172268 11.644547 1.371290
1.946302 12.065369 2.025115
2.219824 12.250175 1.136746
2.268287 11.558225 1.202546
2.006044 12.280382 1.715899
1.999710 11.873919 1.816425
2.305549 11.667002 1.059326
2.002911 12.067092 1.783089
2.022293 12.359106 1.782474
2.190280 11.968998 1.250470
2.258770 12.211583 1.124314
2.209973 12.017343 1.295830
2.168577 11.836385 1.446369
2.176796 11.729689 1.342094
1.993651 12.134955 1.926002
2.131325 11.701811 1.577822
1.945051 11.933936 2.040445
2.169257 11.526763 1.400974
2.214021 12.092136 1.184384
2.005986 11.755933 1.836148
2.007464 12.129183 1.740770
2.022967 12.363007 1.667181
2.307163 11.560534 1.105103
2.004135 11.931234 1.802930
2.024368 12.209483 1.810521
2.188173 11.834748 1.289681
2.252675 12.055827 1.174344
2.205754 11.877732 1.337811
2.124092 11.583584 1.604503
2.168619 11.719352 1.481978
1.984244 11.982791 1.942559
2.179511 11.616812 1.376989
1.943380 11.810170 2.055533
2.065698 12.286948 1.691417
2.206816 11.944271 1.230114
2.011358 11.643231 1.855333
2.008072 11.992414 1.765593
2.031204 12.222463 1.699860
2.012806 11.812426 1.825405
2.024620 12.064960 1.837683
2.181920 11.702835 1.327019
2.199608 11.747703 1.376711
2.240149 11.897855 1.222389
1.796716 12.048939 2.350171
2.163026 11.599300 1.513947
1.985659 11.857981 1.964455
2.184397 11.512981 1.409802
1.797991 12.209493 2.302539
1.954497 11.715120 2.078658
2.200319 11.805575 1.271800
2.072257 12.145225 1.726285
2.005967 11.519604 1.868602
2.012779 11.867855 1.790150
2.010382 11.686760 1.843476
2.023582 12.061291 1.725229
2.018797 11.919609 1.861154
2.184222 11.590360 1.362749
1.797197 11.909337 2.350975
2.191038 11.618516 1.412870
2.234288 11.760747 1.267257
1.993174 11.751323 1.989032
1.957560 11.611510 2.096035
1.811033 12.085450 2.316360
1.817582 12.243627 2.259080
2.200675 11.686036 1.313643
2.014268 11.744928 1.813638
2.062508 11.985070 1.753814
2.009366 11.569148 1.862017
2.028978 11.935617 1.754309
2.187014 11.485749 1.398605
2.019954 11.794394 1.886793
2.191185 11.508847 1.449884
1.989937 11.633721 2.007713
2.236954 11.644860 1.309661
1.812668 11.948883 2.321108
1.857080 12.215363 2.305973
1.824236 12.109170 2.272454
2.013839 11.625202 1.834684
2.194487 11.563281 1.351506
2.029252 11.808399 1.780489
2.062027 11.850492 1.783163
2.021999 11.677526 1.911269
2.228210 11.518939 1.350244
1.816442 11.825616 2.330166
1.863920 12.079214 2.322669
1.832399 11.985541 2.287399
2.019062 11.520344 1.858545
2.027684 11.687173 1.805342
2.062967 11.723966 1.812961
2.018474 11.561311 1.932787
1.824049 11.715936 2.341786
1.859884 11.930261 2.331885
1.837336 11.864434 2.300814
2.027934 11.573599 1.829815
2.053166 11.591984 1.836647
1.827422 11.605804 2.350405
1.838939 11.743966 2.311136
1.860271 11.799163 2.345520
1.845909 11.640641 2.326663
1.861643 11.678303 2.359553
2.209388 12.165612 1.085513
2.218537 12.197143 1.133872
2.204510 12.047021 1.176823
2.053827 12.284616 1.599322
2.260486 12.221393 1.016885
2.209874 11.933289 1.218669
2.057462 12.155735 1.630739
2.039055 12.045065 1.593278
2.244450 12.064212 1.065898
2.211673 11.787916 1.200369
1.828047 12.280826 2.118439
1.854207 12.366415 2.165678
2.212979 11.823185 1.258880
2.218227 12.011836 1.116189
2.058805 12.033173 1.659208
2.050310 11.929827 1.620512
2.240368 11.936492 1.111195
2.095807 12.197616 1.522815
1.851346 12.221644 2.173862
2.201247 11.696548 1.295168
2.053721 12.129966 1.574131
2.307954 12.140152 0.942675
2.060634 11.915688 1.686653
2.053175 11.811072 1.643020
2.241837 11.820728 1.155764
2.092692 12.061585 1.555654
1.838091 12.318063 2.101991
1.853088 12.094677 2.186503
1.836779 12.004926 2.132680
2.122920 12.252561 1.403256
2.202960 11.595646 1.331458
2.211717 11.758740 1.195542
2.052922 11.996029 1.599808
2.224688 11.997390 1.086801
2.060717 11.803310 1.713204
1.894835 12.300496 2.073463
2.284407 11.974825 0.995641
2.051979 11.691999 1.664947
2.233121 11.697498 1.196662
2.095747 11.942658 1.589200
1.837250 12.166822 2.108206
1.857762 11.979197 2.199815
1.844873 11.887333 2.143811
2.182924 11.471869 1.362392
2.120955 12.108725 1.442818
2.050892 11.868683 1.625330
2.057110 11.692005 1.737472
1.890849 12.152452 2.086298
2.221936 11.869460 1.131599
2.275023 11.840721 1.043886
2.062731 12.081308 1.558840
2.053591 11.582535 1.685976
2.251503 12.134750 1.008346
2.174345 12.328596 1.280361
2.240608 11.600554 1.238608
2.094071 11.822742 1.618543
1.862648 11.871067 2.214501
1.854989 11.780145 2.155699
2.123695 11.983021 1.480684
2.051145 11.579766 1.759852
2.219536 11.550509 1.268460
2.061436 11.762409 1.652691
1.893794 12.026742 2.103716
2.218217 11.746738 1.173408
2.271171 11.720366 1.090531
1.928766 12.244651 1.979236
2.060786 11.946782 1.587857
2.087807 11.701926 1.646128
1.868151 11.768992 2.230171
2.168462 12.170968 1.325906
1.847294 11.913630 2.130173
1.864296 11.676455 2.167919
2.120796 11.855250 1.514435
2.052039 11.636316 1.674082
1.897842 11.911257 2.121545
2.215863 11.632862 1.212794
2.069053 12.152234 1.508735
2.263231 11.602379 1.135282
1.928553 12.106149 2.000112
2.060824 11.826248 1.615883
1.870354 11.667589 2.242731
2.233953 11.851785 1.106460
2.088641 11.597493 1.675209
1.965911 12.326642 1.862334
1.849500 11.794453 2.140450
2.160672 12.020164 1.367235
1.871345 11.575498 2.178945
2.055720 11.533664 1.697615
2.117062 11.733670 1.547205
1.905874 11.808420 2.142401
2.319062 11.735645 0.979540
2.224132 11.536917 1.252190
2.073909 12.025507 1.544455
1.926863 11.970484 2.017696
1.855652 11.953839 2.099371
1.870229 12.270656 2.034715
2.062266 11.710978 1.643235
2.235588 11.737005 1.152999
1.866724 11.706982 2.160671
1.974788 12.190531 1.892407
2.163176 11.894952 1.408345
1.907229 11.700560 2.157664
2.115744 11.622099 1.579906
2.315463 11.619950 1.028855
2.078311 11.905467 1.577927
1.935492 11.861951 2.042785
1.860878 11.838061 2.114260
1.870166 12.128889 2.051177
2.055835 11.593670 1.666606
2.227927 11.617630 1.194905
1.872497 11.603549 2.173479
1.969563 12.041574 1.914709
2.158738 11.766994 1.446258
2.072000 11.777381 1.606551
1.937456 11.747499 2.062718
1.871100 11.739678 2.132782
1.866794 11.988700 2.064086
2.240103 11.528857 1.237505
1.972055 11.914158 1.939939
2.151131 11.641591 1.482627
2.066276 11.658042 1.634846
1.934808 11.633939 2.080019
1.874284 11.633984 2.147854
1.874112 11.877036 2.082799
1.971890 11.790773 1.964365
2.156055 11.540838 1.519087
2.070376 11.558324 1.664375
1.880218 11.770164 2.102236
1.974130 11.678291 1.988286
1.886930 11.670244 2.122221
1.891272 11.570283 2.139882
2.231333 12.171180 1.005621
2.305369 12.034528 0.935938
2.232126 12.039154 1.045881
2.156207 12.166490 1.274354
2.081432 12.207948 1.446514
2.249219 12.172870 0.988129
2.296305 11.904735 0.981383
1.988989 12.291616 1.740269
2.230715 11.916237 1.084479
2.158799 12.046579 1.312196
2.195554 12.195314 1.165680
2.091000 12.091585 1.475161
2.241171 12.029160 1.032106
2.289994 11.786370 1.025170
1.989876 12.163527 1.763210
2.231927 11.801995 1.120250
2.160373 11.931915 1.347134
2.225275 12.234905 1.045181
2.191036 12.060430 1.207181
1.887315 12.190221 1.968895
2.093012 11.963780 1.500879
2.085883 12.153059 1.447909
2.241770 11.908456 1.072955
2.020850 12.203388 1.659841
1.996960 12.050733 1.787862
2.284510 11.673614 1.066731
2.235960 11.695575 1.156070
2.152265 11.810387 1.379620
2.103838 12.269238 1.399872
2.259800 12.043549 0.997030
1.779021 12.271850 2.304100
2.196236 11.950579 1.247489
1.895675 12.068972 1.982535
2.097005 11.849077 1.526195
2.098877 12.042369 1.479050
1.891241 12.231199 1.954102
2.247461 11.802812 1.112731
1.997082 11.934321 1.809802
2.283970 11.574057 1.105621
2.026767 12.084482 1.687962
1.812222 12.340204 2.200427
2.233936 11.586617 1.189087
2.154770 11.705903 1.412637
2.099869 12.125751 1.432438
2.221554 11.969854 1.137913
2.250191 11.905004 1.042629
2.191638 11.830207 1.284597
1.901648 11.946820 1.994301
2.096387 11.733491 1.549801
2.096604 11.916470 1.506655
2.273190 12.140664 0.971589
1.900184 12.108710 1.969749
2.054645 12.142325 1.580753
1.896841 12.283713 1.916779
2.229628 11.667664 1.149436
1.996702 11.824631 1.829584
1.816137 12.208520 2.210871
2.036147 11.977629 1.718049
2.277317 12.043451 0.963666
2.148978 11.598915 1.443020
2.100054 11.997164 1.463595
2.218626 11.849383 1.179400
2.250119 11.790552 1.085023
2.186553 11.715656 1.319985
2.102875 12.204277 1.379773
1.909758 11.838728 2.007691
2.092947 11.620095 1.571104
2.100335 11.805820 1.533530
1.849877 12.307850 2.107373
2.265300 11.999294 1.022840
1.903064 11.983697 1.982599
1.905988 12.160367 1.935287
2.058064 12.018441 1.612407
2.242559 11.580686 1.186263
2.089507 12.197643 1.467494
1.992634 11.714238 1.848006
1.826163 12.096221 2.227067
2.028899 11.849832 1.739485
2.134245 11.485197 1.468845
2.272177 11.913510 1.013268
2.107322 11.885855 1.495958
2.240384 11.668333 1.125390
2.213825 11.730373 1.219348
2.181966 11.604395 1.355270
2.114089 12.090098 1.417635
1.915469 11.730630 2.018786
2.098966 11.525792 1.595041
2.098044 11.690835 1.558458
1.845451 12.158223 2.117514
2.255502 11.861193 1.071700
1.909425 11.870729 1.997425
1.908209 12.031606 1.951933
2.056844 11.895476 1.641504
1.993744 11.614393 1.867485
2.092359 12.065504 1.505069
1.830515 11.981006 2.239622
2.029394 11.743527 1.764047
1.921026 12.217174 1.899380
2.271451 11.795316 1.059451
2.103428 11.767835 1.523918
2.253129 11.581787 1.165493
2.162032 11.482430 1.384894
2.215052 11.625703 1.258993
1.922355 11.629137 2.032127
2.117342 11.966662 1.452550
1.893235 12.262758 2.017147
2.093863 11.578212 1.581422
1.852832 12.039985 2.135227
1.921224 11.773817 2.015647
2.254182 11.745142 1.115421
1.914764 11.918678 1.969191
1.981747 11.502927 1.881570
2.057488 11.781957 1.669459
1.834559 11.872554 2.252476
2.026600 11.635232 1.786828
2.101713 11.951883 1.541819
1.925422 12.091564 1.920301
2.260650 11.671539 1.103593
2.098042 11.650891 1.549499
1.931816 11.538597 2.047527
2.120232 11.852695 1.486488
2.080859 11.462512 1.600567
1.893497 12.120888 2.034159
1.860299 11.927224 2.152825
1.923034 11.667243 2.027798
1.924303 11.814522 1.988523
2.251134 11.632401 1.159201
2.049739 11.662272 1.694032
1.839086 11.768291 2.264799
2.003886 11.503992 1.799179
2.092786 11.817000 1.571670
1.930793 11.973419 1.940597
2.258031 11.565686 1.145568
2.104973 11.558144 1.579057
2.110945 11.727280 1.515364
1.897891 11.995289 2.055076
1.861154 11.812269 2.166014
1.929278 11.571082 2.043116
1.925417 11.706003 2.003619
2.220461 11.492514 1.198105
2.063166 11.578036 1.725008
2.089109 11.698133 1.602476
1.932068 11.856760 1.959514
2.108737 11.619139 1.545450
1.869978 11.716144 2.186062
1.900364 11.873858 2.073174
1.926618 11.602960 2.018601
2.089649 11.591437 1.633153
1.938630 11.754305 1.980239
2.113477 11.525513 1.575574
1.874576 11.618747 2.203562
1.907907 11.767968 2.095945
1.942922 11.654593 1.999842
1.909234 11.658595 2.113889
1.943515 11.555076 2.017652
2.269290 12.297659 0.999173
2.223661 12.207022 1.129506
2.257756 12.148745 1.040150
2.275322 12.241662 1.016809
2.279732 12.164791 1.015250
2.127899 12.258075 1.430339
2.226120 12.090523 1.169083
2.260146 12.028608 1.078889
2.291570 12.172668 0.970035
2.269943 12.108943 1.062039
2.140322 12.326626 1.373575
2.076437 12.178604 1.559033
2.130518 12.131792 1.457585
2.274598 12.032641 1.056791
2.228149 11.976233 1.208698
2.129667 12.211091 1.426617
2.141814 12.248212 1.343970
2.260653 11.910873 1.115705
2.110684 12.204128 1.456255
1.927252 12.294441 1.922978
2.188811 12.300205 1.226328
2.292607 12.048496 1.017001
2.264946 11.984085 1.105253
2.308558 12.013381 0.993394
2.081424 12.066903 1.587056
2.132359 12.176299 1.406171
2.162782 12.309541 1.352521
2.131755 12.009364 1.483705
2.271248 11.910896 1.097070
2.336356 11.748639 0.995940
2.223764 11.860711 1.245804
2.131110 12.084994 1.456791
1.940332 12.345750 1.839506
2.258828 11.798635 1.150235
2.114978 12.087672 1.488375
2.148265 12.129349 1.382901
2.316807 12.062972 0.976020
1.876296 12.216114 2.044299
1.937367 12.174395 1.939216
1.917958 12.282549 1.949949
2.186456 12.160388 1.270119
2.279016 11.912376 1.059810
2.262166 11.867446 1.147167
2.294254 11.880720 1.039127
1.945518 12.230661 1.927216
2.076351 11.945059 1.612310
1.948295 12.290232 1.891022
2.138504 12.059291 1.439409
2.135208 11.895149 1.508526
2.146811 12.152127 1.386752
2.270994 11.799371 1.135602
2.222857 11.755954 1.279921
2.333985 11.645326 1.035868
2.131535 11.964211 1.484195
2.260533 11.694424 1.182980
1.949593 12.223117 1.864770
2.110610 11.963617 1.518481
2.147716 12.005075 1.417287
1.886648 12.112465 2.063081
1.992481 12.300000 1.759374
1.958915 12.351530 1.850704
2.303525 11.925010 1.024523
1.944596 12.053841 1.951934
1.921465 12.157964 1.968576
2.279401 11.802294 1.101587
2.257052 11.756304 1.186794
2.188047 12.034621 1.310915
2.291178 11.766273 1.083523
1.946886 12.100280 1.940203
2.077675 11.839968 1.638127
1.956870 12.168901 1.911836
2.145048 11.949226 1.471031
2.126765 11.770436 1.529862
2.266525 11.688432 1.170698
2.155411 12.037838 1.423546
2.216470 11.649231 1.312291
2.321204 11.536781 1.074307
2.137976 11.859632 1.513405
2.254560 11.586431 1.214908
1.891833 12.003759 2.078034
2.115355 11.858677 1.549419
1.961274 12.112329 1.892015
2.145351 11.886842 1.450586
1.962561 12.219634 1.872548
1.994636 12.164087 1.786998
2.299152 11.809826 1.069807
1.951945 11.941495 1.965923
1.924573 12.041048 1.987273
2.256750 11.654828 1.223350
2.272906 11.687705 1.140862
2.181841 11.904172 1.348850
2.288450 11.661503 1.125099
2.080868 11.740714 1.664693
1.949254 11.980110 1.954015
1.956109 12.040349 1.926590
2.126136 11.664107 1.552919
2.139714 11.827751 1.499573
2.269786 11.593149 1.206274
2.222328 11.562700 1.345323
2.158997 11.924862 1.458588
2.135135 11.745099 1.537761
1.889117 11.888552 2.088486
2.242088 11.474482 1.243090
2.112304 11.749051 1.577498
1.959836 11.985416 1.910496
1.973190 12.108676 1.896991
2.141622 11.771550 1.483163
2.340946 11.672060 1.022004
1.954677 11.830096 1.977316
1.930396 11.933796 2.005469
2.002236 12.046579 1.814021
2.289715 11.691407 1.112903
2.259163 11.563013 1.259404
2.274505 11.590234 1.178970
2.180582 11.790673 1.385387
2.066494 11.624435 1.683149
1.959575 11.878316 1.971991
2.296983 11.573112 1.166143
1.963367 11.933813 1.946344
2.128657 11.565252 1.575435
2.134346 11.715405 1.526538
2.237995 11.460495 1.235416
2.193551 11.437528 1.371482
1.897171 11.795888 2.105013
2.151070 11.801935 1.488902
2.129095 11.633146 1.560679
2.107368 11.641821 1.603654
1.958983 11.869990 1.930243
1.972219 11.985040 1.915467
2.136874 11.661570 1.512970
1.959277 11.724536 1.989458
1.934938 11.832206 2.024181
2.332544 11.562030 1.066728
2.289672 11.590836 1.153946
2.002075 11.922565 1.838988
2.248385 11.464104 1.212739
2.054870 11.515997 1.701909
2.171543 11.671581 1.419465
1.962496 11.771471 1.986264
2.258738 11.435001 1.200521
1.960340 11.814417 1.959648
2.108698 11.445202 1.590502
2.128445 11.603451 1.551901
1.904376 11.706697 2.122018
2.150457 11.695941 1.520136
2.136820 11.544829 1.587056
2.096935 11.533540 1.627661
1.969732 11.774563 1.955183
1.974566 11.874336 1.935881
1.962594 11.624636 2.002117
1.936250 11.727735 2.041422
2.138094 11.563241 1.544148
2.257860 11.460341 1.190463
2.002795 11.807859 1.862738
1.964533 11.669925 2.000212
2.181147 11.582129 1.455539
1.967650 11.719750 1.979065
1.896149 11.598665 2.129132
2.141393 11.524758 1.582526
2.139230 11.581093 1.546573
1.963312 11.661762 1.971133
1.977345 11.768764 1.955445
1.974315 11.540015 2.019264
1.935242 11.627856 2.056739
2.115413 11.442099 1.566679
1.991459 11.683599 1.880100
1.967931 11.572793 2.014039
2.150950 11.448082 1.481239
1.968398 11.616614 1.994218
1.892157 11.502864 2.138895
2.123865 11.468679 1.571170
1.924402 11.518422 2.065573
1.979226 11.668518 1.974650
2.002864 11.595148 1.908238
1.976178 11.531664 2.013191
1.978743 11.568305 1.991541
2.271289 12.231509 0.972410
2.272809 12.107274 1.021416
2.232871 12.219216 1.092200
2.193286 12.184988 1.290154
2.121048 12.214124 1.462535
2.264267 11.979281 1.067379
2.318446 11.938036 0.969407
2.029766 12.300027 1.741289
2.307839 12.050213 0.967643
2.231799 12.096870 1.135679
2.190830 12.060740 1.326743
2.170376 12.189468 1.311228
2.298531 12.160690 0.971909
2.125724 12.094060 1.498282
1.935839 12.304797 1.975061
2.262798 11.864629 1.110999
2.007370 12.341159 1.754363
2.308619 11.816628 1.015552
2.279810 12.221219 0.953890
2.206182 12.200772 1.206958
2.029566 12.171547 1.765378
2.299196 11.926805 1.011625
2.180928 12.084702 1.346796
2.228318 11.975493 1.176468
2.189756 11.947256 1.362993
2.085731 12.175891 1.569818
2.155194 12.195923 1.333833
2.321594 12.000515 0.935166
2.288842 12.028907 1.014188
2.128455 11.978242 1.531359
2.281244 12.147368 1.004139
1.894993 12.362351 2.061031
2.014739 12.221056 1.777226
1.939404 12.175816 1.995192
2.259896 11.755662 1.152758
2.307128 11.716580 1.057763
2.281909 12.105423 0.997231
2.205254 12.081765 1.245557
2.038944 12.065460 1.790372
2.292683 11.814369 1.053172
2.045765 12.236755 1.643062
2.171139 12.258589 1.343686
2.176390 11.963808 1.378658
2.227502 11.865619 1.216019
2.184888 11.831287 1.396185
2.085460 12.055926 1.598537
2.171014 12.095910 1.367458
2.314791 11.884755 0.979131
2.281720 11.912290 1.053661
2.169457 12.186407 1.311857
2.006044 12.275782 1.793237
2.270408 12.018183 1.042440
1.896431 12.231238 2.076360
2.122451 11.857577 1.561282
2.023102 12.112068 1.800602
2.009177 12.322313 1.718127
1.942045 12.053971 2.014266
2.271326 11.979840 1.038849
2.256016 11.649283 1.192981
2.294306 11.604747 1.098530
2.208319 11.973172 1.282805
2.039632 11.952694 1.812997
1.993684 12.332594 1.789062
2.287394 11.705441 1.092630
2.057777 12.135133 1.673257
2.167175 12.125154 1.371604
2.176380 11.853857 1.410367
2.185909 11.730623 1.429200
2.221609 11.752520 1.253411
2.175432 11.986852 1.398459
2.088433 11.946162 1.628002
2.173663 12.077648 1.346158
2.303911 11.769574 1.022161
2.285348 11.809721 1.092179
2.013189 12.158470 1.812459
2.271143 11.906889 1.078563
1.895024 12.103283 2.089066
2.029612 12.003662 1.822880
1.859263 12.271888 2.158109
2.117238 11.742603 1.589184
2.019082 12.217641 1.743917
2.270113 11.871228 1.078841
1.940583 11.933626 2.032008
2.313911 11.534040 1.139289
2.201776 11.857719 1.317340
2.270165 11.568389 1.233146
2.038931 11.843783 1.834548
2.009001 12.221442 1.809437
2.284255 11.606564 1.130047
2.065583 12.032291 1.700853
2.166363 12.005593 1.398712
2.171223 11.743433 1.438753
2.174240 11.874047 1.426114
2.173559 11.618777 1.457256
2.219253 11.652934 1.289142
2.087714 11.836636 1.655689
2.167333 11.955492 1.377711
2.299562 11.667211 1.061664
2.279341 11.701221 1.127605
2.025900 12.054088 1.833548
2.272661 11.801301 1.112681
1.826426 12.347704 2.248352
2.024302 12.108492 1.767101
1.873704 12.172404 2.177949
1.905855 12.000379 2.108689
2.030879 11.891170 1.840960
2.272341 11.772520 1.116300
2.112519 11.636401 1.617202
2.192394 11.744526 1.349663
1.945162 11.828573 2.052033
2.038611 11.740938 1.854947
2.014633 12.105290 1.826327
2.059404 11.913212 1.721808
2.286465 11.515203 1.166800
2.162692 11.888286 1.423586
2.163769 11.634874 1.466497
2.169831 11.762929 1.452779
2.165865 11.851222 1.407561
2.180836 11.533101 1.489238
2.225436 11.565569 1.324855
2.081276 11.726113 1.678834
2.302811 11.577806 1.100411
2.277755 11.600043 1.161997
2.025236 11.937607 1.850045
1.832421 12.233621 2.257478
2.267364 11.693934 1.145600
2.029521 12.005736 1.789962
1.878237 12.063390 2.191354
2.025285 11.778729 1.857055
1.908311 11.892278 2.124298
2.265434 11.669309 1.151453
2.088344 11.511057 1.637264
2.190577 11.646109 1.380443
1.953533 11.733327 2.074385
2.023909 11.998068 1.843493
2.036404 11.639584 1.873846
2.066239 11.818455 1.747953
2.168179 11.788261 1.450131
2.170857 11.550139 1.495637
2.161705 11.652951 1.477264
2.163055 11.748976 1.437123
2.197356 11.445587 1.352644
2.156024 11.416650 1.512351
2.079925 11.626141 1.703420
2.277934 11.509266 1.195202
1.842856 12.132589 2.271411
2.026384 11.829702 1.866137
2.269691 11.599515 1.177771
2.025901 11.895419 1.808404
1.880917 11.954957 2.203661
2.028489 11.683001 1.876068
1.911683 11.791659 2.139546
2.264406 11.575031 1.186735
2.202451 11.568596 1.413450
2.098267 11.431409 1.667923
2.026242 11.888182 1.857414
2.036569 11.546412 1.893933
1.953015 11.632353 2.091535
2.061011 11.712330 1.768619
2.164010 11.683208 1.473181
2.156914 11.647516 1.463653
2.142170 11.427549 1.514824
2.161330 11.557714 1.502660
2.063795 11.512445 1.722275
1.851388 12.033969 2.283464
2.028446 11.729280 1.881870
2.271911 11.509686 1.207972
2.024140 11.791848 1.827228
1.883103 11.851471 2.214848
2.021445 11.577179 1.889902
2.241509 11.461908 1.217530
1.919906 11.702818 2.159141
2.168641 11.443036 1.436227
2.027334 11.783031 1.872315
2.052984 11.607524 1.787452
2.154762 11.574928 1.494075
1.940793 11.520586 2.101961
2.170934 11.573658 1.494925
2.148993 11.453821 1.523849
1.855201 11.932685 2.292114
2.064299 11.426515 1.746539
2.026428 11.629436 1.896669
2.026542 11.698647 1.847148
1.889193 11.760501 2.229644
2.019587 11.484611 1.906447
1.926252 11.615467 2.177248
2.028342 11.681560 1.885635
2.038934 11.500231 1.803391
2.146814 11.473779 1.513759
2.145448 11.456687 1.514376
1.858182 11.834867 2.301282
2.031311 11.541404 1.913210
2.026655 11.608203 1.866044
1.893429 11.670108 2.243345
1.905768 11.496371 2.178716
2.021943 11.574152 1.895692
1.865474 11.748297 2.313601
2.011352 11.500796 1.876741
1.902002 11.590042 2.260587
2.018272 11.475492 1.905693
1.861470 11.649660 2.318736
1.888252 11.482776 2.261353
2.223975 12.321068 1.183107
2.234326 12.187234 1.154190
2.227389 12.202343 1.224839
2.061848 12.337838 1.587741
2.061773 12.355118 1.647704
2.193028 12.291072 1.222967
2.233313 12.067575 1.196639
2.225283 12.082527 1.264495
2.071766 12.224397 1.620892
2.049628 12.209005 1.670106
2.204605 12.200439 1.248521
2.301972 12.264966 0.960671
2.196339 12.175102 1.263521
2.233484 11.955982 1.237479
1.871649 12.366405 2.117148
2.345310 11.820890 0.993319
2.211750 11.956306 1.300366
2.070280 12.099089 1.650196
2.019500 12.282631 1.690652
1.871561 12.324594 2.153472
2.064223 12.114406 1.701132
1.816688 12.341544 2.257685
2.209889 12.091821 1.285766
2.304766 12.152377 1.006641
2.328479 11.928885 0.986798
2.037386 12.253387 1.681714
2.192751 12.055486 1.301242
2.332499 11.919583 0.992558
2.224951 11.839458 1.275185
2.159603 12.260761 1.332562
1.874582 12.238748 2.132996
2.334891 11.714302 1.036613
2.216481 11.857203 1.336962
2.197082 12.211752 1.273767
2.077777 11.995708 1.681616
2.030041 12.177624 1.720601
1.873721 12.203713 2.164958
1.845052 12.385946 2.167858
2.308400 12.236325 0.950133
2.066427 12.005030 1.726702
1.829424 12.238729 2.274796
2.207388 11.978454 1.320224
2.322800 12.017879 0.998121
2.042249 12.142737 1.706669
2.294452 12.028436 1.050109
2.323469 11.821592 1.030528
1.995113 12.366131 1.771063
2.258191 12.249327 1.069946
2.200238 11.956928 1.338880
2.320691 11.805879 1.034630
2.168816 12.156194 1.368767
2.040710 12.316403 1.699837
2.225812 11.739047 1.314090
1.868189 12.103814 2.142861
2.327030 11.613783 1.078587
2.209817 11.750778 1.370167
2.203539 12.102080 1.308471
1.830201 12.289335 2.214352
2.074202 11.881933 1.707543
1.851609 12.266925 2.178250
1.876742 12.089417 2.176478
2.039566 12.075193 1.749027
2.313978 12.124907 0.991030
2.068046 11.901509 1.750757
1.841116 12.139400 2.289989
2.195690 11.858699 1.350743
2.315317 11.903308 1.037838
2.194212 12.235859 1.282880
2.052467 12.042345 1.732212
2.253481 12.129822 1.110623
2.284860 11.910194 1.091561
1.997197 12.245819 1.794042
2.315633 11.715594 1.072431
2.316731 11.705758 1.074702
2.193661 11.843202 1.372808
2.168966 12.046127 1.403082
2.032577 12.178592 1.715949
2.214721 11.631690 1.348009
1.880347 12.005350 2.165004
2.030455 12.365717 1.694979
2.199490 11.986183 1.339738
2.333321 11.531797 1.119418
2.198555 11.643446 1.401639
1.837880 12.178682 2.228868
2.303272 12.002843 1.028828
1.859131 12.156292 2.190325
1.875633 11.976576 2.186673
1.840204 12.344534 2.198745
2.066030 11.767253 1.731739
2.037133 11.961267 1.772006
2.060502 11.790687 1.771269
1.843050 12.029510 2.299186
2.192470 11.754871 1.382112
2.196361 12.118546 1.312884
2.305896 11.791132 1.075681
2.249526 12.015100 1.149680
2.279050 11.805142 1.130466
2.054903 11.937201 1.754967
2.010201 12.149614 1.821486
2.304909 11.612715 1.111711
2.311289 11.605849 1.112841
2.184692 11.734047 1.404917
2.168984 11.939741 1.435825
1.958342 12.325126 1.865956
2.128490 12.138052 1.464240
2.038550 12.068731 1.737581
2.215648 11.540108 1.382125
2.035432 12.243821 1.714074
2.200206 11.881834 1.369600
1.881799 11.897052 2.180406
2.197083 11.551867 1.433458
2.341796 11.870327 0.965354
1.841853 12.068218 2.241605
2.297848 11.888324 1.065959
1.865185 12.050411 2.200934
1.842393 12.219712 2.203652
1.881965 11.881600 2.202312
2.037827 11.857575 1.795724
1.829254 12.107105 2.317394
2.062758 11.665008 1.756577
2.057003 11.690285 1.792867
1.844435 11.924557 2.307263
2.191716 11.999390 1.341704
2.188200 11.654534 1.411558
2.304818 11.693990 1.112325
2.254736 11.918344 1.186700
2.008910 12.035537 1.841520
2.269559 11.699370 1.167985
2.054024 11.831893 1.775094
2.273001 11.491332 1.147721
2.322236 11.529039 1.150147
2.162962 11.831717 1.465286
1.970683 12.227485 1.890154
2.176416 11.631495 1.434610
2.131485 12.031886 1.494733
2.046309 11.970183 1.760057
2.039432 12.128137 1.732503
2.192081 11.429835 1.410327
2.194120 11.771096 1.397816
1.885494 11.797883 2.196595
2.340565 11.771667 1.006085
2.173770 11.440354 1.458762
1.835266 12.310448 2.208862
2.287702 11.776550 1.099769
1.847705 11.966327 2.256374
1.868975 11.945444 2.211310
1.856657 12.121877 2.217072
1.884066 11.786269 2.214973
1.832770 12.000356 2.323668
2.036164 11.757538 1.818018
1.850104 11.832715 2.320125
2.053376 11.593555 1.812890
2.067577 11.579026 1.783113
2.193218 11.894334 1.369875
2.240965 11.804006 1.219902
2.296874 11.592284 1.146527
2.184295 11.559324 1.440230
2.009830 11.931508 1.861943
2.270579 11.610475 1.203361
2.048057 11.724222 1.792685
1.969126 12.111615 1.906091
2.137019 11.937243 1.523971
2.160488 11.732665 1.495032
2.189264 11.558411 1.467725
2.051703 11.870745 1.780649
2.043869 12.020302 1.751416
2.189686 11.670779 1.424823
2.330664 11.667153 1.044072
1.890242 11.704360 2.215655
1.843272 12.193688 2.214301
2.287766 11.679271 1.133476
1.858373 12.009282 2.222590
1.871824 11.845768 2.221414
1.852646 11.868814 2.271269
1.887090 11.695687 2.228456
1.824799 12.075986 2.341857
1.835403 11.897072 2.330464
1.848315 11.733051 2.328093
2.026648 11.650034 1.836268
2.061189 11.516904 1.838109
2.187856 11.784716 1.395604
2.238755 11.707628 1.253357
2.046279 11.464568 1.798822
2.299605 11.507432 1.181029
2.169390 11.456439 1.464657
2.010329 11.833312 1.883292
2.260793 11.512969 1.237333
2.045712 11.628233 1.811814
1.824454 12.035444 2.340996
1.972178 12.010340 1.925172
2.127576 11.827238 1.549145
2.146461 11.626307 1.518936
2.050173 11.768564 1.798006
2.156883 11.436841 1.490666
2.048207 11.915229 1.769154
2.183348 11.571938 1.450350
2.333077 11.580806 1.080216
1.855992 12.093328 2.224537
1.888824 11.608303 2.229386
2.287668 11.586579 1.165212
1.866145 11.912003 2.232800
1.872773 11.747562 2.230039
1.888287 11.609291 2.241711
1.825388 11.964162 2.344192
1.856573 11.773870 2.284637
1.840343 11.801090 2.338838
2.036816 11.406485 1.848348
2.034026 11.570102 1.861478
2.180993 11.680764 1.419465
2.239600 11.618765 1.286294
2.011094 11.738435 1.902216
2.250814 11.420962 1.268933
2.049190 11.544854 1.831931
1.974216 11.911637 1.942724
1.821635 11.924666 2.346033
2.125168 11.732428 1.573619
2.159596 11.555618 1.550019
2.043061 11.662568 1.812025
2.051601 11.815449 1.786618
2.171465 11.472910 1.473393
2.300584 11.460715 1.114249
1.817519 12.041617 2.343972
1.859878 11.982587 2.229125
2.309836 11.523209 1.197426
1.884587 11.513532 2.241286
1.877511 11.661013 2.242645
1.869254 11.811090 2.240021
1.828224 11.861466 2.347311
1.900553 11.537864 2.260949
1.849302 11.667642 2.290459
2.180401 11.587254 1.444260
2.245635 11.540170 1.317369
2.011549 11.458223 1.873206
2.000398 11.633515 1.916490
2.027967 11.434635 1.842370
1.977638 11.820051 1.961504
2.120919 11.637265 1.597405
2.137326 11.446713 1.571196
2.044171 11.573729 1.829788
2.048991 11.713114 1.801197
1.823042 11.936751 2.346885
1.862328 11.875685 2.232640
1.871946 11.716006 2.248166
1.881296 11.575207 2.254515
1.876004 11.425082 2.255607
1.884592 11.428236 2.257112
1.865462 11.599660 2.314790
2.197776 11.518454 1.471819
2.217943 11.426779 1.343785
2.010830 11.561082 1.941178
1.978636 11.729395 1.977603
2.129808 11.561668 1.625039
2.038842 11.479059 1.844655
2.044087 11.612606 1.815143
1.871416 11.782811 2.242837
1.874122 11.624941 2.255585
1.877536 11.484312 2.260299
1.993479 11.456739 1.949786
1.972279 11.632719 1.990456
2.099031 11.443847 1.638914
2.052353 11.530748 1.833336
1.873850 11.685946 2.246900
1.889864 11.555195 2.273393
1.976008 11.552658 2.008148
2.031238 11.419304 1.838447
1.876420 11.594536 2.253482
1.868734 11.441371 2.265364
1.961224 11.454356 2.015427
1.896759 11.530272 2.273511
1.872158 11.411741 2.259943
2.247790 12.322649 1.122607
2.276946 12.251465 1.041329
2.305567 12.274119 0.950471
2.231783 12.320858 1.155864
2.317954 12.223022 0.961680
2.214356 12.305866 1.188995
2.317574 12.172950 0.946247
2.249656 12.268800 1.153698
2.217474 12.324614 1.206742
2.250160 12.210822 1.165500
2.270362 12.207500 1.063283
2.271650 12.133163 1.087843
2.295239 12.148808 0.991436
2.234373 12.209638 1.195068
2.210053 12.249002 1.259662
2.305936 12.102709 1.006910
2.230740 12.212573 1.227675
2.133283 12.289389 1.473334
2.081781 12.374298 1.586819
2.316724 12.065408 0.989392
2.352407 11.993970 0.919574
2.086745 12.346000 1.573426
2.100275 12.320086 1.562024
2.235762 12.140849 1.194007
2.219282 12.212910 1.239841
2.338065 12.000516 0.946714
2.059151 12.351492 1.643039
2.179905 12.256489 1.356915
2.242754 12.092183 1.206398
2.271448 12.102802 1.102671
2.328719 11.976515 0.975563
2.294154 12.040417 1.030079
2.270017 12.022686 1.131811
2.090728 12.264533 1.572850
2.342468 11.997874 0.937081
2.232956 12.097041 1.234075
2.207126 12.137480 1.296310
2.329841 12.002312 0.969384
2.298852 11.990999 1.048713
2.229044 12.100038 1.261786
2.127756 12.166368 1.506275
2.086653 12.303604 1.608499
2.090270 12.267077 1.614275
2.303010 11.947147 1.029432
2.101907 12.249853 1.605577
2.344191 11.886894 0.967247
2.107628 12.214777 1.594078
2.031852 12.345986 1.737477
2.234652 12.035181 1.233917
2.216226 12.095994 1.271508
2.336654 11.901515 0.992070
2.065859 12.245666 1.671434
2.167114 12.131824 1.386971
2.240779 11.985405 1.246344
2.271068 12.001000 1.141369
2.320219 11.869503 1.018339
2.291055 11.935291 1.066429
2.335106 11.891666 0.976527
2.089676 12.151352 1.602812
2.260738 11.910010 1.174137
1.949296 12.309301 1.969962
2.229840 11.989202 1.269156
2.210495 12.038936 1.331974
2.321566 11.895899 1.008468
2.293704 11.887583 1.089302
2.224015 11.990903 1.294090
2.090050 12.193026 1.631286
2.085855 12.147340 1.636965
1.923528 12.351655 2.067025
2.296501 11.842072 1.068847
2.135653 12.066139 1.542474
2.351816 11.806416 0.968189
2.088368 12.118375 1.627388
2.028743 12.228819 1.760942
2.102576 12.097497 1.622574
2.330919 11.778267 1.011912
2.231123 11.930407 1.271116
2.218052 11.994021 1.301889
2.319381 11.788775 1.035262
1.940677 12.300844 2.060385
2.176826 12.042612 1.420770
2.059753 12.128206 1.697117
1.909740 12.358297 2.081464
1.880748 12.332383 2.141635
2.263910 11.895406 1.177125
2.233247 11.879244 1.283342
1.920649 12.280874 2.069444
2.283356 11.830073 1.100587
2.301896 11.756595 1.058722
2.324100 11.784657 1.014534
2.097693 12.053563 1.634534
1.927145 12.306078 2.094423
2.205860 11.934903 1.365968
2.224396 11.883142 1.303580
2.258977 11.812008 1.214204
2.310147 11.789229 1.047321
1.956787 12.200101 1.995396
2.289129 11.790792 1.127499
2.223653 11.890677 1.326263
2.088489 12.079064 1.651852
2.093911 12.051102 1.662156
2.297011 11.751122 1.104796
1.942039 12.260666 2.090458
2.338982 11.704437 1.008012
2.035878 12.132366 1.785767
2.095242 12.022244 1.655514
2.127462 11.951322 1.572008
2.105543 11.998146 1.651287
2.319991 11.677592 1.054514
2.215233 11.892868 1.329682
2.227899 11.829854 1.307951
2.167548 11.933956 1.449636
1.947747 12.194452 2.079744
2.306588 11.685889 1.075480
1.853633 12.314160 2.234227
2.067389 12.035026 1.724422
1.928480 12.265199 2.099940
1.890255 12.234804 2.160978
2.262184 11.801664 1.211927
2.233376 11.785007 1.319263
2.286360 11.741599 1.134382
1.918865 12.162434 2.084626
2.296003 11.659959 1.097412
2.318075 11.688044 1.050774
1.937434 12.206024 2.110414
2.202304 11.835326 1.397513
2.100202 11.955474 1.663701
2.215167 11.779021 1.335382
2.309293 11.699334 1.083364
2.256523 11.717134 1.251493
1.957773 12.089514 2.015861
2.280910 11.693196 1.164257
2.216872 11.789945 1.355518
2.099446 11.987686 1.675315
2.099641 11.956637 1.686690
2.337946 11.612533 1.031759
2.038416 12.035818 1.808398
1.935937 12.139097 2.098883
2.285659 11.650542 1.140052
2.328589 11.608580 1.046560
2.099699 11.927005 1.680929
2.106640 11.899317 1.678888
2.218490 11.801369 1.358912
2.132338 11.856002 1.604772
2.309682 11.582626 1.095118
2.215530 11.725467 1.339520
1.849925 12.196890 2.239706
2.166387 11.838685 1.478238
2.071836 11.942499 1.751102
1.948812 12.087217 2.095340
2.297912 11.592277 1.113962
1.935593 12.157651 2.111503
1.892538 12.129258 2.175297
2.257179 11.707694 1.244049
2.221958 11.682633 1.352856
2.283086 11.649874 1.166442
1.917340 12.051845 2.100320
2.295906 11.575747 1.133908
2.321437 11.605591 1.085870
1.932056 12.085615 2.116360
2.192829 11.735789 1.427348
2.302160 11.606189 1.117670
2.211373 11.686753 1.366231
2.093303 11.848434 1.688362
2.249967 11.622711 1.287795
2.278533 11.607111 1.199214
1.955071 11.979039 2.034493
2.207767 11.688276 1.382848
2.099272 11.885116 1.694337
2.338896 11.500624 1.064489
2.039854 11.942737 1.829097
2.098188 11.856006 1.707860
2.330404 11.522453 1.068184
1.934591 12.030032 2.110497
2.284967 11.564904 1.173285
2.098696 11.830549 1.704182
2.329812 11.526953 1.083841
2.099957 11.798317 1.702398
2.208028 11.695321 1.383799
2.309169 11.501479 1.133732
1.859047 12.106647 2.255904
2.210051 11.632767 1.372098
2.124618 11.752369 1.632399
2.169481 11.752653 1.507554
2.071640 11.848076 1.773925
1.947504 11.982671 2.109883
1.932304 12.040063 2.116141
2.299941 11.512688 1.150812
1.890683 12.022365 2.186964
2.251615 11.616820 1.275836
2.278350 11.558329 1.196534
2.215065 11.591904 1.385125
2.311888 11.513332 1.117452
1.917850 11.950428 2.116843
2.295252 11.494631 1.170060
1.936794 11.986194 2.129398
2.188432 11.644814 1.456190
2.301827 11.523843 1.150918
2.210568 11.600232 1.397393
2.085256 11.748492 1.711951
2.273423 11.520425 1.233075
2.235361 11.523715 1.322014
2.205510 11.599206 1.410775
2.101996 11.792835 1.714148
2.040837 11.850924 1.850235
1.954046 11.874452 2.053921
2.095688 11.757929 1.727473
1.937102 11.933262 2.124919
2.288080 11.487043 1.206394
2.094966 11.733495 1.726332
2.205635 11.606279 1.409270
2.099359 11.706969 1.727318
1.869813 12.023202 2.272498
2.161764 11.659634 1.532034
2.209293 11.548055 1.404907
2.117533 11.654448 1.658001
2.063818 11.748742 1.793811
1.943434 11.878445 2.122929
1.937826 11.940886 2.127078
1.894461 11.929090 2.201768
2.243640 11.526836 1.304885
2.282189 11.481619 1.227157
2.211124 11.505124 1.416039
2.325862 11.446742 1.150108
1.936041 11.883762 2.138598
1.918271 11.853571 2.133834
2.315799 11.457252 1.183574
2.177763 11.550591 1.483280
2.200814 11.506221 1.424847
2.086836 11.660851 1.737618
2.286116 11.453057 1.266609
2.031463 11.750873 1.866104
2.206609 11.516458 1.437778
2.097997 11.695848 1.731399
2.245595 11.452964 1.358093
2.095680 11.667767 1.747464
1.958102 11.783851 2.074894
1.940432 11.838542 2.138914
2.094138 11.644017 1.748017
1.867544 11.924559 2.280606
2.204010 11.520202 1.433922
2.095938 11.616851 1.750369
2.152178 11.567134 1.555402
2.206571 11.465688 1.435817
2.061618 11.660312 1.815587
1.942712 11.785964 2.137596
2.113029 11.562613 1.684775
1.937844 11.841409 2.135460
1.894143 11.836266 2.215584
2.261002 11.465639 1.337015
2.226840 11.442577 1.450288
1.937006 11.789010 2.150271
1.917141 11.758723 2.148079
2.191612 11.485831 1.515144
2.213305 11.439802 1.455537
2.078051 11.567681 1.759291
2.033071 11.667494 1.886507
2.093399 11.602872 1.747926
2.201386 11.431373 1.462650
2.091122 11.576595 1.765653
1.940482 11.746304 2.151495
1.952798 11.683389 2.091753
1.870127 11.836582 2.292691
2.094119 11.559299 1.770546
2.204420 11.440576 1.458145
2.150396 11.486519 1.580140
2.091054 11.529623 1.772728
2.056593 11.573108 1.835494
1.947298 11.702895 2.155785
1.894592 11.746402 2.228583
1.940491 11.747104 2.145408
2.106514 11.474039 1.709255
1.942731 11.704038 2.163865
1.923586 11.677867 2.168650
2.086426 11.496271 1.786451
2.028315 11.579982 1.903119
2.091336 11.516895 1.765231
2.085102 11.488315 1.783148
1.944478 11.661812 2.166423
1.877471 11.758384 2.306696
2.083645 11.468168 1.787024
1.956655 11.601898 2.113693
2.091797 11.450581 1.795707
2.052382 11.487952 1.854978
1.948151 11.620846 2.171745
1.896670 11.663330 2.242000
1.946987 11.665085 2.158185
1.946544 11.620497 2.175954
1.925392 11.595114 2.185364
2.024732 11.497801 1.919333
2.098991 11.441382 1.785416
1.872640 11.668822 2.313450
1.946104 11.580005 2.180297
1.951879 11.511696 2.129037
1.899194 11.584440 2.257501
1.949911 11.539015 2.188069
1.948940 11.579342 2.167891
1.948076 11.540523 2.189042
1.928010 11.517118 2.202922
2.020597 11.418715 1.935215
1.948587 11.502039 2.195409
1.946141 11.424928 2.144896
1.898490 11.504403 2.270713
1.958248 11.470078 2.208303
1.950434 11.494866 2.178053
1.955377 11.465989 2.203933
1.885974 11.413585 2.275431
2.279366 12.230844 1.119632
2.229062 12.199319 1.285118
2.330444 12.239852 0.958030
2.269606 12.097870 1.159645
2.134032 12.294241 1.558701
2.368152 12.001912 0.935359
2.266466 12.235159 1.151080
2.185738 12.293345 1.357355
2.227855 12.077473 1.322140
2.056176 12.268065 1.769347
2.320860 12.106165 1.004197
2.274908 11.991850 1.200167
2.358045 11.881368 0.981967
2.115476 12.321033 1.572000
2.256764 12.102845 1.187429
1.961741 12.307285 2.059352
2.189702 12.175419 1.392723
2.224637 11.958056 1.357385
2.055930 12.141145 1.793785
2.292964 12.213114 1.074428
2.313132 11.984444 1.047640
2.013094 12.333213 1.847272
2.133626 12.052409 1.613271
2.272667 11.881694 1.236816
2.260767 12.240067 1.183049
2.347974 11.766958 1.025049
2.130771 12.217250 1.600873
2.107461 12.354932 1.588116
2.264740 12.001705 1.223711
1.972276 12.198524 2.076636
2.189297 12.058104 1.424865
2.163517 12.267572 1.466037
2.292506 12.098092 1.114862
2.219891 11.843422 1.391289
2.358100 12.006308 0.933844
2.060859 12.028167 1.817288
2.311349 11.875073 1.088794
2.137883 11.949175 1.639590
2.018785 12.214069 1.868868
2.269826 11.776501 1.272444
2.254354 12.112232 1.216740
2.366276 11.806665 0.965723
2.341761 11.662108 1.067203
2.113086 12.074074 1.619647
2.116557 12.241364 1.612419
2.260064 11.886127 1.257999
1.974918 12.085958 2.090924
1.952877 12.258467 2.089240
2.246848 12.244205 1.195700
2.163277 12.149051 1.495253
2.189222 11.945936 1.456312
2.289256 11.982548 1.154344
2.358512 11.897871 0.974406
2.258271 12.206280 1.180811
2.220451 11.739971 1.425397
2.304828 11.766652 1.127585
2.063619 11.918805 1.841944
2.140795 11.847039 1.666089
2.258922 12.006406 1.249958
2.027711 12.107859 1.892568
2.264943 11.674643 1.305916
2.325878 11.551252 1.106470
2.126822 11.980551 1.647349
1.989805 12.279826 1.949074
2.113238 12.115776 1.632716
1.935843 12.315643 2.102751
2.258231 11.781760 1.290272
1.962719 12.151956 2.104211
1.976495 11.975988 2.103763
2.248275 12.123605 1.227589
2.346563 12.004162 0.965028
2.348285 11.997792 0.972899
2.110083 12.285706 1.608967
2.161603 12.033471 1.523887
2.184134 11.833218 1.487025
2.287404 11.876593 1.190679
2.260805 12.096727 1.215770
2.344858 11.782447 1.012901
2.130307 12.249159 1.564920
2.302534 11.667449 1.164580
2.208973 11.628704 1.455164
2.058246 11.805697 1.861164
2.137015 11.742781 1.688282
2.252046 11.887823 1.279875
2.025795 11.990974 1.910090
2.250483 11.564939 1.337264
2.346564 11.595216 1.044153
1.871923 11.980944 2.330154
1.991406 12.162787 1.965817
2.131675 11.879418 1.670814
2.327234 11.463733 1.145087
2.124396 12.015044 1.656378
1.951957 12.215007 2.118083
2.249060 11.674111 1.320733
1.971945 11.864418 2.113486
1.965857 12.038784 2.114346
2.248043 12.010543 1.256991
2.341493 11.892792 1.004420
2.340695 11.882834 1.009159
2.129462 12.189355 1.634387
2.163894 11.930147 1.552887
2.282111 11.771429 1.224106
2.184540 11.735014 1.515549
2.252605 11.976720 1.250292
2.115998 12.111584 1.586403
2.338579 11.676456 1.049705
2.294665 11.567168 1.199647
2.203595 11.531553 1.484312
2.252666 11.785910 1.309927
2.137338 11.648013 1.711983
2.023800 11.880490 1.927400
2.060185 11.705914 1.882910
2.249364 11.474497 1.369058
2.342439 11.500207 1.081060
1.999861 12.061254 1.985192
1.885060 11.890117 2.348529
2.129603 11.773744 1.691982
2.123568 11.905568 1.676079
1.956805 12.100413 2.127191
1.939913 12.286389 2.115471
1.958714 12.243090 2.042249
1.976259 11.770488 2.128162
1.964828 11.927077 2.123307
2.237893 11.568879 1.349418
2.249479 11.901552 1.285533
2.334380 11.784759 1.041654
2.330269 11.768273 1.044083
2.112926 12.046734 1.646522
2.162275 11.825252 1.578552
2.251705 11.872524 1.282894
2.174767 11.629359 1.540376
2.276869 11.669909 1.258462
2.131201 12.024220 1.615785
2.338203 11.583726 1.083834
2.287492 11.471692 1.233145
2.252733 11.688035 1.339336
2.125199 11.542151 1.731292
2.201609 11.441590 1.512100
2.023172 11.778029 1.945629
2.251226 11.392497 1.399977
2.053712 11.600884 1.900846
1.995668 11.947756 1.998121
2.126011 11.672840 1.711802
2.130977 11.809602 1.698631
1.957935 12.126737 2.053106
1.960136 11.990592 2.134953
1.948757 12.174018 2.124246
1.959440 11.815972 2.129038
1.977270 11.674588 2.141073
2.236903 11.478158 1.377913
2.325270 11.679141 1.077113
2.249436 11.796419 1.313109
2.122978 11.949511 1.668358
2.327601 11.667343 1.076982
2.159694 11.725651 1.604058
2.247321 11.770035 1.312204
2.125663 11.913179 1.637560
2.269070 11.570282 1.289849
2.166254 11.529029 1.564826
2.327930 11.482566 1.117084
2.239929 11.580317 1.364838
2.125673 11.456216 1.752779
2.020552 11.677979 1.962081
2.052699 11.508803 1.920658
1.993768 11.842464 2.012292
2.124606 11.577443 1.731569
1.959038 12.019850 2.065689
2.126724 11.705474 1.715971
1.955429 11.875182 2.138038
1.949974 12.054799 2.127860
1.969202 11.730448 2.145060
1.974546 11.583423 2.152852
2.247825 11.696977 1.338955
2.243030 11.399893 1.406874
2.317415 11.578853 1.112193
2.130096 11.849978 1.687564
2.326145 11.572658 1.109122
2.150424 11.623924 1.625253
2.243873 11.672291 1.342384
2.127432 11.815467 1.661862
2.261925 11.476373 1.319286
2.170070 11.447132 1.593084
2.232799 11.483438 1.389673
2.019753 11.583773 1.979346
1.995044 11.746480 2.027646
2.115264 11.479156 1.747948
1.960991 11.919541 2.078381
2.123688 11.607585 1.732552
1.959774 11.778277 2.148133
1.952602 11.942686 2.132775
1.968966 11.636267 2.154461
1.980194 11.502997 2.168622
2.237481 11.591704 1.362234
2.317686 11.491848 1.144379
2.129322 11.746634 1.703767
2.318602 11.475450 1.138521
2.147476 11.531718 1.647736
2.126560 11.721477 1.682431
2.235265 11.572210 1.370149
2.265515 11.397494 1.349722
2.239099 11.403975 1.415719
2.017480 11.493414 1.995641
1.995772 11.654528 2.042355
2.123833 11.404932 1.770609
1.956348 11.815269 2.087524
2.119780 11.513150 1.749734
1.965016 11.687028 2.158716
1.961913 11.847269 2.143244
1.969713 11.545905 2.165112
2.236106 11.499263 1.386629
2.124380 11.644753 1.718790
2.118811 11.622024 1.701081
2.143611 11.443884 1.670439
2.229593 11.481493 1.396656
1.995630 11.566026 2.057665
2.007166 11.397468 2.007254
1.962373 11.729921 2.101885
2.111040 11.416957 1.763252
1.964589 11.591998 2.166075
1.959831 11.740650 2.146339
1.976569 11.467171 2.179591
2.230090 11.405923 1.409416
2.116929 11.534264 1.721120
2.119344 11.544731 1.733065
2.235023 11.405465 1.423296
1.996751 11.482840 2.072594
1.964730 11.642940 2.115344
1.969711 11.508073 2.176072
1.963444 11.646924 2.153749
2.118721 11.452712 1.742618
2.119809 11.456739 1.749597
1.966025 11.558544 2.127346
1.976892 11.429928 2.189318
1.969439 11.559560 2.163161
1.969702 11.480508 2.141348
1.974007 11.475120 2.171983
2.292046 12.242052 1.006064
2.290783 12.250174 1.017709
2.329998 12.221973 0.953697
2.312380 12.270858 0.965931
2.214409 12.300465 1.225720
2.231291 12.282290 1.201092
2.264095 12.274726 1.104238
2.288704 12.133632 1.047512
2.286134 12.138287 1.056274
2.230286 12.313365 1.207532
2.318895 12.105229 0.994422
2.294965 12.273883 0.997773
2.331194 12.148030 0.957678
2.303601 12.154152 1.009029
2.222052 12.202278 1.259209
2.154683 12.360332 1.407681
2.229496 12.176187 1.237611
2.241653 12.322462 1.170620
2.317484 12.167313 0.945524
2.258972 12.165856 1.144898
2.093807 12.303907 1.579957
2.279929 12.031098 1.093313
2.282535 12.027319 1.086611
2.230414 12.204048 1.243917
2.308791 11.996571 1.033613
2.284537 12.155779 1.042936
2.250500 12.316660 1.134742
2.317806 12.035683 1.001408
2.338456 12.013700 0.964714
2.296248 12.045205 1.049757
2.220148 12.095343 1.291211
2.164083 12.265254 1.443212
2.220608 12.066559 1.271841
2.231972 12.202848 1.209598
2.102922 12.372332 1.544748
2.318345 12.069026 0.989850
2.186825 12.259953 1.342665
2.103298 12.284693 1.586736
2.256311 12.062215 1.184749
2.093579 12.192082 1.602821
2.284217 11.935426 1.122847
2.279071 11.934027 1.127903
2.301429 11.895560 1.069982
2.222538 12.091002 1.277635
2.114859 12.147476 1.558728
2.224308 12.253294 1.239543
2.280245 12.051633 1.086915
2.251157 12.211427 1.178133
2.311144 11.932421 1.042616
2.332966 11.914862 1.005964
2.292056 11.945367 1.088493
2.219654 11.996176 1.320845
2.145825 12.138732 1.472125
2.221408 11.972649 1.306027
1.964667 12.286313 1.934518
2.349043 11.945860 0.948438
2.234161 12.099970 1.248068
2.328407 12.046697 0.983861
2.111130 12.270155 1.576499
2.313904 11.967642 1.032650
1.996807 12.294362 1.849013
2.170117 12.132312 1.376405
2.094879 12.164874 1.609718
2.249853 11.961401 1.221499
1.938139 12.305270 2.031481
2.099570 12.094170 1.626951
2.275834 11.839622 1.161386
2.281016 11.841895 1.158391
2.029714 12.322145 1.756105
2.296426 11.801612 1.104757
2.225152 11.995721 1.310913
2.112533 12.046993 1.585542
2.340377 11.985556 0.976156
2.216417 12.135900 1.280941
2.275289 11.950620 1.128103
2.298552 11.830060 1.081578
2.246942 12.102766 1.219158
2.322076 11.814762 1.044908
2.289372 11.851462 1.125644
2.216829 11.898759 1.349763
2.152231 12.048536 1.504147
2.223715 11.884670 1.338628
1.973023 12.195429 1.957072
2.340604 11.844850 0.992594
2.124376 12.255087 1.566880
2.347641 11.827891 0.969540
2.230852 11.997661 1.283452
2.315811 11.938193 1.028839
2.096270 12.143684 1.599973
2.005394 12.200686 1.875183
2.295919 11.856085 1.073662
2.099526 12.068873 1.635966
2.179247 12.045422 1.413300
1.944007 12.202040 2.045708
2.244533 11.864145 1.256223
2.105786 12.001393 1.650342
2.273734 11.748773 1.192844
2.274166 11.748442 1.192005
2.030366 12.214100 1.782679
2.293029 11.711763 1.138728
2.215936 11.890735 1.340717
1.942839 12.253446 2.043947
2.116958 11.958255 1.613564
2.330705 11.882822 1.021546
1.940837 12.308000 2.021439
2.270891 11.856243 1.166933
2.292254 11.737111 1.118858
2.060185 12.215901 1.687741
2.208616 12.024605 1.318758
2.310188 11.716293 1.082681
2.239930 11.995314 1.258244
2.279214 11.751662 1.160064
2.210836 11.800173 1.376302
1.975138 12.100363 1.975659
2.150780 11.951859 1.534667
2.209838 11.783179 1.367016
2.322779 11.741142 1.034146
2.219538 11.891622 1.316164
2.334554 11.728582 1.010604
2.108319 12.127777 1.593640
2.010764 12.106756 1.898585
2.100953 12.048559 1.628273
2.309929 11.840564 1.072966
2.292322 11.763768 1.112086
2.107900 11.980687 1.662225
2.172303 11.941390 1.445087
1.945016 12.093596 2.055900
2.239437 11.772023 1.290208
2.107080 11.906107 1.670979
2.268403 11.659460 1.223203
2.267971 11.659791 1.224042
2.288585 11.624460 1.171136
2.031291 12.110276 1.808903
2.212101 11.796740 1.370127
2.118584 11.870722 1.639649
1.946894 12.151587 2.059067
1.947679 12.206726 2.040157
2.312980 11.777274 1.063874
2.293472 11.657074 1.154892
2.260771 11.757313 1.203406
2.211256 11.931990 1.355745
2.061292 12.110205 1.717189
2.317092 11.639950 1.118997
2.281297 11.670959 1.194420
2.205017 11.707640 1.401714
2.240385 11.901694 1.295693
1.974602 12.003756 1.993479
2.141707 11.852037 1.561286
2.210952 11.700504 1.396875
1.955015 12.264885 2.019853
1.846106 12.279510 2.269123
1.882019 12.313004 2.179078
2.321577 11.656764 1.073037
2.117333 12.040041 1.626015
2.332919 11.644538 1.050332
2.217158 11.798338 1.349622
2.003416 12.001123 1.916460
2.106761 11.958778 1.656217
2.289753 11.678628 1.149375
2.104876 11.882467 1.684171
2.293020 11.735273 1.113222
1.946654 11.993540 2.067853
2.237600 11.687172 1.322984
2.102589 11.808975 1.690540
2.162981 11.840027 1.475769
2.262013 11.574483 1.253672
2.262927 11.572906 1.252384
2.110933 11.776872 1.662240
2.285698 11.542170 1.202351
2.211946 11.711473 1.399159
2.034994 12.014975 1.834364
1.944806 12.043718 2.070999
1.950871 12.105533 2.056943
2.284613 11.568672 1.187828
2.303252 11.683395 1.104506
2.258635 11.671838 1.239855
2.300842 11.545608 1.151660
1.969046 11.906474 2.007766
2.273303 11.581892 1.225679
2.202605 11.619629 1.427084
2.205990 11.833810 1.390840
2.228529 11.799620 1.330117
2.071740 12.020510 1.749884
2.202408 11.610927 1.424469
2.140285 11.764170 1.589498
1.960093 12.164064 2.039853
1.849414 12.174673 2.285026
2.311506 11.569315 1.110934
2.213584 11.710349 1.380349
2.002385 11.907565 1.936384
1.882598 12.198737 2.196118
2.113259 11.938222 1.652420
2.331990 11.564376 1.088873
2.099000 11.856167 1.678642
2.100806 11.786796 1.704556
1.945123 11.892319 2.077427
2.283212 11.590273 1.184682
2.101406 11.718200 1.709280
2.298297 11.658414 1.153664
2.227389 11.596215 1.352647
2.165097 11.755716 1.506785
2.263336 11.498749 1.284454
2.261610 11.493831 1.280738
2.110934 11.694973 1.686424
2.285218 11.466018 1.232365
2.206486 11.623114 1.426667
2.028052 11.912603 1.854726
1.943793 11.942116 2.082184
1.946488 12.000283 2.070218
2.287340 11.494570 1.222268
1.965083 11.815084 2.022919
2.254553 11.588696 1.274360
2.299820 11.598925 1.143458
2.192941 11.530849 1.448998
2.304420 11.472636 1.186091
2.267334 11.498382 1.256966
2.194519 11.526151 1.450488
2.220352 11.706277 1.364163
2.200529 11.739306 1.424366
2.139568 11.680186 1.616523
2.069372 11.920944 1.776272
1.951084 12.050791 2.052722
1.855067 12.078691 2.301005
2.202103 11.616798 1.409184
2.000406 11.814722 1.955526
2.311764 11.491788 1.147842
2.108977 11.841870 1.678927
2.102233 11.772727 1.703910
2.322253 11.478438 1.125141
1.881969 12.091563 2.212094
2.100030 11.699269 1.725791
1.946406 11.800491 2.088300
2.100915 11.633100 1.728505
2.277279 11.507635 1.218025
2.221756 11.514198 1.382316
2.283553 11.563859 1.190760
2.156753 11.662459 1.535931
2.105594 11.609106 1.707025
1.945112 11.851155 2.095117
2.197006 11.532458 1.451804
2.020580 11.812407 1.875136
1.942761 11.899841 2.081915
1.969756 11.735808 2.042497
2.195381 11.455992 1.474027
2.249054 11.505723 1.306862
2.285511 11.439169 1.288702
2.297092 11.518337 1.181224
2.200352 11.457593 1.477157
2.122580 11.582743 1.636885
2.211463 11.616982 1.395031
1.951452 11.954392 2.070900
2.191368 11.645798 1.455572
2.062552 11.819415 1.801126
1.858390 11.984459 2.316269
2.001192 11.732185 1.975579
2.201741 11.537004 1.438302
2.109225 11.755377 1.705049
2.095450 11.678222 1.724800
2.095605 11.611822 1.745098
1.957164 11.723697 2.105261
1.887744 11.996420 2.232569
2.091148 11.541687 1.744235
2.289471 11.444107 1.253151
2.228191 11.445228 1.413040
2.099243 11.526660 1.728126
2.154271 11.578938 1.564236
2.280309 11.483647 1.226910
1.947222 11.764037 2.109314
2.202937 11.462066 1.479248
2.026373 11.732346 1.900376
1.944537 11.811215 2.097729
1.969409 11.655859 2.058544
2.215095 11.401660 1.334198
2.295922 11.442760 1.217797
2.122791 11.507776 1.661988
1.953314 11.865716 2.089164
2.210335 11.536016 1.426600
2.182481 11.556507 1.486431
2.060213 11.728661 1.825206
1.857642 11.888849 2.328770
2.003249 11.652242 1.996445
2.204784 11.461726 1.467381
2.099395 11.660524 1.728072
2.092333 11.594234 1.746983
2.087109 11.522997 1.761645
1.955586 11.635793 2.115468
2.092535 11.464900 1.762309
1.890721 11.902484 2.251106
2.109771 11.463391 1.753915
2.149842 11.497751 1.590598
1.949234 11.678761 2.122721
2.028515 11.652361 1.923688
1.973776 11.583884 2.077437
1.947487 11.727017 2.113579
2.106781 11.418438 1.680817
1.949835 11.773075 2.103844
2.205976 11.456584 1.457074
2.185613 11.481180 1.517955
2.052521 11.635732 1.847371
1.861078 11.803384 2.344176
1.996413 11.566571 2.012590
2.091072 11.571605 1.749512
2.092622 11.514766 1.769127
2.096849 11.455894 1.786155
1.961324 11.558331 2.128887
1.890478 11.808300 2.266874
2.126958 11.402101 1.610761
1.951938 11.599158 2.136612
2.017051 11.558681 1.939421
1.974555 11.509282 2.093122
1.951646 11.648118 2.131524
1.951440 11.690787 2.121811
1.860061 11.715954 2.358050
1.996844 11.492260 2.031558
2.050357 11.551036 1.870313
2.095355 11.442307 1.792132
2.089165 11.492917 1.773784
1.959119 11.474439 2.138355
1.954534 11.523182 2.151381
1.887427 11.717112 2.282371
1.961151 11.424067 2.100894
2.025986 11.491302 1.965989
1.950804 11.566751 2.144258
1.953380 11.611791 2.139809
1.986657 11.409088 2.043744
2.052492 11.474634 1.896924
2.097628 11.426789 1.800781
1.958851 11.449457 2.166117
1.890862 11.635231 2.301077
1.953406 11.492557 2.160681
1.949887 11.530661 2.153443
1.887103 11.549883 2.315047
1.954265 11.460464 2.173963
1.894238 11.479391 2.337101
2.264693 12.287336 1.074274
2.272667 12.219931 1.014225
2.289385 12.209864 0.989790
2.223481 12.271399 1.170730
2.258967 12.179940 1.111061
2.288947 12.279389 0.982079
2.274145 12.121265 1.050088
2.291833 12.112261 1.028087
2.305969 12.252338 0.958351
2.187563 12.254754 1.327850
2.226713 12.170513 1.203584
2.069869 12.380049 1.640458
2.118907 12.258836 1.466755
2.229944 12.274735 1.145601
2.258101 12.083018 1.146266
2.287700 12.177508 1.023703
2.273214 12.025272 1.084908
2.285756 12.012181 1.064265
1.975740 12.382598 1.842767
2.297325 12.142727 0.998062
2.323471 12.128943 0.952594
2.177668 12.143357 1.358176
2.227840 12.073824 1.233788
2.220465 12.247432 1.238518
2.069620 12.277268 1.664035
2.121674 12.159992 1.491511
2.237060 12.180676 1.181317
2.251909 11.983006 1.179993
2.246585 12.293283 1.103243
2.277558 12.070778 1.062746
2.267747 11.928240 1.117862
2.279752 11.917315 1.097309
1.982744 12.280517 1.859056
2.287179 12.036000 1.037101
2.313329 12.023992 0.993318
2.119524 12.241214 1.467894
2.183792 12.057063 1.389255
2.223219 11.974364 1.263363
2.220992 12.149463 1.273620
2.076596 12.186764 1.690058
2.244351 12.239717 1.138982
2.128088 12.069892 1.515923
2.107301 12.281435 1.580953
2.232906 12.075608 1.215613
2.253181 11.895936 1.212493
2.237149 12.179833 1.141647
2.282268 11.982949 1.100781
2.271188 11.842193 1.149869
1.979864 12.337769 1.853604
2.279688 11.830364 1.130279
2.317361 12.082964 0.967077
1.986546 12.179057 1.874689
2.281466 11.938296 1.073720
2.303376 11.922412 1.031664
2.184160 11.966224 1.418018
2.127560 12.148159 1.495409
2.220795 11.883831 1.290627
2.316701 12.064113 0.973907
2.258159 12.294466 1.061438
1.927233 12.285496 2.098410
2.218681 12.052715 1.306840
2.079885 12.096349 1.714207
2.248080 12.144679 1.178090
2.123107 11.968859 1.536471
2.104927 12.178494 1.607058
2.229194 11.978129 1.247236
2.129791 12.280984 1.486213
2.125590 12.234387 1.452312
2.285544 12.231414 1.035289
2.249918 11.807825 1.243131
2.238633 12.082931 1.179168
2.279418 11.891932 1.137448
2.269616 11.756349 1.180483
1.981600 12.233444 1.870477
2.277693 11.744843 1.161740
1.995816 12.088531 1.892405
2.308491 11.980594 1.008615
2.279336 11.848483 1.107928
2.298284 11.831306 1.068432
2.179085 11.874137 1.444546
2.125849 12.049127 1.520354
2.338562 11.943460 0.950378
2.217404 11.794015 1.317129
1.928095 12.187089 2.111413
2.301656 11.957520 1.013988
2.255640 12.191763 1.103896
1.958494 12.295347 2.017051
2.078325 12.001599 1.736410
2.213648 11.955346 1.338936
2.137861 12.331170 1.406378
2.129712 11.883904 1.560180
2.243029 12.042950 1.215375
2.107538 12.085958 1.634028
2.228702 11.887940 1.277676
2.124249 12.171609 1.515544
2.127685 12.135191 1.481563
2.243817 11.720937 1.271889
1.983323 12.300362 1.848322
2.275806 12.119993 1.078653
2.173326 12.291304 1.390745
2.234791 11.982937 1.215210
2.263020 11.668936 1.208016
1.990991 12.142843 1.890636
2.273301 11.800683 1.171395
2.271220 11.657362 1.191716
1.997025 11.992518 1.905845
2.294608 11.878431 1.048759
2.297625 11.749217 1.102783
2.182506 11.795129 1.472666
2.278425 11.762177 1.142575
2.126995 11.956785 1.545342
1.925267 12.088778 2.122544
2.211291 11.703579 1.342508
2.325950 11.843884 0.991347
2.291102 11.859027 1.052028
1.980456 12.311194 1.925289
2.075143 11.911577 1.757185
1.962317 12.197424 2.036047
2.256030 12.093055 1.145087
2.207416 11.862383 1.368756
2.130420 12.216166 1.438085
2.127781 11.794705 1.580084
2.104275 11.990724 1.657925
2.334225 11.978974 0.952475
2.238536 11.946964 1.250745
2.223732 11.795793 1.306630
2.129156 12.081795 1.546152
2.129183 12.039086 1.510512
1.994517 12.376113 1.825154
2.236750 11.634767 1.299886
1.991556 12.207103 1.870092
2.272142 12.020777 1.119201
2.260190 11.588420 1.235965
2.227031 11.886722 1.247867
2.165635 12.173857 1.424427
1.991044 12.044172 1.905687
2.266952 11.713125 1.203815
2.265421 11.573781 1.220536
1.997208 11.898146 1.918144
2.177078 11.708580 1.496899
2.293395 11.665377 1.136019
2.295999 11.794843 1.087048
2.276737 11.679951 1.174100
1.922689 11.994690 2.133366
2.127907 11.868134 1.568803
2.212764 11.624240 1.367409
2.319478 11.755589 1.029871
2.077487 11.829794 1.778726
1.985422 12.211568 1.947837
2.292499 11.775442 1.090304
1.955355 12.091621 2.047956
2.206654 11.778579 1.398962
2.247471 11.990426 1.183308
2.015427 12.329731 1.835405
2.340379 11.879131 0.955674
2.140347 12.127925 1.471747
2.121376 11.703552 1.598494
2.100479 11.897663 1.681889
2.323859 11.881264 0.995007
2.238177 11.858479 1.285291
2.215392 11.707036 1.333788
2.129219 11.987649 1.574801
2.130394 11.947598 1.537544
2.237325 11.558772 1.327785
1.992235 12.264221 1.845241
1.994883 12.110438 1.889526
2.272193 11.929386 1.159773
2.267179 11.519095 1.263329
1.986980 11.944152 1.918016
2.262130 11.630601 1.235061
2.238242 11.810768 1.282206
2.271511 11.506021 1.249218
2.170471 12.080609 1.459819
1.998989 11.811433 1.933023
2.167967 11.622131 1.519254
1.930079 11.917046 2.151114
2.288203 11.582259 1.168486
2.125562 11.781034 1.591223
2.269306 11.594963 1.204990
2.292010 11.709089 1.123474
2.212295 11.546330 1.390815
2.073948 11.745314 1.797209
2.314091 11.670874 1.066404
1.957802 12.002652 2.065215
1.984443 12.110168 1.966945
2.291470 11.692756 1.125865
2.194009 11.685092 1.425792
2.247755 11.899703 1.220217
2.020668 12.227266 1.861537
2.329465 11.783591 0.998297
2.143600 12.034931 1.502734
2.121700 11.624136 1.618147
2.101717 11.814079 1.707113
2.228005 11.764943 1.316904
2.313368 11.785400 1.036783
2.214742 11.627530 1.361248
2.131225 11.899983 1.603138
2.130884 11.861044 1.563532
2.246439 11.493152 1.355980
2.001859 12.173474 1.870273
1.993174 12.012206 1.905890
1.996271 11.865086 1.937257
2.262003 11.831489 1.196571
2.258033 11.551051 1.265543
2.225337 11.714837 1.311014
2.001853 11.728295 1.945908
2.168938 11.984132 1.490930
2.154741 11.536097 1.540601
1.929880 11.832670 2.164129
2.273324 11.524340 1.234922
2.286645 11.506104 1.198936
2.284270 11.624347 1.157664
2.124906 11.696195 1.613625
2.063627 11.657932 1.812251
1.956189 11.911405 2.080142
2.304227 11.584198 1.101454
1.980623 12.009995 1.984172
2.279845 11.602966 1.158868
2.193678 11.608877 1.453332
2.245689 11.810732 1.256465
2.111849 11.537300 1.634393
2.318625 11.693264 1.037791
2.134917 11.933174 1.529950
2.025255 12.128816 1.886988
2.098779 11.730060 1.729249
2.346351 11.674772 0.993708
2.221113 11.677773 1.347715
2.212695 11.547289 1.387107
2.302951 11.694751 1.075427
2.123902 11.806025 1.628057
2.129921 11.774676 1.587541
2.003422 12.077241 1.891028
1.995240 11.922646 1.924357
1.995804 11.778276 1.952242
2.221666 11.634955 1.340651
2.267206 11.486281 1.295795
2.259340 11.745608 1.232524
2.002850 11.647441 1.959353
1.928596 11.750857 2.175629
2.162019 11.885489 1.520186
2.121294 11.614423 1.633393
2.069068 11.587057 1.833534
2.281624 11.546387 1.191792
1.957441 11.828618 2.096803
2.309333 11.514565 1.136257
2.182323 11.524112 1.477474
1.982763 11.921281 2.004704
2.281864 11.530334 1.192103
2.233331 11.716181 1.288548
2.095665 11.648809 1.750238
2.133829 11.844287 1.558387
2.317661 11.613205 1.077085
2.024816 12.028799 1.909356
2.219256 11.598308 1.378084
2.297083 11.611277 1.112413
2.119496 11.717834 1.653401
2.124058 11.686674 1.610915
1.999957 11.979445 1.908701
1.998407 11.838435 1.942508
1.994671 11.693707 1.964861
1.933386 11.678655 2.191193
2.221924 11.557429 1.370149
2.003309 11.568755 1.972878
2.254861 11.659316 1.267723
2.157902 11.794456 1.549110
2.110168 11.526777 1.650486
2.064216 11.510607 1.850656
2.285284 11.476934 1.224622
1.958633 11.746757 2.113075
1.983330 11.834599 2.022499
2.091525 11.569199 1.770090
2.228138 11.633044 1.321015
2.136391 11.764138 1.586484
2.315616 11.535703 1.114864
2.333179 11.513334 1.070760
2.015406 11.923095 1.927078
2.208502 11.514002 1.405879
2.300615 11.539308 1.149672
2.122253 11.641054 1.679127
2.121043 11.603586 1.632646
1.995698 11.751532 1.957588
2.001117 11.891447 1.928471
2.001800 11.621537 1.982746
1.935882 11.607283 2.206478
2.218380 11.481840 1.397024
2.001881 11.488809 1.983584
2.246093 11.574430 1.299080
2.155365 11.707531 1.577246
1.957414 11.667571 2.128309
1.981603 11.748749 2.040014
2.085091 11.490420 1.789663
2.225738 11.555744 1.351462
2.125310 11.671201 1.609139
2.012749 11.830902 1.947719
2.102469 11.546648 1.696851
2.119561 11.527299 1.654905
1.999486 11.673917 1.975882
1.997308 11.800965 1.945539
1.936433 11.535570 2.218567
1.992496 11.535110 1.992014
2.249025 11.501994 1.332668
1.962690 11.597672 2.146760
2.143080 11.614640 1.602816
1.987232 11.675089 2.062424
2.217590 11.475678 1.381286
2.124066 11.592993 1.634599
2.015137 11.748183 1.969608
2.119794 11.490771 1.726547
2.002247 11.597941 1.993039
1.997647 11.721523 1.965176
1.966998 11.528488 2.164452
2.142809 11.537492 1.630702
1.985696 11.594383 2.079242
2.112586 11.508291 1.656276
2.013952 11.663716 1.990384
1.994282 11.514944 2.005195
2.001009 11.644229 1.984305
1.987087 11.521213 2.098176
2.013509 11.583998 2.012072
1.997168 11.564357 2.000844
2.287026 12.289884 0.997923
2.284892 12.280878 1.013183
2.237852 12.262701 1.168552
2.278770 12.184625 1.033705
2.231626 12.229837 1.146332
2.271377 12.169860 1.048622
2.145203 12.257980 1.400072
2.239885 12.171843 1.201516
2.278647 12.091852 1.067530
2.004239 12.395094 1.738794
2.240613 12.145208 1.177942
2.142396 12.263033 1.434321
2.265209 12.071054 1.084170
2.309621 12.211118 0.973771
2.247378 12.235820 1.079863
2.314751 12.193693 0.969929
2.244619 12.242628 1.115813
2.135020 12.147059 1.421870
2.018933 12.338370 1.780191
2.236570 12.077093 1.233397
2.266592 11.989563 1.100408
2.008380 12.293653 1.755688
2.231946 12.043863 1.207401
2.148195 12.176438 1.463983
2.300967 12.108871 1.011783
2.267524 12.165817 1.117179
2.183215 12.268301 1.349701
2.309127 12.097152 1.008414
2.246768 12.148999 1.149901
2.019490 12.243313 1.799995
2.151123 12.251419 1.396925
2.147648 12.069478 1.449078
2.302503 12.265621 0.979929
2.230028 11.983966 1.264303
2.272270 11.911096 1.131647
2.013691 12.201160 1.773295
2.230116 11.954221 1.235740
2.147236 12.085247 1.490979
2.263256 12.265246 1.069048
2.006976 12.359867 1.747300
2.053195 12.343430 1.698365
2.284734 12.002679 1.048834
2.260030 12.067165 1.153233
2.172931 12.161971 1.380285
2.294633 11.993191 1.045460
2.240386 12.052156 1.182292
2.025774 12.158154 1.822342
2.148208 11.979777 1.471566
2.141983 12.143292 1.422883
2.228164 11.897951 1.293611
2.292276 12.160133 1.020772
2.016266 12.108115 1.789811
2.269121 11.824280 1.161815
2.235207 11.874430 1.263695
2.147852 11.999996 1.516501
2.213249 12.271098 1.254962
2.253353 12.158613 1.106967
2.004485 12.253735 1.763982
1.860361 12.292459 2.231263
2.053087 12.245316 1.721366
2.288427 11.921293 1.083753
2.253612 11.973947 1.186595
2.162274 12.255005 1.378392
2.176949 12.076770 1.410940
2.290460 11.905391 1.081371
2.236531 11.960525 1.213945
2.084478 12.362332 1.608688
2.025219 12.070242 1.841283
2.141557 11.886729 1.491870
2.141840 12.051457 1.448192
2.226135 11.815649 1.321452
2.317838 12.031807 0.981972
2.024068 12.024450 1.807652
2.265355 11.742426 1.190997
2.281014 12.057254 1.060148
2.233087 11.791288 1.289466
2.144822 11.914002 1.540566
2.283787 12.281087 1.021014
2.332434 12.012308 0.961199
2.208393 12.169507 1.288723
1.862973 12.202087 2.240941
2.015691 12.170125 1.786949
2.246266 12.059645 1.142187
2.007395 12.327209 1.738501
1.844135 12.253135 2.348559
2.058586 12.159871 1.745801
2.251462 11.888164 1.219211
2.279689 11.829878 1.116508
2.173337 11.985859 1.438933
2.147455 12.141445 1.404871
2.284792 11.818756 1.114967
1.893708 12.309025 2.154049
2.239095 11.878232 1.243993
2.024621 11.983273 1.859864
2.074913 12.249184 1.632848
2.142826 11.804557 1.514228
2.244811 12.254843 1.155226
2.148707 11.970311 1.475186
2.217807 11.730189 1.347474
2.024200 11.935998 1.822460
2.310350 11.938532 1.020718
2.261005 11.661922 1.218231
2.140385 11.830008 1.564387
2.223428 11.703279 1.314643
2.279613 11.969100 1.097537
2.326274 11.921583 1.000792
2.268415 12.167081 1.062637
2.202049 12.071769 1.321503
1.868339 12.120353 2.255722
2.016028 12.077033 1.803606
2.245688 11.970856 1.177872
2.015240 12.236363 1.762597
2.049362 12.059896 1.765158
2.247865 11.805305 1.251214
2.271244 11.743616 1.148643
2.170021 11.900099 1.466306
2.151009 12.054819 1.434694
1.891674 12.210631 2.165715
2.277258 11.732685 1.147469
2.020793 11.897919 1.877468
2.235861 11.793294 1.273443
2.174539 12.251556 1.360672
2.334563 12.063251 0.962580
2.074476 12.152243 1.658796
2.141696 11.726036 1.535236
2.146082 11.883997 1.498415
2.215118 11.653786 1.373968
2.248994 12.162363 1.194591
1.920102 12.337137 2.069106
2.027407 11.855021 1.839449
2.136235 11.748476 1.586256
2.252097 11.580488 1.243641
2.212193 11.618276 1.336767
2.301826 11.847861 1.057998
2.272373 11.879227 1.133959
2.310253 11.825099 1.037844
1.872621 12.039450 2.267336
2.265935 12.073507 1.102738
2.200015 11.980544 1.353904
2.020350 11.991611 1.822809
2.243535 11.885078 1.210503
2.017156 12.142957 1.783658
1.859858 12.075921 2.364640
2.054281 11.978505 1.788984
2.108812 12.250908 1.542694
2.274936 11.671197 1.179040
2.241033 11.721383 1.280907
2.170642 11.820247 1.494524
2.337554 11.952606 0.954341
2.153569 11.969870 1.463419
1.892716 12.119717 2.179562
2.281408 11.661705 1.178717
2.020364 11.818878 1.894330
2.020881 12.305127 1.735474
2.233332 11.713181 1.301420
2.163374 12.144132 1.391302
2.079974 12.069491 1.684584
2.323307 11.965758 1.004649
2.131568 11.640181 1.552365
2.142543 11.797512 1.521287
2.208323 11.575204 1.398154
2.131509 11.670976 1.607508
1.920549 12.235932 2.084213
2.025548 11.769913 1.852065
2.259928 11.515598 1.270849
2.238051 12.058363 1.231069
2.217326 11.549220 1.361911
2.297941 11.765226 1.093308
2.274206 11.801109 1.169135
1.869273 11.952836 2.276287
2.306827 11.743902 1.074005
2.257567 11.976456 1.140172
2.196493 11.893168 1.385322
2.024508 11.909895 1.840543
2.240886 11.801493 1.243256
2.018907 12.053261 1.803249
2.054101 11.896588 1.809400
2.116545 12.161962 1.574247
2.263591 11.588098 1.208615
2.237598 11.643778 1.309858
2.164424 11.737646 1.519337
2.018487 11.742753 1.910577
1.892221 12.030883 2.190726
2.145346 11.876281 1.487906
2.268281 11.577304 1.207930
2.334089 11.866078 0.996017
2.020805 12.206114 1.758884
2.216508 11.623589 1.326132
2.163983 12.052647 1.422744
2.136485 11.570403 1.572999
2.078425 11.979700 1.709668
2.312338 11.870739 1.044765
2.145973 11.722631 1.545474
2.214293 11.510882 1.424263
2.129391 11.596830 1.628758
2.026765 11.692277 1.866861
1.919097 12.138897 2.099191
2.229461 11.488155 1.387409
2.237470 11.969598 1.266774
2.289499 11.681663 1.126796
1.873894 11.878848 2.288990
2.267998 11.717608 1.202501
2.303277 11.665495 1.109066
2.188823 11.804540 1.414067
2.256539 11.891622 1.177696
2.019214 11.822090 1.854883
1.849131 12.235940 2.345358
2.237613 11.720181 1.273690
2.021492 11.968304 1.823808
2.045461 11.806930 1.827526
1.957085 12.260759 2.003011
2.230437 11.567276 1.336612
2.274572 11.526135 1.237412
2.112214 12.063586 1.602420
2.023332 11.674859 1.930470
2.162516 11.661550 1.543773
1.894022 11.949250 2.206142
2.141852 11.791561 1.512495
2.270443 11.509669 1.236983
2.020982 12.113174 1.781304
2.321592 11.775827 1.034781
2.219946 11.554070 1.352995
2.144512 11.504489 1.594851
2.162234 11.963896 1.453206
2.135019 11.637431 1.564324
2.074469 11.890880 1.732071
2.128561 11.526171 1.650494
2.345681 11.750625 0.996119
2.302035 11.781474 1.083039
2.023424 11.613706 1.879834
1.912586 12.040416 2.111130
1.878061 11.806119 2.302184
2.283625 11.602382 1.159913
2.229719 11.876564 1.300669
2.261626 11.637820 1.234397
2.294709 11.584721 1.141455
2.192928 11.731835 1.443624
2.025493 11.748598 1.874070
2.251364 11.805534 1.212546
2.026194 11.888872 1.844478
2.222697 11.631806 1.301220
2.048274 11.734350 1.849391
2.241007 11.505661 1.366266
1.957202 12.160725 2.021068
2.249718 11.436536 1.262986
2.018677 11.599117 1.945265
1.900180 11.875875 2.222883
2.112530 11.975928 1.629954
2.149004 11.577467 1.565672
2.145368 11.717524 1.538766
2.230386 11.492544 1.380210
2.028170 12.030921 1.805405
2.315597 11.693069 1.072675
2.158078 11.876117 1.480987
2.132436 11.561852 1.584741
2.073460 11.809622 1.754213
2.115086 11.447420 1.666884
2.019538 11.535559 1.891227
2.333518 11.664602 1.034632
2.295500 11.699132 1.119345
1.875798 11.730311 2.311121
1.852520 12.269960 2.327996
1.919527 11.961079 2.131677
2.289017 11.535825 1.191292
2.256413 11.561608 1.264337
2.225326 11.790775 1.333449
2.297538 11.516586 1.174547
2.174771 11.639721 1.467509
2.015926 11.662319 1.884634
2.243372 11.720744 1.245567
2.022725 11.804138 1.860900
2.229744 11.566654 1.330520
2.051003 11.663630 1.870524
2.016138 11.528893 1.960171
1.896418 11.792295 2.234048
1.951478 12.058971 2.038160
2.159407 11.516892 1.592519
2.110561 11.886475 1.655917
2.136320 11.633547 1.560435
2.027686 11.943881 1.826477
2.312091 11.616439 1.109458
2.143621 11.501556 1.609516
2.155169 11.792755 1.508882
1.876234 11.658692 2.322126
2.073408 11.730333 1.778430
2.018770 11.463959 1.905170
2.332622 11.591310 1.071406
2.294187 11.623488 1.155638
1.860683 12.184280 2.343326
1.918208 11.875600 2.145906
2.269801 11.501395 1.297171
2.216334 11.704982 1.364038
2.268384 11.425866 1.203187
2.019345 11.591053 1.901631
2.173364 11.566836 1.494516
2.242302 11.645802 1.278197
2.036145 11.577905 1.883042
2.018721 11.722514 1.877073
2.235048 11.499291 1.359836
2.001947 11.448926 1.970837
1.897474 11.718408 2.247386
1.946877 11.964402 2.054259
2.127568 11.554714 1.581482
2.102211 11.795711 1.679327
2.024886 11.858648 1.846938
1.877506 11.591799 2.334098
2.147702 11.708463 1.534955
2.061081 11.643551 1.796085
1.866029 12.099890 2.356828
2.286034 11.545097 1.188528
2.314036 11.504926 1.107004
1.917684 11.795777 2.160733
2.213393 11.627920 1.394240
2.017335 11.517738 1.916806
2.187457 11.508778 1.524539
2.235384 11.566456 1.308530
2.049494 11.522232 1.908293
2.016004 11.644378 1.893730
1.898496 11.648137 2.261693
2.145096 11.499358 1.609792
1.950288 11.881545 2.074474
2.022832 11.777314 1.866295
2.098219 11.713214 1.704057
1.882428 11.528359 2.348876
2.137788 11.626062 1.557977
2.062981 11.573491 1.818943
1.920819 11.722098 2.179694
2.277387 11.468897 1.221538
2.006613 11.439534 1.926143
2.205976 11.548083 1.423359
2.242976 11.503596 1.340770
2.010921 11.566285 1.908075
1.902667 11.580808 2.277587
1.950010 11.798866 2.092865
2.026048 11.704431 1.887338
2.089710 11.628866 1.727336
2.136328 11.551441 1.583302
2.068822 11.509329 1.842644
1.917975 11.644096 2.193918
2.182809 11.458991 1.447263
2.025090 11.509974 1.931633
1.890450 11.501108 2.283270
2.017061 11.622213 1.902577
1.949189 11.719300 2.111026
2.090397 11.556175 1.751826
2.147680 11.492837 1.612263
1.920483 11.575374 2.211928
2.016554 11.550412 1.921476
1.950172 11.643694 2.130917
2.061909 11.460447 1.765190
1.897017 11.482870 2.211241
2.029036 11.493613 1.946797
1.946505 11.566314 2.146913
2.310516 12.286158 1.024735
2.323663 12.225111 1.011500
2.220700 12.321420 1.241962
2.200864 12.332646 1.310404
2.298872 12.181467 1.065014
2.305282 12.114009 1.049901
2.222466 12.227691 1.276136
2.080322 12.341894 1.600796
2.204894 12.241655 1.345768
2.288001 12.080669 1.104153
2.054297 12.362948 1.698890
2.215634 12.128112 1.307327
2.299183 12.019337 1.087753
2.093764 12.259625 1.630202
2.191865 12.135263 1.376669
2.282679 11.989881 1.140859
2.061477 12.275711 1.727249
2.347263 11.903632 1.009251
2.345613 11.908716 1.021759
2.291559 11.930362 1.123826
2.212721 12.036258 1.338554
2.080141 12.151768 1.649641
2.194704 12.051493 1.408656
1.862645 12.352627 2.165325
2.271904 11.897080 1.175758
2.052887 12.170228 1.749353
2.342371 11.818833 1.047360
2.337102 11.822260 1.058784
2.208725 11.948842 1.367531
2.285558 11.843684 1.157437
2.086200 12.069893 1.675381
1.881190 12.293161 2.178817
2.192156 11.963867 1.439592
1.863144 12.254233 2.174891
2.277879 11.824385 1.210799
2.044942 12.072317 1.768803
2.336803 11.738138 1.082369
2.327573 11.738400 1.094315
2.198397 11.858310 1.394711
2.285238 11.766939 1.191059
2.093980 11.991163 1.700724
1.881437 12.197741 2.192991
2.186324 11.876105 1.467844
1.861843 12.158181 2.185043
2.272176 11.743779 1.243364
2.055016 11.999024 1.796643
2.330251 11.659118 1.116262
2.327279 11.664354 1.129253
2.207687 11.788361 1.425576
2.282579 11.689320 1.222740
2.091744 11.905879 1.721501
1.876608 12.100894 2.204129
2.184005 11.796398 1.496982
1.870412 12.079623 2.200121
2.269074 11.667425 1.275519
2.054163 11.915377 1.818622
2.325418 11.583242 1.149757
2.320621 11.588112 1.162016
2.203881 11.709798 1.452382
2.273149 11.609839 1.253095
2.088117 11.822602 1.742012
1.878096 12.018040 2.219866
2.179284 11.717659 1.523422
1.874003 11.996873 2.213298
2.054177 11.836469 1.841532
2.256048 11.585381 1.305178
2.316827 11.509412 1.180666
2.313007 11.512625 1.194049
2.190561 11.625209 1.475844
2.269398 11.536673 1.282538
2.087527 11.745937 1.762577
1.883192 11.940476 2.237631
2.171782 11.639306 1.548400
1.877519 11.919594 2.226661
2.254060 11.514427 1.334590
2.048307 11.753181 1.862167
2.187461 11.552382 1.500757
2.275395 11.473824 1.312597
2.083285 11.668543 1.781680
1.883250 11.860559 2.252731
2.163332 11.561698 1.572634
1.880562 11.844495 2.240117
2.264960 11.457628 1.365802
2.044942 11.676904 1.881255
2.191904 11.488920 1.526790
2.077178 11.591713 1.799678
1.880531 11.781021 2.266361
2.166043 11.495116 1.599071
1.880388 11.767416 2.251645
2.042515 11.603518 1.902024
2.079151 11.523849 1.820389
1.882777 11.709310 2.282835
1.879229 11.692005 2.262056
2.144361 11.412601 1.617736
2.035012 11.528705 1.919755
2.076523 11.455994 1.838899
1.880332 11.622944 2.274592
1.873526 11.628574 2.291475
2.048337 11.473576 1.946800
1.887378 11.560048 2.291096
1.880292 11.565950 2.311271
1.871468 11.478179 2.292299
1.883401 11.502600 2.329609
2.291722 12.314237 1.051358
2.311816 12.301190 1.021422
2.212981 12.353392 1.263419
2.243838 12.315565 1.194354
2.287543 12.215081 1.085966
2.307272 12.205083 1.058164
2.327191 12.186478 1.015035
2.312487 12.334421 1.011750
2.140542 12.367554 1.472103
2.213365 12.260439 1.291811
2.244921 12.224873 1.228075
2.278495 12.312822 1.106924
2.220141 12.355190 1.253068
2.279244 12.117394 1.119192
2.320761 12.091857 1.050282
2.298183 12.107162 1.093468
2.303561 12.230967 1.049367
2.091681 12.341534 1.609179
2.144974 12.279556 1.501629
2.176209 12.365879 1.387094
2.209233 12.164753 1.319149
2.245456 12.139132 1.260722
2.278403 12.221315 1.143962
2.281017 12.034250 1.150207
2.226955 12.266224 1.285316
2.290702 12.016973 1.126427
2.314627 12.000586 1.083147
2.346353 12.106842 0.990306
2.338192 12.121154 1.017206
2.085344 12.237493 1.627033
2.298068 12.135612 1.085370
2.138509 12.183003 1.527023
2.180381 12.277249 1.420302
2.212664 12.079335 1.347164
2.233827 12.043162 1.290487
2.266216 12.121366 1.179793
1.998541 12.291921 1.868037
2.095179 12.318679 1.620075
2.274675 11.945804 1.179476
2.215771 12.164436 1.314105
2.284936 11.930840 1.158581
2.301308 11.907822 1.115533
2.337751 12.013999 1.027353
2.322924 12.022786 1.054463
2.087093 12.147869 1.647678
2.286259 12.036242 1.119974
2.141397 12.102543 1.553957
2.168686 12.174954 1.447883
2.208357 11.989193 1.372205
2.237761 11.966452 1.321144
2.263209 12.034861 1.213435
2.002073 12.208147 1.889547
1.866292 12.313237 2.162042
2.034700 12.298228 1.794232
2.094342 12.222992 1.641942
2.268747 11.860660 1.208809
2.210345 12.071641 1.343228
2.286656 11.853189 1.189741
2.300315 11.828704 1.145983
2.330828 11.926138 1.063211
2.314203 11.933644 1.089974
2.093305 12.066473 1.669523
2.288537 11.957268 1.153117
2.141942 12.021210 1.578956
2.208468 11.909114 1.397666
2.168171 12.089123 1.477730
2.243020 12.266916 1.237122
2.243889 12.264392 1.236200
2.231302 11.881714 1.348874
2.001855 12.122787 1.907537
2.261944 11.951493 1.246653
1.867888 12.217196 2.169876
1.824036 12.296883 2.316150
1.866142 12.354670 2.164039
2.347972 12.117383 0.994984
2.030157 12.203671 1.813863
2.089389 12.128770 1.662422
2.272088 11.786193 1.237101
2.212867 11.989687 1.371790
2.281602 11.773702 1.219572
2.295261 11.749215 1.175814
2.100558 12.367061 1.580493
2.093587 11.981632 1.688731
2.324710 11.842149 1.097894
2.307199 11.848557 1.124676
2.277360 11.867306 1.184240
2.138428 11.939503 1.603338
2.334722 12.077966 1.028228
2.208956 11.829622 1.421899
2.165773 12.004777 1.506079
2.222961 11.798463 1.375107
2.231714 12.163543 1.272430
2.236660 12.165030 1.273027
2.005728 12.045072 1.927953
1.832586 12.221693 2.331885
2.255676 11.868491 1.278507
2.103577 12.323033 1.624628
1.872608 12.130452 2.179002
1.861615 12.316613 2.245858
1.869224 12.261120 2.175130
2.034642 12.122792 1.837034
2.333344 12.018585 1.036296
2.090228 12.042611 1.683616
2.265516 11.705142 1.263299
2.207247 11.903350 1.398220
2.274187 11.694256 1.247077
2.296789 11.678016 1.204282
2.108571 12.281655 1.610733
2.089274 11.896809 1.705729
2.300439 11.768651 1.156224
2.312198 11.756900 1.130020
2.276815 11.790566 1.215135
2.135212 11.861136 1.625336
2.319587 11.978652 1.068330
2.200391 11.745567 1.443634
2.162786 11.922674 1.532065
2.221299 11.724373 1.402035
2.229693 12.074479 1.307601
2.232388 12.072321 1.307412
1.999085 11.959377 1.943005
1.831010 12.134557 2.340508
2.253304 11.791398 1.308670
1.878325 12.049314 2.191072
1.857922 12.221224 2.255622
2.090446 12.211892 1.649224
1.868118 12.167244 2.183165
2.035089 12.040623 1.859977
2.096045 11.965199 1.707217
2.323092 11.927149 1.076743
2.259339 11.628304 1.289173
2.203343 11.821066 1.423844
2.270766 11.621587 1.274950
2.287109 11.599479 1.231521
2.093054 12.171463 1.632617
2.094884 11.822218 1.725733
2.318331 11.689314 1.161611
2.307105 11.700676 1.189411
2.128871 11.781663 1.647473
2.277100 11.716778 1.245243
2.312347 11.892021 1.107103
2.194880 11.669023 1.464985
2.158422 11.842583 1.557765
2.213295 11.647183 1.427176
2.223963 11.986539 1.340544
1.998332 11.882610 1.960830
1.835370 12.059051 2.353192
1.877926 12.345981 2.144821
2.228128 11.983253 1.342703
1.857451 12.136003 2.268733
2.247303 11.712671 1.337759
1.883506 11.968577 2.201550
1.874365 12.085711 2.196836
2.033175 11.958492 1.880596
2.087176 12.117373 1.676569
2.092231 11.880909 1.725436
2.266055 11.563781 1.315089
2.200722 11.744093 1.449124
2.310423 11.837596 1.114094
2.263211 11.546758 1.300537
2.098257 12.091919 1.661514
2.081868 11.734338 1.738620
2.302993 11.606303 1.191491
2.288168 11.615102 1.218598
2.120170 11.702230 1.667284
2.368256 11.781020 1.008916
2.268357 11.637507 1.273238
2.371269 11.773105 1.005308
1.921438 12.265023 2.098196
2.189339 11.593410 1.485955
2.303197 11.807798 1.143993
2.153974 11.765258 1.582312
2.204678 11.573153 1.449567
2.000660 11.812431 1.978657
1.841568 11.987541 2.367513
2.218122 11.902287 1.371948
1.876177 12.250896 2.157772
1.861983 12.058609 2.284636
2.225939 11.899733 1.375572
1.883205 11.886759 2.209837
2.239899 11.636874 1.366177
1.881484 12.009828 2.211010
2.028012 11.875304 1.898910
2.090709 11.802981 1.745733
2.097367 12.042035 1.707353
2.267822 11.497782 1.340410
2.193052 11.664779 1.471753
2.280737 11.493558 1.329440
2.302104 11.756317 1.150196
2.090598 11.669051 1.759917
2.101533 12.011153 1.687626
2.118653 11.632479 1.689002
2.290209 11.548077 1.249193
2.355139 11.697284 1.047251
2.265816 11.565951 1.301102
2.359037 11.690470 1.043625
2.191417 11.526215 1.508372
1.916262 12.165498 2.113673
2.149469 11.689782 1.606093
2.296144 11.728203 1.178844
2.209635 11.510077 1.476428
1.841302 11.912976 2.377604
1.990673 11.732995 1.990772
1.876693 12.163093 2.172415
2.212633 11.819544 1.401740
1.865546 11.982879 2.299406
2.230993 11.563136 1.391864
1.886543 11.810220 2.220109
2.216087 11.813277 1.407135
1.877538 11.922736 2.217322
2.026409 11.800149 1.918052
2.079558 11.718178 1.760647
2.188943 11.593499 1.495208
2.091695 11.953033 1.732509
2.306298 11.686788 1.187569
2.085241 11.592308 1.775543
2.094389 11.923281 1.710435
2.113002 11.560566 1.708434
2.295234 11.486769 1.277732
2.265878 11.499541 1.328139
2.353115 11.624588 1.085281
2.352476 11.615945 1.080210
2.137710 11.611028 1.627722
1.837336 11.834991 2.384948
2.299752 11.660906 1.213850
1.996682 11.670810 2.011874
1.913352 12.073256 2.130843
1.879430 12.079865 2.187465
2.207539 11.741014 1.431207
1.869149 11.909863 2.315468
2.244563 11.505891 1.421694
1.892199 11.739120 2.232846
1.878233 11.846517 2.228558
2.018342 11.721944 1.932964
2.206533 11.730166 1.436315
2.087877 11.653241 1.782797
2.193349 11.527197 1.519575
2.084547 11.865176 1.755321
2.122744 11.504505 1.733583
2.084791 11.522516 1.791902
2.292467 11.605366 1.221098
2.097569 11.849836 1.735915
2.339300 11.546784 1.119714
2.140360 11.546162 1.653028
1.998078 11.605019 2.029864
2.285388 11.579883 1.245784
1.914000 11.989053 2.148842
1.882659 12.001718 2.204248
1.865330 11.830909 2.325647
2.199702 11.661952 1.459580
1.890433 11.662082 2.239701
1.883506 11.774841 2.242530
2.021306 11.655885 1.955362
2.203660 11.656215 1.466187
2.075265 11.573213 1.796273
2.080578 11.784783 1.780192
2.098385 11.422077 1.744744
2.072071 11.446176 1.803837
2.290617 11.536078 1.254301
2.089850 11.767841 1.757265
2.346898 11.486263 1.155092
1.991210 11.534895 2.043276
2.133425 11.477124 1.674237
2.282597 11.511337 1.278237
1.881702 11.923242 2.217973
1.912889 11.906286 2.167785
1.862412 11.756687 2.336713
2.194441 11.588956 1.486741
1.885984 11.704462 2.254637
1.902552 11.602219 2.258100
2.015022 11.583524 1.971145
2.079464 11.509746 1.817042
2.193939 11.578640 1.493063
2.073361 11.703332 1.802758
2.296265 11.475256 1.286506
2.080657 11.686989 1.776271
1.973321 11.456278 2.050111
1.878409 11.843887 2.229760
1.863230 11.688612 2.351820
1.910756 11.827019 2.184826
2.194115 11.521997 1.515021
1.886128 11.633202 2.264806
1.882360 11.514370 2.253396
2.017900 11.520236 1.992395
2.064940 11.432130 1.828637
2.195464 11.511130 1.522461
2.082346 11.619247 1.799932
2.069252 11.627555 1.825710
1.883410 11.776133 2.247933
1.867689 11.625811 2.368913
1.912288 11.752116 2.204236
1.878441 11.556352 2.269937
1.996913 11.439582 1.999756
1.885707 11.449659 2.266011
2.076276 11.547701 1.820228
2.065539 11.555985 1.848336
1.880554 11.703699 2.260684
1.861508 11.555084 2.378196
1.876743 11.489285 2.279897
1.903756 11.671602 2.218724
2.086948 11.490924 1.846145
2.072256 11.495160 1.875177
1.884530 11.639447 2.276957
1.911221 11.608333 2.242197
1.871483 11.561460 2.282347
1.909916 11.540205 2.259881
1.872278 11.497945 2.297991
1.892499 11.458530 2.267049
1.873972 11.439157 2.314524
2.322625 12.271733 0.994212
2.332069 12.223193 0.956427
2.312797 12.265709 1.028697
2.332327 12.277733 0.951430
2.256807 12.314583 1.168539
2.346329 12.270681 0.946685
2.241493 12.311996 1.221432
2.263536 12.316977 1.155322
2.276246 12.307701 1.137963
2.312950 12.173441 1.028432
2.295065 12.293096 1.044413
2.335979 12.142173 0.992038
2.298687 12.166505 1.063614
2.268216 12.319327 1.124704
2.248104 12.217089 1.196987
2.331411 12.189770 0.988898
2.347257 12.294054 0.946756
2.335644 12.173423 0.985895
2.238842 12.222478 1.252864
2.278797 12.322451 1.095298
2.149967 12.312665 1.475698
2.255917 12.219632 1.186561
2.309462 12.086469 1.060773
2.261662 12.206138 1.172469
2.287514 12.196934 1.083429
2.329892 12.054642 1.025770
2.302006 12.087711 1.096846
2.152941 12.369791 1.450854
2.262690 12.225024 1.160344
2.249797 12.132156 1.226149
2.322315 12.096568 1.024791
2.168525 12.312551 1.458370
2.336890 12.110052 0.974067
2.352345 12.062272 0.965806
2.334600 12.193108 0.990131
2.186282 12.300807 1.369025
2.328479 12.083294 1.023748
2.232515 12.132266 1.282896
2.155624 12.299683 1.487237
2.274378 12.227382 1.134120
2.148087 12.219441 1.498438
2.230201 12.301646 1.281740
2.253750 12.132487 1.218403
2.301931 11.998242 1.092955
2.263220 12.124249 1.206183
2.163229 12.356826 1.444504
2.285230 12.111914 1.120216
2.289029 11.995680 1.128114
2.317440 11.963143 1.058235
2.157800 12.285032 1.480219
2.259283 12.135311 1.193865
2.245055 12.045996 1.252865
2.314049 12.007219 1.059459
2.156048 12.212570 1.483768
2.345985 11.976910 1.002040
2.334210 12.025393 1.011698
2.316673 11.994124 1.059068
2.168194 12.194597 1.397976
2.319510 12.094037 1.030429
2.236146 12.056793 1.313708
2.353327 12.000114 0.976890
2.147401 12.201562 1.509105
2.152164 12.137858 1.522587
2.268950 12.135811 1.171019
2.357835 12.039822 0.962382
2.219148 12.200835 1.315201
2.250965 12.048482 1.247473
2.298288 11.917701 1.122541
2.259815 12.040926 1.239391
2.128983 12.141192 1.584694
2.167333 12.271864 1.475961
1.966387 12.317192 1.981477
2.278398 12.024195 1.156040
1.984972 12.283525 1.932270
2.289136 11.919479 1.159965
2.309405 11.879862 1.089299
2.145211 12.183256 1.503961
2.256293 12.050719 1.226618
2.249882 11.968556 1.281516
2.310201 11.926088 1.092727
2.158221 12.130934 1.512950
2.041615 12.295976 1.780068
2.016439 12.286008 1.859764
2.338640 11.894127 1.036744
2.322017 11.936586 1.047866
2.311515 11.913172 1.092837
2.184183 12.127451 1.432167
2.363824 11.905580 0.970557
2.228767 11.971920 1.341029
2.308470 12.002629 1.070566
2.349753 11.920753 1.014254
2.145159 12.114171 1.532775
2.080314 12.306899 1.701476
2.145573 12.048348 1.541613
2.263410 12.048829 1.205951
2.347758 11.953139 1.003343
2.248666 11.966853 1.276952
2.218077 12.113854 1.349831
2.298212 11.842453 1.151555
2.127663 12.060363 1.608403
2.253999 11.958560 1.269916
2.153966 12.170800 1.501402
1.964139 12.222873 1.991557
1.991505 12.208918 1.952282
2.287752 11.844411 1.189480
2.311237 11.808600 1.119881
2.278697 11.947053 1.190725
1.964189 12.316727 1.981820
2.149524 12.105282 1.531421
2.251397 11.968529 1.257492
1.965084 12.269985 1.997036
2.242317 11.884635 1.306001
2.302654 11.845176 1.124205
2.157061 12.050074 1.539099
2.022285 12.208450 1.883044
2.041595 12.209504 1.803198
2.329413 11.812834 1.069963
2.307188 11.836068 1.125381
2.316057 11.857266 1.082940
2.181414 12.043463 1.461237
2.225438 11.894700 1.368194
2.348068 11.817883 1.006979
2.306192 11.924011 1.107038
2.150184 12.038239 1.557355
2.334872 11.835060 1.050242
2.147748 11.969181 1.563879
2.075374 12.210774 1.725197
2.263713 11.971686 1.240638
2.340190 11.870690 1.041338
2.243955 11.886179 1.303747
2.129081 11.987361 1.632456
2.293563 11.765417 1.179215
2.249933 11.880220 1.299564
2.210065 12.024202 1.381210
2.372595 11.828511 0.971433
1.972149 12.144145 2.006904
2.154811 12.090262 1.530692
1.996733 12.134500 1.972791
2.283612 11.768824 1.217946
2.295827 11.724844 1.147757
1.965532 12.230701 1.998327
2.279320 11.872312 1.223379
2.150575 12.025342 1.557025
1.963943 12.181281 2.009990
2.249171 11.890541 1.287839
2.236112 11.805094 1.330461
1.976164 12.281992 1.987681
2.304077 11.775191 1.155243
2.151306 11.968341 1.563501
2.023972 12.127836 1.904512
2.045282 12.129213 1.827804
2.326834 11.739754 1.101631
2.305555 11.762253 1.157790
2.225674 11.822771 1.394789
2.311342 11.780526 1.116331
2.176785 11.960050 1.489212
2.346177 11.745303 1.042286
2.148338 11.956892 1.579862
2.296262 11.840689 1.143135
2.328478 11.757939 1.085375
1.866462 12.291025 2.243060
2.153946 11.898577 1.585598
2.079245 12.129539 1.752636
1.908783 12.321137 2.171070
1.847955 12.280462 2.328419
2.254409 11.887683 1.272598
2.125834 11.909858 1.653892
2.373399 11.748938 0.980295
2.243340 11.811331 1.331170
2.290664 11.692405 1.206000
2.321315 11.781914 1.077956
2.249964 11.807705 1.329841
1.987932 12.047463 1.985061
2.206103 11.942206 1.412432
1.967698 12.055311 2.017215
2.364154 11.750444 1.009551
2.151888 12.006316 1.557320
2.301573 11.660358 1.176131
2.280326 11.696168 1.245581
1.970100 12.148497 2.015898
2.268635 11.791241 1.254658
1.966990 12.101115 2.024834
2.147950 11.944707 1.581231
2.234369 11.731935 1.354306
2.245063 11.814041 1.316700
1.972085 12.191254 2.003665
2.297732 11.698699 1.184251
2.151049 11.894970 1.589294
2.020533 12.045817 1.923036
2.321108 11.666510 1.133099
2.050329 12.053301 1.852385
2.215889 11.745251 1.419114
2.300199 11.689568 1.188018
2.304767 11.704359 1.148630
2.175816 11.884645 1.517880
2.331162 11.665127 1.075912
2.145528 11.877210 1.601231
2.317465 11.680860 1.118370
2.297509 11.769207 1.178247
2.140464 11.810966 1.601844
1.874768 12.214080 2.262507
1.852811 12.202485 2.343180
2.072448 12.040377 1.774952
1.903613 12.224801 2.184180
2.254580 11.816051 1.304924
2.123049 11.835641 1.675346
2.239050 11.735785 1.357195
2.281376 11.616338 1.231126
2.370341 11.677432 1.018148
2.311775 11.704626 1.112891
1.986586 11.970942 2.001075
2.239443 11.729065 1.356649
1.968237 11.973392 2.028109
2.348015 11.669502 1.046511
2.200306 11.859871 1.442952
2.149381 11.927485 1.583181
2.296399 11.589189 1.202280
2.269363 11.619721 1.272449
1.963559 12.060550 2.028410
2.262413 11.716554 1.285323
1.963023 12.014648 2.035557
2.230742 11.660260 1.376668
2.146684 11.868449 1.605410
1.970261 12.105986 2.019579
2.234613 11.732660 1.344687
2.143390 11.815652 1.611815
2.292746 11.626585 1.213233
2.015208 11.965283 1.940073
2.315707 11.595664 1.162538
2.206450 11.669216 1.441802
2.042360 11.967662 1.870339
2.290294 11.614182 1.217283
2.302634 11.635488 1.179923
2.165580 11.803851 1.542188
2.137200 11.796476 1.620505
2.333188 11.599325 1.109011
2.145313 11.742391 1.623272
2.318597 11.613968 1.151513
1.875117 12.131563 2.277095
2.288343 11.692484 1.211943
1.852951 12.121828 2.354543
2.119804 11.764525 1.696473
1.900834 12.134820 2.199271
2.074024 11.961907 1.801362
2.242452 11.734283 1.334658
2.231056 11.660453 1.381434
2.283839 11.550803 1.257255
1.988527 11.901859 2.019027
2.359972 11.602689 1.053997
2.232992 11.657156 1.383698
2.312125 11.638436 1.147740
1.974527 11.902512 2.044102
2.270471 11.556193 1.298296
2.151474 11.855918 1.610479
2.343441 11.600039 1.081641
2.191149 11.779224 1.470052
1.966262 11.985295 2.044581
1.966093 11.939960 2.050484
2.254329 11.642436 1.314900
2.228014 11.589684 1.398987
2.144428 11.794765 1.628065
1.968987 12.026716 2.036777
2.232186 11.662932 1.371498
2.143043 11.745956 1.636036
2.289899 11.558132 1.240497
2.013609 11.890012 1.958985
2.209796 11.605692 1.467499
2.289770 11.548445 1.245658
2.040970 11.890532 1.892475
2.299534 11.568274 1.210085
2.139427 11.728256 1.642940
2.163991 11.731591 1.568087
2.142317 11.670047 1.641499
2.318763 11.548732 1.183526
1.876456 12.052874 2.292895
1.854587 12.046442 2.367923
2.278630 11.616162 1.244044
2.110974 11.688741 1.714632
1.988101 11.831907 2.035079
2.226630 11.590416 1.405101
2.288053 11.489292 1.282509
1.908454 12.061322 2.221673
2.073187 11.884398 1.825086
2.240239 11.662708 1.364690
2.227810 11.586916 1.409457
2.309214 11.570285 1.180731
1.977943 11.829317 2.057387
2.144301 11.778969 1.633415
2.281587 11.499195 1.326013
1.964781 11.907906 2.058546
2.336114 11.530063 1.115721
2.189333 11.707297 1.499237
1.967809 11.867293 2.065122
2.235729 11.529825 1.422805
2.252917 11.575616 1.343316
2.133873 11.714049 1.647490
1.966773 11.948202 2.053227
2.231581 11.594491 1.398608
2.134856 11.672502 1.657049
2.005822 11.812275 1.972553
2.298806 11.500217 1.268758
2.211261 11.543653 1.491710
2.298288 11.490887 1.274768
2.032106 11.810204 1.910161
2.135126 11.656098 1.661665
2.300464 11.503257 1.240002
2.159233 11.660086 1.593392
2.136565 11.597188 1.658674
2.293985 11.468123 1.211677
1.853856 11.970182 2.379406
1.880214 11.979623 2.311066
2.280598 11.553119 1.275968
2.112311 11.625819 1.736798
1.986734 11.762703 2.050388
2.229957 11.527819 1.430401
2.229748 11.589550 1.391584
2.226699 11.523407 1.435454
2.058047 11.796432 1.843078
1.903497 11.975921 2.237384
1.973907 11.752005 2.066616
2.314814 11.509780 1.213263
2.249012 11.415442 1.344835
1.956885 11.828374 2.070460
2.140352 11.705837 1.657415
2.183311 11.634142 1.525827
1.963937 11.789949 2.076794
2.136200 11.648561 1.671183
2.253808 11.512433 1.372450
1.965918 11.874064 2.069653
2.231415 11.530245 1.425346
2.013591 11.751508 1.996772
2.134978 11.606107 1.681284
2.270970 11.418233 1.291373
2.031984 11.741120 1.930698
2.134968 11.587933 1.681804
2.283691 11.428848 1.266888
2.152982 11.589709 1.616363
2.135324 11.528880 1.676022
1.882476 11.907500 2.326905
2.105714 11.556422 1.754495
1.988175 11.698578 2.067220
2.288894 11.495893 1.308368
2.208689 11.448885 1.457113
2.239751 11.531794 1.422635
1.978410 11.685349 2.082380
2.062805 11.730007 1.869453
1.904543 11.900321 2.255292
2.290157 11.430982 1.243070
1.967118 11.767284 2.091238
2.132195 11.631478 1.678821
1.973110 11.727799 2.095174
2.179592 11.564627 1.553133
2.130180 11.577863 1.690864
1.968907 11.806985 2.089605
2.223243 11.429012 1.394413
2.012872 11.684644 2.014933
2.127209 11.537773 1.701531
2.185818 11.402279 1.531975
2.030025 11.671694 1.950536
2.134351 11.522871 1.701614
2.148827 11.475226 1.698730
2.154117 11.526214 1.642209
2.118923 11.505836 1.779318
1.881060 11.834681 2.341346
1.985066 11.631752 2.083091
2.256308 11.410618 1.333709
1.974424 11.612597 2.092085
2.055466 11.654039 1.889553
1.968496 11.699538 2.107200
1.905686 11.827446 2.274462
2.128641 11.564383 1.701662
1.966022 11.653042 2.105469
1.970426 11.740120 2.107617
2.132443 11.515135 1.713377
2.190480 11.508884 1.583749
2.007970 11.615638 2.030891
2.117074 11.468566 1.719880
2.103788 11.437985 1.710070
2.027631 11.604459 1.970438
2.121897 11.392883 1.707792
2.140534 11.453532 1.662779
2.093010 11.426382 1.789995
1.986051 11.570738 2.099593
1.882063 11.767296 2.358161
1.975594 11.546723 2.104817
1.964770 11.629473 2.120611
2.049462 11.583357 1.909236
2.130102 11.503279 1.725482
1.905473 11.756586 2.293346
1.966802 11.587518 2.119053
1.968657 11.672202 2.123382
2.113062 11.439625 1.727760
2.159626 11.424623 1.601226
2.004473 11.549177 2.047610
2.111588 11.404794 1.740450
2.116494 11.385968 1.734083
2.025723 11.539592 1.990752
1.994057 11.516039 2.120213
2.136107 11.390822 1.685746
1.868871 11.687333 2.364297
1.965147 11.473670 2.111685
1.968522 11.568994 2.138160
2.110358 11.427215 1.741108
1.954007 11.512661 2.124420
2.056991 11.523859 1.936347
1.897138 11.680192 2.304929
1.963208 11.603586 2.137752
2.115236 11.380567 1.748701
1.982295 11.471056 2.053564
2.006999 11.462505 2.001390
1.965158 11.434918 2.119628
1.871765 11.624861 2.382285
1.969659 11.413414 2.127138
1.955847 11.495940 2.145184
1.958635 11.454200 2.141531
1.955368 11.535009 2.149833
2.037120 11.446922 1.949927
1.901257 11.618755 2.327754
1.992377 11.420319 2.078191
2.007350 11.403108 2.021636
1.952655 11.432799 2.159483
1.947092 11.468623 2.161978
1.900545 11.552845 2.345522
1.950001 11.411613 2.180047
2.317775 12.247786 1.032190
2.296372 12.193537 1.071452
2.204678 12.306051 1.329500
2.307040 12.155810 1.071196
2.299641 12.236318 1.063527
2.183634 12.266385 1.392213
2.349556 12.149366 0.957125
2.297655 12.114531 1.109270
2.202939 12.322898 1.339773
2.213276 12.229976 1.363525
2.271734 12.222244 1.160556
2.326566 12.240966 1.006029
2.300183 12.070604 1.107920
2.301672 12.157495 1.099240
2.378165 11.976445 0.950221
2.342416 12.277688 0.955745
2.174927 12.175002 1.422461
2.292821 12.230343 1.096540
2.348992 12.269555 0.953971
2.342862 12.065059 0.995890
2.289878 12.029149 1.145648
2.143987 12.271229 1.472791
2.204554 12.239539 1.370148
2.362013 12.044250 0.963993
2.031457 12.324729 1.800177
2.209545 12.145522 1.394284
2.263296 12.134486 1.194091
2.315671 12.148998 1.042576
2.013577 12.321500 1.844087
2.295031 11.990334 1.143325
2.347455 12.113691 0.981358
2.358420 12.098238 0.959938
2.244933 12.231513 1.245155
2.295562 12.072483 1.133855
2.291986 12.239718 1.082097
2.367505 11.894517 0.989704
2.331794 12.183544 0.989792
2.292359 12.148803 1.128718
2.365655 11.888703 0.988974
2.182552 12.100586 1.455336
2.339741 12.178869 0.988355
2.288864 12.229366 1.113395
2.328835 11.978386 1.032299
2.202175 12.247676 1.377937
2.284698 11.949796 1.180650
2.198746 12.151098 1.396923
2.149138 12.193165 1.502536
2.350724 11.959044 1.001034
2.367094 11.939174 0.961559
2.032560 12.239579 1.824012
2.203923 12.062538 1.423549
2.266162 12.058598 1.228941
2.310436 12.065989 1.076729
2.014035 12.239451 1.865124
2.114906 12.270123 1.551317
2.295210 11.917550 1.177986
2.340977 12.029044 1.016818
2.243515 12.150696 1.276587
2.352395 12.016864 0.995393
1.997703 12.318122 1.876534
2.288810 11.990585 1.165669
2.289360 12.156343 1.115234
2.215638 12.244066 1.320117
2.329179 12.100175 1.022925
2.283318 12.063241 1.159844
2.352218 11.812588 1.027059
2.354353 11.809883 1.025653
2.334930 12.094578 1.022052
2.199989 12.257526 1.369738
2.180143 12.021423 1.485622
2.281039 12.140893 1.142769
2.011684 12.276844 1.860424
2.326859 11.903766 1.067921
2.185793 12.148477 1.400883
2.195662 12.070484 1.423968
2.151124 12.115822 1.531697
2.281762 11.875905 1.215529
2.342394 11.880410 1.035449
2.366526 11.867105 0.997921
2.200932 11.984659 1.451843
2.260274 11.978694 1.260299
2.036593 12.161331 1.850967
2.303792 11.986795 1.109788
2.014953 12.160676 1.886156
2.122715 12.196234 1.580494
2.278519 11.833637 1.208467
1.850577 12.326437 2.285196
2.335676 11.948775 1.049774
2.236614 12.067865 1.306358
2.346326 11.937311 1.030050
2.001945 12.239509 1.900194
2.283386 11.913962 1.197025
2.007890 12.307158 1.854559
2.284822 12.075328 1.146487
1.854349 12.301975 2.276119
2.088610 12.281010 1.624825
2.217677 12.165801 1.349688
2.321947 12.016805 1.053952
2.283655 11.986455 1.190374
2.341735 11.737597 1.062495
2.321517 12.007176 1.054317
2.345711 11.735262 1.061777
2.279444 12.061005 1.171363
2.195360 12.167994 1.393965
2.010048 12.191717 1.877090
2.174504 11.939359 1.514497
2.312147 11.822031 1.100739
2.198057 12.080997 1.429385
1.973460 12.309329 1.954650
2.197583 11.995893 1.451939
2.000281 12.337006 1.832983
2.151250 12.039031 1.559780
2.330925 11.801593 1.069695
2.278273 11.802394 1.248824
2.348345 11.783722 1.032210
2.185588 11.899315 1.476480
2.253419 11.900440 1.290521
2.033563 12.078552 1.873083
2.007916 12.076279 1.902402
2.302953 11.912005 1.142468
2.121263 12.116893 1.605389
1.849924 12.244775 2.297305
2.323580 11.866683 1.081575
2.280388 11.766694 1.241421
2.235100 11.990706 1.336196
2.332062 11.853391 1.062815
2.012711 12.228760 1.873674
2.002004 12.158727 1.921688
2.278830 11.839360 1.227927
2.278806 11.994519 1.175803
2.097083 12.210047 1.650701
2.212387 12.085167 1.376902
2.313742 11.935086 1.083830
1.858619 12.222115 2.294441
2.278445 11.909489 1.218433
2.339730 11.670285 1.097369
1.845195 12.297905 2.296597
2.316967 11.927108 1.085172
2.193808 12.086853 1.417212
2.341479 11.667938 1.096813
2.277824 11.982040 1.199553
2.369176 11.644411 1.040497
2.008069 12.111502 1.895046
2.170130 11.864402 1.542101
2.309123 11.751800 1.134023
1.979767 12.236190 1.975746
2.194783 12.001314 1.453590
2.185336 11.912558 1.475951
2.014168 12.264992 1.853535
2.145351 11.959701 1.585000
2.328263 11.731918 1.101726
2.271969 11.730163 1.280282
2.348569 11.716412 1.066919
2.183868 11.828556 1.503513
2.249750 11.826931 1.321364
2.028643 11.997241 1.893705
2.288955 11.831370 1.172776
2.009778 12.003162 1.923823
1.947851 12.314909 2.026014
2.123477 12.044661 1.631301
1.857783 12.174747 2.315441
2.319519 11.794450 1.112867
2.276764 11.697749 1.272708
2.233478 11.917202 1.364429
2.009603 12.143828 1.888392
2.326724 11.780424 1.095013
2.004305 12.083417 1.943058
2.279574 11.921924 1.205918
2.275528 11.766418 1.257517
2.098667 12.134537 1.674171
2.209270 12.006380 1.403149
2.309974 11.859765 1.113024
2.275051 11.833815 1.246777
1.860641 12.143168 2.312521
2.315490 11.855426 1.115047
1.849602 12.220434 2.310414
2.196336 12.011555 1.441026
2.333124 11.602065 1.130518
2.277909 11.908010 1.226426
2.011092 12.037309 1.913912
2.338500 11.602271 1.130538
2.356365 11.573079 1.074485
1.976359 12.154329 1.992558
2.192856 11.926010 1.477729
2.310536 11.687956 1.166620
2.164277 11.789643 1.567762
2.015611 12.182792 1.869171
2.188911 11.844728 1.501798
2.140772 11.885658 1.609752
2.323349 11.663155 1.133516
2.343659 11.647651 1.098709
2.261093 11.656117 1.310415
2.182125 11.758718 1.530142
2.240948 11.751977 1.349287
1.842799 12.263223 2.306088
2.011534 11.933698 1.943637
1.952557 12.240147 2.043519
2.291579 11.764621 1.203621
2.029408 11.923388 1.918477
2.126532 11.975352 1.656352
1.856231 12.098377 2.327241
2.315762 11.724602 1.142102
2.221847 11.838048 1.390472
2.008764 12.063460 1.903388
2.271303 11.628448 1.303302
2.326237 11.712581 1.126076
2.267601 11.842216 1.233210
1.999690 12.004477 1.961621
2.095119 12.057580 1.694720
2.269918 11.696206 1.286065
1.843476 12.316816 2.293519
2.206551 11.932697 1.428585
2.303449 11.783905 1.141180
2.272976 11.763427 1.274654
1.853013 12.145525 2.322681
2.309471 11.781017 1.143999
2.194680 11.934085 1.462664
1.860774 12.065690 2.329107
2.268906 11.828513 1.251453
2.011332 11.963488 1.931341
2.334639 11.540963 1.164358
2.361541 11.513629 1.109300
1.970195 12.071932 2.008333
2.188559 11.849812 1.499981
2.305058 11.619566 1.196811
2.009126 12.094059 1.880408
2.159799 11.718350 1.593756
2.181999 11.768893 1.525063
2.137089 11.812722 1.634443
2.319688 11.596047 1.163994
2.335604 11.578707 1.130313
2.255963 11.588284 1.339354
2.179916 11.691976 1.556416
2.233493 11.681396 1.377143
1.945176 12.155755 2.054855
1.849332 12.189410 2.318134
2.008185 11.861877 1.960933
2.286898 11.694592 1.232509
2.121271 11.899866 1.677857
2.021626 11.845196 1.936455
2.318311 11.660600 1.171741
2.222439 11.770935 1.418178
2.011206 11.990555 1.920251
2.327868 11.648397 1.155371
2.270075 11.774565 1.262004
2.268467 11.564255 1.332921
2.098919 11.988464 1.717664
1.988517 11.922460 1.976124
2.265563 11.627651 1.313300
2.199262 11.857199 1.452696
1.849319 12.236110 2.302279
2.308969 11.720099 1.168554
2.267609 11.691959 1.300299
1.855988 12.072805 2.334995
2.309196 11.712827 1.171759
2.187121 11.855882 1.483083
2.273404 11.761797 1.277237
2.007867 11.889855 1.946988
1.864779 11.994389 2.349554
2.304476 11.461615 1.193799
1.975577 12.005005 2.028717
2.183823 11.775804 1.522278
2.010974 12.016982 1.895228
2.307730 11.557388 1.228094
2.178725 11.701068 1.548943
2.152121 11.648694 1.618762
2.131513 11.741251 1.657641
2.337840 11.518712 1.161645
1.945770 12.082462 2.071025
2.174415 11.624154 1.580459
2.262165 11.531385 1.370009
1.853523 12.113792 2.328694
2.233237 11.617754 1.405346
2.005321 11.792428 1.978618
2.281750 11.627660 1.261042
2.114680 11.825477 1.699464
2.016288 11.771548 1.957156
2.314505 11.592593 1.200168
2.216620 11.701637 1.443870
2.005334 11.911475 1.933567
2.090722 11.912435 1.735683
2.315984 11.577817 1.183545
2.266497 11.705279 1.287533
2.272325 11.505545 1.362093
1.998334 11.861352 2.001968
2.189574 11.781715 1.474519
2.264395 11.563836 1.341157
1.852381 12.155778 2.309602
2.303230 11.648997 1.195045
2.260882 11.622496 1.325646
2.303014 11.643900 1.198299
2.190920 11.787717 1.505623
2.267894 11.689431 1.300831
2.009580 11.822227 1.965992
1.973030 11.931545 2.044704
2.178980 11.705445 1.542969
2.015625 11.945004 1.911523
2.287228 11.483712 1.254821
2.174922 11.632713 1.571625
2.129098 11.675427 1.681060
2.150808 11.583060 1.644972
1.943938 12.010095 2.084507
2.313333 11.442849 1.188646
2.170289 11.559793 1.604835
2.239303 11.455900 1.395253
2.230223 11.553570 1.432512
2.005286 11.727163 1.998176
2.283323 11.565305 1.289529
2.111220 11.757648 1.720892
2.205667 11.630893 1.466641
2.315551 11.529706 1.227459
2.091713 11.844611 1.756786
2.011063 11.846040 1.952293
2.019193 11.706822 1.980192
2.263401 11.638366 1.313453
2.319351 11.517658 1.211919
2.244834 11.430054 1.385214
2.194097 11.719534 1.500741
1.993153 11.789175 2.018565
2.273519 11.508965 1.368743
1.856433 12.079270 2.318110
2.299222 11.581912 1.220620
2.263554 11.560888 1.350778
2.299007 11.576816 1.223873
2.187418 11.716274 1.526204
2.259183 11.618701 1.323438
2.004201 11.750981 1.979741
1.971444 11.862816 2.061475
2.175539 11.637642 1.564394
2.015681 11.872122 1.926091
2.168305 11.565638 1.592468
2.279778 11.419535 1.282308
1.945469 11.942454 2.101059
2.121634 11.605431 1.702760
2.154497 11.523436 1.672091
2.171579 11.500176 1.629669
2.002468 11.662268 2.016297
2.210277 11.480099 1.454684
2.235442 11.395184 1.422915
2.282081 11.504225 1.316178
2.105446 11.687103 1.741233
2.205210 11.568175 1.491988
2.087214 11.774786 1.776219
2.281775 11.448375 1.250165
2.007916 11.774799 1.965877
2.261143 11.574373 1.338511
2.295562 11.442895 1.236410
2.016580 11.641007 2.001159
2.189328 11.652809 1.522269
1.991309 11.722631 2.037830
2.244101 11.430389 1.389924
1.862544 12.007664 2.330194
2.308267 11.524328 1.246958
2.262162 11.498911 1.375379
2.304040 11.517035 1.250485
2.178783 11.643386 1.543864
2.264980 11.558197 1.348348
2.004920 11.685920 1.997190
1.969450 11.795363 2.078692
2.172075 11.570759 1.585416
2.016220 11.801611 1.941050
2.176879 11.510215 1.618852
1.940857 11.870470 2.113100
2.117331 11.541080 1.724681
2.132010 11.448167 1.690331
2.152695 11.428372 1.648085
2.001439 11.599566 2.034301
2.204810 11.417756 1.478757
2.251752 11.425464 1.337009
2.105685 11.625472 1.764074
2.088607 11.712070 1.796508
2.213407 11.513111 1.519224
2.003853 11.703387 1.979112
2.277019 11.523156 1.366451
2.180017 11.583359 1.542873
2.012665 11.575375 2.022627
1.990868 11.658640 2.057829
1.860553 11.929543 2.335432
2.289653 11.450688 1.268615
2.241161 11.424370 1.395154
2.285040 11.443752 1.272993
2.174256 11.575421 1.562491
2.270190 11.498980 1.371258
2.003895 11.623214 2.015193
1.968324 11.729922 2.095449
2.171236 11.508982 1.605464
2.019441 11.734390 1.955836
1.946593 11.810477 2.131860
2.152772 11.434237 1.633102
2.105188 11.472917 1.743449
1.986422 11.528703 2.044648
2.128342 11.387095 1.714687
2.148441 11.368584 1.670445
2.098858 11.559313 1.782060
2.079845 11.642813 1.812559
2.007765 11.643059 1.997182
2.189101 11.437474 1.536767
2.237838 11.437662 1.382535
2.189492 11.529027 1.569198
2.019396 11.518651 2.048716
1.991830 11.597197 2.078562
1.864780 11.859413 2.346018
2.180731 11.516930 1.584491
2.235915 11.416780 1.387011
1.986831 11.547462 2.021956
1.970562 11.669204 2.115275
2.157655 11.440102 1.622688
1.947226 11.748128 2.148100
2.016253 11.664988 1.968608
2.148909 11.374091 1.654608
2.104583 11.414757 1.766782
1.990521 11.473822 2.065203
2.082887 11.489513 1.797399
2.074804 11.578833 1.830429
2.016376 11.586366 2.018215
2.166318 11.453223 1.583782
1.992356 11.537934 2.099341
1.871424 11.794734 2.358928
1.992973 11.439614 2.056132
2.161064 11.441876 1.598005
1.990813 11.490775 2.040864
1.968055 11.606682 2.131329
1.946409 11.685063 2.162797
2.158224 11.380884 1.643467
2.016816 11.599952 1.983599
1.985327 11.414406 2.081066
2.088078 11.435726 1.820343
2.091458 11.531406 1.857101
1.994601 11.507899 2.021602
1.871541 11.726068 2.368178
1.969385 11.461454 2.104880
1.993999 11.435715 2.061069
1.968406 11.547430 2.149657
1.946582 11.625814 2.178679
2.008476 11.530025 1.993045
2.058089 11.450541 1.860899
1.994257 11.448143 2.036286
1.975986 11.409284 2.128955
1.948090 11.475129 2.154622
1.950531 11.570017 2.197181
2.003499 11.464819 2.005559
1.999145 11.392559 2.055129
1.952674 11.422604 2.175559
2.002125 11.403083 2.018247
1.932491 11.443039 2.215848
2.054777 11.393994 1.852033
1.927544 11.451002 2.197902
1.933760 11.489166 2.307357
2.338208 12.264400 0.974043
2.248245 12.354721 1.226869
2.264119 12.317855 1.177767
2.360093 12.196345 0.952454
2.338933 12.183969 1.013795
2.323270 12.292648 1.001786
2.247215 12.271741 1.261000
2.260104 12.231011 1.213320
2.321299 12.256914 1.012255
2.348324 12.108660 0.991871
2.240058 12.359694 1.240355
2.230014 12.334649 1.263843
2.322950 12.094970 1.050656
2.318984 12.207968 1.039833
2.252394 12.195588 1.295118
2.258655 12.149316 1.247897
2.320429 12.174849 1.048420
2.242835 12.278966 1.271749
2.333720 12.022234 1.029464
2.037093 12.316933 1.723484
2.124036 12.263329 1.570382
2.298212 12.302294 1.087908
2.233780 12.256837 1.296825
2.125216 12.279353 1.617151
2.237905 12.362709 1.256222
2.321566 12.020557 1.086928
2.350153 12.221241 0.965526
2.316520 12.252477 1.051191
2.314890 12.127505 1.075030
2.095379 12.359492 1.621138
2.371761 12.065559 0.961050
2.237661 12.103386 1.324475
2.366093 12.059289 0.962249
2.251650 12.067389 1.280028
2.308214 12.089014 1.082145
2.201548 12.341328 1.346108
2.251474 12.204507 1.304382
2.329233 11.946698 1.065961
2.037624 12.351914 1.720188
2.041478 12.241735 1.747431
2.307319 12.327434 1.043296
2.378923 11.913527 0.979031
2.348235 12.295348 0.964842
2.327114 12.303138 1.000149
2.292637 12.217444 1.120720
2.126159 12.184801 1.599385
2.379340 11.895291 0.964485
2.225294 12.170523 1.326572
2.121641 12.195145 1.641216
2.237366 12.277226 1.284544
2.123090 12.302866 1.612722
2.352032 12.131535 0.983779
2.340783 12.134151 1.001064
2.315171 11.941918 1.121494
2.305627 12.161925 1.083948
2.304973 12.044431 1.109829
1.881419 12.355926 2.135818
2.096861 12.278596 1.647301
2.362303 11.984862 0.996242
2.238970 12.031044 1.355229
2.356288 11.978035 0.998691
2.272269 12.314756 1.163071
1.968572 12.302049 1.997033
2.249547 11.992448 1.312659
2.210069 12.269589 1.377545
2.311558 12.017047 1.116020
2.236521 12.113226 1.330890
2.035021 12.266651 1.739251
2.308311 12.245414 1.074394
2.312945 11.865029 1.099620
2.041733 12.163415 1.769613
2.320626 12.218094 1.032615
2.340948 12.207380 0.998161
2.352088 11.826795 1.014687
2.294685 12.141074 1.154657
2.359175 11.813200 1.000076
2.121777 12.102223 1.624750
2.225270 12.094698 1.356986
2.123918 12.121741 1.666972
2.239888 12.198348 1.312686
2.343734 12.049768 1.016412
2.112983 12.210958 1.632298
2.333980 12.052211 1.035628
2.303713 11.864503 1.154409
2.120634 12.321256 1.609088
2.306529 12.086298 1.114699
2.171879 12.353894 1.419516
2.301570 11.969653 1.142967
1.878702 12.273071 2.147949
2.237803 12.284451 1.282223
2.089197 12.190338 1.669999
2.353609 11.908015 1.030176
2.237484 11.959045 1.384559
2.262954 12.226412 1.193266
2.346328 11.900437 1.033535
1.966888 12.216981 2.016434
2.189116 12.171142 1.400760
2.240058 11.912352 1.341710
2.309464 11.942115 1.148643
2.236808 12.038881 1.359652
2.037814 12.189829 1.759608
2.303866 12.160430 1.104240
2.029540 12.286285 1.731353
2.326304 12.117885 1.028751
2.040073 12.086544 1.790313
2.315024 12.134170 1.065018
2.315819 11.799810 1.133995
2.280798 12.055430 1.183996
2.350976 11.759345 1.049347
2.363961 11.751092 1.036378
2.125621 12.031376 1.653681
2.119689 12.044286 1.689091
2.218395 12.014262 1.385013
2.235133 12.116120 1.338895
2.072874 12.280425 1.723026
2.109606 12.130963 1.653509
2.340764 11.973726 1.049091
2.329663 11.977237 1.068422
1.876826 12.320703 2.144140
2.125886 12.243532 1.632113
2.301571 11.795045 1.187082
2.175203 12.277925 1.446803
2.119638 12.344007 1.590231
2.302569 12.007339 1.145789
1.940397 12.301632 2.070608
2.292690 11.892820 1.174456
1.878353 12.195697 2.162401
2.241944 12.206882 1.308199
2.340319 11.830218 1.062404
2.092399 12.117126 1.696091
2.265166 12.150611 1.223502
2.227345 11.881142 1.411220
2.334838 11.823936 1.066045
2.198862 12.105630 1.431331
1.965158 12.137378 2.035884
2.235926 11.841601 1.371659
2.301812 11.866949 1.178821
2.035618 12.321479 1.712886
2.225722 11.957141 1.385120
2.290344 12.070800 1.131869
2.035939 12.212051 1.752273
2.320894 12.038181 1.058306
2.042481 12.117031 1.781493
2.030561 12.006694 1.807489
2.307892 12.051344 1.095086
2.278134 11.980854 1.215026
2.311948 11.731785 1.167631
2.346681 11.692589 1.083436
2.349355 11.678022 1.069566
2.119745 11.953536 1.677556
2.124991 11.978398 1.714263
2.234358 12.040685 1.365265
2.070380 12.201519 1.744177
2.212780 11.939129 1.412579
2.118976 12.065482 1.679192
2.335837 11.900043 1.079890
1.875345 12.239515 2.154954
2.311865 11.892101 1.099288
2.125128 12.163212 1.652294
2.176198 12.200128 1.472609
2.300601 11.933889 1.174314
2.126095 12.264313 1.611091
2.298393 11.728135 1.218216
1.935732 12.216913 2.086140
2.293086 11.824859 1.205305
1.874181 12.116672 2.173440
2.223950 12.113226 1.329581
2.261861 12.073666 1.251691
2.091352 12.043522 1.719224
2.223867 11.812423 1.438266
2.335077 11.759629 1.095300
2.326875 11.751862 1.098318
2.196741 12.031264 1.457815
2.293166 11.793426 1.207857
2.042657 12.288445 1.788646
2.039620 12.242682 1.731076
1.966224 12.061990 2.057201
2.231264 11.770318 1.400408
2.223938 11.887899 1.410803
2.041343 12.139458 1.772050
2.298193 12.002206 1.160500
2.031492 12.032810 1.796280
2.319930 11.963098 1.087964
2.034756 11.940634 1.829876
2.308262 11.979727 1.125085
2.267658 11.902385 1.242930
2.306548 11.664852 1.198933
2.341431 11.626560 1.116781
1.874832 12.281511 2.150575
2.343185 11.611804 1.102570
1.914439 12.293037 2.142701
2.220369 11.957470 1.387661
2.117009 11.880469 1.702047
2.117011 11.902019 1.734213
2.072480 12.128124 1.767479
2.106832 11.982326 1.696533
2.213907 11.871361 1.441326
1.874324 12.160707 2.166159
2.328236 11.823974 1.110457
2.315252 11.828008 1.128711
2.169876 12.119891 1.496083
2.124790 12.086181 1.672469
2.118459 12.175735 1.628034
2.294569 11.860034 1.202325
2.292419 11.661569 1.247926
1.933248 12.137692 2.101549
1.880329 12.052456 2.192420
2.287617 11.755193 1.235358
2.234718 12.045774 1.355539
2.261203 12.000043 1.279701
2.221236 11.745726 1.464852
2.096739 11.975811 1.745187
2.331908 11.692725 1.126427
2.328148 11.689562 1.129555
2.181833 11.947858 1.479869
2.039942 12.210462 1.806950
2.038038 12.160025 1.745967
2.292914 11.727664 1.236313
2.040777 12.063355 1.789383
2.296964 11.928964 1.186915
2.216264 11.813328 1.434835
2.035543 11.965852 1.816618
1.956994 11.979981 2.071870
2.308621 11.882616 1.116317
2.226142 11.701217 1.429209
2.293311 11.897560 1.152475
2.031139 11.870682 1.849138
2.269285 11.836079 1.272466
2.303794 11.601236 1.230056
1.875014 12.200730 2.159616
2.334691 11.560715 1.148190
2.337820 11.548516 1.134716
1.910396 12.211261 2.154928
2.224807 11.890498 1.412879
2.075346 12.058578 1.789524
2.111291 11.829309 1.754837
2.111972 11.809202 1.725909
2.117893 11.920890 1.721294
1.881714 12.093610 2.183375
2.321358 11.752661 1.139371
2.204580 11.796391 1.467120
2.313817 11.759669 1.158870
2.168534 12.044817 1.520856
2.124870 12.012438 1.692638
2.120313 12.099647 1.647635
2.292024 11.791512 1.229702
2.291854 11.598894 1.278478
1.887364 11.989350 2.211338
1.928008 12.057907 2.115931
2.232846 11.970171 1.379114
2.285675 11.689947 1.265175
2.247370 11.917728 1.304135
2.088725 11.900340 1.764734
2.212246 11.675874 1.489845
2.329970 11.627492 1.156240
2.321301 11.621899 1.159316
2.045915 12.142037 1.828766
2.187833 11.883427 1.508266
2.044332 12.088541 1.765678
1.880219 12.247483 2.142966
2.285918 11.659098 1.264029
1.881721 12.290093 2.203496
2.290753 11.855121 1.212476
2.038335 11.987792 1.805631
2.031822 11.894090 1.834229
2.219426 11.750162 1.461411
2.313709 11.818011 1.144368
2.299318 11.833145 1.180867
2.030168 11.804048 1.868222
1.958900 11.911166 2.093173
2.220411 11.633403 1.456015
2.265821 11.767366 1.299501
1.878097 12.125972 2.172173
2.296483 11.535758 1.259870
1.911014 12.137713 2.170555
2.064930 11.978536 1.806345
2.345841 11.493593 1.167128
2.222433 11.818005 1.436106
2.109166 11.763736 1.776476
1.884894 12.025209 2.198031
2.117087 11.850606 1.741967
2.160220 11.967865 1.542047
2.315285 11.684282 1.167425
2.306823 11.691096 1.186585
2.199620 11.727858 1.492223
2.105485 11.737211 1.748231
2.117566 11.933541 1.709226
2.128908 12.030924 1.668418
2.284469 11.718762 1.255372
2.278525 11.530809 1.305456
1.881274 11.916332 2.221338
1.933435 11.993491 2.137005
2.225005 11.891061 1.400243
2.279522 11.623398 1.292433
2.252417 11.854023 1.331789
2.084385 11.830185 1.786091
2.205409 11.607885 1.513865
2.320326 11.560171 1.184577
2.317060 11.558461 1.188501
2.051427 12.075795 1.850634
2.183646 11.814173 1.531665
1.878871 12.210891 2.214010
2.039493 12.008418 1.779196
2.284851 11.782761 1.236383
1.884546 12.169841 2.153757
2.281528 11.594758 1.291170
2.040447 11.918648 1.823631
2.034884 11.828778 1.853420
2.310638 11.748951 1.170545
2.291765 11.760388 1.206536
2.028349 11.739944 1.888211
2.217045 11.682227 1.485087
1.954259 11.839214 2.110440
2.212376 11.567385 1.482193
2.263697 11.702130 1.326870
1.880679 12.054308 2.184383
2.302130 11.479903 1.290407
1.908342 12.063057 2.183963
2.068180 11.913195 1.827980
2.215916 11.746924 1.458025
2.106512 11.697626 1.796915
1.878206 11.948928 2.205585
2.162248 11.900869 1.564988
2.113444 11.781578 1.760818
2.314046 11.620165 1.194733
2.123046 11.868241 1.730686
2.306118 11.627522 1.215086
2.198721 11.664285 1.518283
2.106770 11.674572 1.773723
2.120621 11.949115 1.683411
2.279972 11.652607 1.280865
1.885091 11.854839 2.239280
2.286320 11.476806 1.335024
2.222943 11.820036 1.421818
1.928153 11.919176 2.151431
2.273828 11.559221 1.320083
2.244289 11.781627 1.355867
2.084146 11.764082 1.808802
2.046726 12.001103 1.866650
2.204434 11.546150 1.539125
2.326738 11.503933 1.219146
2.177583 11.745456 1.553981
1.885765 12.146869 2.230877
2.042423 11.937658 1.795885
2.289719 11.719092 1.261584
1.883248 12.089253 2.160852
2.036055 11.845455 1.837994
2.280211 11.532472 1.317677
2.032468 11.761413 1.870962
2.310213 11.683209 1.196543
2.020411 11.671442 1.903709
2.299462 11.700017 1.234007
2.202394 11.610336 1.505984
2.262804 11.638564 1.352926
2.218756 11.511724 1.510626
1.886935 11.987960 2.198404
1.948278 11.768342 2.127815
1.910719 11.996273 2.199919
2.268905 11.403961 1.313925
2.063658 11.843051 1.846888
2.159292 11.833272 1.587075
2.213886 11.679547 1.480445
1.885560 11.887303 2.222841
2.107145 11.637177 1.820018
2.111714 11.715657 1.781594
2.305060 11.554869 1.220166
2.116579 11.795918 1.747262
2.300280 11.562449 1.240687
2.189088 11.596629 1.540879
2.126492 11.883462 1.704015
2.095571 11.604371 1.793140
2.274066 11.584816 1.305216
2.221726 11.751035 1.442931
2.262956 11.404809 1.359044
1.927920 11.852732 2.168406
2.278410 11.502273 1.348231
2.241488 11.714947 1.379992
2.042976 11.930243 1.883853
2.081110 11.698321 1.830089
1.892663 12.082853 2.247740
2.202997 11.486592 1.564437
2.178301 11.683187 1.577877
2.293558 11.427073 1.243060
2.041677 11.866140 1.811207
2.276119 11.644656 1.284008
1.887146 12.017436 2.172542
2.037671 11.779413 1.855643
2.302469 11.615028 1.220213
2.029976 11.695878 1.887703
2.287729 11.629593 1.257965
2.278859 11.471103 1.343781
2.026794 11.615435 1.926407
2.200356 11.547513 1.528853
2.253325 11.571809 1.377563
1.886727 11.916650 2.209184
2.191411 11.437164 1.529195
1.951562 11.706642 2.150292
1.913207 11.931301 2.217517
2.061354 11.777485 1.866074
2.159409 11.767731 1.608528
1.888317 11.824729 2.238390
2.209552 11.613967 1.502238
2.099284 11.571404 1.836758
2.106120 11.648994 1.798561
2.110077 11.724516 1.763435
2.295862 11.499032 1.267417
2.124979 11.812655 1.721038
2.187158 11.535610 1.565396
2.271260 11.522704 1.329788
2.090768 11.540966 1.814989
2.214646 11.680330 1.463248
1.925852 11.785912 2.184695
2.239491 11.651199 1.403261
2.244550 11.423976 1.368904
2.039152 11.861213 1.900256
2.075664 11.632554 1.849100
2.167605 11.614439 1.598082
2.045484 11.801040 1.828283
2.272712 11.579276 1.306136
2.037905 11.715361 1.873003
2.303693 11.554240 1.244894
1.886340 11.942864 2.180875
2.028864 11.632906 1.905176
2.283551 11.564919 1.281797
2.256152 11.401131 1.364898
2.009125 11.544493 1.937300
2.206020 11.491324 1.553644
2.253201 11.512091 1.402358
1.887431 11.850080 2.220754
1.909577 11.861930 2.230625
2.060471 11.713573 1.886389
1.951556 11.643832 2.170550
2.150406 11.698457 1.627370
2.200927 11.548904 1.520677
1.886369 11.759398 2.250585
2.088772 11.506868 1.854120
2.101905 11.584895 1.816260
2.113185 11.662851 1.783460
2.123883 11.745132 1.738055
2.193811 11.482327 1.591776
2.278770 11.466909 1.355255
2.211930 11.616058 1.482876
2.102556 11.489169 1.844264
2.234779 11.585974 1.425900
1.925697 11.722198 2.202909
2.034371 11.792912 1.915915
2.070678 11.569158 1.868503
2.170547 11.556752 1.622251
2.044200 11.733535 1.842856
2.274286 11.519050 1.329563
2.029299 11.645424 1.885250
1.894865 11.880189 2.195563
2.029091 11.573405 1.922985
2.301322 11.490870 1.269003
2.015012 11.491578 1.959649
1.887713 11.784779 2.232774
2.208659 11.427510 1.417237
1.911035 11.799515 2.246679
2.057177 11.649653 1.904429
2.149985 11.636925 1.648076
1.951090 11.583200 2.190859
2.206101 11.491261 1.544668
2.093824 11.451946 1.876919
2.098148 11.523166 1.834352
2.108827 11.597856 1.799110
1.886199 11.615166 2.301920
2.119539 11.675591 1.753251
2.261751 11.398661 1.374713
2.207379 11.551412 1.501818
2.075961 11.414498 1.854982
2.227269 11.521091 1.447116
1.926495 11.662305 2.222311
2.033263 11.729922 1.933386
2.076303 11.513860 1.892893
2.166597 11.495367 1.643635
2.041081 11.665655 1.856743
2.280692 11.463078 1.352242
2.043283 11.594240 1.908217
1.891721 11.808337 2.202864
2.014112 11.504863 1.934095
2.014352 11.435524 1.977963
1.887467 11.718944 2.243595
1.908322 11.734887 2.260572
2.053420 11.587912 1.922521
2.143780 11.571870 1.668780
1.889479 11.638803 2.279841
2.100868 11.466407 1.855673
1.953111 11.525300 2.214684
2.099911 11.531000 1.813451
2.116532 11.609524 1.768781
2.211877 11.492332 1.522566
2.240146 11.470081 1.473029
2.037670 11.672626 1.953349
1.928179 11.603520 2.241650
2.148470 11.426932 1.660308
2.049523 11.439198 1.901165
2.041142 11.601633 1.871646
2.255944 11.389111 1.369369
2.022612 11.520027 1.914383
2.017524 11.449224 1.952913
1.898523 11.747097 2.218508
2.007291 11.377228 1.994289
1.890121 11.659118 2.257933
1.908016 11.674816 2.277186
2.049628 11.527087 1.940210
1.895031 11.584985 2.297699
2.139112 11.509953 1.686524
2.101607 11.472246 1.832779
1.932890 11.453456 2.221246
2.116746 11.546404 1.785725
2.212941 11.397004 1.487488
2.029981 11.607415 1.966383
1.923315 11.541598 2.256953
2.145289 11.369393 1.680432
2.032963 11.534985 1.883879
2.018102 11.458690 1.928431
2.017259 11.392823 1.970367
1.900087 11.682560 2.229604
1.893661 11.600400 2.272209
1.907141 11.615120 2.292205
2.126204 11.445411 1.701599
2.032433 11.458516 1.951482
2.089858 11.406654 1.845294
2.109107 11.480306 1.799146
2.030674 11.550274 1.984577
1.905246 11.471602 2.262545
1.905898 11.622962 2.244101
1.888320 11.536712 2.280973
1.905844 11.556690 2.307674
2.127548 11.390644 1.722626
2.090852 11.410659 1.808025
2.042020 11.500319 2.008158
1.910722 11.419933 2.285333
2.356393 12.276788 1.030240
2.328008 12.258794 1.101523
2.346783 12.188070 1.069117
2.261954 12.276973 1.285252
2.358760 12.252530 1.016619
2.375516 12.236877 0.984927
2.326370 12.176357 1.139362
2.334167 12.264878 1.077665
2.389009 12.073552 0.993465
2.380866 12.077565 1.009171
2.296161 12.279574 1.190207
2.223128 12.258102 1.413083
2.339775 12.105422 1.106793
2.260040 12.195594 1.317789
2.352207 12.167691 1.054183
2.130123 12.291753 1.613081
2.367136 12.151686 1.021757
2.310785 12.086073 1.174768
2.325708 12.177913 1.112801
2.328947 12.252545 1.099141
2.378435 11.991984 1.031348
2.364910 11.991246 1.046367
2.290318 12.193218 1.224005
2.347294 12.222768 1.053798
2.219367 12.172768 1.443941
2.321749 12.255013 1.124150
2.330416 12.022843 1.142125
2.260375 12.118784 1.350754
2.265529 12.285700 1.274624
2.181922 12.267242 1.492448
2.340587 12.081470 1.088699
2.143732 12.224184 1.644011
2.354248 12.063782 1.057510
2.132621 12.315566 1.614519
2.331447 12.104935 1.146825
2.307168 12.009753 1.209182
2.245280 12.274466 1.322369
2.329355 12.172963 1.133234
2.363302 11.909540 1.067398
2.357342 11.915413 1.082231
2.292458 12.117685 1.257321
2.341891 12.139694 1.087676
2.322053 12.174582 1.156175
2.210998 12.088398 1.472212
2.324572 11.946512 1.176654
2.253864 12.038388 1.380690
2.263526 12.203475 1.305080
2.184771 12.190179 1.521999
2.329385 11.999456 1.122919
2.250128 12.118558 1.362690
2.144605 12.147764 1.670009
2.142525 12.244593 1.642670
2.352436 11.988740 1.092274
2.302993 12.255723 1.170519
2.312067 12.246442 1.154993
2.318365 12.019874 1.179001
2.302136 11.932755 1.242007
2.326357 12.216290 1.109036
2.159550 12.279358 1.572539
2.321195 12.090284 1.165635
2.340490 11.825103 1.101745
2.278361 12.031596 1.287064
2.334530 11.830975 1.116579
2.333708 12.057940 1.119699
2.071224 12.162485 1.832738
2.315617 12.091412 1.187239
2.207589 12.010047 1.501638
2.318177 11.871521 1.209208
2.251804 11.963495 1.410565
2.262830 12.126555 1.335229
2.179861 12.109349 1.548156
2.327912 11.926850 1.155698
2.238542 12.032228 1.389018
2.133193 12.060324 1.690978
2.142286 12.258762 1.641890
2.138750 12.160982 1.664586
2.335358 11.906011 1.125146
2.305464 12.178074 1.201291
1.943003 12.249271 2.141961
2.311027 11.941083 1.210253
2.324819 12.136427 1.139947
2.284018 11.849934 1.272068
2.248568 12.117709 1.377821
2.313399 12.009126 1.196427
2.342608 11.760524 1.135410
2.277297 11.958650 1.318993
2.328197 11.979498 1.151683
2.306778 12.010146 1.215221
2.339389 11.766930 1.151340
2.069315 12.082853 1.856320
2.206402 11.937176 1.531124
2.308620 11.797263 1.241134
2.236173 11.881348 1.436834
1.936391 12.285661 2.132875
2.131327 12.294291 1.644043
2.245440 12.036729 1.361342
2.169528 12.025627 1.572867
2.317006 11.849131 1.187174
2.239050 11.959783 1.416790
2.131751 11.987589 1.715578
2.141283 12.086841 1.688111
2.040413 12.172244 1.905027
2.297106 12.093697 1.229554
2.138937 12.271650 1.624872
2.330238 11.832707 1.156456
2.321842 12.056808 1.168894
2.296415 11.859962 1.238953
2.283881 11.781722 1.304914
2.244043 12.037477 1.402743
2.159002 12.124721 1.622955
2.230467 12.134835 1.403857
2.309114 11.934215 1.226415
2.263957 11.879209 1.346455
2.249309 12.119407 1.377776
2.324801 11.905689 1.181659
2.308305 11.938729 1.245422
2.335803 11.691345 1.168987
2.331161 11.697059 1.183336
2.071937 12.010490 1.881532
2.197859 11.860208 1.556365
2.295821 11.721972 1.270743
1.940316 12.209385 2.148492
2.234894 11.812177 1.464805
2.129823 12.214300 1.666775
2.250525 11.969699 1.391501
2.140868 12.098389 1.683567
2.164510 11.949426 1.597130
2.292744 12.017001 1.257854
2.136590 12.008527 1.709835
2.140853 12.191601 1.644552
2.316338 11.781326 1.218425
2.235024 11.885538 1.443105
2.129297 11.913841 1.737740
2.042931 12.099019 1.928176
1.939159 12.092521 2.171634
2.296227 12.001279 1.237503
2.327363 11.763965 1.188203
2.314790 11.977744 1.196849
2.300619 11.796388 1.269676
2.280452 11.714314 1.334690
2.245852 11.965791 1.429650
2.153016 12.045636 1.645541
1.874223 12.240230 2.331834
2.233592 12.062978 1.430283
2.291285 11.851125 1.253175
1.939623 12.245538 2.141127
2.246948 12.041954 1.401446
2.312353 11.827353 1.209104
2.261386 11.809275 1.375286
2.291285 11.854969 1.270480
2.328422 11.624423 1.200215
2.323806 11.629216 1.214940
2.070024 11.936330 1.905288
2.188869 11.785426 1.581699
2.298262 11.660750 1.302042
2.229055 11.742126 1.490944
2.126449 12.135808 1.688017
1.899042 12.080038 2.291574
2.238381 11.890169 1.416031
2.141966 12.024486 1.705125
2.146410 12.117725 1.665873
2.289657 11.942003 1.284911
2.165824 11.881768 1.623379
2.128120 11.929588 1.727647
2.235908 11.819145 1.469824
2.126857 11.844629 1.760459
2.307989 11.711522 1.247976
1.935359 12.016109 2.184790
2.298038 11.929599 1.264405
2.044008 12.026035 1.949360
1.990505 12.263478 2.024424
2.317212 11.692888 1.217398
2.310385 11.902908 1.224388
2.292622 11.723561 1.297061
1.940846 12.283654 2.119816
2.231319 11.882707 1.450917
2.275689 11.647992 1.364571
2.150671 11.972725 1.669770
2.219593 11.979466 1.453147
1.943453 12.168420 2.154669
2.298592 11.789591 1.283387
2.013621 12.098396 1.993495
2.242768 11.964158 1.424378
2.313341 11.761817 1.237886
2.293995 11.788938 1.297926
2.258774 11.741191 1.403358
2.323255 11.558452 1.230940
2.321330 11.565615 1.246009
2.064360 11.860623 1.925508
1.933007 12.050826 2.171328
2.286242 11.591176 1.329748
2.184356 11.715223 1.607349
2.133011 12.068414 1.711953
2.224975 11.675202 1.516680
1.899922 12.005361 2.308624
2.238380 11.822678 1.442759
2.125704 11.938161 1.718610
1.931545 11.945154 2.198127
2.276604 11.862298 1.309071
2.146035 12.040441 1.684532
2.133322 11.864221 1.751308
1.994575 12.191661 2.043038
2.226769 11.745360 1.492333
2.123484 11.776171 1.782431
2.165319 11.813765 1.648892
2.285389 11.849562 1.287714
2.305838 11.645806 1.276506
2.030926 11.943519 1.964031
2.314147 11.626997 1.245562
2.304516 11.829234 1.249588
2.288645 11.657486 1.324861
1.944139 12.202410 2.131202
2.233422 11.815310 1.475080
2.267682 11.580634 1.392133
2.143687 11.897168 1.690475
2.213622 11.904932 1.476283
1.874880 12.088046 2.361820
1.935330 12.082710 2.161201
2.295448 11.721916 1.309864
2.228113 11.881145 1.443198
2.306214 11.691010 1.264879
2.284558 11.716339 1.323349
2.252489 11.673325 1.429588
2.316678 11.496323 1.260642
2.312062 11.501113 1.275367
1.935591 11.981110 2.187222
2.051798 11.783175 1.941949
2.123686 11.987444 1.730151
2.285448 11.528926 1.358725
2.181682 11.649911 1.634288
2.217248 11.607576 1.540949
2.232041 11.752111 1.467678
1.904656 11.938542 2.331451
2.134029 11.873910 1.742138
1.923139 11.869718 2.208693
2.138813 11.959570 1.700164
2.276122 11.793378 1.334954
2.124871 11.789831 1.769672
2.122785 11.711012 1.804366
2.224902 11.679374 1.517569
2.285312 11.780309 1.312745
2.161570 11.744725 1.672087
2.302351 11.581176 1.305140
2.030116 11.872962 1.983344
2.313352 11.564741 1.274539
2.295534 11.754453 1.274913
2.288659 11.594556 1.352138
1.946961 12.124274 2.142305
2.226471 11.743384 1.496713
2.261461 11.515481 1.419669
2.214412 11.837687 1.500931
2.143972 11.829411 1.713907
1.935066 12.007082 2.173368
2.285563 11.651502 1.335381
2.231030 11.813078 1.465656
2.303941 11.625368 1.290961
2.278172 11.647629 1.347508
2.244789 11.604779 1.454231
2.310512 11.433867 1.289488
2.302291 11.436110 1.303504
1.925656 11.899604 2.193575
2.117064 11.913389 1.749251
2.047043 11.713115 1.962710
2.276973 11.464679 1.386002
2.212678 11.544683 1.566021
2.181198 11.586466 1.660349
1.989382 12.042369 2.072603
2.230152 11.687043 1.492536
2.138835 11.887422 1.718147
2.134998 11.805559 1.761421
2.273366 11.726286 1.360201
1.925335 11.804887 2.225991
2.277044 11.708545 1.334859
2.124985 11.724001 1.789902
2.119352 11.645330 1.825199
2.221593 11.613626 1.540843
2.157400 11.676950 1.695752
2.288872 11.512760 1.330504
2.026627 11.804569 2.002871
2.294070 11.688130 1.299295
2.299468 11.496664 1.300753
2.273299 11.523098 1.375456
1.945222 12.045262 2.151575
2.221279 11.674585 1.517942
2.210157 11.768130 1.522907
2.136472 11.758810 1.733571
2.248850 11.449094 1.444643
1.937019 11.936933 2.185596
2.009156 11.884638 2.046578
2.281065 11.585843 1.361581
2.228498 11.743034 1.486292
2.299418 11.560634 1.316783
2.276261 11.583496 1.371984
2.237530 11.539515 1.478957
1.927319 11.835176 2.209280
2.121315 11.849684 1.771787
2.265229 11.400315 1.410585
2.046359 11.647963 1.984640
2.210322 11.482736 1.590592
1.988345 11.971022 2.087405
2.167011 11.515844 1.680361
2.225958 11.620196 1.515819
1.921521 11.739408 2.239500
2.128690 11.734878 1.778154
2.135210 11.814573 1.734663
2.268281 11.658336 1.383495
2.121450 11.657471 1.808666
2.281398 11.645720 1.359450
2.114962 11.581318 1.844910
2.212835 11.545903 1.562295
2.147246 11.607608 1.716003
2.283497 11.450551 1.357271
2.290787 11.621462 1.322941
2.022636 11.735674 2.021177
2.296299 11.435397 1.327022
2.265588 11.460019 1.400276
1.941153 11.965396 2.158891
2.220183 11.609777 1.540716
2.137155 11.696181 1.756329
2.207282 11.701114 1.545707
2.248863 11.391633 1.472094
1.933952 11.863553 2.195528
2.005060 11.814883 2.062819
2.226406 11.676272 1.507012
2.275990 11.522440 1.385431
2.287619 11.493567 1.340054
2.274331 11.520292 1.396078
2.233883 11.476808 1.504388
2.114579 11.780249 1.788995
1.923882 11.765753 2.220998
1.977235 11.894126 2.097245
2.047055 11.585347 2.007394
2.154662 11.450112 1.701664
2.215860 11.553547 1.537380
1.916799 11.673759 2.252639
2.135655 11.746638 1.752347
2.262263 11.591137 1.406043
2.124191 11.665481 1.795235
2.273044 11.577656 1.380050
2.117467 11.593122 1.827525
2.107837 11.516783 1.863520
2.209466 11.482932 1.584431
2.145655 11.546820 1.738121
2.285658 11.555367 1.345476
2.022337 11.671103 2.041878
1.938518 11.890759 2.168346
2.265498 11.401711 1.425658
2.214015 11.543578 1.560443
2.203449 11.635768 1.567385
2.131904 11.630145 1.776427
1.931835 11.793968 2.206758
2.002828 11.749099 2.080725
2.221581 11.608986 1.526631
2.268206 11.457594 1.408557
2.279809 11.429645 1.362802
2.266038 11.454934 1.417987
2.226537 11.415236 1.527601
2.114654 11.716257 1.808468
1.926905 11.704789 2.237146
1.980812 11.831820 2.115366
1.918968 11.615314 2.269734
2.213891 11.492183 1.560720
2.039938 11.520809 2.026004
2.154988 11.391465 1.726195
2.126048 11.603700 1.814680
2.254400 11.524513 1.427480
2.131564 11.676906 1.768575
2.267387 11.511974 1.400989
2.113492 11.528781 1.846378
2.277365 11.490002 1.367386
2.137750 11.482039 1.758806
2.024281 11.611082 2.063017
1.941834 11.824074 2.181016
2.210116 11.481013 1.580983
2.198175 11.570661 1.587100
2.124298 11.564171 1.794196
1.929269 11.726566 2.218084
1.996842 11.681767 2.095097
2.218055 11.542473 1.545382
2.261775 11.396203 1.432132
2.256762 11.392164 1.438398
2.111995 11.651742 1.826839
1.924883 11.641516 2.250624
1.977920 11.766513 2.129234
1.918403 11.556343 2.285729
2.202816 11.428133 1.580779
2.132431 11.613179 1.785961
2.116029 11.535096 1.828808
2.256442 11.465368 1.450673
2.037479 11.458929 2.048128
2.264427 11.448674 1.422266
2.108963 11.465775 1.863259
2.275268 11.428720 1.388275
2.132492 11.421476 1.779078
2.017039 11.546613 2.079183
1.937335 11.750942 2.188978
2.192452 11.507735 1.606910
2.123986 11.505067 1.815071
1.930394 11.663487 2.231805
1.995945 11.620366 2.113071
2.214943 11.480158 1.563842
2.105662 11.587444 1.843370
1.926982 11.581307 2.266022
1.975519 11.702645 2.143938
1.917414 11.498631 2.302196
2.245774 11.400987 1.469877
2.126449 11.545869 1.800321
2.116935 11.474992 1.847126
2.257768 11.386509 1.441327
2.028903 11.395556 2.064395
2.014832 11.485386 2.097635
1.941633 11.687138 2.203319
2.184399 11.443952 1.624768
2.113223 11.439832 1.832210
1.998229 11.562774 2.132226
1.928679 11.599039 2.242357
2.103475 11.525296 1.862197
1.930539 11.525397 2.283938
1.976808 11.643100 2.161038
1.918209 11.443118 2.318637
2.126365 11.483820 1.816580
2.008063 11.423281 2.114257
1.943576 11.623395 2.215331
1.991352 11.499803 2.146763
1.932184 11.540435 2.258936
2.092561 11.461042 1.876490
1.919700 11.459192 2.290801
1.975260 11.582179 2.174941
2.117205 11.418167 1.829895
1.942390 11.559467 2.227046
1.990894 11.442626 2.164404
1.931947 11.480309 2.271968
1.974720 11.523227 2.190893
1.943016 11.496833 2.239125
1.969995 11.463981 2.203790
2.313515 12.306342 1.033084
2.291174 12.316076 1.092616
2.326972 12.252804 0.988955
2.291445 12.301585 1.089066
2.329680 12.259143 0.998255
2.293945 12.266133 1.069033
2.307076 12.249010 1.044400
2.327303 12.229193 0.999543
2.255851 12.311454 1.186864
2.270821 12.273678 1.146616
2.295153 12.240551 1.090165
2.306058 12.223336 1.065705
2.258471 12.289736 1.198941
2.248762 12.287255 1.217643
2.246236 12.280896 1.210776
2.244683 12.281487 1.237908
2.285243 12.232648 1.121432
2.289440 12.223212 1.118891
2.241638 12.276970 1.242947
2.315828 12.169228 1.025944
2.354701 12.154331 0.969084
2.315920 12.173101 1.034998
2.289169 12.187404 1.103566
2.298703 12.168514 1.077958
2.318658 12.147205 1.034731
2.253767 12.231574 1.220756
2.272745 12.200370 1.177449
2.216706 12.249536 1.297147
2.146301 12.332905 1.486856
2.292691 12.163438 1.120458
2.296650 12.141750 1.096873
2.195431 12.265368 1.373506
2.247492 12.204078 1.230978
2.241890 12.201567 1.238726
2.247680 12.209116 1.247810
2.289998 12.161503 1.149222
2.243480 12.202466 1.266026
2.167119 12.278073 1.438466
2.292095 12.150152 1.147630
2.229714 12.189031 1.267253
2.312782 12.100260 1.070327
2.309347 12.090970 1.061849
2.340422 12.070470 1.005910
2.149859 12.287320 1.493529
2.141286 12.271442 1.508658
2.284605 12.111096 1.136085
2.297153 12.094337 1.109870
2.312781 12.071018 1.067765
2.144739 12.267225 1.510745
2.138087 12.279512 1.535600
2.251954 12.155913 1.254297
2.265382 12.121633 1.207284
2.103807 12.295134 1.606009
2.223545 12.180606 1.329719
2.290044 12.089081 1.149592
2.148517 12.258410 1.514788
2.296225 12.070195 1.127109
2.194047 12.189104 1.400464
2.082356 12.308292 1.678657
2.250335 12.133718 1.263431
2.250060 12.134945 1.266332
2.246933 12.134282 1.278014
2.282846 12.082461 1.175767
2.243733 12.129365 1.292503
2.166404 12.202970 1.462940
2.056938 12.324961 1.742235
2.281803 12.070808 1.174008
2.241297 12.124208 1.293397
2.307855 12.021312 1.096700
2.305266 12.023633 1.105119
2.153415 12.212432 1.515220
2.330280 11.994085 1.041731
2.153340 12.205386 1.534335
2.272855 12.031277 1.166657
2.286254 12.015643 1.140396
2.300236 11.991870 1.100047
2.151615 12.198038 1.537591
2.241584 12.075068 1.284743
2.265361 12.049760 1.236669
2.107154 12.223275 1.632268
2.203640 12.092548 1.355064
2.276406 12.007045 1.177822
2.151528 12.185970 1.542289
2.287364 11.994336 1.156300
2.201371 12.124087 1.429393
2.080161 12.230654 1.699935
2.246324 12.060427 1.292692
2.248738 12.060483 1.294960
2.234031 12.052494 1.304148
1.985321 12.322579 1.926437
1.942440 12.325856 1.971961
1.943847 12.311245 1.965480
2.271188 12.001461 1.201001
2.168642 12.133633 1.487697
2.227239 12.043106 1.316387
2.057633 12.251279 1.762130
2.273155 11.994647 1.199908
2.228024 12.042480 1.314657
1.960211 12.334934 1.997704
2.156849 12.139384 1.536139
2.298324 11.947015 1.129652
2.298750 11.951466 1.137464
2.316818 11.917444 1.074950
2.146630 12.125771 1.554299
2.272435 11.962461 1.198174
2.285771 11.947739 1.171526
1.944052 12.284403 1.978459
2.297921 11.923538 1.130496
2.140125 12.114957 1.557871
1.952000 12.266869 1.956267
2.258025 11.976197 1.263332
2.125538 12.118340 1.586053
2.236330 12.000995 1.314913
2.210570 12.027879 1.384853
2.098017 12.141179 1.654424
2.276136 11.938838 1.205661
2.157036 12.117836 1.569266
2.283162 11.923787 1.184406
2.185028 12.041160 1.450875
2.086860 12.164232 1.725622
2.236187 11.984432 1.316672
2.241136 11.985438 1.323254
1.943026 12.251320 1.989810
2.238675 11.985938 1.332448
2.161468 12.057981 1.509406
2.268512 11.930486 1.225302
2.233857 11.980290 1.342964
1.984517 12.243938 1.947592
1.945167 12.234243 1.979957
2.050749 12.171711 1.779660
2.267465 11.921545 1.224818
2.229742 11.972605 1.338224
1.961382 12.260036 2.017136
2.155317 12.065621 1.556214
2.293944 11.881567 1.169719
2.294497 11.876418 1.162636
2.310238 11.848914 1.108186
2.141629 12.048424 1.574175
1.940292 12.265668 2.084719
2.267446 11.892595 1.227992
1.943148 12.207316 1.993112
2.281177 11.877537 1.200489
2.291554 11.854705 1.160441
2.144537 12.046651 1.582073
1.950063 12.185977 1.967256
2.251151 11.904114 1.290806
2.232658 11.931014 1.344217
1.916535 12.280100 2.145267
2.125356 12.046545 1.613007
2.273977 11.871132 1.232434
2.091249 12.065212 1.675281
2.200563 11.952788 1.410885
2.143385 12.036482 1.591386
2.276158 11.853527 1.211106
2.185502 11.973221 1.476620
2.085729 12.092859 1.746118
2.230377 11.913171 1.340808
2.231187 11.912145 1.350950
1.943094 12.178959 2.007742
2.228540 11.912672 1.357707
2.163526 11.991410 1.533008
2.046297 12.097359 1.796277
2.268852 11.864363 1.250273
1.945905 12.160328 1.994131
2.232894 11.911587 1.367174
1.991817 12.174483 1.973594
2.267865 11.854520 1.250179
2.230876 11.905824 1.361489
1.963799 12.188658 2.036949
2.149151 11.989017 1.572930
2.306549 11.784361 1.140047
2.287184 11.813090 1.200525
2.288192 11.809402 1.194250
2.145332 11.982322 1.596027
1.940694 12.193893 2.101417
2.264432 11.826491 1.256096
1.934801 12.127658 2.003001
2.278226 11.810520 1.228982
2.291676 11.791612 1.189988
2.145746 11.978971 1.605732
2.247038 11.837827 1.316133
1.946105 12.107412 1.976413
1.913429 12.205367 2.155653
2.226244 11.860416 1.372512
2.123219 11.976166 1.638518
2.268620 11.801348 1.257391
2.201032 11.887574 1.437918
2.098800 12.002652 1.702215
2.142432 11.967802 1.615609
2.272626 11.786879 1.238020
2.179572 11.903808 1.499995
2.076554 12.016851 1.764727
2.231969 11.847859 1.364892
1.933040 12.099761 2.019008
2.058839 12.040668 1.820882
2.157872 11.920779 1.553482
2.233089 11.847692 1.379523
2.226722 11.845571 1.383255
2.265077 11.795946 1.273090
2.221992 11.838734 1.388429
1.944750 12.086911 2.007254
2.263237 11.787680 1.274318
2.230584 11.838284 1.383232
1.985803 12.096075 1.991100
1.962960 12.116091 2.054561
2.150575 11.921029 1.593305
2.303201 11.720390 1.170677
2.284754 11.749334 1.231496
2.281313 11.742758 1.224292
2.143615 11.914032 1.616234
1.937840 12.120931 2.115909
2.263982 11.763768 1.284068
1.936847 12.059049 2.019230
2.274241 11.745121 1.256367
2.138334 11.907005 1.625913
2.290955 11.727401 1.219591
1.911307 12.132648 2.168049
1.954764 12.042695 1.993010
2.245617 11.773098 1.342104
2.269752 11.739993 1.283220
2.196478 11.819839 1.462447
2.222848 11.794662 1.401482
2.099562 11.936233 1.726350
2.121028 11.906707 1.663650
2.138678 11.899400 1.638428
2.274736 11.724826 1.264578
2.178887 11.839327 1.523868
2.075697 11.949698 1.784888
2.229512 11.782036 1.388472
2.056486 11.973664 1.839120
1.938351 12.035055 2.038730
2.160205 11.858428 1.576748
2.221918 11.778774 1.404959
2.223871 11.780086 1.407690
2.261702 11.729909 1.296331
1.943476 12.015324 2.019605
2.225817 11.776230 1.413620
2.264313 11.724533 1.298486
2.224869 11.768568 1.403321
1.984694 12.024741 2.011619
2.150443 11.854114 1.611371
1.958529 12.041775 2.071201
2.143608 11.848005 1.636351
2.280925 11.681841 1.253930
2.298486 11.657469 1.201437
2.284431 11.687507 1.261522
1.927219 12.042111 2.125597
2.255095 11.696742 1.310995
1.940726 11.993587 2.037418
1.910887 12.064899 2.181628
2.266602 11.678884 1.282393
2.139301 11.842991 1.648033
2.282002 11.661285 1.246131
1.948005 11.967129 2.002044
2.242307 11.708869 1.367008
2.266440 11.675763 1.308125
2.199973 11.759479 1.490157
2.224178 11.733297 1.429752
2.137484 11.834386 1.661110
2.096214 11.867514 1.748319
2.265600 11.658742 1.288680
2.175462 11.774220 1.546723
2.078439 11.887031 1.807303
2.119632 11.839297 1.688350
2.222421 11.716071 1.409964
2.051334 11.904241 1.854677
2.156140 11.791889 1.596358
1.934518 11.965522 2.053774
2.255524 11.664158 1.318164
2.224496 11.718201 1.432329
1.944884 11.948009 2.033868
2.216116 11.712975 1.431668
2.220104 11.709236 1.434986
2.258134 11.658783 1.320320
2.220339 11.703274 1.423398
1.978495 11.951808 2.029243
2.148486 11.786786 1.628760
1.952996 11.969995 2.086340
2.139944 11.781139 1.655108
1.931952 11.980492 2.145015
2.273193 11.622224 1.287849
2.274719 11.619084 1.282769
2.296791 11.596687 1.231592
1.938994 11.925973 2.051515
2.253551 11.636567 1.337470
1.910862 11.999535 2.195630
2.269506 11.621596 1.309796
2.142042 11.780326 1.670451
2.277774 11.599559 1.271972
1.952949 11.902494 2.016897
2.234426 11.643588 1.390211
2.257643 11.610268 1.330988
2.095298 11.804003 1.769374
2.192162 11.693291 1.513749
2.263018 11.597473 1.312766
2.136752 11.770845 1.684603
2.213805 11.666443 1.454760
2.073804 11.820873 1.825332
2.170212 11.708702 1.568900
2.219265 11.652461 1.431192
2.121771 11.777285 1.714916
2.047948 11.838874 1.871805
2.150641 11.727309 1.615709
1.931932 11.899497 2.069193
1.942571 11.880765 2.046383
2.258581 11.604771 1.340614
2.216287 11.652350 1.456776
2.216554 11.645965 1.457070
2.214065 11.649553 1.455675
2.255368 11.597544 1.341968
2.218497 11.639544 1.444114
2.142476 11.718955 1.645643
1.973608 11.881475 2.047632
1.947924 11.899691 2.102290
2.137074 11.716323 1.673433
1.932575 11.916572 2.162266
2.266475 11.558933 1.315497
2.279336 11.529902 1.257975
2.264007 11.554367 1.310296
1.939881 11.863540 2.067135
1.914372 11.939561 2.211497
2.245796 11.572182 1.362728
2.132497 11.712533 1.688022
2.259004 11.556571 1.334031
1.956919 11.838571 2.031024
2.226423 11.580143 1.412642
2.271388 11.536846 1.298378
2.252717 11.548037 1.353200
2.073619 11.760324 1.845568
2.088563 11.738652 1.789630
2.258547 11.536702 1.335785
2.181942 11.627054 1.535080
2.169226 11.648816 1.590845
2.128247 11.704154 1.704566
2.207544 11.586371 1.450599
2.047122 11.776893 1.888795
2.207887 11.602490 1.480700
2.111564 11.708348 1.734974
2.150449 11.666754 1.635945
1.932029 11.837742 2.086524
1.944772 11.818215 2.061492
2.245942 11.538466 1.359681
2.209997 11.588452 1.477841
2.206146 11.579756 1.475964
2.203508 11.585450 1.479524
2.247242 11.533217 1.362351
2.208357 11.574821 1.461377
2.145306 11.657823 1.663998
1.948609 11.837575 2.121207
1.972321 11.815626 2.068274
1.929352 11.851836 2.175719
2.136431 11.654315 1.692864
1.916120 11.878262 2.227073
1.943059 11.803003 2.084249
2.262189 11.500849 1.342230
2.256123 11.494521 1.336054
2.276483 11.472579 1.286246
2.237856 11.510542 1.386824
2.131460 11.650864 1.708308
2.257740 11.497908 1.358884
2.262921 11.477363 1.322553
2.221896 11.520296 1.435277
1.960954 11.776453 2.046818
2.245505 11.486639 1.375200
2.063502 11.692916 1.861560
2.248256 11.474092 1.358006
2.159282 11.584082 1.610549
2.128186 11.644495 1.726855
2.180686 11.568399 1.559933
2.090400 11.678513 1.812990
2.044990 11.715045 1.906303
2.211858 11.530504 1.473429
2.201784 11.541285 1.505480
1.937037 11.780344 2.105595
2.143067 11.602685 1.654234
2.110258 11.647905 1.758165
1.953838 11.761334 2.081072
2.239005 11.475851 1.378778
2.204118 11.521490 1.496796
2.201024 11.525724 1.499549
2.200875 11.527830 1.504504
2.211179 11.516398 1.481010
2.243111 11.473037 1.384133
2.133685 11.590562 1.678068
1.946033 11.774284 2.137909
1.927110 11.789123 2.191179
2.129781 11.590492 1.709057
1.971828 11.751824 2.088485
1.913692 11.815573 2.240095
1.942977 11.741290 2.099148
2.255441 11.438212 1.363768
2.253461 11.439892 1.368040
2.236989 11.454262 1.412100
2.122252 11.586379 1.725918
2.254586 11.439740 1.382670
1.961664 11.714068 2.060009
2.215940 11.459700 1.456379
2.267878 11.422933 1.348631
2.243996 11.428927 1.397231
2.062349 11.633088 1.881074
2.040052 11.653481 1.922404
2.151898 11.522730 1.630115
2.174671 11.508718 1.580648
2.117668 11.580137 1.744980
2.248182 11.417142 1.381573
2.082965 11.615371 1.830894
2.205781 11.469025 1.492482
2.139095 11.543122 1.672338
1.932899 11.718121 2.119987
2.194708 11.480789 1.529536
2.106275 11.585926 1.780727
1.950888 11.698103 2.092901
2.246337 11.422117 1.401004
2.198043 11.460014 1.515850
2.199522 11.468019 1.521581
2.199560 11.470098 1.528974
2.205499 11.454587 1.499210
2.139536 11.534281 1.697097
1.949406 11.716447 2.158742
1.927946 11.730337 2.207696
1.912055 11.754928 2.252685
2.129021 11.530329 1.727720
1.969900 11.689979 2.108437
1.944726 11.682719 2.116007
2.238292 11.398992 1.436819
2.119202 11.527039 1.744366
2.219343 11.406343 1.480149
1.964211 11.652122 2.073886
2.036303 11.593627 1.937218
2.060221 11.573968 1.899864
2.148905 11.465186 1.650226
2.112912 11.521258 1.764797
2.167414 11.448261 1.602269
2.076906 11.553914 1.849952
2.205465 11.413024 1.513227
1.936080 11.663021 2.139658
2.134733 11.483908 1.691301
2.190256 11.422766 1.553841
1.953952 11.639415 2.109249
2.094454 11.521708 1.799371
2.202243 11.405992 1.537912
2.198876 11.411447 1.543570
2.191843 11.410890 1.551063
2.207809 11.398342 1.518929
2.132247 11.471751 1.711327
1.911398 11.696301 2.267282
1.928912 11.672447 2.226268
1.939062 11.650019 2.171919
2.121793 11.469598 1.743612
1.950138 11.627714 2.135507
1.966666 11.628268 2.128908
2.112560 11.465949 1.761843
1.958854 11.588842 2.083457
2.036216 11.537338 1.954674
2.058490 11.517228 1.919077
2.149971 11.410872 1.672123
2.111365 11.464488 1.786448
1.940119 11.609054 2.159285
2.071309 11.493929 1.869821
2.131559 11.426400 1.708978
1.952255 11.579697 2.121458
2.092642 11.463459 1.822655
2.128165 11.411330 1.727391
1.911598 11.638807 2.281836
1.926032 11.613742 2.241042
1.944606 11.595906 2.193473
2.119936 11.411974 1.760778
1.945300 11.567698 2.147550
1.964558 11.569175 2.147706
2.112199 11.410883 1.782207
1.965979 11.533388 2.101595
2.035738 11.481396 1.972989
2.048860 11.456453 1.932709
2.104725 11.406116 1.805204
1.935408 11.549927 2.173380
2.069186 11.437534 1.889893
1.954805 11.523182 2.137892
2.089792 11.406827 1.844826
1.913109 11.583902 2.297153
1.921723 11.554284 2.254284
1.940607 11.537308 2.211205
1.942820 11.508666 2.161475
1.960293 11.509093 2.167069
1.953768 11.467186 2.107982
2.030499 11.424423 1.987165
1.916783 11.484944 2.178653
1.939784 11.457256 2.142869
1.907240 11.525512 2.308086
1.923486 11.501159 2.273707
1.935636 11.450400 2.172922
1.940214 11.480479 2.229916
1.963289 11.454336 2.190050
1.953390 11.410074 2.120963
1.928153 11.438110 2.203568
1.939468 11.401942 2.157513
1.907970 11.471296 2.325122
1.915460 11.441780 2.285206
2.270073 12.295186 1.074855
2.255039 12.285118 1.099097
2.277819 12.299664 1.041381
2.280566 12.289294 1.046952
2.214435 12.294415 1.243671
2.294816 12.310405 0.993149
2.238714 12.271296 1.192676
2.267445 12.220300 1.103424
2.307149 12.295314 0.981577
2.254605 12.213086 1.128697
2.236923 12.282734 1.183681
2.278820 12.228439 1.072478
2.238450 12.275745 1.187285
2.282086 12.218652 1.079231
2.155450 12.304762 1.411038
2.119695 12.315087 1.484359
2.215229 12.223186 1.272328
2.290887 12.236033 1.027956
2.232378 12.193671 1.218287
2.263749 12.147006 1.130837
2.262424 12.274285 1.113173
2.295056 12.213791 1.016706
2.240034 12.281337 1.166983
2.250070 12.138663 1.156187
2.237401 12.210948 1.213600
2.274092 12.154386 1.103260
2.151674 12.303543 1.425214
2.310250 12.240917 0.983252
2.152055 12.299032 1.427259
2.237175 12.202595 1.216950
2.262030 12.133792 1.108499
2.290421 12.253205 1.038450
2.160287 12.233723 1.434442
2.327737 12.213573 0.950869
2.204813 12.335267 1.250940
2.129284 12.252138 1.510178
2.207427 12.147504 1.297643
2.246447 12.282650 1.148351
2.228997 12.120950 1.244445
2.284609 12.160636 1.060926
2.257385 12.072134 1.157671
2.262709 12.202872 1.146385
2.177950 12.290235 1.355902
2.283964 12.135782 1.049688
2.026840 12.380637 1.731061
2.252314 12.072427 1.183474
2.242023 12.209461 1.198826
1.996941 12.330709 1.796581
2.147005 12.291713 1.428061
2.228493 12.135408 1.241876
1.991688 12.383759 1.807650
2.148682 12.230479 1.450516
2.272273 12.083403 1.132966
2.007308 12.330467 1.813320
2.228981 12.127260 1.243120
2.141565 12.217191 1.449152
2.304694 12.166124 1.019846
2.269337 12.072027 1.139839
2.156134 12.158579 1.455356
2.282591 12.176470 1.073607
2.053572 12.373385 1.665350
2.320035 12.137764 0.988061
2.113152 12.170732 1.529264
2.202062 12.259877 1.283202
2.209148 12.080702 1.323749
2.231038 12.054699 1.269294
2.245499 12.210457 1.182492
2.253306 12.003386 1.183051
2.274277 12.084681 1.093425
2.253166 12.126221 1.177183
2.174842 12.216641 1.384907
2.032476 12.313493 1.755597
2.283551 12.068347 1.082123
2.247076 12.001997 1.210191
2.234868 12.135286 1.227361
2.005785 12.262617 1.815945
2.151614 12.287302 1.433359
2.144091 12.217751 1.453777
1.993005 12.309617 1.824815
2.140280 12.155141 1.474244
2.230935 12.069213 1.271607
2.262742 12.010934 1.160875
2.081321 12.351271 1.598017
2.006812 12.260438 1.832657
2.143630 12.148213 1.472785
2.229029 12.058189 1.269385
2.287999 12.086214 1.054544
1.991428 12.364267 1.821631
2.261636 12.000025 1.168413
2.149998 12.084793 1.474794
2.051440 12.298739 1.689361
2.272384 12.101446 1.108140
2.307287 12.062070 1.024041
2.110169 12.101865 1.551679
2.204986 12.012875 1.348720
2.207004 12.192908 1.315591
2.225080 11.983673 1.292393
2.232451 12.131079 1.212785
2.251816 11.937155 1.208614
2.268453 12.014968 1.124284
2.242996 12.052646 1.207609
2.020189 12.232655 1.772720
2.166643 12.141328 1.411079
2.247338 11.937133 1.236008
2.277408 11.998083 1.114242
2.227636 12.062033 1.255492
2.004205 12.189607 1.831305
2.141692 12.207880 1.458063
1.850425 12.348152 2.208984
2.137000 12.142299 1.476992
2.221642 11.998219 1.297850
1.989825 12.233432 1.840737
2.140167 12.087896 1.499689
2.256958 11.942667 1.187630
2.001698 12.187434 1.848721
2.080626 12.277434 1.623546
2.145147 12.081405 1.496454
2.222357 11.986961 1.294594
2.284571 12.019375 1.088871
1.994225 12.292778 1.841936
2.256370 11.932343 1.196350
2.150400 12.017735 1.495696
1.858511 12.334106 2.217408
2.048712 12.224431 1.711788
2.270736 12.033241 1.141509
2.300036 11.991948 1.059121
2.119972 12.043147 1.577061
1.991547 12.340280 1.837659
2.199392 11.944252 1.372185
2.217216 11.913103 1.314425
2.192518 12.112740 1.344374
2.243164 11.867282 1.232348
2.236771 12.067181 1.244807
2.268204 11.949921 1.154653
2.241830 11.987370 1.237644
2.030137 12.172138 1.798912
2.166733 12.074109 1.438968
2.239447 11.869299 1.259255
2.275850 11.933155 1.145131
2.227260 11.996061 1.283828
1.881576 12.317954 2.161903
2.006573 12.120824 1.847952
2.153804 12.148760 1.489397
2.005440 12.124932 1.869305
1.850687 12.272496 2.218061
2.138121 12.075843 1.501515
2.216097 11.931425 1.322939
2.000363 12.172195 1.862792
2.140419 12.023052 1.525503
2.257346 11.878743 1.215486
2.142487 12.013103 1.517623
2.223898 11.924726 1.321111
2.077782 12.202600 1.649677
1.989661 12.217619 1.857973
2.278795 11.951509 1.121361
2.258357 11.871590 1.223642
2.148060 11.949995 1.515609
1.841378 12.313905 2.233222
1.856566 12.262904 2.229506
2.047631 12.155141 1.735279
2.119428 11.978609 1.598848
2.262368 11.962881 1.173822
2.291200 11.922836 1.091877
1.904427 12.312882 2.099371
1.988936 12.266506 1.856390
2.197149 11.880176 1.395346
2.220705 11.851867 1.337911
2.245345 11.806164 1.256354
2.185725 12.040991 1.373283
1.844540 12.361416 2.239920
2.229115 11.997028 1.275009
2.266888 11.886460 1.183878
2.237006 11.921183 1.266358
2.026871 12.104177 1.818484
2.242146 11.808764 1.284444
2.162251 12.005749 1.465205
2.269642 11.867988 1.173957
2.224582 11.930894 1.311947
1.883141 12.249887 2.180242
2.004765 12.050548 1.862098
2.004167 12.059803 1.887464
1.854029 12.202665 2.229715
2.138242 12.069788 1.511305
2.134148 11.955671 1.546971
1.995569 12.099765 1.877608
2.217242 11.869554 1.350310
2.140599 12.011116 1.527148
2.257504 11.817538 1.242120
2.143774 11.949028 1.540078
1.929103 12.296825 2.036353
2.223486 11.861112 1.344940
2.068933 12.125813 1.672644
1.993952 12.152964 1.878529
1.852123 12.192474 2.238948
2.251947 11.806412 1.250032
2.152333 11.888077 1.537395
2.272865 11.885464 1.153038
1.843487 12.243286 2.245802
2.117421 11.916006 1.620338
2.046153 12.086217 1.759625
2.256437 11.896840 1.205498
2.283961 11.856912 1.124074
2.194434 11.817365 1.418953
1.991232 12.199025 1.878358
1.903040 12.239930 2.117175
2.216955 11.787892 1.359158
2.245303 11.744946 1.280553
1.841270 12.285767 2.249707
2.188059 11.978469 1.403831
2.258851 11.820844 1.212046
2.227872 11.932674 1.304644
2.226772 11.852722 1.293497
2.024444 12.037363 1.837984
2.155786 11.938745 1.489967
2.239436 11.745953 1.308057
2.266101 11.804431 1.203376
2.222147 11.867194 1.338404
1.878062 12.178351 2.192205
2.008337 11.985309 1.879044
2.000989 11.995127 1.904557
1.832399 12.313321 2.246076
1.995560 12.032694 1.893634
2.215886 11.808454 1.375024
1.853667 12.130092 2.238427
2.139853 12.006666 1.538231
2.139110 11.897100 1.573591
2.141096 11.947743 1.551305
2.249584 11.752461 1.266593
2.145823 11.887000 1.562053
2.217270 11.795571 1.368043
1.849997 12.125835 2.251451
1.934654 12.230638 2.060496
1.990120 12.082603 1.895303
2.067902 12.058372 1.697767
2.247532 11.744066 1.275014
2.148011 11.821706 1.555839
1.851861 12.180669 2.262724
2.272953 11.825564 1.184996
2.112152 11.852141 1.639659
2.043013 12.019199 1.781237
1.988362 12.130721 1.897085
2.192876 11.756251 1.441229
2.258748 11.837057 1.237271
2.286717 11.798609 1.156621
1.898238 12.167520 2.131990
2.214120 11.724163 1.380744
1.845621 12.219833 2.264940
2.233525 11.678932 1.301263
2.183550 11.912858 1.431292
2.222894 11.868310 1.332548
2.261800 11.762176 1.241305
2.023221 11.974079 1.857774
2.230952 11.794842 1.321826
2.226347 11.680060 1.329284
2.154579 11.875849 1.515497
2.264998 11.745190 1.232158
2.220031 11.804061 1.363608
1.874781 12.110027 2.206049
2.003238 11.916520 1.892238
1.999489 11.932727 1.921500
1.837835 12.250381 2.265292
1.988709 11.962534 1.906572
2.208801 11.744527 1.399421
1.861966 12.068392 2.254949
2.130537 11.830538 1.594847
2.135664 11.881513 1.572705
2.132946 11.938190 1.562225
2.246008 11.691260 1.291503
1.854976 12.068325 2.268219
2.138958 11.819969 1.581944
2.213567 11.733442 1.390919
1.982950 12.011885 1.909498
1.925666 12.152559 2.075704
2.243484 11.684118 1.300364
2.141312 11.757038 1.573655
1.845496 12.106133 2.268271
2.068744 11.993240 1.725182
2.267189 11.761906 1.214608
2.116241 11.794786 1.661847
2.046488 11.958001 1.804722
2.184994 11.692632 1.461598
1.981468 12.059123 1.914128
2.209668 11.664169 1.401214
2.251076 11.773841 1.265808
2.278257 11.736090 1.186860
1.892050 12.096145 2.146919
1.850858 12.156878 2.281723
2.242488 11.626008 1.325077
2.253015 11.698712 1.267075
2.217001 11.803731 1.360126
2.022440 11.912290 1.878343
2.176374 11.845667 1.458174
2.220411 11.730018 1.347339
2.233161 11.626126 1.353693
2.153814 11.814448 1.541805
2.257569 11.683441 1.259032
1.876333 12.048888 2.222722
2.208528 11.737177 1.387169
1.993492 11.868284 1.937199
2.006630 11.855840 1.909589
1.842601 12.188671 2.282515
1.994890 11.904375 1.926537
2.127070 11.769881 1.616053
2.203315 11.683781 1.423259
1.863300 12.002671 2.266353
2.137761 11.821334 1.596310
2.138747 11.880758 1.588776
1.857288 12.009230 2.284408
2.242674 11.631524 1.314750
2.133616 11.757019 1.600866
2.208035 11.670865 1.413138
1.987059 11.951805 1.930467
1.853766 12.047173 2.286010
2.244250 11.626791 1.325711
2.143529 11.697398 1.593568
1.917561 12.077466 2.092462
2.104570 11.729330 1.678856
2.266605 11.703256 1.244579
2.068916 11.929345 1.750604
2.042724 11.894065 1.825968
1.981554 11.995729 1.933406
2.181060 11.633233 1.483253
2.207519 11.603400 1.421915
2.247824 11.713599 1.295192
1.889413 12.029345 2.163985
2.271945 11.674601 1.216510
1.846416 12.086475 2.291181
2.234139 11.563649 1.345897
2.018398 11.849239 1.896741
2.209965 11.741638 1.386150
2.251239 11.640717 1.293867
2.175216 11.784617 1.485336
2.219546 11.672257 1.374461
2.224735 11.564671 1.374104
2.146967 11.751994 1.564536
1.879761 11.990054 2.241686
2.255870 11.624547 1.286236
2.208378 11.679621 1.412182
1.993715 11.810004 1.955620
1.845615 12.125610 2.299490
2.003651 11.790822 1.923412
1.992034 11.840282 1.942389
2.125874 11.711182 1.638700
1.859082 11.949565 2.299421
2.194567 11.621774 1.444926
2.131186 11.757603 1.616163
1.862363 11.935020 2.276328
2.133362 11.816379 1.611807
2.230868 11.568270 1.336684
2.135041 11.698082 1.622480
2.203189 11.611235 1.434466
1.986917 11.891132 1.948523
1.857418 11.985234 2.300475
2.137516 11.635690 1.610499
2.233282 11.564671 1.347569
2.105764 11.673106 1.699241
2.258310 11.643118 1.272749
1.915203 12.009793 2.112382
2.068021 11.867034 1.774882
1.979340 11.933136 1.952466
2.179198 11.575760 1.503909
2.037055 11.830580 1.846147
2.197977 11.541696 1.439556
1.848759 12.024649 2.306173
1.892203 11.969407 2.185481
2.240913 11.652445 1.323266
2.269060 11.616753 1.246276
2.228700 11.504347 1.365653
2.012449 11.786637 1.914086
2.242300 11.579081 1.318845
2.206509 11.681383 1.413114
2.215419 11.613232 1.399429
2.170004 11.723002 1.512043
2.220728 11.506182 1.395378
1.876295 11.926297 2.255958
2.144615 11.691607 1.588543
1.996969 11.755705 1.975013
2.251274 11.566770 1.311650
2.199234 11.617960 1.434722
1.841263 12.058874 2.312216
2.001950 11.728425 1.937957
1.859927 11.892405 2.315341
1.990850 11.778461 1.958114
2.116003 11.648928 1.657617
2.191913 11.564994 1.467308
2.129469 11.698319 1.637658
2.121497 11.751289 1.632137
1.864058 11.871699 2.288131
2.233157 11.515025 1.361093
2.126877 11.635359 1.640036
2.198783 11.553092 1.456597
1.981312 11.826345 1.963409
1.853701 11.919620 2.310698
2.133252 11.575350 1.627720
2.102976 11.615412 1.719593
2.232141 11.507799 1.371885
1.908508 11.942422 2.129011
2.253989 11.584464 1.301028
2.061192 11.801859 1.796436
1.980227 11.873623 1.972922
2.175107 11.518179 1.524791
2.033055 11.769364 1.866210
2.202759 11.487291 1.460912
1.847829 11.961553 2.319007
1.888414 11.905095 2.201022
2.230266 11.591276 1.349623
2.257106 11.555700 1.273153
2.230865 11.450180 1.388037
2.007775 11.726655 1.932140
2.240688 11.523457 1.343597
2.201983 11.622708 1.438943
2.218791 11.449614 1.415662
2.209064 11.554104 1.424597
2.168613 11.664675 1.538016
1.874546 11.866642 2.271707
2.138372 11.633006 1.610005
1.991178 11.695473 1.990296
2.244924 11.507639 1.336824
1.846431 12.001405 2.331463
2.200757 11.562685 1.459618
2.002882 11.670360 1.954308
1.857062 11.832498 2.328318
2.113658 11.592715 1.678739
1.990028 11.719028 1.974208
2.123179 11.637892 1.657500
2.190691 11.509036 1.491210
2.122568 11.694533 1.656252
1.867152 11.811929 2.302665
2.233173 11.459845 1.384073
2.126239 11.578677 1.659793
1.985109 11.769894 1.982782
2.193780 11.495280 1.477142
1.853091 11.857090 2.322280
2.133408 11.517975 1.645784
2.230771 11.453641 1.394972
2.096405 11.555874 1.736587
1.977700 11.814648 1.990378
2.243267 11.524206 1.326982
2.173012 11.463422 1.544253
1.910057 11.881709 2.151460
2.059222 11.741137 1.819601
2.031325 11.710105 1.887705
1.846870 11.901199 2.333057
2.206626 11.432666 1.481933
1.890966 11.847876 2.221314
2.211385 11.386886 1.404095
2.226704 11.534673 1.377413
2.258881 11.502282 1.302118
2.009396 11.671932 1.953324
2.234184 11.466138 1.367953
2.195109 11.563004 1.462932
2.219049 11.395897 1.436977
1.871882 11.806767 2.287129
2.207372 11.499394 1.448942
1.990250 11.639685 2.007195
2.159981 11.603611 1.561748
2.133638 11.574329 1.633396
1.848780 11.944152 2.349310
2.241925 11.453047 1.361689
2.190542 11.502618 1.481022
1.857826 11.776254 2.343841
2.000628 11.610132 1.968898
1.992835 11.663261 1.992846
2.114056 11.537205 1.700864
2.185215 11.452485 1.512199
2.122740 11.581243 1.679701
2.120896 11.637095 1.679377
2.237610 11.407628 1.407899
1.866542 11.749414 2.314256
2.122858 11.521313 1.678560
1.986682 11.713340 2.002345
2.193670 11.439184 1.498095
1.854799 11.798345 2.336924
2.129432 11.460938 1.662963
2.094301 11.501132 1.756047
2.200272 11.386159 1.411156
1.980781 11.758001 2.011863
2.243531 11.470885 1.354026
2.168844 11.406763 1.564728
1.914243 11.825332 2.175711
1.846306 11.840507 2.346264
2.056704 11.682577 1.842800
2.030876 11.653468 1.909899
1.894997 11.793307 2.244746
2.227880 11.481586 1.404789
2.010940 11.618118 1.974105
2.233409 11.411667 1.392639
2.195245 11.508759 1.487943
1.874722 11.752847 2.307380
1.987097 11.583796 2.024286
2.205680 11.444695 1.473293
2.153025 11.544823 1.585329
2.125489 11.516191 1.653794
1.855252 11.719646 2.356780
2.213824 11.388433 1.381341
2.188726 11.446991 1.503343
1.998222 11.551714 1.982673
1.980917 11.600151 2.002936
2.106148 11.480529 1.719594
2.118963 11.524231 1.699319
2.109636 11.575878 1.698416
2.115300 11.462457 1.694824
1.863952 11.688250 2.324369
1.985388 11.655172 2.018888
1.855912 11.739927 2.349983
2.092517 11.446948 1.774253
2.118689 11.399917 1.677463
1.971334 11.696851 2.025825
2.239817 11.416101 1.381007
2.028003 11.596700 1.929844
1.905168 11.759689 2.191718
2.051518 11.622437 1.865420
1.884654 11.729215 2.257161
2.002379 11.559946 1.989617
2.226313 11.427818 1.431174
1.875611 11.697543 2.324943
2.185000 11.451437 1.510565
1.986612 11.529508 2.041968
2.143768 11.486835 1.608691
2.122278 11.461599 1.676220
2.193601 11.396270 1.527944
1.985786 11.488042 1.991591
1.986316 11.546894 2.021763
2.095891 11.422822 1.736483
2.106117 11.464024 1.716032
2.111392 11.522086 1.721651
1.865585 11.630426 2.338619
2.118687 11.409107 1.716289
1.983226 11.598615 2.036724
1.832421 11.666694 2.344720
2.061129 11.380294 1.780263
1.976534 11.643967 2.047936
2.018286 11.536847 1.946698
2.041484 11.562024 1.883533
1.906534 11.703541 2.214576
1.889448 11.676696 2.280117
1.997079 11.503057 2.007312
1.867232 11.639012 2.337159
1.982392 11.475205 2.057917
2.194052 11.402221 1.537679
2.150589 11.437512 1.635986
2.108641 11.402102 1.694637
1.986095 11.433064 2.007585
1.964215 11.480343 2.026180
2.081061 11.363976 1.751717
2.098528 11.407911 1.733512
2.104003 11.465997 1.741569
1.979556 11.542155 2.052643
1.870405 11.574781 2.354643
1.969800 11.586262 2.064116
2.019560 11.484333 1.970375
2.036984 11.504838 1.905266
1.887794 11.620741 2.299134
1.998914 11.452548 2.028060
1.902367 11.644187 2.233826
1.869921 11.586916 2.356607
1.974911 11.419641 2.071693
2.120326 11.371514 1.650507
1.966398 11.427662 2.044460
1.982822 11.376276 2.022667
2.101948 11.413100 1.762666
1.943568 11.469391 2.048428
1.865515 11.514433 2.364550
1.968005 11.532099 2.082322
2.021077 11.433274 1.992386
1.972211 11.387592 2.032033
1.875317 11.559819 2.309260
2.038779 11.452906 1.930130
1.898643 11.586325 2.253854
1.855932 11.526094 2.364810
1.970854 11.376927 2.064182
1.962795 11.427831 2.078322
1.932064 11.461170 2.079730
1.985902 11.364797 1.995043
1.875981 11.507653 2.331344
1.897556 11.532792 2.275683
1.962754 11.375049 2.096797
1.952251 11.421674 2.111579
1.898299 11.479727 2.298184
1.895383 11.425749 2.319360
2.265437 12.324592 1.093889
2.234195 12.271560 1.165954
2.227908 12.273640 1.178698
2.253627 12.245214 1.122372
2.276899 12.328840 1.059995
2.177887 12.303772 1.321364
2.161227 12.312412 1.354861
2.239182 12.207116 1.194880
2.227972 12.205621 1.205615
2.249800 12.174810 1.149641
2.248607 12.264578 1.116891
2.263451 12.249041 1.090249
2.229566 12.280002 1.170116
2.182265 12.239631 1.348684
2.166804 12.247196 1.379649
2.202721 12.292109 1.265038
2.162642 12.315536 1.370156
2.238759 12.140361 1.222219
2.228350 12.138150 1.231266
2.090859 12.305723 1.588078
2.251965 12.110565 1.177140
2.256366 12.202695 1.148422
2.264577 12.184062 1.121122
2.008093 12.350410 1.734961
2.269043 12.260998 1.055012
2.235894 12.217286 1.200131
2.273137 12.251914 1.044229
2.234143 12.286660 1.147377
2.180399 12.172043 1.374503
2.171458 12.181750 1.404104
2.204705 12.225512 1.294644
2.224819 12.277450 1.200396
2.165737 12.248764 1.396805
2.236936 12.074632 1.249642
2.229910 12.074213 1.257161
2.098107 12.244631 1.614283
2.247885 12.042874 1.203138
2.250410 12.133133 1.177882
2.008400 12.280617 1.753261
2.260849 12.114616 1.150411
2.273095 12.196780 1.089337
2.236456 12.149865 1.228226
2.280609 12.191340 1.078626
2.264838 12.331799 1.098052
2.116683 12.286499 1.534291
2.163073 12.316569 1.371641
2.238909 12.222624 1.179589
2.177457 12.106024 1.399140
2.296224 12.257363 0.998806
2.302169 12.255208 0.993068
2.165305 12.111677 1.425379
2.136784 12.334295 1.443003
2.198219 12.155355 1.322921
2.260052 12.303471 1.128160
2.228262 12.213535 1.233114
2.003868 12.336013 1.765803
2.165173 12.181052 1.422113
2.229192 12.006000 1.274297
2.225627 12.006473 1.280712
2.088758 12.172352 1.633790
2.244477 11.978123 1.228201
2.246114 12.065849 1.207166
2.012628 12.215066 1.772812
2.256478 12.048234 1.179273
2.264267 12.126020 1.121499
2.232042 12.081628 1.255487
2.267450 12.116701 1.110382
2.245434 12.249550 1.131257
2.166597 12.251288 1.399043
1.965917 12.282890 1.936533
2.230437 12.149653 1.209307
2.177088 12.042517 1.423936
2.283018 12.181327 1.034694
2.285391 12.177326 1.028036
2.165300 12.045961 1.447733
1.995401 12.386710 1.759487
2.136914 12.267223 1.471930
2.198124 12.090997 1.350585
1.988155 12.328011 1.865212
2.245291 12.225652 1.160515
2.004672 12.266817 1.785287
1.869503 12.328782 2.140612
2.217040 12.139862 1.261831
2.006368 12.378546 1.780167
2.163768 12.312185 1.373252
2.223864 11.941684 1.298269
2.157849 12.109306 1.444746
2.222524 11.942270 1.304512
2.081580 12.102949 1.654306
2.163829 12.307147 1.376638
2.241890 11.914516 1.253180
2.244557 12.003422 1.234500
2.013598 12.148219 1.790184
2.252340 11.983301 1.206447
2.225637 12.014727 1.281232
2.260992 12.059928 1.153143
2.270656 12.055502 1.141839
2.248226 12.184557 1.166513
2.103802 12.146213 1.581385
1.968255 12.219615 1.956588
2.161292 12.180057 1.424786
2.178303 11.982185 1.448134
2.228713 12.084877 1.238749
2.287011 12.119868 1.070196
2.286322 12.114618 1.063797
2.169140 11.985384 1.470915
1.998147 12.318928 1.781658
2.128029 12.194145 1.496750
2.196041 12.027970 1.376732
1.986249 12.259951 1.885282
1.856816 12.370103 2.155289
2.246659 12.159823 1.194244
2.003501 12.198943 1.803239
2.221470 12.079430 1.292340
1.864833 12.253097 2.149554
2.005653 12.309865 1.803432
2.164416 12.245702 1.403350
2.221118 11.879871 1.322384
2.159623 12.046806 1.468934
2.087511 12.046124 1.678051
2.223676 11.882840 1.328279
2.240061 11.852942 1.277632
2.165541 12.239100 1.407919
2.241249 11.939622 1.261572
2.014091 12.082626 1.807962
2.255190 11.923852 1.234599
2.254820 11.994926 1.182918
2.225786 11.951817 1.307199
2.260989 11.987757 1.171118
2.105085 12.084966 1.605989
1.964608 12.154328 1.973440
2.246774 12.118923 1.198811
2.032649 12.355792 1.718657
2.156264 12.112117 1.450426
2.168872 11.915427 1.469988
2.230403 12.023742 1.268251
1.992287 12.365263 1.777305
2.161821 11.917788 1.490574
2.279266 12.047086 1.097794
2.276458 12.049593 1.103696
2.002595 12.255266 1.805242
2.128825 12.130013 1.524734
1.984773 12.193385 1.906097
2.188631 11.961731 1.401701
1.848974 12.292214 2.162464
2.239401 12.092234 1.225792
2.004580 12.133039 1.822617
1.864046 12.184404 2.160921
2.215681 12.014067 1.321268
2.003104 12.240719 1.826023
2.084939 11.983891 1.698866
2.214714 11.817122 1.345155
2.165812 12.181258 1.432936
2.156826 11.983131 1.491443
2.210602 11.815149 1.348792
2.234571 11.790430 1.300740
2.236463 11.877747 1.288302
2.164940 12.171845 1.438948
2.018508 12.021271 1.826991
2.244574 11.858172 1.258983
2.217313 11.887147 1.330986
1.961712 12.091081 1.989779
2.248637 11.929931 1.212692
2.256555 11.924132 1.201141
2.107781 12.024553 1.632106
2.239588 12.050438 1.230782
2.037953 12.290973 1.746712
2.159131 12.049904 1.477393
2.167262 11.855291 1.492742
1.994985 12.300225 1.800637
2.224502 11.957432 1.295157
1.830597 12.304719 2.287456
2.158751 11.854972 1.510214
2.273968 11.987385 1.136410
1.999266 12.186379 1.823784
2.272956 11.981596 1.131279
1.855253 12.344882 2.174241
2.127199 12.065721 1.550443
1.855473 12.365243 2.213166
1.985830 12.132080 1.928245
2.191299 11.904078 1.428998
1.855074 12.230362 2.180130
2.232456 12.025191 1.256072
2.005457 12.071689 1.842321
1.862338 12.115482 2.171950
2.208382 11.948779 1.348256
2.079947 11.921495 1.717405
2.155692 11.921732 1.513774
2.006735 12.177777 1.851293
2.218030 11.760563 1.369921
2.161364 12.113011 1.460173
2.217381 11.759481 1.372455
2.235990 11.734303 1.324412
2.231993 11.816419 1.313763
2.155680 12.100979 1.466195
2.013834 11.954816 1.841486
2.242766 11.798451 1.285029
1.956071 12.027133 2.005109
2.214151 11.825695 1.355939
2.252268 11.874368 1.241926
2.256691 11.865829 1.229879
2.100398 11.959702 1.652930
2.233909 11.986029 1.261729
2.154178 11.985215 1.500492
2.162905 11.794453 1.514487
2.029397 12.215678 1.769067
1.994101 12.233351 1.823048
2.225942 11.899003 1.323386
2.157854 11.795023 1.530856
1.847796 12.271238 2.183340
1.996687 12.119533 1.841814
2.271391 11.926082 1.168700
2.273039 11.921900 1.164152
1.852638 12.383320 2.178406
1.982608 12.068293 1.945848
2.122424 12.001082 1.575986
2.184476 11.841681 1.452605
1.855747 12.297286 2.233040
1.857006 12.166978 2.195271
2.001294 12.005822 1.857991
2.235990 11.966381 1.287840
1.865501 12.052884 2.186162
2.076293 11.860834 1.737033
2.207153 11.888744 1.375899
2.004370 12.112832 1.873366
2.151887 11.858730 1.535520
2.211454 11.699620 1.391841
2.154928 12.046098 1.485890
2.209381 11.697710 1.392860
1.880234 12.348997 2.154071
2.230655 11.674139 1.345402
2.230933 11.758734 1.339295
2.151502 12.036032 1.493339
2.008675 11.889624 1.856398
2.239048 11.739163 1.309977
1.959862 11.970684 2.025301
2.212976 11.767058 1.379447
2.244086 11.810709 1.270178
2.101021 11.901523 1.677102
2.249747 11.802948 1.257199
2.154060 11.925000 1.525177
2.161047 11.737022 1.535966
2.231715 11.924366 1.293171
1.997464 12.171256 1.845444
2.028293 12.149219 1.794768
2.217565 11.835289 1.349189
2.155961 11.735742 1.550736
1.845795 12.203617 2.197227
2.001237 12.060974 1.864456
1.847550 12.312588 2.190949
2.263003 11.862827 1.200238
1.981747 12.007425 1.966898
2.263228 11.857817 1.194175
2.123719 11.941695 1.602183
2.181064 11.782929 1.476281
1.844813 12.222757 2.243238
1.853899 12.099078 2.206378
1.997992 11.942946 1.875169
2.228717 11.902946 1.316422
2.073902 11.802803 1.757327
1.862822 11.986487 2.198026
2.198366 11.825389 1.402543
2.202892 11.640011 1.412238
2.005929 12.052126 1.896690
2.148834 11.797769 1.556752
2.157658 11.987535 1.513603
2.203957 11.638449 1.413422
2.219435 11.612926 1.365217
1.880770 12.280193 2.176812
2.220056 11.695767 1.362401
1.949057 11.905876 2.037345
2.231594 11.679837 1.333156
2.007040 11.829027 1.873402
2.148659 11.972818 1.521573
2.206829 11.707606 1.402117
2.098388 11.842048 1.699086
2.243135 11.753976 1.297729
2.249710 11.746450 1.285087
2.155532 11.678655 1.556100
2.148534 11.862478 1.548269
1.992760 12.105247 1.865662
2.226185 11.862307 1.322001
2.216496 11.777601 1.374716
2.155732 11.678732 1.570439
2.032857 12.088367 1.821969
1.846839 12.141850 2.213626
1.992178 11.993389 1.879707
1.843397 12.243949 2.205426
1.976640 11.945926 1.985000
2.264072 11.806613 1.230907
2.262147 11.800591 1.225439
2.117272 11.878937 1.624936
2.174906 11.723475 1.498948
1.847972 12.162459 2.264777
1.853914 12.036132 2.220421
1.995919 11.880852 1.891415
2.073175 11.747045 1.777442
2.224418 11.841665 1.344320
1.873620 11.932768 2.218026
2.201297 11.771034 1.429744
2.143393 11.738496 1.577306
2.206355 11.585801 1.434885
2.000733 11.987383 1.917329
2.201510 11.581336 1.433298
2.149224 11.921961 1.537797
2.222501 11.559077 1.388708
2.210288 11.637232 1.385324
1.948194 11.849158 2.055430
1.871594 12.204745 2.191813
2.224054 11.621415 1.355909
2.012065 11.773368 1.892663
2.148314 11.913013 1.549542
2.201075 11.647802 1.423941
2.093769 11.783905 1.719548
2.234117 11.693330 1.323102
2.243352 11.687410 1.311045
2.155005 11.622957 1.578666
2.147331 11.803835 1.571767
1.991977 12.043477 1.887130
2.220090 11.802408 1.350824
2.213192 11.719804 1.400412
2.150097 11.619417 1.588548
1.849624 12.081455 2.230273
1.995647 11.936401 1.901163
1.844516 12.181277 2.222246
2.029754 12.023245 1.846148
1.970939 11.884738 2.001497
2.257984 11.746719 1.259732
2.166838 11.664455 1.520517
2.116171 11.821242 1.650455
2.256494 11.742190 1.255020
1.857964 11.978372 2.237736
1.847438 12.099373 2.283371
1.995220 11.822339 1.910349
2.067955 11.689215 1.796300
2.215147 11.779570 1.371378
1.869385 11.869200 2.229122
2.145492 11.682549 1.598855
2.194962 11.526394 1.453847
2.189090 11.708188 1.453349
2.194929 11.524545 1.452248
1.993952 11.923616 1.935603
2.144635 11.861523 1.562817
2.214685 11.501512 1.408590
1.945424 11.792872 2.072418
2.211198 11.582368 1.409407
1.870819 12.140215 2.212096
2.225402 11.568045 1.380748
2.008839 11.713748 1.907301
2.202817 11.594070 1.447935
2.085644 11.723028 1.739511
2.136804 11.846198 1.573991
2.229421 11.636561 1.348881
2.240483 11.631113 1.337497
2.145672 11.565456 1.596604
2.145132 11.745858 1.594504
1.987863 11.981312 1.905986
2.218720 11.746030 1.379212
1.853782 12.024642 2.249608
2.204882 11.659343 1.423670
2.143465 11.560771 1.605895
1.842413 12.119163 2.238475
1.989114 11.874082 1.917745
1.970259 11.828072 2.022026
2.024155 11.958861 1.867625
2.110389 11.761425 1.672268
1.858759 11.919316 2.252863
2.249583 11.687617 1.288303
2.164159 11.607748 1.543675
2.251156 11.684336 1.283332
1.846344 12.038447 2.301960
1.992502 11.763308 1.926162
2.065311 11.633891 1.815316
2.212348 11.722364 1.398249
2.140794 11.625317 1.618894
1.868750 11.809325 2.242735
2.190633 11.471567 1.474221
2.189251 11.467993 1.471532
2.186093 11.650936 1.477773
1.988033 11.862840 1.955385
2.145684 11.804840 1.587739
1.940311 11.735528 2.087553
2.199913 11.523912 1.430386
2.217258 11.509936 1.401893
2.001118 11.652060 1.920681
1.866459 12.073849 2.231457
2.190506 11.534428 1.466556
2.082681 11.667161 1.759793
2.139784 11.790937 1.601607
2.220665 11.579216 1.374157
2.226655 11.571998 1.359913
2.142640 11.510501 1.616467
1.987272 11.923739 1.926936
2.138839 11.685454 1.615139
1.850493 11.963151 2.262632
2.208445 11.684607 1.405507
1.847079 12.062938 2.258987
2.199984 11.602524 1.446999
2.135000 11.501660 1.622567
1.988405 11.815567 1.936674
1.966323 11.770110 2.040365
2.022151 11.898172 1.891621
1.854876 11.858140 2.264286
2.157670 11.551903 1.564639
2.103208 11.702635 1.694162
2.242334 11.630195 1.315516
2.240845 11.625668 1.310803
1.989300 11.705538 1.942393
2.061748 11.578336 1.833993
2.200167 11.661372 1.423447
2.130180 11.565188 1.636158
1.872702 11.752475 2.259622
2.182534 11.595844 1.502192
1.986113 11.805398 1.976841
2.132432 11.740803 1.608974
1.944782 11.683873 2.108397
2.196603 11.470271 1.453116
1.998746 11.595431 1.936824
2.212201 11.454927 1.424375
2.185770 11.479957 1.487769
2.080731 11.612482 1.782430
1.870216 12.015101 2.256191
2.131122 11.729927 1.626121
2.215288 11.523661 1.397905
2.224527 11.517741 1.385849
2.146423 11.458681 1.639433
1.980327 11.861777 1.944355
2.135993 11.630540 1.637443
1.854995 11.908733 2.282296
1.845244 12.004121 2.275121
2.201103 11.628082 1.432292
2.192851 11.545597 1.470496
1.985788 11.757485 1.954504
1.964564 11.715013 2.059705
2.015067 11.835721 1.912753
1.856090 11.800583 2.280163
2.149348 11.495592 1.584929
2.103601 11.649015 1.718651
2.239485 11.575749 1.343561
2.237083 11.570988 1.338512
2.052117 11.521683 1.849048
1.987438 11.649497 1.959712
2.199783 11.608475 1.449627
2.125314 11.509763 1.655343
1.861398 11.688484 2.266333
2.176229 11.540050 1.525599
1.985532 11.749685 1.999387
1.942859 11.630578 2.126887
2.135169 11.688245 1.635316
1.988122 11.534847 1.948342
2.072202 11.556112 1.800267
1.864699 11.951207 2.273939
2.126708 11.673692 1.650618
2.213911 11.471437 1.423326
1.980479 11.806246 1.964790
2.219979 11.463323 1.409507
2.131715 11.574801 1.658229
1.851648 11.849998 2.296490
1.984436 11.702033 1.973001
2.189532 11.491951 1.493221
2.199476 11.574411 1.459402
1.955900 11.657684 2.075511
1.856746 11.745184 2.296034
2.093079 11.589835 1.737928
2.011068 11.776368 1.935224
2.225754 11.517590 1.367991
2.230575 11.515607 1.365209
2.049810 11.468758 1.868387
1.986405 11.594592 1.976942
2.192242 11.551904 1.473962
2.126751 11.456881 1.676454
1.939432 11.577357 2.143437
2.161705 11.482148 1.545977
1.982532 11.693812 2.019655
1.864858 11.632896 2.283634
2.126992 11.630122 1.656445
1.978763 11.476892 1.960525
2.065414 11.501115 1.818349
1.864637 11.893325 2.296480
2.119037 11.616164 1.672929
1.982881 11.752679 1.986654
2.121955 11.517661 1.676998
1.981250 11.646114 1.990824
1.956385 11.604551 2.096274
2.184305 11.515426 1.482311
1.850977 11.686296 2.307952
2.085244 11.534111 1.759384
2.013331 11.722309 1.960797
2.221821 11.464716 1.394844
2.227479 11.463865 1.391974
1.985878 11.540281 1.995344
1.935493 11.523543 2.158800
2.182869 11.494868 1.497615
1.868681 11.579694 2.301260
1.980951 11.638765 2.041430
2.125555 11.576035 1.680250
1.981734 11.425322 1.979416
2.065045 11.449606 1.840369
1.973395 11.694208 2.002530
2.114537 11.560831 1.696982
2.105298 11.458287 1.692213
1.975182 11.591287 2.006775
1.953149 11.551375 2.115253
2.184337 11.464025 1.509225
1.852980 11.632619 2.324898
2.067339 11.473960 1.775526
2.001441 11.661388 1.978956
1.971959 11.481147 2.005827
1.932499 11.471810 2.176085
2.111744 11.518309 1.698493
1.974222 11.582852 2.059910
1.866593 11.523593 2.316103
1.972981 11.640834 2.022941
1.842160 11.680375 2.338858
2.099156 11.501789 1.717419
1.971842 11.537165 2.023730
1.952568 11.499803 2.134812
1.991802 11.602431 1.998538
1.961608 11.423854 2.017225
1.912422 11.412481 2.182518
2.110145 11.466022 1.721437
1.972991 11.530195 2.082002
1.965664 11.585229 2.039815
1.953356 11.476861 2.032523
1.857830 11.720716 2.360417
1.947419 11.447060 2.152687
1.993495 11.550528 2.024084
1.962012 11.473659 2.097527
1.954107 11.528999 2.053737
1.952262 11.424705 2.050898
1.988686 11.496036 2.045249
1.944054 11.415797 2.109090
1.952133 11.478451 2.073373
1.982481 11.442568 2.066493
1.942746 11.425085 2.088291
2.216666 12.322508 1.176099
2.182327 12.308651 1.278869
2.205938 12.269040 1.216671
2.213075 12.254178 1.202691
2.155305 12.311501 1.343264
2.180409 12.242592 1.305318
2.204854 12.204121 1.243045
2.212896 12.189498 1.229418
2.157295 12.245969 1.367850
2.198234 12.296173 1.229987
2.208531 12.275562 1.203279
2.222888 12.253151 1.167389
2.029270 12.379930 1.699174
2.152151 12.314898 1.352342
2.172291 12.173080 1.330125
2.204049 12.140642 1.267729
2.211601 12.127279 1.254509
2.118012 12.248673 1.508976
2.152040 12.178545 1.389593
2.017462 12.362720 1.760710
2.200698 12.234950 1.258947
2.207930 12.211237 1.230835
2.228900 12.193780 1.197337
2.028006 12.310262 1.717894
2.221332 12.289115 1.170372
2.136611 12.293684 1.431745
2.215609 12.283078 1.174902
2.244214 12.259567 1.120258
2.175805 12.113481 1.355302
2.155529 12.250197 1.378462
2.208535 12.080384 1.293680
2.209467 12.063928 1.279661
2.107813 12.180422 1.529778
2.155490 12.117987 1.412748
2.008535 12.291519 1.777425
2.151319 12.318276 1.346982
2.189994 12.164785 1.285129
2.207257 12.147814 1.257957
2.226481 12.130840 1.225770
2.026657 12.372130 1.731373
2.025694 12.242160 1.735401
2.223090 12.226814 1.201839
2.126751 12.222790 1.456264
2.237259 12.192263 1.151898
2.218342 12.220116 1.207147
2.173534 12.051925 1.379602
2.037019 12.336844 1.708647
2.153889 12.185573 1.403211
2.198740 12.013647 1.315227
2.205451 12.001006 1.303671
2.110356 12.121475 1.554173
2.157137 12.273508 1.370500
2.150996 12.052606 1.433978
2.011091 12.230701 1.800233
2.260181 12.254982 1.071604
2.247851 12.273312 1.107882
2.227078 12.286748 1.149225
2.059184 12.383150 1.624251
2.155177 12.256023 1.375881
2.196771 12.107448 1.314569
2.209576 12.088395 1.286048
2.214308 12.062606 1.251569
2.022253 12.302109 1.749853
2.032222 12.180977 1.756766
2.215579 12.159811 1.231861
2.129916 12.162641 1.482694
2.211112 12.154551 1.235487
2.233229 12.128008 1.182485
2.187614 12.314117 1.277174
1.895040 12.319862 2.088532
2.030865 12.269165 1.730032
2.180037 11.996330 1.405739
2.148625 12.120006 1.426534
1.887498 12.338155 2.138045
2.197719 11.952874 1.338610
2.201363 11.938986 1.327248
2.155787 12.318037 1.344677
2.108859 12.060089 1.576379
2.149916 12.206079 1.397247
2.013506 12.171684 1.822184
2.155624 11.995580 1.457386
2.244025 12.208208 1.141342
2.249873 12.184988 1.105112
2.225484 12.221756 1.182561
2.055948 12.315335 1.649569
2.018357 12.358527 1.745193
2.149700 12.188113 1.401312
2.195468 12.047082 1.341237
2.201655 12.023085 1.310318
2.218226 12.006361 1.279086
2.016870 12.232756 1.767545
2.037284 12.121716 1.777753
2.215384 12.098838 1.261754
2.130780 12.103277 1.508817
2.209595 12.091847 1.264261
2.233868 12.068175 1.212305
2.183797 12.247149 1.309039
1.890236 12.249667 2.099671
2.029513 12.205964 1.753095
2.168777 11.931517 1.426903
2.154294 12.063267 1.452743
1.880393 12.270597 2.150481
1.882970 12.366994 2.105378
2.193423 11.893551 1.360909
2.085583 12.353476 1.562890
2.153925 12.254776 1.374721
2.103318 11.998121 1.597992
2.204238 11.882453 1.351954
2.154534 12.147718 1.427233
2.021279 12.116838 1.847425
2.151822 11.933137 1.477680
2.250295 12.124671 1.138636
2.235319 12.141385 1.174279
2.059607 12.253911 1.675591
2.224587 12.159700 1.214970
2.014014 12.289461 1.765685
2.152927 12.128921 1.429753
2.192351 11.986246 1.367187
2.198051 11.961657 1.335079
2.209743 11.943213 1.303331
2.022907 12.172828 1.789310
2.032525 12.056208 1.794085
1.905523 12.311893 2.090159
2.128439 12.042611 1.532681
2.208917 12.035314 1.289582
2.227816 12.006150 1.240894
2.210583 12.032553 1.292817
2.182417 12.184490 1.340261
1.891276 12.184242 2.115285
2.033801 12.148375 1.777767
2.170680 11.875641 1.450828
2.150558 12.001773 1.475061
1.874607 12.204774 2.164027
1.884081 12.300660 2.121424
2.189611 11.832973 1.382789
2.110940 11.945089 1.622368
2.085123 12.287327 1.591281
2.195480 11.821054 1.372895
2.154222 12.192531 1.404207
2.007467 12.048965 1.860213
2.147170 12.082094 1.453112
2.151917 11.874933 1.499298
2.238738 12.083214 1.207177
2.249808 12.064117 1.171797
2.055739 12.189158 1.700452
2.222712 12.098309 1.246592
2.017539 12.227976 1.789257
2.185541 11.925366 1.391289
2.147168 12.064611 1.453470
2.010897 12.341069 1.762316
2.195280 11.901366 1.359760
2.210104 11.885129 1.329837
2.024899 12.112315 1.810483
2.027694 11.991602 1.809983
1.902516 12.247730 2.106788
2.121218 11.980227 1.556023
2.207185 11.977165 1.318665
2.218976 11.944317 1.267988
2.201329 11.969221 1.319149
1.876753 12.147484 2.182676
2.030494 12.086503 1.799256
1.885421 12.115618 2.125201
2.167636 11.817093 1.472210
2.172190 12.114919 1.367605
2.143268 11.938439 1.496376
1.882617 12.349959 2.129469
1.876557 12.229756 2.131488
2.191858 11.777644 1.405444
2.106162 11.885159 1.643470
2.193686 11.765141 1.394966
1.920971 12.289474 2.032105
2.011474 11.994974 1.883174
2.079228 12.219763 1.617536
2.149573 12.127611 1.431148
2.145377 12.022981 1.480177
2.147483 11.815552 1.519138
2.241657 12.002034 1.202949
2.225782 12.016653 1.236643
2.053960 12.126320 1.724331
2.020017 12.168055 1.811619
2.181307 11.866996 1.415596
2.211920 12.032759 1.275510
2.140919 12.001566 1.477588
2.012328 12.277668 1.786859
2.189233 11.842526 1.383357
2.204056 11.826291 1.353432
2.020554 12.048299 1.827570
2.029892 11.933436 1.829033
1.900479 12.184763 2.125783
2.127160 11.926780 1.582126
2.200506 11.916343 1.345204
1.947873 12.331128 1.955735
2.223303 11.889568 1.296246
2.202174 11.911727 1.346840
1.878896 12.090195 2.201316
2.034638 12.030713 1.823063
1.889376 12.056952 2.142949
2.164101 11.759805 1.493994
2.142942 11.880591 1.518822
1.876063 12.280242 2.141907
2.173314 12.055671 1.398600
1.876128 12.166252 2.146724
2.187766 11.720664 1.425613
2.098945 11.825961 1.661822
2.196697 11.711846 1.417120
2.002879 11.933077 1.898396
1.921715 12.228169 2.054186
1.868433 12.382589 2.127525
2.149727 12.067167 1.459767
2.070129 12.150899 1.641532
2.144000 11.963509 1.506399
2.146113 11.757420 1.538773
2.225017 11.959697 1.268092
2.239148 11.943708 1.234112
2.050715 12.065405 1.747833
2.015390 12.102594 1.830387
2.146023 11.946983 1.503759
2.180622 11.810470 1.440888
2.209833 11.974068 1.305843
2.009580 12.213628 1.808366
2.187992 11.786306 1.407036
2.205041 11.772038 1.378582
2.016553 11.986679 1.844988
1.891966 12.120091 2.139845
2.021296 11.869692 1.842650
2.115757 11.863761 1.602422
2.195498 11.857793 1.371595
1.879574 12.034828 2.219581
2.211673 11.827932 1.321836
2.197516 11.853716 1.371974
1.947565 12.266347 1.979988
2.025340 11.967734 1.840798
1.887898 11.995019 2.156965
1.872987 12.215124 2.156503
2.156036 11.701341 1.513998
2.138991 11.821803 1.539843
1.874722 12.103413 2.161172
2.171164 11.996017 1.426911
2.181023 11.662082 1.445133
2.100153 11.772178 1.683270
2.000546 11.875585 1.917263
2.184657 11.651906 1.436959
1.916120 12.163361 2.072179
1.872735 12.321262 2.149004
2.147025 12.007815 1.486469
2.143806 11.907566 1.532884
2.079066 12.096400 1.671997
2.140561 11.700503 1.556971
2.016819 12.044238 1.851529
2.232111 11.884203 1.263496
2.046562 12.004256 1.770971
2.173529 11.753193 1.463270
2.218469 11.898932 1.297067
2.142208 11.888245 1.527228
2.203568 11.914738 1.333139
2.010380 12.153287 1.832454
2.183127 11.729144 1.429289
2.196271 11.712498 1.401097
2.013386 11.926197 1.862328
1.891943 12.061792 2.159025
2.022094 11.812552 1.861737
2.117100 11.810033 1.626315
1.883450 11.980763 2.240088
2.187770 11.798537 1.396915
2.190140 11.795000 1.396037
2.208333 11.771657 1.348078
2.020493 11.908690 1.861469
2.149993 11.645686 1.532599
1.868513 12.151034 2.171146
1.949414 12.204432 2.005280
1.886348 11.933988 2.170549
2.136360 11.764745 1.561973
1.880413 12.047966 2.180794
2.161419 11.933940 1.453638
2.096969 11.715421 1.703786
1.996817 11.819118 1.936177
1.870141 12.258590 2.166383
1.915884 12.102721 2.093463
2.143414 11.948228 1.512806
2.139501 11.850085 1.556756
2.138559 11.645430 1.576154
2.074629 12.033812 1.696815
2.007032 11.980662 1.868071
2.042269 11.944908 1.793254
2.227163 11.826610 1.291899
2.174026 11.698341 1.487218
2.140132 11.830878 1.550972
2.210456 11.840090 1.325666
2.018630 12.099025 1.858860
2.199112 11.855883 1.361134
2.180838 11.674489 1.451751
2.196208 11.659808 1.425030
2.007916 11.866505 1.879361
1.897765 12.008254 2.182683
2.018713 11.754777 1.877789
2.112239 11.752859 1.648566
1.877302 11.921303 2.253071
2.191886 11.746482 1.423881
2.015925 11.851088 1.880452
2.190702 11.741103 1.422009
1.870235 12.092248 2.189010
2.211190 11.718830 1.375943
2.134913 11.709362 1.582769
1.875796 11.985683 2.194572
1.886186 11.873788 2.185665
1.939563 12.134850 2.023187
2.159963 11.877223 1.481015
2.088213 11.659051 1.721322
1.995177 11.764560 1.954112
1.865246 12.194855 2.181857
1.911951 12.042045 2.112887
2.135203 11.888367 1.536930
2.130314 11.790894 1.580095
2.074088 11.975465 1.722945
2.005668 11.922507 1.887698
2.162329 11.640795 1.507378
2.000900 12.028777 1.871874
2.227437 11.773133 1.321136
2.038876 11.885802 1.815869
2.137078 11.774181 1.573919
2.210731 11.786612 1.354905
2.199876 11.801144 1.389963
2.003696 11.807597 1.895470
1.893624 11.950279 2.200827
2.013936 11.696180 1.892277
1.876505 11.867868 2.270931
2.105844 11.696661 1.668409
2.182134 11.689462 1.447194
2.016713 11.797658 1.902713
1.873272 12.035200 2.207969
2.181438 11.682825 1.444909
2.200531 11.661578 1.398898
2.127610 11.652935 1.602252
1.875979 11.927881 2.210015
1.887687 11.817720 2.202219
1.941681 12.076241 2.048362
2.156622 11.820942 1.507239
1.989559 11.708533 1.971865
1.863410 12.134232 2.198710
1.908434 11.982868 2.133073
2.133541 11.832496 1.561429
2.127744 11.734793 1.604231
2.068181 11.914807 1.747372
1.998870 11.862943 1.905199
2.002737 11.973773 1.895357
2.037503 11.831360 1.838689
2.127684 11.715837 1.594386
2.202924 11.730114 1.381380
2.217536 11.714728 1.348581
2.190260 11.744173 1.415732
1.889832 11.892847 2.217714
2.002607 11.752743 1.915005
2.011870 11.640143 1.909428
1.874385 11.812705 2.287675
2.100770 11.642193 1.689372
2.008098 11.739483 1.921093
1.870390 11.976146 2.223618
1.875254 11.869843 2.225107
1.884663 11.758624 2.215405
1.932518 12.011457 2.066926
1.994179 11.658380 1.993436
1.864218 12.077067 2.217803
2.148403 11.762942 1.532951
1.906656 11.925062 2.153536
2.129714 11.775617 1.586467
2.120157 11.678774 1.627000
2.071605 11.859797 1.775251
1.999660 11.807655 1.925867
1.996424 11.914798 1.914046
2.032088 11.774484 1.859319
2.123582 11.660707 1.616125
2.200830 11.676469 1.408293
2.204294 11.656823 1.372923
2.186776 11.689695 1.441104
1.891815 11.841071 2.238659
2.002838 11.697764 1.934053
1.869897 11.757379 2.302091
2.007085 11.583403 1.925507
1.868758 11.919722 2.239954
2.011460 11.688554 1.943566
1.870906 11.810867 2.238773
1.880242 11.700554 2.228640
1.991554 11.606346 2.012167
1.864535 12.021162 2.237299
1.927808 11.950607 2.088428
2.148543 11.709400 1.559739
1.907519 11.870714 2.176229
2.123101 11.718930 1.610013
2.116471 11.625135 1.649498
1.993623 11.750129 1.942860
2.059637 11.798936 1.795502
1.995958 11.858730 1.935617
2.028898 11.719573 1.881414
1.886624 11.784664 2.255587
1.995270 11.641213 1.948649
1.864081 11.702178 2.316980
1.998052 11.526929 1.938129
1.867123 11.863298 2.256282
2.005349 11.633783 1.961724
1.872818 11.758141 2.257686
1.981199 11.549990 2.025270
1.881247 11.645744 2.245590
1.865755 11.965493 2.257142
1.923863 11.891792 2.109429
2.140181 11.653202 1.584589
1.906920 11.816436 2.196949
2.121225 11.665759 1.633219
1.996499 11.698603 1.964141
2.051636 11.741410 1.817504
1.986855 11.799953 1.952804
2.028839 11.666861 1.905329
1.881361 11.729158 2.272085
1.991319 11.585603 1.964654
1.870028 11.653731 2.339665
1.986369 11.468857 1.950102
1.863675 11.806406 2.271895
1.999653 11.580507 1.980641
1.867421 11.700730 2.270137
1.980796 11.499920 2.045460
1.860985 11.908719 2.273241
1.880439 11.590466 2.261824
1.923952 11.837264 2.134202
1.901860 11.760084 2.216313
1.988994 11.643002 1.980753
1.980814 11.744277 1.971389
2.055263 11.690590 1.844856
2.020562 11.611081 1.924028
1.881107 11.677272 2.293133
1.985973 11.531018 1.980709
1.864192 11.754699 2.290858
1.994791 11.528365 1.999481
1.869328 11.648004 2.289035
1.857534 11.853676 2.290452
1.986796 11.450589 2.068545
1.880951 11.536914 2.279171
1.920350 11.780843 2.155529
1.902160 11.707892 2.238972
1.981906 11.587043 1.996523
1.984659 11.693936 1.995038
2.044891 11.632902 1.864523
2.015903 11.558094 1.945735
1.873889 11.623096 2.308063
1.973799 11.474200 1.993088
1.861155 11.699302 2.307220
1.993615 11.476261 2.020154
1.855823 11.800001 2.307941
1.867124 11.593744 2.305320
1.857582 11.474363 2.278789
1.914934 11.723953 2.176139
1.896606 11.652800 2.258732
1.976069 11.533712 2.012983
1.977638 11.638926 2.012831
1.869453 11.570578 2.326070
2.000659 11.501882 1.959906
1.973322 11.423181 2.011241
1.857978 11.645703 2.322731
1.963194 11.416557 2.024596
1.850001 11.744796 2.322819
1.863943 11.540150 2.320821
1.860802 11.423368 2.298782
1.891331 11.599147 2.276807
1.910351 11.670050 2.198273
1.967514 11.479681 2.028373
1.969572 11.585481 2.029418
1.859810 11.595721 2.342793
1.849675 11.693803 2.343435
1.887512 11.547274 2.298438
1.911683 11.618145 2.223712
1.947954 11.422789 2.037062
1.967908 11.534630 2.050498
1.888081 11.498368 2.320989
1.907931 11.565372 2.245763
1.953849 11.480089 2.063335
1.949745 11.429976 2.081661
1.896446 11.510136 2.263784
1.903619 11.462975 2.293686
2.195261 12.294452 1.231684
2.175394 12.319358 1.292798
2.209903 12.275002 1.211503
2.180588 12.284514 1.262103
2.148544 12.329098 1.350675
2.140245 12.329923 1.372571
2.189543 12.274356 1.260344
2.176489 12.279476 1.280279
2.177523 12.278499 1.297012
2.191688 12.230712 1.260917
2.170985 12.254477 1.322077
2.208523 12.213218 1.242271
2.137364 12.275035 1.394711
2.181311 12.223700 1.289934
2.149330 12.267370 1.378931
2.135630 12.269588 1.402198
2.127846 12.277905 1.423560
2.136222 12.261853 1.394939
2.187191 12.212296 1.288285
2.045775 12.370422 1.617562
2.178929 12.219083 1.306415
2.029505 12.392513 1.674529
2.173474 12.213223 1.323009
2.030582 12.389682 1.689656
2.187215 12.166739 1.289758
2.169990 12.193231 1.351592
2.199180 12.147539 1.270466
2.096768 12.273648 1.537337
2.176761 12.159684 1.316325
2.137251 12.213073 1.422578
2.040638 12.335897 1.669710
2.148319 12.205177 1.406420
2.071777 12.290747 1.594236
2.142941 12.210892 1.428971
2.135114 12.198679 1.417949
2.050352 12.311913 1.642797
2.131188 12.217731 1.450069
2.184378 12.149648 1.315009
2.177433 12.155369 1.330664
2.032883 12.329528 1.697417
2.175014 12.152596 1.348752
2.026458 12.323390 1.711187
1.974975 12.345142 1.815005
2.187892 12.107767 1.319173
1.952049 12.365052 1.870579
2.167140 12.132421 1.379919
2.201592 12.089934 1.300212
2.175167 12.098719 1.341751
2.092670 12.209255 1.562905
2.042197 12.271508 1.689803
2.130911 12.148584 1.448209
2.140565 12.140774 1.430048
2.062337 12.223115 1.615933
2.132153 12.143399 1.451104
2.057560 12.254999 1.668733
2.123417 12.152382 1.471671
2.137935 12.138823 1.442820
2.176220 12.094948 1.354843
2.181504 12.087902 1.341300
2.030473 12.263662 1.717242
2.172063 12.090807 1.372594
2.026702 12.260062 1.733753
1.976485 12.285373 1.840344
2.183183 12.047402 1.346309
1.927501 12.325204 1.937700
1.950508 12.301250 1.892395
2.165126 12.072745 1.408191
2.194648 12.029464 1.327416
2.042359 12.208145 1.709910
2.171335 12.037643 1.367235
2.084541 12.144291 1.587775
2.147276 12.086080 1.458390
2.132794 12.090339 1.474300
2.045789 12.186274 1.686012
2.058505 12.161073 1.639406
2.135315 12.085932 1.476326
2.131378 12.075160 1.463119
2.125740 12.093780 1.496936
2.164409 12.029040 1.375738
2.182882 12.030924 1.367787
2.026664 12.198823 1.737082
2.163784 12.026726 1.394578
2.029022 12.200493 1.757004
1.901434 12.340138 2.054330
1.912269 12.301594 2.012467
1.971864 12.220330 1.862256
1.933746 12.267994 1.960807
2.181486 11.989182 1.372900
1.954574 12.243032 1.915987
2.159004 12.012459 1.433317
2.194304 11.972062 1.355584
2.042459 12.145684 1.729584
1.832019 12.365449 2.204019
2.175727 11.982809 1.393180
2.079767 12.083865 1.612464
2.134178 12.033348 1.500785
2.140756 12.024299 1.482734
1.905484 12.290448 2.048793
2.058028 12.103566 1.662698
2.036094 12.121310 1.703978
2.120423 12.032737 1.517966
2.131824 12.016058 1.485167
2.130570 12.023672 1.499396
2.177596 11.971775 1.392865
2.170575 11.973727 1.400408
2.025830 12.137974 1.757986
2.168557 11.972437 1.419276
1.900200 12.276830 2.072441
2.026910 12.138861 1.778774
1.919430 12.241821 2.032306
1.935443 12.210529 1.981593
1.974149 12.162594 1.887107
2.177495 11.931755 1.399131
1.952356 12.183194 1.936924
2.155972 11.954353 1.460347
2.190311 11.914636 1.381811
2.042440 12.085030 1.748406
2.168185 11.922610 1.416289
1.827319 12.299397 2.221461
2.084630 12.029593 1.639616
2.121375 11.969947 1.522474
2.135454 11.964200 1.505778
2.036895 12.064579 1.726394
1.900294 12.222883 2.062991
2.062874 12.048348 1.687824
2.124694 11.964792 1.520399
2.132151 11.958760 1.506363
1.808853 12.318562 2.274875
2.125258 11.977532 1.543080
2.169560 11.916560 1.422045
2.172687 11.913175 1.416684
2.033735 12.083048 1.780974
2.162791 11.911759 1.441100
1.894974 12.211106 2.088238
2.027831 12.080313 1.802022
1.916415 12.175264 2.045999
1.930955 12.148693 1.998529
1.977275 12.105983 1.911898
1.950138 12.123349 1.957843
2.155899 11.899287 1.486408
2.038891 12.022537 1.766119
1.821208 12.233420 2.236886
2.136662 11.909906 1.530973
2.076646 11.968778 1.661520
2.125715 11.915992 1.547977
2.043865 12.011260 1.750597
1.905568 12.165380 2.083244
2.056230 11.987406 1.709282
1.800414 12.251495 2.285896
2.118489 11.918409 1.563690
2.123746 11.906703 1.542446
2.124577 11.896664 1.525401
2.024424 12.018615 1.797667
1.891371 12.148540 2.103530
2.019761 12.018499 1.819463
1.930342 12.091066 2.016917
1.914201 12.111674 2.061255
1.951337 12.067127 1.979011
1.968449 12.043062 1.931831
2.040951 11.965623 1.785618
2.041916 11.954719 1.771439
1.820347 12.173414 2.257371
2.078321 11.915050 1.687923
1.901101 12.100741 2.096538
1.799878 12.192939 2.304719
2.052103 11.929859 1.730611
2.118264 11.863252 1.584854
2.030934 11.964695 1.820662
1.890418 12.088510 2.121550
2.018770 11.961279 1.841101
1.919949 12.028153 2.029949
1.912268 12.051381 2.076442
1.942317 12.005973 1.995649
1.967026 11.986186 1.954298
2.037680 11.906420 1.803258
2.036813 11.896899 1.789933
1.827366 12.120975 2.283621
2.073748 11.857859 1.710061
1.898730 12.040799 2.112548
2.057632 11.879401 1.756432
1.802889 12.137145 2.326648
2.023178 11.904335 1.836413
1.888009 12.030410 2.139167
2.012830 11.902318 1.859635
1.916578 11.970737 2.046761
1.908573 11.988783 2.089251
1.942114 11.950774 2.016820
1.962449 11.928030 1.974416
1.802229 12.080391 2.344607
1.892306 11.979350 2.125832
1.826840 12.063354 2.304444
1.885080 11.972628 2.155149
1.922101 11.919308 2.070554
1.904894 11.927123 2.104074
1.932971 11.891427 2.032594
1.958211 11.872266 1.994887
1.891167 11.922030 2.142558
1.820465 12.003766 2.321785
1.885261 11.917962 2.175065
1.917329 11.862915 2.087370
1.902831 11.868636 2.118383
1.931805 11.836898 2.052944
1.952174 11.816039 2.014591
1.889527 11.865966 2.159678
1.819376 11.948303 2.342570
1.876480 11.858212 2.187553
1.914232 11.808789 2.104091
1.908824 11.814998 2.139714
1.931036 11.783854 2.074066
1.954173 11.763721 2.039288
1.885228 11.807368 2.174042
1.818283 11.892838 2.363342
1.880585 11.806853 2.209319
1.914224 11.756840 2.122718
1.927515 11.731021 2.093626
1.904899 11.756950 2.152822
1.948013 11.709298 2.058130
1.888869 11.755425 2.194594
1.815735 11.839302 2.383713
1.879281 11.753174 2.226779
1.910680 11.703063 2.140241
1.928475 11.679334 2.115061
1.904085 11.702018 2.169864
1.940571 11.654093 2.077826
1.883950 11.699890 2.208504
1.996580 11.569873 1.940280
1.874383 11.698574 2.242718
1.975934 11.569391 1.965844
1.903924 11.648917 2.154998
1.923990 11.627170 2.133801
1.905060 11.647540 2.187648
1.936600 11.601611 2.098183
1.879485 11.644938 2.223605
1.872137 11.646502 2.261388
1.975865 11.519294 1.986034
1.906559 11.599489 2.176333
1.918604 11.574773 2.152153
1.897933 11.590058 2.199993
1.930773 11.549573 2.117356
1.883515 11.594473 2.244905
1.873476 11.595344 2.281555
1.903347 11.548098 2.194189
1.913595 11.522925 2.169249
1.901038 11.538426 2.218874
1.928933 11.499936 2.138813
1.886585 11.544677 2.265399
1.872004 11.545303 2.299745
2.216602 12.316362 1.205242
2.237350 12.287285 1.164477
2.209162 12.317523 1.235748
2.213201 12.252756 1.237286
2.230861 12.222465 1.196626
2.206194 12.253566 1.266959
2.150545 12.294539 1.395197
2.132771 12.321904 1.453845
2.208371 12.189272 1.267323
2.231697 12.164499 1.228497
2.018802 12.398783 1.741089
2.199182 12.189079 1.297482
2.153120 12.235168 1.423747
2.137623 12.263527 1.484361
2.207834 12.130515 1.297600
2.033523 12.326566 1.732033
2.224622 12.100925 1.258595
2.199495 12.131448 1.327727
2.014423 12.330346 1.765001
2.139345 12.166752 1.448784
2.125185 12.194976 1.508946
2.204638 12.070191 1.327141
2.032479 12.263553 1.755399
2.213401 12.038646 1.287192
2.188344 12.066428 1.355101
2.013472 12.267332 1.790816
2.142273 12.109757 1.477702
2.122865 12.133937 1.536829
2.197347 12.010249 1.355589
2.028189 12.202052 1.777640
2.213592 11.982833 1.316593
2.190343 12.011045 1.385258
2.011560 12.205008 1.815834
1.908439 12.329676 2.083920
2.134914 12.047978 1.502071
1.870928 12.349284 2.157191
2.116933 12.072023 1.563194
2.190810 11.951430 1.381545
2.031849 12.145239 1.802035
1.904465 12.266887 2.100842
2.183427 11.951660 1.412452
2.014463 12.147063 1.842707
2.134120 11.991925 1.528643
1.869859 12.285319 2.178509
2.116627 12.014708 1.589343
2.030145 12.086206 1.824565
1.901334 12.205225 2.117721
2.006137 12.083210 1.862614
2.129297 11.933525 1.552895
1.859312 12.216794 2.193205
2.110526 11.955519 1.614460
2.026581 12.027647 1.845923
1.900404 12.147293 2.137777
2.007171 12.025733 1.888300
2.127486 11.879068 1.578252
1.858164 12.155558 2.215722
2.108771 11.900146 1.640226
2.023860 11.970212 1.867237
1.886939 12.079945 2.148053
1.997815 11.965302 1.908625
1.859595 12.098612 2.240176
2.102554 11.842772 1.664504
2.016155 11.911127 1.885449
1.892136 12.028081 2.171133
1.994276 11.907643 1.931997
1.855153 12.037975 2.259514
2.007961 11.853299 1.904074
1.893721 11.975345 2.192696
1.989308 11.850113 1.953364
1.854716 11.981499 2.282783
1.884940 11.916018 2.205628
1.846602 11.920902 2.300182
1.883286 11.862976 2.224423
1.981458 11.740593 1.998439
1.848791 11.867798 2.325782
1.882998 11.810708 2.244792
1.978157 11.687128 2.021345
1.845524 11.812483 2.347070
1.872710 11.754243 2.256927
1.972525 11.633576 2.041872
1.838646 11.756301 2.366841
1.983597 11.586112 2.000113
1.874629 11.703875 2.278827
1.963331 11.578247 2.061286
1.833460 11.702371 2.386540
1.982786 11.535116 2.020856
1.868822 11.650306 2.294456
1.959477 11.526940 2.084177
1.864748 11.599897 2.312058
1.860667 11.549487 2.329649
2.202545 12.279102 1.160257
2.208864 12.269372 1.149504
2.187787 12.276688 1.194269
2.183749 12.277410 1.201485
2.176738 12.271461 1.228816
2.167670 12.281162 1.252406
2.141437 12.303534 1.307509
2.140734 12.296956 1.307469
2.153938 12.285292 1.291337
2.167579 12.265146 1.250567
2.168913 12.266788 1.271732
2.147925 12.290714 1.332227
2.199548 12.217671 1.189445
2.126018 12.303558 1.387327
2.201453 12.206897 1.179378
2.104492 12.314862 1.433808
2.186002 12.216951 1.222176
2.184197 12.217738 1.229246
2.149064 12.252520 1.311639
2.143974 12.248816 1.321317
2.185957 12.217514 1.256076
2.176891 12.227219 1.279667
2.143965 12.243964 1.332686
2.156550 12.245041 1.333505
2.082416 12.357872 1.568530
2.158588 12.227611 1.315583
2.172225 12.207460 1.274813
2.065867 12.332742 1.557855
2.075146 12.353785 1.592637
2.047573 12.352765 1.616487
2.026405 12.372801 1.665510
2.161399 12.203443 1.299564
2.077376 12.354441 1.606382
2.146039 12.230105 1.358091
2.199689 12.159241 1.220105
2.128548 12.243999 1.412506
2.069461 12.344995 1.618211
2.207323 12.152087 1.210117
2.111841 12.258728 1.458715
2.183752 12.155762 1.249283
2.181491 12.157807 1.256808
2.149459 12.193782 1.339013
2.147813 12.191831 1.347262
2.169103 12.163004 1.303016
2.172839 12.149329 1.278499
2.140540 12.181713 1.354958
2.082860 12.294333 1.587263
2.143224 12.175081 1.351836
2.165006 12.171259 1.340144
2.167878 12.144999 1.296736
2.066579 12.272799 1.582335
2.074837 12.290025 1.613459
2.020966 12.308396 1.682986
2.050468 12.293806 1.640429
2.064477 12.284168 1.623864
2.160521 12.143934 1.327831
2.145007 12.170623 1.383918
2.193826 12.099044 1.247468
2.119341 12.179052 1.434309
2.061136 12.278468 1.638709
2.199280 12.090913 1.238019
2.113291 12.198998 1.481111
1.972743 12.343950 1.818925
2.188893 12.101352 1.275998
2.182678 12.101100 1.283754
2.146700 12.134785 1.366188
2.139055 12.128342 1.369873
2.178788 12.094235 1.303521
2.167495 12.103883 1.327257
2.140254 12.122460 1.378701
2.142777 12.115848 1.373140
2.081063 12.230736 1.606149
2.155222 12.106670 1.360360
2.171028 12.087488 1.319052
2.049716 12.202956 1.601314
1.968378 12.336828 1.885679
2.023643 12.250384 1.704101
2.076188 12.229421 1.633811
2.048325 12.232372 1.661816
2.065883 12.225374 1.645870
1.947972 12.354981 1.945243
2.168461 12.091955 1.357256
2.143913 12.112062 1.409360
2.125757 12.125442 1.460139
2.188413 12.040321 1.275642
2.063159 12.221118 1.663961
1.950024 12.310386 1.894707
2.194727 12.033305 1.266152
1.910292 12.351121 1.991364
2.102952 12.134796 1.499737
1.970667 12.281631 1.840706
1.930964 12.329005 1.947656
1.958878 12.322420 1.918784
2.181034 12.040782 1.300227
2.182028 12.043991 1.310004
2.145196 12.076571 1.392479
2.146887 12.075479 1.397254
2.173459 12.035216 1.325971
2.163082 12.045071 1.350058
2.141172 12.064901 1.401168
1.962182 12.315715 1.945431
2.075949 12.166901 1.622396
2.140896 12.055869 1.392902
2.156083 12.050021 1.382435
2.166506 12.027783 1.339808
2.062085 12.152059 1.630057
2.020367 12.189693 1.722311
2.072958 12.167804 1.652415
1.971359 12.274886 1.902644
2.040175 12.169173 1.679906
2.082775 12.122385 1.576450
2.063675 12.164858 1.666872
1.950205 12.295542 1.965557
2.139611 12.054155 1.434209
2.158020 12.030767 1.382875
2.119979 12.064983 1.481786
2.070958 12.166482 1.689692
2.185119 11.983498 1.302892
1.916483 12.296708 2.012709
1.950530 12.251431 1.916368
2.104225 12.077822 1.520966
2.194173 11.977094 1.294455
1.929887 12.269322 1.965328
1.962772 12.263407 1.937362
1.976357 12.225136 1.867368
2.174942 11.981544 1.324771
2.175936 11.984754 1.334548
2.149012 12.022328 1.419704
2.138920 12.014039 1.419443
2.172639 11.978140 1.349790
2.164955 11.989522 1.374536
1.959728 12.254363 1.961948
2.140252 12.006941 1.422939
2.145705 12.001527 1.414752
2.084384 12.111591 1.643995
2.153331 11.991651 1.403506
2.161921 11.969001 1.360177
2.019316 12.131793 1.741642
2.059922 12.093355 1.652718
2.076471 12.110909 1.673502
2.041918 12.113686 1.701944
1.974276 12.213864 1.919223
1.956493 12.242018 1.988955
2.079903 12.062541 1.601594
2.066435 12.107744 1.690047
1.828371 12.331743 2.230083
2.140171 11.998760 1.459186
2.156911 11.974940 1.409581
2.118609 12.008300 1.504003
1.906662 12.231941 2.024757
2.183031 11.928377 1.328852
2.060217 12.102669 1.709163
2.105036 12.022121 1.542643
1.950975 12.193408 1.937628
1.932973 12.213742 1.986853
1.959800 12.201524 1.952670
2.179039 11.928795 1.350352
1.973295 12.163561 1.888401
2.175974 11.931535 1.359572
2.141039 11.963636 1.443140
2.144288 11.962080 1.444131
1.955943 12.193191 1.978944
2.169012 11.921400 1.372146
2.162245 11.932989 1.397243
2.137897 11.950984 1.444405
2.083203 12.052817 1.661261
2.144558 11.944535 1.433674
2.151426 11.934440 1.424514
2.167623 11.914899 1.382359
2.028203 12.080728 1.765283
1.826505 12.300609 2.275919
2.070366 12.050564 1.690249
2.059060 12.037282 1.676118
2.040039 12.056521 1.722946
1.976716 12.154153 1.936230
1.948181 12.178939 2.004581
2.068559 12.051964 1.711210
2.082746 12.009090 1.628049
1.806201 12.294040 2.298399
1.820993 12.266198 2.244794
2.137106 11.941694 1.483124
2.154858 11.918966 1.435926
1.910427 12.177548 2.043793
2.119498 11.953536 1.527720
2.065134 12.049312 1.733041
2.104344 11.966628 1.562371
1.925514 12.151791 2.002447
1.947276 12.133161 1.956672
1.965893 12.145360 1.972349
1.814828 12.285291 2.309556
1.975240 12.107232 1.913251
2.141113 11.909557 1.468556
2.134355 11.902127 1.464820
1.954315 12.133027 1.995405
2.138616 11.896235 1.465687
2.077536 11.991229 1.677564
2.144816 11.888324 1.454151
1.819074 12.274612 2.341800
2.025239 12.023397 1.783506
1.832005 12.243050 2.292353
2.074304 11.995198 1.712128
2.058483 11.982703 1.697896
2.042156 12.003472 1.745383
1.972283 12.091568 1.949989
1.942440 12.119221 2.020096
2.065237 11.994058 1.730676
1.805571 12.235936 2.316863
2.080546 11.953169 1.651959
2.131235 11.884939 1.505634
1.824688 12.209441 2.268301
1.905953 12.118611 2.058420
2.114385 11.897009 1.548142
2.105983 11.912100 1.584008
2.055114 11.988503 1.751686
1.927087 12.096427 2.022032
1.948954 12.078686 1.978304
1.818499 12.227330 2.325292
1.958716 12.082170 1.985058
1.970669 12.048590 1.933608
1.950343 12.074631 2.011235
2.081708 11.935538 1.696164
2.022215 11.966988 1.801345
2.067209 11.935589 1.728152
1.834751 12.182170 2.306483
2.036949 11.946084 1.763762
2.054805 11.926956 1.719871
1.967736 12.030814 1.962970
1.938575 12.061726 2.037975
2.063229 11.938736 1.750914
1.799796 12.174469 2.330730
2.076511 11.896851 1.675177
1.899590 12.060186 2.071959
1.828835 12.154152 2.292623
2.097100 11.853877 1.600988
2.055445 11.934143 1.773826
1.921393 12.038531 2.039211
1.942043 12.019103 1.996767
1.820736 12.168624 2.339487
1.959256 12.025708 2.002255
1.963913 11.988986 1.954512
1.947789 12.016997 2.028623
2.076380 11.877252 1.712504
2.024162 11.913976 1.821359
2.065998 11.879582 1.746703
2.039052 11.893052 1.786217
1.835608 12.121800 2.319528
2.052385 11.871989 1.740965
1.961353 11.969664 1.975259
1.937394 12.005763 2.056522
2.064359 11.883689 1.771366
1.902826 12.007984 2.091082
2.072877 11.842914 1.698817
2.053487 11.880640 1.795728
1.915075 11.981916 2.054414
1.828456 12.096941 2.315593
1.936795 11.962670 2.014761
1.820680 12.110772 2.353444
1.948813 11.964095 2.013990
1.959223 11.932187 1.974101
1.945123 11.961194 2.045233
2.014673 11.857069 1.836365
1.833149 12.061189 2.329937
1.925126 11.946470 2.068820
1.965481 11.914938 1.993482
1.899598 11.952559 2.106104
1.912918 11.926676 2.072228
1.826080 12.039349 2.335432
1.951062 11.909879 2.031121
1.936571 11.908726 2.035325
1.953720 11.876090 1.995395
1.936856 11.903284 2.057700
1.928052 11.895514 2.090854
1.836735 12.004160 2.345313
1.960403 11.856380 2.006552
1.896823 11.898601 2.121940
1.913449 11.875678 2.091970
1.946955 11.853335 2.046198
1.934971 11.855841 2.056001
1.942006 11.852389 2.079595
1.950338 11.821885 2.015766
1.925376 11.842449 2.108744
1.836655 11.946323 2.359296
1.962635 11.802170 2.023700
1.897702 11.848177 2.140447
1.910771 11.822619 2.109864
1.946905 11.799982 2.063099
1.933365 11.802964 2.076687
1.942468 11.799589 2.097697
1.952140 11.770148 2.041147
1.921727 11.790099 2.125899
1.892118 11.794535 2.154854
1.966687 11.748373 2.041559
1.910886 11.771981 2.130472
1.945019 11.746230 2.079309
1.923925 11.747922 2.093375
1.936926 11.745028 2.112504
1.948289 11.717215 2.061991
1.923614 11.740779 2.146822
1.891558 11.743373 2.171830
1.956455 11.691898 2.052569
1.907280 11.718735 2.148033
1.940785 11.691529 2.093626
1.926420 11.697332 2.116289
1.933263 11.692687 2.129675
1.940773 11.663480 2.081442
1.922803 11.689946 2.167095
1.890588 11.692564 2.189663
1.955006 11.636897 2.068343
1.903109 11.668570 2.165269
1.942598 11.640406 2.112912
1.919203 11.645082 2.134110
1.931420 11.640758 2.147558
1.938794 11.612774 2.104661
1.913084 11.636763 2.180578
1.891900 11.643623 2.209012
1.950703 11.583115 2.082285
1.902288 11.617749 2.185555
1.938758 11.588087 2.127660
1.921231 11.595759 2.157498
1.924384 11.589092 2.161708
1.981405 11.489771 1.950884
1.936244 11.562435 2.126297
1.909816 11.586809 2.198182
1.889950 11.593532 2.226119
1.955644 11.532256 2.101794
1.901307 11.569662 2.204667
1.932167 11.535169 2.141365
1.908301 11.543236 2.170397
1.927559 11.539644 2.182170
1.926374 11.510487 2.145136
1.911222 11.538767 2.219596
1.891760 11.545149 2.246686
1.897679 11.519156 2.223526
2.086736 11.517384 1.745598
2.033163 11.455377 1.781381
1.827943 11.581472 2.361890
1.842169 11.573917 2.354012
1.936320 11.515136 2.083557
1.950050 11.444551 2.080996
1.944402 11.455587 2.020555
1.855527 11.569948 2.315999
1.846529 11.526226 2.378919
1.932799 11.466509 2.104006
1.851355 11.519002 2.333589
2.010799 12.343160 1.718936
1.970917 12.345727 1.836601
2.017034 12.288205 1.739540
1.967580 12.288548 1.854853
1.893515 12.359336 2.056360
1.841223 12.381322 2.171711
1.969329 12.235472 1.874914
1.890712 12.298755 2.069225
1.845704 12.329651 2.192464
1.971593 12.182926 1.896188
1.891312 12.240999 2.086017
1.838422 12.270944 2.204781
1.967318 12.127417 1.913283
1.890461 12.183467 2.100846
1.836878 12.217749 2.222161
1.966824 12.075287 1.933070
1.887250 12.125079 2.113748
1.835729 12.164198 2.238693
1.958876 12.019119 1.948722
1.884158 12.068493 2.128301
1.831825 12.110150 2.254144
1.957465 11.966828 1.968143
2.080850 11.789224 1.595083
1.878716 12.010141 2.141324
1.837332 12.062274 2.276096
2.109233 11.746243 1.592480
1.952243 11.913902 1.983678
2.137928 11.704925 1.515842
2.141278 11.697466 1.513505
2.097261 11.742489 1.619288
1.880325 11.957102 2.158923
1.837735 12.012129 2.295440
1.952245 11.865044 2.003468
2.106506 11.695080 1.611982
2.038152 11.759611 1.773815
2.132842 11.652909 1.533420
2.134356 11.645119 1.530364
2.095324 11.690607 1.637098
1.875902 11.902542 2.173160
1.832509 11.959193 2.310973
2.074197 11.676026 1.686774
1.935489 11.808696 2.013878
2.098674 11.641653 1.628876
2.038564 11.709493 1.793151
2.131420 11.602470 1.552035
2.133852 11.594847 1.549338
2.090632 11.638230 1.653828
1.976286 11.728424 1.899205
1.878431 11.849671 2.191113
1.832903 11.909963 2.329915
2.075005 11.625554 1.705261
1.936411 11.760006 2.034021
2.098693 11.591902 1.649053
2.033070 11.658740 1.811174
2.126336 11.550459 1.569607
2.127454 11.543029 1.567396
2.089733 11.588313 1.673645
1.991392 11.680954 1.924284
1.828182 11.859379 2.345854
1.872172 11.794785 2.204624
2.071233 11.573343 1.722345
1.932218 11.709963 2.051161
2.090842 11.540302 1.665148
2.029809 11.607961 1.829067
2.121242 11.499361 1.586779
2.123268 11.493008 1.584530
2.079522 11.535857 1.687816
1.830542 11.811363 2.367558
1.984338 11.627713 1.939085
1.875740 11.743876 2.224583
1.933674 11.660886 2.072899
2.081668 11.489811 1.681331
2.027072 11.557707 1.848160
2.121125 11.449643 1.604502
2.076649 11.485640 1.704463
1.977264 11.576297 1.953091
1.870914 11.690594 2.239255
1.927635 11.611425 2.088918
2.024315 11.509276 1.866459
1.975317 11.525322 1.970490
1.867530 11.638001 2.255488
1.927246 11.562927 2.109535
2.019743 11.458692 1.884828
1.967336 11.472832 1.984526
1.867427 11.586430 2.273999
1.922127 11.513632 2.125906
1.872045 11.536562 2.296353
1.922658 11.464385 2.147284
2.028098 12.356053 1.702699
2.003333 12.383689 1.752966
1.990935 12.346070 1.823977
2.017505 12.293139 1.722710
1.989970 12.352073 1.798796
1.996369 12.324190 1.773258
1.983436 12.286972 1.842673
1.860945 12.390615 2.150489
1.998317 12.359707 1.779669
1.992521 12.297570 1.820300
1.890778 12.332778 2.068143
1.981015 12.345922 1.824494
1.850832 12.329839 2.162749
1.993848 12.299894 1.796540
1.868382 12.359214 2.112933
1.890224 12.275379 2.090572
1.861131 12.346651 2.137180
1.975738 12.287726 1.842674
1.849167 12.275978 2.180823
1.868717 12.303809 2.134948
1.877194 12.365288 2.118281
1.851481 12.378462 2.160929
1.888315 12.220909 2.112325
1.980295 12.125956 1.905797
1.858441 12.290837 2.153223
1.847504 12.222120 2.198895
1.871139 12.305752 2.130747
1.862496 12.247280 2.151989
1.854938 12.325039 2.182404
1.878989 12.161491 2.130291
1.861366 12.237818 2.173100
1.845829 12.169182 2.216578
1.865989 12.247305 2.143184
1.859550 12.191778 2.171321
1.844406 12.266450 2.194733
1.866885 12.103405 2.146396
1.854874 12.181390 2.185248
1.845169 12.119110 2.235904
2.143353 11.785596 1.468754
2.120519 11.810569 1.529097
2.130867 11.800561 1.507426
1.858487 12.188011 2.153687
1.840392 12.211740 2.210871
1.859836 12.140044 2.191781
1.869651 12.053397 2.170844
1.852683 12.127936 2.201719
2.072949 11.830204 1.652047
2.063671 11.840542 1.684705
1.846345 12.069376 2.255949
2.145304 11.738146 1.494119
2.117378 11.760848 1.551834
2.128245 11.751357 1.531372
2.126226 11.815803 1.542769
2.134052 11.809063 1.531539
2.140847 11.787704 1.488132
1.860883 12.135397 2.171962
1.844854 12.162107 2.233597
1.855552 12.086560 2.210822
1.948316 11.911253 1.972961
2.033067 11.847812 1.681664
1.872036 12.002826 2.196525
1.854273 12.076939 2.221303
1.956456 12.016677 1.936866
2.073080 11.781499 1.677076
2.077542 11.840091 1.669162
2.059994 11.791212 1.705846
2.040327 11.869719 1.617127
1.840077 12.016523 2.271434
1.979665 11.859789 1.900480
2.136278 11.686860 1.515922
2.115155 11.711296 1.574929
2.123791 11.701821 1.554594
2.124401 11.765897 1.565018
2.126216 11.756721 1.550799
2.138105 11.737634 1.510019
1.837162 12.107649 2.247899
1.860928 12.081932 2.188304
2.108202 11.820906 1.572498
1.857403 12.036384 2.234906
2.027726 11.770966 1.764032
2.121616 11.795895 1.527815
2.132405 11.782797 1.506455
1.955633 11.864836 1.998048
2.064731 11.808105 1.716573
1.852990 12.024572 2.237743
1.963265 11.968825 1.961132
1.864622 11.948284 2.215713
2.069940 11.731775 1.699811
2.055402 11.741718 1.726623
2.074676 11.789147 1.688991
1.967802 11.892939 1.940329
2.077235 11.830206 1.649701
1.841779 11.967310 2.292685
1.972363 11.807044 1.921336
2.130909 11.637161 1.538780
2.121557 11.653186 1.577301
2.112019 11.661578 1.597662
2.118908 11.715323 1.585820
2.120723 11.706149 1.571600
2.137200 11.687901 1.532626
1.838876 12.057517 2.269538
1.858224 12.027968 2.203560
1.952426 11.861349 1.958044
2.104420 11.769797 1.591965
2.043052 11.769159 1.742649
1.856382 11.984838 2.255848
2.034145 11.723477 1.789141
2.120587 11.745292 1.548365
2.129144 11.732209 1.527131
1.954205 11.814569 2.019447
2.056485 11.757026 1.736292
1.850915 11.972909 2.255878
2.042507 11.822232 1.750021
1.953469 11.915266 1.977613
1.865683 11.898811 2.241490
2.065886 11.681887 1.722182
2.069978 11.737871 1.708097
1.964018 11.841820 1.959798
2.058168 11.692649 1.750674
2.071098 11.778244 1.667236
1.839279 11.917826 2.310893
1.970127 11.758396 1.944044
2.123694 11.588043 1.560528
2.100613 11.611274 1.616756
2.112521 11.602818 1.598713
2.108830 11.663917 1.604814
2.114714 11.655064 1.591191
2.130778 11.638080 1.552678
1.841114 12.007903 2.292385
1.956872 11.813566 1.979987
1.856944 11.975607 2.219998
2.104816 11.720792 1.613698
2.051185 11.721139 1.766421
2.052549 11.762124 1.721881
1.852611 11.932793 2.275704
2.030461 11.675066 1.809890
2.121779 11.695590 1.568399
1.950395 11.765280 2.038139
2.129419 11.682341 1.546805
2.052294 11.707182 1.756219
2.040532 11.773284 1.769435
1.851580 11.922663 2.274708
1.953327 11.866643 1.997752
2.062516 11.687011 1.725730
2.057753 11.632596 1.743568
1.957991 11.791634 1.979003
1.862558 11.848154 2.264612
2.054499 11.643324 1.771808
2.071769 11.728022 1.686062
1.832592 11.867160 2.326446
1.966991 11.708668 1.966775
2.121068 11.539762 1.584078
2.105293 11.554614 1.620072
2.097466 11.562473 1.639098
1.955149 11.808016 1.942713
2.102425 11.613182 1.625251
2.105939 11.604393 1.609309
1.835755 11.956135 2.307839
2.121622 11.586847 1.572030
1.953476 11.763016 1.998217
1.858941 11.924266 2.238726
2.102875 11.670023 1.633883
2.054125 11.712981 1.740680
2.046476 11.670779 1.785136
1.847911 11.881497 2.294809
2.027190 11.625391 1.830174
2.118004 11.644488 1.587862
1.944753 11.715658 2.056107
2.125232 11.632504 1.566729
1.851851 11.872767 2.294384
2.046806 11.656609 1.777017
2.036754 11.722175 1.788899
1.952284 11.816939 2.017914
2.055509 11.584871 1.765884
2.044381 11.594661 1.789639
1.957990 11.742968 2.001582
2.062411 11.636575 1.746636
1.857983 11.797728 2.285774
2.073881 11.678483 1.706456
1.832437 11.819443 2.346195
1.966596 11.660354 1.990201
2.094149 11.490240 1.597926
2.104783 11.516985 1.663788
2.109077 11.508411 1.645762
1.959491 11.758455 1.962982
2.096911 11.564445 1.645273
1.832356 11.905569 2.326070
2.103590 11.554893 1.629952
2.122531 11.539280 1.594580
1.857255 11.873171 2.255621
1.950999 11.712633 2.016805
2.094499 11.619000 1.651152
2.040838 11.621168 1.803102
2.049815 11.662273 1.758546
2.022578 11.577728 1.850171
1.845172 11.831403 2.316693
1.925611 11.663239 2.065363
2.112764 11.594534 1.604978
1.841772 11.820220 2.305583
2.117775 11.581653 1.584358
2.042194 11.608946 1.797014
2.036635 11.672649 1.809418
1.941948 11.764701 2.032405
2.041620 11.546419 1.810744
2.051254 11.586880 1.762047
2.052886 11.536582 1.789433
1.953802 11.693118 2.021506
1.853946 11.746904 2.308529
2.071408 11.628111 1.725042
1.961616 11.611206 2.011819
2.078293 11.465285 1.677559
2.130205 11.462675 1.677027
1.959753 11.709489 1.982266
2.099657 11.517208 1.668543
1.827125 11.854671 2.343577
2.112224 11.509222 1.654154
2.097738 11.487960 1.606629
1.950331 11.664413 2.035341
1.854149 11.820480 2.271330
2.037955 11.572059 1.822148
2.089796 11.568648 1.669863
2.008274 11.527885 1.865344
2.047741 11.611551 1.776283
1.843338 11.782390 2.338550
1.921397 11.615220 2.084511
2.108062 11.544184 1.623688
1.844388 11.772090 2.326800
2.118961 11.532869 1.603999
2.042201 11.560288 1.819588
1.943251 11.716764 2.054108
2.029163 11.622704 1.826660
2.048051 11.498926 1.835845
2.048892 11.538290 1.782302
1.946850 11.643683 2.039957
2.039639 11.486860 1.807412
2.061980 11.576970 1.739503
1.850432 11.696596 2.332493
1.955721 11.561893 2.033074
1.957144 11.659158 1.998407
2.098735 11.469304 1.690367
1.832739 11.808770 2.369993
2.108963 11.459554 1.674432
1.942340 11.613948 2.051372
1.848264 11.769119 2.285180
2.087421 11.520974 1.689730
1.840589 11.733209 2.360043
1.935810 11.570429 2.115769
2.098225 11.494313 1.638608
1.835355 11.720579 2.340414
2.100072 11.482200 1.617365
2.032501 11.510364 1.836953
2.031389 11.574943 1.848720
1.929769 11.664381 2.068360
2.025494 11.447590 1.847765
2.021623 11.485255 1.790359
1.942806 11.593787 2.062321
2.060415 11.527681 1.758060
1.843113 11.645672 2.352565
1.956390 11.513694 2.059300
1.957427 11.609278 2.018074
1.921753 11.561769 2.058665
1.846587 11.718029 2.302068
2.160632 11.481166 1.738236
1.887681 12.301841 2.099445
1.850133 12.311357 2.205382
1.900717 12.318513 2.076325
1.889977 12.249559 2.121137
1.902638 12.327848 2.048646
1.942501 12.282371 1.949335
1.960858 12.207981 1.923888
1.829600 12.338152 2.250828
1.900144 12.264904 2.094852
1.846414 12.253971 2.225182
1.885737 12.195334 2.138192
1.925678 12.306862 1.989219
1.905216 12.273438 2.067811
1.942446 12.229269 1.969077
1.961442 12.155334 1.947289
1.827195 12.282402 2.269384
1.896704 12.208143 2.110978
1.843732 12.198520 2.247030
1.915187 12.283226 2.030752
1.879147 12.139382 2.153679
1.931124 12.255611 2.010786
2.096377 11.894103 1.600961
1.902574 12.215974 2.082244
1.945263 12.177498 1.991984
1.961509 12.103100 1.969092
1.807752 12.299009 2.313673
1.823876 12.226502 2.287573
1.970317 12.014669 1.946172
1.890913 12.151486 2.124771
2.142281 11.839541 1.536649
2.166987 11.806494 1.469911
2.154858 11.819090 1.500296
1.840133 12.143835 2.268126
1.916214 12.226383 2.046655
2.032974 11.885483 1.689267
1.875427 12.086592 2.171566
1.924535 12.199650 2.026273
2.097085 11.890031 1.590122
2.090665 11.843077 1.623084
1.900969 12.161362 2.098341
1.939193 12.122049 2.008686
1.955161 12.047950 1.989086
1.803394 12.243929 2.328667
1.815972 12.169831 2.303921
1.884325 12.096455 2.139876
2.115148 11.854196 1.571042
1.966320 11.962175 1.967350
2.122021 11.785058 1.555714
2.149079 11.752829 1.490926
2.135514 11.764764 1.519728
1.842156 12.091858 2.293109
2.149395 11.809234 1.493684
2.145126 11.813952 1.505065
1.910308 12.167033 2.059152
2.073221 11.848572 1.729547
1.868438 12.033751 2.186752
1.927232 12.148856 2.046353
2.104089 11.842154 1.614567
2.119284 11.888239 1.587281
2.088103 11.793085 1.645080
1.894661 12.104204 2.110919
1.935076 12.068691 2.027803
1.951044 11.995513 2.007820
1.818392 12.119336 2.327292
1.886106 12.045515 2.159587
2.115338 11.803751 1.594525
2.108234 11.865652 1.608027
2.120496 11.736081 1.580140
1.964279 11.909937 1.991709
2.043164 11.873073 1.764365
2.137140 11.715901 1.544411
2.144805 11.702472 1.514631
1.835810 12.036716 2.313103
2.144085 11.757860 1.514960
2.137983 11.761353 1.525987
1.912371 12.113047 2.076720
2.051409 11.791660 1.745349
1.871774 11.985249 2.209726
2.145325 11.809813 1.520001
2.148119 11.806440 1.514454
1.986609 11.866172 1.935409
1.925746 12.096022 2.064130
2.100774 11.835061 1.479132
2.099968 11.846308 1.503605
2.096826 11.789612 1.633045
2.111104 11.834620 1.605774
2.111948 11.874112 1.562658
2.086460 11.743251 1.667444
1.935543 12.017947 2.047994
1.891225 12.049292 2.126279
1.940513 11.940163 2.024745
1.820813 12.068843 2.350663
1.998891 11.881712 1.789629
1.880437 11.991564 2.174676
2.110944 11.753450 1.615785
2.094156 11.810541 1.625543
2.115704 11.686136 1.602247
2.041919 11.822885 1.785883
1.959885 11.858717 2.013353
2.085773 11.871570 1.631723
2.143680 11.654063 1.537828
2.132348 11.665956 1.566519
1.983363 11.863144 1.898638
2.134904 11.711774 1.546386
1.833649 11.984534 2.335017
2.136942 11.706181 1.535499
1.911169 12.057176 2.092351
2.051200 11.743403 1.768913
1.870408 11.935117 2.228798
2.133122 11.753009 1.530836
2.131246 11.755621 1.537134
1.982095 11.815930 1.954225
1.917725 12.041247 2.077269
2.131489 11.804579 1.532327
2.143178 11.795257 1.509822
2.096500 11.739582 1.654930
2.097824 11.779726 1.621213
2.113216 11.822674 1.581155
2.085335 11.694841 1.690641
1.892491 11.997849 2.144776
1.923058 11.962345 2.061739
1.939786 11.890479 2.047477
2.010417 11.909061 1.831056
1.977889 11.857380 1.863129
1.820484 12.018803 2.372549
2.029852 11.842391 1.824169
1.875685 11.938689 2.189751
2.105635 11.702998 1.636678
2.091476 11.760611 1.645094
2.041194 11.773204 1.808615
2.088477 11.820793 1.651802
2.109600 11.635474 1.625216
1.950392 11.805305 2.032324
1.981998 11.813933 1.917328
2.126241 11.617126 1.588723
2.137574 11.604319 1.560415
2.132347 11.661788 1.568382
2.137134 11.657577 1.558217
1.825988 11.931428 2.354724
1.905782 12.001099 2.104914
1.870477 11.886564 2.249071
2.049678 11.694429 1.793339
2.128569 11.704777 1.557068
2.132278 11.702475 1.551506
1.962793 11.761445 1.965475
1.915842 11.989689 2.095510
2.131044 11.753690 1.552150
2.142215 11.743861 1.528430
2.099611 11.729715 1.640542
2.109502 11.770813 1.598659
2.079108 11.645155 1.710783
2.094740 11.688893 1.675232
1.923128 11.912875 2.082394
1.884871 11.942735 2.157067
1.990272 11.854976 1.825195
1.924153 11.835692 2.060581
2.010887 11.859241 1.850865
1.988963 11.810692 1.887815
1.875238 11.888715 2.209191
2.013821 11.787953 1.838121
2.103078 11.653013 1.658675
2.090633 11.710076 1.665764
2.084365 11.769285 1.670154
2.030784 11.720557 1.826836
2.107162 11.587265 1.648892
1.985738 11.765089 1.939454
1.946519 11.754599 2.055182
2.130552 11.555338 1.582251
2.119619 11.566879 1.610094
1.862177 11.834848 2.264354
2.124492 11.605892 1.576166
2.126522 11.610836 1.588060
1.902748 11.945843 2.119428
2.042138 11.644024 1.814343
1.960632 11.712942 1.985859
2.127726 11.655161 1.577356
2.130002 11.651282 1.570593
1.906507 11.936038 2.108745
2.124581 11.701368 1.568550
2.133919 11.690314 1.544478
2.105272 11.718451 1.614949
2.087478 11.638195 1.692944
2.094583 11.678058 1.658525
2.074719 11.594864 1.732043
1.915747 11.860395 2.098427
1.884307 11.890988 2.174828
2.009081 11.809177 1.851978
1.922911 11.785509 2.082098
2.007174 11.807383 1.868369
1.878459 11.840277 2.229721
1.987484 11.758796 1.905208
2.015329 11.739151 1.860359
2.095020 11.603019 1.678081
2.087558 11.660502 1.686163
2.078420 11.717470 1.687770
2.027310 11.671334 1.848081
2.101057 11.538440 1.671097
1.981627 11.714502 1.957423
1.939379 11.703841 2.075339
2.112996 11.518465 1.630701
2.121697 11.506051 1.603351
1.864203 11.787464 2.287425
2.122853 11.556983 1.598148
2.120298 11.561153 1.608202
1.899316 11.891857 2.134405
2.037349 11.595000 1.836069
1.957556 11.664286 2.005875
1.902792 11.885094 2.125867
2.128718 11.605857 1.598379
2.131912 11.602133 1.591985
2.135708 11.641223 1.563424
2.121788 11.649671 1.586423
2.062991 11.546088 1.749213
2.082571 11.588315 1.712607
2.093224 11.627937 1.677598
2.106545 11.667021 1.633445
1.914504 11.811127 2.119562
1.883743 11.840159 2.192206
2.009835 11.757238 1.869259
1.915251 11.735163 2.100657
2.004896 11.757104 1.887074
1.872912 11.789028 2.246107
1.989791 11.709293 1.925752
2.009904 11.687846 1.879190
2.088279 11.552832 1.697008
2.083050 11.610271 1.704979
2.078376 11.667153 1.706363
2.027505 11.622730 1.870799
2.090368 11.489761 1.691079
1.977517 11.663918 1.975392
1.921114 11.652212 2.088253
2.102307 11.469789 1.650683
2.113758 11.458754 1.624055
1.862441 11.739522 2.306580
2.114475 11.511122 1.627497
2.118465 11.507612 1.619026
1.898635 11.839256 2.150104
2.033997 11.546638 1.859377
1.954482 11.615631 2.025892
1.906015 11.835741 2.146779
2.113725 11.554277 1.613995
2.117317 11.550202 1.606754
2.130166 11.589064 1.580193
2.120828 11.599201 1.604648
2.078979 11.539156 1.731409
2.061873 11.497686 1.772410
2.089115 11.577356 1.695567
2.101918 11.615932 1.650199
1.907643 11.760077 2.136427
1.879913 11.787448 2.207648
2.007441 11.705190 1.886285
1.914528 11.687320 2.122625
1.995683 11.705239 1.901988
1.873376 11.740113 2.265546
1.987905 11.658652 1.943623
2.005385 11.638515 1.897636
2.082964 11.504207 1.717149
2.077616 11.559871 1.723440
2.021671 11.573597 1.889725
2.076092 11.616863 1.725080
2.085572 11.441644 1.712435
1.975749 11.615050 1.994942
1.854652 11.690136 2.322325
1.922339 11.603688 2.113796
2.100262 11.422133 1.673143
2.115383 11.410798 1.648369
2.106807 11.462600 1.645304
2.110398 11.459440 1.637680
1.952315 11.568032 2.045906
1.897191 11.784424 2.160475
2.022784 11.496522 1.878539
1.895197 11.785263 2.165093
2.107376 11.503725 1.632088
2.111366 11.500215 1.623616
2.117627 11.549673 1.622615
1.907308 11.712782 2.157176
2.127365 11.538269 1.597695
2.070397 11.489562 1.749230
2.081330 11.527058 1.711693
2.054726 11.448753 1.791814
2.099516 11.564785 1.666854
1.876591 11.737062 2.223552
2.000855 11.652002 1.900634
1.909214 11.637776 2.143146
1.994316 11.656019 1.920689
1.868350 11.690291 2.282762
2.005063 11.591238 1.918373
1.981844 11.607821 1.958409
2.071793 11.511668 1.741969
2.072159 11.454671 1.735068
2.015452 11.523914 1.909866
2.070551 11.565619 1.741465
2.080388 11.393890 1.734624
1.967456 11.564263 2.009840
1.855766 11.642600 2.345027
1.912970 11.553898 2.133680
2.104655 11.414102 1.665688
2.105494 11.410480 1.656960
1.945576 11.518764 2.064450
1.883276 11.731851 2.171103
2.015248 11.447955 1.898778
1.895557 11.733679 2.183220
2.105102 11.455286 1.650027
2.111446 11.451674 1.643889
2.110252 11.499039 1.637882
2.114486 11.487625 1.610372
1.901886 11.662396 2.175622
2.078140 11.477548 1.729647
2.050340 11.400298 1.812310
2.064976 11.439180 1.767678
2.087556 11.513379 1.680281
1.878904 11.687559 2.244094
1.998461 11.602705 1.916511
1.907580 11.588865 2.165127
1.997544 11.607587 1.941218
1.866995 11.640171 2.301834
1.981406 11.558773 1.977467
2.001475 11.541162 1.937556
2.063621 11.461740 1.758931
2.077862 11.406994 1.759995
2.066443 11.516870 1.758669
1.846156 11.592927 2.360022
2.007398 11.474841 1.928890
1.965702 11.515413 2.029377
1.912374 11.505081 2.158475
1.881917 11.683565 2.189409
1.938319 11.469907 2.081397
2.011900 11.399593 1.922087
1.879174 11.678523 2.190217
2.103351 11.405521 1.669947
2.107341 11.402011 1.661476
2.109864 11.437457 1.626744
2.102879 11.447492 1.653532
1.902485 11.613441 2.197492
2.072201 11.427577 1.746498
2.065576 11.391143 1.789167
2.086082 11.463323 1.696909
1.874280 11.636473 2.260847
1.994237 11.551269 1.932417
1.991086 11.557108 1.956853
1.903195 11.539494 2.186005
1.862889 11.590505 2.319420
1.975865 11.508451 1.993470
1.995655 11.492046 1.956469
1.842168 11.545033 2.379289
2.062786 11.412129 1.779220
2.061822 11.465786 1.775423
1.963032 11.466409 2.048548
2.002098 11.425316 1.949401
1.905360 11.455189 2.180695
1.933934 11.422368 2.101511
1.880163 11.634715 2.208945
1.879535 11.627858 2.207963
1.899933 11.565291 2.218724
2.115729 11.387719 1.646699
2.102842 11.398096 1.671744
2.084612 11.412352 1.713921
1.871492 11.585695 2.278337
1.993683 11.500450 1.949796
1.985147 11.507137 1.973704
1.897497 11.490318 2.207364
1.856033 11.540380 2.335903
1.967575 11.457669 2.008370
1.992069 11.442889 1.975272
2.054967 11.415663 1.791907
1.877890 11.586276 2.226885
1.876231 11.575663 2.224620
1.895032 11.515413 2.238389
1.866353 11.534106 2.293876
1.984360 11.446827 1.963032
1.981043 11.457475 1.991292
1.897300 11.442065 2.230931
1.980231 11.392349 1.990763
1.874303 11.537120 2.245687
1.872928 11.523468 2.241279
1.886861 11.466403 2.254970
1.870623 11.485764 2.317222
2.023083 11.401014 2.002739
1.976026 11.406744 2.008895
1.872552 11.488270 2.265227
1.877998 11.473511 2.263313
1.873588 11.416122 2.268497
1.867134 11.438807 2.283296
1.877569 11.421715 2.283523
1.941490 12.286807 1.920805
1.942116 12.287271 1.964921
1.939749 12.284419 1.993578
1.930820 12.282727 1.994764
1.931505 12.275454 2.023204
1.953751 12.237566 1.944274
1.943811 12.233898 1.983882
1.896686 12.284332 2.102571
1.914147 12.262354 2.060926
1.938299 12.230915 2.012268
1.934665 12.232308 2.020630
2.058513 12.042438 1.627444
2.028825 12.049495 1.651785
1.925484 12.221138 2.040040
1.953115 12.183354 1.961277
1.881605 12.258684 2.156300
2.123820 11.986911 1.547067
1.942771 12.180948 2.001334
2.139612 11.972257 1.525249
1.897173 12.232929 2.123663
2.125739 11.981517 1.541978
2.139514 11.948378 1.481903
2.140067 11.975987 1.544096
1.917486 12.212317 2.085185
2.122907 11.971055 1.542727
2.128145 11.959812 1.523895
1.987873 12.047400 1.748381
2.148779 11.943629 1.490797
1.929032 12.174680 2.027170
1.935777 12.180484 2.045774
2.095294 12.005173 1.663514
2.096205 11.986917 1.620634
1.816451 12.273885 2.286186
2.106976 11.964107 1.579681
2.064583 12.011191 1.685431
2.048442 12.028440 1.728565
1.921404 12.168927 2.059281
2.032492 12.031478 1.761211
1.958482 12.131536 1.981328
2.169400 11.912438 1.483165
2.146462 11.905911 1.483253
1.807424 12.269452 2.326560
2.013147 12.031567 1.779241
1.941710 12.069750 1.879587
1.875481 12.203477 2.171089
2.142682 11.916237 1.515079
2.154508 11.906751 1.492716
1.975073 12.056054 1.859861
1.936652 12.126667 2.015727
2.127288 11.938709 1.572988
1.890752 12.179872 2.140955
2.127272 11.932115 1.565102
2.125095 11.916851 1.542032
2.016373 12.035998 1.809828
2.142370 11.898788 1.504554
2.004232 12.041034 1.826810
2.136922 11.924898 1.563311
1.912090 12.159389 2.105293
2.125250 11.920940 1.564166
2.134039 11.910381 1.544370
2.038686 12.017005 1.795400
2.143300 11.890793 1.508448
1.929017 12.123676 2.046662
1.931811 12.127330 2.067855
2.074372 11.948623 1.677702
2.094593 11.936471 1.643878
1.822214 12.221685 2.305401
2.064180 11.960578 1.705759
2.105473 11.914542 1.604979
2.047016 11.976784 1.746467
1.916820 12.116201 2.077311
2.039401 11.983065 1.784113
1.950948 12.074757 1.994917
2.147382 11.857855 1.501930
2.144963 11.857266 1.508156
2.023819 11.985588 1.805289
1.873124 12.152532 2.188235
1.992012 12.038820 1.925393
2.143818 11.868109 1.538649
2.150160 11.856742 1.514452
2.004646 12.017434 1.895417
2.117047 11.887168 1.593735
1.933797 12.072484 2.032832
1.888911 12.127625 2.160096
2.124805 11.868040 1.564018
2.126984 11.882390 1.587480
2.029896 11.991378 1.839043
2.140659 11.848390 1.525347
2.008101 11.992453 1.851888
2.118752 11.869758 1.578215
1.899685 12.103024 2.119925
2.125261 11.869983 1.583647
2.129478 11.858616 1.561996
1.925351 12.072028 2.064667
2.139656 11.839194 1.526443
2.026103 11.962780 1.814978
1.920027 12.072366 2.085753
2.073573 11.898371 1.698867
2.094304 11.887650 1.665864
2.065100 11.910682 1.725219
1.822903 12.167248 2.321937
2.047427 11.925454 1.765106
1.910921 12.065496 2.095023
2.103063 11.864815 1.629902
2.041237 11.932412 1.804336
1.949417 12.021294 2.011155
2.143146 11.808725 1.525716
1.867117 12.100030 2.204285
2.140728 11.808137 1.531943
2.023422 11.934969 1.825612
1.973618 11.982809 1.935798
2.144903 11.806574 1.535813
2.136734 11.816703 1.559660
1.994188 11.964115 1.912055
1.882503 12.075484 2.176987
1.930946 12.020125 2.049149
2.111386 11.836439 1.616330
2.123101 11.817639 1.584807
2.117560 11.830138 1.606537
2.005726 11.933817 1.850900
2.140783 11.799226 1.546485
2.004152 11.942059 1.872783
2.118366 11.819160 1.598532
1.896129 12.052249 2.139982
2.116645 11.817928 1.600627
2.125840 11.807015 1.579988
1.920268 12.019701 2.081084
2.137848 11.787921 1.545176
2.018096 11.911189 1.835621
1.914246 12.019805 2.106691
2.070950 11.848707 1.718894
2.087220 11.836236 1.686874
2.062883 11.859747 1.744795
1.907368 12.015636 2.114686
1.819943 12.112164 2.336984
2.046421 11.873446 1.782157
2.101063 11.815642 1.653586
2.026108 11.878333 1.816668
1.934986 11.963784 2.020534
1.866198 12.050680 2.222614
2.143895 11.760048 1.550510
1.965799 11.930923 1.950705
2.018055 11.883899 1.844918
2.138329 11.759332 1.556467
2.134227 11.767929 1.581738
1.976822 11.910062 1.924487
2.141485 11.756730 1.557911
1.874274 12.023023 2.193131
1.926784 11.967964 2.065932
2.107962 11.787498 1.638037
2.122313 11.769221 1.605180
2.000357 11.883657 1.869815
2.113629 11.779769 1.627423
2.137259 11.748506 1.566527
2.001636 11.892345 1.895256
2.117986 11.769473 1.618454
1.890754 12.000239 2.159684
2.115757 11.766812 1.619727
2.126270 11.756617 1.598225
1.916618 11.968057 2.099079
2.137874 11.738793 1.563863
2.012438 11.860442 1.858213
2.067018 11.798329 1.739779
1.908069 11.967602 2.128467
2.085626 11.787613 1.709322
2.055184 11.808756 1.761751
1.902398 11.965096 2.132760
1.822073 12.059321 2.354702
2.044105 11.821633 1.799675
2.095005 11.767091 1.676234
2.025723 11.828628 1.836590
1.866200 12.001493 2.241309
1.932149 11.912344 2.036450
2.137843 11.711506 1.573155
1.965921 11.881725 1.971842
2.014012 11.833546 1.863357
2.135936 11.711435 1.580594
1.974202 11.860383 1.944511
2.135327 11.707313 1.578500
2.128071 11.717598 1.602719
1.870729 11.973157 2.212789
1.921714 11.916555 2.081949
2.106888 11.738489 1.662086
2.001502 11.836414 1.892984
2.120625 11.718821 1.625960
2.110617 11.730473 1.648283
2.129168 11.697890 1.584320
1.992213 11.840984 1.913917
2.115784 11.719463 1.637630
1.886406 11.950180 2.181415
2.114872 11.717518 1.638040
1.905550 11.915158 2.111657
2.118989 11.704373 1.614724
2.135168 11.687361 1.582215
2.009528 11.811090 1.881523
2.066237 11.749900 1.760147
1.902812 11.916472 2.150217
2.055211 11.759611 1.780436
2.077641 11.736949 1.729561
1.896518 11.915307 2.150067
1.814044 12.003828 2.366280
2.039052 11.769338 1.816075
2.091701 11.718113 1.700381
2.023922 11.778243 1.854924
1.861637 11.951498 2.258146
1.927492 11.859673 2.052011
1.962283 11.831918 1.989046
2.125396 11.661836 1.593200
2.010485 11.784622 1.882614
2.122574 11.661604 1.600268
1.972502 11.811775 1.964509
1.869423 11.924169 2.231950
2.125519 11.657250 1.597602
2.118772 11.668053 1.623034
1.922648 11.866632 2.101398
1.995742 11.787523 1.912340
2.093929 11.688293 1.680918
2.107561 11.667753 1.642736
2.103040 11.680369 1.667285
2.129720 11.648370 1.604602
1.989199 11.791664 1.934777
2.108105 11.667576 1.654967
1.885723 11.900764 2.204625
2.106277 11.666380 1.654615
1.900995 11.865178 2.128489
2.114862 11.653170 1.631097
2.128809 11.636194 1.598688
1.998796 11.760841 1.900256
2.066381 11.700721 1.781273
1.897154 11.867522 2.172021
2.053014 11.709589 1.799607
2.075149 11.688164 1.751629
1.893395 11.864181 2.169265
2.040405 11.719994 1.834284
1.810191 11.950413 2.380159
2.080571 11.669147 1.719561
2.022126 11.728769 1.872863
1.858506 11.902184 2.276563
1.958246 11.783378 2.006695
1.928839 11.809398 2.070614
2.123419 11.614493 1.616086
2.010624 11.736343 1.903349
2.119278 11.614456 1.623625
1.968575 11.763203 1.984604
1.867826 11.876410 2.254003
2.113029 11.619187 1.642382
2.123436 11.609033 1.618432
1.914337 11.815134 2.114688
1.990903 11.738793 1.932063
2.088692 11.640851 1.701088
2.100954 11.633055 1.687725
2.106797 11.619335 1.663096
1.983957 11.743290 1.955342
2.117982 11.598022 1.620510
2.102765 11.619262 1.673081
1.868774 11.848165 2.215421
2.103578 11.616764 1.672177
1.896045 11.815555 2.146159
2.109418 11.603983 1.647155
2.125199 11.586423 1.615877
1.997324 11.713078 1.924749
2.054640 11.650357 1.797183
1.890883 11.819002 2.189771
2.069914 11.640716 1.771797
2.043910 11.658833 1.814574
1.890489 11.815713 2.192178
2.036280 11.668771 1.850654
2.075855 11.620399 1.741723
2.019936 11.678741 1.892031
1.858637 11.853868 2.297301
1.956048 11.734249 2.025473
2.114132 11.565862 1.636000
1.925114 11.756887 2.086537
2.008434 11.686312 1.922516
2.114565 11.566628 1.645394
1.864301 11.827455 2.273256
1.959978 11.712949 2.000785
2.106891 11.570679 1.662567
2.115874 11.559848 1.637033
1.915287 11.765210 2.134129
1.989731 11.690707 1.953265
2.083977 11.593016 1.722858
2.099638 11.569789 1.680854
2.090648 11.582470 1.705605
1.980553 11.694324 1.977035
2.112655 11.548803 1.639010
2.095096 11.569198 1.689627
1.865358 11.800088 2.236727
1.894757 11.767487 2.164917
2.096314 11.566342 1.687880
2.100734 11.551976 1.661665
2.117938 11.536007 1.631579
1.994435 11.664634 1.947653
1.887365 11.770052 2.209020
2.047075 11.601156 1.815784
2.060524 11.590283 1.790047
2.041729 11.608810 1.833737
1.887186 11.767601 2.215928
2.027591 11.616744 1.865166
2.063827 11.571275 1.760524
1.852267 11.803552 2.313383
2.014500 11.627710 1.908868
1.948775 11.683797 2.041179
2.003100 11.637064 1.941017
2.111255 11.518354 1.658507
1.923733 11.706127 2.104018
1.962064 11.665856 2.024309
1.860382 11.777943 2.293738
2.106714 11.517763 1.667278
2.096187 11.521366 1.680893
2.107000 11.510859 1.656100
1.913502 11.714802 2.152452
1.984503 11.642332 1.973821
2.080590 11.544072 1.744543
2.096145 11.520886 1.700092
2.086240 11.533403 1.724472
2.107332 11.500494 1.657114
1.977155 11.646269 1.998333
2.090179 11.519616 1.707280
1.866634 11.751864 2.262720
1.892161 11.718701 2.184533
2.087739 11.516118 1.704050
2.098967 11.502523 1.679588
2.111600 11.485753 1.647647
1.987895 11.615544 1.969069
1.885787 11.723208 2.230670
2.040837 11.551759 1.833909
2.048905 11.540798 1.808002
2.040468 11.559857 1.852874
1.882067 11.717341 2.239714
1.845901 11.754146 2.329069
2.026227 11.566004 1.882640
2.064209 11.523845 1.785745
2.012727 11.578233 1.926793
1.944763 11.634344 2.059207
1.994116 11.587173 1.958030
2.093348 11.468633 1.675916
1.922874 11.654971 2.123098
1.958565 11.616922 2.043549
1.862468 11.729910 2.317653
2.096120 11.470236 1.687264
1.980599 11.594669 1.993510
2.090979 11.473017 1.701439
2.080754 11.459729 1.667724
1.908066 11.663749 2.169287
2.071317 11.495430 1.764449
2.089917 11.471500 1.718213
2.075032 11.483569 1.741580
2.091956 11.450418 1.671133
1.972852 11.597138 2.019646
2.083441 11.469712 1.724187
1.889572 11.669913 2.204145
1.862321 11.702710 2.284038
2.084153 11.465429 1.721618
2.094868 11.452229 1.695551
2.103438 11.436088 1.662577
1.882791 11.675684 2.250733
1.980958 11.566809 1.991323
2.031863 11.501879 1.850917
2.037386 11.510582 1.871266
2.047358 11.492168 1.830422
1.846565 11.706343 2.351007
1.875525 11.668224 2.261129
2.018465 11.515049 1.897121
2.054025 11.475039 1.805277
2.000898 11.527899 1.940243
1.942184 11.585567 2.078814
1.996118 11.538296 1.979881
2.099632 11.422727 1.702123
1.854903 11.680661 2.336251
1.920595 11.604047 2.140200
1.949586 11.567023 2.060558
2.096920 11.422454 1.711636
1.974876 11.545774 2.012845
2.090755 11.425111 1.722994
2.098316 11.413610 1.695875
1.910976 11.615013 2.191512
2.065200 11.446912 1.784621
2.085929 11.422076 1.736228
2.075723 11.435820 1.763507
1.966725 11.548595 2.039822
2.102101 11.401228 1.694651
2.078539 11.420128 1.741832
1.883737 11.620125 2.221426
1.857102 11.653393 2.304980
2.084230 11.416290 1.740275
2.088949 11.401614 1.710768
2.106669 11.386169 1.681894
1.877059 11.627674 2.269679
1.977688 11.518713 2.015056
2.032042 11.453602 1.871629
2.020993 11.459452 1.882856
2.038495 11.444073 1.849090
1.838388 11.655701 2.366334
1.871334 11.619030 2.284886
2.049845 11.427711 1.828244
2.001563 11.463401 1.907498
1.981761 11.476283 1.950720
1.939103 11.536271 2.097203
1.982059 11.488904 1.993036
2.087629 11.374518 1.720516
1.846836 11.630895 2.353632
1.920664 11.553957 2.159251
1.948040 11.518368 2.082977
2.090918 11.374813 1.733859
1.978416 11.498440 2.038331
2.085561 11.376756 1.743533
2.089462 11.365527 1.714538
1.902809 11.564385 2.206834
2.060001 11.399462 1.804769
2.084289 11.373487 1.756195
2.073170 11.386157 1.783493
1.961523 11.499299 2.060756
2.078222 11.370432 1.761717
1.887164 11.571898 2.244859
1.850569 11.605180 2.325998
2.073336 11.366137 1.754084
1.874998 11.578481 2.290885
1.968424 11.470045 2.034955
1.870004 11.570275 2.312198
2.004799 11.412546 1.927203
2.026893 11.429429 1.994789
1.933286 11.486490 2.114475
1.840201 11.581802 2.372592
1.941817 11.469856 2.100700
1.912003 11.500994 2.174137
1.892308 11.513832 2.219806
1.953583 11.450431 2.080182
1.894367 11.524270 2.272218
1.844450 11.555696 2.346560
1.873959 11.532140 2.313733
1.964254 11.421781 2.058309
1.860337 11.521023 2.333329
1.986618 11.376898 1.993105
1.926157 11.436904 2.132215
1.972377 11.390553 2.030369
1.937543 11.420712 2.121997
1.951851 11.401197 2.068265
1.946781 11.452662 2.217413
1.879986 11.462957 2.232031
1.948907 11.401644 2.102320
1.845970 11.481308 2.316033
1.941681 11.373085 2.070619
1.933272 11.388407 2.157509
1.885783 11.413735 2.258188
1.886113 11.425623 2.311524
2.033184 12.207975 1.620873
2.080651 12.184880 1.560997
2.105208 12.125740 1.474878
2.105710 12.126253 1.476097
2.018779 12.212748 1.648694
2.076071 12.120164 1.454826
2.089611 12.132122 1.477869
2.039432 12.157262 1.640578
1.997265 12.196325 1.739155
2.067011 12.128350 1.575746
2.034053 12.218900 1.651411
2.012423 12.218271 1.667153
2.105582 12.074305 1.493204
2.106109 12.073900 1.494800
2.077520 12.124477 1.551792
1.918683 12.279095 1.936170
2.012071 12.181767 1.709738
2.041046 12.169169 1.676854
1.962855 12.217867 1.875624
2.103260 12.078990 1.483232
2.102289 12.085346 1.501477
1.913943 12.254365 1.992024
2.071460 12.200754 1.616693
2.043839 12.107111 1.659161
2.087564 12.116426 1.517498
1.999027 12.146482 1.758695
2.069713 12.077779 1.596032
2.116599 12.084671 1.463948
1.922886 12.253943 1.889336
2.043701 12.171842 1.677203
2.100713 12.094062 1.498548
1.921328 12.260830 1.914168
2.021979 12.170367 1.690878
2.106874 12.023049 1.511897
1.946719 12.216899 1.913154
2.106079 12.022802 1.513972
1.931041 12.233471 1.962699
2.073456 12.072081 1.570708
2.017984 12.133149 1.731979
2.110262 12.106425 1.485390
2.037801 12.116094 1.694075
1.948034 12.158607 1.883800
2.128649 12.085082 1.444961
1.915180 12.204910 2.009969
2.106878 12.028604 1.503886
1.830081 12.270750 2.179778
2.100026 12.034225 1.520755
2.105093 12.100764 1.498128
2.049831 12.143394 1.632617
1.997584 12.094679 1.776279
2.099042 12.069735 1.544027
2.045568 12.054595 1.677384
2.016728 12.173249 1.713285
2.062802 12.024920 1.611389
1.961950 12.231824 1.860541
1.917053 12.259421 1.947020
1.944932 12.212380 1.922479
2.118076 12.035110 1.486776
2.035607 12.118140 1.695864
1.791029 12.298641 2.313822
1.937311 12.216837 1.941800
2.104398 12.045437 1.520892
2.024273 12.120122 1.712012
1.945684 12.164748 1.929891
2.101790 11.970552 1.527993
2.102819 11.970661 1.530809
1.930098 12.182164 1.981504
2.077554 12.023119 1.592203
1.809126 12.315496 2.237016
2.005720 12.079144 1.747558
1.815844 12.267371 2.219184
2.026793 12.060170 1.707486
2.102765 12.054097 1.507334
1.944678 12.105596 1.898574
2.119305 12.033317 1.465786
1.826006 12.305604 2.232606
1.915152 12.153781 2.029144
2.104211 11.977821 1.524010
1.830302 12.216666 2.194349
2.095748 12.048996 1.518953
2.099092 11.982951 1.539553
1.799045 12.270529 2.280611
1.998447 12.044662 1.795443
2.088671 12.017859 1.562035
2.043605 12.003203 1.693367
2.046391 12.091434 1.655196
2.012761 12.121688 1.734269
2.065491 11.975269 1.631291
1.963977 12.180916 1.885348
1.929919 12.214310 1.974766
1.934014 12.157288 1.937961
2.113203 11.983390 1.507384
2.028908 12.066051 1.715734
1.936781 12.165197 1.959756
2.100847 11.993558 1.541022
2.027486 12.070057 1.733514
1.942858 12.111328 1.946262
2.104390 11.920061 1.545826
2.105009 11.920504 1.549490
1.927815 12.131933 2.000407
2.072156 11.971801 1.611214
1.806654 12.263555 2.251789
2.011236 12.030864 1.770642
1.796823 12.306048 2.269178
1.812898 12.214005 2.233114
2.028571 12.010335 1.727018
2.100694 12.004672 1.530745
1.839989 12.272724 2.192406
1.947710 12.053829 1.915941
2.119058 11.984251 1.489937
1.909543 12.101659 2.043647
1.817731 12.250179 2.247135
2.103785 11.927062 1.544024
2.098646 12.000126 1.543368
1.827819 12.161135 2.208183
2.099577 11.932367 1.559937
1.794871 12.218163 2.297086
1.999316 11.994645 1.814604
2.090133 11.969214 1.584482
2.040762 11.950721 1.709354
2.041996 12.041133 1.676648
2.007335 12.071274 1.752906
2.064038 11.924397 1.648490
1.965074 12.130747 1.909404
1.919390 12.159797 1.989020
1.937321 12.108056 1.961531
2.112869 11.933477 1.529465
2.022600 12.014546 1.734375
1.917983 12.107328 1.968982
2.100898 11.944224 1.561878
2.023411 12.018571 1.752048
1.937688 12.057961 1.960292
2.102941 11.869195 1.563022
2.096768 11.868731 1.564940
1.919591 12.079210 2.016242
2.069884 11.921599 1.630108
1.807015 12.212996 2.269738
1.794421 12.255870 2.285639
2.009874 11.980829 1.789909
1.814198 12.162709 2.251810
2.027620 11.959969 1.745436
2.095868 11.955632 1.552663
1.942543 12.000468 1.929969
1.834663 12.218612 2.212557
1.893819 12.046744 2.052003
1.812740 12.198483 2.265305
2.115196 11.933558 1.512980
2.105547 11.878157 1.563173
2.099516 11.883106 1.578346
2.095169 11.950012 1.565185
1.826297 12.108464 2.223698
1.792092 12.167406 2.314770
1.992396 11.942700 1.829578
2.083422 11.918056 1.603967
2.040636 11.899689 1.726073
2.041754 11.992056 1.700798
2.006500 12.020833 1.773770
2.066765 11.873831 1.668764
1.914788 12.108700 2.005960
1.965266 12.080400 1.933086
1.927779 12.055494 1.977842
2.107046 11.883417 1.548942
2.024068 11.965893 1.756820
1.919765 12.057479 1.988515
2.094189 11.893068 1.581362
2.020228 11.968182 1.770573
1.932088 12.005848 1.974790
2.097532 11.818804 1.581648
1.919143 12.029338 2.035881
2.101021 11.816903 1.579373
1.798089 12.208117 2.307609
2.074938 11.871901 1.652342
1.808319 12.161696 2.288433
2.005784 11.930264 1.808062
1.819629 12.113551 2.272827
2.025262 11.908914 1.762261
2.096519 11.907659 1.576803
1.947002 11.949393 1.948919
1.889635 11.995318 2.068090
1.828406 12.165242 2.231958
2.112202 11.884878 1.535636
1.811930 12.147095 2.286552
2.103285 11.827961 1.582063
2.092720 11.831107 1.595760
2.094408 11.901348 1.587735
1.828427 12.056503 2.240692
1.791208 12.118768 2.334883
1.993226 11.894519 1.847980
2.033196 11.848158 1.739446
2.083985 11.869234 1.626038
2.006146 11.971822 1.795474
2.061626 11.824085 1.683720
2.039195 11.942112 1.722985
1.911195 12.058629 2.025336
1.937454 12.021612 1.940668
1.913733 12.006617 2.003484
1.925628 12.005200 1.999183
2.108021 11.834266 1.570163
2.026453 11.917416 1.779634
2.093314 11.844477 1.601465
2.022523 11.918858 1.791319
1.921409 11.953258 1.985835
1.905820 11.977057 2.047883
2.099532 11.767873 1.595809
2.088391 11.766860 1.596722
1.792990 12.156492 2.323330
2.062188 11.821919 1.667248
1.807345 12.112213 2.306478
2.005320 11.881324 1.827317
1.818064 12.062713 2.287583
2.028857 11.860351 1.782150
2.093054 11.857548 1.598616
1.942299 11.898381 1.963406
1.884495 11.945551 2.083050
1.829105 12.115391 2.256860
2.111447 11.836219 1.558182
1.811602 12.097135 2.308637
2.087802 11.777455 1.595855
2.092645 11.782764 1.613785
2.092741 11.852508 1.609911
1.829243 12.004700 2.258161
1.797715 12.072392 2.360027
1.988644 11.843443 1.864909
2.072702 11.818110 1.643287
2.034932 11.796565 1.757277
2.003065 11.922279 1.816063
2.055607 11.773249 1.698679
2.037527 11.893263 1.745162
1.903845 12.007922 2.040781
1.935400 11.972168 1.964075
1.921108 11.955875 2.017806
1.912768 11.957154 2.021522
2.103982 11.786395 1.589622
2.020614 11.868260 1.798732
2.011122 11.867793 1.806125
2.091560 11.794791 1.621571
1.919033 11.903111 2.002282
1.891617 11.923688 2.059889
2.096462 11.718349 1.616390
2.097600 11.716499 1.611777
1.796260 12.109074 2.346143
1.807289 12.062906 2.324890
2.065380 11.773699 1.687981
2.002656 11.831449 1.847054
1.815235 12.010198 2.303570
2.025599 11.809120 1.798599
2.082315 11.809615 1.618396
1.884010 11.897514 2.101928
1.941301 11.846244 1.980127
2.100233 11.786861 1.577120
1.808930 12.047226 2.328382
1.823748 12.063118 2.276248
2.088697 11.727459 1.615003
2.084423 11.730997 1.629227
2.079202 11.802281 1.626889
1.826828 11.951854 2.273297
1.985865 11.793638 1.882200
1.998524 11.873882 1.834305
2.077836 11.770174 1.667206
2.033887 11.746275 1.773240
2.049210 11.721831 1.714861
1.901535 11.959532 2.058919
2.031809 11.844040 1.766703
1.929562 11.923003 1.983174
1.911398 11.908027 2.040406
1.910647 11.904060 2.033361
2.092708 11.735277 1.606867
2.012482 11.817325 1.816244
2.011579 11.819032 1.825747
2.089787 11.746022 1.641297
1.919926 11.853087 2.021435
1.890752 11.875072 2.079992
2.089547 11.667338 1.630962
2.091597 11.665666 1.626719
1.805448 12.012324 2.342924
2.058581 11.722612 1.704999
1.998565 11.781799 1.864808
1.817046 11.960329 2.323082
2.012301 11.756863 1.810576
1.877067 11.847396 2.116126
2.078869 11.759506 1.640187
1.936143 11.793808 1.993749
1.804952 11.997478 2.348584
2.096328 11.738923 1.599002
1.821208 12.013145 2.298416
2.082789 11.677477 1.632006
2.081224 11.682461 1.646964
2.075706 11.754006 1.647921
1.823520 11.898839 2.288037
1.976219 11.742092 1.895651
1.997262 11.825619 1.855229
2.061991 11.719091 1.682195
2.022830 11.694050 1.785098
2.028316 11.795761 1.787732
1.886413 11.906911 2.070149
2.045950 11.671535 1.730903
1.909546 11.858399 2.058041
1.926094 11.873799 2.004580
1.912652 11.855917 2.056990
2.090040 11.686344 1.626191
2.011252 11.768150 1.837538
2.008435 11.768659 1.844231
2.077091 11.695143 1.656543
1.916165 11.802269 2.036254
1.884849 11.825077 2.096987
1.805415 11.963043 2.361310
2.085601 11.614856 1.641650
2.082666 11.615435 1.645899
2.051763 11.672465 1.721629
1.989923 11.731290 1.880698
1.809565 11.907029 2.334742
2.015011 11.708142 1.830065
1.876631 11.798465 2.135355
2.071320 11.710875 1.660581
1.931494 11.741904 2.008583
2.091924 11.690490 1.619659
1.794919 11.945336 2.363268
1.819205 11.962788 2.322174
2.073238 11.626805 1.647521
2.074845 11.631067 1.663121
2.070418 11.704478 1.668585
1.826719 11.847008 2.307813
1.980756 11.693720 1.915882
1.992794 11.775409 1.874198
2.061147 11.670517 1.702267
1.881890 11.858526 2.088368
2.026892 11.644256 1.804485
2.018971 11.745852 1.807763
2.044132 11.621020 1.748913
1.903112 11.808816 2.073449
1.923157 11.824201 2.027586
1.905425 11.806086 2.074472
2.080582 11.636517 1.643775
2.002705 11.718488 1.855495
2.006178 11.719386 1.862715
2.067131 11.644803 1.672908
1.881655 11.776535 2.114726
1.914346 11.751738 2.054268
2.075939 11.564258 1.654720
2.079386 11.566071 1.661564
2.050423 11.623378 1.740481
1.986348 11.682175 1.899660
1.804919 11.855106 2.349580
1.875290 11.749356 2.154213
2.011372 11.657268 1.847335
2.068337 11.663127 1.682828
1.932324 11.691059 2.025640
2.086207 11.642214 1.640793
2.071901 11.577724 1.666372
1.813535 11.912640 2.344071
2.064172 11.656606 1.688124
2.072094 11.581296 1.680382
1.820663 11.794399 2.321060
1.978944 11.643194 1.933894
1.983721 11.726150 1.890559
1.879199 11.810495 2.107327
2.050756 11.621427 1.719103
2.015846 11.592046 1.816342
2.010929 11.696701 1.826939
2.041794 11.570910 1.765326
1.899948 11.759357 2.091565
1.899644 11.756025 2.093920
1.915551 11.773789 2.046292
1.993252 11.668650 1.873080
2.072043 11.586868 1.661728
1.996132 11.668191 1.877014
2.066296 11.596230 1.692979
1.877173 11.727234 2.133319
1.914358 11.701558 2.073023
2.071554 11.515825 1.675374
2.076775 11.513431 1.671771
2.043619 11.573232 1.757108
1.974959 11.632055 1.914059
1.804520 11.805243 2.369187
1.872543 11.699560 2.171479
1.998980 11.606130 1.859294
2.063947 11.614691 1.703484
2.075026 11.592880 1.659702
1.928191 11.639665 2.041692
2.070953 11.529222 1.683997
2.062043 11.607272 1.709049
2.066614 11.530995 1.696530
1.809723 11.861927 2.367086
1.973439 11.593796 1.949668
1.817495 11.741331 2.338240
1.989797 11.678393 1.914823
1.875602 11.762286 2.125914
2.045869 11.572480 1.738539
2.015774 11.541034 1.833025
2.033054 11.520483 1.778766
2.007069 11.647852 1.849192
1.899553 11.709510 2.111168
1.894755 11.707058 2.113361
1.913514 11.725282 2.069289
2.069364 11.538858 1.680679
1.994774 11.620010 1.895490
1.993479 11.619252 1.896344
2.059085 11.546420 1.710453
1.876846 11.679146 2.154613
1.908378 11.650726 2.087956
2.067402 11.465367 1.691043
2.072122 11.462463 1.686221
2.033148 11.523297 1.771874
1.981453 11.583960 1.937473
1.867569 11.649744 2.188852
1.999886 11.557052 1.878039
2.056418 11.566059 1.723875
2.072466 11.544799 1.681098
1.922653 11.587584 2.056152
2.070038 11.479801 1.701997
2.051252 11.558517 1.726732
2.059793 11.481769 1.712777
1.967993 11.542563 1.966194
1.871099 11.713901 2.144130
1.979416 11.629292 1.931660
1.815220 11.689354 2.355412
2.046895 11.523337 1.759727
2.028907 11.470019 1.794435
2.005450 11.599020 1.871337
2.004333 11.489160 1.845729
1.898226 11.660400 2.130023
1.890376 11.658600 2.134021
1.987133 11.571440 1.913438
2.070392 11.489719 1.701865
1.983394 11.569891 1.909887
1.906925 11.675891 2.090433
2.060087 11.498196 1.731263
1.873289 11.630017 2.173576
1.905641 11.600932 2.105220
2.032766 11.473466 1.791471
1.970988 11.534015 1.952240
1.867160 11.600805 2.208077
1.985657 11.506479 1.888878
2.052042 11.517622 1.744529
2.067179 11.496187 1.701380
1.933293 11.537095 2.081331
2.066924 11.429444 1.720481
2.047789 11.510256 1.747756
2.060234 11.431272 1.730676
1.872602 11.666164 2.166165
1.959767 11.492636 1.980854
1.974037 11.579821 1.949878
1.803214 11.635180 2.365211
2.039260 11.474775 1.777672
1.997903 11.551294 1.891352
2.024355 11.419888 1.810952
1.892320 11.611326 2.146646
1.885501 11.609629 2.153460
2.060407 11.441215 1.717472
1.982259 11.522480 1.932874
1.902140 11.627767 2.111939
1.979341 11.520264 1.927626
2.052389 11.447874 1.747516
1.864242 11.580748 2.189935
1.902939 11.550219 2.122859
2.036950 11.424509 1.812920
1.964204 11.483857 1.968867
1.863139 11.550243 2.226195
2.055091 11.456176 1.944745
2.042677 11.469552 1.763800
2.060049 11.448138 1.720544
2.046388 11.379413 1.730412
2.044715 11.462574 1.767555
2.028268 11.382215 1.735877
1.866263 11.618340 2.183260
1.970963 11.532126 1.969679
1.967682 11.441619 2.004918
2.038066 11.425610 1.798964
1.992241 11.502088 1.912861
1.888299 11.560768 2.164764
1.879338 11.559897 2.173752
2.060537 11.391893 1.738286
1.973746 11.472816 1.950826
1.896478 11.578548 2.133451
2.051581 11.399291 1.767583
1.862139 11.531383 2.210862
1.877107 11.498923 2.124833
1.960691 11.433818 1.988200
1.858185 11.500421 2.243565
1.980265 11.405075 1.924149
2.041988 11.420897 1.786312
2.062095 11.400013 1.744166
2.039469 11.413039 1.788212
1.908934 11.431787 2.103082
1.863220 11.569717 2.203440
1.953665 11.483116 1.981945
1.986056 11.453284 1.932774
1.888405 11.512337 2.185206
1.881943 11.510421 2.199353
1.972561 11.423637 1.972120
1.965348 11.421199 1.961348
1.889910 11.529151 2.154592
1.869332 11.481863 2.238694
1.944767 11.449190 2.190212
1.869055 11.450679 2.273256
1.863832 11.521794 2.225101
1.952454 11.434854 2.002862
1.936286 11.462985 2.239696
1.981320 11.404246 1.954652
1.879030 11.461719 2.221976
1.962211 11.374533 1.988952
1.960404 11.371389 1.978713
1.887525 11.480046 2.178810
1.860305 11.432585 2.255051
1.859454 11.474239 2.245381
1.948542 11.385142 2.023043
1.881266 11.411647 2.248801
1.851344 11.425137 2.262108
