# .PCD v0.7 - Point Cloud Data file format
VERSION 0.7
FIELDS x y z
SIZE 4 4 4
TYPE F F F
COUNT 1 1 1
WIDTH 3798
HEIGHT 1
VIEWPOINT 0 0 0 1
POINTS 3798
DATA ascii
-1.965818 16.825119 -0.154318
-1.902827 16.717741 -0.171313
-2.131670 16.719269 0.420483
-1.911912 16.627176 -0.199073
-1.996166 17.134012 -0.185022
-1.928406 17.011425 -0.212316
-1.944188 16.933590 -0.237832
-2.115525 16.771519 0.341443
-1.909185 16.782089 -0.289336
-1.938688 17.112152 -0.336689
-2.027369 16.715637 0.155752
-1.898281 16.689108 -0.312462
-2.153995 16.975342 0.271070
-2.069833 17.034758 0.133458
-1.940756 17.040005 -0.374691
-2.082493 16.749285 0.170929
-2.047714 16.704220 0.138586
-1.974617 16.651184 -0.070735
-2.019594 16.723913 0.070216
-2.048159 16.785246 0.060544
-2.020261 16.790096 -0.046937
-1.975107 16.783484 -0.157422
-1.990406 16.767599 0.003375
-2.121456 17.025848 0.144860
-2.084942 16.981087 0.120113
-1.991672 16.914051 -0.102742
-2.079364 17.060688 0.031158
-2.064613 17.028017 0.042334
-2.057258 17.097322 -0.088085
-2.014447 17.111759 -0.207670
-2.047875 17.114918 -0.039396
-2.142587 17.288670 0.125199
-2.114303 17.263655 0.103523
-2.034302 17.258974 -0.150024
-2.150018 16.742552 0.393578
-2.073949 16.696569 0.210252
-2.118709 16.770496 0.284913
-2.046806 16.722837 0.143028
-2.077703 16.799143 0.169556
-1.977966 16.724085 -0.098962
-1.907075 16.692486 -0.298116
-2.028468 16.792000 0.052649
-1.936531 16.715767 -0.198686
-1.873359 16.681215 -0.370374
-2.188870 16.997961 0.384482
-2.142034 16.960981 0.268132
-2.105127 16.949034 0.196398
-2.163991 17.054695 0.267131
-1.921009 16.850542 -0.337529
-2.090354 17.007841 0.119740
-1.872385 16.840008 -0.466170
-2.004786 16.981493 -0.137931
-2.116453 17.092964 0.145588
-1.962144 16.981651 -0.243300
-1.926738 16.956892 -0.346542
-2.082596 17.122276 0.016165
-1.883315 16.937973 -0.454797
-1.893896 16.944511 -0.418683
-2.165584 17.208235 0.263511
-2.133563 17.215805 0.184398
-2.186451 17.316809 0.256304
-1.941431 17.117992 -0.379390
-2.116338 17.283808 0.101136
-1.889368 17.120501 -0.523019
-2.034202 17.263487 -0.178469
-1.982413 17.261482 -0.287119
-1.945616 17.248436 -0.398563
-1.919505 17.248318 -0.474448
-2.101269 16.762951 0.331229
-2.132771 16.791391 0.390746
-2.068478 16.831451 0.193364
-1.924878 16.713881 -0.160343
-1.881153 16.787340 -0.347175
-1.928182 16.812908 -0.233434
-2.130471 16.975826 0.326444
-2.152916 16.980913 0.391801
-2.112201 17.002409 0.261031
-2.093563 17.055916 0.177289
-1.903994 16.884207 -0.295053
-1.952886 16.940722 -0.192955
-1.936558 16.639109 -0.055644
-1.979620 16.809349 -0.028806
-1.909205 16.663122 -0.100077
-1.963894 16.844448 -0.082299
-2.132080 16.893311 0.402984
-2.005706 17.020275 -0.050144
-2.123653 16.937128 0.322190
-1.913349 16.769873 -0.183916
-1.940902 16.887423 -0.135661
-1.931651 16.985844 -0.219097
-1.979550 16.739325 0.005085
-2.123827 16.976213 0.373798
-1.989904 16.897064 -0.009979
-1.935433 16.915867 -0.127061
-1.964560 16.758390 -0.037013
-2.002156 17.068586 -0.025728
-1.956442 17.107450 -0.159603
-2.031842 16.747829 0.207713
-1.903316 16.858490 -0.209337
-1.840282 17.149036 -0.542797
-1.952389 16.796623 -0.082451
-1.907713 17.025562 -0.238460
-1.992928 16.704979 0.121180
-1.911405 16.657547 -0.110697
-2.003965 17.300896 -0.100412
-1.879065 16.951519 -0.318856
-1.922037 17.226219 -0.275304
-1.935736 16.848244 -0.145459
-1.884788 17.138224 -0.355488
-1.837520 16.864666 -0.396484
-1.944632 17.028622 -0.173852
-1.849742 17.069788 -0.443592
-1.961201 17.236975 -0.207852
-1.845596 17.259186 -0.481659
-2.103598 16.657923 0.394118
-2.017338 16.684601 0.127461
-2.008435 16.686916 0.089175
-2.009514 16.706503 0.099432
-1.997513 16.704235 0.050309
-2.041280 16.739708 0.180598
-2.122877 16.804176 0.387293
-1.980340 16.724491 -0.002216
-1.866828 16.676397 -0.332348
-1.951813 16.742399 -0.073200
-2.158487 16.913822 0.450997
-1.990490 16.793499 0.006560
-2.052732 16.853596 0.110287
-2.039454 16.854975 0.069771
-1.849520 16.707085 -0.349933
-1.859650 16.733887 -0.381668
-2.066205 16.893356 0.163107
-2.016649 16.858545 0.031796
-2.150801 16.971607 0.379186
-1.892125 16.796621 -0.284744
-2.008390 16.898306 -0.028562
-1.866248 16.827917 -0.444815
-1.891779 16.848366 -0.370693
-1.975486 16.918037 -0.102946
-2.067546 17.004333 0.101329
-2.006977 16.954790 -0.016001
-2.045526 16.995531 0.059857
-1.868868 16.875200 -0.392254
-1.882865 16.911753 -0.424046
-2.040687 17.006348 0.064798
-2.087394 17.050344 0.148391
-2.036507 17.024565 0.012726
-1.901967 16.945684 -0.315576
-2.022049 17.065550 -0.049889
-1.869795 16.985527 -0.478570
-1.902250 17.010942 -0.400405
-2.029465 17.137789 -0.041162
-1.869777 17.026882 -0.424604
-2.098745 17.202730 0.135643
-1.886729 17.072426 -0.455690
-1.857742 17.086771 -0.560674
-1.914348 17.113516 -0.350833
-2.036020 17.244144 -0.072616
-1.843556 17.109343 -0.538282
-1.912625 17.181746 -0.431187
-1.874151 17.157663 -0.516498
-2.096704 17.334099 0.083537
-2.005422 17.285160 -0.158322
-2.043847 17.316727 -0.063055
-2.112141 17.365175 0.123579
-1.886605 17.217825 -0.469431
-1.903373 17.267870 -0.497572
-1.921262 17.283211 -0.384231
-1.862587 17.274977 -0.606836
-1.927771 17.374113 -0.467479
-1.846583 17.292332 -0.581358
-1.878816 17.345760 -0.557773
-1.892183 17.404831 -0.510699
-1.900670 17.443356 -0.527551
-1.933354 17.476669 -0.423077
-2.129582 16.925119 0.266997
-1.973593 16.840569 -0.206673
-2.035844 16.861900 0.137091
-1.883497 16.787848 -0.316557
-2.153996 17.093504 0.255225
-2.040438 16.717287 0.068538
-1.989564 17.008131 -0.238883
-2.062369 17.032801 0.118514
-1.884930 16.934519 -0.345003
-2.056971 16.851805 0.050723
-2.162555 17.250866 0.247369
-1.997356 17.177269 -0.267770
-1.930871 16.787148 -0.195539
-1.889774 17.097542 -0.378260
-1.925450 16.877438 -0.407493
-2.079511 17.005732 0.030333
-2.101789 16.995218 0.272668
-2.016837 17.379448 -0.305215
-1.933079 16.919107 -0.212452
-1.899908 17.283886 -0.417723
-1.936212 17.031532 -0.443556
-2.120823 17.149302 0.270500
-1.939500 17.067192 -0.232099
-1.942538 17.191111 -0.479717
-1.947820 17.227716 -0.253036
-1.949078 17.364456 -0.519261
-1.962731 17.410805 -0.279320
-2.133492 16.686085 0.366960
-2.159966 16.714273 0.449184
-2.055998 16.720961 0.234448
-2.189843 16.860727 0.441280
-2.040995 16.723244 0.195663
-2.007380 16.770885 -0.110512
-2.048522 16.848534 -0.044152
-1.891278 16.724430 -0.254515
-2.190041 16.989855 0.345778
-2.213764 17.005173 0.435889
-2.066301 16.874907 0.181847
-2.029637 16.931351 -0.141966
-1.927700 16.840164 -0.246858
-2.054275 16.984314 -0.063265
-2.109582 17.030409 0.211116
-1.915247 16.889698 -0.292366
-2.200622 17.131689 0.338414
-2.091801 17.036627 0.166093
-2.048271 17.097107 -0.171524
-1.935211 16.986225 -0.272310
-2.077276 17.150913 -0.090543
-2.112278 17.163292 0.207728
-1.927734 17.052240 -0.324739
-2.097517 17.178133 0.157643
-2.059154 17.262148 -0.198245
-1.949389 17.152000 -0.302112
-2.094453 17.323746 -0.116442
-2.127989 17.325527 0.200018
-1.936694 17.219185 -0.357264
-2.121333 17.360291 0.143626
-1.957191 17.319067 -0.329392
-1.944016 17.400206 -0.390149
-2.027899 16.672443 0.145562
-1.887760 16.650667 -0.291489
-1.898575 16.680058 -0.175911
-2.061224 16.835012 0.122144
-2.065767 16.712538 0.224296
-1.916419 16.832958 -0.207929
-2.068964 16.973326 0.108275
-1.913150 16.709814 -0.218167
-2.093562 17.012772 0.230763
-2.084314 16.851183 0.209752
-1.904507 16.945181 -0.358205
-2.098535 16.755650 0.299527
-1.932808 16.790546 -0.152067
-2.117286 16.658136 0.387924
-1.938104 16.657871 -0.130414
-1.928384 16.986683 -0.238595
-1.932400 16.861965 -0.251728
-2.106288 17.162273 0.220537
-2.107649 17.003443 0.194360
-2.103314 16.991533 0.294164
-2.109108 16.861925 0.342822
-2.106997 16.875788 0.291721
-1.910507 17.104933 -0.393174
-1.929332 16.735806 -0.106260
-1.935357 16.922819 -0.172718
-1.931086 17.138737 -0.263975
-2.100869 17.299547 0.075699
-1.941102 17.010462 -0.282161
-1.965729 16.708656 -0.058191
-2.118021 17.147509 0.183979
-2.136040 17.028990 0.279086
-1.932375 16.704933 -0.065271
-1.942351 16.876272 -0.127143
-2.151738 16.904970 0.374063
-1.916882 17.280224 -0.430037
-1.959425 16.927633 -0.180669
-1.945674 17.074520 -0.198133
-2.123713 16.881689 0.387975
-1.940347 17.312815 -0.295796
-1.989946 16.853142 -0.086239
-1.954881 17.179909 -0.316658
-2.131857 17.305029 0.172257
-1.957768 16.855024 -0.087902
-2.142907 17.164122 0.272958
-2.160948 17.026678 0.369992
-1.958003 17.029495 -0.151051
-1.975429 17.083639 -0.210664
-2.136901 17.012981 0.388668
-1.952936 17.234674 -0.221991
-2.001622 16.989782 -0.108434
-1.953322 17.337536 -0.344650
-2.153587 17.308487 0.265886
-1.974027 17.003445 -0.107730
-1.984107 17.240305 -0.237334
-2.009839 17.131794 -0.131161
-1.988380 17.401621 -0.263767
-2.020567 17.286547 -0.154467
-1.860802 17.201107 -0.591070
-1.990570 17.304169 -0.139950
-1.866460 17.370222 -0.634503
-2.179263 16.718384 0.422139
-2.096066 16.666227 0.369502
-2.031565 16.692509 -0.003686
-2.169634 16.795910 0.425855
-2.165149 16.690840 0.392871
-2.025382 16.780319 -0.009182
-2.194327 16.913122 0.424654
-2.125669 16.865675 0.357336
-2.171694 16.785576 0.391517
-1.971150 16.809761 -0.048810
-2.036746 16.892015 -0.021852
-2.005843 16.678467 -0.018574
-2.211757 17.027979 0.425481
-2.139016 16.973452 0.351130
-2.122667 16.648870 0.369884
-2.174148 16.879673 0.391181
-2.053878 17.017778 -0.036923
-2.089499 16.822817 0.283471
-2.016467 16.785892 -0.033916
-1.925244 16.722454 -0.104166
-2.152955 16.768993 0.362516
-2.190751 16.995743 0.389571
-1.842518 16.940502 -0.441634
-2.099760 16.928053 0.276201
-2.062813 17.138540 -0.048486
-2.028336 16.900829 -0.049284
-2.007159 16.704550 -0.045645
-1.940626 16.841278 -0.128613
-2.112399 16.644953 0.329538
-2.156842 16.867105 0.358739
-1.841499 17.054869 -0.469458
-2.104604 17.032478 0.269473
-2.063553 17.255239 -0.056907
-2.039713 17.021839 -0.065634
-2.007937 16.803795 -0.060144
-1.941451 16.947941 -0.146057
-2.135201 16.757948 0.320301
-2.068955 16.874680 0.206218
-2.176699 16.984993 0.353676
-1.993915 17.268192 -0.119197
-1.844116 17.183386 -0.502228
-2.120022 17.156822 0.261631
-2.048242 17.147871 -0.080255
-2.020314 16.922905 -0.078576
-1.995112 16.722374 -0.083080
-1.950820 17.072845 -0.168868
-2.153002 16.872330 0.311720
-2.084556 16.994598 0.195328
-1.916837 16.873667 -0.208478
-2.195963 17.110720 0.349337
-1.869504 16.668777 -0.238300
-2.053082 17.273584 -0.093006
-2.037787 16.826582 0.133173
-2.023176 17.037773 -0.094344
-1.994560 16.825180 -0.099527
-1.961036 17.206785 -0.193291
-2.155556 16.974915 0.305629
-2.091164 17.111652 0.185141
-1.915929 16.984478 -0.229087
-1.888278 16.799814 -0.272697
-2.044074 16.940645 0.120796
-2.036722 17.173594 -0.114038
-2.007447 16.949392 -0.121393
-2.175833 17.103386 0.297367
-2.098091 17.235441 0.175673
-1.928499 17.123219 -0.257695
-1.888804 16.914650 -0.296747
-2.040742 17.303299 -0.130330
-2.016258 17.076687 -0.143713
-2.182094 17.223864 0.293042
-2.100431 17.362814 0.166976
-1.935138 17.261627 -0.284533
-2.026730 17.214619 -0.166312
-1.899704 17.186840 -0.356866
-2.026758 17.346596 -0.185133
-2.009627 16.621054 0.107743
-2.049401 16.747231 0.088432
-1.911898 16.697901 -0.117067
-2.081268 16.842241 0.240327
-2.009101 16.620289 0.089522
-2.047371 16.834120 0.081537
-2.175894 16.770117 0.480225
-2.024466 16.674316 0.190301
-1.932683 16.811148 -0.143287
-2.095285 16.944395 0.230132
-2.066763 16.948660 0.069645
-2.039796 16.738445 0.069547
-1.933763 16.906704 -0.161128
-2.096153 17.036703 0.223162
-2.166773 16.757225 0.450953
-2.073005 17.053352 0.060977
-2.035547 16.824316 0.062938
-2.044082 16.867477 0.166663
-2.102058 17.138248 0.214734
-1.940302 17.013824 -0.182754
-2.004703 16.698574 0.121628
-2.182033 16.856606 0.447188
-2.031897 16.743454 0.050168
-2.058891 16.944405 0.045693
-1.900656 16.821823 -0.218320
-2.063493 16.983078 0.151944
-2.111552 17.250566 0.206107
-2.163139 16.750492 0.409455
-2.020913 16.806675 0.104408
-2.202229 16.966043 0.444045
-2.029888 16.831390 0.040442
-2.060322 17.045788 0.037122
-1.902418 16.924711 -0.239480
-2.116116 17.361309 0.199298
-1.948242 17.242428 -0.224665
-2.168003 16.841637 0.404573
-2.034353 16.916080 0.087984
-2.152832 16.842806 0.430354
-2.046191 16.948092 0.023227
-2.019923 16.747070 0.019146
-1.903569 17.031784 -0.260869
-1.971689 16.721678 0.048003
-1.869681 16.826527 -0.289097
-2.179590 16.944443 0.398812
-2.043579 17.028315 0.073614
-2.048525 17.052250 0.010721
-2.161289 16.944727 0.425275
-2.021295 16.843817 0.004214
-1.904526 17.145363 -0.284818
-1.872675 16.935326 -0.314442
-1.995078 16.844820 0.024757
-2.079812 17.315096 0.119722
-2.199176 17.060049 0.392257
-2.030262 16.953026 -0.012359
-2.166915 17.049828 0.420258
-1.911648 17.274920 -0.312323
-2.007350 16.962734 0.005424
-2.041970 17.073257 -0.031192
-2.012513 17.077114 -0.011432
-2.045274 17.188808 -0.047642
-1.882622 17.310202 -0.401252
-1.848330 17.086761 -0.434849
-2.052967 17.318731 -0.066146
-1.846179 17.214817 -0.465587
-2.110112 16.756685 0.235768
-2.028408 16.688337 0.131656
-2.157857 16.725178 0.447373
-1.881327 16.627674 -0.242038
-2.122342 16.851551 0.227863
-2.062203 16.800018 0.109944
-2.107414 16.744423 0.217989
-2.121775 16.652674 0.389004
-1.895164 16.689276 -0.220070
-2.175176 16.816994 0.439551
-2.050657 16.870317 0.102413
-2.131829 16.946772 0.221134
-1.999178 16.694403 0.065459
-2.112890 16.832180 0.209210
-1.921679 16.803965 -0.254989
-2.131346 16.739380 0.379919
-2.181547 16.902662 0.433598
-1.872212 16.642317 -0.257414
-2.107153 16.745846 0.199120
-1.902538 16.825113 -0.289156
-2.064282 16.970297 0.085766
-2.135084 17.040146 0.215770
-2.032000 16.810017 0.040209
-1.867995 16.683798 -0.288293
-1.909141 16.881079 -0.269676
-2.121575 16.926689 0.200798
-2.147165 16.835613 0.369770
-2.183888 16.987526 0.428718
-2.100620 16.680529 0.314481
-1.982644 16.706188 -0.000980
-2.099722 16.822802 0.191571
-2.075447 17.073782 0.069996
-1.895334 16.911888 -0.304534
-2.142755 17.143291 0.210106
-2.025433 16.890642 0.028322
-1.888013 16.795464 -0.324744
-2.093964 16.735586 0.171243
-1.918804 16.988049 -0.298054
-2.131720 17.028280 0.191072
-2.152079 16.924767 0.361870
-1.864011 16.667337 -0.276505
-1.953838 16.627911 -0.053208
-1.997651 16.809408 -0.023170
-1.892818 16.846928 -0.310799
-1.846249 16.677401 -0.356421
-2.114053 16.923433 0.179088
-1.897240 17.015608 -0.324289
-2.159159 17.260141 0.202794
-2.040088 16.998297 0.009152
-1.880064 16.882545 -0.344623
-1.918792 17.088093 -0.321275
-2.090382 16.817987 0.160764
-2.136073 17.127453 0.183938
-1.862466 16.613791 -0.289314
-2.168248 17.030891 0.352123
-1.956409 16.718851 -0.072580
-2.125219 16.873333 0.290312
-1.889911 16.940514 -0.331082
-2.002115 16.906839 -0.042641
-2.124682 17.025473 0.167773
-1.902888 17.127527 -0.348105
-2.162895 17.368303 0.199255
-2.042075 17.097263 -0.006250
-1.882782 16.985115 -0.372560
-1.927060 17.205286 -0.350935
-2.144806 17.237324 0.176133
-2.100408 16.916628 0.146445
-1.855627 16.698086 -0.310888
-1.884972 16.878057 -0.336157
-1.974727 16.830873 -0.100036
-2.135770 16.977245 0.278266
-1.891760 17.048035 -0.354766
-2.014035 17.016813 -0.063841
-1.911203 17.249546 -0.373899
-2.121291 17.119524 0.159390
-1.857292 16.883898 -0.420238
-1.924735 17.315678 -0.375053
-1.887700 17.099289 -0.404069
-2.155686 17.357779 0.167580
-2.110098 17.021673 0.131958
-1.862532 16.799721 -0.341571
-1.885736 16.981728 -0.361240
-1.894708 17.161345 -0.380232
-1.971257 16.925884 -0.119434
-1.918749 17.378529 -0.401082
-2.013252 17.119032 -0.081649
-2.146091 17.084766 0.267175
-2.129193 17.229607 0.149536
-1.857242 16.989725 -0.450583
-1.897084 17.224239 -0.438698
-2.111475 17.121038 0.120265
-1.869947 16.909491 -0.373556
-1.881555 17.084713 -0.384866
-1.898164 17.282784 -0.407002
-2.018574 17.234484 -0.102021
-2.140678 17.349667 0.137323
-1.985499 17.046640 -0.146265
-2.141115 17.183132 0.258931
-1.865955 17.113144 -0.488965
-1.889866 17.334986 -0.464172
-2.118112 17.231907 0.107145
-1.865853 17.012583 -0.399619
-1.887741 17.208673 -0.416347
-2.030813 17.365828 -0.126462
-1.987437 17.159998 -0.168860
-1.870411 17.239380 -0.525326
-2.158916 17.310879 0.246419
-2.132061 17.359030 0.090801
-1.873526 17.136971 -0.435522
-1.892312 17.337862 -0.448083
-1.861305 17.354183 -0.553965
-1.992403 17.284740 -0.192959
-1.878669 17.266714 -0.471294
-1.875341 17.392548 -0.502575
-2.119532 16.672369 0.341611
-2.125134 16.681656 0.368193
-2.147711 16.695145 0.423904
-2.147213 16.771549 0.328398
-2.181840 16.748713 0.391678
-2.092258 16.704649 0.296001
-2.070348 16.722162 0.225490
-2.157071 16.783737 0.356548
-1.933349 16.657700 -0.132696
-1.952199 16.655741 -0.063362
-2.004691 16.671677 0.058262
-1.921832 16.655130 -0.109944
-2.167509 16.812693 0.391922
-2.150993 16.854370 0.319844
-1.928359 16.641203 -0.085201
-2.127165 16.813461 0.279159
-2.089207 16.821007 0.209486
-2.159922 16.864634 0.351524
-2.169309 16.855278 0.410640
-1.874229 16.632114 -0.251871
-2.008092 16.748507 0.045219
-1.956260 16.741074 -0.082396
-1.930761 16.741737 -0.151644
-2.183137 16.904324 0.388452
-2.159794 16.943726 0.311071
-1.927669 16.721113 -0.101066
-1.922785 16.739515 -0.128333
-2.120071 16.889109 0.272628
-1.938143 16.700232 -0.075385
-2.172941 16.957829 0.343967
-2.101255 16.920261 0.195314
-2.187742 16.947664 0.403229
-1.875950 16.712446 -0.272533
-2.016883 16.835182 0.029315
-1.970055 16.839300 -0.105169
-2.196337 16.998482 0.386288
-1.939626 16.841269 -0.176152
-2.174700 17.045475 0.300443
-1.925112 16.802168 -0.116511
-2.131755 16.985039 0.261104
-1.934759 16.839993 -0.153486
-1.936006 16.778656 -0.086479
-2.183530 17.053551 0.337716
-2.106292 17.014891 0.183878
-2.179445 17.018213 0.400434
-2.018622 16.918180 0.015793
-1.899071 16.820551 -0.307033
-1.965438 16.926188 -0.121951
-2.189725 17.152082 0.291362
-1.943381 16.910347 -0.141763
-2.130808 17.072130 0.253073
-1.961676 16.889750 -0.110459
-1.947350 16.946522 -0.202379
-1.927149 16.923119 -0.168569
-2.195602 17.155455 0.330688
-2.108428 17.113588 0.172192
-1.836670 16.840082 -0.430865
-2.037750 17.023102 -0.003894
-1.896940 16.905987 -0.327910
-1.980770 17.039366 -0.147804
-1.959508 16.976780 -0.121408
-2.190808 17.249620 0.285303
-2.144093 17.179104 0.242319
-1.950167 17.011635 -0.161309
-1.943806 17.038553 -0.197096
-1.953563 17.054188 -0.227683
-2.113283 17.220572 0.159497
-1.832070 16.929001 -0.450791
-2.043292 17.120234 -0.020056
-1.891145 16.991848 -0.347250
-1.991166 17.151791 -0.172237
-1.957964 17.120640 -0.183189
-2.153561 17.290251 0.231698
-1.950660 17.150633 -0.222090
-1.954356 17.160616 -0.249979
-2.121250 17.336176 0.146651
-1.896818 17.095226 -0.375295
-1.988881 17.254286 -0.190384
-1.960862 17.227961 -0.203300
-1.952973 17.262300 -0.244811
-1.958160 17.280510 -0.276627
-1.837825 17.136265 -0.502139
-1.899145 17.201239 -0.401649
-1.981728 17.296379 -0.169529
-1.950236 17.376038 -0.267167
-1.960415 17.403753 -0.302702
-1.845391 17.255873 -0.532761
-1.898725 17.307566 -0.426850
-1.836562 17.316998 -0.599632
-1.839792 17.365065 -0.555507
-2.154787 16.662926 0.393206
-2.134825 16.668610 0.372355
-2.157255 16.735655 0.390146
-2.143181 16.744902 0.364041
-2.185762 16.832840 0.382007
-2.168315 16.839132 0.353932
-1.953135 16.672785 -0.067161
-1.993959 16.706797 0.004739
-2.190190 16.913002 0.378738
-1.866376 16.661743 -0.308354
-2.163324 16.910917 0.348903
-1.998834 16.787840 -0.010741
-1.953506 16.751602 -0.079692
-2.214300 17.016544 0.373755
-1.868351 16.744282 -0.331210
-2.176003 17.001461 0.341353
-2.011393 16.881590 -0.029952
-1.952947 16.831469 -0.092179
-2.183370 17.090044 0.334700
-2.010747 16.965199 -0.043812
-1.977545 16.941872 -0.116319
-1.884204 16.935562 -0.387730
-2.032589 17.076870 -0.067141
-1.850889 16.928986 -0.452523
-1.980623 17.034571 -0.131856
-1.889626 17.038448 -0.416388
-2.035930 17.175520 -0.083882
-1.844907 17.018528 -0.473125
-1.989981 17.139589 -0.149154
-1.889269 17.137939 -0.442219
-2.042626 17.281979 -0.102810
-1.851478 17.128199 -0.503715
-2.005689 17.258030 -0.170999
-1.890088 17.243269 -0.469637
-2.046121 17.387341 -0.118652
-1.855665 17.240416 -0.532981
-1.999952 17.355959 -0.183207
-1.899826 17.368252 -0.505164
-1.859150 17.360586 -0.563756
-2.115984 16.647873 0.368866
-2.146941 16.693466 0.432615
-2.165480 16.732340 0.468448
-2.152728 16.708258 0.437104
-2.146559 16.723377 0.415324
-2.137672 16.727047 0.352964
-2.141820 16.744627 0.400945
-2.017545 16.616974 0.111068
-2.017282 16.635500 0.092368
-2.012081 16.623472 0.108552
-2.133703 16.744297 0.419587
-2.146217 16.754618 0.426392
-1.998621 16.650450 0.028649
-2.191810 16.811888 0.456189
-2.148871 16.767570 0.431780
-2.021348 16.668612 0.085817
-2.170831 16.803905 0.400096
-2.032056 16.681650 0.138550
-2.151418 16.802914 0.337118
-2.062693 16.704903 0.189196
-2.180987 16.836538 0.384147
-2.016787 16.679916 0.098380
-2.011356 16.695709 0.078331
-2.019063 16.690434 0.092141
-2.023834 16.681517 0.099389
-2.180598 16.842178 0.404089
-2.178953 16.841785 0.414193
-1.908843 16.612328 -0.203470
-2.189397 16.874344 0.447859
-2.178285 16.853704 0.422560
-2.008832 16.725929 0.006372
-1.908551 16.635767 -0.206743
-2.018532 16.732527 0.070158
-2.177218 16.875143 0.389197
-2.089549 16.785765 0.169258
-2.148554 16.871582 0.325398
-1.951475 16.665979 -0.097021
-2.166214 16.892712 0.376617
-2.018600 16.745150 0.086003
-1.912892 16.649429 -0.188484
-2.017931 16.740856 0.091456
-2.013302 16.764820 0.062072
-2.013292 16.753653 0.080326
-2.174124 16.902918 0.397007
-1.878785 16.646368 -0.281355
-1.870643 16.609272 -0.318800
-2.172276 16.904266 0.408829
-1.907934 16.674332 -0.201870
-1.906730 16.678709 -0.223864
-2.197450 16.946129 0.438342
-2.181181 16.922836 0.417439
-1.923070 16.702520 -0.168501
-1.908808 16.705175 -0.230490
-2.018437 16.805603 -0.016136
-2.055143 16.828417 0.102578
-2.176960 16.943296 0.378871
-2.038841 16.816990 0.045828
-2.074441 16.838783 0.161946
-1.912768 16.692139 -0.192373
-1.943883 16.725620 -0.112441
-2.152656 16.947401 0.312524
-2.168528 16.963161 0.366604
-2.050698 16.837288 0.061726
-1.918328 16.720629 -0.210522
-2.054446 16.835983 0.066435
-2.038018 16.853199 0.036637
-2.045009 16.846386 0.054821
-2.174044 16.972212 0.389624
-1.879189 16.683165 -0.347843
-2.181401 16.979874 0.400824
-1.890024 16.727373 -0.314328
-1.911121 16.747311 -0.224800
-1.922779 16.761166 -0.255994
-2.201431 17.017128 0.429711
-2.183494 16.994299 0.412808
-1.949800 16.791634 -0.203175
-1.922082 16.787067 -0.261216
-2.013681 16.876299 -0.033627
-2.061830 16.904579 0.084995
-2.175191 17.013903 0.369382
-2.037978 16.888329 0.029889
-2.087784 16.917086 0.144149
-1.922968 16.768528 -0.215012
-1.972112 16.814217 -0.142933
-2.041592 16.900391 0.052525
-2.170248 17.036877 0.356720
-2.148268 17.019449 0.301279
-1.938949 16.809080 -0.241175
-2.047007 16.899639 0.058617
-2.044515 16.918060 0.039747
-2.035285 16.925720 0.021032
-2.178359 17.046354 0.380775
-2.184618 17.053072 0.395123
-1.895702 16.808180 -0.344855
-1.931921 16.835888 -0.257893
-1.920584 16.834076 -0.278917
-2.184866 17.066813 0.408163
-1.942483 16.859083 -0.220619
-1.922984 16.864618 -0.286121
-2.066670 16.980042 0.068467
-2.088991 16.986500 0.131539
-2.013296 16.953714 -0.053307
-2.040212 16.964300 0.011966
-1.931655 16.847368 -0.236813
-1.962996 16.877235 -0.157878
-2.049338 16.981302 0.036093
-1.932001 16.876863 -0.257754
-2.154323 17.102692 0.288124
-2.050191 16.974625 0.046451
-2.045652 16.993086 0.024971
-2.041544 17.006205 0.000778
-1.880025 16.826017 -0.395918
-1.893080 16.885420 -0.370447
-1.928618 16.908781 -0.278029
-1.917449 16.908035 -0.301853
-1.938823 16.930698 -0.241260
-2.092735 17.061012 0.118158
-2.068724 17.055870 0.052982
-1.914847 16.937925 -0.307823
-1.934996 16.923334 -0.257523
-1.963218 16.950432 -0.177327
-2.049019 17.048948 -0.008698
-2.023533 17.042450 -0.077336
-2.059620 17.067308 0.018891
-1.929423 16.951366 -0.276521
-2.062140 17.061186 0.030631
-2.159772 17.190130 0.274737
-2.048016 17.073931 0.008547
-1.874698 16.897076 -0.417941
-2.042242 17.086491 -0.017030
-1.894090 16.968695 -0.399959
-1.924339 16.985533 -0.299262
-1.920506 16.991268 -0.328756
-1.945393 17.015171 -0.267837
-1.971478 17.033585 -0.201800
-1.934419 17.001530 -0.275126
-1.916596 17.021877 -0.335605
-2.048777 17.130291 -0.026519
-2.028174 17.133795 -0.100001
-1.931765 17.033056 -0.299050
-2.054763 17.160553 -0.009705
-1.872087 16.973360 -0.443175
-2.155469 17.270775 0.263545
-2.048573 17.176516 -0.037591
-1.892267 17.056074 -0.429872
-1.929005 17.073986 -0.326587
-1.919469 17.075586 -0.355495
-1.944223 17.095613 -0.290694
-1.970163 17.111090 -0.221135
-1.941512 17.089344 -0.298617
-1.922668 17.116282 -0.367018
-2.050691 17.217323 -0.046338
-2.023801 17.219025 -0.118741
-1.935322 17.121496 -0.323589
-1.871656 17.053463 -0.469683
-2.044961 17.260551 -0.053879
-1.925919 17.159348 -0.350554
-1.888956 17.144030 -0.458225
-2.093278 17.293947 0.077722
-1.942457 17.179316 -0.313421
-1.919681 17.163845 -0.383161
-1.972459 17.196503 -0.245110
-1.943616 17.175558 -0.320514
-2.042662 17.298370 -0.061883
-1.914772 17.200182 -0.391828
-1.839950 17.113268 -0.569682
-1.936999 17.212044 -0.348156
-2.024681 17.314585 -0.141461
-1.874274 17.141937 -0.499619
-1.846913 17.123442 -0.560434
-2.052841 17.360453 -0.076669
-1.933979 17.258364 -0.381165
-1.889242 17.240824 -0.491579
-1.942456 17.270237 -0.339732
-1.974528 17.285511 -0.268091
-1.919812 17.258638 -0.413356
-1.943636 17.265623 -0.340720
-1.922023 17.304123 -0.426336
-1.939902 17.308405 -0.374372
-1.868223 17.226509 -0.525487
-2.022762 17.411440 -0.163500
-1.847079 17.215422 -0.589545
-1.929310 17.351768 -0.406460
-1.941859 17.364416 -0.365914
-1.973442 17.374546 -0.290895
-1.880288 17.335115 -0.520014
-1.916608 17.353321 -0.440933
-1.947634 17.363928 -0.364702
-1.917475 17.402325 -0.455875
-1.931398 17.397499 -0.394033
-1.869438 17.323158 -0.559191
-1.845374 17.308573 -0.618323
-1.925880 17.450050 -0.433043
-1.935345 17.457123 -0.390154
-1.882624 17.445990 -0.558616
-1.908404 17.447344 -0.467278
-1.946643 17.460636 -0.387090
-1.862353 17.416246 -0.587962
-2.115492 17.307724 0.083342
-1.878687 17.107649 -0.534978
-1.985169 17.387505 -0.288931
-1.984456 17.215483 -0.253623
-1.971008 17.211975 -0.319493
-1.876310 17.312979 -0.570620
-1.862771 17.320553 -0.592145
-1.870754 17.189377 -0.562949
-1.984122 17.303024 -0.277914
-1.959061 17.291187 -0.340085
-1.867227 17.399359 -0.597622
-1.862789 17.273891 -0.592011
-1.980447 17.391420 -0.299936
-1.954618 17.380764 -0.364563
-1.853856 17.362261 -0.622184
-2.120863 16.647650 0.324710
-2.124230 16.702084 0.314688
-2.082584 16.691393 0.204876
-2.154224 16.773573 0.297663
-1.967171 16.618980 -0.075795
-2.005010 16.659637 0.025160
-2.074520 16.745144 0.199096
-1.914914 16.610445 -0.213116
-2.135288 16.818600 0.292036
-1.967424 16.678282 -0.089816
-1.876922 16.598162 -0.307649
-2.012615 16.719786 0.007503
-2.113636 16.827602 0.179493
-2.083018 16.688770 0.207052
-1.911440 16.665495 -0.229618
-2.140276 16.877310 0.281940
-1.964033 16.735273 -0.101293
-2.029917 16.788563 -0.013236
-1.878730 16.658875 -0.326415
-2.093587 16.734974 0.256392
-1.966669 16.630791 -0.075354
-2.097462 16.878874 0.176002
-1.915061 16.727821 -0.249830
-2.079516 16.744698 0.198373
-2.142982 16.938745 0.270638
-2.016777 16.839716 -0.022702
-1.997355 16.819286 -0.130546
-1.875954 16.718344 -0.342632
-1.986318 16.691807 -0.038223
-2.121293 16.809191 0.238164
-1.968362 16.690435 -0.091318
-2.101254 16.945070 0.165840
-1.929051 16.798439 -0.276788
-2.108863 16.822271 0.180420
-1.883902 16.632626 -0.274034
-1.877064 16.625885 -0.321876
-2.154895 17.006458 0.258558
-2.082786 16.694063 0.207580
-2.022294 16.905586 -0.039333
-1.979461 16.870943 -0.135741
-1.972418 16.609028 -0.066922
-2.113912 16.861658 0.229090
-1.977741 16.745146 -0.050593
-2.091919 16.725983 0.206113
-1.964179 16.747688 -0.104867
-2.120815 17.025290 0.152410
-1.913235 16.851984 -0.288314
-2.099433 16.878611 0.173080
-2.148971 17.064941 0.251129
-1.886346 16.694881 -0.297179
-1.872592 16.684814 -0.339444
-1.961657 16.645191 -0.076241
-2.079416 16.750126 0.196462
-2.020643 16.967916 -0.053684
-1.979436 16.937574 -0.150179
-1.884675 16.854761 -0.386002
-1.968003 16.665154 -0.083416
-2.120606 16.927610 0.215394
-2.001328 16.822403 -0.077476
-2.105057 16.791998 0.189497
-1.872837 16.596231 -0.314015
-1.984475 16.824854 -0.129072
-2.122571 17.094398 0.144350
-1.868127 16.603518 -0.322899
-1.916731 16.920841 -0.311030
-2.153632 17.133797 0.239534
-2.100638 16.942514 0.162654
-1.882393 16.754274 -0.316326
-1.870298 16.746630 -0.357958
-1.966988 16.707138 -0.094739
-2.110571 16.829321 0.177064
-2.034109 17.044664 -0.075824
-2.081466 16.695616 0.198423
-1.991808 17.016193 -0.170230
-1.882160 16.921101 -0.403864
-1.974743 16.729319 -0.104580
-2.137398 17.001587 0.199835
-1.994878 16.881433 -0.091866
-2.095392 16.847202 0.179218
-2.059813 16.700396 0.158556
-1.860326 16.648949 -0.327863
-1.976579 16.883539 -0.141512
-2.120785 17.163208 0.135673
-2.209544 16.840179 0.467274
-1.863418 16.661310 -0.343406
-1.916533 16.990204 -0.332281
-2.155925 17.202427 0.230257
-2.118132 17.020912 0.147375
-1.894613 16.828094 -0.346069
-1.889263 16.825516 -0.391553
-2.098185 16.882088 0.168961
-1.966409 16.768568 -0.111541
-2.035339 17.114292 -0.090836
-2.075895 16.749718 0.187901
-1.941483 16.635056 -0.131717
-1.993908 17.088507 -0.186686
-1.888150 16.996925 -0.428102
-1.985825 16.800201 -0.128000
-2.131940 17.063356 0.189748
-1.961781 16.660450 -0.089081
-1.993710 16.946115 -0.108516
-2.098559 16.911928 0.165261
-2.100580 16.786303 0.131046
-1.864541 16.714701 -0.353170
-1.986013 16.957664 -0.161971
-2.125438 17.238676 0.127313
-1.925258 17.067507 -0.358329
-2.158182 17.272921 0.220266
-2.218691 16.908308 0.456285
-1.863573 16.726297 -0.367752
-2.122217 17.092113 0.136288
-1.890956 16.892492 -0.366145
-1.874680 16.883013 -0.404014
-2.101183 16.948551 0.156730
-1.985928 16.845057 -0.137458
-2.033933 17.184429 -0.107191
-2.122766 16.839138 0.160927
-1.864090 16.622721 -0.336574
-1.997632 17.165104 -0.203222
-1.891385 17.072182 -0.450879
-1.942481 16.696978 -0.152910
-2.129030 17.129284 0.179215
-1.973096 16.857454 -0.141196
-2.016096 17.030825 -0.135454
-1.963567 16.722105 -0.108196
-2.108284 16.984390 0.148819
-1.859625 16.776094 -0.372664
-2.072658 16.833818 0.123840
-1.989923 17.031607 -0.179875
-2.126901 17.316055 0.118475
-2.160772 17.346552 0.210061
-1.923175 17.138973 -0.379558
-1.889043 16.809114 -0.408140
-2.224295 16.976135 0.444679
-2.119152 17.158840 0.127841
-1.888151 16.960503 -0.388020
-2.040376 17.263439 -0.125896
-1.884442 16.961279 -0.433230
-2.114797 17.023508 0.141054
-1.974874 16.903788 -0.149657
-2.091790 16.881063 0.156119
-1.992746 17.237822 -0.215529
-1.885068 17.144627 -0.469422
-1.862078 16.683880 -0.359609
-2.133985 17.203154 0.166692
-1.959531 16.772261 -0.181898
-1.978266 16.927805 -0.162914
-2.006264 17.094427 -0.148949
-1.969344 16.788267 -0.129706
-2.113408 17.056543 0.134567
-1.875966 16.854557 -0.407241
-2.131314 17.396986 0.110412
-1.991599 17.105457 -0.197903
-1.924109 17.217880 -0.403895
-2.074478 16.900213 0.108674
-1.870549 16.865049 -0.421719
-2.129221 17.240101 0.114780
-1.899707 17.041309 -0.419039
-2.036514 17.338024 -0.141724
-2.120690 17.096329 0.128522
-1.884150 17.035318 -0.456269
-1.977659 16.974855 -0.169418
-2.090908 16.944084 0.143490
-1.887642 17.226885 -0.493481
-1.854559 16.743923 -0.379730
-2.135783 17.277060 0.154410
-2.003510 17.166233 -0.166512
-1.952233 16.834375 -0.199437
-1.979741 16.998659 -0.183167
-1.978556 16.860334 -0.152746
-2.120324 17.131239 0.118512
-1.876781 16.925810 -0.432011
-1.918646 17.293922 -0.424232
-1.995789 17.185337 -0.217094
-2.085573 16.976774 0.088850
-1.869687 16.934816 -0.447481
-2.122795 17.310467 0.107583
-2.037028 17.417442 -0.159087
-1.894950 17.115175 -0.442330
-2.119015 17.166210 0.117053
-1.877965 17.107904 -0.477251
-1.989736 17.055141 -0.193477
-2.108510 17.023558 0.125419
-1.999592 17.408489 -0.250519
-1.888317 17.312197 -0.517882
-2.137008 17.353292 0.142639
-1.882321 16.830708 -0.423863
-2.010031 17.248192 -0.188731
-1.989182 17.079462 -0.208572
-1.948003 16.901123 -0.219005
-1.968907 16.921282 -0.167606
-2.119519 17.203800 0.105602
-1.914925 17.375319 -0.447450
-1.876620 16.999992 -0.457489
-1.990998 17.260061 -0.232555
-2.094282 17.054041 0.070986
-1.865498 17.006359 -0.471279
-2.127673 17.394684 0.096863
-1.896901 17.195965 -0.470187
-1.877968 17.186941 -0.501216
-2.114954 17.236803 0.107544
-1.990987 17.130527 -0.213076
-1.879490 17.391884 -0.536969
-2.141149 17.434954 0.130922
-1.871993 16.892988 -0.443597
-1.986910 17.153614 -0.228431
-1.984772 17.003078 -0.196286
-1.964354 16.985270 -0.249988
-2.125255 17.285027 0.089849
-1.875114 17.075827 -0.484174
-1.875786 17.091770 -0.507021
-1.891532 17.274017 -0.493679
-1.879293 17.272865 -0.529639
-2.122365 17.319508 0.092786
-1.988544 17.206413 -0.231208
-1.871945 16.968248 -0.471874
-1.980942 17.228270 -0.246825
-1.985267 17.076862 -0.217242
-1.960401 17.057955 -0.270842
-1.877948 17.158367 -0.513111
-1.990417 17.426996 -0.268554
-1.868351 17.168022 -0.532367
-1.882973 17.353981 -0.517647
-1.868785 17.351078 -0.549715
-2.124270 17.401094 0.080945
-1.988228 17.287989 -0.251363
-2.110685 17.241554 0.084512
-1.870569 17.044224 -0.500998
-1.980725 17.311852 -0.270138
-1.975305 17.147018 -0.233238
-1.951847 17.130331 -0.289504
-1.872172 17.237028 -0.537817
-1.863060 17.249025 -0.559374
-1.988226 17.373636 -0.272089
-2.114568 17.323032 0.069498
-1.866789 17.121845 -0.528521
-1.979028 17.396948 -0.292214
-1.977872 17.229294 -0.257288
-1.953976 17.215082 -0.315491
-1.868102 17.322912 -0.566122
-1.855886 17.332144 -0.586362
-2.191318 16.919128 0.439325
-2.057757 16.806427 0.120962
-2.058344 16.810368 0.070469
-2.185915 16.936714 0.362078
-2.189345 16.976942 0.435998
-2.065401 16.869167 0.110249
-2.065377 16.870726 0.056277
-2.193191 16.910252 0.436376
-2.193979 16.996984 0.353245
-2.061156 16.809141 0.123427
-2.070805 16.931799 0.099403
-2.209696 17.050154 0.429476
-2.070172 16.930975 0.041954
-2.162784 16.921095 0.310346
-2.190977 17.053007 0.345208
-2.196131 16.970640 0.430994
-2.070219 16.872263 0.110745
-2.192915 16.908905 0.433859
-2.074335 16.995598 0.088929
-2.066384 16.988163 0.031482
-2.062200 16.816397 0.124036
-2.173879 16.986050 0.299505
-2.196273 17.113588 0.337447
-2.201282 17.032030 0.425345
-2.146663 16.905735 0.262225
-2.045128 16.906603 -0.006833
-2.073933 16.934330 0.098522
-2.198220 16.969519 0.426122
-2.069281 17.051403 0.016831
-2.076412 17.060839 0.079706
-2.167391 17.040766 0.291191
-2.068688 16.878105 0.110706
-1.963675 16.975136 -0.209520
-1.955110 16.971146 -0.240121
-2.145080 16.963972 0.251533
-2.046750 16.968693 -0.021620
-2.078384 16.998903 0.087321
-2.060723 16.819647 0.116881
-2.198193 17.028151 0.419210
-2.084370 17.125675 -0.000578
-2.174404 17.106735 0.280608
-2.128937 16.892843 0.209306
-2.076385 16.943783 0.096465
-1.966871 17.043354 -0.225057
-2.189157 16.956680 0.413351
-1.957672 17.037933 -0.259477
-2.143808 17.025354 0.240646
-2.048684 17.033924 -0.036603
-2.084962 17.067327 0.074832
-2.064613 16.879986 0.102904
-1.880533 17.013243 -0.463637
-2.033312 16.948891 -0.072808
-2.081734 17.189587 -0.013030
-2.179545 17.173866 0.270405
-1.965162 16.994280 -0.217119
-2.076029 17.005953 0.084847
-2.120277 16.950464 0.197396
-1.974907 17.116955 -0.243695
-2.193658 17.017555 0.403524
-1.969580 17.113287 -0.285181
-2.147283 17.091009 0.229446
-2.056380 17.104420 -0.055058
-1.881184 17.070057 -0.498153
-1.934076 17.010963 -0.314963
-2.075916 16.948021 0.086116
-1.881711 17.083521 -0.484898
-2.028634 17.011000 -0.087110
-2.174062 17.235188 0.262540
-1.969733 17.064756 -0.235325
-2.077850 17.070086 0.072631
-1.965713 17.179914 -0.301624
-1.979232 17.191946 -0.261208
-2.126062 17.018272 0.183184
-2.157273 17.163530 0.216150
-2.057310 17.172562 -0.070749
-1.882405 17.143312 -0.522910
-1.944635 17.087975 -0.341860
-2.075675 17.010355 0.072039
-1.883707 17.157433 -0.507937
-1.964699 17.017353 -0.225368
-2.031876 17.081297 -0.105808
-2.179432 17.308277 0.251082
-1.871037 17.047565 -0.487137
-1.974225 17.138042 -0.254591
-1.965742 17.252977 -0.321142
-1.975918 17.262817 -0.274895
-2.138361 17.092945 0.166875
-2.000371 16.986513 -0.141396
-2.159693 17.233986 0.203550
-2.055837 17.242308 -0.084828
-1.876885 17.213270 -0.544560
-1.956542 16.968323 -0.222630
-1.945374 17.158882 -0.364355
-2.087624 17.083725 0.055202
-1.879693 17.230583 -0.526839
-1.966256 17.087070 -0.245436
-2.030192 17.149004 -0.122489
-1.918435 17.055588 -0.394166
-1.879841 17.126806 -0.516451
-1.869074 17.019457 -0.491669
-1.975053 17.210835 -0.272044
-1.965741 17.326965 -0.341029
-1.972572 17.334614 -0.288954
-2.135989 17.161001 0.153877
-2.001000 17.056374 -0.161086
-2.058839 17.316162 -0.102525
-2.162810 17.307909 0.191610
-1.873446 17.288952 -0.568195
-1.937025 17.226229 -0.381418
-1.957349 17.036448 -0.244076
-1.880106 17.309723 -0.550052
-1.973386 17.164705 -0.267575
-2.034078 17.224630 -0.141243
-1.915137 17.125677 -0.415698
-1.877352 17.201447 -0.540104
-1.870416 17.092880 -0.518890
-1.961663 17.401073 -0.360312
-1.969115 17.281273 -0.286737
-1.975643 17.417034 -0.306496
-1.891853 17.023073 -0.455508
-2.139235 17.235092 0.139497
-2.013960 17.136488 -0.185637
-2.051441 17.386250 -0.115279
-1.872665 17.368029 -0.594358
-2.163183 17.381222 0.181108
-1.937077 17.303192 -0.404805
-1.969154 17.115557 -0.271215
-1.873269 17.385069 -0.568581
-1.969409 17.235085 -0.285456
-2.034808 17.300261 -0.159765
-1.918956 17.204231 -0.443697
-1.872507 17.275803 -0.561459
-1.869357 17.167898 -0.544505
-1.971046 17.361773 -0.306521
-1.894912 17.100973 -0.485220
-2.139687 17.310459 0.125862
-1.867277 17.447668 -0.618686
-2.009902 17.209719 -0.204554
-1.933466 17.379660 -0.426382
-1.964791 17.185610 -0.289960
-1.970612 17.313049 -0.306272
-2.029666 17.374361 -0.176249
-1.914605 17.279104 -0.466641
-1.860897 17.347803 -0.580056
-1.866426 17.244072 -0.569747
-1.861426 17.136620 -0.560214
-1.896512 17.179409 -0.513353
-2.143962 17.390207 0.112281
-2.008891 17.286673 -0.225142
-1.960327 17.259413 -0.310118
-1.965414 17.389931 -0.323818
-1.911026 17.359486 -0.492063
-1.860742 17.433157 -0.606623
-1.862982 17.324598 -0.597611
-1.858208 17.213566 -0.589118
-1.885555 17.251152 -0.535625
-1.961939 17.341623 -0.333933
-1.902908 17.437607 -0.514614
-1.857159 17.405781 -0.623528
-1.851325 17.290014 -0.616215
-1.876654 17.329556 -0.560238
-1.955911 17.419710 -0.353929
-1.873464 17.415092 -0.589027
-2.150092 16.631048 0.363339
-2.188898 16.684643 0.403474
-2.151286 16.675150 0.348787
-2.143847 16.624247 0.353702
-2.187762 16.731394 0.387648
-2.049930 16.611759 0.095371
-2.156849 16.721451 0.333918
-2.145388 16.668697 0.340021
-2.061625 16.640060 0.117333
-2.199040 16.720844 0.436773
-2.171887 16.774885 0.373248
-2.049419 16.657135 0.078697
-2.139085 16.655804 0.325928
-2.165152 16.769346 0.317324
-2.158478 16.717272 0.324696
-2.056983 16.686399 0.100775
-2.187645 16.763720 0.423129
-1.973818 16.608461 -0.127716
-2.210851 16.754526 0.463511
-2.051305 16.646381 0.071986
-2.047973 16.702599 0.062361
-2.180428 16.825943 0.356451
-2.081360 16.682465 0.148943
-2.140002 16.701632 0.313098
-2.124481 16.645824 0.311698
-2.153205 16.811720 0.305248
-1.987714 16.604462 -0.073055
-2.170558 16.767811 0.308991
-1.967752 16.641584 -0.147636
-2.088568 16.672775 0.192447
-2.078107 16.740507 0.076611
-2.199765 16.813318 0.407783
-2.036554 16.625521 0.063273
-1.908033 16.590397 -0.303157
-1.999271 16.663591 -0.160893
-2.212673 16.801191 0.449987
-2.043374 16.690617 0.058719
-2.069135 16.755764 0.038539
-2.090179 16.731802 0.130409
-2.154650 16.752686 0.298445
-2.180472 16.875759 0.340071
-2.127582 16.692759 0.298691
-1.967129 16.621763 -0.144027
-2.158664 16.860828 0.289289
-2.158022 16.810629 0.298106
-1.984599 16.650272 -0.091173
-1.904336 16.619926 -0.321460
-2.111819 16.724087 0.171976
-1.997647 16.697035 -0.180430
-2.195862 16.859407 0.393311
-2.066600 16.786207 0.061878
-2.037084 16.671947 0.049198
-1.905123 16.636358 -0.323708
-2.001972 16.641493 -0.046337
-1.958424 16.701159 -0.163007
-2.214532 16.846924 0.436807
-1.920047 16.611841 -0.263599
-2.043213 16.736345 0.042905
-2.107622 16.710522 0.220428
-2.061132 16.801880 0.024562
-2.148700 16.797876 0.287461
-2.087725 16.779242 0.113697
-2.137272 16.742060 0.285586
-1.911044 16.611324 -0.303405
-2.177358 16.925508 0.323852
-1.971193 16.669497 -0.163450
-1.935385 16.598200 -0.217170
-2.166616 16.912321 0.273707
-2.148569 16.855400 0.286388
-1.984532 16.698971 -0.110481
-2.101116 16.767668 0.160081
-1.964224 16.735735 -0.185929
-2.031716 16.659025 0.034765
-2.194491 16.906942 0.379572
-2.067747 16.837025 0.042391
-2.035396 16.718210 0.034946
-1.964196 16.643448 -0.164004
-2.001773 16.688162 -0.062491
-1.982351 16.756813 -0.194633
-2.208240 16.891760 0.424952
-1.954414 16.668509 -0.302077
-2.061912 16.790140 0.020985
-2.120368 16.758749 0.204238
-2.055559 16.848305 0.008348
-2.141778 16.844097 0.276455
-2.086557 16.826931 0.097523
-2.145990 16.792385 0.272461
-1.907892 16.658075 -0.321858
-2.163961 16.959595 0.259436
-1.964679 16.716024 -0.179328
-2.176777 16.976702 0.308346
-1.937266 16.644835 -0.236433
-2.016412 16.677830 -0.015937
-2.163701 16.908815 0.269480
-1.998722 16.750366 -0.135390
-1.896533 16.714848 -0.362924
-1.909483 16.627714 -0.309205
-2.096275 16.813854 0.145967
-2.034433 16.706551 0.020552
-1.977019 16.789686 -0.212446
-2.187743 16.954247 0.365773
-2.060927 16.773581 0.010828
-2.057490 16.883915 0.027859
-1.997560 16.700253 -0.196401
-1.952260 16.630898 -0.190883
-2.014511 16.738214 -0.085141
-1.895165 16.629047 -0.346481
-1.891183 16.730400 -0.361231
-2.217863 16.942917 0.411136
-1.970807 16.803452 -0.209701
-1.906698 16.599155 -0.294366
-1.923559 16.707720 -0.306505
-2.057933 16.838106 0.005820
-2.115948 16.803404 0.191711
-2.046587 16.895447 -0.005648
-1.904245 16.606472 -0.303177
-2.157604 16.898209 0.261290
-2.083479 16.875742 0.081663
-2.140316 16.839800 0.261633
-2.162865 17.009342 0.245856
-2.218691 16.920435 0.461131
-1.981953 16.769360 -0.205089
-1.906195 16.706165 -0.342569
-2.033001 16.728649 -0.036982
-1.947951 16.695818 -0.262076
-2.180565 17.030087 0.292524
-2.161741 16.956785 0.256951
-1.962438 16.668255 -0.184527
-1.992174 16.797825 -0.151624
-1.944198 16.684721 -0.346810
-2.097330 16.861702 0.129993
-1.910258 16.770531 -0.396236
-2.053864 16.760103 0.000733
-1.962703 16.835665 -0.226146
-2.198157 17.009058 0.350189
-2.050847 16.819731 -0.000039
-1.965564 16.739405 -0.198055
-2.006573 16.691784 -0.234389
-2.067893 16.940556 0.005815
-2.013858 16.787342 -0.103238
-2.209355 16.987585 0.399085
-1.911394 16.787304 -0.397612
-1.960719 16.851431 -0.227026
-1.904278 16.645664 -0.310718
-2.108409 16.847048 0.179682
-2.055240 16.886320 -0.008809
-1.892144 16.633211 -0.356010
-1.932887 16.760315 -0.333397
-2.064759 16.953560 -0.030224
-1.904600 16.653639 -0.320895
-2.157791 16.948217 0.248244
-2.092157 16.928814 0.061725
-2.228701 16.970999 0.448544
-2.152741 16.894634 0.248684
-2.155493 17.058014 0.232910
-1.970795 16.815405 -0.218926
-2.030034 16.774649 -0.051767
-1.917360 16.759510 -0.370490
-1.953435 16.745821 -0.284113
-2.185529 17.086535 0.276165
-2.155998 17.006063 0.245411
-1.957902 16.715733 -0.198127
-1.989340 16.845844 -0.169560
-1.894964 16.720367 -0.339058
-2.103618 16.913528 0.112649
-1.905370 16.819477 -0.417165
-2.048742 16.808014 -0.011658
-2.192660 17.057545 0.336571
-1.969533 16.889811 -0.251513
-2.045380 16.867290 -0.013301
-1.972643 16.790947 -0.219043
-1.961643 16.727547 -0.229546
-2.079197 16.998030 -0.016920
-1.880928 16.719971 -0.378053
-2.005823 16.834394 -0.117570
-2.211730 17.038689 0.385881
-1.899122 16.834181 -0.414777
-1.935977 16.702795 -0.344876
-1.966960 16.906017 -0.251186
-2.126318 16.901119 0.161409
-2.060516 16.940111 -0.026530
-1.917670 16.805449 -0.346401
-1.899371 16.700420 -0.336236
-2.228413 17.018627 0.437781
-2.158637 16.999857 0.236585
-2.085336 16.977989 0.047213
-2.164552 17.114429 0.216080
-2.150502 16.944332 0.237876
-2.023319 16.821018 -0.065206
-1.964176 16.864737 -0.235874
-1.940440 16.791117 -0.296918
-1.898779 16.804428 -0.380921
-2.158336 17.058100 0.231851
-1.971262 16.768351 -0.219747
-2.169624 17.134909 0.263295
-1.979048 16.893671 -0.184448
-2.106234 16.963842 0.097368
-1.911473 16.774878 -0.367275
-2.043622 16.855923 -0.024049
-1.900373 16.871233 -0.439166
-2.204598 17.115757 0.321323
-2.059673 16.923752 -0.033379
-1.960438 16.776173 -0.246076
-1.961244 16.837782 -0.230800
-1.903709 16.777382 -0.413363
-1.999627 16.882195 -0.132931
-1.898737 16.887346 -0.439174
-2.124361 16.949085 0.148883
-1.919999 16.747284 -0.353879
-1.895175 16.730658 -0.394753
-1.972671 16.964943 -0.278006
-1.919543 16.857840 -0.370243
-1.916892 16.752960 -0.364073
-2.156018 17.050137 0.224551
-2.094254 17.034208 0.027075
-2.169866 17.171209 0.200596
-2.152633 16.996225 0.226752
-2.020245 16.869825 -0.081062
-1.940307 16.841669 -0.316935
-1.974440 16.921169 -0.261222
-1.903427 16.857475 -0.406128
-2.160985 17.111416 0.218806
-1.964857 16.816004 -0.232671
-2.172682 17.192471 0.247254
-2.102574 17.013081 0.082721
-1.998883 16.953266 -0.213717
-1.908528 16.825712 -0.386283
-2.051467 16.910223 -0.040700
-1.897769 16.924232 -0.463761
-2.197541 17.165707 0.308893
-1.951504 16.822378 -0.259712
-1.884281 16.810188 -0.449624
-1.965480 16.890528 -0.251134
-2.006123 16.934160 -0.152707
-1.891578 16.824459 -0.427219
-2.120185 16.996889 0.136159
-1.904381 16.944187 -0.468583
-1.917822 16.796938 -0.370428
-1.901873 16.782784 -0.416968
-1.913097 16.908251 -0.389983
-1.906392 16.800642 -0.376523
-2.158979 17.104738 0.212020
-2.028026 16.922049 -0.100304
-2.152545 17.047951 0.215431
-1.936465 16.891651 -0.335247
-2.172852 17.171492 0.202846
-1.912614 16.913799 -0.434446
-1.961155 16.866190 -0.247677
-2.117146 17.071747 0.062801
-2.189632 17.260269 0.228493
-1.907459 16.876352 -0.405961
-2.199148 17.221922 0.295112
-1.896930 16.979849 -0.490100
-1.952657 16.873182 -0.279192
-1.885219 16.862669 -0.473127
-2.012126 16.989525 -0.174785
-1.885477 16.875221 -0.446088
-2.118158 17.046724 0.122919
-1.908261 16.844521 -0.383213
-1.896539 16.832367 -0.433379
-1.925885 16.967945 -0.421075
-1.908098 16.851944 -0.397568
-2.165372 17.161625 0.199508
-2.035734 16.976139 -0.120260
-2.161122 17.105944 0.202760
-1.942673 16.947165 -0.359761
-1.968861 16.920284 -0.267633
-1.913284 16.932457 -0.431704
-1.958697 16.927612 -0.300912
-2.132216 17.103951 0.104924
-1.913362 16.899046 -0.404597
-1.889333 16.882133 -0.449116
-1.905505 16.903116 -0.415702
-1.913471 16.952745 -0.424811
-2.169797 16.679857 0.413531
-2.178400 16.758677 0.423190
-2.105559 16.709398 0.282360
-2.114084 16.678679 0.313706
-2.176468 16.723503 0.397691
-2.128206 16.654119 0.343955
-2.070570 16.688667 0.180885
-2.166487 16.685823 0.377390
-2.175369 16.801123 0.410410
-2.020519 16.658890 0.047712
-2.109125 16.755075 0.269217
-2.113250 16.722206 0.300805
-2.165836 16.765652 0.384540
-2.001420 16.656702 -0.022601
-2.131982 16.665056 0.357777
-2.122952 16.696438 0.330944
-2.083184 16.733917 0.163278
-2.136930 16.725904 0.365497
-2.176780 16.843832 0.398093
-2.058603 16.695206 0.141035
-2.019665 16.703358 0.034459
-2.125200 16.684423 0.338198
-2.122116 16.803661 0.254740
-2.029610 16.677752 0.062166
-1.958330 16.654348 -0.134804
-2.124642 16.769281 0.285249
-2.165609 16.808731 0.370438
-2.047902 16.658735 0.118273
-1.999890 16.700491 -0.037610
-2.128273 16.706831 0.343241
-1.942493 16.649338 -0.170021
-2.087958 16.778704 0.147732
-2.129945 16.741365 0.315630
-2.038872 16.656359 0.089665
-2.162734 16.773661 0.345262
-2.185037 16.889923 0.382980
-1.985629 16.666481 -0.062215
-2.068040 16.741367 0.123167
-2.024736 16.750370 0.019086
-2.131138 16.730221 0.319545
-2.115624 16.848740 0.243427
-2.027459 16.722927 0.048005
-2.128214 16.814951 0.272105
-2.004498 16.706066 -0.171241
-2.168506 16.853720 0.355538
-1.924589 16.665262 -0.257959
-2.047558 16.702587 0.100508
-1.998363 16.744278 -0.052620
-2.137752 16.751112 0.326078
-2.077086 16.820692 0.137013
-2.017908 16.705555 -0.221735
-2.129699 16.785389 0.301175
-1.925745 16.673401 -0.247861
-2.038284 16.700048 0.074332
-2.032590 16.659964 0.070344
-2.044634 16.673853 0.097941
-1.965096 16.680429 -0.132453
-2.171971 16.930832 0.372382
-2.147667 16.815546 0.331649
-2.078062 16.788021 0.103744
-2.032613 16.798008 0.002390
-1.915631 16.646269 -0.268728
-1.937618 16.668262 -0.211651
-1.927884 16.657318 -0.245816
-2.146163 16.778591 0.298679
-2.116696 16.895992 0.231779
-2.027213 16.766949 0.033550
-2.128628 16.860588 0.259053
-1.968668 16.664181 -0.113828
-1.959634 16.745956 -0.165770
-2.167304 16.898779 0.341054
-2.015269 16.792427 -0.074133
-2.071009 16.751911 0.076027
-2.137170 16.794796 0.310745
-2.083105 16.867590 0.121316
-2.136698 16.830307 0.285860
-1.951546 16.741224 -0.206359
-2.010050 16.683140 -0.119965
-1.937268 16.721392 -0.269513
-2.033917 16.745089 0.059940
-1.976230 16.643690 -0.100830
-2.030367 16.704020 0.053226
-2.042431 16.716967 0.081175
-1.929345 16.642811 -0.233869
-2.005623 16.732759 -0.166950
-2.175550 16.976488 0.359238
-1.960034 16.639284 -0.137278
-1.928175 16.644447 -0.240871
-2.154608 16.863287 0.315276
-2.069637 16.831244 0.090472
-2.005576 16.759615 -0.104370
-2.034868 16.845318 -0.012013
-1.993606 16.723026 -0.257596
-1.960050 16.699110 -0.310614
-2.137360 16.823360 0.283824
-2.124655 16.944738 0.218040
-2.041638 16.815748 0.013886
-2.129966 16.907059 0.245326
-2.018245 16.716087 -0.152789
-1.973699 16.795353 -0.186666
-2.164244 16.943100 0.327568
-1.935468 16.759754 -0.296002
-2.084707 16.913277 0.105509
-2.003399 16.837343 -0.085585
-2.140069 16.839787 0.295845
-2.063166 16.795635 0.061201
-1.955588 16.788151 -0.224720
-2.135815 16.876648 0.271901
-1.948774 16.770315 -0.291518
-1.977486 16.725441 -0.125850
-2.052707 16.793036 0.037780
-1.971808 16.686670 -0.117828
-2.053462 16.753944 0.027514
-2.037748 16.760727 0.066258
-2.173170 17.021482 0.347508
-1.978800 16.774618 -0.171466
-1.974367 16.695211 -0.276956
-2.012319 16.691648 -0.180873
-1.953318 16.693203 -0.272620
-2.153992 16.908846 0.299237
-1.917498 16.675541 -0.303258
-2.070298 16.877037 0.074988
-2.030244 16.891125 -0.024327
-1.996753 16.805326 -0.119577
-1.951228 16.762270 -0.253974
-1.917069 16.738798 -0.305790
-1.924058 16.748922 -0.279354
-2.138604 16.869658 0.266786
-1.917628 16.656054 -0.284363
-2.130695 16.995567 0.204243
-2.040736 16.863028 -0.000426
-2.130686 16.954908 0.232447
-1.959278 16.752644 -0.144016
-1.974319 16.843025 -0.202855
-1.923860 16.669268 -0.261093
-2.168390 16.990196 0.312517
-1.903427 16.650677 -0.317795
-2.092912 16.962177 0.089337
-1.932946 16.806459 -0.311746
-2.008705 16.885439 -0.103744
-2.137592 16.884611 0.280806
-2.053782 16.839903 0.047899
-1.958691 16.835175 -0.242757
-2.134956 16.922045 0.258294
-1.937244 16.815567 -0.302093
-1.993022 16.773176 -0.151228
-2.050207 16.838802 0.022388
-1.977636 16.733223 -0.140145
-2.053380 16.808643 0.044190
-2.181136 17.070217 0.333769
-2.040240 16.797508 0.012548
-1.972557 16.819855 -0.185212
-1.928267 16.732988 -0.271335
-1.927098 16.734623 -0.278337
-1.934217 16.723333 -0.331391
-1.952655 16.728470 -0.174208
-2.158719 16.956444 0.282633
-2.071864 16.924606 0.058476
-2.035627 16.940336 -0.039528
-1.990173 16.850224 -0.134201
-1.946170 16.807566 -0.270475
-1.931307 16.787231 -0.332075
-1.937673 16.798738 -0.304791
-2.139832 16.916893 0.249395
-2.133937 17.045761 0.191768
-2.041699 16.911037 -0.015737
-2.135489 17.003618 0.218800
-2.162852 17.035160 0.300879
-1.967814 16.889038 -0.214521
-1.983203 16.803211 -0.173715
-2.088897 17.007532 0.075822
-2.009350 16.932165 -0.119581
-1.933229 16.853790 -0.328814
-2.140477 16.930536 0.265553
-2.057831 16.886826 0.029539
-2.142243 16.970110 0.242798
-1.957095 16.882711 -0.259178
-1.938807 16.863131 -0.318606
-1.982380 16.816267 -0.164732
-2.044909 16.883934 0.008319
-1.985668 16.780842 -0.162584
-2.177821 17.115305 0.322362
-2.048345 16.852997 0.028041
-2.037046 16.843540 -0.004952
-1.974101 16.868364 -0.202077
-1.942730 16.782528 -0.300406
-1.937256 16.782192 -0.303855
-2.150624 17.000938 0.269885
-1.974380 16.777966 -0.203786
-1.931264 16.769522 -0.351324
-2.074373 16.972065 0.041639
-1.995163 16.897036 -0.152886
-2.040032 16.991528 -0.055111
-1.943314 16.853928 -0.287098
-1.924707 16.833067 -0.347052
-1.932956 16.844366 -0.320414
-2.130299 17.094454 0.181383
-2.040465 16.957970 -0.030928
-2.142303 16.966240 0.231854
-1.918886 16.748226 -0.328045
-2.136175 17.053343 0.205215
-1.971223 16.938272 -0.232386
-2.161021 17.082529 0.286890
-2.086143 17.054062 0.062509
-1.976605 16.849049 -0.188691
-2.012780 16.980455 -0.137094
-1.933526 16.763332 -0.308744
-2.143347 16.977396 0.249947
-1.924149 16.900272 -0.341942
-1.893476 16.740326 -0.356187
-2.138549 17.016750 0.229809
-1.951758 16.929718 -0.273952
-2.058703 16.934656 0.010917
-1.930065 16.909950 -0.330856
-1.987574 16.865128 -0.186554
-2.049617 16.932468 -0.008639
-2.176689 17.162403 0.310481
-1.975591 16.825375 -0.177994
-2.052376 16.900860 0.009327
-2.039778 16.892111 -0.024573
-1.971229 16.915665 -0.219052
-1.931110 16.827602 -0.314291
-1.935904 16.829893 -0.322708
-2.140291 17.046244 0.256554
-1.914377 16.813675 -0.361686
-1.969550 16.824362 -0.223072
-2.072202 17.019096 0.026772
-1.996354 16.946140 -0.170982
-2.035717 17.039543 -0.067252
-1.916812 16.879608 -0.362936
-1.941005 16.902670 -0.305980
-1.931004 16.892506 -0.338066
-2.047357 17.008509 -0.048359
-2.130706 17.145889 0.169525
-2.129080 17.099787 0.194749
-2.164534 17.131935 0.272335
-1.969349 16.987522 -0.247080
-2.094297 17.105768 0.045279
-1.922725 16.795736 -0.353379
-2.132891 17.012384 0.217847
-1.978416 16.896774 -0.207636
-2.005588 17.026722 -0.150870
-2.137115 17.022625 0.236200
-1.930238 16.809183 -0.329555
-1.927181 16.951046 -0.361390
-2.127974 17.061892 0.218910
-1.948625 16.977793 -0.288849
-1.911590 16.790209 -0.390214
-2.056173 16.982294 -0.005181
-1.939305 16.961540 -0.354152
-1.982503 16.911356 -0.203408
-2.178681 17.211407 0.297803
-2.047088 16.980106 -0.024736
-1.978588 16.873161 -0.199694
-2.048586 16.947325 -0.006973
-1.968679 16.964241 -0.235503
-2.042494 16.941614 -0.044546
-1.934669 16.876825 -0.337898
-2.152529 17.098822 0.238557
-1.930474 16.876726 -0.340793
-2.077799 17.070335 0.008433
-1.914213 16.861431 -0.383294
-1.966922 16.871828 -0.242479
-1.991605 16.993643 -0.187311
-2.041049 17.091558 -0.083511
-1.939057 16.950804 -0.323632
-1.920987 16.939089 -0.350871
-1.912021 16.928997 -0.379970
-2.128916 17.196247 0.157788
-2.040805 17.057335 -0.061084
-2.165228 17.181648 0.258750
-2.132894 17.151409 0.180367
-1.974586 17.039360 -0.266650
-1.913233 16.840765 -0.370344
-2.014888 17.080362 -0.171560
-1.980192 16.946377 -0.227287
-2.135329 17.063606 0.199600
-2.138090 17.070627 0.220888
-1.927415 17.001184 -0.379516
-1.952265 17.028118 -0.309499
-1.920727 16.855154 -0.346872
-2.137411 17.113838 0.202234
-1.929610 17.009398 -0.366432
-2.059212 17.033070 -0.024629
-1.898316 16.836596 -0.406237
-2.173455 17.258574 0.286337
-2.052704 17.030409 -0.042723
-1.984862 16.961456 -0.224613
-1.975963 16.920622 -0.219102
-2.053525 16.996954 -0.026715
-1.968934 17.013441 -0.253276
-1.924917 16.922630 -0.352783
-2.041451 16.991529 -0.063227
-2.068731 17.116806 -0.004697
-1.924445 16.923998 -0.357676
-2.150646 17.149010 0.223510
-1.903141 16.908884 -0.399439
-1.998367 17.045877 -0.208758
-1.962059 16.920099 -0.262471
-2.044485 17.144716 -0.099477
-1.943279 17.001627 -0.345836
-1.918707 16.980114 -0.404375
-1.927992 16.991486 -0.374751
-2.126508 17.247984 0.146900
-2.043921 17.109219 -0.077575
-2.157424 17.229290 0.245822
-2.134228 17.203676 0.167832
-1.973601 17.091318 -0.282726
-2.011743 17.129364 -0.186810
-1.907109 16.887861 -0.390538
-1.975426 16.994820 -0.243969
-2.141248 17.120634 0.205102
-2.129947 17.113432 0.183767
-1.924811 17.052572 -0.397025
-1.957127 17.081491 -0.330652
-2.137165 17.163654 0.188972
-1.915883 16.902485 -0.366511
-2.176674 17.310623 0.273155
-1.933551 17.061935 -0.386909
-2.059790 17.083546 -0.041877
-1.894994 16.884321 -0.427754
-2.046419 17.078453 -0.057528
-1.975996 17.009975 -0.240879
-1.968997 16.967997 -0.235663
-2.045960 17.044767 -0.042075
-1.970074 17.065355 -0.272431
-1.921335 16.971128 -0.372221
-2.035408 17.039738 -0.080463
-2.071492 17.169287 -0.022419
-2.144685 17.198330 0.209230
-1.918982 16.972706 -0.376467
-1.910410 16.960503 -0.425398
-2.043241 17.197449 -0.113474
-1.993566 17.096191 -0.226146
-1.957517 16.969646 -0.281937
-1.939999 17.052338 -0.365101
-1.923208 17.040861 -0.391785
-1.914486 17.030930 -0.423316
-2.128504 17.301857 0.135768
-2.049824 17.162664 -0.095742
-2.156224 17.280142 0.232531
-2.136486 17.256773 0.154622
-1.967617 17.141571 -0.297358
-2.007264 17.180950 -0.203672
-1.962859 17.040930 -0.257884
-2.140327 17.169773 0.190084
-1.912159 16.939352 -0.416728
-1.955468 17.132767 -0.348485
-1.923151 17.103848 -0.414857
-2.139104 17.215477 0.175236
-2.133990 17.166155 0.166600
-1.932210 17.114489 -0.404216
-1.921854 16.954811 -0.393377
-2.055011 17.132921 -0.058912
-1.898426 16.935238 -0.455377
-2.051042 17.131668 -0.076249
-1.978323 17.061945 -0.262789
-1.964478 17.016600 -0.254777
-2.049343 17.095873 -0.060646
-1.972477 17.118437 -0.291383
-2.069255 17.220062 -0.038697
-1.927627 17.024725 -0.398562
-2.038997 17.092884 -0.102171
-2.143127 17.249786 0.194708
-1.920028 17.024443 -0.398932
-2.040119 17.250381 -0.126824
-1.909256 17.011168 -0.447742
-1.991909 17.147469 -0.243978
-1.961968 17.021572 -0.306926
-1.939506 17.104612 -0.386041
-1.913090 17.081427 -0.443228
-1.930161 17.096064 -0.416723
-2.162548 17.335035 0.218199
-2.131384 17.358440 0.123256
-2.048225 17.215996 -0.110969
-1.968499 17.194246 -0.314433
-2.131545 17.307096 0.142976
-2.005929 17.233498 -0.220979
-1.971111 17.095432 -0.281914
-2.134708 17.219429 0.176682
-1.922076 17.155615 -0.434244
-1.950050 17.184452 -0.365024
-2.136626 17.266094 0.161390
-1.906923 16.989159 -0.438303
-1.937960 17.170565 -0.426751
-2.132995 17.219051 0.150171
-1.915718 17.002838 -0.413925
-2.054616 17.185373 -0.076542
-1.895655 16.985332 -0.479153
-2.048786 17.183388 -0.092880
-1.975989 17.112547 -0.282378
-2.045488 17.146084 -0.078357
-1.970511 17.070974 -0.279038
-1.968000 17.170021 -0.308246
-2.065459 17.272320 -0.053804
-1.929260 17.076952 -0.422581
-2.143772 17.302307 0.180064
-2.040724 17.304773 -0.142173
-1.926305 17.078970 -0.425626
-2.035103 17.144976 -0.120587
-1.988016 17.199549 -0.262394
-1.906224 17.062035 -0.469439
-1.954632 17.070478 -0.325071
-1.933750 17.155962 -0.403458
-2.161334 17.386814 0.204554
-1.908856 17.133171 -0.462523
-1.921602 17.146788 -0.432817
-2.132387 17.415226 0.111390
-2.039785 17.265951 -0.123401
-2.138489 17.365480 0.129343
-1.967445 17.249949 -0.331920
-2.008639 17.288776 -0.239760
-2.138155 17.272581 0.160716
-1.972802 17.149714 -0.303329
-1.922205 17.211372 -0.454486
-1.952062 17.239998 -0.385913
-2.134789 17.319263 0.148594
-1.904136 17.040190 -0.462432
-1.932505 17.224125 -0.443995
-2.131984 17.272884 0.133390
-1.911408 17.053474 -0.436176
-2.050144 17.236958 -0.093405
-2.045930 17.235542 -0.108310
-1.893808 17.036259 -0.503606
-1.976421 17.165651 -0.303994
-2.048800 17.200939 -0.098338
-1.971525 17.124584 -0.302209
-1.965368 17.223272 -0.326460
-2.065390 17.326035 -0.070909
-1.922469 17.128229 -0.442985
-2.149364 17.359341 0.162918
-2.041612 17.362316 -0.157702
-1.985405 17.251858 -0.280257
-1.920793 17.130482 -0.445475
-2.033055 17.198736 -0.140356
-1.901294 17.114044 -0.490842
-1.958090 17.125317 -0.350795
-1.935085 17.210835 -0.426104
-1.912616 17.190214 -0.488074
-1.921076 17.200928 -0.454464
-2.042798 17.323452 -0.142009
-2.133835 17.418953 0.117517
-1.969516 17.307549 -0.350205
-2.141905 17.327944 0.144922
-1.923842 17.268454 -0.476959
-1.949374 17.296061 -0.405186
-2.135739 17.373995 0.134123
-1.969812 17.203569 -0.322774
-1.930195 17.278643 -0.461685
-1.900749 17.091656 -0.485360
-2.046914 17.290646 -0.110412
-1.911725 17.107340 -0.461450
-2.130016 17.327753 0.116585
-2.043640 17.289127 -0.125641
-1.890983 17.089157 -0.528435
-1.972152 17.219269 -0.323990
-2.045248 17.253355 -0.115874
-1.964152 17.175360 -0.321056
-1.971384 17.283434 -0.349526
-2.064340 17.381727 -0.088395
-1.916937 17.180674 -0.463185
-2.149013 17.414776 0.147540
-2.039696 17.419226 -0.171908
-1.988299 17.310114 -0.302527
-1.918063 17.183552 -0.466999
-1.901007 17.168344 -0.514920
-2.031343 17.252825 -0.159247
-1.948814 17.177244 -0.369352
-1.935437 17.267681 -0.449134
-1.913907 17.246958 -0.511428
-2.001553 17.397518 -0.272942
-1.926992 17.260910 -0.480845
-1.973066 17.367411 -0.371076
-2.041461 17.380867 -0.157774
-2.134367 17.379681 0.131455
-1.947620 17.352009 -0.424788
-1.919246 17.325659 -0.495943
-2.136981 17.430944 0.119817
-1.969580 17.259930 -0.344253
-1.927460 17.336578 -0.481670
-1.899742 17.147167 -0.511905
-2.052006 17.349985 -0.132819
-1.911678 17.161810 -0.487972
-2.126161 17.382839 0.100405
-2.046626 17.347574 -0.144616
-1.966937 17.272995 -0.343680
-1.880667 17.141016 -0.549990
-2.044455 17.308285 -0.135455
-1.964966 17.338037 -0.366814
-1.963581 17.231392 -0.343421
-1.915668 17.236959 -0.487659
-1.987129 17.366570 -0.323693
-1.915854 17.239943 -0.491150
-1.895657 17.223770 -0.538625
-2.033293 17.311201 -0.181209
-1.949428 17.233326 -0.394472
-1.931105 17.324112 -0.470206
-1.920235 17.315170 -0.499011
-1.906772 17.302761 -0.531177
-2.141195 17.438829 0.114142
-1.951374 17.413908 -0.448808
-1.960982 17.312527 -0.361067
-1.928450 17.395969 -0.503662
-1.899319 17.203171 -0.540013
-2.042809 17.403025 -0.148433
-2.041811 17.403692 -0.160826
-1.904467 17.216507 -0.510679
-1.967271 17.330788 -0.367075
-1.881165 17.197855 -0.578774
-2.043024 17.365530 -0.154542
-1.978367 17.403933 -0.394954
-1.959891 17.285507 -0.364990
-1.989023 17.427742 -0.346714
-1.911580 17.293552 -0.511164
-1.912124 17.295931 -0.513424
-1.889727 17.278690 -0.560778
-2.027443 17.367249 -0.200406
-1.923973 17.379910 -0.489958
-1.941598 17.289404 -0.416332
-1.916807 17.373369 -0.521114
-1.903004 17.360622 -0.554158
-1.970925 17.376183 -0.389288
-1.893633 17.258253 -0.564598
-1.906209 17.275452 -0.539615
-1.966627 17.390556 -0.390854
-1.872677 17.252312 -0.602036
-2.054906 17.431042 -0.180806
-1.957047 17.344215 -0.388647
-1.910278 17.351702 -0.536346
-1.912664 17.355751 -0.539958
-1.888987 17.338278 -0.587867
-1.941537 17.349672 -0.441665
-1.885447 17.314920 -0.587689
-1.896784 17.330004 -0.562555
-1.967809 17.452925 -0.416339
-1.867556 17.308823 -0.628529
-1.963474 17.408443 -0.418008
-1.915087 17.415348 -0.567140
-1.912226 17.417545 -0.566875
-1.951913 17.416456 -0.475810
-1.879708 17.372808 -0.613334
-1.907965 17.398378 -0.601040
-2.162252 16.680555 0.356257
-2.155955 16.679085 0.339751
-2.171708 16.722002 0.339565
-2.154768 16.722336 0.325619
-2.065625 16.668051 0.105581
-2.055028 16.678761 0.076502
-2.165518 16.695375 0.360475
-2.147049 16.683907 0.323041
-2.064072 16.710945 0.090606
-2.174594 16.806543 0.308754
-2.162138 16.812088 0.296550
-1.996566 16.649761 -0.089125
-2.054729 16.722826 0.061640
-2.160837 16.737314 0.346028
-2.190564 16.728758 0.298717
-2.067168 16.753263 0.073881
-2.065998 16.655886 0.110685
-2.163596 16.848425 0.294654
-2.179575 16.675266 0.393358
-1.979998 16.678041 -0.125418
-1.989074 16.692013 -0.102528
-2.162205 16.856522 0.282536
-2.063508 16.767532 0.045007
-1.940083 16.659447 -0.224122
-1.935374 16.654581 -0.241038
-1.921419 16.641678 -0.271628
-2.052705 16.674431 0.068955
-2.139725 16.767656 0.291011
-2.087640 16.798010 0.051141
-2.173313 16.893026 0.277667
-2.063172 16.697588 0.095550
-2.175494 16.715797 0.378083
-1.980590 16.722912 -0.141004
-2.140371 16.687370 0.289632
-2.157612 16.901514 0.270245
-2.065969 16.812183 0.028724
-1.940340 16.703014 -0.240186
-2.177872 16.826305 0.314328
-1.932473 16.698126 -0.256926
-1.920350 16.685930 -0.288584
-2.044854 16.716328 0.054686
-2.160024 16.812326 0.270705
-1.987613 16.660574 -0.099075
-2.165859 16.934353 0.264624
-2.075127 16.840462 0.038593
-2.060644 16.741516 0.080513
-2.201541 16.761007 0.358625
-1.978235 16.661808 -0.124728
-1.979347 16.767069 -0.155524
-2.180140 16.687864 0.411230
-2.137667 16.731049 0.271288
-1.997529 16.780584 -0.139769
-2.167989 16.948698 0.254214
-2.079561 16.679571 0.125404
-2.072789 16.859901 0.011638
-1.938938 16.640697 -0.229618
-1.935136 16.636818 -0.241513
-2.172554 16.870577 0.300316
-1.975188 16.734802 -0.335688
-2.062734 16.760578 0.030914
-2.154943 16.854826 0.255010
-2.167814 16.977613 0.250292
-1.986580 16.703901 -0.115659
-2.074458 16.884148 0.022860
-2.172981 16.800184 0.347236
-2.070529 16.786205 0.061084
-1.971277 16.704515 -0.139720
-1.993431 16.813608 -0.178669
-2.183844 16.728798 0.393667
-2.138178 16.772879 0.253523
-2.003318 16.825336 -0.158671
-2.043471 16.681194 0.030567
-2.173674 16.997372 0.239526
-2.074507 16.721132 0.110095
-2.001102 16.645519 -0.075061
-2.065987 16.903801 -0.000441
-1.940302 16.684250 -0.248474
-1.934636 16.680595 -0.259678
-1.949831 16.793409 -0.280973
-2.179472 16.915512 0.284357
-1.931055 16.787338 -0.289130
-1.937264 16.776346 -0.332508
-1.918207 16.669155 -0.294494
-2.160596 16.898575 0.238918
-2.060741 16.804955 0.014288
-2.169738 17.021801 0.235578
-2.069128 16.928392 0.008851
-2.190845 16.845551 0.328817
-2.081676 16.832069 0.041788
-1.993987 16.859392 -0.194643
-2.238059 16.775843 0.368547
-2.153059 16.818314 0.232840
-1.994823 16.869549 -0.172500
-2.035223 16.723658 0.015056
-2.171269 17.043419 0.227016
-2.075341 16.764246 0.092812
-2.000607 16.689308 -0.093232
-2.063752 16.949934 -0.015387
-1.980679 16.732492 -0.288068
-1.975612 16.727430 -0.300097
-2.118310 16.729286 0.231434
-1.946323 16.838345 -0.296044
-2.177639 16.961094 0.270642
-1.942876 16.834656 -0.312824
-1.914938 16.712330 -0.311246
-1.933724 16.822212 -0.347957
-2.156412 16.941885 0.222493
-2.079801 16.695618 0.138462
-2.059708 16.848278 -0.002305
-1.969521 16.674870 -0.163664
-2.161285 17.065100 0.222113
-1.991329 16.791983 -0.151151
-2.071190 16.973597 -0.008681
-2.178006 16.886721 0.315778
-2.071716 16.875950 0.029883
-2.005810 16.795612 -0.191357
-2.169897 16.810263 0.361868
-1.986783 16.903849 -0.207959
-1.993752 16.913786 -0.189471
-2.142590 16.860645 0.217150
-2.036623 16.766291 -0.003432
-2.161645 17.088598 0.215578
-1.941410 16.671923 -0.235521
-1.928191 16.658470 -0.275498
-2.069681 16.807209 0.078322
-1.999208 16.732269 -0.110681
-1.918960 16.655029 -0.299253
-2.067769 16.997971 -0.031447
-1.929468 16.771526 -0.279398
-1.928638 16.767403 -0.294770
-1.944285 16.883619 -0.313047
-2.115598 16.772957 0.213083
-2.178931 17.007627 0.256369
-2.157009 16.986759 0.206883
-2.022946 16.680185 -0.012609
-1.941168 16.881224 -0.329346
-1.931232 16.758825 -0.339969
-1.933486 16.869122 -0.366407
-2.082499 16.738510 0.120485
-2.057348 16.892282 -0.019795
-1.998297 16.720284 -0.196021
-2.161311 17.110437 0.207705
-2.074513 17.019972 -0.026081
-2.000388 16.838718 -0.173437
-2.003870 16.668516 -0.071811
-2.181764 16.931631 0.299990
-2.071012 16.920565 0.013764
-1.983664 16.836946 -0.200555
-2.192778 16.855431 0.342575
-1.983576 16.951008 -0.222938
-1.990213 16.959652 -0.204930
-2.138404 16.903957 0.200723
-2.049984 16.812119 -0.028309
-1.943340 16.714996 -0.255587
-2.166723 17.138660 0.201706
-1.925098 16.701742 -0.294696
-2.090082 16.853811 0.054807
-1.997776 16.776161 -0.128512
-1.918662 16.697962 -0.319487
-2.066792 17.045271 -0.046263
-1.949820 16.818859 -0.309026
-1.939732 16.813997 -0.320187
-1.944047 16.930527 -0.331501
-2.172703 17.051060 0.243071
-1.939489 16.926853 -0.345492
-2.133808 16.818510 0.189775
-2.158505 17.032446 0.190545
-2.024883 16.723276 -0.032682
-1.929761 16.803627 -0.358175
-2.079842 16.780302 0.102893
-1.925312 16.914608 -0.379757
-2.056249 16.937462 -0.037154
-2.160040 17.155519 0.192779
-2.024783 16.767412 -0.229308
-2.075971 17.066568 -0.042793
-1.992251 16.883289 -0.186411
-1.996547 16.710859 -0.087670
-2.183656 16.976759 0.284889
-1.943776 16.654736 -0.229200
-2.072834 16.967537 -0.002089
-2.188626 16.897816 0.326524
-1.983098 16.882572 -0.219492
-1.985928 16.998413 -0.240368
-1.994577 17.007860 -0.225874
-1.913214 16.634712 -0.307982
-2.145460 16.949909 0.181935
-2.049485 16.855896 -0.046491
-1.952520 16.678986 -0.210489
-2.162780 17.186213 0.190357
-2.075337 16.896122 0.042080
-2.009266 16.822199 -0.152697
-2.067979 17.094564 -0.061672
-1.940354 16.864103 -0.322891
-1.943807 16.977427 -0.349958
-1.933630 16.858427 -0.336291
-2.149655 17.076309 0.175838
-2.160850 17.096104 0.231460
-1.941983 16.975275 -0.365742
-2.124237 16.861658 0.173356
-1.924139 16.961618 -0.397867
-2.093418 16.825470 0.081692
-2.160393 17.202141 0.178846
-2.058275 16.983589 -0.055070
-2.012177 16.765459 -0.048536
-1.925461 16.849693 -0.375728
-1.973928 16.806639 -0.225526
-2.072435 17.112431 -0.058261
-1.990182 16.929501 -0.203802
-2.184251 17.021633 0.269271
-1.997186 16.753693 -0.108258
-1.942546 16.697784 -0.249093
-2.076123 17.014847 -0.019873
-1.914760 16.672821 -0.318825
-2.189823 16.941292 0.310083
-1.975105 16.928167 -0.235291
-1.989149 17.047562 -0.258905
-1.993377 17.055807 -0.244370
-1.913452 16.678102 -0.329802
-2.144336 16.996033 0.164188
-2.044324 16.900230 -0.062949
-2.165058 17.236601 0.177515
-1.998657 16.726652 -0.254614
-1.951307 16.805794 -0.300590
-2.081455 16.942171 0.023639
-1.930505 16.791105 -0.340345
-2.005033 16.866415 -0.169498
-2.063270 17.142307 -0.075114
-1.895006 16.785032 -0.347269
-2.233527 17.012627 0.428097
-1.939837 17.024773 -0.367036
-1.942516 16.911242 -0.343623
-2.145223 17.121370 0.161086
-1.930801 16.904837 -0.355777
-1.939306 17.022869 -0.382306
-2.155391 17.247665 0.165296
-2.171487 17.146418 0.215131
-1.915599 17.006733 -0.412081
-2.059005 17.029461 -0.073503
-2.088862 16.868408 0.064406
-1.919295 16.895983 -0.392593
-2.123290 16.907888 0.153167
-2.039749 16.813686 -0.079257
-2.063365 17.157103 -0.070904
-1.972096 16.851082 -0.244600
-1.998633 16.977619 -0.225271
-2.177990 17.065998 0.255588
-1.987994 16.796253 -0.123432
-2.072918 17.062010 -0.034864
-2.190087 16.984875 0.293984
-1.939428 16.718134 -0.356410
-1.978201 16.975193 -0.256373
-1.985904 17.095633 -0.274271
-1.990703 17.103403 -0.260940
-2.143209 17.042150 0.146438
-1.938088 16.724346 -0.367767
-2.042465 16.945614 -0.082410
-1.945036 16.765280 -0.249414
-2.163245 17.287073 0.165191
-1.947607 16.850456 -0.318973
-2.081617 16.988529 0.006407
-1.928275 16.836111 -0.360655
-1.996170 16.910257 -0.184196
-2.074344 17.195835 -0.094157
-1.916637 16.832430 -0.382134
-1.934031 17.071407 -0.383048
-2.135829 17.164764 0.147957
-1.936380 16.956594 -0.360112
-2.156973 17.296387 0.151112
-1.931666 16.951717 -0.377024
-1.931097 17.069273 -0.396044
-2.170306 17.194563 0.202362
-1.918057 17.056072 -0.432714
-2.082802 16.911930 0.048667
-2.055974 17.076714 -0.090937
-1.915561 16.941563 -0.411355
-2.071519 17.208838 -0.091455
-2.027369 16.857153 -0.094638
-2.126791 16.954382 0.133312
-1.965209 16.896656 -0.263188
-1.991900 17.024384 -0.240941
-2.175185 17.112610 0.241825
-2.007414 16.843710 -0.152730
-2.076505 17.111532 -0.052553
-1.926701 16.784153 -0.284532
-2.185327 17.028654 0.278749
-1.912612 16.760019 -0.363879
-1.982196 17.023027 -0.278181
-1.989961 17.147448 -0.294296
-1.996293 17.153696 -0.282135
-2.138381 17.087780 0.130446
-1.903308 16.765743 -0.370511
-2.038171 16.991692 -0.099978
-2.161429 17.337540 0.152864
-1.941110 16.895452 -0.336322
-1.959606 16.813026 -0.280284
-2.080844 17.034994 -0.010482
-1.926043 16.881109 -0.380968
-1.999265 16.957289 -0.205282
-2.061875 17.242247 -0.104944
-2.156327 17.344965 0.136758
-1.915275 16.879181 -0.403551
-2.143479 17.215134 0.129360
-1.940664 17.123537 -0.407786
-1.937575 17.004761 -0.380883
-1.929194 16.998474 -0.395655
-1.936620 17.121422 -0.417995
-2.170024 17.243519 0.188865
-1.918618 17.106560 -0.453039
-2.047441 17.121843 -0.105165
-2.082269 16.956636 0.030094
-2.065150 17.255953 -0.106275
-1.912156 16.988430 -0.429640
-2.128426 17.001093 0.114145
-2.025114 16.903107 -0.115338
-1.963310 16.942953 -0.283026
-2.174242 17.158989 0.227370
-1.991958 17.073505 -0.259308
-1.998186 16.887194 -0.168289
-2.066471 17.157251 -0.065234
-1.946860 16.831211 -0.317474
-2.186819 17.074343 0.262399
-1.920353 16.806314 -0.392430
-1.973626 17.069077 -0.292783
-1.989524 17.201368 -0.298188
-1.987014 17.197729 -0.309566
-2.136680 17.134359 0.113895
-2.167100 17.392015 0.139179
-2.042531 17.039902 -0.120935
-1.918080 16.812635 -0.403443
-1.940109 16.942562 -0.356883
-1.950914 16.856958 -0.297423
-2.083166 17.083340 -0.028309
-1.924679 16.927853 -0.402387
-1.999925 17.005014 -0.224475
-2.065519 17.295734 -0.120852
-2.153815 17.393763 0.123091
-1.916705 16.925581 -0.426005
-2.144303 17.264061 0.113075
-1.935694 17.172838 -0.425286
-1.929902 17.051622 -0.396208
-2.163848 17.290924 0.177337
-1.935316 17.172129 -0.437633
-1.919295 17.045200 -0.411148
-1.920079 17.157858 -0.474090
-2.058896 17.174625 -0.128719
-2.088890 17.004066 0.009681
-2.065905 17.306717 -0.123312
-1.905051 17.034813 -0.446167
-2.126331 17.048250 0.096356
-2.021386 16.948709 -0.134112
-1.966039 16.989607 -0.304971
-2.171071 17.205227 0.212743
-1.986153 17.120142 -0.275328
-1.995927 16.933138 -0.188991
-2.072218 17.208755 -0.083518
-2.182386 17.119408 0.247639
-1.938704 16.875597 -0.336199
-1.966525 17.115463 -0.309316
-1.989518 17.252327 -0.317317
-1.981838 17.247869 -0.325007
-1.912195 16.850695 -0.411153
-2.124994 17.179480 0.099834
-1.906617 16.855965 -0.419166
-2.040966 17.087490 -0.140303
-2.082359 17.130722 -0.045583
-1.941509 16.989891 -0.379721
-1.949188 16.903349 -0.319706
-1.921086 16.974453 -0.423977
-2.063807 17.348127 -0.136377
-2.000190 17.053301 -0.244910
-2.141428 17.312504 0.098548
-1.910709 16.971949 -0.445321
-1.936191 17.225176 -0.446375
-1.933435 17.101866 -0.420016
-2.165697 17.342800 0.162865
-1.931576 17.223534 -0.455379
-1.922464 17.095081 -0.435815
-2.063500 17.357450 -0.140175
-1.913210 17.208307 -0.491279
-2.049365 17.221720 -0.143366
-2.089585 17.050871 -0.009143
-1.911855 17.087032 -0.473352
-1.963712 17.037392 -0.326432
-2.022223 16.996536 -0.155753
-2.168591 17.253115 0.199452
-1.990744 17.172409 -0.296944
-1.999589 16.979689 -0.211287
-2.073873 17.260345 -0.101284
-2.182912 17.166128 0.231249
-1.936977 16.921982 -0.358482
-1.982160 17.300112 -0.343658
-1.982114 17.302326 -0.332930
-1.971292 17.167822 -0.333374
-1.906437 16.895300 -0.432152
-2.118265 17.226254 0.084145
-1.904163 16.901619 -0.443164
-2.037504 17.136230 -0.159362
-1.936776 17.037437 -0.398907
-2.070997 17.177122 -0.059162
-1.946560 16.948914 -0.341265
-2.060622 17.400169 -0.149975
-1.915057 17.021749 -0.443675
-1.994922 17.100395 -0.262516
-2.136293 17.361740 0.083470
-1.934822 17.277729 -0.466776
-1.900081 17.017948 -0.462533
-2.172866 17.396683 0.147625
-1.931501 17.276335 -0.475266
-1.931735 17.153147 -0.440897
-2.059229 17.408405 -0.156350
-1.923198 17.145657 -0.458589
-1.910006 17.260157 -0.510610
-2.044431 17.270102 -0.160498
-2.087483 17.098009 -0.026933
-1.908890 17.137129 -0.494365
-1.956214 17.084347 -0.344205
-2.172873 17.304293 0.183083
-2.020262 17.044695 -0.176361
-1.983371 17.221485 -0.312178
-2.174416 17.210340 0.217386
-2.072191 17.311810 -0.116433
-1.998588 17.026796 -0.231859
-1.934315 16.968473 -0.380421
-1.966890 17.216646 -0.352085
-1.978884 17.355110 -0.352647
-1.975417 17.352690 -0.358314
-1.906144 16.942949 -0.456743
-2.126748 17.279289 0.064055
-2.035334 17.185209 -0.177910
-2.081339 17.229919 -0.079937
-1.895004 16.947966 -0.462306
-1.923714 17.084137 -0.414229
-1.942003 16.996563 -0.362896
-1.914526 17.071150 -0.466585
-1.985022 17.147121 -0.278020
-1.923352 17.326874 -0.481487
-1.924029 17.328176 -0.491636
-1.901920 17.068510 -0.488096
-2.047521 17.322947 -0.180573
-1.930934 17.205233 -0.462504
-1.909142 17.314085 -0.532974
-1.921102 17.197495 -0.480710
-2.079455 17.144527 -0.043134
-1.904959 17.188259 -0.515416
-2.173485 17.354052 0.168852
-1.961185 17.135864 -0.370329
-1.984199 17.275120 -0.332798
-2.019199 17.093664 -0.197697
-2.177463 17.259411 0.201260
-2.067348 17.363249 -0.131408
-1.997524 17.075762 -0.253192
-1.981514 17.410355 -0.374714
-1.979672 17.409475 -0.379388
-1.927923 17.015409 -0.400983
-1.964227 17.268963 -0.373007
-1.900288 16.990337 -0.478886
-2.031836 17.234865 -0.197354
-2.076736 17.279598 -0.096597
-1.885513 16.993011 -0.481929
-1.929613 17.135532 -0.440697
-1.932846 17.042908 -0.382043
-1.908068 17.119932 -0.487905
-1.991049 17.200655 -0.301951
-1.927024 17.383947 -0.507097
-1.926261 17.383978 -0.514938
-1.909539 17.369181 -0.555206
-1.924993 17.255562 -0.480046
-2.041589 17.373289 -0.198125
-1.900060 17.118584 -0.511901
-1.912934 17.247688 -0.498420
-2.082278 17.194242 -0.062934
-1.899556 17.239040 -0.534539
-2.163752 17.401993 0.156251
-1.952689 17.184782 -0.388521
-1.979525 17.326632 -0.350210
-2.010409 17.140377 -0.215993
-2.176419 17.308565 0.185653
-2.064306 17.416313 -0.147834
-1.985065 17.121061 -0.269346
-1.973110 17.462303 -0.390746
-1.977069 17.465755 -0.398529
-1.957895 17.319862 -0.391791
-1.932164 17.066206 -0.428825
-1.895331 17.038536 -0.501755
-2.030501 17.286510 -0.217390
-2.068434 17.328796 -0.111498
-1.928986 17.187714 -0.464751
-1.893563 17.046238 -0.514732
-1.908009 17.171635 -0.513162
-1.920989 17.437044 -0.525779
-1.985651 17.251455 -0.321083
-1.940184 17.095585 -0.410824
-1.919593 17.439413 -0.533176
-1.921391 17.307972 -0.500622
-1.904341 17.424953 -0.575370
-1.893930 17.168648 -0.532744
-1.912606 17.302074 -0.522373
-2.071480 17.240158 -0.077724
-1.900697 17.293764 -0.560420
-1.948396 17.235554 -0.410439
-1.973887 17.379183 -0.367659
-2.169118 17.355806 0.171157
-2.012376 17.193079 -0.239028
-1.987962 17.173645 -0.292726
-1.955166 17.374023 -0.413476
-1.922971 17.113466 -0.448355
-1.893644 17.088705 -0.528006
-2.071852 17.382929 -0.131103
-1.923789 17.237659 -0.485943
-1.885837 17.093834 -0.536189
-1.985211 17.303902 -0.341843
-1.904250 17.222849 -0.536660
-1.935558 17.145071 -0.433221
-1.900042 17.481531 -0.596260
-1.920098 17.363392 -0.524612
-1.907314 17.354794 -0.544703
-1.895308 17.221609 -0.560310
-2.072342 17.292881 -0.097979
-1.893000 17.346254 -0.580475
-1.977351 17.437099 -0.391217
-1.941698 17.286091 -0.430085
-2.005714 17.242704 -0.258299
-1.993229 17.227377 -0.318760
-1.955200 17.428759 -0.436577
-1.918343 17.162947 -0.470752
-1.885886 17.137228 -0.549844
-2.064748 17.435154 -0.146634
-2.019074 17.390436 -0.255222
-1.920330 17.291094 -0.509345
-1.880812 17.143877 -0.559822
-1.977914 17.355844 -0.360669
-1.898055 17.274759 -0.558267
-1.929966 17.195595 -0.455654
-1.917301 17.419392 -0.547055
-1.904154 17.410431 -0.568004
-1.887849 17.272339 -0.582050
-2.069535 17.344185 -0.116095
-1.889839 17.401888 -0.603776
-1.969782 17.491720 -0.408740
-1.939141 17.340342 -0.454215
-1.998056 17.294302 -0.277987
-1.983436 17.276039 -0.337475
-1.948707 17.484285 -0.457265
-1.917855 17.216143 -0.497634
-1.914465 17.344292 -0.530476
-1.972779 17.409773 -0.380087
-1.891464 17.327230 -0.581113
-1.923409 17.247154 -0.478124
-1.909872 17.475021 -0.567396
-1.894559 17.464064 -0.587753
-1.881588 17.326099 -0.604417
-2.072557 17.398884 -0.136945
-1.882046 17.457151 -0.624973
-1.936012 17.395058 -0.477143
-1.998090 17.349064 -0.301098
-1.977606 17.328323 -0.358233
-1.914600 17.268738 -0.523103
-1.874080 17.239471 -0.599627
-1.911872 17.399450 -0.554986
-1.875975 17.248566 -0.614744
-1.974011 17.467548 -0.403821
-1.886643 17.382254 -0.605790
-1.917751 17.299520 -0.501320
-1.876403 17.380758 -0.629952
-1.931555 17.450445 -0.500966
-1.996796 17.404497 -0.325105
-1.977243 17.383638 -0.382582
-1.906143 17.321438 -0.545264
-1.870395 17.293552 -0.626713
-1.903653 17.456219 -0.577807
-1.862555 17.299606 -0.635276
-1.886863 17.441803 -0.635676
-1.914400 17.354897 -0.527932
-1.969514 17.437065 -0.403033
-1.901858 17.376921 -0.571530
-1.908644 17.410034 -0.552271
-1.963523 17.493975 -0.425695
-1.894774 17.432732 -0.596763
-1.900597 17.466890 -0.577540
-2.116245 16.693764 0.243692
-2.224549 16.745577 0.469906
-2.123277 16.735075 0.226467
-2.136579 16.692612 0.297656
-2.193054 16.706701 0.461723
-2.136396 16.759521 0.241931
-2.216733 16.786613 0.453355
-2.031354 16.680645 0.027294
-2.226913 16.866619 0.451921
-2.032225 16.694181 0.028141
-2.102825 16.697756 0.212877
-2.123960 16.777260 0.209270
-2.146730 16.734890 0.279842
-2.208816 16.747372 0.442177
-2.140568 16.803036 0.225000
-2.218345 16.828680 0.435808
-2.218932 16.907574 0.437822
-2.041659 16.723009 0.007038
-2.169079 16.716467 0.313395
-2.033274 16.736742 0.011799
-2.118705 16.739445 0.190505
-2.122815 16.818735 0.193169
-2.000376 16.678129 -0.152546
-2.146818 16.778490 0.263469
-2.179894 16.702087 0.428631
-2.205606 16.788784 0.423480
-2.130467 16.846943 0.212896
-2.012609 16.699169 -0.160989
-2.213677 16.869751 0.419061
-2.159487 16.693632 0.352113
-2.217785 16.949043 0.421728
-2.046386 16.766047 -0.011096
-2.099622 16.700428 0.178198
-2.021438 16.689810 -0.007242
-2.043962 16.717239 0.046190
-2.144728 16.758684 0.301138
-2.113442 16.781939 0.174576
-2.044802 16.781225 -0.008719
-2.125683 16.861992 0.175745
-1.985628 16.722614 -0.162889
-2.143780 16.821123 0.247690
-2.196670 16.744602 0.405519
-2.206812 16.831417 0.404698
-2.129951 16.891956 0.197353
-1.994178 16.743170 -0.169533
-2.211566 16.912268 0.402934
-2.050395 16.702400 0.079225
-2.212919 16.990963 0.407048
-2.041451 16.809849 -0.026552
-2.110450 16.743246 0.156354
-2.046163 16.731867 -0.034760
-2.161341 16.801107 0.280479
-2.046461 16.760139 0.027910
-2.110961 16.824093 0.157593
-2.123937 16.904881 0.160474
-2.043390 16.825422 -0.023525
-1.987563 16.765993 -0.179960
-2.140178 16.864241 0.233121
-2.193019 16.787518 0.385203
-1.951468 16.742807 -0.256269
-1.951257 16.742523 -0.259567
-2.205787 16.873907 0.385773
-2.133516 16.936882 0.181258
-2.066117 16.680643 0.107727
-1.985524 16.787428 -0.183576
-2.080389 16.697813 0.139857
-2.216552 17.034014 0.391727
-2.167944 16.775803 0.314437
-2.210012 16.954302 0.385605
-2.062552 16.744543 0.058270
-2.010151 16.700504 -0.043033
-2.040228 16.853193 -0.043414
-1.971910 16.716957 -0.180064
-2.108495 16.785856 0.137780
-2.036214 16.775866 -0.049305
-2.153320 16.843002 0.266000
-2.055198 16.804962 0.008454
-2.123115 16.947653 0.144855
-2.117137 16.867466 0.137525
-2.041045 16.869732 -0.037973
-1.981502 16.810760 -0.192999
-2.145232 16.908573 0.215467
-1.978934 16.750721 -0.149568
-2.192888 16.830832 0.365539
-1.952435 16.787233 -0.273367
-1.950365 16.787176 -0.275960
-2.200113 16.916962 0.368617
-2.133360 16.982258 0.166579
-2.071962 16.722727 0.087182
-1.945550 16.728554 -0.247380
-2.219252 17.077175 0.376764
-1.977270 16.831121 -0.196376
-1.938497 16.724558 -0.259009
-2.164200 16.816765 0.297341
-2.096752 16.740892 0.115515
-2.070621 16.786762 0.037878
-2.202880 16.997015 0.370398
-1.970957 16.673485 -0.231061
-2.029490 16.742392 -0.070490
-1.954660 16.664417 -0.254081
-2.042121 16.897499 -0.060860
-2.098770 16.828066 0.121564
-1.980064 16.761127 -0.203669
-2.029608 16.819044 -0.066110
-2.155254 16.886374 0.248935
-2.050292 16.847830 -0.006610
-2.125972 16.990902 0.127445
-2.109110 16.909365 0.123053
-2.041448 16.914633 -0.053858
-1.986295 16.738468 -0.126231
-1.978750 16.855637 -0.208682
-2.144743 16.952650 0.200319
-1.995368 16.678453 -0.089012
-1.988787 16.794580 -0.171431
-2.197767 16.873949 0.344970
-1.946561 16.831152 -0.288461
-1.947647 16.831121 -0.291258
-2.202570 16.960781 0.349965
-2.134499 17.027885 0.152406
-2.063201 16.763895 0.070997
-1.953735 16.771790 -0.270597
-2.164502 16.858582 0.279307
-1.948506 16.768501 -0.283316
-1.977828 16.876108 -0.214705
-2.203913 17.039557 0.354080
-2.028353 16.700386 -0.099771
-1.948471 16.716642 -0.238657
-2.087553 16.783558 0.097708
-2.062525 16.830534 0.022634
-2.021954 16.785685 -0.086941
-2.043678 16.940496 -0.078769
-1.972929 16.803858 -0.218880
-2.103084 16.871666 0.102205
-2.027451 16.862505 -0.082613
-1.973888 16.735138 -0.220101
-2.161233 16.930593 0.230933
-2.048135 16.891289 -0.023112
-2.123285 17.033897 0.112542
-2.116540 16.953918 0.103110
-2.043671 16.960234 -0.070829
-2.000948 16.781847 -0.152301
-1.975994 16.900511 -0.224359
-2.142024 16.996582 0.185028
-1.996754 16.720255 -0.109847
-1.982913 16.838497 -0.186523
-2.190792 16.916748 0.327318
-1.945450 16.875515 -0.308142
-1.948940 16.876842 -0.307878
-2.193802 17.001938 0.333793
-2.136159 17.073959 0.136648
-2.075841 16.807419 0.048076
-2.158892 16.899771 0.262925
-2.206205 17.083284 0.337883
-1.947825 16.816643 -0.286073
-1.976559 16.920383 -0.231939
-1.945942 16.812532 -0.301057
-2.013980 16.743168 -0.114221
-1.965137 16.759878 -0.267876
-2.061856 16.873398 0.004574
-2.083364 16.826029 0.078994
-2.041848 16.985249 -0.094794
-2.019060 16.828409 -0.105152
-1.959146 16.751518 -0.297992
-1.966684 16.847406 -0.234823
-2.103869 16.914865 0.082203
-2.028603 16.906073 -0.101761
-1.966909 16.777952 -0.237755
-2.153167 16.973423 0.216083
-2.052215 16.936666 -0.040788
-2.127362 17.079260 0.094873
-2.116202 16.998074 0.085525
-2.041245 17.006403 -0.086031
-1.974163 16.945269 -0.240384
-1.993407 16.825142 -0.168747
-2.146840 17.042688 0.169064
-1.979418 16.882639 -0.203907
-2.008251 16.763611 -0.135712
-1.946144 16.922647 -0.323935
-1.941726 16.921436 -0.323847
-2.183409 16.960115 0.308432
-2.195691 17.046234 0.316358
-2.130418 17.120012 0.124100
-2.158627 16.942066 0.246106
-2.072017 16.850258 0.030220
-2.195942 17.125034 0.323279
-1.978968 16.965132 -0.250964
-1.947642 16.860895 -0.306105
-2.059695 16.916857 -0.011923
-2.005703 16.785727 -0.132375
-1.943866 16.857946 -0.320768
-2.041469 17.030334 -0.112758
-1.951460 16.804338 -0.280998
-2.018913 16.871727 -0.124800
-2.089653 16.870422 0.056105
-1.946029 16.795496 -0.312320
-2.030645 16.950457 -0.121641
-2.107211 16.959505 0.062822
-1.969620 16.892616 -0.255443
-1.964904 16.821501 -0.256699
-2.150110 17.016052 0.200328
-1.936924 16.742472 -0.251515
-2.051278 16.982243 -0.057549
-1.954925 16.745441 -0.261732
-1.924631 16.728788 -0.296526
-2.108094 17.041836 0.070299
-2.044722 17.053183 -0.102874
-1.977236 16.992619 -0.258468
-2.143149 17.087662 0.153751
-1.988053 16.869511 -0.185424
-1.982721 16.928215 -0.223670
-1.996624 16.806992 -0.151599
-1.941713 16.966894 -0.340956
-1.948480 16.969263 -0.343725
-2.180475 17.003765 0.289846
-2.196243 17.091208 0.298042
-2.130581 17.166676 0.109912
-2.157024 16.985037 0.228406
-2.069118 16.892981 0.012016
-2.198157 17.170624 0.306323
-1.976167 17.010931 -0.267013
-1.942652 16.905630 -0.321924
-2.044207 17.076374 -0.131305
-2.060246 16.961840 -0.030243
-1.948254 16.903488 -0.343327
-2.001471 16.829134 -0.151466
-2.015975 16.915382 -0.143385
-1.947226 16.847744 -0.300087
-2.088541 16.914783 0.036427
-1.936589 16.839954 -0.328438
-2.025286 16.994816 -0.138309
-1.971623 16.937935 -0.275704
-2.154185 17.061422 0.182661
-2.103678 17.004568 0.045062
-1.961563 16.865726 -0.276524
-2.049968 17.027445 -0.075158
-1.953180 16.786274 -0.281966
-2.112726 17.086718 0.051430
-1.950324 16.788485 -0.281678
-1.934945 16.772905 -0.325715
-2.042253 17.100277 -0.118450
-1.977185 17.039005 -0.275956
-1.987341 16.913309 -0.203859
-2.137036 17.133345 0.140354
-1.995177 16.850058 -0.171746
-1.980446 16.974470 -0.241311
-1.941258 17.013847 -0.359683
-1.944378 17.014807 -0.360272
-2.191848 17.134510 0.281411
-2.179694 17.049421 0.270645
-2.132896 17.215340 0.095108
-2.160766 17.029110 0.210270
-2.070264 16.936550 -0.007125
-2.192269 17.214518 0.291255
-1.976640 17.057766 -0.286090
-1.946107 16.951283 -0.344125
-1.941962 16.947966 -0.359641
-2.059497 17.006563 -0.049058
-2.040438 17.123209 -0.147378
-1.945179 16.892223 -0.319406
-2.000881 16.873953 -0.172733
-2.014787 16.961609 -0.163824
-2.079660 16.958752 0.019108
-1.935996 16.884769 -0.349702
-2.145547 17.104731 0.169032
-1.969538 16.983335 -0.295402
-2.031265 17.042837 -0.160274
-2.100701 17.049147 0.026101
-1.960041 16.910654 -0.297434
-2.054896 17.074560 -0.093939
-1.948541 16.830246 -0.302285
-1.945719 16.831520 -0.301611
-1.925731 16.815575 -0.343500
-2.044760 17.148085 -0.135305
-1.973418 17.085833 -0.292019
-2.139582 17.180220 0.123884
-1.989870 16.959068 -0.225697
-1.981888 17.020248 -0.260346
-1.990014 16.893562 -0.190465
-1.943032 17.060917 -0.378243
-1.944855 17.061621 -0.379333
-2.190873 17.180984 0.264296
-2.182034 17.096014 0.250877
-2.130237 17.263248 0.081620
-2.154517 17.072622 0.194361
-2.196150 17.260696 0.275681
-2.070046 16.981705 -0.027513
-1.976190 17.104685 -0.304792
-1.943503 16.996208 -0.362213
-1.941182 16.993591 -0.378817
-2.062241 17.052584 -0.067584
-1.940946 16.935596 -0.338466
-2.009591 17.006023 -0.182912
-1.997510 16.919083 -0.192915
-2.145908 17.150518 0.152808
-1.935971 16.929070 -0.372145
-2.079444 17.003899 -0.001275
-2.024981 17.087271 -0.176558
-1.965972 17.029301 -0.313516
-2.103971 17.095610 0.005990
-1.953392 16.954731 -0.314577
-2.051173 17.120432 -0.109603
-1.946731 16.872911 -0.323262
-1.945329 16.875458 -0.324915
-1.929022 16.859991 -0.368599
-2.036759 17.194893 -0.148353
-1.975531 17.134182 -0.310100
-2.135665 17.226938 0.110280
-1.984483 17.004332 -0.242726
-1.984195 17.067757 -0.280492
-1.991288 16.938118 -0.212411
-1.937975 17.107468 -0.394795
-1.938869 17.108286 -0.395532
-2.185851 17.226601 0.248130
-2.120779 17.309713 0.070521
-2.151390 17.117086 0.177869
-2.195543 17.307518 0.259432
-2.173490 17.141243 0.234058
-2.062503 17.024960 -0.043921
-1.971132 17.151232 -0.321341
-1.940831 17.042988 -0.381064
-2.031651 17.215624 -0.179590
-1.933006 17.039194 -0.394784
-2.056852 17.097837 -0.084607
-1.941588 16.982494 -0.359969
-2.017997 17.053301 -0.206765
-2.001132 16.964792 -0.217539
-2.144409 17.196529 0.137291
-1.934421 16.974892 -0.393413
-1.966086 17.075733 -0.333423
-2.018626 17.133570 -0.193610
-2.084169 17.050705 -0.023334
-2.098581 17.140860 -0.011031
-1.953664 17.001259 -0.336933
-2.049604 17.168306 -0.125887
-1.942062 16.917782 -0.343943
-1.947093 16.921398 -0.348834
-1.923090 16.903677 -0.389398
-2.035557 17.243126 -0.163779
-1.969912 17.181210 -0.325441
-2.131746 17.273653 0.096680
-1.989733 17.051582 -0.266373
-1.978208 17.114424 -0.296690
-1.984603 16.983131 -0.229939
-1.940243 17.155891 -0.415316
-1.940208 17.156824 -0.415700
-2.174620 17.269365 0.233531
-2.150119 17.161318 0.160675
-1.965143 17.197889 -0.337534
-2.171220 17.187452 0.216451
-2.064475 17.071173 -0.064534
-2.033392 17.263588 -0.198515
-1.938122 17.090696 -0.400294
-2.057736 17.144072 -0.102420
-1.932680 17.087122 -0.416310
-1.944242 17.029238 -0.384617
-2.008556 17.097712 -0.222844
-2.139753 17.242512 0.121984
-2.022786 17.180836 -0.214452
-1.997758 17.009909 -0.237714
-1.929188 17.020233 -0.412880
-1.958432 17.121777 -0.350973
-2.094083 17.186924 -0.028785
-2.081128 17.097116 -0.043035
-1.950289 17.046370 -0.357105
-2.042721 17.214148 -0.141342
-1.937391 16.962650 -0.364621
-1.939301 16.965305 -0.368922
-2.028445 17.290743 -0.177553
-1.913809 16.948183 -0.407927
-1.968304 17.230005 -0.342101
-2.121583 17.318449 0.084262
-1.982483 17.097065 -0.282686
-1.971325 17.160269 -0.312146
-1.985434 17.029175 -0.253498
-1.937303 17.205368 -0.432862
-1.935077 17.205231 -0.433010
-2.181146 17.318918 0.215373
-2.144200 17.206118 0.145250
-1.967337 17.248167 -0.358815
-2.057820 17.115240 -0.081670
-2.164494 17.233381 0.198552
-1.928083 17.136518 -0.415546
-2.056322 17.192028 -0.121143
-1.929600 17.134457 -0.436389
-1.938446 17.075056 -0.402873
-2.009157 17.145523 -0.244718
-2.138215 17.289446 0.106092
-2.009994 17.226063 -0.228257
-1.924846 17.066389 -0.433079
-1.992488 17.056183 -0.257562
-1.952039 17.169004 -0.368402
-2.085866 17.233444 -0.045122
-2.077154 17.143639 -0.062379
-2.037467 17.261539 -0.155822
-1.948663 17.094048 -0.379129
-1.935100 17.007736 -0.387589
-2.032111 17.342485 -0.195415
-1.936415 17.011806 -0.391068
-1.918477 16.994787 -0.435724
-1.970831 17.281578 -0.362909
-1.982154 17.144991 -0.304207
-1.965299 17.207861 -0.328718
-1.984808 17.074877 -0.275108
-1.933957 17.255400 -0.451640
-1.935376 17.256666 -0.453966
-2.176450 17.365822 0.199691
-2.142329 17.251757 0.128888
-2.061050 17.162630 -0.102157
-1.964919 17.298080 -0.377943
-2.167495 17.282547 0.179746
-1.932660 17.187025 -0.439123
-2.051259 17.238569 -0.137683
-1.925886 17.184132 -0.456024
-1.928003 17.121447 -0.419361
-2.002393 17.192379 -0.262998
-2.131136 17.336132 0.092706
-2.015867 17.276814 -0.251330
-1.956247 17.219137 -0.392831
-1.993649 17.103518 -0.280643
-2.079504 17.279732 -0.062161
-1.925532 17.116148 -0.458163
-2.037643 17.311966 -0.173949
-1.939709 17.139837 -0.397175
-2.072214 17.191202 -0.081749
-1.932177 17.055164 -0.410114
-1.933158 17.057932 -0.414062
-1.965502 17.330820 -0.378149
-1.908192 17.041267 -0.454659
-1.978141 17.192434 -0.323927
-1.971697 17.259060 -0.353380
-1.930083 17.304976 -0.468822
-1.980429 17.121964 -0.295686
-1.932956 17.306576 -0.473091
-2.131988 17.295338 0.113559
-1.963427 17.347872 -0.397419
-2.052463 17.208784 -0.119346
-1.932257 17.236797 -0.461401
-2.166409 17.331795 0.161502
-2.041548 17.285683 -0.152454
-1.922730 17.233316 -0.476860
-2.136693 17.386717 0.074527
-1.935119 17.172258 -0.447676
-1.994698 17.239346 -0.280919
-2.011624 17.326025 -0.269365
-1.952530 17.268803 -0.412459
-1.918399 17.162636 -0.477294
-1.987042 17.150461 -0.301366
-2.086077 17.332150 -0.083905
-2.034137 17.361912 -0.190276
-1.947754 17.190531 -0.425841
-2.065782 17.239359 -0.099555
-1.920067 17.100937 -0.427954
-1.929303 17.105469 -0.436229
-1.963378 17.382954 -0.397182
-1.910962 17.089018 -0.482123
-1.966239 17.238480 -0.338463
-1.966489 17.309320 -0.371446
-1.925767 17.356041 -0.487621
-1.926818 17.356937 -0.490800
-1.975118 17.169161 -0.315906
-2.141226 17.346405 0.093584
-1.959480 17.399300 -0.415361
-2.045171 17.255190 -0.136029
-1.928503 17.287390 -0.481409
-2.047752 17.337730 -0.175049
-2.164356 17.382082 0.143233
-1.921360 17.284128 -0.499163
-1.925196 17.219086 -0.465744
-2.007869 17.376610 -0.289369
-1.995151 17.290867 -0.304313
-1.950265 17.318794 -0.434024
-2.080939 17.380543 -0.101200
-1.916293 17.212725 -0.501309
-1.975262 17.197525 -0.318730
-1.941476 17.238760 -0.446086
-2.072143 17.291498 -0.124596
-1.924657 17.149382 -0.456503
-1.958868 17.434860 -0.413915
-1.926496 17.153898 -0.461570
-1.905438 17.135927 -0.505640
-1.965272 17.288733 -0.359529
-1.962208 17.359457 -0.389859
-1.921783 17.408398 -0.505943
-1.918854 17.406593 -0.507415
-1.973451 17.217756 -0.338300
-2.142695 17.397081 0.075967
-1.953303 17.450583 -0.433446
-2.051040 17.305943 -0.159094
-1.921626 17.337021 -0.500824
-2.036213 17.384129 -0.188722
-1.915412 17.333643 -0.518931
-2.162266 17.433296 0.124586
-2.002657 17.426855 -0.307425
-1.923456 17.269533 -0.488900
-1.941039 17.367271 -0.450758
-1.988310 17.339571 -0.323345
-1.910907 17.261766 -0.522287
-1.934231 17.288033 -0.466357
-1.980849 17.249861 -0.345862
-2.057976 17.338329 -0.139656
-1.921287 17.198288 -0.480633
-1.947993 17.483843 -0.426639
-1.923494 17.203173 -0.484847
-1.902069 17.184834 -0.529770
-1.958783 17.411335 -0.409387
-1.963863 17.340475 -0.382210
-1.921073 17.461777 -0.527293
-1.917180 17.461021 -0.528795
-1.966242 17.266104 -0.358188
-2.042375 17.353949 -0.177036
-1.913293 17.386311 -0.518291
-1.905781 17.382681 -0.536898
-1.917104 17.319616 -0.509903
-1.989126 17.391441 -0.345874
-1.937734 17.420158 -0.473110
-1.906937 17.312069 -0.545585
-1.929701 17.338816 -0.488448
-1.971412 17.298065 -0.365895
-2.058267 17.389761 -0.160596
-1.915128 17.247532 -0.503700
-1.912760 17.251125 -0.505382
-1.896470 17.233595 -0.554044
-1.950220 17.462402 -0.425172
-1.964275 17.392906 -0.405975
-1.960818 17.316078 -0.379544
-2.036793 17.403835 -0.195943
-1.910319 17.440493 -0.540169
-1.901545 17.435678 -0.558894
-1.909819 17.369808 -0.530548
-1.983103 17.442812 -0.366399
-1.928398 17.471418 -0.490984
-1.899249 17.362823 -0.567467
-1.919664 17.388418 -0.507650
-1.970561 17.349321 -0.389778
-1.903831 17.295965 -0.523024
-1.909315 17.301882 -0.530268
-1.887521 17.283178 -0.576047
-1.952222 17.442656 -0.422024
-1.957179 17.367680 -0.402366
-1.899746 17.420340 -0.550129
-1.891523 17.414503 -0.589727
-1.915023 17.441980 -0.530880
-1.965063 17.401146 -0.411892
-1.900908 17.347162 -0.549496
-1.901257 17.352272 -0.553002
-1.887875 17.335409 -0.605550
-1.944706 17.494616 -0.440982
-1.950417 17.418318 -0.424596
-1.899273 17.475742 -0.577122
-1.887370 17.469437 -0.614925
-1.954952 17.452608 -0.431852
-1.893706 17.399294 -0.573343
-1.896402 17.405554 -0.579528
-1.874240 17.386486 -0.626162
-1.943057 17.470360 -0.445993
-1.886482 17.452322 -0.597558
-1.889216 17.457644 -0.603358
-2.191124 16.732948 0.385094
-2.202138 16.764465 0.459179
-2.190351 16.747324 0.438801
-2.200925 16.739233 0.417928
-2.214991 16.737371 0.473310
-2.206081 16.739056 0.446112
-2.207613 16.805370 0.440941
-2.180354 16.776131 0.365798
-2.108406 16.721670 0.210741
-2.200275 16.788517 0.420886
-2.195002 16.782125 0.400191
-2.178150 16.763578 0.401152
-2.208536 16.779797 0.457159
-2.204279 16.780935 0.428218
-2.093749 16.701931 0.194990
-2.078725 16.713257 0.119779
-2.207730 16.845156 0.423106
-2.114966 16.709988 0.217607
-2.180973 16.817322 0.346000
-2.090472 16.717592 0.158420
-2.097385 16.715212 0.189108
-2.122246 16.761581 0.189371
-2.205176 16.829887 0.403855
-2.168907 16.785366 0.361076
-2.190998 16.822924 0.382514
-2.208986 16.820885 0.439804
-2.188401 16.806068 0.383718
-2.203433 16.821770 0.410353
-2.096984 16.742683 0.176595
-2.100947 16.714842 0.152850
-2.093596 16.755037 0.094861
-2.217643 16.886341 0.405191
-2.122652 16.751026 0.199534
-2.179658 16.860607 0.326143
-2.106671 16.758690 0.134390
-2.110290 16.755234 0.168086
-2.031534 16.723757 -0.006581
-2.020581 16.699867 -0.014020
-2.204687 16.871080 0.386850
-2.114475 16.803749 0.172714
-2.212052 16.861536 0.423848
-2.174464 16.829336 0.345006
-2.191044 16.864586 0.363924
-2.187345 16.847731 0.367920
-2.076499 16.736126 0.118254
-2.203843 16.863792 0.392621
-2.012829 16.699755 -0.043271
-2.113342 16.784973 0.155489
-2.095166 16.758919 0.138043
-2.210472 16.927105 0.387700
-2.120658 16.792791 0.184089
-2.088579 16.797812 0.076781
-2.031505 16.720596 0.003002
-2.014488 16.711264 -0.045252
-2.097932 16.801903 0.117703
-2.181493 16.903921 0.306099
-2.107898 16.797577 0.151404
-2.038048 16.765577 -0.027982
-2.027492 16.741112 -0.034183
-2.205454 16.913462 0.369976
-2.112646 16.845621 0.154824
-2.215079 16.903122 0.407513
-2.179083 16.873413 0.329285
-2.193842 16.906855 0.343909
-2.190669 16.891556 0.351688
-2.026188 16.730391 -0.031437
-2.087233 16.780006 0.098862
-2.011088 16.743362 -0.107353
-2.205573 16.905127 0.375777
-2.105960 16.826563 0.140069
-2.036066 16.740540 -0.071322
-2.097222 16.801544 0.121685
-2.010458 16.727365 -0.078185
-1.985185 16.711653 -0.186645
-2.205884 16.968374 0.371229
-1.981460 16.720295 -0.167735
-2.119524 16.836323 0.167538
-2.081329 16.840443 0.058540
-1.949650 16.726301 -0.211511
-2.042468 16.762703 -0.018075
-1.986692 16.746271 -0.176202
-2.029140 16.753866 -0.068101
-2.099222 16.844742 0.099250
-1.986394 16.715008 -0.144284
-2.104204 16.839666 0.134212
-2.176073 16.947281 0.286769
-1.957675 16.726341 -0.241702
-2.038603 16.807690 -0.048158
-2.038052 16.783789 -0.056506
-2.195276 16.955387 0.355588
-2.209923 16.944864 0.392241
-2.111740 16.887383 0.136577
-2.175550 16.916704 0.315004
-2.188286 16.949171 0.327400
-2.191791 16.934299 0.335664
-2.039007 16.772274 -0.053220
-2.082764 16.823399 0.084934
-2.196861 16.947412 0.359454
-2.010280 16.787098 -0.128795
-2.102592 16.869953 0.123348
-2.026776 16.783279 -0.086427
-2.091992 16.845156 0.105661
-1.976666 16.735495 -0.170864
-1.973402 16.731159 -0.183960
-1.963471 16.717106 -0.220426
-2.020811 16.770876 -0.098442
-2.203511 17.009787 0.354911
-1.985700 16.754698 -0.207198
-2.116219 16.877840 0.151572
-1.988492 16.762575 -0.190727
-2.079986 16.883718 0.038679
-1.967986 16.746109 -0.240324
-1.967624 16.767944 -0.242365
-2.039490 16.805513 -0.033557
-1.986841 16.788958 -0.197614
-2.023335 16.797943 -0.082914
-1.956810 16.733482 -0.217453
-2.096981 16.887192 0.080114
-2.105850 16.882874 0.116606
-1.992656 16.758596 -0.164005
-1.963046 16.768003 -0.266053
-2.202569 16.985529 0.377193
-2.172873 16.990786 0.267607
-1.975854 16.743862 -0.204259
-2.037258 16.850962 -0.068009
-2.195098 16.997883 0.339061
-2.031883 16.827505 -0.072170
-2.114882 16.930004 0.117424
-2.183801 16.977310 0.321067
-2.180122 16.961720 0.298903
-2.187313 16.992819 0.308400
-2.028751 16.816069 -0.068349
-2.197614 16.989798 0.342579
-2.087897 16.867935 0.067631
-2.104269 16.912220 0.106129
-2.009862 16.830256 -0.148992
-2.019877 16.826271 -0.103808
-2.094933 16.888611 0.088574
-1.983163 16.777309 -0.192262
-1.982091 16.774052 -0.205575
-1.965642 16.760765 -0.239601
-2.201102 17.052137 0.338222
-2.012971 16.815065 -0.110105
-1.980091 16.797935 -0.224066
-2.121950 16.920967 0.133439
-1.985676 16.805483 -0.208640
-2.077673 16.928040 0.018797
-1.966633 16.789371 -0.260170
-2.042424 16.848963 -0.050640
-1.965906 16.810844 -0.263069
-1.979935 16.831944 -0.214992
-2.022179 16.841469 -0.099461
-2.111214 16.925636 0.097615
-1.966790 16.776625 -0.238557
-1.994292 16.801788 -0.181596
-2.097292 16.931078 0.061629
-2.201819 17.028496 0.361872
-2.194346 17.040846 0.323741
-1.958533 16.811234 -0.285712
-2.034441 16.893873 -0.085925
-1.978750 16.788242 -0.221716
-2.165975 17.033789 0.250219
-2.117054 16.973671 0.098242
-2.031827 16.871025 -0.091509
-2.191522 17.022352 0.304779
-2.188591 17.035666 0.289940
-2.032815 16.858572 -0.087845
-2.176908 17.006311 0.285110
-2.197429 17.032290 0.326052
-2.081521 16.912487 0.054030
-2.107735 16.956137 0.087458
-2.008142 16.873158 -0.169698
-2.094141 16.932503 0.072882
-2.020716 16.870619 -0.123874
-1.980674 16.821516 -0.209695
-1.977772 16.817539 -0.221932
-1.965013 16.804750 -0.257730
-2.198685 17.094486 0.321535
-2.013105 16.858839 -0.126141
-2.122122 16.963810 0.117776
-1.971318 16.841141 -0.240746
-1.981321 16.849909 -0.225376
-2.040365 16.891661 -0.066461
-1.961015 16.832605 -0.277036
-1.961387 16.854073 -0.282728
-2.076284 16.972246 -0.001433
-1.981900 16.875340 -0.237469
-2.021016 16.884993 -0.116008
-2.204252 17.070551 0.346744
-2.107830 16.969023 0.080903
-2.097265 16.973661 0.042666
-1.964660 16.821190 -0.255130
-1.987906 16.846329 -0.195191
-2.194485 17.084633 0.307696
-1.973327 16.831734 -0.235281
-1.949755 16.854435 -0.302391
-2.112405 17.015865 0.081398
-2.033978 16.937965 -0.106501
-2.030298 16.914185 -0.108914
-2.172164 17.079252 0.229742
-2.184814 17.065613 0.290693
-2.028495 16.902063 -0.104205
-2.189629 17.074467 0.309390
-2.184244 17.080109 0.273193
-2.170530 17.050871 0.271504
-2.086673 16.956076 0.037107
-2.104711 16.999884 0.071604
-2.003089 16.915920 -0.187773
-2.097965 16.976778 0.055070
-2.020650 16.914131 -0.143212
-1.980039 16.865499 -0.227825
-1.971017 16.861719 -0.236385
-1.962548 16.848015 -0.274783
-2.197557 17.137081 0.305358
-2.015027 16.904266 -0.143631
-2.119097 17.007559 0.101922
-1.975470 16.885611 -0.263438
-1.976629 16.893032 -0.242591
-2.041026 16.935900 -0.084084
-1.954458 16.875946 -0.293553
-2.079906 17.016254 -0.022545
-1.960187 16.897430 -0.305016
-1.977374 16.918566 -0.257127
-2.202228 17.112320 0.331294
-2.108492 17.013266 0.063277
-2.021641 16.930166 -0.134007
-1.962921 16.865177 -0.270466
-1.988563 16.890564 -0.212810
-2.190562 17.127560 0.292564
-2.095303 17.018337 0.023642
-1.976209 16.876106 -0.252738
-2.034837 16.981363 -0.126187
-2.112667 17.060682 0.062536
-1.951313 16.898399 -0.326102
-2.030558 16.958996 -0.127772
-2.167978 17.123795 0.210553
-2.183447 17.109978 0.276203
-2.191987 17.118391 0.293506
-2.185838 17.124245 0.255215
-2.173582 17.096457 0.256960
-2.031514 16.947483 -0.124487
-2.103541 17.043407 0.055054
-2.086530 17.002560 0.022377
-2.101214 17.021521 0.038466
-2.006840 16.960964 -0.211703
-2.014991 16.958303 -0.160458
-1.982156 16.910086 -0.247377
-1.974996 16.906084 -0.256634
-1.960043 16.892212 -0.292213
-2.202635 17.182543 0.287673
-2.118325 17.050505 0.086609
-2.014546 16.949442 -0.158837
-1.972598 16.929445 -0.281727
-1.980774 16.937496 -0.265283
-2.042578 16.980961 -0.102432
-1.956774 16.919693 -0.315169
-1.958413 16.941256 -0.326096
-2.077536 17.061499 -0.042803
-2.205843 17.157433 0.315542
-1.976532 16.962280 -0.278557
-2.108783 17.057140 0.044794
-2.024121 16.975113 -0.152703
-1.961141 16.910097 -0.286179
-2.192880 17.172417 0.276303
-1.991972 16.935398 -0.231852
-2.096489 17.063036 0.004434
-2.110196 17.103947 0.045477
-1.970704 16.921469 -0.267058
-2.034360 17.025444 -0.146761
-1.951965 16.941528 -0.349085
-2.032672 17.003578 -0.147326
-2.163216 17.168804 0.192572
-2.182074 17.154341 0.261715
-2.190817 17.161921 0.276952
-2.179284 17.167601 0.238687
-2.029938 16.991571 -0.142269
-2.173470 17.142006 0.242603
-2.086980 17.047628 0.006818
-2.105091 17.088469 0.036703
-2.098143 17.066196 0.022235
-2.019531 17.002192 -0.181915
-2.001340 17.005232 -0.231392
-1.981142 16.953697 -0.266363
-1.958461 16.936296 -0.309991
-1.973746 16.951468 -0.273933
-2.195179 17.225071 0.271871
-2.117114 17.094961 0.069681
-2.014625 16.994141 -0.175249
-1.969322 16.973852 -0.301252
-1.978792 16.982153 -0.284298
-2.042657 17.025660 -0.118845
-2.201012 17.199526 0.301138
-1.957186 16.964592 -0.336465
-2.077385 17.106876 -0.062898
-1.956199 16.986588 -0.348789
-1.977476 17.007643 -0.301438
-2.107570 17.101593 0.027867
-2.191136 17.216412 0.260957
-1.963611 16.955034 -0.304871
-2.024731 17.020275 -0.170700
-1.987426 16.979710 -0.246142
-2.093581 17.107811 -0.014239
-1.971710 16.966051 -0.283816
-2.029585 17.070435 -0.164733
-2.031985 17.048487 -0.165833
-1.949183 16.987329 -0.370571
-2.190935 17.205694 0.260908
-2.181558 17.200464 0.246122
-2.164694 17.215738 0.173462
-2.028389 17.034719 -0.159672
-2.174914 17.212032 0.221942
-2.175543 17.188629 0.228031
-2.083699 17.093136 -0.007345
-2.096723 17.111481 0.007375
-2.016616 17.046959 -0.200583
-1.997661 17.050211 -0.252154
-1.981349 16.999430 -0.285594
-1.973089 16.995434 -0.292059
-1.956475 16.980949 -0.329005
-2.194327 17.269888 0.255799
-2.014300 17.039412 -0.192898
-1.967899 17.018030 -0.321473
-1.974010 17.027138 -0.302267
-2.045125 17.070597 -0.137540
-2.201854 17.244022 0.286811
-1.957557 17.010422 -0.358137
-1.954376 17.031338 -0.370245
-2.194700 17.262444 0.244830
-2.071276 17.152552 -0.081760
-1.976551 17.053219 -0.323621
-1.960521 16.999693 -0.321093
-1.987098 17.024975 -0.263789
-2.022542 17.065765 -0.187651
-2.087339 17.152449 -0.030280
-1.967089 17.012234 -0.298861
-2.034577 17.116646 -0.188529
-2.029430 17.093613 -0.183643
-2.186958 17.249546 0.245401
-1.946960 17.032654 -0.393262
-2.180501 17.246115 0.232115
-2.030819 17.080589 -0.178743
-2.172764 17.256598 0.205361
-2.163007 17.262638 0.154540
-2.172987 17.234865 0.215580
-2.093707 17.140257 -0.026662
-2.097657 17.157940 -0.010145
-2.016089 17.091963 -0.221532
-1.996734 17.095787 -0.274338
-1.982116 17.044682 -0.306031
-1.973288 17.041161 -0.311289
-1.959432 17.027279 -0.349658
-2.187222 17.312769 0.240857
-2.012833 17.085621 -0.208131
-2.042431 17.114681 -0.152528
-1.967333 17.063965 -0.342797
-2.199203 17.287184 0.272192
-1.976237 17.072739 -0.324636
-1.956989 17.056353 -0.379460
-2.187357 17.307095 0.231576
-1.956371 17.077610 -0.396292
-1.973790 17.098074 -0.344728
-2.025897 17.111519 -0.207070
-1.990452 17.070726 -0.283206
-1.965702 17.046160 -0.341583
-2.068283 17.199186 -0.101185
-2.089367 17.198893 -0.050590
-1.975994 17.058254 -0.320746
-2.029753 17.162560 -0.206877
-2.033282 17.140764 -0.205024
-2.184236 17.294582 0.230027
-1.941970 17.077366 -0.414529
-2.177211 17.291622 0.217948
-2.031016 17.126314 -0.197975
-2.176420 17.304600 0.186036
-2.160380 17.309643 0.135968
-2.174082 17.282524 0.200980
-2.087618 17.186085 -0.039778
-2.093963 17.204012 -0.025544
-2.014954 17.138369 -0.241651
-1.997957 17.143368 -0.297114
-1.979549 17.089796 -0.323836
-1.974377 17.087704 -0.331244
-2.180406 17.357883 0.226019
-1.956432 17.073906 -0.369077
-2.016513 17.132668 -0.227068
-2.189732 17.328884 0.259911
-2.039299 17.160273 -0.169130
-1.974200 17.118313 -0.344026
-1.966725 17.110828 -0.364497
-1.955482 17.102388 -0.400433
-2.182765 17.352346 0.216899
-1.968083 17.092951 -0.361028
-1.989143 17.117027 -0.300880
-1.948014 17.123123 -0.415306
-1.968194 17.144192 -0.365167
-2.024919 17.159119 -0.224265
-2.085869 17.244122 -0.068052
-2.069835 17.248068 -0.123485
-1.974118 17.105026 -0.337212
-2.176522 17.338869 0.215915
-2.023865 17.185356 -0.220873
-2.026385 17.208820 -0.227156
-2.177401 17.338449 0.204075
-1.932716 17.122053 -0.432816
-2.028412 17.172363 -0.216160
-2.169236 17.349346 0.170340
-2.173340 17.329462 0.187456
-2.083715 17.232986 -0.053110
-2.152194 17.356373 0.119866
-2.097440 17.251894 -0.042419
-2.013777 17.185705 -0.262146
-1.990531 17.188770 -0.316479
-1.975976 17.136889 -0.342048
-1.975424 17.135178 -0.351576
-1.959375 17.120216 -0.389727
-2.013136 17.180023 -0.241981
-2.039283 17.206821 -0.186295
-1.966144 17.156746 -0.385818
-1.977275 17.165659 -0.367497
-1.949347 17.148037 -0.419285
-1.987794 17.164257 -0.318930
-2.015293 17.204542 -0.238047
-1.958367 17.189348 -0.382247
-1.947564 17.170074 -0.439447
-1.964303 17.140873 -0.377173
-1.974629 17.152031 -0.355958
-2.082262 17.292156 -0.086647
-2.064034 17.295021 -0.141862
-2.182791 17.386423 0.197990
-2.023978 17.232937 -0.240858
-2.019320 17.254583 -0.245663
-2.170373 17.384392 0.191303
-1.937384 17.170782 -0.461039
-2.024836 17.219456 -0.234374
-2.165498 17.396351 0.154562
-2.168868 17.376841 0.175326
-2.090274 17.282763 -0.070927
-2.153539 17.406088 0.099627
-2.093697 17.298889 -0.058193
-2.011298 17.232782 -0.283150
-1.990409 17.237019 -0.340140
-1.972962 17.183502 -0.361466
-1.970015 17.181549 -0.368711
-1.951171 17.166922 -0.405816
-2.013476 17.226925 -0.258285
-2.037033 17.253225 -0.203621
-1.959038 17.203438 -0.404698
-1.965015 17.211510 -0.382673
-1.939515 17.193188 -0.436363
-1.983678 17.210878 -0.335556
-2.019456 17.252970 -0.258944
-1.956495 17.187002 -0.392026
-1.966653 17.198057 -0.368368
-1.965222 17.239145 -0.410686
-2.081475 17.338909 -0.105907
-1.938760 17.217087 -0.460072
-2.053204 17.342165 -0.159354
-2.017601 17.280355 -0.258024
-2.013508 17.301525 -0.264035
-2.017562 17.266050 -0.250815
-1.930440 17.217567 -0.482360
-2.085061 17.329399 -0.084766
-2.088484 17.345524 -0.072032
-2.000932 17.277472 -0.298646
-1.985091 17.285353 -0.360473
-1.962959 17.228552 -0.376102
-1.962771 17.227200 -0.384770
-1.949977 17.214237 -0.426305
-2.011514 17.275555 -0.275506
-1.958266 17.258556 -0.400694
-1.950062 17.250347 -0.422881
-1.943037 17.242851 -0.462170
-1.977160 17.257252 -0.349898
-2.009781 17.299320 -0.273101
-1.953632 17.234800 -0.408517
-1.961563 17.245718 -0.385021
-1.956776 17.286510 -0.430451
-1.939157 17.265779 -0.485312
-2.070109 17.385588 -0.121814
-2.057822 17.392916 -0.182591
-2.011250 17.326828 -0.274811
-2.019223 17.352261 -0.290061
-2.011213 17.312527 -0.267602
-1.927110 17.266706 -0.506206
-2.080137 17.378265 -0.098502
-1.996905 17.326054 -0.318469
-1.978470 17.333429 -0.381314
-1.972726 17.280140 -0.403039
-1.968315 17.277834 -0.408351
-1.950603 17.262257 -0.447868
-2.011771 17.324312 -0.292563
-1.960319 17.307859 -0.424567
-1.956337 17.300600 -0.450109
-1.940467 17.291773 -0.483922
-1.962001 17.284157 -0.432764
-1.983633 17.307772 -0.373828
-2.011465 17.349361 -0.292469
-1.971159 17.297199 -0.409514
-1.932131 17.314421 -0.507386
-1.957062 17.338003 -0.456825
-2.007583 17.375769 -0.293775
-2.007775 17.400793 -0.306718
-2.011271 17.361021 -0.287960
-1.922512 17.314648 -0.530182
-2.003872 17.377964 -0.344360
-1.965398 17.327646 -0.419851
-1.957661 17.325214 -0.422533
-1.947497 17.310715 -0.468034
-1.978186 17.385393 -0.406481
-2.006434 17.373734 -0.307528
-1.946380 17.348539 -0.468317
-1.957673 17.358648 -0.447074
-1.977928 17.356825 -0.389649
-1.954068 17.333071 -0.448746
-2.012744 17.399969 -0.313072
-1.933765 17.341709 -0.505514
-1.963660 17.344603 -0.423882
-1.949133 17.385813 -0.478171
-1.925062 17.363989 -0.529835
-2.009425 17.410666 -0.307997
-1.916338 17.365038 -0.553357
-1.991154 17.425303 -0.361146
-1.961321 17.377146 -0.440046
-1.962757 17.377337 -0.447724
-1.942851 17.360685 -0.487022
-1.970584 17.434498 -0.427347
-1.941899 17.398603 -0.489746
-1.953557 17.409075 -0.467645
-1.978302 17.406595 -0.409522
-1.951647 17.383177 -0.467571
-1.966190 17.396379 -0.444348
-1.930213 17.391659 -0.527291
-1.917090 17.412724 -0.551556
-1.938731 17.435247 -0.497990
-1.906536 17.413059 -0.574002
-1.988828 17.477375 -0.383171
-1.955373 17.426859 -0.459543
-1.953517 17.425987 -0.464213
-1.936867 17.411331 -0.506895
-1.956854 17.483807 -0.444536
-1.932819 17.447351 -0.508692
-1.948133 17.459246 -0.488740
-1.969421 17.455612 -0.425168
-1.944060 17.432440 -0.482706
-1.923492 17.441578 -0.548894
-1.958533 17.447515 -0.460239
-1.912326 17.464384 -0.577052
-1.903200 17.466003 -0.601807
-1.946123 17.475510 -0.476042
-1.947355 17.476534 -0.481654
-1.928477 17.461740 -0.524497
-1.958676 17.504847 -0.440094
-1.936968 17.483095 -0.499780
-1.949082 17.496998 -0.474654
