# .PCD v0.7 - Point Cloud Data file format
VERSION 0.7
FIELDS x y z
SIZE 4 4 4
TYPE F F F
COUNT 1 1 1
WIDTH 5020
HEIGHT 1
VIEWPOINT 0 0 0 1
POINTS 5020
DATA ascii
2.185226 12.883430 1.071427
2.150903 12.882012 1.289842
2.181837 12.686542 1.116973
1.961948 12.983311 1.672614
2.192848 12.828687 1.053853
2.146491 12.695801 1.332214
1.966579 12.785217 1.694819
2.196688 12.777390 1.196080
2.196512 12.648349 1.103311
1.936331 12.826153 1.931124
2.207360 12.803921 1.013128
1.982362 12.878542 1.663385
2.237254 12.877695 1.046348
1.990537 12.980979 1.600988
1.985798 12.687118 1.687894
2.214415 12.632100 1.066182
2.226708 12.670980 1.101690
2.234980 12.789513 0.972468
1.987777 12.770184 1.629423
2.019303 12.893759 1.691456
2.287013 12.772438 0.951124
2.240509 12.615696 1.030601
2.019665 12.901094 1.569489
1.757525 12.829792 2.265960
2.062692 12.820265 1.584055
2.021409 12.710039 1.603923
1.786494 12.889178 2.209953
1.827505 12.879509 2.242574
2.106132 13.223075 1.233961
2.063952 13.241117 1.319023
2.114637 13.355790 1.172550
2.238570 12.964355 0.888086
2.133806 13.358393 1.122451
2.154101 13.276306 1.068899
2.119016 13.053916 1.272734
2.076106 13.076326 1.360316
2.122259 13.180054 1.214029
2.113096 13.150338 1.221315
2.259241 12.837973 0.941806
1.876532 13.258539 1.842800
1.826916 13.237782 1.926821
2.162468 13.345180 1.075419
2.135450 13.151285 1.172254
1.887971 13.341363 1.806697
1.912230 13.373372 1.684510
2.152400 13.073030 1.122590
2.116289 12.861694 1.306919
2.074063 12.897398 1.397406
2.208418 13.189384 0.967245
2.128554 12.998145 1.256362
2.120117 12.979898 1.267334
2.242292 12.649929 0.993546
1.891682 13.078364 1.858847
1.882807 13.208984 1.823334
1.841118 13.074186 1.948323
2.163022 13.140070 1.129709
1.967160 13.345016 1.572044
1.895054 13.142247 1.824675
2.141452 12.970654 1.217385
1.907281 13.250964 1.768222
1.918505 13.168928 1.712707
2.157819 12.895857 1.173070
2.123170 12.703753 1.341488
2.076117 12.738006 1.433871
2.126960 12.815228 1.294106
2.204783 12.983377 1.027039
2.115137 12.795345 1.308951
1.897141 12.895007 1.870456
1.892111 13.032113 1.847033
1.849249 12.910851 1.965632
2.166133 12.951968 1.180253
1.908618 12.969035 1.844069
2.137841 12.783177 1.259725
1.917402 13.065154 1.791410
1.971516 13.130536 1.607232
1.927667 12.986021 1.742507
2.154061 12.716939 1.219968
2.139482 12.672033 1.332136
1.940338 13.177026 1.733952
2.104193 12.613766 1.347652
2.204149 12.799478 1.082314
1.907834 12.734977 1.885187
1.899167 12.863480 1.869683
1.863047 12.768653 1.986025
1.710915 13.271056 2.235530
1.918583 12.806068 1.862094
2.164644 12.771213 1.227830
2.144204 12.632340 1.300507
1.926157 12.889587 1.813104
1.974970 12.936882 1.640147
1.934995 12.817371 1.770047
1.947516 12.994685 1.760190
2.187472 12.602005 1.132274
1.903455 12.702542 1.890084
1.933129 12.725537 1.833743
2.141148 12.565242 1.268720
1.979841 12.759478 1.672675
1.927442 12.628592 1.789712
1.953761 12.820401 1.784894
1.959207 12.661453 1.809739
2.216175 13.347555 0.955332
2.213827 13.144313 1.013245
2.183210 13.335073 1.008457
2.121296 13.187710 1.215098
2.016700 13.264271 1.574050
2.224447 13.310871 0.863994
2.208121 12.950092 1.067019
2.077157 13.274365 1.318156
2.181885 13.137180 1.061045
2.125091 13.000099 1.263404
1.899497 13.274864 1.840648
2.165953 13.338059 1.061139
1.983173 13.311756 1.607724
2.018413 13.069404 1.605599
2.224996 13.124549 0.923174
2.204515 12.775083 1.117257
2.252875 12.827414 0.889927
2.082426 13.088987 1.361473
2.185757 12.960510 1.109500
2.041124 13.342557 1.423231
2.124628 12.820417 1.307618
2.169282 13.148058 1.109005
2.151279 13.367202 1.091118
1.908367 13.084810 1.865226
1.847656 13.298628 1.952286
1.974897 13.402858 1.647711
2.174373 13.233397 1.015172
1.993731 13.133305 1.636448
2.026605 12.908625 1.637640
2.218587 12.936491 0.978707
2.196698 12.606162 1.164192
2.246535 12.656725 0.945320
1.985548 13.401845 1.524223
2.077512 12.898067 1.400079
2.179594 12.779178 1.155298
2.043281 13.151235 1.460517
2.152460 13.169606 1.134083
2.103109 12.612986 1.346710
2.175138 12.975081 1.153270
1.919245 12.916083 1.891222
1.862256 13.123899 1.974240
1.976838 13.196426 1.670022
2.176221 13.056665 1.066209
2.003425 12.966553 1.664590
1.813609 13.329021 2.068119
2.023602 12.732115 1.664056
2.214707 12.765457 1.030641
1.997504 13.232580 1.559122
2.186006 12.633234 1.199132
2.080732 12.735241 1.437734
2.044016 12.972001 1.495629
1.963747 13.293125 1.685440
2.162158 12.999761 1.175248
2.170448 12.795996 1.194071
1.921628 12.741288 1.911149
1.868903 12.950012 1.991019
1.984401 13.021164 1.693660
2.181538 12.896216 1.114386
2.000619 12.784246 1.687612
1.822698 13.148396 2.081750
2.205229 12.597056 1.078906
1.761233 13.354006 2.177786
2.001500 13.057769 1.589155
2.046016 12.808132 1.528432
1.976545 13.117141 1.707049
2.156702 12.816539 1.211518
2.179271 12.651560 1.233651
2.174492 12.728384 1.158801
1.993755 12.855414 1.716492
1.878592 12.793040 2.011532
2.007479 12.634365 1.712106
1.834221 12.986910 2.096737
1.777067 13.191602 2.190410
2.002757 12.888837 1.617827
2.029501 12.618906 1.553925
1.979180 12.934696 1.724340
2.164833 12.671600 1.247443
1.998970 12.699385 1.736897
1.877353 12.624569 2.023604
1.842130 12.829293 2.110801
1.790182 13.034159 2.202065
2.009475 12.743799 1.646083
1.983201 12.769416 1.740984
1.797204 12.876989 2.209636
1.987784 12.617452 1.758205
1.811563 12.747973 2.224106
2.246464 13.105684 0.835968
2.250806 13.122922 0.933279
2.047782 13.294808 1.454487
2.065762 13.147779 1.412104
2.247529 12.943876 0.989793
2.059776 13.126307 1.493674
2.219213 13.108417 0.983957
2.256310 12.779202 0.955224
1.824014 13.298757 2.008924
2.212490 13.064949 0.987156
2.239097 12.768867 1.043457
2.067539 12.964817 1.451425
2.019057 13.220164 1.511517
2.054876 12.939358 1.526864
2.218678 12.931466 1.034999
1.767812 13.209866 2.197834
1.832370 13.111373 2.027239
2.209437 12.890144 1.040857
2.031244 13.165490 1.522262
2.235172 12.612747 1.092559
2.173679 13.162415 1.078584
2.067784 12.793015 1.488963
2.208975 13.113039 1.034205
1.771491 13.318183 2.119463
2.016906 13.029209 1.545286
2.054169 12.774370 1.557599
2.215196 12.764036 1.083107
1.777718 13.041745 2.207699
1.732383 13.322453 2.243315
1.847036 12.952653 2.048360
2.033273 12.987371 1.552635
2.202509 12.720123 1.090809
1.978742 13.274732 1.611875
2.177871 12.997920 1.127822
2.013070 13.210020 1.552231
2.047918 12.599843 1.519050
2.208564 12.938515 1.080781
1.784489 13.145999 2.134794
2.019409 12.862585 1.577007
2.052944 12.617978 1.588083
2.211427 12.609426 1.128133
1.747036 13.152202 2.250371
1.792215 12.893701 2.220786
2.031009 12.815298 1.579714
1.855733 12.795029 2.067470
2.191320 13.121705 1.061682
1.982962 13.097541 1.641699
2.178317 12.834545 1.174894
1.732695 13.340412 2.235197
2.020749 13.039983 1.580687
2.205630 12.772242 1.123967
2.131942 13.106353 1.214939
1.794178 12.978215 2.147972
2.000198 13.289442 1.564247
2.021889 12.706012 1.609279
1.853675 12.715211 2.111624
1.815281 12.944913 2.126869
1.783013 13.214830 2.156502
1.760724 12.992722 2.257238
1.808645 12.762424 2.237237
2.036777 12.665903 1.608172
2.195997 12.955647 1.104750
1.981603 12.921096 1.668661
1.846243 12.610635 2.074021
2.256253 12.773953 0.883150
2.178053 12.685256 1.219338
1.748519 13.177591 2.246780
2.024127 12.871439 1.605383
2.133421 12.941024 1.257414
2.216310 12.638560 1.165811
1.934911 13.165283 1.735367
2.005885 13.104478 1.588573
1.810343 12.839064 2.166394
2.013172 12.542706 1.634481
1.850398 12.557648 2.119313
1.747864 13.321357 2.172811
1.825202 12.795943 2.138242
1.794010 13.043842 2.162197
1.775384 12.846191 2.266259
1.799777 12.587990 2.234050
2.032398 12.510853 1.631954
2.192361 12.784309 1.143841
1.986807 12.772068 1.695524
1.756895 13.011502 2.253945
2.022000 12.706359 1.628472
2.126102 12.773511 1.295574
1.945027 13.014083 1.761854
2.018143 12.951487 1.613266
1.771155 13.167904 2.182787
1.847147 12.680353 2.157805
1.806381 12.890002 2.169663
2.202346 12.650116 1.182054
1.975642 12.600581 1.717115
1.766675 12.861644 2.263274
2.016954 12.545324 1.648552
2.111460 12.603625 1.331357
1.941798 12.844282 1.781682
2.014034 12.776031 1.632688
1.787845 13.008645 2.187436
1.818342 12.746555 2.178528
1.949833 12.709183 1.805264
2.010172 12.613925 1.650225
1.800940 12.855939 2.192430
1.828906 12.610590 2.187186
1.812637 12.710717 2.197219
1.815014 12.558213 2.196027
1.861672 13.019953 2.057043
1.801821 13.251307 2.124837
2.048349 12.690797 1.691191
1.918390 13.123956 2.023311
2.195709 12.729908 1.244494
1.885720 13.395334 2.050159
1.832894 12.918371 2.260085
2.266353 13.182898 0.968480
2.176036 13.009361 1.294479
2.131433 12.565439 1.499592
2.008206 12.927028 1.762124
2.079455 13.371039 1.445985
2.272704 12.823782 1.025966
2.282863 13.091934 0.918727
2.120067 13.263717 1.348203
2.123406 12.769194 1.492936
1.967881 13.147433 1.839181
2.115091 12.978971 1.493034
1.961308 12.733645 2.023269
1.923902 12.952670 2.033927
1.900627 13.221017 2.060140
2.052735 12.544044 1.719477
2.193016 12.574115 1.285984
2.259743 12.993176 1.012276
1.837006 12.750713 2.266425
2.168356 12.828397 1.333285
2.310097 12.631804 0.938083
2.093656 13.199242 1.475434
2.010817 12.765971 1.784837
1.905842 13.362753 1.919467
2.279856 12.922326 0.968890
2.270641 12.663007 1.068496
2.126406 13.097676 1.384773
2.118471 12.605383 1.520462
1.974358 12.981341 1.859710
2.113179 12.803551 1.518283
1.934859 12.804362 2.047122
1.909509 13.047812 2.068316
1.876840 13.331906 2.078643
2.257613 12.824208 1.053348
2.172705 12.683914 1.369870
2.102513 13.028804 1.500964
1.851153 12.615385 2.281712
1.919732 13.200583 1.938121
2.006367 12.603145 1.804122
2.276063 12.761380 1.016517
2.130333 12.935325 1.420064
1.979798 12.826942 1.879882
2.115168 12.651332 1.544231
1.944390 12.663544 2.060292
1.914917 12.880875 2.073768
1.892205 13.162457 2.084651
2.251208 12.658568 1.092512
1.926182 13.036983 1.954232
2.105388 12.863107 1.525620
2.267427 12.603244 1.061048
2.126721 12.773391 1.452052
1.981358 12.674615 1.897638
1.928267 12.740511 2.084920
1.902087 12.994646 2.090035
1.931994 12.883821 1.969473
2.109345 12.710979 1.548912
2.120000 12.617384 1.480418
1.935491 12.598552 2.092967
1.910876 12.834907 2.094132
1.936328 12.734527 1.983757
2.101299 12.545575 1.567718
1.918766 12.684095 2.098997
1.942424 12.602008 1.999169
2.261772 13.309505 0.869767
2.196131 13.281507 1.067888
2.062839 13.359421 1.411599
2.191235 13.088359 1.122066
1.961327 13.338905 1.651996
2.257417 12.955201 0.989130
2.071488 13.188524 1.452750
2.236424 13.117354 0.986624
2.193293 12.922962 1.174378
1.973197 13.168017 1.687636
1.846657 13.347995 2.020683
2.139967 13.191277 1.213873
2.256745 12.799199 1.043437
2.072757 13.017931 1.490239
2.271139 13.233153 0.837107
2.227098 13.295671 0.990338
2.047497 13.224527 1.483091
2.234942 12.949327 1.038257
1.854399 13.169938 2.037150
2.184498 12.749788 1.222239
1.975905 12.989790 1.717102
2.144409 13.024750 1.260687
2.297766 12.773980 0.869867
2.103189 13.289148 1.307604
2.257833 12.657002 1.094247
2.259738 13.046134 0.896270
2.080717 12.869038 1.526983
1.921646 13.224483 1.785023
2.223143 13.111554 1.040128
2.053006 13.055914 1.517097
2.231813 12.788819 1.087278
1.860548 13.004817 2.053570
2.033391 13.262685 1.514943
2.229661 13.388237 0.912755
2.144633 13.381192 1.174489
2.187840 13.390678 1.020392
2.238378 13.265324 0.934568
2.100565 13.377069 1.302627
2.242414 13.208362 0.922868
2.249430 13.094543 0.849152
2.076385 13.399430 1.337529
2.068438 13.438807 1.374599
2.049771 13.477733 1.388978
2.228999 13.207507 0.962985
2.056521 13.380451 1.412502
2.003409 13.468771 1.506118
2.091814 13.285314 1.317796
2.253203 13.050099 0.917489
2.139102 13.181905 1.225136
2.186754 13.213008 1.072736
2.230392 13.084134 0.989718
2.109107 13.207829 1.347989
2.238149 13.031353 0.974590
2.270929 12.969304 0.906711
2.083879 13.227296 1.378809
2.072345 13.256784 1.411024
2.060392 13.305618 1.422294
2.270969 12.897395 0.919141
1.900147 13.459364 1.904336
1.929162 13.378616 1.800803
2.224502 13.029645 1.010193
2.012508 13.305891 1.540875
2.063366 13.213242 1.452654
2.101797 13.126537 1.361989
2.187583 13.054261 1.120729
2.247927 12.882889 0.971860
2.144562 13.016932 1.273186
2.227058 12.922487 1.041598
2.238940 12.876265 1.023466
2.113322 13.043632 1.390386
2.250949 12.786687 0.962516
2.093489 13.070427 1.417318
2.083037 13.101641 1.445811
1.881638 13.353856 1.954631
2.073220 13.149652 1.454897
2.263871 12.735234 0.975332
1.909305 13.283561 1.926615
2.224149 12.873498 1.054206
1.931852 13.188330 1.828155
2.027900 13.164156 1.578450
2.064565 13.048493 1.489072
1.881212 13.243602 1.925618
1.863891 13.389054 2.015977
2.100194 12.957830 1.402199
2.180726 12.891525 1.165424
1.844420 13.298244 2.030042
2.243899 12.727107 1.022236
2.138792 12.845321 1.317282
2.225873 12.775187 1.091114
1.789388 13.346157 2.126024
1.874483 13.268044 2.001277
2.233308 12.720682 1.069433
2.111478 12.879519 1.428634
2.095409 12.909569 1.452531
2.248039 12.642594 1.014639
2.085631 12.942844 1.478148
1.894269 13.192255 1.974057
2.076183 12.985993 1.483455
2.262179 12.595563 1.027454
1.916901 13.115217 1.948691
2.219960 12.720221 1.095210
2.021270 12.990003 1.606580
1.937914 13.019523 1.854408
2.066739 12.895478 1.524793
1.889164 13.081268 1.948987
1.866227 13.199262 2.021660
2.180378 12.747823 1.207983
1.852855 13.138921 2.047694
2.293265 12.594723 0.929570
2.096478 12.796952 1.440602
2.241924 12.587501 1.069461
2.216494 12.623349 1.136123
1.806795 13.204042 2.144638
1.885466 13.107571 2.015904
2.134356 12.686023 1.359441
2.228872 12.577438 1.111013
2.104027 12.716950 1.463546
2.083076 12.784336 1.506696
2.087317 12.746481 1.483785
1.900482 13.030162 1.990574
2.081390 12.837564 1.511705
2.220556 12.583731 1.134144
1.925331 12.964067 1.970157
2.026270 12.850669 1.635790
2.057182 12.732562 1.554085
1.943588 12.863500 1.880059
1.891063 12.916303 1.966939
2.176601 12.609362 1.247954
1.879153 13.044364 2.033804
1.860232 12.984880 2.065080
2.088833 12.640774 1.475211
1.815657 13.054098 2.158720
1.897016 12.961884 2.031950
2.105668 12.582204 1.498760
2.078052 12.630363 1.533409
2.086738 12.603514 1.515319
1.907721 12.878884 2.006787
2.073740 12.675703 1.535584
2.020546 12.699804 1.659716
1.930024 12.813954 1.989402
2.064209 12.607859 1.586678
1.892698 12.900620 2.046491
1.899699 12.776650 1.989794
1.940664 12.703284 1.902050
1.866816 12.841243 2.081440
1.816699 12.900192 2.167056
1.904788 12.815432 2.044113
2.083945 12.552836 1.561886
1.911582 12.734648 2.022073
2.014575 12.558971 1.684216
1.930385 12.668878 2.005698
1.896288 12.751012 2.054345
1.869662 12.701354 2.096846
1.903643 12.638742 2.009672
1.827567 12.775500 2.181402
1.908415 12.670354 2.054900
1.920869 12.610420 2.040212
1.908939 12.624951 2.067762
1.835747 12.652012 2.196334
2.244735 13.371018 0.820804
2.122237 13.477012 1.199049
2.233403 13.292171 0.938406
2.246667 13.299695 0.889989
2.076182 13.432442 1.348288
2.122780 13.306334 1.244656
2.269619 13.336938 0.818099
2.167049 13.342004 1.112669
2.232582 13.125234 0.987791
2.209428 13.403802 0.968169
2.261554 13.080897 0.933257
1.975196 13.550451 1.595720
2.090241 13.401618 1.332303
2.248089 13.137312 0.944692
2.082089 13.263829 1.382705
2.119899 13.140873 1.287592
2.165850 13.174464 1.163279
2.237605 12.977771 1.033640
2.202554 13.216714 1.027194
2.099180 13.379801 1.294590
2.252387 12.922914 0.984291
2.015429 13.465683 1.497751
1.987152 13.389678 1.632535
1.942107 13.317343 1.752435
2.089040 13.223343 1.370449
1.882740 13.401402 1.919983
2.087113 13.105616 1.416098
2.249123 12.982283 0.996255
2.124453 13.000773 1.327866
2.120923 13.363410 1.257767
2.170768 13.030613 1.210011
2.256963 12.992051 0.935802
2.229039 12.821049 1.077305
2.241226 12.768189 1.032983
2.202084 13.055739 1.080332
2.103579 13.211518 1.337628
2.066508 13.370159 1.403706
2.024211 13.297607 1.538203
1.950969 13.171217 1.780607
1.991972 13.224513 1.664992
2.293964 12.794099 0.915245
2.259358 13.097576 0.943139
2.100369 13.079004 1.407555
1.888574 13.228226 1.933452
2.095512 12.963446 1.448430
2.245366 12.831709 1.043545
1.893383 13.304201 1.911915
1.899121 13.403188 1.865031
2.122855 12.856450 1.366618
2.123211 13.195868 1.305376
2.159330 12.867190 1.253644
2.216209 12.666618 1.116640
2.251820 12.836384 0.989172
2.238031 12.636657 1.078957
1.759113 13.401709 2.249138
2.111254 13.061116 1.378824
2.199090 12.900191 1.131184
1.957405 13.028682 1.807275
2.031065 13.142471 1.576074
1.992886 13.065815 1.695227
2.276240 12.638154 0.966976
2.103697 12.930934 1.441982
2.074031 13.203967 1.448713
2.245759 12.921755 1.001326
1.899827 13.079320 1.949622
2.089640 12.804553 1.476418
2.233558 12.678325 1.087766
2.280197 12.863497 0.933657
1.901574 13.144347 1.930848
1.910663 13.242625 1.889566
2.115341 12.711241 1.401448
1.923160 13.339167 1.841183
1.792829 13.336761 2.139856
2.151662 12.718605 1.293319
2.230160 12.560181 1.155539
2.127616 13.039990 1.349431
2.242784 12.685385 1.038653
1.770965 13.247891 2.263978
2.187432 12.744040 1.176573
2.107068 12.900131 1.414479
1.954531 12.878955 1.828382
1.999667 12.929256 1.725658
2.028708 12.978306 1.609164
2.094408 12.769320 1.471658
2.075109 13.039060 1.489851
1.907063 12.928123 1.963416
2.087463 12.664999 1.503396
2.235030 12.760561 1.055173
2.238648 12.560882 1.130025
1.910954 12.999528 1.949185
2.268073 12.705143 0.989233
1.847348 13.287238 2.041196
2.124105 12.598050 1.437946
1.915339 13.081888 1.909401
1.932507 13.179395 1.867833
1.809143 13.189389 2.161606
2.167825 12.615828 1.335483
2.131139 12.894506 1.392466
1.778652 13.094536 2.275268
2.251931 12.571128 1.085328
2.101998 12.749543 1.449113
1.954746 12.742848 1.850441
2.185637 12.609669 1.220793
1.993893 12.776444 1.750060
2.100708 12.646437 1.503557
2.026320 12.825668 1.641224
1.911712 12.785063 1.976202
2.091039 12.538823 1.530415
2.069419 12.872142 1.527070
2.232601 12.624062 1.104684
1.913245 12.849404 1.963555
2.266803 12.574870 1.040452
1.922623 12.936024 1.930636
1.851644 13.113514 2.061209
1.940070 13.029807 1.893078
1.817419 13.037418 2.178615
2.117655 12.730791 1.427944
1.954990 12.615554 1.870194
2.104559 12.620641 1.482653
1.989789 12.637415 1.773419
2.018399 12.672736 1.668131
1.916475 12.650775 1.989133
2.061443 12.713991 1.559597
1.919415 12.716737 1.980141
1.921342 12.787723 1.947177
1.860900 12.963511 2.082693
1.944317 12.883595 1.916425
1.814657 12.875123 2.188001
2.113455 12.593723 1.463578
2.008345 12.527598 1.693175
1.926252 12.590665 1.996807
2.066303 12.586040 1.595095
1.927092 12.657177 1.966249
1.865567 12.816088 2.103132
1.938371 12.729980 1.933821
1.823091 12.742526 2.204499
1.942714 12.604058 1.956285
1.865967 12.670960 2.119242
1.835436 12.628256 2.225286
2.203277 13.445479 0.959394
2.203348 13.282683 1.010798
2.234536 13.184147 0.892724
2.094267 13.288489 1.225724
2.057890 13.431997 1.396076
2.104556 13.443995 1.162343
1.917813 13.453828 1.696858
2.243954 13.300182 0.878157
2.194154 13.112658 1.059150
2.225329 13.014132 0.941067
2.095574 13.470251 1.267058
2.059494 13.269693 1.432692
2.107627 13.145662 1.263136
1.868677 13.530638 1.922823
2.108727 13.279811 1.204494
1.928492 13.293443 1.718371
2.240144 13.137661 0.933402
2.197313 12.975751 1.104565
2.220887 12.864354 0.985243
2.098545 13.304328 1.310445
2.244874 13.040173 0.890265
2.063857 13.123842 1.466765
2.106394 12.992504 1.296030
1.871915 13.361649 1.940361
2.269309 12.750680 0.903915
1.926020 13.377604 1.688773
1.940295 13.148102 1.739424
2.114248 13.123429 1.244331
2.189139 12.826977 1.146489
2.236544 12.986422 0.984444
2.223930 12.735440 1.026367
2.136770 13.366878 1.177189
1.916947 13.447514 1.828725
2.108833 13.163814 1.351326
2.118526 13.271791 1.161828
2.065214 12.983755 1.499496
2.241319 12.886245 0.939990
2.105180 12.847262 1.327088
1.883142 13.219383 1.961127
1.934854 13.506989 1.635811
2.266675 12.623402 0.949846
1.946247 13.241909 1.716235
1.947388 13.542408 1.701708
1.944099 12.996343 1.756570
2.122479 12.986197 1.282933
2.190155 12.703101 1.187034
2.231268 12.840835 1.033668
2.224447 12.611045 1.065683
2.184931 13.419333 1.036219
1.921571 13.282819 1.851200
2.136395 13.199062 1.224332
2.104332 13.007828 1.388368
2.062455 12.842307 1.529508
1.888015 13.075661 1.979277
2.236958 12.747007 0.986071
2.125695 13.123919 1.206311
2.110840 12.719839 1.358309
2.256923 12.913339 0.873859
1.946843 13.345675 1.665383
1.954650 13.093816 1.738984
1.951908 13.366364 1.730806
1.948406 12.853032 1.773100
2.140136 13.272647 1.120487
2.116284 12.834096 1.316470
2.228750 12.709921 1.078665
2.266812 12.857759 0.908169
1.931271 13.139077 1.876469
2.182581 13.242448 1.090541
2.136658 13.043983 1.268111
2.062631 12.714543 1.558120
1.895828 12.947397 1.997715
2.100222 12.862134 1.424036
2.241899 12.629048 1.029845
1.960016 13.465654 1.609917
2.126200 12.971290 1.248098
1.955395 13.188675 1.692772
2.248841 12.763693 0.926760
1.996788 13.460225 1.604297
1.951597 12.935706 1.757482
1.958289 13.208340 1.758678
1.960449 12.732219 1.793159
2.115150 12.699396 1.349430
2.146689 13.123500 1.169851
2.257171 12.711917 0.960020
1.933643 12.992819 1.896685
2.135069 12.897323 1.308933
1.901228 12.821812 2.015104
2.183534 13.079849 1.142233
2.102074 12.732273 1.457810
1.968236 13.300988 1.642410
2.124368 12.826550 1.285710
1.959973 13.038156 1.718066
2.247705 12.635300 0.975014
2.001415 13.285889 1.637496
1.960891 12.806352 1.778239
1.735556 13.355640 2.351630
1.961409 13.051864 1.785506
2.146884 12.971120 1.214912
1.936040 12.856251 1.916754
2.266908 12.602769 1.008704
1.910651 12.709123 2.034292
2.129677 12.752601 1.347116
2.180336 12.924722 1.189007
1.972846 13.143403 1.671581
2.125960 12.696024 1.323141
1.777406 13.480968 2.236418
1.965361 12.897605 1.741139
1.955216 12.664303 1.794024
2.009788 13.130843 1.672280
2.270288 12.657284 0.919005
1.960547 12.900094 1.808555
2.139879 12.816154 1.257366
1.942774 12.735879 1.938703
2.171101 12.771438 1.233247
1.982217 13.001696 1.701783
1.789759 13.315710 2.251099
1.967857 12.760977 1.763631
2.007007 12.967305 1.701203
1.967740 12.774118 1.835218
2.142804 12.689060 1.297677
2.174088 12.645199 1.275617
1.981713 12.854079 1.726957
1.802146 13.161919 2.267319
2.004928 12.817359 1.728834
1.983305 12.720791 1.752431
1.806780 13.005939 2.279333
2.003659 12.677382 1.754243
1.813079 12.862834 2.290804
2.124456 13.367221 1.117462
2.154944 13.370427 1.119151
2.134280 13.225445 1.156759
1.960059 13.410695 1.577348
2.000208 13.431390 1.557182
2.150110 13.212287 1.162267
2.199866 13.404696 0.987812
2.143823 13.376060 1.086494
2.130717 13.071685 1.191828
2.249859 12.949481 0.929557
2.242120 12.925925 0.925346
1.965330 13.254563 1.599977
1.997789 13.270499 1.584943
2.153618 13.076346 1.203390
2.037905 13.482989 1.432266
2.197605 13.247248 1.037785
1.799132 13.438567 2.104508
2.149421 13.228618 1.128273
2.133425 12.936362 1.226496
2.246301 12.818135 0.974951
1.973842 13.111157 1.621732
2.242858 12.795711 0.967690
2.005547 13.137551 1.614110
2.155969 12.945794 1.241948
1.968601 13.355638 1.567615
2.042621 13.326426 1.470040
2.162207 13.396287 1.033201
2.198498 13.101699 1.084810
1.807223 13.293730 2.117239
1.841492 13.534992 1.994248
2.149632 13.078218 1.168607
2.136756 12.807732 1.258962
2.250330 12.702404 1.018121
1.979051 12.973915 1.643116
2.242357 12.672735 1.006734
2.009044 13.008814 1.640838
2.148502 12.808558 1.278337
1.970477 13.474666 1.507882
1.981349 13.217010 1.595475
2.051206 13.189255 1.504728
2.159970 13.232560 1.080907
2.077477 13.397153 1.342414
2.190321 12.953359 1.128561
1.813334 13.154920 2.129111
2.268185 12.827503 0.915817
1.843008 13.366586 2.008039
2.146373 12.935003 1.205762
2.233341 13.128475 0.955012
2.138898 12.688096 1.289831
2.230116 12.561637 1.057945
1.756947 13.509924 2.294589
1.982233 12.840941 1.661939
2.220314 12.528905 1.044495
2.015488 12.887660 1.667312
2.152481 12.694676 1.312606
1.980978 13.324345 1.539088
1.982900 13.067381 1.618621
2.180486 13.401434 0.979585
2.042454 13.031518 1.533019
2.155583 13.075891 1.124946
2.079123 13.238496 1.380720
1.823693 13.032535 2.143878
2.190069 12.824848 1.169831
2.258407 12.691155 0.960162
1.874977 13.471861 1.891792
1.855798 13.230668 2.029068
2.149878 12.808049 1.242396
2.226827 12.980639 1.005252
2.122503 12.545256 1.315888
2.121114 13.457518 1.206378
1.771472 13.362778 2.300771
2.011154 12.757864 1.689549
1.988705 12.722444 1.681590
2.133457 12.557477 1.342307
1.996969 13.192181 1.571957
1.988571 12.934274 1.642220
1.783148 13.027384 2.317305
2.042552 12.899167 1.561862
2.179372 13.238645 1.032202
1.996528 13.452545 1.478826
2.280336 12.586389 0.956288
2.156929 12.938075 1.166991
1.828124 12.907593 2.155613
2.082319 13.092100 1.419854
2.189160 12.702239 1.209753
2.256176 12.571346 1.001913
1.885550 13.320633 1.915200
1.855430 13.080767 2.040882
2.139083 12.668923 1.274440
2.219568 12.837875 1.052073
2.022471 12.659819 1.716715
2.122014 13.291389 1.253029
1.787217 13.226354 2.309373
2.002569 12.620615 1.704378
1.988314 12.798614 1.662789
1.988562 13.027004 1.595059
1.783812 13.432726 2.264565
1.794793 12.900424 2.320398
2.047339 12.779322 1.591783
2.176977 13.084035 1.081159
1.832805 12.788733 2.166378
2.005039 13.299314 1.513747
2.157077 12.806577 1.206117
2.076355 12.942077 1.453666
2.162218 12.550610 1.244661
1.885757 13.160441 1.933555
1.859772 12.948729 2.056466
2.129335 12.538849 1.304793
1.920461 13.402188 1.792840
2.220283 12.714011 1.096817
1.792041 13.075988 2.308682
2.123347 13.136580 1.295685
2.275816 12.598519 0.942110
1.994470 12.681271 1.685450
1.995208 12.898525 1.622152
1.791380 13.276644 2.270882
1.810383 12.790997 2.329368
2.047553 12.659441 1.619578
1.847652 12.695127 2.185426
2.173792 12.939009 1.127355
2.010185 13.151387 1.546286
2.151288 12.676114 1.243228
2.265325 12.849936 0.927224
2.076973 12.812906 1.485161
1.891807 13.022582 1.953360
1.872401 12.837134 2.076550
1.803558 13.505964 2.224796
1.799850 12.943917 2.313093
2.192456 12.558601 1.138639
1.928196 13.246895 1.820035
2.121966 12.983907 1.338613
1.995061 12.766367 1.646219
1.803578 13.140268 2.280196
2.172437 12.806006 1.171080
2.007620 12.999605 1.575430
2.133018 12.533863 1.276477
2.264690 12.720860 0.978014
2.074903 12.684956 1.517267
1.881718 12.729008 2.094923
1.897698 12.891132 1.973032
1.806588 12.818058 2.317004
1.811376 13.346996 2.234687
1.932618 13.095084 1.845518
2.120052 12.843288 1.376754
2.000855 12.651105 1.671462
1.807563 12.999516 2.284896
2.169472 12.679640 1.212718
2.008261 12.864158 1.604651
2.262404 12.599347 1.026348
1.904267 12.770813 1.993531
1.821273 12.713821 2.328300
1.819338 13.202259 2.245149
1.935347 12.951756 1.868178
2.122208 12.717431 1.413636
1.814088 12.869349 2.291523
2.006042 12.730940 1.631676
2.147012 12.530807 1.248823
1.915577 12.664744 2.016798
1.824939 13.060264 2.254634
1.941865 12.823421 1.892870
1.820880 12.750631 2.299829
2.018068 12.628772 1.662023
1.828558 12.924294 2.263254
1.948184 12.702418 1.917058
1.831984 12.798336 2.272701
2.234417 13.364249 0.968730
2.220852 13.190826 1.020794
2.075661 13.334523 1.362984
2.049798 13.366165 1.458146
2.232386 13.027254 0.999887
2.218250 13.048366 1.068338
1.831864 13.510704 2.008605
2.084074 13.196759 1.399851
2.048095 13.206625 1.492829
1.801132 13.421955 2.047503
2.228256 12.890496 1.045659
2.210125 12.905745 1.113323
1.835498 13.345833 2.024427
2.079864 13.044578 1.431643
2.054504 13.073135 1.527085
1.811095 13.274593 2.060677
2.230517 12.769410 1.089542
2.215937 12.788172 1.157532
1.843416 13.203767 2.042789
2.082040 12.915307 1.463409
2.050927 12.932171 1.557158
1.811479 13.123040 2.069751
2.226751 12.647641 1.129649
2.211322 12.664380 1.198029
1.848079 13.064267 2.059780
2.084548 12.791187 1.494509
2.051673 12.805847 1.588282
1.822066 12.997756 2.084012
1.850366 12.928441 2.075389
2.088168 12.676089 1.523797
2.055323 12.689838 1.617947
1.831224 12.879023 2.098564
1.860626 12.815225 2.095373
1.842573 12.768499 2.114489
1.867632 12.704570 2.113985
1.854286 12.665814 2.131056
2.224853 13.338764 0.975712
2.066253 13.429955 1.379823
2.153606 13.308620 1.200431
2.221130 13.186790 1.018792
1.980802 13.421813 1.637246
2.068585 13.279264 1.409953
2.206398 13.349704 1.079131
2.153685 13.169890 1.241182
2.220238 13.049707 1.058413
2.280398 13.007765 0.956679
1.787107 13.492826 2.070438
2.080498 13.399916 1.370286
2.243530 13.205836 0.983900
2.024727 13.485510 1.521438
1.988752 13.289280 1.666295
2.073449 13.140130 1.439009
1.766344 13.508260 2.193569
2.201006 13.200036 1.125224
2.158015 13.046759 1.280050
2.212622 12.908955 1.097481
2.262836 12.860586 1.001829
1.796803 13.340404 2.077673
2.082482 13.251362 1.402949
2.031649 13.343003 1.555212
2.231876 13.050297 1.029365
1.990739 13.154224 1.692330
2.076797 13.007612 1.465858
1.768423 13.355597 2.200787
2.192733 13.054444 1.168301
2.149305 12.907743 1.315540
2.220777 12.798125 1.134414
2.264562 12.748663 1.044381
1.808738 13.204367 2.087644
1.809132 13.441072 2.095892
1.805532 13.399822 2.062419
2.091474 13.122581 1.435729
2.030835 13.195771 1.586010
2.226600 12.914062 1.071290
1.989872 13.022319 1.715734
2.105533 13.469330 1.304297
2.085434 12.890818 1.493633
1.779084 13.230611 2.213948
2.153778 12.797130 1.350626
2.189148 12.923189 1.209033
2.221225 12.681650 1.168756
2.259946 12.633642 1.085149
2.109837 13.359115 1.309603
1.816960 13.069456 2.095388
1.819680 13.306297 2.114141
1.814884 13.257713 2.073612
2.089567 12.985244 1.464380
2.234440 12.804443 1.111138
2.026706 13.053875 1.614255
1.993888 12.906478 1.740910
1.787451 13.107457 2.226460
2.087250 12.769480 1.518797
2.109894 13.314540 1.347737
2.146999 12.676463 1.383199
2.193441 12.809179 1.248957
2.185484 12.524326 1.198684
2.293491 12.630650 0.984265
1.894992 13.507048 1.885781
1.824269 12.942551 2.104195
2.109084 13.208367 1.350141
1.822351 13.163219 2.126070
1.817795 13.111638 2.080965
2.087138 12.851949 1.492343
2.033635 12.936681 1.643749
2.224850 12.676140 1.148993
1.998269 12.795776 1.765378
1.788872 12.979807 2.233919
2.272832 12.963902 0.970324
2.088490 12.654018 1.542503
2.256537 12.932742 0.979818
2.107801 13.160337 1.387854
2.130562 12.549841 1.410005
2.188281 12.686402 1.286715
1.837384 13.393226 1.995071
1.900192 13.348557 1.909888
1.839216 12.835877 2.116773
2.109474 13.067550 1.388411
1.825420 13.032536 2.139098
1.831594 12.995046 2.095817
2.088554 12.734587 1.519268
2.035080 12.818408 1.671055
2.209270 12.546238 1.183448
1.993932 12.678376 1.784831
1.798507 12.874702 2.248034
2.265296 12.826926 1.020951
2.258669 12.810654 1.029075
2.109553 13.022079 1.426933
2.160087 12.543902 1.317844
1.847139 13.253669 2.014903
1.855582 12.738095 2.132355
1.830739 12.913689 2.154339
1.896671 13.183375 1.928984
1.838067 12.873382 2.106849
2.111459 12.939021 1.424854
2.089450 12.621263 1.545504
2.031954 12.699242 1.696539
1.804459 12.769799 2.260306
2.264195 12.707411 1.068807
2.258781 12.694658 1.074910
2.108930 12.888418 1.464207
1.845868 13.105605 2.028167
1.838535 12.592383 2.126466
1.842866 12.812135 2.174139
1.851798 12.771372 2.122881
2.104316 12.804144 1.457130
1.903003 13.047554 1.952767
1.813151 12.673628 2.275102
2.106287 12.760851 1.498060
1.854533 12.984138 2.047273
1.847596 12.703720 2.188444
1.843111 12.639042 2.125057
2.109627 12.695591 1.491843
1.908297 12.919791 1.975168
2.108483 12.646641 1.532394
1.859937 12.866158 2.064593
1.910836 12.796047 1.996995
1.874423 12.768201 2.087646
1.912767 12.679099 2.016984
1.858221 12.627404 2.090851
2.134906 13.422106 1.218773
2.277775 13.212132 0.908316
2.141811 13.337290 1.225569
2.208980 13.349845 1.014590
2.131516 13.279365 1.255608
2.175554 13.311913 1.141018
1.963207 13.465672 1.704334
2.150306 13.310892 1.213414
2.255772 13.053981 0.955969
2.140884 13.194237 1.258958
2.159337 13.298702 1.181448
1.913215 13.449310 1.843560
2.037671 13.454413 1.503120
2.207147 13.207162 1.061536
2.132222 13.148849 1.292755
2.261613 13.248962 0.934932
2.167934 13.166409 1.181770
2.262810 12.953384 0.958819
2.009574 13.389967 1.623053
1.965271 13.326206 1.728182
2.148209 13.168907 1.249350
2.255153 12.933965 0.999898
2.178771 13.291834 1.150868
2.147546 13.071442 1.290913
2.155241 13.153941 1.221155
2.075084 13.362929 1.416066
1.917198 13.299605 1.856083
1.932794 13.448421 1.801126
2.039431 13.309178 1.536301
2.137347 13.032945 1.328190
1.750633 13.492732 2.282748
2.203503 13.069616 1.107859
1.928608 13.375787 1.842474
2.264124 12.838904 0.997794
2.173860 13.046422 1.222809
2.245253 13.087296 0.986651
1.968694 13.197514 1.751689
2.008214 13.246107 1.649514
2.155127 13.048805 1.285007
2.259758 12.826935 1.040807
2.171297 13.140841 1.193977
2.148695 12.947603 1.320767
2.274726 12.841123 0.968777
2.294451 12.826378 0.935739
1.798597 13.442668 2.190319
2.165515 13.038538 1.259927
1.924034 13.165932 1.870288
1.870149 13.488924 1.976710
1.933583 13.297917 1.819576
2.080729 13.222935 1.453555
1.953188 13.388245 1.780287
2.141970 12.921992 1.362503
2.037449 13.166006 1.566898
1.758960 13.361301 2.291993
2.205544 12.948340 1.151180
1.930066 13.229166 1.857256
2.263581 12.725004 1.035671
2.174227 12.927222 1.260962
1.828936 13.388284 2.089235
2.242185 12.954845 1.034642
1.975800 13.082310 1.775967
2.007707 13.111575 1.674827
2.148740 12.915667 1.316453
2.255333 12.711741 1.080969
2.147960 12.825253 1.349137
2.175502 13.015920 1.236288
2.269422 12.723905 1.009384
2.287652 12.707833 0.980921
1.799564 13.297053 2.197394
1.933260 13.044999 1.886164
2.279987 12.732787 0.965796
2.162093 12.910441 1.295343
1.939982 13.170348 1.840453
1.764940 13.234458 2.299423
2.137930 12.803428 1.394832
1.871850 13.333133 1.995433
1.950485 13.236086 1.800178
2.081345 13.084251 1.489360
2.041815 13.040510 1.597746
1.941754 13.111827 1.876294
2.203336 12.827663 1.191121
2.266538 12.619144 1.071801
2.169955 12.808974 1.296583
1.980585 12.970772 1.798825
1.832687 13.246218 2.104348
2.014170 12.997963 1.702854
2.245332 12.839183 1.080838
2.152703 12.803299 1.347520
2.255720 12.610785 1.118578
2.153078 12.719136 1.376943
2.172712 12.891080 1.274159
2.274387 12.624753 1.048340
2.279789 12.595542 1.022994
1.806381 13.171612 2.210502
1.946704 12.938087 1.904003
2.280629 12.628139 1.007413
1.771940 13.116913 2.308143
2.159029 12.790226 1.328803
2.131004 12.689846 1.423747
1.944898 13.043928 1.858982
1.958551 13.113761 1.825510
2.045226 12.923073 1.627137
1.876827 13.192113 2.015375
1.941866 12.980011 1.890157
2.080985 12.954548 1.523315
2.202038 12.714484 1.230696
1.981679 12.859466 1.819883
2.167948 12.696217 1.332125
2.012687 12.878794 1.726009
1.836883 13.114755 2.118765
2.301300 12.639033 0.967630
2.239801 12.716842 1.124646
2.156698 12.696421 1.378659
2.160039 12.619769 1.405133
2.164915 12.766644 1.310736
1.811773 13.050942 2.222141
1.780874 13.008833 2.318509
1.946609 12.814537 1.914321
2.116702 12.569404 1.449781
2.157279 12.676233 1.361447
1.946713 12.921898 1.877785
1.961908 12.988768 1.847435
1.949497 12.868740 1.908320
2.044986 12.804031 1.655519
1.879414 13.057524 2.032711
1.981786 12.750744 1.839408
2.083685 12.835083 1.555579
2.161134 12.555732 1.262844
2.151668 12.572080 1.362323
2.019599 12.775797 1.753337
1.849127 13.004368 2.138679
2.154673 12.587049 1.406894
2.221930 12.586195 1.165070
2.167397 12.659359 1.346058
1.822018 12.946620 2.238605
1.785715 12.901329 2.327931
1.957872 12.718582 1.932470
2.132632 12.541411 1.387552
1.962394 12.825312 1.901759
1.962483 12.870555 1.867605
1.955222 12.759876 1.924601
1.982815 12.648594 1.858969
2.041368 12.687607 1.680079
1.889683 12.943453 2.056786
2.081354 12.716938 1.586157
2.014304 12.661446 1.772728
1.852521 12.887323 2.153772
1.828081 12.840158 2.252861
1.792903 12.802018 2.338544
1.940190 12.583524 1.934801
1.960877 12.710461 1.917211
1.968234 12.764705 1.890881
1.946554 12.637831 1.933884
2.028120 12.565237 1.701517
2.008644 12.552930 1.793049
1.897517 12.831259 2.077780
2.054150 12.570350 1.607758
1.855020 12.775581 2.168595
1.800645 12.708714 2.350435
1.832627 12.735747 2.264388
1.943981 12.578623 1.924446
1.954327 12.636990 1.902478
1.896111 12.712765 2.094803
1.865547 12.679447 2.188833
1.870145 12.564293 2.094221
2.177269 13.387513 0.894238
2.200061 13.370052 0.870808
2.151101 13.362513 0.930598
2.188998 13.352349 0.886723
2.168169 13.371247 0.969258
2.178648 13.293218 0.881839
2.135540 13.401363 1.061742
2.129290 13.370279 1.055872
2.167310 13.282251 0.931375
2.094007 13.408181 1.159284
2.192144 13.266950 0.912752
2.151870 13.268531 0.964794
2.099217 13.479214 1.263938
2.194932 13.232617 0.885413
2.186870 13.256227 0.923925
2.105969 13.460111 1.248867
2.102308 13.467960 1.265170
2.117765 13.453180 1.233688
2.202355 13.216732 0.875256
2.065830 13.410849 1.253030
2.163912 13.273242 1.007382
2.180543 13.203911 0.921762
2.031642 13.416064 1.338226
2.130116 13.298040 1.100255
2.129711 13.275735 1.091305
2.227529 13.158350 0.857471
2.214679 13.150620 0.863880
2.208032 13.160892 0.883686
2.164211 13.186859 0.967837
1.993013 13.446617 1.462957
2.091381 13.308838 1.194012
1.965185 13.565256 1.640020
2.187474 13.172000 0.952998
2.160005 13.182238 0.998242
2.101562 13.379384 1.291803
2.200014 13.146936 0.920703
2.184934 13.163446 0.958725
2.100128 13.353282 1.279178
2.102113 13.366578 1.294804
2.117839 13.355356 1.269086
1.954514 13.439266 1.552291
2.064729 13.314706 1.284858
1.972772 13.529924 1.637671
1.958768 13.525017 1.648289
2.195551 13.122603 0.917697
2.161628 13.179894 1.043420
2.177850 13.113614 0.959922
2.033388 13.322980 1.366660
2.130284 13.203811 1.138977
1.961624 13.490379 1.663408
2.131953 13.188598 1.123487
1.932081 13.434718 1.641045
2.209179 13.060637 0.900594
2.204927 13.070931 0.922695
2.215018 13.059694 0.900199
2.166595 13.099677 1.002458
2.092564 13.217268 1.228634
1.996500 13.348787 1.495277
1.965505 13.460595 1.661806
2.156890 13.091145 1.029474
2.099267 13.279482 1.317517
1.902680 13.438860 1.723055
2.181777 13.078697 0.992116
2.190436 13.051070 0.954309
2.180652 13.072453 0.992893
2.103343 13.262728 1.310828
2.102520 13.270910 1.322462
1.965441 13.429672 1.668198
2.115055 13.258779 1.302650
2.064843 13.222984 1.316689
1.970959 13.426087 1.661651
1.962531 13.350363 1.582028
2.186747 13.028125 0.956994
2.225648 12.984498 0.872844
2.220268 12.979898 0.878009
2.157862 13.089451 1.078789
2.035893 13.235573 1.395555
1.827166 13.496741 1.941724
2.172855 13.021472 0.996565
1.962136 13.389054 1.682792
2.128388 13.098778 1.155181
2.126676 13.110628 1.175512
1.931795 13.339512 1.664673
2.203619 12.971581 0.936920
2.201049 12.985030 0.958562
2.164853 13.012963 1.036130
2.211857 12.973377 0.940095
2.090889 13.126945 1.261421
1.963885 13.360095 1.683385
1.995187 13.250922 1.523007
1.902541 13.345192 1.742619
2.151881 13.000579 1.059614
2.101645 13.188467 1.343089
1.790239 13.471141 2.026139
1.783677 13.544751 2.123028
2.175308 12.989455 1.028090
2.188123 12.964729 0.986392
2.177023 12.986257 1.025472
2.104601 13.181119 1.350933
2.099778 13.167493 1.339975
1.730207 13.529928 2.178897
1.791144 13.535463 2.123196
1.972052 13.335253 1.687720
2.065098 13.135517 1.345728
1.965800 13.260504 1.607565
1.975658 13.334254 1.687469
2.115208 13.166140 1.334870
2.186996 12.947205 0.996358
2.222276 12.901853 0.911186
2.221676 12.901581 0.915712
2.148997 12.997481 1.111195
2.032838 13.145177 1.420673
2.170705 12.937820 1.032361
1.826421 13.391973 1.960721
1.966564 13.296379 1.704120
2.126442 13.013037 1.186026
1.762828 13.445420 2.111572
1.934504 13.250041 1.688620
1.791616 13.491128 2.138705
2.123260 13.020785 1.209646
1.800244 13.478503 2.120771
2.199579 12.888441 0.971622
2.198330 12.901751 0.992767
2.162034 12.928811 1.068285
2.203705 12.886415 0.979078
2.089053 13.039383 1.293045
1.969283 13.269421 1.706728
1.905910 13.257799 1.763703
1.996010 13.160392 1.552364
2.153685 12.920794 1.088690
2.103407 13.101471 1.367957
1.795240 13.453526 2.136573
1.792752 13.374519 2.043439
2.175880 12.905255 1.057167
2.188756 12.885040 1.018404
2.236894 12.821031 0.887964
2.184553 12.917574 1.064585
1.731748 13.435597 2.188950
2.099800 13.088482 1.376125
2.251532 12.815569 0.875894
2.098242 13.078712 1.368700
1.794254 13.436398 2.134696
1.969946 13.237584 1.703256
2.068811 13.055243 1.375899
1.976170 13.241090 1.710675
1.959288 13.162955 1.631554
2.110267 13.074689 1.365400
2.177820 12.859174 1.032939
2.215686 12.817162 0.947659
2.158089 12.925646 1.145252
2.035020 13.063290 1.447239
2.217328 12.819665 0.953314
2.169664 12.857706 1.066107
1.968997 13.206063 1.723578
1.829593 13.295856 1.981662
2.129116 12.934382 1.215068
1.765489 13.353053 2.126080
1.939703 13.168477 1.712957
1.792832 13.389869 2.147840
1.800303 13.380065 2.134114
2.123252 12.939054 1.244524
2.200209 12.811471 1.004909
2.194132 12.821374 1.026305
2.159920 12.848538 1.099241
1.963724 13.172726 1.724956
2.091027 12.959590 1.324562
1.905604 13.169616 1.783377
2.204649 12.809375 1.017243
2.099202 13.011827 1.389898
2.152732 12.840418 1.116710
1.794452 13.349190 2.141290
1.991321 13.065959 1.578334
1.741851 13.355427 2.205647
2.184291 12.803823 1.047452
2.172384 12.823323 1.086957
1.791590 13.277109 2.059329
2.228576 12.739542 0.927056
2.176543 12.832164 1.099505
2.098449 13.000321 1.401174
2.240113 12.732903 0.915166
1.968701 13.143758 1.720032
2.105860 13.001647 1.398269
1.797360 13.340057 2.147472
2.062586 12.967315 1.402084
1.968068 13.142847 1.730673
2.102467 12.984485 1.394097
1.959744 13.076150 1.656921
2.031236 12.978757 1.470878
2.177287 12.782321 1.069162
2.207517 12.737211 0.982687
2.151549 12.841633 1.175611
2.210075 12.739914 0.988695
2.162255 12.775289 1.097776
2.125884 12.854880 1.242844
1.971778 13.119046 1.743075
1.770338 13.267099 2.142605
1.935014 13.078343 1.733697
1.798374 13.299630 2.159343
1.828986 13.200782 2.000417
1.805196 13.290474 2.149754
2.198033 12.734829 1.036751
2.188908 12.742643 1.058715
2.112440 12.848557 1.275451
2.158098 12.769768 1.128572
1.908705 13.089539 1.803794
1.965644 13.087313 1.745762
2.090195 12.880124 1.354634
2.197445 12.728716 1.053013
2.098959 12.927200 1.412898
2.153910 12.764658 1.145085
1.740982 13.263803 2.214682
1.802174 13.259929 2.152262
2.176666 12.722359 1.076294
2.170055 12.746727 1.116360
1.990499 12.981092 1.605861
1.799290 13.195351 2.080237
2.166031 12.748577 1.131354
2.225746 12.666257 0.964309
2.100455 12.921185 1.426578
1.800256 13.250105 2.159969
1.972642 13.059354 1.737867
2.092904 12.908117 1.422340
2.062415 12.889927 1.429294
2.237329 12.658699 0.952808
1.968723 13.059376 1.753638
2.102957 12.904881 1.423674
1.961768 12.994336 1.681052
2.028669 12.898641 1.494518
2.139967 12.757894 1.204668
2.173033 12.705599 1.103588
2.209864 12.665200 1.017178
2.209677 12.667306 1.022128
2.158247 12.698265 1.128914
2.120760 12.775906 1.269528
1.964972 13.024954 1.757349
1.772730 13.182045 2.156447
1.800644 13.208259 2.168588
1.937293 12.998948 1.755813
1.804120 13.198236 2.162468
1.826081 13.106579 2.018930
2.192234 12.656483 1.067573
2.188355 12.670079 1.089710
2.154808 12.693898 1.157219
1.910789 13.011102 1.823065
2.113900 12.773664 1.308300
1.970213 13.007058 1.768104
1.747253 13.185601 2.228783
2.095410 12.845080 1.434503
2.147300 12.685860 1.169805
2.078160 12.792241 1.381584
2.190953 12.651943 1.087560
1.805709 13.169345 2.160596
2.177275 12.649702 1.104328
2.166241 12.670327 1.143796
1.796428 13.104532 2.093876
1.991295 12.900318 1.632509
2.167774 12.677894 1.163838
2.095679 12.837387 1.449448
1.969748 12.971205 1.752778
1.802632 13.162355 2.172505
2.220612 12.591142 1.000015
2.095769 12.832841 1.448950
2.058619 12.810853 1.455449
2.228177 12.582211 0.988338
1.966152 12.973884 1.774696
2.026850 12.821508 1.517308
2.102463 12.826029 1.452472
1.960623 12.912302 1.704934
2.139305 12.684494 1.233572
2.169063 12.630406 1.136347
2.197394 12.585796 1.048778
2.195986 12.586211 1.055000
2.116428 12.699010 1.295740
2.151883 12.623063 1.159371
1.968846 12.946952 1.777291
1.772857 13.096990 2.170378
1.804677 13.123691 2.180640
1.936796 12.919008 1.776818
1.809692 13.118011 2.179393
1.826506 13.021454 2.037733
1.910838 12.935076 1.840439
2.182647 12.579227 1.096152
2.176172 12.589479 1.118396
2.143379 12.613544 1.183834
2.104415 12.691894 1.336395
1.749811 13.106661 2.241448
1.972748 12.929214 1.788549
2.139727 12.606915 1.194154
2.092214 12.762677 1.455239
2.080537 12.720979 1.409918
1.806444 13.078224 2.167850
2.164922 12.569143 1.130592
2.155674 12.591088 1.170376
1.800717 13.026258 2.112974
2.088478 12.756328 1.471285
1.805274 13.078861 2.184675
2.151570 12.595935 1.192367
1.973489 12.892339 1.770678
1.994239 12.823285 1.659884
2.057734 12.735745 1.480251
2.088263 12.750292 1.472413
1.964719 12.893756 1.795359
2.026224 12.748816 1.540096
1.954302 12.829685 1.725461
2.089209 12.739877 1.475834
2.131803 12.610072 1.260859
2.108763 12.621916 1.319316
1.779643 13.023903 2.188595
1.970401 12.867118 1.795725
1.933380 12.841237 1.795613
1.803122 13.033434 2.187654
1.808775 13.034605 2.192207
1.906855 12.854975 1.856371
1.830941 12.943148 2.059273
1.751797 13.028104 2.252529
1.964884 12.842266 1.804200
2.099761 12.616256 1.365518
2.087443 12.685006 1.474534
2.068962 12.640697 1.434098
1.812076 12.997742 2.179069
1.807864 12.999005 2.197735
2.089256 12.681656 1.494358
1.966730 12.806199 1.783007
1.802703 12.946139 2.130559
2.046007 12.655508 1.501993
2.083756 12.673475 1.496198
1.984500 12.738008 1.682220
1.965470 12.817327 1.816768
2.017089 12.669220 1.560457
1.958163 12.759858 1.749239
2.083029 12.662630 1.501354
1.779542 12.945256 2.202262
1.960087 12.781070 1.808697
1.936221 12.770336 1.816989
1.806926 12.955273 2.199444
1.806429 12.953182 2.204744
1.912247 12.788342 1.877252
1.754707 12.955181 2.266515
1.828083 12.859627 2.077114
1.963639 12.765477 1.822469
1.817646 12.918184 2.189904
1.808564 12.919676 2.209707
1.967506 12.730416 1.798307
1.801834 12.867262 2.146316
2.018443 12.603900 1.582444
1.963878 12.742682 1.837550
1.973636 12.656209 1.702657
1.944038 12.674214 1.766142
1.779844 12.868993 2.216359
1.964944 12.711177 1.827107
1.936307 12.698846 1.837313
1.808889 12.876720 2.210534
1.809535 12.879311 2.221562
1.913961 12.718205 1.895454
1.755669 12.880986 2.277750
1.961883 12.690872 1.840816
1.831442 12.786603 2.098423
1.817663 12.838351 2.198241
1.812371 12.846953 2.224053
1.968735 12.656100 1.814425
1.804938 12.796108 2.164410
1.954896 12.664656 1.853855
1.781826 12.798594 2.231275
1.926357 12.621544 1.852878
1.813959 12.804776 2.223997
1.811565 12.807993 2.236867
1.901102 12.637631 1.906249
1.756983 12.810085 2.289027
1.832961 12.713190 2.119032
1.818082 12.760900 2.207009
1.812961 12.772186 2.236533
1.802582 12.720140 2.179510
1.778348 12.723382 2.243196
1.816275 12.732241 2.236409
1.758299 12.741905 2.301582
1.806708 12.731120 2.247623
1.819819 12.686028 2.216560
1.835296 12.644529 2.140497
1.810745 12.697744 2.247573
1.806090 12.654090 2.199313
1.781139 12.657744 2.258972
1.752214 12.667629 2.308386
1.808681 12.663449 2.263825
2.120287 12.592403 1.403165
2.099370 12.511415 1.402410
2.113935 12.644684 1.366370
2.118530 12.710289 1.339242
1.737701 13.048079 2.279560
2.134038 12.617294 1.311748
1.972162 12.670398 1.759702
1.997334 12.582668 1.725037
2.021873 12.728026 1.581385
1.895254 12.809784 1.928046
1.854792 12.727266 2.066690
1.738692 12.909120 2.325314
1.951950 12.749333 1.799160
1.827882 12.807267 2.106085
1.935022 12.838456 1.837163
2.075500 12.530214 1.496859
2.014555 12.651008 1.622567
2.060161 12.611470 1.534124
2.133620 12.525099 1.344749
1.805018 12.879237 2.149524
2.041968 12.696048 1.566315
1.891297 12.723368 1.959355
1.734038 12.937297 2.309241
2.015046 12.583039 1.654277
2.121254 12.601904 1.371098
1.905372 12.836487 1.903056
1.781886 12.960709 2.192468
1.737281 12.806598 2.351480
1.997308 12.502737 1.684796
2.160045 12.528203 1.267541
1.884300 12.634004 1.993980
2.134177 12.554500 1.334191
1.744869 12.979206 2.292486
1.970063 12.605815 1.783006
1.893607 12.741027 1.943836
2.023608 12.661997 1.601196
1.995753 12.519515 1.749181
1.739167 12.842231 2.337798
1.948819 12.683740 1.820029
1.850224 12.659194 2.086724
1.927070 12.766710 1.853559
1.826869 12.741706 2.124402
2.015496 12.588444 1.642935
2.059501 12.550299 1.557883
1.800105 12.808600 2.163362
2.037004 12.629227 1.586820
1.889372 12.658578 1.976923
1.740130 12.874010 2.325261
1.995302 12.509268 1.668290
1.778693 12.891358 2.204226
2.122427 12.541034 1.395599
1.902693 12.765803 1.916789
1.737995 12.744178 2.366959
1.885764 12.574710 2.014430
1.745510 12.907503 2.301126
1.962351 12.540387 1.801644
1.893397 12.676603 1.959707
2.021679 12.596275 1.619148
1.739242 12.776611 2.350754
1.947009 12.620710 1.839289
1.929329 12.705774 1.872699
1.848411 12.595258 2.106360
1.823107 12.675688 2.141609
2.005836 12.520020 1.659519
1.800932 12.747017 2.180909
2.036747 12.569537 1.608975
1.883666 12.591411 1.991318
1.784505 12.831103 2.222401
1.741923 12.806925 2.337266
1.900934 12.697115 1.930133
1.868550 12.504305 2.023526
1.749020 12.838034 2.312560
1.889418 12.608897 1.972766
2.005896 12.522830 1.631342
1.750283 12.722170 2.372543
1.944812 12.558963 1.859001
1.927933 12.643322 1.890717
1.848160 12.533759 2.129257
1.822626 12.612484 2.160375
1.803202 12.686103 2.200032
2.036897 12.507674 1.631027
1.780012 12.764727 2.233486
1.735249 12.734948 2.342544
1.903489 12.634081 1.946721
1.752143 12.771686 2.323698
1.888827 12.546685 1.988709
1.922874 12.580268 1.907251
1.824616 12.554619 2.181653
1.801294 12.624085 2.216451
1.778389 12.701505 2.246993
1.741476 12.676212 2.359101
1.906963 12.572127 1.963301
1.749136 12.701242 2.330082
1.918735 12.518293 1.923776
1.797960 12.563261 2.230523
1.783420 12.645652 2.265337
1.751464 12.636526 2.342536
1.776706 12.582100 2.275390
1.757179 12.577300 2.357874
1.781344 12.528445 2.293824
2.175926 13.358739 0.979237
2.141851 13.373122 1.061102
2.227224 13.276352 0.875784
2.136473 13.364404 1.089329
2.188389 13.369768 0.926417
2.173697 13.276931 1.017936
2.007076 13.453943 1.420980
2.023605 13.425504 1.375608
2.209795 13.390924 0.879531
2.209731 13.395700 0.885792
2.162317 13.353780 1.015182
2.147183 13.296931 1.097508
2.135930 13.376282 1.087874
2.215593 13.190440 0.915279
2.133224 13.280653 1.125987
2.232520 13.159101 0.878381
2.189295 13.289937 0.964596
2.103474 13.383962 1.176820
2.227243 13.229014 0.874293
2.215574 13.235521 0.897970
2.163357 13.379031 1.014838
2.019864 13.441080 1.380557
2.166394 13.192880 1.053983
2.009344 13.371912 1.451266
2.204726 13.305904 0.915848
2.031829 13.351403 1.406609
2.203763 13.308681 0.922511
2.160366 13.272593 1.050209
2.139359 13.213282 1.131961
2.134779 13.294397 1.121206
1.977313 13.466114 1.503606
2.154912 13.346385 1.050331
1.880351 13.481727 1.759365
2.211637 13.112864 0.953772
2.123591 13.366375 1.114644
2.186460 13.381606 0.936300
2.136734 13.205070 1.161278
2.246786 13.067362 0.874661
2.225428 13.080462 0.917011
2.145391 13.421547 1.040893
2.185635 13.209294 1.000951
2.096857 13.298332 1.209116
2.221880 13.147996 0.912360
2.209687 13.154902 0.934444
2.017087 13.452204 1.387793
2.161811 13.297490 1.049019
2.072344 13.389005 1.260557
2.021601 13.361284 1.408483
2.161796 13.115763 1.088438
2.196908 13.222239 0.950304
2.009387 13.290834 1.481285
2.028609 13.269314 1.434324
1.846108 13.455277 1.856860
2.195445 13.222668 0.956520
2.131329 13.382835 1.090409
2.159719 13.193995 1.083598
2.135561 13.135466 1.164721
2.127638 13.210103 1.151520
1.974390 13.380958 1.529185
2.146871 13.260075 1.081051
1.883167 13.400947 1.782305
2.125956 13.288877 1.145457
2.201301 13.032310 0.990478
2.188454 13.300779 0.969494
2.119071 13.365294 1.126116
2.146745 13.340253 1.070435
2.233821 12.987180 0.912334
2.130217 13.124011 1.194094
2.221447 13.007490 0.953585
2.174680 13.125508 1.035157
2.102068 13.224966 1.241928
1.948107 13.463955 1.582963
2.216890 13.071230 0.947663
2.207835 13.079203 0.969607
2.016789 13.367595 1.412021
2.152970 13.212805 1.081049
2.073790 13.312260 1.290623
2.022825 13.281908 1.434811
1.880581 13.436480 1.778356
2.162665 13.044242 1.123159
2.134207 13.306765 1.122052
2.042210 13.401331 1.335856
2.192741 13.142013 0.985062
2.196206 13.148421 0.989954
2.024470 13.188910 1.460905
1.852689 13.378785 1.882165
2.149944 13.111918 1.114112
2.008910 13.211094 1.509322
2.132668 13.060584 1.196692
2.127881 13.136270 1.183357
1.976643 13.303530 1.557553
2.152478 13.187278 1.112632
1.885564 13.324198 1.804557
2.184953 13.220804 0.999736
2.125993 13.209633 1.174709
2.118089 13.283169 1.153715
2.197730 12.959005 1.026201
2.143143 13.257578 1.099384
1.814969 13.451038 1.933807
2.128752 13.050731 1.227258
1.874167 13.462255 1.771904
2.211601 12.932055 0.989585
2.230362 12.915660 0.949733
2.022224 13.388111 1.402729
2.176451 13.055982 1.069478
1.954797 13.389230 1.609947
2.097251 13.146123 1.272265
2.024381 13.294880 1.438600
2.201917 13.005036 1.003394
2.208766 12.994332 0.982717
2.149186 13.134987 1.113811
2.070179 13.231437 1.318804
1.916870 13.469792 1.655698
2.023129 13.204217 1.460005
1.881347 13.353650 1.796447
1.792145 13.526731 1.995781
1.874882 13.498420 1.753908
2.161191 12.972807 1.155555
2.039397 13.319792 1.362345
2.126567 13.221951 1.151157
2.196221 13.072865 1.017670
2.193717 13.073177 1.021080
2.025382 13.116282 1.487836
2.153827 13.042434 1.145869
2.007108 13.134303 1.536693
1.851364 13.295023 1.903197
2.133927 12.991479 1.229415
1.716699 13.422319 2.209648
2.128009 13.062506 1.212748
2.144421 13.105589 1.141430
1.887957 13.249298 1.826041
1.976960 13.224925 1.583131
2.181455 13.141766 1.029591
2.121965 13.131924 1.202585
2.119435 13.205578 1.181718
2.140843 13.177490 1.126697
2.191408 12.887049 1.060064
1.820514 13.375353 1.955923
1.881822 13.385680 1.791841
2.025049 13.308249 1.425285
2.115835 12.970380 1.256753
2.205790 12.861535 1.024276
2.225066 12.845655 0.985635
2.176803 12.985789 1.102220
1.953690 13.309011 1.634335
1.716107 13.480184 2.212752
2.093339 13.070213 1.301813
2.019513 13.211310 1.460236
2.198290 12.918437 1.015064
2.189634 12.926061 1.036161
2.152149 13.066247 1.144823
1.921098 13.394273 1.678301
2.073957 13.160157 1.348889
1.883625 13.277881 1.815873
2.022623 13.129989 1.485744
1.789548 13.441099 2.009895
2.044355 13.249282 1.389125
1.881023 13.416626 1.771743
2.123451 13.145319 1.179016
2.149288 12.896246 1.186323
2.185363 12.995470 1.051633
2.186568 12.993508 1.049472
2.024068 13.044602 1.514501
2.140915 12.962078 1.175365
1.720165 13.347339 2.225766
2.004402 13.057364 1.563695
2.118262 12.911557 1.257433
1.850544 13.214543 1.924288
2.114980 12.981285 1.240185
2.144550 13.032746 1.170438
1.882028 13.169310 1.843335
2.172084 13.061180 1.058490
1.976467 13.149783 1.609253
2.121986 13.057299 1.229917
2.119344 13.129154 1.207376
2.139038 13.101601 1.153686
2.185990 12.818023 1.093141
1.877916 13.300251 1.806433
1.821908 13.296673 1.976133
2.026564 13.229506 1.447937
2.216503 12.776484 1.018466
2.115669 12.901530 1.287513
2.202196 12.793761 1.057697
1.956200 13.235887 1.657497
2.166727 12.910470 1.133335
1.714583 13.394496 2.221493
2.088498 12.996902 1.329847
2.020203 13.136950 1.483049
2.199140 12.852449 1.047482
2.149647 12.994692 1.174415
2.194522 12.863134 1.068038
1.925846 13.320203 1.701729
2.070829 13.086297 1.375595
1.884085 13.201796 1.834568
2.012371 13.049072 1.506100
1.793149 13.365140 2.028840
2.039700 13.171111 1.413349
1.712777 13.444066 2.220360
1.883497 13.336018 1.787353
2.132684 13.080546 1.208985
2.180016 12.920732 1.078836
2.146889 12.828341 1.216817
2.177911 12.920695 1.081399
2.013930 12.965488 1.536529
2.137488 12.892212 1.203823
1.723618 13.275122 2.240733
2.110786 12.840475 1.285663
1.761272 13.442600 2.079910
1.997123 12.980528 1.588492
1.847999 13.137361 1.945561
2.116508 12.914648 1.268467
2.138282 12.958755 1.196896
2.178074 12.993571 1.086918
1.883105 13.097374 1.864148
2.112479 12.979543 1.255220
2.115593 13.052999 1.231193
1.977784 13.078653 1.634568
2.142190 13.029878 1.180112
1.885671 13.229155 1.826509
2.179651 12.750677 1.125085
2.028057 13.154444 1.469056
1.820551 13.219343 1.994483
1.724022 13.326529 2.238709
1.953769 13.159549 1.680832
2.204813 12.706264 1.051433
2.192720 12.725353 1.089779
2.158861 12.838815 1.162796
2.109629 12.831134 1.317317
2.088214 12.928102 1.358167
2.021404 13.064954 1.506305
1.921348 13.241788 1.720221
2.190470 12.782415 1.078254
2.143502 12.921574 1.202930
2.060811 13.008028 1.399687
2.187167 12.792917 1.098327
1.882716 13.126310 1.852149
1.796346 13.291377 2.047864
2.013170 12.978359 1.529817
2.050649 13.106728 1.441603
1.714505 13.362147 2.230255
1.884659 13.256527 1.803061
2.124098 13.002951 1.234654
2.180860 12.856576 1.110489
2.180751 12.854797 1.108812
2.138608 12.759802 1.245975
2.014021 12.900015 1.562468
1.725758 13.204018 2.255799
2.135880 12.825441 1.231857
1.765650 13.369610 2.095628
2.112430 12.776563 1.315233
2.108923 12.842701 1.294638
2.134748 12.888026 1.223294
1.998149 12.913390 1.615561
2.168177 12.916171 1.113068
1.886500 13.030876 1.884986
1.715884 13.410595 2.213390
2.160601 12.921882 1.129562
2.110252 12.909546 1.280752
1.851953 13.066798 1.969524
2.109624 12.976877 1.255127
1.973110 13.005111 1.656869
2.130344 12.951277 1.203476
1.886528 13.154563 1.843589
2.020846 13.072807 1.487598
2.175140 12.685510 1.156989
1.817765 13.142266 2.010871
1.954437 13.089787 1.701729
1.723623 13.248262 2.249631
2.158283 12.773998 1.192869
2.190033 12.661437 1.122027
2.104901 12.762401 1.345870
2.084797 12.859168 1.386239
1.924245 13.171995 1.741001
2.019353 12.991959 1.527255
2.135521 12.849970 1.229950
2.065473 12.944288 1.427065
2.189495 12.717956 1.109173
2.180713 12.725627 1.127828
1.873014 13.046652 1.865157
1.795774 13.216101 2.063370
2.008994 12.908094 1.552178
2.031799 13.021916 1.460682
2.120559 12.933129 1.260672
1.719067 13.286188 2.241384
1.888156 13.180649 1.819556
2.171449 12.784300 1.135931
2.168836 12.782835 1.137664
2.131637 12.692926 1.273879
1.729833 13.136868 2.272501
1.768715 13.297732 2.111445
2.008029 12.828522 1.584480
2.133367 12.758518 1.259525
2.115884 12.716654 1.343999
2.129385 12.817896 1.248579
2.107709 12.777425 1.321057
2.164642 12.846363 1.139082
1.880663 12.958208 1.901652
2.155244 12.850824 1.155232
1.718931 13.329417 2.222417
1.995923 12.845254 1.640323
2.106603 12.838883 1.304705
2.110025 12.907432 1.279309
2.133077 12.884513 1.228831
1.840047 12.985347 1.983413
1.970771 12.935179 1.679958
1.884140 13.078058 1.858745
2.020106 13.000543 1.507682
2.172837 12.624000 1.187241
1.945094 13.012719 1.720917
1.723208 13.172760 2.259401
1.820271 13.073771 2.032111
2.147276 12.704056 1.221315
2.194118 12.603837 1.153678
1.923489 13.101553 1.760324
2.079025 12.791231 1.411605
2.100675 12.696942 1.374484
2.014565 12.918481 1.547110
2.130672 12.781279 1.256062
2.059607 12.872726 1.451522
2.179225 12.661581 1.157151
1.795306 13.144451 2.079786
1.885140 12.986752 1.888567
2.036344 12.958228 1.485619
2.009384 12.841421 1.575207
1.724650 13.214020 2.253787
1.891231 13.108797 1.835366
2.118338 12.864058 1.285820
2.168535 12.718646 1.164063
2.168145 12.718080 1.165294
1.767103 13.223259 2.123763
1.727807 13.065529 2.284511
2.134293 12.634644 1.303956
2.003038 12.762646 1.607000
2.129924 12.694189 1.285679
2.128578 12.752275 1.274149
1.885080 12.896427 1.923378
2.162933 12.778734 1.165056
2.154950 12.785707 1.182016
1.727152 13.255961 2.234236
2.128511 12.814602 1.252038
1.965170 12.865163 1.700358
1.986807 12.772711 1.662470
1.845008 12.921335 2.007499
1.881738 13.004316 1.872750
2.021183 12.931373 1.527343
1.949124 12.949443 1.744258
1.725754 13.103159 2.272850
2.152802 12.553292 1.214101
1.813828 12.997891 2.046273
2.149817 12.644906 1.249332
1.914428 13.024187 1.776222
2.076911 12.725804 1.437658
2.100480 12.636386 1.401791
2.010281 12.848280 1.567026
2.051885 12.804507 1.473719
2.129971 12.718358 1.282926
1.798594 13.078006 2.098182
2.181360 12.603701 1.185632
1.884380 12.919097 1.906733
2.033081 12.889961 1.507579
2.003373 12.773598 1.595687
1.725663 13.141036 2.264367
2.111149 12.794518 1.309994
1.879906 13.023986 1.843828
1.768848 13.154340 2.138911
2.164700 12.654669 1.191064
1.730164 13.001683 2.301394
2.009516 12.704779 1.632802
2.122837 12.628294 1.310757
2.162107 12.715861 1.189479
1.878832 12.827795 1.939357
2.125025 12.687083 1.298244
2.148672 12.717261 1.206168
2.210583 13.441258 0.981454
2.237877 13.417212 0.929954
2.258314 13.331485 0.834886
2.232517 13.380213 0.942036
2.242720 13.358377 0.931333
2.236402 13.355560 0.942565
2.219888 13.369454 0.990542
2.203430 13.374724 1.023208
2.207574 13.357160 1.014890
2.210758 13.364782 1.022691
2.238140 13.336850 0.964563
2.241889 13.300718 0.935421
2.173519 13.381127 1.109578
2.131075 13.426208 1.205479
2.068659 13.425896 1.288537
2.072684 13.420639 1.291527
2.077439 13.417336 1.278591
2.226556 13.295012 0.980469
2.088599 13.434925 1.289554
2.086246 13.412443 1.267090
2.135474 13.385036 1.184783
2.227196 13.269377 0.978656
2.232278 13.270521 0.971116
2.250084 13.256778 0.943932
2.212410 13.283625 1.024936
2.064081 13.444138 1.374949
2.193701 13.286192 1.058860
2.203264 13.274193 1.048398
2.200829 13.275423 1.053837
2.224650 13.245909 0.997044
2.034303 13.455860 1.450806
2.171048 13.300301 1.143058
2.237895 13.220381 0.975100
1.972150 13.485509 1.566386
2.121628 13.334607 1.239011
2.252961 13.190229 0.934589
1.950820 13.494302 1.620173
2.072189 13.346332 1.314854
2.074477 13.339803 1.319930
2.073837 13.333685 1.307970
2.221965 13.215117 1.016095
1.949161 13.491165 1.625486
2.131986 13.303179 1.215830
2.089673 13.353845 1.322477
2.082735 13.327835 1.299305
1.936006 13.485980 1.646345
2.223938 13.191117 1.013035
2.242234 13.174074 0.977992
2.227368 13.189117 1.010807
2.209042 13.203575 1.057646
2.060891 13.361039 1.403097
1.942208 13.457395 1.640154
2.188191 13.205227 1.094499
1.913757 13.485758 1.727356
2.198483 13.194386 1.079127
2.201437 13.197518 1.083979
2.224451 13.168725 1.028868
2.027350 13.370344 1.475785
1.947636 13.438919 1.642390
2.157592 13.213028 1.173979
2.232496 13.140302 1.012793
1.980460 13.409378 1.598305
2.118244 13.252717 1.272500
2.246658 13.110914 0.971517
2.255448 13.101264 0.951329
1.883620 13.489362 1.799374
2.071156 13.265081 1.339679
1.950159 13.409921 1.645330
2.071715 13.258198 1.346453
1.947276 13.404012 1.644093
2.074838 13.254497 1.337661
2.128934 13.223724 1.244862
2.217391 13.136153 1.051326
2.079763 13.266319 1.352840
2.080690 13.248491 1.331160
1.946981 13.413107 1.675774
2.216619 13.110771 1.047529
2.233089 13.093417 1.011736
2.216479 13.106271 1.047027
2.202030 13.122911 1.088852
1.943190 13.374336 1.660775
2.053645 13.276772 1.430971
2.177205 13.122420 1.128271
1.919144 13.410155 1.752865
2.190559 13.113567 1.109957
2.194330 13.116899 1.112736
2.212869 13.086367 1.058586
2.027363 13.293777 1.501487
2.259250 13.016160 0.931315
1.949241 13.358166 1.665894
2.155175 13.136807 1.205503
1.782069 13.519341 2.048181
2.217143 13.056636 1.049582
1.893219 13.421306 1.824875
1.980428 13.327314 1.626342
2.250103 13.026695 0.986680
2.236314 13.032256 1.007393
2.069239 13.186435 1.362957
2.114471 13.172116 1.306436
1.954227 13.333617 1.671691
2.069903 13.180424 1.371789
1.950120 13.324937 1.663903
2.120007 13.143700 1.272481
2.070377 13.175294 1.364708
2.207339 13.055346 1.084691
2.075406 13.187986 1.381946
2.071732 13.164804 1.360335
1.945543 13.332201 1.701441
2.217090 13.040487 1.080285
2.228967 13.018692 1.044173
1.782475 13.479284 2.060775
1.806529 13.475023 2.027819
2.195968 13.046080 1.118871
1.791091 13.478352 2.053454
1.947069 13.298125 1.682238
2.053778 13.202009 1.458337
2.210723 13.031144 1.083608
1.919458 13.332352 1.775667
2.179502 13.052448 1.161777
2.185831 13.038365 1.138730
2.186744 13.038523 1.139104
2.027406 13.219970 1.526017
2.206811 13.009542 1.088603
2.261178 12.950223 0.964101
1.950472 13.280529 1.689068
2.255865 12.945538 0.968302
1.785858 13.442972 2.056571
1.773554 13.464384 2.104546
2.151868 13.062273 1.235868
1.781835 13.434414 2.061862
1.889667 13.340214 1.842450
2.216399 12.986521 1.085248
2.072964 13.116019 1.387814
2.231912 12.960601 1.041947
2.242941 12.951827 1.021277
1.977666 13.244797 1.653247
2.071383 13.108224 1.397515
1.950477 13.253728 1.694608
2.109308 13.093603 1.337608
1.949725 13.244892 1.681367
2.124864 13.076108 1.301438
2.077051 13.107097 1.394806
2.198642 12.978014 1.116027
2.079834 13.118000 1.412913
2.080351 13.099623 1.392462
1.946889 13.256355 1.726282
2.207489 12.963914 1.110857
1.781744 13.394765 2.072847
2.222121 12.944425 1.075090
1.750124 13.454924 2.184177
1.784449 13.389588 2.065675
1.806082 13.389459 2.047622
2.047521 13.125247 1.483462
1.938017 13.212457 1.699113
2.192676 12.972478 1.148841
2.204476 12.956432 1.118578
1.916128 13.253934 1.796964
2.184394 12.968737 1.167894
2.022369 13.143046 1.548229
2.172243 12.977616 1.193926
2.183356 12.964965 1.166627
2.207616 12.940790 1.117284
1.949384 13.202993 1.709881
2.256889 12.879457 1.000708
1.715462 13.448349 2.250027
1.787774 13.358974 2.067318
2.252496 12.875844 1.004895
2.144923 12.988038 1.264339
1.772629 13.381967 2.121575
1.785513 13.357362 2.078819
1.884819 13.261167 1.859707
2.077109 13.046174 1.411435
2.212011 12.915788 1.119409
2.215604 12.881430 1.073957
2.229388 12.874957 1.053633
1.946194 13.164749 1.698542
2.072474 13.037309 1.423689
2.122814 13.005084 1.327328
1.977285 13.167695 1.680169
1.949091 13.177425 1.718319
2.109277 13.022805 1.369142
2.063468 13.025438 1.418482
2.192331 12.907010 1.146991
2.075530 13.044269 1.440063
2.078390 13.027637 1.421188
1.938966 13.172595 1.747643
1.744428 13.369982 2.195214
2.196075 12.887957 1.140285
1.782465 13.313678 2.085338
2.212543 12.869699 1.104878
2.182602 12.899060 1.176636
1.791101 13.317501 2.086704
1.948069 13.146833 1.722589
2.053311 13.059642 1.512013
1.802507 13.304712 2.066747
2.190924 12.879562 1.150933
1.915575 13.179660 1.817824
2.019300 13.070981 1.571687
2.178171 12.893848 1.192229
2.176957 12.894919 1.194754
2.167252 12.906412 1.224422
2.199267 12.866821 1.143768
1.721527 13.378526 2.266227
1.945161 13.125358 1.730406
1.787483 13.276865 2.077373
2.242136 12.804587 1.035196
2.240498 12.803275 1.039729
1.883771 13.188207 1.878573
2.142588 12.919174 1.292735
1.787897 13.282352 2.095460
1.775616 13.307424 2.141881
2.069349 12.968813 1.432512
2.197551 12.838769 1.151386
2.217159 12.817701 1.106797
1.947790 13.091407 1.716468
2.226357 12.807702 1.085765
2.067071 12.963520 1.445565
2.116707 12.932888 1.352944
1.944068 13.101424 1.740137
1.969078 13.086095 1.704036
2.068368 12.961522 1.445875
2.097746 12.944136 1.397289
2.189187 12.837963 1.177455
2.070321 12.970393 1.466833
2.065855 12.949766 1.446125
1.786192 13.241220 2.100343
1.743557 13.293071 2.209902
2.196621 12.824110 1.170303
1.939960 13.101707 1.771370
2.213090 12.805857 1.134895
1.789432 13.242229 2.102684
1.948858 13.074208 1.742198
2.039242 12.979307 1.533690
2.184347 12.832313 1.204906
1.805600 13.230139 2.089495
2.190236 12.814048 1.184641
1.917497 13.110756 1.841148
2.013902 12.998099 1.593175
2.174136 12.827386 1.221150
2.177067 12.824844 1.217704
1.720060 13.302057 2.276862
2.154948 12.832136 1.252691
2.196449 12.799293 1.170163
1.934443 13.044853 1.746632
1.792532 13.204213 2.091908
1.886929 13.120973 1.898205
2.231086 12.735846 1.068845
2.139870 12.852507 1.321190
1.787447 13.206016 2.108912
2.230355 12.733777 1.074140
1.772507 13.228738 2.157434
2.066205 12.897737 1.453124
2.115217 12.866974 1.378097
2.189553 12.771090 1.182483
2.065461 12.894901 1.469437
1.946648 13.016692 1.733654
2.215608 12.737730 1.116513
2.206808 12.746456 1.137092
1.948347 13.035191 1.764645
2.061251 12.888305 1.469053
2.092261 12.873336 1.426174
1.958154 13.005869 1.725994
2.181999 12.769569 1.206867
2.066571 12.900859 1.493633
1.749860 13.226843 2.229431
1.789014 13.168618 2.114967
2.065772 12.882692 1.473646
2.186584 12.753463 1.196921
1.932208 13.025248 1.792056
2.208144 12.738340 1.163825
1.787778 13.167885 2.118271
2.176555 12.763448 1.230654
2.039067 12.913183 1.558377
1.943654 12.998312 1.759113
1.915671 13.040364 1.860909
2.011790 12.929873 1.615442
1.803105 13.151937 2.108707
2.181727 12.744946 1.214907
1.718725 13.229218 2.288384
2.168179 12.759750 1.247259
2.174666 12.757880 1.242864
2.193652 12.733604 1.195775
2.156938 12.770797 1.283518
1.941488 12.981842 1.771094
1.884601 13.050979 1.916361
1.791478 13.126506 2.102080
1.788558 13.134892 2.124454
2.129325 12.781339 1.346591
2.230942 12.673613 1.102594
1.774621 13.156807 2.176188
2.226551 12.670002 1.106779
2.063586 12.828102 1.474558
2.106806 12.795802 1.400959
1.951662 12.951631 1.753247
2.055508 12.820355 1.489428
2.184724 12.705364 1.213078
2.215779 12.676094 1.146585
2.203826 12.683791 1.167271
1.943370 12.962871 1.784896
2.059767 12.822398 1.494201
2.089552 12.806675 1.454624
1.958881 12.938066 1.751831
2.177986 12.704043 1.235390
1.747201 13.152387 2.242193
2.057747 12.829123 1.517726
1.787162 13.092545 2.126431
2.054717 12.811004 1.497831
2.180738 12.686712 1.225082
2.194065 12.668351 1.189390
1.932844 12.958399 1.815059
1.788085 13.097481 2.135493
1.945518 12.932225 1.778812
2.035241 12.845529 1.581948
2.166938 12.693369 1.256036
2.010215 12.864912 1.637756
1.910200 12.969357 1.879165
1.723636 13.165071 2.305150
2.170089 12.676654 1.244497
2.165389 12.694068 1.272866
2.169541 12.691370 1.266506
1.799321 13.076693 2.127214
2.184965 12.665515 1.220752
2.148352 12.703570 1.310555
1.878530 12.980414 1.930566
1.937855 12.912075 1.789708
1.795757 13.057337 2.117121
1.793051 13.068376 2.143224
2.126135 12.716922 1.372652
2.217587 12.605892 1.133488
1.777892 13.090443 2.197872
2.213196 12.602283 1.137673
2.060081 12.761063 1.494446
2.106775 12.733323 1.426526
1.947413 12.879570 1.768973
2.054855 12.755572 1.512110
1.938017 12.893663 1.804818
2.210059 12.612056 1.176022
2.198106 12.619751 1.196708
2.176757 12.639536 1.243386
2.052290 12.753219 1.516656
1.751304 13.088052 2.261027
2.173995 12.640355 1.263131
2.080850 12.736743 1.480379
1.964727 12.876142 1.778810
1.792482 13.027151 2.142736
2.056389 12.765924 1.544150
2.051019 12.746066 1.522676
2.175841 12.623783 1.252059
1.790358 13.031928 2.153964
2.189567 12.604156 1.215913
1.927485 12.888277 1.835369
1.939556 12.861639 1.795457
2.029610 12.779398 1.603987
2.165598 12.631109 1.282065
1.722847 13.095510 2.316712
2.007232 12.800205 1.658084
1.908013 12.903003 1.898203
2.159879 12.629752 1.296568
2.162596 12.624557 1.289393
2.169462 12.615741 1.276246
2.181285 12.601520 1.245202
1.880525 12.917939 1.951154
1.800239 13.005858 2.148481
2.143443 12.638811 1.338309
1.937101 12.847315 1.809946
1.800459 12.988730 2.130920
1.792369 12.998783 2.157223
2.122964 12.653423 1.398316
2.220648 12.549268 1.165175
1.771695 13.015333 2.211568
2.061181 12.698467 1.514646
2.209432 12.541264 1.169134
2.100250 12.667964 1.447793
1.951546 12.816193 1.787403
2.055140 12.692778 1.534383
1.935943 12.828185 1.825909
2.187829 12.554929 1.224267
2.196116 12.544781 1.202859
2.179301 12.581474 1.274250
2.051760 12.690223 1.541003
1.750731 13.020235 2.276701
1.795065 12.960373 2.158303
2.163608 12.573744 1.289023
2.052701 12.700982 1.568994
1.953984 12.803214 1.800092
2.077770 12.672278 1.508885
1.789391 12.965393 2.170091
2.168619 12.560028 1.277069
2.051507 12.684097 1.549458
2.025424 12.715767 1.626839
1.927343 12.823980 1.859270
1.936357 12.793352 1.812446
2.160614 12.568221 1.306594
1.722189 13.029563 2.329166
1.997851 12.732574 1.676567
1.905431 12.837005 1.918083
2.149807 12.563738 1.318787
2.155683 12.560484 1.311117
1.877335 12.851466 1.967372
2.161016 12.551228 1.304561
1.800382 12.939392 2.169880
2.137136 12.575205 1.363698
1.936762 12.782196 1.829345
1.795906 12.914954 2.140094
1.786607 12.926990 2.168533
2.112484 12.587764 1.421386
1.773571 12.950140 2.230887
2.050379 12.629275 1.531930
2.095165 12.605112 1.469888
2.050464 12.630477 1.555248
1.942752 12.744278 1.800871
1.932054 12.763316 1.845872
1.749777 12.955529 2.292060
2.043411 12.624556 1.561533
1.790124 12.888786 2.167539
2.043536 12.635112 1.591597
1.784768 12.897329 2.185114
2.067284 12.605701 1.532343
2.041436 12.618988 1.571297
1.952016 12.737706 1.823638
2.029093 12.658482 1.651969
1.936445 12.730631 1.829840
1.717366 12.961576 2.339296
1.925798 12.760852 1.880810
2.001422 12.675329 1.699251
1.900119 12.771462 1.936454
1.878456 12.792500 1.986036
1.935631 12.719631 1.849652
1.798923 12.850579 2.153656
1.794419 12.867875 2.186922
1.787495 12.863526 2.184248
2.038683 12.561765 1.548057
1.767523 12.880493 2.244705
2.091928 12.544410 1.491949
1.946514 12.684018 1.818983
1.928694 12.700798 1.866269
1.747911 12.889760 2.307427
2.006581 12.544041 1.572268
1.792850 12.826555 2.183611
1.783428 12.833914 2.200918
2.036220 12.571393 1.614167
1.937565 12.669858 1.849274
2.015668 12.590608 1.669793
2.063330 12.544754 1.558922
1.926609 12.700385 1.903534
1.952007 12.676130 1.848822
1.992478 12.610105 1.715725
1.898091 12.710567 1.955607
1.876322 12.730732 2.003130
1.924747 12.652302 1.863708
1.786571 12.800673 2.198819
1.800115 12.784987 2.166853
1.791843 12.801877 2.206804
1.763433 12.814781 2.260159
2.042161 12.502766 1.569060
1.948045 12.622895 1.837571
2.029535 12.498990 1.590743
1.929518 12.641254 1.888600
1.743325 12.825360 2.320888
2.030535 12.500229 1.603806
1.791820 12.761923 2.196510
1.786896 12.776683 2.221154
2.032186 12.512319 1.637519
2.010615 12.530502 1.690713
2.031517 12.497784 1.618421
1.928006 12.602336 1.862859
1.920511 12.636491 1.923190
1.992004 12.552605 1.737743
1.941834 12.609232 1.868985
1.902588 12.654386 1.978271
1.877060 12.673051 2.022238
1.927822 12.594547 1.885166
1.782907 12.736445 2.212650
1.802346 12.722258 2.181701
1.788369 12.736645 2.225917
1.761803 12.752600 2.278857
1.928535 12.583231 1.909400
1.742922 12.763935 2.336283
1.791828 12.700153 2.211060
1.781924 12.713572 2.235061
1.912601 12.573207 1.941702
1.896008 12.592724 1.995540
1.939519 12.548673 1.891415
1.878725 12.616446 2.041327
1.908626 12.524961 1.893780
1.787204 12.679426 2.230806
1.803678 12.660293 2.195780
1.783082 12.672023 2.243886
1.761617 12.692923 2.298364
1.908532 12.514359 1.919697
1.794193 12.641043 2.226794
1.784096 12.657467 2.255367
1.913056 12.516773 1.963699
1.891274 12.533209 2.012778
1.872978 12.556815 2.055744
1.787854 12.621788 2.247459
1.805025 12.599249 2.209466
1.783005 12.612311 2.265834
1.760532 12.634009 2.317102
1.779667 12.597625 2.269316
1.794333 12.581983 2.242615
1.874774 12.502918 2.076106
1.771209 12.552749 2.252299
1.758541 12.574946 2.335461
1.778771 12.551470 2.285060
1.778509 12.513151 2.245380
2.162425 13.394790 1.031661
2.172158 13.392274 1.019666
2.191279 13.393747 0.961153
2.172211 13.401263 0.993793
2.217285 13.402286 0.887818
2.189385 13.415314 0.942323
2.055664 13.415746 1.246827
2.121952 13.370283 1.131793
2.045410 13.445628 1.325577
2.154572 13.369870 1.065206
2.157199 13.313962 1.060416
2.158047 13.304099 1.049426
2.076484 13.434615 1.254223
2.064154 13.419995 1.248206
2.180892 13.308046 0.994082
2.178031 13.361332 0.984488
2.171620 13.323084 1.026088
2.211125 13.319570 0.925135
2.101728 13.422816 1.173316
2.185845 13.333193 0.978307
2.054265 13.335421 1.271313
2.213890 13.350945 0.901076
2.116710 13.290380 1.160154
2.066027 13.420392 1.232605
2.043175 13.366892 1.351377
2.200867 13.338104 0.928277
1.935765 13.488717 1.623782
2.138519 13.406234 1.090480
2.146746 13.287535 1.095661
2.151453 13.233560 1.087560
2.156392 13.227674 1.078139
2.054741 13.334342 1.273314
2.070365 13.352689 1.282976
1.960627 13.473645 1.553420
1.949459 13.412548 1.549935
2.174929 13.229682 1.026208
2.164261 13.243109 1.057003
2.175808 13.284513 1.020168
2.069742 13.414776 1.217951
1.979680 13.462313 1.474049
2.196373 13.234706 0.960333
2.102029 13.345734 1.205598
2.174995 13.250603 1.010939
2.057308 13.261510 1.295385
2.205984 13.269659 0.939335
2.115407 13.216378 1.186881
2.066622 13.343041 1.261593
2.243195 13.249207 0.892329
2.039098 13.288741 1.376061
1.930991 13.408333 1.643116
1.951895 13.463634 1.549853
2.199152 13.261802 0.965174
2.016289 13.451371 1.397129
2.140243 13.210500 1.125809
2.148833 13.159728 1.114762
2.134941 13.325957 1.125705
1.948950 13.397887 1.568729
2.155188 13.154533 1.106931
2.061973 13.265257 1.301022
1.955900 13.340385 1.570223
2.068208 13.275743 1.310468
1.958314 13.393139 1.577539
1.803399 13.488386 1.922511
2.169321 13.153753 1.056347
2.157258 13.165569 1.085930
2.167618 13.206137 1.052397
2.070026 13.338614 1.249853
2.194992 13.161762 0.994865
1.988401 13.390216 1.504865
2.093277 13.264146 1.235299
2.178521 13.180957 1.045344
1.784762 13.500515 2.003136
2.062606 13.192153 1.319901
2.115486 13.144917 1.214438
1.946017 13.437738 1.549322
2.197522 13.190635 0.975235
2.066755 13.268800 1.290289
2.039951 13.218431 1.401167
1.931689 13.334465 1.664848
1.947687 13.381008 1.571538
1.815709 13.497834 1.939016
2.220942 13.159537 0.929360
2.189390 13.182020 1.001930
2.021017 13.376152 1.428442
2.134483 13.078110 1.139405
2.135530 13.135670 1.155939
2.141303 13.075266 1.132036
1.949129 13.318979 1.588687
2.125899 13.244640 1.158698
1.837608 13.497855 1.863554
1.953735 13.261543 1.587839
2.058777 13.189138 1.325314
2.068286 13.204270 1.338027
1.960914 13.321393 1.601701
1.803194 13.406065 1.934201
2.159682 13.076552 1.086223
2.148008 13.088947 1.114579
1.796685 13.447856 1.941591
2.167520 13.134875 1.085693
1.798883 13.497060 1.934903
2.065778 13.260665 1.280272
1.871281 13.498396 1.791231
1.786550 13.426610 2.019500
2.177866 13.078824 1.026957
1.983457 13.310046 1.529932
2.091688 13.190415 1.265316
2.175187 13.108658 1.076304
2.060655 13.119563 1.342200
2.111923 13.072763 1.240506
1.947394 13.361549 1.575854
2.051069 13.182795 1.314856
2.196222 13.119467 1.011452
1.933729 13.264975 1.686652
2.034003 13.142714 1.423965
1.953393 13.311294 1.595207
1.813949 13.418629 1.955787
2.211631 13.083045 0.966194
2.140312 13.013822 1.165685
2.181768 13.106864 1.036682
2.133867 13.065639 1.184437
2.144027 13.008950 1.158808
1.952530 13.247492 1.610770
2.010353 13.287910 1.455155
2.122623 13.169572 1.190796
1.842381 13.423417 1.886302
2.061422 13.121034 1.350400
1.960223 13.193012 1.609051
1.960783 13.249132 1.624746
2.056615 13.125929 1.362647
1.805747 13.328812 1.947555
1.800224 13.372541 1.957006
2.162095 13.011423 1.115910
2.153040 13.024413 1.142934
2.152531 13.056552 1.115785
1.801141 13.420059 1.951553
2.069582 13.191668 1.311002
1.873419 13.418833 1.814757
1.799637 13.460423 1.941895
1.787391 13.354380 2.034733
1.982940 13.237205 1.554202
2.175875 13.010908 1.057990
2.057758 13.048647 1.363366
2.085545 13.115819 1.293473
2.163304 13.032369 1.105903
2.113718 13.007190 1.266527
1.951396 13.291417 1.601224
1.933448 13.194630 1.706491
2.061026 13.120625 1.343464
2.034788 13.076103 1.447550
2.180961 13.040495 1.045215
1.810351 13.340005 1.971433
1.953713 13.236858 1.618158
2.202636 13.010825 1.000283
2.139822 12.945557 1.190498
2.143090 12.942861 1.183712
2.133063 12.998551 1.212168
2.174501 13.034142 1.069447
1.946783 13.170651 1.628205
2.010496 13.213676 1.483846
1.835739 13.340005 1.903574
2.112602 13.091785 1.221895
1.956651 13.118953 1.625242
2.059534 13.051143 1.374004
1.960618 13.178720 1.647029
2.067021 13.067035 1.391337
1.810554 13.256112 1.961353
2.156346 12.942883 1.143009
1.798727 13.294929 1.969720
2.145954 12.951509 1.169956
1.801134 13.344895 1.967547
2.155451 12.991939 1.146688
2.065247 13.118340 1.339521
1.801083 13.384101 1.960237
1.786415 13.281809 2.049219
1.865129 13.332240 1.834866
1.976996 13.161482 1.576997
2.175264 12.945529 1.089852
2.056670 12.979013 1.384893
2.089763 13.051951 1.323523
2.161706 12.965041 1.135706
2.106459 12.937113 1.289967
1.928149 13.121069 1.724007
1.951310 13.217321 1.625021
2.036472 13.010596 1.471123
2.062862 13.053205 1.370242
1.811779 13.270069 1.989569
2.177267 12.972163 1.077947
1.947153 13.160694 1.637287
2.196323 12.941902 1.034347
2.139783 12.880570 1.215392
2.143070 12.876957 1.208984
2.128228 12.930189 1.239636
1.947829 13.100162 1.647561
2.170787 12.966730 1.101801
1.839126 13.269431 1.925276
2.004690 13.136969 1.509463
2.113255 13.023543 1.251971
1.952172 13.044731 1.641059
1.956832 13.106699 1.668202
2.061102 12.995868 1.414679
1.694749 13.458856 2.254419
2.056256 12.979656 1.396392
1.810807 13.182547 1.973290
1.802702 13.223827 1.984832
2.154598 12.877478 1.169605
2.145991 12.888289 1.196539
1.803808 13.273028 1.983516
2.148036 12.921144 1.176244
1.784492 13.210913 2.062573
1.798365 13.307497 1.975493
2.061285 13.046527 1.366431
1.866772 13.257639 1.857338
2.171401 12.880039 1.119000
2.059136 12.914686 1.406008
1.980153 13.093893 1.603297
2.081749 12.979784 1.349794
2.157862 12.898629 1.165233
2.108186 12.875235 1.314467
1.929698 13.056541 1.744756
1.944830 13.142928 1.645836
2.035908 12.946004 1.494420
2.054250 12.979675 1.393225
1.813694 13.201574 2.008542
2.172238 12.904923 1.110775
1.948297 13.091054 1.658709
2.134686 12.814204 1.237206
2.142085 12.813643 1.232746
2.187688 12.872128 1.066444
2.122836 12.864082 1.264746
1.948413 13.032776 1.666627
2.163472 12.896790 1.133422
1.838387 13.196733 1.944648
2.007013 13.070976 1.537079
2.053828 12.926711 1.437738
1.949403 13.033987 1.687886
2.053387 12.913287 1.418103
1.954078 12.977193 1.659645
2.109450 12.955283 1.282255
1.809243 13.108643 1.984480
1.694320 13.379493 2.270706
1.807202 13.157774 2.001714
2.154231 12.814608 1.197031
1.803363 13.200064 1.999593
2.144656 12.822555 1.222283
1.788137 13.147373 2.080394
2.145068 12.856751 1.205383
1.802107 13.239348 1.995208
2.055058 12.976549 1.392685
2.053460 12.846034 1.424914
2.164827 12.813114 1.147408
1.971018 13.020762 1.624683
1.865278 13.182859 1.879541
2.080004 12.914371 1.376389
2.103594 12.809381 1.337500
2.149019 12.828081 1.192814
1.924813 12.988110 1.761592
2.027999 12.877332 1.513433
1.945160 13.073964 1.668952
1.801364 13.122736 2.018858
2.052391 12.914330 1.417374
1.946671 13.022737 1.678256
2.171599 12.841397 1.141873
2.126469 12.746740 1.259130
2.137980 12.749229 1.256616
2.186194 12.811117 1.098482
1.944463 12.963604 1.684211
2.119252 12.799254 1.290217
2.160098 12.832737 1.163406
1.835791 13.125534 1.962517
1.947836 12.968365 1.708742
1.960041 12.915471 1.679041
2.054259 12.864075 1.463090
2.053724 12.849805 1.441387
2.000732 12.998305 1.562022
1.815943 13.044457 2.000494
2.106020 12.888534 1.310930
1.808917 13.088517 2.016167
1.694845 13.303926 2.288293
1.801450 13.129180 2.012941
2.136497 12.757775 1.245517
2.150651 12.749788 1.222499
1.783450 13.077809 2.091870
2.146993 12.796583 1.234012
1.804921 13.171952 2.014170
2.053296 12.912054 1.418900
2.049145 12.780835 1.444272
2.166346 12.753290 1.176884
1.923578 12.925831 1.780085
1.972303 12.955599 1.649098
2.095749 12.743417 1.357817
2.077334 12.849709 1.402231
1.861015 13.109404 1.899868
2.149532 12.767230 1.219851
2.033691 12.820415 1.536673
1.813817 13.067589 2.043478
1.944137 13.007010 1.691785
2.053233 12.851359 1.441876
1.947823 12.958561 1.699847
2.166018 12.776421 1.172338
1.948197 12.901871 1.703709
2.112919 12.734829 1.314191
2.181506 12.747240 1.128938
2.158534 12.769964 1.193751
1.947629 12.906195 1.730051
1.947313 12.842463 1.690369
2.053240 12.802595 1.486091
1.834167 13.057208 1.982064
2.044892 12.781891 1.459644
1.813513 12.974006 2.012238
1.998896 12.932037 1.586548
1.806970 13.019489 2.028753
2.098927 12.822011 1.337738
1.788460 13.017730 2.110140
1.800937 13.059914 2.027497
1.698146 13.232503 2.307921
1.798588 13.099207 2.028482
2.051540 12.847569 1.445112
2.050228 12.720371 1.464340
1.924171 12.863912 1.799317
1.969015 12.890486 1.671274
2.068305 12.782910 1.425849
1.855827 13.036703 1.919441
2.025344 12.753936 1.555769
1.810219 13.000829 2.059078
1.942148 12.942646 1.713107
2.043197 12.783537 1.463055
1.944345 12.891749 1.717887
1.949724 12.839211 1.723689
1.949696 12.847651 1.752183
1.946924 12.778614 1.707536
2.046795 12.738236 1.507618
2.042463 12.719737 1.481051
1.829719 12.987518 1.998425
1.807317 12.953171 2.042540
1.813357 12.907182 2.024804
1.786610 12.955002 2.124966
1.798158 12.992482 2.041398
2.094128 12.758199 1.365747
1.994874 12.863927 1.611931
1.800927 13.035843 2.046771
2.048837 12.784753 1.470192
1.927521 12.807047 1.820214
1.965732 12.825382 1.693447
2.070608 12.724249 1.452867
1.856110 12.970509 1.941414
1.806123 12.933566 2.073454
1.936945 12.876335 1.732471
2.046278 12.726038 1.487621
1.940016 12.827458 1.736864
1.943404 12.771963 1.738164
1.941258 12.780316 1.769210
1.952416 12.720928 1.726255
1.828531 12.923399 2.017671
1.782845 12.891083 2.136979
1.807220 12.889034 2.056416
1.820089 12.847546 2.041361
1.802286 12.931320 2.059668
1.990777 12.799501 1.635798
1.799139 12.970356 2.062730
2.041077 12.720557 1.492192
1.918931 12.741625 1.834037
1.962374 12.763961 1.714103
1.807594 12.873652 2.092297
1.939950 12.817052 1.755348
1.855467 12.905066 1.962633
1.938816 12.764284 1.755724
1.940579 12.722180 1.789843
1.785579 12.833767 2.154209
1.829635 12.861986 2.038117
1.806197 12.825651 2.069537
1.821803 12.784692 2.055595
1.801357 12.868778 2.074859
1.983951 12.734558 1.658547
1.797821 12.907228 2.079148
1.805831 12.812709 2.108804
1.934289 12.753850 1.774418
1.849380 12.837663 1.981999
1.784167 12.775247 2.168731
1.814912 12.769904 2.090210
1.828921 12.800231 2.057818
1.820748 12.723158 2.067955
1.803223 12.809455 2.092471
1.798366 12.848060 2.097239
1.804033 12.753610 2.124551
1.857026 12.781019 2.008418
1.784584 12.717082 2.183992
1.813451 12.708708 2.103416
1.825845 12.739458 2.074797
1.809187 12.754103 2.111649
1.822936 12.662666 2.082645
1.796589 12.788038 2.113363
1.808773 12.699270 2.146272
1.851782 12.717480 2.026634
1.787872 12.663896 2.203365
1.804625 12.644356 2.111960
1.803190 12.691115 2.123375
1.823762 12.680633 2.093833
1.822375 12.602576 2.095839
1.799935 12.732092 2.133871
1.802426 12.639310 2.160156
1.846114 12.655204 2.045317
1.785523 12.607054 2.216749
1.790248 12.578113 2.116183
1.802307 12.633116 2.139084
1.824894 12.624679 2.114418
1.814460 12.539326 2.104346
1.797228 12.673739 2.148837
1.799800 12.582737 2.176800
1.785074 12.553256 2.232146
1.845974 12.597590 2.067116
1.781901 12.516144 2.125160
1.823311 12.567309 2.134265
1.807084 12.624408 2.174537
1.798976 12.527453 2.193816
1.841291 12.538202 2.087451
1.801349 12.499969 2.138808
1.778493 12.551459 2.171036
2.129468 13.408375 1.044108
2.055070 13.364804 1.143686
2.102890 13.358422 1.115673
2.124017 13.334752 1.070485
1.982483 13.402619 1.346206
2.041543 13.383386 1.272200
2.054645 13.296148 1.168042
2.100830 13.289325 1.141802
2.119349 13.263183 1.096408
2.056480 13.370249 1.139079
1.945659 13.438441 1.517999
2.119922 13.354837 1.065561
2.133940 13.340079 1.036949
1.983554 13.333509 1.366749
2.031375 13.307788 1.294854
2.060688 13.368117 1.214908
2.057682 13.231110 1.192554
2.093868 13.218584 1.167507
1.978203 13.399444 1.362485
2.114026 13.195605 1.121609
2.054942 13.301728 1.166423
1.944948 13.370724 1.539531
2.118911 13.286876 1.094101
2.140077 13.351739 1.003765
2.144304 13.344324 0.991115
2.129076 13.268862 1.066199
2.059441 13.377205 1.120458
1.876254 13.390377 1.663034
1.987232 13.269616 1.388784
1.824325 13.481571 1.852197
2.038838 13.248401 1.321525
1.973015 13.422461 1.462527
2.057908 13.166339 1.215706
2.064432 13.303647 1.243095
2.088433 13.360096 1.150456
2.095137 13.154942 1.193047
1.980832 13.332041 1.386653
2.118372 13.133178 1.146891
2.057188 13.237378 1.192672
1.939266 13.299538 1.559002
2.111229 13.215914 1.121946
1.870716 13.445936 1.674724
2.138866 13.284113 1.035608
2.128386 13.204192 1.094738
2.147536 13.279613 1.023845
2.058486 13.308334 1.149402
1.975080 13.395403 1.364398
2.168777 13.351242 0.943766
2.171280 13.347366 0.939459
1.877431 13.321863 1.679913
1.990905 13.205730 1.410823
1.816079 13.406669 1.866109
2.038590 13.184880 1.345111
1.968967 13.352044 1.485966
2.066625 13.382039 1.103549
1.991075 13.403858 1.395509
2.063358 13.106519 1.239270
2.058309 13.234042 1.268768
1.837340 13.454819 1.792085
2.081727 13.288442 1.179036
1.982348 13.267141 1.409268
1.726020 13.423895 2.037156
1.941484 13.237596 1.580749
2.057539 13.173510 1.217855
2.114977 13.154177 1.151378
1.869801 13.375506 1.692581
2.130008 13.214178 1.066014
2.123583 13.137188 1.121150
2.114959 13.337745 1.080729
2.138226 13.208209 1.053464
2.059552 13.245017 1.178211
1.975157 13.327337 1.389980
2.164693 13.282392 0.978300
1.880367 13.257430 1.698313
1.820237 13.345735 1.884821
1.993929 13.143104 1.430879
2.166348 13.277390 0.974058
2.039193 13.122501 1.368644
1.963355 13.282670 1.507084
2.065866 13.313173 1.134941
1.988991 13.334790 1.421671
2.052054 13.166267 1.293648
1.841495 13.391505 1.815294
1.862691 13.426805 1.687584
2.078021 13.221656 1.208220
1.978066 13.391501 1.370310
1.864955 13.448060 1.732932
1.724939 13.474014 2.057869
1.982950 13.202038 1.431554
1.735398 13.362484 2.053806
2.018876 13.379027 1.329754
1.945921 13.178483 1.603567
2.058740 13.110784 1.242983
1.867388 13.305213 1.708520
2.130756 13.150311 1.096094
1.662283 13.445300 2.267118
2.137600 13.145369 1.083657
2.108908 13.267563 1.112548
2.059183 13.180930 1.205503
1.817668 13.279994 1.901194
1.980393 13.265139 1.415590
1.882720 13.193352 1.715131
1.989371 13.077265 1.449899
2.148652 13.206507 1.011315
2.151089 13.203537 1.006607
1.964008 13.219387 1.531009
1.684892 13.498189 2.201185
2.060987 13.244693 1.165442
1.987295 13.268117 1.448230
2.061213 13.111871 1.321447
1.841349 13.325850 1.833933
1.864452 13.360667 1.707298
2.077256 13.157922 1.236369
1.979968 13.326600 1.397813
1.865657 13.381147 1.756003
1.731705 13.410127 2.074311
1.978979 13.135848 1.452161
1.743409 13.299397 2.069340
1.939973 13.113683 1.622695
2.014380 13.307491 1.358160
1.661461 13.380572 2.278014
1.867648 13.239223 1.726317
2.104487 13.200560 1.143846
2.057050 13.115517 1.232531
1.893747 13.429812 1.672018
1.812687 13.214169 1.915310
1.981056 13.201853 1.439522
1.883764 13.129413 1.732473
2.149986 13.145017 1.044229
1.967728 13.160060 1.555940
2.150727 13.139795 1.039650
1.686288 13.431179 2.216402
1.706340 13.494073 2.139241
1.862017 13.408607 1.703550
2.063424 13.183084 1.195392
1.986713 13.204052 1.473078
1.722216 13.447536 2.072714
1.840412 13.260901 1.854284
1.865299 13.294327 1.726684
1.729211 13.340421 2.084107
1.977758 13.259364 1.423187
1.862247 13.311899 1.776946
1.982914 13.076181 1.473808
1.943367 13.056187 1.644388
1.739479 13.228931 2.077619
1.662464 13.319016 2.290832
2.011516 13.239133 1.386046
1.874629 13.180786 1.747709
1.815343 13.156114 1.933356
2.100000 13.134482 1.174752
1.889234 13.357954 1.694680
1.974930 13.134664 1.460712
1.881482 13.065166 1.747220
1.962374 13.094921 1.576668
1.688466 13.368930 2.232400
1.858031 13.339687 1.722902
1.713415 13.431107 2.160170
2.064485 13.122522 1.225463
1.993705 13.145951 1.500219
1.719734 13.485318 2.075469
1.719063 13.376703 2.085017
1.837913 13.196991 1.872313
1.864772 13.229032 1.746192
1.732607 13.482075 2.078120
1.735060 13.279059 2.101466
1.980313 13.198338 1.449439
1.861385 13.246045 1.797706
1.743830 13.167708 2.093059
2.013416 13.176987 1.414810
1.870188 13.115532 1.763032
1.819888 13.100325 1.953724
1.979445 13.077379 1.485192
1.888702 13.290278 1.718686
1.883250 13.004189 1.763712
1.682944 13.299843 2.244082
1.861223 13.277081 1.745399
1.713700 13.364238 2.178358
1.984042 13.078808 1.522110
1.719842 13.418424 2.091212
1.727652 13.318716 2.104627
1.837568 13.136812 1.891010
1.870445 13.170725 1.768104
1.730814 13.410564 2.096049
1.731129 13.211318 2.110991
1.973465 13.130938 1.472741
1.859084 13.182138 1.818186
1.747664 13.105933 2.107320
1.873844 13.056800 1.781836
2.014665 13.116099 1.441590
1.815170 13.038720 1.967446
1.347622 12.610504 1.524082
1.886794 13.223649 1.742813
1.685968 13.241463 2.261270
1.857495 13.212378 1.764351
1.702838 13.289299 2.187586
1.717143 13.351788 2.105550
1.723847 13.251875 2.116192
1.834941 13.074739 1.908253
1.863849 13.104475 1.784012
1.734504 13.150785 2.125701
1.723997 13.336500 2.111512
1.975823 13.072656 1.497805
1.854039 13.117586 1.837660
1.748693 13.044415 2.120174
1.871559 12.995292 1.797835
1.812796 12.980850 1.984277
1.685796 13.180966 2.276665
1.884756 13.158845 1.766146
1.866491 13.157120 1.790113
1.704293 13.229580 2.206950
1.718945 13.289891 2.122419
1.730149 13.194720 2.135594
1.834072 13.016739 1.927013
1.867046 13.046997 1.803272
1.736052 13.089826 2.139743
1.857025 13.060461 1.860214
1.727152 13.273938 2.134009
1.744694 12.980342 2.130560
1.344249 12.608274 1.552218
1.811669 12.923771 2.000200
1.681843 13.118694 2.288677
1.881221 13.094176 1.787560
1.860352 13.092345 1.806815
1.719769 13.228692 2.138558
1.700147 13.164927 2.221017
1.728041 13.132873 2.148284
1.832809 12.959096 1.946633
1.864887 12.986403 1.821318
1.737141 13.030126 2.154243
1.850937 12.997526 1.878563
1.724245 13.207689 2.151660
1.750750 12.924128 2.147145
1.803621 12.864600 2.012575
1.683950 13.062845 2.306788
1.882121 13.035149 1.811103
1.856035 13.030744 1.825438
1.720652 13.169320 2.156344
1.701021 13.105573 2.238806
1.728282 13.072043 2.162848
1.827700 12.900579 1.962466
1.736339 12.970901 2.167674
1.848832 12.938761 1.898255
1.722247 13.144393 2.170895
1.809803 12.814728 2.033688
1.750346 12.864575 2.159734
2.003808 12.593732 1.549717
1.853872 12.972877 1.844738
1.723172 13.113114 2.173619
1.876750 12.972790 1.833106
1.732688 13.018106 2.182447
1.829508 12.846897 1.983112
1.704820 13.049617 2.261310
1.737818 12.913596 2.182595
1.850376 12.883607 1.920566
1.808604 12.761298 2.050490
1.749476 12.806282 2.172805
1.722460 13.083925 2.191225
1.864311 12.762148 1.863461
1.989253 12.535208 1.564737
1.964672 12.548969 1.607666
1.850718 12.915698 1.863319
1.722084 13.055126 2.189965
1.729130 12.958220 2.194894
1.826212 12.791553 2.000895
1.701043 12.990084 2.277048
1.852397 12.810605 1.870298
2.020141 12.583193 1.521104
1.915482 12.601391 1.786989
1.738763 12.858443 2.197574
1.847735 12.827013 1.940344
1.805635 12.706531 2.067025
2.029736 12.531895 1.457183
1.750886 12.749897 2.187346
1.865935 12.708467 1.881692
1.722204 13.024711 2.212012
1.893788 12.616762 1.720392
1.852527 12.862003 1.883981
1.722366 12.998838 2.207442
1.731509 12.903848 2.211399
1.821484 12.735437 2.017157
1.702872 12.935505 2.298096
1.860085 12.760615 1.893382
1.992054 12.521376 1.533491
1.897450 12.541656 1.797350
1.738861 12.802179 2.212626
1.965222 12.559422 1.646696
1.803389 12.654697 2.082695
2.028884 12.569577 1.479550
1.844116 12.771112 1.959388
1.854176 12.649347 1.892368
1.755038 12.696891 2.204143
1.721490 12.966756 2.233256
2.012704 12.535782 1.462344
1.926640 12.579605 1.755882
1.876159 12.546304 1.890408
1.726301 12.946156 2.227514
1.855252 12.808538 1.904990
1.731146 12.848825 2.226896
1.820929 12.683487 2.037203
1.862177 12.794907 1.895003
1.701771 12.880270 2.315695
1.854852 12.703933 1.908463
1.930548 12.606690 1.689333
1.903717 12.493617 1.820167
1.740266 12.748510 2.228405
1.959616 12.505809 1.663886
1.801728 12.602535 2.099964
1.843300 12.717693 1.981092
1.840523 12.590704 1.901971
1.717910 12.907244 2.251452
1.905929 12.521022 1.766870
1.942563 12.558552 1.664164
1.940934 12.626335 1.621867
1.719996 12.888341 2.240195
1.865256 12.488334 1.901037
1.850142 12.752758 1.922109
1.730785 12.793811 2.242401
1.817508 12.629977 2.054199
1.865215 12.742368 1.920505
1.850529 12.650194 1.925123
1.925643 12.553647 1.710153
2.020749 12.545326 1.475799
1.738475 12.692727 2.242391
1.836874 12.662058 1.998731
1.867882 12.549522 1.934202
1.716154 12.850897 2.271566
1.944731 12.508165 1.684850
1.968038 12.586407 1.656999
1.723410 12.837825 2.260326
1.845487 12.698456 1.940021
1.724873 12.738391 2.255479
1.793260 12.568374 2.058894
1.825843 12.587108 1.929032
1.860360 12.685703 1.940481
1.723113 12.631505 2.246379
1.946200 12.564471 1.694749
1.828037 12.606331 2.014109
1.857952 12.493584 1.946808
1.752028 12.530577 2.247997
1.712571 12.794121 2.291011
1.718413 12.782619 2.273741
1.936354 12.522820 1.668437
1.836656 12.642720 1.955397
1.729602 12.687767 2.275112
1.799044 12.521596 2.082156
1.856520 12.548965 1.965111
1.853215 12.629857 1.960235
1.948490 12.514994 1.717479
1.812796 12.549082 2.027123
1.719935 12.732581 2.292805
1.711393 12.740168 2.313967
1.846195 12.493373 1.978571
1.827596 12.566915 1.969549
1.734474 12.532530 2.287982
1.787701 12.489083 2.033126
1.839498 12.543900 1.996462
1.839650 12.521122 1.998889
1.839352 12.494342 2.016921
2.133924 13.361981 1.052277
2.122468 13.361847 1.082073
2.054504 13.381372 1.185471
2.146821 13.371103 1.016200
2.067118 13.364048 1.227335
2.146797 13.366115 1.027483
2.134324 13.290399 1.079051
2.122005 13.289152 1.108875
2.055328 13.384668 1.181110
2.045380 13.301837 1.207370
1.972842 13.390645 1.429180
2.160945 13.380662 0.965321
2.161878 13.361961 0.958969
2.089971 13.353209 1.165042
1.981672 13.394855 1.469113
2.144789 13.296118 1.045497
2.054558 13.282757 1.250648
2.141673 13.289949 1.056962
2.120959 13.209772 1.104072
2.059534 13.392990 1.162345
2.112156 13.212072 1.134165
2.049889 13.308622 1.205719
2.053113 13.236178 1.231768
2.180027 13.384610 0.913087
1.863302 13.479665 1.781027
2.151405 13.405010 0.981885
1.969721 13.314467 1.447904
2.194616 13.361123 0.888064
2.118307 13.348602 1.093539
2.159546 13.307063 0.997886
2.009955 13.383439 1.407241
2.163080 13.291711 0.991451
1.968659 13.380619 1.445194
2.079359 13.273174 1.191120
1.971056 13.316448 1.488708
2.130232 13.216479 1.073087
1.853626 13.424311 1.762874
2.063235 13.219995 1.276703
2.130727 13.212027 1.085575
2.123840 13.144319 1.129633
2.051715 13.312629 1.189855
2.106652 13.140585 1.159318
2.054184 13.241198 1.231536
2.052629 13.168740 1.253018
1.885840 13.461952 1.717742
1.843454 13.469289 1.769967
2.178865 13.312730 0.949775
1.856885 13.400599 1.795820
1.972278 13.246440 1.467293
2.145355 13.327943 1.017131
2.059286 13.418011 1.230958
2.028259 13.366043 1.334839
2.103036 13.265097 1.122296
2.187247 13.284187 0.923813
2.145252 13.225533 1.028673
1.965619 13.306223 1.465606
1.999137 13.301702 1.429203
2.150168 13.211831 1.023415
2.084195 13.208978 1.219446
1.975068 13.251844 1.510957
2.136842 13.153598 1.101733
1.850640 13.344333 1.774947
1.957159 13.365041 1.443568
2.058965 13.150219 1.300600
1.696558 13.505031 2.163585
2.132865 13.146320 1.113227
2.119564 13.074545 1.153527
1.908673 13.452770 1.648950
2.057962 13.246466 1.218434
2.063890 13.320354 1.176217
2.106759 13.075469 1.183454
2.054436 13.173325 1.256808
2.056283 13.103565 1.276496
1.885002 13.388549 1.737626
1.849577 13.401196 1.788705
1.863501 13.336657 1.816689
2.166988 13.233901 0.984154
1.971734 13.174561 1.485559
2.140440 13.254429 1.050363
2.019807 13.287924 1.360016
2.058723 13.343773 1.261822
2.108039 13.200845 1.153061
1.706236 13.471742 2.188035
2.146289 13.158984 1.059647
2.180264 13.210553 0.959635
1.969219 13.239263 1.487408
1.999756 13.234418 1.453247
1.846437 13.451988 1.782792
1.974617 13.184432 1.532213
2.080959 13.140261 1.245756
2.150293 13.145084 1.054039
1.857076 13.277764 1.792073
2.127393 13.079827 1.127101
1.967692 13.302685 1.470332
2.062182 13.086297 1.324556
1.703661 13.431562 2.174338
2.119876 13.072617 1.139255
2.120079 13.009113 1.176807
1.938350 13.437465 1.579883
1.912031 13.383383 1.672747
1.970095 13.365749 1.451722
2.057423 13.179254 1.245421
2.105098 13.009059 1.207268
2.063140 13.249795 1.205571
2.054956 13.107882 1.280095
2.057556 13.038391 1.297692
1.879138 13.312723 1.754934
1.844844 13.322603 1.801767
1.861927 13.267333 1.833481
1.732914 13.462568 2.129221
2.163719 13.164467 1.016575
1.973304 13.108198 1.503844
1.694011 13.470078 2.186519
1.710708 13.404839 2.202031
2.132797 13.180339 1.082546
2.021558 13.219872 1.387226
2.104971 13.132071 1.181811
2.048662 13.264285 1.289118
2.140122 13.089029 1.088578
2.173950 13.139024 0.992616
2.000760 13.170425 1.477365
1.966925 13.168764 1.506662
1.975863 13.120178 1.553037
1.834983 13.367798 1.793715
2.083430 13.076085 1.271801
2.143728 13.075463 1.083826
2.130277 13.018013 1.153595
1.854855 13.204372 1.804294
2.060790 13.022308 1.346387
1.965562 13.232118 1.492027
1.703856 13.356186 2.181436
2.124591 13.011205 1.166448
1.905420 13.307300 1.692146
1.693748 13.509050 2.185363
1.750150 13.457618 2.058515
1.937898 13.363036 1.605025
1.965063 13.290326 1.475114
2.112257 12.951056 1.231941
2.059944 13.114158 1.271847
2.055956 13.043901 1.304209
1.842362 13.422250 1.792467
2.059709 12.974348 1.318861
2.065517 13.183130 1.236047
1.889468 13.254975 1.779815
1.857056 13.197813 1.847641
1.849514 13.254732 1.818574
1.731181 13.390611 2.142280
1.978468 13.047167 1.524082
2.160931 13.096498 1.049823
1.712398 13.338266 2.214602
1.694775 13.394311 2.195204
2.123244 13.107702 1.113276
2.023226 13.153666 1.413683
2.100039 13.063833 1.209485
2.140527 13.024732 1.117217
2.049668 13.195981 1.318419
2.168936 13.070992 1.026019
1.999528 13.103693 1.500334
1.969539 13.103468 1.527361
1.975759 13.056987 1.573990
1.846610 13.307225 1.816789
2.076466 13.008436 1.295959
2.139261 13.008674 1.112325
1.860771 13.140911 1.821144
2.127783 12.953191 1.178745
2.063488 12.961493 1.370068
1.966558 13.165442 1.514844
1.713270 13.290888 2.195951
2.125662 12.949011 1.192244
1.781194 13.453857 1.993797
1.697862 13.438869 2.199294
1.751844 13.386733 2.076268
1.907794 13.239581 1.714839
1.967537 13.223453 1.499866
1.936449 13.290257 1.629063
2.054762 13.047813 1.296333
2.053709 12.978810 1.326071
1.849097 13.356481 1.814100
1.882568 13.181731 1.795644
1.854444 13.131066 1.862953
2.058395 13.111214 1.262955
1.851005 13.187525 1.834810
1.735437 13.324009 2.159575
1.971016 12.977027 1.539628
1.713653 13.272962 2.227655
2.149979 13.025848 1.080307
1.703744 13.330258 2.210204
2.025677 13.090427 1.439364
2.099502 13.000277 1.237406
2.123825 13.043361 1.144361
2.135110 12.958680 1.144996
1.998214 13.038813 1.522556
1.975153 12.993287 1.593746
1.970289 13.038711 1.546991
2.157983 13.000345 1.056506
2.048462 13.127636 1.347883
1.846370 13.237784 1.833092
2.081067 12.949801 1.322032
2.142747 12.949190 1.141717
1.693063 13.466968 2.193230
1.862524 13.076142 1.835400
1.965224 13.097860 1.535768
1.720301 13.225591 2.208197
1.784070 13.381289 2.015109
1.697744 13.365601 2.208954
1.965918 13.157049 1.523714
1.755800 13.318624 2.095188
1.903360 13.168129 1.734650
2.049993 12.981164 1.319977
1.929060 13.214862 1.650193
1.858587 13.072604 1.881732
1.841785 13.280859 1.829505
1.882424 13.116777 1.814939
1.851028 13.120519 1.849131
2.056082 13.046339 1.290568
1.738639 13.259948 2.175402
1.716249 13.210211 2.241521
1.970198 12.914298 1.556576
1.708596 13.263963 2.222990
2.145643 12.959934 1.110886
2.020005 13.023572 1.462663
2.094800 12.935399 1.262731
2.125186 12.981971 1.174674
1.999458 12.978189 1.544326
1.975840 12.933062 1.613934
1.970552 12.976117 1.566730
2.156713 12.939219 1.087827
1.847522 13.169994 1.850580
2.051082 13.064337 1.376013
1.697674 13.400922 2.209314
1.864803 13.011908 1.850868
1.966914 13.035984 1.557065
1.717240 13.152730 2.213987
1.702665 13.301073 2.223425
1.779056 13.304828 2.030740
1.748701 13.243667 2.106925
1.960234 13.087498 1.545713
1.905681 13.104958 1.757911
1.860095 13.011723 1.900216
2.049613 12.919175 1.343861
1.843006 13.214834 1.848679
1.878582 13.051947 1.832457
1.932433 13.149132 1.674937
1.857455 13.061206 1.868134
2.059425 12.986909 1.317537
1.712781 13.143975 2.250400
1.730886 13.187221 2.184799
1.700029 13.187211 2.225379
2.015162 12.958761 1.485556
1.962574 12.909057 1.582016
1.990897 12.910825 1.564136
1.851302 13.108248 1.869291
2.045581 12.997431 1.401751
1.698689 13.333179 2.224377
1.866997 12.949514 1.865581
1.966838 12.972811 1.578039
1.719719 13.086457 2.224488
1.707201 13.236892 2.238752
1.776771 13.232589 2.048349
1.858652 12.951222 1.914836
1.967444 13.029512 1.570416
1.755763 13.183054 2.127896
1.901542 13.038630 1.777041
1.844658 13.151185 1.868304
1.879745 12.990485 1.852175
1.858385 12.998023 1.883733
1.927170 13.079267 1.696085
1.719048 13.088336 2.267900
2.054346 12.922375 1.343724
1.738676 13.130474 2.204609
1.711765 13.130074 2.243676
2.013844 12.897505 1.508717
1.849587 13.042631 1.884598
1.700015 13.266951 2.237830
2.039480 12.931840 1.425530
1.866906 12.885294 1.878768
1.959037 12.905702 1.595767
1.722577 13.023466 2.235063
1.703776 13.167051 2.246710
1.858255 12.891795 1.931868
1.777164 13.165483 2.067557
1.963887 12.965493 1.592434
1.757797 13.120015 2.146292
1.882154 12.933418 1.871939
1.898750 12.974876 1.796973
1.845408 13.087352 1.887579
1.717919 13.026656 2.279614
1.855151 12.933527 1.896728
1.737809 13.066905 2.219517
1.929678 13.016061 1.721786
1.713878 13.066826 2.256341
1.856108 12.985112 1.905288
1.704584 13.205467 2.254465
1.870009 12.826725 1.894762
1.727397 12.961748 2.248400
1.710085 13.107811 2.263288
1.858636 12.835318 1.948118
1.880499 12.873212 1.889856
1.719516 12.969184 2.293307
1.841478 13.021674 1.903047
1.751591 13.052510 2.160236
1.965685 12.905426 1.615417
1.900914 12.915403 1.818726
1.861069 12.877323 1.915456
1.775343 13.098326 2.086921
1.736802 13.006087 2.233294
1.927974 12.952456 1.744507
1.713089 13.003046 2.265521
1.847446 12.918514 1.916566
1.706421 13.143398 2.270051
1.873176 12.767257 1.911135
1.730349 12.900557 2.260661
1.714526 13.049098 2.278789
1.854552 12.776033 1.963376
1.872898 12.810383 1.904847
1.847166 12.965738 1.925072
1.755451 12.993499 2.180261
1.856895 12.813570 1.927727
1.733063 12.944686 2.246022
1.778946 13.036894 2.108935
1.924405 12.889381 1.766152
1.723917 12.949341 2.284398
1.853445 12.864089 1.936980
1.866117 12.705665 1.921222
1.730051 12.838251 2.270669
1.853992 12.720291 1.978902
1.873415 12.754781 1.923161
1.845926 12.905200 1.942141
1.756011 12.934284 2.197656
1.738177 12.890076 2.266093
1.857796 12.754952 1.943882
1.778785 12.973818 2.127491
1.850734 12.803755 1.952116
1.855342 12.666730 1.996814
1.729265 12.778112 2.280778
1.874462 12.699718 1.942683
1.849759 12.849801 1.963092
1.733496 12.829413 2.278098
1.754805 12.873773 2.214731
1.861821 12.700208 1.961161
1.902731 12.742400 1.882043
1.774062 12.909761 2.144300
1.851198 12.746386 1.968752
1.853418 12.584164 1.942581
1.851093 12.611127 2.010567
1.740649 12.724970 2.300865
1.849775 12.793667 1.980208
1.867214 12.641107 1.957375
1.735322 12.774610 2.295542
1.850210 12.637641 1.969506
1.756843 12.817997 2.234990
1.777676 12.851969 2.167247
1.852141 12.690468 1.986218
1.865208 12.533384 1.963112
1.856596 12.559817 2.030711
1.842582 12.734128 1.995284
1.865837 12.586962 1.974241
1.739923 12.723095 2.315342
1.839078 12.576529 1.978681
1.753680 12.759847 2.250236
1.885759 12.622692 1.913575
1.773864 12.791736 2.185338
1.698955 12.843025 2.335190
1.717396 12.756996 2.346709
1.840402 12.499886 2.038238
1.843141 12.678547 2.013609
1.850774 12.526258 1.984935
1.857374 12.531598 2.004652
1.751049 12.702237 2.266691
1.892864 12.572058 1.937711
1.712916 12.649714 2.335913
1.694153 12.785112 2.346072
1.771447 12.733155 2.204608
1.699465 12.690142 2.345586
1.752626 12.648645 2.287057
1.872416 12.508338 1.947066
1.769391 12.675167 2.222648
1.847467 12.525744 2.033943
1.757032 12.597427 2.310158
1.772581 12.622255 2.247010
1.881896 12.473814 1.901790
1.837726 12.517181 2.064364
1.733819 12.532046 2.310686
1.744541 12.553469 2.247781
1.760782 12.508666 2.282092
2.117092 13.355869 1.077351
2.102680 13.368434 1.110281
2.050999 13.400592 1.203395
2.082469 13.387200 1.170050
2.042091 13.396289 1.217384
2.105911 13.362412 1.122876
2.040128 13.390676 1.234321
2.061020 13.394589 1.226712
2.092056 13.360403 1.166976
2.043548 13.402163 1.273349
2.018898 13.429365 1.335706
2.113233 13.292688 1.110101
2.101939 13.305652 1.143282
2.046682 13.334992 1.233314
1.960370 13.413202 1.420193
1.960921 13.415649 1.425465
2.080384 13.321754 1.199862
2.040349 13.331403 1.245941
1.960053 13.413107 1.432082
2.095045 13.293632 1.151926
2.035647 13.324121 1.259753
2.057986 13.327970 1.254122
2.084934 13.294039 1.193362
2.044458 13.339847 1.304618
2.011898 13.361199 1.362908
1.990298 13.379128 1.421106
1.910589 13.456394 1.614209
1.936923 13.426433 1.555078
1.886211 13.474482 1.670900
2.046547 13.274240 1.263397
1.965242 13.353834 1.445089
1.967236 13.356216 1.452338
2.067984 13.253951 1.226523
2.037982 13.267741 1.272477
1.960346 13.350181 1.459692
2.036678 13.262318 1.284877
2.058984 13.267992 1.280870
1.836629 13.445646 1.730489
2.036455 13.274179 1.332676
2.017762 13.303942 1.392250
1.991302 13.317323 1.446221
1.912886 13.394488 1.638837
1.845920 13.404544 1.712822
1.934183 13.360384 1.581225
1.883220 13.408370 1.692137
1.966201 13.291106 1.468168
1.432635 12.831665 1.155947
1.962919 13.292039 1.475688
1.840212 13.394693 1.730794
1.958295 13.287086 1.484968
1.423115 12.820799 1.167567
1.835271 13.381836 1.751622
2.004819 13.234639 1.415671
1.760979 13.473457 1.965576
1.786796 13.449325 1.912155
1.988280 13.254885 1.470726
1.907247 13.328581 1.661031
1.851056 13.344821 1.734424
1.886251 13.348522 1.716302
1.932111 13.297294 1.606499
1.967828 13.231334 1.490375
1.349477 12.700055 1.092078
1.357036 12.745296 1.158815
1.967205 13.234835 1.500605
1.843120 13.334822 1.752506
1.329354 12.727596 1.156647
1.328661 12.705825 1.123325
1.963516 13.231058 1.512285
1.696008 13.456952 2.057704
1.314600 12.713916 1.158314
1.329095 12.718361 1.157976
1.842555 13.325926 1.776359
1.314780 12.749349 1.236143
1.322014 12.726086 1.197948
1.761377 13.410146 1.987427
1.689727 13.436383 2.078660
1.318433 12.772859 1.277489
1.786849 13.385458 1.935261
1.740010 13.426772 2.040287
1.903794 13.264667 1.684743
1.846421 13.279674 1.750829
1.881308 13.283743 1.735997
1.934415 13.238174 1.634803
1.382587 12.667458 1.095287
1.297434 12.750140 1.286909
1.300605 12.756981 1.296513
1.365868 12.670677 1.115306
1.685030 13.413955 2.102421
1.843405 13.273324 1.773549
1.355876 12.683551 1.148003
1.307199 12.760639 1.308026
1.373242 12.669040 1.117420
1.697916 13.393154 2.073341
1.347156 12.689441 1.179477
1.373268 12.671824 1.140314
1.833109 13.259925 1.794235
1.330248 12.719715 1.259000
1.690230 13.373585 2.094357
1.758535 13.346420 2.006581
1.334869 12.694820 1.220132
1.335654 12.742784 1.299036
1.782837 13.320032 1.955721
1.736148 13.362770 2.056624
1.887405 13.194007 1.700966
1.842608 13.215686 1.767189
1.880197 13.223246 1.757108
1.411108 12.843860 1.443794
1.311489 12.718743 1.306167
1.315202 12.725274 1.317384
1.685890 13.354474 2.120527
1.837289 13.210085 1.789605
1.325277 12.732639 1.331559
1.697484 13.329188 2.086645
1.349277 12.656142 1.199343
1.835897 13.202806 1.817167
1.363230 12.700395 1.286646
1.691053 13.313183 2.110433
1.764806 13.291178 2.030538
1.366086 12.720925 1.326419
1.374538 12.678716 1.251110
1.734399 13.301658 2.074064
1.784494 13.260309 1.980359
1.311974 12.772204 1.461967
1.293267 12.794619 1.512587
1.318667 12.799749 1.506806
1.321670 12.746417 1.424911
1.348410 12.700962 1.334015
1.680498 13.291455 2.134474
1.347352 12.704808 1.345080
1.286740 12.789639 1.529318
1.342999 12.704084 1.356347
1.698739 13.268453 2.101888
1.289661 12.787715 1.550882
1.391946 12.677145 1.313724
1.698015 13.259066 2.131886
1.756999 13.225659 2.046686
1.381155 12.689800 1.348502
1.736130 13.244266 2.094171
1.779429 13.196461 1.999638
1.311195 12.755559 1.519043
1.285359 12.748020 1.522001
1.309036 12.730183 1.478057
1.684762 13.236605 2.154837
1.326785 12.708444 1.445896
1.368161 12.675722 1.368093
1.284538 12.746901 1.541283
1.701678 13.210944 2.119072
1.356341 12.671576 1.378117
1.282610 12.743190 1.562280
1.694701 13.198011 2.144904
1.731536 13.184234 2.109702
1.755687 13.166984 2.066962
1.780429 13.139795 2.023880
1.302354 12.710546 1.529718
1.287070 12.708655 1.535794
1.317044 12.695297 1.498055
1.681335 13.178280 2.169063
1.334370 12.673901 1.466734
1.288081 12.708959 1.557838
1.700987 13.151534 2.132771
1.288808 12.707810 1.581547
1.693146 13.139286 2.160276
1.732218 13.128412 2.128626
1.750312 13.106749 2.084588
1.306295 12.674089 1.547064
1.777869 13.080329 2.045052
1.293665 12.672012 1.552193
1.332201 12.664208 1.522587
1.681032 13.123116 2.187205
1.291081 12.671329 1.572784
1.352696 12.644139 1.493560
1.699791 13.093373 2.146897
1.294538 12.671848 1.599619
1.691012 13.082707 2.175659
1.734191 13.074329 2.148704
1.745686 13.048566 2.101753
1.340049 12.652678 1.579612
1.323861 12.647795 1.581665
1.356585 12.638852 1.550718
1.771639 13.020789 2.064359
1.682021 13.069691 2.206499
1.697697 13.034976 2.160664
1.808179 12.911940 1.906543
1.692865 13.028605 2.193286
1.727218 13.015973 2.163528
1.745082 12.993787 2.123197
1.991722 12.752441 1.564997
1.857125 12.878517 1.873846
1.826131 12.867292 1.867257
1.872225 12.856493 1.832011
1.768891 12.964965 2.086331
1.679379 13.014363 2.222308
1.827944 12.870996 1.901515
2.059185 12.665352 1.415331
1.900970 12.828560 1.796135
1.982473 12.696228 1.512822
2.043449 12.674355 1.445463
1.702248 12.981616 2.179387
1.995294 12.694685 1.506905
2.021852 12.684051 1.475866
1.908922 12.766964 1.683014
2.043958 12.662106 1.430424
1.988093 12.681247 1.497977
2.016264 12.691236 1.509627
1.821610 12.868344 1.935407
2.043729 12.658827 1.449715
1.691555 12.973186 2.208627
1.727319 12.962313 2.182472
1.957521 12.718762 1.622670
1.955499 12.740230 1.665521
1.749756 12.943211 2.148034
1.986727 12.699214 1.588328
1.863024 12.829648 1.897402
1.832963 12.816850 1.889556
1.679320 12.962502 2.240418
1.873433 12.804049 1.855832
1.763876 12.908072 2.106380
1.908116 12.699758 1.653067
1.825395 12.816615 1.919389
1.905550 12.707771 1.676028
2.063520 12.616967 1.442685
1.890656 12.771133 1.816062
1.704930 12.928669 2.196973
1.993786 12.650675 1.540211
2.047778 12.625969 1.472814
1.987500 12.640700 1.526699
1.896210 12.710265 1.700189
2.021721 12.632614 1.499775
2.035748 12.608463 1.451061
1.989097 12.630585 1.518546
2.001359 12.634391 1.526928
1.813667 12.812491 1.951098
2.035947 12.604843 1.469517
1.687477 12.917938 2.222466
1.723359 12.907092 2.198765
1.949009 12.686144 1.684835
1.950607 12.665022 1.642821
1.742283 12.886112 2.163290
1.973643 12.643787 1.608387
1.856457 12.774629 1.914664
1.822652 12.759897 1.900874
1.678363 12.910402 2.258168
1.869605 12.750695 1.876223
1.761050 12.853162 2.127945
1.900070 12.645720 1.667950
1.819178 12.762157 1.935397
1.875732 12.645497 1.684256
2.029556 12.555383 1.458089
1.699994 12.871355 2.208832
1.978838 12.595663 1.559131
1.886050 12.717568 1.838544
1.984945 12.589991 1.547849
2.039171 12.573600 1.496325
1.886510 12.656693 1.718828
1.995176 12.573519 1.514383
2.027107 12.555171 1.472538
1.990999 12.580174 1.539482
1.799359 12.755829 1.963829
1.979188 12.576492 1.540903
1.689686 12.867165 2.242511
2.049542 12.557618 1.495193
1.720259 12.853950 2.217046
1.954716 12.617509 1.667297
1.940645 12.632474 1.703008
1.741098 12.833490 2.184752
1.939891 12.582734 1.620076
1.846221 12.719534 1.930057
1.822729 12.707164 1.919434
1.674243 12.856987 2.273630
1.852262 12.692746 1.889123
1.761706 12.801960 2.152174
1.922930 12.603329 1.697618
1.813784 12.708850 1.951357
1.915939 12.611969 1.722826
1.701273 12.819414 2.226483
1.979836 12.547762 1.583359
1.882190 12.666050 1.860563
1.985984 12.540266 1.570460
1.901311 12.613023 1.747251
1.963086 12.514761 1.525977
1.989308 12.528789 1.558967
1.985077 12.528551 1.564083
1.686002 12.813414 2.257142
1.718883 12.802199 2.235642
1.929044 12.578388 1.718477
1.930727 12.559128 1.680539
1.739838 12.781772 2.205802
1.846729 12.669211 1.951441
1.670444 12.805960 2.289464
1.952129 12.538363 1.649869
1.802965 12.647194 1.925919
1.854609 12.643845 1.913273
1.924264 12.553233 1.716933
1.756108 12.747225 2.172238
1.770655 12.639763 1.944720
1.916015 12.561072 1.743027
1.698099 12.764429 2.240698
1.899547 12.563460 1.768342
1.843363 12.601340 1.865146
1.688570 12.763206 2.275944
1.717974 12.751040 2.255442
1.897672 12.518926 1.725939
1.942923 12.513828 1.708298
1.732794 12.727106 2.223886
1.672539 12.757919 2.310720
1.820637 12.609356 1.957000
1.826722 12.605968 1.957976
1.837116 12.587708 1.925346
1.802419 12.604391 1.983290
1.916408 12.512559 1.763600
1.749181 12.692592 2.192777
1.898175 12.515386 1.790219
1.874039 12.563371 1.905444
1.798756 12.607974 2.025580
1.668998 12.703765 2.278707
1.714727 12.699709 2.272902
1.927759 12.479419 1.760565
1.730488 12.676948 2.243748
1.827828 12.562242 1.981722
1.813494 12.551004 1.966968
1.824899 12.535769 1.940809
1.803204 12.555535 2.003012
1.747890 12.642710 2.215457
1.857878 12.509897 1.920706
1.794071 12.558547 2.042699
1.706446 12.647470 2.286929
1.696080 12.613019 2.239492
1.826858 12.513824 2.002754
1.811122 12.500834 1.984403
1.837094 12.491394 1.970593
1.803991 12.506683 2.022736
1.723557 12.583356 2.221730
1.692274 12.608310 2.287596
1.794421 12.510035 2.063257
1.698165 12.595238 2.300957
1.702833 12.567169 2.267069
1.724099 12.534899 2.247176
2.050183 13.412337 1.216873
2.010285 13.372792 1.279671
2.017153 13.395235 1.317626
2.048838 13.348025 1.241848
1.944983 13.411429 1.443835
2.009141 13.310846 1.302564
2.017863 13.332897 1.341688
1.942260 13.392612 1.510840
1.940921 13.344501 1.463605
1.834712 13.415874 1.721588
1.941078 13.330673 1.533727
1.826547 13.423553 1.775764
1.947161 13.285129 1.485806
1.824809 13.344974 1.733818
1.942413 13.271306 1.556913
1.832583 13.366908 1.799148
1.320847 12.746970 1.214350
1.832185 13.287323 1.754722
1.367194 12.729450 1.169241
1.679787 13.444345 2.115420
1.940182 13.210933 1.578600
1.675251 13.404572 2.070240
1.828972 13.304748 1.817201
1.292214 12.765658 1.296475
1.337019 12.703717 1.204919
1.353577 12.726112 1.238451
1.676934 13.381472 2.129344
1.410916 12.713098 1.196200
1.336424 12.787429 1.365893
1.679005 13.344043 2.085552
1.319295 12.741818 1.319980
1.402990 12.698762 1.237952
1.403450 12.713366 1.269662
1.266490 12.800817 1.504250
1.678753 13.324098 2.147140
1.335760 12.746482 1.381536
1.281122 12.828793 1.559860
1.672743 13.276511 2.094745
1.356099 12.721670 1.347213
1.679604 13.267377 2.164147
1.267951 12.760005 1.517358
1.345480 12.712173 1.400030
1.269892 12.781134 1.567747
1.675975 13.217240 2.110481
1.401291 12.705291 1.378629
1.677337 13.209310 2.178825
1.281580 12.727272 1.536103
1.397195 12.700884 1.436486
1.678612 13.160112 2.126215
1.676700 13.154485 2.195459
1.303149 12.698655 1.559857
1.679988 13.101249 2.140791
1.676953 13.099922 2.212474
1.789950 12.914173 1.835208
1.816433 12.961773 1.926586
1.681735 13.043884 2.156160
1.671862 13.042913 2.225199
1.821507 12.875451 1.868618
1.814879 12.908550 1.944492
1.678508 12.985563 2.168028
1.673745 12.991598 2.244173
1.977282 12.676657 1.521269
1.969847 12.694620 1.566686
1.813434 12.817150 1.881493
1.897702 12.752999 1.724953
1.816366 12.857583 1.964320
1.681887 12.931445 2.185357
1.923240 12.708332 1.667846
1.670803 12.937532 2.260479
1.973053 12.623602 1.537667
1.953289 12.637157 1.580677
1.897891 12.702135 1.745253
1.797712 12.757137 1.889734
1.810803 12.802768 1.979522
1.990190 12.596051 1.507616
1.686603 12.878179 2.204273
1.913717 12.652861 1.682393
1.666823 12.884081 2.273544
1.978101 12.574573 1.558623
1.961448 12.589479 1.603965
1.890508 12.648660 1.761337
1.799894 12.746442 1.992465
1.991682 12.546012 1.527069
1.678849 12.819511 2.213851
1.913843 12.601972 1.700251
1.670857 12.835708 2.296102
1.976470 12.523184 1.575741
1.960254 12.538681 1.622284
1.891068 12.598363 1.780397
1.798633 12.695629 2.010754
1.805536 12.656140 1.928017
1.914047 12.550192 1.718531
1.666876 12.783198 2.311205
1.889401 12.547904 1.799535
1.796483 12.644569 2.028668
1.809265 12.605370 1.947788
1.906971 12.498186 1.732962
1.888996 12.498258 1.817806
1.799927 12.551332 1.958210
1.679271 12.660443 2.262889
1.782601 12.542031 2.058274
1.800020 12.500454 1.976061
1.675381 12.606126 2.276389
1.778595 12.491375 2.075023
1.984050 13.432135 1.499552
1.958844 13.450203 1.548609
1.902241 13.446798 1.667079
1.922974 13.449877 1.674338
1.924352 13.408961 1.628199
1.958553 13.385995 1.571467
1.910575 13.398274 1.655468
1.905349 13.393178 1.671685
1.899637 13.383332 1.689615
1.896127 13.415409 1.755155
1.854296 13.460444 1.858927
1.919365 13.382901 1.699002
1.875975 13.436313 1.811727
1.922665 13.342038 1.645427
1.907930 13.332938 1.673942
1.906224 13.330690 1.693245
1.770654 13.466648 2.001297
1.785216 13.432227 1.959425
1.901427 13.322038 1.713572
1.854546 13.399157 1.878454
1.892708 13.350797 1.777738
1.871100 13.370812 1.830296
1.764586 13.446102 2.024682
1.916943 13.318582 1.724400
1.779127 13.420045 1.996192
1.756537 13.487202 2.125032
1.781198 13.461573 2.071597
1.728755 13.497622 2.174698
1.773566 13.405187 2.019895
1.793042 13.371689 1.979030
1.851815 13.334725 1.896511
1.887853 13.286244 1.798337
1.869661 13.309068 1.851534
1.765646 13.385976 2.044158
1.779495 13.355095 2.012488
1.753506 13.420375 2.142720
1.706819 13.457999 2.236162
1.777453 13.393631 2.091776
1.735555 13.440497 2.197161
1.770352 13.339228 2.034711
1.789812 13.304795 1.991811
1.330412 12.824942 1.490731
1.847945 13.272746 1.912934
1.381454 12.714669 1.283990
1.425820 12.711761 1.256822
1.888228 13.225949 1.822323
1.379907 12.720772 1.299914
1.873352 13.251540 1.873712
1.760210 13.319859 2.059060
1.414335 12.717424 1.280932
1.346244 12.824843 1.503948
1.402787 12.729570 1.314363
1.777023 13.291193 2.026824
1.712636 13.400590 2.255789
1.756467 13.360792 2.165354
1.735357 13.378627 2.215464
1.770419 13.326149 2.108799
1.327085 12.782423 1.468078
1.327280 12.783954 1.485614
1.773135 13.280518 2.054483
1.794801 13.245313 2.009456
1.322511 12.779486 1.503020
1.849752 13.214684 1.931923
1.420836 12.694532 1.310731
1.869075 13.190852 1.892989
1.413582 12.704148 1.335433
1.350240 12.818918 1.566334
1.762472 13.262392 2.079247
1.414102 12.698262 1.327310
1.405871 12.703874 1.343523
1.359162 12.735915 1.427226
1.394181 12.714101 1.370448
1.369286 12.721557 1.398781
1.329578 12.738824 1.453767
1.337255 12.776787 1.517946
1.435751 12.707185 1.344670
1.784556 13.235204 2.046772
1.713067 13.340737 2.271180
1.751956 13.295871 2.182647
1.730661 13.314566 2.229895
1.325267 12.739600 1.480079
1.770426 13.264366 2.131992
1.324587 12.741815 1.499277
1.770067 13.218768 2.068818
1.795835 13.183333 2.024845
1.316319 12.735441 1.515628
1.846644 13.155709 1.949903
1.867403 13.131827 1.912951
1.763758 13.205578 2.098650
1.348169 12.775572 1.582028
1.380548 12.708407 1.451138
1.344922 12.705925 1.474320
1.341307 12.737947 1.537413
1.721808 13.288325 2.293894
1.774988 13.167467 2.056548
1.751156 13.236156 2.200947
1.574088 12.659018 1.288315
1.731652 13.255354 2.248931
1.338383 12.706537 1.500728
1.584476 12.661492 1.293974
1.765853 13.201292 2.150899
1.767833 13.159115 2.085134
1.332036 12.704848 1.517352
1.848745 13.100051 1.969258
1.795809 13.122907 2.039035
1.346616 12.713229 1.546863
1.859900 13.070703 1.929507
1.760191 13.146017 2.115430
1.882001 13.049945 1.887151
2.004827 12.878390 1.525728
1.365016 12.675735 1.495050
1.775276 13.110373 2.073135
1.950737 12.878679 1.572941
1.356336 12.706361 1.563275
2.036103 12.816139 1.429549
1.727626 13.195193 2.264511
1.742900 13.172040 2.215935
1.367745 12.682194 1.527535
1.770111 13.144415 2.176712
1.773432 13.105368 2.105543
1.359628 12.680938 1.545454
2.011036 12.785606 1.432597
1.841953 13.040044 1.983319
1.356609 12.679745 1.567241
2.085827 12.776365 1.392785
1.790117 13.058583 2.050647
2.063820 12.798594 1.450234
2.045028 12.814257 1.488016
1.998776 12.837598 1.557505
1.759980 13.091103 2.134463
2.068840 12.776320 1.415152
1.864189 13.017984 1.952410
1.988125 12.845339 1.583598
1.983373 12.851916 1.598836
1.877499 12.992913 1.907207
2.028996 12.821918 1.524550
1.932427 12.907873 1.728190
1.980678 12.857239 1.618087
2.024092 12.832663 1.553635
1.983627 12.879463 1.661003
1.957336 12.893493 1.699121
2.062822 12.775665 1.441148
1.774294 13.051538 2.088570
1.893003 12.955993 1.862050
2.001366 12.850565 1.618518
2.056976 12.771780 1.455329
1.732787 13.141784 2.285752
1.749974 13.120111 2.242388
2.041848 12.773617 1.471877
1.878401 12.905488 1.793404
2.043133 12.768439 1.472291
1.765286 13.044520 2.118035
1.769271 13.087486 2.198655
1.863887 12.902909 1.816921
2.041682 12.757421 1.472481
2.048217 12.748136 1.462919
1.840848 12.984882 2.001983
1.873963 12.910492 1.855214
2.082204 12.723312 1.418883
1.797050 13.004753 2.070591
2.056615 12.744532 1.474861
2.039135 12.759168 1.510149
1.997592 12.783350 1.575752
1.757521 13.035095 2.151560
1.857876 12.959517 1.969699
2.071738 12.725548 1.440132
1.980876 12.798695 1.619578
1.988834 12.791632 1.605028
2.025249 12.767889 1.546172
1.948568 12.861730 1.755825
1.878828 12.937991 1.930668
2.006601 12.771529 1.567340
1.971640 12.800800 1.637917
1.965959 12.844779 1.725061
1.978628 12.824621 1.683504
1.914417 12.861069 1.785050
2.058180 12.721387 1.462402
1.777645 12.996702 2.107042
1.898309 12.904510 1.889797
1.991159 12.792418 1.639642
2.052314 12.716566 1.474551
1.745511 13.060306 2.258798
1.905498 12.865657 1.825405
2.037684 12.720871 1.496360
2.027391 12.710588 1.490377
1.763265 12.988175 2.134300
1.894148 12.865363 1.853256
1.761411 13.025817 2.216455
2.040978 12.704710 1.493958
2.027603 12.686601 1.476350
1.841535 12.930229 2.021383
1.885647 12.864028 1.883041
2.066942 12.666995 1.440199
1.795609 12.945333 2.084825
1.753190 12.979489 2.167505
2.023851 12.701912 1.529434
2.051557 12.691536 1.498976
1.854543 12.904202 1.988458
1.980162 12.720391 1.587841
2.050726 12.666229 1.458456
1.966904 12.740411 1.636368
1.985422 12.737226 1.623370
1.940303 12.804568 1.771545
2.022753 12.714672 1.566913
1.877307 12.884116 1.952194
2.000148 12.715816 1.585826
1.968350 12.747370 1.660736
1.957796 12.787657 1.743227
1.973985 12.770341 1.704757
1.911879 12.805976 1.801730
2.050853 12.666360 1.482550
1.779642 12.941025 2.123946
1.987808 12.740821 1.664077
1.891143 12.847673 1.910777
2.035199 12.656940 1.489038
1.736948 13.000742 2.274150
1.894170 12.806252 1.839237
2.032981 12.668434 1.519226
2.021772 12.656967 1.510845
1.769616 12.937426 2.156273
1.890277 12.810361 1.870399
2.025948 12.647979 1.509548
1.760051 12.970140 2.238811
2.032524 12.635922 1.496340
1.838913 12.876028 2.037647
1.886731 12.811812 1.905253
2.060824 12.615551 1.463113
1.754169 12.927232 2.187271
1.791402 12.886065 2.097538
2.016004 12.648129 1.549998
1.852920 12.850291 2.007536
2.040689 12.637379 1.521714
1.997098 12.674472 1.613396
2.046379 12.614353 1.480075
1.938599 12.751563 1.790207
1.958140 12.685441 1.654533
1.978429 12.681822 1.640240
2.015344 12.660545 1.586645
1.871747 12.828645 1.971048
1.993968 12.661561 1.602648
1.967939 12.697051 1.682580
1.952531 12.734583 1.762449
1.963512 12.713964 1.722602
1.905383 12.748389 1.816153
2.045590 12.613296 1.501771
1.772229 12.882243 2.135971
1.980042 12.686137 1.685056
1.890975 12.794650 1.933868
2.035288 12.604449 1.508435
1.738548 12.947277 2.295947
1.899171 12.754667 1.859642
2.000576 12.598523 1.526305
1.767513 12.881988 2.172120
1.888572 12.757359 1.889060
2.003399 12.588691 1.523441
1.758255 12.914810 2.261998
1.835855 12.822175 2.054742
2.029927 12.582681 1.514632
1.876154 12.755398 1.920651
1.755524 12.876470 2.207820
2.042356 12.559735 1.483738
1.789737 12.830288 2.112553
2.015156 12.598160 1.572672
1.849964 12.796477 2.027077
2.023013 12.581775 1.540260
2.043386 12.563327 1.503260
1.936977 12.697664 1.809284
1.967121 12.637299 1.679223
1.994941 12.602314 1.600027
1.971436 12.626423 1.657109
1.869788 12.775121 1.993402
1.943516 12.638157 1.695321
1.992724 12.609162 1.622508
1.948682 12.680525 1.781621
1.951625 12.658584 1.740494
1.893872 12.689859 1.827121
2.031914 12.557421 1.518926
1.773189 12.829057 2.153705
1.973548 12.633202 1.707186
2.033067 12.552702 1.527511
1.889038 12.742064 1.958254
1.893428 12.700070 1.875632
1.998068 12.556887 1.555488
1.763996 12.827543 2.188015
2.020596 12.555790 1.555777
1.867231 12.697001 1.898012
1.987310 12.533524 1.537829
1.835045 12.769422 2.073771
1.757272 12.860634 2.285136
1.871702 12.703481 1.939823
1.748425 12.821022 2.222242
1.848635 12.744967 2.046522
1.790758 12.775270 2.128671
2.010809 12.546290 1.594289
2.021290 12.532494 1.564596
1.968603 12.560522 1.638384
1.922281 12.640559 1.821594
1.951306 12.569654 1.668826
1.948426 12.580474 1.692923
1.996759 12.552165 1.621773
1.866314 12.722552 2.013358
1.990044 12.556822 1.640384
1.943417 12.627460 1.800840
1.940958 12.586790 1.717674
1.944590 12.605957 1.761008
1.896624 12.637187 1.845589
1.772795 12.775027 2.169871
1.955413 12.577008 1.724531
1.875878 12.684939 1.974993
1.889475 12.645980 1.892356
1.765790 12.776444 2.207731
1.867236 12.645410 1.916991
1.835049 12.717820 2.092751
1.749106 12.803516 2.303299
1.865002 12.650472 1.957059
1.746637 12.768919 2.240487
1.846493 12.692308 2.066013
1.793592 12.721691 2.147555
1.977919 12.512004 1.659794
1.917728 12.588612 1.838319
1.953022 12.519471 1.688125
1.914407 12.519357 1.697920
1.863734 12.670238 2.033681
1.915832 12.530015 1.727965
1.934032 12.573703 1.816972
1.943284 12.555395 1.782481
1.773674 12.722745 2.187188
1.960853 12.529734 1.751810
1.880044 12.635913 2.001121
1.861225 12.584149 1.894668
1.763544 12.723750 2.224775
1.843859 12.587262 1.923957
1.833700 12.665378 2.110164
1.829069 12.587877 1.956843
1.746497 12.720054 2.260666
1.842478 12.640051 2.084352
1.918028 12.539413 1.857666
1.793637 12.667325 2.162888
1.955397 12.483880 1.736638
1.856596 12.617571 2.051747
1.925836 12.522590 1.833839
1.938558 12.488965 1.760571
1.931151 12.502726 1.799123
1.771785 12.670609 2.202985
1.955009 12.479755 1.773058
1.872269 12.537963 1.918429
1.871137 12.583682 2.020482
1.761135 12.672855 2.240988
1.849093 12.539915 1.946342
1.826816 12.613230 2.124537
1.745004 12.670345 2.279277
1.865723 12.553042 2.000230
1.839736 12.589538 2.103842
1.904959 12.484624 1.869877
1.773861 12.606477 2.165647
1.840942 12.562060 2.065302
1.757859 12.612794 2.211182
1.867634 12.486923 1.934736
1.760162 12.621908 2.259183
1.868660 12.531412 2.043249
1.860240 12.493765 1.972549
1.832213 12.564074 2.147754
1.735350 12.618348 2.292129
1.846303 12.497398 2.009449
1.839679 12.539778 2.124436
1.789729 12.558876 2.194942
1.818022 12.504517 2.073464
1.767733 12.564894 2.236238
1.745259 12.564744 2.266595
1.819713 13.475183 1.935235
1.835442 13.514446 1.887628
1.825866 13.489460 1.909757
1.835280 13.504189 1.886961
1.843873 13.513577 1.850390
1.858730 13.434625 1.860552
1.501054 12.863852 1.213908
1.820878 13.415187 1.955612
1.837077 13.455046 1.909200
1.516234 12.842132 1.182749
1.831868 13.431287 1.930671
1.733839 13.509640 2.183272
1.830851 13.436588 1.901610
1.845560 13.449549 1.866709
1.456315 12.848116 1.169857
1.487169 12.866065 1.183095
1.479922 12.877029 1.246688
1.817019 13.479157 1.951178
1.712638 13.537611 2.233841
1.846707 13.366287 1.875197
1.472237 12.864227 1.294686
1.567625 12.858500 1.190388
1.524347 12.844965 1.194092
1.460929 12.843470 1.172910
1.429717 12.878799 1.366203
1.483206 12.868296 1.202854
1.460577 12.882833 1.277430
1.568444 12.855970 1.251689
1.820616 13.356186 1.976045
1.835154 13.392792 1.927723
1.484019 12.867138 1.291129
1.826302 13.367083 1.945735
1.581439 12.832245 1.219036
1.729042 13.443326 2.200786
1.393586 12.890074 1.393273
1.839452 13.380075 1.923173
1.359517 12.883763 1.444222
1.842739 13.384260 1.881233
1.528751 12.842585 1.204476
1.555667 12.858957 1.217536
1.814065 13.416614 1.966901
1.441824 12.887862 1.301617
1.544278 12.867831 1.284647
1.361123 12.885183 1.425295
1.711261 13.474112 2.251955
1.491751 12.864281 1.287863
1.852256 13.311241 1.900574
1.585573 12.832561 1.228170
1.536402 12.839247 1.207348
1.545588 12.857610 1.235623
1.525746 12.874784 1.315330
1.502979 12.861921 1.275418
1.817085 13.296734 1.993790
1.831711 13.332436 1.945886
1.826797 13.308295 1.964074
1.438604 12.873589 1.429091
1.833834 13.314932 1.936202
1.378383 12.853910 1.468535
1.731627 13.385120 2.224738
1.847687 13.325794 1.899332
1.686246 13.463418 2.286506
1.596613 12.832500 1.239802
1.816743 13.359829 1.986736
1.860206 13.212746 1.872087
1.378708 12.853581 1.448473
1.393176 12.872063 1.449473
1.850645 13.252332 1.921472
2.008451 13.037535 1.513927
1.381100 12.851056 1.430372
1.970267 13.066298 1.617717
1.406034 12.859476 1.412157
2.044121 12.982563 1.435123
1.817526 13.239791 2.013736
1.375731 12.883942 1.473914
1.686362 13.428651 2.313948
1.831341 13.274336 1.965892
1.829936 13.252109 1.985093
2.012720 13.032270 1.501468
2.054762 12.950275 1.389220
2.077829 12.933999 1.353886
1.921977 13.082037 1.649863
1.835128 13.257299 1.954477
1.671672 13.383209 2.321502
1.849118 13.265417 1.916411
1.728853 13.323558 2.244927
1.682186 13.398707 2.295370
1.809991 13.298083 2.000185
1.989988 13.077003 1.521624
2.032247 13.005263 1.477085
1.866585 13.159794 1.899419
2.015929 13.024388 1.490735
1.844528 13.192162 1.940578
2.008401 12.983721 1.538322
2.056344 12.947050 1.396075
2.069839 12.943869 1.383958
1.434550 12.837386 1.468152
1.996030 12.955726 1.362732
2.046916 12.995972 1.410566
2.015702 13.016447 1.516588
1.971215 13.011833 1.642889
1.815168 13.182994 2.032188
1.404782 12.859252 1.502515
2.041404 12.928931 1.460469
2.018269 13.013012 1.467840
1.677840 13.363621 2.323050
1.829073 13.216636 1.984761
1.824545 13.191214 2.000083
2.009836 12.977661 1.522347
2.058246 12.899313 1.416649
2.072784 12.881110 1.378933
1.921598 13.045742 1.757849
1.830163 13.196061 1.968632
1.956441 13.045315 1.687321
1.843388 13.201180 1.929011
1.811663 13.241950 2.019234
1.681240 13.337195 2.308106
1.721529 13.259796 2.261294
2.046858 12.934229 1.401192
2.056316 12.942911 1.413241
1.998244 13.025978 1.545543
2.025553 12.949124 1.500225
1.865716 13.103883 1.921857
1.938502 13.050042 1.734790
2.011760 12.968029 1.510477
1.934525 13.062878 1.727441
1.843192 13.135655 1.961826
1.998448 12.927134 1.558781
2.049078 12.891220 1.417601
2.067540 12.889894 1.408464
1.940989 13.045200 1.706898
2.055376 12.927374 1.398740
2.046248 12.941524 1.431318
2.010203 12.960178 1.536807
1.916394 13.083352 1.758745
1.812712 13.127100 2.050219
1.954120 13.041945 1.670659
2.016663 12.957372 1.486208
1.966329 12.956199 1.666746
1.825335 13.158991 2.001659
2.035080 12.874293 1.484379
1.821144 13.134129 2.015728
1.992391 12.916659 1.539583
2.048318 12.843668 1.439127
2.069442 12.829629 1.404273
1.833058 13.140739 1.986779
1.923225 12.992393 1.780517
1.953315 12.989244 1.709867
1.813618 13.188218 2.038640
1.843720 13.142358 1.944888
2.046563 12.881280 1.422717
1.702747 13.290349 2.290404
2.052984 12.888646 1.434944
1.997113 12.970933 1.565105
2.020898 12.894952 1.522408
1.932505 12.992238 1.751792
1.857731 13.045055 1.941846
1.705894 13.236428 2.326157
2.007494 12.912574 1.529798
1.932079 13.007924 1.747486
1.837687 13.078448 1.980030
1.983090 12.869040 1.577090
2.034178 12.833721 1.437098
2.045531 12.829475 1.425517
1.944795 12.991071 1.727415
2.052425 12.871825 1.417578
2.039362 12.884409 1.449979
2.002809 12.904311 1.555890
1.811529 13.072958 2.069380
1.921577 13.030069 1.780815
1.952952 12.985960 1.688195
1.824241 13.103946 2.021236
2.003531 12.896654 1.500756
1.964854 12.903378 1.691196
2.025961 12.819803 1.506798
1.826257 13.081748 2.037390
1.991111 12.864363 1.560335
2.034605 12.788823 1.459340
1.922055 12.939191 1.801692
2.057274 12.773826 1.426865
1.832955 13.082261 2.003486
1.806233 13.128627 2.052076
1.942423 12.931466 1.727940
1.848022 13.086040 1.962966
2.045360 12.828079 1.443878
2.042447 12.832368 1.453784
1.997683 12.917294 1.584961
1.701308 13.228241 2.301934
2.005530 12.836858 1.540713
1.930861 12.938440 1.771773
1.854617 12.988986 1.964394
2.003557 12.857678 1.547862
1.931334 12.954377 1.767825
1.832645 13.021839 1.999422
1.989044 12.819696 1.602725
2.024917 12.779198 1.457069
2.040338 12.776553 1.448109
1.935996 12.933415 1.742923
2.032122 12.810037 1.431286
1.813417 13.021069 2.090385
2.034988 12.829857 1.468875
1.922073 12.977331 1.800262
2.002984 12.851957 1.578604
1.949077 12.929220 1.704653
1.998601 12.842411 1.518046
1.825410 13.049999 2.042716
1.961010 12.850361 1.713318
1.821040 13.024160 2.052310
2.023851 12.769134 1.531239
1.985414 12.809906 1.579709
2.019085 12.733479 1.478833
1.918559 12.886731 1.822567
2.036734 12.718470 1.444990
1.805900 13.073796 2.069563
1.829535 13.025177 2.019119
1.944320 12.880517 1.750958
1.841566 13.024861 1.975136
2.037851 12.773118 1.462533
2.039438 12.778664 1.474226
1.698870 13.166786 2.312685
1.978720 12.855412 1.598196
2.001580 12.784745 1.562413
1.711069 13.085216 2.322600
1.930107 12.884893 1.792107
1.849044 12.933624 1.984198
2.003682 12.804385 1.568544
1.921584 12.898314 1.784585
1.837354 12.970742 2.023937
1.981497 12.766578 1.622994
2.027592 12.729407 1.480013
2.037186 12.725596 1.469745
1.936095 12.879182 1.761584
1.809429 12.967073 2.108047
2.027986 12.756949 1.448509
2.020710 12.772540 1.483835
1.912372 12.919426 1.815410
1.985587 12.794229 1.593331
1.947891 12.873236 1.722177
1.815259 12.991499 2.056680
1.997778 12.787930 1.536340
1.821637 12.970521 2.072174
1.950051 12.794430 1.732991
2.004820 12.711882 1.549716
1.985399 12.759359 1.601585
1.810819 13.023219 2.090386
2.017772 12.683967 1.503209
1.916473 12.833278 1.843374
1.827815 12.969500 2.035046
2.036406 12.668305 1.470137
1.940001 12.826904 1.771884
1.845712 12.971289 1.994399
2.021720 12.717143 1.478387
2.020608 12.721933 1.489008
1.977766 12.803674 1.617689
1.695994 13.105677 2.324266
1.995823 12.732131 1.583393
1.924286 12.830397 1.809040
1.848903 12.880711 2.008169
1.983917 12.746465 1.580943
1.920305 12.846015 1.805334
1.832115 12.915938 2.042487
1.966656 12.712354 1.639985
2.021734 12.677697 1.500573
2.028289 12.672573 1.490482
1.936568 12.826445 1.781017
1.806331 12.913330 2.126062
2.031039 12.705874 1.468586
1.905181 12.864083 1.830795
2.022055 12.720058 1.503613
1.977088 12.739922 1.611210
1.818411 12.941359 2.078810
1.946517 12.819057 1.738865
1.999467 12.736007 1.554869
1.816223 12.914741 2.086252
1.952352 12.745917 1.758804
2.002605 12.662116 1.573733
1.976897 12.705053 1.619462
1.803610 12.966935 2.103753
1.912400 12.781126 1.862632
1.825996 12.914725 2.050553
2.029595 12.618187 1.491947
1.924317 12.770584 1.786909
1.845308 12.915518 2.009842
1.974533 12.750836 1.635269
2.018043 12.664653 1.496795
2.020574 12.671388 1.510874
1.996266 12.682178 1.606454
1.911259 12.773891 1.823108
1.848235 12.829042 2.032556
1.921716 12.794469 1.827150
1.982136 12.693574 1.600484
1.830510 12.863079 2.064491
1.971598 12.663658 1.664833
2.005074 12.622974 1.516839
2.026831 12.623022 1.512408
1.927992 12.770256 1.794842
1.806306 12.861839 2.145923
1.910532 12.814100 1.852791
2.023375 12.650882 1.484784
2.018804 12.667223 1.521185
1.976589 12.688780 1.631886
1.810334 12.885765 2.093842
1.820692 12.864505 2.107898
1.930357 12.759363 1.749053
2.014642 12.687850 1.578754
1.994896 12.611746 1.595186
1.946256 12.692742 1.781032
1.989370 12.658924 1.645917
1.801834 12.913100 2.121287
1.902359 12.727776 1.878132
1.825112 12.861142 2.068440
2.001067 12.581481 1.544979
2.027273 12.569324 1.515540
1.918992 12.717627 1.807053
1.844555 12.859189 2.026530
2.000006 12.609086 1.511509
1.970052 12.697191 1.653738
2.019159 12.619994 1.531185
1.986333 12.628869 1.624387
1.910301 12.722152 1.842596
1.838431 12.774827 2.050921
1.913562 12.740719 1.843780
1.960376 12.636967 1.611328
1.829526 12.813179 2.085602
1.968257 12.614507 1.685630
2.004847 12.574235 1.537867
2.025365 12.573470 1.534329
1.924759 12.717418 1.812421
1.800223 12.810052 2.161610
1.905507 12.760759 1.869658
2.046452 12.606788 1.511047
2.010529 12.614380 1.537386
1.972393 12.637535 1.650713
1.810300 12.834275 2.113698
1.816586 12.811414 2.125130
1.927076 12.705588 1.764600
1.920861 12.636971 1.792062
1.992916 12.563441 1.617529
1.977885 12.606573 1.661467
1.800341 12.861666 2.139179
1.903150 12.678378 1.899945
1.825928 12.808963 2.086622
2.003107 12.533838 1.567913
1.913391 12.667377 1.825948
1.996516 12.559902 1.529855
2.013061 12.569151 1.548875
1.969411 12.646011 1.671965
1.840016 12.803661 2.040953
1.903287 12.670116 1.857912
1.984783 12.580219 1.645895
1.913878 12.690726 1.864399
1.974503 12.591302 1.636047
1.837185 12.723466 2.073690
1.826015 12.760720 2.106466
1.933850 12.556232 1.693078
2.010099 12.526097 1.561450
1.912859 12.662631 1.825170
1.803733 12.761404 2.184505
1.892242 12.705125 1.880861
2.016080 12.565859 1.557691
1.972598 12.588448 1.670907
1.810211 12.784625 2.135163
1.815979 12.760229 2.143372
1.975468 12.575853 1.599777
1.935053 12.655418 1.785624
1.795670 12.808884 2.154802
1.921767 12.587612 1.816310
1.947500 12.548960 1.669508
1.847288 12.612731 1.891070
1.827634 12.757033 2.105157
1.905261 12.614571 1.844595
1.961947 12.594322 1.688107
1.839965 12.749390 2.057157
1.885468 12.615075 1.868934
1.890662 12.634178 1.873279
1.985024 12.544629 1.659332
1.837774 12.673543 2.099199
1.815593 12.705875 2.121187
1.795835 12.709116 2.199469
1.910419 12.610949 1.842681
1.889292 12.654689 1.898796
1.958872 12.535944 1.686572
1.809731 12.733477 2.155845
1.818623 12.709487 2.164290
1.984232 12.526833 1.620714
1.796525 12.757636 2.174991
1.902227 12.533943 1.830651
1.965984 12.597096 1.978457
1.827626 12.703691 2.123369
1.906978 12.566355 1.868766
1.968491 12.545135 1.709166
1.840382 12.695701 2.074531
1.898838 12.569177 1.895722
1.890068 12.583923 1.893512
1.831931 12.621818 2.119738
1.819223 12.657250 2.146495
1.795649 12.660355 2.220491
1.896621 12.556554 1.854271
1.885059 12.602489 1.915571
1.804193 12.681370 2.173107
1.805708 12.654400 2.174218
1.794923 12.707095 2.192449
1.819291 12.648958 2.135514
1.809329 12.632796 2.071239
1.826638 12.569788 2.141896
1.816074 12.606280 2.168120
1.888482 12.552893 1.936410
1.804084 12.631709 2.194555
1.792503 12.655401 2.209961
1.835119 12.602341 2.165057
1.872216 12.597877 2.130802
1.797535 12.580261 2.211054
1.791354 12.605454 2.228605
