# .PCD v0.7 - Point Cloud Data file format
VERSION 0.7
FIELDS x y z
SIZE 4 4 4
TYPE F F F
COUNT 1 1 1
WIDTH 5173
HEIGHT 1
VIEWPOINT 0 0 0 1
POINTS 5173
DATA ascii
-1.271449 5.532994 0.444868
-1.452775 5.652324 0.908543
-1.287776 5.711381 0.427699
-1.468817 5.817779 0.917230
-1.422268 5.629489 0.854576
-1.254488 5.582683 0.395982
-1.471287 5.462358 1.127012
-1.386578 5.481638 0.803225
-1.398377 5.814410 0.841169
-1.284424 5.866758 0.419380
-1.236825 5.491893 0.362152
-1.476682 5.976685 0.928029
-1.545362 5.530112 1.159063
-1.444858 5.811989 0.857636
-1.260005 5.753343 0.377977
-1.499839 5.634232 1.138567
-1.135723 5.436779 0.275319
-1.182895 5.672838 0.309565
-1.402836 5.647305 0.802111
-1.127002 6.013387 -0.061941
-1.372583 5.524698 0.738756
-1.246577 5.669591 0.337854
-1.356036 5.849393 0.758694
-1.456095 5.986308 0.863924
-1.547495 5.660013 1.172797
-1.265642 5.939509 0.360693
-1.180890 5.842916 0.287277
-1.152720 5.636613 0.236944
-1.415507 5.818255 0.803053
-1.219288 5.579300 0.294417
-1.279555 5.554259 0.605665
-1.384448 5.692306 0.734300
-1.242613 5.835392 0.320735
-1.330813 5.887131 0.673408
-1.153713 5.821808 0.206862
-1.227017 5.768996 0.264993
-1.290852 5.736835 0.592919
-1.403762 5.888545 0.728556
-1.470168 5.839373 1.054972
-1.117579 5.797158 0.125346
-1.221515 5.949903 0.242414
-1.455371 5.411746 1.144760
-1.496156 5.607076 1.157256
-1.341629 5.473477 0.844849
-1.311281 5.557963 0.731164
-1.170321 5.618602 0.275326
-1.508798 5.764952 1.173877
-1.203928 5.587375 0.384473
-1.373782 5.671256 0.844161
-1.390992 5.654169 0.899099
-1.334710 5.760742 0.723510
-1.186529 5.673940 0.330000
-1.228028 5.687968 0.423397
-1.170108 5.804932 0.249373
-1.207777 5.762301 0.368008
-1.413286 5.839565 0.907134
-1.455131 5.597797 0.924308
-1.283660 5.550279 0.458061
-1.371410 5.465711 0.836884
-1.420897 5.635051 0.878982
-1.479171 5.408629 1.110729
-1.360884 5.436721 0.787203
-1.451454 5.698448 0.928415
-1.538811 5.566911 1.189158
-1.253197 5.492426 0.460189
-1.419234 5.605848 0.849950
-1.547283 5.608254 1.187177
-1.477990 5.467765 1.090961
-1.304517 5.675928 0.505159
-1.363337 5.483212 0.794586
-1.287283 5.680519 0.447624
-1.413822 5.643400 0.830342
-1.259741 5.567843 0.422687
-1.227202 5.450195 0.398721
-1.436798 5.777757 0.883486
-1.221538 5.448338 0.409548
-1.522927 5.573697 1.118177
-1.342982 5.452868 0.709880
-1.466105 5.838336 0.928730
-1.393482 5.602929 0.776013
-1.271713 5.649217 0.436138
-1.422982 5.725196 0.849847
-1.161248 5.727149 0.118234
-1.313845 5.822557 0.487547
-1.372221 5.543505 0.733425
-1.387637 5.635456 0.788534
-1.283666 5.807641 0.439780
-1.504208 5.615117 1.096664
-1.156390 5.772643 0.044940
-1.412531 5.761408 0.834564
-1.266810 5.713593 0.405399
-1.245458 5.612267 0.369083
-1.447284 5.917900 0.889422
-1.253090 5.632910 0.374724
-1.517795 5.675862 1.128405
-1.475767 5.976002 0.931313
-1.237443 5.561639 0.335252
-1.397838 5.731868 0.772911
-1.272928 5.788438 0.418529
-1.433223 5.867906 0.848898
-1.165426 5.892468 0.080158
-1.310874 5.957458 0.475029
-1.287058 5.956734 0.427805
-1.156799 5.934003 0.012791
-1.369758 5.663346 0.731537
-1.401563 5.784785 0.785404
-1.523635 5.760609 1.105414
-1.432731 5.922996 0.835194
-1.270756 5.863166 0.389364
-1.464673 6.080812 0.895735
-1.253264 5.767723 0.343906
-1.253881 5.775433 0.357193
-1.128089 5.819438 0.014322
-1.492778 6.137702 0.934727
-1.531742 5.812391 1.138822
-1.136066 5.887828 -0.029434
-1.406873 5.880894 0.768832
-1.240243 5.711270 0.311423
-1.270080 5.929817 0.403330
-1.446703 6.024993 0.848829
-1.317190 6.119786 0.458584
-1.159546 6.049667 0.048150
-1.223249 5.739642 0.269221
-1.154138 6.101959 -0.019256
-1.413262 5.940465 0.784432
-1.381570 5.815533 0.724755
-1.538615 5.909765 1.114966
-1.443424 6.079636 0.839128
-1.272491 6.020015 0.375105
-1.251477 5.917246 0.324866
-1.256660 5.933162 0.337264
-1.127021 5.991453 -0.026155
-1.543931 5.957463 1.151465
-1.377116 5.902096 0.684805
-1.130805 6.055541 -0.064820
-1.419166 6.045219 0.765249
-1.237597 5.860124 0.290708
-1.274762 6.098125 0.382918
-1.222148 5.899742 0.244338
-1.422290 6.101226 0.785153
-1.398018 5.988658 0.719047
-1.248083 6.079990 0.303673
-1.257788 6.104972 0.317246
-1.384610 6.070748 0.678339
-1.238369 6.028956 0.266108
-1.214335 6.061679 0.220982
-1.435504 5.465951 0.968160
-1.250854 5.448274 0.465579
-1.175677 5.418068 0.265472
-1.454991 5.468332 1.023208
-1.302349 5.479963 0.614313
-1.381175 5.512568 0.825958
-1.470473 5.608855 0.968621
-1.323622 5.465357 0.656784
-1.484324 5.415504 1.105128
-1.407657 5.508033 0.899093
-1.469181 5.474173 1.067780
-1.276395 5.474730 0.529758
-1.206432 5.587152 0.220738
-1.333157 5.446445 0.690524
-1.488478 5.605435 1.027945
-1.185669 5.464070 0.299414
-1.325800 5.625255 0.598516
-1.406286 5.653387 0.820623
-1.432007 5.508285 0.967929
-1.449136 5.678952 0.977748
-1.487952 5.502239 1.116921
-1.342145 5.441466 0.724002
-1.462751 5.498185 1.038331
-1.435837 5.646646 0.896532
-1.298799 5.501517 0.591913
-1.511876 5.621903 1.075382
-1.161189 5.460301 0.253324
-1.487868 5.700631 1.036393
-1.190947 5.691279 0.207440
-1.272320 5.720234 0.426323
-1.211264 5.622536 0.262855
-1.341136 5.766765 0.586258
-1.414966 5.779419 0.820455
-1.461865 5.642702 0.968472
-1.220995 5.559422 0.307474
-1.326291 5.519680 0.654495
-1.492499 5.852476 0.979816
-1.209229 5.476583 0.360733
-1.367478 5.572575 0.718688
-1.520896 5.635015 1.129676
-1.438667 5.753663 0.899707
-1.320328 5.640862 0.574656
-1.505203 5.706868 1.087528
-1.167966 5.694685 0.120341
-1.298895 5.734635 0.498199
-1.205414 5.536846 0.301051
-1.147573 5.550627 0.240693
-1.510170 5.836045 1.044351
-1.189698 5.828378 0.183148
-1.269949 5.848883 0.413163
-1.207858 5.745163 0.245361
-1.342318 5.895290 0.578410
-1.422955 5.912965 0.820172
-1.473873 5.759510 0.972434
-1.215430 5.667666 0.294321
-1.494747 5.971368 0.988372
-1.231365 5.621175 0.335083
-1.495335 5.718660 1.048990
-1.378173 5.689447 0.717326
-1.535482 5.748092 1.143312
-1.357369 5.846628 0.635088
-1.328061 5.763828 0.564122
-1.452502 5.888985 0.901535
-1.531558 5.843508 1.098800
-1.131310 5.922096 -0.011243
-1.166758 5.832895 0.090772
-1.303329 5.867649 0.485611
-1.217972 5.673172 0.273039
-1.190807 5.752206 0.183734
-1.367896 5.813824 0.677281
-1.514598 5.952928 1.056099
-1.188793 5.978369 0.156086
-1.273455 5.997450 0.396275
-1.477664 5.868921 0.978972
-1.205635 5.878637 0.225423
-1.342333 6.029985 0.572436
-1.426996 6.048702 0.822428
-1.219436 5.800551 0.275992
-1.503530 5.826093 1.056262
-1.242988 5.755545 0.315577
-1.513076 6.125166 0.996237
-1.380221 5.799438 0.719788
-1.358583 5.975886 0.631765
-1.323533 5.877987 0.557753
-1.533565 5.953017 1.113534
-1.460014 6.021076 0.905690
-1.223251 5.803671 0.248885
-1.170568 5.992235 0.055073
-1.308537 6.012949 0.471457
-1.128636 6.089039 -0.049914
-1.192310 5.891503 0.157065
-1.378696 5.951431 0.673868
-1.527633 6.091666 1.069105
-1.487258 5.995378 0.985357
-1.360677 5.889937 0.627026
-1.187300 6.139584 0.127413
-1.205982 6.024942 0.202707
-1.273665 6.155962 0.379778
-1.348801 6.189472 0.564156
-1.218585 5.934983 0.258540
-1.512856 5.942426 1.064293
-1.235378 5.870054 0.307164
-1.391334 5.931794 0.719441
-1.367063 6.126959 0.626835
-1.330898 6.020344 0.547161
-1.474337 6.174565 0.909861
-1.218621 5.929857 0.229475
-1.162173 6.144530 0.025235
-1.185701 6.027030 0.133928
-1.309010 6.164349 0.458772
-1.379078 6.082541 0.675116
-1.363653 6.017965 0.620783
-1.493836 6.125694 0.993121
-1.203540 6.183373 0.180469
-1.528416 6.075195 1.073371
-1.217601 6.080967 0.240312
-1.242442 6.016918 0.288966
-1.406456 6.080644 0.720147
-1.333380 6.163318 0.537818
-1.219848 6.075124 0.204262
-1.188402 6.194292 0.101806
-1.367327 6.155492 0.614095
-1.240035 6.159791 0.276341
-1.218588 6.228293 0.179764
-1.462577 5.421330 1.046553
-1.353148 5.438396 0.731131
-1.470436 5.490394 1.049346
-1.303570 5.470100 0.558339
-1.247397 5.440727 0.446906
-1.159581 5.408839 0.216192
-1.354912 5.510530 0.726743
-1.492085 5.577771 1.051699
-1.249679 5.474053 0.453718
-1.422137 5.563140 0.877843
-1.159915 5.456982 0.207387
-1.446448 5.481323 0.988646
-1.414815 5.486528 0.849098
-1.302705 5.543750 0.554867
-1.251385 5.521348 0.433799
-1.157266 5.487813 0.197566
-1.234022 5.414957 0.442699
-1.511272 5.461461 1.141283
-1.371425 5.601913 0.718721
-1.330763 5.477556 0.673934
-1.252311 5.555143 0.444735
-1.300405 5.491644 0.535525
-1.449062 5.668802 0.878448
-1.148991 5.525213 0.199287
-1.462573 5.565537 0.990287
-1.224399 5.464524 0.385587
-1.409501 5.551997 0.851896
-1.332102 5.662262 0.538097
-1.248043 5.598979 0.423256
-1.240472 5.500959 0.430053
-1.287469 5.432906 0.522920
-1.400697 5.482988 0.826209
-1.511919 5.740083 1.060115
-1.345097 5.570207 0.663130
-1.252799 5.638971 0.437186
-1.502691 5.458279 1.096353
-1.302630 5.574166 0.527478
-1.451102 5.749391 0.882949
-1.149596 5.517451 0.163892
-1.228698 5.551954 0.367712
-1.449262 5.673930 0.846154
-1.433847 5.540307 0.931512
-1.231652 5.454320 0.416006
-1.275466 5.722125 0.395373
-1.337869 5.754445 0.530867
-1.242849 5.586496 0.418564
-1.521304 5.825133 1.066276
-1.291018 5.514773 0.513195
-1.379531 5.770061 0.709065
-1.396393 5.551100 0.827593
-1.315255 5.520144 0.615439
-1.280750 5.764834 0.414037
-1.205898 5.488276 0.321847
-1.506100 5.529284 1.100914
-1.327386 5.689308 0.509580
-1.469834 5.853171 0.886204
-1.166242 5.732258 0.150652
-1.394457 5.494172 0.791883
-1.486610 5.742017 0.994159
-1.221714 5.411770 0.395313
-1.227511 5.637697 0.353342
-1.442393 5.745986 0.852346
-1.437598 5.618844 0.933408
-1.273484 5.810665 0.382864
-1.277440 5.460610 0.492350
-1.341946 5.849639 0.525917
-1.234502 5.540345 0.402924
-1.172856 5.787601 0.118323
-1.181333 5.424422 0.272261
-1.409593 5.524795 0.870695
-1.530910 5.915644 1.072886
-1.374315 5.848217 0.708800
-1.246380 5.678241 0.406773
-1.288026 5.477732 0.562652
-1.321456 5.636335 0.490135
-1.431474 5.668725 0.821057
-1.320323 5.606613 0.606924
-1.367244 5.761811 0.646492
-1.279794 5.857318 0.406774
-1.215693 5.588244 0.298078
-1.546845 5.645089 1.104939
-1.327601 5.778125 0.504080
-1.472727 5.944010 0.892779
-1.177348 5.851322 0.121066
-1.490597 5.826739 0.998611
-1.145073 5.711165 0.062782
-1.386062 5.561089 0.792317
-1.245707 5.755611 0.327418
-1.221805 5.495947 0.379600
-1.451784 5.841154 0.854004
-1.270334 5.903632 0.370705
-1.343422 5.947287 0.521556
-1.457708 5.723146 0.932217
-1.273637 5.538748 0.483080
-1.235729 5.630521 0.389348
-1.172977 5.891890 0.093589
-1.532667 6.001191 1.079436
-1.387939 5.956926 0.701350
-1.185940 5.518682 0.249622
-1.265582 5.799347 0.383986
-1.415458 5.610517 0.869098
-1.311689 5.712293 0.485963
-1.439496 5.763085 0.820180
-1.302307 5.579571 0.547684
-1.345243 5.726294 0.589813
-1.360347 5.842445 0.643957
-1.277170 5.953004 0.399348
-1.479072 6.042637 0.900839
-1.330115 5.878628 0.495865
-1.546852 5.721374 1.111952
-1.177188 5.960410 0.100817
-1.494760 5.915975 1.003843
-1.141915 5.812195 0.037345
-1.420429 5.682892 0.782433
-1.245962 5.854148 0.310417
-1.166397 5.836022 0.083739
-1.224398 5.586411 0.364013
-1.264584 5.999053 0.359135
-1.455768 5.936527 0.858502
-1.339845 6.042771 0.519436
-1.471335 5.823306 0.933503
-1.167325 5.997992 0.070181
-1.302382 5.662781 0.457754
-1.268769 5.769800 0.356692
-1.268333 5.904750 0.371664
-1.164532 5.584248 0.244498
-1.443276 5.727060 0.864467
-1.442383 5.853386 0.822210
-1.320343 5.819486 0.473431
-1.366081 5.945270 0.636782
-1.348991 5.824257 0.580587
-1.226237 5.798089 0.253321
-1.327493 5.975074 0.490555
-1.554065 5.809210 1.119561
-1.176381 6.075332 0.078990
-1.501922 6.012722 1.009714
-1.136200 5.916617 0.012163
-1.246606 5.961919 0.292533
-1.421410 5.770210 0.781745
-1.158675 5.936667 0.065608
-1.462252 6.038184 0.863126
-1.227360 5.685364 0.345435
-1.152017 5.814979 0.053698
-1.474311 5.916244 0.936980
-1.255659 5.851415 0.350084
-1.307694 5.765011 0.442743
-1.265493 6.005816 0.361400
-1.198023 5.732069 0.196975
-1.446918 5.951118 0.824450
-1.368235 6.048847 0.631279
-1.315289 5.911525 0.467334
-1.442026 5.815241 0.865881
-1.345279 5.916385 0.574921
-1.321235 5.790036 0.520683
-1.225426 5.903148 0.233567
-1.557202 5.896582 1.128329
-1.132723 6.031013 -0.017512
-1.238855 6.063104 0.278959
-1.423501 5.862788 0.781088
-1.161957 6.062348 0.035681
-1.245008 5.811982 0.316947
-1.145850 5.919878 0.029784
-1.483641 6.021862 0.941137
-1.257693 5.960972 0.334410
-1.308451 5.866294 0.430486
-1.135757 5.800498 0.011879
-1.458414 6.064837 0.824777
-1.314898 6.017968 0.457535
-1.197401 5.841123 0.173451
-1.445202 5.912907 0.867698
-1.343838 6.020001 0.568981
-1.318745 5.889543 0.511942
-1.217822 6.007377 0.216555
-1.433088 5.973530 0.778699
-1.144952 6.042480 -0.000427
-1.242825 5.917521 0.301322
-1.303802 5.967777 0.421068
-1.129319 5.909096 -0.016650
-1.195691 5.956484 0.149614
-1.451993 6.022143 0.869672
-1.317405 5.995246 0.502898
-1.436109 6.078235 0.779452
-1.243458 6.036151 0.281053
-1.127297 6.036537 -0.051389
-1.194366 6.081068 0.124895
-1.551053 5.518697 1.202901
-1.550615 5.534457 1.221836
-1.452765 5.472230 0.955775
-1.543449 5.562068 1.198917
-1.441812 5.495678 0.928107
-1.456009 5.435780 0.977194
-1.458234 5.522802 0.949376
-1.460374 5.446079 0.983949
-1.337667 5.434331 0.662507
-1.573268 5.634642 1.196303
-1.441827 5.548014 0.921387
-1.454972 5.482271 0.972176
-1.483797 5.591796 0.940820
-1.318050 5.462142 0.621992
-1.456727 5.491181 0.978433
-1.340169 5.491128 0.650333
-1.471854 5.447470 1.027697
-1.460150 5.443317 0.984072
-1.572799 5.687308 1.193264
-1.487260 5.406761 1.079192
-1.235232 5.427038 0.400531
-1.358211 5.442941 0.707079
-1.468965 5.621464 0.910224
-1.468568 5.540164 0.967028
-1.479925 5.641413 0.935960
-1.320652 5.517048 0.610515
-1.458594 5.542209 0.973674
-1.220355 5.439872 0.376722
-1.472576 5.494530 1.023931
-1.336173 5.543823 0.639526
-1.461255 5.491647 0.980791
-1.487313 5.449399 1.075166
-1.317868 5.458624 0.634307
-1.234671 5.483144 0.384211
-1.357818 5.495049 0.697064
-1.462728 5.673780 0.904281
-1.486825 5.603298 0.960958
-1.475536 5.692415 0.931986
-1.473814 5.603620 0.966267
-1.322220 5.574871 0.598376
-1.222410 5.497508 0.358447
-1.367245 5.448889 0.749040
-1.459165 5.454853 0.990765
-1.472877 5.541244 1.019315
-1.253193 5.442703 0.447144
-1.347147 5.610423 0.623828
-1.492975 5.496084 1.072606
-1.486921 5.558619 0.975368
-1.225216 5.425419 0.390856
-1.572498 5.797839 1.189494
-1.323944 5.515742 0.622545
-1.233979 5.542050 0.366814
-1.355628 5.547375 0.687862
-1.479111 5.649279 0.958315
-1.462907 5.731902 0.898678
-1.481840 5.753198 0.926959
-1.321189 5.456926 0.636943
-1.479400 5.660932 0.960632
-1.313912 5.624358 0.591030
-1.369134 5.500175 0.739377
-1.216115 5.552059 0.344458
-1.457616 5.502585 0.989065
-1.489950 5.601345 1.013870
-1.504626 5.548241 1.069549
-1.257008 5.500911 0.430121
-1.357941 5.680608 0.609143
-1.486566 5.609372 0.973020
-1.385578 5.456574 0.791528
-1.220433 5.476458 0.378713
-1.578271 5.859900 1.187796
-1.320861 5.568164 0.613746
-1.369359 5.612551 0.673709
-1.471782 5.696533 0.956144
-1.268857 5.459464 0.488516
-1.457777 5.788970 0.893804
-1.490622 5.818171 0.921352
-1.325560 5.512393 0.626706
-1.481004 5.717412 0.956154
-1.374022 5.554115 0.730683
-1.335495 5.702740 0.571116
-1.500531 5.582347 0.984001
-1.492639 5.653974 1.010399
-1.217478 5.614808 0.325635
-1.291056 5.425890 0.540859
-1.387182 5.504561 0.784524
-1.254274 5.555808 0.416558
-1.486598 5.661395 0.971143
-1.370315 5.755238 0.591845
-1.221980 5.535472 0.361311
-1.321618 5.459328 0.639406
-1.223142 5.460422 0.386226
-1.585570 5.927057 1.188018
-1.314314 5.618217 0.607652
-1.130351 5.475115 0.216478
-1.377304 5.677116 0.661538
-1.491392 5.768493 0.950555
-1.244599 5.679839 0.323766
-1.271058 5.514147 0.473723
-1.481695 5.870655 0.919049
-1.462867 5.856412 0.886683
-1.325520 5.566540 0.619231
-1.399014 5.626753 0.714932
-1.482568 5.774821 0.951307
-1.335474 5.765777 0.558828
-1.495286 5.707532 1.006562
-1.478997 5.618399 0.985233
-1.512131 5.646721 1.064259
-1.231112 5.692079 0.298270
-1.183019 5.468118 0.255712
-1.391263 5.556743 0.776941
-1.286029 5.472713 0.531725
-1.491291 5.718662 0.968343
-1.278447 5.637074 0.386997
-1.219590 5.592566 0.347864
-1.363741 5.814978 0.583022
-1.324711 5.513481 0.631530
-1.224311 5.518013 0.370777
-1.339801 5.699146 0.588288
-1.160578 5.561774 0.172118
-1.223479 5.447091 0.392671
-1.375709 5.735711 0.651846
-1.489872 5.824811 0.948900
-1.276595 5.573843 0.457582
-1.146404 5.670685 0.054301
-1.203793 5.435611 0.316703
-1.245176 5.749573 0.303688
-1.488070 5.939102 0.914428
-1.324111 5.621391 0.610963
-1.388147 5.673779 0.709864
-1.464402 5.923360 0.881552
-1.146993 5.685455 0.056387
-1.490791 5.842124 0.946220
-1.507297 5.770496 1.003692
-1.521379 5.702348 1.062186
-1.342162 5.837909 0.544209
-1.497512 5.685313 0.983431
-1.226653 5.755137 0.281058
-1.182918 5.524667 0.237740
-1.415925 5.627022 0.763495
-1.287853 5.525975 0.518880
-1.491146 5.774276 0.967466
-1.266896 5.689476 0.376512
-1.247959 5.679799 0.313741
-1.324677 5.567628 0.624043
-1.224156 5.575219 0.357334
-1.344543 5.867822 0.577428
-1.344582 5.764619 0.576139
-1.182411 5.646270 0.131688
-1.228213 5.505018 0.377649
-1.491256 5.885660 0.947500
-1.290172 5.643006 0.437090
-1.376974 5.799770 0.642055
-1.202544 5.488051 0.302168
-1.241345 5.817985 0.286368
-1.486664 6.002294 0.911102
-1.341999 5.693170 0.596761
-1.392299 5.733763 0.700256
-1.523224 5.754143 1.059453
-1.500315 5.819959 1.001613
-1.486574 5.898921 0.943340
-1.465331 5.993563 0.876592
-1.336790 5.900667 0.534724
-1.492711 5.735684 0.983463
-1.406100 5.671126 0.759068
-1.289161 5.580616 0.506921
-1.224535 5.825191 0.262198
-1.175749 5.579446 0.221680
-1.497373 5.836631 0.966574
-1.264622 5.753448 0.361392
-1.320752 5.619069 0.618421
-1.239694 5.738135 0.301538
-1.238029 5.647648 0.334149
-1.349244 5.943760 0.564619
-1.140567 5.574483 0.136632
-1.342765 5.827715 0.567073
-1.227630 5.561726 0.365784
-1.170129 5.704975 0.115400
-1.495970 5.951514 0.944727
-1.285984 5.700306 0.424420
-1.206295 5.548219 0.281927
-1.368314 5.856577 0.634232
-1.150322 5.693288 0.072957
-1.129187 5.803115 0.009543
-1.531006 5.812187 1.058285
-1.392465 5.792903 0.691774
-1.490630 6.074201 0.907430
-1.347637 5.759304 0.586248
-1.239046 5.891755 0.266044
-1.505259 5.881288 0.998164
-1.492053 5.967470 0.939072
-1.504111 5.801749 0.983170
-1.467925 6.066177 0.872130
-1.406494 5.725593 0.752360
-1.139053 5.829591 0.004549
-1.331619 5.968418 0.524247
-1.308441 5.652081 0.486122
-1.189978 5.654478 0.191262
-1.226137 5.901641 0.239982
-1.499186 5.897809 0.965955
-1.259269 5.816442 0.346964
-1.340310 5.693259 0.604715
-1.233449 5.801238 0.287535
-1.235004 5.708892 0.320466
-1.156004 5.652677 0.103131
-1.348647 6.018631 0.552509
-1.340870 5.892668 0.557264
-1.226115 5.619463 0.353954
-1.495852 6.015720 0.943857
-1.163853 5.769270 0.096153
-1.281245 5.759915 0.412264
-1.370173 5.926900 0.623918
-1.528016 5.862321 1.057433
-1.142675 5.758286 0.052928
-1.381385 5.844436 0.687300
-1.507936 5.943295 0.996773
-1.339035 5.815017 0.581207
-1.505018 6.161354 0.903004
-1.236579 5.969102 0.246715
-1.406378 5.781446 0.746538
-1.492701 6.034370 0.936718
-1.504265 5.860358 0.984445
-1.301790 5.705037 0.476443
-1.331929 6.043161 0.511717
-1.479187 6.153474 0.865653
-1.132668 5.905712 -0.023032
-1.188590 5.719500 0.170434
-1.221964 5.977481 0.219739
-1.505527 5.966898 0.965792
-1.347337 5.758678 0.594964
-1.263583 5.892421 0.325944
-1.154173 5.609830 0.136848
-1.233917 5.873576 0.268749
-1.236171 5.775968 0.304658
-1.151917 5.718020 0.083536
-1.336704 5.958291 0.549512
-1.346163 6.095589 0.540490
-1.241676 5.694298 0.331279
-1.213560 5.673965 0.241702
-1.284166 5.827712 0.395270
-1.497310 6.084229 0.942812
-1.532160 5.921752 1.057528
-1.165013 5.846573 0.067842
-1.373184 6.001181 0.612589
-1.134043 5.825256 0.032581
-1.387754 5.914052 0.677357
-1.509624 6.007284 0.995065
-1.344891 5.886151 0.569717
-1.508250 6.239170 0.900846
-1.412638 5.844182 0.738251
-1.496684 6.106281 0.933008
-1.304509 5.767684 0.462834
-1.503523 5.919073 0.986116
-1.230989 6.046435 0.227762
-1.332014 6.122429 0.499832
-1.485186 6.238775 0.860247
-1.185314 5.786607 0.149701
-1.509263 6.034591 0.965114
-1.214284 6.051888 0.201835
-1.347723 5.822671 0.587954
-1.164822 5.685280 0.108057
-1.255698 5.961693 0.311430
-1.229503 5.945192 0.251520
-1.238064 5.846661 0.286998
-1.149504 5.785933 0.062031
-1.338822 6.032665 0.538582
-1.215737 5.739327 0.221294
-1.242466 5.759953 0.317422
-1.534934 5.981889 1.056826
-1.511370 6.169028 0.940675
-1.282587 5.896063 0.380318
-1.354053 6.188859 0.524919
-1.160099 5.919973 0.044175
-1.373542 6.074854 0.602833
-1.136788 5.906989 0.001648
-1.393516 5.986919 0.667580
-1.516402 6.076845 0.993268
-1.411875 5.904220 0.732225
-1.343296 5.954099 0.562089
-1.302010 5.827400 0.450661
-1.512529 5.988611 0.986783
-1.503006 6.185043 0.930085
-1.234023 6.139657 0.201547
-1.329785 6.203444 0.487199
-1.181909 5.856509 0.127882
-1.514147 6.106103 0.965866
-1.216129 6.142071 0.176257
-1.157839 5.745793 0.093059
-1.354011 5.893996 0.579728
-1.255855 6.040421 0.292557
-1.227480 6.022862 0.232990
-1.237595 5.919893 0.270681
-1.147727 5.859333 0.037960
-1.534672 6.040148 1.057219
-1.208749 5.799856 0.206289
-1.339387 6.111340 0.527870
-1.243170 5.827469 0.302835
-1.276216 5.961824 0.367637
-1.518028 6.249851 0.940310
-1.155010 5.997100 0.019065
-1.357018 6.282343 0.510544
-1.371968 6.151553 0.592811
-1.417868 5.972412 0.724217
-1.531461 6.159664 0.991416
-1.391876 6.055811 0.659576
-1.129945 5.983400 -0.022283
-1.347176 6.029037 0.552407
-1.301043 5.892353 0.437956
-1.512326 6.054409 0.990047
-1.516279 6.276834 0.926679
-1.229656 6.228752 0.179542
-1.180514 5.931188 0.104279
-1.339933 6.305559 0.469248
-1.525693 6.187498 0.966366
-1.135125 5.795759 0.012792
-1.157146 5.815199 0.072438
-1.214287 6.234561 0.151591
-1.349519 5.957264 0.574260
-1.254936 6.122991 0.272651
-1.545822 6.111663 1.057162
-1.222804 6.099924 0.216030
-1.231098 5.988438 0.256921
-1.208052 5.869278 0.185660
-1.139828 5.929769 0.018177
-1.239038 5.893331 0.290164
-1.341150 6.193033 0.516497
-1.274849 6.035172 0.351707
-1.417314 6.037453 0.717216
-1.530274 6.227571 0.991913
-1.391860 6.128064 0.651751
-1.153801 6.086740 -0.013112
-1.379578 6.241529 0.579878
-1.129684 6.071984 -0.054515
-1.303323 5.964184 0.423182
-1.347455 6.104420 0.544353
-1.530380 6.139748 0.991603
-1.175520 6.006306 0.082303
-1.531118 6.266082 0.968708
-1.135077 5.870928 -0.015283
-1.154090 5.887143 0.053160
-1.348699 6.027753 0.567560
-1.549522 6.180146 1.058523
-1.254224 6.210563 0.251781
-1.226990 6.063037 0.241856
-1.219957 6.185504 0.195858
-1.203755 5.939141 0.166660
-1.138940 6.012720 -0.009069
-1.242429 5.970037 0.274026
-1.346830 6.286024 0.503302
-1.275781 6.116443 0.333760
-1.416672 6.104213 0.711932
-1.392049 6.205327 0.642963
-1.301240 6.033908 0.409073
-1.353074 6.189599 0.533172
-1.533805 6.213552 0.995705
-1.174202 6.088778 0.056649
-1.148767 5.959898 0.033491
-1.345271 6.096704 0.562789
-1.225613 6.146041 0.223168
-1.256577 6.308744 0.227410
-1.200657 6.012024 0.147000
-1.218127 6.277842 0.173596
-1.236706 6.041123 0.261197
-1.136166 6.097752 -0.036225
-1.418418 6.177032 0.705345
-1.277776 6.203538 0.314082
-1.405183 6.301219 0.630759
-1.296930 6.103368 0.397376
-1.355093 6.275221 0.523616
-1.537952 6.290836 1.000394
-1.127226 6.024452 -0.067661
-1.358212 6.187572 0.551528
-1.147122 6.040007 0.010143
-1.195200 6.087589 0.126235
-1.230723 6.242800 0.200351
-1.230850 6.114865 0.249724
-1.422509 6.256843 0.697096
-1.274169 6.286286 0.297795
-1.310617 6.198397 0.374495
-1.361994 6.273760 0.543216
-1.147351 6.127694 -0.016063
-1.196753 6.175519 0.100449
-1.236575 6.208226 0.229156
-1.305909 6.276110 0.361995
-1.196420 6.265531 0.074752
-1.234603 6.294323 0.213036
-1.477239 5.426744 1.091857
-1.461966 5.424067 1.063438
-1.485880 5.415297 1.117808
-1.482537 5.436002 1.110397
-1.503945 5.451556 1.150500
-1.483799 5.440029 1.104343
-1.488422 5.446914 1.109789
-1.481622 5.469531 1.083976
-1.484049 5.455407 1.114306
-1.462755 5.467484 1.054707
-1.482083 5.476428 1.102420
-1.497808 5.487916 1.143618
-1.480662 5.479965 1.097961
-1.491851 5.490722 1.104359
-1.472346 5.505953 1.077466
-1.486125 5.498946 1.110896
-1.471864 5.516324 1.045335
-1.482002 5.519063 1.094475
-1.496005 5.528071 1.137656
-1.515270 5.540786 1.091929
-1.507960 5.542825 1.099608
-1.360476 5.438403 0.787867
-1.504319 5.566374 1.068128
-1.378465 5.449085 0.829457
-1.347400 5.437679 0.756242
-1.511405 5.557209 1.107161
-1.522272 5.584383 1.131859
-1.515226 5.581505 1.087221
-1.447087 5.548580 1.037753
-1.541637 5.591438 1.182806
-1.507698 5.579634 1.085877
-1.344982 5.440261 0.764780
-1.351627 5.442364 0.764048
-1.508683 5.587054 1.095368
-1.366011 5.487881 0.775202
-1.498050 5.606361 1.062106
-1.348766 5.447504 0.763223
-1.374785 5.492314 0.820669
-1.345498 5.481530 0.746262
-1.393589 5.506567 0.857853
-1.510747 5.602097 1.104544
-1.408949 5.515893 0.898978
-1.522573 5.628247 1.126784
-1.543724 5.634966 1.179380
-1.506298 5.621056 1.080340
-1.500953 5.620134 1.081078
-1.347521 5.485183 0.754459
-1.481951 5.616261 1.027327
-1.348343 5.486874 0.755694
-1.509807 5.632568 1.091554
-1.496566 5.650553 1.055381
-1.370587 5.539344 0.762141
-1.293769 5.453846 0.605020
-1.349446 5.493594 0.755754
-1.376367 5.539234 0.809951
-1.347954 5.529218 0.734754
-1.400040 5.554924 0.847621
-1.541908 5.675056 1.175851
-1.513999 5.650411 1.102018
-1.520670 5.671107 1.122072
-1.309353 5.470012 0.644208
-1.499044 5.663962 1.073522
-1.506861 5.669851 1.076564
-1.347749 5.531827 0.745765
-1.261176 5.464862 0.515414
-1.478175 5.662226 1.019782
-1.352108 5.534732 0.747060
-1.507824 5.677226 1.088501
-1.278942 5.481977 0.556683
-1.496784 5.697172 1.049117
-1.254110 5.482584 0.488230
-1.289207 5.497232 0.594184
-1.353638 5.541816 0.747946
-1.382126 5.596924 0.747616
-1.256326 5.467507 0.498570
-1.222402 5.423480 0.423099
-1.400297 5.601101 0.794411
-1.252059 5.474118 0.499053
-1.409098 5.605558 0.837450
-1.342044 5.572350 0.725931
-1.539162 5.716213 1.172322
-1.424551 5.611147 0.882599
-1.513932 5.711603 1.117261
-1.253804 5.462514 0.499637
-1.510664 5.694801 1.100984
-1.321561 5.521571 0.628380
-1.169800 5.422190 0.275530
-1.511441 5.719341 1.071616
-1.493551 5.707446 1.067955
-1.345319 5.578024 0.736211
-1.260000 5.515041 0.499821
-1.485296 5.716817 1.011267
-1.203347 5.446005 0.369757
-1.351434 5.581513 0.738761
-1.512326 5.728519 1.085210
-1.276075 5.528756 0.543465
-1.165441 5.444849 0.272559
-1.172133 5.414788 0.290841
-1.500911 5.747212 1.042945
-1.173796 5.433275 0.283025
-1.285949 5.541755 0.583376
-1.249882 5.530058 0.474193
-1.218285 5.467255 0.410645
-1.351583 5.589255 0.741271
-1.249476 5.511680 0.489761
-1.376106 5.643744 0.737206
-1.406225 5.651345 0.829509
-1.249617 5.521255 0.486665
-1.394733 5.647369 0.785221
-1.540751 5.761161 1.169713
-1.365890 5.636965 0.709205
-1.430054 5.660513 0.874809
-1.167000 5.450017 0.276690
-1.518943 5.761458 1.113134
-1.253147 5.509312 0.488899
-1.184658 5.470766 0.316429
-1.518624 5.749112 1.099409
-1.165980 5.471944 0.256642
-1.504569 5.763476 1.067670
-1.504190 5.763205 1.061942
-1.379690 5.649057 0.718479
-1.257896 5.566280 0.484228
-1.370875 5.643165 0.725609
-1.196064 5.490767 0.357281
-1.484473 5.768190 1.003417
-1.514653 5.777883 1.082676
-1.295096 5.592004 0.521358
-1.167479 5.460903 0.278828
-1.165103 5.497661 0.252940
-1.504508 5.799605 1.037205
-1.165606 5.478171 0.270952
-1.307662 5.604521 0.562515
-1.249166 5.579662 0.459816
-1.218977 5.515275 0.395040
-1.545373 5.808753 1.167992
-1.367494 5.648718 0.730900
-1.254474 5.564425 0.474682
-1.410342 5.702328 0.820499
-1.420681 5.699612 0.869542
-1.134858 5.448869 0.227203
-1.379653 5.698968 0.725398
-1.251954 5.573559 0.470730
-1.395256 5.698979 0.775362
-1.364683 5.687056 0.698490
-1.520847 5.810457 1.109768
-1.324673 5.617174 0.606148
-1.168869 5.503826 0.256701
-1.246670 5.555693 0.480121
-1.520476 5.798987 1.098098
-1.180423 5.519183 0.299549
-1.508649 5.814385 1.063549
-1.158631 5.519501 0.240538
-1.504279 5.813458 1.056535
-1.368390 5.692123 0.712441
-1.199296 5.543872 0.338109
-1.372250 5.695490 0.717407
-1.270641 5.629651 0.462865
-1.480971 5.819066 0.997157
-1.522564 5.834019 1.080303
-1.170289 5.512659 0.261674
-1.291646 5.642957 0.507775
-1.497189 5.844275 1.032025
-1.164853 5.529629 0.253340
-1.164258 5.552852 0.231300
-1.306028 5.654214 0.550973
-1.543836 5.853755 1.165739
-1.218741 5.564341 0.379432
-1.423056 5.749026 0.862108
-1.370205 5.701254 0.723116
-1.268500 5.647896 0.434105
-1.405644 5.749304 0.812944
-1.269913 5.627297 0.454560
-1.142607 5.502186 0.203185
-1.396215 5.750929 0.766317
-1.366936 5.741107 0.686638
-1.276157 5.643228 0.445505
-1.326154 5.667716 0.593832
-1.372605 5.749552 0.716237
-1.522706 5.861282 1.105595
-1.161956 5.551724 0.241407
-1.277919 5.628717 0.454617
-1.522233 5.851567 1.098031
-1.204235 5.589521 0.265760
-1.507401 5.864352 1.060135
-1.149009 5.567831 0.226435
-1.506961 5.866897 1.050769
-1.365816 5.742846 0.703326
-1.213055 5.605300 0.312222
-1.360886 5.740337 0.712999
-1.518237 5.882213 1.078047
-1.268837 5.685824 0.446095
-1.480032 5.874053 0.990143
-1.165961 5.562793 0.248883
-1.500697 5.899360 1.027517
-1.287701 5.695325 0.495004
-1.554027 5.909028 1.163760
-1.163602 5.582501 0.236543
-1.229852 5.623396 0.358374
-1.413619 5.789900 0.858473
-1.302142 5.704741 0.538989
-1.174388 5.616780 0.201328
-1.408341 5.802757 0.804742
-1.372818 5.756501 0.716577
-1.138352 5.551480 0.185893
-1.257992 5.695418 0.423228
-1.266421 5.679101 0.443014
-1.324958 5.717762 0.583095
-1.388358 5.798884 0.758722
-1.265228 5.689418 0.436644
-1.522794 5.911467 1.102602
-1.363404 5.793811 0.677128
-1.366414 5.801823 0.705868
-1.183539 5.621967 0.207580
-1.264788 5.672945 0.448967
-1.520889 5.903292 1.098715
-1.191537 5.636072 0.252809
-1.506556 5.915601 1.057146
-1.172311 5.641512 0.187780
-1.360590 5.792153 0.696195
-1.502126 5.917490 1.046495
-1.210003 5.658463 0.296215
-1.372691 5.802739 0.702182
-1.517371 5.933416 1.077506
-1.268313 5.744051 0.428957
-1.483403 5.933746 0.983652
-1.555505 5.957584 1.161981
-1.182690 5.629663 0.220252
-1.496740 5.950720 1.022447
-1.424640 5.848771 0.849627
-1.283732 5.748607 0.481830
-1.222902 5.672170 0.345109
-1.182903 5.653539 0.204737
-1.300380 5.759024 0.525446
-1.406658 5.853286 0.797662
-1.169038 5.672663 0.181661
-1.155552 5.618796 0.153192
-1.376283 5.813437 0.708842
-1.262029 5.731042 0.431860
-1.320685 5.766028 0.573515
-1.257468 5.753639 0.406088
-1.530671 5.969422 1.099403
-1.262133 5.743467 0.422678
-1.361151 5.848572 0.667250
-1.392192 5.859003 0.748174
-1.263905 5.727026 0.437478
-1.176017 5.674964 0.191518
-1.367985 5.862784 0.694898
-1.534776 5.967427 1.099353
-1.509117 5.971705 1.055079
-1.191450 5.695650 0.231213
-1.499899 5.970359 1.042280
-1.360066 5.848425 0.687173
-1.170466 5.700493 0.164932
-1.370473 5.855611 0.695540
-1.209555 5.714867 0.277422
-1.528174 5.996740 1.076458
-1.263357 5.800230 0.414994
-1.181340 5.685237 0.204706
-1.481064 5.990297 0.977855
-1.425594 5.900662 0.843000
-1.503602 6.012497 1.018064
-1.226897 5.729648 0.325972
-1.284943 5.808336 0.465541
-1.303435 5.816576 0.511596
-1.178893 5.708669 0.188336
-1.407472 5.909785 0.789059
-1.314580 5.815505 0.564332
-1.146757 5.669721 0.137491
-1.367000 5.862915 0.704917
-1.530234 6.021952 1.096833
-1.258859 5.786886 0.419547
-1.166662 5.733995 0.159245
-1.249460 5.807120 0.393682
-1.258936 5.800230 0.409969
-1.389042 5.913913 0.738683
-1.359272 5.905536 0.657402
-1.262520 5.782533 0.426814
-1.173278 5.733120 0.171908
-1.528125 6.017295 1.101156
-1.512929 6.030791 1.052247
-1.369106 5.924291 0.682698
-1.190015 5.754951 0.211632
-1.512850 6.037479 1.037227
-1.363426 5.909037 0.677848
-1.160659 5.755245 0.148043
-1.204647 5.770147 0.261411
-1.369876 5.913676 0.688169
-1.525852 6.051361 1.076340
-1.125611 5.706546 0.064323
-1.427350 5.955123 0.837232
-1.178636 5.741504 0.188332
-1.507388 6.072493 1.014836
-1.222476 5.783454 0.311574
-1.486488 6.055535 0.971455
-1.256543 5.858538 0.401032
-1.291111 5.864341 0.503941
-1.280449 5.863956 0.452791
-1.177459 5.767961 0.168754
-1.409990 5.968705 0.780914
-1.307546 5.866043 0.555147
-1.149357 5.729757 0.114297
-1.530570 6.077977 1.094724
-1.371641 5.924623 0.698068
-1.259146 5.846702 0.406102
-1.254519 5.873063 0.373853
-1.162454 5.796528 0.137226
-1.262244 5.864625 0.391727
-1.387996 5.972534 0.730082
-1.358167 5.965991 0.648015
-1.263234 5.842716 0.414194
-1.545369 6.088120 1.101916
-1.166528 5.790562 0.153457
-1.522752 6.097012 1.050402
-1.363535 5.984603 0.673248
-1.186322 5.815090 0.191621
-1.513075 6.097186 1.033534
-1.365831 5.971630 0.668124
-1.196662 5.823647 0.246555
-1.158205 5.819325 0.124433
-1.372736 5.975713 0.679666
-1.536929 6.119603 1.076576
-1.435138 6.016763 0.830001
-1.179305 5.804508 0.169640
-1.221084 5.840867 0.295218
-1.512796 6.137680 1.010877
-1.293130 5.926633 0.488501
-1.315393 5.927783 0.540586
-1.487904 6.120062 0.966213
-1.405047 6.022933 0.775053
-1.255785 5.924065 0.383160
-1.172469 5.825984 0.151554
-1.276274 5.923622 0.439280
-1.536519 6.139849 1.093171
-1.140458 5.784351 0.097003
-1.369726 5.981494 0.693104
-1.260656 5.910416 0.391498
-1.250708 5.935891 0.357537
-1.259370 5.925422 0.378251
-1.385119 6.032362 0.721876
-1.354407 6.025997 0.637765
-1.159043 5.862590 0.113220
-1.269157 5.908420 0.398855
-1.524233 6.158732 1.048789
-1.164931 5.855369 0.131495
-1.181673 5.877207 0.171212
-1.365778 6.052720 0.661143
-1.362953 6.031448 0.659921
-1.516707 6.161744 1.030763
-1.199483 5.890454 0.223852
-1.375494 6.040463 0.672419
-1.154795 5.885382 0.100425
-1.436314 6.075411 0.823864
-1.115182 5.825095 0.020575
-1.176048 5.864034 0.153293
-1.217860 5.899485 0.279260
-1.509890 6.197444 1.007547
-1.312163 5.985419 0.529904
-1.292896 5.988798 0.475475
-1.408289 6.087180 0.766572
-1.169949 5.890888 0.132436
-1.490095 6.188079 0.961430
-1.276376 5.989877 0.423052
-1.140299 5.846646 0.074205
-1.245309 5.984784 0.369989
-1.377269 6.050445 0.685156
-1.257309 5.971719 0.379241
-1.249450 6.002834 0.340490
-1.256389 5.989897 0.363186
-1.264087 5.967252 0.388582
-1.390853 6.102571 0.711878
-1.364888 6.102279 0.623836
-1.149422 5.925977 0.093583
-1.530452 6.225522 1.048526
-1.161531 5.920456 0.110325
-1.176070 5.941303 0.150405
-1.520715 6.228503 1.028021
-1.369961 6.103710 0.649562
-1.371400 6.126605 0.649564
-1.193516 5.951382 0.205850
-1.435686 6.134344 0.818519
-1.371668 6.101300 0.666660
-1.152183 5.954965 0.074431
-1.115726 5.894642 -0.008233
-1.210656 5.956470 0.264856
-1.170056 5.924911 0.137743
-1.312389 6.047026 0.518092
-1.514670 6.267694 1.005270
-1.411030 6.152851 0.758915
-1.287323 6.050033 0.463178
-1.138730 5.911475 0.049788
-1.166951 5.957258 0.111693
-1.280756 6.062718 0.404108
-1.380832 6.117763 0.678761
-1.494337 6.261648 0.956744
-1.249997 6.062635 0.347448
-1.262142 6.044000 0.361522
-1.256838 6.059262 0.346595
-1.268022 6.038716 0.374103
-1.388700 6.167723 0.703336
-1.248058 6.074374 0.321457
-1.360100 6.166057 0.614839
-1.147128 5.999605 0.066829
-1.161051 5.992830 0.085616
-1.371287 6.171907 0.640293
-1.173840 6.012130 0.127281
-1.186993 6.015577 0.187881
-1.367778 6.196136 0.638615
-1.375971 6.173993 0.657489
-1.148167 6.026114 0.049660
-1.209423 6.023437 0.245355
-1.171874 5.994553 0.116693
-1.311661 6.110613 0.505883
-1.413271 6.219947 0.752083
-1.290384 6.121687 0.446641
-1.131349 5.974918 0.030173
-1.159922 6.022872 0.094558
-1.382089 6.186800 0.673987
-1.277142 6.133223 0.387880
-1.259435 6.113389 0.347742
-1.245449 6.134199 0.331227
-1.264551 6.103646 0.362700
-1.251527 6.126365 0.332751
-1.391651 6.241116 0.693334
-1.363868 6.242054 0.603258
-1.245291 6.146561 0.304044
-1.142128 6.073657 0.041266
-1.154810 6.062938 0.063653
-1.366826 6.238769 0.633373
-1.168477 6.083017 0.104521
-1.187376 6.088681 0.164812
-1.378954 6.245491 0.650729
-1.371837 6.277108 0.625876
-1.211195 6.094925 0.223501
-1.106039 6.033608 -0.060287
-1.312129 6.179019 0.492116
-1.142742 6.099794 0.023269
-1.168273 6.065062 0.098031
-1.289891 6.192073 0.432485
-1.130048 6.045617 0.004199
-1.158041 6.096809 0.071067
-1.381117 6.255756 0.669176
-1.268700 6.200398 0.374396
-1.255830 6.182913 0.334355
-1.264882 6.175674 0.349804
-1.247725 6.217434 0.308718
-1.250438 6.201895 0.315397
-1.252771 6.235314 0.278823
-1.149821 6.136017 0.040927
-1.136118 6.151525 0.014514
-1.178068 6.156058 0.146841
-1.158657 6.152783 0.084540
-1.308166 6.245384 0.481525
-1.164650 6.136481 0.078967
-1.289719 6.266500 0.417567
-1.120303 6.113571 -0.017435
-1.156879 6.176070 0.047246
-1.272318 6.282885 0.355150
-1.258122 6.264214 0.317527
-1.265107 6.251378 0.335319
-1.254000 6.286215 0.295363
-1.178693 6.235950 0.121819
-1.160493 6.237533 0.055523
-1.204839 6.238556 0.184559
-1.159568 6.211312 0.060335
-1.165689 6.301677 0.031443
-1.463220 5.548208 0.916478
-1.445953 5.458753 0.965595
-1.518341 5.653167 1.103217
-1.394405 5.448242 0.829091
-1.342785 5.489934 0.690768
-1.468800 5.469179 1.058706
-1.506138 5.568863 1.073934
-1.482765 5.552817 1.022627
-1.485393 5.477307 1.036752
-1.479773 5.640958 1.013770
-1.336504 5.491757 0.596319
-1.410457 5.578828 0.833803
-1.518562 5.689831 1.097791
-1.408533 5.493157 0.815600
-1.360070 5.539209 0.677124
-1.351424 5.449600 0.703190
-1.499180 5.602414 1.066578
-1.490099 5.515424 1.048023
-1.255230 5.449577 0.451990
-1.231814 5.426849 0.393981
-1.463108 5.425320 1.041023
-1.480682 5.512654 1.028510
-1.483898 5.592906 1.015032
-1.478676 5.682049 1.008185
-1.418757 5.620947 0.823688
-1.323730 5.526968 0.587682
-1.517446 5.727213 1.091525
-1.177448 5.395749 0.259058
-1.375876 5.429393 0.800280
-1.398439 5.526850 0.806198
-1.361660 5.582301 0.666567
-1.340444 5.485397 0.695755
-1.505692 5.644057 1.057702
-1.482251 5.550010 1.038177
-1.229350 5.466589 0.381097
-1.484383 5.467865 1.029657
-1.248745 5.489842 0.442355
-1.445812 5.451870 1.019210
-1.482693 5.550647 1.018939
-1.476960 5.630161 1.008351
-1.479832 5.725913 1.003718
-1.421682 5.662410 0.814409
-1.511842 5.762830 1.086134
-1.323961 5.567978 0.575152
-1.307175 5.466084 0.566932
-1.179929 5.440273 0.242320
-1.378784 5.468910 0.786984
-1.402703 5.568430 0.794873
-1.367750 5.629951 0.656254
-1.504575 5.682353 1.050993
-1.359068 5.534779 0.680064
-1.343296 5.449481 0.708020
-1.167850 5.443619 0.196444
-1.486513 5.590701 1.027293
-1.242145 5.514650 0.358107
-1.473838 5.501184 1.019449
-1.272763 5.544203 0.418727
-1.482020 5.588356 1.011036
-1.479213 5.503242 1.005482
-1.481238 5.672816 1.001497
-1.479639 5.768686 0.999314
-1.410701 5.697290 0.807432
-1.510285 5.801713 1.080645
-1.322409 5.609402 0.563445
-1.256512 5.455268 0.454977
-1.314588 5.510966 0.551010
-1.173897 5.481743 0.230613
-1.364960 5.413761 0.764411
-1.390224 5.513457 0.772704
-1.399351 5.607567 0.785288
-1.503913 5.721859 1.042212
-1.361278 5.671198 0.648640
-1.363798 5.579458 0.668237
-1.345767 5.490496 0.695505
-1.239699 5.557095 0.343914
-1.478086 5.539162 1.009901
-1.205819 5.439179 0.350568
-1.173938 5.492646 0.173025
-1.484507 5.630035 1.018108
-1.263600 5.585080 0.410311
-1.474176 5.623929 1.003213
-1.181921 5.413817 0.253026
-1.480139 5.713908 0.995927
-1.411840 5.739161 0.798978
-1.511419 5.841862 1.075520
-1.463752 5.537121 0.994042
-1.482599 5.814925 0.995196
-1.320857 5.650817 0.551740
-1.277847 5.438712 0.543360
-1.255855 5.497400 0.442426
-1.308993 5.550035 0.538980
-1.400488 5.649367 0.774383
-1.185819 5.533614 0.206275
-1.389566 5.554697 0.760592
-1.363395 5.453329 0.751130
-1.498325 5.760195 1.035518
-1.364236 5.718161 0.639187
-1.372126 5.627002 0.655490
-1.366179 5.539463 0.679026
-1.237265 5.601342 0.328841
-1.165663 5.533138 0.159315
-1.352176 5.450890 0.702601
-1.478759 5.577880 0.999511
-1.232074 5.494173 0.319166
-1.482501 5.669363 1.008924
-1.260724 5.630012 0.398891
-1.485185 5.670136 0.994596
-1.515707 5.885477 1.070681
-1.409395 5.779963 0.790565
-1.176331 5.454693 0.240116
-1.482636 5.757870 0.989439
-1.318416 5.693339 0.539998
-1.481973 5.860094 0.991119
-1.470718 5.580898 0.982652
-1.304989 5.491881 0.517332
-1.273152 5.550023 0.419692
-1.307000 5.592879 0.525589
-1.256033 5.464033 0.457471
-1.176314 5.386834 0.269476
-1.393106 5.688028 0.766047
-1.185630 5.579639 0.190323
-1.391150 5.596810 0.748041
-1.377530 5.499973 0.734325
-1.197983 5.416886 0.314963
-1.495428 5.799798 1.029189
-1.360922 5.763772 0.631421
-1.367445 5.668738 0.646635
-1.230785 5.642402 0.316337
-1.361486 5.579319 0.668601
-1.467767 5.610883 0.990966
-1.165477 5.579979 0.140474
-1.349707 5.488842 0.690608
-1.226041 5.535555 0.305014
-1.521800 5.931467 1.066167
-1.483192 5.710864 0.999665
-1.409647 5.822932 0.782076
-1.256955 5.675144 0.387874
-1.479145 5.708085 0.987100
-1.483341 5.801334 0.984197
-1.181966 5.502512 0.218785
-1.316432 5.737150 0.528620
-1.488537 5.910179 0.988092
-1.462882 5.618201 0.971500
-1.267573 5.591879 0.408791
-1.294021 5.530303 0.506144
-1.305007 5.635715 0.512201
-1.272869 5.514466 0.434815
-1.181037 5.432078 0.247418
-1.396952 5.733800 0.754186
-1.184558 5.627673 0.173893
-1.383318 5.635085 0.738901
-1.379566 5.543307 0.719687
-1.493886 5.841389 1.022382
-1.204054 5.463217 0.292867
-1.357608 5.809374 0.623657
-1.231498 5.689114 0.299546
-1.158555 5.622449 0.126289
-1.363226 5.712670 0.637703
-1.473830 5.653042 0.980864
-1.371605 5.627355 0.654613
-1.515321 5.970071 1.062331
-1.366981 5.537051 0.672523
-1.409017 5.867913 0.773108
-1.224059 5.581015 0.287857
-1.480749 5.751685 0.991249
-1.475797 5.747301 0.979969
-1.259478 5.725228 0.373413
-1.315346 5.781649 0.516403
-1.481811 5.844817 0.978957
-1.188504 5.551921 0.196174
-1.491521 5.960097 0.984666
-1.268486 5.463148 0.488499
-1.458193 5.658069 0.961075
-1.268292 5.639597 0.394005
-1.297862 5.576820 0.488945
-1.305711 5.680720 0.498738
-1.276705 5.560073 0.418058
-1.394516 5.776410 0.744894
-1.184296 5.389787 0.276263
-1.177693 5.474655 0.231181
-1.185289 5.677994 0.155340
-1.376400 5.676770 0.727598
-1.500425 5.887690 1.016224
-1.257778 5.471555 0.450612
-1.371298 5.583914 0.708421
-1.213278 5.512924 0.268608
-1.521869 6.017341 1.058184
-1.230428 5.737136 0.283120
-1.357459 5.860249 0.615298
-1.156138 5.670203 0.107014
-1.411529 5.914545 0.765309
-1.362147 5.758172 0.627491
-1.473621 5.693845 0.972448
-1.362889 5.667637 0.644996
-1.360945 5.576724 0.661699
-1.219381 5.624374 0.273230
-1.177205 5.403547 0.256159
-1.476052 5.790376 0.973926
-1.481458 5.795972 0.983120
-1.260215 5.775718 0.359758
-1.309338 5.825886 0.505833
-1.487024 5.893731 0.973523
-1.182941 5.597297 0.181067
-1.553931 5.790968 1.194043
-1.497653 6.012570 0.981968
-1.281292 5.513120 0.467087
-1.264072 5.684336 0.382188
-1.285558 5.616037 0.479369
-1.461141 5.703168 0.950054
-1.301044 5.725070 0.486118
-1.394783 5.822093 0.735085
-1.266652 5.601978 0.407160
-1.177048 5.724056 0.143891
-1.184090 5.433868 0.256293
-1.196341 5.529906 0.200187
-1.498451 5.931675 1.009744
-1.382491 5.724328 0.714858
-1.278203 5.523872 0.425030
-1.527986 6.067009 1.054361
-1.206799 5.554815 0.253217
-1.409102 5.958116 0.758031
-1.224431 5.783991 0.268782
-1.358203 5.910904 0.606541
-1.375144 5.630523 0.693670
-1.151934 5.718362 0.088544
-1.470722 5.733369 0.963673
-1.354354 5.802922 0.620170
-1.359562 5.711362 0.635665
-1.218753 5.671808 0.255599
-1.364780 5.621519 0.647831
-1.476312 5.834350 0.967444
-1.307825 5.873681 0.493503
-1.256020 5.824135 0.348632
-1.478126 5.837893 0.974670
-1.172067 5.445557 0.238717
-1.487753 5.940877 0.968973
-1.182317 5.645633 0.162995
-1.499308 6.064181 0.979712
-1.562269 5.838690 1.186196
-1.266150 5.734932 0.366487
-1.278406 5.556995 0.451213
-1.287618 5.663857 0.462538
-1.292792 5.768435 0.475989
-1.459605 5.746497 0.939917
-1.391459 5.865800 0.725758
-1.264667 5.646615 0.392895
-1.175554 5.776276 0.126911
-1.180003 5.568648 0.191858
-1.500968 5.978401 1.004393
-1.194658 5.484584 0.229548
-1.384559 5.772316 0.702923
-1.530967 6.115999 1.051383
-1.413435 6.009825 0.749237
-1.268587 5.564278 0.413369
-1.223822 5.834193 0.252283
-1.201685 5.600502 0.236466
-1.150887 5.770797 0.067472
-1.362112 5.966826 0.597189
-1.473216 5.777242 0.954742
-1.356429 5.851877 0.610247
-1.377203 5.677538 0.679725
-1.362522 5.759137 0.623330
-1.306768 5.922761 0.481537
-1.361445 5.664261 0.636493
-1.479271 5.880490 0.960886
-1.217247 5.722154 0.237050
-1.253634 5.875829 0.337392
-1.481994 5.886541 0.966388
-1.157064 5.483507 0.228781
-1.488039 5.988614 0.965631
-1.177220 5.694096 0.147375
-1.499170 6.115295 0.978704
-1.557148 5.880130 1.178990
-1.256115 5.779609 0.356722
-1.293973 5.818327 0.461132
-1.289236 5.712265 0.446914
-1.268801 5.599211 0.438671
-1.392637 5.914056 0.716679
-1.461222 5.793290 0.930066
-1.175869 5.831683 0.107369
-1.262249 5.693652 0.378957
-1.501248 6.025144 0.999044
-1.528554 6.160634 1.048565
-1.181623 5.618690 0.170458
-1.190884 5.530380 0.210749
-1.411486 6.058291 0.740564
-1.380794 5.817449 0.691912
-1.218292 5.884132 0.237432
-1.266156 5.609437 0.397861
-1.361526 6.019172 0.589602
-1.199717 5.648661 0.217994
-1.144018 5.822273 0.048891
-1.474818 5.821314 0.946216
-1.354481 5.901265 0.601130
-1.306621 5.974335 0.467851
-1.357420 5.805072 0.613926
-1.476402 5.924682 0.954811
-1.364013 5.717868 0.670113
-1.205860 5.765651 0.224879
-1.352734 5.705444 0.626440
-1.254854 5.932102 0.321904
-1.487211 5.936266 0.958070
-1.494625 6.042289 0.960850
-1.183343 5.543737 0.189847
-1.173028 5.744149 0.130474
-1.505782 6.172734 0.977061
-1.570453 5.933542 1.194229
-1.560115 5.927186 1.171990
-1.257761 5.832592 0.341349
-1.287530 5.864878 0.448443
-1.391584 5.963234 0.707161
-1.280986 5.756449 0.433898
-1.267730 5.647265 0.422243
-1.534695 6.213976 1.045435
-1.174392 5.886590 0.089073
-1.457006 5.837226 0.921139
-1.506031 6.076433 0.993942
-1.258944 5.741793 0.364981
-1.411791 6.109519 0.733019
-1.176524 5.667074 0.152390
-1.377935 5.864259 0.682069
-1.221751 5.941099 0.216611
-1.188907 5.577561 0.190269
-1.262832 5.654794 0.382757
-1.147931 5.881262 0.023096
-1.355562 6.069963 0.583302
-1.473290 5.865612 0.938093
-1.302890 6.024925 0.456656
-1.202248 5.701195 0.194874
-1.355241 5.954626 0.591056
-1.355458 5.852575 0.603242
-1.482974 5.976476 0.948463
-1.203467 5.817089 0.206297
-1.357491 5.754615 0.612422
-1.254732 5.988266 0.308467
-1.368781 5.768851 0.655213
-1.484353 5.982257 0.951116
-1.491783 6.090242 0.957914
-1.183158 5.591402 0.168125
-1.171987 5.797574 0.111413
-1.511958 6.231665 0.976185
-1.256727 5.886189 0.327184
-1.555905 5.971203 1.165513
-1.287386 5.917365 0.434316
-1.393235 6.015478 0.697128
-1.277692 5.806393 0.419044
-1.171579 5.942293 0.072387
-1.504537 6.125384 0.988521
-1.263518 5.693733 0.407102
-1.416154 6.165802 0.724478
-1.259688 5.794003 0.348002
-1.460438 5.888196 0.910736
-1.176363 5.718415 0.131358
-1.214434 5.991433 0.202569
-1.379577 5.915532 0.670025
-1.144216 5.936093 0.002357
-1.181564 5.625075 0.172642
-1.301407 6.077285 0.444581
-1.363098 6.133321 0.573284
-1.263558 5.704226 0.364649
-1.473561 5.911379 0.930737
-1.192667 5.747893 0.180139
-1.358249 6.009756 0.580103
-1.357549 5.904233 0.592002
-1.480124 6.023449 0.943519
-1.201534 5.870714 0.187639
-1.349235 5.797080 0.602737
-1.248785 6.042569 0.297960
-1.498388 6.146696 0.954266
-1.479708 6.028657 0.944968
-1.359642 5.813336 0.645047
-1.174912 5.637311 0.151781
-1.170064 5.853003 0.091875
-1.515004 6.290819 0.975714
-1.289495 5.972526 0.418871
-1.256598 5.941374 0.311739
-1.390401 6.065957 0.687978
-1.502594 6.174021 0.984747
-1.277995 5.859195 0.403272
-1.415134 6.219625 0.717664
-1.166995 6.001111 0.055186
-1.258636 5.844810 0.332711
-1.268749 5.748537 0.386351
-1.465670 5.940630 0.901098
-1.211184 6.048541 0.184202
-1.169933 5.768489 0.114462
-1.374937 5.963645 0.660550
-1.301299 6.135237 0.430268
-1.137825 5.992440 -0.017614
-1.361654 6.191350 0.565913
-1.472494 5.957861 0.922541
-1.180063 5.677148 0.150767
-1.259807 5.752878 0.349433
-1.354538 6.063232 0.572483
-1.192523 5.801933 0.157789
-1.356054 5.954820 0.580804
-1.481325 6.074579 0.938020
-1.200507 5.925926 0.167702
-1.253181 6.105883 0.281004
-1.349968 5.846673 0.589528
-1.485855 6.083742 0.938508
-1.496024 6.199627 0.952383
-1.355449 5.861772 0.633925
-1.170847 5.912311 0.068933
-1.170265 5.686900 0.131632
-1.283075 6.022749 0.406876
-1.390721 6.119891 0.679116
-1.254682 5.996963 0.297100
-1.417712 6.276301 0.709932
-1.510560 6.233352 0.980182
-1.167804 6.064083 0.032936
-1.272920 5.910438 0.388786
-1.251768 5.895563 0.319470
-1.209294 6.108528 0.164919
-1.258727 5.795842 0.372822
-1.171142 5.824508 0.091634
-1.455644 5.985401 0.893786
-1.304346 6.196641 0.416242
-1.133243 6.051970 -0.040147
-1.378404 6.020894 0.647073
-1.368768 6.258893 0.555343
-1.473682 6.007107 0.915474
-1.253814 5.800641 0.334662
-1.170934 5.725059 0.133949
-1.358474 6.123639 0.560940
-1.487029 6.130252 0.932767
-1.356825 6.009976 0.569854
-1.195900 5.981056 0.149815
-1.187458 5.855792 0.139536
-1.253106 6.169321 0.266500
-1.353861 5.900628 0.576166
-1.506701 6.263015 0.949309
-1.483482 6.135608 0.932170
-1.355756 5.914668 0.620602
-1.157706 5.961694 0.057383
-1.165181 5.737982 0.112249
-1.285657 6.081891 0.390478
-1.395110 6.180686 0.668376
-1.252339 6.055850 0.282348
-1.512693 6.289831 0.976541
-1.158744 6.122112 0.018630
-1.272341 5.965232 0.372541
-1.201567 6.164847 0.149448
-1.248052 5.949686 0.304068
-1.302920 6.258084 0.402220
-1.258143 5.850575 0.354125
-1.168333 5.881860 0.069173
-1.456858 6.039162 0.884518
-1.376935 6.075165 0.636566
-1.480271 6.061594 0.907811
-1.248281 5.850595 0.319815
-1.361075 6.184840 0.551006
-1.488249 6.184159 0.928400
-1.255740 6.236722 0.251041
-1.188163 6.036409 0.132334
-1.170349 5.780518 0.109917
-1.353112 6.063365 0.559789
-1.187786 5.913811 0.116233
-1.351022 5.951033 0.564569
-1.486505 6.191808 0.925678
-1.162114 6.028358 0.031325
-1.358776 5.972438 0.605881
-1.162342 5.790750 0.089541
-1.395004 6.237906 0.659403
-1.283317 6.140769 0.375728
-1.251352 6.116712 0.267120
-1.271335 6.023325 0.356183
-1.206458 6.236463 0.124444
-1.253337 6.012728 0.284263
-1.164183 5.939103 0.048763
-1.254421 5.903807 0.339163
-1.378178 6.134307 0.624663
-1.480134 6.113435 0.901475
-1.493978 6.243510 0.923839
-1.363243 6.248433 0.541399
-1.248153 5.906605 0.301485
-1.260649 6.310398 0.232501
-1.357047 6.123772 0.548249
-1.184938 6.098019 0.111772
-1.178698 5.968089 0.098791
-1.172920 5.840248 0.083285
-1.349998 6.005616 0.552418
-1.495385 6.254536 0.918954
-1.156650 6.089988 0.010764
-1.398062 6.300385 0.649836
-1.286832 6.206083 0.358300
-1.360461 6.031002 0.592771
-1.160425 5.847902 0.066679
-1.246785 6.177492 0.253942
-1.206422 6.306909 0.101531
-1.267188 6.079833 0.341110
-1.241100 6.062891 0.274322
-1.159150 5.998348 0.027876
-1.375384 6.191170 0.614888
-1.478211 6.165684 0.895944
-1.255663 5.964510 0.319035
-1.462909 6.153305 0.868204
-1.178578 6.158947 0.092056
-1.352908 6.180448 0.538073
-1.248935 5.965106 0.281435
-1.175469 6.029624 0.075780
-1.166075 5.896233 0.062512
-1.339096 6.054175 0.543756
-1.153892 6.155581 -0.010771
-1.280920 6.266674 0.344705
-1.162559 5.909936 0.037909
-1.252575 6.249988 0.232976
-1.349566 6.081371 0.583212
-1.266655 6.142811 0.323343
-1.246408 6.130426 0.252307
-1.153227 6.058696 0.006941
-1.380238 6.255954 0.603184
-1.485284 6.226946 0.888446
-1.249716 6.020461 0.302746
-1.459656 6.208983 0.860502
-1.183024 6.231982 0.065360
-1.355518 6.244352 0.526813
-1.243438 6.021444 0.265950
-1.167754 6.089487 0.056092
-1.348417 6.118761 0.527155
-1.152953 5.950058 0.046306
-1.152132 5.964937 0.019638
-1.353070 6.145007 0.569120
-1.262101 6.206221 0.306409
-1.240052 6.191540 0.237497
-1.145526 6.120351 -0.013605
-1.482925 6.281585 0.883255
-1.465416 6.274656 0.852875
-1.244700 6.081698 0.285886
-1.242899 6.083442 0.246202
-1.347431 6.179725 0.514388
-1.151085 6.015310 0.019499
-1.144417 6.024720 -0.002477
-1.357040 6.211727 0.554514
-1.264752 6.277148 0.286757
-1.244505 6.264756 0.215721
-1.245088 6.148981 0.265546
-1.236539 6.144478 0.228945
-1.351396 6.245529 0.500225
-1.146533 6.080266 -0.005658
-1.141661 6.091063 -0.029318
-1.356976 6.277069 0.541597
-1.245492 6.218956 0.243888
-1.236040 6.212854 0.208570
-1.139300 6.145833 -0.029605
-1.236905 6.285006 0.186839
-1.244576 6.292429 0.222520
-1.455223 5.394402 1.102000
-1.461194 5.432210 1.094785
-1.460910 5.468557 1.086719
-1.464483 5.396604 1.107787
-1.435373 5.452684 1.013366
-1.463746 5.506567 1.079877
-1.481441 5.454406 1.156566
-1.461079 5.431285 1.098500
-1.439123 5.491406 1.005699
-1.482487 5.568888 1.166109
-1.479816 5.486863 1.147347
-1.478676 5.549833 1.072649
-1.461686 5.466522 1.090469
-1.456323 5.399168 1.111716
-1.439737 5.530335 0.998403
-1.437939 5.451224 1.018341
-1.403663 5.499759 0.908091
-1.334731 5.435739 0.756514
-1.508136 5.613575 1.159788
-1.469136 5.433248 1.129530
-1.478643 5.521527 1.138089
-1.468971 5.584981 1.066549
-1.463645 5.503765 1.082005
-1.460526 5.433615 1.102111
-1.436762 5.567265 0.991518
-1.438568 5.488279 1.009455
-1.314745 5.440670 0.675432
-1.402950 5.534793 0.899630
-1.509167 5.648265 1.153000
-1.339895 5.477315 0.745525
-1.467097 5.468060 1.118222
-1.472539 5.553093 1.129248
-1.479928 5.545338 1.073609
-1.466871 5.623589 1.060869
-1.459359 5.468282 1.092852
-1.460291 5.395853 1.110604
-1.422584 5.601530 0.985792
-1.441879 5.526613 1.000980
-1.311856 5.476571 0.664060
-1.380277 5.562091 0.893132
-1.444131 5.456258 1.020747
-1.505718 5.682068 1.146590
-1.339665 5.516376 0.736162
-1.455584 5.414560 1.095913
-1.344061 5.438871 0.761858
-1.460571 5.501071 1.107715
-1.255987 5.436073 0.512934
-1.497328 5.598838 1.120457
-1.471941 5.665267 1.054794
-1.475608 5.582083 1.066313
-1.460476 5.428830 1.100172
-1.469833 5.506001 1.083252
-1.418589 5.614044 0.879031
-1.308506 5.513050 0.653895
-1.506302 5.719157 1.140158
-1.344368 5.558521 0.726380
-1.342947 5.476259 0.751299
-1.450875 5.449002 1.083766
-1.467476 5.539528 1.097248
-1.494796 5.634269 1.112801
-1.252206 5.474957 0.503113
-1.166597 5.387925 0.291410
-1.230046 5.455988 0.448999
-1.458426 5.461817 1.089715
-1.477107 5.619892 1.059058
-1.472085 5.704761 1.048712
-1.477616 5.545221 1.074409
-1.406681 5.647315 0.871303
-1.306063 5.550237 0.642910
-1.300571 5.455263 0.634186
-1.376065 5.460446 0.850669
-1.525199 5.525988 1.166040
-1.529005 5.524391 1.196301
-1.540904 5.561831 1.149378
-1.495386 5.522783 1.059557
-1.552281 5.559267 1.182262
-1.491872 5.554342 1.046136
-1.536517 5.595421 1.133087
-1.480119 5.513789 1.048522
-1.431008 5.503363 0.892199
-1.565207 5.556924 1.205792
-1.546998 5.592095 1.166764
-1.474470 5.497938 1.034409
-1.491491 5.586706 1.031971
-1.531224 5.629175 1.117185
-1.542743 5.552411 1.032107
-1.389926 5.498244 0.811611
-1.443678 5.503787 0.924307
-1.565138 5.554735 1.229846
-1.563014 5.589612 1.192405
-1.441822 5.538741 0.874621
-1.543034 5.626057 1.151301
-1.509818 5.533789 1.019827
-1.495992 5.620450 1.018330
-1.489119 5.581287 1.021238
-1.527250 5.664061 1.101318
-1.381444 5.531178 0.798903
-1.570990 5.586841 1.217452
-1.461198 5.539296 0.906879
-1.386306 5.489872 0.799204
-1.559494 5.622092 1.178579
-1.439162 5.574755 0.858789
-1.468980 5.499673 0.975029
-1.313777 5.470135 0.597390
-1.329214 5.492330 0.647255
-1.539505 5.659464 1.137072
-1.486199 5.652248 1.005589
-1.476699 5.566208 1.009021
-1.464274 5.519395 1.007281
-1.463325 5.536161 0.933842
-1.494043 5.615401 1.008426
-1.389561 5.565193 0.783303
-1.562537 5.617918 1.205554
-1.521054 5.697979 1.085807
-1.444685 5.571885 0.893583
-1.378668 5.523544 0.788153
-1.557304 5.654780 1.165194
-1.436505 5.610769 0.842958
-1.342714 5.494423 0.680615
-1.475716 5.533463 0.961438
-1.311558 5.504674 0.583197
-1.540447 5.692957 1.122943
-1.334219 5.528333 0.628736
-1.485337 5.685143 0.992643
-1.482941 5.601456 0.996243
-1.461121 5.569773 0.920052
-1.464230 5.554885 0.995180
-1.375240 5.508666 0.773685
-1.490449 5.649710 0.996242
-1.560779 5.650053 1.193401
-1.406168 5.601775 0.765861
-1.524201 5.734285 1.070515
-1.389917 5.558363 0.771809
-1.442461 5.607347 0.878985
-1.353716 5.492370 0.709823
-1.551973 5.687588 1.152148
-1.427586 5.645176 0.828615
-1.468567 5.566597 0.949171
-1.350387 5.529915 0.663379
-1.309307 5.492813 0.572849
-1.302148 5.539620 0.570072
-1.536425 5.727820 1.109528
-1.486691 5.719926 0.978940
-1.459340 5.603755 0.907091
-1.346397 5.565770 0.608342
-1.484228 5.637146 0.984583
-1.466844 5.590787 0.983959
-1.240782 5.480606 0.405472
-1.561680 5.682600 1.182126
-1.377009 5.543827 0.760809
-1.486856 5.684019 0.984060
-1.366105 5.489676 0.737420
-1.373563 5.498142 0.756412
-1.398113 5.635073 0.753985
-1.395727 5.594158 0.757800
-1.513052 5.768652 1.056123
-1.443391 5.641760 0.864453
-1.355127 5.526256 0.694074
-1.545737 5.720561 1.139492
-1.302292 5.474895 0.561556
-1.419986 5.680714 0.814308
-1.465469 5.599448 0.936176
-1.192898 5.456136 0.286255
-1.360774 5.565832 0.644572
-1.294899 5.527264 0.563695
-1.317480 5.576007 0.549744
-1.479559 5.752137 0.967079
-1.257428 5.464317 0.394707
-1.453101 5.636725 0.894436
-1.529758 5.761347 1.095641
-1.481965 5.671662 0.972840
-1.342833 5.601943 0.592903
-1.478866 5.628174 0.970911
-1.555876 5.715019 1.170703
-1.376879 5.524103 0.722698
-1.262103 5.527986 0.407383
-1.378769 5.579910 0.747529
-1.479713 5.717155 0.971794
-1.190375 5.466919 0.268275
-1.366338 5.533111 0.745786
-1.397220 5.670735 0.739828
-1.395264 5.629268 0.744876
-1.433092 5.675942 0.852123
-1.369499 5.562795 0.676583
-1.540831 5.753739 1.127276
-1.520168 5.807417 1.041342
-1.322934 5.489927 0.482841
-1.295961 5.510623 0.550137
-1.459662 5.631866 0.924753
-1.419074 5.718225 0.799343
-1.357643 5.601452 0.630365
-1.476878 5.786279 0.954510
-1.318873 5.611728 0.533189
-1.303472 5.563509 0.545667
-1.454455 5.671507 0.880733
-1.528406 5.795697 1.083510
-1.263331 5.501068 0.375397
-1.276361 5.528937 0.448107
-1.479207 5.707635 0.961910
-1.546943 5.746634 1.160025
-1.470739 5.663303 0.960675
-1.340156 5.639799 0.576267
-1.381846 5.559157 0.707035
-1.466718 5.749983 0.961440
-1.391751 5.617143 0.731645
-1.232752 5.552201 0.375388
-1.263959 5.565019 0.388802
-1.338378 5.485229 0.515807
-1.389158 5.704957 0.727549
-1.239857 5.505992 0.218497
-1.372559 5.570203 0.732202
-1.396597 5.665895 0.730365
-1.535030 5.786158 1.115854
-1.369522 5.597369 0.662443
-1.435334 5.712407 0.837223
-1.576033 5.910312 1.190494
-1.514812 5.842994 1.027086
-1.230918 5.478470 0.383941
-1.281921 5.523234 0.484121
-1.296128 5.497000 0.533301
-1.295064 5.546291 0.535981
-1.461871 5.666466 0.913111
-1.569111 5.795171 1.204438
-1.421306 5.755606 0.784040
-1.187843 5.483028 0.263765
-1.343715 5.636291 0.619592
-1.199853 5.530124 0.243856
-1.472386 5.820748 0.942719
-1.316496 5.601676 0.526931
-1.315734 5.648268 0.518580
-1.250489 5.480582 0.325978
-1.445487 5.705895 0.868842
-1.530178 5.831769 1.070232
-1.236247 5.535970 0.372501
-1.167064 5.466500 0.206863
-1.280453 5.566013 0.429576
-1.549167 5.780311 1.148787
-1.478265 5.743278 0.950203
-1.181939 5.473711 0.215396
-1.334782 5.676297 0.561608
-1.475089 5.701622 0.949914
-1.479169 5.787721 0.949225
-1.379570 5.594594 0.694889
-1.392609 5.653380 0.718756
-1.189101 5.458321 0.269373
-1.304116 5.519602 0.514382
-1.391822 5.741784 0.713478
-1.247265 5.590624 0.349745
-1.191911 5.540042 0.229020
-1.231528 5.458727 0.373215
-1.262664 5.603096 0.370157
-1.388188 5.608772 0.716792
-1.185551 5.456941 0.248865
-1.387154 5.699893 0.720096
-1.535009 5.820714 1.104163
-1.360541 5.632680 0.650148
-1.570659 5.943096 1.179902
-1.427264 5.747554 0.824539
-1.165188 5.522028 0.158910
-1.295009 5.560498 0.463340
-1.201033 5.524678 0.295288
-1.507644 5.878899 1.013609
-1.155295 5.521090 0.161953
-1.247510 5.471426 0.366683
-1.327605 5.536863 0.508038
-1.459199 5.699685 0.900947
-1.311220 5.585262 0.516501
-1.572085 5.833262 1.195688
-1.469223 5.855421 0.931369
-1.198746 5.520265 0.240487
-1.342391 5.672504 0.604205
-1.411888 5.792394 0.770110
-1.203567 5.567763 0.221645
-1.309751 5.637027 0.514687
-1.313018 5.685174 0.504800
-1.445031 5.741001 0.855920
-1.543800 5.812175 1.138599
-1.220209 5.515587 0.325871
-1.526585 5.866997 1.057648
-1.255232 5.574475 0.346957
-1.277798 5.602018 0.413751
-1.470144 5.778407 0.939969
-1.372847 5.628098 0.683453
-1.463953 5.819585 0.939227
-1.471427 5.737758 0.939375
-1.332532 5.714516 0.545802
-1.386896 5.776803 0.700457
-1.385802 5.689636 0.708557
-1.305930 5.555696 0.498656
-1.199097 5.495726 0.246483
-1.245496 5.628309 0.332722
-1.244613 5.495994 0.352434
-1.381379 5.645030 0.706592
-1.175213 5.480477 0.207489
-1.197429 5.578275 0.205628
-1.254568 5.640085 0.356667
-1.229560 5.495133 0.204680
-1.540769 5.857401 1.092203
-1.384873 5.736249 0.707548
-1.360978 5.668545 0.636432
-1.432156 5.785345 0.810115
-1.229113 5.550723 0.355227
-1.286448 5.596178 0.451875
-1.169376 5.560054 0.135079
-1.221874 5.563793 0.266113
-1.449769 5.732759 0.891083
-1.280267 5.569483 0.512851
-1.505360 5.916176 1.000658
-1.173522 5.560726 0.129048
-1.304896 5.620984 0.505086
-1.573441 5.908880 1.185469
-1.175573 5.458998 0.230241
-1.570943 5.948498 1.181126
-1.186278 5.472233 0.259947
-1.468287 5.891055 0.919665
-1.198245 5.477799 0.259830
-1.568375 5.869378 1.187599
-1.549106 5.846627 1.129068
-1.343716 5.710048 0.589293
-1.181123 5.556671 0.233316
-1.309260 5.674900 0.500553
-1.307647 5.721669 0.490143
-1.441856 5.776599 0.844165
-1.200944 5.605628 0.202564
-1.411394 5.831187 0.755571
-1.231537 5.553191 0.303421
-1.523404 5.903517 1.045489
-1.238529 5.609788 0.339803
-1.471378 5.814991 0.930359
-1.270124 5.639379 0.401089
-1.157200 5.540266 0.176754
-1.374613 5.664170 0.670176
-1.173459 5.547696 0.183276
-1.469217 5.857726 0.928080
-1.472649 5.775269 0.929360
-1.305459 5.591724 0.485329
-1.388647 5.814710 0.686374
-1.381707 5.726323 0.696787
-1.327574 5.752303 0.531569
-1.190037 5.532866 0.235830
-1.237413 5.664373 0.319637
-1.223320 5.532112 0.349673
-1.372759 5.681617 0.697171
-1.187489 5.518858 0.181797
-1.534477 5.891274 1.081596
-1.259120 5.679380 0.335709
-1.191611 5.616245 0.189335
-1.185170 5.530354 0.215289
-1.388858 5.774200 0.693514
-1.360079 5.705124 0.621874
-1.424090 5.820489 0.797434
-1.449748 5.767311 0.879393
-1.287349 5.633351 0.436134
-1.238461 5.544063 0.341487
-1.242657 5.590213 0.332019
-1.168147 5.597216 0.114392
-1.304093 5.608426 0.490685
-1.214253 5.601172 0.251002
-1.167282 5.598324 0.111928
-1.503068 5.954373 0.987302
-1.306630 5.659822 0.490597
-1.571549 5.944663 1.176603
-1.469579 5.927649 0.907608
-1.190525 5.514222 0.250021
-1.541918 5.879743 1.119256
-1.563340 5.905289 1.179071
-1.341480 5.747342 0.573893
-1.195207 5.595635 0.206443
-1.438683 5.812194 0.832411
-1.306547 5.711804 0.486775
-1.307636 5.759921 0.474389
-1.194231 5.642837 0.187065
-1.232911 5.590752 0.286060
-1.409995 5.870141 0.741423
-1.515354 5.937737 1.033213
-1.240802 5.648105 0.321649
-1.466392 5.850918 0.919383
-1.366079 5.698002 0.659521
-1.270595 5.677101 0.384117
-1.471836 5.894528 0.916462
-1.171337 5.579248 0.147432
-1.180307 5.586130 0.160324
-1.300043 5.627279 0.473526
-1.468506 5.811936 0.920040
-1.382322 5.851346 0.674557
-1.383404 5.764215 0.685152
-1.202264 5.571220 0.212588
-1.241060 5.703828 0.299070
-1.327121 5.792030 0.514179
-1.229165 5.569761 0.332412
-1.527281 5.925312 1.071380
-1.377164 5.719945 0.683965
-1.181142 5.556423 0.169574
-1.382964 5.810287 0.682929
-1.251018 5.717288 0.321817
-1.189888 5.654862 0.169462
-1.196057 5.569426 0.191204
-1.356471 5.741271 0.608889
-1.449243 5.802395 0.868922
-1.424937 5.858562 0.783740
-1.244792 5.581172 0.323009
-1.285531 5.671015 0.421563
-1.241745 5.627712 0.317058
-1.298593 5.646735 0.480117
-1.208869 5.638588 0.235943
-1.165505 5.636919 0.094504
-1.157426 5.635657 0.096769
-1.303432 5.697262 0.478036
-1.496739 5.991935 0.975081
-1.544085 5.914313 1.110066
-1.468152 5.964733 0.896719
-1.174645 5.533851 0.199928
-1.175837 5.545574 0.236359
-1.198226 5.552482 0.229128
-1.575178 5.946284 1.171760
-1.435512 5.847787 0.820659
-1.301125 5.748278 0.474568
-1.337863 5.784409 0.560504
-1.192534 5.633479 0.189812
-1.298166 5.796682 0.462912
-1.196117 5.682635 0.164828
-1.517060 5.975624 1.021580
-1.226135 5.628869 0.272606
-1.362904 5.733598 0.647768
-1.468938 5.889549 0.909405
-1.406363 5.909050 0.727227
-1.237646 5.686484 0.306235
-1.462815 5.929817 0.906620
-1.267019 5.715108 0.367875
-1.170466 5.617684 0.129619
-1.174491 5.624098 0.144033
-1.375103 5.887224 0.663534
-1.299133 5.664780 0.458565
-1.379314 5.800896 0.673385
-1.461222 5.848728 0.911060
-1.197301 5.609007 0.198357
-1.528100 5.961520 1.060944
-1.236816 5.607998 0.313969
-1.322157 5.830733 0.499544
-1.236567 5.742919 0.282814
-1.377955 5.758003 0.672720
-1.375743 5.846167 0.671905
-1.180271 5.594862 0.151761
-1.191300 5.694269 0.148846
-1.188383 5.606784 0.178544
-1.354184 5.778544 0.595939
-1.246526 5.756378 0.305561
-1.445176 5.837232 0.857962
-1.417708 5.895365 0.772312
-1.286427 5.709103 0.405420
-1.235738 5.618309 0.312358
-1.239442 5.665907 0.303704
-1.298527 5.684975 0.466813
-1.208002 5.677022 0.218130
-1.157456 5.674841 0.078164
-1.300235 5.734699 0.465475
-1.155695 5.675191 0.076493
-1.545347 5.949044 1.101267
-1.497510 6.032750 0.962625
-1.464070 6.001406 0.884953
-1.188676 5.572796 0.175505
-1.198422 5.586177 0.208049
-1.200930 5.590245 0.212208
-1.429211 5.882580 0.809650
-1.301538 5.786897 0.459644
-1.332910 5.822192 0.546273
-1.295027 5.834129 0.447904
-1.192563 5.672668 0.171207
-1.365573 5.770418 0.633701
-1.224793 5.666916 0.256415
-1.508033 6.011835 1.011335
-1.191192 5.722275 0.147340
-1.470158 5.927970 0.898990
-1.235399 5.724693 0.290433
-1.464943 5.968070 0.895816
-1.400022 5.947530 0.714603
-1.259352 5.752462 0.355217
-1.172363 5.656559 0.107787
-1.175005 5.662751 0.124211
-1.291907 5.700662 0.447542
-1.376850 5.926040 0.649049
-1.536030 6.000057 1.050678
-1.380994 5.840628 0.660944
-1.460626 5.887485 0.901421
-1.196855 5.647811 0.181372
-1.236738 5.647159 0.300261
-1.233890 5.781673 0.265781
-1.382362 5.887283 0.657539
-1.323450 5.871947 0.483019
-1.371566 5.795549 0.662948
-1.177114 5.633237 0.136348
-1.349673 5.814850 0.583345
-1.451835 5.874664 0.845213
-1.185701 5.645549 0.161510
-1.179150 5.732463 0.135684
-1.245633 5.797570 0.286537
-1.418560 5.933428 0.758621
-1.233932 5.655046 0.298192
-1.281481 5.745961 0.391594
-1.233998 5.704226 0.290691
-1.289003 5.721723 0.457785
-1.209837 5.716799 0.198343
-1.547920 5.985824 1.092099
-1.297031 5.773057 0.452512
-1.151201 5.714275 0.060239
-1.145833 5.713442 0.060932
-1.466191 6.040571 0.873747
-1.495637 6.072227 0.949697
-1.188661 5.611049 0.159753
-1.195697 5.624003 0.193868
-1.431391 5.920855 0.796383
-1.197287 5.629163 0.197997
-1.296100 5.825215 0.446617
-1.331512 5.861141 0.532114
-1.190781 5.712187 0.153366
-1.294516 5.874754 0.432548
-1.362391 5.806936 0.621531
-1.516841 6.052973 0.999454
-1.468669 5.965965 0.890133
-1.218928 5.704867 0.242560
-1.468813 6.007819 0.885862
-1.185361 5.762081 0.130229
-1.228629 5.762808 0.276968
-1.258901 5.792188 0.337816
-1.393673 5.986936 0.701562
-1.161540 5.694966 0.095050
-1.294133 5.738960 0.431825
-1.171894 5.702067 0.105932
-1.369613 5.963765 0.637207
-1.527024 6.034425 1.041230
-1.376412 5.878768 0.649978
-1.459135 5.925487 0.892564
-1.198204 5.688133 0.162789
-1.231726 5.684933 0.288466
-1.449521 5.910076 0.835509
-1.375555 5.924459 0.646929
-1.172155 5.671026 0.122105
-1.369639 5.834105 0.652859
-1.230288 5.822444 0.248317
-1.350511 5.853844 0.569237
-1.312626 5.911276 0.469880
-1.184350 5.684522 0.144902
-1.173805 5.771738 0.117358
-1.242041 5.837417 0.269478
-1.414877 5.972324 0.746863
-1.232528 5.694008 0.284034
-1.277845 5.784878 0.377387
-1.546041 6.020683 1.083629
-1.232174 5.742813 0.275705
-1.290259 5.761096 0.444504
-1.207149 5.756487 0.180894
-1.291116 5.810997 0.441108
-1.467405 6.079908 0.862919
-1.149939 5.755120 0.037927
-1.147271 5.755637 0.036645
-1.183205 5.650302 0.146323
-1.193384 5.663131 0.180099
-1.493688 6.113541 0.938400
-1.433086 5.959664 0.784352
-1.196368 5.667587 0.182637
-1.286148 5.862519 0.436363
-1.363671 5.844456 0.609075
-1.183578 5.750855 0.138687
-1.330095 5.901938 0.517165
-1.296285 5.916356 0.414407
-1.222094 5.744857 0.223215
-1.469395 6.005845 0.880535
-1.514913 6.092441 0.988980
-1.463339 6.045198 0.875708
-1.231301 5.804251 0.258437
-1.181801 5.803789 0.109929
-1.294557 5.776661 0.417309
-1.263389 5.833297 0.318507
-1.369064 6.003447 0.624723
-1.523798 6.070921 1.031529
-1.156141 5.734227 0.079188
-1.400255 6.031735 0.685586
-1.165166 5.741123 0.089632
-1.372262 5.916353 0.640262
-1.461188 5.965577 0.883406
-1.439193 5.943318 0.826043
-1.189144 5.726193 0.151740
-1.226706 5.723630 0.276284
-1.371872 5.963351 0.635188
-1.219482 5.859923 0.236004
-1.345085 5.891242 0.556633
-1.168980 5.711251 0.105889
-1.372639 5.874970 0.640458
-1.181662 5.724211 0.127469
-1.307161 5.952358 0.455661
-1.539702 6.054537 1.075480
-1.172049 5.814036 0.095876
-1.228900 5.732003 0.270247
-1.233916 5.878090 0.254381
-1.271088 5.822070 0.364344
-1.417451 6.013730 0.733232
-1.229435 5.782484 0.260721
-1.286992 5.800366 0.433590
-1.290140 5.850318 0.427796
-1.198621 5.794948 0.165777
-1.145050 5.796621 0.017189
-1.180473 5.689053 0.131742
-1.142392 5.796214 0.016311
-1.428529 5.995953 0.774213
-1.194260 5.703066 0.163154
-1.492639 6.155602 0.926327
-1.196337 5.707687 0.166081
-1.364953 5.881970 0.596621
-1.292379 5.905122 0.417918
-1.329587 5.942562 0.501828
-1.285895 5.955126 0.402519
-1.177264 5.791201 0.122811
-1.511669 6.130775 0.978473
-1.458711 6.083313 0.867211
-1.218027 5.784319 0.207793
-1.462530 6.043925 0.871988
-1.227225 5.844633 0.242612
-1.283708 5.813208 0.407848
-1.532544 6.112960 1.021713
-1.252574 5.871701 0.305789
-1.176440 5.844900 0.090812
-1.367167 6.044767 0.610994
-1.157106 5.776030 0.056539
-1.164749 5.782703 0.068992
-1.364065 5.954230 0.631275
-1.437292 5.980019 0.816782
-1.393413 6.072593 0.673378
-1.462749 6.007122 0.875061
-1.180561 5.764639 0.139072
-1.223913 5.763286 0.263750
-1.335147 5.927620 0.546784
-1.371735 6.004326 0.623129
-1.368902 5.913849 0.631166
-1.161779 5.749918 0.091210
-1.217677 5.902199 0.216972
-1.174893 5.762323 0.114023
-1.536012 6.089722 1.067806
-1.312468 5.996958 0.436799
-1.168017 5.855349 0.077199
-1.230686 5.771769 0.252913
-1.410639 6.051821 0.722236
-1.265642 5.861310 0.350933
-1.228494 5.920105 0.237310
-1.226212 5.822685 0.246956
-1.289148 5.840485 0.419534
-1.287352 5.889966 0.415263
-1.199535 5.836728 0.145578
-1.172743 5.727317 0.121134
-1.430629 6.036968 0.762204
-1.190138 5.742514 0.150181
-1.357726 5.918775 0.585200
-1.191794 5.746764 0.152280
-1.497784 6.201071 0.914409
-1.285553 5.944136 0.406518
-1.323238 5.981962 0.488808
-1.286276 5.997416 0.385988
-1.461456 6.083204 0.863576
-1.514607 6.173446 0.967717
-1.213054 5.823943 0.192761
-1.175943 5.832943 0.102562
-1.531061 6.150943 1.012878
-1.284115 5.852748 0.392526
-1.219544 5.883829 0.229153
-1.371053 6.088202 0.596997
-1.245790 5.911654 0.291537
-1.435869 6.017104 0.805900
-1.170595 5.886540 0.072914
-1.148990 5.815777 0.041847
-1.370183 5.997719 0.617326
-1.156202 5.823004 0.053069
-1.395951 6.117671 0.658134
-1.459860 6.046738 0.867426
-1.225637 5.803953 0.248463
-1.177803 5.806148 0.123282
-1.366252 6.042618 0.612574
-1.340010 5.969074 0.530755
-1.545202 6.130282 1.059628
-1.373225 5.955829 0.618802
-1.162217 5.791315 0.072632
-1.211359 5.943453 0.200696
-1.172199 5.802924 0.096188
-1.230661 5.811859 0.236360
-1.262908 5.900970 0.335952
-1.163556 5.897207 0.057291
-1.410496 6.093712 0.709775
-1.301154 6.037735 0.424494
-1.225271 5.863858 0.230389
-1.290812 5.882055 0.406293
-1.228476 5.964806 0.216290
-1.289492 5.931917 0.400401
-1.190504 5.877562 0.130872
-1.429188 6.075889 0.750516
-1.170902 5.767740 0.105359
-1.182400 5.781698 0.139170
-1.136599 5.880727 -0.024248
-1.357188 5.957535 0.573122
-1.187253 5.785836 0.138481
-1.284131 5.985838 0.391170
-1.493102 6.244708 0.903491
-1.277209 6.037305 0.374137
-1.513519 6.214559 0.958499
-1.209888 5.864152 0.176549
-1.319107 6.023240 0.475031
-1.171438 5.873867 0.085508
-1.526438 6.189051 1.004383
-1.280917 5.891100 0.379571
-1.437516 6.055885 0.796322
-1.216791 5.925326 0.213365
-1.365543 6.129251 0.585231
-1.241710 5.952947 0.275311
-1.168826 5.930662 0.050628
-1.368667 6.038468 0.607279
-1.148135 5.858820 0.019575
-1.156676 5.866249 0.031236
-1.538373 6.165587 1.052295
-1.456963 6.087273 0.859389
-1.226931 5.845167 0.231945
-1.178719 5.847925 0.103085
-1.364295 6.084838 0.600892
-1.391319 6.161322 0.644767
-1.340339 6.011353 0.516673
-1.363639 5.994403 0.611424
-1.160411 5.833590 0.053602
-1.208156 5.987339 0.182870
-1.170815 5.845569 0.077986
-1.227019 5.851684 0.221769
-1.263289 5.943265 0.319421
-1.405894 6.134601 0.697620
-1.156375 5.939559 0.038552
-1.302407 6.083538 0.405959
-1.288026 5.921698 0.393762
-1.219332 5.904547 0.217793
-1.221244 6.007141 0.200001
-1.284874 5.973733 0.387841
-1.423223 6.114714 0.741179
-1.190981 5.920803 0.109040
-1.169949 5.809837 0.088388
-1.349479 5.994869 0.562921
-1.185066 5.824053 0.120239
-1.185404 5.827175 0.122304
-1.277289 6.026689 0.378965
-1.492884 6.289332 0.892270
-1.316782 6.065101 0.460073
-1.508868 6.255427 0.948794
-1.524464 6.228485 0.996364
-1.276668 6.081593 0.357190
-1.205796 5.906368 0.159919
-1.438734 6.095212 0.785512
-1.275897 5.930704 0.366991
-1.170522 5.917809 0.065282
-1.210897 5.966948 0.197918
-1.356903 6.169503 0.574211
-1.238528 5.994991 0.258293
-1.368947 6.080724 0.595647
-1.537747 6.203383 1.045522
-1.165245 5.975109 0.029123
-1.143190 5.901212 0.000886
-1.149937 5.907128 0.014133
-1.218713 5.884881 0.222154
-1.333098 6.049989 0.504448
-1.364566 6.128010 0.588857
-1.169637 5.888740 0.090830
-1.388441 6.205537 0.632669
-1.364338 6.037036 0.600620
-1.154093 5.874844 0.037327
-1.168106 5.888002 0.059346
-1.217968 5.889734 0.210726
-1.204525 6.031771 0.163813
-1.254706 5.982620 0.306354
-1.406158 6.178693 0.685182
-1.218796 5.947924 0.201249
-1.296446 6.126976 0.392156
-1.282933 5.963128 0.382823
-1.151878 5.985095 0.017032
-1.278465 6.014031 0.376869
-1.214427 6.050762 0.184137
-1.416829 6.154089 0.730611
-1.184657 5.962970 0.092362
-1.350253 6.035669 0.550477
-1.161783 5.849566 0.076148
-1.175519 5.863561 0.110009
-1.183136 5.868137 0.105300
-1.282107 6.072730 0.360921
-1.524708 6.269795 0.987587
-1.438140 6.134868 0.775483
-1.275825 5.970762 0.352890
-1.272511 6.125618 0.342204
-1.313056 6.108582 0.446319
-1.201707 5.948577 0.143291
-1.165094 5.960731 0.047812
-1.534888 6.241138 1.038700
-1.207222 6.010445 0.181715
-1.362085 6.216807 0.559041
-1.233040 6.038820 0.242868
-1.366497 6.124396 0.584781
-1.141423 5.945327 -0.021397
-1.146788 5.951024 -0.006140
-1.159853 6.019880 0.008397
-1.333854 6.092623 0.491197
-1.219506 5.928463 0.206048
-1.360800 6.170550 0.577957
-1.173660 5.934062 0.068680
-1.367266 6.080622 0.589463
-1.385123 6.251222 0.618937
-1.150899 5.917808 0.019906
-1.219247 5.932778 0.193403
-1.161780 5.930172 0.042669
-1.201792 6.076949 0.143966
-1.259111 6.027370 0.287886
-1.401962 6.221785 0.673050
-1.212430 5.989154 0.187425
-1.273338 6.002617 0.375044
-1.150094 6.031041 -0.006058
-1.279685 6.057973 0.361593
-1.423791 6.199211 0.717919
-1.294065 6.174351 0.374778
-1.346578 6.074544 0.538742
-1.210778 6.097027 0.164275
-1.178324 6.006054 0.075282
-1.162207 5.892793 0.056766
-1.178591 5.908116 0.091101
-1.179467 5.910719 0.089500
-1.465212 6.297159 0.819800
-1.439288 6.176012 0.766317
-1.272603 6.011868 0.338727
-1.272539 6.114991 0.349483
-1.465373 6.255682 0.829791
-1.198517 5.991535 0.125871
-1.539129 6.282135 1.031645
-1.311127 6.153566 0.430980
-1.265214 6.169768 0.327560
-1.160134 6.004954 0.028318
-1.203107 6.055409 0.163878
-1.357386 6.262267 0.547320
-1.357815 6.163710 0.576614
-1.232966 6.084408 0.223898
-1.331048 6.135011 0.477459
-1.142303 5.995631 -0.027254
-1.213993 5.969514 0.194284
-1.357026 6.214007 0.566654
-1.151257 6.065682 -0.009943
-1.166851 5.976763 0.053221
-1.357676 6.120108 0.581685
-1.145473 5.960728 0.002437
-1.389784 6.302739 0.603370
-1.213778 5.974766 0.178787
-1.160869 5.974102 0.022446
-1.254532 6.071029 0.272073
-1.194537 6.122031 0.126469
-1.408888 6.270580 0.658745
-1.273176 6.046342 0.361779
-1.207374 6.032428 0.173233
-1.275485 6.101063 0.349462
-1.342409 6.114873 0.527822
-1.419132 6.240992 0.707813
-1.145161 6.078032 -0.029210
-1.290295 6.222421 0.359007
-1.157644 5.934613 0.041761
-1.176489 6.051985 0.054642
-1.208441 6.145330 0.144045
-1.174018 5.950859 0.075692
-1.177606 5.953883 0.072519
-1.434658 6.215030 0.757423
-1.270701 6.054092 0.324600
-1.460662 6.297445 0.822135
-1.270136 6.159583 0.335766
-1.193515 6.034820 0.109231
-1.304274 6.196241 0.417972
-1.265970 6.217922 0.309441
-1.154681 6.050629 0.009639
-1.196715 6.099392 0.148845
-1.365161 6.212880 0.563137
-1.224360 6.126509 0.209624
-1.323729 6.176383 0.466476
-1.209359 6.013160 0.180921
-1.357697 6.260293 0.554240
-1.130155 6.035404 -0.061629
-1.136903 6.041318 -0.048382
-1.163653 6.020635 0.035399
-1.142241 6.111106 -0.029109
-1.356073 6.164515 0.572476
-1.145451 6.006328 -0.018981
-1.207403 6.016916 0.164561
-1.152249 6.017129 0.007768
-1.247265 6.112414 0.258641
-1.193996 6.171836 0.104655
-1.340047 6.155785 0.515721
-1.273007 6.090982 0.348111
-1.202311 6.076617 0.158639
-1.420246 6.285807 0.697035
-1.265444 6.142936 0.339646
-1.132969 6.121727 -0.044779
-1.169879 5.993041 0.061516
-1.156670 5.979449 0.023584
-1.292343 6.274456 0.339712
-1.168802 6.097619 0.035915
-1.433143 6.256680 0.746979
-1.206087 6.195466 0.123010
-1.173500 5.997926 0.055086
-1.263865 6.094929 0.312400
-1.269098 6.206230 0.319234
-1.186702 6.078432 0.093371
-1.300948 6.242836 0.403839
-1.267605 6.268663 0.289723
-1.147426 6.095708 -0.007856
-1.198420 6.148317 0.127484
-1.358669 6.256831 0.553003
-1.326256 6.223272 0.450432
-1.226046 6.177277 0.187456
-1.199810 6.053576 0.170292
-1.132815 6.089044 -0.069877
-1.155026 6.064579 0.020318
-1.361626 6.212173 0.560586
-1.139102 6.051245 -0.036866
-1.200135 6.058303 0.151129
-1.148612 6.062466 -0.011688
-1.244906 6.157938 0.242074
-1.336770 6.197780 0.503607
-1.182231 6.215895 0.089916
-1.266109 6.132724 0.337958
-1.199034 6.123232 0.142057
-1.268858 6.191501 0.322405
-1.148483 6.021924 0.010139
-1.436926 6.300977 0.737483
-1.167516 6.038573 0.044947
-1.164417 6.039644 0.042434
-1.168737 6.147806 0.012481
-1.198799 6.244215 0.103902
-1.262846 6.139740 0.296674
-1.267557 6.255248 0.303112
-1.182582 6.124301 0.075134
-1.314181 6.299670 0.380326
-1.143341 6.143427 -0.029349
-1.191582 6.194679 0.110416
-1.318922 6.266475 0.438644
-1.199201 6.099678 0.154992
-1.226838 6.227277 0.166082
-1.154504 6.112544 -0.000688
-1.355989 6.255941 0.552513
-1.198682 6.103663 0.134173
-1.130941 6.096488 -0.053970
-1.238932 6.203201 0.227468
-1.145844 6.111315 -0.033147
-1.342378 6.245442 0.489269
-1.263646 6.178220 0.326289
-1.180328 6.269165 0.066051
-1.194853 6.170004 0.125866
-1.264151 6.237873 0.310284
-1.162024 6.083305 0.029124
-1.147485 6.069510 -0.009246
-1.164336 6.086139 0.023064
-1.253293 6.181068 0.285645
-1.193721 6.295754 0.083634
-1.268236 6.306133 0.286234
-1.177558 6.170329 0.057287
-1.187860 6.243666 0.091797
-1.200864 6.147666 0.136485
-1.195903 6.148815 0.116772
-1.337282 6.288683 0.477525
-1.241477 6.253776 0.207356
-1.264773 6.226732 0.311442
-1.194273 6.218869 0.106901
-1.264838 6.287848 0.293804
-1.173033 6.318825 0.046536
-1.158749 6.129916 0.012538
-1.144263 6.116137 -0.028281
-1.159733 6.132547 0.006039
-1.253164 6.227548 0.268721
-1.174310 6.219710 0.037044
-1.185006 6.296172 0.071174
-1.192600 6.192887 0.124278
-1.194425 6.196932 0.098612
-1.232353 6.300086 0.192696
-1.267200 6.278206 0.295838
-1.187365 6.267057 0.091483
-1.255656 6.278111 0.251072
-1.191958 6.242658 0.107373
-1.183516 6.240815 0.085942
-1.165988 6.320618 -0.003445
-1.185906 6.290660 0.094016
-1.186499 6.295448 0.062611
-1.568012 5.543766 1.204188
-1.499980 5.558354 1.142584
-1.519175 5.584806 1.185003
-1.500708 5.595195 1.125982
-1.543155 5.615946 1.169034
-1.439092 5.518125 0.946946
-1.565561 5.542951 1.187684
-1.514093 5.548090 1.177245
-1.404279 5.524103 0.882346
-1.498272 5.631301 1.110067
-1.546566 5.649471 1.152568
-1.495566 5.544485 0.924236
-1.535966 5.581428 1.168538
-1.509033 5.584743 1.159986
-1.356690 5.490811 0.729843
-1.401746 5.562051 0.868063
-1.541452 5.683364 1.136550
-1.499410 5.668514 1.094298
-1.445882 5.586102 0.913619
-1.524684 5.544008 1.210924
-1.421927 5.509427 0.917203
-1.542127 5.615322 1.150550
-1.433656 5.518437 0.925427
-1.354623 5.527288 0.714778
-1.556832 5.543351 1.171352
-1.404661 5.597979 0.851982
-1.533192 5.717445 1.120804
-1.326227 5.513934 0.656735
-1.449696 5.620918 0.897582
-1.512591 5.703698 1.079474
-1.520089 5.578269 1.193292
-1.415823 5.546268 0.902774
-1.536635 5.650688 1.132871
-1.466325 5.548288 0.904524
-1.512241 5.654378 1.127701
-1.352537 5.562847 0.700128
-1.527751 5.582202 1.150594
-1.530721 5.751712 1.105717
-1.406165 5.634641 0.837473
-1.444486 5.656658 0.883196
-1.428852 5.501485 0.951993
-1.322758 5.552073 0.642830
-1.509653 5.740359 1.064761
-1.561490 5.607201 1.178074
-1.344990 5.496109 0.706818
-1.416506 5.582193 0.886596
-1.539630 5.683846 1.115571
-1.426573 5.588812 0.891897
-1.338483 5.500367 0.691363
-1.521437 5.688091 1.111893
-1.532867 5.565881 1.228356
-1.354095 5.597670 0.684003
-1.283170 5.535113 0.531938
-1.531263 5.615730 1.131677
-1.531376 5.784873 1.090773
-1.441062 5.690189 0.868902
-1.411706 5.670012 0.822738
-1.421447 5.520516 0.905281
-1.425054 5.536487 0.936038
-1.538974 5.538770 1.148535
-1.321489 5.588369 0.629850
-1.492793 5.776664 1.051086
-1.524674 5.645326 1.160264
-1.345241 5.531669 0.689813
-1.411293 5.617937 0.872212
-1.258655 5.541648 0.476400
-1.534117 5.718297 1.098306
-1.526931 5.599038 1.210675
-1.444373 5.622154 0.873197
-1.336411 5.536848 0.676300
-1.518071 5.723463 1.096761
-1.361941 5.632118 0.667334
-1.334248 5.562175 0.498364
-1.530208 5.818403 1.076566
-1.528501 5.650548 1.112891
-1.230117 5.513982 0.379161
-1.239514 5.530143 0.410571
-1.437672 5.725565 0.853778
-1.437081 5.552024 0.884860
-1.410974 5.706676 0.808132
-1.423488 5.571491 0.920178
-1.326614 5.624296 0.613875
-1.530063 5.575791 1.127018
-1.494715 5.812774 1.037816
-1.347684 5.490594 0.724635
-1.526759 5.678672 1.143332
-1.437834 5.520424 0.970319
-1.342757 5.567783 0.673916
-1.416425 5.652942 0.856641
-1.531249 5.753117 1.081971
-1.330320 5.566847 0.432270
-1.549157 5.628704 1.193807
-1.279481 5.508729 0.520124
-1.438353 5.658082 0.856730
-1.327050 5.574805 0.664190
-1.507109 5.759948 1.081295
-1.364837 5.668042 0.651260
-1.527218 5.852304 1.063098
-1.280729 5.608634 0.503122
-1.338345 5.499866 0.680782
-1.526149 5.685734 1.094940
-1.226516 5.552124 0.367719
-1.215645 5.545342 0.349694
-1.432442 5.760392 0.839808
-1.472772 5.599307 0.897945
-1.415621 5.743151 0.793352
-1.427040 5.590159 0.868209
-1.330827 5.660406 0.598269
-1.525994 5.611343 1.107356
-1.342452 5.526337 0.710261
-1.498889 5.849802 1.024228
-1.410813 5.514486 0.879539
-1.526110 5.712571 1.127508
-1.267178 5.530308 0.503495
-1.438985 5.553955 0.953766
-1.345204 5.601501 0.657838
-1.519820 5.786472 1.066917
-1.426522 5.687389 0.840059
-1.515949 5.664261 1.175356
-1.262510 5.615718 0.446631
-1.436764 5.692166 0.841286
-1.336697 5.607967 0.647197
-1.507262 5.793664 1.067555
-1.296538 5.542259 0.496905
-1.357265 5.703791 0.639239
-1.515290 5.886219 1.049243
-1.231778 5.505977 0.398578
-1.330892 5.536532 0.665899
-1.293645 5.643447 0.482586
-1.232890 5.511679 0.403910
-1.520633 5.720188 1.077677
-1.432590 5.795029 0.825662
-1.245047 5.576826 0.320076
-1.238523 5.588043 0.347143
-1.431592 5.639660 0.887314
-1.229261 5.605700 0.385919
-1.434989 5.623689 0.849493
-1.407600 5.781296 0.781697
-1.331395 5.697254 0.584139
-1.522834 5.646715 1.087323
-1.520991 5.746474 1.111493
-1.338147 5.562822 0.695102
-1.494108 5.885920 1.010669
-1.413005 5.549679 0.859338
-1.430719 5.588961 0.937620
-1.301043 5.560878 0.474470
-1.356296 5.635765 0.638444
-1.542141 5.694472 1.159881
-1.520489 5.820555 1.051559
-1.422629 5.723319 0.826141
-1.356240 5.511019 0.741314
-1.272172 5.650715 0.428820
-1.429315 5.727914 0.826807
-1.341411 5.643526 0.630386
-1.344583 5.570416 0.460728
-1.504306 5.829412 1.053258
-1.350620 5.740280 0.626434
-1.516355 5.919749 1.035135
-1.230088 5.542831 0.384361
-1.292862 5.679192 0.468410
-1.325259 5.572835 0.650277
-1.425536 5.830229 0.812431
-1.516955 5.755198 1.059262
-1.254093 5.544835 0.377604
-1.233582 5.625082 0.335650
-1.217648 5.533308 0.350327
-1.272061 5.524231 0.532475
-1.213580 5.619235 0.321729
-1.439457 5.674109 0.870634
-1.246721 5.639584 0.363544
-1.425820 5.659804 0.833303
-1.405027 5.817412 0.768246
-1.334214 5.735018 0.569692
-1.329631 5.496245 0.650624
-1.518518 5.780745 1.096408
-1.338791 5.597832 0.679347
-1.517849 5.682457 1.068030
-1.486594 5.922597 0.998217
-1.401618 5.586715 0.842641
-1.435511 5.621759 0.919589
-1.266439 5.521153 0.495826
-1.279305 5.600872 0.468780
-1.349254 5.672804 0.624393
-1.538846 5.728004 1.143128
-1.513562 5.855753 1.035868
-1.352419 5.546028 0.725367
-1.421898 5.759984 0.811536
-1.420025 5.763115 0.813481
-1.269096 5.689226 0.415759
-1.290517 5.614670 0.467947
-1.506709 5.864047 1.039199
-1.343391 5.679636 0.614683
-1.347619 5.776028 0.612156
-1.520083 5.954562 1.021544
-1.291167 5.715121 0.454604
-1.335007 5.606000 0.630831
-1.419787 5.864691 0.800080
-1.506452 5.789292 1.043427
-1.271348 5.558140 0.516676
-1.431975 5.708015 0.856985
-1.236462 5.661927 0.319178
-1.273669 5.559427 0.305100
-1.225583 5.655148 0.301156
-1.417939 5.694264 0.818407
-1.247781 5.676800 0.347808
-1.516937 5.813912 1.081368
-1.401061 5.855187 0.755952
-1.346205 5.630995 0.662256
-1.327975 5.771875 0.557725
-1.325422 5.532731 0.633018
-1.511953 5.718387 1.049106
-1.434837 5.655662 0.903775
-1.496558 5.959794 0.985289
-1.420012 5.619509 0.820280
-1.306760 5.549511 0.462173
-1.277624 5.637724 0.454560
-1.529741 5.760438 1.126135
-1.346749 5.707999 0.608913
-1.286652 5.509295 0.554563
-1.513318 5.890023 1.020880
-1.348596 5.581041 0.709421
-1.416165 5.795365 0.798772
-1.420686 5.798121 0.797720
-1.232305 5.536041 0.401776
-1.269647 5.726073 0.401637
-1.513016 5.987921 1.009134
-1.498767 5.899434 1.026329
-1.347762 5.811586 0.597607
-1.286206 5.652078 0.452382
-1.340815 5.716672 0.600825
-1.223210 5.532574 0.383811
-1.216351 5.523223 0.355337
-1.282184 5.752536 0.443749
-1.416788 5.899519 0.786210
-1.339804 5.640638 0.611984
-1.235933 5.615611 0.349374
-1.505399 5.823749 1.026356
-1.426760 5.743764 0.842603
-1.317978 5.587038 0.482061
-1.242100 5.619834 0.351659
-1.219311 5.605539 0.318851
-1.234286 5.700251 0.305753
-1.222479 5.692738 0.288514
-1.246091 5.713650 0.333593
-1.415058 5.730013 0.801670
-1.510406 5.848559 1.066926
-1.397989 5.891856 0.743706
-1.351830 5.666368 0.645075
-1.326721 5.809093 0.544335
-1.318462 5.568851 0.616935
-1.446329 5.688452 0.886030
-1.502891 5.753586 1.030871
-1.418022 5.654148 0.803590
-1.491690 5.996834 0.973769
-1.278733 5.589879 0.457036
-1.527730 5.792315 1.110677
-1.279190 5.674389 0.437617
-1.344672 5.744482 0.593853
-1.283722 5.544125 0.538254
-1.509911 5.923560 1.006582
-1.357421 5.613468 0.690755
-1.413594 5.831481 0.785321
-1.415966 5.833321 0.782136
-1.511346 6.022006 0.996135
-1.287825 5.562717 0.357738
-1.346994 5.847329 0.583428
-1.268891 5.763658 0.386638
-1.498455 5.935546 1.012964
-1.284113 5.688561 0.437330
-1.341883 5.752966 0.585493
-1.260508 5.522515 0.462092
-1.287923 5.556479 0.334046
-1.220207 5.558049 0.336871
-1.419186 5.935071 0.771750
-1.276844 5.789211 0.431420
-1.243865 5.650977 0.329853
-1.335491 5.677125 0.596829
-1.501614 5.858762 1.010394
-1.424277 5.778960 0.827114
-1.284472 5.627601 0.479552
-1.238190 5.657612 0.336934
-1.230272 5.738026 0.293481
-1.226844 5.641460 0.298083
-1.218050 5.730148 0.275410
-1.244417 5.751421 0.318966
-1.416231 5.765389 0.784292
-1.508325 5.882280 1.053091
-1.394006 5.928712 0.731829
-1.354310 5.701926 0.628168
-1.436201 5.721994 0.871454
-1.324056 5.847049 0.532518
-1.323753 5.602940 0.596884
-1.235169 5.524998 0.414751
-1.500118 5.788414 1.012089
-1.520358 5.825306 1.094983
-1.482335 6.032965 0.962473
-1.271670 5.626923 0.442996
-1.415653 5.690263 0.785238
-1.275686 5.711611 0.424137
-1.338521 5.780420 0.579850
-1.503375 5.958209 0.992142
-1.329921 5.571738 0.503209
-1.358562 5.647925 0.673796
-1.407877 5.867787 0.772144
-1.509177 6.056643 0.984340
-1.417037 5.868693 0.767211
-1.236399 5.607354 0.365903
-1.341671 5.884002 0.571093
-1.256654 5.801267 0.378510
-1.276536 5.725238 0.424906
-1.500377 5.971654 0.999696
-1.339290 5.789082 0.572052
-1.305976 5.549392 0.422932
-1.233263 5.602223 0.344522
-1.216791 5.595277 0.320945
-1.413453 5.970457 0.758988
-1.278842 5.827158 0.414900
-1.234885 5.689313 0.318591
-1.333497 5.712690 0.579733
-1.422188 5.813602 0.812874
-1.501883 5.893401 0.993791
-1.281468 5.664272 0.464868
-1.242478 5.693717 0.318890
-1.226257 5.775802 0.281211
-1.225662 5.678680 0.282254
-1.217694 5.768100 0.261251
-1.511639 5.916730 1.038664
-1.402469 5.800602 0.770779
-1.239494 5.789382 0.307063
-1.432379 5.756086 0.855915
-1.394096 5.966110 0.718898
-1.348574 5.738230 0.614999
-1.320068 5.884824 0.520237
-1.327651 5.638684 0.577993
-1.517453 5.858293 1.079479
-1.253705 5.556867 0.387921
-1.498168 5.823977 0.994975
-1.487745 6.071084 0.951392
-1.276465 5.662479 0.423743
-1.221675 5.543141 0.351039
-1.403332 5.726575 0.769326
-1.277664 5.748640 0.408030
-1.503542 5.992844 0.977991
-1.338265 5.816532 0.564055
-1.284165 5.614335 0.504675
-1.210100 5.543357 0.338678
-1.360630 5.683116 0.656054
-1.505685 6.091103 0.972097
-1.409378 5.904451 0.757654
-1.409979 5.903901 0.754000
-1.335007 5.919577 0.558725
-1.246667 5.642723 0.344040
-1.260882 5.839211 0.362105
-1.496902 6.007038 0.987036
-1.335803 5.826307 0.558581
-1.278118 5.762825 0.407566
-1.239457 5.637046 0.323716
-1.246963 5.595140 0.430790
-1.414011 6.005460 0.745699
-1.230783 5.628985 0.295570
-1.272590 5.864024 0.402957
-1.415546 5.849177 0.800495
-1.237350 5.725794 0.301301
-1.328271 5.749370 0.564963
-1.499418 5.928600 0.978309
-1.277140 5.700768 0.449734
-1.239462 5.730392 0.304227
-1.219393 5.715545 0.270317
-1.216909 5.804767 0.246688
-1.225903 5.813757 0.267066
-1.506412 5.950646 1.025117
-1.235981 5.826608 0.293604
-1.397762 5.836730 0.754797
-1.432113 5.790363 0.840949
-1.343335 5.773989 0.600641
-1.390542 6.004258 0.707457
-1.316063 5.921684 0.508386
-1.514049 5.891838 1.065193
-1.329313 5.674436 0.559019
-1.246221 5.593550 0.373064
-1.494894 5.859364 0.977410
-1.486453 6.109225 0.940037
-1.274637 5.569450 0.303625
-1.270327 5.700267 0.408933
-1.402284 5.762882 0.751452
-1.497418 6.027867 0.964400
-1.271425 5.786427 0.395671
-1.336186 5.853022 0.549011
-1.292194 5.648794 0.483119
-1.351321 5.718328 0.642752
-1.502192 6.125562 0.959836
-1.261667 5.571324 0.292422
-1.404055 5.940208 0.745724
-1.406992 5.939652 0.739716
-1.334253 5.956242 0.544133
-1.241414 5.679401 0.329263
-1.255037 5.876442 0.350982
-1.491604 6.042795 0.975096
-1.327742 5.863544 0.547353
-1.275110 5.799498 0.392882
-1.409583 6.040107 0.733817
-1.236040 5.674274 0.307787
-1.262285 5.629036 0.405852
-1.219562 5.667332 0.284213
-1.274570 5.901050 0.386852
-1.411220 5.883830 0.786158
-1.234743 5.762834 0.287456
-1.331258 5.785298 0.546440
-1.493807 5.963989 0.963085
-1.275956 5.737073 0.434310
-1.497128 5.984938 1.012197
-1.233710 5.767623 0.290655
-1.222798 5.851348 0.254427
-1.211068 5.842919 0.235156
-1.216387 5.753140 0.255225
-1.230644 5.864206 0.280868
-1.401579 5.872471 0.738348
-1.424646 5.825202 0.826885
-1.338507 5.810114 0.587101
-1.515610 5.924820 1.049878
-1.395118 6.042562 0.694305
-1.316147 5.960002 0.495050
-1.324167 5.710194 0.542197
-1.252928 5.628742 0.350619
-1.497995 6.062870 0.951083
-1.219051 5.614475 0.314894
-1.266491 5.736209 0.392582
-1.484249 6.147548 0.929036
-1.491636 5.895671 0.959415
-1.394428 5.799197 0.735728
-1.267918 5.823654 0.382192
-1.334105 5.889507 0.533953
-1.500435 6.160566 0.948877
-1.291509 5.684545 0.466490
-1.353799 5.753890 0.625842
-1.207488 5.615616 0.302119
-1.403988 5.974482 0.725848
-1.400983 5.976880 0.733478
-1.333895 5.992350 0.530791
-1.490774 6.078539 0.963350
-1.237485 5.716262 0.314952
-1.251031 5.914220 0.338709
-1.410569 6.076394 0.720932
-1.326074 5.900397 0.533129
-1.265709 5.836555 0.381197
-1.228052 5.711513 0.294120
-1.264458 5.666076 0.384839
-1.213790 5.703644 0.271056
-1.267389 5.937178 0.375679
-1.405486 5.919221 0.773395
-1.326012 5.821056 0.532070
-1.231756 5.801348 0.271951
-1.490430 5.999373 0.947958
-1.493222 6.019036 0.999101
-1.273859 5.773563 0.419256
-1.221119 5.889118 0.239805
-1.231617 5.805030 0.275195
-1.216112 5.790175 0.239029
-1.213975 5.881597 0.217863
-1.230789 5.901602 0.265507
-1.423054 5.859297 0.811440
-1.397265 5.908043 0.723600
-1.506807 5.957638 1.036171
-1.330947 5.846799 0.574670
-1.310318 5.997231 0.483923
-1.391563 6.080704 0.682852
-1.245853 5.665792 0.336582
-1.320361 5.747055 0.525425
-1.492282 6.098257 0.938314
-1.482027 6.184948 0.918452
-1.499588 6.195382 0.937551
-1.260335 5.773076 0.378173
-1.225338 5.649299 0.291620
-1.327436 5.925082 0.521571
-1.481553 5.931069 0.944003
-1.263500 5.861067 0.369083
-1.348560 5.789648 0.611468
-1.388409 5.836064 0.718853
-1.289928 5.721403 0.449817
-1.220150 5.649140 0.276260
-1.398267 6.010792 0.712674
-1.398839 6.014286 0.720449
-1.330408 6.029570 0.517310
-1.493125 6.115931 0.950504
-1.415647 6.114136 0.706580
-1.231320 5.753129 0.300547
-1.248863 5.952544 0.325287
-1.267255 5.872293 0.364673
-1.323907 5.937803 0.520110
-1.223723 5.748929 0.278564
-1.262047 5.973854 0.363356
-1.253315 5.702582 0.371859
-1.219097 5.740488 0.249779
-1.406058 5.955150 0.759671
-1.223666 5.838585 0.260737
-1.483888 6.034028 0.933521
-1.320783 5.857735 0.517287
-1.496467 6.055326 0.986296
-1.269030 5.810611 0.405312
-1.223530 5.928344 0.223716
-1.208632 5.919192 0.205133
-1.224969 5.843370 0.261582
-1.214943 5.828315 0.222790
-1.422802 5.894493 0.796046
-1.231879 5.940649 0.248952
-1.506544 5.990992 1.021597
-1.392950 5.943615 0.708854
-1.332013 5.883096 0.559338
-1.387098 6.119032 0.671769
-1.309508 6.036653 0.470546
-1.495596 6.230390 0.926499
-1.244757 5.702096 0.318713
-1.314715 5.783368 0.509809
-1.492876 6.134177 0.924586
-1.477985 6.222722 0.908607
-1.256910 5.809384 0.362659
-1.318961 5.961953 0.509514
-1.225164 5.686340 0.272969
-1.261831 5.898839 0.354455
-1.482760 5.967367 0.926201
-1.341996 5.825227 0.596632
-1.280615 5.757539 0.436096
-1.385930 5.872187 0.702954
-1.401586 6.047074 0.697435
-1.211744 5.686013 0.261763
-1.325066 6.065322 0.505397
-1.398929 6.051683 0.707519
-1.406251 6.149347 0.695714
-1.491815 6.153146 0.939550
-1.248947 5.991777 0.311549
-1.231563 5.790534 0.282732
-1.260601 5.909711 0.351471
-1.320417 5.975027 0.506628
-1.221214 5.785971 0.262272
-1.265880 6.012337 0.345692
-1.253133 5.738702 0.353619
-1.405306 5.990897 0.745485
-1.210193 5.777914 0.236486
-1.497046 6.090330 0.972979
-1.224322 5.876349 0.243761
-1.480922 6.069779 0.919232
-1.313730 5.894788 0.503244
-1.268770 5.847648 0.389109
-1.218619 5.967224 0.211408
-1.414404 5.928601 0.782770
-1.224698 5.880400 0.245388
-1.208307 5.958977 0.190154
-1.226541 5.978241 0.236223
-1.211024 5.866092 0.208074
-1.504478 6.025638 1.007348
-1.386813 5.979561 0.694848
-1.328094 5.919035 0.545435
-1.385779 6.157163 0.660417
-1.307771 6.075338 0.457955
-1.495180 6.266489 0.915596
-1.488486 6.169743 0.912285
-1.230876 5.739164 0.306844
-1.311817 5.820044 0.492672
-1.252573 5.845878 0.347517
-1.477949 6.262872 0.899331
-1.320041 5.999161 0.493775
-1.217669 5.723026 0.258104
-1.258340 5.936983 0.340568
-1.342650 5.861157 0.580465
-1.477161 6.003678 0.910567
-1.273551 5.794593 0.422057
-1.384378 5.909044 0.686272
-1.399027 6.084107 0.683578
-1.326580 6.103809 0.490082
-1.397197 6.089451 0.695329
-1.211567 5.723053 0.243115
-1.403180 6.186008 0.683478
-1.489181 6.190179 0.928133
-1.247707 6.030827 0.297349
-1.226720 5.827579 0.268796
-1.253036 5.947317 0.338641
-1.321429 6.014076 0.492512
-1.215046 5.822837 0.247872
-1.257821 6.050492 0.334067
-1.400911 6.027389 0.732776
-1.210415 5.814394 0.219089
-1.247485 5.775938 0.337598
-1.493983 6.126080 0.961140
-1.478865 6.105341 0.904575
-1.221747 5.915226 0.229096
-1.311231 5.930907 0.487358
-1.493833 6.057911 0.994798
-1.420458 5.964332 0.766416
-1.215134 6.006280 0.197117
-1.260794 5.884888 0.375443
-1.226720 6.017467 0.220043
-1.221710 5.918909 0.229890
-1.209407 5.998936 0.173193
-1.204784 5.904797 0.195301
-1.386588 6.016593 0.678635
-1.328264 5.956435 0.530061
-1.388053 6.197301 0.648800
-1.308285 6.114931 0.445049
-1.491745 6.206937 0.899077
-1.227955 5.775841 0.289718
-1.302526 5.857103 0.478536
-1.318886 6.036374 0.477943
-1.251912 5.883465 0.330071
-1.254832 5.974205 0.327097
-1.217577 5.759144 0.237420
-1.338319 5.896730 0.565727
-1.270627 5.830350 0.405339
-1.393719 6.120780 0.671245
-1.472884 6.040170 0.895400
-1.322182 6.141210 0.476977
-1.380987 5.945351 0.670746
-1.406436 6.224113 0.669870
-1.394142 6.127038 0.682677
-1.209138 5.759176 0.224789
-1.489213 6.228490 0.917233
-1.244629 6.069328 0.284304
-1.253703 5.985076 0.321664
-1.220569 5.865366 0.253983
-1.317939 6.051295 0.479035
-1.218531 5.860043 0.227339
-1.400572 6.063498 0.719428
-1.259850 6.090261 0.316733
-1.494064 6.161633 0.949030
-1.244569 5.812613 0.320470
-1.201525 5.852741 0.205387
-1.477652 6.142556 0.891173
-1.219669 5.953545 0.213232
-1.492178 6.092924 0.981386
-1.305089 5.967772 0.472950
-1.413399 5.999542 0.753193
-1.212046 6.044779 0.184077
-1.203154 6.036711 0.160840
-1.256873 5.921748 0.361136
-1.223237 6.056520 0.205754
-1.224718 5.957578 0.210151
-1.203217 5.943483 0.177822
-1.377717 6.053099 0.665741
-1.324775 5.993659 0.516581
-1.384930 6.236721 0.637776
-1.307476 6.154341 0.431680
-1.489606 6.243410 0.886463
-1.228693 5.812691 0.270702
-1.314484 6.073779 0.464837
-1.246663 5.920143 0.315302
-1.303699 5.894319 0.460345
-1.250430 6.012532 0.313584
-1.335328 5.933403 0.551041
-1.212845 5.797112 0.220623
-1.320036 6.179519 0.463558
-1.269954 5.867019 0.388305
-1.396161 6.159080 0.655553
-1.401544 6.261143 0.658377
-1.389661 6.164443 0.672013
-1.465049 6.076488 0.879676
-1.374466 5.982772 0.655082
-1.203079 5.796966 0.207528
-1.490569 6.266976 0.906801
-1.242479 6.108559 0.270479
-1.220810 5.902763 0.236175
-1.253475 6.023940 0.304646
-1.313056 6.090175 0.466719
-1.260437 6.128926 0.301801
-1.212378 5.897828 0.212530
-1.394355 6.100363 0.707462
-1.486945 6.197762 0.937838
-1.238919 5.849848 0.304453
-1.201364 5.890692 0.186334
-1.493667 6.127741 0.967702
-1.476953 6.180135 0.876157
-1.213434 5.992245 0.200463
-1.409501 6.035480 0.739284
-1.303019 6.005175 0.457488
-1.205330 6.084948 0.172101
-1.196934 6.076325 0.147663
-1.215597 6.095955 0.194560
-1.258467 5.960245 0.343374
-1.212984 5.995562 0.200424
-1.196564 5.981817 0.164221
-1.378814 6.090306 0.649997
-1.319033 6.029969 0.503423
-1.485646 6.280256 0.874589
-1.303935 6.194311 0.419421
-1.388151 6.278502 0.624968
-1.311507 6.111361 0.449749
-1.226285 5.849731 0.251963
-1.243268 5.958287 0.298970
-1.297155 5.931739 0.444692
-1.331923 5.969708 0.535524
-1.317890 6.217824 0.450141
-1.248793 6.052135 0.298139
-1.397563 6.297983 0.646518
-1.390852 6.195747 0.643225
-1.207682 5.833792 0.203408
-1.263385 5.903519 0.373070
-1.394272 6.204573 0.658041
-1.372911 6.019624 0.638407
-1.201078 5.834373 0.189625
-1.241687 6.149804 0.256295
-1.314980 6.129025 0.452242
-1.249586 6.062629 0.289520
-1.218334 5.941638 0.219064
-1.253289 6.166884 0.289816
-1.395357 6.137568 0.694168
-1.482970 6.233696 0.926374
-1.209486 5.936336 0.194586
-1.493335 6.162929 0.954759
-1.237442 5.887622 0.284931
-1.201218 5.929559 0.166870
-1.211356 6.030558 0.184604
-1.405603 6.071417 0.725376
-1.473505 6.217353 0.862665
-1.202259 6.124361 0.158653
-1.294142 6.042601 0.444194
-1.209365 6.134646 0.181798
-1.189288 6.115759 0.136475
-1.250886 5.996929 0.330963
-1.210509 6.034428 0.183318
-1.196321 6.020675 0.147213
-1.377179 6.128072 0.635363
-1.319220 6.068281 0.487643
-1.302629 6.234267 0.407262
-1.309870 6.150038 0.434714
-1.217897 5.887526 0.237060
-1.310759 6.255781 0.438152
-1.247140 6.090813 0.283111
-1.243549 5.997519 0.280335
-1.386884 6.233512 0.630951
-1.329858 6.007113 0.520059
-1.294683 5.969697 0.427983
-1.206194 5.871563 0.183891
-1.259067 5.940933 0.357517
-1.388898 6.243081 0.647337
-1.373623 6.058308 0.621002
-1.195929 5.871972 0.172001
-1.236804 6.189590 0.243583
-1.308757 6.166800 0.439880
-1.244770 6.100582 0.275181
-1.248908 6.206116 0.275901
-1.214931 5.979777 0.202738
-1.491563 6.273445 0.914197
-1.396392 6.176610 0.680048
-1.210253 5.975011 0.174755
-1.496597 6.200128 0.941547
-1.195972 5.967151 0.151700
-1.403940 6.107344 0.711566
-1.233628 5.925400 0.267766
-1.466893 6.253844 0.849864
-1.207473 6.070163 0.169073
-1.201558 6.165598 0.142028
-1.193157 6.156975 0.117593
-1.295748 6.081089 0.426433
-1.209180 6.176249 0.163556
-1.246087 6.035811 0.316206
-1.202949 6.072945 0.170091
-1.193345 6.060091 0.131315
-1.374632 6.166022 0.621100
-1.314835 6.106607 0.474126
-1.293590 6.273520 0.398050
-1.300500 6.188009 0.422629
-1.314560 6.296994 0.421707
-1.220984 5.925279 0.215282
-1.385683 6.272551 0.616744
-1.232818 6.034396 0.268204
-1.324630 6.043788 0.505286
-1.239094 6.129884 0.271083
-1.288137 6.007115 0.412336
-1.198711 5.909167 0.168624
-1.258408 5.978515 0.340076
-1.389868 6.283952 0.634847
-1.191690 5.909382 0.154009
-1.236030 6.231745 0.228992
-1.374749 6.097353 0.604432
-1.242720 6.139808 0.258910
-1.305216 6.206770 0.427623
-1.243633 6.246452 0.261945
-1.209706 6.018289 0.187154
-1.391499 6.213647 0.668555
-1.489956 6.234781 0.929571
-1.204098 6.012788 0.159955
-1.190741 6.005662 0.136118
-1.400472 6.144565 0.698083
-1.194844 6.205756 0.130063
-1.200840 6.109409 0.155067
-1.470614 6.294158 0.836254
-1.225244 5.963193 0.252866
-1.201541 6.215675 0.152373
-1.297783 6.120860 0.409094
-1.190663 6.200423 0.100883
-1.202726 6.112714 0.152674
-1.244020 6.074127 0.300343
-1.186708 6.099338 0.117310
-1.313597 6.144733 0.460337
-1.374852 6.205246 0.604906
-1.302971 6.229053 0.405717
-1.211668 5.962336 0.201168
-1.234009 6.073432 0.249207
-1.322565 6.081188 0.489826
-1.240224 6.170750 0.253714
-1.282932 6.045632 0.396741
-1.198149 5.947665 0.148329
-1.250032 6.016308 0.325174
-1.227472 6.270439 0.218590
-1.184718 5.947352 0.137129
-1.365907 6.135696 0.590720
-1.235188 6.179240 0.245271
-1.245199 6.288588 0.245003
-1.302190 6.247102 0.413753
-1.206318 6.057342 0.170421
-1.387551 6.252335 0.655867
-1.485586 6.271266 0.916864
-1.197975 6.052404 0.144332
-1.394752 6.180871 0.684922
-1.187862 6.045080 0.117772
-1.195104 6.249553 0.111836
-1.226927 6.001681 0.232663
-1.201577 6.151745 0.136043
-1.199535 6.257644 0.134877
-1.182623 6.240398 0.088459
-1.289834 6.159010 0.395026
-1.249306 6.114615 0.279875
-1.198462 6.153785 0.135490
-1.181015 6.140232 0.102113
-1.376412 6.245563 0.588765
-1.311068 6.184518 0.445260
-1.300441 6.268826 0.390647
-1.318677 6.118958 0.475108
-1.230630 6.112482 0.232473
-1.241784 6.212896 0.236767
-1.206043 6.001403 0.184338
-1.282313 6.085048 0.378475
-1.249389 6.054804 0.307325
-1.189356 5.986008 0.132190
-1.231316 6.218835 0.229745
-1.179583 5.985865 0.119100
-1.367032 6.174733 0.574157
-1.298667 6.287984 0.401090
-1.388090 6.291919 0.642958
-1.204371 6.097488 0.151293
-1.398933 6.219712 0.670530
-1.186851 6.090751 0.130552
-1.176221 6.083062 0.105610
-1.189319 6.290432 0.099097
-1.197198 6.191892 0.121726
-1.195194 6.299619 0.119739
-1.178277 6.282374 0.073323
-1.217630 6.039658 0.218138
-1.286885 6.198425 0.379121
-1.243596 6.153674 0.265497
-1.194612 6.195217 0.119144
-1.178570 6.180921 0.084196
-1.309863 6.224476 0.430650
-1.370223 6.284254 0.575989
-1.314790 6.156726 0.460394
-1.234667 6.252687 0.223968
-1.226355 6.152637 0.215699
-1.204574 6.040082 0.164417
-1.248761 6.094216 0.289065
-1.280783 6.124646 0.360582
-1.186987 6.025794 0.112227
-1.229315 6.260807 0.212245
-1.176286 6.024919 0.099921
-1.358207 6.213993 0.560038
-1.194077 6.136566 0.139182
-1.389156 6.256399 0.658019
-1.184404 6.131448 0.112631
-1.175212 6.124856 0.085291
-1.190615 6.233886 0.106490
-1.216182 6.079255 0.197804
-1.283953 6.238755 0.362806
-1.238813 6.193460 0.250339
-1.190332 6.235357 0.102381
-1.172894 6.222726 0.068594
-1.303658 6.263165 0.417885
-1.310008 6.195600 0.445638
-1.232171 6.295209 0.207672
-1.219348 6.193353 0.200036
-1.196215 6.079708 0.148702
-1.242636 6.132911 0.273853
-1.177282 6.064320 0.096465
-1.274698 6.165181 0.344539
-1.226404 6.302961 0.195118
-1.170270 6.065454 0.081442
-1.193057 6.177433 0.119278
-1.354381 6.254517 0.544081
-1.392444 6.296339 0.643589
-1.179722 6.172151 0.094620
-1.181251 6.273683 0.093606
-1.168688 6.165015 0.068434
-1.210561 6.118313 0.180981
-1.278272 6.278726 0.348016
-1.236812 6.235437 0.232836
-1.181000 6.276994 0.088671
-1.169554 6.264513 0.050641
-1.310227 6.235734 0.429044
-1.215074 6.233499 0.183269
-1.192940 6.119674 0.129114
-1.242538 6.173598 0.253571
-1.270419 6.204415 0.328175
-1.174017 6.105206 0.076466
-1.168396 6.104676 0.060285
-1.188792 6.218497 0.102103
-1.351897 6.296134 0.528178
-1.176877 6.213390 0.075461
-1.167679 6.206796 0.048124
-1.229281 6.274861 0.219207
-1.206810 6.159752 0.162182
-1.169924 6.309213 0.029563
-1.304552 6.275709 0.414251
-1.211760 6.276209 0.164897
-1.190608 6.161286 0.108333
-1.233696 6.213771 0.239062
-1.169825 6.145354 0.057254
-1.263424 6.245131 0.312510
-1.182720 6.260853 0.085257
-1.173138 6.255731 0.056262
-1.159350 6.248243 0.031600
-1.203571 6.201550 0.141772
-1.182249 6.200900 0.092631
-1.231263 6.254459 0.221143
-1.161063 6.185522 0.040308
-1.258284 6.287306 0.295283
-1.176650 6.303203 0.068416
-1.165739 6.297904 0.038959
-1.158871 6.291294 0.009270
-1.197998 6.243354 0.123721
-1.177184 6.243067 0.072968
-1.227025 6.296439 0.203554
-1.189677 6.284801 0.107197
-1.178560 6.287582 0.049069
-1.490554 5.484501 1.058932
-1.479346 5.491657 1.050651
-1.485652 5.527001 1.035268
-1.489894 5.526089 1.030066
-1.504497 5.488155 1.072750
-1.493989 5.563293 1.011410
-1.468029 5.574295 1.010952
-1.399657 5.497213 0.825904
-1.459756 5.498071 1.004733
-1.406177 5.500399 0.801317
-1.498136 5.532186 1.050311
-1.567222 5.612882 1.222844
-1.479478 5.608591 0.989979
-1.480392 5.608461 0.989595
-1.502128 5.486599 1.083410
-1.392744 5.540708 0.807512
-1.480320 5.529111 0.983126
-1.335263 5.483641 0.649171
-1.402537 5.542080 0.780927
-1.532851 5.574264 1.201493
-1.498673 5.571941 1.027538
-1.477726 5.647233 0.969954
-1.475926 5.649451 0.967521
-1.500281 5.528961 1.061871
-1.412035 5.499542 0.820850
-1.410114 5.573633 0.785454
-1.336153 5.524415 0.655421
-1.443482 5.496828 0.961499
-1.460148 5.578821 0.964922
-1.319841 5.483789 0.560535
-1.527980 5.525915 1.180760
-1.329364 5.487528 0.566261
-1.377994 5.507376 0.784118
-1.499757 5.485036 1.094067
-1.307569 5.537009 0.637791
-1.397980 5.583897 0.760918
-1.547821 5.609836 1.180670
-1.559638 5.693239 1.179905
-1.495526 5.613153 1.005919
-1.470437 5.688528 0.951472
-1.479248 5.686963 0.944350
-1.506652 5.567276 1.040457
-1.403239 5.545159 0.802462
-1.398623 5.617785 0.768974
-1.569125 5.802165 1.177831
-1.469046 5.526644 0.939192
-1.402984 5.490939 0.838821
-1.472000 5.613471 0.944785
-1.554307 5.804236 1.162740
-1.289279 5.539327 0.551991
-1.324860 5.489344 0.638202
-1.555644 5.557632 1.160214
-1.376508 5.549068 0.766240
-1.492880 5.529549 1.072844
-1.281696 5.551499 0.563576
-1.342174 5.559709 0.608185
-1.384739 5.628398 0.742760
-1.545070 5.651416 1.159889
-1.551525 5.733829 1.159737
-1.490547 5.654627 0.985064
-1.341663 5.510077 0.647564
-1.464108 5.727829 0.933360
-1.474316 5.726579 0.924251
-1.390857 5.658621 0.752093
-1.499796 5.610869 1.019611
-1.409235 5.582170 0.780584
-1.344806 5.600146 0.616107
-1.560701 5.841570 1.154756
-1.429453 5.498556 0.914756
-1.442805 5.580415 0.923370
-1.384946 5.541584 0.822750
-1.547176 5.841910 1.143322
-1.459153 5.658337 0.927465
-1.306373 5.570092 0.527401
-1.364353 5.507484 0.741414
-1.323808 5.530452 0.621542
-1.495567 5.569314 1.052583
-1.390194 5.583445 0.745334
-1.335306 5.601334 0.590541
-1.310338 5.577414 0.534292
-1.527794 5.611929 1.137824
-1.320729 5.498653 0.549808
-1.387075 5.665936 0.722414
-1.321035 5.496113 0.543613
-1.545918 5.691462 1.140392
-1.542495 5.774554 1.139951
-1.488355 5.693849 0.963812
-1.341440 5.486544 0.660431
-1.350837 5.546110 0.625754
-1.460947 5.766168 0.915313
-1.454355 5.770814 0.905869
-1.389001 5.698105 0.734125
-1.494813 5.652342 0.998753
-1.400480 5.625931 0.762947
-1.341130 5.639875 0.598907
-1.542324 5.877816 1.124733
-1.557703 5.879177 1.132197
-1.451838 5.618254 0.903244
-1.458204 5.697699 0.909113
-1.311505 5.488675 0.601603
-1.430118 5.543152 0.895810
-1.411882 5.572643 0.798072
-1.305420 5.610357 0.508671
-1.355883 5.553371 0.726304
-1.396022 5.526304 0.836237
-1.334301 5.566715 0.600186
-1.388723 5.624209 0.727829
-1.499570 5.609314 1.032776
-1.309813 5.617104 0.516782
-1.332520 5.641866 0.572579
-1.526335 5.654671 1.117116
-1.295589 5.552388 0.541776
-1.382554 5.705896 0.703152
-1.544123 5.731053 1.119978
-1.292215 5.551301 0.536737
-1.534805 5.814579 1.120997
-1.483799 5.734757 0.944171
-1.314520 5.541554 0.650340
-1.454635 5.804543 0.897575
-1.342900 5.590575 0.609797
-1.569802 5.850451 1.171004
-1.456268 5.808018 0.884675
-1.383080 5.737756 0.716849
-1.486170 5.694337 0.979425
-1.395857 5.666733 0.745750
-1.540616 5.913694 1.105830
-1.340193 5.679217 0.580553
-1.458191 5.735999 0.890753
-1.558280 5.916177 1.110543
-1.446246 5.661058 0.885672
-1.315450 5.528555 0.584240
-1.423974 5.588300 0.878706
-1.403124 5.616400 0.780432
-1.314989 5.495248 0.516624
-1.298916 5.515895 0.544130
-1.302659 5.649951 0.491085
-1.329584 5.608348 0.585054
-1.376395 5.586261 0.703929
-1.413766 5.560524 0.814637
-1.346483 5.514270 0.696748
-1.494076 5.651272 1.013138
-1.390929 5.663524 0.709164
-1.305199 5.657895 0.499584
-1.324730 5.683630 0.555312
-1.376657 5.744610 0.686254
-1.520302 5.698063 1.098322
-1.309380 5.585898 0.518799
-1.306920 5.584681 0.513377
-1.530445 5.775226 1.100968
-1.538481 5.850516 1.101857
-1.344150 5.506751 0.654803
-1.467004 5.778024 0.925851
-1.455577 5.840856 0.879585
-1.343868 5.569046 0.624804
-1.334094 5.633308 0.594979
-1.562230 5.888705 1.150360
-1.455434 5.845613 0.864629
-1.383499 5.775475 0.699705
-1.479782 5.735504 0.960547
-1.538016 5.948769 1.087686
-1.390823 5.707182 0.727708
-1.336001 5.719442 0.564572
-1.297142 5.491852 0.563869
-1.443553 5.779275 0.874949
-1.543473 5.955570 1.090524
-1.438822 5.704128 0.868864
-1.322133 5.568049 0.565723
-1.404412 5.655846 0.762150
-1.437090 5.625043 0.858261
-1.294844 5.547752 0.507887
-1.307962 5.553701 0.524000
-1.300807 5.689417 0.473111
-1.331285 5.648141 0.567612
-1.367941 5.631223 0.689192
-1.490836 5.692402 0.993949
-1.382113 5.706272 0.694343
-1.409449 5.605412 0.796762
-1.301519 5.697623 0.482378
-1.328915 5.719961 0.534568
-1.307936 5.625716 0.501667
-1.374387 5.783741 0.667437
-1.526330 5.814640 1.082919
-1.515178 5.741335 1.079142
-1.533498 5.888201 1.084948
-1.304031 5.626051 0.497474
-1.342554 5.549280 0.638980
-1.469342 5.814650 0.905873
-1.446516 5.879629 0.862991
-1.349226 5.608315 0.605827
-1.340514 5.669736 0.574310
-1.558716 5.926803 1.129018
-1.450536 5.883374 0.845274
-1.383509 5.812836 0.681717
-1.533560 5.985042 1.069928
-1.474734 5.775970 0.942502
-1.389873 5.746537 0.709348
-1.327744 5.759834 0.549281
-1.305170 5.530635 0.546187
-1.289032 5.529570 0.534217
-1.300850 5.503279 0.493337
-1.439875 5.818104 0.858118
-1.441039 5.742525 0.850573
-1.542215 5.992835 1.069631
-1.325155 5.608063 0.548736
-1.394249 5.699299 0.746490
-1.431900 5.668203 0.841524
-1.305477 5.595426 0.508937
-1.298062 5.728081 0.455897
-1.296931 5.588826 0.490905
-1.331663 5.687708 0.549709
-1.377021 5.667180 0.669815
-1.493962 5.730673 0.975275
-1.383421 5.744787 0.676434
-1.358415 5.593889 0.661319
-1.298265 5.736779 0.466387
-1.575322 5.889645 1.163188
-1.405176 5.648437 0.779641
-1.313297 5.763268 0.521590
-1.308722 5.665634 0.484605
-1.366629 5.823658 0.650920
-1.527167 5.926597 1.067200
-1.519039 5.855024 1.064798
-1.513273 5.781777 1.060785
-1.296034 5.669502 0.484332
-1.450622 5.914976 0.845063
-1.462082 5.854092 0.888130
-1.341335 5.593107 0.623615
-1.342647 5.651146 0.591076
-1.335380 5.711022 0.558329
-1.551568 5.964488 1.109587
-1.528211 6.020513 1.052930
-1.379858 5.850722 0.665261
-1.449186 5.921461 0.826446
-1.473388 5.814051 0.923677
-1.386708 5.784862 0.691291
-1.324990 5.798511 0.532063
-1.439366 5.855969 0.841351
-1.264856 5.563422 0.493728
-1.312255 5.570484 0.528506
-1.299824 5.567031 0.515760
-1.436803 5.783704 0.834206
-1.540063 6.029295 1.049497
-1.318983 5.651251 0.534825
-1.393700 5.739012 0.728968
-1.428940 5.711468 0.824857
-1.321449 5.730137 0.536870
-1.473884 5.775744 0.958942
-1.370052 5.787263 0.663905
-1.304792 5.637829 0.492723
-1.296677 5.630651 0.475912
-1.370435 5.710023 0.655061
-1.289756 5.770337 0.439845
-1.566829 5.928030 1.142920
-1.359577 5.635105 0.644718
-1.291834 5.776906 0.450326
-1.402267 5.689827 0.763732
-1.318818 5.798894 0.501674
-1.526262 5.963192 1.049969
-1.363994 5.860564 0.632014
-1.302676 5.707044 0.469006
-1.522175 5.892385 1.046496
-1.299176 5.707739 0.465653
-1.512277 5.822094 1.042042
-1.444750 5.951849 0.828909
-1.462584 5.890982 0.868913
-1.347117 5.631802 0.605853
-1.338831 5.692657 0.575551
-1.330267 5.751377 0.542723
-1.526030 6.055015 1.035997
-1.374376 5.888872 0.649570
-1.548476 6.002013 1.089457
-1.444279 5.959225 0.807084
-1.478358 5.851135 0.904607
-1.384376 5.822971 0.675290
-1.319896 5.837941 0.516834
-1.438852 5.893835 0.824581
-1.308317 5.613762 0.514666
-1.290496 5.593284 0.468960
-1.304163 5.607270 0.499226
-1.426674 5.825310 0.819297
-1.530674 6.066891 1.029987
-1.324357 5.689586 0.516219
-1.389086 5.778890 0.712137
-1.303769 5.677073 0.476803
-1.428766 5.752479 0.807794
-1.368634 5.825241 0.647519
-1.477940 5.812958 0.940256
-1.324076 5.768871 0.519412
-1.287253 5.674719 0.464373
-1.566428 5.964136 1.124463
-1.289769 5.807676 0.421850
-1.370697 5.750447 0.639217
-1.297354 5.812525 0.430406
-1.308343 5.838260 0.486682
-1.397121 5.731123 0.747747
-1.358373 5.678008 0.629726
-1.515886 6.000822 1.033288
-1.301650 5.746294 0.453083
-1.520712 5.931333 1.029729
-1.362625 5.899568 0.612802
-1.295384 5.748316 0.450503
-1.506682 5.863999 1.024834
-1.443849 5.988429 0.811673
-1.457574 5.929592 0.851615
-1.340024 5.675124 0.592321
-1.336862 5.732977 0.559633
-1.323321 5.791997 0.527882
-1.570879 5.929412 1.157516
-1.524226 6.090814 1.019521
-1.546268 6.037449 1.072143
-1.374397 5.925301 0.631950
-1.466114 5.890871 0.887936
-1.442946 5.996378 0.788626
-1.378462 5.861693 0.658377
-1.434298 5.930932 0.808882
-1.320814 5.875160 0.498452
-1.286962 5.636923 0.455960
-1.302928 5.658601 0.502054
-1.429333 5.862205 0.802597
-1.296946 5.652368 0.487381
-1.391726 5.816706 0.695058
-1.317692 5.732337 0.503906
-1.527576 6.104420 1.009852
-1.290683 5.721669 0.466798
-1.475164 5.851658 0.923035
-1.323575 5.806704 0.502642
-1.419016 5.795369 0.793346
-1.368506 5.864383 0.631210
-1.288055 5.713704 0.447684
-1.554271 6.003048 1.105726
-1.282441 5.847001 0.406547
-1.355470 5.794114 0.627073
-1.397909 5.770130 0.731058
-1.288173 5.853046 0.415491
-1.304667 5.877066 0.469842
-1.519059 6.036317 1.015737
-1.342997 5.724376 0.618888
-1.513888 5.969277 1.013578
-1.294704 5.786903 0.438242
-1.362645 5.935990 0.595182
-1.291204 5.787598 0.434889
-1.442967 6.024068 0.794815
-1.505218 5.902936 1.008068
-1.450350 5.967165 0.834623
-1.340260 5.716468 0.576097
-1.328465 5.775142 0.546021
-1.320049 5.831155 0.511884
-1.563213 5.967574 1.139304
-1.524271 6.125404 1.002656
-1.542279 6.074161 1.052771
-1.373879 5.963145 0.615174
-1.465184 5.928370 0.870322
-1.436632 6.033818 0.771246
-1.372033 5.900895 0.642687
-1.432885 5.967983 0.792870
-1.320835 5.911562 0.480831
-1.276995 5.682397 0.445261
-1.300380 5.691792 0.471602
-1.427365 5.901606 0.787050
-1.308189 5.697767 0.485508
-1.386210 5.855769 0.678983
-1.309698 5.774849 0.491131
-1.529368 6.141547 0.991075
-1.475958 5.889739 0.906717
-1.319790 5.846342 0.487863
-1.364334 5.902741 0.615969
-1.547540 6.040144 1.087504
-1.294217 5.760250 0.448951
-1.277871 5.884984 0.390464
-1.288339 5.753165 0.432213
-1.417432 5.836056 0.778263
-1.357597 5.832399 0.611212
-1.395033 5.809646 0.715897
-1.517658 6.072453 1.000099
-1.307938 5.912578 0.449841
-1.283603 5.891030 0.399407
-1.351550 5.760807 0.600723
-1.507034 6.008149 0.997042
-1.441573 6.060186 0.779175
-1.290898 5.827469 0.423084
-1.284682 5.827624 0.421262
-1.359461 5.974306 0.577109
-1.498721 5.944027 0.991615
-1.449009 6.004303 0.816162
-1.340030 5.756426 0.561850
-1.555060 6.005285 1.122690
-1.323766 5.814910 0.531626
-1.513957 6.160226 0.987102
-1.321873 5.868224 0.493114
-1.539122 6.110650 1.035454
-1.367493 6.000480 0.600234
-1.462422 5.966127 0.853470
-1.368365 5.938767 0.626218
-1.435694 6.071313 0.753621
-1.429614 6.006231 0.777240
-1.318999 5.949158 0.463592
-1.425012 5.939715 0.771039
-1.299178 5.741251 0.475179
-1.385208 5.893160 0.663808
-1.282255 5.721561 0.428712
-1.291854 5.735720 0.459670
-1.311828 5.813120 0.475267
-1.470049 5.927526 0.890177
-1.549789 6.075760 1.070329
-1.520397 6.178553 0.972773
-1.359245 5.941233 0.601107
-1.316002 5.885981 0.473080
-1.294496 5.799714 0.433476
-1.514019 6.108493 0.984384
-1.276548 5.922081 0.372000
-1.281689 5.794969 0.420270
-1.352892 5.872177 0.596814
-1.418610 5.875419 0.762403
-1.392153 5.849165 0.700733
-1.278115 5.929147 0.383704
-1.304250 5.951369 0.432989
-1.348549 5.802097 0.587245
-1.440682 6.095812 0.762307
-1.503753 6.046413 0.981411
-1.354902 6.011374 0.561398
-1.284577 5.865798 0.405322
-1.286708 5.866744 0.407460
-1.498592 5.982252 0.975675
-1.443121 6.041163 0.799995
-1.554136 6.041869 1.105447
-1.517951 6.195491 0.971596
-1.335710 5.797484 0.547915
-1.325487 5.852829 0.514920
-1.318616 5.906440 0.477484
-1.533729 6.147043 1.018060
-1.366585 6.037023 0.582986
-1.456025 6.003474 0.838529
-1.430959 6.041951 0.760446
-1.434346 6.108448 0.735151
-1.365583 5.977443 0.608982
-1.316246 5.986885 0.446733
-1.381943 5.931389 0.648178
-1.280604 5.762131 0.416068
-1.301690 5.780813 0.459776
-1.428949 5.977757 0.754401
-1.289796 5.775935 0.446186
-1.311721 5.851295 0.459327
-1.470861 5.964674 0.874231
-1.548887 6.111409 1.053461
-1.355496 5.979019 0.587078
-1.314597 5.922998 0.457060
-1.517233 6.215041 0.955447
-1.511696 6.144762 0.969122
-1.289288 5.839966 0.420300
-1.349527 5.911251 0.583248
-1.270144 5.960329 0.356677
-1.279223 5.834827 0.405943
-1.413895 5.915209 0.748002
-1.397012 5.887064 0.683714
-1.274451 5.967000 0.367229
-1.302030 5.987669 0.415284
-1.436133 6.131966 0.746970
-1.508642 6.082478 0.965146
-1.343285 5.844228 0.573310
-1.281322 5.904006 0.389690
-1.282538 5.905084 0.392212
-1.357218 6.047961 0.541391
-1.441264 6.078793 0.782750
-1.512096 6.230505 0.956180
-1.499752 6.021642 0.959809
-1.554149 6.077388 1.088196
-1.334153 5.837219 0.533203
-1.317125 5.893126 0.502053
-1.317183 5.944393 0.461082
-1.363338 6.074321 0.567726
-1.531047 6.183978 0.999130
-1.455083 6.040972 0.820901
-1.419077 6.080091 0.747802
-1.366907 6.014081 0.591805
-1.428426 6.146243 0.718596
-1.314428 6.023544 0.429865
-1.420191 6.016787 0.741069
-1.379588 5.969489 0.632159
-1.276716 5.802606 0.403348
-1.293243 5.814430 0.430775
-1.301455 5.820767 0.445521
-1.306507 5.891553 0.446147
-1.465350 6.002824 0.858523
-1.549302 6.147286 1.037046
-1.350424 6.016579 0.572588
-1.505309 6.181199 0.954552
-1.516807 6.251132 0.936964
-1.307145 5.963166 0.443804
-1.394175 5.924717 0.669301
-1.276778 5.873752 0.391991
-1.266477 5.998179 0.340197
-1.357126 5.948748 0.565072
-1.284965 5.881023 0.406357
-1.415065 5.954575 0.732135
-1.295618 6.025921 0.399956
-1.284085 6.002507 0.344147
-1.433814 6.168214 0.731702
-1.507612 6.119905 0.949959
-1.344896 5.882999 0.558664
-1.279684 5.943653 0.377416
-1.344935 6.085727 0.527905
-1.283545 5.941424 0.371750
-1.554995 6.112689 1.073002
-1.508470 6.265614 0.940833
-1.446662 6.114346 0.765253
-1.498700 6.059999 0.944245
-1.324346 5.929322 0.483414
-1.329850 5.877348 0.519639
-1.306608 5.983665 0.448515
-1.356966 6.110722 0.553154
-1.530138 6.219626 0.982253
-1.450533 6.077124 0.805564
-1.419906 6.116301 0.732224
-1.358685 6.051679 0.577623
-1.308442 6.061224 0.415753
-1.427096 6.182439 0.700496
-1.419576 6.054550 0.726722
-1.290263 5.854779 0.417667
-1.298474 5.861117 0.432412
-1.373549 6.009049 0.617292
-1.281963 5.841770 0.386786
-1.548393 6.182935 1.020170
-1.465241 6.040105 0.842954
-1.305883 5.930219 0.431423
-1.511125 6.216195 0.938271
-1.352150 6.053574 0.556247
-1.302482 6.001071 0.430152
-1.512721 6.287749 0.920013
-1.388567 5.963700 0.655656
-1.271564 6.033409 0.319411
-1.279408 5.911528 0.374891
-1.351520 5.987726 0.551425
-1.275895 6.039148 0.330342
-1.280282 5.919854 0.392328
-1.411687 5.993662 0.718562
-1.296537 6.062179 0.381930
-1.424688 6.205029 0.718278
-1.502518 6.157499 0.935463
-1.342821 5.923231 0.545169
-1.279773 5.980123 0.357333
-1.283325 5.980445 0.357862
-1.345821 6.122933 0.509497
-1.510247 6.299842 0.925622
-1.551345 6.148732 1.057279
-1.440737 6.152140 0.748695
-1.491730 6.099721 0.929759
-1.330138 5.915888 0.504531
-1.307020 6.020419 0.431716
-1.319631 5.969095 0.469003
-1.353711 6.148018 0.537886
-1.529630 6.255632 0.966212
-1.450419 6.114405 0.789989
-1.417051 6.153974 0.717798
-1.356347 6.088843 0.561974
-1.425253 6.219124 0.683617
-1.302936 6.099345 0.400033
-1.424441 6.091523 0.710067
-1.368470 6.046610 0.602797
-1.463326 6.076713 0.828527
-1.542506 6.218881 1.004369
-1.293153 5.902222 0.421291
-1.287279 5.895128 0.404554
-1.276645 5.882870 0.375665
-1.501989 6.253027 0.924845
-1.303428 5.969149 0.417462
-1.351131 6.090963 0.541053
-1.300125 6.039155 0.414122
-1.267509 6.069961 0.302462
-1.383870 6.002553 0.641623
-1.275127 5.950716 0.361698
-1.346315 6.027065 0.538614
-1.429163 6.240705 0.701153
-1.273133 6.076862 0.313469
-1.278743 5.958650 0.377983
-1.410132 6.032487 0.704217
-1.290626 6.099937 0.365368
-1.497420 6.195094 0.920964
-1.339448 5.962302 0.531594
-1.549038 6.184068 1.042388
-1.280161 6.017801 0.340151
-1.280971 6.018520 0.341832
-1.339901 6.160705 0.492933
-1.434351 6.188556 0.734116
-1.492929 6.137242 0.914639
-1.305195 6.057076 0.414841
-1.314964 6.007000 0.455347
-1.327680 5.954823 0.490571
-1.351900 6.183753 0.521384
-1.522851 6.290776 0.951170
-1.450810 6.151192 0.773185
-1.422872 6.188943 0.701512
-1.357280 6.124182 0.544324
-1.302933 6.135733 0.382384
-1.419726 6.257274 0.667889
-1.459174 6.113225 0.814024
-1.418843 6.129585 0.696791
-1.498790 6.287555 0.910711
-1.541056 6.255955 0.988329
-1.371078 6.084409 0.585686
-1.292930 5.941246 0.407402
-1.278253 5.921625 0.361009
-1.293658 6.009136 0.406569
-1.344246 6.127852 0.527699
-1.285205 5.935348 0.391053
-1.297307 6.075860 0.400073
-1.379194 6.040473 0.627966
-1.263829 6.107804 0.285968
-1.423685 6.276987 0.686184
-1.346210 6.064319 0.523035
-1.275920 5.988753 0.345357
-1.266712 6.115105 0.298127
-1.283699 5.995668 0.358882
-1.283288 6.138319 0.350410
-1.406720 6.072512 0.690256
-1.496809 6.231945 0.906985
-1.334649 6.001996 0.519622
-1.278664 6.054724 0.326558
-1.546700 6.220340 1.027114
-1.276915 6.055071 0.324881
-1.336210 6.198569 0.476437
-1.424815 6.225010 0.719845
-1.324709 5.994248 0.477831
-1.304659 6.094891 0.398037
-1.307525 6.046237 0.442459
-1.488615 6.176487 0.901438
-1.352292 6.220512 0.504570
-1.447568 6.187571 0.758292
-1.414147 6.226114 0.688921
-1.345770 6.163604 0.532126
-1.296505 6.173984 0.367038
-1.420591 6.294489 0.649468
-1.459053 6.150505 0.798442
-1.537826 6.291420 0.973813
-1.408267 6.167950 0.684589
-1.370103 6.119930 0.571246
-1.290876 5.980532 0.394277
-1.299038 6.045582 0.388683
-1.278028 5.960643 0.347116
-1.342305 6.165371 0.512880
-1.285893 5.974237 0.376776
-1.291287 6.114470 0.385571
-1.423582 6.313320 0.670971
-1.345618 6.101127 0.509056
-1.379057 6.078669 0.612005
-1.258827 6.145418 0.269013
-1.276226 6.026345 0.330615
-1.281287 6.032724 0.345672
-1.499368 6.267821 0.893071
-1.257545 6.153746 0.283934
-1.402441 6.110799 0.677433
-1.285592 6.174875 0.330381
-1.545703 6.255904 1.012673
-1.333501 6.041164 0.506110
-1.273561 6.093192 0.311671
-1.273639 6.093274 0.309226
-1.337110 6.234830 0.458395
-1.422050 6.261830 0.703342
-1.312013 6.081884 0.425335
-1.323183 6.032117 0.463858
-1.300490 6.132301 0.383145
-1.487977 6.214270 0.887077
-1.347198 6.258068 0.490056
-1.446149 6.223683 0.742628
-1.414047 6.262448 0.673710
-1.349791 6.200768 0.513394
-1.296468 6.211298 0.348999
-1.414464 6.204208 0.668758
-1.368668 6.156959 0.555202
-1.344928 6.202223 0.496137
-1.291559 6.019423 0.379995
-1.272317 6.000452 0.335522
-1.297484 6.084377 0.374325
-1.286171 6.012765 0.361654
-1.292090 6.151575 0.369597
-1.381175 6.116024 0.596492
-1.339487 6.140598 0.496616
-1.256054 6.183122 0.252126
-1.272442 6.065040 0.316185
-1.279330 6.071156 0.330473
-1.253883 6.190652 0.267810
-1.495577 6.305642 0.879014
-1.279185 6.212185 0.315410
-1.543384 6.291238 0.997770
-1.405874 6.148388 0.662376
-1.336029 6.078867 0.491438
-1.265229 6.131617 0.299537
-1.271298 6.130408 0.293563
-1.333436 6.271752 0.442269
-1.424661 6.298702 0.686595
-1.304592 6.120185 0.412818
-1.322565 6.069852 0.449496
-1.485534 6.251380 0.873860
-1.296291 6.170643 0.367867
-1.349383 6.295486 0.472084
-1.444218 6.260286 0.728183
-1.411175 6.300114 0.659265
-1.347031 6.237564 0.496886
-1.294600 6.248875 0.331722
-1.405199 6.242800 0.657004
-1.366720 6.194477 0.540378
-1.273937 6.038269 0.321232
-1.293177 6.057244 0.365705
-1.341151 6.240003 0.482077
-1.288641 6.123298 0.363415
-1.282307 6.051379 0.349667
-1.374711 6.152338 0.584350
-1.290630 6.189516 0.353165
-1.339774 6.178206 0.481864
-1.276454 6.109717 0.315653
-1.269058 6.104093 0.302590
-1.246854 6.222691 0.237542
-1.254328 6.228395 0.248160
-1.401587 6.186675 0.649545
-1.279627 6.249931 0.295759
-1.335811 6.116966 0.477913
-1.262453 6.169323 0.282648
-1.265677 6.169365 0.279891
-1.331534 6.310272 0.424609
-1.322858 6.107453 0.434747
-1.307193 6.157959 0.395692
-1.292114 6.208048 0.352966
-1.483466 6.289785 0.861098
-1.444110 6.296621 0.712966
-1.341931 6.275116 0.482366
-1.285443 6.286583 0.317895
-1.360734 6.231230 0.526625
-1.407706 6.280518 0.642319
-1.290221 6.095726 0.353329
-1.268242 6.077144 0.310009
-1.341025 6.277246 0.466476
-1.286258 6.088439 0.333380
-1.287991 6.161957 0.348663
-1.380881 6.189517 0.568133
-1.285942 6.227413 0.339485
-1.331428 6.216647 0.469723
-1.272177 6.147968 0.302818
-1.266584 6.143011 0.288606
-1.247804 6.259933 0.216662
-1.398614 6.225187 0.637167
-1.252027 6.266532 0.229657
-1.277728 6.288433 0.278095
-1.326046 6.156028 0.467383
-1.260992 6.207253 0.266211
-1.258759 6.207160 0.266138
-1.315835 6.146113 0.423064
-1.304815 6.196034 0.379640
-1.291156 6.245491 0.335302
-1.448634 6.295453 0.742575
-1.407976 6.318137 0.627557
-1.358751 6.269679 0.511410
-1.335920 6.314793 0.451950
-1.268000 6.116157 0.296098
-1.287235 6.135140 0.340569
-1.282359 6.127984 0.321003
-1.376210 6.226498 0.554834
-1.282389 6.199985 0.335366
-1.284473 6.265347 0.323043
-1.332620 6.254116 0.454577
-1.266551 6.186924 0.289141
-1.257734 6.181924 0.277686
-1.243190 6.297891 0.200527
-1.250662 6.303596 0.211145
-1.389748 6.264136 0.626246
-1.323992 6.194390 0.454617
-1.258612 6.245312 0.250152
-1.255440 6.246286 0.250084
-1.311550 6.184374 0.410224
-1.306519 6.232999 0.363269
-1.291486 6.284089 0.317709
-1.362652 6.307683 0.494727
-1.281529 6.174018 0.329337
-1.266840 6.155299 0.282565
-1.371001 6.264905 0.542375
-1.272998 6.167391 0.311307
-1.284472 6.238238 0.319453
-1.330153 6.292114 0.440962
-1.288430 6.304341 0.303530
-1.262774 6.224679 0.275071
-1.255785 6.219411 0.262848
-1.393542 6.303010 0.611630
-1.321908 6.233683 0.441465
-1.256306 6.283445 0.231643
-1.259426 6.284338 0.230951
-1.313631 6.222637 0.394312
-1.299968 6.272093 0.349968
-1.289097 6.322149 0.301643
-1.366322 6.301883 0.529067
-1.262046 6.194037 0.270944
-1.281275 6.213030 0.315415
-1.268711 6.205640 0.298461
-1.285206 6.277193 0.302697
-1.260686 6.257333 0.243332
-1.263510 6.263629 0.258315
-1.322586 6.271640 0.427537
-1.251177 6.321896 0.216726
-1.251555 6.323189 0.217186
-1.308958 6.259598 0.381004
-1.300724 6.310115 0.333590
-1.282845 6.251771 0.300720
-1.272618 6.243620 0.281774
-1.262273 6.233481 0.255412
-1.280909 6.315438 0.289842
-1.263353 6.301774 0.242318
-1.255452 6.296638 0.230480
-1.321408 6.310795 0.413998
-1.314661 6.298251 0.363170
-1.259298 6.271939 0.243018
-1.279436 6.290807 0.287104
-1.269616 6.283014 0.268999
-1.261343 6.311092 0.226707
-1.486484 5.625067 1.059841
-1.465062 5.611688 0.999525
-1.542902 5.676836 1.204709
-1.474355 5.610456 1.015058
-1.479055 5.669557 1.036783
-1.471684 5.624499 1.009804
-1.454321 5.658865 0.975537
-1.523703 5.673120 1.158119
-1.532153 5.724017 1.180720
-1.407631 5.618509 0.854569
-1.390298 5.594486 0.802060
-1.471977 5.653894 0.991390
-1.447773 5.623075 0.964251
-1.469869 5.644502 1.005093
-1.477221 5.710626 1.015151
-1.548032 5.773236 1.200777
-1.465018 5.669770 0.988420
-1.465961 5.636343 1.016699
-1.450367 5.699790 0.951360
-1.533930 5.808929 1.171569
-1.359358 5.591207 0.725931
-1.514204 5.721511 1.134198
-1.393877 5.619065 0.809489
-1.405206 5.660990 0.833744
-1.525640 5.768415 1.157289
-1.380816 5.640991 0.781384
-1.462648 5.699518 0.968667
-1.442357 5.669556 0.942935
-1.391373 5.605006 0.810049
-1.427872 5.624496 0.914424
-1.463689 5.690204 0.982101
-1.389191 5.628042 0.797958
-1.546307 5.815551 1.184472
-1.470282 5.753675 0.993726
-1.543529 5.814667 1.177805
-1.463512 5.712152 0.967225
-1.465266 5.680462 0.994336
-1.353601 5.588825 0.688107
-1.547772 5.814441 1.193939
-1.352237 5.586381 0.682708
-1.351472 5.612783 0.673164
-1.358893 5.631633 0.705165
-1.449077 5.740371 0.928517
-1.529206 5.849092 1.145712
-1.336404 5.610502 0.652466
-1.378121 5.615705 0.765901
-1.411306 5.698852 0.811191
-1.391780 5.662859 0.789101
-1.514427 5.765538 1.111463
-1.517663 5.813419 1.135433
-1.450551 5.745461 0.947051
-1.372907 5.685061 0.759927
-1.387430 5.649005 0.790399
-1.435150 5.715328 0.922755
-1.451972 5.736536 0.961322
-1.424142 5.671655 0.894414
-1.548021 5.892849 1.180146
-1.321425 5.572001 0.623625
-1.393682 5.626006 0.801862
-1.334708 5.586578 0.652563
-1.472304 5.791571 0.971811
-1.385790 5.671551 0.777100
-1.535334 5.856517 1.156308
-1.535881 5.859104 1.159631
-1.343363 5.597395 0.671042
-1.457878 5.755486 0.946267
-1.466964 5.722002 0.973269
-1.336476 5.612123 0.628013
-1.355690 5.630745 0.667878
-1.351503 5.629535 0.663188
-1.540550 5.857150 1.169227
-1.345306 5.656603 0.653414
-1.353052 5.676769 0.685853
-1.435675 5.786037 0.906430
-1.528122 5.887884 1.121221
-1.340229 5.649098 0.629413
-1.367936 5.663590 0.748474
-1.363824 5.613690 0.717500
-1.397262 5.744968 0.792756
-1.385991 5.707074 0.770188
-1.517724 5.853377 1.113456
-1.510959 5.809984 1.090204
-1.540163 5.856312 1.179441
-1.313514 5.572808 0.598408
-1.372058 5.725108 0.738320
-1.449259 5.786047 0.924205
-1.434080 5.757185 0.902795
-1.539173 5.932085 1.157770
-1.378709 5.696298 0.771395
-1.321784 5.585119 0.612805
-1.336658 5.609577 0.659085
-1.460424 5.833837 0.951790
-1.450084 5.778537 0.939285
-1.417317 5.717818 0.875070
-1.321997 5.615441 0.604572
-1.535449 5.895555 1.134730
-1.383421 5.713117 0.756671
-1.379640 5.677075 0.784712
-1.331478 5.632279 0.634188
-1.539360 5.896415 1.136137
-1.345452 5.639317 0.650812
-1.452679 5.798295 0.926545
-1.456009 5.769118 0.954164
-1.349363 5.675450 0.650172
-1.350442 5.671380 0.643227
-1.536100 5.897669 1.146650
-1.331942 5.657541 0.609169
-1.342018 5.698270 0.633353
-1.345094 5.719883 0.667239
-1.437317 5.823547 0.883675
-1.519707 5.928472 1.096837
-1.327875 5.695887 0.612285
-1.368557 5.706118 0.729820
-1.354728 5.663669 0.702187
-1.384630 5.789534 0.775588
-1.388185 5.747162 0.750755
-1.512137 5.895807 1.092893
-1.537017 5.897118 1.157333
-1.502060 5.855098 1.068712
-1.443354 5.827157 0.903205
-1.367462 5.766499 0.717789
-1.315390 5.616533 0.579823
-1.534346 5.970338 1.137598
-1.436214 5.798202 0.882962
-1.379925 5.737413 0.751932
-1.316929 5.632303 0.598051
-1.453975 5.875448 0.931996
-1.446786 5.820219 0.919221
-1.526386 5.936599 1.113998
-1.408104 5.764692 0.857670
-1.342278 5.651968 0.639422
-1.323004 5.658352 0.586756
-1.374482 5.757261 0.738024
-1.327814 5.676636 0.617818
-1.384060 5.717343 0.765379
-1.530402 5.937497 1.112959
-1.337606 5.685544 0.634282
-1.442430 5.842163 0.907429
-1.448528 5.812669 0.933940
-1.344712 5.714674 0.624710
-1.530783 5.937374 1.124840
-1.345860 5.718926 0.631755
-1.330395 5.698962 0.590813
-1.344974 5.736054 0.611065
-1.349352 5.757956 0.645419
-1.431031 5.864272 0.861834
-1.512705 5.967506 1.073719
-1.330289 5.734166 0.591204
-1.367873 5.748363 0.710694
-1.352472 5.708354 0.683839
-1.386115 5.827928 0.754875
-1.380604 5.790674 0.732975
-1.508506 5.936189 1.072389
-1.533384 5.937499 1.136829
-1.531420 6.007465 1.117084
-1.439729 5.867531 0.882701
-1.370414 5.804291 0.695499
-1.307766 5.664033 0.566175
-1.500982 5.896970 1.048747
-1.454260 5.911718 0.911613
-1.426347 5.842461 0.864682
-1.373267 5.780820 0.733783
-1.521505 5.975776 1.093424
-1.443161 5.860592 0.898718
-1.319781 5.675007 0.579494
-1.317115 5.702529 0.570284
-1.374991 5.796678 0.717281
-1.335736 5.698483 0.623358
-1.371159 5.764634 0.749454
-1.527909 5.975970 1.090439
-1.409261 5.806738 0.837804
-1.438319 5.882110 0.888532
-1.328439 5.719164 0.599160
-1.339208 5.727046 0.615654
-1.450715 5.852768 0.914504
-1.526388 5.976979 1.102658
-1.332793 5.760939 0.608815
-1.328059 5.782455 0.596178
-1.339587 5.762721 0.614443
-1.316957 5.746747 0.576095
-1.339006 5.801785 0.628746
-1.423822 5.905107 0.840360
-1.514339 6.005033 1.050958
-1.318044 5.779123 0.574870
-1.363824 5.792344 0.693481
-1.345982 5.753955 0.668173
-1.381085 5.867979 0.736346
-1.367431 5.835742 0.717009
-1.527189 6.044309 1.096100
-1.532630 5.975726 1.116014
-1.505255 5.976966 1.052721
-1.362127 5.846108 0.676440
-1.433823 5.908651 0.861695
-1.446998 5.951596 0.892984
-1.494855 5.939900 1.029387
-1.304811 5.710097 0.551078
-1.422563 5.883721 0.846222
-1.376980 5.819393 0.713168
-1.525259 6.013446 1.073208
-1.434812 5.903337 0.879258
-1.308409 5.723856 0.566920
-1.524547 6.013628 1.068686
-1.334353 5.742106 0.607483
-1.313451 5.746894 0.553909
-1.434207 5.922062 0.869633
-1.367952 5.839703 0.698291
-1.375579 5.804910 0.730117
-1.322006 5.763844 0.583893
-1.409932 5.848359 0.819544
-1.326746 5.773808 0.600965
-1.436718 5.897984 0.896460
-1.520584 6.016265 1.082451
-1.324729 5.804027 0.592639
-1.332446 5.805703 0.597898
-1.323499 5.784079 0.554771
-1.322002 5.824451 0.577218
-1.329310 5.843278 0.611663
-1.423076 5.943329 0.819544
-1.316767 5.817826 0.555262
-1.509619 6.043333 1.028334
-1.361404 5.832962 0.675889
-1.346116 5.796063 0.651119
-1.376055 5.908034 0.717815
-1.525622 6.080803 1.076451
-1.372122 5.873292 0.696423
-1.529974 6.015088 1.095537
-1.508088 6.014741 1.032872
-1.430308 5.947187 0.841987
-1.353894 5.887007 0.657779
-1.443481 5.990137 0.873274
-1.304408 5.752695 0.535231
-1.487422 5.982551 1.009557
-1.518587 6.051916 1.053768
-1.420081 5.925272 0.828228
-1.365111 5.864751 0.697668
-1.434446 5.941950 0.859280
-1.513854 6.053088 1.047039
-1.314194 5.763488 0.548449
-1.432376 5.961276 0.851230
-1.313263 5.787687 0.536415
-1.367593 5.878308 0.678313
-1.329765 5.786580 0.591475
-1.369737 5.848183 0.714039
-1.316169 5.807113 0.567815
-1.403705 5.891247 0.802628
-1.323732 5.815842 0.584179
-1.439557 5.935750 0.876612
-1.518525 6.054214 1.061164
-1.318497 5.862978 0.557508
-1.320953 5.845283 0.574176
-1.325304 5.848691 0.581351
-1.312612 5.828405 0.539301
-1.330799 5.881674 0.590944
-1.419181 5.981478 0.798995
-1.309300 5.859503 0.538276
-1.500771 6.082588 1.005948
-1.356105 5.875743 0.658602
-1.339680 5.840754 0.635848
-1.372002 5.947065 0.699311
-1.527258 6.116453 1.056930
-1.363184 5.915574 0.681013
-1.526451 6.053634 1.075826
-1.494791 6.056714 1.014816
-1.440405 6.028150 0.854801
-1.422996 5.987995 0.822953
-1.355982 5.923990 0.636252
-1.510996 6.090496 1.034696
-1.304550 5.794802 0.518175
-1.419559 5.964773 0.810294
-1.487762 6.022877 0.990853
-1.433597 5.980138 0.840908
-1.368827 5.903330 0.677050
-1.435274 5.998122 0.831781
-1.506749 6.092095 1.026361
-1.359202 5.920095 0.661696
-1.304780 5.810297 0.535933
-1.318177 5.832286 0.579259
-1.302164 5.833822 0.522591
-1.370143 5.887569 0.695737
-1.313159 5.849149 0.551029
-1.405356 5.931846 0.784395
-1.323164 5.856251 0.565847
-1.438110 5.975350 0.859049
-1.519187 6.090883 1.041616
-1.317276 5.900761 0.538299
-1.321036 5.883350 0.555437
-1.323866 5.888281 0.563788
-1.310254 5.868098 0.522108
-1.328113 5.920059 0.573312
-1.418980 6.019203 0.776972
-1.308948 5.898102 0.518298
-1.495567 6.120457 0.984933
-1.358411 5.913990 0.639964
-1.513039 6.153562 1.037964
-1.376423 5.982376 0.678687
-1.338947 5.882044 0.619563
-1.364185 5.953538 0.661905
-1.517878 6.093227 1.056729
-1.494856 6.094795 0.996079
-1.439223 6.065015 0.835994
-1.354211 5.962265 0.618252
-1.421379 6.025390 0.802909
-1.503834 6.128531 1.016867
-1.419628 6.002841 0.791557
-1.296704 5.839158 0.504883
-1.484944 6.063112 0.972425
-1.424431 6.021141 0.822618
-1.365535 5.943126 0.660228
-1.423775 6.038909 0.815836
-1.502897 6.129320 1.006216
-1.301278 5.851893 0.520756
-1.359818 5.957664 0.641750
-1.319885 5.871944 0.561428
-1.303874 5.873478 0.504760
-1.313076 5.888094 0.534336
-1.368966 5.929391 0.678215
-1.323026 5.896118 0.548754
-1.402927 5.972464 0.766804
-1.510666 6.129554 1.022918
-1.436275 6.014553 0.840650
-1.318352 5.927897 0.546865
-1.311327 5.940910 0.520137
-1.324806 5.920990 0.535220
-1.308814 5.907681 0.504546
-1.321238 5.960316 0.555520
-1.407644 6.059108 0.758980
-1.306801 5.935984 0.499458
-1.495408 6.157262 0.963310
-1.356369 5.954996 0.623209
-1.514131 6.189695 1.019655
-1.373347 6.020370 0.660217
-1.342934 5.920962 0.602231
-1.506588 6.132214 1.039138
-1.356821 5.993370 0.645720
-1.490844 6.132905 0.977980
-1.430222 6.103258 0.818901
-1.419221 6.063283 0.784069
-1.504871 6.165585 0.998159
-1.347877 6.002028 0.599251
-1.411661 6.044095 0.776179
-1.297330 5.879804 0.489466
-1.421730 6.059530 0.804986
-1.358116 5.983880 0.643642
-1.422920 6.077089 0.797466
-1.501273 6.166727 0.986170
-1.479303 6.104590 0.954702
-1.358047 5.995942 0.623748
-1.301903 5.892542 0.505338
-1.303793 5.912424 0.488066
-1.320073 5.913126 0.544772
-1.316631 5.927543 0.515765
-1.360407 5.972057 0.663645
-1.397189 6.013895 0.751526
-1.322508 5.935598 0.530822
-1.506273 6.167276 1.003979
-1.427926 6.055418 0.824434
-1.317888 5.966457 0.529331
-1.317391 5.961741 0.518634
-1.314336 5.977772 0.498242
-1.301781 5.948821 0.488797
-1.319090 5.998204 0.536678
-1.410699 6.095057 0.737485
-1.300908 5.975213 0.481694
-1.493404 6.194279 0.942424
-1.514899 6.224514 1.000906
-1.351614 5.995397 0.607960
-1.368806 6.058967 0.643322
-1.514035 6.167572 1.020690
-1.336605 5.963807 0.587759
-1.357276 6.031830 0.627816
-1.429096 6.139205 0.800490
-1.493188 6.170243 0.959738
-1.417063 6.101179 0.765228
-1.502761 6.202565 0.979718
-1.341654 6.039949 0.581048
-1.413035 6.082454 0.757907
-1.295676 5.921196 0.473547
-1.421198 6.114453 0.779862
-1.425545 6.096261 0.785168
-1.357649 6.022444 0.626108
-1.477901 6.143270 0.937538
-1.497423 6.203955 0.966022
-1.346557 6.036731 0.607799
-1.296882 5.935670 0.491334
-1.315702 5.953914 0.530361
-1.300834 5.953533 0.471677
-1.365968 6.008533 0.645533
-1.307591 5.969781 0.502799
-1.316833 5.976102 0.515941
-1.402636 6.052221 0.732615
-1.508832 6.202806 0.984092
-1.433100 6.091510 0.805485
-1.318349 6.004912 0.511426
-1.315083 6.000512 0.501837
-1.308498 6.016080 0.480876
-1.298170 5.987307 0.471531
-1.317920 6.035063 0.517866
-1.297839 6.013205 0.463220
-1.401647 6.134225 0.719989
-1.506544 6.260427 0.983403
-1.483201 6.232285 0.922414
-1.347457 6.034382 0.591902
-1.364808 6.097072 0.625217
-1.509155 6.204868 1.003356
-1.336902 6.003150 0.571900
-1.349968 6.070746 0.612027
-1.426070 6.176288 0.782416
-1.493631 6.208717 0.941834
-1.493809 6.239896 0.963022
-1.334890 6.078369 0.564051
-1.411757 6.139001 0.746655
-1.406644 6.121268 0.741748
-1.424747 6.133518 0.767194
-1.419477 6.151818 0.762257
-1.287941 5.963721 0.461049
-1.353490 6.061431 0.610049
-1.493629 6.240263 0.946272
-1.478345 6.181743 0.919634
-1.348534 6.073668 0.588716
-1.300548 5.973275 0.473559
-1.294239 5.994144 0.457163
-1.316924 5.993150 0.514132
-1.306206 6.008448 0.485631
-1.363600 6.048232 0.628336
-1.314470 6.015797 0.498742
-1.397876 6.092630 0.717363
-1.429858 6.130397 0.789057
-1.506667 6.240711 0.965249
-1.313814 6.043507 0.494527
-1.312395 6.038895 0.484199
-1.302661 6.054390 0.463508
-1.318055 6.072208 0.499520
-1.296351 6.026506 0.453124
-1.289233 6.051833 0.446959
-1.401935 6.170491 0.699598
-1.479353 6.269517 0.902262
-1.342702 6.074790 0.576648
-1.359943 6.134360 0.607879
-1.504275 6.242167 0.986020
-1.347711 6.108603 0.595627
-1.425868 6.212130 0.763632
-1.330629 6.045080 0.557824
-1.494037 6.275213 0.945477
-1.484083 6.247467 0.925944
-1.409656 6.175977 0.728209
-1.334261 6.114737 0.544028
-1.404708 6.160442 0.725787
-1.418679 6.189078 0.744281
-1.418899 6.171839 0.749826
-1.355468 6.098368 0.590965
-1.293836 6.001504 0.443372
-1.492443 6.277140 0.927457
-1.344538 6.111772 0.570609
-1.472273 6.221879 0.903912
-1.298407 6.014246 0.459243
-1.296006 6.032884 0.439724
-1.304280 6.047612 0.469669
-1.360746 6.087505 0.612744
-1.310652 6.035079 0.500054
-1.310698 6.055173 0.483519
-1.394040 6.132937 0.701740
-1.502330 6.277514 0.946704
-1.430363 6.167941 0.771549
-1.310584 6.082388 0.478095
-1.306938 6.077597 0.467668
-1.299593 6.092385 0.445030
-1.310371 6.110735 0.482888
-1.295024 6.064251 0.436354
-1.291759 6.088269 0.426665
-1.392558 6.208351 0.681660
-1.357847 6.171332 0.589432
-1.507653 6.277557 0.968205
-1.339850 6.114065 0.561055
-1.417361 6.248928 0.748170
-1.347843 6.145753 0.577279
-1.330601 6.083113 0.541523
-1.482737 6.285232 0.909174
-1.406633 6.213058 0.710131
-1.331788 6.151316 0.524741
-1.414245 6.225840 0.728179
-1.400601 6.198517 0.710124
-1.413487 6.209629 0.733694
-1.351311 6.137359 0.574901
-1.283333 6.044353 0.431977
-1.343803 6.148103 0.553030
-1.470873 6.260565 0.886742
-1.294093 6.054118 0.445225
-1.291313 6.072365 0.424867
-1.299586 6.087096 0.454813
-1.352299 6.128340 0.598965
-1.310572 6.074032 0.483352
-1.303179 6.095899 0.469370
-1.393951 6.171899 0.685039
-1.418977 6.206899 0.756395
-1.308874 6.119745 0.460485
-1.296200 6.129066 0.426111
-1.302405 6.116195 0.450765
-1.309203 6.147597 0.464069
-1.294184 6.102423 0.417973
-1.289236 6.125767 0.406977
-1.395075 6.244795 0.661364
-1.355265 6.207878 0.572589
-1.341287 6.151497 0.543174
-1.418465 6.285055 0.729851
-1.348356 6.183293 0.559768
-1.329976 6.122566 0.526027
-1.409530 6.249894 0.690674
-1.327795 6.189422 0.506629
-1.411984 6.263704 0.711775
-1.402032 6.235956 0.692243
-1.414536 6.246677 0.714975
-1.349056 6.175216 0.558497
-1.341710 6.185072 0.534580
-1.285482 6.083484 0.415372
-1.292007 6.094170 0.431305
-1.288085 6.111246 0.408432
-1.302331 6.124808 0.437400
-1.348577 6.166801 0.584138
-1.308159 6.112772 0.468994
-1.300927 6.133753 0.452965
-1.389303 6.210469 0.670581
-1.422688 6.243593 0.739014
-1.299184 6.159373 0.446633
-1.300697 6.153552 0.433152
-1.302498 6.185097 0.447464
-1.291288 6.167275 0.408367
-1.286397 6.140913 0.403783
-1.390751 6.281593 0.642813
-1.287094 6.163655 0.388125
-1.347633 6.245489 0.556353
-1.337567 6.189957 0.528346
-1.342409 6.221577 0.544839
-1.328429 6.162126 0.510898
-1.401513 6.287117 0.673600
-1.327169 6.225788 0.486600
-1.399230 6.274316 0.677045
-1.410049 6.284363 0.698469
-1.345878 6.213180 0.542460
-1.339999 6.222433 0.516965
-1.283994 6.122117 0.400642
-1.287140 6.149382 0.392494
-1.289541 6.133833 0.416544
-1.356911 6.202958 0.564909
-1.298561 6.164187 0.422170
-1.304768 6.152543 0.454602
-1.305139 6.170862 0.433974
-1.417657 6.281776 0.723716
-1.390520 6.249717 0.654344
-1.295297 6.191335 0.417013
-1.301169 6.196305 0.427541
-1.284586 6.204775 0.391759
-1.280075 6.178802 0.388014
-1.306872 6.221318 0.426425
-1.283161 6.200833 0.370409
-1.351459 6.282212 0.536521
-1.335695 6.228205 0.512776
-1.337005 6.259367 0.528700
-1.326938 6.200763 0.496167
-1.325947 6.263573 0.467375
-1.344167 6.250541 0.524844
-1.277892 6.161283 0.387756
-1.334541 6.261143 0.500426
-1.356015 6.240176 0.549370
-1.284350 6.187731 0.377292
-1.284361 6.172894 0.403289
-1.294846 6.202644 0.407338
-1.308437 6.190149 0.436817
-1.301043 6.208929 0.418303
-1.387719 6.288076 0.639143
-1.297073 6.234373 0.411869
-1.294514 6.228585 0.399027
-1.280273 6.241564 0.373203
-1.298322 6.259033 0.410553
-1.282007 6.216654 0.368519
-1.274614 6.238545 0.354537
-1.335288 6.265849 0.495628
-1.327294 6.239187 0.480695
-1.322665 6.298410 0.449249
-1.344738 6.287155 0.507726
-1.284659 6.199879 0.369299
-1.355065 6.278317 0.533429
-1.279278 6.226827 0.361588
-1.294444 6.240283 0.390188
-1.284666 6.212238 0.387416
-1.301410 6.229424 0.424298
-1.296024 6.247103 0.402999
-1.277374 6.276790 0.355914
-1.293521 6.271944 0.394988
-1.277588 6.253407 0.352407
-1.289061 6.267292 0.382483
-1.267045 6.275229 0.338693
-1.328573 6.277503 0.464852
-1.279481 6.238939 0.356040
-1.274698 6.264467 0.347521
-1.281554 6.278889 0.379443
-1.285081 6.249735 0.372342
-1.286826 6.285281 0.390778
-1.298619 6.267776 0.409092
-1.276810 6.290652 0.334416
-1.278977 6.276532 0.341337
-1.280883 6.287756 0.359115
