# .PCD v0.7 - Point Cloud Data file format
VERSION 0.7
FIELDS x y z
SIZE 4 4 4
TYPE F F F
COUNT 1 1 1
WIDTH 3776
HEIGHT 1
VIEWPOINT 0 0 0 1
POINTS 3776
DATA ascii
-8.428748 31.481020 -3.017627
-9.097086 31.512396 -2.350305
-9.026543 31.520618 -2.251462
-8.814912 31.521837 -2.767917
-8.442963 31.521513 -3.180290
-9.183364 31.533875 -2.301268
-8.450326 31.490973 -3.146555
-8.829552 31.521265 -2.714606
-8.920759 31.541271 -2.742275
-9.141570 31.515322 -2.283730
-9.241653 31.490597 -2.391059
-8.950365 31.502048 -2.825724
-8.836712 31.526644 -2.672700
-9.343106 31.507414 -2.343582
-8.979545 31.538153 -2.660887
-8.958690 31.505840 -2.765263
-9.263065 31.509933 -2.316251
-9.064828 31.521013 -2.800881
-9.385837 31.474962 -2.432137
-9.097983 31.480062 -2.887543
-8.827751 31.509485 -3.251203
-8.754130 31.542109 -3.106190
-8.865554 31.528103 -2.639084
-8.968015 31.507862 -2.721632
-9.038727 31.538788 -2.585987
-9.099179 31.487318 -2.820657
-9.123132 31.517105 -2.715240
-9.419289 31.486261 -2.353980
-9.220186 31.501753 -2.863715
-9.257936 31.456867 -2.953408
-9.024726 31.452223 -3.357559
-8.998511 31.508148 -2.684299
-9.091204 31.530769 -2.499800
-8.893613 31.522163 -3.179329
-9.116069 31.484060 -2.774830
-8.844110 31.538774 -3.055230
-8.799025 31.546438 -2.933249
-9.183624 31.514595 -2.636555
-9.248544 31.469252 -2.878291
-9.285256 31.488684 -2.774328
-9.399505 31.472084 -2.933595
-9.435650 31.429426 -3.025634
-9.097330 31.501558 -3.401776
-9.224862 31.511787 -2.542891
-9.146828 31.483408 -2.733892
-9.045288 31.498909 -3.259264
-9.261018 31.467937 -2.827194
-8.985816 31.516525 -3.125270
-8.927673 31.527719 -2.994441
-9.325018 31.500204 -2.685708
-9.449476 31.468018 -2.834353
-9.434126 31.434477 -2.947496
-9.591666 31.444166 -3.007630
-9.635970 31.395847 -3.105919
-9.367977 31.492128 -2.588840
-9.299510 31.462996 -2.784098
-9.129200 31.499006 -3.197548
-9.433572 31.440731 -2.888455
-9.061491 31.509081 -3.057403
-9.502552 31.466183 -2.742745
-9.622197 31.405336 -3.018217
-9.632674 31.441891 -2.900596
-9.533463 31.462420 -2.639128
-9.466323 31.439020 -2.838826
-9.206531 31.490393 -3.125970
-9.298316 31.471708 -3.279626
-9.397702 31.443357 -3.440817
-9.626392 31.407892 -2.954415
-9.678453 31.442533 -2.802530
-9.829183 31.374832 -3.094647
-9.698909 31.440849 -2.689813
-9.660804 31.405012 -2.901076
-9.374244 31.461468 -3.203108
-9.486782 31.439812 -3.370777
-9.820657 31.382898 -3.022073
-9.679403 31.360382 -3.582613
-9.877113 31.366129 -2.967955
-9.559515 31.430302 -3.288852
-9.561406 31.395514 -3.557826
-9.007215 31.539238 -2.481404
-9.006264 31.523281 -2.589800
-8.696619 31.540352 -2.959381
-9.125644 31.524433 -2.527514
-8.816783 31.538290 -2.921008
-9.128016 31.505930 -2.637762
-8.809176 31.523563 -3.021943
-9.253267 31.508327 -2.575289
-8.945600 31.513069 -2.988118
-8.808681 31.536001 -3.148831
-9.256289 31.488634 -2.687568
-8.918604 31.516380 -3.082289
-9.403276 31.480877 -2.629324
-9.074286 31.498005 -3.054331
-8.927077 31.523195 -3.217720
-9.403147 31.463512 -2.743979
-9.053524 31.492115 -3.154848
-9.558345 31.458740 -2.684829
-9.215343 31.476967 -3.126791
-9.064639 31.500311 -3.296613
-9.556331 31.442535 -2.801743
-9.198563 31.467340 -3.231198
-9.730732 31.431089 -2.744268
-9.368920 31.457085 -3.203736
-9.718900 31.421173 -2.862624
-9.350186 31.447554 -3.311770
-9.916769 31.402431 -2.808029
-9.548519 31.424084 -3.293070
-9.909782 31.389641 -2.930991
-9.524773 31.419174 -3.402970
-10.110189 31.379694 -2.875313
-9.747554 31.389124 -3.390685
-10.119175 31.355360 -3.005508
-9.717125 31.387039 -3.502426
-10.337986 31.343943 -2.950384
-9.967826 31.349987 -3.495676
-10.339350 31.325516 -3.084036
-9.914860 31.362129 -3.604847
-9.015185 31.538124 -2.445384
-9.138661 31.515947 -2.483037
-8.971143 31.530962 -2.708495
-8.812727 31.540098 -2.903486
-8.970798 31.534733 -2.472724
-8.785761 31.552767 -3.014477
-9.170222 31.527760 -2.332151
-9.267740 31.498041 -2.521374
-8.756670 31.535643 -3.120445
-9.094824 31.505093 -2.760117
-8.933604 31.518469 -2.958998
-9.090540 31.516003 -2.512129
-8.896482 31.534084 -2.770066
-8.900568 31.538988 -3.070649
-9.301094 31.501488 -2.371391
-9.403072 31.478209 -2.561460
-8.806917 31.534447 -2.934788
-8.868363 31.516846 -3.184991
-9.211300 31.490368 -2.809773
-9.060410 31.498014 -3.015726
-9.201601 31.507538 -2.551002
-9.088563 31.533318 -2.404768
-8.997505 31.527594 -2.817267
-8.797361 31.540394 -3.053918
-9.041976 31.528179 -2.542590
-9.025754 31.520535 -3.132508
-9.408946 31.496557 -2.408442
-9.551868 31.456450 -2.604410
-8.916265 31.523523 -2.988499
-8.993900 31.491817 -3.257125
-9.335694 31.474379 -2.863980
-8.758888 31.530767 -3.222365
-9.194668 31.478401 -3.076424
-9.341527 31.482847 -2.595601
-9.209961 31.515244 -2.446958
-9.124839 31.504953 -2.875978
-8.906429 31.531363 -3.111279
-8.804933 31.535286 -2.967691
-9.163524 31.498159 -3.199290
-9.563413 31.463978 -2.450586
-8.921924 31.521055 -2.871996
-9.161034 31.513372 -2.586464
-9.708588 31.434561 -2.649129
-9.043396 31.503839 -3.049500
-9.123027 31.471228 -3.332162
-9.468749 31.458134 -2.920632
-8.985888 31.413893 -3.351373
-8.625120 31.559076 -3.236700
-9.339047 31.458277 -3.140907
-9.479442 31.464464 -2.640598
-9.341687 31.493704 -2.490644
-8.807384 31.537298 -3.093912
-9.257365 31.483612 -2.935233
-9.024682 31.519894 -3.173076
-8.921202 31.520113 -3.027971
-9.310146 31.476444 -3.269971
-9.296284 31.490204 -2.633459
-9.030332 31.513210 -2.927311
-9.880765 31.409445 -2.697265
-9.637049 31.423592 -2.987590
-9.177782 31.484081 -3.113013
-8.999174 31.495163 -3.369248
-9.494143 31.436522 -3.209798
-8.740073 31.539406 -3.310983
-9.634953 31.442539 -2.689615
-9.479672 31.475243 -2.537049
-8.916313 31.531147 -3.154965
-9.402014 31.460457 -2.998829
-9.166911 31.496677 -3.245288
-9.042594 31.505177 -3.090161
-9.469620 31.452787 -3.345663
-9.794939 31.402597 -3.053549
-10.067801 31.382217 -2.748189
-9.436391 31.470299 -2.683241
-9.469547 31.383953 -3.526394
-9.169789 31.487619 -2.993141
-9.331679 31.457285 -3.185244
-9.123238 31.484272 -3.445699
-9.687469 31.395884 -3.293088
-9.802386 31.417883 -2.741515
-9.634787 31.450344 -2.585924
-9.554249 31.439137 -3.066438
-9.038889 31.517847 -3.222146
-9.319185 31.471884 -3.322648
-9.188694 31.478363 -3.163435
-9.975014 31.374344 -3.125264
-9.660921 31.416189 -3.434913
-9.572828 31.404699 -3.589741
-9.596493 31.443518 -2.736767
-9.320561 31.459280 -3.064005
-9.493024 31.431332 -3.261441
-9.859141 31.378746 -3.367153
-9.987544 31.390675 -2.797475
-9.808688 31.419670 -2.640067
-9.724598 31.412094 -3.140055
-9.194095 31.486401 -3.304003
-9.487100 31.443645 -3.407656
-10.186450 31.335257 -3.209953
-9.847149 31.390425 -3.522793
-9.347508 31.448616 -3.241673
-9.740216 31.385178 -3.684418
-9.762849 31.419815 -2.793007
-9.465799 31.443882 -3.132923
-9.658832 31.411814 -3.338474
-10.068968 31.346672 -3.457946
-10.189617 31.359983 -2.858189
-9.976909 31.399813 -2.694994
-9.905395 31.386446 -3.218954
-9.342962 31.466961 -3.384607
-9.672997 31.413702 -3.499592
-10.069599 31.352087 -3.625476
-9.506118 31.427961 -3.320374
-9.934192 31.400364 -2.852073
-9.860464 31.376749 -3.430174
-9.644602 31.412260 -3.215863
-10.407815 31.331013 -2.922539
-10.114626 31.350479 -3.308141
-10.166924 31.375862 -2.753728
-9.518930 31.437313 -3.476983
-9.862610 31.389187 -3.594467
-9.690362 31.397354 -3.409504
-10.139188 31.368023 -2.918237
-10.072212 31.346178 -3.526617
-9.837115 31.379559 -3.304524
-9.708076 31.407629 -3.575866
-9.888650 31.367573 -3.505856
-10.356102 31.337952 -2.988244
-10.045606 31.346453 -3.399552
-10.092398 31.346077 -3.603801
-8.565250 31.480204 -2.677500
-8.569775 31.486689 -2.672638
-8.568757 31.471981 -2.686780
-8.557490 31.478556 -2.702764
-8.439375 31.493206 -3.000556
-9.092117 31.532074 -2.252222
-9.000228 31.528572 -2.408080
-8.992292 31.528740 -2.484628
-8.791412 31.536222 -2.752045
-8.912251 31.525675 -2.602906
-9.062336 31.524612 -2.434076
-8.774331 31.534513 -2.818336
-8.985732 31.522738 -2.556486
-8.755244 31.531351 -2.880419
-9.059628 31.520535 -2.514327
-8.856008 31.527306 -2.786102
-8.815887 31.540445 -2.825489
-8.830700 31.534985 -2.815054
-9.130490 31.514345 -2.460767
-9.018524 31.548363 -2.549712
-8.739224 31.526186 -2.950702
-9.074100 31.543850 -2.501376
-8.809091 31.544170 -2.840354
-8.981909 31.519819 -2.638287
-9.045242 31.551649 -2.520622
-8.839288 31.526413 -2.855261
-8.803724 31.539942 -2.866715
-8.663572 31.533875 -3.082074
-9.110225 31.541630 -2.486340
-8.635227 31.531401 -3.145417
-9.058400 31.511347 -2.588524
-8.594811 31.540878 -3.199547
-8.821861 31.523882 -2.918703
-9.128531 31.513048 -2.543984
-8.924995 31.514399 -2.821801
-8.873740 31.546200 -2.857268
-8.890594 31.540384 -2.845982
-9.209207 31.494844 -2.488426
-9.091383 31.537958 -2.581806
-9.146085 31.537880 -2.529528
-9.119118 31.540161 -2.549752
-8.870898 31.547009 -2.874570
-9.062669 31.503572 -2.675247
-8.808809 31.520977 -2.993918
-8.731119 31.521883 -3.125705
-8.906742 31.519836 -2.892847
-8.870922 31.535419 -2.905149
-8.689514 31.506641 -3.189801
-9.185351 31.534140 -2.512088
-8.702396 31.520397 -3.191257
-9.135592 31.499987 -2.623151
-8.667027 31.555071 -3.208221
-9.208928 31.497135 -2.575313
-8.656796 31.541164 -3.243519
-8.993443 31.505602 -2.859204
-8.896111 31.512632 -2.962716
-8.954350 31.528881 -2.895579
-8.964615 31.531672 -2.880221
-9.283363 31.485405 -2.516249
-9.219090 31.533781 -2.557029
-9.168130 31.528814 -2.614467
-9.198167 31.528610 -2.580716
-8.947270 31.533516 -2.914069
-8.802599 31.506975 -3.171779
-9.130322 31.506269 -2.710562
-8.987760 31.499157 -2.935908
-8.884064 31.510452 -3.040045
-8.760658 31.496817 -3.237612
-8.943443 31.527716 -2.945930
-9.265822 31.524614 -2.537410
-9.216082 31.486944 -2.658200
-9.290628 31.483994 -2.607450
-9.064844 31.497257 -2.896467
-8.727067 31.529305 -3.294813
-8.741172 31.540377 -3.260543
-8.977679 31.493752 -3.008693
-9.357982 31.477850 -2.545588
-9.030655 31.519567 -2.933207
-9.045156 31.518532 -2.916663
-9.308909 31.515121 -2.586234
-9.256715 31.509109 -2.649362
-9.282103 31.516096 -2.612054
-9.028963 31.516844 -2.955916
-8.874834 31.495991 -3.218049
-9.056428 31.498390 -2.975205
-8.968307 31.492929 -3.089497
-9.225438 31.483946 -2.752729
-9.350077 31.515289 -2.564664
-8.800558 31.534750 -3.265959
-9.023763 31.514259 -2.990180
-8.863218 31.476179 -3.299257
-9.297614 31.478729 -2.694909
-9.145889 31.481823 -2.936301
-9.373721 31.473545 -2.641807
-8.801412 31.519686 -3.346719
-9.059454 31.479948 -3.054257
-8.853888 31.533066 -3.277629
-8.812502 31.534485 -3.310720
-9.445480 31.461603 -2.576502
-9.097898 31.524389 -2.967956
-9.127539 31.507011 -2.954522
-9.399771 31.501289 -2.617100
-8.951543 31.480938 -3.267371
-9.344058 31.497787 -2.684842
-9.368729 31.506090 -2.644106
-9.101981 31.516266 -2.994979
-9.146450 31.474812 -3.021129
-9.444081 31.499939 -2.593128
-9.055126 31.476851 -3.141023
-9.321302 31.465548 -2.795096
-8.872284 31.531967 -3.313463
-9.109593 31.498604 -3.036826
-9.595747 31.459681 -2.429118
-8.909767 31.505430 -3.333099
-8.925284 31.517384 -3.295961
-9.388893 31.464487 -2.732825
-9.223825 31.473152 -2.975307
-9.463434 31.459734 -2.677004
-9.530412 31.450964 -2.607206
-8.933484 31.521492 -3.327709
-9.142262 31.470966 -3.101485
-8.894380 31.521166 -3.366954
-9.210481 31.498432 -2.992539
-9.201195 31.494078 -3.015558
-9.035431 31.464314 -3.320452
-9.499374 31.483652 -2.649369
-9.433692 31.487001 -2.720941
-9.459929 31.493071 -2.677850
-9.234676 31.460758 -3.067029
-9.198753 31.493334 -3.042692
-9.537445 31.488771 -2.621888
-8.960207 31.512339 -3.370388
-9.195820 31.489000 -3.083110
-9.413587 31.454973 -2.837439
-9.141339 31.469051 -3.192379
-8.993467 31.490770 -3.388436
-8.998687 31.517519 -3.339290
-9.696885 31.445807 -2.462255
-9.310830 31.457392 -3.019047
-9.483848 31.450516 -2.771259
-9.555541 31.447519 -2.711450
-9.617380 31.442917 -2.639358
-9.021258 31.506123 -3.381339
-9.234053 31.454983 -3.152022
-9.301516 31.486139 -3.032694
-9.292945 31.480469 -3.059143
-8.980568 31.506887 -3.425711
-9.593281 31.474283 -2.681040
-9.325285 31.447168 -3.114944
-9.552078 31.484955 -2.711829
-9.533894 31.469933 -2.760303
-9.293993 31.477877 -3.089516
-9.642139 31.472294 -2.651797
-9.047685 31.497879 -3.427643
-9.072317 31.485273 -3.442469
-9.089768 31.500469 -3.393342
-9.288294 31.477026 -3.132435
-9.239748 31.451508 -3.248829
-9.400524 31.444141 -3.063489
-9.514808 31.441582 -2.881219
-9.588373 31.432491 -2.813154
-9.719608 31.423691 -2.672796
-9.657765 31.430098 -2.749966
-9.113626 31.490700 -3.438965
-9.396518 31.475027 -3.074828
-9.325243 31.447287 -3.202388
-9.384360 31.473091 -3.101709
-9.693003 31.464760 -2.713793
-9.418383 31.435102 -3.163521
-9.654254 31.471714 -2.748477
-9.633111 31.459190 -2.799401
-9.381712 31.473173 -3.133880
-9.744006 31.463480 -2.682341
-9.501717 31.425417 -3.111912
-9.382060 31.467821 -3.182568
-9.629719 31.419245 -2.928645
-9.823135 31.407236 -2.707042
-9.346803 31.432056 -3.310350
-9.762588 31.415266 -2.787784
-9.697317 31.414577 -2.856225
-9.500349 31.460033 -3.119774
-9.491380 31.454208 -3.151206
-9.430102 31.429501 -3.259172
-9.808456 31.445938 -2.749341
-9.521520 31.420864 -3.217073
-9.764084 31.456982 -2.785307
-9.734469 31.452110 -2.838603
-9.487353 31.457506 -3.185783
-9.857656 31.448286 -2.713245
-9.603748 31.410538 -3.161944
-9.918780 31.402525 -2.741043
-9.495871 31.447218 -3.240803
-9.866513 31.406679 -2.826750
-9.737125 31.410616 -2.975921
-9.804731 31.404142 -2.898425
-9.455338 31.416355 -3.372729
-9.610530 31.443733 -3.166409
-9.598992 31.442368 -3.200390
-9.547817 31.404835 -3.322615
-9.919801 31.436106 -2.784259
-9.633285 31.401764 -3.273389
-9.878422 31.442278 -2.824728
-9.846975 31.441694 -2.881229
-9.600817 31.440186 -3.240692
-9.974077 31.435518 -2.746275
-9.705248 31.400909 -3.210910
-10.037882 31.382845 -2.779890
-9.986253 31.388714 -2.869923
-9.608298 31.430979 -3.298677
-9.927045 31.386473 -2.946436
-9.861923 31.393322 -3.027358
-9.572426 31.398827 -3.438769
-9.722392 31.432165 -3.213952
-9.490074 31.411077 -3.607643
-9.713495 31.428064 -3.251875
-9.660239 31.391546 -3.382797
-10.036303 31.426212 -2.821014
-9.741322 31.393614 -3.329170
-10.002817 31.426548 -2.866356
-9.821995 31.381912 -3.266245
-9.978415 31.419237 -2.928430
-9.722098 31.421211 -3.298606
-9.508106 31.430862 -3.634080
-10.112186 31.372557 -2.914275
-9.729126 31.416025 -3.359701
-10.059216 31.366795 -2.996603
-9.997401 31.373768 -3.083020
-9.702206 31.377535 -3.510957
-9.844356 31.415392 -3.265574
-9.839223 31.410343 -3.308193
-9.781215 31.376429 -3.446641
-9.869461 31.371029 -3.392153
-9.952633 31.357906 -3.327583
-9.849567 31.404043 -3.357699
-9.860520 31.397747 -3.426313
-9.988235 31.389980 -3.323936
-9.833110 31.362129 -3.583443
-9.970487 31.394522 -3.366445
-9.920022 31.353384 -3.518925
-10.011873 31.345400 -3.461235
-9.977601 31.392773 -3.419257
-9.244255 31.559126 -2.316470
-9.221678 31.521219 -2.301996
-9.062197 31.517723 -2.657685
-8.637074 31.506544 -3.231728
-8.750456 31.510540 -3.080322
-9.248040 31.484453 -2.462231
-8.996139 31.491753 -2.788270
-8.845829 31.524990 -2.969212
-9.134004 31.506969 -2.692208
-8.677783 31.537386 -3.263468
-8.819423 31.498741 -3.127020
-9.332229 31.465656 -2.496217
-9.066679 31.484039 -2.828019
-8.912250 31.517864 -3.010667
-9.209109 31.493587 -2.728495
-8.889541 31.488701 -3.175871
-9.410768 31.456919 -2.529724
-9.145559 31.468803 -2.870340
-8.984542 31.505627 -3.054995
-9.277396 31.492535 -2.763099
-8.963495 31.480062 -3.225263
-9.501086 31.440157 -2.564850
-9.230851 31.452486 -2.914318
-9.061203 31.492599 -3.101844
-9.369462 31.471247 -2.802806
-9.045236 31.463903 -3.279410
-9.593528 31.427057 -2.601477
-9.314880 31.441404 -2.959395
-9.136557 31.485937 -3.147008
-9.458446 31.457531 -2.843156
-9.685674 31.417072 -2.637594
-9.403918 31.429453 -3.006231
-9.223764 31.468981 -3.199347
-9.544245 31.451462 -2.882736
-9.791247 31.399752 -2.676680
-9.503747 31.411592 -3.056288
-9.317372 31.450939 -3.253336
-9.647213 31.433308 -2.927610
-9.901403 31.383684 -2.716965
-9.603866 31.399738 -3.107386
-9.406129 31.443867 -3.306141
-9.750469 31.417133 -2.972581
-10.018121 31.367519 -2.758952
-9.417303 31.404171 -3.523909
-9.505612 31.429829 -3.363533
-9.715518 31.381828 -3.162360
-9.854507 31.409927 -3.018737
-10.142630 31.350050 -2.802491
-9.617578 31.409449 -3.428280
-9.833662 31.362762 -3.220400
-9.973777 31.393049 -3.068314
-10.283017 31.326860 -2.849642
-9.735019 31.391165 -3.494921
-9.962745 31.342802 -3.282652
-10.104898 31.372093 -3.121861
-10.435899 31.299520 -2.900005
-9.856540 31.375196 -3.563562
-10.098959 31.321609 -3.347211
-10.242409 31.354076 -3.178008
-9.994223 31.353294 -3.640046
-10.241815 31.304276 -3.415828
-8.454416 31.455721 -3.025757
-8.457525 31.479319 -3.030571
-9.114498 31.541113 -2.314496
-9.191265 31.544939 -2.278988
-9.167727 31.542978 -2.343854
-8.952716 31.544592 -2.604259
-8.922586 31.547293 -2.656268
-9.252651 31.535685 -2.304430
-9.036695 31.535814 -2.576140
-9.232068 31.533148 -2.371951
-9.013074 31.535076 -2.636833
-8.985449 31.534233 -2.691339
-8.827187 31.547663 -2.876603
-8.788042 31.553848 -2.925729
-8.755733 31.547869 -2.975194
-8.821841 31.549107 -2.902484
-9.315218 31.529253 -2.330691
-9.056875 31.555891 -2.620309
-9.093209 31.531115 -2.604941
-9.070304 31.553402 -2.610979
-8.825123 31.552116 -2.913139
-9.087600 31.556276 -2.604618
-9.065104 31.538013 -2.667724
-9.301195 31.521582 -2.400394
-8.889734 31.531445 -2.914321
-9.047799 31.527306 -2.726789
-8.853322 31.534990 -2.967406
-8.821239 31.529907 -3.018334
-8.693584 31.546360 -3.156879
-8.878004 31.552654 -2.928956
-8.879258 31.547987 -2.937119
-9.387865 31.513220 -2.357264
-9.153183 31.524797 -2.635578
-9.122090 31.545717 -2.651871
-9.130071 31.551268 -2.639755
-8.881723 31.550066 -2.948467
-8.681828 31.546957 -3.197212
-9.152677 31.551361 -2.632959
-9.134505 31.520983 -2.702220
-9.365826 31.517651 -2.430950
-8.947862 31.525093 -2.950033
-9.117800 31.513065 -2.764260
-8.716262 31.560516 -3.209085
-8.916173 31.524664 -3.007605
-8.757523 31.526430 -3.202829
-8.756073 31.453396 -3.284974
-8.879382 31.526310 -3.059177
-8.941594 31.544510 -2.964288
-9.462865 31.498901 -2.383124
-8.939242 31.544397 -2.972907
-9.219481 31.512442 -2.666964
-9.191727 31.535839 -2.684660
-9.203825 31.535788 -2.671290
-8.946278 31.541517 -2.988690
-8.729023 31.564585 -3.230679
-9.221722 31.543777 -2.662370
-9.201402 31.511417 -2.736581
-9.441860 31.504000 -2.460345
-9.013203 31.512392 -2.989960
-9.185808 31.505239 -2.800798
-8.978209 31.518490 -3.048095
-8.821383 31.510508 -3.249731
-8.762722 31.536982 -3.294687
-9.005036 31.540459 -2.999164
-9.286956 31.502909 -2.699168
-9.525271 31.500488 -2.411285
-8.944149 31.517494 -3.103626
-9.005263 31.536720 -3.011689
-9.253626 31.537279 -2.716393
-9.272573 31.530151 -2.702959
-9.010380 31.535088 -3.028352
-9.299666 31.527695 -2.693655
-9.270576 31.502493 -2.771574
-9.519659 31.492041 -2.491168
-9.074563 31.507441 -3.028427
-9.254179 31.499304 -2.838849
-9.047304 31.504976 -3.092747
-9.358550 31.491695 -2.732480
-9.611010 31.480436 -2.439090
-9.079367 31.525415 -3.039207
-9.020902 31.495504 -3.153054
-9.079003 31.521648 -3.053887
-9.328256 31.526566 -2.751004
-9.346839 31.522635 -2.735654
-9.081177 31.524511 -3.070261
-9.373192 31.521482 -2.722920
-9.348287 31.487103 -2.809289
-9.600624 31.481569 -2.523338
-9.144308 31.495033 -3.069565
-9.338003 31.479738 -2.880968
-9.118750 31.493177 -3.136674
-9.432421 31.481125 -2.766423
-9.689237 31.472607 -2.467300
-9.154133 31.513334 -3.079406
-9.089857 31.490002 -3.199616
-9.152155 31.512789 -3.095071
-9.405673 31.515450 -2.785448
-9.420066 31.518368 -2.767179
-8.925858 31.533278 -3.370708
-9.155576 31.513302 -3.114076
-9.458643 31.507273 -2.755353
-9.427682 31.473488 -2.847024
-9.221560 31.478251 -3.115022
-9.683124 31.471884 -2.555476
-9.510994 31.467745 -2.802084
-9.012739 31.491167 -3.389327
-9.417331 31.468967 -2.922425
-9.192619 31.481846 -3.184051
-9.767088 31.466810 -2.496360
-9.227058 31.508657 -3.118726
-9.225591 31.505905 -3.136359
-9.167853 31.475826 -3.250868
-9.491998 31.499760 -2.824127
-9.514561 31.495487 -2.804302
-9.232324 31.502645 -3.159932
-9.542614 31.497276 -2.788823
-9.501408 31.469772 -2.885643
-9.292253 31.471684 -3.157881
-9.783213 31.449387 -2.589494
-9.595083 31.452484 -2.838769
-9.275017 31.464048 -3.234149
-9.863930 31.448002 -2.527218
-9.506227 31.453564 -2.967372
-9.312702 31.490667 -3.163687
-9.313371 31.486406 -3.184666
-9.250849 31.460814 -3.303943
-9.581921 31.484596 -2.861946
-9.600731 31.485056 -2.839760
-9.314659 31.490023 -3.208222
-9.632762 31.485342 -2.822571
-9.597725 31.447323 -2.928369
-9.373538 31.457230 -3.205399
-9.873875 31.440359 -2.624802
-9.684912 31.436247 -2.877940
-9.955462 31.437059 -2.558109
-9.353808 31.455891 -3.284304
-9.596804 31.439932 -3.012340
-9.396503 31.480082 -3.207769
-9.395406 31.478054 -3.229682
-9.336263 31.446268 -3.360468
-9.693152 31.472601 -2.876905
-9.676480 31.470636 -2.902438
-9.397729 31.482338 -3.256773
-9.731149 31.470055 -2.858535
-9.686304 31.436192 -2.970041
-9.459822 31.441940 -3.254740
-9.979692 31.421970 -2.660902
-9.769507 31.428949 -2.915789
-9.441862 31.441120 -3.337843
-9.690614 31.427702 -3.060063
-9.487443 31.468315 -3.254256
-9.486566 31.466024 -3.280397
-9.790873 31.461292 -2.915979
-9.423811 31.436459 -3.417172
-9.760729 31.470457 -2.940741
-9.820911 31.465239 -2.892730
-9.494547 31.463171 -3.311731
-9.779956 31.424141 -3.014945
-9.550364 31.424797 -3.308005
-9.864769 31.414843 -2.956939
-10.087717 31.408239 -2.698589
-9.538299 31.422817 -3.396415
-9.577413 31.459713 -3.300982
-9.790233 31.415569 -3.108917
-9.583669 31.449995 -3.332692
-9.893587 31.449148 -2.956875
-9.874846 31.446274 -2.986003
-9.520690 31.419950 -3.478669
-9.933780 31.444572 -2.932595
-9.881919 31.409807 -3.060707
-9.641714 31.413668 -3.360177
-9.591508 31.450073 -3.366341
-9.964512 31.400948 -3.000710
-10.199409 31.394951 -2.736826
-9.635466 31.409454 -3.455250
-9.688565 31.435341 -3.357023
-9.903384 31.396135 -3.162314
-9.686955 31.435951 -3.387633
-10.003947 31.434782 -2.999375
-9.982116 31.434252 -3.030930
-9.624997 31.403076 -3.545440
-10.039727 31.436159 -2.970716
-9.744608 31.395409 -3.419130
-9.990350 31.394354 -3.109618
-9.695673 31.435709 -3.424762
-10.070727 31.387093 -3.044864
-10.318233 31.380486 -2.777465
-9.742109 31.390379 -3.518929
-9.796699 31.420639 -3.410968
-10.014025 31.384165 -3.215582
-9.792731 31.423450 -3.444666
-10.123501 31.418982 -3.043449
-10.089964 31.426184 -3.076066
-9.742904 31.378811 -3.618164
-9.846244 31.383421 -3.477818
-10.156043 31.424046 -3.011633
-10.102673 31.380241 -3.160541
-10.189223 31.367130 -3.093697
-9.806454 31.421209 -3.486386
-9.850519 31.378077 -3.583640
-9.897023 31.417339 -3.462454
-10.139665 31.364609 -3.274719
-9.910347 31.406960 -3.505822
-10.246943 31.404524 -3.089535
-10.215616 31.410130 -3.126907
-9.961480 31.364048 -3.542459
-9.943095 31.281267 -3.736148
-10.228234 31.361940 -3.215502
-10.309034 31.350975 -3.143403
-9.925607 31.403177 -3.553043
-9.975024 31.354845 -3.656798
-10.022946 31.398571 -3.524468
-10.031336 31.392855 -3.569788
-10.085902 31.342073 -3.611439
-10.052483 31.387915 -3.622314
-10.108497 31.332031 -3.735199
-8.463832 31.458384 -3.033736
-9.103032 31.548389 -2.384362
-9.165725 31.540705 -2.414731
-8.917525 31.540733 -2.716680
-9.288904 31.556177 -2.325770
-8.731834 31.551525 -3.026079
-9.056101 31.554504 -2.636056
-9.235128 31.528881 -2.447331
-8.976752 31.536215 -2.753106
-8.835903 31.558025 -2.929015
-8.800731 31.529747 -3.073691
-9.121068 31.546272 -2.669823
-9.301717 31.522539 -2.479710
-9.042539 31.526567 -2.791708
-8.896376 31.551128 -2.968067
-9.072600 31.522720 -2.305520
-9.080836 31.528933 -2.311736
-9.080336 31.528177 -2.304686
-9.096785 31.537941 -2.298697
-9.118020 31.524231 -2.330805
-9.105464 31.525978 -2.332838
-9.123527 31.521877 -2.334767
-9.116621 31.527628 -2.330320
-8.948173 31.542894 -2.557123
-9.134585 31.533932 -2.326288
-9.099389 31.532719 -2.366746
-8.982747 31.545013 -2.528103
-8.922537 31.536219 -2.608401
-8.923495 31.538166 -2.603521
-8.925823 31.541712 -2.604963
-9.159102 31.516516 -2.353867
-9.147108 31.510952 -2.356342
-9.168977 31.511152 -2.356846
-9.157544 31.515835 -2.353961
-9.203601 31.534986 -2.318635
-8.949928 31.540251 -2.611815
-8.983156 31.545692 -2.585051
-9.173259 31.527714 -2.352340
-9.135887 31.535091 -2.397445
-9.021136 31.537891 -2.552712
-8.761447 31.539103 -2.858809
-8.963327 31.529547 -2.635066
-8.828403 31.548048 -2.795275
-8.962774 31.528471 -2.642862
-8.961806 31.533041 -2.631758
-8.968993 31.526312 -2.631238
-9.185777 31.504740 -2.382388
-9.204833 31.503664 -2.376566
-9.201890 31.503294 -2.376724
-9.211164 31.508314 -2.380023
-8.778627 31.544657 -2.897398
-8.950898 31.541685 -2.675876
-9.244528 31.526249 -2.343082
-8.787395 31.539755 -2.891216
-8.986365 31.542702 -2.641092
-9.023280 31.536095 -2.611637
-9.214039 31.521013 -2.378996
-9.058146 31.534138 -2.578193
-8.825982 31.549423 -2.850929
-9.175797 31.530607 -2.425635
-8.797897 31.544638 -2.888904
-9.002892 31.527266 -2.661210
-8.866437 31.545073 -2.822880
-9.005322 31.523493 -2.668085
-8.803353 31.539278 -2.890657
-8.999612 31.529072 -2.659335
-9.006737 31.525448 -2.658212
-9.223510 31.503845 -2.409355
-9.249618 31.493078 -2.399369
-8.780495 31.549564 -2.936003
-9.240718 31.501163 -2.402182
-9.257992 31.497286 -2.402019
-9.309928 31.536572 -2.323818
-8.820499 31.535667 -2.926778
-9.289086 31.511627 -2.365043
-8.825880 31.541798 -2.919683
-8.655710 31.544678 -3.125556
-8.826482 31.540922 -2.906883
-8.992175 31.532755 -2.707415
-9.062246 31.530840 -2.639119
-9.027504 31.533859 -2.669792
-9.096761 31.531055 -2.603628
-9.254536 31.516443 -2.405017
-8.863647 31.547516 -2.880714
-8.724574 31.554419 -3.052783
-9.217816 31.525639 -2.454429
-8.901649 31.548878 -2.850819
-8.625759 31.549423 -3.169637
-8.838171 31.538040 -2.919137
-9.046506 31.516882 -2.688333
-9.046498 31.524939 -2.694997
-8.841309 31.538303 -2.921883
-9.043133 31.514565 -2.688454
-9.046872 31.521971 -2.686418
-8.674327 31.541418 -3.131900
-9.264440 31.498175 -2.434604
-9.291142 31.490377 -2.423272
-8.675156 31.553425 -3.137261
-8.679384 31.545973 -3.153126
-9.281868 31.496468 -2.427454
-9.350219 31.532139 -2.345577
-9.299464 31.500744 -2.426134
-8.821418 31.544785 -2.970540
-8.719868 31.551119 -3.112626
-8.685123 31.548029 -3.141682
-9.331329 31.505690 -2.388805
-8.859582 31.540688 -2.953893
-9.136091 31.524740 -2.628916
-8.864155 31.542078 -2.937478
-8.866314 31.539280 -2.949332
-8.695560 31.542269 -3.157368
-9.101876 31.528515 -2.666667
-9.066545 31.531622 -2.699502
-9.033833 31.528883 -2.738390
-8.904635 31.537682 -2.910800
-9.300395 31.503508 -2.430532
-8.764909 31.544737 -3.083613
-8.943565 31.533726 -2.879972
-9.262874 31.514874 -2.482895
-8.877218 31.535831 -2.948849
-9.088398 31.515097 -2.715097
-8.663082 31.554728 -3.203235
-9.093748 31.511726 -2.720448
-9.083487 31.512066 -2.716676
-8.884534 31.524841 -2.954601
-9.088825 31.517084 -2.713784
-8.713176 31.544373 -3.163220
-9.312175 31.480726 -2.459885
-9.331956 31.493969 -2.448121
-9.392823 31.522085 -2.366332
-8.714979 31.546850 -3.172483
-8.720054 31.547514 -3.183614
-9.324340 31.494568 -2.452051
-9.349488 31.487997 -2.447216
-9.373349 31.498779 -2.412533
-8.864217 31.535492 -3.004837
-8.759117 31.545738 -3.145774
-8.724732 31.543537 -3.177693
-9.175863 31.520380 -2.654245
-8.905941 31.525549 -2.984290
-9.141504 31.526192 -2.694207
-8.910571 31.527685 -2.979932
-8.902118 31.544168 -2.969507
-8.735570 31.543943 -3.188594
-9.109730 31.525406 -2.728193
-8.802081 31.547064 -3.113547
-8.944689 31.533169 -2.941807
-9.338356 31.506651 -2.458320
-9.075496 31.528072 -2.770172
-8.984923 31.525890 -2.908677
-8.922260 31.520958 -2.980726
-9.135934 31.502817 -2.741982
-9.307654 31.509298 -2.511540
-8.705424 31.542400 -3.241710
-9.135579 31.513048 -2.746599
-9.126725 31.502750 -2.745965
-8.924091 31.524544 -2.985769
-9.132218 31.508787 -2.741678
-9.353327 31.479094 -2.485957
-8.752375 31.545160 -3.196577
-9.442828 31.503222 -2.385774
-9.383487 31.477768 -2.471151
-9.372165 31.481245 -2.475325
-8.764510 31.532753 -3.217648
-8.753239 31.549898 -3.205953
-9.394878 31.486502 -2.470278
-9.419080 31.492052 -2.436825
-8.800966 31.535667 -3.179359
-9.218681 31.513277 -2.680064
-8.905801 31.533648 -3.039427
-8.948914 31.521448 -3.013766
-8.766720 31.533379 -3.214117
-9.189379 31.508682 -2.722314
-8.956275 31.515741 -3.011874
-8.778146 31.533701 -3.222855
-8.947952 31.529074 -3.003473
-8.845149 31.532604 -3.147641
-8.986559 31.527243 -2.971972
-9.152977 31.519150 -2.758292
-9.382056 31.503426 -2.484234
-9.024341 31.525677 -2.937000
-9.119538 31.521597 -2.802366
-8.714191 31.525303 -3.326747
-8.963702 31.519201 -3.012473
-9.181150 31.496168 -2.769850
-9.351995 31.504831 -2.540940
-9.186091 31.498075 -2.772551
-9.170191 31.497471 -2.776083
-8.747712 31.536240 -3.280389
-8.967539 31.515121 -3.019306
-9.176497 31.504396 -2.769662
-9.396587 31.476978 -2.512631
-8.797245 31.528183 -3.234067
-9.431912 31.470476 -2.493885
-9.418396 31.473373 -2.500260
-8.807904 31.526461 -3.250582
-8.797896 31.535004 -3.244234
-9.460384 31.491440 -2.461490
-9.452586 31.465879 -2.491476
-9.262657 31.504894 -2.705782
-8.841321 31.535173 -3.212611
-8.995213 31.512480 -3.044354
-9.229386 31.511421 -2.749283
-8.807425 31.530716 -3.249415
-8.949327 31.527245 -3.075195
-8.999185 31.514746 -3.040737
-8.884988 31.530201 -3.179423
-8.821608 31.527365 -3.257204
-9.028715 31.522253 -3.003571
-8.990905 31.523865 -3.037169
-9.200644 31.506784 -2.787996
-9.427922 31.496613 -2.511351
-9.066428 31.520729 -2.967179
-9.168504 31.507862 -2.834817
-9.227466 31.491339 -2.797017
-9.009846 31.509212 -3.044452
-9.234447 31.492805 -2.798910
-9.399313 31.497671 -2.569408
-9.216633 31.489496 -2.805270
-9.224537 31.494030 -2.797993
-9.010430 31.513018 -3.052394
-9.443822 31.466806 -2.538861
-8.786366 31.547413 -3.314107
-9.482222 31.461723 -2.517196
-8.841276 31.520651 -3.270482
-9.467612 31.465860 -2.525080
-8.851894 31.523144 -3.282163
-8.839606 31.530043 -3.280827
-9.506331 31.485693 -2.485787
-9.308234 31.497181 -2.731451
-9.504875 31.459789 -2.513375
-8.884402 31.526840 -3.248320
-9.276978 31.499102 -2.777558
-9.041894 31.508568 -3.074380
-8.851804 31.521015 -3.287869
-8.993953 31.522665 -3.110255
-9.046272 31.505558 -3.073404
-8.929605 31.522575 -3.213665
-8.867455 31.518421 -3.292775
-9.070374 31.521475 -3.035320
-9.108888 31.517778 -2.995975
-9.034734 31.519503 -3.070131
-9.244114 31.504568 -2.818908
-9.475389 31.490471 -2.538411
-9.213215 31.507378 -2.867870
-9.279204 31.478100 -2.825081
-9.053615 31.507954 -3.076805
-9.287066 31.480410 -2.826255
-9.265460 31.478910 -2.835672
-9.273296 31.483490 -2.826977
-9.448300 31.491137 -2.599230
-9.487743 31.467625 -2.565578
-9.058146 31.499531 -3.087721
-9.535795 31.451206 -2.541003
-8.884520 31.516401 -3.305593
-9.516109 31.461586 -2.550014
-8.897894 31.515221 -3.316324
-9.351932 31.493988 -2.757326
-9.556918 31.474817 -2.509698
-8.882639 31.527876 -3.316726
-9.558602 31.450293 -2.535783
-8.928593 31.523386 -3.284124
-9.323134 31.493256 -2.806084
-9.092672 31.493448 -3.105960
-8.972051 31.518539 -3.246674
-9.093076 31.498501 -3.105422
-8.894903 31.518805 -3.325180
-9.157178 31.501143 -3.028314
-9.118398 31.510027 -3.067850
-8.912081 31.513863 -3.327813
-9.038083 31.522299 -3.145458
-9.078571 31.518202 -3.103889
-9.293165 31.494961 -2.849325
-9.524238 31.484028 -2.565386
-9.327844 31.473768 -2.852846
-9.100921 31.499744 -3.109473
-9.262849 31.499634 -2.901170
-9.337524 31.474663 -2.853186
-9.311905 31.474001 -2.865638
-9.547080 31.443470 -2.591520
-9.324384 31.473444 -2.856580
-9.104581 31.493538 -3.121919
-9.499549 31.485140 -2.628253
-9.589808 31.442642 -2.564845
-8.928149 31.517208 -3.340140
-9.565763 31.456032 -2.574847
-9.399456 31.484776 -2.784963
-8.945117 31.505972 -3.351799
-9.607945 31.465893 -2.533647
-8.930630 31.514238 -3.357709
-9.624365 31.426851 -2.556508
-8.976501 31.506733 -3.322870
-9.370234 31.488211 -2.835302
-9.140237 31.493443 -3.136047
-9.017888 31.509592 -3.282211
-9.201809 31.497667 -3.059108
-9.143869 31.489500 -3.138623
-9.164829 31.504032 -3.102040
-8.960531 31.503288 -3.364611
-8.941172 31.510708 -3.364997
-9.128893 31.503084 -3.140455
-9.088989 31.509048 -3.184909
-9.577220 31.473602 -2.591335
-9.344387 31.484825 -2.881756
-9.677884 31.466446 -2.491763
-9.379090 31.467800 -2.881859
-9.152062 31.488573 -3.144715
-9.316461 31.486893 -2.934835
-9.387988 31.471975 -2.880921
-9.597734 31.435617 -2.617644
-9.361682 31.467279 -2.897528
-9.371869 31.473457 -2.885239
-9.153188 31.487019 -3.158131
-9.448078 31.477383 -2.811898
-9.644920 31.435900 -2.587982
-9.558748 31.466084 -2.657206
-9.626136 31.436798 -2.599478
-8.971564 31.520102 -3.375467
-9.661075 31.456486 -2.558194
-8.986773 31.518616 -3.381132
-9.021631 31.504086 -3.359352
-9.672029 31.435076 -2.581163
-9.419439 31.482683 -2.865118
-9.191460 31.483339 -3.168470
-9.064668 31.501448 -3.318436
-9.249761 31.489326 -3.091011
-9.214515 31.493214 -3.135921
-9.194880 31.481480 -3.171836
-8.994054 31.488705 -3.410453
-9.732315 31.453716 -2.514005
-9.175991 31.500023 -3.174708
-9.634402 31.459152 -2.617676
-9.391004 31.487055 -2.911941
-9.140768 31.496643 -3.223629
-9.432875 31.460245 -2.910704
-9.203921 31.477230 -3.180619
-9.445688 31.459461 -2.908725
-9.652600 31.426794 -2.644975
-9.414933 31.456711 -2.929133
-9.365602 31.486425 -2.969088
-9.426940 31.461472 -2.916012
-9.498302 31.470661 -2.838779
-9.202949 31.479219 -3.194240
-9.699157 31.431372 -2.612639
-9.681813 31.428864 -2.624672
-9.712827 31.450449 -2.583611
-9.034656 31.474136 -3.427496
-9.611879 31.461693 -2.687602
-9.060227 31.449703 -3.438345
-9.471618 31.474461 -2.893999
-9.732655 31.424042 -2.603204
-9.033943 31.475952 -3.446773
-9.069715 31.497635 -3.399126
-9.112824 31.492998 -3.354583
-9.296211 31.487501 -3.121765
-9.245232 31.474705 -3.201538
-9.262765 31.488869 -3.170070
-9.249499 31.469522 -3.207597
-9.776689 31.457598 -2.536501
-9.688554 31.453564 -2.645139
-9.227705 31.490723 -3.212811
-9.445482 31.475161 -2.944865
-9.190330 31.493994 -3.261337
-9.491361 31.447512 -2.940588
-9.255439 31.471121 -3.215282
-9.703991 31.424885 -2.673381
-9.500290 31.455853 -2.936236
-9.545486 31.469744 -2.865971
-9.463427 31.457487 -2.959886
-9.482951 31.450287 -2.947470
-9.420093 31.477592 -3.002824
-9.761004 31.419012 -2.635996
-9.764952 31.446409 -2.607648
-9.256264 31.470587 -3.232294
-9.736113 31.424295 -2.650735
-9.667548 31.455711 -2.717828
-9.528563 31.461016 -2.925337
-9.118607 31.492077 -3.436752
-9.794164 31.416908 -2.625329
-9.348649 31.476068 -3.155489
-9.298283 31.469309 -3.234733
-9.828019 31.453775 -2.558442
-9.315718 31.479347 -3.205258
-9.302115 31.465233 -3.241557
-9.745309 31.446339 -2.673848
-9.279356 31.484528 -3.250299
-9.500121 31.467346 -2.977198
-9.244506 31.485104 -3.302893
-9.552605 31.434166 -2.970325
-9.308400 31.464663 -3.251282
-9.603953 31.453951 -2.895026
-9.768636 31.407701 -2.701422
-9.568615 31.431654 -2.967443
-9.540772 31.437691 -2.978083
-9.528969 31.432800 -2.995455
-9.821567 31.439272 -2.633516
-9.816122 31.418390 -2.660726
-9.477198 31.470184 -3.038620
-9.795771 31.414419 -2.677096
-9.310296 31.461782 -3.271009
-9.728364 31.446503 -2.749139
-9.583126 31.453245 -2.956241
-9.402250 31.466413 -3.189923
-9.861030 31.404465 -2.647750
-9.882177 31.449293 -2.581655
-9.358419 31.456123 -3.270200
-9.366077 31.477583 -3.240805
-9.363379 31.446600 -3.280341
-9.802437 31.441114 -2.701176
-9.335774 31.473114 -3.290241
-9.556929 31.459005 -3.011541
-9.661697 31.441395 -2.924206
-9.609437 31.429989 -3.001251
-9.302667 31.474274 -3.345625
-9.366631 31.451832 -3.290386
-9.823662 31.406023 -2.728951
-9.628077 31.426950 -2.995400
-9.601709 31.425365 -3.011404
-9.586873 31.426279 -3.029099
-9.877462 31.435373 -2.659511
-9.882171 31.405064 -2.685271
-9.856525 31.406363 -2.702750
-9.542603 31.450603 -3.077195
-9.372417 31.442886 -3.313295
-9.453694 31.463408 -3.223949
-9.638576 31.449377 -2.987230
-9.788458 31.440533 -2.780575
-9.936052 31.446939 -2.604230
-9.921601 31.402653 -2.670776
-9.420778 31.439310 -3.308277
-9.427904 31.457752 -3.281643
-9.422135 31.436787 -3.316672
-9.864487 31.431686 -2.729566
-9.392129 31.464806 -3.329566
-9.622135 31.442612 -3.046670
-9.716783 31.436638 -2.952329
-9.668080 31.424402 -3.031331
-9.361042 31.464424 -3.388364
-9.429848 31.434757 -3.331965
-9.884335 31.399965 -2.758216
-9.691801 31.418175 -3.025160
-9.661367 31.420532 -3.043598
-9.942348 31.423332 -2.684136
-9.645720 31.420561 -3.063426
-9.946563 31.397234 -2.710057
-9.918668 31.401056 -2.729137
-9.431875 31.431793 -3.354519
-9.602537 31.445601 -3.115055
-9.515822 31.445616 -3.261989
-9.697341 31.440641 -3.019322
-10.011065 31.419352 -2.625773
-9.996577 31.384283 -2.693342
-9.854788 31.430098 -2.811587
-9.480856 31.432293 -3.343926
-9.484405 31.450464 -3.319561
-9.482347 31.429682 -3.355152
-9.772655 31.431664 -2.982530
-9.928425 31.423859 -2.759337
-9.682862 31.435434 -3.081572
-9.456358 31.448490 -3.373249
-9.737573 31.408104 -3.064844
-9.949861 31.389750 -2.787125
-9.490559 31.426502 -3.371092
-9.756744 31.408075 -3.056229
-10.001442 31.420769 -2.710019
-9.426633 31.446699 -3.436202
-9.724509 31.414909 -3.076317
-9.709987 31.409491 -3.099464
-10.018136 31.385733 -2.735118
-9.990143 31.385437 -2.756194
-10.105569 31.375076 -2.647348
-9.574131 31.436909 -3.299061
-9.491785 31.425713 -3.396589
-9.757494 31.434658 -3.052147
-9.667824 31.435289 -3.153206
-10.067367 31.376059 -2.717120
-9.543757 31.424618 -3.380840
-9.919962 31.424006 -2.843488
-9.546115 31.439905 -3.359977
-9.541994 31.426836 -3.392364
-9.837803 31.419477 -3.012799
-9.993237 31.416878 -2.788376
-9.743596 31.431320 -3.117272
-9.518204 31.437851 -3.416495
-9.804405 31.399605 -3.097296
-10.018433 31.379850 -2.817323
-10.067774 31.411436 -2.736778
-9.828434 31.395414 -3.088336
-9.550774 31.422462 -3.410366
-9.793850 31.400654 -3.112019
-9.487056 31.442535 -3.479726
-9.776074 31.400064 -3.135465
-10.094125 31.371180 -2.760585
-10.056706 31.380140 -2.783788
-9.634261 31.429848 -3.336098
-9.823948 31.424166 -3.085963
-9.555955 31.415565 -3.440458
-9.734999 31.426580 -3.192737
-10.141846 31.364960 -2.740631
-9.610194 31.413052 -3.418880
-9.607262 31.433605 -3.399126
-9.991002 31.414513 -2.877144
-9.611383 31.411463 -3.433700
-9.896662 31.417925 -3.043675
-10.059435 31.412647 -2.818145
-9.813448 31.418976 -3.154427
-9.583320 31.428507 -3.461054
-9.878261 31.386419 -3.131411
-10.140127 31.399717 -2.763900
-10.096277 31.362738 -2.847585
-9.898399 31.388296 -3.119265
-9.618359 31.411568 -3.453344
-9.865009 31.388044 -3.147685
-10.161939 31.368719 -2.786076
-10.131597 31.366833 -2.810749
-9.845709 31.389807 -3.173404
-9.696836 31.420134 -3.375769
-9.554637 31.433601 -3.527743
-9.893000 31.412039 -3.121019
-9.625331 31.402151 -3.486822
-10.226044 31.348597 -2.764251
-9.804494 31.418367 -3.232879
-9.680401 31.401627 -3.458880
-9.672958 31.424170 -3.441513
-10.057778 31.412153 -2.909781
-9.964416 31.407166 -3.075984
-9.681724 31.399952 -3.476529
-10.135841 31.398945 -2.847861
-9.880485 31.413414 -3.191912
-9.651258 31.418505 -3.506874
-9.950460 31.378731 -3.165763
-10.210377 31.391546 -2.791214
-9.975387 31.376488 -3.151856
-10.168055 31.357233 -2.878474
-9.689266 31.398865 -3.498234
-9.934011 31.382084 -3.182939
-10.247201 31.350016 -2.812401
-9.761455 31.413042 -3.415428
-10.205845 31.359776 -2.840061
-9.920482 31.376322 -3.212421
-9.960397 31.405409 -3.156314
-9.622432 31.425648 -3.575764
-9.694156 31.396055 -3.532727
-10.303226 31.343040 -2.787803
-9.748952 31.395700 -3.499118
-9.878693 31.408035 -3.274864
-9.740318 31.415361 -3.485254
-10.026973 31.405800 -3.107394
-9.752224 31.392523 -3.518761
-10.143950 31.392046 -2.945247
-10.211315 31.390564 -2.878487
-9.956203 31.400730 -3.231615
-10.024755 31.370562 -3.200703
-10.287805 31.379705 -2.818797
-9.720356 31.410284 -3.553396
-10.054537 31.364155 -3.186449
-10.247286 31.345934 -2.910258
-9.829829 31.403032 -3.456234
-9.762783 31.387589 -3.545174
-10.014077 31.366390 -3.221641
-10.344560 31.323435 -2.840063
-10.290298 31.343248 -2.869317
-9.999022 31.362978 -3.253395
-10.034814 31.394093 -3.193269
-9.702201 31.404598 -3.631338
-10.392061 31.327662 -2.812645
-9.767080 31.384872 -3.581819
-9.826181 31.382650 -3.541573
-10.112085 31.380796 -3.144140
-9.811225 31.405720 -3.530929
-9.950735 31.404354 -3.316434
-9.828929 31.379524 -3.564785
-10.227963 31.378586 -2.980298
-10.291268 31.379089 -2.910933
-10.108887 31.353985 -3.237766
-10.363142 31.374466 -2.847383
-10.039004 31.383318 -3.274390
-9.794883 31.399769 -3.602434
-10.139703 31.349438 -3.221399
-9.906082 31.388077 -3.502202
-10.333258 31.332075 -2.943072
-10.419056 31.324577 -2.866763
-9.834076 31.383007 -3.590284
-10.093367 31.357035 -3.259860
-10.375856 31.331596 -2.898672
-10.077287 31.354824 -3.294536
-10.117197 31.378891 -3.232577
-9.779481 31.395432 -3.685267
-10.487134 31.310869 -2.837867
-10.186366 31.372625 -3.179053
-9.852856 31.361437 -3.637742
-9.913445 31.361069 -3.590393
-9.889215 31.391352 -3.579676
-10.042367 31.382797 -3.365072
-9.911283 31.365208 -3.613344
-10.310108 31.372707 -3.016371
-10.378842 31.365894 -2.943689
-10.444708 31.364759 -2.875539
-10.200047 31.335779 -3.277296
-10.116988 31.377293 -3.314892
-9.873954 31.386122 -3.654702
-9.978230 31.381273 -3.545761
-10.225094 31.338758 -3.257165
-10.425311 31.315786 -2.977656
-10.514480 31.308678 -2.894825
-9.920603 31.363560 -3.643456
-10.466773 31.317694 -2.929125
-10.179462 31.345078 -3.300523
-10.197200 31.369360 -3.271448
-10.167768 31.335653 -3.339027
-10.263691 31.364771 -3.215249
-10.573812 31.305195 -2.863088
-9.992785 31.353661 -3.635037
-9.967865 31.379913 -3.628474
-9.934417 31.352360 -3.690046
-9.999993 31.346338 -3.664299
-10.127575 31.371964 -3.411480
-10.399927 31.362009 -3.053356
-10.538435 31.347136 -2.906443
-10.475969 31.346420 -2.977938
-10.290931 31.322763 -3.316991
-10.051040 31.377399 -3.589373
-10.202056 31.366539 -3.358463
-10.318881 31.323082 -3.294516
-9.959395 31.370981 -3.710176
-10.514259 31.305347 -3.011128
-10.612442 31.294247 -2.923518
-10.275888 31.323565 -3.343954
-10.567465 31.298485 -2.961092
-10.013275 31.341646 -3.699810
-10.283060 31.356430 -3.312066
-10.256603 31.325041 -3.384563
-10.347531 31.353380 -3.252446
-10.080588 31.341215 -3.682672
-10.052662 31.366003 -3.680446
-10.020309 31.342230 -3.746354
-10.085836 31.337351 -3.714960
-10.215771 31.364544 -3.458548
-10.627688 31.338724 -2.937100
-10.564925 31.339037 -3.012189
-10.502560 31.343258 -3.092324
-10.139301 31.359631 -3.641048
-10.389997 31.306831 -3.359036
-10.414550 31.309002 -3.333218
-10.288006 31.359686 -3.402085
-10.035692 31.371338 -3.760130
-10.618192 31.286327 -3.048598
-10.659264 31.291542 -2.992384
-10.365907 31.315823 -3.385944
-10.365830 31.352400 -3.352360
-10.094643 31.338812 -3.749433
-10.431532 31.346064 -3.289031
-10.351951 31.310884 -3.431072
-10.175760 31.324966 -3.734797
-10.134527 31.362017 -3.730714
-10.114939 31.324930 -3.806273
-10.182020 31.321861 -3.769191
-10.316754 31.347971 -3.511827
-10.232707 31.341692 -3.694603
-10.487840 31.295284 -3.400546
-10.388337 31.341284 -3.451070
-10.140635 31.343376 -3.827046
-10.464607 31.304018 -3.430954
-10.197891 31.317490 -3.810961
-10.459966 31.290722 -3.481786
-10.272470 31.312489 -3.786250
-10.228800 31.346886 -3.788569
-10.285570 31.302576 -3.827920
-8.722007 31.495203 -2.644516
-8.794447 31.491001 -2.471802
-9.058118 31.537369 -2.387757
-9.130944 31.540861 -2.314192
-8.968965 31.546499 -2.558210
-9.090551 31.528196 -2.421082
-9.162561 31.520147 -2.339628
-9.075770 31.531603 -2.356750
-9.106141 31.539848 -2.328183
-8.896708 31.538303 -2.640642
-9.084905 31.537819 -2.333395
-8.942206 31.542847 -2.570672
-9.000772 31.534569 -2.588521
-9.193079 31.534290 -2.377567
-9.122749 31.518131 -2.452936
-9.108078 31.526527 -2.389666
-9.138378 31.534872 -2.359692
-8.916441 31.537357 -2.608450
-8.930890 31.539873 -2.676066
-8.597216 31.508348 -2.952652
-8.706969 31.495659 -2.662493
-8.590091 31.489399 -2.965127
-8.864779 31.542253 -2.784531
-9.106325 31.539125 -2.372262
-8.798807 31.537052 -2.868289
-9.117520 31.534714 -2.366440
-9.031467 31.533901 -2.619696
-9.223452 31.527748 -2.406217
-8.976028 31.534645 -2.601154
-9.095017 31.536970 -2.307371
-8.687101 31.517521 -2.750244
-9.171092 31.524950 -2.387985
-8.757422 31.545483 -2.932671
-9.153984 31.519129 -2.488476
-9.140382 31.521444 -2.422586
-8.962486 31.530952 -2.707311
-8.949240 31.531239 -2.640548
-8.837303 31.545034 -2.793216
-8.698435 31.545076 -3.035613
-8.895628 31.533487 -2.815109
-8.942160 31.545141 -2.615669
-8.814487 31.540106 -2.830889
-8.681520 31.540936 -3.062404
-9.139575 31.532059 -2.402154
-9.075424 31.540010 -2.387388
-8.727913 31.538652 -3.016695
-8.834014 31.550707 -2.902398
-9.150260 31.528687 -2.397143
-8.958112 31.533861 -2.610548
-9.255342 31.516886 -2.435198
-9.064547 31.525846 -2.649521
-9.009062 31.530594 -2.631975
-9.127759 31.530949 -2.338072
-9.203554 31.522036 -2.418217
-9.171313 31.521654 -2.455245
-8.790818 31.543306 -2.965016
-9.187959 31.510708 -2.521793
-8.981606 31.527243 -2.672114
-8.995399 31.520723 -2.739825
-8.819736 31.543415 -2.798972
-8.869786 31.538128 -2.822429
-8.733440 31.537327 -2.977330
-8.929076 31.527304 -2.846463
-8.732287 31.545856 -3.068146
-8.847150 31.538084 -2.862574
-8.976641 31.536877 -2.645407
-8.714905 31.538759 -3.094745
-8.763756 31.544815 -2.960796
-9.174732 31.523731 -2.431160
-9.110563 31.539585 -2.419800
-8.762039 31.536316 -3.049703
-8.865287 31.529531 -2.935615
-9.287337 31.511003 -2.465247
-9.182687 31.520683 -2.427722
-8.967120 31.536385 -2.581969
-8.991571 31.527678 -2.641906
-9.159912 31.526062 -2.368176
-9.096912 31.521839 -2.681095
-9.041616 31.532663 -2.663263
-9.236214 31.516100 -2.447517
-9.203965 31.514532 -2.487300
-8.822819 31.532249 -2.996792
-8.835423 31.542959 -2.831580
-9.014861 31.524071 -2.704411
-9.220590 31.511480 -2.557260
-8.710639 31.542486 -3.047687
-9.028414 31.515472 -2.773406
-8.706867 31.540142 -3.061904
-8.853046 31.541338 -2.829931
-8.904188 31.533863 -2.853183
-8.767750 31.531979 -3.009421
-8.962037 31.518158 -2.877650
-9.010470 31.533752 -2.675570
-8.881004 31.529774 -2.894484
-8.746676 31.530718 -3.127474
-8.946934 31.544468 -2.663808
-8.797838 31.538580 -2.991419
-9.207838 31.520756 -2.460672
-8.791254 31.511412 -3.082763
-9.145858 31.532244 -2.448892
-9.319468 31.506102 -2.495387
-9.214511 31.513819 -2.457728
-9.023643 31.526793 -2.673027
-8.897386 31.514370 -2.967828
-9.000998 31.529261 -2.611133
-9.129545 31.506817 -2.709759
-9.192788 31.521015 -2.398973
-9.074718 31.520603 -2.692115
-9.269903 31.511974 -2.477638
-9.237770 31.506306 -2.517829
-8.763653 31.540924 -2.975516
-8.804353 31.547956 -2.846298
-8.870485 31.538637 -2.861592
-9.047632 31.517935 -2.736547
-9.254706 31.496136 -2.587264
-8.744513 31.539265 -3.079246
-9.062078 31.501076 -2.805616
-8.858553 31.541634 -2.797096
-8.764039 31.541939 -2.990489
-8.741012 31.533804 -3.093936
-8.886724 31.537224 -2.860012
-8.937207 31.520712 -2.883359
-8.799582 31.519930 -3.041142
-8.716624 31.544600 -3.064678
-9.045451 31.524429 -2.704518
-8.722466 31.535547 -3.065169
-8.913509 31.517664 -2.925468
-8.982271 31.533123 -2.691878
-8.759112 31.541828 -2.941775
-9.241896 31.514595 -2.489908
-8.831075 31.526318 -3.023061
-9.352827 31.496092 -2.522964
-9.246656 31.508913 -2.487854
-9.033442 31.526339 -2.641370
-9.225063 31.513201 -2.426750
-9.181475 31.526861 -2.478106
-9.057449 31.518566 -2.703532
-9.108652 31.500374 -2.719620
-9.303140 31.504881 -2.507560
-8.731724 31.548988 -2.991894
-8.838616 31.543888 -2.874221
-8.797745 31.534679 -3.006129
-9.270525 31.504152 -2.550970
-9.081171 31.494646 -2.765270
-8.905524 31.529219 -2.891940
-8.688752 31.544855 -3.050463
-8.892001 31.536633 -2.825706
-8.798019 31.530708 -3.020038
-8.706999 31.546839 -3.038374
-8.920204 31.527029 -2.890379
-9.080004 31.508144 -2.732278
-9.018175 31.529715 -2.721208
-8.794488 31.539471 -2.971898
-9.276843 31.509258 -2.519876
-9.280045 31.502804 -2.517840
-9.257363 31.509279 -2.456943
-9.067793 31.522156 -2.670722
-9.090511 31.510492 -2.733376
-9.216778 31.519501 -2.507197
-9.336960 31.497826 -2.535329
-8.766367 31.537703 -3.020697
-8.830900 31.522514 -3.036363
-9.304335 31.495909 -2.581495
-8.875289 31.536327 -2.903205
-8.725093 31.544415 -3.079963
-8.926338 31.532454 -2.855048
-8.742993 31.539339 -3.068094
-9.311752 31.500017 -2.547437
-8.828465 31.528234 -3.001451
-9.289894 31.507425 -2.485857
-9.053661 31.510256 -2.748697
-9.100892 31.519167 -2.700223
-9.314562 31.490503 -2.546620
-9.124657 31.500225 -2.763015
-9.254184 31.507864 -2.534466
-8.802397 31.535282 -3.050077
-8.910089 31.526014 -2.932084
-9.574093 31.474480 -2.431503
-8.960211 31.516224 -2.883548
-9.323246 31.497410 -2.513438
-9.089752 31.503820 -2.777099
-9.134345 31.505056 -2.728200
-9.290647 31.499392 -2.562011
-9.612261 31.457468 -2.461219
-9.357640 31.489201 -2.541816
-9.648157 31.452820 -2.493361
-9.683538 31.449205 -2.526317
-9.718874 31.449585 -2.560281
-9.728508 31.448652 -2.504466
-9.756814 31.444645 -2.591611
-9.859665 31.433121 -2.504304
-9.764977 31.444029 -2.534467
-9.812100 31.468918 -2.490041
-9.767629 31.449585 -2.489387
-9.795833 31.437511 -2.622737
-9.897647 31.425362 -2.531883
-9.804121 31.433985 -2.563245
-9.854648 31.450592 -2.513089
-9.808393 31.447138 -2.490911
-9.806125 31.440788 -2.516154
-9.835735 31.431200 -2.654597
-9.701669 31.446655 -2.819685
-9.940052 31.409941 -2.557284
-9.839293 31.434549 -2.594402
-9.898077 31.433088 -2.536871
-9.846424 31.444466 -2.518150
-9.845542 31.428812 -2.542651
-9.797341 31.456135 -2.504338
-9.875279 31.426907 -2.687337
-9.740933 31.437590 -2.848523
-9.977122 31.409235 -2.587560
-9.654692 31.434412 -2.950335
-9.698516 31.445898 -2.823496
-9.551181 31.442104 -3.082886
-9.878534 31.429480 -2.624269
-9.937916 31.428062 -2.564587
-9.889810 31.430958 -2.542953
-9.880371 31.432590 -2.571951
-9.842258 31.439505 -2.526715
-9.917229 31.420311 -2.718405
-10.017110 31.405188 -2.615358
-9.779646 31.433561 -2.879204
-9.492400 31.433928 -3.210807
-9.695046 31.425865 -2.984158
-9.685794 31.442347 -2.831083
-9.737594 31.439842 -2.853293
-9.919221 31.420187 -2.653061
-9.589866 31.436890 -3.116301
-9.885425 31.433235 -2.518629
-9.537904 31.456354 -3.083267
-9.979706 31.417772 -2.590418
-9.929903 31.428001 -2.569394
-9.702047 31.432728 -2.924072
-9.921149 31.424387 -2.599400
-9.504850 31.448032 -3.150994
-9.882007 31.438578 -2.554031
-9.961770 31.407206 -2.749591
-10.057362 31.398018 -2.643623
-9.819951 31.426298 -2.908862
-9.531610 31.431566 -3.245823
-9.706758 31.435308 -2.873005
-9.735256 31.425409 -3.018578
-9.455556 31.437519 -3.338580
-9.777989 31.433668 -2.881604
-9.726668 31.439133 -2.859586
-9.923646 31.427536 -2.544957
-9.629975 31.427456 -3.148635
-9.960019 31.415873 -2.682930
-9.581074 31.434292 -3.115249
-10.021608 31.412460 -2.617324
-9.973913 31.418423 -2.594470
-9.963195 31.410978 -2.625704
-9.741141 31.430561 -2.956288
-9.547066 31.427952 -3.186004
-9.923466 31.439398 -2.581404
-10.100405 31.390409 -2.671735
-9.523369 31.450655 -3.050403
-9.862803 31.416523 -2.939648
-10.005337 31.401260 -2.782062
-9.746401 31.428102 -2.903407
-9.572473 31.425867 -3.281235
-9.968583 31.406891 -2.566337
-9.776733 31.419746 -3.051852
-9.494853 31.431053 -3.374000
-9.562366 31.440014 -3.119505
-9.818763 31.429358 -2.911462
-9.552892 31.438623 -3.132630
-9.766291 31.437113 -2.888239
-10.002979 31.407179 -2.712384
-10.066179 31.401730 -2.643006
-9.671352 31.420710 -3.183247
-9.619988 31.431143 -3.147390
-10.016129 31.415077 -2.621509
-9.719237 31.435541 -2.870517
-10.002094 31.409107 -2.653710
-9.783010 31.418875 -2.987685
-9.751454 31.428749 -2.850082
-9.586620 31.423553 -3.220154
-9.976946 31.409355 -2.601716
-10.143911 31.385752 -2.700048
-9.563294 31.436340 -3.080260
-9.903052 31.413244 -2.970321
-9.479715 31.429157 -3.361902
-9.784526 31.425205 -2.933487
-10.047038 31.401655 -2.815087
-10.009937 31.398720 -2.591641
-9.614900 31.415741 -3.318390
-9.603222 31.431606 -3.149753
-9.861697 31.420666 -2.940906
-9.822609 31.405230 -3.085705
-9.593574 31.428041 -3.165569
-9.535609 31.424263 -3.410756
-9.810983 31.426182 -2.916727
-10.105037 31.403847 -2.672026
-9.712070 31.415207 -3.215850
-10.045737 31.401491 -2.742785
-9.659717 31.428917 -3.178855
-9.548688 31.434544 -3.127714
-10.061012 31.406311 -2.647326
-9.449354 31.434786 -3.426958
-9.761498 31.432102 -2.898951
-10.045644 31.400454 -2.681014
-9.825148 31.413149 -3.020222
-9.456470 31.438427 -3.353817
-9.790177 31.425898 -2.878009
-9.624396 31.426582 -3.253511
-10.020293 31.408905 -2.628210
-9.458176 31.434122 -3.369063
-10.188334 31.377916 -2.728089
-9.600824 31.434595 -3.109727
-9.948174 31.404068 -3.001768
-9.519717 31.427715 -3.396243
-9.826633 31.415585 -2.963611
-10.047676 31.399132 -2.618450
-10.097372 31.388548 -2.847448
-9.645538 31.422874 -3.181337
-9.906948 31.408581 -2.970000
-9.853335 31.418633 -2.945572
-9.656702 31.410753 -3.355954
-9.634137 31.421553 -3.198107
-9.575584 31.421623 -3.447857
-10.148787 31.401257 -2.699064
-9.866164 31.403177 -3.120583
-10.087137 31.401100 -2.772928
-9.752235 31.414736 -3.250275
-9.703338 31.418877 -3.211709
-9.588400 31.437508 -3.157427
-10.105433 31.403667 -2.673617
-9.489892 31.421921 -3.463989
-9.466470 31.434597 -3.310589
-10.086664 31.398195 -2.709618
-9.803330 31.430786 -2.926854
-9.830082 31.416754 -2.906137
-9.865612 31.410748 -3.052373
-9.498013 31.428667 -3.387480
-9.667675 31.413380 -3.288989
-10.064876 31.407248 -2.654568
-9.510756 31.429100 -3.567920
-9.640851 31.425251 -3.140662
-10.235041 31.370684 -2.756789
-9.498281 31.428576 -3.403811
-9.992201 31.397070 -3.033429
-10.087579 31.395166 -2.644847
-9.561896 31.416702 -3.431921
-9.868118 31.411100 -2.994144
-10.141535 31.386524 -2.880195
-9.949985 31.404861 -3.000525
-9.686811 31.421410 -3.212795
-9.673606 31.417246 -3.230858
-9.897393 31.412832 -2.974474
-10.196864 31.389915 -2.725268
-9.700888 31.402266 -3.394580
-9.617209 31.415646 -3.485354
-10.133095 31.392839 -2.803717
-9.796798 31.405409 -3.285277
-9.914952 31.388010 -3.157110
-9.746439 31.409872 -3.245378
-9.630958 31.430845 -3.187734
-10.154341 31.393257 -2.699143
-9.529630 31.418396 -3.499613
-10.125506 31.400305 -2.738644
-9.505425 31.431339 -3.344139
-9.848480 31.422800 -2.955546
-9.871851 31.410345 -2.934386
-9.476619 31.434393 -3.382628
-9.911366 31.400318 -3.085834
-9.538774 31.423059 -3.421487
-9.709647 31.410561 -3.323870
-10.117129 31.391367 -2.678120
-9.681760 31.416727 -3.172332
-10.278643 31.370991 -2.786188
-9.421107 31.447632 -3.562949
-9.538795 31.420893 -3.439099
-10.130624 31.388735 -2.670215
-9.557485 31.406544 -3.613913
-10.038857 31.388651 -3.064871
-9.910748 31.404320 -3.025883
-9.603766 31.412798 -3.468139
-9.995337 31.397747 -3.030700
-9.715042 31.411572 -3.264135
-9.728811 31.419779 -3.244925
-9.945271 31.399321 -3.003353
-10.190147 31.380733 -2.913182
-10.243655 31.383766 -2.752629
-9.662631 31.400766 -3.525583
-10.181453 31.382273 -2.832809
-9.744380 31.399019 -3.432205
-9.842501 31.393787 -3.321485
-9.789742 31.406933 -3.278778
-9.675009 31.419863 -3.218372
-10.205404 31.378468 -2.724253
-9.961194 31.384422 -3.193186
-9.569481 31.419849 -3.536314
-10.173069 31.390001 -2.765661
-9.547117 31.422556 -3.377876
-9.912439 31.405027 -2.964195
-9.895209 31.411579 -2.983224
-9.518552 31.427685 -3.415082
-9.955606 31.394199 -3.118973
-9.579842 31.419416 -3.455629
-9.754107 31.400143 -3.360219
-10.164526 31.385267 -2.703324
-9.722553 31.412300 -3.203602
-10.332112 31.356596 -2.814778
-10.178154 31.374538 -2.694816
-9.578878 31.415335 -3.473856
-10.085311 31.383236 -3.097260
-9.955622 31.394249 -3.055861
-9.644945 31.414131 -3.503356
-10.043231 31.388121 -3.062003
-9.776236 31.402021 -3.277762
-9.758286 31.403545 -3.297874
-9.463960 31.381031 -3.547042
-10.291995 31.378380 -2.779981
-9.990516 31.396303 -3.033128
-10.247958 31.360294 -2.946103
-9.707009 31.393154 -3.565686
-9.836037 31.395355 -3.312833
-10.230502 31.375536 -2.863581
-9.889399 31.384954 -3.358559
-9.718019 31.416145 -3.248884
-10.251005 31.378601 -2.751423
-9.793485 31.384523 -3.473019
-10.008316 31.381655 -3.229999
-10.222857 31.375216 -2.793675
-9.954504 31.400578 -2.992583
-9.587453 31.419069 -3.411357
-9.440551 31.447006 -3.572133
-9.941633 31.407465 -3.011443
-9.561471 31.417694 -3.448677
-9.624535 31.411074 -3.490689
-10.004869 31.383163 -3.152951
-10.218662 31.374496 -2.721487
-9.763757 31.405735 -3.235411
-9.798680 31.394699 -3.397643
-10.380153 31.353125 -2.844421
-10.215290 31.377583 -2.728978
-9.621991 31.405031 -3.511686
-9.999369 31.390358 -3.087061
-10.137048 31.369791 -3.130956
-9.692679 31.395857 -3.543238
-10.090853 31.381605 -3.092840
-9.801834 31.397482 -3.331748
-9.493028 31.434958 -3.567468
-10.345550 31.365068 -2.807232
-9.821431 31.397816 -3.310280
-10.038812 31.389732 -3.063220
-10.301318 31.352694 -2.979465
-10.280463 31.365622 -2.894081
-9.882863 31.386621 -3.348500
-9.751114 31.388649 -3.605324
-10.302330 31.369764 -2.777682
-9.936756 31.379070 -3.395835
-9.760567 31.418549 -3.279873
-9.839729 31.379639 -3.513253
-10.272025 31.365566 -2.822099
-9.998798 31.391645 -3.021968
-10.058326 31.374348 -3.267064
-9.628931 31.413286 -3.446043
-9.990127 31.397884 -3.040594
-9.604014 31.414915 -3.481402
-9.669442 31.403608 -3.527230
-10.051603 31.378521 -3.188230
-10.265215 31.367456 -2.747379
-9.806190 31.397964 -3.267081
-10.429741 31.350418 -2.874056
-9.845317 31.383789 -3.435998
-10.269958 31.363276 -2.753264
-9.664571 31.400953 -3.548580
-10.045499 31.382967 -3.119322
-10.183345 31.372461 -3.163959
-9.737957 31.390251 -3.581324
-10.140756 31.375690 -3.124337
-9.536233 31.420553 -3.605700
-9.848252 31.385689 -3.368630
-10.396160 31.360277 -2.835248
-9.868344 31.390169 -3.344604
-10.087095 31.383156 -3.093317
-10.335029 31.352922 -2.924886
-10.355043 31.360706 -2.803867
-9.930657 31.379797 -3.383558
-9.809532 31.401548 -3.312705
-10.355050 31.346952 -3.014375
-9.985342 31.371981 -3.432971
-10.042821 31.385822 -3.050888
-10.322162 31.357822 -2.849915
-9.889017 31.371199 -3.553803
-9.671583 31.401211 -3.480928
-10.111796 31.361355 -3.304980
-9.698111 31.411144 -3.652894
-10.038924 31.390266 -3.069881
-9.650930 31.402088 -3.517461
-10.310832 31.363583 -2.773550
-9.849823 31.392984 -3.299618
-10.101315 31.370430 -3.222414
-9.716641 31.391556 -3.566179
-10.485434 31.340609 -2.904322
-10.317420 31.366135 -2.780565
-9.892730 31.377798 -3.474686
-9.711779 31.383711 -3.589277
-10.091516 31.379671 -3.151185
-10.244802 31.347216 -3.199202
-9.786202 31.374815 -3.622820
-10.193456 31.364147 -3.157431
-9.893560 31.381266 -3.403977
-10.454622 31.346142 -2.862940
-9.918145 31.377983 -3.379179
-10.140402 31.371662 -3.124254
-10.088303 31.379673 -3.081145
-10.371044 31.351276 -2.877877
-10.409533 31.353291 -2.831524
-10.389548 31.344212 -2.956705
-9.981565 31.369314 -3.420344
-9.859534 31.386353 -3.346338
-10.036533 31.362272 -3.472645
-10.408352 31.343336 -3.048755
-9.715330 31.396027 -3.516277
-9.939094 31.362490 -3.596435
-10.168117 31.347820 -3.344155
-9.695427 31.397936 -3.550717
-10.088850 31.385540 -3.098625
-10.358257 31.357355 -2.800182
-9.894597 31.385706 -3.333360
-9.768136 31.369558 -3.607048
-10.151974 31.363052 -3.258746
-10.543247 31.330416 -2.935181
-9.940895 31.367645 -3.513035
-10.366044 31.367889 -2.806317
-9.761331 31.366968 -3.632041
-10.142726 31.367256 -3.185702
-10.297097 31.341688 -3.234183
-10.507501 31.341948 -2.891621
-9.940326 31.376516 -3.440661
-10.244702 31.362000 -3.189867
-10.194270 31.359016 -3.155796
-9.967483 31.371918 -3.414232
-10.134856 31.371334 -3.111196
-10.422439 31.346214 -2.907978
-10.463592 31.348000 -2.858650
-9.905843 31.385031 -3.378321
-10.028885 31.368603 -3.455884
-10.440232 31.343201 -2.988557
-9.759901 31.386576 -3.552699
-10.093890 31.345358 -3.514359
-10.466164 31.335842 -3.084786
-10.407072 31.350908 -2.826741
-9.992753 31.353077 -3.640992
-10.142081 31.374144 -3.128157
-9.744677 31.385601 -3.588850
-10.225123 31.338114 -3.385010
-9.942644 31.375757 -3.368897
-10.205606 31.352224 -3.293984
-10.599546 31.324533 -2.965719
-10.425770 31.353737 -2.831117
-9.994531 31.354338 -3.555178
-10.194487 31.358877 -3.219075
-10.353168 31.332445 -3.270147
-10.564407 31.336111 -2.920007
-9.987585 31.370718 -3.476538
-10.305462 31.341986 -3.224116
-10.251657 31.345772 -3.187853
-10.015883 31.369017 -3.449565
-10.184266 31.362450 -3.142506
-10.472738 31.343330 -2.938293
-10.520785 31.340242 -2.884748
-10.499757 31.329567 -3.021219
-9.958008 31.374531 -3.412214
-10.084357 31.354136 -3.495734
-9.806560 31.380737 -3.590721
-10.148142 31.335981 -3.556772
-10.455619 31.347569 -2.852835
-10.531470 31.321028 -3.121369
-10.194029 31.367941 -3.158845
-10.052235 31.333296 -3.690212
-9.986876 31.374699 -3.401710
-10.283511 31.328182 -3.425790
-10.265125 31.336111 -3.333550
-10.483130 31.346964 -2.857285
-10.044926 31.348776 -3.595198
-10.248466 31.346018 -3.253443
-10.410436 31.325991 -3.306982
-10.626172 31.324373 -2.949167
-10.038025 31.361160 -3.515555
-10.364101 31.331423 -3.258454
-10.231400 31.362034 -3.173839
-10.305366 31.341211 -3.220010
-10.068063 31.362400 -3.485882
-10.531045 31.332087 -2.968350
-10.583732 31.327406 -2.912355
-10.007421 31.369543 -3.445930
-10.136243 31.349440 -3.534340
-10.507788 31.339531 -2.879847
-10.560793 31.320690 -3.054885
-9.858414 31.360592 -3.633145
-10.207406 31.321690 -3.600024
-10.254239 31.350260 -3.189744
-10.034639 31.367851 -3.436785
-10.113976 31.314117 -3.740100
-10.342003 31.323229 -3.467664
-10.321971 31.326603 -3.371607
-10.302898 31.336109 -3.288028
-10.540629 31.341171 -2.883539
-10.098807 31.341427 -3.638505
-10.471628 31.316811 -3.344884
-10.094305 31.342430 -3.556498
-10.287469 31.344904 -3.206404
-10.420717 31.326218 -3.293304
-9.983148 31.358084 -3.787752
-10.131121 31.336517 -3.526710
-10.361351 31.337255 -3.252850
-10.584783 31.328709 -2.997797
-10.565639 31.326527 -2.906981
-10.643002 31.323261 -2.940088
-10.061181 31.359703 -3.481254
-10.197508 31.329794 -3.577135
-10.263971 31.318001 -3.642792
-10.087902 31.353865 -3.474673
-10.310009 31.345427 -3.221114
-9.959992 31.361519 -3.760071
-10.377132 31.324419 -3.410296
-10.405014 31.314404 -3.511197
-10.356729 31.331339 -3.323030
-10.604496 31.330351 -2.909152
-10.160269 31.321470 -3.685523
-10.343279 31.330883 -3.238502
-10.148637 31.334139 -3.597594
-10.475996 31.326309 -3.327900
-10.184486 31.332691 -3.563919
-10.422621 31.325272 -3.286995
-10.618085 31.324448 -2.935164
-10.120610 31.343697 -3.519425
-10.256754 31.320686 -3.618669
-10.325881 31.306177 -3.688270
-10.142974 31.337523 -3.513011
-10.368097 31.337198 -3.252126
-10.252171 31.260565 -3.850204
-10.416790 31.319258 -3.361486
-10.438613 31.316013 -3.451093
-10.216072 31.316746 -3.730374
-10.393987 31.329760 -3.271789
-10.207223 31.319901 -3.641620
-10.484511 31.317219 -3.321412
-10.246053 31.320192 -3.605103
-10.010988 31.329323 -3.755673
-10.177950 31.333145 -3.556675
-10.315795 31.314583 -3.661152
-10.194272 31.333965 -3.551048
-9.993616 31.357052 -3.776987
-10.428532 31.329466 -3.285211
-10.282866 31.312599 -3.879066
-10.476163 31.312416 -3.398945
-10.450632 31.320547 -3.305639
-10.273990 31.311638 -3.775819
-10.261742 31.317667 -3.682456
-10.304293 31.314352 -3.645512
-10.054138 31.343412 -3.791812
-10.235177 31.326689 -3.593529
-10.249917 31.325548 -3.590670
-10.497030 31.313269 -3.319451
-10.323475 31.304848 -3.727879
-10.297391 31.314123 -3.633980
-10.306854 31.315819 -3.631563
-9.054440 31.536606 -2.349813
-9.069583 31.530840 -2.413335
-9.039006 31.540678 -2.451007
-9.087155 31.525841 -2.382417
-9.071659 31.534018 -2.483207
-9.101477 31.523153 -2.447627
-8.908935 31.537014 -2.611809
-9.096642 31.537809 -2.361642
-8.589433 31.491713 -2.906826
-8.915887 31.536726 -2.583131
-8.923330 31.534227 -2.678432
-9.043535 31.535807 -2.498242
-9.119957 31.522963 -2.418446
-8.779782 31.541161 -2.851879
-9.105983 31.528795 -2.335808
-9.008841 31.541817 -2.512452
-8.929494 31.535576 -2.703871
-9.102676 31.526711 -2.514009
-9.133706 31.517429 -2.482049
-8.941996 31.532227 -2.645551
-9.129120 31.526161 -2.392770
-8.791978 31.540472 -2.815829
-8.901330 31.542669 -2.715741
-8.950289 31.539806 -2.617392
-8.975976 31.544264 -2.529912
-9.077180 31.527050 -2.528820
-8.957632 31.532223 -2.713036
-8.815809 31.540586 -2.875839
-8.864592 31.546177 -2.727013
-9.152274 31.514330 -2.450515
-8.812281 31.537537 -2.885023
-9.138248 31.532261 -2.369481
-9.044052 31.533813 -2.543015
-8.785975 31.545530 -2.878376
-8.962088 31.533030 -2.735666
-9.134755 31.517200 -2.544602
-8.957782 31.534468 -2.586931
-8.975155 31.528524 -2.677947
-8.732370 31.541477 -3.001321
-9.161277 31.520540 -2.425780
-9.166831 31.508522 -2.516196
-8.824970 31.535799 -2.848161
-8.742276 31.542131 -2.996656
-8.708109 31.542229 -3.037330
-8.716569 31.543365 -2.983080
-8.732973 31.540785 -2.964366
-8.826545 31.539812 -2.814348
-8.934075 31.533112 -2.745589
-8.983599 31.529091 -2.647840
-9.011027 31.539276 -2.561416
-9.110090 31.518461 -2.558731
-8.990026 31.523499 -2.746519
-8.848638 31.534929 -2.908107
-8.900150 31.544153 -2.758713
-9.185166 31.508539 -2.484190
-8.845684 31.534725 -2.918897
-9.171324 31.524649 -2.399456
-8.828654 31.545584 -2.783523
-9.078369 31.528992 -2.573853
-8.819793 31.537781 -2.909022
-8.994011 31.526546 -2.767201
-9.166622 31.518805 -2.576736
-8.784028 31.545687 -2.912747
-8.992115 31.537649 -2.619780
-8.764632 31.536980 -3.032987
-9.008714 31.522684 -2.710879
-9.240455 31.530407 -2.349107
-9.194426 31.512821 -2.457167
-9.335806 31.512043 -2.349618
-9.198495 31.503948 -2.550018
-8.859363 31.530891 -2.880413
-8.775273 31.537466 -3.028989
-8.741179 31.537460 -3.071075
-8.865985 31.547930 -2.774907
-8.749891 31.536667 -3.014537
-8.718344 31.548754 -3.005574
-8.705076 31.546034 -3.019487
-8.766536 31.534966 -2.997299
-8.861504 31.533752 -2.847200
-8.728401 31.539448 -3.043456
-8.757830 31.541653 -2.964856
-8.968458 31.524197 -2.776834
-9.386571 31.508329 -2.366871
-9.305056 31.512478 -2.361104
-9.017325 31.524233 -2.680837
-9.144100 31.523664 -2.592458
-9.047469 31.530056 -2.591834
-9.022189 31.517891 -2.779531
-8.881634 31.530254 -2.940439
-9.216350 31.502205 -2.515057
-8.933957 31.532393 -2.788352
-8.748987 31.546167 -2.935142
-8.876672 31.522245 -2.951454
-9.204401 31.517033 -2.429432
-8.863469 31.539732 -2.813551
-8.853548 31.534130 -2.939261
-9.112005 31.516235 -2.603425
-9.026996 31.517860 -2.798526
-9.198534 31.508307 -2.607263
-8.819182 31.541807 -2.942907
-9.026097 31.530863 -2.650488
-9.368158 31.508585 -2.379933
-9.041193 31.511045 -2.742007
-9.227247 31.507132 -2.489431
-8.891781 31.523367 -2.911137
-8.798269 31.531054 -3.067334
-9.276814 31.517273 -2.377106
-9.231716 31.496124 -2.582817
-8.807935 31.530828 -3.061192
-8.900288 31.535126 -2.803735
-8.773407 31.527773 -3.104495
-8.799293 31.529417 -3.028155
-8.739063 31.539272 -3.050198
-8.753330 31.543896 -3.035669
-8.784454 31.532751 -3.046855
-8.760317 31.528984 -3.073986
-8.895657 31.527962 -2.877975
-9.001706 31.517584 -2.806877
-8.791648 31.533905 -2.995502
-9.418419 31.501917 -2.396991
-9.337902 31.507973 -2.390608
-9.050078 31.518663 -2.711690
-8.784848 31.548292 -2.949346
-9.176771 31.514193 -2.620892
-9.083531 31.530966 -2.623729
-8.720071 31.549059 -3.028443
-9.055256 31.513098 -2.813274
-8.722132 31.548763 -3.027617
-8.914631 31.525578 -2.972771
-9.248846 31.498547 -2.548197
-8.968942 31.527517 -2.818445
-9.236742 31.509584 -2.458741
-8.784299 31.539274 -2.964360
-8.910403 31.517401 -2.984452
-8.898179 31.528790 -2.843921
-9.146777 31.522461 -2.635059
-8.888438 31.528173 -2.970702
-9.231129 31.505739 -2.639057
-9.060822 31.514091 -2.830176
-8.853159 31.531038 -2.972610
-9.400838 31.503094 -2.409372
-9.060407 31.522043 -2.680321
-9.259263 31.501715 -2.519617
-9.074366 31.511337 -2.775409
-8.830436 31.525465 -3.100347
-8.925787 31.524590 -2.943860
-9.310901 31.515553 -2.407471
-8.841005 31.526052 -3.094937
-9.265924 31.493006 -2.618767
-8.935766 31.529203 -2.833017
-8.808151 31.528837 -3.137885
-8.833856 31.525496 -3.060472
-8.818778 31.527952 -3.077696
-8.786706 31.529093 -3.066525
-8.774448 31.532278 -3.080829
-8.795218 31.527033 -3.106434
-8.930157 31.528135 -2.909886
-9.035028 31.510864 -2.838332
-9.450919 31.491442 -2.425357
-8.826644 31.533039 -3.026603
-9.083326 31.512043 -2.741732
-9.372725 31.506079 -2.421640
-8.819994 31.540413 -2.978500
-9.210226 31.496447 -2.649390
-8.754481 31.541353 -3.056931
-9.118999 31.521030 -2.652004
-8.757614 31.542854 -3.056901
-9.088312 31.504303 -2.846009
-8.948195 31.519745 -3.005704
-9.002865 31.524839 -2.848748
-9.282583 31.497667 -2.582198
-9.502766 31.472054 -2.384598
-9.269493 31.503996 -2.489592
-8.819779 31.533361 -2.993643
-8.944544 31.514414 -3.018993
-8.933164 31.523914 -2.874014
-9.181076 31.509636 -2.663883
-8.921593 31.520481 -3.002093
-9.264051 31.501141 -2.669974
-9.093083 31.509567 -2.861840
-9.092752 31.514608 -2.709631
-9.433758 31.498480 -2.440288
-8.888145 31.526169 -3.002705
-9.292497 31.491081 -2.548650
-9.107686 31.504612 -2.806863
-8.863567 31.516584 -3.134497
-8.959244 31.513670 -2.977132
-9.346639 31.518471 -2.440241
-8.874402 31.519243 -3.127804
-9.298988 31.488192 -2.652507
-8.971812 31.522127 -2.862900
-8.840151 31.522263 -3.170833
-8.822367 31.528164 -3.096880
-8.962397 31.515625 -2.939538
-9.482055 31.493193 -2.456824
-8.867915 31.518621 -3.092594
-8.852838 31.521080 -3.109818
-8.809171 31.525343 -3.112206
-9.069348 31.506046 -2.869170
-8.829277 31.520163 -3.138556
-8.860861 31.523149 -3.057783
-9.117478 31.506237 -2.772505
-9.406971 31.501337 -2.451064
-8.855200 31.528427 -3.008058
-9.244882 31.493580 -2.680357
-8.790361 31.533308 -3.086751
-9.154646 31.516073 -2.681350
-8.794495 31.536713 -3.086106
-9.302666 31.497463 -2.518220
-9.315721 31.485945 -2.612578
-9.122162 31.491234 -2.879815
-9.038574 31.515791 -2.878501
-8.854597 31.527510 -3.023672
-9.535670 31.470236 -2.419278
-8.977830 31.502510 -3.052199
-8.967485 31.519102 -2.904854
-9.297286 31.490507 -2.699006
-9.216216 31.501724 -2.693033
-8.956145 31.512552 -3.033402
-9.126451 31.494741 -2.892691
-9.126831 31.508904 -2.738992
-9.467101 31.492920 -2.468980
-9.325271 31.493486 -2.581514
-8.924036 31.522112 -3.033530
-9.141078 31.497780 -2.839728
-8.992565 31.506954 -3.008586
-8.894793 31.504984 -3.168529
-9.382105 31.508514 -2.468514
-8.906519 31.504459 -3.161561
-9.333282 31.482159 -2.686102
-9.008352 31.513998 -2.891972
-8.872716 31.514536 -3.204381
-9.515444 31.479528 -2.484913
-8.885052 31.507383 -3.142228
-8.857752 31.521162 -3.127510
-8.900357 31.501804 -3.125475
-8.844665 31.523430 -3.142495
-8.997622 31.511625 -2.971109
-9.103378 31.491156 -2.899275
-8.863336 31.513290 -3.170678
-8.895582 31.516209 -3.089159
-9.151135 31.501474 -2.804089
-9.442760 31.489346 -2.478459
-9.278478 31.492912 -2.711535
-8.891187 31.525459 -3.037537
-8.826241 31.525259 -3.116570
-9.189798 31.512163 -2.711507
-9.336080 31.491808 -2.548325
-8.830712 31.530630 -3.116055
-9.349232 31.488180 -2.646108
-9.072945 31.502869 -2.908737
-8.889476 31.517553 -3.054106
-9.570850 31.460999 -2.452594
-9.002290 31.509241 -2.933874
-9.251571 31.486694 -2.721645
-9.161308 31.501060 -2.768888
-9.502550 31.478958 -2.496243
-9.359564 31.480648 -2.610336
-9.582618 31.464909 -2.409074
-8.957237 31.506315 -3.064317
-9.175457 31.488850 -2.870970
-9.419136 31.499304 -2.496771
-9.549999 31.468748 -2.512450
-9.367333 31.475246 -2.718218
-9.044506 31.512003 -2.921514
-8.879048 31.514523 -3.173740
-9.031498 31.499756 -3.002156
-8.891858 31.506186 -3.159029
-9.184814 31.480612 -2.833055
-8.929348 31.499269 -3.120534
-9.477739 31.484436 -2.508536
-8.928174 31.524401 -3.066387
-9.369579 31.483246 -2.576064
-8.861892 31.520336 -3.145905
-9.227373 31.493828 -2.738341
-8.865351 31.519806 -3.145000
-9.383826 31.472122 -2.676801
-8.925970 31.517542 -3.083768
-9.037555 31.510437 -2.963681
-9.603774 31.463181 -2.488273
-9.195393 31.495359 -2.798239
-9.536958 31.471201 -2.524718
-9.393875 31.471811 -2.640157
-9.617495 31.454903 -2.439496
-9.455794 31.496233 -2.525496
-9.514528 31.470345 -2.534319
-9.403117 31.482672 -2.605839
-9.263538 31.491814 -2.767889
-8.899278 31.499844 -3.175448
-9.640436 31.446798 -2.518161
-9.229483 31.489647 -2.827605
-9.651176 31.454102 -2.472097
-9.494691 31.473742 -2.549852
-9.655914 31.460789 -2.435499
-9.438395 31.463732 -2.632041
-9.676969 31.441425 -2.551006
-9.686564 31.447033 -2.502734
-9.692049 31.450747 -2.463036
-9.721780 31.438980 -2.533305
-9.726320 31.449980 -2.493480
-9.757841 31.435843 -2.564204
-9.762449 31.439934 -2.521016
-9.770232 31.441509 -2.476828
-9.796718 31.439163 -2.551460
-9.807102 31.428486 -2.501264
-9.828578 31.433794 -2.627089
-9.833842 31.431015 -2.578381
-9.845212 31.418242 -2.526561
-9.867410 31.426186 -2.656818
-9.871223 31.427742 -2.607787
-9.882825 31.409042 -2.552670
-9.869874 31.417803 -2.777636
-9.905009 31.419792 -2.686691
-9.901656 31.416307 -2.748356
-9.910303 31.418203 -2.635226
-9.920623 31.404821 -2.579851
-9.867284 31.425030 -2.782697
-9.908300 31.412333 -2.806826
-9.945793 31.410791 -2.716938
-9.947678 31.414925 -2.664631
-9.942849 31.409170 -2.780144
-9.956305 31.405003 -2.607455
-9.908484 31.415091 -2.810718
-9.948853 31.406454 -2.836601
-9.987582 31.406301 -2.691387
-9.986029 31.406939 -2.747592
-9.986320 31.398613 -2.811574
-9.998078 31.391096 -2.632312
-9.900205 31.410074 -2.815821
-9.950514 31.406069 -2.838058
-9.990287 31.397394 -2.866089
-9.593810 31.419298 -3.321586
-10.027895 31.399542 -2.719681
-9.595322 31.417662 -3.327090
-10.027637 31.398857 -2.777153
-10.034421 31.391212 -2.659167
-10.028260 31.395302 -2.845036
-9.895206 31.413242 -2.827125
-9.942429 31.406036 -2.844240
-9.805369 31.409370 -3.136384
-9.992074 31.402094 -2.867231
-9.822375 31.404314 -3.122440
-9.827733 31.407593 -3.058546
-10.031352 31.394463 -2.896084
-9.632675 31.414419 -3.356500
-10.068726 31.395723 -2.748203
-10.069099 31.393784 -2.807685
-9.636609 31.409157 -3.364470
-10.074669 31.384548 -2.686079
-9.648906 31.415365 -3.299778
-10.072973 31.387522 -2.877353
-9.658530 31.415346 -3.243978
-9.799730 31.409399 -3.135363
-9.939153 31.406933 -2.854608
-9.986762 31.397589 -2.872256
-9.618102 31.420698 -3.345667
-10.035960 31.390591 -2.896458
-9.850342 31.394388 -3.169562
-9.598435 31.415087 -3.343410
-9.867709 31.405684 -3.091507
-9.870449 31.407923 -3.034759
-9.865481 31.394611 -3.157521
-9.785911 31.410522 -3.139048
-10.076138 31.383774 -2.926043
-10.109380 31.390923 -2.776657
-9.673493 31.408154 -3.391933
-9.877636 31.402332 -2.977271
-10.110150 31.391838 -2.714247
-10.114796 31.383902 -2.838380
-9.677840 31.404753 -3.401448
-9.691175 31.404758 -3.335536
-9.696762 31.411718 -3.276883
-10.117039 31.383799 -2.911426
-9.841249 31.404243 -3.167299
-9.984148 31.398420 -2.881879
-10.030769 31.391172 -2.901149
-9.660198 31.409111 -3.381358
-9.707650 31.406473 -3.219970
-9.639285 31.410011 -3.376087
-10.081921 31.382786 -2.925870
-9.892657 31.388958 -3.203574
-9.775891 31.410685 -3.147518
-9.913908 31.397375 -3.066208
-9.913023 31.392662 -3.124820
-9.908381 31.392023 -3.193145
-9.828975 31.402117 -3.169960
-10.118486 31.379517 -2.957302
-10.152652 31.384666 -2.804886
-9.557926 31.419611 -3.597883
-9.918503 31.394426 -3.006189
-10.145459 31.398144 -2.742349
-9.716335 31.400394 -3.429298
-10.157249 31.380726 -2.868297
-9.720408 31.394922 -3.440091
-9.733213 31.397268 -3.370824
-9.738736 31.404331 -3.310762
-9.575582 31.406052 -3.557090
-9.621826 31.407988 -3.375469
-9.887781 31.390007 -3.200464
-10.163868 31.375610 -2.944327
-10.076266 31.385607 -2.928615
-10.031096 31.388519 -2.909670
-9.583093 31.412918 -3.494791
-9.703071 31.402544 -3.415966
-9.745367 31.409184 -3.250528
-9.591318 31.410423 -3.433934
-10.124470 31.380703 -2.954439
-9.820280 31.402149 -3.176940
-9.680814 31.408869 -3.409028
-9.934917 31.387629 -3.237184
-9.955914 31.391163 -3.097334
-9.954946 31.389362 -3.158301
-9.873108 31.395508 -3.201670
-9.953555 31.386017 -3.228409
-10.165168 31.371538 -2.987377
-10.194372 31.381659 -2.834138
-9.956887 31.397057 -3.036006
-10.194251 31.378952 -2.767230
-9.596644 31.421757 -3.634746
-9.759560 31.390497 -3.467195
-9.580890 31.424517 -3.603069
-10.200675 31.378258 -2.900358
-9.570799 31.348112 -3.600765
-9.765050 31.388788 -3.478919
-9.772872 31.401402 -3.405667
-9.779992 31.401110 -3.344985
-9.931415 31.384445 -3.232984
-9.664019 31.406780 -3.407665
-10.125381 31.371195 -2.957391
-9.625978 31.357510 -3.607416
-10.076372 31.386070 -2.936669
-9.624635 31.406487 -3.530889
-10.211766 31.369215 -2.978026
-9.744562 31.400208 -3.451663
-9.786214 31.404099 -3.283208
-9.631619 31.410501 -3.467020
-10.170097 31.374926 -2.984727
-9.865075 31.395473 -3.207905
-9.999871 31.383562 -3.128979
-9.983461 31.371899 -3.272276
-9.725297 31.398947 -3.444024
-10.000756 31.379288 -3.191809
-10.238427 31.370701 -2.792423
-9.919732 31.382359 -3.233489
-9.999702 31.387760 -3.065444
-10.211422 31.364502 -3.019675
-10.242603 31.370420 -2.863194
-10.000577 31.377531 -3.265537
-9.803462 31.384531 -3.505355
-9.626031 31.402760 -3.646389
-10.251983 31.363329 -2.931131
-9.599266 31.420479 -3.617028
-9.810074 31.380518 -3.518278
-9.819324 31.384794 -3.444340
-9.824863 31.389044 -3.380515
-9.707258 31.403370 -3.439648
-9.978787 31.375122 -3.266477
-10.169344 31.372873 -2.986891
-9.654463 31.415287 -3.628991
-10.125047 31.377895 -2.964511
-9.669074 31.386087 -3.570787
-9.789106 31.390179 -3.488068
-10.261544 31.361536 -3.010831
-9.829380 31.391491 -3.315931
-9.577902 31.424599 -3.594986
-9.674307 31.393660 -3.503710
-10.220617 31.364273 -3.014431
-10.045047 31.374741 -3.160477
-9.910035 31.389780 -3.238935
-9.769773 31.389023 -3.479018
-10.029523 31.366703 -3.308269
-10.281637 31.368538 -2.820251
-10.047145 31.372055 -3.226927
-10.043025 31.381413 -3.095078
-10.291318 31.358135 -2.891436
-9.965934 31.379444 -3.265382
-10.258674 31.359365 -3.051358
-10.049721 31.368641 -3.303250
-10.539183 31.359558 -2.730835
-9.849040 31.375107 -3.545312
-10.299412 31.359169 -2.962884
-9.645337 31.400726 -3.658323
-9.867331 31.384602 -3.414589
-9.865007 31.376453 -3.482955
-9.856727 31.372889 -3.559033
-10.024536 31.369152 -3.299580
-9.753280 31.390196 -3.473620
-10.220525 31.362154 -3.015849
-10.170725 31.377306 -2.993054
-9.699717 31.398613 -3.671973
-9.835280 31.380793 -3.525869
-9.871953 31.388132 -3.348662
-10.311728 31.355715 -3.045179
-9.620370 31.420174 -3.629057
-9.717335 31.388077 -3.538382
-10.271689 31.352467 -3.044732
-10.090800 31.368763 -3.193584
-9.959053 31.378296 -3.270061
-10.326215 31.362144 -2.846986
-9.815487 31.381876 -3.514876
-10.076240 31.361441 -3.343514
-10.086514 31.376045 -3.124778
-10.342816 31.345379 -2.919517
-10.094921 31.364588 -3.261964
-10.015405 31.365717 -3.298449
-10.310154 31.349421 -3.083201
-10.098854 31.359749 -3.340961
-9.894392 31.368799 -3.584800
-10.352441 31.345970 -2.993706
-9.914557 31.373009 -3.452181
-9.798754 31.382172 -3.508000
-9.911416 31.367941 -3.522234
-10.266536 31.363527 -3.044522
-10.075145 31.357115 -3.334856
-9.904104 31.365091 -3.600452
-10.222740 31.367504 -3.021335
-9.881056 31.373541 -3.563135
-9.916742 31.376165 -3.382780
-9.665024 31.405949 -3.667273
-10.374307 31.329405 -3.080276
-9.759475 31.385675 -3.573331
-10.325055 31.341236 -3.075684
-10.380630 31.341902 -2.872954
-10.136719 31.363768 -3.226756
-10.132905 31.366001 -3.156130
-10.009357 31.365486 -3.302450
-9.864321 31.366934 -3.552851
-10.126029 31.352484 -3.380476
-10.391218 31.339117 -2.949645
-10.143421 31.356949 -3.297664
-10.366248 31.332531 -3.115736
-10.065062 31.356970 -3.332592
-10.149891 31.353571 -3.378788
-9.943376 31.357647 -3.626604
-10.404260 31.337982 -3.025684
-9.959598 31.365919 -3.488783
-9.844907 31.378077 -3.542644
-10.326949 31.338921 -3.074867
-9.956647 31.365835 -3.559910
-10.124646 31.351381 -3.369940
-10.276144 31.357464 -3.049534
-9.952548 31.359087 -3.642668
-9.962554 31.370096 -3.417295
-9.931585 31.359137 -3.603917
-9.804633 31.374392 -3.611745
-10.424839 31.329544 -3.115765
-10.427278 31.339199 -2.899873
-10.380196 31.327633 -3.107087
-10.178681 31.361210 -3.186480
-10.185320 31.357212 -3.261113
-10.055326 31.365685 -3.333874
-9.910878 31.364700 -3.589036
-10.442406 31.332384 -2.979613
-10.182846 31.332954 -3.420594
-10.114492 31.351337 -3.366266
-10.423752 31.319403 -3.149200
-10.194776 31.348734 -3.334615
-10.207292 31.336884 -3.420518
-9.995038 31.344934 -3.669591
-10.461597 31.323864 -3.059086
-10.009107 31.354900 -3.527022
-9.892666 31.370628 -3.577674
-10.380750 31.330740 -3.104605
-10.176484 31.342121 -3.406076
-10.330762 31.346205 -3.077584
-10.007195 31.355425 -3.601702
-10.009136 31.359753 -3.452874
-9.979153 31.353510 -3.642643
-10.006133 31.343796 -3.688931
-9.852517 31.357447 -3.651743
-10.477809 31.329723 -2.926819
-10.226868 31.352789 -3.219293
-10.435135 31.321144 -3.139033
-10.232964 31.353943 -3.294335
-10.480329 31.324705 -3.152077
-10.107525 31.355585 -3.366379
-10.492042 31.328897 -3.010603
-9.959601 31.357960 -3.626206
-10.237260 31.321051 -3.459256
-10.476866 31.314093 -3.183446
-10.162646 31.351027 -3.399684
-10.245171 31.343805 -3.370431
-10.629868 31.348215 -2.772070
-10.513207 31.322989 -3.091604
-10.262463 31.328804 -3.460857
-10.042254 31.349438 -3.709803
-10.056112 31.350418 -3.565151
-9.942935 31.360636 -3.613822
-10.438456 31.319782 -3.135381
-10.229002 31.336790 -3.442475
-10.056009 31.355476 -3.488183
-10.391243 31.330778 -3.107194
-10.059127 31.344778 -3.643411
-10.527866 31.325291 -2.955587
-10.031816 31.342695 -3.685017
-9.916883 31.301147 -3.705829
-10.274931 31.348572 -3.250292
-10.291351 31.332346 -3.330675
-10.490066 31.314651 -3.170976
-10.160619 31.346298 -3.399614
-10.544100 31.309265 -3.188642
-10.545515 31.322739 -3.041219
-10.010904 31.348572 -3.665905
-10.291861 31.314123 -3.498993
-10.534374 31.304956 -3.217916
-10.303153 31.327152 -3.410002
-10.225012 31.326555 -3.438473
-10.572998 31.310427 -3.125720
-10.320209 31.318079 -3.503724
-10.109585 31.336517 -3.605837
-9.994169 31.351353 -3.652111
-10.490995 31.320913 -3.165872
-10.105048 31.346691 -3.524477
-10.288028 31.317940 -3.481830
-10.447996 31.323107 -3.136838
-10.116022 31.323860 -3.689101
-10.577529 31.322990 -2.983821
-9.964949 31.298471 -3.744750
-10.333247 31.327076 -3.285224
-10.341908 31.328396 -3.366556
-10.548900 31.305384 -3.203956
-10.601599 31.315123 -3.071607
-10.213558 31.340021 -3.433792
-10.061980 31.342302 -3.705134
-10.349528 31.303503 -3.540446
-10.281018 31.316586 -3.474365
-10.359468 31.317953 -3.448782
-10.164020 31.323324 -3.648664
-10.377338 31.312605 -3.545588
-10.049739 31.333054 -3.692370
-10.153370 31.342073 -3.561114
-10.553501 31.307987 -3.198416
-10.637578 31.305689 -3.011883
-10.505965 31.314213 -3.166334
-10.345239 31.309557 -3.521340
-10.380096 31.328072 -3.317376
-10.400255 31.314894 -3.403501
-10.163041 31.332457 -3.822647
-10.273624 31.324261 -3.469781
-10.407701 31.295828 -3.582094
-10.337601 31.309460 -3.511866
-10.414014 31.315121 -3.488118
-10.217279 31.316538 -3.689888
-10.207065 31.319046 -3.849547
-10.211621 31.322206 -3.602559
-10.405059 31.299719 -3.560620
-10.435685 31.316227 -3.351727
-10.456101 31.307928 -3.440336
-10.333533 31.311512 -3.506712
-10.395181 31.304230 -3.548750
-10.273045 31.307207 -3.732227
-10.261908 31.320194 -3.640722
-10.493246 31.306990 -3.387606
-10.297093 31.272995 -3.834397
-10.249508 31.314138 -3.859537
-10.391216 31.307369 -3.542253
-10.317044 31.312117 -3.681053
-10.328999 31.302856 -3.775641
-10.288653 31.308271 -3.877414
-10.240199 31.358480 -2.957448
-10.320077 31.350006 -2.991318
-9.704571 31.393522 -3.437089
-10.203063 31.364483 -3.005562
-9.742008 31.403118 -3.260227
-9.838746 31.390005 -3.290611
-10.023330 31.370865 -3.213158
-10.165905 31.368729 -2.924149
-9.739339 31.389774 -3.407806
-10.064847 31.360647 -3.292402
-10.125793 31.379976 -2.840663
-10.247277 31.349421 -3.086377
-9.695007 31.409882 -3.328878
-9.987887 31.378662 -3.134093
-9.850333 31.363876 -3.539360
-9.799220 31.397390 -3.216015
-9.841191 31.368767 -3.557368
-9.949285 31.395500 -3.053854
-10.431873 31.351871 -2.771956
-9.652131 31.404898 -3.390595
-9.671640 31.403778 -3.373055
-9.810815 31.381201 -3.483398
-10.476410 31.345015 -2.852040
-9.902371 31.366703 -3.506849
-10.007563 31.357523 -3.387813
-9.790195 31.378372 -3.516317
-10.158280 31.347723 -3.219244
-10.078258 31.359907 -3.191399
-9.909360 31.385307 -3.121367
-10.000357 31.380264 -3.157746
-9.932937 31.367380 -3.360895
-9.952271 31.366587 -3.464949
-9.837254 31.374647 -3.476396
-9.912226 31.376831 -3.394880
-9.772629 31.386181 -3.423460
-10.107387 31.378777 -2.914886
-9.858872 31.378605 -3.327668
-10.196333 31.363766 -2.953368
-10.275565 31.354042 -2.992137
-10.355764 31.341612 -3.022801
-10.238972 31.357067 -3.037117
-9.777942 31.394382 -3.295932
-9.742313 31.383411 -3.471864
-9.875449 31.379255 -3.323254
-10.061065 31.365089 -3.244752
-10.202141 31.365175 -2.958153
-10.160505 31.375641 -2.876106
-9.777684 31.385710 -3.442358
-10.103093 31.353680 -3.324578
-10.285686 31.346552 -3.118188
-10.024546 31.374048 -3.167269
-9.730051 31.397257 -3.364296
-9.892616 31.365263 -3.571322
-9.835737 31.391691 -3.250526
-9.983957 31.385149 -3.087356
-9.881178 31.363562 -3.588174
-10.466849 31.346701 -2.803758
-9.690333 31.399748 -3.426482
-10.430201 31.357578 -2.728578
-9.708441 31.395926 -3.408073
-9.848386 31.371328 -3.515355
-10.515066 31.333963 -2.882420
-9.940974 31.361807 -3.537757
-10.045295 31.351746 -3.419405
-10.195101 31.347204 -3.252054
-9.828880 31.373360 -3.548632
-10.113960 31.354534 -3.223850
-9.969083 31.363953 -3.393487
-9.946206 31.383467 -3.158326
-10.034204 31.362892 -3.191397
-9.990429 31.359745 -3.495713
-9.875272 31.366716 -3.508495
-9.950853 31.374949 -3.426757
-9.811624 31.382021 -3.457252
-10.448148 31.360617 -2.743519
-10.143127 31.372066 -2.951489
-9.895234 31.368795 -3.362542
-10.311055 31.347689 -3.024519
-10.391862 31.341301 -3.054962
-10.231546 31.355228 -2.988421
-10.276291 31.352348 -3.069539
-9.913735 31.378317 -3.357364
-9.813742 31.384548 -3.332966
-9.780640 31.376335 -3.505439
-10.098603 31.361347 -3.277243
-10.238143 31.357637 -2.991115
-10.194476 31.368507 -2.909924
-9.815077 31.380884 -3.476179
-10.061213 31.369431 -3.200442
-10.144633 31.364422 -3.357392
-9.767752 31.393286 -3.399595
-10.324815 31.340456 -3.149682
-9.930391 31.353344 -3.602376
-9.872773 31.384800 -3.285612
-10.020730 31.383423 -3.122906
-9.920070 31.356504 -3.619586
-10.503937 31.337992 -2.835144
-9.727232 31.391762 -3.462901
-9.887527 31.368252 -3.547810
-9.746676 31.393770 -3.444923
-9.979424 31.352798 -3.569028
-10.553902 31.327005 -2.912442
-10.083707 31.348873 -3.451212
-10.232115 31.341629 -3.282997
-10.150857 31.350878 -3.257098
-9.867127 31.366394 -3.580799
-10.007804 31.361935 -3.426773
-10.071119 31.362249 -3.225614
-9.980104 31.372107 -3.193915
-10.028434 31.348789 -3.526842
-9.913701 31.366861 -3.541269
-9.987989 31.363115 -3.458570
-9.847395 31.373514 -3.490134
-10.399204 31.350897 -2.735586
-9.933548 31.370857 -3.397623
-10.345596 31.340569 -3.056180
-10.177722 31.366627 -2.988269
-10.426519 31.332260 -3.084317
-10.266194 31.351000 -3.022459
-10.313598 31.344612 -3.100994
-9.949202 31.368956 -3.388769
-9.816854 31.369772 -3.538463
-10.272683 31.350521 -3.022774
-9.850801 31.380661 -3.369023
-10.135679 31.352644 -3.308622
-10.229569 31.366228 -2.944104
-9.852251 31.375076 -3.509930
-10.097886 31.364805 -3.233618
-10.181033 31.340635 -3.386080
-10.362991 31.333591 -3.180454
-9.803674 31.381527 -3.434322
-9.970095 31.350286 -3.632669
-10.054683 31.373276 -3.155752
-9.909080 31.378115 -3.320047
-9.959635 31.352352 -3.651217
-10.540517 31.330463 -2.865952
-9.763820 31.382919 -3.497842
-9.925104 31.358362 -3.579764
-9.781660 31.384264 -3.479895
-10.119819 31.339409 -3.481866
-10.017872 31.343782 -3.600301
-10.268254 31.335167 -3.314626
-10.592734 31.320040 -2.942466
-10.186859 31.343327 -3.290060
-9.904055 31.356598 -3.613508
-10.043715 31.354511 -3.458324
-10.106494 31.357807 -3.260300
-10.016722 31.366266 -3.229833
-10.068811 31.348642 -3.557355
-10.025059 31.354410 -3.489945
-9.950693 31.353931 -3.574416
-9.884856 31.365543 -3.524394
-10.462379 31.327953 -3.115441
-9.969768 31.364288 -3.430652
-10.381117 31.337210 -3.089538
-10.433039 31.359613 -2.777910
-10.212072 31.357201 -3.024008
-10.300841 31.346766 -3.056498
-10.350616 31.339029 -3.131942
-10.308405 31.345129 -3.055230
-9.986603 31.364113 -3.422595
-10.263483 31.362213 -2.977489
-9.856462 31.371643 -3.572033
-10.174318 31.350737 -3.340505
-9.886073 31.368990 -3.404507
-10.133579 31.356407 -3.265100
-9.888084 31.363430 -3.543251
-10.219872 31.336689 -3.417065
-9.838656 31.372017 -3.469296
-10.402285 31.331583 -3.211588
-10.008762 31.342239 -3.664014
-9.945097 31.373583 -3.353975
-10.090548 31.364637 -3.190050
-10.577565 31.327883 -2.897877
-9.999175 31.345184 -3.681878
-9.800140 31.379240 -3.533246
-9.817226 31.377792 -3.513676
-9.964021 31.354301 -3.612151
-10.158938 31.333302 -3.513358
-10.056787 31.339716 -3.632689
-10.305998 31.329365 -3.346225
-10.631788 31.314043 -2.972562
-10.223019 31.339874 -3.322659
-9.944088 31.357397 -3.646254
-10.080645 31.344706 -3.491038
-10.142781 31.348095 -3.293772
-10.052179 31.361702 -3.265927
-10.107930 31.342537 -3.588846
-9.989099 31.351057 -3.606223
-10.063531 31.348402 -3.522192
-10.498461 31.324614 -3.146639
-9.922252 31.360699 -3.558219
-10.005784 31.359749 -3.464582
-10.417061 31.332779 -3.122070
-10.466802 31.339327 -2.809193
-10.335528 31.336386 -3.090005
-10.247761 31.353601 -3.060180
-10.297375 31.355185 -3.009906
-10.388814 31.335169 -3.163687
-10.345019 31.343618 -3.087977
-10.022638 31.350422 -3.455020
-9.921598 31.368652 -3.438825
-9.892377 31.359871 -3.606763
-10.211901 31.340834 -3.372467
-9.924969 31.359772 -3.576495
-10.169804 31.349825 -3.298135
-10.259418 31.329512 -3.447733
-9.875115 31.369427 -3.503366
-10.126018 31.367426 -3.223936
-10.441130 31.327625 -3.242580
-9.981114 31.369045 -3.387904
-10.049197 31.338955 -3.694964
-10.613654 31.324541 -2.929078
-10.038002 31.341236 -3.712859
-9.835120 31.369724 -3.568221
-9.852942 31.368059 -3.549305
-10.002040 31.346346 -3.644252
-10.196612 31.330629 -3.544518
-10.342968 31.329914 -3.377707
-10.095168 31.333822 -3.663528
-10.260337 31.335136 -3.355085
-9.981009 31.347589 -3.678966
-10.117733 31.339001 -3.523388
-10.178802 31.343548 -3.327707
-10.088284 31.357038 -3.301268
-10.147185 31.337519 -3.619003
-10.534694 31.313213 -3.174996
-10.100394 31.341722 -3.554470
-10.027589 31.348053 -3.639440
-9.959337 31.354998 -3.590566
-10.452779 31.327372 -3.154532
-10.585835 31.321581 -2.874999
-10.041903 31.345932 -3.498417
-10.372026 31.336786 -3.125061
-10.501850 31.335808 -2.846128
-10.282779 31.347080 -3.096138
-10.331266 31.348150 -3.042324
-10.380939 31.336180 -3.119538
-10.426314 31.325378 -3.194248
-10.060197 31.349672 -3.488485
-9.957006 31.358065 -3.472976
-9.929770 31.355021 -3.640589
-10.248970 31.332113 -3.403850
-10.206428 31.339163 -3.329374
-9.962225 31.353825 -3.611659
-10.298702 31.327496 -3.478865
-10.159944 31.354254 -3.255816
-9.912596 31.364456 -3.538600
-10.480209 31.315483 -3.272139
-10.017196 31.361372 -3.422273
-10.088083 31.331871 -3.726384
-10.651278 31.312828 -2.957337
-10.076725 31.330048 -3.744642
-9.872375 31.363783 -3.603382
-9.888814 31.362425 -3.584569
-10.039123 31.340637 -3.676601
-10.234509 31.328924 -3.575751
-10.379561 31.316233 -3.407976
-10.135116 31.334726 -3.694873
-10.296981 31.327478 -3.387297
-10.019473 31.341574 -3.711212
-10.155715 31.337177 -3.556028
-10.214374 31.337053 -3.361500
-10.185402 31.327513 -3.650209
-10.123942 31.350424 -3.336467
-10.139086 31.336674 -3.586791
-10.064346 31.334135 -3.672519
-10.488920 31.320894 -3.186168
-9.996507 31.349171 -3.624322
-10.620687 31.315289 -2.908149
-10.079012 31.343233 -3.531739
-10.365378 31.342083 -3.074816
-10.407405 31.332321 -3.159759
-10.537053 31.324228 -2.880223
-10.318891 31.342405 -3.131487
-10.416857 31.328733 -3.151100
-10.463326 31.319780 -3.225199
-10.099911 31.358761 -3.521263
-9.994446 31.359230 -3.508747
-9.967161 31.350164 -3.674417
-10.287380 31.329220 -3.435667
-10.244338 31.349621 -3.363086
-9.999393 31.347996 -3.645415
-10.196613 31.349609 -3.288998
-10.338183 31.323439 -3.509100
-9.947798 31.355902 -3.573651
-10.519222 31.306469 -3.301262
-10.639143 31.316673 -2.915807
-10.052987 31.355854 -3.456135
-10.126294 31.321865 -3.757588
-10.115772 31.327063 -3.775698
-9.907959 31.360302 -3.638139
-10.416753 31.317743 -3.439534
-9.925803 31.361647 -3.620195
-10.078033 31.336559 -3.708993
-10.273484 31.321707 -3.608584
-10.172455 31.323839 -3.726761
-10.333361 31.324982 -3.419973
-10.057061 31.334673 -3.744143
-10.193395 31.330149 -3.590371
-10.250653 31.327326 -3.394975
-10.225386 31.322269 -3.681021
-10.160022 31.342739 -3.370840
-10.101649 31.329391 -3.704942
-10.177490 31.333778 -3.618605
-10.524858 31.316448 -3.218705
-10.656186 31.308899 -2.940546
-10.033735 31.340204 -3.658517
-10.400672 31.337738 -3.108105
-10.115819 31.335331 -3.566763
-10.444092 31.318514 -3.191440
-10.453646 31.322161 -3.181981
-10.501943 31.314838 -3.256123
-10.354330 31.334806 -3.166620
-10.572346 31.324682 -2.918205
-10.134679 31.339100 -3.554669
-10.325056 31.326536 -3.466832
-10.003654 31.341415 -3.707958
-10.030382 31.350452 -3.544454
-10.280858 31.331713 -3.395128
-10.035237 31.339338 -3.679713
-10.231738 31.341166 -3.322648
-10.377498 31.315273 -3.539701
-9.984255 31.353296 -3.607727
-10.087944 31.343309 -3.490146
-10.166271 31.316620 -3.788399
-10.155491 31.326984 -3.806973
-9.944338 31.353472 -3.673987
-10.115456 31.325548 -3.742289
-9.961063 31.349953 -3.655684
-10.310881 31.307678 -3.640913
-10.211169 31.312635 -3.758548
-10.370283 31.315153 -3.452695
-10.094871 31.328737 -3.777147
-10.229801 31.321510 -3.622509
-10.287826 31.321482 -3.428740
-10.264856 31.318207 -3.711255
-10.195937 31.330946 -3.405579
-10.139294 31.319351 -3.738311
-10.214890 31.319756 -3.650932
-10.435407 31.328560 -3.138873
-10.071062 31.338470 -3.691912
-10.153210 31.330462 -3.600596
-10.489982 31.313641 -3.212718
-10.479853 31.319113 -3.225848
-10.389990 31.328176 -3.201828
-10.607791 31.317074 -2.953346
-10.171884 31.327116 -3.587896
-10.040591 31.334604 -3.741645
-10.363948 31.319433 -3.498260
-10.066091 31.340698 -3.580089
-10.316987 31.325233 -3.426761
-10.267021 31.336819 -3.355935
-10.073073 31.336414 -3.713689
-10.124179 31.339722 -3.524154
-10.021282 31.346365 -3.642822
-10.206271 31.314379 -3.820183
-10.192937 31.309826 -3.839734
-10.348969 31.303921 -3.671250
-9.979755 31.345877 -3.709112
-10.153686 31.318544 -3.774467
-9.996991 31.341171 -3.691389
-10.250297 31.309515 -3.791017
-10.407506 31.310516 -3.483719
-10.134978 31.333735 -3.808130
-10.268122 31.314379 -3.656099
-10.324511 31.319830 -3.462898
-10.303794 31.307970 -3.743117
-10.232059 31.329269 -3.441898
-10.253738 31.318794 -3.682894
-10.177999 31.317297 -3.771606
-10.470186 31.325394 -3.171585
-10.107551 31.329710 -3.725456
-10.527014 31.311039 -3.244646
-10.190763 31.329691 -3.634068
-10.516272 31.310465 -3.257995
-10.426459 31.325550 -3.235917
-10.209801 31.328409 -3.620104
-10.643372 31.310553 -2.987153
-10.402386 31.310381 -3.529546
-10.078588 31.335779 -3.775257
-10.354522 31.321447 -3.459265
-10.102407 31.336987 -3.615505
-10.303437 31.328178 -3.388077
-10.109725 31.331757 -3.746869
-10.160862 31.338076 -3.558308
-10.056701 31.338766 -3.677949
-10.245427 31.305111 -3.852115
-10.225881 31.216671 -3.884628
-10.015843 31.341194 -3.744454
-10.193096 31.313261 -3.807444
-10.033079 31.336487 -3.726732
-10.289902 31.302189 -3.823095
-10.171861 31.316544 -3.843056
-10.305195 31.308645 -3.688455
-10.361394 31.316135 -3.496157
-10.291968 31.311779 -3.715076
-10.215576 31.310377 -3.804542
-10.269193 31.329561 -3.476200
-10.506347 31.321913 -3.204196
-10.145277 31.319540 -3.760235
-10.226742 31.322111 -3.667035
-10.247412 31.324501 -3.654013
-10.114706 31.324947 -3.810066
-10.463074 31.319666 -3.271853
-10.138049 31.330353 -3.650707
-10.392986 31.315403 -3.491524
-10.339390 31.326738 -3.421584
-10.145903 31.317791 -3.782115
-10.283573 31.266869 -3.889407
-10.197379 31.332319 -3.592829
-10.093238 31.336021 -3.713438
-10.232386 31.314238 -3.839550
-10.053701 31.341270 -3.779403
-10.069389 31.332769 -3.762148
-10.344154 31.301411 -3.721292
-10.398334 31.309303 -3.529854
-10.542031 31.313475 -3.235692
-10.254217 31.311445 -3.837404
-10.331576 31.304451 -3.747156
-10.306022 31.324648 -3.512204
-10.182489 31.310555 -3.794434
-10.262919 31.308140 -3.702283
-10.284320 31.314661 -3.686735
-10.499574 31.310888 -3.305409
-10.429616 31.307720 -3.523741
-10.174561 31.324594 -3.685226
-10.375660 31.316992 -3.455065
-10.181767 31.298622 -3.819059
-10.233443 31.324612 -3.627205
-10.128933 31.326252 -3.749076
-10.269707 31.298979 -3.874622
-10.085438 31.309534 -3.818327
-10.108026 31.342993 -3.796517
-10.343079 31.311550 -3.546772
-10.220539 31.308580 -3.828488
-10.301255 31.304005 -3.736846
-10.322573 31.310648 -3.719892
-10.210987 31.314602 -3.721519
-10.413024 31.309090 -3.487936
-10.222256 31.317827 -3.851266
-10.270178 31.319817 -3.661800
-10.165722 31.318327 -3.784103
-10.304893 31.191542 -3.924543
-10.136312 31.274597 -3.840977
-10.329503 31.218132 -3.919826
-10.379872 31.303617 -3.581806
-10.258251 31.298395 -3.863269
-10.247800 31.309681 -3.757521
-10.306293 31.308969 -3.696614
-10.202983 31.315350 -3.820249
-10.285342 31.304537 -3.794177
-10.344036 31.301786 -3.732372
-10.240550 31.317564 -3.854698
-10.269925 31.195669 -3.909367
-9.395967 31.499866 -2.426897
-9.293114 31.519037 -2.553433
-9.244611 31.513905 -2.660376
-9.442244 31.489449 -2.474968
-9.343282 31.509783 -2.600774
-9.293721 31.504179 -2.704150
-9.213331 31.523241 -2.802245
-9.406631 31.497705 -2.448486
-9.487999 31.480354 -2.521054
-9.397526 31.510677 -2.650363
-9.135469 31.515255 -2.919774
-9.367335 31.513437 -2.537890
-9.125337 31.517227 -2.938751
-9.211548 31.517904 -2.883545
-9.345603 31.516926 -2.428783
-9.344087 31.499146 -2.749753
-9.264729 31.517172 -2.844870
-9.269342 31.509100 -2.684105
-9.452960 31.490278 -2.497552
-9.232499 31.518759 -2.740165
-9.373575 31.507467 -2.421353
-9.538412 31.483078 -2.572369
-9.444315 31.500538 -2.693479
-9.194822 31.517370 -2.964333
-9.410104 31.496141 -2.579749
-9.184882 31.520437 -2.981985
-9.158899 31.518799 -2.872519
-9.258635 31.503838 -2.923429
-9.394073 31.511930 -2.479429
-9.133937 31.514175 -2.903422
-9.390106 31.489372 -2.790791
-9.312121 31.507069 -2.885830
-9.313776 31.495441 -2.726957
-9.197447 31.509331 -2.858362
-9.494462 31.476183 -2.541889
-9.288780 31.522343 -2.788520
-9.418329 31.499279 -2.471819
-9.582274 31.475634 -2.616550
-9.690779 31.457844 -2.505641
-9.243922 31.507301 -2.661334
-9.492601 31.496056 -2.738505
-9.464997 31.504824 -2.632901
-9.242580 31.506330 -3.003058
-9.256035 31.515879 -2.683084
-9.232156 31.507467 -3.020545
-9.207703 31.508232 -2.914807
-9.307651 31.497490 -2.963981
-9.435039 31.496035 -2.522190
-9.188193 31.513428 -2.947878
-9.439773 31.487686 -2.835322
-9.360175 31.496853 -2.926056
-9.365872 31.497025 -2.774554
-9.368393 31.509398 -2.441684
-9.254158 31.514975 -2.905476
-9.547429 31.488165 -2.598261
-9.329290 31.502878 -2.825982
-9.458438 31.482386 -2.516649
-9.624469 31.467684 -2.659321
-9.186646 31.524075 -2.828854
-9.298206 31.511187 -2.711915
-9.738403 31.461346 -2.555720
-9.534329 31.481403 -2.776395
-9.145368 31.510326 -2.869358
-9.505869 31.489180 -2.672855
-9.289865 31.496481 -3.041206
-9.306677 31.511667 -2.730182
-9.190372 31.505085 -2.834788
-9.283220 31.503809 -3.059864
-9.258861 31.504313 -2.956940
-9.483049 31.495354 -2.571845
-9.355423 31.489567 -3.002300
-9.239108 31.508545 -2.989928
-9.279203 31.520332 -2.625993
-9.484610 31.479328 -2.875123
-9.406093 31.487329 -2.964287
-9.413433 31.492773 -2.818912
-9.409314 31.495140 -2.489575
-9.585489 31.470186 -2.637381
-9.295612 31.496241 -2.943688
-9.506075 31.482641 -2.568539
-9.376497 31.494793 -2.867859
-9.458423 31.504694 -2.463370
-9.666131 31.457924 -2.700525
-9.233649 31.514904 -2.872046
-9.342031 31.500620 -2.756505
-9.778635 31.448912 -2.596017
-9.579221 31.472906 -2.817612
-9.201876 31.514870 -2.917798
-9.258808 31.511806 -2.689798
-9.551157 31.484390 -2.717957
-9.336196 31.485891 -3.078611
-9.349922 31.499428 -2.771792
-9.242635 31.504635 -2.881476
-9.325964 31.488125 -3.094771
-9.196795 31.515760 -2.778075
-9.307158 31.498188 -2.996831
-9.527610 31.487665 -2.616697
-9.401818 31.481972 -3.040699
-9.319681 31.505636 -2.668168
-9.285967 31.499758 -3.028903
-9.179016 31.514935 -2.816215
-9.523934 31.461275 -2.911352
-9.450390 31.477169 -3.002516
-9.454062 31.479294 -2.858365
-9.451971 31.487507 -2.539459
-9.627012 31.462330 -2.680898
-9.344262 31.493950 -2.986063
-9.502183 31.499016 -2.511274
-9.544766 31.469334 -2.611627
-9.424200 31.491762 -2.909489
-9.705881 31.446692 -2.740235
-9.276113 31.499899 -2.911998
-9.386579 31.492941 -2.801349
-9.824368 31.454067 -2.644191
-9.620535 31.462439 -2.855919
-9.246436 31.502428 -2.957923
-9.795936 31.458582 -2.542473
-9.308707 31.512594 -2.740947
-9.593958 31.476460 -2.758583
-9.399155 31.498800 -2.817151
-9.382297 31.477459 -3.115521
-9.288985 31.498688 -2.924998
-9.372775 31.479460 -3.132348
-9.244142 31.510416 -2.823751
-9.567159 31.475348 -2.657723
-9.352642 31.489731 -3.035888
-9.443718 31.468410 -3.077266
-9.371926 31.509943 -2.719579
-9.201598 31.510820 -2.884085
-9.223488 31.504265 -2.860060
-9.330965 31.489370 -3.067793
-9.569086 31.460001 -2.951817
-9.493924 31.467365 -3.038676
-9.496367 31.469435 -2.898822
-9.493432 31.478168 -2.588517
-9.547153 31.498158 -2.559598
-9.669261 31.457363 -2.724669
-9.589074 31.468576 -2.660696
-9.389263 31.483555 -3.024958
-9.463338 31.475744 -2.946623
-9.746840 31.440283 -2.780364
-9.326907 31.500032 -2.955956
-9.429170 31.483923 -2.843291
-9.861622 31.436550 -2.679853
-9.292252 31.494677 -2.999875
-9.351391 31.503319 -2.785699
-9.664661 31.454290 -2.895074
-9.836578 31.452971 -2.586248
-9.634606 31.466089 -2.797634
-9.440731 31.486046 -2.857357
-9.336241 31.493595 -2.967869
-9.425759 31.464657 -3.150689
-9.417450 31.471487 -3.167929
-9.293169 31.508694 -2.870432
-9.611081 31.474012 -2.702489
-9.393872 31.476274 -3.073194
-9.412838 31.497293 -2.760523
-9.252965 31.512625 -2.931021
-9.487974 31.461502 -3.113676
-9.274433 31.507139 -2.907821
-9.374052 31.477509 -3.105190
-9.609614 31.446760 -2.988472
-9.538474 31.461285 -3.076582
-9.539458 31.480909 -2.639991
-9.539397 31.462467 -2.939533
-9.584356 31.482306 -2.600371
-9.706189 31.443796 -2.763542
-9.628972 31.460083 -2.704210
-9.429118 31.470432 -3.062340
-9.785403 31.430470 -2.818833
-9.508889 31.470268 -2.986684
-9.367473 31.486681 -2.994002
-9.470564 31.473200 -2.884407
-9.337791 31.489212 -3.039924
-9.901085 31.424454 -2.718094
-9.391681 31.490643 -2.828793
-9.705985 31.446938 -2.932973
-9.873408 31.436518 -2.622737
-9.674056 31.454016 -2.835857
-9.482319 31.476416 -2.897149
-9.377821 31.483974 -3.007654
-9.472599 31.462238 -3.187442
-9.460440 31.459877 -3.202519
-9.335507 31.498711 -2.912289
-10.012094 31.412893 -2.623385
-9.858057 31.463129 -2.539041
-9.650336 31.460842 -2.742036
-9.441712 31.474457 -3.112102
-9.456200 31.491032 -2.804128
-9.293151 31.500216 -2.971294
-9.532471 31.455549 -3.150176
-9.317059 31.497992 -2.951168
-9.419318 31.474333 -3.143337
-9.650381 31.434477 -3.025215
-9.625995 31.480440 -2.645872
-9.578915 31.470354 -2.684746
-9.579853 31.449034 -3.111171
-9.579546 31.450163 -2.978419
-9.746477 31.437483 -2.804417
-9.666897 31.447117 -2.745240
-9.472464 31.462656 -3.099411
-9.827102 31.430075 -2.858803
-9.550623 31.461857 -3.023751
-9.410185 31.475750 -3.033636
-9.509609 31.458941 -2.925272
-9.896747 31.454754 -2.547780
-9.378835 31.477785 -3.078139
-9.943616 31.426685 -2.761138
-9.911910 31.431597 -2.664521
-9.745335 31.435114 -2.968389
-9.434180 31.483387 -2.874465
-9.715184 31.445562 -2.875085
-9.523436 31.467979 -2.936363
-9.971311 31.427830 -2.606216
-9.416521 31.469019 -3.045614
-9.514632 31.449886 -3.221287
-9.503490 31.451260 -3.238104
-9.382112 31.496840 -2.955491
-10.047688 31.405897 -2.661519
-9.691347 31.457426 -2.783156
-9.890035 31.436878 -2.571213
-9.496215 31.480637 -2.845323
-9.481271 31.460487 -3.148002
-9.337164 31.493856 -3.014154
-9.359408 31.491133 -2.992612
-9.572225 31.442669 -3.184758
-9.460492 31.460993 -3.179246
-9.695012 31.434509 -3.063707
-9.663208 31.467705 -2.686236
-9.616944 31.460258 -2.728171
-9.623461 31.445339 -3.147920
-9.784611 31.428732 -2.843714
-9.620663 31.441713 -3.017642
-9.707047 31.442707 -2.788429
-9.514431 31.455208 -3.136561
-9.864171 31.417713 -2.894959
-9.594279 31.458033 -3.061905
-9.452440 31.469143 -3.072272
-9.553890 31.456659 -2.967813
-9.925309 31.421370 -2.576549
-9.420829 31.467083 -3.117110
-9.473768 31.474062 -2.916483
-9.982555 31.415905 -2.797397
-9.952758 31.430193 -2.706569
-9.786119 31.425945 -3.004727
-9.755613 31.440468 -2.913232
-10.006757 31.419605 -2.647084
-9.566410 31.461128 -2.975675
-9.459730 31.463142 -3.085002
-9.557213 31.442459 -3.256294
-9.546734 31.443731 -3.272369
-10.084543 31.403593 -2.701481
-9.421101 31.482714 -2.994945
-9.928177 31.436024 -2.614812
-9.728460 31.444944 -2.820711
-9.536486 31.474333 -2.886187
-9.522701 31.451235 -3.183581
-9.377829 31.483362 -3.054604
-9.401756 31.484266 -3.034062
-9.616977 31.440796 -3.220934
-9.501257 31.451845 -3.215565
-9.701629 31.459793 -2.727019
-9.732730 31.422050 -3.099117
-9.655989 31.453890 -2.773342
-9.666290 31.438868 -3.183019
-9.823713 31.423836 -2.883348
-9.661259 31.434589 -3.054878
-9.745999 31.436590 -2.830791
-9.867455 31.423040 -2.547280
-9.902695 31.411140 -2.931618
-9.557350 31.448484 -3.174468
-9.632885 31.443312 -3.097070
-9.493966 31.459631 -3.110666
-9.591765 31.446953 -3.007017
-9.963367 31.422281 -2.623876
-9.463322 31.461435 -3.155833
-9.514017 31.464622 -2.957768
-9.989720 31.422853 -2.744632
-10.041375 31.408737 -2.684892
-10.020535 31.404387 -2.832911
-9.794358 31.431736 -2.950386
-9.605856 31.452177 -3.013483
-9.829622 31.427263 -3.043391
-9.501318 31.456629 -3.124386
-9.601184 31.437819 -3.290815
-9.460101 31.471714 -3.033985
-10.120555 31.395510 -2.738804
-9.587140 31.430735 -3.306217
-9.962971 31.423124 -2.651708
-9.768757 31.441750 -2.861176
-9.576270 31.466089 -2.926892
-9.566299 31.447536 -3.220331
-9.417537 31.472130 -3.094309
-9.440802 31.473135 -3.074510
-9.940924 31.452669 -2.565641
-9.658603 31.432625 -3.255202
-9.739821 31.454042 -2.767306
-9.544610 31.447182 -3.252231
-9.772809 31.416243 -3.134371
-9.694984 31.447643 -2.817111
-9.861373 31.416271 -2.922072
-9.705084 31.425232 -3.216866
-9.701675 31.429491 -3.093027
-9.784190 31.430832 -2.871082
-9.907574 31.428156 -2.599911
-9.597647 31.440525 -3.210212
-9.942722 31.410225 -2.970188
-9.673673 31.437279 -3.132985
-9.534552 31.452511 -3.147896
-9.632226 31.441730 -3.046568
-9.997786 31.410316 -2.663008
-9.501735 31.448757 -3.191897
-9.554102 31.460346 -2.999545
-10.026567 31.412638 -2.780303
-10.077739 31.404493 -2.724693
-10.060150 31.404530 -2.872314
-9.833763 31.422894 -2.986805
-9.646982 31.446848 -3.052295
-9.868024 31.417814 -3.077654
-9.540510 31.446712 -3.162110
-9.640652 31.427216 -3.323499
-10.156404 31.392590 -2.776617
-9.500070 31.464569 -3.073362
-9.999508 31.416851 -2.690597
-9.631125 31.429218 -3.340324
-9.805151 31.429487 -2.898074
-9.613609 31.454575 -2.964527
-9.457258 31.464022 -3.133601
-9.606350 31.438606 -3.255996
-9.480768 31.465990 -3.113886
-9.969490 31.422407 -2.593997
-9.777527 31.446350 -2.807432
-9.696678 31.419220 -3.288383
-9.585808 31.440081 -3.287320
-9.813617 31.413326 -3.169879
-9.732975 31.440790 -2.858726
-9.740357 31.420889 -3.128773
-9.746971 31.421144 -3.250807
-9.899759 31.411594 -2.961051
-9.822136 31.424101 -2.911297
-9.978309 31.398441 -3.003616
-9.636078 31.430964 -3.245869
-9.944607 31.425327 -2.645503
-9.713552 31.430374 -3.169564
-9.574892 31.444418 -3.185050
-9.669560 31.430208 -3.084210
-10.033575 31.405914 -2.706366
-9.545440 31.447924 -3.231048
-9.592016 31.450500 -3.040163
-10.063167 31.401445 -2.815897
-10.111084 31.388910 -2.760688
-9.685243 31.439320 -3.088862
-9.873492 31.421143 -3.023882
-10.098075 31.393124 -2.906431
-9.906111 31.404390 -3.110851
-9.581577 31.441515 -3.199513
-10.190072 31.376192 -2.808978
-9.683730 31.424829 -3.358271
-9.538353 31.453787 -3.111746
-10.035089 31.409840 -2.728740
-9.671805 31.423439 -3.373428
-9.844441 31.425676 -2.936392
-9.652937 31.450647 -3.004239
-9.496509 31.457108 -3.172313
-10.004940 31.417303 -2.634452
-9.646592 31.430765 -3.290340
-9.517187 31.453617 -3.152176
-9.812366 31.436459 -2.845312
-9.738139 31.416201 -3.323149
-9.625141 31.431379 -3.322321
-9.853935 31.408466 -3.205229
-9.769101 31.432335 -2.900254
-9.936897 31.405346 -2.997792
-9.781518 31.421806 -3.166763
-9.858899 31.418798 -2.950263
-9.787704 31.415222 -3.285329
-10.013890 31.386652 -3.037048
-9.675169 31.421289 -3.280791
-9.977801 31.408527 -2.684224
-9.752892 31.421659 -3.204574
-9.614274 31.435585 -3.221458
-9.709548 31.426170 -3.123188
-10.069024 31.400801 -2.746829
-9.583377 31.436430 -3.266538
-9.630853 31.444641 -3.079710
-10.146194 31.383085 -2.798257
-10.099895 31.396250 -2.853474
-9.721992 31.426117 -3.123528
-9.910738 31.409855 -3.058728
-10.137103 31.391581 -2.942863
-9.620295 31.432785 -3.236663
-9.944259 31.393961 -3.145042
-10.225068 31.367487 -2.844155
-9.577847 31.447828 -3.150549
-9.724341 31.416037 -3.390392
-10.072108 31.405483 -2.767806
-9.882842 31.424129 -2.974953
-9.711975 31.412584 -3.406791
-9.692197 31.443712 -3.042968
-10.039676 31.412426 -2.674243
-9.535027 31.447287 -3.210783
-10.374055 31.378275 -2.714205
-9.686167 31.423019 -3.325431
-9.848821 31.427185 -2.883208
-9.559318 31.452017 -3.192729
-9.777180 31.406645 -3.356673
-9.666108 31.426428 -3.356919
-9.890165 31.396578 -3.237915
-9.806085 31.424866 -2.939721
-9.972766 31.394388 -3.032716
-9.817065 31.406895 -3.200604
-9.896371 31.413252 -2.989905
-9.825970 31.402893 -3.317199
-10.052243 31.385216 -3.074217
-9.717404 31.421034 -3.317216
-9.792980 31.418968 -3.239420
-10.014894 31.408686 -2.730816
-9.651987 31.426249 -3.256453
-9.749797 31.426224 -3.161836
-10.103868 31.390877 -2.784734
-9.621377 31.427931 -3.303023
-9.666316 31.431517 -3.117263
-10.136572 31.391180 -2.889648
-10.182568 31.381952 -2.837656
-9.761931 31.422199 -3.161105
-9.949441 31.404356 -3.094077
-9.983154 31.389555 -3.179069
-10.173643 31.380499 -2.977063
-9.659739 31.426945 -3.274068
-10.261482 31.372614 -2.882721
-10.106857 31.395821 -2.802894
-9.616385 31.441130 -3.188608
-9.763132 31.405514 -3.423834
-9.918643 31.410173 -3.008885
-9.751204 31.404123 -3.438989
-10.074185 31.409712 -2.713538
-9.726953 31.430817 -3.079859
-9.575002 31.443253 -3.249757
-9.886311 31.424770 -2.922429
-9.594063 31.439133 -3.229611
-10.410563 31.367304 -2.747013
-9.726423 31.418295 -3.359368
-9.814304 31.395618 -3.388699
-9.703747 31.414080 -3.390931
-9.927122 31.387579 -3.270855
-9.842156 31.416527 -2.979852
-10.010451 31.393059 -3.070623
-9.855579 31.403437 -3.236855
-10.087591 31.375578 -3.107157
-9.932107 31.404200 -3.027143
-9.864052 31.392593 -3.349980
-9.756021 31.412544 -3.351565
-10.049605 31.400667 -2.771033
-9.830627 31.406609 -3.273442
-9.694042 31.428024 -3.293786
-9.785163 31.413347 -3.196584
-10.136798 31.379484 -2.821141
-10.216981 31.379482 -2.874147
-9.662942 31.427776 -3.340188
-9.704678 31.426844 -3.156237
-10.172643 31.381298 -2.923264
-9.799958 31.416813 -3.197186
-9.985742 31.395454 -3.127763
-10.294931 31.361498 -2.914172
-9.698908 31.423395 -3.309568
-10.210306 31.367506 -3.008952
-10.024154 31.387697 -3.213279
-10.142759 31.395887 -2.841706
-9.652991 31.429829 -3.225589
-9.955061 31.404148 -3.044966
-9.801870 31.395111 -3.455872
-9.789033 31.392862 -3.471684
-10.107294 31.396286 -2.749037
-9.766732 31.432064 -3.117926
-9.922067 31.418852 -2.959248
-9.611135 31.433155 -3.286150
-9.631930 31.432531 -3.268415
-9.765524 31.411734 -3.393885
-10.446999 31.353321 -2.778837
-9.855464 31.391739 -3.421991
-9.963830 31.377607 -3.303718
-9.742356 31.405588 -3.425281
-10.044888 31.382559 -3.104220
-9.877513 31.408415 -3.019320
-9.891136 31.391642 -3.270286
-10.124448 31.371595 -3.142010
-9.967302 31.393341 -3.062811
-9.904572 31.391947 -3.383598
-9.792037 31.399557 -3.385576
-9.866358 31.392780 -3.305965
-10.084136 31.394678 -2.812162
-9.729621 31.412981 -3.329034
-9.820591 31.403465 -3.232326
-10.173591 31.385183 -2.864013
-10.251303 31.370867 -2.910074
-9.741371 31.421667 -3.193796
-9.699202 31.415764 -3.374275
-10.208777 31.374411 -2.957874
-9.836471 31.405754 -3.231366
-10.022993 31.387278 -3.162206
-10.330112 31.353868 -2.948039
-9.734063 31.409418 -3.345641
-10.061110 31.378679 -3.246233
-10.177502 31.386211 -2.876805
-10.248789 31.364136 -3.043827
-9.695403 31.435436 -3.265407
-9.840625 31.387836 -3.487497
-9.991163 31.394146 -3.079980
-10.141264 31.391756 -2.786767
-9.829720 31.390181 -3.504392
-9.802631 31.420982 -3.154253
-9.955646 31.407366 -2.994905
-9.649905 31.427410 -3.324301
-9.669991 31.427019 -3.305899
-9.802932 31.401535 -3.427408
-10.484159 31.342228 -2.810915
-9.894047 31.386494 -3.454527
-10.002976 31.377287 -3.337416
-9.780494 31.398291 -3.459051
-10.080275 31.372782 -3.138573
-9.915772 31.408754 -3.060209
-9.929109 31.386368 -3.304973
-10.160206 31.360872 -3.174136
-10.003049 31.387407 -3.099640
-9.941621 31.377897 -3.414649
-9.831154 31.396118 -3.419682
-9.905479 31.389336 -3.340077
-10.118439 31.390850 -2.852794
-9.766853 31.404821 -3.363461
-9.856990 31.397438 -3.268404
-10.205732 31.371008 -2.898772
-10.284770 31.356478 -2.943358
-9.779260 31.418179 -3.232196
-9.736722 31.408442 -3.410192
-10.244595 31.363546 -2.991416
-10.363689 31.348742 -2.981479
-9.873779 31.400587 -3.266790
-10.059773 31.380293 -3.196068
-10.212436 31.377623 -2.910582
-9.771830 31.403059 -3.381644
-10.285998 31.356060 -3.076883
-10.100170 31.372211 -3.279371
-9.730091 31.422659 -3.300896
-10.175962 31.390116 -2.824751
-10.025594 31.383640 -3.113579
-9.880087 31.380316 -3.519795
-9.836370 31.407465 -3.188998
-9.867956 31.377831 -3.536273
-9.992126 31.404331 -3.031983
-9.689426 31.427687 -3.362288
-9.709757 31.428261 -3.343971
-9.840335 31.391331 -3.460935
-10.520496 31.336403 -2.844225
-9.929269 31.370718 -3.486893
-10.039454 31.369467 -3.369787
-9.818138 31.389051 -3.492660
-10.194851 31.354582 -3.206002
-9.948364 31.393398 -3.095536
-10.117660 31.370592 -3.175006
-9.965702 31.381426 -3.339737
-10.037279 31.375803 -3.134566
-9.979980 31.374807 -3.446691
-9.867647 31.385046 -3.453869
-9.944599 31.385881 -3.374194
-9.804152 31.399658 -3.398882
-10.152290 31.377041 -2.890381
-9.893560 31.389368 -3.303582
-10.241138 31.369122 -2.937434
