# .PCD v0.7 - Point Cloud Data file format
VERSION 0.7
FIELDS x y z
SIZE 4 4 4
TYPE F F F
COUNT 1 1 1
WIDTH 3582
HEIGHT 1
VIEWPOINT 0 0 0 1
POINTS 3582
DATA ascii
-13.713378 48.542416 -4.852069
-13.213937 48.394619 -5.060625
-13.851811 48.535564 -4.720857
-13.253319 48.380787 -4.961493
-13.966993 48.544418 -4.588809
-12.905331 48.412430 -5.022299
-13.477767 48.569061 -4.738674
-13.427258 48.518147 -5.209837
-12.966716 48.399765 -4.932543
-13.621150 48.562634 -4.615285
-13.053277 48.409023 -4.861156
-13.740902 48.569763 -4.490527
-13.165459 48.396820 -4.815204
-12.728036 48.446140 -4.919663
-13.238484 48.582722 -4.623477
-13.058062 48.556705 -5.169148
-13.208189 48.535194 -5.085363
-13.830646 48.607738 -3.942856
-13.836315 48.563137 -4.346028
-12.781637 48.428421 -4.833068
-13.410574 48.589432 -4.517078
-12.882555 48.441971 -4.773555
-12.995578 48.433529 -4.734396
-13.509572 48.583004 -4.391769
-13.017564 48.558010 -4.975660
-12.864194 48.577343 -5.051787
-13.617043 48.577148 -4.257987
-13.032929 48.604900 -4.521471
-13.194052 48.604076 -4.419103
-12.675391 48.447380 -4.670063
-12.776678 48.436226 -4.633116
-13.304824 48.600166 -4.301526
-12.497839 48.588726 -4.986426
-12.863640 48.593147 -4.882409
-12.679417 48.594830 -4.940476
-13.417403 48.593746 -4.175648
-12.851144 48.630665 -4.429390
-13.403939 48.646851 -3.789453
-12.995549 48.617943 -4.326376
-12.635201 48.474342 -4.563897
-13.118453 48.618816 -4.218478
-12.664328 48.594021 -4.770875
-13.242116 48.614750 -4.099626
-12.496269 48.606564 -4.830379
-12.654497 48.637321 -4.332328
-13.208659 48.663010 -3.717159
-12.813180 48.633892 -4.240064
-12.944375 48.636673 -4.139195
-12.508567 48.613667 -4.678892
-13.055323 48.622593 -4.022430
-12.493262 48.659851 -4.247868
-13.028308 48.679810 -3.648546
-12.654298 48.655186 -4.160690
-12.774014 48.649158 -4.061824
-12.893098 48.637974 -3.952005
-12.487075 48.665909 -4.080678
-12.849216 48.688698 -3.580603
-12.625429 48.668736 -3.991227
-12.769253 48.668575 -3.892845
-12.692090 48.703457 -3.516700
-12.475154 48.680950 -3.921222
-12.600340 48.667507 -3.821576
-13.528072 48.439392 -4.590153
-13.304137 48.456913 -5.155244
-13.252387 48.437428 -5.137320
-13.512845 48.460140 -4.541590
-13.079295 48.485100 -5.119535
-13.600360 48.432110 -4.480003
-12.940609 48.467796 -5.089763
-13.343598 48.456348 -4.509367
-13.130073 48.479496 -5.063957
-13.064747 48.448372 -5.029381
-13.344063 48.483643 -4.473645
-12.897986 48.497677 -5.019250
-13.474963 48.469147 -4.434078
-13.405570 48.441517 -4.399928
-12.766863 48.476963 -4.984077
-12.972006 48.501068 -4.979804
-13.178183 48.475693 -4.434692
-12.910302 48.468777 -4.937513
-13.159392 48.493168 -4.400635
-12.743857 48.516495 -4.931797
-13.309438 48.490631 -4.371984
-13.246059 48.460365 -4.332364
-12.623229 48.497272 -4.895745
-12.795799 48.509018 -4.887017
-12.766260 48.487335 -4.852873
-13.004435 48.483498 -4.358250
-13.005237 48.510109 -4.336786
-13.118110 48.492458 -4.303234
-12.601384 48.534664 -4.851461
-13.085621 48.470970 -4.264834
-12.648171 48.523540 -4.808440
-12.625056 48.501358 -4.769347
-12.860360 48.499668 -4.291598
-12.834498 48.513031 -4.268585
-12.972377 48.511414 -4.247692
-12.951908 48.490379 -4.205651
-12.508408 48.538666 -4.734759
-12.718570 48.510269 -4.226857
-12.715912 48.537323 -4.216021
-12.816908 48.518494 -4.188993
-12.815723 48.502323 -4.146438
-12.692289 48.515533 -4.091325
-12.699473 48.540386 -4.141605
-12.899186 48.526985 -3.602038
-12.863332 48.537327 -3.595666
-12.783660 48.541733 -3.561690
-12.734417 48.546326 -3.558724
-13.439187 48.436558 -4.688729
-13.345009 48.451759 -4.789267
-13.423990 48.464161 -4.614063
-13.357986 48.484844 -4.694850
-13.657255 48.441730 -4.165267
-13.738698 48.431461 -4.027478
-13.794626 48.440048 -3.984637
-13.246309 48.451588 -4.599637
-13.676474 48.467896 -4.084908
-13.140361 48.463097 -4.689909
-13.234226 48.478271 -4.532142
-13.162198 48.495358 -4.605467
-13.638079 48.470249 -3.935954
-13.560476 48.452549 -3.969749
-13.471874 48.462132 -4.100534
-13.072643 48.468266 -4.519563
-13.498394 48.487869 -4.025864
-12.707871 48.509396 -5.000659
-12.958982 48.477818 -4.600822
-13.074287 48.499878 -4.461520
-12.986170 48.508423 -4.522892
-13.454049 48.482815 -3.883265
-13.393196 48.472431 -3.914226
-13.290175 48.477043 -4.036283
-12.922638 48.490089 -4.446053
-13.322598 48.502151 -3.967322
-12.569567 48.532967 -4.916298
-12.792755 48.492332 -4.518093
-12.909513 48.510529 -4.389760
-13.295213 48.499481 -3.834382
-12.828644 48.522850 -4.447232
-13.222339 48.482666 -3.858862
-13.124873 48.492691 -3.975464
-12.766259 48.501862 -4.372732
-13.157189 48.514198 -3.911757
-12.646432 48.508415 -4.442220
-12.761553 48.524170 -4.323324
-13.136566 48.510197 -3.786693
-12.689198 48.541706 -4.379593
-13.078344 48.500332 -3.807671
-12.963264 48.502968 -3.916477
-12.622937 48.512787 -4.302267
-13.015445 48.531239 -3.861334
-12.629010 48.540592 -4.262272
-13.000029 48.526569 -3.742697
-12.938448 48.514763 -3.758896
-12.827676 48.521744 -3.863765
-12.878486 48.544971 -3.811192
-12.869531 48.540943 -3.700279
-12.801384 48.524651 -3.711226
-12.740868 48.553703 -3.762920
-12.739620 48.551262 -3.656808
-14.111551 48.392269 -5.285076
-14.011681 48.400085 -5.360803
-14.028480 48.388988 -5.319564
-14.076666 48.398758 -5.294857
-13.879966 48.492290 -5.466993
-13.944279 48.414299 -5.189207
-13.919407 48.488419 -5.377464
-13.854011 48.404381 -5.210353
-13.836020 48.416096 -5.245339
-13.882714 48.407887 -5.181893
-13.922418 48.491169 -5.223997
-13.728718 48.509701 -5.360204
-13.749725 48.412994 -5.080554
-13.704515 48.426048 -5.114377
-13.753469 48.506588 -5.262739
-13.681009 48.434563 -5.141796
-13.728208 48.424767 -5.088145
-14.229242 48.413189 -4.712732
-13.920970 48.502274 -5.080717
-14.135762 48.412525 -4.709931
-13.741742 48.495075 -5.110972
-14.141198 48.415894 -4.657871
-13.586131 48.524143 -5.259584
-14.062380 48.424145 -4.712664
-13.932486 48.502396 -4.952644
-13.616579 48.436203 -5.001060
-13.555525 48.439106 -5.020612
-13.581938 48.439892 -4.999974
-13.587434 48.514240 -5.150148
-13.519084 48.440578 -5.037989
-14.053086 48.426861 -4.634823
-14.085607 48.505955 -4.765288
-13.396610 48.526257 -5.269317
-13.765705 48.514145 -4.987401
-13.968882 48.427483 -4.631326
-13.594607 48.507637 -5.014882
-13.972528 48.430126 -4.585759
-13.405008 48.509575 -5.141069
-13.905388 48.442287 -4.633439
-13.782450 48.514450 -4.866006
-13.480103 48.451035 -4.921985
-14.046901 48.505009 -4.614417
-13.444206 48.452148 -4.916568
-13.409603 48.446930 -4.929073
-13.886694 48.437336 -4.560131
-13.395325 48.460018 -4.952470
-13.435842 48.522243 -5.046306
-13.254207 48.528240 -5.164990
-13.615458 48.522266 -4.896246
-13.917222 48.519737 -4.675357
-13.824548 48.445530 -4.559548
-13.091710 48.469696 -5.110802
-13.822078 48.445698 -4.520010
-13.464584 48.523842 -4.928958
-13.298100 48.530785 -5.062048
-13.641370 48.524498 -4.785576
-13.096831 48.530346 -5.183366
-13.757546 48.457397 -4.558204
-14.036738 48.524712 -4.481726
-13.348756 48.462025 -4.846476
-13.884213 48.514496 -4.535080
-13.315621 48.463428 -4.838006
-13.304633 48.471382 -4.858644
-13.752643 48.457081 -4.496121
-13.278149 48.477169 -4.872631
-13.308405 48.535645 -4.957838
-13.139973 48.540558 -5.078166
-13.493343 48.539875 -4.817566
-13.759254 48.531006 -4.592897
-12.978584 48.483471 -5.059491
-13.685341 48.459743 -4.491334
-14.022302 48.523426 -4.357911
-12.984989 48.483421 -5.034805
-13.674266 48.457249 -4.455893
-13.184759 48.543591 -4.982287
-13.329167 48.530273 -4.842115
-13.502930 48.530514 -4.706781
-12.975156 48.533863 -5.087336
-13.619884 48.470169 -4.487630
-13.872090 48.528305 -4.408547
-13.236652 48.479176 -4.779703
-13.744068 48.529140 -4.463421
-13.204025 48.480503 -4.769053
-13.176506 48.477337 -4.778968
-13.610206 48.466957 -4.431435
-12.866007 48.488266 -5.019593
-13.143291 48.478184 -4.786086
-13.164628 48.532494 -4.862523
-13.037062 48.555267 -4.999781
-13.363264 48.546402 -4.738805
-12.872507 48.492908 -4.981017
-13.611661 48.540977 -4.513733
-13.546206 48.468620 -4.425591
-13.883697 48.535107 -4.295869
-12.876454 48.556732 -5.090803
-12.874399 48.492130 -4.958083
-13.555073 48.476151 -4.401219
-13.073746 48.551418 -4.904123
-13.391884 48.546276 -4.639827
-13.204961 48.537125 -4.761457
-13.493316 48.481388 -4.420984
-12.875861 48.546463 -5.007078
-13.736257 48.540287 -4.343448
-13.124391 48.491161 -4.712591
-12.767654 48.506264 -4.982938
-13.098159 48.493572 -4.702896
-13.599671 48.534626 -4.392918
-13.078145 48.495377 -4.712514
-13.484219 48.479794 -4.372662
-12.771091 48.501404 -4.943977
-13.048839 48.497120 -4.718652
-13.248603 48.557259 -4.666137
-12.929859 48.562027 -4.918378
-13.072397 48.557148 -4.791732
-13.740836 48.539700 -4.235833
-12.784444 48.510899 -4.913673
-12.770400 48.557922 -5.008919
-13.440820 48.491600 -4.369318
-13.478071 48.550438 -4.441873
-12.788326 48.510376 -4.894851
-12.738601 48.566250 -5.028488
-12.975581 48.564323 -4.833741
-13.425311 48.485939 -4.343976
-13.277998 48.555649 -4.571968
-13.094527 48.547768 -4.686996
-13.599152 48.545288 -4.280109
-13.375466 48.494904 -4.359437
-13.002705 48.492577 -4.644135
-12.786737 48.560844 -4.933186
-12.995539 48.506577 -4.639298
-12.681948 48.521622 -4.910245
-13.481713 48.550289 -4.330815
-12.653698 48.576687 -5.023553
-13.371883 48.496517 -4.318678
-12.967568 48.501705 -4.642745
-12.691927 48.520664 -4.879519
-12.940412 48.503906 -4.646601
-13.140704 48.566864 -4.597784
-12.832327 48.570648 -4.845517
-13.613579 48.547592 -4.179674
-12.953105 48.558281 -4.710976
-12.692199 48.520851 -4.844718
-12.690815 48.576328 -4.943010
-13.324056 48.502533 -4.311763
-12.698069 48.520588 -4.830007
-13.354848 48.560661 -4.374159
-12.869218 48.566322 -4.760470
-13.312603 48.498528 -4.291872
-12.645866 48.575729 -4.948881
-13.173971 48.565861 -4.510434
-13.007042 48.568554 -4.623355
-13.484767 48.558544 -4.223934
-12.902206 48.501625 -4.584352
-13.259632 48.502495 -4.299447
-12.686318 48.564304 -4.855244
-12.889154 48.510342 -4.574682
-12.591753 48.527996 -4.835902
-13.261449 48.507404 -4.264846
-12.566479 48.583179 -4.948958
-12.498072 48.529785 -4.911353
-13.370401 48.562729 -4.270771
-12.870449 48.510880 -4.579134
-12.590103 48.519283 -4.802794
-12.859366 48.522495 -4.587241
-12.730307 48.570282 -4.771007
-13.030079 48.569988 -4.529932
-13.507585 48.562187 -4.128563
-12.603028 48.583824 -4.874215
-12.602275 48.527885 -4.778210
-13.213517 48.511448 -4.255675
-12.863154 48.574768 -4.643697
-12.608067 48.528561 -4.767118
-12.787250 48.580013 -4.700135
-12.493674 48.586555 -4.946074
-13.200457 48.507763 -4.240911
-13.063195 48.566727 -4.448125
-13.230659 48.564854 -4.308247
-12.563719 48.587849 -4.877080
-12.449944 48.590332 -4.964915
-13.375882 48.570042 -4.168593
-12.909824 48.577820 -4.558333
-12.816500 48.517235 -4.532283
-13.161773 48.517792 -4.245562
-12.603180 48.574497 -4.786953
-12.798596 48.521358 -4.518451
-13.157659 48.519203 -4.214773
-12.486745 48.592297 -4.881010
-13.255444 48.569977 -4.212810
-12.774311 48.517563 -4.518110
-12.503462 48.532654 -4.763412
-12.942393 48.583260 -4.472901
-13.385273 48.563145 -4.076484
-12.653604 48.586525 -4.710396
-12.757230 48.523983 -4.519981
-12.514462 48.586323 -4.805857
-12.516622 48.533482 -4.714084
-12.527802 48.537453 -4.709152
-13.104686 48.517620 -4.202806
-12.758727 48.575047 -4.572282
-12.691192 48.581646 -4.633781
-12.959675 48.568329 -4.388805
-12.409741 48.591770 -4.878214
-13.097212 48.518272 -4.192833
-13.133093 48.580257 -4.249367
-12.470886 48.586811 -4.799613
-13.271993 48.579849 -4.116264
-12.731544 48.530525 -4.479992
-12.812553 48.581829 -4.494381
-13.063132 48.528091 -4.192111
-12.519569 48.580643 -4.719139
-12.711470 48.531284 -4.462566
-13.052471 48.524105 -4.165060
-12.702950 48.538017 -4.467287
-13.151648 48.578861 -4.156857
-13.292446 48.577583 -4.030638
-12.851444 48.591339 -4.414374
-12.562918 48.586487 -4.643473
-12.682049 48.540543 -4.465666
-12.439345 48.595791 -4.745357
-13.014014 48.530468 -4.153825
-12.610033 48.589745 -4.576549
-12.881850 48.584492 -4.338950
-12.689181 48.598297 -4.515806
-13.006157 48.533176 -4.148283
-13.026215 48.585003 -4.190550
-13.167742 48.585526 -4.065814
-12.653952 48.544468 -4.432092
-12.728621 48.592903 -4.436880
-12.974422 48.540359 -4.142215
-12.636143 48.545589 -4.413790
-12.959782 48.534351 -4.118911
-12.619673 48.545650 -4.412340
-13.201818 48.589195 -3.985833
-13.055106 48.588486 -4.103891
-12.761889 48.595726 -4.359029
-12.496090 48.603569 -4.589184
-12.604325 48.551662 -4.410486
-12.925969 48.541348 -4.107336
-12.808601 48.600163 -4.291523
-12.533649 48.598385 -4.520378
-12.916696 48.545414 -4.105555
-12.599805 48.600815 -4.453224
-13.072085 48.591511 -4.018224
-12.571758 48.551571 -4.382001
-12.942554 48.602043 -4.138430
-12.641541 48.596622 -4.378455
-12.886999 48.549007 -4.094110
-12.867962 48.542183 -4.073966
-13.113091 48.599091 -3.942902
-12.965934 48.598747 -4.055339
-12.688741 48.610462 -4.307992
-12.534169 48.566517 -4.359206
-12.834455 48.546009 -4.060730
-12.718995 48.601341 -4.238119
-12.471734 48.616760 -4.473593
-12.819441 48.547619 -4.061395
-12.519739 48.607529 -4.395830
-12.979546 48.597527 -3.971798
-12.846473 48.606346 -4.084372
-12.562738 48.603848 -4.324541
-12.805676 48.559860 -4.047772
-12.783381 48.550766 -4.032007
-13.016570 48.601021 -3.899376
-12.867629 48.597336 -4.004636
-12.603783 48.612293 -4.254236
-12.645089 48.611931 -4.192543
-12.752753 48.554790 -4.017122
-12.743627 48.561691 -4.022614
-12.894447 48.605324 -3.926993
-12.722948 48.563816 -4.001795
-12.760318 48.612614 -4.033867
-12.489733 48.612320 -4.272352
-12.926261 48.602997 -3.858168
-12.709222 48.563301 -3.992274
-12.519179 48.609734 -4.202993
-12.788707 48.608463 -3.958821
-12.569776 48.615623 -4.147329
-12.665634 48.555870 -3.973450
-12.661671 48.568317 -3.983137
-12.812685 48.610909 -3.885303
-12.650340 48.574909 -3.959702
-12.682330 48.622471 -3.986463
-12.847602 48.610661 -3.818489
-12.624905 48.565525 -3.950570
-12.708075 48.613815 -3.914178
-12.734851 48.617386 -3.842633
-12.772780 48.618095 -3.780598
-12.606847 48.630459 -3.940140
-12.629529 48.618492 -3.870023
-12.658290 48.622326 -3.802588
-12.699120 48.624077 -3.743930
-12.557805 48.625118 -3.828261
-12.588130 48.628349 -3.763494
-12.626309 48.627659 -3.708445
-12.760769 48.557560 -3.702186
-12.782215 48.558758 -3.720920
-12.682286 48.567654 -3.651818
-12.707254 48.570354 -3.666732
-12.724540 48.566227 -3.681413
-12.739088 48.563492 -3.702764
-12.670347 48.575069 -3.645908
-12.681201 48.565929 -3.662426
-12.695506 48.566296 -3.683177
-12.659395 48.574917 -3.663823
-13.983279 48.347481 -5.480385
-14.113962 48.366020 -5.195724
-13.776334 48.378273 -5.447844
-14.130805 48.413986 -5.181911
-14.185608 48.360191 -5.133509
-13.863058 48.361759 -5.395157
-13.995194 48.384117 -5.123912
-13.673581 48.393681 -5.368534
-13.962188 48.363438 -5.354933
-14.026427 48.435741 -5.117104
-13.745153 48.452694 -5.382274
-13.832791 48.427853 -5.395501
-13.768684 48.381836 -5.325669
-14.060442 48.374287 -5.062340
-13.955246 48.424526 -5.423023
-14.073976 48.407619 -5.457112
-13.883038 48.400093 -5.056323
-14.039419 48.344448 -5.298972
-14.211703 48.390404 -4.721212
-13.572793 48.405716 -5.292517
-13.849788 48.375381 -5.278766
-14.040048 48.424469 -5.085469
-13.906623 48.445900 -5.048130
-13.632378 48.457619 -5.300346
-14.127948 48.375217 -5.004977
-13.730644 48.443157 -5.321823
-13.949328 48.389065 -4.999595
-13.663713 48.393559 -5.251533
-13.845053 48.439148 -5.349511
-13.953277 48.421974 -5.380492
-14.168661 48.432247 -4.703295
-13.945529 48.367477 -5.235882
-13.778870 48.413712 -4.992796
-14.095520 48.406040 -4.669712
-14.071991 48.426315 -5.062702
-14.263341 48.388969 -4.647764
-13.489189 48.421967 -5.228191
-14.203856 48.370674 -4.947274
-13.707438 48.386333 -5.401652
-13.758183 48.394997 -5.215375
-13.932797 48.439610 -5.024441
-13.812983 48.462818 -4.989893
-14.014042 48.389450 -4.943959
-13.546293 48.473267 -5.234150
-13.637901 48.457893 -5.255636
-13.845454 48.402630 -4.938881
-13.579801 48.410870 -5.189391
-14.115452 48.424183 -5.058495
-13.741638 48.452633 -5.280218
-13.846631 48.437012 -5.312293
-13.849247 48.384827 -5.172969
-14.049913 48.441212 -4.651970
-13.682416 48.427055 -4.934110
-13.970179 48.444599 -5.006821
-13.981441 48.417271 -4.617913
-14.131911 48.396015 -4.595682
-14.295356 48.388802 -4.571546
-13.407581 48.436871 -5.164343
-14.095809 48.385941 -4.892025
-13.604981 48.392551 -5.326437
-13.664475 48.407864 -5.149973
-13.835584 48.455097 -4.968718
-14.330079 48.410294 -4.245669
-13.718829 48.475765 -4.933078
-13.915413 48.404156 -4.889796
-14.115454 48.433319 -4.641622
-13.464830 48.488144 -5.171706
-13.550223 48.470764 -5.192419
-13.754584 48.419083 -4.886744
-13.496927 48.424965 -5.128510
-13.991732 48.431950 -4.997047
-13.747531 48.450783 -5.248933
-13.635340 48.458492 -5.209698
-13.749463 48.394653 -5.109611
-13.424104 48.415966 -5.292356
-13.952990 48.455635 -4.606860
-14.181612 48.429359 -4.631275
-13.585895 48.435337 -4.876065
-14.258833 48.432522 -4.250479
-13.858520 48.453388 -4.948324
-14.033472 48.412720 -4.552913
-14.185612 48.403347 -4.527857
-13.992831 48.399345 -4.839747
-13.876459 48.427986 -4.570797
-13.519307 48.406101 -5.260879
-13.569299 48.414894 -5.086777
-13.327606 48.447445 -5.102378
-13.740962 48.468124 -4.914096
-13.812859 48.413441 -4.834564
-14.214312 48.422825 -4.209016
-14.007224 48.444572 -4.597008
-13.618090 48.480698 -4.874733
-13.382186 48.496120 -5.109277
-13.467169 48.482864 -5.132954
-13.887830 48.444500 -4.944160
-13.637165 48.453270 -5.179525
-13.662552 48.429649 -4.833218
-13.555407 48.474117 -5.153499
-13.667243 48.412689 -5.055126
-13.418846 48.439274 -5.071378
-13.349092 48.429756 -5.231320
-13.859426 48.467468 -4.563475
-14.076339 48.443157 -4.589934
-13.763244 48.464489 -4.897302
-14.181938 48.457771 -4.219681
-13.498808 48.445080 -4.822699
-13.899907 48.414104 -4.791364
-14.236359 48.398998 -4.458002
-14.081552 48.415924 -4.486357
-13.927065 48.421646 -4.508774
-13.444467 48.421883 -5.204834
-14.157435 48.437675 -4.599231
-13.783692 48.440712 -4.526636
-13.495879 48.432472 -5.034161
-13.648745 48.476688 -4.861982
-13.241659 48.449902 -5.038100
-13.189256 48.443558 -5.199718
-14.260170 48.437561 -4.200551
-13.723767 48.425533 -4.785717
-13.911039 48.456848 -4.555348
-13.527824 48.484882 -4.820907
-14.105781 48.434139 -4.174394
-13.299046 48.501144 -5.046864
-13.809833 48.466892 -4.901374
-13.564704 48.473721 -5.131123
-13.393544 48.496422 -5.078163
-13.592732 48.430443 -5.005476
-13.471869 48.485279 -5.097633
-13.579185 48.441803 -4.783745
-13.326344 48.437752 -5.006330
-13.274178 48.439472 -5.170919
-13.973830 48.455479 -4.549695
-13.765693 48.477310 -4.521510
-13.669024 48.473392 -4.846134
-14.070380 48.462490 -4.187421
-13.032634 48.465961 -5.170783
-14.129153 48.408043 -4.419641
-13.802713 48.421471 -4.741913
-13.980853 48.425911 -4.446583
-13.428007 48.461212 -4.776176
-13.368629 48.432762 -5.147398
-13.839236 48.435558 -4.468353
-14.048275 48.449085 -4.559005
-13.422556 48.445976 -4.982181
-13.699266 48.454060 -4.485123
-13.561167 48.485493 -4.812214
-13.179195 48.465649 -4.989237
-14.161220 48.451313 -4.170599
-13.643955 48.439114 -4.740140
-13.111164 48.445705 -5.135282
-13.820876 48.469124 -4.515874
-13.392506 48.511982 -5.243709
-13.455450 48.499249 -4.775951
-14.017225 48.451221 -4.141926
-13.269873 48.517414 -5.223423
-14.255263 48.441597 -4.154870
-13.241705 48.520081 -5.000327
-13.707415 48.474136 -4.850385
-13.494019 48.427929 -4.944655
-13.486777 48.489010 -5.080402
-13.313672 48.503933 -5.021838
-13.390157 48.494114 -5.042245
-13.502929 48.454788 -4.738485
-13.205145 48.450230 -5.116294
-13.260759 48.451992 -4.957783
-13.325253 48.494949 -5.222489
-13.877004 48.465832 -4.511643
-13.684936 48.489021 -4.483119
-14.049552 48.427658 -4.386220
-13.714954 48.430294 -4.697137
-13.589544 48.487934 -4.801971
-13.987663 48.478584 -4.157133
-13.885068 48.434059 -4.408373
-12.964278 48.468502 -5.108837
-13.288098 48.438354 -5.088269
-13.221536 48.524624 -5.204818
-13.937496 48.454685 -4.519582
-13.342825 48.463543 -4.725331
-13.747023 48.444130 -4.429050
-13.346838 48.453796 -4.930375
-13.483957 48.496609 -4.767742
-13.614326 48.463444 -4.445032
-13.111968 48.515705 -5.149365
-14.065800 48.463455 -4.142372
-13.562860 48.448853 -4.695361
-13.107616 48.469746 -4.934785
-13.054407 48.461506 -5.085795
-13.732861 48.480030 -4.478283
-13.319613 48.523388 -5.185966
-13.364177 48.496513 -4.723560
-14.147923 48.450676 -4.127918
-13.181478 48.512161 -5.155735
-13.911990 48.454887 -4.109673
-13.428267 48.443195 -4.899692
-13.611275 48.478291 -4.802207
-13.166860 48.522697 -4.944788
-13.396647 48.492161 -5.023011
-13.321453 48.506844 -4.994018
-13.238861 48.509583 -4.968480
-13.131363 48.452663 -5.057786
-13.254384 48.507030 -5.168808
-13.427554 48.464588 -4.693078
-13.191859 48.460705 -4.907381
-13.786811 48.476086 -4.474994
-13.609427 48.500866 -4.446289
-13.950960 48.434246 -4.351145
-13.635877 48.441719 -4.655005
-13.501599 48.492744 -4.755031
-13.889989 48.482998 -4.126899
-13.804326 48.447796 -4.373573
-12.982038 48.530582 -5.087432
-13.222455 48.449554 -5.037544
-12.910563 48.480755 -5.059669
-13.153569 48.534191 -5.148641
-13.850602 48.469456 -4.486203
-13.268899 48.456928 -4.878742
-13.672783 48.458805 -4.392838
-13.274267 48.474232 -4.681327
-13.410461 48.508125 -4.723585
-13.970652 48.472515 -4.114783
-13.052991 48.527821 -5.098639
-13.490442 48.461193 -4.653224
-13.538676 48.475323 -4.406804
-13.240401 48.524696 -5.125907
-13.655177 48.491226 -4.442396
-13.047066 48.479092 -4.887031
-12.999447 48.473961 -5.038186
-14.066319 48.469624 -4.103256
-13.309134 48.515060 -4.685298
-13.357204 48.453278 -4.853816
-13.111012 48.519112 -5.100507
-13.534087 48.491428 -4.761333
-13.321389 48.499905 -4.975431
-13.823809 48.464817 -4.078483
-13.100400 48.528976 -4.894079
-13.952954 48.446121 -4.036565
-13.254622 48.520279 -4.948453
-13.179071 48.510731 -5.114056
-13.166368 48.514847 -4.917001
-13.069261 48.462257 -5.008786
-13.343870 48.464634 -4.646299
-13.003888 48.543266 -5.118003
-13.704019 48.486111 -4.440369
-13.123055 48.465347 -4.857613
-13.863813 48.442966 -4.318395
-13.564521 48.453873 -4.616301
-13.543206 48.515209 -4.411319
-13.431048 48.505783 -4.715554
-13.804539 48.490433 -4.098207
-13.725235 48.458210 -4.339250
-13.160047 48.460209 -4.990726
-13.757292 48.477192 -4.451292
-13.088954 48.541168 -5.094182
-12.924741 48.540398 -5.035780
-12.860096 48.493477 -5.013000
-13.211164 48.470856 -4.836437
-13.598964 48.470371 -4.358666
-13.206742 48.481705 -4.638580
-13.332681 48.511227 -4.679763
-13.890662 48.485111 -4.088416
-13.419826 48.470188 -4.612968
-12.985244 48.530262 -5.042325
-13.581512 48.502762 -4.409633
-13.175381 48.535797 -5.074412
-13.465785 48.485729 -4.369673
-12.942280 48.482735 -4.989343
-12.984462 48.484726 -4.839449
-13.972861 48.478397 -4.078327
-12.864100 48.564884 -5.092199
-13.287789 48.460041 -4.808414
-14.060387 48.465706 -4.079626
-13.456058 48.499641 -4.720471
-13.241927 48.523495 -4.643955
-13.050463 48.529461 -5.051353
-13.250172 48.509003 -4.929571
-13.065705 48.528957 -5.140016
-13.179272 48.520943 -4.897923
-13.861613 48.451504 -4.009920
-13.739768 48.473038 -4.048234
-13.044521 48.541592 -4.850848
-13.105494 48.524239 -4.872842
-13.113429 48.520924 -5.064756
-13.066496 48.529854 -5.126429
-13.019294 48.478943 -4.967103
-13.777550 48.448498 -4.285499
-13.625265 48.497490 -4.407463
-13.276043 48.473167 -4.605737
-13.073393 48.481979 -4.818736
-12.946410 48.552094 -5.066351
-13.490174 48.461460 -4.577146
-13.468404 48.521870 -4.375759
-13.359655 48.513897 -4.676090
-13.734583 48.503368 -4.070735
-13.645968 48.466633 -4.306344
-13.088078 48.460308 -4.939101
-13.674042 48.487297 -4.418865
-13.022115 48.543449 -5.039895
-12.869241 48.546864 -4.986004
-13.145307 48.477028 -4.791352
-12.797533 48.490993 -4.958876
-13.519668 48.475761 -4.323585
-13.798375 48.488621 -4.062565
-13.267495 48.521343 -4.641071
-13.147274 48.491882 -4.599257
-12.943899 48.548557 -5.097921
-13.343732 48.473007 -4.571802
-13.113250 48.544380 -5.026823
-13.503598 48.507915 -4.374394
-12.938399 48.550510 -5.097159
-12.935904 48.546848 -4.999869
-13.878906 48.484219 -4.053413
-12.885376 48.488422 -4.941132
-13.389718 48.489567 -4.333501
-13.233172 48.476486 -4.770789
-13.390457 48.513878 -4.684741
-13.961045 48.472431 -4.056752
-12.931023 48.494907 -4.795912
-13.189485 48.521400 -4.889000
-13.179792 48.531071 -4.604170
-12.805934 48.567749 -5.036973
-12.989566 48.536831 -5.003614
-12.996374 48.529629 -5.085272
-13.118720 48.531296 -4.855172
-13.791377 48.466518 -3.983228
-13.707262 48.460472 -4.256630
-13.005609 48.538231 -5.077285
-13.055385 48.533897 -5.021066
-12.981235 48.543282 -4.803274
-12.957396 48.481411 -4.917964
-13.670607 48.486866 -4.019986
-13.047890 48.535114 -4.829776
-13.550479 48.506172 -4.375495
-13.420462 48.469288 -4.540332
-13.220465 48.486736 -4.570304
-12.894381 48.564060 -5.019848
-13.008277 48.484997 -4.772102
-13.397891 48.526794 -4.342541
-13.294787 48.524971 -4.638805
-13.656967 48.508469 -4.044702
-13.581412 48.479675 -4.275438
-13.034490 48.472527 -4.897743
-12.825340 48.556454 -5.057388
-13.603339 48.501377 -4.389382
-12.965264 48.553185 -4.992463
-12.817833 48.566868 -5.070537
-13.079715 48.480118 -4.746902
-12.820908 48.558212 -4.941215
-12.751513 48.501953 -4.915960
-13.448893 48.483776 -4.289740
-13.724687 48.499146 -4.037611
-13.207553 48.531593 -4.603936
-13.285806 48.484940 -4.537310
-12.883849 48.550713 -5.046443
-13.046713 48.546608 -4.975350
-13.086096 48.500324 -4.560106
-13.433130 48.515877 -4.343363
-12.880532 48.552277 -4.952908
-12.885085 48.559647 -5.050036
-13.171639 48.483955 -4.730226
-13.790203 48.490173 -4.030060
-13.308599 48.512596 -4.643445
-12.833595 48.496292 -4.896664
-13.877987 48.485546 -4.034313
-13.117862 48.523472 -4.843786
-13.336059 48.507896 -4.301493
-12.935669 48.548096 -4.960864
-13.126990 48.544178 -4.568428
-12.877404 48.503094 -4.753789
-12.943750 48.543720 -5.043142
-12.754302 48.574585 -4.988921
-13.054068 48.535240 -4.811348
-13.639304 48.473072 -4.228233
-12.710662 48.567757 -5.014359
-12.946689 48.544250 -5.030017
-12.989930 48.535942 -4.973033
-13.721730 48.479412 -3.958576
-12.900452 48.485069 -4.872567
-13.354443 48.476494 -4.505235
-12.981480 48.534283 -4.783934
-12.919152 48.542740 -4.756955
-13.474751 48.512989 -4.344322
-13.593634 48.492886 -3.991772
-13.159254 48.494164 -4.532554
-12.842612 48.572945 -4.973976
-13.321904 48.525547 -4.308413
-12.960762 48.500263 -4.735110
-13.219735 48.524578 -4.598905
-13.589267 48.516975 -4.018338
-13.506108 48.484390 -4.244887
-12.988685 48.489525 -4.860587
-13.527158 48.509281 -4.358990
-12.768401 48.559113 -5.007009
-12.916006 48.565693 -4.950639
-12.761336 48.568432 -5.019375
-13.030293 48.492653 -4.710065
-12.765491 48.559597 -4.893486
-13.381025 48.490288 -4.258397
-13.651435 48.507572 -4.013291
-12.701240 48.506535 -4.870564
-13.213674 48.484055 -4.498496
-13.143069 48.536526 -4.566512
-12.825669 48.553570 -4.997624
-12.989225 48.555435 -4.930110
-13.370411 48.526592 -4.312944
-12.829393 48.564117 -5.001679
-12.822342 48.554127 -4.905496
-13.026392 48.504459 -4.521428
-13.716822 48.500645 -4.007924
-13.104302 48.484291 -4.687346
-13.241827 48.519939 -4.607739
-13.792693 48.492954 -4.013457
-12.782401 48.502033 -4.854232
-13.057111 48.530815 -4.803860
-12.880774 48.554459 -4.916717
-12.885439 48.548626 -4.996507
-13.064006 48.545815 -4.530069
-13.567844 48.478146 -4.199388
-13.260528 48.505566 -4.266591
-12.830455 48.514210 -4.715248
-12.703547 48.578232 -4.940717
-12.996415 48.543079 -4.772512
-12.933966 48.543495 -4.930448
-12.888990 48.549057 -4.982599
-13.296327 48.486423 -4.472154
-13.651260 48.488384 -3.932531
-12.661787 48.573112 -4.967403
-12.848361 48.492992 -4.831696
-13.409075 48.522167 -4.315629
-12.935326 48.548302 -4.748191
-12.872518 48.554817 -4.719815
-12.641449 48.579605 -4.987622
-13.104564 48.504547 -4.496981
-13.527681 48.504154 -3.963850
-12.905053 48.503719 -4.694557
-12.787206 48.575340 -4.924843
-13.267706 48.538887 -4.279229
-13.159935 48.533791 -4.564592
-13.449123 48.498192 -4.216009
-12.928615 48.490669 -4.816921
-13.526552 48.528702 -3.992907
-13.452967 48.515842 -4.329071
-12.720160 48.566387 -4.962858
-12.852948 48.562275 -4.900117
-12.710727 48.572048 -4.972577
-12.968216 48.493122 -4.668746
-12.724411 48.571751 -4.854312
-13.585933 48.518753 -3.989584
-13.151320 48.487610 -4.462942
-13.322015 48.501400 -4.228287
-13.089297 48.546753 -4.532969
-12.655148 48.512440 -4.828288
-12.773549 48.559471 -4.953169
-12.939330 48.567036 -4.890477
-13.297834 48.526798 -4.281316
-13.055182 48.496773 -4.653323
-12.775398 48.568302 -4.955981
-13.650423 48.514004 -3.985777
-12.775509 48.563190 -4.864774
-13.179855 48.528500 -4.574371
-12.978232 48.517807 -4.488036
-13.715766 48.503014 -3.992431
-13.003034 48.541092 -4.767514
-12.737111 48.510841 -4.814757
-13.508056 48.490383 -4.173641
-12.824095 48.555035 -4.871959
-12.833953 48.556438 -4.954856
-13.010351 48.552986 -4.495752
-12.885493 48.556889 -4.894252
-13.232903 48.491173 -4.438161
-12.841427 48.561283 -4.943437
-12.936062 48.545288 -4.731038
-12.659664 48.587818 -4.899685
-12.777361 48.516220 -4.674389
-13.200107 48.513878 -4.234468
-12.799957 48.500290 -4.792538
-13.340581 48.527771 -4.286486
-13.575792 48.492123 -3.908388
-12.879621 48.551762 -4.707645
-12.613789 48.575283 -4.920296
-12.819757 48.558800 -4.678953
-12.596262 48.584343 -4.942382
-13.040953 48.505283 -4.460819
-13.213448 48.548180 -4.249271
-13.378565 48.500084 -4.187026
-12.737072 48.579891 -4.880857
-12.854485 48.510372 -4.656341
-13.103994 48.543369 -4.531994
-12.880077 48.500015 -4.779943
-13.456391 48.508205 -3.937829
-13.460662 48.533867 -3.968433
-13.374391 48.517059 -4.300271
-12.673461 48.573406 -4.919960
-12.805494 48.571442 -4.860178
-12.927177 48.509319 -4.636742
-12.664200 48.580055 -4.929681
-13.519146 48.526093 -3.966671
-12.678806 48.579605 -4.813442
-13.107040 48.504353 -4.433433
-13.267306 48.511784 -4.199110
-12.886442 48.574070 -4.850392
-13.030832 48.551689 -4.497732
-12.724675 48.565838 -4.911211
-12.614837 48.523457 -4.791156
-12.994172 48.497059 -4.615439
-13.243450 48.538139 -4.253546
-13.576980 48.519421 -3.964287
-12.722280 48.569298 -4.910131
-12.724748 48.566833 -4.822978
-13.122087 48.539402 -4.542718
-12.948777 48.549374 -4.732583
-13.640828 48.511730 -3.971879
-13.432817 48.489002 -4.146545
-12.690873 48.517784 -4.776074
-12.924885 48.523922 -4.451544
-12.783568 48.565090 -4.915242
-12.772438 48.560856 -4.831725
-12.956364 48.558186 -4.461445
-13.166471 48.490337 -4.405124
-12.823051 48.553364 -4.849360
-12.884408 48.552120 -4.695791
-12.776910 48.553036 -4.893713
-12.609605 48.586277 -4.852744
-12.753860 48.507202 -4.755253
-12.736301 48.529396 -4.640218
-13.278113 48.534389 -4.258115
-13.140717 48.518978 -4.203599
-13.507134 48.497757 -3.884234
-12.827332 48.556675 -4.669596
-12.573002 48.585369 -4.880359
-12.774158 48.567661 -4.643075
-13.156523 48.553867 -4.220268
-13.313266 48.503120 -4.158193
-12.553110 48.590771 -4.899799
-12.830269 48.506535 -4.742354
-13.400795 48.540039 -3.944730
-12.994150 48.517384 -4.428674
-13.043190 48.546669 -4.497703
-12.807158 48.517494 -4.620620
-12.690847 48.587849 -4.840770
-13.385370 48.509174 -3.912444
-13.320045 48.531433 -4.274684
-12.630175 48.581879 -4.879558
-12.754896 48.576073 -4.818382
-12.874864 48.513222 -4.600095
-12.616503 48.582172 -4.885388
-13.453579 48.532215 -3.943609
-13.056342 48.514065 -4.402390
-12.625630 48.575546 -4.768229
-12.827869 48.571926 -4.805803
-12.976992 48.556862 -4.464831
-12.672143 48.564705 -4.867396
-13.200920 48.512985 -4.169666
-12.949685 48.509777 -4.583760
-13.187013 48.545773 -4.225946
-13.512067 48.528477 -3.942625
-12.572146 48.529808 -4.752788
-13.064855 48.545139 -4.510914
-13.370304 48.493591 -4.120981
-12.674010 48.574554 -4.868804
-12.894802 48.555580 -4.696878
-12.678510 48.573776 -4.784300
-13.567880 48.519096 -3.951801
-12.732013 48.567848 -4.874232
-12.725404 48.566910 -4.793825
-12.645681 48.522522 -4.737238
-13.121999 48.505081 -4.377025
-12.875546 48.530373 -4.418170
-12.777339 48.565285 -4.814265
-12.909232 48.568317 -4.429312
-12.715322 48.544304 -4.845083
-12.834313 48.559708 -4.660393
-13.222333 48.544956 -4.231919
-12.714671 48.522083 -4.722330
-12.566928 48.593639 -4.812973
-13.448540 48.506763 -3.861152
-12.689883 48.534344 -4.602947
-13.086140 48.526310 -4.173662
-12.783925 48.568211 -4.636368
-12.532150 48.591408 -4.839647
-13.262732 48.514824 -4.132133
-12.731816 48.578003 -4.608286
-12.779173 48.509212 -4.705556
-12.994201 48.557106 -4.467911
-13.101923 48.560184 -4.191736
-13.337667 48.543728 -3.921359
-12.937934 48.517887 -4.394536
-12.516670 48.603165 -4.862980
-12.762309 48.525211 -4.586772
-12.643624 48.590897 -4.799288
-13.251359 48.534031 -4.248372
-13.332686 48.521252 -3.885917
-12.713333 48.587292 -4.782811
-12.581682 48.582100 -4.837460
-12.833478 48.526440 -4.569511
-13.393251 48.538471 -3.922101
-12.572713 48.587688 -4.844995
-13.003248 48.518093 -4.371517
-12.782428 48.581768 -4.769928
-12.899988 48.514244 -4.550385
-12.914848 48.552277 -4.430559
-12.588722 48.588020 -4.733593
-12.629656 48.575073 -4.831213
-13.142108 48.515953 -4.140833
-13.442600 48.531200 -3.922081
-13.130243 48.551437 -4.198358
-13.317428 48.503658 -4.095864
-13.007957 48.551842 -4.480525
-12.634007 48.586529 -4.833081
-12.529564 48.533100 -4.713645
-12.843307 48.562389 -4.663049
-13.504229 48.529968 -3.932172
-12.638492 48.584740 -4.749981
-13.070154 48.510921 -4.348174
-12.685475 48.575851 -4.837744
-12.681855 48.578472 -4.759204
-12.604396 48.530659 -4.702302
-12.728292 48.570663 -4.778718
-12.858427 48.569939 -4.396727
-12.645992 48.522675 -4.792113
-12.786526 48.566906 -4.626869
-12.829024 48.539398 -4.386671
-13.161673 48.548229 -4.205435
-12.668671 48.524925 -4.685684
-13.384793 48.510559 -3.838564
-12.528768 48.604301 -4.776318
-12.740183 48.577774 -4.603148
-12.644220 48.538151 -4.567711
-13.037752 48.535641 -4.144494
-12.492223 48.597290 -4.800968
-13.209376 48.522953 -4.105621
-13.285210 48.550686 -3.898274
-12.739023 48.522228 -4.673417
-12.683487 48.579212 -4.572586
-12.936139 48.557919 -4.436127
-13.046481 48.561565 -4.163213
-12.889833 48.525143 -4.364598
-13.198835 48.546074 -4.223266
-12.601857 48.598103 -4.761544
-12.718081 48.532833 -4.552151
-12.471249 48.601864 -4.818388
-13.275787 48.528976 -3.860507
-12.662051 48.586971 -4.742438
-12.783138 48.527981 -4.534746
-12.541303 48.589073 -4.799560
-13.328558 48.540394 -3.900304
-12.533593 48.596478 -4.809123
-12.951543 48.521889 -4.340492
-12.855156 48.523987 -4.520126
-12.733994 48.587048 -4.733600
-13.265921 48.512482 -4.071999
-12.876761 48.570011 -4.403247
-12.592451 48.588608 -4.798765
-13.072955 48.553131 -4.172184
-13.377794 48.536186 -3.901063
-13.094971 48.527096 -4.113688
-12.540671 48.586147 -4.692129
-12.958015 48.560410 -4.451526
-12.791136 48.565250 -4.629228
-12.590518 48.591991 -4.795500
-13.436039 48.535526 -3.912255
-13.017977 48.514790 -4.319332
-12.589200 48.583073 -4.710077
-12.645946 48.588760 -4.804832
-12.634919 48.580460 -4.721942
-12.566690 48.541241 -4.669859
-12.676715 48.571404 -4.740533
-12.635477 48.569237 -4.780037
-12.740106 48.572861 -4.594596
-12.814372 48.579556 -4.367097
-12.779615 48.540791 -4.353937
-13.100682 48.549534 -4.178961
-12.627361 48.532051 -4.652153
-13.328806 48.518120 -3.815180
-12.693279 48.581783 -4.569476
-13.153952 48.526360 -4.080686
-12.489165 48.611149 -4.739048
-12.691449 48.523300 -4.638339
-13.227772 48.553421 -3.875683
-12.603858 48.546139 -4.534807
-12.996171 48.566143 -4.137024
-12.453391 48.604008 -4.764323
-12.643115 48.587196 -4.539678
-12.885549 48.563564 -4.405733
-12.987481 48.542252 -4.115497
-13.133357 48.546108 -4.197275
-12.842014 48.530323 -4.333885
-12.560078 48.604298 -4.725212
-12.674437 48.538326 -4.519564
-12.435075 48.611176 -4.782205
-12.621863 48.596951 -4.708127
-12.739823 48.535446 -4.502153
-13.229895 48.541943 -3.835381
-12.505490 48.602379 -4.766963
-13.275981 48.549404 -3.879413
-12.907457 48.530491 -4.312261
-12.810431 48.530663 -4.489092
-12.686434 48.589134 -4.697120
-13.218287 48.522682 -4.048440
-12.495416 48.606125 -4.773879
-12.831576 48.576771 -4.374401
-12.551929 48.596615 -4.764461
-13.026572 48.563129 -4.147075
-13.318568 48.543278 -3.881598
-13.041404 48.530197 -4.086416
-12.907128 48.567116 -4.423319
-12.512518 48.607288 -4.664503
-12.746143 48.574009 -4.598983
-12.548718 48.597172 -4.760574
-12.974375 48.525333 -4.292499
-13.362684 48.534855 -3.894240
-12.592709 48.581661 -4.763848
-12.553706 48.597336 -4.678882
-12.593168 48.588676 -4.689202
-12.635278 48.580578 -4.709192
-12.530691 48.552547 -4.638667
-12.697116 48.581284 -4.563413
-12.767260 48.580555 -4.336233
-13.053681 48.559639 -4.154635
-12.585717 48.537205 -4.618631
-12.738333 48.549946 -4.323996
-13.285545 48.532661 -3.791916
-13.100698 48.530418 -4.054815
-12.649464 48.586292 -4.536894
-12.648739 48.529648 -4.606377
-13.182293 48.563263 -3.852591
-12.940985 48.563431 -4.110547
-12.841791 48.573124 -4.378913
-12.453310 48.621422 -4.704272
-12.561120 48.549461 -4.500669
-12.598646 48.588776 -4.505697
-13.081872 48.554939 -4.173431
-12.412795 48.605953 -4.725661
-12.934376 48.544273 -4.087454
-12.800873 48.539448 -4.305343
-12.633879 48.544312 -4.488065
-12.520943 48.612076 -4.690753
-12.398222 48.616543 -4.746028
-12.698198 48.542622 -4.472215
-13.223514 48.555355 -3.857748
-12.580233 48.603119 -4.673202
-12.468847 48.611767 -4.732968
-13.161123 48.523335 -4.025077
-12.865079 48.539818 -4.285279
-13.174476 48.545361 -3.810451
-12.762716 48.532780 -4.457607
-12.644844 48.598335 -4.664377
-12.458603 48.614525 -4.739885
-13.265038 48.550419 -3.861497
-12.785293 48.581692 -4.344941
-12.978920 48.570305 -4.121354
-12.506394 48.598373 -4.727058
-12.854801 48.570007 -4.394500
-12.927610 48.530323 -4.265215
-12.987659 48.531303 -4.060558
-12.697667 48.576252 -4.566883
-12.469412 48.606613 -4.626782
-12.505498 48.599552 -4.723630
-13.305945 48.543556 -3.875242
-12.557413 48.598934 -4.736246
-12.514725 48.605091 -4.645829
-12.547097 48.586460 -4.653199
-12.594442 48.588634 -4.678479
-12.651900 48.585007 -4.532399
-13.001529 48.564526 -4.130803
-12.723915 48.585999 -4.306458
-12.545610 48.542103 -4.586359
-13.051300 48.534836 -4.030656
-12.691236 48.550957 -4.293145
-12.608501 48.536591 -4.576286
-13.131815 48.567867 -3.831397
-13.230594 48.537010 -3.769794
-12.606250 48.589684 -4.504941
-12.791281 48.573681 -4.350562
-12.904850 48.578812 -4.085107
-12.413630 48.623211 -4.667638
-13.030224 48.562786 -4.149597
-12.563899 48.601902 -4.476532
-12.524613 48.557812 -4.469483
-12.757849 48.545849 -4.276970
-12.892936 48.554466 -4.061097
-12.482408 48.618740 -4.656921
-12.590672 48.547710 -4.456115
-12.658724 48.549438 -4.442743
-12.544374 48.614395 -4.643415
-13.171207 48.561283 -3.837497
-13.111426 48.528816 -4.003102
-12.717135 48.533516 -4.427994
-12.419889 48.600918 -4.690742
-12.822043 48.546219 -4.256901
-12.604448 48.605305 -4.632883
-13.120768 48.549507 -3.786773
-12.419260 48.618286 -4.703251
-13.214002 48.559174 -3.841864
-12.740546 48.586353 -4.316733
-12.930150 48.574627 -4.096425
-12.886317 48.540482 -4.240262
-12.470054 48.607708 -4.695875
-12.809327 48.577831 -4.367851
-12.654986 48.584625 -4.538519
-12.948082 48.543205 -4.035439
-13.257897 48.556877 -3.856064
-12.474518 48.617111 -4.695554
-12.431313 48.611176 -4.593579
-12.513556 48.600407 -4.701493
-12.476938 48.610611 -4.614025
-12.550615 48.592125 -4.647315
-12.512675 48.600540 -4.625443
-12.499729 48.572323 -4.672652
-12.610114 48.591202 -4.502474
-12.945453 48.563995 -4.105899
-12.683978 48.592892 -4.279175
-12.564610 48.536034 -4.544338
-13.006897 48.543495 -4.006019
-13.079117 48.567772 -3.810374
-12.563025 48.592064 -4.474400
-12.650220 48.557030 -4.263841
-12.858510 48.580692 -4.059862
-12.749851 48.583870 -4.324219
-12.979179 48.569523 -4.126394
-12.520634 48.601250 -4.443810
-12.718863 48.554615 -4.248903
-12.551147 48.550480 -4.425874
-12.434539 48.608723 -4.616724
-13.069483 48.538059 -3.980325
-12.843369 48.555893 -4.033371
-12.617194 48.552540 -4.413440
-13.117463 48.563396 -3.816633
-12.504437 48.620281 -4.611152
-12.678744 48.541157 -4.400549
-12.776341 48.549011 -4.229476
-12.558697 48.604050 -4.598290
-13.159364 48.563469 -3.822564
-12.837932 48.539661 -4.213777
-13.069042 48.552303 -3.763566
-12.884638 48.580429 -4.072584
-12.691878 48.585598 -4.287454
-12.758973 48.578365 -4.340914
-12.432611 48.615204 -4.664077
-12.608652 48.585499 -4.508299
-12.908339 48.554123 -4.010328
-13.195506 48.557407 -3.837571
-12.433434 48.618122 -4.660489
-12.474881 48.608105 -4.671258
-12.510216 48.598087 -4.617239
-12.471621 48.603573 -4.593967
-12.573181 48.602665 -4.475663
-12.906352 48.576828 -4.083597
-12.643705 48.597816 -4.251900
-12.956985 48.543945 -3.983282
-13.036226 48.575157 -3.788387
-12.528090 48.603191 -4.446649
-12.815765 48.586029 -4.035707
-12.705262 48.588509 -4.297424
-12.611523 48.563725 -4.235004
-12.923854 48.567848 -4.103524
-12.482663 48.604774 -4.413416
-13.023322 48.542946 -3.958663
-12.674999 48.556091 -4.220546
-12.405709 48.625923 -4.589118
-13.067742 48.566860 -3.797481
-12.579261 48.559101 -4.385226
-12.637705 48.546211 -4.372653
-12.464438 48.622120 -4.578112
-12.799711 48.561394 -4.007193
-12.736380 48.554893 -4.203598
-12.522822 48.614319 -4.569917
-13.108427 48.568150 -3.803570
-12.797859 48.548603 -4.188677
-12.838621 48.583275 -4.048751
-12.657402 48.597652 -4.262501
-12.713767 48.583107 -4.314903
-13.026017 48.560738 -3.738773
-12.568893 48.593380 -4.481031
-13.142912 48.564400 -3.819520
-12.863105 48.557854 -3.985711
-12.436975 48.615677 -4.641651
-12.474520 48.609344 -4.588872
-12.526624 48.598507 -4.444673
-12.857405 48.579159 -4.060088
-12.604815 48.602509 -4.224470
-12.993936 48.581425 -3.767029
-12.913786 48.550373 -3.959903
-12.777669 48.593628 -4.011071
-12.666410 48.596233 -4.272175
-12.489675 48.607807 -4.417041
-12.879172 48.577572 -4.081094
-12.573425 48.569305 -4.206796
-12.969954 48.538910 -3.937659
-13.026722 48.575954 -3.776741
-12.638488 48.565456 -4.194357
-12.600685 48.552608 -4.346464
-12.424767 48.624920 -4.546485
-12.697359 48.561630 -4.178349
-12.480317 48.613537 -4.537825
-12.761468 48.569023 -3.981156
-12.754881 48.548901 -4.163745
-13.052939 48.566502 -3.785694
-12.797578 48.589336 -4.025844
-12.613525 48.598118 -4.235559
-12.670269 48.588573 -4.290143
-12.523764 48.592022 -4.452070
-12.982044 48.567303 -3.714771
-12.821909 48.563950 -3.961398
-13.092485 48.572048 -3.800532
-12.431409 48.608665 -4.557570
-12.489293 48.603951 -4.417092
-12.811543 48.581978 -4.037668
-12.566083 48.607178 -4.198451
-12.948811 48.583103 -3.746624
-12.875388 48.559029 -3.937449
-12.732521 48.592270 -3.988496
-12.623023 48.598640 -4.246638
-12.834582 48.583221 -4.059293
-12.936091 48.552883 -3.915496
-12.978835 48.578102 -3.756660
-12.598479 48.567295 -4.167716
-12.563841 48.560001 -4.320283
-12.659551 48.567154 -4.152943
-12.442836 48.619007 -4.508845
-12.719768 48.560051 -4.140981
-12.718077 48.571442 -3.955615
-13.006662 48.573452 -3.766231
-12.753717 48.591824 -4.002486
-12.628921 48.593678 -4.265848
-12.578104 48.608311 -4.211403
-12.489135 48.603100 -4.427137
-13.041710 48.576710 -3.782959
-12.779273 48.566231 -3.936472
-12.938503 48.571766 -3.691399
-12.771438 48.588898 -4.015388
-12.903353 48.582809 -3.726227
-12.527289 48.607800 -4.171656
-12.835720 48.564861 -3.914382
-12.697681 48.601349 -3.964953
-12.583673 48.603413 -4.221405
-12.894407 48.558037 -3.894774
-12.785458 48.583553 -4.037206
-12.930938 48.579235 -3.737991
-12.564883 48.576168 -4.142618
-12.625503 48.577114 -4.128623
-12.680220 48.562817 -4.117143
-12.966581 48.583408 -3.746125
-12.716373 48.598278 -3.979889
-12.681219 48.578842 -3.929431
-12.535872 48.605453 -4.184934
-12.585367 48.595104 -4.240320
-12.991214 48.579296 -3.764610
-12.741334 48.573807 -3.913254
-12.890583 48.570889 -3.669145
-12.727119 48.591461 -3.994226
-12.868032 48.591961 -3.704860
-12.796652 48.569576 -3.891942
-12.851436 48.559345 -3.874843
-12.660788 48.606716 -3.941580
-12.540214 48.600761 -4.196503
-12.746015 48.593410 -4.016337
-12.897669 48.592102 -3.716460
-12.638789 48.562862 -4.093476
-12.579986 48.570755 -4.103883
-12.917903 48.583660 -3.728246
-12.677486 48.603985 -3.957461
-12.552308 48.608955 -4.218818
-12.504486 48.618015 -4.161087
-12.644177 48.584244 -3.904658
-12.946643 48.586975 -3.746403
-12.703503 48.578323 -3.889258
-12.691221 48.601738 -3.972256
-12.832542 48.600132 -3.683500
-12.755258 48.572662 -3.870455
-12.813622 48.565876 -3.854429
-12.624493 48.610970 -3.918834
-12.506497 48.611687 -4.173604
-12.703415 48.597713 -3.995019
-12.857686 48.597984 -3.696991
-12.604556 48.570827 -4.070568
-12.877475 48.590637 -3.709560
-12.639981 48.609459 -3.934878
-12.511843 48.610878 -4.194383
-12.606801 48.587677 -3.879892
-12.894089 48.584843 -3.729640
-12.666609 48.583694 -3.865891
-12.793269 48.601837 -3.663877
-12.654817 48.609051 -3.950292
-12.720057 48.578754 -3.848323
-12.778906 48.573914 -3.833697
-12.589917 48.616962 -3.895931
-12.665018 48.605370 -3.974002
-12.818916 48.602650 -3.677366
-14.060816 48.386944 -5.504452
-14.062865 48.380360 -5.472594
-14.065033 48.384094 -5.473776
-14.132463 48.376068 -5.398725
-14.055562 48.382778 -5.449621
-14.067183 48.383003 -5.426181
-14.141932 48.373539 -5.345738
-13.991005 48.388340 -5.443065
-14.141874 48.378117 -5.304522
-13.998168 48.385090 -5.415043
-13.973855 48.404369 -5.469292
-13.999128 48.390957 -5.413416
-14.067065 48.383148 -5.346825
-13.990960 48.388454 -5.390626
-14.004573 48.390518 -5.371263
-14.084768 48.385448 -5.297424
-14.152143 48.379631 -5.227274
-13.926804 48.391045 -5.387660
-13.905492 48.394299 -5.405976
-14.078396 48.387909 -5.252423
-13.939987 48.392017 -5.364100
-13.897750 48.396454 -5.401468
-14.012297 48.394840 -5.303331
-13.940866 48.398754 -5.358206
-14.125631 48.395351 -5.202382
-14.143394 48.395798 -5.185622
-14.160469 48.388748 -5.154921
-13.931144 48.395504 -5.335539
-14.027015 48.393467 -5.250674
-13.948391 48.400196 -5.321540
-14.087762 48.387630 -5.177408
-13.877041 48.402882 -5.343142
-13.810120 48.401768 -5.392184
-14.172726 48.390282 -5.087463
-13.824018 48.426815 -5.419704
-13.850110 48.401665 -5.352019
-13.891609 48.403614 -5.319498
-13.842278 48.401966 -5.351815
-14.021087 48.398842 -5.204156
-13.958932 48.406296 -5.259760
-13.888122 48.407825 -5.307575
-14.060913 48.401386 -5.152594
-14.103017 48.400036 -5.115862
-14.077201 48.401123 -5.137363
-13.877232 48.401760 -5.285765
-13.974864 48.403702 -5.207055
-13.888721 48.403255 -5.268679
-14.030932 48.396530 -5.131289
-13.829328 48.413441 -5.300657
-14.107657 48.392529 -5.043461
-13.765103 48.412727 -5.345267
-13.749632 48.440742 -5.401560
-13.754543 48.415756 -5.351553
-13.840174 48.410599 -5.273093
-13.800243 48.410305 -5.302640
-13.791324 48.407829 -5.304703
-13.898959 48.409641 -5.213291
-13.955529 48.400871 -5.151702
-13.827862 48.407898 -5.253419
-14.044152 48.407494 -5.076293
-14.022022 48.409901 -5.095396
-14.001280 48.406693 -5.106046
-13.715403 48.424461 -5.353198
-13.825719 48.408707 -5.237953
-13.919308 48.407356 -5.161707
-13.839544 48.414009 -5.224870
-13.978058 48.405956 -5.089869
-13.778380 48.418396 -5.256406
-14.051395 48.398529 -5.003761
-14.199886 48.408234 -4.900963
-13.722394 48.423428 -5.301757
-13.677234 48.421982 -5.330972
-13.793513 48.418953 -5.230602
-13.749776 48.419525 -5.266049
-13.709023 48.423767 -5.304752
-13.754244 48.419434 -5.256548
-13.850430 48.418442 -5.174450
-13.902152 48.408264 -5.107541
-13.989805 48.415302 -5.039263
-13.786491 48.421482 -5.211872
-13.971968 48.422020 -5.057271
-13.955170 48.421150 -5.066897
-13.877532 48.421185 -5.125132
-13.782443 48.419579 -5.196598
-13.665739 48.426895 -5.301146
-13.793626 48.422264 -5.183044
-13.640157 48.433044 -5.323222
-14.172441 48.414524 -4.863618
-13.923597 48.410568 -5.047975
-14.005753 48.410046 -4.969613
-13.732557 48.426693 -5.215996
-14.165235 48.410683 -4.836546
-14.141373 48.416744 -4.864179
-13.679352 48.432163 -5.258326
-13.748165 48.426128 -5.189480
-13.640126 48.434902 -5.290593
-13.701447 48.423027 -5.221675
-13.663908 48.429714 -5.258694
-13.798841 48.422623 -5.133808
-14.171299 48.433369 -4.846915
-13.706097 48.424831 -5.209282
-13.858659 48.421272 -5.068270
-13.936946 48.422916 -5.003568
-13.744139 48.433239 -5.171150
-13.915782 48.424900 -5.015537
-13.823604 48.420647 -5.083343
-13.906646 48.429951 -5.028057
-13.739744 48.429367 -5.155949
-13.574002 48.435165 -5.297071
-13.625829 48.437130 -5.257480
-13.751010 48.432091 -5.143806
-14.114411 48.421009 -4.828985
-13.590646 48.432396 -5.270541
-13.880925 48.423515 -5.010777
-13.952851 48.413586 -4.933315
-13.691330 48.435375 -5.179535
-14.106730 48.417377 -4.805484
-14.173957 48.437496 -4.778598
-14.088199 48.426453 -4.829150
-13.705120 48.433044 -5.151764
-13.634894 48.437065 -5.214383
-13.660142 48.431675 -5.183806
-13.595157 48.437767 -5.243905
-13.754751 48.430832 -5.098958
-13.626548 48.440708 -5.219803
-13.667523 48.437042 -5.170437
-14.114360 48.442631 -4.810017
-13.883408 48.426598 -4.968025
-13.807734 48.425316 -5.026884
-13.783539 48.431232 -5.048878
-13.695394 48.434742 -5.125444
-13.862727 48.428371 -4.976427
-13.855066 48.434132 -4.987416
-13.694071 48.434578 -5.114910
-13.578702 48.436256 -5.209612
-13.534975 48.442219 -5.253438
-14.057611 48.426273 -4.794312
-13.703778 48.436558 -5.102887
-13.554601 48.443119 -5.230162
-13.909008 48.422806 -4.899831
-13.836271 48.432800 -4.975225
-13.645576 48.439644 -5.139946
-14.052830 48.425373 -4.775515
-14.118233 48.444630 -4.744513
-14.033524 48.431385 -4.795057
-13.662565 48.438839 -5.113343
-13.617245 48.435509 -5.145461
-13.596548 48.446232 -5.176317
-13.707344 48.433403 -5.060934
-13.554482 48.443123 -5.201839
-13.581327 48.441643 -5.174602
-13.626367 48.443516 -5.129079
-14.064316 48.453838 -4.774753
-13.839921 48.436882 -4.937334
-13.763661 48.434437 -4.989183
-13.738597 48.435432 -5.011357
-14.178227 48.444317 -4.653408
-13.818727 48.436615 -4.942988
-13.655661 48.444138 -5.087461
-13.810248 48.442436 -4.951905
-13.652174 48.440243 -5.075745
-14.007874 48.433563 -4.764093
-13.544868 48.446682 -5.171226
-13.660148 48.440487 -5.063878
-13.499979 48.450741 -5.213054
-13.861368 48.426601 -4.866741
-13.515322 48.448242 -5.188018
-13.789036 48.436352 -4.937161
-13.601865 48.442631 -5.102389
-13.999331 48.431305 -4.746288
-13.620412 48.442574 -5.075664
-14.062004 48.448814 -4.710543
-13.582361 48.446316 -5.112798
-13.981157 48.436966 -4.761515
-13.553626 48.446903 -5.134519
-14.219798 48.433399 -4.548184
-13.665486 48.441319 -5.028087
-13.516932 48.449066 -5.162395
-13.542950 48.446735 -5.135939
-14.239594 48.430805 -4.513637
-13.794108 48.442451 -4.905503
-13.584052 48.447178 -5.088583
-14.006197 48.456219 -4.738126
-14.128478 48.450687 -4.626041
-13.697213 48.442223 -4.977797
-13.720465 48.440369 -4.951511
-13.777206 48.446495 -4.910063
-14.196161 48.425274 -4.522301
-13.615719 48.448483 -5.048914
-13.765572 48.447659 -4.915762
-13.607953 48.441185 -5.035441
-13.953872 48.437454 -4.732123
-13.616445 48.443474 -5.026323
-13.506416 48.451744 -5.131158
-13.460585 48.451756 -5.168902
-13.820490 48.435429 -4.835922
-13.560369 48.445324 -5.066826
-13.477093 48.451160 -5.145866
-13.735631 48.433792 -4.897540
-13.950259 48.437550 -4.718188
-13.574203 48.439861 -5.037003
-14.012927 48.455967 -4.679582
-13.538064 48.446320 -5.073948
-13.935033 48.444633 -4.730353
-14.161530 48.436134 -4.520760
-13.631031 48.453220 -4.999619
-13.512539 48.449348 -5.093983
-13.478872 48.452061 -5.123065
-13.500782 48.447315 -5.094813
-14.169687 48.427505 -4.489257
-13.746407 48.445309 -4.873874
-14.075195 48.453568 -4.597586
-13.540065 48.445984 -5.046202
-13.652898 48.441311 -4.941795
-13.952765 48.459938 -4.704001
-13.726094 48.443672 -4.873843
-14.155329 48.440411 -4.498381
-13.680915 48.449841 -4.916354
-13.576052 48.453850 -5.011750
-13.722204 48.451698 -4.880987
-13.571570 48.448124 -5.000855
-14.193933 48.456268 -4.472758
-13.907494 48.443192 -4.702449
-13.778579 48.438358 -4.805324
-13.582308 48.454185 -4.994328
-13.423921 48.454514 -5.129493
-13.469189 48.455585 -5.091047
-13.524336 48.453323 -5.035029
-13.900938 48.441872 -4.691578
-13.441510 48.455791 -5.107047
-13.697460 48.442116 -4.865153
-13.543355 48.452141 -5.007590
-13.501427 48.451332 -5.040850
-13.884206 48.445988 -4.698959
-13.958415 48.456909 -4.647726
-13.589711 48.455986 -4.966879
-14.112879 48.444378 -4.493990
-13.476946 48.453068 -5.058017
-13.442727 48.456863 -5.086405
-13.467182 48.453785 -5.060066
-14.130029 48.444550 -4.467342
-13.707106 48.453983 -4.845805
-14.027245 48.457645 -4.570883
-13.625931 48.458145 -4.916257
-13.508151 48.457310 -5.013347
-14.098377 48.441971 -4.472330
-13.687838 48.451054 -4.842905
-13.898180 48.460850 -4.670741
-14.203251 48.464466 -4.408148
-13.638951 48.453651 -4.881504
-13.537690 48.458038 -4.975954
-13.680493 48.456528 -4.847508
-13.863503 48.449615 -4.674733
-13.742216 48.447540 -4.777046
-13.535026 48.454079 -4.966312
-14.134212 48.459206 -4.444017
-13.541134 48.454773 -4.958098
-13.435163 48.460052 -5.054966
-13.488523 48.458271 -5.004008
-13.391809 48.461700 -5.093223
-13.854746 48.447689 -4.664733
-13.663489 48.452900 -4.835977
-13.407665 48.461243 -5.070934
-13.508623 48.458958 -4.977159
-13.468257 48.458897 -5.010301
-13.840613 48.451260 -4.669124
-13.554931 48.465927 -4.938496
-14.059611 48.446350 -4.468400
-13.915417 48.465160 -4.619187
-13.444521 48.461445 -5.025276
-13.409699 48.462254 -5.052363
-14.072607 48.446323 -4.444866
-13.661759 48.453457 -4.815536
-13.983327 48.464104 -4.544570
-13.432688 48.459373 -5.024700
-13.584274 48.458942 -4.883595
-14.046929 48.445709 -4.447995
-13.468035 48.456608 -4.974256
-13.650759 48.460342 -4.813975
-14.143836 48.464394 -4.381592
-13.856491 48.468830 -4.640713
-13.501715 48.462914 -4.942114
-13.697604 48.446915 -4.747439
-13.595573 48.453629 -4.846143
-13.637366 48.457523 -4.813518
-13.819354 48.455063 -4.647060
-13.498054 48.457123 -4.933293
-13.511942 48.467842 -4.929982
-14.091151 48.470577 -4.417518
-13.453198 48.462105 -4.972281
-13.813057 48.453857 -4.640423
-13.402060 48.465405 -5.019519
-13.358752 48.463928 -5.055727
-13.628099 48.459846 -4.806287
-13.471308 48.460037 -4.944213
-13.374134 48.464592 -5.034150
-13.430041 48.459095 -4.976733
-13.515661 48.467419 -4.907791
-13.800663 48.460068 -4.641801
-14.009472 48.449818 -4.442575
-13.870096 48.468700 -4.589510
-14.204367 48.464787 -4.285448
-13.409595 48.464119 -4.991432
-13.934792 48.464287 -4.519437
-14.286379 48.447128 -4.183377
-14.017145 48.446781 -4.423011
-13.625331 48.461704 -4.788719
-13.396426 48.459160 -4.988891
-13.548374 48.462944 -4.854020
-14.003363 48.453228 -4.424470
-13.434192 48.461151 -4.941001
-13.611914 48.463829 -4.784604
-14.097404 48.472340 -4.356821
-13.814642 48.475834 -4.610727
-13.663289 48.454819 -4.721196
-13.603798 48.466240 -4.785086
-13.779622 48.460823 -4.620511
-13.475818 48.478466 -4.913725
-13.567459 48.468563 -4.818615
-13.464465 48.462688 -4.901411
-13.474806 48.469906 -4.897005
-13.417062 48.465092 -4.941344
-13.773109 48.461758 -4.615962
-14.040193 48.474110 -4.389619
-13.367795 48.467949 -4.984932
-13.325793 48.466198 -5.019649
-13.438365 48.464554 -4.914441
-14.230528 48.453655 -4.186897
-13.584470 48.457893 -4.772414
-13.397104 48.463615 -4.946964
-13.342162 48.467781 -5.000106
-13.476057 48.466942 -4.877165
-14.145520 48.461819 -4.265314
-13.970581 48.459576 -4.418690
-13.759122 48.464058 -4.614002
-13.829799 48.475540 -4.562261
-13.900404 48.475307 -4.495228
-14.237336 48.454712 -4.164448
-13.377578 48.470436 -4.959437
-13.974751 48.456207 -4.401492
-13.346609 48.472641 -4.986948
-13.586836 48.466251 -4.762137
-13.376070 48.480057 -4.965679
-13.513218 48.466850 -4.825113
-13.957082 48.457188 -4.401931
-13.573556 48.466202 -4.754527
-13.403079 48.468349 -4.909632
-14.046273 48.473980 -4.331819
-13.623106 48.454510 -4.692719
-13.733807 48.460503 -4.593830
-13.768093 48.476524 -4.580525
-13.568080 48.471222 -4.755493
-13.436102 48.474785 -4.878248
-13.530757 48.472622 -4.786990
-13.435247 48.471684 -4.872716
-13.395141 48.484325 -4.921123
-13.441395 48.475540 -4.867963
-13.731098 48.465958 -4.591753
-13.986526 48.474075 -4.362724
-14.181543 48.458107 -4.165941
-13.346931 48.486797 -4.958992
-13.298544 48.474789 -4.988723
-13.404787 48.469204 -4.885440
-14.110634 48.473030 -4.244678
-13.365820 48.468914 -4.918507
-13.545949 48.459274 -4.742394
-13.447437 48.478012 -4.852631
-13.321304 48.486633 -4.974169
-13.922800 48.459656 -4.394245
-13.727271 48.473583 -4.588281
-13.854747 48.475056 -4.471364
-13.790251 48.482277 -4.535699
-14.188439 48.459198 -4.144905
-13.352907 48.483852 -4.933885
-13.925457 48.458702 -4.380631
-13.550471 48.470459 -4.736157
-13.479717 48.471527 -4.797521
-13.340045 48.476788 -4.930672
-13.917949 48.465008 -4.379559
-13.535860 48.467514 -4.726587
-13.589205 48.460339 -4.667245
-13.996458 48.474426 -4.308209
-13.373449 48.475334 -4.879615
-13.698034 48.467690 -4.569133
-13.531383 48.474369 -4.726722
-13.403656 48.478176 -4.847783
-13.730765 48.483871 -4.553092
-13.400816 48.472321 -4.841035
-13.353931 48.475864 -4.886580
-13.408126 48.478085 -4.838282
-13.493726 48.474716 -4.755440
-13.687934 48.467346 -4.568401
-14.149212 48.471893 -4.144356
-13.380027 48.481674 -4.861324
-14.066729 48.477665 -4.224097
-13.308500 48.478775 -4.921425
-13.945842 48.482059 -4.337605
-13.520615 48.472820 -4.717570
-13.408075 48.474483 -4.822797
-13.886613 48.467995 -4.371657
-13.819775 48.482174 -4.448731
-13.688132 48.478260 -4.562456
-13.283527 48.478474 -4.935857
-13.749848 48.484093 -4.509315
-14.139642 48.463730 -4.126772
-13.882311 48.463245 -4.360727
-13.511137 48.470085 -4.709777
-13.316072 48.479740 -4.899657
-13.450501 48.479614 -4.771680
-13.285249 48.479771 -4.923678
-13.320008 48.495575 -4.906801
-13.873641 48.467644 -4.357656
-13.554965 48.464207 -4.641835
-13.511132 48.484051 -4.703068
-13.961432 48.485573 -4.284761
-13.340414 48.475742 -4.847856
-13.660194 48.471184 -4.544672
-13.494824 48.474434 -4.697317
-13.376099 48.487957 -4.820383
-13.696815 48.493740 -4.526795
-13.325898 48.485863 -4.862751
-13.369546 48.477619 -4.812577
-13.650354 48.471863 -4.545315
-13.373614 48.477779 -4.808052
-14.025034 48.482002 -4.205509
-13.456917 48.473759 -4.724664
-14.095715 48.470116 -4.125991
-13.354193 48.492279 -4.836622
-13.303755 48.477486 -4.863738
-13.784464 48.487331 -4.426176
-13.286053 48.492809 -4.895004
-13.240874 48.482334 -4.925909
-13.899809 48.483875 -4.313004
-13.377318 48.481827 -4.797088
-13.485140 48.474751 -4.688758
-13.842615 48.468529 -4.349082
-13.647057 48.476151 -4.536227
-13.264231 48.497166 -4.912654
-14.101659 48.473450 -4.106380
-13.707904 48.485172 -4.483060
-13.846649 48.473629 -4.340895
-13.479153 48.477737 -4.686965
-13.287750 48.485554 -4.870998
-13.416152 48.479382 -4.744267
-13.281327 48.485622 -4.870723
-13.836471 48.474155 -4.335896
-13.534893 48.482075 -4.620804
-13.476301 48.484940 -4.676365
-13.915137 48.485458 -4.261643
-13.626381 48.477058 -4.520598
-13.311360 48.481659 -4.818535
-13.465613 48.482521 -4.671480
-13.293772 48.486248 -4.834479
-13.342072 48.486534 -4.789446
-13.982269 48.484474 -4.186337
-13.339144 48.479733 -4.784144
-13.613690 48.477268 -4.522862
-14.053937 48.474415 -4.105994
-13.345800 48.485634 -4.782138
-13.652465 48.490063 -4.497993
-13.433328 48.489044 -4.699695
-13.315028 48.482540 -4.804111
-13.746702 48.490860 -4.403122
-13.277589 48.486130 -4.839117
-13.345957 48.485275 -4.772934
-13.810289 48.478268 -4.326923
-13.250099 48.485512 -4.860809
-13.457917 48.485592 -4.664138
-13.612167 48.480156 -4.511565
-13.857720 48.488033 -4.287381
-14.056208 48.476433 -4.088787
-13.228499 48.487728 -4.876375
-13.674258 48.492027 -4.458949
-13.799722 48.472752 -4.321393
-13.457062 48.495987 -4.666778
-13.388243 48.486290 -4.719795
-13.259995 48.490288 -4.843041
-13.230086 48.491207 -4.867693
-13.255987 48.495117 -4.845321
-13.795854 48.477211 -4.314460
-13.497168 48.478420 -4.595115
-13.450159 48.497650 -4.652338
-13.879782 48.494648 -4.238280
-14.035293 48.473179 -4.069716
-13.588947 48.478493 -4.496883
-13.280541 48.481770 -4.788772
-13.950009 48.494244 -4.165581
-13.441933 48.496861 -4.647957
-13.262817 48.488544 -4.808214
-13.574615 48.477009 -4.500717
-14.011175 48.476891 -4.086823
-13.312719 48.487358 -4.758149
-13.313581 48.491367 -4.760826
-13.314584 48.486904 -4.754494
-13.288040 48.490337 -4.780275
-13.616114 48.494274 -4.472012
-13.711319 48.495075 -4.382024
-13.396276 48.486168 -4.670413
-13.312190 48.483967 -4.746233
-13.774342 48.483562 -4.305123
-13.226970 48.495617 -4.834541
-13.190136 48.494999 -4.868194
-13.421420 48.481628 -4.635552
-14.008045 48.475861 -4.072179
-13.578668 48.483932 -4.486824
-13.819568 48.493629 -4.263593
-13.413736 48.485138 -4.640235
-13.765459 48.482910 -4.301486
-13.206800 48.501675 -4.850628
-13.634103 48.490810 -4.433354
-13.359262 48.491329 -4.694739
-13.228836 48.488438 -4.813355
-13.224573 48.492245 -4.814262
-13.753906 48.476475 -4.293922
-13.473220 48.490826 -4.573072
-13.410466 48.491249 -4.625445
-13.838990 48.496723 -4.216880
-13.911664 48.497036 -4.147536
-13.992491 48.478783 -4.052601
-13.569392 48.499313 -4.475748
-13.232081 48.487789 -4.782721
-13.405998 48.491814 -4.620071
-13.971358 48.479874 -4.067450
-13.248654 48.480019 -4.758426
-13.557129 48.500622 -4.482208
-13.286987 48.498009 -4.734871
-13.285223 48.493114 -4.731569
-13.677975 48.498924 -4.360096
-13.286439 48.492802 -4.728663
-13.258472 48.492397 -4.753927
-13.580805 48.496281 -4.446021
-13.286193 48.492691 -4.724436
-13.739610 48.487644 -4.283278
-13.371272 48.497623 -4.644936
-14.143498 48.375969 -5.436747
-13.969309 48.480717 -4.053397
-13.394422 48.489422 -4.611711
-13.558940 48.503773 -4.465725
-13.198626 48.497368 -4.805292
-14.138584 48.373226 -5.422259
-13.326788 48.488842 -4.669398
-13.392735 48.505264 -4.620647
-13.784360 48.499737 -4.239601
-13.726581 48.486794 -4.282760
-13.177032 48.499588 -4.820862
-13.599782 48.493736 -4.409399
-13.204067 48.496853 -4.788659
-13.172056 48.490910 -4.810086
-13.723795 48.485920 -4.273762
-13.198297 48.496788 -4.787639
-13.434171 48.483379 -4.548286
-13.382648 48.498199 -4.602390
-13.872421 48.498947 -4.128871
-13.526750 48.491489 -4.451915
-13.953063 48.486908 -4.036622
-13.800411 48.499405 -4.194616
-13.206747 48.496384 -4.760184
-13.935004 48.486328 -4.047766
-13.382155 48.505177 -4.596594
-13.511209 48.490326 -4.458659
-13.637640 48.494904 -4.340254
-13.228847 48.495770 -4.735342
-13.260055 48.502686 -4.708992
-13.256135 48.494053 -4.704511
-13.232056 48.499119 -4.730798
-13.261014 48.501350 -4.704713
-13.194283 48.500751 -4.765884
-13.257142 48.496796 -4.700839
-13.707518 48.494343 -4.261906
-13.550121 48.503662 -4.421719
-14.080594 48.385715 -5.384001
-13.933040 48.487206 -4.035124
-13.334928 48.490582 -4.615724
-13.366096 48.494331 -4.585912
-13.516046 48.494926 -4.440521
-14.075419 48.381950 -5.368140
-13.170848 48.498039 -4.776746
-13.354906 48.496601 -4.595819
-13.300363 48.495560 -4.646265
-13.683657 48.484234 -4.263055
-13.570732 48.501900 -4.386383
-13.749160 48.505852 -4.215616
-13.139521 48.480282 -4.783550
-13.175897 48.498684 -4.762235
-13.687432 48.488316 -4.253494
-13.416574 48.502892 -4.527776
-13.166465 48.491009 -4.758108
-13.937686 48.392914 -5.442974
-13.838753 48.503986 -4.110469
-13.351603 48.499546 -4.577572
-13.939898 48.395340 -5.436389
-13.502883 48.503941 -4.431284
-13.766585 48.504372 -4.173400
-13.912220 48.491199 -4.020131
-13.898872 48.489731 -4.028857
-13.609056 48.501034 -4.319379
-13.180166 48.502125 -4.737098
-13.487215 48.505867 -4.438672
-13.346150 48.499195 -4.570166
-13.198995 48.492741 -4.707025
-13.204949 48.501907 -4.707816
-13.232096 48.502369 -4.680478
-13.222398 48.485558 -4.675171
-13.229896 48.501762 -4.681350
-13.230161 48.503696 -4.679871
-13.664557 48.487709 -4.241600
-14.009155 48.385559 -5.325705
-13.898158 48.493462 -4.016770
-13.515562 48.505577 -4.396403
-13.314458 48.506466 -4.593383
-13.493823 48.509071 -4.418324
-14.013136 48.387493 -5.314053
-13.335960 48.496567 -4.561722
-13.144712 48.499496 -4.749490
-13.324553 48.500980 -4.573718
-13.111777 48.504353 -4.784174
-13.274847 48.503166 -4.623762
-13.648637 48.489521 -4.244757
-13.548765 48.517971 -4.362700
-13.125199 48.505421 -4.764836
-13.709175 48.504707 -4.192847
-13.146784 48.495560 -4.734584
-13.379483 48.494129 -4.503612
-13.651810 48.490612 -4.233894
-13.116986 48.490227 -4.755146
-13.146577 48.505817 -4.736479
-14.168350 48.385593 -5.153483
-13.801467 48.504581 -4.092426
-13.877933 48.396969 -5.387351
-14.158325 48.390675 -5.162531
-13.324354 48.505421 -4.555224
-13.869725 48.423477 -5.435435
-13.881056 48.400276 -5.381392
-13.462374 48.495789 -4.408039
-13.871679 48.499683 -4.008482
-13.731861 48.508461 -4.151564
-13.864739 48.489597 -4.005657
-13.572495 48.498379 -4.298554
-13.153245 48.505901 -4.714088
-13.447220 48.499760 -4.418176
-13.325332 48.513111 -4.547897
-13.179020 48.507515 -4.683985
-13.167903 48.486862 -4.678160
-13.205514 48.508114 -4.657393
-13.204657 48.504101 -4.654717
-13.192891 48.483589 -4.649642
-13.636145 48.494823 -4.220690
-13.129713 48.486492 -4.711915
-13.198449 48.501122 -4.655212
-13.854567 48.490128 -4.000663
-13.955660 48.397057 -5.280815
-13.284378 48.505577 -4.567149
-13.457500 48.504280 -4.395423
-13.496881 48.524132 -4.372445
-13.953907 48.392673 -5.264033
-13.312989 48.506748 -4.538276
-13.298469 48.508762 -4.553373
-13.246015 48.504223 -4.600939
-13.121167 48.506702 -4.724758
-13.613105 48.491863 -4.226572
-13.509155 48.510700 -4.340079
-13.107040 48.521969 -4.743052
-13.624304 48.498611 -4.213611
-13.349340 48.495457 -4.482279
-13.125648 48.507523 -4.712405
-13.680203 48.513817 -4.168383
-13.770097 48.510273 -4.074573
-14.107513 48.392239 -5.108485
-13.113121 48.491150 -4.705870
-13.828175 48.405750 -5.340874
-14.105783 48.405300 -5.124577
-13.299010 48.514011 -4.532688
-13.789972 48.405903 -5.361148
-13.828477 48.406376 -5.331628
-13.438344 48.507259 -4.387454
-13.828568 48.495228 -3.991667
-13.545731 48.506287 -4.278940
-13.829954 48.495899 -3.988723
-13.695806 48.508751 -4.130626
-13.122406 48.500141 -4.689456
-13.413317 48.499729 -4.397835
-13.295762 48.514267 -4.524412
-13.143872 48.494278 -4.656994
-13.151720 48.506161 -4.657588
-13.605018 48.498383 -4.200764
-13.177735 48.507881 -4.631709
-13.178557 48.508728 -4.630924
-13.177481 48.506859 -4.630335
-13.825179 48.499477 -3.981166
-13.171611 48.504936 -4.633614
-13.903042 48.405369 -5.235954
-13.427347 48.505604 -4.374086
-13.901029 48.399967 -5.217799
-13.221066 48.510750 -4.579142
-13.284072 48.507767 -4.514044
-13.257710 48.511284 -4.542655
-13.267435 48.509212 -4.531424
-13.458020 48.517677 -4.347637
-13.104085 48.525120 -4.703566
-13.579134 48.494953 -4.208270
-13.068879 48.522129 -4.735060
-13.489478 48.527428 -4.316943
-13.324207 48.500992 -4.460509
-13.591627 48.501427 -4.193811
-13.101841 48.512798 -4.689156
-13.079149 48.517628 -4.715361
-13.738304 48.513966 -4.055387
-13.639802 48.509769 -4.147145
-13.077609 48.517796 -4.712634
-14.045259 48.395054 -5.062978
-13.095047 48.507736 -4.685499
-14.036291 48.404221 -5.077526
-13.782466 48.416004 -5.297643
-13.268581 48.510250 -4.509385
-13.798668 48.501629 -3.972281
-13.528415 48.523693 -4.257748
-13.744742 48.415035 -5.317206
-13.409445 48.511440 -4.366673
-13.778125 48.412178 -5.283858
-13.793795 48.502445 -3.971883
-13.663208 48.512508 -4.109376
-13.099885 48.511436 -4.670223
-13.384678 48.504932 -4.378431
-13.270379 48.518787 -4.501274
-13.128546 48.517593 -4.639102
-13.577347 48.505405 -4.180525
-13.157496 48.520729 -4.610154
-13.130755 48.519112 -4.635376
-13.794802 48.507000 -3.962495
-13.079471 48.493523 -4.667809
-13.158318 48.521576 -4.609369
-13.155344 48.516991 -4.608975
-13.150331 48.519081 -4.614930
-13.852650 48.413383 -5.193088
-13.407246 48.519421 -4.352475
-13.854494 48.409370 -5.175349
-13.195777 48.515316 -4.557420
-13.239291 48.513306 -4.511320
-13.257141 48.511543 -4.491033
-13.436625 48.532677 -4.324667
-13.232597 48.517742 -4.518042
-13.072623 48.513206 -4.674181
-13.547888 48.501606 -4.188995
-13.299160 48.506573 -4.440153
-13.572926 48.519070 -4.172705
-13.702331 48.513390 -4.038719
-13.452169 48.520813 -4.294871
-13.054494 48.518898 -4.689444
-13.074986 48.513458 -4.664110
-14.003967 48.410976 -5.029216
-14.208882 48.409424 -4.861008
-13.075723 48.521473 -4.664577
-13.611228 48.516815 -4.123424
-13.990234 48.417873 -5.042724
-13.737806 48.424053 -5.254403
-13.247853 48.524216 -4.488537
-13.768599 48.507050 -3.952937
-13.489543 48.515419 -4.238653
-13.379302 48.512772 -4.345345
-13.699091 48.422169 -5.271935
-13.738935 48.425522 -5.244373
-13.755312 48.503365 -3.956761
-13.635446 48.519493 -4.087725
-13.081759 48.531155 -4.651906
-13.357941 48.512856 -4.358837
-13.236256 48.510551 -4.476924
-13.543645 48.502319 -4.160948
-13.104345 48.524033 -4.617979
-13.758175 48.506561 -3.946574
-13.130540 48.520439 -4.586548
-13.121906 48.518085 -4.592858
-13.134506 48.526852 -4.586122
-13.132528 48.524101 -4.584909
-13.105619 48.521500 -4.610170
-13.807040 48.422764 -5.154128
-13.370511 48.511726 -4.331110
-13.815736 48.423805 -5.140055
-13.172643 48.523617 -4.536881
-13.215503 48.521744 -4.491527
-13.229525 48.511387 -4.468169
-13.525997 48.516819 -4.169587
-13.210196 48.526852 -4.495307
-13.049129 48.516384 -4.650265
-13.668391 48.512444 -4.021220
-13.265028 48.497421 -4.418656
-13.398898 48.524059 -4.301266
-13.020478 48.525555 -4.683856
-13.529135 48.506626 -4.155462
-13.428531 48.531132 -4.272171
-13.052819 48.519524 -4.642155
-13.030402 48.519085 -4.664227
-13.953017 48.418251 -4.991364
-14.151985 48.417892 -4.828470
-13.028468 48.520412 -4.663621
-13.047580 48.515209 -4.638376
-13.580844 48.521191 -4.101314
-13.936344 48.424644 -5.005084
-13.691253 48.429398 -5.211367
-13.474126 48.535549 -4.217273
-13.214893 48.517887 -4.466189
-13.352869 48.518589 -4.325077
-13.656485 48.428936 -5.230727
-13.690122 48.427094 -5.198748
-13.722096 48.510429 -3.939722
-13.601349 48.518475 -4.067413
-13.047754 48.515762 -4.626327
-13.328063 48.515213 -4.338891
-13.218633 48.526012 -4.455832
-13.517535 48.510098 -4.140595
-13.074811 48.517094 -4.594718
-13.100933 48.530128 -4.573505
-13.038622 48.519485 -4.629700
-13.103417 48.519169 -4.562984
-13.105881 48.521709 -4.560631
-13.107728 48.527554 -4.562486
-13.768208 48.436256 -5.120287
-13.077647 48.516220 -4.583933
-13.348347 48.521851 -4.309738
-13.767531 48.427448 -5.098595
-13.140131 48.512089 -4.513233
-13.187846 48.524715 -4.470731
-13.640536 48.517567 -4.003885
-13.198601 48.504677 -4.445000
-13.246585 48.512028 -4.398360
-13.488812 48.513401 -4.152402
-13.509275 48.521458 -4.135234
-13.028138 48.525265 -4.627473
-13.181261 48.523804 -4.470502
-13.376091 48.535229 -4.277802
-13.391285 48.520481 -4.250930
-14.093674 48.422527 -4.795439
-13.026364 48.518116 -4.617867
-13.902211 48.422432 -4.952896
-13.008988 48.525959 -4.640102
-13.434325 48.521404 -4.199831
-13.886802 48.430763 -4.970030
-13.024352 48.519405 -4.615856
-13.649661 48.437073 -5.172219
-13.552673 48.526169 -4.078356
-13.190518 48.523331 -4.445119
-13.329893 48.527863 -4.304513
-13.615372 48.435490 -5.190871
-13.651999 48.437313 -5.162139
-13.026283 48.524853 -4.607110
-13.686486 48.511822 -3.923015
-13.569167 48.520168 -4.046937
-13.300655 48.519196 -4.319473
-13.191764 48.525749 -4.433660
-13.486313 48.508636 -4.121554
-14.184441 48.443581 -4.713696
-13.053257 48.526142 -4.574093
-13.070767 48.523323 -4.551023
-13.079885 48.525463 -4.541146
-13.081229 48.522060 -4.537598
-13.079507 48.520329 -4.537758
-13.715473 48.434563 -5.078580
-13.312415 48.510014 -4.289876
-13.056014 48.525230 -4.561903
-13.119990 48.524975 -4.493114
-13.723558 48.433521 -5.060350
-13.614165 48.523403 -3.985026
-13.160936 48.527588 -4.450607
-13.176607 48.511715 -4.423022
-13.222293 48.517509 -4.378696
-13.467933 48.530445 -4.132203
-13.473963 48.516682 -4.117259
-13.006640 48.531193 -4.604796
-13.154322 48.523510 -4.446920
-12.973230 48.526814 -4.634095
-13.373912 48.537861 -4.228367
-13.340508 48.526272 -4.255005
-13.860657 48.432343 -4.920052
-14.035300 48.426205 -4.763867
-13.005122 48.525063 -4.596563
-13.417759 48.538719 -4.179332
-12.986248 48.529037 -4.616875
-13.841397 48.439289 -4.936774
-13.002684 48.524349 -4.593215
-13.606475 48.439926 -5.132594
-13.297108 48.521599 -4.285001
-13.155957 48.508102 -4.421714
-13.517362 48.522305 -4.057525
-13.576482 48.441742 -5.153002
-13.608552 48.439152 -5.121141
-12.997857 48.519787 -4.584470
-13.543370 48.525833 -4.025927
-13.653856 48.517799 -3.906703
-13.464056 48.517807 -4.101640
-13.270541 48.519627 -4.301036
-14.127442 48.447021 -4.682032
-13.164905 48.525494 -4.411488
-13.024482 48.519108 -4.551521
-13.046500 48.528816 -4.531375
-12.990148 48.527344 -4.588366
-13.055320 48.525860 -4.519517
-13.058176 48.527241 -4.515043
-13.670516 48.438812 -5.041164
-13.056627 48.526497 -4.515169
-13.297850 48.530998 -4.267749
-13.031676 48.523487 -4.538191
-13.586804 48.527412 -3.966992
-13.094427 48.523537 -4.472302
-13.683363 48.440044 -5.023973
-13.132866 48.527649 -4.431345
-13.195513 48.517292 -4.357930
-13.454764 48.531384 -4.096294
-13.155304 48.522697 -4.400908
-13.425820 48.518795 -4.116285
-12.980638 48.524590 -4.579199
-13.342113 48.533428 -4.208035
-13.125625 48.517418 -4.422899
-13.984736 48.432705 -4.734543
-13.321162 48.540909 -4.231236
-13.381427 48.528046 -4.161582
-12.979972 48.522476 -4.573641
-13.811920 48.435238 -4.883623
-13.792661 48.441277 -4.903202
-12.962012 48.528244 -4.591727
-12.983207 48.537109 -4.572363
-13.566856 48.445374 -5.096925
-13.141099 48.530296 -4.403131
-13.273972 48.529896 -4.264480
-13.576865 48.451519 -5.089726
-13.538342 48.447895 -5.115803
-13.489938 48.527191 -4.035238
-12.975150 48.526031 -4.564705
-13.444260 48.529518 -4.079376
-13.512238 48.525330 -4.005440
-14.071494 48.448257 -4.650361
-13.251065 48.536446 -4.280768
-13.004262 48.531055 -4.532860
-13.138952 48.526127 -4.389944
-13.019400 48.526642 -4.510697
-13.031104 48.528233 -4.497823
-13.634622 48.447823 -5.009403
-14.190466 48.425419 -4.499744
-13.033616 48.527641 -4.493420
-13.035033 48.531479 -4.493937
-13.271959 48.531662 -4.247602
-13.555012 48.526138 -3.950104
-13.011424 48.532272 -4.516071
-13.070805 48.528896 -4.451906
-13.642917 48.444641 -4.989085
-13.171613 48.520710 -4.339005
-13.105622 48.528561 -4.411303
-13.419849 48.524548 -4.079062
-13.128838 48.520378 -4.379472
-13.411920 48.543713 -4.094007
-12.960646 48.534401 -4.558457
-13.367745 48.549915 -4.140073
-13.316648 48.537006 -4.186370
-13.106777 48.530033 -4.401289
-13.933839 48.437244 -4.705299
-13.767049 48.438618 -4.850471
-12.964231 48.543800 -4.554450
-13.288775 48.533493 -4.209610
-13.750698 48.448288 -4.871892
-12.940483 48.530106 -4.568454
-12.957888 48.533543 -4.549482
-13.528637 48.450584 -5.061175
-13.250666 48.537216 -4.243999
-13.115494 48.532902 -4.381521
-13.497515 48.447372 -5.077537
-13.533656 48.450314 -5.049511
-13.463165 48.531948 -4.012208
-13.408185 48.519871 -4.063002
-12.952101 48.530315 -4.545016
-13.485456 48.529179 -3.985261
-14.028167 48.458656 -4.622581
-13.222336 48.536648 -4.262251
-13.117691 48.533077 -4.368636
-12.980955 48.534317 -4.511796
-12.994623 48.529194 -4.491166
-13.529208 48.530903 -3.931955
-13.008695 48.532372 -4.477380
-14.147092 48.438026 -4.476865
-13.597006 48.455112 -4.977808
-13.248481 48.537998 -4.227158
-13.012369 48.534599 -4.472121
-13.011469 48.533718 -4.471498
-13.046667 48.531307 -4.431622
-13.609327 48.454300 -4.957868
-12.987438 48.532505 -4.492298
-13.148707 48.525967 -4.319263
-13.082078 48.533962 -4.392316
-13.398759 48.536545 -4.058302
-13.106677 48.526447 -4.357543
-13.365991 48.521660 -4.080742
-13.328757 48.531654 -4.124117
-12.938812 48.538376 -4.535864
-13.293252 48.544289 -4.164479
-13.888276 48.442974 -4.677799
-13.725043 48.441559 -4.818560
-13.080409 48.528671 -4.378418
-12.936255 48.533546 -4.530504
-13.706665 48.451611 -4.840821
-13.269430 48.548138 -4.185850
-12.919725 48.535950 -4.546452
-13.492455 48.454517 -5.027450
-12.937895 48.543358 -4.528743
-13.092251 48.536194 -4.361856
-13.225124 48.539856 -4.223790
-13.499471 48.456993 -5.017001
-13.465069 48.455780 -5.044871
-13.393726 48.537766 -4.040227
-12.929822 48.538578 -4.526597
-13.980125 48.462761 -4.594574
-13.434890 48.531929 -3.990111
-13.467547 48.544521 -3.959949
-12.960390 48.544308 -4.493212
-13.193610 48.536854 -4.243740
-13.092474 48.533619 -4.347762
-13.504055 48.535534 -3.913061
-12.974401 48.541157 -4.472510
-14.095152 48.442951 -4.453344
-13.224488 48.541386 -4.206824
-12.986974 48.540459 -4.456800
-13.556323 48.457790 -4.944416
-12.989365 48.535755 -4.450381
-12.988293 48.533886 -4.449794
-13.024850 48.538445 -4.412481
-13.572197 48.460472 -4.925566
-13.124732 48.529362 -4.298939
-12.968431 48.544151 -4.470739
-13.057290 48.536514 -4.372782
-13.368504 48.531960 -4.040704
-13.083012 48.527737 -4.336545
-13.314990 48.553493 -4.101207
-13.348302 48.541161 -4.058865
-12.919467 48.548058 -4.514380
-13.845105 48.449390 -4.652254
-13.682053 48.442680 -4.787478
-13.267450 48.545910 -4.142896
-13.058729 48.533627 -4.355783
-12.916687 48.545376 -4.511106
-14.201451 48.460266 -4.342972
-13.662295 48.452972 -4.809829
-12.898625 48.539825 -4.524524
-13.244793 48.552574 -4.163413
-13.459102 48.461136 -4.997017
-13.198595 48.540672 -4.204406
-12.914304 48.541531 -4.505710
-13.068281 48.539597 -4.341538
-13.360761 48.529621 -4.023613
-13.430550 48.460499 -5.012442
-13.464213 48.461811 -4.983908
-12.908192 48.546711 -4.507432
-13.934391 48.467510 -4.567113
-13.436724 48.541016 -3.941653
-13.416166 48.546432 -3.965590
-13.072458 48.543434 -4.327013
-13.476192 48.536613 -3.895153
-12.936439 48.547718 -4.472906
-13.167601 48.540627 -4.224253
-12.952115 48.549423 -4.454092
-14.045344 48.447544 -4.430405
-13.520321 48.461800 -4.913514
-13.199768 48.544880 -4.185836
-12.963494 48.542744 -4.435778
-13.002608 48.543579 -4.392007
-12.967220 48.541840 -4.428468
-12.968383 48.544659 -4.427613
-13.100154 48.528858 -4.280169
-13.533289 48.460846 -4.892823
-12.946250 48.546162 -4.448220
-13.343541 48.537590 -4.021790
-13.030787 48.537342 -4.353415
-13.279540 48.538742 -4.086349
-13.061926 48.535686 -4.315212
-13.311509 48.530724 -4.044701
-13.804887 48.456318 -4.626504
-13.651199 48.454082 -4.760996
-12.897807 48.553024 -4.491760
-13.239841 48.544857 -4.122922
-14.154923 48.467323 -4.319744
-13.037474 48.540592 -4.334487
-12.897037 48.557171 -4.490303
-13.628330 48.462887 -4.783598
-13.218310 48.550262 -4.141979
-13.424414 48.464874 -4.964627
-13.177742 48.549637 -4.184435
-12.880907 48.558414 -4.504134
-12.895896 48.556179 -4.485460
-13.044142 48.542015 -4.321259
-13.345396 48.546642 -4.000221
-13.429173 48.463581 -4.951589
-13.397246 48.464001 -4.979966
-12.886217 48.552876 -4.488342
-13.889053 48.470200 -4.540391
-13.450954 48.540306 -3.877711
-13.417480 48.552570 -3.917240
-12.914289 48.552898 -4.453849
-13.140989 48.540504 -4.206321
-13.396842 48.557949 -3.939771
-13.048794 48.544731 -4.306022
-12.928243 48.552872 -4.435195
-13.999400 48.453529 -4.407887
-13.174275 48.543491 -4.166439
-13.485679 48.468697 -4.884583
-12.941089 48.546902 -4.415348
-12.977874 48.542103 -4.373285
-12.947523 48.549557 -4.407055
-12.947218 48.551666 -4.407734
-13.077083 48.533146 -4.260477
-13.501760 48.469234 -4.863644
-13.316176 48.537556 -4.003185
-13.008490 48.545609 -4.334994
-12.925655 48.552998 -4.426187
-13.262544 48.554077 -4.064533
-13.036932 48.533184 -4.295114
-13.290594 48.543720 -4.023921
-13.765239 48.462170 -4.601458
-13.613902 48.458366 -4.731591
-13.216323 48.547131 -4.101882
-12.875885 48.556065 -4.470623
-14.112990 48.475674 -4.297597
-12.874429 48.556271 -4.469307
-13.590035 48.465343 -4.755015
-14.238676 48.447495 -4.144481
-13.013562 48.540871 -4.312129
-13.151604 48.548389 -4.165790
-13.391204 48.468414 -4.933565
-13.020220 48.541386 -4.301751
-12.855834 48.544609 -4.479381
-13.314718 48.539150 -3.984150
-13.191273 48.549046 -4.119856
-12.873973 48.559219 -4.464323
-13.396610 48.466984 -4.919777
-13.848487 48.475163 -4.514715
-13.423656 48.540310 -3.860507
-12.863037 48.560272 -4.469312
-13.385331 48.545277 -3.899846
-13.025517 48.543961 -4.285763
-12.891202 48.553123 -4.433567
-13.116055 48.546154 -4.187431
-13.361003 48.546177 -3.921329
-13.953380 48.458572 -4.386823
-13.152008 48.548626 -4.145956
-12.904120 48.555305 -4.414933
-13.450815 48.470547 -4.855086
-12.922670 48.561554 -4.395096
-12.955122 48.544292 -4.352927
-12.924260 48.548798 -4.386806
-13.055902 48.540154 -4.240591
-12.926277 48.556538 -4.385773
-13.461999 48.464703 -4.831092
-13.296291 48.548347 -3.982387
-13.232353 48.545467 -4.047757
-12.981864 48.541424 -4.316472
-12.904717 48.557873 -4.404228
-13.015504 48.539173 -4.273860
-13.724780 48.467178 -4.577203
-13.578815 48.462349 -4.704174
-14.063231 48.476238 -4.275472
-13.257170 48.536716 -4.008038
-13.193965 48.552227 -4.079988
-12.851408 48.545250 -4.447174
-13.555213 48.470352 -4.728974
-12.848828 48.546719 -4.447321
-12.990382 48.541058 -4.290432
-13.127618 48.551800 -4.145472
-13.296126 48.549667 -3.961854
-13.366796 48.482891 -4.909436
-12.837048 48.553219 -4.458602
-12.998144 48.547512 -4.281248
-12.848165 48.544605 -4.441766
-13.172227 48.561607 -4.095432
-13.402424 48.547295 -3.840593
-13.373111 48.482342 -4.896273
-13.336123 48.475403 -4.921637
-13.812039 48.482540 -4.490832
-12.835081 48.541012 -4.448433
-13.366086 48.556843 -3.875441
-12.865374 48.545715 -4.413666
-13.003269 48.549107 -4.265296
-13.091768 48.551674 -4.167796
-13.908403 48.461418 -4.365749
-13.130299 48.552677 -4.126172
-12.881834 48.563591 -4.396525
-13.345716 48.565067 -3.893643
-13.416226 48.473419 -4.826971
-12.899750 48.562767 -4.374780
-12.931553 48.545643 -4.333358
-13.033388 48.543362 -4.221600
-12.906828 48.565285 -4.365738
-13.431430 48.469948 -4.803351
-12.904346 48.559582 -4.364636
-13.266780 48.543682 -3.965468
-13.213122 48.556129 -4.026217
-12.959873 48.547592 -4.297381
-12.884120 48.564720 -4.382202
-12.994803 48.545063 -4.253267
-13.680990 48.465649 -4.552633
-13.546289 48.468002 -4.678673
-14.020796 48.481651 -4.253446
-13.237070 48.550575 -3.986481
-12.830354 48.545105 -4.426060
-13.172118 48.560280 -4.057992
-13.517586 48.471771 -4.702510
-12.831008 48.564373 -4.428381
-13.266833 48.541946 -3.945702
-13.103374 48.553276 -4.126638
-12.968920 48.542976 -4.268578
-13.330263 48.479897 -4.878063
-12.973713 48.543938 -4.261854
-12.817188 48.559971 -4.437241
-13.378483 48.550728 -3.821665
-12.829787 48.563351 -4.422132
-13.340302 48.483822 -4.865954
-13.147981 48.563995 -4.073743
-13.773434 48.486191 -4.465776
-12.816515 48.565979 -4.431493
-13.339188 48.555695 -3.856127
-12.979997 48.548347 -4.245047
-12.841475 48.545105 -4.394178
-13.107041 48.555988 -4.106517
-13.866551 48.465755 -4.344434
-13.061092 48.540127 -4.151147
-12.860022 48.570755 -4.377408
-13.313881 48.555679 -3.875584
-13.385021 48.478809 -4.799987
-12.876830 48.563988 -4.354468
-13.010876 48.546577 -4.202612
-12.908883 48.547878 -4.314415
-13.405764 48.481575 -4.778670
-13.244663 48.549801 -3.944946
-12.881051 48.554752 -4.343789
-12.883656 48.565483 -4.344054
-13.179975 48.542042 -4.011914
-12.934447 48.550312 -4.278619
-12.858563 48.551132 -4.361021
-12.972861 48.548111 -4.232127
-13.646514 48.471718 -4.529376
-13.977200 48.484261 -4.232284
-13.510874 48.470032 -4.651340
-13.203872 48.540524 -3.971375
-13.151135 48.565147 -4.036016
-12.813895 48.570644 -4.406837
-14.101405 48.467930 -4.091703
-13.497412 48.492764 -4.682179
-13.248240 48.552471 -3.923412
-12.808234 48.562504 -4.407434
-13.078060 48.552895 -4.107222
-12.947323 48.547993 -4.247370
-13.302007 48.485794 -4.850874
-12.952707 48.551945 -4.241946
-12.795576 48.560921 -4.415440
-12.807149 48.558388 -4.400544
-13.736481 48.490627 -4.442013
-13.309877 48.485989 -4.837586
-13.275803 48.482685 -4.864795
-13.124381 48.566254 -4.051309
-12.791050 48.552433 -4.411726
-13.320584 48.567131 -3.830979
-12.959975 48.558189 -4.224316
-13.084090 48.557198 -4.086189
-12.819329 48.550304 -4.375139
-13.829639 48.473351 -4.324126
-13.042253 48.556858 -4.130160
-12.830093 48.547840 -4.358179
-13.353121 48.480267 -4.773150
-12.855322 48.569046 -4.334675
-12.986782 48.544979 -4.183150
-13.292404 48.562572 -3.851458
-12.891475 48.568455 -4.293956
-13.219411 48.549450 -3.926926
-13.167992 48.566589 -3.987414
-12.862452 48.568436 -4.323582
-12.859679 48.556721 -4.323354
-13.374213 48.485001 -4.751762
-12.911127 48.552692 -4.260428
-12.839546 48.562809 -4.339481
-13.939190 48.489986 -4.211380
-13.493286 48.489559 -4.630867
-13.611224 48.476944 -4.506910
-12.948351 48.544506 -4.211334
-14.058590 48.473598 -4.074663
-13.220670 48.546490 -3.907107
-13.184926 48.557209 -3.948968
-12.791938 48.569626 -4.385108
-13.123582 48.560081 -4.016867
-13.454473 48.484901 -4.654191
-12.784951 48.557690 -4.386599
-13.058020 48.562729 -4.086484
-12.931017 48.556019 -4.222183
-13.268779 48.484375 -4.822083
-12.925860 48.549919 -4.225523
-12.772772 48.554981 -4.393893
-13.699920 48.493000 -4.418987
-12.785446 48.558392 -4.380188
-13.279287 48.487179 -4.809259
-13.102159 48.568272 -4.028788
-12.768566 48.555672 -4.392764
-12.937431 48.557339 -4.204732
-13.063706 48.565063 -4.065522
-13.290640 48.560467 -3.812729
-12.795991 48.548618 -4.356353
-13.790831 48.478241 -4.304021
-13.012654 48.547192 -4.114108
-13.328288 48.491840 -4.750550
-12.807298 48.553185 -4.339891
-12.867950 48.565777 -4.275199
-12.965597 48.552006 -4.163278
-12.828612 48.552650 -4.314359
-13.196304 48.553749 -3.907233
-13.135887 48.550297 -3.973102
-13.274533 48.574829 -3.824122
-13.342793 48.485340 -4.724216
-12.835231 48.549084 -4.303373
-12.840178 48.569527 -4.302528
-12.888234 48.557995 -4.240727
-12.821033 48.577450 -4.317836
-13.892537 48.487080 -4.191285
-13.576502 48.481091 -4.485146
-12.927648 48.550415 -4.190752
-13.451735 48.481461 -4.602795
-13.203057 48.558857 -3.884002
-14.014701 48.477406 -4.057040
-13.428979 48.496609 -4.632334
-13.100881 48.563229 -3.995061
-13.155255 48.551579 -3.932104
-12.770322 48.570587 -4.363312
-13.031121 48.556625 -4.069448
-12.764132 48.566700 -4.366674
-13.246421 48.497581 -4.799991
-12.907269 48.556400 -4.202659
-12.905586 48.558750 -4.203429
-12.755337 48.571491 -4.372840
-13.659648 48.490906 -4.394915
-12.764966 48.569374 -4.360191
-13.255585 48.497498 -4.785203
-13.223159 48.494976 -4.813702
-13.076584 48.566879 -4.008005
-12.916045 48.559307 -4.184295
-12.746996 48.571995 -4.374838
-13.041911 48.569096 -4.044344
-13.755699 48.483540 -4.284368
-12.774911 48.555695 -4.337906
-13.273664 48.573608 -3.786017
-12.988198 48.551746 -4.094527
-12.786894 48.564201 -4.321300
-13.121496 48.569187 -3.948912
-12.942573 48.552280 -4.144410
-13.292336 48.486866 -4.722743
-13.174830 48.559746 -3.885972
-12.845738 48.575027 -4.255359
-12.807784 48.561661 -4.294430
-13.312551 48.487587 -4.698675
-12.813691 48.550079 -4.282982
-12.818245 48.572594 -4.281407
-13.243182 48.564335 -3.805365
-12.866578 48.566158 -4.221578
-13.861851 48.497658 -4.170484
-12.797030 48.564621 -4.296541
-13.553160 48.496525 -4.464459
-12.907249 48.554218 -4.169496
-13.427364 48.491913 -4.579476
-13.177124 48.554577 -3.866135
-13.969005 48.478546 -4.041030
-12.750362 48.576405 -4.343403
-13.390898 48.491062 -4.606804
-13.081220 48.571911 -3.972202
-13.011724 48.566330 -4.047966
-13.135230 48.566406 -3.909117
-12.742937 48.569668 -4.346218
-12.886256 48.564423 -4.182760
-13.215582 48.496849 -4.773156
-13.629938 48.499252 -4.372705
-12.884459 48.562660 -4.181518
-12.734061 48.574425 -4.350978
-12.744417 48.572205 -4.338985
-13.225652 48.497646 -4.758992
-12.894011 48.561420 -4.164611
-13.019686 48.570217 -4.024684
-13.056502 48.573559 -3.983813
-12.724506 48.575245 -4.355882
-13.719022 48.488098 -4.264846
-13.247803 48.570274 -3.766700
-12.754117 48.568790 -4.318590
-13.097713 48.569561 -3.929374
-12.762565 48.560696 -4.303342
-12.920874 48.556366 -4.124652
-12.966442 48.559872 -4.073964
-13.273049 48.504688 -4.702455
-13.151719 48.564056 -3.866286
-12.789515 48.577332 -4.274160
-12.822384 48.573345 -4.236574
-13.285509 48.491364 -4.674297
-12.795172 48.564728 -4.261342
-12.796699 48.573589 -4.261018
-13.227923 48.580124 -3.775643
-13.821999 48.496655 -4.150599
-12.843372 48.573582 -4.202561
-12.777323 48.572376 -4.275153
-13.516844 48.495865 -4.442224
-12.884875 48.554363 -4.149885
-13.160151 48.566814 -3.842285
-13.391751 48.487991 -4.554450
-13.263803 48.569042 -3.724577
-13.932823 48.485142 -4.024242
-13.057918 48.571167 -3.951954
-12.992660 48.578014 -4.026415
-13.367879 48.504406 -4.585456
-12.729471 48.577271 -4.322271
-13.106852 48.559597 -3.893614
-12.722329 48.575634 -4.327063
-12.864272 48.562500 -4.163881
-13.595900 48.499229 -4.350999
-13.187038 48.496761 -4.746861
-12.864448 48.564396 -4.160995
-12.714578 48.579128 -4.330360
-12.723438 48.572124 -4.319296
-13.200353 48.503159 -4.734463
-13.159494 48.483570 -4.756168
-12.998020 48.570255 -4.005722
-12.873520 48.564281 -4.144802
-12.702096 48.578533 -4.338336
-13.034445 48.576580 -3.961267
-13.207067 48.538532 -3.761156
-13.673183 48.481079 -4.246242
-12.732828 48.570816 -4.299578
-13.071276 48.561424 -3.914477
-13.129389 48.564224 -3.848062
-12.898746 48.557533 -4.106412
-12.944933 48.569019 -4.054774
-12.800575 48.572411 -4.217665
-13.240217 48.500301 -4.677262
-12.741425 48.571827 -4.284100
-12.767659 48.580441 -4.254453
-12.778050 48.583214 -4.240215
-13.262979 48.503593 -4.652246
-12.772861 48.560841 -4.242543
-13.200738 48.572998 -3.757226
-12.820096 48.571941 -4.185185
-13.789247 48.503548 -4.130041
-13.134690 48.560509 -3.826563
-12.756255 48.572258 -4.254056
-13.235966 48.561142 -3.709760
-13.487068 48.503281 -4.421476
-13.368855 48.498249 -4.532460
-12.865797 48.561977 -4.127741
-13.893191 48.488285 -4.007782
-12.968292 48.574497 -4.008442
-13.335905 48.504025 -4.562935
-13.036586 48.574089 -3.930066
-12.707762 48.577293 -4.301928
-13.083776 48.568909 -3.871690
-12.700113 48.572704 -4.306828
-12.843252 48.570530 -4.143987
-13.566760 48.506504 -4.329496
-13.155343 48.491119 -4.720215
-12.842299 48.562408 -4.139307
-12.702576 48.577072 -4.298774
-12.693517 48.579018 -4.309269
-13.167139 48.493645 -4.705889
-12.976301 48.574345 -3.985960
-12.852298 48.567253 -4.124338
-12.678081 48.572929 -4.319712
-13.643003 48.489647 -4.227606
-12.709199 48.563137 -4.281681
-13.186957 48.545204 -3.736973
-13.011875 48.576649 -3.938849
-13.054082 48.576729 -3.889888
-13.105935 48.566566 -3.828472
-12.877043 48.561619 -4.086679
-12.778069 48.575657 -4.198725
-12.920691 48.570526 -4.035987
-13.217343 48.510559 -4.655306
-12.718926 48.575077 -4.265166
-12.743655 48.566704 -4.236037
-12.753537 48.566521 -4.221908
-13.237763 48.509136 -4.629146
-12.754110 48.578548 -4.220162
-13.119344 48.574444 -3.801167
-13.756887 48.508369 -4.110242
-13.177416 48.573158 -3.734141
-12.797028 48.576275 -4.165555
-12.734397 48.563168 -4.233967
-13.456777 48.507740 -4.400862
-13.337713 48.498703 -4.509180
-12.844018 48.566032 -4.106609
-13.854394 48.492268 -3.990567
-12.946665 48.579529 -3.987265
-12.686926 48.574120 -4.281629
-13.015851 48.580914 -3.906655
-13.306026 48.507328 -4.540214
-12.821051 48.571667 -4.124375
-13.055068 48.560135 -3.856295
-12.678440 48.576805 -4.287121
-13.546099 48.521420 -4.307256
-13.140232 48.515427 -4.702361
-12.821849 48.570267 -4.117287
-12.672799 48.580872 -4.288136
-12.954896 48.576317 -3.965553
-12.680367 48.574142 -4.278572
-13.120999 48.515198 -4.716454
-13.152203 48.518932 -4.688001
-12.831250 48.571205 -4.103870
-12.655986 48.574112 -4.301525
-13.615035 48.498806 -4.208131
-13.164291 48.544323 -3.715985
-13.026587 48.566738 -3.874427
-12.688179 48.579300 -4.261636
-13.086430 48.576248 -3.805593
-12.988330 48.574898 -3.917253
-12.857060 48.567444 -4.066778
-12.756552 48.580750 -4.178962
-13.187256 48.508823 -4.632010
-12.899356 48.581585 -4.013930
-12.723275 48.582733 -4.215223
-12.694268 48.569614 -4.247306
-12.734956 48.585228 -4.199485
-13.212385 48.513699 -4.606080
-12.735410 48.592228 -4.198575
-13.091023 48.563602 -3.786487
-13.724193 48.511230 -4.090511
-13.144813 48.553936 -3.719966
-12.771964 48.572884 -4.146959
-12.714351 48.568970 -4.212673
-13.419884 48.503189 -4.380211
-13.311502 48.502419 -4.486892
-13.818279 48.494835 -3.974614
-12.822294 48.566059 -4.086272
-12.922307 48.576027 -3.969312
-13.277443 48.509457 -4.518839
-12.992215 48.578213 -3.886503
-12.665846 48.582134 -4.260359
-12.657610 48.585842 -4.267222
-12.799950 48.579678 -4.103093
-13.034950 48.574951 -3.831925
-13.506209 48.512291 -4.286206
-13.115423 48.518913 -4.679998
-12.933826 48.580276 -3.945060
-12.659392 48.574074 -4.258905
-12.650448 48.568848 -4.268157
-12.799875 48.569275 -4.095582
-13.124798 48.516682 -4.663122
-12.810032 48.574188 -4.083426
-13.577089 48.495552 -4.190342
-12.632656 48.572460 -4.282777
-13.009055 48.580090 -3.849911
-13.143031 48.548199 -3.692662
-12.664559 48.571629 -4.243759
-13.061152 48.571857 -3.787007
-12.834968 48.573624 -4.046316
-12.968075 48.580616 -3.893123
-12.732866 48.577122 -4.160277
-13.162673 48.517365 -4.610220
-12.701200 48.588921 -4.194772
-12.873119 48.575378 -3.996184
-12.671269 48.569931 -4.228483
-12.714084 48.590187 -4.178976
-13.186839 48.517284 -4.583055
-13.075759 48.578506 -3.759644
-13.692411 48.514980 -4.071410
-12.711474 48.587582 -4.178522
-13.390642 48.505455 -4.359580
-13.119107 48.547539 -3.700043
-13.287457 48.509869 -4.465785
-12.749234 48.579208 -4.127254
-12.695681 48.587650 -4.188846
-13.789820 48.505123 -3.955828
-12.802650 48.574776 -4.063456
-12.899525 48.578262 -3.948989
-13.254657 48.519760 -4.498289
-12.645347 48.580948 -4.239982
-12.970801 48.581120 -3.863231
-12.776423 48.577034 -4.084369
-13.490093 48.532543 -4.264227
-12.635230 48.581944 -4.247048
-13.008468 48.571796 -3.813402
-13.087381 48.516804 -4.655876
-12.911687 48.582375 -3.923986
-12.631023 48.582642 -4.245924
-12.788978 48.578159 -4.062947
-12.636987 48.578297 -4.238535
-12.779557 48.574059 -4.072913
-13.097836 48.516441 -4.639588
-13.066994 48.514675 -4.667978
-12.983866 48.575741 -3.832741
-13.547234 48.502022 -4.171059
-13.041299 48.579578 -3.764205
-13.126350 48.559265 -3.665303
-12.609466 48.579918 -4.263800
-12.813262 48.577732 -4.026585
-12.641842 48.577965 -4.224066
-12.948068 48.588272 -3.867515
-12.710023 48.578423 -4.141415
-13.141279 48.527439 -4.589590
-12.680325 48.593887 -4.174267
-12.650037 48.593246 -4.208264
-13.052358 48.576832 -3.740860
-12.691860 48.587273 -4.158760
-12.849133 48.578846 -3.975923
-13.161298 48.520878 -4.560035
-12.690571 48.588467 -4.157412
-13.659555 48.516869 -4.051727
-13.365294 48.513184 -4.339969
-13.263159 48.516304 -4.443311
-13.758640 48.511864 -3.938028
-13.100374 48.554913 -3.672923
-12.674555 48.591595 -4.166972
-12.724841 48.579769 -4.108521
-12.781680 48.579704 -4.041535
-12.876906 48.581490 -3.928632
-13.227166 48.523769 -4.477514
-12.623974 48.582966 -4.219592
-12.949719 48.585999 -3.839889
-12.754104 48.573170 -4.065592
-13.451510 48.522240 -4.244543
-12.613604 48.582027 -4.228137
-12.888785 48.579590 -3.904504
-13.063841 48.523151 -4.634078
-12.984964 48.579128 -3.790170
-12.609681 48.576538 -4.225733
-12.767837 48.582104 -4.041065
-12.615783 48.581299 -4.218110
-12.759570 48.580818 -4.050172
-13.076019 48.524517 -4.617627
-12.967810 48.594803 -3.804446
-13.515690 48.502735 -4.152742
-13.018320 48.580833 -3.743909
-12.587135 48.596386 -4.245246
-13.103758 48.559353 -3.642879
-12.791891 48.584736 -4.003935
-12.620041 48.602379 -4.203156
-12.922602 48.578838 -3.848377
-13.107483 48.513126 -4.565451
-12.688046 48.589645 -4.120129
-13.035532 48.591003 -3.714149
-12.658237 48.600086 -4.153821
-12.627644 48.601559 -4.188498
-12.670475 48.589291 -4.138365
-13.625447 48.515007 -4.034349
-13.137397 48.525253 -4.538301
-12.824804 48.580357 -3.955738
-12.668288 48.589603 -4.136397
-13.339949 48.520920 -4.320363
-13.238422 48.519833 -4.422354
-13.722370 48.513470 -3.922128
-13.078430 48.554863 -3.649753
-12.701596 48.583153 -4.088931
-12.653088 48.593582 -4.145173
-12.760534 48.583649 -4.019654
-12.855325 48.582512 -3.908258
-13.199454 48.522720 -4.456169
-12.603269 48.602043 -4.196615
-12.927481 48.588070 -3.817409
-12.732988 48.581196 -4.044318
-13.429694 48.534374 -4.223164
-12.867537 48.582581 -3.884056
-12.591580 48.597305 -4.206058
-13.037098 48.519867 -4.611318
-12.960779 48.581615 -3.769937
-12.746605 48.585102 -4.020627
-12.589648 48.599556 -4.202612
-12.595301 48.597321 -4.195899
-12.738736 48.582657 -4.027617
-13.047117 48.517502 -4.593691
-13.020775 48.524185 -4.624403
-12.939722 48.580933 -3.790553
-12.994186 48.579273 -3.724475
-13.499096 48.524120 -4.131483
-13.078774 48.552868 -3.623621
-12.562976 48.607021 -4.224852
-12.768353 48.582104 -3.985214
-12.596467 48.603802 -4.183648
-13.010215 48.581638 -3.697818
-12.906289 48.596889 -3.818717
-12.665000 48.585899 -4.100704
-13.087702 48.528030 -4.545313
-12.634800 48.598415 -4.133669
-12.603311 48.598091 -4.170578
-12.648692 48.593384 -4.117244
-13.599982 48.522694 -4.013316
-13.109740 48.521084 -4.514914
-12.646898 48.591625 -4.116005
-12.800809 48.583839 -3.935483
-13.314780 48.529644 -4.300727
-13.209459 48.515938 -4.400458
-13.670864 48.495609 -3.912717
-12.632009 48.593494 -4.124106
-12.678405 48.582497 -4.070147
-12.740309 48.593475 -3.996150
-12.832194 48.582798 -3.888016
-13.064035 48.573406 -3.614980
-13.171453 48.523788 -4.435511
-12.906866 48.591843 -3.793358
-13.396688 48.527191 -4.203735
-12.581154 48.604176 -4.175573
-12.710380 48.584446 -4.023978
-12.846931 48.585438 -3.862860
-12.570164 48.607456 -4.185474
-13.010538 48.517574 -4.588530
-12.723883 48.583321 -4.001125
-12.938077 48.589809 -3.745924
-12.568239 48.597507 -4.181623
-12.573523 48.601425 -4.174785
-13.026471 48.527489 -4.573735
-12.922750 48.599129 -3.761641
-12.718762 48.594421 -4.002635
-12.975216 48.588810 -3.699450
-13.461946 48.516750 -4.115177
-12.747053 48.589149 -3.963975
-12.539316 48.607502 -4.206792
-12.996238 48.601276 -3.667233
-12.573006 48.597141 -4.165748
-13.059963 48.522923 -4.523376
-12.641699 48.580219 -4.082762
-12.881128 48.585358 -3.798909
-12.612424 48.598614 -4.114104
-13.572532 48.526730 -3.993928
-12.626853 48.588413 -4.097767
-12.579396 48.597553 -4.151146
-13.086753 48.526356 -4.493813
-12.624607 48.592773 -4.094996
-12.777227 48.590252 -3.913715
-13.182661 48.515778 -4.379745
-13.282143 48.524441 -4.281241
-12.610984 48.589375 -4.103843
-12.810378 48.586891 -3.866881
-12.718815 48.595467 -3.974345
-12.654757 48.587967 -4.049833
-13.040422 48.567600 -3.592783
-13.145910 48.526482 -4.415353
-12.826906 48.592209 -3.840113
-13.375608 48.539234 -4.183023
-12.560134 48.600056 -4.155314
-12.886497 48.597549 -3.767829
-12.689109 48.596493 -4.000498
-12.547433 48.601616 -4.165384
-12.704152 48.596111 -3.977514
-12.991323 48.531403 -4.569097
-12.547103 48.601479 -4.159762
-12.898026 48.593681 -3.743769
-12.551462 48.599522 -4.154549
-13.003967 48.531643 -4.551929
-12.697101 48.595428 -3.980869
-12.911245 48.584713 -3.727488
-12.953542 48.594795 -3.675416
-12.972448 48.525948 -4.580470
-13.441380 48.531742 -4.094355
-12.969682 48.588154 -3.653211
-12.724513 48.593353 -3.942191
-12.515404 48.606972 -4.187366
-12.549197 48.601639 -4.145480
-13.037240 48.529217 -4.503654
-12.619142 48.592556 -4.060789
-13.545904 48.531616 -3.973760
-12.862748 48.599728 -3.769491
-12.605227 48.593506 -4.076613
-12.589709 48.596848 -4.094614
-13.062169 48.526810 -4.472235
-12.555333 48.600113 -4.132357
-12.603518 48.592701 -4.073933
-12.753866 48.593609 -3.892715
-13.260083 48.534664 -4.261361
-13.162085 48.526714 -4.358338
-12.787657 48.590107 -3.845128
-12.589108 48.593452 -4.081323
-12.696585 48.597565 -3.951887
-12.630874 48.596500 -4.028755
-13.121624 48.532036 -4.395753
-12.804073 48.590397 -3.819199
-13.342443 48.531078 -4.163641
-12.538070 48.598156 -4.135080
-12.863904 48.597672 -3.745429
-12.667072 48.603657 -3.978609
-12.524496 48.602917 -4.145135
-12.682005 48.598248 -3.956463
-12.966578 48.530884 -4.547564
-12.877754 48.604427 -3.717402
-12.931023 48.594948 -3.654416
-12.528357 48.599838 -4.134336
-12.977796 48.527287 -4.529877
-12.675937 48.600315 -3.956147
-13.402728 48.519604 -4.078987
-12.889845 48.597637 -3.699733
-12.948621 48.589012 -3.630674
-12.701715 48.595631 -3.921889
-13.518112 48.533695 -3.954453
-13.013442 48.533653 -4.483350
-12.583907 48.596497 -4.054785
-12.595210 48.592022 -4.041358
-12.567409 48.598007 -4.073611
-12.840298 48.596760 -3.746452
-13.040613 48.535927 -4.451661
-12.530536 48.602783 -4.112915
-12.581156 48.597904 -4.052125
-12.729372 48.599155 -3.870331
-13.235953 48.541195 -4.241718
-13.137921 48.529175 -4.338094
-12.766475 48.594074 -3.823247
-12.568602 48.597290 -4.058709
-12.674349 48.599670 -3.929431
-12.606375 48.597061 -4.008629
-12.782720 48.593376 -3.797353
-13.320845 48.540180 -4.143044
-13.095569 48.531788 -4.375710
-12.842539 48.601562 -3.720727
-12.643378 48.605061 -3.957693
-12.661419 48.606125 -3.933037
-12.853083 48.594948 -3.700339
-12.943868 48.537193 -4.527854
-12.907599 48.594227 -3.632799
-12.921982 48.574955 -3.618103
-12.956981 48.536308 -4.509969
-12.655266 48.608158 -3.931315
-13.390400 48.545311 -4.056632
-12.861855 48.589737 -3.682164
-12.679223 48.595802 -3.900912
-13.488684 48.534088 -3.936722
-12.990550 48.538979 -4.463673
-12.561370 48.600723 -4.033017
-12.571964 48.600430 -4.019535
-12.819848 48.607445 -3.717276
-13.016418 48.534325 -4.430819
-12.558764 48.599037 -4.029717
-13.113066 48.527706 -4.317995
-12.704535 48.602737 -3.848023
-13.207683 48.540344 -4.222546
-12.743010 48.597408 -3.800842
-12.546710 48.601376 -4.036191
-12.652920 48.602631 -3.906190
-12.762027 48.601215 -3.772511
-12.582203 48.599598 -3.988432
-13.293209 48.539185 -4.123115
-13.072663 48.537109 -4.356027
-12.621388 48.608192 -3.936610
-12.821248 48.606415 -3.694584
-12.638361 48.607391 -3.911371
-12.832877 48.606655 -3.672531
-12.906005 48.591869 -3.586319
-12.924303 48.549068 -4.508502
-12.888199 48.606777 -3.604200
-13.350076 48.527416 -4.042239
-12.935389 48.541359 -4.488798
-12.632581 48.603275 -3.909777
-12.840121 48.605698 -3.652239
-12.655787 48.604141 -3.876269
-13.463269 48.537766 -3.916512
-12.964812 48.536640 -4.442967
-12.797218 48.603504 -3.694279
-12.994516 48.541481 -4.410324
-13.090979 48.533875 -4.297526
-13.184286 48.546787 -4.203569
-13.515160 48.503349 -3.831559
-12.721498 48.604408 -3.776791
-12.680902 48.605095 -3.825660
-12.739324 48.595413 -3.753813
-12.629522 48.601933 -3.884599
-13.271440 48.547314 -4.102560
-13.047864 48.539726 -4.336546
-12.557315 48.607239 -3.965335
-12.800595 48.611130 -3.667692
-12.597700 48.614605 -3.913451
-12.616277 48.610497 -3.888883
-12.882549 48.586166 -3.566952
-12.860219 48.583939 -3.594781
-12.809280 48.604965 -3.650959
-12.901719 48.552299 -4.488156
-13.331881 48.544022 -4.020520
-12.915995 48.554226 -4.469414
-12.610579 48.607334 -3.885846
-12.632468 48.603481 -3.856083
-12.813747 48.599503 -3.633102
-13.436045 48.538776 -3.897912
-12.946490 48.551373 -4.424167
-12.974420 48.550407 -4.391075
-12.777643 48.616001 -3.662874
-13.488363 48.506359 -3.814294
-13.158476 48.547573 -4.184901
-13.068198 48.536114 -4.277203
-12.698664 48.607616 -3.753639
-12.719131 48.612129 -3.723766
-12.655318 48.608799 -3.802700
-12.607700 48.611973 -3.858384
-13.250316 48.555309 -4.081259
-13.023450 48.540279 -4.317797
-12.574343 48.604877 -3.894915
-12.777389 48.608288 -3.644003
-12.594351 48.614594 -3.866359
-12.863193 48.594681 -3.539158
-12.790215 48.625404 -3.617204
-12.839089 48.594772 -3.566361
-12.878662 48.556656 -4.468540
-13.297086 48.533283 -4.005590
-12.589231 48.616249 -3.858929
-12.892160 48.554607 -4.448531
-12.609076 48.607784 -3.832257
-13.414079 48.545914 -3.877397
-12.791173 48.615547 -3.601128
-12.923773 48.557693 -4.404480
-12.754665 48.610100 -3.639968
-12.950750 48.551773 -4.370155
-12.676237 48.613750 -3.728984
-13.045593 48.539337 -4.256862
-13.134006 48.552158 -4.165361
-12.696002 48.603416 -3.706603
-12.585350 48.614067 -3.834542
-12.629958 48.609444 -3.780524
-13.223246 48.553242 -4.062053
-13.000204 48.543644 -4.298213
-12.839215 48.580124 -3.525020
-12.757067 48.620895 -3.611958
-12.570957 48.618900 -3.842539
-12.815463 48.588100 -3.547045
-12.764380 48.613144 -3.601020
-12.853232 48.544106 -4.447365
-13.276004 48.545361 -3.984908
-12.866902 48.543045 -4.427320
-12.566795 48.618317 -3.833675
-13.388884 48.546555 -3.857971
-12.585032 48.612240 -3.809178
-12.764623 48.608387 -3.582040
-12.902131 48.565891 -4.385376
-12.927123 48.549103 -4.350030
-12.734749 48.626556 -3.603547
-12.675457 48.618179 -3.676638
-12.652077 48.613174 -3.706740
-13.022172 48.541725 -4.237304
-13.108375 48.553940 -4.146674
-13.200615 48.556465 -4.041694
-12.605421 48.615944 -3.755306
-12.978035 48.548885 -4.279210
-12.733751 48.612122 -3.591970
-12.742076 48.616188 -3.575711
-12.792096 48.588364 -3.524002
-12.833367 48.558113 -4.428715
-13.246477 48.540768 -3.968052
-12.845399 48.548157 -4.407579
-13.365845 48.551846 -3.836872
-12.740133 48.616749 -3.552515
-12.876615 48.560520 -4.365458
-12.906944 48.558010 -4.329392
-12.710683 48.612900 -3.585153
-12.652329 48.615395 -3.654372
-12.628584 48.622456 -3.679250
-13.001118 48.545704 -4.216835
-13.085284 48.558300 -4.127042
-13.178329 48.561665 -4.021268
-12.954792 48.552269 -4.259624
-12.713417 48.630657 -3.554818
-12.767233 48.577938 -3.506995
-12.715654 48.600037 -3.561087
-12.809237 48.552505 -4.408710
-13.229568 48.557117 -3.944854
-12.825657 48.559074 -4.388286
-13.340824 48.553486 -3.817419
-12.851315 48.552097 -4.346306
-12.711763 48.601933 -3.537293
-12.887280 48.569878 -4.308652
-12.691234 48.633236 -3.545770
-12.630709 48.633297 -3.621576
-12.605038 48.616760 -3.658506
-12.978082 48.546032 -4.198012
-13.061030 48.559849 -4.108270
-13.154707 48.563072 -4.001738
-12.931287 48.553722 -4.241520
-12.686949 48.599529 -3.546942
-12.786529 48.550739 -4.389225
-13.197892 48.547897 -3.929686
-13.316362 48.554039 -3.798663
-12.802560 48.559383 -4.368073
-12.828771 48.551315 -4.326782
-12.606078 48.619831 -3.605349
-12.865071 48.571060 -4.289053
-12.665996 48.611786 -3.530492
-12.581130 48.634041 -3.625188
-12.956298 48.550129 -4.176895
-13.036220 48.562496 -4.088810
-13.129840 48.561638 -3.981662
-12.664861 48.605446 -3.517308
-12.910237 48.565842 -4.220874
-12.766271 48.566837 -4.369856
-13.180158 48.563416 -3.907280
-13.288847 48.549080 -3.780967
-12.781093 48.560467 -4.349139
-12.807302 48.560520 -4.307658
-12.841790 48.570389 -4.268874
-12.934767 48.555252 -4.157151
-13.014029 48.567757 -4.069810
-13.110692 48.573330 -3.958747
-12.886861 48.564217 -4.202133
-12.642677 48.617252 -3.481166
-12.646726 48.629223 -3.466426
-12.745704 48.576931 -4.351358
-13.150206 48.555931 -3.891956
-13.265205 48.550491 -3.761433
-12.759927 48.567574 -4.329340
-12.785870 48.565693 -4.289335
-12.820783 48.578476 -4.249034
-12.913879 48.560242 -4.136660
-12.988271 48.564545 -4.051978
-13.087371 48.572647 -3.938548
-12.864343 48.567520 -4.183218
-12.723891 48.576061 -4.332502
-13.233223 48.534355 -3.749990
-13.131046 48.567627 -3.869041
-12.738800 48.570641 -4.310342
-12.763324 48.564926 -4.269822
-12.800632 48.583370 -4.229208
-12.893205 48.562176 -4.116934
-12.967882 48.572487 -4.031376
-13.064046 48.571053 -3.921201
-12.841652 48.569843 -4.164342
-13.218134 48.550278 -3.723138
-12.701219 48.578396 -4.313639
-13.105609 48.566387 -3.851130
-12.715060 48.562992 -4.291083
-12.741717 48.569122 -4.251539
-12.777905 48.581623 -4.209730
-12.871495 48.566334 -4.097235
-12.942123 48.569290 -4.013552
-13.044288 48.579777 -3.896994
-12.819130 48.573158 -4.145434
-13.198915 48.557903 -3.699610
-13.081160 48.566978 -3.832401
-12.678677 48.577644 -4.294136
-12.694399 48.573067 -4.271186
-12.718478 48.572556 -4.231986
-12.755303 48.584911 -4.189421
-12.849915 48.567402 -4.076895
-12.918853 48.572708 -3.993980
-13.021133 48.580097 -3.876769
-12.795705 48.575603 -4.125909
-13.178360 48.561737 -3.676979
-13.058940 48.573174 -3.810553
-12.655317 48.576054 -4.275422
-12.672366 48.575275 -4.251578
-12.696440 48.574760 -4.212376
-12.732574 48.583179 -4.169950
-12.827944 48.570553 -4.055831
-13.000121 48.585068 -3.854867
-12.898540 48.581623 -3.971944
-12.774164 48.580761 -4.106184
-13.155183 48.562057 -3.656745
-13.034314 48.572796 -3.791867
-12.635270 48.602249 -4.254397
-12.650500 48.578472 -4.231936
-12.675068 48.589035 -4.192432
-12.710659 48.582298 -4.149695
-12.807808 48.580463 -4.033768
-12.978763 48.588078 -3.833039
-12.873592 48.579288 -3.953344
-12.750269 48.576221 -4.087572
-13.132648 48.562244 -3.635764
-13.013157 48.581783 -3.767760
-12.610601 48.580627 -4.236967
-12.629554 48.595673 -4.210484
-12.653773 48.604263 -4.171049
-12.688607 48.584515 -4.130086
-12.787273 48.592453 -4.010979
-12.957996 48.594994 -3.809664
-12.850736 48.585648 -3.932266
-12.728111 48.586525 -4.066362
-13.113968 48.569721 -3.610088
-12.989170 48.581280 -3.748328
-12.587915 48.582996 -4.218119
-12.606931 48.607113 -4.189999
-12.630392 48.602692 -4.152340
-12.667146 48.590645 -4.108930
-12.764231 48.584721 -3.992378
-12.932567 48.585670 -3.791967
-12.828909 48.589802 -3.911168
-12.704330 48.587029 -4.046921
-12.966844 48.587467 -3.725084
-12.566260 48.604393 -4.196622
-12.584554 48.599255 -4.170664
-12.606619 48.603203 -4.132906
-12.644015 48.591015 -4.088743
-12.741680 48.588989 -3.970633
-12.914098 48.599144 -3.764029
-12.805192 48.591251 -3.890275
-12.681582 48.585320 -4.027458
-12.942932 48.587929 -3.704215
-12.542492 48.604912 -4.177196
-12.561649 48.596573 -4.151248
-12.622199 48.595177 -4.067680
-12.582381 48.596714 -4.114402
-12.890799 48.594467 -3.744673
-12.720103 48.595081 -3.948083
-12.781635 48.593685 -3.869367
-12.659009 48.597713 -4.005546
-12.920506 48.594090 -3.679590
-12.518377 48.603458 -4.157865
-12.538041 48.598072 -4.131808
-12.599399 48.597527 -4.047431
-12.559587 48.599068 -4.094157
-12.698748 48.598133 -3.926287
-12.870518 48.605286 -3.718354
-12.757488 48.592232 -3.850000
-12.634593 48.590256 -3.987063
-12.895181 48.589817 -3.661072
-12.847300 48.601582 -3.697550
-12.535580 48.602661 -4.073974
-12.575946 48.600945 -4.025088
-12.676094 48.602390 -3.903147
-12.734771 48.600529 -3.826055
-12.612067 48.612663 -3.960655
-12.875977 48.608418 -3.630243
-12.826658 48.611362 -3.668458
-12.552795 48.601341 -4.004916
-12.653208 48.609711 -3.879244
-12.712269 48.605774 -3.802875
-12.587584 48.609261 -3.941376
-12.848729 48.596458 -3.614177
-12.803598 48.608658 -3.647621
-12.631155 48.608845 -3.857598
-12.687481 48.610394 -3.779174
-12.563292 48.611851 -3.919820
-12.824956 48.598862 -3.590440
-12.783439 48.622322 -3.615571
-12.607577 48.612244 -3.833844
-12.662633 48.605034 -3.759961
-12.802071 48.603065 -3.564475
-12.759439 48.613758 -3.596362
-12.583965 48.610653 -3.812335
-12.640067 48.620255 -3.730891
-12.776543 48.598763 -3.543155
-12.736624 48.618923 -3.568958
-12.613910 48.616108 -3.710336
-12.754138 48.606853 -3.514232
-12.711543 48.608517 -3.549172
-12.589516 48.629597 -3.680029
-12.728258 48.600601 -3.492989
-12.687857 48.602859 -3.527047
-12.703353 48.596180 -3.470922
-12.665323 48.605938 -3.498967
