# .PCD v0.7 - Point Cloud Data file format
VERSION 0.7
FIELDS x y z
SIZE 4 4 4
TYPE F F F
COUNT 1 1 1
WIDTH 7897
HEIGHT 1
VIEWPOINT 0 0 0 1
POINTS 7897
DATA ascii
1.234411 -1.545341 1.895568
1.210685 -1.537478 2.137599
1.205567 -1.552449 2.011600
1.161378 -1.582326 1.015523
1.144807 -1.565513 1.398550
1.116826 -1.538918 2.283594
1.132061 -1.560627 1.616567
1.101844 -1.533965 2.308613
1.129585 -1.577474 1.195562
1.109354 -1.581450 1.000583
1.093771 -1.563632 1.376609
1.076505 -1.548914 2.004636
1.070787 -1.541022 2.250646
1.080026 -1.561747 1.588626
1.058829 -1.543064 2.281659
1.075554 -1.577600 1.173624
1.066365 -1.591554 0.992628
1.053787 -1.575729 1.368650
1.021727 -1.538129 2.210704
1.032239 -1.555938 1.777684
1.030481 -1.555018 1.976687
1.033011 -1.568855 1.566678
1.013795 -1.547163 2.249710
1.028551 -1.585711 1.158676
1.020356 -1.594663 0.982682
1.003750 -1.572843 1.347711
0.981713 -1.545219 2.188749
0.993247 -1.567029 1.765726
0.981438 -1.556126 1.943745
0.988000 -1.575958 1.546729
0.967746 -1.547262 2.212765
0.978524 -1.585826 1.139736
0.973337 -1.594774 0.969738
0.961743 -1.577942 1.334759
0.942710 -1.555307 2.169791
0.950223 -1.569126 1.744777
0.942450 -1.570216 1.928786
0.937958 -1.574071 1.519789
0.925724 -1.553355 2.186813
0.952135 -1.606755 0.782759
0.932514 -1.590934 1.124789
0.924308 -1.590890 0.956798
0.919737 -1.583040 1.322807
0.901686 -1.559399 2.145839
0.912230 -1.579216 1.733818
0.895405 -1.569319 1.897842
0.883705 -1.559449 2.162860
0.889925 -1.574180 1.495846
0.906127 -1.610864 0.771812
0.887502 -1.595039 1.109841
0.887336 -1.604980 0.954837
0.878735 -1.589138 1.312854
0.857639 -1.557495 2.114892
0.870208 -1.581312 1.714867
0.854398 -1.577413 1.878888
0.842676 -1.562540 2.135908
0.844900 -1.576283 1.474899
0.845510 -1.605139 1.099887
0.833700 -1.585241 1.294909
0.821646 -1.568579 2.101930
0.829190 -1.584406 1.697915
0.810367 -1.579512 1.852939
0.802659 -1.568630 2.113953
0.804908 -1.587377 1.462942
0.796711 -1.594331 1.288949
0.802508 -1.612240 1.087935
0.778593 -1.564672 2.069983
0.788165 -1.584501 1.679963
0.760617 -1.567722 2.085003
0.760889 -1.590478 1.444993
0.759718 -1.602419 1.281990
0.743600 -1.574754 2.059020
0.746132 -1.582596 1.660014
0.723916 -1.605568 1.440031
0.699532 -1.565850 2.024076
0.705096 -1.579690 1.640063
0.678246 -1.574807 1.774097
0.678877 -1.602671 1.418085
0.671111 -1.589772 1.635100
0.666553 -1.578929 2.019110
0.640530 -1.572991 2.014143
0.644276 -1.590890 1.770131
0.636128 -1.600857 1.630136
0.627523 -1.579017 1.997156
0.604531 -1.581076 2.002182
0.606276 -1.598979 1.758173
0.590498 -1.580101 1.978199
0.567528 -1.588162 1.989223
0.556506 -1.589182 1.970235
0.530507 -1.590247 1.971265
0.520498 -1.593267 1.958276
0.494504 -1.596332 1.960305
1.488032 -1.542545 0.917085
1.489164 -1.567565 0.977074
1.482228 -1.563605 1.038084
1.462018 -1.547601 0.897114
1.465027 -1.552593 0.894109
1.420995 -1.539702 0.895166
1.432486 -1.554814 1.271147
1.424459 -1.547831 1.263159
1.424979 -1.549680 0.862158
1.424567 -1.550862 1.347158
1.403482 -1.546891 1.285184
1.426158 -1.573715 0.963147
1.421218 -1.568749 1.022155
1.395989 -1.548756 0.874192
1.390989 -1.545770 0.880199
1.382410 -1.552917 1.215207
1.361984 -1.544842 0.879234
1.360419 -1.545979 1.237236
1.369985 -1.558812 0.852219
1.368471 -1.559965 1.252221
1.360537 -1.552011 1.323233
1.357658 -1.561049 1.405233
1.343889 -1.549163 1.621254
1.341447 -1.547034 1.259258
1.359194 -1.568896 1.005228
1.362137 -1.574867 0.946222
1.320835 -1.550203 1.575281
1.324393 -1.556053 1.197275
1.299853 -1.538269 1.615311
1.310431 -1.559098 1.224290
1.285902 -1.537320 1.658328
1.299513 -1.554154 1.302305
1.304444 -1.561115 1.231296
1.298629 -1.562186 1.382303
1.291447 -1.557152 1.242313
1.301177 -1.571034 0.990296
1.268914 -1.532369 1.679350
1.270169 -1.536442 1.882347
1.283870 -1.554303 1.598323
1.299115 -1.575017 0.931297
1.273093 -1.547403 1.797339
1.270834 -1.559321 1.559337
1.251267 -1.536519 1.964369
1.269385 -1.562183 1.181337
1.252864 -1.552380 1.599361
1.253405 -1.560231 1.203357
1.234366 -1.538590 2.043389
1.235271 -1.542556 1.957386
1.240915 -1.552425 1.642375
1.242494 -1.557288 1.283371
1.242420 -1.562262 1.212369
1.244610 -1.565313 1.363366
1.236426 -1.560280 1.221377
1.253192 -1.583149 0.981348
1.229204 -1.555541 1.876388
1.222936 -1.548479 1.668398
1.242104 -1.578153 0.918363
1.215039 -1.543534 1.764409
1.229866 -1.562431 1.582384
1.218382 -1.547629 2.040404
1.207405 -1.540668 2.073420
1.217818 -1.564444 1.539397
1.210295 -1.554617 1.954411
1.220389 -1.571300 1.169392
1.201845 -1.556498 1.578419
1.205414 -1.571346 1.191409
1.178614 -1.535808 2.258456
1.190371 -1.551692 2.024435
1.179545 -1.539782 2.193453
1.186880 -1.553548 1.614438
1.190490 -1.564411 1.269430
1.188581 -1.565443 1.342432
1.172484 -1.543778 2.135460
1.190431 -1.573387 1.202426
1.189436 -1.572392 1.208428
1.196172 -1.583285 0.967415
1.171928 -1.555599 1.650455
1.153968 -1.534671 1.726485
1.188099 -1.583283 0.907425
1.170833 -1.562567 1.558454
1.161781 -1.562574 1.515464
1.171394 -1.580418 1.158446
1.149825 -1.560619 1.556479
1.127569 -1.536921 2.222515
1.156413 -1.579462 1.177464
1.128504 -1.540895 2.160512
1.136861 -1.558664 1.591495
1.123459 -1.547889 2.109516
1.137564 -1.568563 1.325490
1.141498 -1.574529 1.258483
1.140430 -1.579507 1.192483
1.141148 -1.582416 0.952480
1.138434 -1.581512 1.191484
1.117005 -1.553761 1.721521
1.120913 -1.560718 1.631513
1.133090 -1.586415 0.896488
1.118828 -1.569691 1.543512
1.114781 -1.570686 1.502516
1.114354 -1.575552 1.138515
1.101813 -1.566730 1.537533
1.119039 -1.594429 0.839502
1.082553 -1.544023 2.198565
1.072203 -1.531950 1.932582
1.083493 -1.548999 2.138562
1.102385 -1.578589 1.158528
1.088844 -1.563775 1.570550
1.064378 -1.538019 2.066589
1.087551 -1.572681 1.309548
1.087478 -1.575657 1.242546
1.086397 -1.577633 1.171547
1.093152 -1.589532 0.944534
1.069990 -1.558871 1.702574
1.069890 -1.562837 1.611572
1.078397 -1.577653 1.172556
1.058278 -1.548996 1.961592
1.084094 -1.593534 0.888543
1.052306 -1.546021 1.991600
1.061739 -1.566808 1.478580
1.065811 -1.572816 1.526573
1.046136 -1.543986 1.854608
1.063339 -1.577673 1.124574
1.053797 -1.570843 1.519588
1.024451 -1.530147 2.145639
1.027405 -1.537120 2.092633
1.036242 -1.552038 1.927616
1.065032 -1.597560 0.830564
1.053368 -1.580705 1.143584
1.043842 -1.572880 1.553599
1.024392 -1.551114 2.054631
1.044562 -1.582785 1.300594
1.031220 -1.566033 1.881617
1.039474 -1.581771 1.230600
1.045147 -1.593648 0.934589
1.038390 -1.583747 1.156601
1.021076 -1.557021 1.780632
1.024985 -1.565977 1.686624
1.021882 -1.568950 1.595626
1.012274 -1.556104 1.947643
1.031412 -1.588768 1.165607
1.007299 -1.553127 1.974650
1.028065 -1.589668 0.875611
1.009168 -1.561076 1.849645
1.013725 -1.569921 1.463635
1.010777 -1.570945 1.505639
1.021355 -1.588775 1.118619
1.003765 -1.569959 1.497647
0.986469 -1.544237 2.134678
0.984395 -1.544220 2.073680
0.991223 -1.557141 1.904667
1.003947 -1.582697 0.792641
1.002348 -1.581825 1.127644
1.017048 -1.607678 0.826616
0.991796 -1.568999 1.526662
0.997552 -1.586897 1.287648
0.975357 -1.551226 2.028688
0.979183 -1.564154 1.858679
0.984436 -1.576901 1.211667
0.989369 -1.584862 1.139658
0.997142 -1.597764 0.925644
0.981982 -1.573078 1.673672
0.975066 -1.562129 1.765684
0.978895 -1.580054 1.587672
0.967268 -1.562211 1.933693
0.980950 -1.588752 0.784666
0.965304 -1.563226 1.961695
0.979399 -1.590892 1.153667
0.964155 -1.566181 1.831695
0.966707 -1.572032 1.447690
0.983084 -1.600779 0.871659
0.974348 -1.592888 1.107672
0.959757 -1.572065 1.489698
0.959755 -1.575063 1.482697
0.944460 -1.552334 2.114724
0.943390 -1.552316 2.056725
0.947205 -1.562242 1.882717
0.970006 -1.607783 0.793671
0.958349 -1.588931 1.117693
0.943765 -1.569110 1.503718
0.966046 -1.611802 0.819675
0.931340 -1.555328 2.009738
0.948522 -1.585012 1.269706
0.931052 -1.565233 1.750734
0.948120 -1.595881 0.913702
0.935961 -1.575186 1.654725
0.944365 -1.590970 1.127708
0.942453 -1.588004 1.206712
0.934189 -1.573262 1.848727
0.922258 -1.567317 1.918744
0.928865 -1.579171 1.567731
0.941983 -1.604848 0.782705
0.918281 -1.565336 1.941749
0.918123 -1.566287 1.808749
0.921695 -1.575140 1.434741
0.931399 -1.597008 1.144721
0.936084 -1.605893 0.864712
0.927334 -1.594001 1.096727
0.898413 -1.549438 2.084779
0.912730 -1.575173 1.464752
0.910744 -1.575182 1.476754
0.902388 -1.560412 2.041770
0.903186 -1.566343 1.861766
0.915348 -1.595034 1.106740
0.921992 -1.608898 0.782727
0.899751 -1.573213 1.486768
0.918996 -1.613903 0.776729
0.901499 -1.584123 1.255761
0.887321 -1.558430 1.990788
0.916042 -1.614924 0.812732
0.889050 -1.571334 1.739781
0.892953 -1.580287 1.640773
0.906133 -1.604984 0.908747
0.899352 -1.594077 1.113760
0.885157 -1.571376 1.828786
0.896453 -1.594115 1.197763
0.877241 -1.569423 1.903796
0.877820 -1.573290 1.545793
0.901004 -1.616949 0.777749
0.873257 -1.566440 1.922801
0.875111 -1.570388 1.793798
0.879695 -1.581241 1.425788
0.889076 -1.608007 0.856766
0.884335 -1.600104 1.087775
0.881390 -1.599130 1.135779
0.855389 -1.552536 2.061828
0.869726 -1.581275 1.451799
0.858354 -1.560512 2.016821
0.864196 -1.577436 1.850808
0.864745 -1.581293 1.467805
0.872352 -1.602138 1.098788
0.857751 -1.581313 1.473813
0.848327 -1.567524 1.980830
0.859506 -1.592225 1.247807
0.849061 -1.580431 1.733824
0.845913 -1.576396 1.618829
0.860122 -1.606096 0.900801
0.857358 -1.602178 1.104806
0.840143 -1.574483 1.814837
0.850442 -1.596225 1.186816
0.834233 -1.573526 1.891844
0.834816 -1.578393 1.534841
0.834110 -1.577486 1.781843
0.832262 -1.574539 1.913846
0.837692 -1.586342 1.415835
0.838319 -1.600215 1.077829
0.817395 -1.562626 2.049868
0.818345 -1.565606 2.001866
0.830738 -1.591370 1.444841
0.837402 -1.608237 1.130827
0.821171 -1.579535 1.828857
0.821756 -1.590398 1.461852
0.830352 -1.608240 1.089835
0.815743 -1.586413 1.459860
0.803292 -1.565628 1.958883
0.817498 -1.595326 1.237855
0.805042 -1.581535 1.718875
0.803903 -1.580496 1.605877
0.812344 -1.604285 1.091857
0.801175 -1.588580 1.815877
0.808455 -1.605329 1.182861
0.794242 -1.581624 1.885888
0.797691 -1.591438 1.407879
0.794111 -1.584581 1.770886
0.793823 -1.586492 1.527886
0.791262 -1.581637 1.902891
0.776371 -1.564720 2.028915
0.778335 -1.570700 1.986910
0.784698 -1.586477 1.424897
0.775119 -1.573640 1.800913
0.791401 -1.612350 1.124879
0.772726 -1.587515 1.446910
0.770711 -1.584517 1.439914
0.766310 -1.576718 1.954922
0.776497 -1.600425 1.229900
0.757985 -1.571643 1.694934
0.760878 -1.579597 1.589927
0.763440 -1.605437 1.172914
0.750068 -1.579683 1.748940
0.756687 -1.595537 1.398926
0.747797 -1.584601 1.512940
0.737365 -1.570812 2.014958
0.738318 -1.573794 1.969956
0.746712 -1.596570 1.418937
0.735109 -1.578734 1.785957
0.732726 -1.595610 1.432953
0.726303 -1.581813 1.941967
0.730739 -1.595619 1.443956
0.715966 -1.571743 1.681982
0.720868 -1.582693 1.577972
0.718698 -1.603631 1.394966
0.701999 -1.567791 1.719000
0.707808 -1.592700 1.508983
0.697343 -1.572905 1.996004
0.704690 -1.595669 1.404986
0.690058 -1.572836 1.759012
0.691714 -1.598707 1.420000
0.684276 -1.580912 1.925016
0.686733 -1.598725 1.436005
0.678982 -1.580835 1.680022
0.682876 -1.590785 1.572013
0.666009 -1.575879 1.714038
0.678694 -1.606728 1.388012
0.664076 -1.577903 1.766040
0.656122 -1.562948 1.835055
0.669825 -1.602794 1.506024
0.655301 -1.569001 1.972054
0.653060 -1.579925 1.749052
0.644258 -1.582006 1.911061
0.639969 -1.581928 1.670066
0.645883 -1.597875 1.566053
0.628013 -1.582971 1.706080
0.619129 -1.570038 1.829095
0.622064 -1.579005 1.757088
0.619255 -1.577072 1.920092
0.618298 -1.575089 1.960094
0.616066 -1.588014 1.741092
0.605239 -1.582099 1.898106
0.608021 -1.600012 1.680096
0.595048 -1.597055 1.709112
0.585141 -1.579122 1.824131
0.582144 -1.579130 1.827134
0.583307 -1.583174 1.954131
0.583073 -1.585102 1.755131
0.580232 -1.577164 1.904137
0.580085 -1.599103 1.737129
0.569259 -1.592189 1.897144
0.552196 -1.597209 1.836162
0.545291 -1.585264 1.940175
0.547266 -1.591247 1.907170
0.548186 -1.594218 1.834168
0.530238 -1.591282 1.885189
0.511274 -1.598335 1.902209
0.510308 -1.595351 1.937211
1.482616 -1.557084 1.102710
1.420595 -1.558240 1.082776
1.394993 -1.539433 1.493809
1.392794 -1.544379 1.298810
1.360570 -1.557392 1.063840
1.351020 -1.555545 1.481850
1.334775 -1.548523 1.273870
1.311581 -1.567517 1.051888
1.280196 -1.536793 1.690932
1.292980 -1.552688 1.453913
1.266423 -1.537893 1.897946
1.282778 -1.558654 1.254921
1.262588 -1.575642 1.040937
1.247998 -1.565803 1.441956
1.231194 -1.546915 1.666980
1.224747 -1.558798 1.227982
1.207569 -1.575781 1.024995
1.193968 -1.564937 1.418013
1.182189 -1.556036 1.643028
1.147882 -1.530339 2.344073
1.179770 -1.573912 1.215025
1.475984 -1.544680 1.210120
1.471964 -1.542686 1.199126
1.487809 -1.555611 1.071099
1.416950 -1.549819 1.182201
1.486711 -1.556593 1.001100
1.410938 -1.544833 1.182211
1.473891 -1.552667 1.136119
1.424932 -1.547798 1.174190
1.445902 -1.546741 1.155160
1.414862 -1.553805 1.115202
1.384402 -1.542007 1.520248
1.425794 -1.561760 1.055183
1.399287 -1.541945 1.439228
1.355906 -1.547962 1.159287
1.348500 -1.539117 1.595300
1.350903 -1.547973 1.157294
1.414206 -1.551886 1.365204
1.420694 -1.561750 0.985191
1.363901 -1.550940 1.151275
1.408857 -1.553820 1.115211
1.355469 -1.542092 1.569290
1.388888 -1.553875 1.137239
1.370417 -1.543044 1.531269
1.354838 -1.556945 1.097287
1.327502 -1.547165 1.585329
1.333399 -1.553125 1.503319
1.362770 -1.563907 1.038274
1.302892 -1.553086 1.144362
1.342271 -1.549077 1.420308
1.294473 -1.546240 1.568377
1.296888 -1.555098 1.138370
1.353190 -1.559027 1.346290
1.313905 -1.563057 1.137344
1.359688 -1.568894 0.973278
1.347831 -1.555962 1.097299
1.302449 -1.550213 1.545365
1.330866 -1.558010 1.118322
1.276480 -1.552282 1.564401
1.316397 -1.550168 1.509346
1.302834 -1.565067 1.084360
1.300775 -1.535298 1.803373
1.330343 -1.552121 1.468325
1.245059 -1.534497 2.007452
1.275359 -1.553257 1.478403
1.300633 -1.540264 1.695372
1.304759 -1.570044 1.024357
1.255894 -1.563196 1.132428
1.237047 -1.540511 1.989462
1.243451 -1.554355 1.543449
1.288265 -1.558203 1.404384
1.245880 -1.564217 1.121442
1.241902 -1.539468 1.889456
1.239960 -1.538486 1.932459
1.254866 -1.562193 1.115430
1.249423 -1.555334 1.522440
1.293821 -1.562089 1.083375
1.294173 -1.565165 1.328374
1.275852 -1.564138 1.102400
1.257882 -1.542423 1.870433
1.295665 -1.571045 0.957370
1.280821 -1.552348 1.810398
1.223439 -1.552402 1.539478
1.263376 -1.556290 1.488421
1.247815 -1.568196 1.069439
1.275322 -1.557248 1.448404
1.239715 -1.532435 1.770462
1.209088 -1.553581 1.999499
1.223340 -1.558378 1.460478
1.245081 -1.538501 2.020454
1.209899 -1.573305 1.122492
1.242608 -1.545398 1.673455
1.246733 -1.571180 1.008440
1.194053 -1.556609 1.970520
1.190421 -1.559476 1.517524
1.227221 -1.556344 1.380473
1.211217 -1.538613 2.118502
1.183834 -1.534597 1.853542
1.195876 -1.574333 1.105512
1.188930 -1.544600 1.904532
1.203854 -1.569312 1.098502
1.193377 -1.555461 1.493522
1.172362 -1.528745 2.239561
1.174317 -1.531729 2.202557
1.153417 -1.526804 2.281588
1.244833 -1.575205 1.073443
1.175423 -1.558513 1.521546
1.224844 -1.571258 1.088472
1.203845 -1.545545 1.843511
1.223099 -1.554328 1.298481
1.197237 -1.541650 2.128521
1.238658 -1.577180 0.946451
1.206332 -1.555420 1.462504
1.214079 -1.546572 2.008497
1.196811 -1.575317 1.058511
1.224309 -1.563367 1.432476
1.178650 -1.527573 1.736552
1.168298 -1.557504 1.436558
1.199088 -1.551608 2.007517
1.161891 -1.579417 1.109560
1.124498 -1.528892 2.338629
1.193731 -1.578305 0.998516
1.191605 -1.555517 1.658526
1.135372 -1.558600 1.488605
1.172195 -1.559471 1.361552
1.142372 -1.573353 0.752590
1.139838 -1.573463 1.083593
1.126335 -1.534848 2.213626
1.130412 -1.565617 1.505610
1.145365 -1.563572 1.475590
1.126283 -1.536836 2.173625
1.152840 -1.574431 1.083575
1.109397 -1.536902 2.254649
1.187803 -1.574338 1.057526
1.169814 -1.571386 1.070552
1.148212 -1.547761 2.104591
1.160337 -1.567527 1.449568
1.167080 -1.558459 1.282561
1.144797 -1.579439 1.045586
1.167262 -1.560498 1.408560
1.183657 -1.584311 0.937529
1.139690 -1.548666 1.733603
1.121294 -1.565614 1.423624
1.080467 -1.534989 2.309692
1.106847 -1.574545 1.090641
1.137712 -1.580438 0.985596
1.136578 -1.558644 1.638605
1.096374 -1.580463 0.745655
1.085345 -1.563714 1.464676
1.123189 -1.566586 1.348622
1.094841 -1.584568 1.070656
1.079365 -1.562734 1.480685
1.081312 -1.541950 2.189689
1.065368 -1.543999 2.225711
1.081263 -1.544937 2.149689
1.095338 -1.567686 1.453661
1.097801 -1.572559 1.063656
1.139807 -1.584452 1.047593
1.123824 -1.583495 1.061616
1.122732 -1.561710 1.743625
1.080068 -1.525907 2.044696
1.062953 -1.555907 1.911711
1.107297 -1.566649 1.426645
1.092771 -1.579561 1.030661
1.116244 -1.564617 1.392633
1.118090 -1.570575 1.273629
1.090674 -1.554779 1.715673
1.129655 -1.591440 0.928606
1.073274 -1.569725 1.406693
1.046497 -1.555068 2.300736
1.060834 -1.578654 1.078707
1.033871 -1.553962 1.858754
1.088709 -1.587554 0.975666
1.046355 -1.580582 0.735727
1.044779 -1.552915 1.795739
1.057085 -1.542959 2.030725
1.038332 -1.571823 1.445742
1.081547 -1.560771 1.617685
1.030324 -1.560846 1.458757
1.041827 -1.555932 1.824743
1.072172 -1.570705 1.333695
1.025219 -1.532071 2.144774
1.031205 -1.543048 2.115762
1.043819 -1.587687 1.053729
1.011277 -1.537115 2.177792
1.041283 -1.562809 1.426741
1.053807 -1.583663 1.052717
1.085772 -1.581579 1.031672
1.053745 -1.553886 1.770727
1.069679 -1.557830 1.716703
1.073804 -1.585613 1.047688
1.013898 -1.553017 1.881783
1.044113 -1.546994 2.044743
1.053247 -1.562773 1.401725
1.050791 -1.592662 1.026719
1.069231 -1.569727 1.378700
1.051959 -1.548940 1.932732
1.039641 -1.555897 1.694747
1.065078 -1.575700 1.260704
1.074643 -1.594571 0.918685
0.989369 -1.539188 2.241823
1.018837 -1.586754 1.070766
1.022236 -1.567843 1.386767
1.041966 -1.552964 1.931745
0.991870 -1.566058 1.841812
1.001353 -1.585691 0.729791
0.999759 -1.558019 1.776803
1.014073 -1.550057 2.013786
0.987313 -1.566946 1.444818
1.039707 -1.593671 0.967735
0.996800 -1.560034 1.802807
0.987285 -1.569939 1.419817
0.986219 -1.543161 2.129827
1.030525 -1.563889 1.600758
0.982146 -1.541156 2.081834
0.969256 -1.545209 2.152851
1.023159 -1.575820 1.319765
0.994796 -1.589802 1.037800
0.995268 -1.568916 1.409806
1.008725 -1.558989 1.751791
0.973885 -1.560109 1.863840
1.004789 -1.586778 1.038787
1.039773 -1.588688 1.023737
1.020652 -1.559944 1.698774
1.023787 -1.588730 1.033760
0.995074 -1.548105 2.019814
1.008238 -1.569878 1.387788
1.016315 -1.585647 0.703771
1.000770 -1.593780 1.013791
1.020206 -1.571841 1.361771
0.988299 -1.581713 0.699812
1.006957 -1.558045 1.919795
0.997652 -1.567996 1.685804
0.969287 -1.582757 0.689839
0.951369 -1.551275 2.224875
0.972823 -1.589862 1.058832
0.976222 -1.571951 1.373833
1.016079 -1.583817 1.251773
1.022631 -1.597695 0.908760
0.991922 -1.551078 1.907818
0.942816 -1.565167 1.808883
0.955742 -1.563120 1.759866
0.943290 -1.569048 1.428881
0.968047 -1.554163 1.992852
0.945213 -1.552255 2.113885
0.948756 -1.560142 1.775877
0.988693 -1.595793 0.957809
0.928233 -1.552301 2.128909
0.942273 -1.577043 1.402880
0.938118 -1.545256 2.058897
0.932869 -1.566203 1.845898
0.984531 -1.573999 1.591822
0.977160 -1.583930 1.310829
0.948789 -1.596910 1.024865
0.961692 -1.560097 1.730859
0.989296 -1.585710 0.693811
0.949247 -1.573023 1.391872
0.977649 -1.568045 1.686834
0.959785 -1.593885 1.027851
0.989752 -1.589807 1.010810
0.978782 -1.594837 1.023824
0.951057 -1.553207 2.002877
0.964229 -1.575981 1.374850
0.965287 -1.582768 0.692846
0.954762 -1.597890 1.004857
0.975198 -1.576947 1.350835
0.911342 -1.556364 2.200932
0.941291 -1.585826 0.690880
0.958936 -1.561157 1.903864
0.930821 -1.595962 1.050892
0.947614 -1.567111 1.664878
0.924281 -1.587864 0.680903
0.933220 -1.579053 1.363894
0.963050 -1.582942 1.236851
0.950935 -1.563176 1.900875
0.965594 -1.592830 0.895844
0.905295 -1.578138 1.419934
0.925276 -1.591859 0.671901
0.911722 -1.567222 1.742929
0.894763 -1.563275 1.778954
0.926038 -1.561260 1.977911
0.898157 -1.549360 2.083954
0.907753 -1.569238 1.761934
0.898112 -1.554348 2.042953
0.884194 -1.555399 2.099972
0.890844 -1.569299 1.826958
0.896250 -1.581149 1.383947
0.942694 -1.602903 0.950874
0.907244 -1.581121 1.379931
0.921703 -1.572191 1.721914
0.923105 -1.576055 1.289910
0.901767 -1.599021 1.009933
0.936516 -1.578111 1.578891
0.911754 -1.591997 1.012921
0.942292 -1.589823 0.687879
0.934645 -1.575146 1.675895
0.947764 -1.599908 1.005868
0.927745 -1.590957 1.007899
0.918208 -1.578089 1.359917
0.907039 -1.558308 1.985939
0.907741 -1.598001 0.993925
0.930185 -1.581053 1.338899
0.923303 -1.593870 0.688904
0.869306 -1.559458 2.173992
0.883789 -1.593073 1.036961
0.914930 -1.568260 1.891926
0.904614 -1.575212 1.654938
0.886184 -1.577162 1.345963
0.905914 -1.565280 1.885940
0.911020 -1.581064 1.222927
0.864285 -1.583235 1.407992
0.920611 -1.603939 0.892907
0.868703 -1.570322 1.727991
0.854763 -1.574367 1.764009
0.883016 -1.565359 1.959972
0.857133 -1.553454 2.064013
0.846795 -1.566398 1.801023
0.864734 -1.574337 1.743995
0.856086 -1.558443 2.022013
0.841158 -1.558495 2.073034
0.852233 -1.586251 1.367009
0.894681 -1.605018 0.941943
0.878685 -1.576291 1.705976
0.893644 -1.582243 1.666953
0.865237 -1.588220 1.366990
0.854741 -1.599131 0.995002
0.885141 -1.593148 1.289961
0.900747 -1.601020 0.995936
0.870768 -1.604096 1.005978
0.885482 -1.576230 1.561966
0.887764 -1.604053 1.002954
0.876204 -1.585188 1.348976
0.864021 -1.562408 1.970001
0.884159 -1.581161 1.323966
0.860718 -1.597113 0.982994
0.827259 -1.559551 2.145054
0.839765 -1.592177 1.025025
0.842163 -1.578266 1.333027
0.869916 -1.572366 1.878990
0.853556 -1.568329 1.630014
0.862902 -1.570381 1.873001
0.824276 -1.588329 1.397049
0.866027 -1.590172 1.216990
0.826686 -1.574420 1.713051
0.878642 -1.619043 0.892964
0.817120 -1.559546 2.048069
0.837981 -1.565462 1.939038
0.815839 -1.585474 1.803063
0.810730 -1.576467 1.741073
0.812041 -1.557542 1.996077
0.822718 -1.579434 1.728055
0.798111 -1.558591 2.044097
0.811228 -1.594348 1.354067
0.834654 -1.576393 1.688040
0.845597 -1.577353 1.646024
0.817189 -1.583331 1.345062
0.836099 -1.588262 1.273034
0.854728 -1.601129 0.986003
0.843749 -1.606158 0.993017
0.834195 -1.590287 1.338036
0.819995 -1.564509 1.952065
0.844164 -1.589257 1.318022
0.788242 -1.565640 2.126109
0.835443 -1.573347 1.544040
0.805189 -1.592355 1.331077
0.824899 -1.575471 1.866055
0.812558 -1.576426 1.622071
0.818879 -1.571483 1.859065
0.783254 -1.589424 1.383109
0.783657 -1.574518 1.696113
0.775084 -1.559640 2.026131
0.797973 -1.571554 1.927095
0.822038 -1.599277 1.213052
0.775050 -1.568628 1.987128
0.759091 -1.564677 2.023152
0.773640 -1.568542 1.695130
0.788608 -1.572497 1.666108
0.802575 -1.578452 1.632087
0.763179 -1.589456 1.331139
0.778198 -1.593422 1.338117
0.792181 -1.593384 1.326097
0.794113 -1.598362 1.269093
0.746191 -1.563731 2.097172
0.779990 -1.570601 1.942122
0.802157 -1.593355 1.309083
0.789422 -1.574453 1.531108
0.762170 -1.593455 1.319141
0.766526 -1.574531 1.606141
0.745256 -1.596513 1.375164
0.740617 -1.571615 1.676179
0.737083 -1.567726 2.015185
0.759986 -1.581642 1.922149
0.734019 -1.569718 1.966190
0.733624 -1.572633 1.680189
0.721089 -1.573763 2.009207
0.777036 -1.604383 1.206118
0.750612 -1.580585 1.658163
0.762575 -1.584545 1.625145
0.737192 -1.599517 1.326176
0.723181 -1.598549 1.320196
0.751175 -1.598479 1.316157
0.751101 -1.600463 1.260157
0.762161 -1.600449 1.303142
0.742007 -1.581690 1.938176
0.747431 -1.582552 1.527169
0.723177 -1.601546 1.313197
0.704220 -1.592606 1.359226
0.724514 -1.577628 1.595203
0.691717 -1.578751 1.738249
0.700607 -1.575707 1.665238
0.696047 -1.566817 1.994247
0.709883 -1.563750 1.883229
0.695007 -1.574807 1.952247
0.680048 -1.573852 1.983268
0.682640 -1.582754 1.677262
0.691597 -1.573728 1.662252
0.709593 -1.582678 1.644224
0.720550 -1.583642 1.612209
0.721153 -1.603545 1.295202
0.697954 -1.575787 1.914244
0.706452 -1.593650 1.526227
0.685520 -1.584719 1.590260
0.689801 -1.568777 1.818259
0.651676 -1.575840 1.717310
0.662602 -1.580795 1.656294
0.659042 -1.572901 1.983301
0.671873 -1.567837 1.872285
0.651942 -1.566900 1.923313
0.651573 -1.574818 1.646312
0.641614 -1.584846 1.658323
0.669577 -1.584770 1.632284
0.684569 -1.593727 1.611260
0.631104 -1.569984 2.034343
0.647849 -1.555896 1.877324
0.664447 -1.596748 1.520289
0.617689 -1.585919 1.712359
0.649780 -1.569869 1.805319
0.647781 -1.568874 1.807322
0.649560 -1.600806 1.594310
0.626610 -1.588879 1.651346
0.619012 -1.572991 1.965361
0.631861 -1.570929 1.861344
0.614941 -1.573985 1.913367
0.600987 -1.577028 1.941386
0.616596 -1.587901 1.643361
0.603617 -1.593934 1.648378
0.632585 -1.592857 1.627337
0.644557 -1.595820 1.602320
0.597117 -1.581062 2.027391
0.616914 -1.577972 1.888365
0.582685 -1.591001 1.703410
0.609768 -1.571962 1.796378
0.608779 -1.572966 1.802379
0.584019 -1.581073 1.959412
0.597883 -1.582009 1.861393
0.577931 -1.578070 1.902422
0.564985 -1.585110 1.929438
0.560089 -1.582145 2.008447
0.578909 -1.582061 1.881421
0.576817 -1.588043 1.806424
0.545995 -1.581159 1.945469
0.573827 -1.589052 1.812428
0.558861 -1.582099 1.848451
0.542951 -1.590152 1.899471
0.527985 -1.593194 1.918492
0.524080 -1.588226 1.995499
0.541919 -1.589148 1.879475
0.541841 -1.598127 1.809474
0.510003 -1.589243 1.940521
0.535838 -1.596142 1.811483
0.523882 -1.592182 1.849501
0.506956 -1.597237 1.893524
0.491105 -1.601304 1.993545
1.471416 -1.550116 1.098810
1.484399 -1.549099 1.090792
1.396761 -1.537043 1.320928
1.406374 -1.550222 1.074922
1.458675 -1.535994 1.269825
1.388062 -1.542914 1.498948
1.457042 -1.544302 0.878834
1.511369 -1.547069 1.074749
1.428383 -1.559186 1.073897
1.348755 -1.549115 1.308020
1.345337 -1.552320 1.052029
1.403661 -1.546078 1.253928
1.385996 -1.534935 1.466949
1.330021 -1.548012 1.471052
1.395023 -1.548395 0.864944
1.306445 -1.534832 1.740082
1.451351 -1.556161 1.057860
1.299091 -1.554500 0.902110
1.366348 -1.560284 1.053004
1.289711 -1.547212 1.284121
1.401938 -1.533933 1.433926
1.412547 -1.546113 1.185918
1.290312 -1.558408 1.033129
1.345632 -1.549170 1.235031
1.479327 -1.558131 1.041817
1.333975 -1.545018 1.447048
1.268962 -1.546118 1.438156
1.255670 -1.529787 1.882166
1.241357 -1.522951 1.698184
1.309283 -1.534897 1.643082
1.388318 -1.557261 1.037969
1.420889 -1.539928 1.399903
1.265127 -1.580543 0.902191
1.238689 -1.552291 1.268213
1.306313 -1.561381 1.032109
1.429470 -1.564131 1.124908
1.348921 -1.545017 1.415027
1.347507 -1.545217 1.164029
1.238299 -1.567488 1.018226
1.286600 -1.551263 1.215134
1.417305 -1.564226 1.024929
1.393043 -1.539890 1.493951
1.274925 -1.545119 1.418149
1.210652 -1.543861 1.860255
1.220947 -1.558194 1.420249
1.261597 -1.531806 1.837162
1.204371 -1.542003 1.691264
1.318127 -1.532951 1.551070
1.194079 -1.531670 2.130274
1.259266 -1.544976 1.625177
1.331297 -1.562349 1.022071
1.180264 -1.532599 2.242299
1.207096 -1.577632 0.887289
1.365869 -1.548014 1.382004
1.236925 -1.537683 2.032210
1.189668 -1.557368 1.252302
1.279719 -1.523711 1.919129
1.249287 -1.564470 1.015210
1.289879 -1.546114 1.390129
1.355419 -1.557249 1.101030
1.186277 -1.573570 1.001321
1.234582 -1.557343 1.200229
1.293498 -1.555298 1.151131
1.281529 -1.540810 1.789140
1.356278 -1.566321 1.008036
1.222899 -1.552203 1.397245
1.158344 -1.548078 1.671349
1.164899 -1.558289 1.392346
1.331009 -1.543990 1.471061
1.271131 -1.549019 1.541164
1.207233 -1.549060 1.603270
1.190126 -1.530642 2.161285
1.276280 -1.569433 1.007172
1.127191 -1.532701 2.199390
1.155075 -1.578710 0.875379
1.141649 -1.562442 1.237389
1.303823 -1.546116 1.357110
1.186888 -1.542768 2.006301
1.298439 -1.545826 1.731119
1.105427 -1.521608 2.352419
1.196265 -1.568552 0.999305
1.227690 -1.531795 1.896225
1.237857 -1.553196 1.372225
1.280554 -1.537789 1.808143
1.189587 -1.571407 1.192319
1.126229 -1.567668 0.978420
1.219452 -1.533922 1.750241
1.291388 -1.558348 1.083141
1.235471 -1.557388 1.134232
1.214975 -1.529673 2.071246
1.298259 -1.570409 0.994139
1.108301 -1.548162 1.646436
1.165848 -1.549299 1.370341
1.103828 -1.549397 1.358444
1.142263 -1.521631 2.253360
1.202114 -1.525620 2.159265
1.271984 -1.550081 1.452168
1.213091 -1.550113 1.517266
1.155201 -1.552144 1.582363
1.142088 -1.537725 2.133374
1.219253 -1.570521 0.991271
1.081152 -1.539781 2.170475
1.243835 -1.533697 1.983202
1.110078 -1.589774 0.868466
1.100652 -1.575501 1.229470
1.247794 -1.550205 1.337208
1.233360 -1.535942 1.693222
1.060378 -1.526691 2.319500
1.139227 -1.566643 0.979400
1.180811 -1.551291 1.347320
1.136560 -1.572490 1.176410
1.168421 -1.539005 1.728332
1.211471 -1.527912 1.768252
1.169962 -1.541744 2.054332
1.081229 -1.580734 0.968507
1.066290 -1.558227 1.632515
1.186471 -1.569459 1.125325
1.050929 -1.536926 2.038524
1.211926 -1.533695 2.039257
1.240235 -1.572498 0.979239
1.239393 -1.572423 1.075241
1.117829 -1.557375 1.353429
1.096225 -1.527712 2.226443
1.105465 -1.542075 1.752438
1.151068 -1.528709 2.130353
1.050480 -1.546149 1.758532
1.059820 -1.562466 1.343529
1.218973 -1.560162 1.438266
1.105171 -1.556226 1.562450
1.159060 -1.553201 1.497359
1.083992 -1.527840 2.085464
1.161217 -1.567614 0.973367
1.199834 -1.547764 1.972289
1.030080 -1.538881 2.129561
1.053630 -1.577575 1.215552
1.060056 -1.588850 0.857550
1.194769 -1.554289 1.320302
1.022367 -1.540753 2.302577
1.186350 -1.547015 1.679311
1.093224 -1.577713 0.969488
1.131791 -1.557369 1.331409
1.082525 -1.570577 1.158500
1.121396 -1.546083 1.708418
1.020258 -1.560304 1.612595
1.010910 -1.545993 2.020600
1.032207 -1.584812 0.953594
1.160455 -1.536992 1.752346
1.189224 -1.579575 0.968332
1.132450 -1.572542 1.111420
1.051191 -1.533790 2.202524
1.066795 -1.559460 1.332518
1.057428 -1.546158 1.728523
1.182375 -1.576510 1.062341
1.006456 -1.555223 1.737615
1.104047 -1.537786 2.111441
1.010787 -1.565548 1.322615
1.059156 -1.563298 1.548535
1.036948 -1.530924 2.057546
1.109043 -1.560279 1.482450
1.155923 -1.556267 1.413370
0.983023 -1.539970 2.095642
1.006606 -1.579649 1.200634
1.114211 -1.576685 0.963454
1.018060 -1.599911 0.851631
1.108866 -1.572856 0.757460
1.034747 -1.546034 1.922562
1.145754 -1.561365 1.306391
0.973291 -1.537851 2.260658
1.137329 -1.554093 1.662400
1.044206 -1.581789 0.956574
0.982258 -1.572361 1.603670
0.965861 -1.546075 1.992677
1.083774 -1.564445 1.316496
1.075378 -1.554157 1.692502
1.038527 -1.581641 1.151584
1.061837 -1.535942 1.986511
0.984189 -1.589887 0.939680
1.000121 -1.529887 2.164608
1.132194 -1.577664 0.953427
1.111444 -1.547068 1.738438
1.018769 -1.563538 1.314603
1.079427 -1.574625 1.097512
1.009392 -1.549240 1.705608
1.046964 -1.528895 2.070530
0.961429 -1.562299 1.716697
0.958741 -1.562636 1.298702
1.125355 -1.579597 1.049440
1.008110 -1.560385 1.524619
0.997949 -1.545983 2.046625
1.060023 -1.565356 1.467538
0.961586 -1.582720 1.187713
1.101898 -1.560352 1.396465
0.937980 -1.544051 2.067723
0.968035 -1.596987 0.840714
1.064195 -1.580761 0.951542
0.989715 -1.550109 1.901642
1.056855 -1.575933 0.749551
0.930246 -1.540931 2.231733
1.097739 -1.567440 1.293478
1.085285 -1.552182 1.638487
0.935212 -1.569443 1.579748
0.998195 -1.588859 0.945659
0.925842 -1.554140 1.975752
1.018530 -1.540149 1.798588
1.042782 -1.579504 1.309579
1.028349 -1.558235 1.672586
0.984483 -1.574729 1.132671
1.016813 -1.543016 1.967593
0.963123 -1.544943 2.154684
0.934160 -1.588966 0.924765
0.967376 -1.558308 1.689687
0.971743 -1.566614 1.297686
1.081178 -1.580741 0.942516
1.057825 -1.545952 1.972529
1.006964 -1.541954 2.060609
1.063432 -1.556141 1.725527
1.030417 -1.580698 1.087600
0.985953 -1.594996 0.793684
0.915391 -1.566380 1.691779
0.917736 -1.574700 1.286781
0.960079 -1.561463 1.506702
0.951903 -1.548066 2.018705
1.069331 -1.580683 1.035537
0.915558 -1.581793 1.172791
1.005980 -1.562446 1.445627
0.924028 -1.602052 0.833793
0.892930 -1.546135 2.036801
1.043711 -1.551029 1.899557
1.017186 -1.587832 0.941628
0.950715 -1.562167 1.892719
1.048875 -1.563435 1.381558
0.890212 -1.547002 2.207807
1.009857 -1.584999 0.744638
1.053739 -1.578504 1.285562
1.039271 -1.559253 1.625571
0.894194 -1.574508 1.565822
0.887827 -1.562201 1.960823
0.946161 -1.584942 0.929744
0.980549 -1.557199 1.796667
0.989733 -1.573594 1.286664
0.980315 -1.560315 1.651670
0.944491 -1.587785 1.127750
0.972791 -1.549087 1.950673
0.915061 -1.541032 2.121763
0.890150 -1.596033 0.913846
1.033168 -1.585813 0.933602
0.922348 -1.563383 1.669768
0.926726 -1.572685 1.283768
0.946972 -1.611049 0.792764
0.958922 -1.543038 2.035692
1.005783 -1.546040 1.948617
0.982408 -1.586769 1.078687
0.871361 -1.571454 1.670859
1.010398 -1.557227 1.705619
0.916061 -1.565532 1.493780
0.874725 -1.583767 1.273862
0.907867 -1.551142 1.995783
0.874552 -1.588854 1.164867
0.886040 -1.615104 0.830869
1.021336 -1.591751 1.030628
0.852909 -1.555202 2.017877
0.957960 -1.566520 1.431713
0.991661 -1.548118 1.873643
0.847165 -1.549081 2.178882
0.900656 -1.557257 1.862800
0.966157 -1.585912 0.927714
0.995848 -1.564518 1.365649
0.999690 -1.571595 1.263648
0.960846 -1.587071 0.737723
0.993251 -1.564326 1.610654
0.846797 -1.566271 1.940897
0.846140 -1.567592 1.540898
0.904158 -1.594004 0.921823
0.939695 -1.570676 1.267747
0.936293 -1.565386 1.635749
0.930507 -1.556284 1.773751
0.899478 -1.591853 1.117830
0.930778 -1.558153 1.936753
0.875044 -1.549097 2.105837
0.988163 -1.592879 0.925685
0.847143 -1.604099 0.903926
0.879328 -1.569452 1.653847
0.885723 -1.583747 1.273847
0.915902 -1.549106 2.019771
0.896949 -1.608124 0.782847
0.961770 -1.553107 1.936698
0.931384 -1.585847 1.066774
0.823310 -1.568539 1.643938
0.872038 -1.568602 1.478858
0.964391 -1.565296 1.695704
0.863831 -1.554218 1.972861
0.834546 -1.594913 1.156940
0.827693 -1.584844 1.254944
0.808859 -1.555283 1.988953
0.809144 -1.557145 2.160954
0.950658 -1.558179 1.864721
0.862657 -1.568313 1.854874
0.910942 -1.570593 1.418796
0.966306 -1.588836 1.016719
0.925164 -1.597970 0.922794
0.949658 -1.569674 1.247732
0.806763 -1.568340 1.919967
0.807124 -1.572653 1.527969
0.948234 -1.569396 1.597734
0.890757 -1.553185 0.714815
0.948845 -1.573587 1.357737
0.858143 -1.598074 0.910905
0.894677 -1.574746 1.254827
0.892270 -1.569457 1.619827
0.883734 -1.556234 1.912831
0.889507 -1.567344 1.765831
0.855469 -1.596918 1.109909
0.835025 -1.556162 2.089912
0.835292 -1.570527 1.632923
0.838686 -1.580824 1.255925
0.936133 -1.588960 0.912770
0.869863 -1.549185 1.997849
0.929747 -1.585154 0.681778
0.914744 -1.556183 1.919781
0.830022 -1.572667 1.466933
0.819781 -1.552297 1.945934
0.793531 -1.597975 1.147013
0.781283 -1.573610 1.625014
0.888386 -1.595909 1.060855
0.915365 -1.567373 1.679789
0.786683 -1.592907 1.244021
0.770844 -1.565345 1.973026
0.768101 -1.559219 2.134026
0.818621 -1.568387 1.834950
0.906646 -1.564246 1.853802
0.862911 -1.569670 1.402877
0.878146 -1.600042 0.911876
0.769114 -1.578711 1.518039
0.919308 -1.597902 1.011807
0.907657 -1.578735 1.240811
0.902207 -1.570469 1.581814
0.897815 -1.572668 1.341823
0.851663 -1.579812 1.243905
0.847241 -1.570530 1.602905
0.842717 -1.562299 1.898906
0.790977 -1.554240 2.063985
0.812457 -1.599982 1.100985
0.844486 -1.570414 1.751910
0.791257 -1.570601 1.612998
0.896146 -1.602014 0.910850
0.796673 -1.586889 1.244002
0.829855 -1.557244 1.987925
0.789012 -1.578729 1.457008
0.781778 -1.563354 1.936009
0.869726 -1.560252 1.906861
0.736242 -1.572687 1.602091
0.840364 -1.594982 1.049936
0.743664 -1.596975 1.230098
0.868347 -1.571446 1.666873
0.727797 -1.565423 1.946100
0.862620 -1.566316 1.837878
0.729087 -1.578776 1.503108
0.824927 -1.583720 1.401954
0.838153 -1.611098 0.907954
0.863640 -1.580803 1.229888
0.857177 -1.569542 1.565890
0.870296 -1.600974 1.003893
0.860856 -1.595710 1.348905
0.802204 -1.568605 1.583981
0.812667 -1.590868 1.237981
0.749944 -1.556310 2.044057
0.803715 -1.572356 1.890982
0.799456 -1.570487 1.734987
0.748230 -1.572671 1.596073
0.851132 -1.604082 0.901928
0.786826 -1.559315 1.970000
0.756667 -1.594949 1.235077
0.747995 -1.581791 1.446081
0.742767 -1.571415 1.924082
0.826714 -1.565316 1.896939
0.696226 -1.579751 1.588165
0.689681 -1.576535 1.867174
0.821322 -1.572519 1.652954
0.820607 -1.571380 1.826955
0.694095 -1.590825 1.499178
0.823640 -1.589860 1.223964
0.778906 -1.584791 1.390034
0.814159 -1.572608 1.553966
0.762193 -1.574666 1.573054
0.710920 -1.560374 2.027128
0.771657 -1.595929 1.229055
0.804794 -1.581804 1.324989
0.745359 -1.549590 1.696062
0.707204 -1.574738 1.580145
0.746816 -1.565375 1.960073
0.697701 -1.562499 1.893152
0.710001 -1.591844 1.442155
0.786721 -1.576371 1.893017
0.656207 -1.585815 1.573239
0.656076 -1.592884 1.487245
0.775306 -1.575588 1.642035
0.772138 -1.573673 1.542039
0.781632 -1.594922 1.216040
0.732875 -1.581864 1.375110
0.669883 -1.559443 2.007197
0.722178 -1.578727 1.562126
0.762801 -1.591862 1.322070
0.708375 -1.562638 1.696136
0.668193 -1.581797 1.569218
0.707806 -1.571434 1.950145
0.658683 -1.567561 1.879223
0.668985 -1.593906 1.432227
0.610944 -1.563498 2.041299
0.656527 -1.577646 1.776235
0.607704 -1.574627 1.886313
0.731127 -1.577734 1.533113
0.742638 -1.603976 1.213114
0.733305 -1.582647 1.637113
0.693882 -1.591917 1.372185
0.630854 -1.560508 1.990265
0.672581 -1.559581 1.825195
0.684178 -1.587781 1.556199
0.672391 -1.575684 1.696209
0.716788 -1.593929 1.314150
0.633207 -1.595844 1.567290
0.662747 -1.562514 1.924215
0.615617 -1.557642 1.849288
0.576950 -1.576546 2.035368
0.575589 -1.577726 1.815371
0.613476 -1.569721 1.753302
0.687494 -1.559599 1.773173
0.569684 -1.579688 1.871383
0.695139 -1.588782 1.532184
0.689288 -1.583713 1.627189
0.594850 -1.568561 1.982332
0.632554 -1.559646 1.810263
0.645165 -1.591841 1.546268
0.632384 -1.580743 1.689280
0.623733 -1.565574 1.914282
0.580627 -1.569691 1.846356
0.539921 -1.578611 2.017431
0.541590 -1.586776 1.809434
0.577477 -1.577774 1.748368
0.650501 -1.568651 1.771240
0.532673 -1.587748 1.859450
0.655124 -1.590844 1.523250
0.644261 -1.581786 1.614261
0.558845 -1.575617 1.974397
0.595555 -1.567701 1.805330
0.591364 -1.580809 1.678347
0.588754 -1.579621 1.916351
0.546642 -1.582738 1.845423
0.502900 -1.582674 2.002495
0.611492 -1.571710 1.764307
0.521832 -1.579677 1.964461
0.605278 -1.592838 1.616333
0.561574 -1.579747 1.807395
0.549734 -1.579684 1.905415
0.468900 -1.591727 1.995558
0.572586 -1.567715 1.826367
0.576508 -1.581757 1.766372
0.485816 -1.582736 1.953522
0.528606 -1.596787 1.813463
0.511723 -1.582743 1.897479
0.540523 -1.590805 1.769438
0.539639 -1.588748 1.841438
1.453155 -1.545389 1.043735
1.405624 -1.530394 1.365808
1.402144 -1.557454 1.032820
1.399032 -1.561470 0.956825
1.511073 -1.548300 0.996650
1.357724 -1.539441 1.428887
1.348585 -1.537469 1.340901
1.345114 -1.560528 1.016912
1.338996 -1.564549 0.937922
1.452055 -1.557376 0.983747
1.309707 -1.550502 1.413967
1.421633 -1.540347 1.375792
1.415585 -1.534360 1.349800
1.299565 -1.550532 1.322983
1.285238 -1.540471 1.769004
1.288080 -1.561602 1.001003
1.253317 -1.527501 1.835052
1.278954 -1.564628 0.918019
1.392026 -1.560454 0.968844
1.253656 -1.548577 1.389056
1.363598 -1.545423 1.354886
1.358549 -1.540435 1.327893
1.237500 -1.546615 1.292081
1.230181 -1.543545 1.736093
1.238062 -1.568665 0.990085
1.438538 -1.538313 1.326771
1.319225 -1.538405 1.771956
1.430885 -1.535398 0.907782
1.201809 -1.534506 2.154137
1.435503 -1.540321 1.302776
1.224929 -1.571697 0.903107
1.336005 -1.567526 0.955935
1.202622 -1.552643 1.370139
1.310572 -1.553491 1.337973
1.300503 -1.543512 1.302987
1.290162 -1.541448 1.732004
1.182459 -1.550687 1.269171
1.172107 -1.540624 1.698186
1.298945 -1.568579 0.920995
1.186036 -1.571732 0.977170
1.152872 -1.530558 2.204216
1.383513 -1.548384 1.308861
1.255146 -1.531493 1.734058
1.375472 -1.547399 1.283874
1.171899 -1.575765 0.887194
1.273964 -1.565607 0.939034
1.150581 -1.552711 1.350223
1.257545 -1.559559 1.322060
1.228719 -1.524458 2.114099
1.247470 -1.549581 1.283074
1.221057 -1.527545 1.684111
1.135435 -1.559746 1.252249
1.109069 -1.524588 2.342285
1.124074 -1.549686 1.675266
1.322027 -1.529400 1.663956
1.142027 -1.581786 0.969243
1.239908 -1.568655 0.904090
1.207672 -1.531489 2.080135
1.447385 -1.549294 1.231766
1.316446 -1.541475 1.278968
1.205110 -1.537558 1.712139
1.187969 -1.522479 2.282165
1.123881 -1.583825 0.875273
1.308414 -1.542488 1.257981
1.222950 -1.572671 0.930118
1.101543 -1.553775 1.331303
1.294035 -1.531434 1.671002
1.179681 -1.531522 2.089180
1.198496 -1.557637 1.299154
1.196442 -1.556646 1.265158
1.271532 -1.521404 2.003036
1.175033 -1.538604 1.665188
1.059998 -1.525655 2.301365
1.088415 -1.569805 1.237328
1.394434 -1.543355 1.273850
1.075030 -1.554750 1.649346
1.089995 -1.581853 0.955328
1.071189 -1.553736 1.753353
1.273013 -1.543462 1.649038
1.188887 -1.575720 0.891174
1.155077 -1.543622 1.692222
1.259407 -1.544549 1.258060
1.380344 -1.551383 1.210874
1.043589 -1.532722 2.033393
1.135903 -1.523549 2.245249
1.056519 -1.559832 1.317377
1.068841 -1.581896 0.858362
1.168921 -1.574740 0.917206
1.254392 -1.550557 1.244070
1.242000 -1.537502 1.649087
1.146461 -1.559705 1.281239
1.146412 -1.562710 1.247240
1.222515 -1.526465 1.994116
1.219496 -1.529471 1.979122
1.130011 -1.549660 1.647264
1.022987 -1.540700 2.286428
1.331879 -1.538381 1.572949
1.039384 -1.574868 1.219409
1.332387 -1.542437 1.251949
1.014715 -1.538742 2.113441
1.026151 -1.556794 1.732426
1.043978 -1.586910 0.946403
1.027994 -1.561810 1.626424
1.217974 -1.547534 1.627128
1.137865 -1.581784 0.879258
1.310950 -1.537398 1.621983
1.112063 -1.554676 1.679294
1.209386 -1.553613 1.243143
1.005583 -1.549768 2.020458
1.087850 -1.526613 2.214327
1.023543 -1.581868 1.318436
1.311290 -1.547475 1.186984
1.184757 -1.528483 2.153178
1.117901 -1.578804 0.907289
1.024834 -1.594949 0.849436
1.190961 -1.542568 1.626170
1.202374 -1.559623 1.231156
1.218876 -1.581661 0.889134
1.101452 -1.570760 1.272314
1.182517 -1.544514 1.985185
1.102403 -1.575765 1.236314
0.976925 -1.542762 2.251504
1.079967 -1.552726 1.623345
0.968653 -1.536804 2.081516
0.976086 -1.550861 1.702506
0.996952 -1.587969 0.935480
1.274348 -1.544513 1.232043
0.988340 -1.574934 1.198491
1.276859 -1.549450 1.557040
1.264338 -1.534410 1.881058
0.976940 -1.561877 1.598508
1.056505 -1.537691 1.986380
1.165944 -1.553601 1.609214
1.082824 -1.578856 0.862346
1.061015 -1.554743 1.655377
1.258920 -1.544465 1.603068
1.248389 -1.532424 1.917083
1.163374 -1.564670 1.232220
0.968470 -1.568942 1.290522
0.956519 -1.549834 1.985538
1.043816 -1.534670 2.191401
1.137725 -1.536544 2.131256
1.072895 -1.589859 0.900365
1.255271 -1.556545 1.174076
1.232587 -1.527420 2.051107
1.138919 -1.545636 1.603255
0.976808 -1.599010 0.836515
1.164832 -1.585732 0.864222
1.158833 -1.577739 0.872230
1.150350 -1.565689 1.217241
1.035547 -1.542711 2.012416
1.049412 -1.569827 1.254399
1.048354 -1.572835 1.214401
0.931865 -1.543822 2.217577
1.033934 -1.558785 1.603422
0.929630 -1.545853 2.064581
0.939083 -1.563905 1.694570
0.945908 -1.581035 0.920562
1.221323 -1.550581 1.217130
0.940305 -1.577995 1.180570
0.938937 -1.577923 1.588573
1.219821 -1.553524 1.536133
1.215328 -1.548471 1.868140
1.010465 -1.542751 1.962456
1.107881 -1.548678 1.580306
1.039822 -1.592908 0.855419
1.209899 -1.553528 1.588150
1.012980 -1.557804 1.636456
0.927455 -1.575992 1.280591
1.206392 -1.549474 1.910155
0.996761 -1.535733 2.161478
1.113346 -1.569734 1.216302
0.913480 -1.555889 1.961610
1.023874 -1.592921 0.891445
1.089883 -1.549699 1.583336
1.188588 -1.544473 2.043182
0.926777 -1.599073 0.823597
1.107810 -1.581803 0.861313
1.197244 -1.561619 1.160171
1.112812 -1.589797 0.855307
0.992522 -1.550765 1.995488
1.098325 -1.570754 1.204326
1.002385 -1.572886 1.241476
0.889819 -1.547877 2.190647
0.998316 -1.573899 1.196483
0.891606 -1.553900 2.047646
1.186692 -1.563697 0.803189
0.899058 -1.569955 1.679636
0.986899 -1.562845 1.583499
0.906908 -1.593081 0.916628
1.178325 -1.566633 1.210203
0.894272 -1.581053 1.163646
0.886869 -1.571992 1.557657
0.967434 -1.549805 1.942528
1.160778 -1.554601 1.515229
0.992802 -1.597966 0.845497
1.060863 -1.557737 1.567385
0.883424 -1.577048 1.266663
1.157862 -1.556595 1.568234
0.968959 -1.564859 1.623529
0.948698 -1.533797 2.129555
1.062310 -1.570799 1.199385
0.869435 -1.559946 1.935683
1.030587 -1.529688 2.062428
0.971840 -1.589987 0.879529
1.043858 -1.556758 1.567412
0.879747 -1.599132 0.811674
0.946478 -1.552825 1.971563
1.060797 -1.589861 0.852391
1.047297 -1.573819 1.190410
1.058788 -1.591865 0.845395
1.148240 -1.574679 1.153254
0.953350 -1.572949 1.225556
1.030367 -1.548714 1.904433
0.847774 -1.551932 2.164717
0.848554 -1.553956 2.020716
0.855014 -1.569012 1.658708
0.949277 -1.573962 1.178562
0.940864 -1.566903 1.564575
1.020345 -1.548729 1.891449
0.865900 -1.601130 0.910697
1.128302 -1.572696 1.197286
0.852259 -1.591104 1.152717
0.924402 -1.556860 1.922600
1.130787 -1.583753 0.855284
0.838814 -1.569055 1.531735
0.944776 -1.600026 0.833575
0.842405 -1.582098 1.256731
0.926939 -1.571911 1.610599
1.008824 -1.558803 1.548470
1.109758 -1.563665 1.501314
1.105823 -1.558662 1.548319
0.906664 -1.539850 2.108625
1.015285 -1.575859 1.185463
0.827395 -1.564000 1.912753
0.986565 -1.537743 2.047502
0.999839 -1.565812 1.553486
0.925825 -1.595043 0.872605
0.902435 -1.553882 1.949635
1.014785 -1.597918 0.844468
0.908323 -1.575005 1.213630
0.978297 -1.542784 1.871516
0.808519 -1.558007 2.000782
0.997268 -1.575882 1.177492
0.814984 -1.572062 1.642775
0.809748 -1.560979 2.145781
1.009774 -1.597925 0.838476
1.090201 -1.573754 1.136348
0.907265 -1.584013 1.168634
0.894823 -1.567963 1.543651
0.978336 -1.559780 1.882520
1.074260 -1.570766 1.179373
0.879357 -1.557918 1.898674
0.808234 -1.596159 1.139791
0.804393 -1.589144 1.248795
1.077760 -1.584821 0.844370
0.795782 -1.574108 1.513806
0.897753 -1.603085 0.823653
0.879895 -1.569972 1.590675
0.865635 -1.545902 2.090694
0.961793 -1.561863 1.532547
1.059803 -1.565720 1.535396
1.057731 -1.568731 1.486400
0.965246 -1.574923 1.168544
0.786368 -1.572051 1.894822
0.944543 -1.545796 2.032572
0.949784 -1.560878 1.529566
0.883818 -1.603094 0.867676
0.861414 -1.560933 1.935704
1.031445 -1.547679 1.968438
0.772501 -1.566051 1.987844
0.968771 -1.604975 0.836545
0.940298 -1.556829 1.865581
0.774960 -1.576112 1.629841
0.867321 -1.586054 1.208699
0.767698 -1.562034 2.118851
0.948243 -1.578943 1.165573
0.960755 -1.600986 0.830557
0.863243 -1.589068 1.156706
1.031157 -1.569830 1.119443
0.847773 -1.566024 1.520727
0.929289 -1.558843 1.859600
1.030247 -1.578820 1.170447
0.764375 -1.593193 1.239862
0.837326 -1.562971 1.880744
1.032757 -1.595875 0.839446
0.754757 -1.580159 1.498875
0.835861 -1.571027 1.574748
0.825609 -1.552951 2.073761
1.008754 -1.562787 1.513478
1.007242 -1.562732 1.828481
0.914766 -1.565922 1.518625
0.997139 -1.550756 1.773495
0.921230 -1.581977 1.158618
0.998669 -1.560809 1.461494
0.898496 -1.545855 2.008647
0.817367 -1.559989 1.912776
0.905760 -1.566933 1.515640
0.730449 -1.564106 1.962912
0.733920 -1.575164 1.611909
0.980396 -1.546746 1.944521
0.919740 -1.603037 0.825624
0.727654 -1.564085 2.094917
0.896265 -1.560885 1.847654
0.827312 -1.594102 1.202767
0.904231 -1.585997 1.158646
0.911735 -1.603047 0.823638
0.820221 -1.594121 1.144778
0.807757 -1.574072 1.509795
0.888279 -1.568893 1.850669
0.985149 -1.579886 1.112520
0.982222 -1.581881 1.158526
0.798308 -1.572019 1.867810
0.987748 -1.603930 0.833521
0.792829 -1.572081 1.559819
0.712728 -1.585211 1.482946
0.783569 -1.555005 2.052831
0.960719 -1.563848 1.496557
0.958198 -1.562795 1.806561
0.869743 -1.570977 1.506700
0.880222 -1.592026 1.151687
0.953133 -1.561809 1.766569
0.856471 -1.551907 1.993718
0.950646 -1.565869 1.449574
0.776334 -1.563041 1.895844
0.863737 -1.571985 1.502710
0.695893 -1.578211 1.597972
0.937383 -1.555799 1.934593
0.850218 -1.559945 1.824729
0.782280 -1.593159 1.189840
0.877738 -1.614087 0.820695
0.778203 -1.600173 1.134848
0.858216 -1.592054 1.150723
0.764727 -1.577127 1.493866
0.838218 -1.562959 1.823750
0.937137 -1.586945 1.105600
0.934194 -1.582942 1.145604
0.744540 -1.559054 2.035896
0.939729 -1.605990 0.825600
0.749798 -1.573135 1.544889
0.914689 -1.565907 1.481632
0.916578 -1.572035 0.760630
0.672714 -1.594260 1.472013
0.909149 -1.558859 1.784640
0.824718 -1.573034 1.494774
0.836202 -1.596081 1.140760
0.659229 -1.574214 1.823031
0.815454 -1.558958 1.981786
0.905102 -1.563870 1.750648
0.658878 -1.583256 1.589034
0.819709 -1.575040 1.487782
0.899614 -1.566933 1.434657
0.811208 -1.568992 1.815795
0.891349 -1.556857 1.917669
0.812190 -1.592110 1.139798
0.725714 -1.585173 1.483932
0.798211 -1.572007 1.816817
0.889172 -1.584997 1.135678
0.887113 -1.588006 1.095682
0.703501 -1.560106 2.015963
0.711789 -1.581180 1.537954
0.895718 -1.612043 0.819673
0.870659 -1.566962 1.467704
0.871155 -1.572903 1.781705
0.794183 -1.600132 1.130829
0.615331 -1.565252 1.903102
0.773420 -1.560011 1.964856
0.782706 -1.580084 1.486844
0.616171 -1.569270 1.796101
0.623873 -1.592297 1.583093
0.777682 -1.577092 1.474852
0.860088 -1.570924 1.741723
0.606507 -1.563242 2.019116
0.764143 -1.560054 1.787871
0.854603 -1.573987 1.427732
0.849337 -1.564907 1.908739
0.685694 -1.590222 1.472999
0.770184 -1.600160 1.134869
0.847163 -1.593047 1.128748
0.668160 -1.564186 1.798022
0.664475 -1.564154 2.001029
0.674787 -1.590224 1.534017
0.840100 -1.594063 1.088760
0.830655 -1.576009 1.462772
0.826117 -1.570960 1.764779
0.581327 -1.575292 1.897160
0.735419 -1.571055 1.959921
0.738678 -1.581138 1.473917
0.579163 -1.580314 1.787165
0.738671 -1.584139 1.466917
0.816073 -1.576977 1.732797
0.570487 -1.570285 2.006177
0.723112 -1.561105 1.772938
0.806318 -1.568960 1.898811
0.806574 -1.575046 1.414811
0.643657 -1.589274 1.456068
0.702082 -1.553132 1.763971
0.806154 -1.600096 1.122817
0.629132 -1.567235 1.783087
0.624433 -1.563204 1.981094
0.636778 -1.597268 1.528081
0.790645 -1.583057 1.455839
0.788116 -1.581005 1.760844
0.546315 -1.582333 1.888220
0.614199 -1.565243 1.830112
0.698670 -1.588185 1.468984
0.698653 -1.589187 1.456985
0.535476 -1.579327 1.996237
0.680067 -1.558159 1.753009
0.759978 -1.557053 1.696884
0.764574 -1.585095 1.411882
0.666092 -1.566173 1.764033
0.591108 -1.571281 1.770151
0.588417 -1.569248 1.971155
0.747619 -1.584110 1.443910
0.743076 -1.578061 1.743917
0.511299 -1.588375 1.878279
0.581216 -1.580280 1.833169
0.659637 -1.594234 1.448050
0.659672 -1.598230 1.467051
0.499459 -1.585370 1.985298
0.646084 -1.573197 1.756068
0.714947 -1.556108 1.683958
0.721562 -1.590147 1.405954
0.628085 -1.573217 1.759098
0.555106 -1.581323 1.765213
0.551399 -1.574292 1.960218
0.710621 -1.594152 1.441973
0.697018 -1.569121 1.720991
0.542185 -1.580328 1.819234
0.611309 -1.568210 1.910125
0.609074 -1.580241 1.749131
0.674201 -1.561126 1.849026
0.675953 -1.567153 1.684025
0.681571 -1.602192 1.407023
0.588067 -1.576265 1.751164
0.514383 -1.579336 1.951280
0.668586 -1.591205 1.428042
0.660013 -1.576164 1.717053
0.575301 -1.574252 1.905185
0.573074 -1.589282 1.746192
0.634188 -1.565173 1.843094
0.633936 -1.570203 1.677095
0.479372 -1.585378 1.944340
0.552071 -1.585307 1.751226
0.620999 -1.579211 1.711118
0.536279 -1.576300 1.895250
0.596183 -1.571218 1.840158
0.598969 -1.588240 1.687157
0.586006 -1.589251 1.712178
0.501283 -1.585340 1.895311
0.559185 -1.579260 1.840221
0.525207 -1.592297 1.848280
1.434593 -1.541599 1.162207
1.428715 -1.541563 1.241216
1.384218 -1.534438 1.576283
1.377559 -1.544679 1.143299
1.362654 -1.538661 1.211320
1.352340 -1.537435 1.655335
1.332184 -1.540515 1.554368
1.438676 -1.540544 1.227203
1.437487 -1.549614 1.098209
1.324535 -1.550753 1.128385
1.307622 -1.545741 1.190409
1.289266 -1.534536 1.616431
1.393079 -1.537458 1.494272
1.506403 -1.546540 1.051100
1.283158 -1.548586 1.536448
1.376634 -1.543634 1.204300
1.275519 -1.559819 1.116466
1.378459 -1.554696 1.082303
1.353262 -1.533442 1.619332
1.460631 -1.540515 1.207168
1.255593 -1.553815 1.171494
1.230792 -1.528423 1.966519
1.240237 -1.545609 1.594514
1.342061 -1.549530 1.478358
1.219898 -1.534402 2.031540
1.234129 -1.555657 1.517528
1.446386 -1.556621 1.038199
1.318594 -1.546718 1.182392
1.225496 -1.565888 1.102547
1.319426 -1.557778 1.065397
1.411958 -1.543462 1.420246
1.298221 -1.540525 1.593421
1.396584 -1.540608 1.183267
1.172341 -1.518302 2.334605
1.278638 -1.525401 1.875444
1.206576 -1.565883 1.156576
1.269814 -1.521350 1.993455
1.189198 -1.552686 1.569597
1.280004 -1.546624 1.450452
1.181081 -1.554736 1.493610
1.367184 -1.534436 1.577311
1.385358 -1.561706 1.022296
1.263559 -1.550797 1.162480
1.170458 -1.564965 1.085632
1.268412 -1.566847 1.054480
1.350919 -1.547550 1.398342
1.135272 -1.529375 2.285669
1.245177 -1.544605 1.567505
1.124283 -1.523382 2.298683
1.233623 -1.538465 1.860520
1.337551 -1.545692 1.164362
1.154540 -1.569957 1.136659
1.223789 -1.533418 1.972533
1.139161 -1.559760 1.545678
1.137959 -1.566174 0.767682
1.124016 -1.546823 1.464695
1.231990 -1.558689 1.437533
1.314153 -1.543513 1.556398
1.200113 -1.525334 2.189566
1.452286 -1.568631 0.976196
1.195201 -1.523309 2.248573
1.324328 -1.564789 1.007392
1.290705 -1.526348 1.927426
1.417812 -1.543485 1.338236
1.123438 -1.570028 1.074708
1.420546 -1.547574 1.163234
1.293484 -1.535423 1.777426
1.215543 -1.562863 1.148561
1.216391 -1.572917 1.042565
1.090228 -1.535446 2.257742
1.289875 -1.548639 1.375438
1.191134 -1.548686 1.542592
1.081246 -1.533450 2.271755
1.285530 -1.554763 1.149448
1.100500 -1.571034 1.116744
1.384105 -1.539425 1.533287
1.084099 -1.556845 1.514762
1.081999 -1.555881 1.451765
1.173934 -1.553776 1.411621
1.087934 -1.570240 0.754762
1.259114 -1.547594 1.533485
1.057686 -1.532669 1.914791
1.154083 -1.535403 2.167643
1.147154 -1.528385 2.219650
1.384250 -1.569725 0.959302
1.230033 -1.521309 2.148517
1.267304 -1.569866 0.994484
1.234926 -1.528342 2.073514
1.237664 -1.532428 1.901511
1.079428 -1.580086 1.065781
1.358505 -1.547662 1.143330
1.163515 -1.567935 1.132644
1.231419 -1.532519 1.744521
1.351769 -1.545580 1.315340
1.158958 -1.568129 0.774651
1.056232 -1.554493 2.248805
1.163366 -1.576988 1.029649
1.139088 -1.550764 1.517674
1.229827 -1.547726 1.352531
1.034189 -1.536528 2.237830
1.230496 -1.557841 1.131535
1.335093 -1.552492 1.520370
1.046453 -1.569112 1.094827
1.308573 -1.527354 1.851398
1.034965 -1.557948 1.433839
1.033053 -1.558921 1.489843
1.124909 -1.559844 1.396701
1.035905 -1.571310 0.741844
1.105033 -1.538481 2.138721
1.208081 -1.553668 1.513568
1.019680 -1.549722 1.901859
1.100113 -1.535459 2.192727
1.034407 -1.584146 1.054854
1.185014 -1.534374 2.130595
1.193650 -1.546491 1.886587
1.184895 -1.536415 2.052596
1.290291 -1.534474 1.666430
1.315205 -1.565821 0.941407
1.211279 -1.573942 0.981573
1.303482 -1.554737 1.129420
1.109473 -1.567011 1.112728
1.179382 -1.537596 1.722605
0.994090 -1.531607 2.182890
1.106931 -1.570198 0.762733
1.003600 -1.551768 1.850886
1.291737 -1.550664 1.297436
1.110337 -1.578060 1.016732
1.093065 -1.559829 1.500750
1.265731 -1.527353 1.957465
0.984110 -1.533613 2.195907
1.073459 -1.536711 1.774769
1.177806 -1.555797 1.338616
1.181478 -1.566907 1.118616
1.279055 -1.556574 1.498459
1.002441 -1.580170 1.083901
0.990939 -1.563010 1.418911
1.262566 -1.542417 1.839478
0.984008 -1.560994 1.465921
1.072868 -1.559919 1.376782
1.043919 -1.521586 2.085808
0.998919 -1.593353 0.738913
1.155041 -1.556745 1.491652
1.043013 -1.524557 2.143811
0.972632 -1.553794 1.873935
0.986377 -1.584211 1.041929
1.137985 -1.542444 2.110672
0.955061 -1.539666 2.162955
1.152243 -1.573022 0.966664
1.253471 -1.566804 1.118504
1.237273 -1.545547 1.651518
1.059443 -1.571080 1.096808
0.970843 -1.575405 0.707948
1.255184 -1.571900 0.929504
0.957550 -1.551839 1.824957
1.135378 -1.552654 1.713681
1.054905 -1.572267 0.750815
1.064324 -1.586120 1.007808
1.221854 -1.535367 2.034538
1.233707 -1.555745 1.280529
1.041015 -1.558906 1.475831
0.944081 -1.543674 2.173975
1.035460 -1.552761 1.767837
1.133917 -1.570151 0.761691
1.215713 -1.539423 1.941549
1.124774 -1.558871 1.321700
1.130452 -1.570976 1.104698
1.022584 -1.543732 1.855852
0.949922 -1.570064 1.407978
1.220005 -1.554661 1.474550
0.956417 -1.586232 1.069977
1.026845 -1.564981 1.363856
0.938980 -1.568057 1.447995
1.003907 -1.534642 2.072877
0.948887 -1.592420 0.725991
1.104002 -1.558819 1.470733
1.000989 -1.534618 2.125881
0.928598 -1.560860 1.852008
0.942357 -1.588268 1.031999
1.072865 -1.524556 2.055764
0.913017 -1.543732 2.137023
0.921547 -1.564886 1.817021
0.928836 -1.583456 0.703018
1.201449 -1.572874 1.105588
1.014425 -1.579140 1.084882
1.100221 -1.577090 0.955748
1.079322 -1.549738 1.686767
1.176220 -1.544637 1.625613
1.198161 -1.575975 0.918594
1.014295 -1.586186 0.995886
1.017921 -1.594310 0.748885
0.900031 -1.546744 2.145045
0.994986 -1.564971 1.458906
0.985410 -1.550836 1.742914
1.177683 -1.562821 1.266620
1.081892 -1.572220 0.750773
1.074749 -1.563939 1.307781
0.906893 -1.573124 1.393047
0.980561 -1.552792 1.838923
1.077416 -1.572050 1.087781
1.167971 -1.558735 1.455633
0.908384 -1.588297 1.054053
0.981826 -1.572042 1.351930
0.965901 -1.547694 2.062943
0.893947 -1.573121 1.429068
0.955939 -1.536689 2.097953
1.056973 -1.563885 1.453809
0.898855 -1.590485 0.714068
0.898336 -1.591326 1.022070
0.881542 -1.560933 1.822081
0.871980 -1.547794 2.115090
1.040503 -1.548723 1.807827
1.033864 -1.539608 2.047833
0.875486 -1.559958 1.788090
1.030749 -1.541650 1.972839
1.145409 -1.570952 1.087674
0.967400 -1.583203 1.071958
1.054219 -1.589147 0.950826
1.033305 -1.558801 1.673844
0.961871 -1.583386 0.732966
0.963263 -1.585254 0.982966
1.125198 -1.552708 1.610697
0.854971 -1.546816 2.112116
1.141138 -1.580050 0.907686
0.946943 -1.565040 1.436981
0.943391 -1.558894 1.729984
1.034880 -1.579279 0.743851
0.861855 -1.571188 1.376117
1.123658 -1.567894 1.252707
1.024721 -1.567007 1.293861
0.939544 -1.563849 1.824993
1.030397 -1.578112 1.076857
1.120954 -1.567799 1.442711
1.096403 -1.538669 1.756735
0.865365 -1.595354 1.042124
0.936800 -1.575103 1.339002
0.919851 -1.547764 2.037015
0.915918 -1.545746 2.082021
0.850923 -1.580180 1.414139
1.005927 -1.562959 1.431888
0.854310 -1.592384 1.011139
0.832945 -1.552853 2.094153
1.106878 -1.575174 0.748736
0.838503 -1.564997 1.800151
0.993463 -1.551792 1.785902
0.837472 -1.569010 1.777154
0.988832 -1.545674 2.027907
0.983714 -1.545719 1.952915
1.095387 -1.576019 1.075755
0.923382 -1.590261 1.061031
1.001186 -1.587218 0.937908
0.919250 -1.591310 0.976038
0.982259 -1.557875 1.651923
0.913847 -1.585448 0.723043
0.816946 -1.555872 2.094180
1.059695 -1.534614 1.951790
0.900365 -1.563954 1.715054
1.071159 -1.554785 1.590783
0.900907 -1.567105 1.419054
0.824848 -1.581235 1.369180
1.089126 -1.588116 0.899771
0.988870 -1.587336 0.736927
0.892490 -1.561921 1.798065
0.984375 -1.583173 1.064932
1.069919 -1.568870 1.425792
0.975695 -1.571073 1.280940
1.070635 -1.572964 1.240792
1.056409 -1.554719 1.752806
0.817327 -1.593419 1.026198
0.889767 -1.575167 1.324076
0.875810 -1.549830 2.015085
0.869861 -1.543818 2.053092
0.804884 -1.581245 1.395211
0.960904 -1.569021 1.417962
0.790895 -1.552918 2.067220
1.054852 -1.575242 0.738818
0.797441 -1.572067 1.760219
0.796473 -1.572057 1.781220
0.947426 -1.554859 1.765976
0.942794 -1.548741 2.006980
0.940698 -1.554777 1.940987
1.044356 -1.576087 1.062835
0.875347 -1.589326 1.046105
0.877242 -1.599362 0.970107
0.939246 -1.566932 1.641995
0.773893 -1.555939 2.066248
0.950159 -1.587284 0.927987
1.019697 -1.548665 1.946860
0.857332 -1.566015 1.698122
0.785834 -1.588285 1.360245
0.860900 -1.579157 1.410123
1.020128 -1.557855 1.574864
0.940848 -1.589398 0.728003
1.034099 -1.588187 0.889857
0.846443 -1.561989 1.774138
1.013853 -1.558953 1.398874
0.939358 -1.589231 1.055006
0.928672 -1.575135 1.269015
1.009377 -1.557786 1.735881
1.005557 -1.552729 1.855885
1.017606 -1.575035 1.226876
0.835785 -1.555887 1.999151
0.844738 -1.576227 1.311147
0.828828 -1.548878 2.033159
0.751854 -1.554977 2.045282
0.915873 -1.571083 1.403033
0.758411 -1.575122 1.744282
0.762859 -1.587302 1.380280
0.906409 -1.562915 1.754045
1.008844 -1.583298 0.733894
0.750412 -1.567128 1.752290
0.898759 -1.551805 1.988051
0.894659 -1.555844 1.921059
0.999345 -1.584145 1.054910
0.833334 -1.597380 1.037175
0.732848 -1.558002 2.041313
0.744802 -1.587341 1.346309
0.817318 -1.574067 1.688189
0.894223 -1.571993 1.629068
0.970656 -1.549737 1.925938
0.905152 -1.595339 0.923062
0.813852 -1.575224 1.389195
0.809438 -1.574037 1.766202
0.970104 -1.562922 1.561945
0.879777 -1.567481 0.709087
0.970842 -1.568009 1.389946
0.889316 -1.584300 1.039081
0.978065 -1.585261 0.877943
0.964351 -1.562848 1.720954
0.879640 -1.575202 1.255092
0.794755 -1.559945 1.982218
0.958533 -1.557794 1.841961
0.804729 -1.585278 1.304214
0.713821 -1.559033 2.026344
0.787796 -1.552938 2.015225
0.962563 -1.571111 1.209960
0.716358 -1.570185 1.720345
0.871847 -1.575142 1.389105
0.719828 -1.590361 1.364350
0.863385 -1.567974 1.740114
0.856734 -1.556864 1.973119
0.958820 -1.583362 0.724972
0.710387 -1.574184 1.736357
0.851632 -1.559904 1.906129
0.951320 -1.586208 1.043986
0.707791 -1.594388 1.339371
0.693814 -1.563059 2.021377
0.771267 -1.569134 1.666259
0.927639 -1.556795 1.915009
0.846183 -1.571060 1.611143
0.861141 -1.602393 0.917135
0.772834 -1.582278 1.378263
0.759356 -1.561116 1.731274
0.925817 -1.571069 1.378018
0.922079 -1.566987 1.549022
0.850318 -1.598346 1.035150
0.921331 -1.568906 1.709025
0.754730 -1.565001 1.968283
0.677799 -1.565083 2.012404
0.840647 -1.589247 1.254161
0.934071 -1.599312 0.877019
0.765724 -1.594326 1.299280
0.678330 -1.572238 1.706406
0.911504 -1.560859 1.827036
0.748774 -1.559992 2.001290
0.827818 -1.577202 1.375175
0.916556 -1.581168 1.204038
0.823366 -1.575028 1.728181
0.812693 -1.556928 1.953189
0.910797 -1.583422 0.717047
0.669350 -1.577243 1.716423
0.811623 -1.569956 1.898197
0.908310 -1.594262 1.037057
0.651757 -1.560124 1.993442
0.730240 -1.571190 1.653325
0.884622 -1.563853 1.904080
0.798137 -1.567129 1.591217
0.731813 -1.588333 1.366331
0.719330 -1.566172 1.716339
0.883805 -1.579124 1.369089
0.874289 -1.566973 1.690097
0.715706 -1.569054 1.955347
0.871038 -1.565058 1.531101
0.725707 -1.598377 1.291345
0.639296 -1.572292 1.690468
0.709743 -1.563047 1.984353
0.794622 -1.591307 1.243234
0.890071 -1.610364 0.874094
0.864477 -1.564923 1.813112
0.785798 -1.582257 1.364243
0.778323 -1.573093 1.708251
0.776695 -1.569973 1.949252
0.869543 -1.587227 1.197115
0.632341 -1.588291 1.707487
0.862284 -1.594321 1.027130
0.613722 -1.563179 1.974504
0.692228 -1.578239 1.645388
0.840594 -1.565913 1.890150
0.755111 -1.569186 1.579285
0.694811 -1.599378 1.361395
0.678297 -1.568229 1.699405
0.838775 -1.579184 1.356159
0.602736 -1.571190 1.978525
0.834280 -1.575025 1.683165
0.675671 -1.570112 1.937410
0.606299 -1.584332 1.687526
0.825013 -1.568119 1.519176
0.668708 -1.565106 1.966419
0.753616 -1.599357 1.239303
0.821459 -1.569980 1.803182
0.746788 -1.590306 1.357309
0.735285 -1.572153 1.691318
0.735668 -1.573029 1.935318
0.824532 -1.594283 1.191189
0.589291 -1.585354 1.684553
0.818264 -1.597378 1.018200
0.578716 -1.575225 1.965565
0.650188 -1.575298 1.628453
0.799579 -1.571967 1.881218
0.714096 -1.574238 1.571353
0.640283 -1.575278 1.690469
0.795751 -1.581240 1.345229
0.567720 -1.578236 1.967585
0.789240 -1.572087 1.666235
0.633622 -1.566173 1.915476
0.624630 -1.553175 1.932484
0.781000 -1.574174 1.512249
0.706774 -1.596356 1.349377
0.690225 -1.563218 1.666386
0.689600 -1.563098 1.906388
0.777510 -1.596341 1.182267
0.677486 -1.560147 1.837406
0.539678 -1.576278 1.946630
0.615194 -1.587336 1.627517
0.675095 -1.584282 1.568422
0.532699 -1.583281 1.955645
0.604275 -1.584320 1.683534
0.756744 -1.589286 1.340297
0.595592 -1.567222 1.901539
0.747212 -1.573141 1.653304
0.591648 -1.570209 1.935547
0.735980 -1.577228 1.503325
0.654229 -1.575258 1.664452
0.642519 -1.548169 1.873457
0.721338 -1.552121 1.754336
0.635446 -1.557202 1.820474
0.504674 -1.587319 1.940694
0.497686 -1.590323 1.946707
0.634074 -1.586332 1.559491
0.717737 -1.596331 1.335365
0.559586 -1.575264 1.896603
0.706187 -1.574192 1.642372
0.555639 -1.578252 1.928611
0.620240 -1.589294 1.665516
0.612566 -1.572192 1.888519
0.695985 -1.588272 1.503397
0.684354 -1.566159 1.758404
0.597437 -1.563246 1.815539
0.666453 -1.561144 1.828431
0.525596 -1.588299 1.897666
0.670193 -1.585231 1.642437
0.518620 -1.582297 1.918674
0.575554 -1.578236 1.881584
0.652968 -1.591323 1.496469
0.643337 -1.569208 1.751473
0.564463 -1.580277 1.823603
0.628441 -1.565189 1.823496
0.632187 -1.592275 1.638504
0.540562 -1.589273 1.882647
0.602319 -1.571257 1.744542
0.527466 -1.589317 1.823669
0.588416 -1.565238 1.813562
0.562312 -1.576302 1.741611
0.553428 -1.576274 1.817625
1.480378 -1.547694 1.099554
1.448372 -1.551756 1.089599
1.444443 -1.547696 1.158599
1.445355 -1.557785 1.064609
1.419767 -1.530431 1.474612
1.425383 -1.560797 1.085638
1.405768 -1.539465 1.461639
1.394852 -1.533402 1.545647
1.379717 -1.540552 1.415673
1.380420 -1.548820 1.138681
1.386368 -1.559872 1.074686
1.363752 -1.537544 1.451691
1.379326 -1.555914 1.043691
1.361356 -1.559922 1.064718
1.345757 -1.546581 1.441723
1.337843 -1.541512 1.526728
1.329722 -1.552646 1.401750
1.323414 -1.555927 1.123762
1.311747 -1.546644 1.433767
1.325327 -1.565013 1.031769
1.322351 -1.561993 1.057770
1.306108 -1.543335 1.759771
1.284153 -1.534318 1.814789
1.271203 -1.521278 1.879791
1.303342 -1.564033 1.047796
1.275111 -1.536372 1.774803
1.285741 -1.551698 1.421806
1.283837 -1.550616 1.508807
1.274708 -1.557753 1.382826
1.263397 -1.558042 1.106841
1.242351 -1.531209 1.995839
1.253721 -1.548762 1.409843
1.269318 -1.570117 1.017846
1.247072 -1.542459 1.730845
1.237369 -1.532202 2.010846
1.263345 -1.568101 1.044852
1.220090 -1.525462 1.774861
1.232239 -1.544340 1.876866
1.246322 -1.565144 1.029870
1.211476 -1.522136 2.121869
1.213452 -1.530165 2.087875
1.218091 -1.540485 1.751880
1.225812 -1.551732 1.485883
1.229734 -1.558803 1.405885
1.218686 -1.558863 1.362899
1.199370 -1.548284 1.986913
1.212402 -1.568133 1.096917
1.199701 -1.551870 1.387916
1.215309 -1.574218 1.004920
1.189031 -1.539582 1.700917
1.192385 -1.548281 2.000922
1.205337 -1.573208 1.031932
1.176096 -1.538545 1.759932
1.175203 -1.543461 1.846939
1.196323 -1.574236 1.017945
1.168453 -1.542252 2.070947
1.172798 -1.556836 1.466956
1.161066 -1.542600 1.727956
1.167705 -1.557926 1.382964
1.163663 -1.559972 1.342971
1.150694 -1.558964 1.371987
1.157390 -1.571236 1.082992
1.143035 -1.550667 1.687988
1.161298 -1.577318 0.991993
1.127080 -1.543644 1.739001
1.151338 -1.581304 1.022011
1.139298 -1.572346 1.001016
1.122793 -1.563929 1.453029
1.109057 -1.548699 1.711030
1.110682 -1.558037 1.364038
1.113653 -1.565067 1.328042
1.098671 -1.560068 1.352056
1.095026 -1.556759 1.672057
1.109287 -1.580415 0.979064
1.104380 -1.575334 1.070065
1.080066 -1.549738 1.719069
1.095325 -1.582407 1.010084
1.061408 -1.534448 2.046077
1.092301 -1.581431 0.991087
1.059360 -1.535494 2.002081
1.066763 -1.562041 1.431100
1.062061 -1.558784 1.700103
1.064642 -1.569160 1.313110
1.060680 -1.565127 1.353111
1.052663 -1.566156 1.337123
1.040276 -1.547614 1.909119
1.048016 -1.561849 1.656124
1.060281 -1.584504 0.969132
1.055381 -1.582421 1.061137
1.027285 -1.545624 1.920134
1.032050 -1.553834 1.699136
1.042986 -1.578780 0.718148
1.019413 -1.545524 2.034144
1.044293 -1.585520 0.979154
1.015351 -1.542581 1.984146
1.022142 -1.553769 1.781150
1.044325 -1.589497 1.001159
1.016749 -1.565137 1.415169
1.017636 -1.574246 1.301177
1.002008 -1.549912 1.669171
1.013689 -1.576209 1.345185
0.992251 -1.547711 1.888182
1.005654 -1.571245 1.322190
0.999999 -1.563942 1.639189
1.012278 -1.589590 0.960201
1.004367 -1.583515 1.049205
0.989050 -1.562914 1.686203
0.978267 -1.548721 1.901202
0.991979 -1.580870 0.710218
0.971390 -1.547623 2.011210
0.995283 -1.588610 0.967222
0.973353 -1.552659 1.971213
0.968094 -1.546885 1.751213
0.993320 -1.593588 0.992230
0.966728 -1.565233 1.398234
0.968613 -1.572341 1.285240
0.961035 -1.566976 1.667244
0.959665 -1.574313 1.328254
0.953274 -1.562774 1.885250
0.959644 -1.575332 1.308255
0.954988 -1.568028 1.624253
0.966276 -1.594671 0.952267
0.959375 -1.593594 1.042275
0.944038 -1.568001 1.669268
0.935273 -1.557795 1.893268
0.928331 -1.554751 1.949274
0.940966 -1.579961 0.702284
0.950282 -1.594691 0.958288
0.925371 -1.550715 1.991274
0.930118 -1.561945 1.749280
0.939304 -1.592686 0.981300
0.920720 -1.569318 1.386300
0.922600 -1.574427 1.272303
0.914029 -1.572062 1.655312
0.905245 -1.560871 1.864312
0.913632 -1.578420 1.294319
0.911988 -1.575106 1.614318
0.906638 -1.571415 1.311321
0.920269 -1.597754 0.943331
0.900023 -1.571089 1.652330
0.910364 -1.594684 1.032341
0.890269 -1.563879 1.881335
0.887332 -1.563829 1.937339
0.880350 -1.552808 1.971336
0.905282 -1.601774 0.949355
0.898983 -1.592031 0.701353
0.884101 -1.565037 1.732344
0.893311 -1.601767 0.976371
0.882611 -1.585498 1.267367
0.873708 -1.572408 1.374365
0.863948 -1.569209 1.592374
0.866257 -1.572940 1.859376
0.869617 -1.581508 1.280380
0.864004 -1.571163 1.638376
0.875264 -1.602838 0.935395
0.861641 -1.579496 1.305388
0.853994 -1.570186 1.632388
0.866364 -1.601763 1.026405
0.846259 -1.568964 1.869397
0.842302 -1.562925 1.916396
0.838339 -1.557891 1.957395
0.861274 -1.605856 0.940416
0.840092 -1.570122 1.720406
0.836588 -1.584589 1.253425
0.848320 -1.611845 0.973439
0.829698 -1.576492 1.363426
0.821938 -1.573290 1.581432
0.817213 -1.566047 1.835431
0.828620 -1.590582 1.273442
0.817986 -1.572253 1.625437
0.810975 -1.572273 1.616446
0.816641 -1.586577 1.299453
0.801293 -1.569006 1.903455
0.801245 -1.571051 1.857457
0.795323 -1.560977 1.942454
0.794062 -1.568218 1.701463
0.795586 -1.590664 1.246485
0.785689 -1.580575 1.353487
0.777913 -1.571378 1.566487
0.784600 -1.590669 1.259499
0.771968 -1.573342 1.612497
0.766946 -1.570364 1.598500
0.772642 -1.593655 1.293518
0.758335 -1.573042 1.938515
0.750040 -1.568306 1.686520
0.755585 -1.596736 1.240543
0.743686 -1.586651 1.346547
0.735899 -1.573458 1.555544
0.745604 -1.599739 1.253559
0.727961 -1.577423 1.604559
0.726938 -1.575441 1.587558
0.730649 -1.602727 1.290581
0.714306 -1.571133 1.920570
0.710040 -1.575378 1.679580
0.699910 -1.583519 1.553601
0.707714 -1.602707 1.349611
0.690149 -1.565299 1.793595
0.688937 -1.582512 1.579615
0.685958 -1.582498 1.598619
0.671190 -1.559284 1.840613
0.671271 -1.567225 1.899622
0.668170 -1.566316 1.812625
0.668024 -1.576459 1.667636
0.663926 -1.594578 1.553660
0.652153 -1.572365 1.789652
0.650935 -1.588581 1.572671
0.642950 -1.585575 1.591678
0.635193 -1.567349 1.834669
0.626223 -1.558324 1.875671
0.628168 -1.571388 1.806682
0.628021 -1.581531 1.661693
0.622908 -1.593655 1.543713
0.616166 -1.581423 1.790709
0.593155 -1.561438 1.814718
0.593255 -1.574370 1.882731
0.585137 -1.566473 1.791734
0.591027 -1.589594 1.658750
0.575141 -1.578503 1.777759
0.561195 -1.580480 1.823780
0.553233 -1.573449 1.868783
0.552188 -1.587510 1.807799
0.527220 -1.594531 1.827839
0.519260 -1.587498 1.874843
1.447703 -1.536165 0.901425
1.438977 -1.546946 1.123449
1.424146 -1.533797 1.290453
1.398713 -1.549253 0.892504
1.373140 -1.542896 1.274530
1.379959 -1.552064 1.102532
1.459982 -1.553900 1.120444
1.347414 -1.541686 1.515563
1.439102 -1.550819 1.230467
1.317118 -1.545008 1.254606
1.326954 -1.562167 1.085613
1.400969 -1.561016 1.101529
1.294398 -1.549796 1.491641
1.380085 -1.554935 1.211549
1.260847 -1.526406 1.918658
1.354385 -1.542684 1.492568
1.261578 -1.534661 1.672667
1.266107 -1.551107 1.238680
1.265921 -1.561292 1.061692
1.231066 -1.524250 2.112695
1.326523 -1.541601 1.614603
1.330918 -1.552161 1.073609
1.240377 -1.555909 1.466720
1.314043 -1.550070 1.186629
1.214563 -1.540757 1.652736
1.294351 -1.543812 1.463648
1.271936 -1.521281 2.006651
1.217101 -1.558200 1.224753
1.268804 -1.531421 1.876667
1.211905 -1.566399 1.042769
1.187056 -1.534342 2.090765
1.271502 -1.546714 1.591681
1.281924 -1.565252 1.061689
1.173241 -1.529187 2.259778
1.180329 -1.552041 1.433794
1.263040 -1.558166 1.173706
1.163533 -1.541865 1.627805
1.242336 -1.550917 1.442725
1.170095 -1.565289 1.211823
1.222923 -1.530382 1.983727
1.137328 -1.520149 2.350815
1.220794 -1.542520 1.853744
1.161898 -1.574495 1.027845
1.221494 -1.554811 1.574757
1.227907 -1.569358 1.043765
1.119186 -1.528318 2.215849
1.183131 -1.525246 2.173774
1.134329 -1.565131 1.416871
1.211031 -1.564264 1.159781
1.120533 -1.551947 1.613874
1.184297 -1.549041 1.414799
1.124091 -1.572375 1.199893
1.090292 -1.524259 2.315882
1.107874 -1.574601 1.009917
1.164451 -1.550933 1.546828
1.142185 -1.525259 2.222828
1.078178 -1.540406 2.192918
1.173891 -1.572462 1.027840
1.157593 -1.562745 0.785850
1.142137 -1.540325 2.157846
1.083302 -1.567238 1.392941
1.163032 -1.573351 1.149856
1.070499 -1.551053 1.588940
1.048275 -1.532350 2.290948
1.076076 -1.575468 1.184961
1.138294 -1.559130 1.398872
1.043952 -1.538661 2.001961
1.060872 -1.583690 0.996990
1.114432 -1.554033 1.527898
1.094154 -1.528366 2.192895
1.021096 -1.530553 2.139982
1.118864 -1.571572 1.008912
1.028490 -1.557135 1.574003
1.084063 -1.531469 2.109912
1.108594 -1.569831 0.778923
1.056714 -1.602870 0.831018
1.112018 -1.576448 1.135927
1.026252 -1.560361 1.363010
1.006252 -1.538443 2.264012
1.027050 -1.573565 1.168024
1.015727 -1.557938 1.779022
1.085261 -1.558241 1.374942
0.999925 -1.541757 1.976024
1.062681 -1.543869 1.761956
1.067421 -1.560124 1.511968
1.010853 -1.585788 0.980060
1.045117 -1.529476 2.161963
0.980083 -1.539640 2.117049
1.074872 -1.583651 0.999985
0.981461 -1.557233 1.552067
1.033013 -1.528588 2.073977
1.003686 -1.597969 0.818084
1.058586 -1.572922 0.769994
1.059997 -1.576548 1.119997
0.981243 -1.568450 1.346080
0.959203 -1.536556 2.227074
0.984050 -1.581642 1.159092
0.967695 -1.560044 1.751089
1.031843 -1.550778 1.893005
0.963936 -1.555822 1.966089
1.036241 -1.561339 1.356011
1.017668 -1.550961 1.742025
1.017395 -1.560225 1.492036
1.001098 -1.535568 2.139029
0.960832 -1.585884 0.965128
0.935054 -1.543740 2.088114
1.024857 -1.586746 0.986056
0.943468 -1.568301 1.543131
0.994024 -1.543659 2.063048
0.954666 -1.595059 0.808147
1.009579 -1.576009 0.762063
1.011985 -1.579638 1.108065
0.920191 -1.544638 2.206136
0.934225 -1.572544 1.327148
0.941042 -1.585722 1.148154
0.918900 -1.554922 1.939149
0.987833 -1.557865 1.876073
0.922679 -1.566136 1.730157
0.991235 -1.569425 1.341082
0.970638 -1.552061 1.717089
0.972382 -1.564312 1.477101
0.953056 -1.533677 2.108092
0.890017 -1.544843 2.057177
0.915829 -1.593968 0.953198
0.897435 -1.565397 1.522190
0.972827 -1.582848 0.969122
0.948995 -1.545756 2.037112
0.915681 -1.608125 0.804215
0.977628 -1.603053 0.766139
0.968990 -1.588713 1.101134
0.880177 -1.551721 2.185199
0.897033 -1.589803 1.137219
0.890214 -1.578630 1.311216
0.881902 -1.564991 1.927212
0.941803 -1.557961 1.853135
0.878659 -1.571228 1.708223
0.945219 -1.573516 1.324148
0.930644 -1.564134 1.706158
0.915062 -1.545746 2.097158
0.926367 -1.567400 1.462167
0.846993 -1.548936 2.032240
0.856422 -1.568475 1.508250
0.870819 -1.598052 0.941264
0.930836 -1.594922 0.961193
0.902963 -1.546857 2.010175
0.837136 -1.550821 2.154257
0.920581 -1.588163 0.751198
0.919968 -1.586805 1.088198
0.856028 -1.594877 1.128281
0.838868 -1.564085 1.902269
0.844194 -1.580722 1.293281
0.900803 -1.567037 1.841202
0.832626 -1.571327 1.682286
0.897194 -1.572612 1.306212
0.883613 -1.564234 1.682222
0.870027 -1.544844 2.070218
0.880345 -1.567490 1.446230
0.815407 -1.571555 1.493310
0.807987 -1.559014 2.014306
0.860940 -1.549945 1.988236
0.884824 -1.597007 0.950258
0.799121 -1.556900 2.134316
0.814017 -1.596954 1.118341
0.879983 -1.599872 1.084268
0.798849 -1.567167 1.883328
0.856777 -1.567127 1.821262
0.801189 -1.588803 1.280349
0.856194 -1.581687 1.295279
0.789610 -1.576414 1.663351
0.839590 -1.566324 1.662284
0.828006 -1.547930 2.050279
0.839341 -1.573564 1.436293
0.777408 -1.579624 1.484371
0.767969 -1.564098 1.993367
0.760102 -1.560982 2.113374
0.820937 -1.559021 1.974302
0.831955 -1.594964 1.070328
0.813757 -1.569213 1.803324
0.759180 -1.593882 1.267413
0.812180 -1.584771 1.281343
0.745585 -1.578506 1.641414
0.797573 -1.569407 1.645346
0.788997 -1.554006 2.035340
0.739403 -1.584692 1.475430
0.794315 -1.571653 1.419352
0.725942 -1.566188 1.969427
0.778914 -1.561108 1.953362
0.771174 -1.590847 1.270407
0.700547 -1.574602 1.617472
0.749987 -1.559080 2.021400
0.754553 -1.571493 1.627407
0.702404 -1.591758 1.467489
0.757333 -1.584712 1.417419
0.687938 -1.575261 1.954491
0.741915 -1.570175 1.943424
0.677764 -1.565421 1.820493
0.726699 -1.565391 1.764439
0.731178 -1.599917 1.262473
0.663555 -1.586668 1.608537
0.710974 -1.563156 2.006459
0.666407 -1.599821 1.460549
0.711526 -1.570581 1.608466
0.717327 -1.588784 1.408479
0.640863 -1.561378 1.914540
0.635973 -1.550266 2.026534
0.639742 -1.565498 1.803546
0.696864 -1.563278 1.912478
0.687691 -1.570463 1.752499
0.622540 -1.590748 1.592599
0.671961 -1.567232 1.991517
0.676544 -1.584637 1.605531
0.680344 -1.601842 1.406545
0.605002 -1.567311 2.027597
0.606881 -1.576433 1.909605
0.602725 -1.567571 1.788600
0.656845 -1.565358 1.895536
0.648675 -1.571537 1.739555
0.628915 -1.560326 1.965569
0.634519 -1.583721 1.587588
0.568995 -1.573379 2.014655
0.572762 -1.586609 1.793665
0.567860 -1.578513 1.890662
0.618832 -1.568431 1.881593
0.610670 -1.576605 1.730614
0.593922 -1.569385 1.959629
0.534996 -1.581439 2.005712
0.530859 -1.586581 1.879724
0.580825 -1.573500 1.870652
0.573670 -1.582669 1.723673
0.557923 -1.576447 1.952688
0.498986 -1.585508 1.992768
0.544834 -1.583560 1.865714
0.521919 -1.581511 1.943744
0.484911 -1.584577 1.934800
1.526133 -1.547894 1.029422
1.505124 -1.544967 1.032436
1.502135 -1.548980 1.028442
1.482006 -1.540150 0.893451
1.493128 -1.553034 0.998452
1.466148 -1.556120 1.011477
1.447139 -1.553187 1.013490
1.444142 -1.554197 1.013493
1.433343 -1.546003 1.336495
1.434142 -1.560255 0.982506
1.418006 -1.543388 0.879505
1.415355 -1.543043 1.368508
1.420285 -1.558152 1.193516
1.404271 -1.542164 1.256516
1.399380 -1.544078 1.398522
1.393381 -1.543094 1.405526
1.388369 -1.538107 1.413526
1.401356 -1.550117 1.334525
1.408156 -1.562339 0.993530
1.395113 -1.559419 0.948537
1.393163 -1.563390 0.997542
1.391165 -1.563395 1.000544
1.374343 -1.550226 1.316547
1.354480 -1.542128 1.549557
1.373139 -1.563485 0.964559
1.361030 -1.552598 0.868560
1.361373 -1.552248 1.349559
1.374110 -1.561503 0.934557
1.346527 -1.537090 1.641559
1.343271 -1.546394 1.237569
1.344231 -1.549443 1.165571
1.342397 -1.551287 1.388574
1.343384 -1.550292 1.375573
1.319525 -1.531166 1.668576
1.339410 -1.553292 1.395578
1.347372 -1.558320 1.317576
1.345141 -1.562577 0.973581
1.342149 -1.571613 0.939591
1.334160 -1.565608 0.985592
1.328137 -1.561638 0.973594
1.315334 -1.552451 1.294597
1.294654 -1.535135 1.830600
1.300637 -1.538142 1.791599
1.314138 -1.566705 0.949610
1.323138 -1.571691 0.924607
1.301355 -1.552478 1.325609
1.300516 -1.555328 1.535612
1.293551 -1.547288 1.624611
1.270666 -1.533202 1.856618
1.290298 -1.556591 1.224621
1.293414 -1.559471 1.372621
1.284233 -1.553667 1.149624
1.274561 -1.534297 1.705617
1.271558 -1.543344 1.655626
1.283364 -1.550525 1.347623
1.285347 -1.556557 1.293626
1.274366 -1.548548 1.361628
1.290147 -1.567784 0.957631
1.283142 -1.572834 0.924640
1.255576 -1.538363 1.706635
1.285189 -1.575789 0.975641
1.274147 -1.567842 0.957644
1.258327 -1.554667 1.275646
1.243741 -1.536230 1.947643
1.237581 -1.531396 1.749645
1.238639 -1.538358 1.795649
1.256132 -1.568924 0.932659
1.231756 -1.537260 1.963654
1.245350 -1.555692 1.303658
1.268151 -1.577894 0.913657
1.234527 -1.546517 1.596659
1.239503 -1.556561 1.512663
1.221812 -1.538241 2.037663
1.233372 -1.553705 1.344666
1.218816 -1.539252 2.037666
1.234299 -1.560801 1.207671
1.226584 -1.544479 1.687665
1.205863 -1.529212 2.154669
1.220569 -1.550537 1.636674
1.234387 -1.560710 1.330671
1.233277 -1.567853 1.140678
1.227320 -1.553779 1.271672
1.219354 -1.550761 1.335675
1.200890 -1.527195 2.202672
1.232137 -1.569004 0.939680
1.231182 -1.576991 0.961687
1.202568 -1.541569 1.680682
1.225134 -1.574050 0.910689
1.195844 -1.532277 2.113680
1.219148 -1.572050 0.939693
1.204324 -1.557871 1.257693
1.185896 -1.532259 2.185688
1.190602 -1.541576 1.728692
1.187834 -1.538337 2.068692
1.198702 -1.558507 1.782699
1.195360 -1.561880 1.287704
1.206153 -1.577109 0.921708
1.214157 -1.582095 0.901706
1.169587 -1.533636 1.748703
1.181534 -1.552718 1.577708
1.180353 -1.552908 1.323710
1.185520 -1.564762 1.496715
1.177596 -1.551664 1.669711
1.183319 -1.568990 1.195720
1.171578 -1.556722 1.619720
1.176353 -1.556935 1.304717
1.154891 -1.533376 2.174715
1.178339 -1.561962 1.258719
1.169368 -1.558952 1.315724
1.180305 -1.578048 1.130730
1.174028 -1.571329 0.777729
1.183161 -1.578185 0.928728
1.144923 -1.527356 2.249719
1.171138 -1.569219 0.942730
1.156592 -1.551742 1.664728
1.178172 -1.586221 0.903738
1.153888 -1.547434 2.098728
1.169162 -1.579237 0.925740
1.156348 -1.567049 1.246741
1.139907 -1.541441 2.156735
1.143619 -1.550756 1.707739
1.136632 -1.548760 1.736743
1.146377 -1.570065 1.272752
1.154158 -1.581302 0.909755
1.163167 -1.587283 0.891752
1.133652 -1.552765 1.743749
1.138385 -1.564063 1.313754
1.128525 -1.554920 1.556754
1.124573 -1.550870 1.643755
1.102983 -1.525434 2.344752
1.125486 -1.560993 1.471762
1.117940 -1.549513 2.162760
1.118562 -1.556925 1.597765
1.133340 -1.577175 1.184769
1.127369 -1.565121 1.287764
1.134379 -1.575122 1.250767
1.117363 -1.562152 1.293770
1.130185 -1.583367 0.937776
1.096912 -1.530546 2.219762
1.132165 -1.582376 0.914774
1.125310 -1.582252 1.117779
1.104574 -1.551944 1.639772
1.116020 -1.571543 0.767778
1.125170 -1.588418 0.891785
1.083743 -1.521733 2.029766
1.113389 -1.580205 1.239788
1.117169 -1.584433 0.910788
1.097944 -1.555601 2.137781
1.092607 -1.552955 1.681784
1.086626 -1.552956 1.708788
1.086642 -1.554947 1.720790
1.093359 -1.569266 1.253796
1.112170 -1.590471 0.881798
1.103166 -1.586492 0.897801
1.092396 -1.570236 1.299798
1.065750 -1.539855 1.948795
1.060988 -1.532601 2.316793
1.081553 -1.565094 1.544802
1.054815 -1.527783 2.099795
1.076578 -1.556052 1.625800
1.061792 -1.547855 1.966805
1.077519 -1.572168 1.462812
1.071576 -1.564101 1.582810
1.049804 -1.531826 2.064802
1.079375 -1.570303 1.270809
1.084379 -1.578310 1.235811
1.079335 -1.579377 1.169816
1.055656 -1.549020 1.771811
1.050906 -1.534727 2.192804
1.084203 -1.590536 0.928821
1.072396 -1.574321 1.279818
1.082169 -1.586563 0.901820
1.060604 -1.563108 1.626819
1.047807 -1.540862 2.022812
1.068291 -1.580465 1.102826
1.070149 -1.585624 0.878828
1.066047 -1.580725 0.761828
1.034828 -1.536872 2.072819
1.065402 -1.586383 1.227833
1.035687 -1.542032 1.850822
1.063148 -1.582637 0.893832
1.039791 -1.543918 1.985821
1.046610 -1.558131 1.661827
1.040633 -1.557125 1.698831
1.043658 -1.565119 1.692835
1.045366 -1.574447 1.238840
1.062173 -1.593655 0.872843
1.043382 -1.570422 1.281839
1.053169 -1.589678 0.886846
1.030756 -1.556030 1.875838
1.025794 -1.554000 1.939841
1.023031 -1.547744 2.300838
1.015838 -1.537932 2.081836
1.027524 -1.562302 1.521846
1.028570 -1.558236 1.605842
1.052177 -1.604728 0.822860
1.026592 -1.571268 1.570854
1.013798 -1.553035 1.949850
1.009848 -1.545970 2.056847
1.033362 -1.577503 1.218854
1.029367 -1.572493 1.251853
1.018471 -1.564396 1.437855
1.029332 -1.581563 1.156860
1.035190 -1.589719 0.916862
1.004897 -1.537907 2.165846
1.023396 -1.578508 1.260863
1.009689 -1.560187 1.762859
1.013600 -1.566287 1.607861
1.025130 -1.579780 0.883862
1.003812 -1.547032 2.000854
1.021156 -1.589804 0.869873
1.016297 -1.584658 1.091873
1.011360 -1.579590 1.206873
0.999757 -1.561156 1.852869
0.990835 -1.544044 2.047863
0.992776 -1.545101 1.960862
1.013141 -1.583826 0.878875
0.999651 -1.565280 1.683872
0.999613 -1.563312 1.640871
0.999386 -1.574587 1.268880
0.991627 -1.563326 1.660877
0.995345 -1.572637 1.220881
1.015185 -1.598828 0.864887
1.007187 -1.596847 0.877891
0.970958 -1.537964 2.250875
0.982752 -1.559213 1.855881
0.976861 -1.548080 2.064878
0.979789 -1.557177 1.918882
0.987603 -1.569386 1.596886
0.978519 -1.564486 1.505889
1.002182 -1.607911 0.814905
0.974552 -1.565470 1.546893
0.964853 -1.551142 2.037890
0.983346 -1.576692 1.202896
0.965795 -1.556217 1.931893
0.980354 -1.572680 1.233895
0.989197 -1.593889 0.907904
0.957876 -1.538094 2.136886
0.977318 -1.580758 1.142903
0.969480 -1.569577 1.425901
0.967597 -1.569462 1.589903
0.973375 -1.577701 1.238904
0.987191 -1.597916 0.879910
0.957804 -1.550213 1.974896
0.960692 -1.564371 1.746904
0.979191 -1.600956 0.864918
0.962346 -1.578774 1.192914
0.947842 -1.551212 2.022905
0.953756 -1.564329 1.836910
0.953812 -1.557244 1.950905
0.957657 -1.570439 1.667912
0.967315 -1.591837 1.083921
0.973193 -1.599972 0.872923
0.956625 -1.570475 1.623913
0.953379 -1.575761 1.253920
0.946629 -1.568500 1.638920
0.950357 -1.578805 1.208925
0.933846 -1.549250 2.038915
0.968193 -1.603001 0.856930
0.932984 -1.549109 2.232916
0.961194 -1.601017 0.868934
0.938767 -1.566377 1.842925
0.934785 -1.560350 1.898924
0.944614 -1.575548 1.582928
0.932524 -1.568658 1.492932
0.930557 -1.569634 1.533934
0.949158 -1.604108 0.803947
0.918840 -1.552319 2.015931
0.944193 -1.595056 0.897944
0.938356 -1.581858 1.192938
0.920799 -1.560385 1.917935
0.916887 -1.545250 2.117927
0.935361 -1.577849 1.219938
0.923600 -1.573629 1.573944
0.930328 -1.585932 1.132948
0.919477 -1.571763 1.412946
0.927381 -1.582875 1.222948
0.914807 -1.555378 1.954937
0.939185 -1.599096 0.867952
0.914705 -1.570540 1.735949
0.933200 -1.605124 0.857961
0.919361 -1.584933 1.183957
0.910764 -1.569489 1.823951
0.914654 -1.573604 1.649952
0.910816 -1.562408 1.932946
0.905855 -1.559374 2.001948
0.923179 -1.599160 0.858965
0.911622 -1.573647 1.604955
0.918319 -1.595017 1.074966
0.915414 -1.586899 1.247962
0.895867 -1.558393 2.023956
0.891980 -1.553271 2.206955
0.909387 -1.588955 1.200968
0.902640 -1.575668 1.619964
0.922197 -1.606170 0.848972
0.915206 -1.606186 0.860977
0.891786 -1.564513 1.880964
0.889734 -1.562568 1.817964
0.900618 -1.579713 1.568969
0.884540 -1.568809 1.516973
0.886525 -1.571829 1.479974
0.901209 -1.601214 0.890986
0.873828 -1.553492 1.994970
0.875896 -1.551407 2.099967
0.897383 -1.591008 1.185981
0.904183 -1.612270 0.799992
0.892377 -1.585010 1.207980
0.875803 -1.564552 1.904977
0.875573 -1.570814 1.552982
0.887352 -1.594088 1.126991
0.874828 -1.564529 1.939978
0.884404 -1.592037 1.209992
0.891176 -1.599275 0.855992
0.870475 -1.573946 1.399988
0.871640 -1.573770 1.630988
0.867696 -1.571718 1.719989
0.888217 -1.611289 0.852004
0.866800 -1.562579 1.910983
0.866764 -1.572654 1.809991
0.861837 -1.560551 1.972985
0.877388 -1.594086 1.177999
0.869386 -1.583075 1.230996
0.881209 -1.609315 0.851008
0.863597 -1.571836 1.580993
0.852844 -1.557566 1.996990
0.850976 -1.557435 2.181992
0.864282 -1.588220 1.060005
0.865393 -1.593120 1.189008
0.853605 -1.571863 1.592001
0.849799 -1.570672 1.868003
0.847751 -1.569725 1.807004
0.850567 -1.570910 1.544003
0.842552 -1.573965 1.508011
0.843544 -1.578989 1.471014
0.832836 -1.558649 1.981007
0.834896 -1.555568 2.080003
0.854396 -1.596167 1.178019
0.851403 -1.594163 1.198020
0.831809 -1.568718 1.892016
0.833578 -1.574974 1.539019
0.829806 -1.563709 1.914014
0.840347 -1.595264 1.116030
0.829626 -1.573934 1.612022
0.841420 -1.599200 1.197032
0.826825 -1.571730 1.900023
0.830530 -1.589087 1.401033
0.821749 -1.571828 1.793026
0.834393 -1.597246 1.169036
0.820853 -1.568711 1.954025
0.823717 -1.578880 1.713030
0.831414 -1.592216 1.224034
0.814853 -1.563714 1.980026
0.819582 -1.572008 1.561028
0.814001 -1.567578 2.166029
0.822395 -1.596282 1.178045
0.827369 -1.611348 1.065053
0.811609 -1.577027 1.573038
0.809807 -1.575824 1.855039
0.808792 -1.581866 1.803045
0.809580 -1.577064 1.533041
0.803576 -1.582110 1.501049
0.793898 -1.559727 2.062040
0.790840 -1.562810 1.966044
0.800551 -1.583150 1.461052
0.812408 -1.601323 1.170057
0.808405 -1.597326 1.186057
0.792847 -1.579859 1.890056
0.792588 -1.580129 1.528056
0.790826 -1.571857 1.901052
0.788618 -1.575092 1.596056
0.799381 -1.605412 1.113071
0.795412 -1.600376 1.181070
0.783806 -1.570899 1.879057
0.776716 -1.567004 1.773059
0.793409 -1.603397 1.162074
0.791422 -1.596365 1.215070
0.777877 -1.572855 1.967063
0.781503 -1.585275 1.385069
0.771658 -1.568086 1.687064
0.770977 -1.566753 2.137064
0.777586 -1.576169 1.546066
0.781411 -1.602434 1.170083
0.767602 -1.579199 1.553076
0.766570 -1.577229 1.518075
0.756714 -1.567077 1.770075
0.761575 -1.584268 1.490085
0.752891 -1.561888 2.043075
0.752877 -1.573948 1.962084
0.771420 -1.606476 1.162094
0.757562 -1.588310 1.452091
0.763394 -1.597498 1.171094
0.750581 -1.581290 1.513091
0.748615 -1.577246 1.581090
0.748815 -1.573022 1.881087
0.753446 -1.604505 1.209107
0.731683 -1.562179 1.753091
0.741897 -1.580992 1.955098
0.728662 -1.571246 1.678101
0.738530 -1.593431 1.381110
0.738607 -1.584316 1.535104
0.727622 -1.587352 1.540115
0.729602 -1.587364 1.513113
0.712686 -1.563248 1.752108
0.721584 -1.588417 1.482120
0.711871 -1.561051 2.020107
0.714905 -1.583088 1.956122
0.716580 -1.594461 1.446129
0.713642 -1.586376 1.574125
0.710592 -1.586439 1.504128
0.693701 -1.568319 1.748127
0.699625 -1.591463 1.525141
0.685662 -1.573407 1.668138
0.698574 -1.605573 1.382152
0.680748 -1.571328 1.798140
0.690619 -1.593509 1.506150
0.686633 -1.593509 1.525153
0.683602 -1.594556 1.477156
0.673703 -1.569392 1.745144
0.675894 -1.569186 2.012143
0.663786 -1.559304 1.912145
0.675649 -1.590520 1.563159
0.678622 -1.606597 1.445170
0.673625 -1.596575 1.499166
0.664764 -1.568357 1.835151
0.662787 -1.575366 1.832158
0.657746 -1.580445 1.750166
0.650913 -1.565240 2.059160
0.658622 -1.593620 1.511176
0.646695 -1.582546 1.668177
0.640734 -1.570482 1.783172
0.652636 -1.599649 1.500186
0.644624 -1.594672 1.508188
0.635733 -1.578531 1.741183
0.633858 -1.564354 1.987173
0.627830 -1.571432 1.912184
0.624760 -1.570511 1.820186
0.621823 -1.574471 1.888191
0.620745 -1.568534 1.809187
0.616725 -1.577603 1.736197
0.612915 -1.569389 2.041194
0.612790 -1.575541 1.837199
0.602733 -1.572626 1.772205
0.608741 -1.594679 1.672217
0.598892 -1.574482 1.983210
0.598760 -1.586664 1.739219
0.592866 -1.581557 1.912220
0.588864 -1.586592 1.884228
0.588788 -1.579645 1.813222
0.582743 -1.570678 1.797220
0.581814 -1.582654 1.835230
0.581755 -1.585727 1.737232
0.577932 -1.576523 2.029228
0.576825 -1.586675 1.830238
0.566768 -1.582755 1.771242
0.561906 -1.580622 1.973245
0.552844 -1.578712 1.896251
0.553870 -1.590726 1.872259
0.553816 -1.588774 1.807258
0.550819 -1.589786 1.806261
0.544849 -1.591783 1.838267
0.541944 -1.582661 2.016263
0.538833 -1.591821 1.816272
0.524900 -1.581765 1.959276
0.516881 -1.588839 1.898288
0.506953 -1.587796 2.003296
0.489922 -1.588893 1.954311
1.490313 -1.549560 0.912314
1.447303 -1.548742 0.876329
1.505368 -1.558392 0.986327
1.483312 -1.547591 0.906317
1.422322 -1.551775 0.897345
1.405441 -1.553246 1.231355
1.448447 -1.549041 1.281333
1.392335 -1.558913 0.866369
1.395481 -1.562207 1.270375
1.444390 -1.565586 0.972364
1.433364 -1.564746 0.897367
1.368371 -1.567939 0.890395
1.451327 -1.548666 0.915334
1.343557 -1.548798 1.590372
1.347453 -1.557439 1.213385
1.387455 -1.552251 1.258363
1.447429 -1.569465 1.038373
1.423447 -1.544078 1.300337
1.381477 -1.550127 1.339362
1.326473 -1.559440 1.246397
1.388428 -1.577760 0.962408
1.363345 -1.557978 0.876382
1.299555 -1.543882 1.612381
1.446422 -1.558363 1.099356
1.389337 -1.551870 0.897364
1.415455 -1.543073 1.316341
1.291583 -1.557972 1.573409
1.328573 -1.545755 1.639376
1.289460 -1.559633 1.194412
1.374524 -1.555010 1.418377
1.330473 -1.558444 1.238397
1.366461 -1.549275 1.278369
1.387445 -1.574660 1.022406
1.319477 -1.550339 1.316387
1.255654 -1.540480 1.915393
1.296577 -1.537723 1.709374
1.267488 -1.564634 1.229430
1.324424 -1.575968 0.945430
1.247657 -1.545560 1.881405
1.386425 -1.559563 1.080382
1.249595 -1.557043 1.599424
1.370546 -1.551885 1.497375
1.338370 -1.563034 0.885404
1.363489 -1.555251 1.297383
1.236588 -1.560164 1.550435
1.308566 -1.536749 1.675371
1.221716 -1.544333 2.054414
1.277598 -1.554933 1.618412
1.236482 -1.566805 1.180446
1.319538 -1.560198 1.398408
1.270466 -1.556651 1.215418
1.329455 -1.577848 1.007435
1.310478 -1.555467 1.257402
1.267507 -1.560508 1.302426
1.290627 -1.540554 1.816385
1.240587 -1.541920 1.685404
1.262423 -1.575169 0.929454
1.191652 -1.544766 1.852426
1.330435 -1.562747 1.064410
1.214523 -1.575801 1.218471
1.314548 -1.553084 1.472399
1.228686 -1.543480 1.958412
1.192610 -1.562236 1.579456
1.218694 -1.538396 2.022407
1.306503 -1.560452 1.272414
1.184601 -1.564341 1.531462
1.257591 -1.545930 1.652406
1.221596 -1.555135 1.591434
1.193532 -1.582936 1.174491
1.263545 -1.562391 1.377432
1.224504 -1.568799 1.204456
1.274470 -1.582024 0.994462
1.252478 -1.555671 1.233424
1.210515 -1.562701 1.283450
1.231612 -1.536780 1.781399
1.191618 -1.552086 1.669438
1.288488 -1.579876 1.058453
1.211459 -1.586327 0.921490
1.157532 -1.577988 1.203494
1.261557 -1.556270 1.451422
1.249594 -1.541908 1.679401
1.211722 -1.544400 2.033419
1.166753 -1.541326 2.148429
1.135610 -1.562436 1.557475
1.233647 -1.534590 1.889394
1.243486 -1.555684 1.242427
1.133613 -1.568519 1.513486
1.204601 -1.550128 1.625430
1.170610 -1.560318 1.570460
1.138530 -1.582124 1.156507
1.207545 -1.562587 1.356451
1.175534 -1.578961 1.191490
1.128412 -1.577695 0.843503
1.217474 -1.583213 0.979482
1.206516 -1.568826 1.220462
1.181743 -1.538311 2.134419
1.180623 -1.540967 1.757423
1.160543 -1.571863 1.272482
1.231483 -1.578069 1.040469
1.205752 -1.545310 2.097423
1.162774 -1.532127 2.271414
1.141639 -1.559258 1.652467
1.212571 -1.561441 1.433447
1.153459 -1.585515 0.908508
1.202625 -1.553080 1.658436
1.099534 -1.578183 1.186513
1.110737 -1.537550 2.111441
1.084630 -1.568608 1.542503
1.086632 -1.574678 1.499512
1.197524 -1.568840 1.228464
1.151602 -1.551325 1.599450
1.121628 -1.566491 1.551486
1.086535 -1.583299 1.141527
1.062728 -1.549913 1.979478
1.154551 -1.564771 1.337472
1.116511 -1.571171 1.167495
1.161474 -1.582397 0.965500
1.138775 -1.549466 2.116452
1.157541 -1.576992 1.205492
1.091498 -1.605797 0.846563
1.159791 -1.538167 2.255426
1.135652 -1.551123 1.742455
1.112572 -1.581020 1.261514
1.181496 -1.582233 1.028493
1.112773 -1.533330 2.237433
1.161574 -1.562624 1.412466
1.035648 -1.544337 1.779477
1.088642 -1.560446 1.631487
1.149631 -1.556282 1.629459
1.104489 -1.594668 0.901540
1.125797 -1.526082 2.360416
1.047552 -1.583351 1.175540
1.058728 -1.535755 2.079455
1.066727 -1.550956 1.950478
1.032620 -1.570874 1.475523
1.148548 -1.577012 1.210495
1.032644 -1.572784 1.527527
1.105628 -1.560490 1.580481
1.073643 -1.571660 1.533511
1.035534 -1.582470 1.126542
1.109582 -1.574917 1.327504
1.016750 -1.557071 1.964506
1.074554 -1.585306 1.159534
1.110786 -1.538372 2.218442
1.114500 -1.590545 0.957529
1.101529 -1.573193 1.181504
1.087667 -1.556293 1.723480
1.036502 -1.605971 0.836582
1.129495 -1.581407 1.013508
1.058571 -1.580204 1.244530
1.069802 -1.543488 2.217465
1.111570 -1.561803 1.391481
1.002721 -1.567422 1.785528
1.038651 -1.563624 1.611509
0.999739 -1.569367 1.822532
1.030719 -1.557217 1.859501
1.078801 -1.529279 2.324437
1.099640 -1.560471 1.602483
1.053501 -1.597831 0.891562
1.053698 -1.541033 1.929465
1.016762 -1.546897 2.067488
1.017729 -1.552138 1.926497
1.000584 -1.593498 1.168573
0.986628 -1.573030 1.461542
1.060652 -1.568648 1.563510
1.022637 -1.569844 1.511525
1.093547 -1.577209 1.187513
0.980648 -1.573962 1.510546
0.990560 -1.590613 1.118571
1.060593 -1.578084 1.312526
1.074834 -1.554495 2.207482
0.969763 -1.561234 1.948529
1.019538 -1.579497 1.139542
1.038772 -1.550856 2.056488
1.064509 -1.592707 0.946550
1.056556 -1.582343 1.169535
1.042685 -1.562452 1.706506
1.084521 -1.589552 1.004537
0.989538 -1.617113 0.832617
1.017775 -1.536710 2.175470
1.068598 -1.570947 1.379511
1.004563 -1.577389 1.226544
1.052752 -1.550935 1.989483
0.955724 -1.568590 1.766546
1.051703 -1.556264 1.801492
0.997696 -1.577751 1.606547
1.043860 -1.549398 2.314484
0.951753 -1.573531 1.807556
0.986740 -1.564370 1.844528
1.052663 -1.568641 1.582513
1.011728 -1.551183 1.912497
1.003513 -1.600989 0.882584
0.972780 -1.553055 2.049513
0.973754 -1.560289 1.912525
0.941639 -1.576183 1.447563
0.948588 -1.593670 1.155591
0.976646 -1.573007 1.493546
1.007639 -1.564847 1.536521
0.945575 -1.594760 1.108593
1.046569 -1.584369 1.172541
1.018787 -1.541745 2.155478
1.018630 -1.590218 1.304561
0.929647 -1.573138 1.493562
0.993780 -1.554026 2.033508
0.922770 -1.563401 1.930548
0.978578 -1.592628 1.132578
1.015515 -1.593866 0.935568
1.010576 -1.588498 1.156561
0.995694 -1.565620 1.687527
1.036529 -1.591710 0.992557
1.025617 -1.577093 1.366536
0.977808 -1.547853 2.159503
0.940543 -1.621325 0.791640
0.957581 -1.582543 1.215568
1.006764 -1.556116 1.961507
0.936540 -1.616279 0.824633
0.908725 -1.568756 1.748562
1.006708 -1.558431 1.779511
0.993839 -1.544618 2.270492
0.949703 -1.579919 1.589567
0.939740 -1.564545 1.821544
0.900742 -1.569717 1.784566
0.961510 -1.608261 0.795611
0.971767 -1.564320 1.900533
1.008692 -1.578799 1.564545
0.926783 -1.554225 2.027531
0.956535 -1.607135 0.876611
0.897656 -1.581329 1.436586
0.928773 -1.566445 1.897551
0.982491 -1.600193 0.801590
0.931656 -1.576164 1.477566
0.961647 -1.568014 1.516542
0.976800 -1.546909 2.130501
0.901612 -1.600815 1.149619
0.902602 -1.602896 1.101622
0.995566 -1.583552 1.151557
0.966614 -1.584402 1.284568
0.949794 -1.559187 2.013531
0.878784 -1.567552 1.916570
0.932586 -1.594782 1.119598
0.881659 -1.576297 1.481583
0.952713 -1.571770 1.672552
0.966524 -1.596024 0.925588
0.962586 -1.591663 1.140582
0.994558 -1.600843 0.985587
0.978618 -1.577259 1.348552
0.933818 -1.552020 2.136525
0.967738 -1.568566 1.766541
0.867749 -1.575891 1.739588
0.960776 -1.561295 1.934531
0.912602 -1.588688 1.206594
0.949840 -1.546802 2.237510
0.896752 -1.568698 1.804566
0.902711 -1.582080 1.574586
0.924762 -1.563505 1.871547
0.917537 -1.616397 0.789640
0.856766 -1.576858 1.776593
0.954669 -1.572011 1.531551
0.881786 -1.555391 2.006548
0.911563 -1.615273 0.871640
0.969512 -1.606244 0.795604
0.856680 -1.588461 1.428613
0.884786 -1.570600 1.881573
0.936816 -1.553061 2.109525
0.937512 -1.606336 0.793615
0.887670 -1.580315 1.463588
0.916659 -1.572174 1.498564
0.855593 -1.599053 1.088631
0.951591 -1.591699 1.139586
0.916600 -1.579578 1.265577
0.907809 -1.564341 1.994555
0.854634 -1.606963 1.142645
0.835799 -1.571695 1.905591
0.889610 -1.601921 1.110624
0.911739 -1.579905 1.662580
0.921539 -1.600167 0.917610
0.917596 -1.594815 1.127603
0.943540 -1.594016 0.969592
0.833665 -1.577458 1.468602
0.935631 -1.581405 1.335574
0.889820 -1.553192 2.110542
0.926753 -1.573714 1.749564
0.827773 -1.583020 1.731614
0.915782 -1.564472 1.907552
0.908856 -1.552962 2.213535
0.867626 -1.595830 1.199621
0.853765 -1.572850 1.788587
0.854706 -1.580249 1.556599
0.884793 -1.573642 1.859578
0.842815 -1.564521 1.996577
0.905659 -1.569198 1.504563
0.816809 -1.589976 1.775629
0.896829 -1.558214 2.087548
0.816704 -1.595589 1.421638
0.927549 -1.618377 0.788639
0.839791 -1.571759 1.864590
0.900567 -1.624448 0.790659
0.843680 -1.583468 1.448609
0.873678 -1.578324 1.483590
0.812605 -1.602192 1.079651
0.863809 -1.564506 1.972570
0.877642 -1.592698 1.261613
0.906613 -1.598853 1.125613
0.846624 -1.606062 1.100646
0.794826 -1.579826 1.898619
0.863727 -1.576085 1.638589
0.805632 -1.605123 1.131658
0.907588 -1.609122 0.968630
0.878560 -1.606301 0.911635
0.893642 -1.584547 1.323593
0.872610 -1.598967 1.114625
0.886768 -1.578855 1.734586
0.847828 -1.556349 2.089561
0.792709 -1.590578 1.467638
0.866859 -1.555133 2.184553
0.785788 -1.587158 1.721635
0.873805 -1.572628 1.887580
0.816807 -1.585966 1.783622
0.825657 -1.604958 1.195651
0.840792 -1.573810 1.835593
0.809718 -1.583401 1.543620
0.798819 -1.565681 1.977594
0.852821 -1.556391 2.058559
0.863689 -1.579344 1.490595
0.772700 -1.593740 1.407650
0.765777 -1.579169 1.748628
0.797808 -1.576901 1.852613
0.802698 -1.588603 1.438631
0.831694 -1.583471 1.468613
0.820815 -1.566665 1.952588
0.835660 -1.597834 1.252636
0.860620 -1.601011 1.110632
0.821737 -1.579230 1.624609
0.799618 -1.603221 1.086657
0.852658 -1.589685 1.311616
0.866611 -1.616252 0.961657
0.844772 -1.580009 1.715603
0.829630 -1.605108 1.104650
0.806840 -1.560501 2.070582
0.748725 -1.594719 1.459660
0.735737 -1.570357 1.689623
0.827885 -1.564279 2.165582
0.828803 -1.572806 1.859596
0.770790 -1.580138 1.760628
0.782672 -1.609096 1.187673
0.801823 -1.583942 1.824624
0.816848 -1.565520 2.044588
0.766730 -1.586544 1.532640
0.759839 -1.571811 1.967618
0.734731 -1.602856 1.403679
0.819698 -1.582503 1.471615
0.716749 -1.569350 1.725628
0.761715 -1.593741 1.427654
0.787695 -1.583629 1.450628
0.782841 -1.574792 1.942615
0.791666 -1.598980 1.241653
0.812676 -1.594818 1.301638
0.778742 -1.580380 1.609625
0.817645 -1.609156 1.098661
0.804788 -1.585149 1.701625
0.764840 -1.560662 2.047597
0.788898 -1.569430 2.143604
0.696753 -1.574482 1.682643
0.706750 -1.601847 1.455687
0.727782 -1.577296 1.740638
0.776850 -1.566675 2.021603
0.749760 -1.564165 1.781608
0.721869 -1.580932 1.961646
0.725751 -1.592675 1.525665
0.692734 -1.602995 1.393694
0.776711 -1.586657 1.454637
0.723742 -1.601861 1.421681
0.679797 -1.583450 1.729665
0.743860 -1.580927 1.929639
0.748724 -1.592757 1.441657
0.753699 -1.609097 1.237683
0.773690 -1.598946 1.292659
0.738757 -1.584514 1.598646
0.762779 -1.582308 1.679634
0.725856 -1.565801 2.032619
0.745887 -1.566607 2.112614
0.661796 -1.587580 1.684678
0.664776 -1.608974 1.452713
0.686790 -1.579439 1.726655
0.738865 -1.571815 2.004625
0.710786 -1.572299 1.769635
0.677849 -1.574102 1.936649
0.686779 -1.600795 1.521692
0.738748 -1.598782 1.445670
0.683760 -1.606992 1.412703
0.699839 -1.574097 1.904642
0.668808 -1.575356 1.804654
0.637814 -1.587582 1.723686
0.708744 -1.598890 1.431681
0.736717 -1.607063 1.286685
0.723786 -1.584447 1.664651
0.698768 -1.587649 1.587665
0.685859 -1.566949 2.013634
0.623809 -1.590701 1.678696
0.647795 -1.580575 1.713670
0.697790 -1.570319 1.781635
0.671799 -1.576435 1.756655
0.640880 -1.583215 1.933677
0.646801 -1.606920 1.516716
0.660846 -1.576239 1.888658
0.694752 -1.599941 1.427687
0.627804 -1.573501 1.789665
0.686799 -1.588575 1.652670
0.595812 -1.585722 1.713697
0.661795 -1.595767 1.581691
0.644846 -1.563110 1.989641
0.586853 -1.583520 1.845696
0.612837 -1.593676 1.714704
0.659815 -1.578452 1.768662
0.633821 -1.583565 1.745680
0.600882 -1.583354 1.920691
0.621850 -1.577377 1.874673
0.646787 -1.584724 1.633677
0.590829 -1.580616 1.785689
0.610892 -1.577210 1.989677
0.549885 -1.592625 1.847724
0.628901 -1.573062 2.046664
0.623873 -1.575250 1.946669
0.621845 -1.588582 1.757692
0.595832 -1.586698 1.732698
0.562897 -1.587479 1.912711
0.587893 -1.590476 1.874707
0.612829 -1.597826 1.631711
0.556888 -1.598701 1.794732
0.574912 -1.583331 1.980700
0.594934 -1.584177 2.037694
0.589901 -1.584365 1.937696
0.585886 -1.601698 1.751727
0.525906 -1.589601 1.904727
0.551913 -1.596594 1.867730
0.537922 -1.586462 1.967717
0.555934 -1.584326 2.017708
0.555930 -1.593475 1.931723
0.501943 -1.592579 1.960740
0.520959 -1.592447 2.006733
0.520952 -1.600594 1.921747
0.484978 -1.598572 1.995756
1.486672 -1.562816 1.059417
1.449729 -1.549599 1.189411
1.423678 -1.565064 1.039470
1.387908 -1.550200 1.421460
1.386739 -1.552844 1.170467
1.458696 -1.560878 1.071437
1.441802 -1.551450 1.259426
1.356997 -1.544939 1.561470
1.437541 -1.555451 0.872438
1.365692 -1.569286 1.023525
1.333928 -1.557420 1.401519
1.331770 -1.562052 1.156532
1.394694 -1.561134 1.049486
1.380804 -1.552694 1.238475
1.308044 -1.559126 1.548544
1.377972 -1.556142 1.458487
1.380564 -1.561660 0.860497
1.309713 -1.575502 1.007583
1.434845 -1.543304 1.327415
1.276931 -1.559659 1.377568
1.440709 -1.556932 1.074445
1.260145 -1.539723 1.764530
1.263264 -1.544335 1.912541
1.275788 -1.567266 1.141588
1.341727 -1.571338 1.034552
1.324820 -1.557915 1.220531
1.298183 -1.531401 1.845484
1.317964 -1.556403 1.429533
1.247033 -1.557385 1.521586
1.252718 -1.576722 0.991630
1.296113 -1.555950 1.633549
1.384881 -1.554499 1.312482
1.207405 -1.535950 2.131562
1.224947 -1.564869 1.359621
1.207149 -1.542955 1.738579
1.210394 -1.546097 2.070586
1.379716 -1.560179 1.052500
1.209269 -1.547571 1.886590
1.367990 -1.551135 1.475486
1.223822 -1.576458 1.130651
1.284737 -1.574563 1.016604
1.269834 -1.562129 1.204583
1.259959 -1.556654 1.402577
1.188019 -1.554636 1.495623
1.194713 -1.574950 0.973669
1.325871 -1.552745 1.288522
1.241115 -1.558186 1.608596
1.159166 -1.549159 1.717632
1.174970 -1.572069 1.342678
1.158397 -1.549331 2.042634
1.324738 -1.567398 1.034560
1.308985 -1.552396 1.445534
1.214363 -1.545245 2.009584
1.171846 -1.582652 1.118707
1.229748 -1.577779 0.999654
1.223877 -1.574299 1.194650
1.271090 -1.526867 1.698497
1.206965 -1.559879 1.379626
1.142065 -1.567807 1.485692
1.151605 -1.584620 0.764726
1.144736 -1.581138 0.961723
1.180449 -1.538998 2.147594
1.275891 -1.558942 1.272576
1.185103 -1.556428 1.582634
1.120962 -1.570295 1.320714
1.108168 -1.551381 1.693676
1.272765 -1.575602 1.018620
1.252293 -1.549474 1.875571
1.258014 -1.562610 1.424599
1.114842 -1.580875 1.101746
1.172739 -1.575007 0.980690
1.235158 -1.546998 1.691577
1.169881 -1.575513 1.177694
1.140505 -1.535921 2.226617
1.133150 -1.531171 1.746609
1.153973 -1.563102 1.357675
1.091080 -1.572008 1.469742
1.258764 -1.599947 0.901694
1.093600 -1.580831 0.753761
1.135474 -1.548198 2.124653
1.097771 -1.590310 0.952783
1.223900 -1.562149 1.255623
1.139130 -1.564611 1.567691
1.059431 -1.548601 2.058708
1.066210 -1.563544 1.681740
1.057383 -1.549796 1.984712
1.077005 -1.582460 1.310780
1.219785 -1.581813 1.001677
1.047238 -1.544293 1.802705
1.197993 -1.558880 1.392635
1.189180 -1.554189 1.673631
1.064863 -1.586061 1.090798
1.127783 -1.587172 0.971756
1.117891 -1.577712 1.163739
1.097535 -1.546105 2.207677
1.166512 -1.535868 2.217602
1.100247 -1.558273 1.747705
1.105992 -1.569296 1.340727
1.037066 -1.568237 1.446774
1.196737 -1.591187 0.883718
1.075407 -1.534519 2.072663
1.041610 -1.582019 0.744804
1.180940 -1.573310 1.245685
1.049792 -1.595490 0.941833
1.090143 -1.568812 1.549739
1.013445 -1.553797 2.038756
1.019219 -1.566741 1.662784
1.010393 -1.554001 1.962759
1.028009 -1.583658 1.293820
1.162782 -1.581041 0.982718
1.063361 -1.550926 1.928714
1.013333 -1.569386 1.808796
1.147007 -1.564097 1.370687
1.143197 -1.560385 1.653682
1.016889 -1.592236 1.081850
1.076792 -1.589372 0.956800
1.036450 -1.527441 2.150674
1.071918 -1.584886 1.152793
1.119521 -1.542097 2.185654
1.056275 -1.567458 1.729762
1.059012 -1.575488 1.323779
1.145745 -1.592377 0.872760
1.133958 -1.578494 1.231734
1.037462 -1.550667 2.061734
0.990089 -1.574417 1.434826
0.998659 -1.594164 0.741868
1.000803 -1.597676 0.929876
1.043157 -1.573004 1.532786
0.966446 -1.555004 2.015795
0.970429 -1.564155 1.951816
0.974235 -1.571927 1.645832
0.978006 -1.582865 1.274857
1.016360 -1.552138 1.903753
1.115814 -1.590223 0.969778
1.093283 -1.556227 1.776710
0.961312 -1.564619 1.781824
1.096204 -1.563584 1.633726
1.095010 -1.566322 1.346733
1.079432 -1.542584 2.044686
0.999505 -1.543581 2.141745
1.027806 -1.592560 0.943846
0.969915 -1.598408 1.072903
1.022928 -1.587074 1.139837
1.063475 -1.534401 2.135677
1.009278 -1.569668 1.705804
1.010019 -1.577689 1.305823
1.096756 -1.594560 0.861803
1.024741 -1.603939 0.799878
1.084967 -1.580687 1.216778
0.990461 -1.552887 2.033776
0.942099 -1.576604 1.420868
0.956832 -1.604836 0.921929
0.945657 -1.591355 0.732902
1.057653 -1.550977 2.308725
0.995160 -1.574201 1.514826
0.922462 -1.560186 1.998843
0.931257 -1.578099 1.631881
0.926445 -1.569338 1.934863
0.932016 -1.585046 1.260898
0.979422 -1.569268 1.898826
1.054232 -1.571752 1.619779
1.044286 -1.559453 1.748755
1.064826 -1.593425 0.953825
0.919346 -1.573778 1.771880
1.037452 -1.549770 2.023736
1.050043 -1.576506 1.330794
0.958535 -1.552752 2.125800
0.980820 -1.595740 0.931891
0.978957 -1.594237 1.130889
0.923939 -1.603575 1.064951
1.023514 -1.547576 2.116742
0.961274 -1.569881 1.681841
1.054803 -1.606706 0.856867
0.964033 -1.581879 1.288869
1.037972 -1.581874 1.201817
0.978765 -1.609104 0.792927
0.947474 -1.558079 2.011822
0.909842 -1.606012 0.911968
0.897121 -1.581775 1.409917
1.005607 -1.543266 2.259745
0.948161 -1.574396 1.496862
0.888612 -1.575571 0.718904
0.880484 -1.566355 1.984891
0.880436 -1.567545 1.910894
0.885257 -1.578293 1.612917
0.888026 -1.587219 1.247937
1.011252 -1.577930 1.603828
0.931407 -1.566486 1.872856
0.992449 -1.550978 1.997774
1.002321 -1.570632 1.730817
1.015839 -1.596616 0.939871
0.873355 -1.575964 1.755921
1.003059 -1.581701 1.312843
0.913529 -1.552963 2.098835
0.935848 -1.602909 0.921944
0.935990 -1.602391 1.123943
0.977511 -1.549803 2.084783
0.879973 -1.611730 1.059007
0.917290 -1.575066 1.663888
1.006809 -1.606884 0.846904
0.998013 -1.593022 1.193876
0.919045 -1.585060 1.273912
0.936810 -1.620245 0.789988
0.902473 -1.559285 1.986860
0.963620 -1.549462 2.234793
0.871906 -1.623138 0.910042
0.851128 -1.582957 1.395955
0.904173 -1.577572 1.482905
0.843269 -1.581465 1.597958
0.841474 -1.577689 1.902951
0.834480 -1.565554 1.963925
0.970276 -1.585095 1.589879
0.848069 -1.598362 1.241997
0.891436 -1.574644 1.860908
0.952470 -1.558154 1.978824
0.954322 -1.572853 1.703859
0.965838 -1.595816 0.923907
0.834398 -1.587101 1.750980
0.871532 -1.555152 2.076874
0.952051 -1.579921 1.289878
0.888995 -1.602571 1.111980
0.892881 -1.611067 0.913998
0.934529 -1.557000 2.060835
0.872292 -1.576263 1.642926
0.960822 -1.609053 0.837945
0.952016 -1.593204 1.179912
0.832984 -1.612903 1.050046
0.874057 -1.588242 1.258955
0.877746 -1.599478 0.771979
0.862500 -1.567451 1.971912
0.924643 -1.557640 2.213845
0.861190 -1.581741 1.469949
0.810170 -1.593099 1.392013
0.799481 -1.579866 1.885989
0.796516 -1.574693 1.956978
0.797256 -1.577662 1.577984
0.924268 -1.583295 1.568909
0.914503 -1.568310 1.964879
0.807094 -1.604516 1.233045
0.849450 -1.578818 1.844951
0.909332 -1.577052 1.681905
0.831553 -1.561318 2.061921
0.781340 -1.571354 1.717980
0.922880 -1.606976 0.914970
0.916119 -1.599049 1.284956
0.848021 -1.608720 1.105028
0.890528 -1.559214 2.031874
0.847892 -1.613239 0.903039
0.922873 -1.622180 0.836009
0.908026 -1.595375 1.167952
0.830309 -1.581440 1.625972
0.834099 -1.599390 1.251015
0.818497 -1.567652 1.947947
0.880634 -1.557858 2.182879
0.823233 -1.592876 1.465007
0.766179 -1.594267 1.381050
0.877241 -1.576508 1.543928
0.874511 -1.571488 1.944918
0.758288 -1.585807 1.570035
0.755541 -1.580849 1.947026
0.806450 -1.579003 1.825985
0.769142 -1.616648 1.229106
0.791566 -1.565491 2.043962
0.863332 -1.578260 1.657943
0.879908 -1.614140 0.905021
0.740366 -1.577508 1.709028
0.865098 -1.593273 1.260980
0.806053 -1.615870 1.099079
0.869063 -1.604515 1.162006
0.847537 -1.563414 2.006918
0.784291 -1.576645 1.602995
0.842651 -1.564030 2.162924
0.792113 -1.602555 1.239056
0.780241 -1.594046 1.452043
0.837256 -1.580671 1.529970
0.834518 -1.574667 1.924958
0.725207 -1.600414 1.375098
0.718303 -1.588963 1.559075
0.713535 -1.579032 1.928054
0.750573 -1.567667 2.026000
0.819340 -1.581454 1.636986
0.700385 -1.581659 1.700070
0.828081 -1.608671 1.152048
0.822121 -1.599443 1.248029
0.808565 -1.572585 1.988972
0.743306 -1.580814 1.588038
0.804672 -1.571197 2.144972
0.753156 -1.613698 1.232115
0.740268 -1.600192 1.445090
0.797265 -1.582834 1.516006
0.671452 -1.571425 1.827067
0.682343 -1.599091 1.554129
0.665483 -1.565264 1.897056
0.711583 -1.570835 2.009038
0.659394 -1.582818 1.689105
0.774338 -1.581656 1.614021
0.790111 -1.615808 1.146096
0.766568 -1.574780 1.965011
0.780151 -1.607609 1.236083
0.761654 -1.568413 2.113999
0.705341 -1.589959 1.579091
0.695507 -1.572195 1.889054
0.758282 -1.586987 1.505047
0.698269 -1.599360 1.432121
0.630443 -1.568602 1.809091
0.642355 -1.601248 1.543166
0.682458 -1.580524 1.777086
0.631546 -1.580363 1.901121
0.671583 -1.571012 1.990070
0.733355 -1.586831 1.597067
0.622449 -1.595931 1.691168
0.726583 -1.579956 1.946055
0.739179 -1.614768 1.225133
0.667369 -1.597104 1.570140
0.655515 -1.574366 1.872091
0.723321 -1.597115 1.499101
0.665343 -1.618456 1.436196
0.597513 -1.585693 1.815162
0.644480 -1.585671 1.767129
0.594578 -1.587492 1.897169
0.632592 -1.573172 1.976106
0.585486 -1.604055 1.689218
0.694389 -1.595984 1.586121
0.682555 -1.574181 1.913074
0.628386 -1.601260 1.558181
0.618543 -1.581508 1.863138
0.686347 -1.603254 1.491146
0.562557 -1.595805 1.815215
0.606499 -1.589816 1.758169
0.556599 -1.591629 1.891209
0.598641 -1.585284 1.975164
0.644655 -1.571958 2.047099
0.653396 -1.598162 1.568158
0.645584 -1.582331 1.901125
0.580556 -1.584666 1.849177
0.652399 -1.616366 1.490206
0.528616 -1.609904 1.819279
0.568503 -1.589972 1.745199
0.559632 -1.582458 1.956188
0.609672 -1.577109 2.032140
0.614431 -1.607313 1.558213
0.607610 -1.589489 1.887173
0.605575 -1.591647 1.828180
0.544586 -1.591799 1.842223
0.482517 -1.583157 1.778245
0.524670 -1.591581 1.952239
0.573699 -1.584255 2.020186
0.568613 -1.590663 1.868206
0.565343 -1.583570 1.519189
0.570603 -1.598783 1.819226
0.508613 -1.597933 1.835267
0.537710 -1.587409 2.005223
0.503750 -1.597535 1.999276
1.464177 -1.563852 1.126545
1.445096 -1.561186 1.020552
1.394174 -1.563128 1.105596
1.390133 -1.571392 1.008620
1.370420 -1.555234 1.480594
1.353378 -1.564566 1.373631
1.335204 -1.571350 1.092662
1.332153 -1.576613 0.994678
1.305417 -1.555508 1.454644
1.288350 -1.557847 1.344663
1.278577 -1.546932 1.710643
1.241577 -1.530886 1.773629
1.272210 -1.572595 1.075713
1.276169 -1.580828 0.980731
1.254464 -1.568700 1.443717
1.230807 -1.546282 2.020679
1.234360 -1.561066 1.326712
1.223576 -1.548169 1.686688
1.193627 -1.545068 1.762703
1.221183 -1.584038 0.967781
1.217239 -1.579799 1.064773
1.188437 -1.561983 1.415750
1.187400 -1.572245 1.315777
1.178622 -1.561344 1.674757
1.167191 -1.585244 0.954826
1.143660 -1.554266 1.747765
1.157240 -1.579033 1.048817
1.139483 -1.574163 1.406819
1.133393 -1.570470 1.295814
1.130639 -1.566542 1.657807
1.117213 -1.590434 0.943877
1.093685 -1.561466 1.732822
1.105273 -1.587223 1.039878
1.090443 -1.583626 1.288881
1.078634 -1.565765 1.635844
1.068808 -1.550996 1.944814
1.081473 -1.571406 1.384856
1.066229 -1.593624 0.933925
1.044708 -1.567662 1.717876
1.033800 -1.557248 1.890857
1.058318 -1.598391 1.033944
1.032653 -1.570952 1.620893
1.041456 -1.586820 1.274927
1.020822 -1.555196 1.926862
1.029484 -1.573612 1.369902
1.022266 -1.602784 0.926982
0.994723 -1.571866 1.700925
0.989830 -1.565421 1.878912
1.003322 -1.597599 1.021984
0.986669 -1.575136 1.606939
0.993462 -1.588013 1.259967
0.973842 -1.560384 1.912912
0.983525 -1.583778 1.362964
0.973279 -1.604968 0.917026
0.943835 -1.566612 1.861951
0.945737 -1.575063 1.685971
0.943693 -1.581306 1.594989
0.956357 -1.605766 1.016041
0.945466 -1.588205 1.246004
0.930877 -1.569548 1.902969
0.929514 -1.579999 1.344995
0.929304 -1.610129 0.910073
0.922113 -1.600740 0.683053
0.901863 -1.573774 1.852002
0.898751 -1.578248 1.673016
0.895680 -1.577512 1.575016
0.904504 -1.597353 1.240060
0.904365 -1.605963 1.005082
0.885896 -1.573724 1.891014
0.889586 -1.598126 1.346074
0.884325 -1.614293 0.903119
0.855861 -1.572971 1.833035
0.852694 -1.580682 1.563057
0.851763 -1.580434 1.660058
0.858501 -1.595538 1.226091
0.860405 -1.615114 1.002140
0.841914 -1.577898 1.879059
0.837567 -1.591338 1.329096
0.821931 -1.590069 1.838107
0.809699 -1.580855 1.550091
0.821561 -1.610661 1.225159
0.806787 -1.585603 1.651106
0.800957 -1.588041 1.875118
0.792596 -1.597503 1.322147
0.768714 -1.584014 1.540131
0.775546 -1.604847 1.211179
0.760789 -1.584785 1.638139
0.748622 -1.602662 1.316195
0.732769 -1.597131 1.540193
0.716799 -1.585957 1.627177
0.705653 -1.608812 1.312244
0.686877 -1.573659 1.779168
0.692786 -1.600282 1.532233
0.673814 -1.588120 1.618216
0.659867 -1.561673 1.807158
0.647895 -1.576804 1.772207
0.656834 -1.611400 1.532290
0.635876 -1.602232 1.623283
0.622917 -1.572787 1.810216
0.609913 -1.579946 1.765245
0.595904 -1.607370 1.620327
0.588993 -1.589869 1.821288
0.576987 -1.597028 1.775316
0.552040 -1.599983 1.824343
0.541027 -1.605144 1.776365
0.515082 -1.608096 1.827394
1.435401 -1.559516 1.138281
1.446332 -1.571653 1.026289
1.474426 -1.553357 1.179238
1.378631 -1.559315 1.385335
1.374396 -1.561722 1.119342
1.379327 -1.572872 1.009354
1.441371 -1.561586 1.090282
1.352729 -1.558230 1.493358
1.413422 -1.556563 1.159301
1.313616 -1.559539 1.361397
1.312382 -1.560932 1.099399
1.321348 -1.582059 0.998423
1.447439 -1.549424 1.195261
1.366680 -1.549252 1.460334
1.378367 -1.563795 1.072345
1.292710 -1.557441 1.468413
1.269873 -1.539160 1.701408
1.432425 -1.557531 1.153287
1.352418 -1.559772 1.138363
1.338771 -1.556223 1.535371
1.264415 -1.574087 1.090465
1.250599 -1.558757 1.338455
1.384423 -1.549644 1.170320
1.258341 -1.582266 0.982483
1.245737 -1.569600 1.455476
1.312697 -1.558434 1.444399
1.318371 -1.567992 1.057408
1.220145 -1.547911 1.968468
1.216888 -1.548342 1.684472
1.440471 -1.553438 1.209276
1.373426 -1.561730 1.135349
1.297420 -1.563958 1.121421
1.214211 -1.553849 2.022483
1.428466 -1.548460 1.217280
1.281009 -1.545964 1.822411
1.356774 -1.552169 1.545351
1.274067 -1.544885 1.889416
1.207250 -1.558832 2.048497
1.281759 -1.558428 1.509428
1.207406 -1.574278 1.073519
1.194609 -1.564944 1.323517
1.331440 -1.558823 1.154384
1.187713 -1.566804 1.431527
1.317781 -1.547254 1.564380
1.202354 -1.588446 0.971545
1.255699 -1.563631 1.424461
1.268405 -1.581154 1.048475
1.378457 -1.554656 1.183336
1.166912 -1.559510 1.670536
1.315426 -1.564924 1.118409
1.370459 -1.550658 1.197338
1.248448 -1.576120 1.109486
1.303782 -1.559353 1.526412
1.220056 -1.548085 1.861472
1.227752 -1.561620 1.486484
1.204293 -1.537699 2.152471
1.346833 -1.544090 1.626351
1.271087 -1.536850 1.927409
1.161438 -1.586426 1.065581
1.132981 -1.556489 1.751563
1.196255 -1.545824 2.084491
1.139612 -1.569129 1.307576
1.277446 -1.565008 1.136445
1.143746 -1.579949 1.422588
1.252107 -1.536876 1.947427
1.267797 -1.557431 1.544443
1.196675 -1.560838 1.400512
1.145359 -1.591630 0.960604
1.209394 -1.580349 1.032529
1.309800 -1.543254 1.588385
1.318444 -1.555866 1.159395
1.264447 -1.574090 1.107471
1.321482 -1.560820 1.185400
1.112913 -1.563696 1.652593
1.192437 -1.576312 1.090539
1.246766 -1.559556 1.501466
1.172737 -1.561817 1.462537
1.300858 -1.556248 1.611413
1.156300 -1.545875 2.129529
1.222095 -1.545027 1.905468
1.111446 -1.590590 1.054634
1.085989 -1.562652 1.735617
1.227460 -1.573179 1.120504
1.088721 -1.576144 1.399635
1.092648 -1.582279 1.300640
1.206127 -1.549044 1.926489
1.215798 -1.563617 1.521501
1.147698 -1.571001 1.388574
1.149375 -1.576549 1.015580
1.090364 -1.594808 0.949661
1.266470 -1.561010 1.165452
1.212451 -1.578263 1.093526
1.249172 -1.538813 2.005436
1.265841 -1.561407 1.573454
1.060120 -1.555485 1.898631
1.266456 -1.564047 1.140456
1.056163 -1.555427 1.945635
1.137426 -1.575498 1.073590
1.197779 -1.567724 1.485525
1.060908 -1.565877 1.633646
1.119988 -1.555542 1.751577
1.125748 -1.568979 1.446592
1.247847 -1.558440 1.586466
1.048201 -1.560413 1.971650
1.166348 -1.538757 2.197511
1.161378 -1.533700 2.245509
1.097236 -1.535113 2.084569
1.224180 -1.535863 2.020455
1.062452 -1.594752 1.042687
1.035975 -1.562832 1.713665
1.081167 -1.534271 2.009582
1.178478 -1.582344 1.106564
1.037705 -1.574321 1.380680
1.163791 -1.566806 1.497555
1.140341 -1.537845 2.189535
1.035629 -1.579475 1.281690
1.091677 -1.568198 1.366623
1.104415 -1.590691 1.010644
1.219490 -1.570164 1.154510
1.038374 -1.598974 0.940716
1.068213 -1.540264 2.040604
1.161459 -1.583433 1.080582
1.208219 -1.558958 1.990505
1.209823 -1.562617 1.542508
1.219486 -1.577206 1.127521
1.013130 -1.561645 1.884685
1.008153 -1.556600 1.924682
1.147780 -1.571898 1.467578
1.090444 -1.583654 1.062647
1.067018 -1.553649 1.784625
1.013933 -1.576032 1.623706
1.070991 -1.560714 1.733631
1.199852 -1.564609 1.567521
1.073735 -1.569163 1.425641
1.198153 -1.567770 0.787526
1.123368 -1.549912 2.179569
0.997177 -1.557600 1.946694
1.113370 -1.538886 2.215562
1.169433 -1.531601 2.305501
1.054259 -1.546262 2.070626
1.013146 -1.591390 0.709728
1.011444 -1.593921 1.029734
0.995008 -1.574963 1.707722
1.045230 -1.555380 2.009648
1.122457 -1.579539 1.085613
0.991714 -1.579475 1.368732
1.153462 -1.535621 2.323522
1.110775 -1.566998 1.472606
1.094343 -1.545018 2.164589
0.986647 -1.586633 1.272747
1.172505 -1.577321 1.142565
1.046706 -1.579343 1.358682
1.028245 -1.553400 2.029662
1.135458 -1.530660 2.332531
1.050407 -1.589868 0.997694
1.112473 -1.589592 1.070638
1.155809 -1.564817 1.514563
1.166486 -1.581389 1.108577
0.965129 -1.564813 1.867736
0.988391 -1.605133 0.933773
0.965174 -1.565743 1.914737
1.096771 -1.573077 1.447628
1.043456 -1.589810 1.050701
1.149840 -1.565789 1.545570
1.023028 -1.560805 1.767677
1.039158 -1.590313 0.719705
1.021988 -1.563888 1.713683
1.150168 -1.573923 0.779581
1.025733 -1.572331 1.407692
0.962931 -1.578206 1.607757
1.062337 -1.537091 2.178608
1.120411 -1.534803 2.266552
0.955206 -1.568738 1.938751
1.008260 -1.551429 2.049678
0.965158 -1.595540 0.703780
0.968468 -1.603059 1.022789
0.946986 -1.572137 1.685764
1.104430 -1.534823 2.284567
0.997225 -1.558553 1.988699
0.947724 -1.584622 1.357781
1.073465 -1.584704 1.071667
1.062778 -1.572168 1.453659
1.038280 -1.535252 2.117628
1.127523 -1.585469 1.132620
1.090455 -1.537839 2.301585
0.934635 -1.584809 1.257794
0.997707 -1.582510 1.343733
0.983246 -1.558563 2.009712
1.060463 -1.588766 1.055686
1.003425 -1.597021 0.988749
1.105804 -1.569000 1.490616
1.045756 -1.572257 1.427675
1.108457 -1.576594 1.084625
1.104844 -1.570948 1.527620
0.921186 -1.571892 1.902788
0.997469 -1.595963 1.039754
0.921155 -1.574956 1.859793
0.977025 -1.563969 1.748726
0.935386 -1.604304 0.923822
1.104187 -1.581069 0.772635
0.988152 -1.589478 0.709752
0.981744 -1.578481 1.394742
1.019292 -1.542325 2.106656
0.978009 -1.573035 1.702738
1.015315 -1.537275 2.147652
1.077421 -1.544969 2.240608
1.030089 -1.563723 1.818678
0.963251 -1.553595 2.027724
0.917948 -1.585353 1.598811
0.907190 -1.567911 1.917795
0.921179 -1.602678 0.698833
0.918455 -1.600226 1.009832
0.907021 -1.584264 1.680820
1.065451 -1.546968 2.265622
0.951218 -1.560720 1.967746
0.901720 -1.585779 1.343827
1.011090 -1.562775 1.820694
1.027477 -1.590858 1.059720
1.014770 -1.574341 1.432708
0.996293 -1.544405 2.098681
1.073495 -1.579656 1.112662
1.046450 -1.544014 2.271636
1.012161 -1.588409 0.717730
0.938242 -1.561726 1.989759
0.947700 -1.582680 1.328781
1.013474 -1.593920 1.045738
1.045109 -1.551610 1.872648
0.883626 -1.583980 1.243841
1.053816 -1.567134 1.502663
0.950406 -1.592196 0.975792
1.052783 -1.568197 1.462665
0.876176 -1.572050 1.885831
0.998760 -1.576418 1.412726
1.061473 -1.584754 1.070681
0.953487 -1.603105 1.031806
1.042166 -1.555545 1.922657
0.934034 -1.570119 1.733776
0.875150 -1.576116 1.843838
1.055187 -1.582228 0.762683
0.977299 -1.549478 2.087707
0.978357 -1.553399 2.139712
0.944175 -1.597617 0.703806
0.890417 -1.614444 0.919880
0.935748 -1.582640 1.379792
1.030401 -1.547160 2.205656
0.982070 -1.562901 1.793722
0.932011 -1.577196 1.686788
0.919254 -1.558753 2.009773
0.864196 -1.572056 1.905842
0.864916 -1.578542 1.576851
0.876479 -1.608358 1.004884
1.011380 -1.536201 2.214657
0.859994 -1.579434 1.659857
0.981162 -1.591519 0.704764
0.858725 -1.588921 1.333872
0.967096 -1.568934 1.801745
0.906219 -1.564881 1.949795
0.981488 -1.597013 1.046773
0.956315 -1.555547 2.083736
0.967765 -1.576508 1.413756
1.028505 -1.584805 1.101713
1.000429 -1.546202 2.236683
0.895244 -1.565879 1.972807
0.962158 -1.588572 0.706778
0.969489 -1.600062 1.037789
1.008815 -1.570292 1.485710
1.004132 -1.563759 1.854705
0.902714 -1.588828 1.318833
1.000163 -1.559701 1.901703
0.953765 -1.580570 1.399775
0.835193 -1.579186 1.876881
0.909452 -1.607321 0.973854
1.005788 -1.574366 1.442719
0.844684 -1.602095 1.245905
0.909498 -1.608250 1.021855
1.015485 -1.591911 1.056736
0.891036 -1.574270 1.717823
0.935309 -1.556628 2.070758
0.826130 -1.573291 1.823880
0.933345 -1.555570 2.113758
0.891750 -1.585789 1.366839
0.939079 -1.569050 1.779772
0.984386 -1.550343 2.173704
0.908239 -1.618726 0.703872
0.885005 -1.578360 1.669835
0.876257 -1.562904 1.993820
0.838400 -1.609613 0.908922
0.822207 -1.577196 1.895890
0.975408 -1.549330 2.200711
0.817913 -1.579701 1.563897
0.833486 -1.611498 0.996930
0.816991 -1.580581 1.646900
0.992159 -1.587497 0.706751
0.935174 -1.595665 0.698814
0.816733 -1.593061 1.323918
0.924101 -1.575090 1.782795
0.863222 -1.569031 1.934842
0.913308 -1.558709 2.060781
0.935494 -1.601167 1.034823
0.986525 -1.592941 1.093765
0.922767 -1.580665 1.397804
0.957424 -1.551371 2.208731
0.966819 -1.574437 1.471756
0.851234 -1.567040 1.952850
0.922489 -1.601218 1.026835
0.920186 -1.598706 0.700833
0.962191 -1.571832 1.889757
0.959133 -1.569927 1.831757
0.911780 -1.587711 1.388826
0.854701 -1.586992 1.303876
0.795219 -1.588314 1.871933
0.851055 -1.582405 1.707873
0.863497 -1.609403 1.010901
0.957780 -1.576540 1.420768
0.868488 -1.619449 0.970911
0.892299 -1.558790 2.047801
0.966486 -1.595079 1.040787
0.890338 -1.558734 2.089803
0.798695 -1.606242 1.238955
0.897084 -1.574198 1.763820
0.941380 -1.555513 2.145752
0.847748 -1.587942 1.351884
0.832244 -1.563066 1.972862
0.840000 -1.579516 1.654879
0.934413 -1.556484 2.178761
0.777011 -1.587709 1.640949
0.944158 -1.588655 0.695798
0.772923 -1.583848 1.554947
0.777757 -1.601184 1.319968
0.879092 -1.577256 1.760841
0.942526 -1.595089 1.081810
0.821226 -1.573177 1.920888
0.866279 -1.555892 2.030822
0.891507 -1.607314 1.023874
0.877767 -1.583823 1.380852
0.915422 -1.557535 2.182781
0.923818 -1.577589 1.455802
0.811246 -1.573177 1.940897
0.918171 -1.570999 1.864798
0.880515 -1.610350 1.021889
0.913120 -1.572105 1.803804
0.868787 -1.591856 1.377873
0.815741 -1.600112 1.301933
0.805030 -1.578575 1.684911
0.848284 -1.558955 2.024843
0.822522 -1.618534 1.004954
0.914798 -1.585689 1.406822
0.844304 -1.554917 2.057841
0.918481 -1.596245 1.024834
0.856095 -1.580340 1.750868
0.897364 -1.557688 2.115798
0.806763 -1.594078 1.342932
0.755724 -1.615375 1.236010
0.793266 -1.572196 1.963913
0.893407 -1.560644 2.153806
0.794993 -1.579671 1.639922
0.736008 -1.588851 1.627989
0.906206 -1.605776 0.690860
0.730940 -1.589983 1.548995
0.737771 -1.606314 1.313013
0.901548 -1.603222 1.074861
0.835082 -1.578418 1.739885
0.825278 -1.560044 2.010867
0.846508 -1.609465 1.011920
0.833764 -1.585978 1.364897
0.873415 -1.561698 2.156826
0.883833 -1.584724 1.444850
0.875160 -1.572159 1.842840
0.773276 -1.584300 1.934950
0.837525 -1.614490 1.013936
0.823781 -1.592010 1.363916
0.869117 -1.576268 1.781852
0.763028 -1.580722 1.669954
0.809297 -1.566092 2.010891
0.771751 -1.604255 1.293981
0.806327 -1.565048 2.046893
0.870805 -1.591845 1.389873
0.853347 -1.558861 2.086841
0.811081 -1.579501 1.731909
0.768790 -1.604201 1.336983
0.875500 -1.604387 1.014887
0.853399 -1.563798 2.129849
0.754283 -1.579327 1.954961
0.694114 -1.573742 1.785007
0.688144 -1.565674 1.842000
0.753004 -1.584812 1.629970
0.695008 -1.589988 1.618030
0.855527 -1.598378 1.060897
0.786290 -1.567181 1.996915
0.793084 -1.582568 1.722931
0.690973 -1.600105 1.548049
0.796801 -1.599096 1.359952
0.844846 -1.590855 1.434897
0.831405 -1.564863 2.129871
0.835158 -1.575305 1.824883
0.724209 -1.569498 1.898975
0.782793 -1.597145 1.354962
0.661129 -1.568799 1.812031
0.830144 -1.588404 1.768907
0.723035 -1.584858 1.658998
0.770310 -1.573228 1.997939
0.764313 -1.565205 2.024933
0.729765 -1.609391 1.287028
0.766050 -1.573668 1.708943
0.813348 -1.565015 2.063889
0.825793 -1.592008 1.369916
0.727799 -1.608338 1.327029
0.814404 -1.569943 2.110895
0.833519 -1.612527 1.004939
0.716301 -1.586452 1.947008
0.656155 -1.585852 1.788061
0.712009 -1.587949 1.620014
0.654203 -1.582766 1.850058
0.660044 -1.601092 1.619080
0.820579 -1.615485 1.059956
0.746291 -1.571327 1.978959
0.742002 -1.563777 1.682951
0.697237 -1.583604 1.883021
0.800827 -1.588013 1.415934
0.649997 -1.607231 1.546098
0.790400 -1.569021 2.105916
0.752792 -1.599252 1.342994
0.680172 -1.561664 1.875005
0.741802 -1.601281 1.346007
0.730307 -1.575371 1.981980
0.622133 -1.570928 1.804071
0.683035 -1.586995 1.647040
0.727327 -1.572334 2.012979
0.773379 -1.568106 2.082931
0.726053 -1.576807 1.695986
0.771336 -1.567178 2.037931
0.781796 -1.596163 1.353964
0.665198 -1.561668 1.902019
0.611167 -1.573923 1.830086
0.615160 -1.587986 1.780103
0.671019 -1.592083 1.612059
0.621056 -1.605218 1.613123
0.709316 -1.581451 1.971010
0.703011 -1.568912 1.670996
0.764856 -1.598129 1.410983
0.648159 -1.564801 1.847040
0.712813 -1.607384 1.335044
0.647224 -1.577758 1.879060
0.692314 -1.580504 1.969024
0.702821 -1.608406 1.340055
0.648072 -1.599104 1.645091
0.688326 -1.575474 1.997020
0.590210 -1.592004 1.819133
0.735382 -1.573246 2.064975
0.684034 -1.573958 1.678022
0.735361 -1.578305 2.025982
0.635285 -1.586739 1.917085
0.739807 -1.602307 1.341013
0.576214 -1.587019 1.837139
0.581044 -1.602353 1.602157
0.634055 -1.603195 1.612110
0.580218 -1.604079 1.789161
0.663252 -1.567640 1.935032
0.726871 -1.604254 1.403029
0.668052 -1.583024 1.667051
0.616237 -1.586880 1.860103
0.608221 -1.578894 1.866099
0.645244 -1.564698 1.932045
0.608071 -1.600240 1.634131
0.553227 -1.597120 1.816176
0.690321 -1.561435 2.027000
0.652090 -1.591050 1.682078
0.700113 -1.592891 1.702038
0.596283 -1.587873 1.905124
0.542262 -1.600111 1.844191
0.594070 -1.608324 1.606156
0.538207 -1.601220 1.779196
0.679142 -1.583869 1.758044
0.688878 -1.608383 1.393071
0.631309 -1.585733 1.938090
0.632090 -1.596137 1.664104
0.666328 -1.564515 2.022027
0.578247 -1.591004 1.853146
0.572243 -1.586008 1.862144
0.613296 -1.580789 1.936100
0.653315 -1.563574 2.008039
0.569059 -1.598377 1.620165
0.518264 -1.607218 1.821224
0.609316 -1.578761 1.963101
0.615117 -1.600167 1.678127
0.658101 -1.593045 1.682078
0.559302 -1.593990 1.901168
0.505288 -1.607221 1.845237
0.642144 -1.586999 1.745084
0.589269 -1.577898 1.911118
0.595112 -1.604258 1.657152
0.632371 -1.579625 2.017082
0.540259 -1.595127 1.847188
0.538287 -1.599107 1.865196
0.576299 -1.583918 1.924140
0.620355 -1.577680 2.004091
0.573329 -1.584884 1.953144
0.577126 -1.604293 1.670169
0.612302 -1.575784 1.950096
0.618104 -1.597189 1.666122
0.522312 -1.598112 1.894210
0.609178 -1.599105 1.741133
0.555318 -1.592998 1.913173
0.595376 -1.584760 2.001125
0.505298 -1.606227 1.851238
0.503325 -1.610208 1.868246
0.586373 -1.585798 1.994135
0.541331 -1.594027 1.922188
0.537347 -1.592003 1.946189
0.577331 -1.586902 1.942146
0.486332 -1.604225 1.891253
0.581133 -1.608312 1.658174
0.520344 -1.602110 1.909220
0.558381 -1.589894 1.986168
0.551389 -1.592918 1.984179
0.501367 -1.599120 1.940234
0.542364 -1.599016 1.936197
0.483345 -1.604239 1.897259
0.523407 -1.600011 1.978217
0.514390 -1.596051 1.969219
0.461327 -1.590275 1.916259
1.380537 -1.506862 1.227288
1.459997 -1.519613 1.007490
1.462988 -1.590861 0.997466
1.381561 -1.502782 1.299135
1.318839 -1.511845 1.208349
1.473019 -1.515044 1.072302
1.362945 -1.579382 1.320242
1.399228 -1.523441 0.991526
1.284902 -1.499573 1.571114
1.398007 -1.590977 0.979395
1.320685 -1.504777 1.278117
1.431996 -1.588400 1.003297
1.268722 -1.526901 1.200687
1.412047 -1.515990 1.053249
1.472746 -1.581680 1.019046
1.307249 -1.585018 1.303306
1.346743 -1.532714 0.980696
1.348037 -1.578589 1.344119
1.307489 -1.602086 0.943630
1.285901 -1.565920 1.671891
1.339234 -1.595761 0.963420
1.269230 -1.515115 1.265294
1.286336 -1.547043 0.913038
1.371094 -1.591406 0.984263
1.363737 -1.529050 1.044497
1.215148 -1.535385 1.187796
1.415112 -1.589505 1.001139
1.252506 -1.590677 1.286337
1.294159 -1.541061 0.969809
1.289075 -1.580622 1.322049
1.335419 -1.583760 1.368125
1.251686 -1.606635 0.931631
1.265094 -1.509593 1.331059
1.238488 -1.577117 1.658081
1.277178 -1.568164 1.721836
1.282319 -1.598452 0.948373
1.177673 -1.514807 1.536302
1.376825 -1.570683 1.395712
1.219817 -1.526343 1.253484
1.234866 -1.557246 0.905198
1.316513 -1.599949 0.970375
1.230040 -1.494435 1.732732
1.311039 -1.535486 1.030560
1.355314 -1.594476 0.982149
1.153910 -1.532451 1.168588
1.198591 -1.593255 1.270288
1.240409 -1.546498 0.957841
1.232051 -1.581541 1.299951
1.278508 -1.586706 1.345082
1.199989 -1.612899 0.921683
1.183453 -1.565941 1.959778
1.219785 -1.522566 1.320302
1.184636 -1.580864 1.637060
1.220103 -1.568311 1.692715
1.262127 -1.565100 1.759629
1.230734 -1.606742 0.937480
1.318030 -1.575854 1.368726
1.118493 -1.512929 1.512123
1.257432 -1.599843 0.952249
1.164905 -1.529007 1.236436
1.176786 -1.556944 0.892068
1.259170 -1.538868 1.016544
1.178124 -1.497184 1.707692
1.300620 -1.601077 0.966209
1.152172 -1.604256 1.260471
1.190707 -1.552650 0.947897
1.106666 -1.546423 1.161847
1.129560 -1.509920 1.600991
1.185688 -1.593598 1.288163
1.148180 -1.617167 0.911681
1.220487 -1.587768 1.319985
1.224481 -1.513523 1.387947
1.076228 -1.491304 1.983630
1.167922 -1.526088 1.302283
1.133778 -1.584382 1.618037
1.168245 -1.572000 1.669696
1.208157 -1.567102 1.729562
1.175818 -1.609267 0.924427
1.262172 -1.579797 1.343711
1.260575 -1.570472 1.792615
1.206959 -1.610103 0.940408
1.117433 -1.539069 1.226594
1.068920 -1.521219 1.499227
1.134750 -1.574487 0.889433
1.208356 -1.543166 1.003551
1.130372 -1.502561 1.687727
1.074890 -1.480645 2.086282
1.244815 -1.605766 0.949215
1.105642 -1.613261 1.250600
1.145282 -1.563487 0.941081
1.139270 -1.604630 1.277347
1.079758 -1.514355 1.582995
1.175552 -1.515930 1.367906
1.058084 -1.554514 1.152949
1.168680 -1.592315 1.300989
1.094094 -1.616612 0.899546
1.119111 -1.530355 1.287288
1.120550 -1.578345 1.650752
1.086027 -1.589642 1.602064
1.032819 -1.502255 1.971816
1.159577 -1.575561 1.708673
1.129394 -1.620214 0.915608
1.154145 -1.570861 2.108672
1.208426 -1.585514 1.322744
1.018655 -1.506062 1.791824
1.208886 -1.577301 1.764678
1.153980 -1.611570 0.925331
1.064406 -1.539623 1.209490
1.082886 -1.577758 0.879403
1.018065 -1.524654 1.483200
1.162817 -1.552063 0.994686
1.044694 -1.501470 1.906694
1.084787 -1.510739 1.670837
1.030254 -1.487857 2.067366
1.188899 -1.608458 0.932165
1.055721 -1.615557 1.236545
1.093304 -1.564819 0.929002
1.132070 -1.525824 1.356068
1.063529 -1.493214 2.024458
1.082907 -1.599527 1.254087
1.030954 -1.518707 1.565997
1.121207 -1.602490 1.287147
1.032777 -1.574655 1.895657
1.048670 -1.627421 0.893722
1.039333 -1.595791 1.588115
1.008450 -1.561666 1.144021
1.075079 -1.588462 1.635910
1.073579 -1.539335 1.276420
0.983852 -1.503754 1.950740
1.110941 -1.583023 1.687756
1.064726 -1.569598 1.978515
1.075307 -1.619688 0.902473
1.013796 -1.597313 0.821845
1.157844 -1.594028 1.302852
1.150640 -1.574761 1.726482
1.106445 -1.620606 0.915459
0.977584 -1.522635 1.789159
1.095657 -1.503776 1.760560
1.021041 -1.551345 1.203696
1.117164 -1.558992 0.984767
1.032022 -1.580946 0.870372
0.972541 -1.533604 1.474327
1.002166 -1.510412 1.892828
1.042311 -1.520632 1.657997
0.985562 -1.494098 2.047423
1.091696 -1.537488 1.346280
1.140364 -1.617633 0.919296
1.005688 -1.615884 1.221436
1.048765 -1.573604 0.922131
1.017721 -1.497644 1.999466
1.036206 -1.605621 1.241136
0.985201 -1.523828 1.551023
0.992474 -1.587254 1.889889
1.069118 -1.602098 1.266018
0.996858 -1.605539 1.580268
0.999801 -1.630496 0.884688
1.023431 -1.537750 1.258265
1.028327 -1.593669 1.619936
0.943439 -1.514393 1.943921
1.059968 -1.584742 1.661682
1.021200 -1.578628 1.963646
0.957479 -1.562965 1.131936
1.027604 -1.625729 0.892520
1.048930 -1.570005 2.039403
1.042165 -1.482240 2.112011
1.112480 -1.606058 1.290062
0.945213 -1.570785 0.800001
1.050784 -1.507013 1.739542
1.103115 -1.584191 1.704617
1.050136 -1.616310 0.898221
0.932951 -1.529609 1.778234
1.071456 -1.564922 0.974820
0.975398 -1.558271 1.194770
0.985319 -1.586820 0.864417
0.997554 -1.525755 1.641026
0.952086 -1.510075 1.867700
0.928074 -1.543442 1.467477
0.942924 -1.501112 2.031503
1.045822 -1.540615 1.330259
0.953320 -1.610417 1.203170
0.978301 -1.508362 1.987651
1.084167 -1.615333 0.902113
1.004227 -1.582390 0.915256
0.988339 -1.608803 1.227107
0.944448 -1.587630 1.870783
0.944379 -1.598293 1.554953
1.019197 -1.604507 1.247965
0.939507 -1.529897 1.538073
0.952929 -1.633429 0.876654
0.984171 -1.551216 1.253523
0.981462 -1.596960 1.600909
1.013215 -1.590061 1.641709
0.973170 -1.579171 1.938544
0.898636 -1.518494 1.928919
0.914117 -1.574605 1.129135
0.981898 -1.631601 0.884566
0.999901 -1.570748 2.009305
1.003683 -1.492070 2.094175
1.014521 -1.520503 1.728807
1.056172 -1.602066 1.262831
0.943583 -1.490558 2.127163
1.005653 -1.626120 0.890372
1.054479 -1.591709 1.681698
1.022416 -1.565115 0.961716
0.898570 -1.577602 0.796067
0.886095 -1.532816 1.763204
0.932976 -1.568940 1.188946
0.951688 -1.528967 1.623001
0.918674 -1.559264 0.839552
1.033631 -1.562301 2.068026
0.914950 -1.525395 1.866009
0.881271 -1.547512 1.456470
0.901170 -1.506067 2.015531
0.997669 -1.538945 1.311107
0.932267 -1.508822 1.961552
0.911838 -1.620027 1.197319
1.036519 -1.622426 0.890188
0.944747 -1.616641 1.217206
0.955132 -1.581501 0.905121
0.900698 -1.592606 1.857805
0.897290 -1.597506 1.538819
0.972383 -1.608660 1.232961
0.936706 -1.602053 1.584933
0.941578 -1.558973 1.244624
0.895810 -1.535795 1.527122
0.908279 -1.640190 0.870722
0.971851 -1.601865 1.629915
0.929476 -1.585231 1.922595
0.958585 -1.491639 2.062056
0.935082 -1.635562 0.875557
0.958428 -1.580693 1.993461
0.974980 -1.529254 1.714940
0.870757 -1.586274 1.125333
0.905105 -1.500341 2.111323
1.008415 -1.607329 1.245855
0.984148 -1.578473 0.957973
1.004504 -1.593425 1.653624
0.960004 -1.633019 0.881443
0.908873 -1.532921 1.608002
0.889330 -1.575726 1.181017
0.991215 -1.573444 2.047211
0.882858 -1.580303 0.843010
0.959292 -1.550442 1.303314
0.860644 -1.514856 2.003659
0.837633 -1.554325 1.448540
0.893789 -1.518484 1.949709
0.872467 -1.631466 1.193519
0.910255 -1.584352 0.896090
0.990868 -1.629379 0.879261
0.898876 -1.619683 1.204173
0.855666 -1.592754 1.840697
0.856642 -1.604171 1.529891
0.889558 -1.600377 1.564774
0.902263 -1.571444 1.239853
0.925571 -1.612813 1.217957
0.854165 -1.542522 1.518195
0.885668 -1.589321 1.905593
0.920539 -1.597645 1.601682
0.923326 -1.505128 2.050319
0.928770 -1.526665 1.689764
0.913620 -1.585008 1.970462
0.890375 -1.641379 0.867600
0.864348 -1.505354 2.091352
0.944713 -1.588920 0.953150
0.959607 -1.611652 1.228852
0.914184 -1.636977 0.870436
0.958864 -1.600659 1.634701
0.864831 -1.533047 1.588898
0.945464 -1.578929 2.020241
0.845743 -1.583459 1.175112
0.919692 -1.558028 1.294416
0.821058 -1.522586 1.991761
0.828538 -1.633285 1.184458
0.795107 -1.562998 1.443660
0.861933 -1.579441 0.884849
0.857282 -1.627353 1.196270
0.814883 -1.608926 1.519910
0.812858 -1.596647 1.828691
0.943110 -1.634450 0.868280
0.845746 -1.604359 1.550769
0.858333 -1.573321 1.228796
0.884145 -1.623507 1.209131
0.842915 -1.594326 1.889616
0.883563 -1.510100 2.029350
0.873447 -1.597025 1.579550
0.814916 -1.555993 1.514447
0.891284 -1.536218 1.678920
0.771277 -1.531119 1.893932
0.869753 -1.588238 1.948436
0.826871 -1.514998 2.078508
0.771190 -1.577752 1.099869
0.913904 -1.617773 1.212900
0.909774 -1.600292 1.607572
0.826409 -1.543520 1.583075
0.882257 -1.568469 1.286595
0.901766 -1.585241 1.995295
0.754628 -1.543587 1.730159
0.790644 -1.565317 1.149509
0.782472 -1.530177 1.982861
0.783441 -1.632249 1.172319
0.755861 -1.576330 1.444908
0.771844 -1.608799 1.507799
0.811243 -1.627427 1.182158
0.898458 -1.641319 0.858350
0.804045 -1.610143 1.539814
0.817681 -1.579939 1.220868
0.842689 -1.513188 2.006329
0.804498 -1.604819 1.883791
0.849237 -1.536284 1.657820
0.839217 -1.625494 1.196073
0.830746 -1.602977 1.564597
0.771991 -1.557867 1.502389
0.723684 -1.521652 1.867566
0.825773 -1.589497 1.925358
0.784831 -1.515183 2.054406
0.846670 -1.572385 0.922497
0.788925 -1.552990 1.575226
0.868090 -1.621868 1.197894
0.859459 -1.596040 1.578339
0.841492 -1.573119 1.277617
0.856900 -1.588667 1.968270
0.746883 -1.543942 1.813073
0.712822 -1.547316 1.722150
0.734704 -1.517931 1.948423
0.750051 -1.572824 1.145603
0.773627 -1.534990 1.903837
0.775036 -1.641638 1.180433
0.731085 -1.613444 1.499816
0.809485 -1.527423 1.999612
0.761061 -1.611098 1.524730
0.811581 -1.542868 1.645897
0.765574 -1.561626 1.195269
0.796397 -1.629336 1.184065
0.787875 -1.605958 1.548566
0.736964 -1.574886 1.506741
0.783960 -1.593528 1.906355
0.688552 -1.536679 1.872867
0.743790 -1.515281 2.031304
0.753668 -1.566178 1.573478
0.805056 -1.583477 1.270794
0.825497 -1.629679 1.186990
0.817983 -1.605904 1.564489
0.814145 -1.593839 1.946295
0.703677 -1.541037 1.793888
0.699399 -1.530154 1.946649
0.730419 -1.532197 1.880655
0.675636 -1.561504 1.725423
0.686807 -1.597247 1.789386
0.695828 -1.626572 1.500065
0.764988 -1.520018 1.964309
0.773926 -1.549452 1.633972
0.722525 -1.619569 1.518851
0.727033 -1.570047 1.190390
0.660015 -1.562866 1.411317
0.744890 -1.606941 1.532483
0.653308 -1.549709 1.878116
0.708369 -1.525645 2.024481
0.753774 -1.562191 1.242123
0.716246 -1.576542 1.569651
0.781679 -1.633633 1.172983
0.775226 -1.610883 1.548509
0.693769 -1.538692 1.870729
0.667374 -1.553282 1.793112
0.665207 -1.544210 1.948925
0.654729 -1.625278 1.489927
0.732841 -1.535113 1.960615
0.646939 -1.599862 1.781351
0.742943 -1.567325 1.635354
0.724277 -1.520186 2.087256
0.682821 -1.625184 1.509894
0.670429 -1.588693 1.813030
0.707637 -1.620325 1.527732
0.643764 -1.555501 1.464004
0.671836 -1.534152 2.014606
0.717228 -1.570526 1.236246
0.730245 -1.612093 1.528426
0.657121 -1.545161 1.861802
0.626338 -1.546890 1.936894
0.632184 -1.567360 1.796386
0.698356 -1.544491 1.950768
0.614685 -1.624927 1.479814
0.610294 -1.606162 1.778420
0.583391 -1.541083 1.683658
0.687683 -1.527885 2.070359
0.645341 -1.634545 1.506039
0.633895 -1.597048 1.808151
0.667989 -1.626968 1.517801
0.656904 -1.594747 1.847059
0.637471 -1.545404 2.009808
0.605062 -1.560954 1.459046
0.625807 -1.553180 1.519819
0.621729 -1.556446 1.857995
0.693075 -1.627514 1.522719
0.681946 -1.593881 1.867948
0.660273 -1.544365 1.929658
0.571385 -1.608713 1.771375
0.653156 -1.537353 2.058501
0.597369 -1.606376 1.805284
0.626936 -1.627844 1.502700
0.616851 -1.595676 1.828960
0.599532 -1.548125 1.995760
0.530394 -1.536312 1.833431
0.589014 -1.558595 1.513841
0.625773 -1.554747 1.921813
0.651122 -1.630492 1.506663
0.644447 -1.604489 1.858099
0.618672 -1.549464 1.570550
0.547208 -1.553541 1.756777
0.539455 -1.628362 1.785777
0.618658 -1.547774 2.049656
0.559534 -1.610928 1.797279
0.582692 -1.611776 1.831262
0.496018 -1.548262 1.841629
0.553229 -1.563949 1.507864
0.540701 -1.542591 1.812382
0.508702 -1.540278 1.892365
0.582990 -1.555359 2.036734
0.526546 -1.629773 1.806654
0.545023 -1.619352 1.822333
0.459245 -1.553550 1.841646
0.506033 -1.549857 1.808457
0.474151 -1.549446 1.892488
0.567051 -1.619006 1.831219
0.486006 -1.544529 1.943302
0.505790 -1.617178 1.806150
0.510785 -1.543554 1.855160
0.470083 -1.552317 1.799404
0.438262 -1.552808 1.887459
0.524705 -1.615200 1.807985
0.452510 -1.554663 1.942452
0.478169 -1.551750 1.849263
0.468285 -1.549244 1.968206
0.416618 -1.558132 1.933424
1.471196 -1.549820 1.178424
1.445073 -1.540787 1.195714
1.428483 -1.544391 1.214875
1.457921 -1.589851 0.968451
1.412636 -1.553647 1.161970
1.414536 -1.539732 1.220092
1.384355 -1.541675 1.173289
1.407858 -1.587103 1.082974
1.402425 -1.585970 1.018015
1.368710 -1.544253 1.191446
1.408601 -1.571303 1.140079
1.394432 -1.593908 0.955051
1.353815 -1.539803 1.566602
1.349764 -1.550653 1.140581
1.373195 -1.581658 1.324297
1.344360 -1.544269 1.607697
1.356938 -1.543506 1.196636
1.330871 -1.547345 1.156793
1.323618 -1.559454 1.517832
1.339711 -1.544363 1.633818
1.345999 -1.584111 1.063580
1.347087 -1.593749 1.006537
1.313181 -1.548985 1.171975
1.361343 -1.581780 1.129515
1.307667 -1.553138 1.551024
1.329675 -1.592053 0.939686
1.299486 -1.560233 1.129052
1.321213 -1.586642 1.388820
1.312633 -1.584569 1.306883
1.289687 -1.546890 1.580225
1.318738 -1.587090 1.465858
1.305629 -1.553086 1.179116
1.280538 -1.555926 1.143270
1.267844 -1.559172 1.494381
1.287219 -1.550896 1.607318
1.296781 -1.594686 1.054044
1.308783 -1.585472 1.115022
1.265970 -1.560449 1.158417
1.284273 -1.590837 0.990161
1.252989 -1.554811 1.528560
1.252095 -1.560430 1.840549
1.265141 -1.584969 1.666368
1.248036 -1.565890 1.116551
1.267026 -1.592149 0.926306
1.261438 -1.585534 1.366413
1.238123 -1.551438 1.556727
1.265067 -1.588762 1.445386
1.261537 -1.597169 1.297367
1.238789 -1.563135 1.910702
1.257371 -1.563590 1.163574
1.232209 -1.564465 1.130734
1.275696 -1.589636 1.528360
1.219461 -1.566661 1.479850
1.223180 -1.560919 1.970876
1.234648 -1.555467 1.580831
1.256136 -1.587191 1.099542
1.242168 -1.596492 1.040586
1.216595 -1.568024 1.143897
1.234046 -1.600492 0.982647
1.202398 -1.558368 1.508060
1.215748 -1.579935 1.740897
1.198637 -1.572496 1.105035
1.210649 -1.589643 1.647907
1.210504 -1.595056 0.915869
1.186425 -1.553023 1.532243
1.201482 -1.580470 1.343025
1.212462 -1.591421 1.426910
1.187396 -1.565252 0.770170
1.176348 -1.550024 1.867352
1.201751 -1.595116 1.277972
1.226111 -1.593181 1.509850
1.205849 -1.568242 1.145081
1.181661 -1.568115 1.116237
1.190262 -1.559028 0.771239
1.165669 -1.565371 1.459397
1.210860 -1.596664 1.089982
1.186218 -1.562919 1.557305
1.159673 -1.569203 0.758423
1.190597 -1.599212 1.028103
1.164947 -1.569712 1.126416
1.160660 -1.566180 0.770451
1.156998 -1.565771 1.492508
1.176280 -1.598453 0.968236
1.161990 -1.579594 1.717444
1.146965 -1.573214 1.090560
1.158270 -1.596271 1.632430
1.141070 -1.561415 1.515690
1.162856 -1.594009 1.410411
1.158219 -1.602829 0.908390
1.154231 -1.589981 1.332491
1.133713 -1.565111 0.758717
1.176382 -1.593755 1.489354
1.146212 -1.597940 1.263537
1.155382 -1.573882 1.127586
1.127891 -1.566907 1.098790
1.136501 -1.557887 0.756790
1.121386 -1.574773 1.448839
1.159128 -1.596409 1.075513
1.132363 -1.561603 1.527860
1.137889 -1.599011 1.015648
1.106985 -1.569054 0.748968
1.113192 -1.569437 1.107952
1.111073 -1.568900 0.758960
1.105177 -1.564438 1.471047
1.096794 -1.560169 1.770131
1.123724 -1.601261 0.957778
1.117846 -1.591957 1.707885
1.095183 -1.571977 1.076102
1.093558 -1.566921 1.497179
1.111146 -1.594706 1.392951
1.103529 -1.596034 1.613003
1.131855 -1.599182 1.473811
1.104772 -1.595613 1.320001
1.085222 -1.569816 0.750219
1.104727 -1.606696 0.899945
1.098809 -1.584970 2.228130
1.082459 -1.573440 1.088257
1.102569 -1.572663 1.108139
1.092593 -1.599746 1.250098
1.065081 -1.563640 1.421447
1.089090 -1.564546 0.747276
1.112506 -1.599003 1.063998
1.064219 -1.550676 1.867527
1.090436 -1.604644 1.006140
1.088074 -1.571991 1.511310
1.074812 -1.589806 2.006333
1.060544 -1.574701 0.742450
1.066712 -1.575007 1.095434
1.071494 -1.582868 1.998400
1.071115 -1.585283 0.754359
1.051194 -1.563609 1.754609
1.056481 -1.566018 1.451559
1.072065 -1.602071 0.947324
1.049670 -1.576538 1.066578
1.069320 -1.596505 1.692392
1.063347 -1.564670 1.916599
1.061326 -1.593363 1.374480
1.041562 -1.562613 1.470734
1.078781 -1.592938 1.449379
1.041879 -1.568114 1.813727
1.048832 -1.574058 2.093670
1.044094 -1.582269 0.746639
1.052983 -1.599679 1.598536
1.055176 -1.598280 1.306524
1.052190 -1.609556 0.891500
1.035993 -1.579027 1.076744
1.051797 -1.572388 1.088676
1.044694 -1.597254 1.890640
1.020552 -1.568115 1.409915
1.038893 -1.599584 1.236671
1.067035 -1.604565 1.053472
1.040657 -1.590262 2.093724
1.043721 -1.572147 0.737747
1.025128 -1.564857 1.856924
1.040713 -1.604389 0.994670
1.052436 -1.591671 1.866679
1.030482 -1.598181 1.995797
1.014072 -1.579376 0.736941
1.034026 -1.566749 1.480889
1.021289 -1.581558 1.083911
1.031446 -1.597091 1.992811
1.029861 -1.592159 1.764836
1.008799 -1.570959 1.744053
1.017131 -1.579233 0.740943
1.010885 -1.569514 1.435041
1.006359 -1.585037 1.060031
1.017347 -1.592193 1.667954
1.024694 -1.608743 0.940822
1.031880 -1.590496 1.428882
1.019886 -1.571985 1.894053
0.997007 -1.567070 1.454206
1.013667 -1.594967 1.359989
1.011802 -1.589163 2.087048
0.994022 -1.566633 1.790242
0.991112 -1.576195 0.734215
1.006595 -1.600938 1.295043
1.004499 -1.604280 1.587052
0.993671 -1.587491 1.069189
0.998430 -1.607493 0.882082
1.009603 -1.583824 1.079114
0.997184 -1.601767 1.876147
1.021431 -1.607161 1.042958
0.977078 -1.573571 1.399377
0.982703 -1.572177 1.840372
1.007949 -1.592402 0.735107
0.989379 -1.603291 1.226201
1.003630 -1.589429 0.701155
1.010952 -1.597969 1.850117
0.996370 -1.611951 0.988139
0.968549 -1.583032 0.730429
0.987166 -1.606548 1.987255
0.985227 -1.566354 1.457414
0.980862 -1.587743 1.739370
0.974634 -1.583183 1.070413
0.985854 -1.600523 1.975299
0.964062 -1.568088 1.417549
0.969360 -1.577970 0.730461
0.965376 -1.577365 1.733515
0.962957 -1.591559 1.052494
0.989338 -1.594921 1.416336
0.974945 -1.607529 0.930363
0.971938 -1.598680 1.656439
0.971929 -1.569479 1.861573
0.971238 -1.601401 1.349442
0.969274 -1.594468 2.068503
0.952409 -1.570547 1.436686
0.951574 -1.572991 1.776695
0.943408 -1.575944 0.725734
0.957862 -1.600619 1.280573
0.943594 -1.580265 1.051742
0.958116 -1.610829 1.577550
0.973501 -1.602870 1.029482
0.962993 -1.586450 1.064616
0.932419 -1.575093 1.386862
0.949240 -1.593101 2.051711
0.950639 -1.605279 1.863651
0.953221 -1.617126 0.878564
0.940077 -1.575529 1.820832
0.969320 -1.601295 1.831566
0.960147 -1.594028 0.695622
0.948411 -1.574602 0.715772
0.941974 -1.608948 1.218712
0.951887 -1.616543 0.980620
0.939242 -1.603090 1.965783
0.914209 -1.569059 0.718038
0.941718 -1.571793 1.439881
0.941676 -1.599014 1.732785
0.921644 -1.577804 1.717993
0.940169 -1.601980 1.956797
0.921579 -1.573519 1.405007
0.927881 -1.582828 1.054924
0.921600 -1.576726 0.719984
0.916185 -1.590231 1.041009
0.945706 -1.597402 1.401809
0.929627 -1.607082 1.647894
0.931776 -1.618090 0.927825
0.925616 -1.596839 2.048979
0.926638 -1.603941 1.337928
0.929499 -1.576811 1.842028
0.910018 -1.577337 1.761147
0.908823 -1.574016 1.421160
0.900967 -1.581508 0.719194
0.910198 -1.601289 1.269097
0.907759 -1.598525 1.051117
0.932042 -1.608350 1.021931
0.895240 -1.586366 1.383260
0.927282 -1.595987 2.143047
0.908351 -1.609522 1.562099
0.904492 -1.593522 2.031204
0.917433 -1.590055 1.050112
0.928797 -1.606598 1.815005
0.896470 -1.578933 1.801309
0.905048 -1.607780 1.851151
0.926299 -1.612270 0.695975
0.904703 -1.619913 0.873097
0.907153 -1.584115 0.709215
0.907367 -1.620157 0.973108
0.895743 -1.607507 1.955260
0.900192 -1.604383 1.720238
0.894429 -1.611636 1.210235
0.880078 -1.581191 1.707449
0.897132 -1.575299 1.422368
0.882306 -1.582864 1.398431
0.896590 -1.605387 1.941275
0.887715 -1.594252 1.048356
0.902917 -1.596872 1.385281
0.874748 -1.595728 1.035463
0.881679 -1.602706 1.628429
0.882956 -1.599194 2.029450
0.888407 -1.624676 0.922300
0.885285 -1.611381 1.330379
0.867384 -1.579745 1.745617
0.882517 -1.573324 1.811550
0.868545 -1.583388 1.411597
0.878514 -1.599657 2.111502
0.891631 -1.614807 1.014372
0.886639 -1.599253 2.121494
0.860939 -1.596218 1.037640
0.865672 -1.604864 1.259589
0.851548 -1.586895 1.371747
0.883728 -1.601082 1.788509
0.863015 -1.598858 2.018660
0.854865 -1.582294 1.783768
0.856303 -1.602322 1.542687
0.872886 -1.593651 1.037602
0.859419 -1.609305 1.838659
0.843922 -1.596196 0.854799
0.864842 -1.623718 0.966579
0.856409 -1.603850 1.701727
0.839613 -1.586553 1.697896
0.852144 -1.609945 1.942745
0.834160 -1.574547 1.376977
0.851879 -1.605858 1.924774
0.852448 -1.576827 1.402863
0.847994 -1.616306 1.203751
0.845221 -1.598788 1.038826
0.865687 -1.607164 1.379686
0.834310 -1.601205 1.029911
0.840100 -1.597582 2.007931
0.837044 -1.604237 1.615928
0.839352 -1.607011 1.314897
0.829114 -1.589026 1.739037
0.824718 -1.581908 1.393089
0.837905 -1.602953 2.093955
0.843362 -1.585590 1.798976
0.852285 -1.622249 1.009806
0.844844 -1.599573 2.095961
0.844236 -1.606398 1.775947
0.808753 -1.585410 1.359230
0.801737 -1.565405 1.008333
0.826543 -1.616266 1.258019
0.821444 -1.602219 2.005125
0.805515 -1.570941 1.750333
0.829345 -1.597233 1.026086
0.810702 -1.603918 1.533199
0.817048 -1.615737 1.832131
0.817099 -1.612186 1.694163
0.794615 -1.581100 1.680409
0.808506 -1.611405 1.930237
0.800237 -1.590737 1.377345
0.809273 -1.608278 1.911253
0.823922 -1.606641 1.366156
0.811023 -1.583265 1.389323
0.802464 -1.618968 1.197263
0.799505 -1.600908 1.991387
0.802201 -1.618340 1.312308
0.778373 -1.569755 1.702628
0.792316 -1.603792 1.602435
0.797305 -1.606266 2.076411
0.785358 -1.589295 1.384528
0.792786 -1.570279 1.758558
0.806264 -1.603810 2.077393
0.771508 -1.594745 1.356645
0.781983 -1.607530 1.995569
0.782990 -1.618852 1.250511
0.768179 -1.579200 1.740750
0.769446 -1.612378 1.529662
0.775284 -1.610631 1.678640
0.755012 -1.583474 1.670859
0.769127 -1.617745 1.925681
0.758538 -1.591228 1.364820
0.783210 -1.607098 1.353618
0.767365 -1.584808 1.372817
0.760970 -1.605191 1.978823
0.761320 -1.629485 1.195725
0.735347 -1.564238 1.682123
0.757280 -1.613972 1.297825
0.755449 -1.604641 2.053891
0.750790 -1.607256 1.593907
0.743752 -1.591778 1.371001
0.754439 -1.578568 1.744988
0.766489 -1.604111 2.055846
0.734224 -1.603099 1.354066
0.741315 -1.608897 1.981034
0.724086 -1.572710 1.715260
0.743835 -1.629298 1.249952
0.732377 -1.607132 1.661135
0.715318 -1.583873 1.661315
0.725910 -1.614946 1.523161
0.746897 -1.615411 1.348028
0.720090 -1.596620 1.357257
0.728609 -1.621144 1.919145
0.731296 -1.598098 1.367221
0.720245 -1.605567 1.962291
0.703604 -1.583351 1.688475
0.718901 -1.620386 1.293262
0.710188 -1.595150 2.022419
0.727765 -1.605391 2.035290
0.706393 -1.599131 1.363427
0.708064 -1.606779 1.581400
0.713797 -1.580961 1.726453
0.701827 -1.613250 1.972488
0.688975 -1.584934 1.711657
0.682390 -1.599051 1.666686
0.689422 -1.602652 1.642636
0.710547 -1.622747 1.343442
0.681465 -1.605459 1.789698
0.680003 -1.603830 1.888721
0.684532 -1.620459 1.520638
0.680836 -1.602688 1.864735
0.680577 -1.606926 1.947751
0.666105 -1.587684 1.680908
0.673818 -1.602386 2.013837
0.683321 -1.592884 1.998813
0.686156 -1.605841 1.707756
0.671011 -1.619125 1.582823
0.674379 -1.587335 1.712906
0.652920 -1.590932 1.932073
0.649201 -1.584338 1.695121
0.643870 -1.602444 1.661134
0.654296 -1.613924 1.643038
0.645019 -1.617081 1.896123
0.639869 -1.606948 1.782184
0.639936 -1.599129 1.849216
0.644255 -1.627948 1.519105
0.638273 -1.596389 1.920253
0.628667 -1.593032 1.674343
0.635141 -1.603716 1.998289
0.649038 -1.602060 1.991208
0.651995 -1.617062 1.704149
0.632665 -1.625541 1.581270
0.634699 -1.588738 1.695369
0.622377 -1.613022 1.946418
0.613952 -1.593606 1.690529
0.606139 -1.601827 1.653579
0.613297 -1.608415 1.626524
0.604212 -1.614545 1.886606
0.599178 -1.606429 1.775665
0.600312 -1.600547 1.839682
0.621115 -1.613165 2.035532
0.603038 -1.605639 1.917663
0.593385 -1.601323 1.671755
0.615921 -1.614214 1.987591
0.599846 -1.611958 1.993701
0.613072 -1.613469 1.687609
0.596186 -1.593124 1.681821
0.584912 -1.617365 1.941860
0.572940 -1.588094 1.671018
0.579282 -1.621681 1.628920
0.565553 -1.614950 1.880066
0.568740 -1.621712 1.854045
0.563169 -1.618768 1.783087
0.585847 -1.622399 2.026945
0.568914 -1.616870 1.918062
0.579231 -1.615507 1.972025
0.576402 -1.614811 1.675043
0.546248 -1.574041 1.634331
0.563452 -1.618252 1.986130
0.548380 -1.620687 1.935294
0.531664 -1.577608 1.647516
0.530551 -1.627257 1.889478
0.532489 -1.622197 1.912495
0.547056 -1.621770 2.006408
0.528430 -1.636081 1.795493
0.544868 -1.622741 1.964431
0.526959 -1.622569 1.977565
0.513185 -1.629987 1.936712
0.495260 -1.634583 1.892895
0.510476 -1.625093 1.993840
0.508235 -1.625076 1.951864
0.490457 -1.626915 1.970996
0.476743 -1.635360 1.935142
0.473890 -1.633367 1.947271
1.485349 -1.529207 0.916243
1.457916 -1.522687 1.301305
1.437449 -1.543890 0.909764
1.405484 -1.530886 1.285697
1.408250 -1.549493 1.160076
1.446915 -1.523912 1.228387
1.350669 -1.534325 1.266996
1.332739 -1.505175 1.691519
1.352823 -1.557986 1.141494
1.426893 -1.553891 1.162135
1.390334 -1.513003 1.635480
1.390425 -1.531409 1.212768
1.327148 -1.557413 1.566686
1.297849 -1.537593 1.249270
1.288682 -1.517730 1.676970
1.298317 -1.565410 1.122868
1.454709 -1.534475 1.168586
1.367014 -1.556754 1.141420
1.322312 -1.484299 2.024189
1.244453 -1.496445 2.103783
1.336838 -1.520388 1.614842
1.450242 -1.555177 1.153070
1.340234 -1.542373 1.201218
1.271335 -1.561107 1.539995
1.249415 -1.545468 1.235648
1.240089 -1.523759 1.656305
1.334207 -1.555011 1.552625
1.396530 -1.517208 1.551530
1.250187 -1.577273 1.109338
1.388552 -1.533808 1.147833
1.316892 -1.568763 1.127898
1.271810 -1.491551 1.999558
1.279800 -1.521148 1.589090
1.382684 -1.549699 1.128214
1.281053 -1.541167 1.181432
1.200829 -1.551355 1.221988
1.190265 -1.526923 1.633586
1.217676 -1.566604 1.515344
1.469197 -1.551984 1.134932
1.230157 -1.475517 2.271443
1.277155 -1.555843 1.523878
1.446018 -1.539460 1.099732
1.320547 -1.490777 1.909338
1.336667 -1.520115 1.528838
1.193074 -1.576941 1.088573
1.330998 -1.540383 1.133218
1.348328 -1.554398 1.524571
1.262242 -1.574169 1.111249
1.223686 -1.520820 1.564317
1.332486 -1.560695 1.115672
1.141280 -1.528027 1.610821
1.238400 -1.558434 1.177010
1.150934 -1.553382 1.206250
1.163861 -1.570136 1.489656
1.399153 -1.526597 1.471732
1.112514 -1.480978 2.287054
1.369622 -1.493883 1.823204
1.408488 -1.556839 1.118288
1.181409 -1.479746 2.241745
1.223423 -1.560305 1.501207
1.273610 -1.504536 1.895850
1.284337 -1.529344 1.512268
1.380023 -1.540724 1.082030
1.144796 -1.586819 1.075011
1.099701 -1.503050 2.013545
1.248251 -1.480590 2.154481
1.092373 -1.490096 2.303360
1.280977 -1.553279 1.124726
1.293598 -1.558913 1.502903
1.206205 -1.574719 1.092503
1.189512 -1.561320 0.806191
1.180723 -1.534230 1.553812
1.099993 -1.537354 1.598220
1.108808 -1.564673 1.198699
1.281302 -1.571744 1.104142
1.187829 -1.564452 1.164369
1.110887 -1.571608 1.463923
1.365990 -1.560481 1.498654
1.336308 -1.529711 1.450064
1.351851 -1.562330 1.104650
1.130384 -1.480030 2.216974
1.312078 -1.500621 1.800598
1.136141 -1.489572 2.219169
1.172843 -1.566473 1.481570
1.230700 -1.534692 1.494621
1.056018 -1.507784 1.989851
1.087604 -1.588175 0.845242
1.089603 -1.585330 1.055225
1.328166 -1.555740 1.074594
1.085131 -1.556205 1.878802
1.240945 -1.564235 1.483252
1.154392 -1.577898 1.076806
1.220736 -1.551095 1.107937
1.136559 -1.562454 0.796454
1.132071 -1.539187 1.537143
1.051934 -1.537372 1.576439
1.060911 -1.566536 1.183962
1.133563 -1.561825 1.147551
1.225265 -1.572277 1.086398
1.268667 -1.489338 2.044595
1.018653 -1.485461 2.214574
1.057600 -1.569124 1.437108
1.311345 -1.565930 1.480012
1.216717 -1.557260 1.874308
1.278604 -1.534384 1.431418
1.297124 -1.566705 1.089986
1.080280 -1.480674 2.173209
1.249466 -1.484002 2.077567
1.256534 -1.507171 1.779987
1.122024 -1.569704 1.459873
1.017807 -1.517925 1.975263
1.043169 -1.595623 0.838623
1.176829 -1.537079 1.475915
1.004753 -1.496859 2.242913
1.040784 -1.588269 1.040521
1.044245 -1.570551 1.864324
1.079243 -1.512756 1.906882
1.265177 -1.556722 1.059890
1.190369 -1.570363 1.465618
1.092281 -1.571849 0.791877
1.103658 -1.581979 1.062133
1.171401 -1.559965 1.098363
1.010492 -1.544736 1.562804
1.083340 -1.543175 1.519458
1.014930 -1.567237 1.170194
1.083759 -1.564790 1.134849
1.173617 -1.577383 1.073748
0.977205 -1.493054 2.189944
1.255387 -1.567542 1.458293
1.011251 -1.577924 1.420530
1.039012 -1.490079 2.156618
1.240180 -1.568244 1.075273
1.031165 -1.479846 2.147417
1.217527 -1.534349 1.410687
0.976291 -1.524396 1.956610
1.068824 -1.568152 1.436083
1.196283 -1.505242 1.751207
0.995127 -1.595375 0.829848
0.963142 -1.502508 2.216240
1.126350 -1.544135 1.461309
0.996580 -1.575634 1.838667
0.995509 -1.597870 1.029961
1.036981 -1.522175 1.893299
1.100301 -1.496079 2.081493
1.140634 -1.574431 1.447938
0.965426 -1.544495 1.543015
1.208555 -1.562199 1.047271
1.056077 -1.587767 1.050491
1.034296 -1.543206 1.500690
0.972497 -1.574577 1.161571
1.119686 -1.564054 1.086697
1.119419 -1.573685 0.747827
1.052040 -1.565304 1.841211
1.039414 -1.573251 1.127257
1.122803 -1.580473 1.059054
0.934519 -1.497806 2.162259
1.205895 -1.574507 1.444678
0.964507 -1.581795 1.401847
0.999898 -1.501286 2.142065
0.995445 -1.495674 2.138956
1.064706 -1.487678 2.081468
1.195297 -1.582731 1.068813
0.950846 -1.589982 0.680902
0.935609 -1.528830 1.936911
1.016541 -1.581437 0.704440
1.160593 -1.535970 1.391984
1.024472 -1.576741 1.422494
0.921463 -1.507120 2.191550
0.953842 -1.604555 0.825266
1.151526 -1.520678 1.745772
1.068734 -1.521541 1.809158
0.994478 -1.528657 1.877654
0.948596 -1.576784 1.810926
1.072167 -1.542592 1.440527
0.946614 -1.599843 1.014247
1.053655 -1.500970 2.060825
0.923673 -1.547906 1.528301
1.084046 -1.568196 1.421058
0.931979 -1.580754 1.153917
1.008348 -1.598230 0.786895
1.011717 -1.596301 1.039904
0.989720 -1.548783 1.488036
1.155009 -1.568385 1.037662
1.008775 -1.574850 1.825642
1.066477 -1.574784 0.740105
1.069049 -1.569046 1.076054
0.991531 -1.575057 1.115533
1.074152 -1.585319 1.048399
0.894079 -1.505265 2.140633
1.151866 -1.574914 1.425937
1.067285 -1.566784 1.806215
0.955002 -1.503112 2.118326
0.915373 -1.580929 1.379070
0.946978 -1.491001 2.104081
0.897243 -1.537011 1.921294
1.020217 -1.494346 2.063837
1.145646 -1.587652 1.058159
1.095993 -1.492868 2.006466
0.906253 -1.595474 0.673255
0.973253 -1.590815 0.697873
0.881943 -1.513489 2.170897
0.977651 -1.579598 1.404790
0.907716 -1.603169 0.816468
1.113589 -1.548627 1.384501
0.953140 -1.536992 1.865053
1.099907 -1.525858 1.729135
1.020020 -1.525548 1.790486
1.121540 -1.556355 1.771750
0.900458 -1.575947 1.783147
0.881845 -1.550324 1.513569
1.024528 -1.547398 1.427870
0.902105 -1.606390 1.003626
1.009166 -1.507641 2.043195
1.039622 -1.575748 1.409449
0.890385 -1.586058 1.144253
0.942595 -1.547656 1.470244
0.962694 -1.602753 0.781229
0.958138 -1.589656 1.022015
0.958484 -1.572192 1.796827
1.102388 -1.573483 1.029032
1.024871 -1.579436 1.071513
1.014455 -1.574817 0.732361
0.949343 -1.585322 1.109985
1.029876 -1.594807 1.039837
0.852397 -1.509905 2.114953
1.096362 -1.569517 1.403075
0.908612 -1.499224 2.086465
1.060766 -1.505566 1.957921
1.017242 -1.567001 1.782463
0.901912 -1.490931 2.076303
0.856409 -1.539459 1.901561
0.976563 -1.498977 2.045159
0.872028 -1.589430 1.366492
1.093774 -1.589760 1.046458
1.048196 -1.495827 1.986765
0.843338 -1.518793 2.150218
0.931047 -1.601073 0.693328
0.997142 -1.585769 0.703696
0.934224 -1.587103 1.392185
0.907010 -1.535895 1.842260
0.843487 -1.558385 1.503958
1.061969 -1.553732 1.371870
0.976616 -1.533016 1.778877
1.076212 -1.564990 1.759171
1.048044 -1.528124 1.709439
0.861749 -1.592017 1.774724
0.980201 -1.555879 1.419289
0.964607 -1.513296 2.026549
0.846332 -1.585582 1.132472
0.858674 -1.613841 0.994026
0.991810 -1.578660 1.392753
0.901252 -1.555938 1.460649
0.906435 -1.587212 0.767154
0.918167 -1.602768 1.016527
0.915982 -1.578685 1.781195
0.976156 -1.583269 1.061847
0.898680 -1.577438 1.093060
0.970188 -1.584203 0.728805
0.809234 -1.508763 2.084149
0.980752 -1.593754 1.026058
1.049611 -1.576616 1.019365
1.047476 -1.571486 1.387361
0.870432 -1.509303 2.074899
0.974825 -1.574422 1.769850
0.864802 -1.501933 2.064754
1.016457 -1.514075 1.947339
0.932747 -1.501665 2.024442
0.829517 -1.595892 1.352867
1.044890 -1.591626 1.035743
0.802412 -1.520400 2.123470
1.007116 -1.507033 1.979231
0.954940 -1.596006 0.700152
0.890799 -1.594610 1.379586
0.867588 -1.543071 1.830634
0.803818 -1.562585 1.492268
1.021502 -1.586713 0.708655
1.027174 -1.565049 1.739414
0.929742 -1.534870 1.761159
0.807977 -1.593545 1.127865
1.010115 -1.555876 1.358179
0.814369 -1.588150 1.745882
0.920969 -1.517863 2.010879
0.929858 -1.551992 1.401455
0.947153 -1.583254 1.380089
0.999426 -1.533023 1.695796
0.863145 -1.566876 1.456107
0.873426 -1.606334 1.005846
0.873400 -1.584208 1.764547
0.859564 -1.588440 1.089526
0.770879 -1.516991 2.066548
0.927133 -1.583122 1.052098
0.937407 -1.602133 1.019479
0.929229 -1.597286 0.728325
0.995446 -1.574893 1.007599
1.005134 -1.579803 1.379770
0.830931 -1.515569 2.059255
0.826458 -1.510070 2.051148
0.929019 -1.577203 1.752150
0.890100 -1.506183 2.007769
0.970995 -1.520715 1.934725
1.000547 -1.600079 1.029167
0.784704 -1.598567 1.337173
0.959170 -1.508006 1.959497
0.842275 -1.588678 1.357695
0.915121 -1.611053 0.697705
0.767704 -1.573377 1.487713
0.984845 -1.573399 1.729818
0.975924 -1.592215 0.704010
0.756366 -1.573870 1.103676
0.887341 -1.542245 1.750546
0.904650 -1.589648 1.369454
0.874849 -1.516764 1.988085
0.768319 -1.588080 1.722122
0.959102 -1.555957 1.344434
0.884142 -1.555640 1.389774
0.818027 -1.565540 1.441310
0.951730 -1.536831 1.683123
0.829581 -1.586887 1.744835
0.827536 -1.608006 0.994124
0.824002 -1.606055 1.092126
0.731126 -1.520407 2.044838
0.895059 -1.610440 1.012890
0.882486 -1.587614 1.044432
0.791194 -1.518870 2.042539
0.958329 -1.582577 1.366068
0.788041 -1.517213 2.037516
0.886366 -1.581686 1.737472
0.949290 -1.585417 1.004078
0.851936 -1.516176 2.000200
0.950119 -1.595122 1.015304
0.926539 -1.527236 1.924102
0.917777 -1.515279 1.949876
0.744596 -1.609753 1.328650
0.938979 -1.594483 0.681252
0.728873 -1.575540 1.474980
0.801849 -1.595904 1.348086
0.779169 -1.538537 1.787994
0.938894 -1.574125 1.715074
0.941957 -1.617713 0.707788
0.841068 -1.539100 1.730720
0.836607 -1.525766 1.980504
0.862074 -1.595052 1.358809
0.727814 -1.594437 1.706497
0.778532 -1.571647 1.433672
0.845212 -1.568581 1.388289
0.916188 -1.569216 1.341973
0.902638 -1.535831 1.666358
0.775860 -1.566742 1.703651
0.695205 -1.538153 1.820397
0.685084 -1.508696 2.003817
0.851322 -1.613893 1.004208
0.914686 -1.587014 1.357403
0.751631 -1.524100 2.028882
0.840240 -1.596828 1.041880
0.749547 -1.523365 2.023875
0.842479 -1.583308 1.720747
0.686983 -1.528300 2.061284
0.813609 -1.524229 1.990599
0.902739 -1.591013 0.998458
0.911240 -1.609072 1.013840
0.881760 -1.529850 1.910402
0.876230 -1.520567 1.940223
0.692361 -1.581429 1.467328
0.760272 -1.601237 1.337444
0.736960 -1.536071 1.769172
0.897492 -1.581392 1.706467
0.794802 -1.535935 1.711899
0.817032 -1.594700 1.345048
0.797381 -1.534821 1.973935
0.738878 -1.575789 1.424994
0.683607 -1.592193 1.684696
0.802655 -1.573917 1.380651
0.736529 -1.574882 1.694065
0.867101 -1.568117 1.330213
0.858261 -1.543318 1.657775
0.661094 -1.548842 1.813848
0.653629 -1.527015 2.005435
0.713969 -1.528214 2.014193
0.870714 -1.587562 1.344655
0.651472 -1.534236 2.047630
0.703603 -1.512518 1.988876
0.796041 -1.578224 1.698883
0.775211 -1.531267 1.981980
0.861817 -1.604027 1.000991
0.859578 -1.601279 0.996938
0.840551 -1.539009 1.905845
0.700792 -1.545866 1.764613
0.718619 -1.605579 1.326785
0.854856 -1.585793 1.695804
0.778848 -1.604657 1.340499
0.752942 -1.529605 1.951061
0.755485 -1.544006 1.705313
0.700548 -1.583753 1.420405
0.645671 -1.605199 1.677227
0.759946 -1.577265 1.372973
0.627989 -1.559392 1.810295
0.698031 -1.580984 1.683432
0.618526 -1.537843 1.995899
0.813574 -1.546826 1.649107
0.821566 -1.573655 1.323599
0.674006 -1.528540 1.997432
0.831539 -1.597570 1.341110
0.616045 -1.541149 2.035004
0.668432 -1.522280 1.982314
0.751589 -1.572996 1.677011
0.729447 -1.522256 1.954026
0.814227 -1.596845 0.988089
0.801017 -1.582027 0.977812
0.660745 -1.545160 1.749831
0.812971 -1.587184 1.683072
0.739592 -1.613719 1.334941
0.707183 -1.520573 1.924110
0.714862 -1.548194 1.697649
0.593642 -1.567122 1.802686
0.604941 -1.608557 1.662552
0.720785 -1.587252 1.370439
0.659705 -1.589012 1.675850
0.582107 -1.544833 1.983286
0.638763 -1.537286 1.991851
0.787339 -1.595137 1.328304
0.580546 -1.547046 2.023360
0.767484 -1.545547 1.635341
0.778190 -1.580973 1.320021
0.719300 -1.593280 1.683682
0.633264 -1.532045 1.975756
0.693125 -1.530104 1.947426
0.745986 -1.517265 1.891876
0.623102 -1.549152 1.741153
0.770023 -1.587632 1.671330
0.673692 -1.537912 1.931724
0.677879 -1.559947 1.698150
0.623772 -1.601784 1.672372
0.602196 -1.542240 1.981192
0.544965 -1.551973 2.010697
0.749083 -1.604082 1.324741
0.599097 -1.541695 1.971195
0.680899 -1.600292 1.677079
0.727275 -1.554581 1.633793
0.738204 -1.592961 1.320542
0.654412 -1.533213 1.936733
0.709844 -1.526969 1.891322
0.594391 -1.575960 1.757971
0.727743 -1.584095 1.656495
0.705951 -1.531035 1.857432
0.637386 -1.545695 1.928131
0.640655 -1.568762 1.696587
0.581327 -1.596372 1.652505
0.566883 -1.549974 1.976597
0.714387 -1.619618 1.328319
0.562623 -1.547580 1.963564
0.638623 -1.596780 1.661253
0.616785 -1.537179 1.929059
0.688066 -1.563521 1.633243
0.667585 -1.523425 1.876493
0.690678 -1.594859 1.656976
0.598602 -1.547791 1.918423
0.464023 -1.532187 1.910729
0.525975 -1.551568 1.951892
0.603619 -1.608420 1.660750
0.580400 -1.543994 1.924451
0.635102 -1.540627 1.887108
0.655599 -1.605479 1.657447
0.629472 -1.547761 1.856304
0.427044 -1.532311 1.893977
0.479315 -1.520143 1.899442
0.555656 -1.584707 1.626488
0.545101 -1.551665 1.922862
0.599896 -1.549201 1.889538
0.619296 -1.613187 1.657862
0.592032 -1.553566 1.855682
0.452103 -1.539627 1.925096
0.446748 -1.536428 1.907051
0.498781 -1.524044 1.878502
0.556094 -1.565091 1.863195
0.479887 -1.537517 1.876950
0.465561 -1.532501 1.879929
0.506572 -1.534642 1.821791
0.444021 -1.538339 1.870214
0.480463 -1.530000 1.846867
0.470141 -1.540336 1.823178
0.444949 -1.534624 1.848226
1.512547 -1.545722 1.068560
1.451594 -1.549485 1.053033
1.446165 -1.563875 1.091524
1.403438 -1.535023 1.445072
1.391457 -1.551205 1.036441
1.382923 -1.565042 1.068930
1.490440 -1.549589 1.001829
1.349699 -1.541307 1.425581
1.340020 -1.560018 1.026017
1.461070 -1.560540 1.091383
1.339985 -1.562749 1.476318
1.430764 -1.556165 0.989384
1.326303 -1.572481 1.052493
1.293526 -1.542820 1.404959
1.286780 -1.525964 1.858706
1.286049 -1.563126 1.012434
1.390236 -1.538449 1.368273
1.407978 -1.573601 1.078096
1.277431 -1.561134 1.444635
1.272670 -1.579663 1.036031
1.371997 -1.561664 0.976902
1.243782 -1.548702 1.387435
1.487161 -1.559412 1.085244
1.250182 -1.551430 1.887720
1.229822 -1.563453 0.997782
1.334519 -1.544848 1.350799
1.351235 -1.563953 1.470336
1.344666 -1.573688 1.058474
1.448801 -1.534892 1.314841
1.224776 -1.568367 1.424168
1.317400 -1.568750 0.966446
1.216698 -1.583039 1.019469
1.191692 -1.550810 1.368811
1.429635 -1.567904 1.069843
1.395477 -1.536304 0.915016
1.199576 -1.559681 1.861269
1.178852 -1.566247 0.986176
1.272826 -1.540914 1.327047
1.273367 -1.529123 1.758893
1.290775 -1.563072 1.441665
1.285429 -1.574398 1.039849
1.391373 -1.544360 1.300471
1.160347 -1.514194 2.328354
1.160500 -1.525102 2.230638
1.168488 -1.569074 1.397524
1.256927 -1.566438 0.951740
1.165070 -1.589995 1.004992
1.139333 -1.549963 1.349101
1.260353 -1.553232 1.865757
1.370853 -1.573500 1.054364
1.130055 -1.570832 0.975613
1.361589 -1.556792 1.444100
1.226729 -1.553268 1.317702
1.221533 -1.534290 1.738360
1.234776 -1.566615 1.420107
1.228285 -1.575873 1.023238
1.325676 -1.524678 1.686462
1.328057 -1.544490 1.279854
1.111521 -1.520511 2.294835
1.115784 -1.531821 2.205108
1.439664 -1.539901 0.864893
1.112214 -1.569724 1.372882
1.438417 -1.536041 1.237962
1.204237 -1.572363 0.941240
1.109744 -1.589339 0.987275
1.455083 -1.570901 1.061802
1.096056 -1.560071 1.339642
1.096616 -1.548243 1.773487
1.311816 -1.576113 1.038766
1.176043 -1.506184 2.351052
1.088064 -1.583678 0.971231
1.304695 -1.561385 1.423547
1.170651 -1.510313 2.261167
1.176113 -1.560117 1.304186
1.174059 -1.543003 1.720879
1.178420 -1.566266 1.395402
1.179932 -1.585465 1.011791
1.059334 -1.521149 2.157084
1.271048 -1.532062 1.666982
1.062433 -1.523897 2.259197
1.267838 -1.545296 1.261209
1.375849 -1.544808 0.853395
1.063478 -1.575558 1.354324
1.155732 -1.579841 0.933734
1.373402 -1.539237 1.220417
1.057217 -1.574718 1.333327
1.063475 -1.599725 0.976875
1.272154 -1.552491 1.822670
1.051764 -1.552775 1.753898
1.395228 -1.575556 1.047302
1.128348 -1.513193 2.324551
1.253687 -1.577643 1.023164
1.379013 -1.560924 1.422137
1.040094 -1.586187 0.960605
1.130962 -1.527274 2.247925
1.246348 -1.561176 1.399890
1.241317 -1.574433 0.896082
1.044622 -1.571825 1.776532
1.125225 -1.564009 1.289615
1.121876 -1.544218 1.699233
1.127593 -1.571307 1.375863
1.017819 -1.529446 2.136590
1.124704 -1.585744 0.996137
1.014160 -1.525204 2.223526
1.214971 -1.534616 1.645398
1.218765 -1.557908 1.251892
1.020647 -1.590647 1.345047
1.103698 -1.581670 0.924111
1.006600 -1.570685 1.314517
1.325477 -1.539188 1.603895
1.008013 -1.558128 1.737330
1.207681 -1.541293 1.781711
1.198814 -1.516061 2.188196
1.336287 -1.579104 1.033765
1.008977 -1.596965 0.960128
1.312734 -1.545980 1.205989
1.096350 -1.554264 1.775735
1.083843 -1.521786 2.303082
0.993133 -1.588553 0.951970
1.203163 -1.585418 1.011708
1.322127 -1.565455 1.403616
1.071424 -1.515929 2.197932
1.181008 -1.514242 2.235276
1.075458 -1.528426 2.068224
1.194623 -1.567238 1.382388
1.187649 -1.580384 0.887593
0.993309 -1.572206 1.746854
1.073980 -1.563953 1.273929
1.074045 -1.548981 1.680670
0.982246 -1.546818 2.131340
1.078869 -1.577053 1.360337
1.076087 -1.592354 0.984638
0.970542 -1.532835 2.198023
1.161079 -1.538901 1.626857
1.166162 -1.564901 1.239427
0.960427 -1.571165 1.299819
0.964075 -1.561553 1.718705
1.056098 -1.588073 0.916602
0.966833 -1.585097 1.319209
1.286302 -1.555546 1.779718
1.161395 -1.551824 1.767313
1.151333 -1.524849 2.168752
1.259791 -1.535734 1.576185
1.278250 -1.581603 1.019193
0.956381 -1.593038 0.943336
1.048498 -1.559152 1.753175
1.254971 -1.551442 1.192508
1.034509 -1.522067 2.271389
0.948250 -1.591744 0.943349
1.146762 -1.583795 0.996005
1.262794 -1.565276 1.381968
1.027920 -1.524404 2.177457
1.029609 -1.533088 2.047647
1.139266 -1.530264 2.226019
1.142725 -1.571313 1.364829
1.026133 -1.552722 1.663079
1.028540 -1.572246 1.264464
1.131452 -1.580600 0.876948
0.948915 -1.581666 1.729415
0.935720 -1.544845 2.099563
1.025340 -1.574370 1.338584
0.925649 -1.537660 2.169444
1.026118 -1.595103 0.972032
1.229136 -1.523674 2.113269
1.110362 -1.544860 1.610350
1.113203 -1.567945 1.225847
0.921145 -1.564833 1.702071
0.921239 -1.581838 1.293390
1.103145 -1.530776 1.975143
1.005881 -1.587744 0.906907
1.225671 -1.552721 1.749996
1.116289 -1.564232 1.753967
0.917745 -1.586958 1.300571
1.085075 -1.506271 2.111582
1.222305 -1.584867 1.006635
1.208728 -1.548566 1.565889
0.915649 -1.608824 0.938072
1.002931 -1.566705 1.735685
0.990731 -1.527619 2.248826
0.906723 -1.598570 0.937819
1.204010 -1.565167 1.185239
1.210998 -1.570256 1.367436
0.979681 -1.525535 2.147786
0.987223 -1.542292 2.033190
1.099421 -1.593218 0.987584
1.074205 -1.513473 2.172899
1.095094 -1.577910 1.351323
0.890114 -1.541731 2.069749
0.984947 -1.563639 1.654669
0.982831 -1.577585 1.253913
0.903158 -1.587322 1.708870
1.085400 -1.592770 0.873605
0.979791 -1.581793 1.325093
0.880775 -1.542397 2.143865
0.979411 -1.600520 0.961488
0.877064 -1.582120 1.279677
0.874575 -1.561618 1.678264
1.061830 -1.552551 1.596884
1.064601 -1.574508 1.216349
1.062420 -1.546590 1.969878
1.177124 -1.560470 1.734528
0.960280 -1.593951 0.900383
1.046236 -1.521008 2.103272
1.066187 -1.566278 1.732336
0.870748 -1.589584 1.283945
1.163742 -1.581401 0.991891
0.949525 -1.538707 2.235420
0.957182 -1.572300 1.717139
0.868676 -1.611290 0.926444
0.865285 -1.606394 0.932321
1.150492 -1.549280 1.545268
0.944561 -1.548571 2.016646
1.156932 -1.572516 1.349836
0.937187 -1.533869 2.129303
1.047103 -1.592191 0.973879
1.148165 -1.569409 1.173714
1.033290 -1.527393 2.164577
0.850427 -1.547812 2.051182
1.045017 -1.579796 1.334690
0.936674 -1.563463 1.634965
0.935858 -1.580058 1.242284
0.854861 -1.587302 1.684170
1.034552 -1.596452 0.866037
0.933974 -1.586262 1.310516
0.841450 -1.552436 2.126416
0.932529 -1.603951 0.950888
1.112548 -1.514872 2.045708
0.836107 -1.569324 1.668742
0.837703 -1.590809 1.273192
1.015206 -1.559044 1.584373
1.013741 -1.578292 1.205783
1.012229 -1.547681 1.947222
1.129585 -1.568075 1.721052
1.005139 -1.532966 2.093893
1.020542 -1.572777 1.716816
0.915680 -1.600044 0.894852
0.828382 -1.598655 1.273489
1.119756 -1.594458 0.986561
0.905573 -1.542274 2.212801
0.913619 -1.579626 1.701633
0.899535 -1.551164 1.996006
1.098892 -1.556206 1.532799
0.894417 -1.539278 2.108734
1.105957 -1.575425 1.335240
0.811841 -1.554714 2.035635
1.000589 -1.599512 0.966394
0.987539 -1.533032 2.145033
0.998214 -1.584292 1.322119
1.096666 -1.577229 1.164272
0.890496 -1.564022 1.618273
0.893424 -1.588011 1.235795
1.078907 -1.527979 2.077334
0.807383 -1.585205 1.659404
0.984612 -1.599055 0.858432
0.888164 -1.590704 1.296940
0.799766 -1.558759 2.105869
0.796269 -1.573257 1.655115
1.075108 -1.533236 2.046502
0.887826 -1.609141 0.942329
0.795619 -1.591858 1.261493
0.968590 -1.565512 1.572863
1.079588 -1.571029 1.702450
0.965866 -1.581818 1.195193
0.958022 -1.534798 2.071242
0.972450 -1.574566 1.698171
0.876791 -1.613521 0.894510
0.966778 -1.556125 1.933763
0.862617 -1.545756 2.190176
1.068719 -1.596214 0.976935
0.784747 -1.604889 1.260956
0.869880 -1.584963 1.686071
0.856605 -1.554491 1.978378
0.771985 -1.558779 2.018011
0.851565 -1.543664 2.089137
1.060606 -1.584721 1.325806
0.953713 -1.602915 0.956794
0.942808 -1.538468 2.129479
1.042574 -1.555698 1.514136
0.950135 -1.585980 1.306473
0.847679 -1.568185 1.605672
0.849449 -1.590169 1.226142
1.040372 -1.576560 1.150606
1.032377 -1.535486 2.064853
0.763636 -1.590607 1.641846
0.753885 -1.571542 1.636334
0.844349 -1.594946 1.284347
0.756619 -1.560341 2.080189
0.935769 -1.602511 0.852848
0.757172 -1.599440 1.255971
1.033162 -1.552474 1.859263
1.023733 -1.532488 2.021798
0.845479 -1.618084 0.935871
0.918061 -1.562526 1.553091
1.032781 -1.575567 1.688880
0.912996 -1.537395 2.050603
0.929897 -1.581716 1.685655
0.918508 -1.555963 1.914062
0.917905 -1.584353 1.184575
0.821867 -1.550848 2.174589
1.018673 -1.597916 0.966302
0.822317 -1.581842 1.662276
0.743567 -1.615812 1.252552
0.814777 -1.558640 1.963770
0.810992 -1.550747 2.073610
1.015086 -1.592000 1.317313
0.900155 -1.544727 2.113938
0.909192 -1.610070 0.949294
0.905330 -1.590278 1.294888
0.803410 -1.567550 1.589936
1.003959 -1.604676 0.813528
0.990518 -1.557744 1.498526
0.806746 -1.595171 1.218569
0.990701 -1.582164 1.143092
0.715150 -1.576299 1.625728
0.985655 -1.541095 2.049317
0.714661 -1.563742 2.057559
0.718437 -1.591210 1.621153
0.800543 -1.599161 1.272756
0.981477 -1.542486 2.014370
0.893802 -1.615285 0.851505
0.978551 -1.548940 1.836499
0.985788 -1.578177 1.673255
0.871349 -1.543507 2.037054
0.884986 -1.585150 1.670044
0.871089 -1.565049 1.540468
0.874783 -1.561251 1.900500
0.873305 -1.590492 1.178048
0.964831 -1.591012 0.952435
0.779398 -1.585106 1.646649
0.774133 -1.564637 1.951213
0.768961 -1.553060 2.053948
0.964568 -1.588917 1.300539
0.855155 -1.547211 2.097300
0.865408 -1.614125 0.942699
0.860255 -1.591622 1.282216
0.762785 -1.573417 1.581377
0.769942 -1.609488 1.218242
0.944008 -1.565121 1.490047
0.950683 -1.603564 0.805836
0.680241 -1.589521 1.623357
0.940040 -1.547497 2.037802
0.669585 -1.555726 2.022603
0.940944 -1.586776 1.135550
0.759003 -1.606133 1.263235
0.677881 -1.598198 1.608626
0.937850 -1.548711 2.002836
0.931940 -1.555424 1.824992
0.939791 -1.580701 1.657622
0.830893 -1.551436 2.026554
0.838527 -1.582820 1.650269
0.827390 -1.570180 1.531906
0.832348 -1.569293 1.892017
0.829803 -1.597485 1.173541
0.653688 -1.562935 1.961897
0.927298 -1.608360 0.953202
0.736297 -1.586412 1.629966
0.730564 -1.561121 1.929387
0.724276 -1.548818 2.026105
0.918413 -1.589323 1.288846
0.813517 -1.553300 2.084752
0.822445 -1.606087 1.279898
0.721978 -1.577326 1.571762
0.640954 -1.588428 1.608580
0.893780 -1.564949 1.476364
0.905556 -1.614610 0.804461
0.892867 -1.548193 2.020123
0.632666 -1.569290 2.015254
0.891764 -1.550284 1.986177
0.637238 -1.604193 1.596072
0.894633 -1.596019 1.131129
0.900812 -1.593272 1.655253
0.890082 -1.569201 1.824680
0.787883 -1.553748 2.009901
0.794341 -1.583216 1.633564
0.784687 -1.575227 1.523337
0.618401 -1.572338 1.954413
0.788656 -1.608230 1.171135
0.883785 -1.615374 0.947694
0.686896 -1.556672 1.905535
0.695658 -1.592376 1.618411
0.684158 -1.549905 2.008399
0.871071 -1.587916 1.274108
0.771703 -1.557401 2.072147
0.685992 -1.589612 1.570370
0.777285 -1.606442 1.267202
0.850830 -1.577839 1.475034
0.850141 -1.556280 1.976628
0.594005 -1.575185 2.000685
0.849256 -1.554367 2.010592
0.846597 -1.597507 1.122485
0.848364 -1.580636 1.628206
0.747069 -1.557731 1.998287
0.752439 -1.586279 1.621929
0.844203 -1.572617 1.813080
0.658945 -1.561440 2.103959
0.584216 -1.582561 1.949948
0.743358 -1.584055 1.518875
0.836292 -1.611821 0.937896
0.651016 -1.569908 1.906173
0.656120 -1.599163 1.609875
0.648261 -1.563233 2.006039
0.831824 -1.597493 1.271653
0.728328 -1.555825 2.052362
0.646292 -1.594346 1.563757
0.736762 -1.613242 1.260653
0.806076 -1.557595 1.962933
0.555268 -1.580086 1.986069
0.805577 -1.559518 2.002012
0.801344 -1.574598 1.461238
0.806669 -1.585598 1.619606
0.707165 -1.560689 1.984617
0.710465 -1.588347 1.610246
0.803575 -1.609363 1.122104
0.547583 -1.588160 1.939340
0.619049 -1.564406 2.090292
0.788505 -1.557384 1.781958
0.702769 -1.589838 1.513296
0.694649 -1.558156 1.833553
0.611842 -1.569821 1.891409
0.610634 -1.568948 1.994439
0.617692 -1.606827 1.602339
0.791502 -1.606221 1.267157
0.684701 -1.551289 2.031507
0.766578 -1.564294 1.957391
0.764005 -1.565400 1.996460
0.764614 -1.586637 1.608909
0.759146 -1.584418 1.459809
0.665006 -1.560897 1.968897
0.674495 -1.600663 1.607852
0.512150 -1.595545 1.932798
0.581342 -1.569100 2.079681
0.739445 -1.548359 1.759002
0.662190 -1.595594 1.508737
0.651227 -1.555461 1.817757
0.576897 -1.581946 1.893008
0.571642 -1.570858 1.979753
0.569686 -1.587937 1.570084
0.749636 -1.609154 1.259517
0.648955 -1.565435 2.035172
0.720788 -1.557911 1.937496
0.724927 -1.591368 1.602310
0.721057 -1.567539 1.985804
0.628589 -1.568308 1.964362
0.636172 -1.609236 1.603363
0.715483 -1.589498 1.453248
0.544830 -1.575582 2.073120
0.542043 -1.595069 1.894637
0.615483 -1.569575 1.822422
0.701996 -1.565542 1.766770
0.608398 -1.568239 1.474267
0.534319 -1.579390 1.974259
0.610270 -1.570128 2.027570
0.679643 -1.557913 1.925767
0.682692 -1.590453 1.590560
0.672624 -1.554543 1.959730
0.592369 -1.577626 1.962885
0.594935 -1.608237 1.591606
0.506846 -1.577353 2.060428
0.674205 -1.598183 1.453784
0.582206 -1.588318 1.833212
0.662713 -1.574062 1.767289
0.496523 -1.583092 1.963625
0.572780 -1.576610 2.024017
0.642250 -1.565325 1.924241
0.647924 -1.604531 1.593215
0.636896 -1.568605 1.966395
0.552217 -1.577578 1.950153
0.543726 -1.594856 1.830669
0.452194 -1.561090 1.924261
0.618320 -1.571343 1.755505
0.536671 -1.586843 2.025570
0.607515 -1.579299 1.930897
0.598518 -1.576082 1.965879
0.494789 -1.566261 1.790140
0.585810 -1.597790 1.775524
0.569947 -1.584728 1.929316
0.558972 -1.581661 1.965318
0.532006 -1.586264 1.924623
0.435940 -1.563657 1.928634
1.493140 -1.559627 1.060005
1.481948 -1.570425 0.995466
1.463195 -1.559180 1.178548
1.446847 -1.568443 1.114051
1.428027 -1.562998 1.045164
1.407489 -1.547562 1.315206
1.411579 -1.571269 0.980641
1.398427 -1.556664 1.157533
1.391820 -1.547450 1.335474
1.389047 -1.552106 1.432711
1.383415 -1.568707 1.097101
1.371882 -1.545912 1.348770
1.377666 -1.553298 1.352891
1.368308 -1.569810 1.033349
1.363324 -1.549540 1.355023
1.354116 -1.557829 1.302390
1.338864 -1.555599 1.139488
1.348797 -1.577333 0.969861
1.342503 -1.542819 1.563294
1.333706 -1.551320 1.315550
1.330146 -1.564588 0.947789
1.335251 -1.554478 1.490717
1.327663 -1.553293 1.411765
1.319575 -1.565054 1.078056
1.306461 -1.560030 0.937049
1.314936 -1.551709 1.327886
1.308821 -1.550208 1.329947
1.309286 -1.573579 1.020447
1.301855 -1.550871 1.329084
1.295516 -1.562224 0.930296
1.299083 -1.531866 1.707790
1.301810 -1.545491 1.677127
1.295844 -1.559657 1.284418
1.290588 -1.566328 1.129614
1.296294 -1.554439 1.550410
1.282167 -1.533492 1.705125
1.280927 -1.572967 0.953873
1.279867 -1.575503 0.937956
1.277706 -1.555949 1.297626
1.276727 -1.554457 1.467697
1.280166 -1.545470 1.751538
1.264989 -1.551619 1.389769
1.266945 -1.572171 1.068154
1.277262 -1.552080 1.776796
1.261113 -1.558145 1.309981
1.256261 -1.571969 0.926249
1.261226 -1.538042 1.793668
1.253282 -1.558672 1.317136
1.247460 -1.574862 0.923484
1.244501 -1.552752 1.306106
1.250094 -1.575334 1.008502
1.244636 -1.541283 1.692991
1.248805 -1.549871 1.658151
1.237385 -1.559498 1.266404
1.238626 -1.570457 1.116618
1.244255 -1.558759 1.530417
1.225682 -1.534394 1.678106
1.237736 -1.538118 1.982184
1.220209 -1.555757 1.277597
1.225004 -1.580903 0.925049
1.225450 -1.581271 0.947065
1.223848 -1.559750 1.451753
1.214383 -1.535565 1.710355
1.213144 -1.575426 0.908083
1.227319 -1.545877 2.027620
1.223923 -1.549075 1.883689
1.213539 -1.560687 1.377916
1.215420 -1.580166 1.059272
1.215171 -1.548778 1.738747
1.205793 -1.559761 1.289972
1.205670 -1.579961 0.914350
1.207321 -1.543535 1.773750
1.194616 -1.580025 0.912543
1.191546 -1.558164 1.286170
1.194167 -1.561504 1.302233
1.207692 -1.538679 2.137813
1.188304 -1.571393 0.993446
1.203470 -1.538332 2.127870
1.199222 -1.557845 1.643236
1.194620 -1.554176 1.683232
1.185373 -1.571725 1.102570
1.191933 -1.560099 1.510352
1.185532 -1.564621 1.253446
1.178277 -1.544175 1.663210
1.174032 -1.567301 1.267735
1.170852 -1.583232 0.912052
1.168243 -1.558411 1.430670
1.167282 -1.582883 0.937119
1.166934 -1.545431 1.692463
1.165929 -1.585932 0.903213
1.165679 -1.586022 1.049306
1.157174 -1.561343 1.359909
1.152461 -1.539599 1.697548
1.156276 -1.568738 1.275093
1.151596 -1.583315 0.900385
1.147268 -1.538803 1.744644
1.128511 -1.570425 0.750322
1.161287 -1.548420 2.120903
1.146282 -1.589685 0.905670
1.146632 -1.572630 1.275378
1.154456 -1.534416 2.253689
1.145714 -1.557315 1.622146
1.136589 -1.577404 0.984524
1.141659 -1.569617 1.292387
1.137529 -1.576404 1.092542
1.145240 -1.566783 1.496360
1.141701 -1.578863 1.247600
1.143232 -1.563221 1.672362
1.129372 -1.549170 1.645176
1.138757 -1.541924 2.178112
1.126674 -1.576984 1.256818
1.112936 -1.577972 0.895876
1.131139 -1.539774 2.209203
1.122003 -1.568965 1.420761
1.118191 -1.552469 1.672490
1.116431 -1.593701 0.896281
1.114917 -1.591890 0.931275
1.126553 -1.541900 2.220355
1.128381 -1.541008 2.321356
1.108991 -1.582598 1.035168
1.106565 -1.568311 1.348975
1.112045 -1.558669 1.686793
1.105200 -1.571873 1.259051
1.113734 -1.530852 2.338327
1.098458 -1.585559 0.887356
1.102145 -1.550252 1.734749
1.080631 -1.574005 0.744246
1.099159 -1.535311 2.074563
1.094266 -1.592775 0.894650
1.104437 -1.538632 2.230661
1.093508 -1.576059 1.255383
1.093614 -1.565111 1.474188
1.094670 -1.560441 1.606109
1.093301 -1.586694 1.085601
1.087008 -1.584173 0.977574
1.092389 -1.579362 1.285520
1.090663 -1.581903 1.234596
1.081674 -1.555992 1.629225
1.086776 -1.562927 1.652353
1.090749 -1.547032 2.152110
1.073098 -1.575377 1.238721
1.085405 -1.546519 2.189214
1.070177 -1.593082 0.891090
1.069433 -1.567263 1.402645
1.067940 -1.554673 1.650447
1.081120 -1.544150 2.291282
1.073044 -1.548722 2.001390
1.066643 -1.598476 0.889314
1.079699 -1.548964 2.192392
1.062477 -1.590081 1.028223
1.064361 -1.598687 0.926383
1.053910 -1.573039 1.242001
1.067963 -1.537681 2.315343
1.059652 -1.560174 1.660767
1.060362 -1.578771 1.342115
1.064685 -1.552519 1.963631
1.050891 -1.593221 0.877436
1.060673 -1.567187 1.732000
1.036318 -1.583216 0.740319
1.057237 -1.548433 2.065707
1.050173 -1.532549 2.194441
1.046422 -1.566877 1.458084
1.041973 -1.592846 0.884591
1.042755 -1.584705 1.071447
1.049021 -1.566971 1.594122
1.050735 -1.556717 1.892967
1.043606 -1.581085 1.239426
1.051432 -1.551050 2.062889
1.039120 -1.580030 1.219464
1.033952 -1.586265 0.969592
1.032373 -1.573358 1.266417
1.034780 -1.560738 1.613208
1.041682 -1.545870 2.101936
1.035328 -1.540162 2.111888
1.033647 -1.565234 1.636377
1.025245 -1.580108 1.226724
1.031123 -1.540466 2.151999
1.021241 -1.596861 0.881086
1.020380 -1.570151 1.388615
1.043305 -1.559011 2.278405
1.022326 -1.562312 1.634496
1.028642 -1.557086 1.991442
1.026747 -1.564354 1.803578
1.024200 -1.542237 2.147176
1.016448 -1.599333 0.880247
1.012278 -1.590965 1.018158
1.023200 -1.544393 2.293347
1.004701 -1.575022 1.224948
1.007912 -1.597135 0.916360
1.006623 -1.575148 1.324977
1.007053 -1.559723 1.633698
1.018522 -1.562997 1.955782
1.003231 -1.599894 0.867498
0.988226 -1.584833 0.733243
1.002027 -1.556336 1.701731
1.011323 -1.553168 2.046677
1.001533 -1.571390 1.444032
0.996831 -1.588180 1.062386
1.010599 -1.548359 2.189634
1.003072 -1.570550 1.581062
0.998746 -1.602990 0.879680
1.004361 -1.557593 1.869829
0.993294 -1.582194 1.221370
1.004448 -1.554853 2.044852
0.994706 -1.588327 1.212521
0.982661 -1.586248 0.959526
0.986595 -1.562624 1.596139
0.992418 -1.546899 2.082861
0.985114 -1.582863 1.261565
0.988011 -1.542233 2.084804
0.974587 -1.577183 1.210559
0.987518 -1.547945 2.135015
0.986388 -1.574789 1.629526
0.986969 -1.544474 2.227978
0.976846 -1.577417 1.379628
0.974498 -1.602421 0.872106
0.975197 -1.565159 1.615438
0.972250 -1.555158 1.772290
0.981591 -1.559841 1.975381
0.979378 -1.549041 2.122190
0.967281 -1.600046 0.873169
0.963072 -1.591761 1.008083
0.949597 -1.588674 0.686043
0.974444 -1.542718 2.261179
0.959059 -1.581508 1.214979
0.965035 -1.572975 1.620863
0.957712 -1.578951 1.313988
0.957078 -1.600957 0.911409
0.950602 -1.600351 0.733402
0.956471 -1.605484 0.857522
0.965955 -1.561378 1.934693
0.954044 -1.570207 1.426865
0.966417 -1.557787 2.028635
0.966187 -1.568403 1.859852
0.961345 -1.571228 1.697927
0.947203 -1.585084 1.049204
0.962174 -1.548419 2.166519
0.952395 -1.567706 1.561905
0.946046 -1.599148 0.867534
0.943781 -1.582393 1.197279
0.956252 -1.556818 2.024793
0.938079 -1.574863 1.198161
0.941966 -1.601071 0.958723
0.945237 -1.571724 1.586173
0.947823 -1.553307 2.071875
0.946833 -1.553397 2.071896
0.934040 -1.584833 1.251567
0.947511 -1.553609 2.209975
0.944810 -1.554343 2.117990
0.930049 -1.584547 1.201603
0.928299 -1.575276 1.364459
0.936273 -1.576775 1.615510
0.925094 -1.601233 0.861984
0.928069 -1.568009 1.596390
0.933336 -1.567937 1.766394
0.936765 -1.564320 1.962343
0.934589 -1.555792 2.099214
0.920290 -1.602570 0.866116
0.919482 -1.597929 1.003078
0.934288 -1.553761 2.249252
0.902735 -1.592110 0.682019
0.911981 -1.584225 1.200932
0.912072 -1.573403 1.414739
0.897061 -1.587535 0.722014
0.920727 -1.568172 1.837682
0.919296 -1.579686 1.602908
0.909605 -1.580676 1.302934
0.920220 -1.559545 2.009541
0.907965 -1.594866 1.044228
0.908326 -1.605595 0.906456
0.902446 -1.598839 0.842325
0.919178 -1.565983 1.923700
0.915427 -1.574782 1.685885
0.918289 -1.552919 2.149466
0.908355 -1.570086 1.549794
0.902445 -1.605320 0.862532
0.901278 -1.589491 1.191285
0.910200 -1.559486 2.008728
0.895793 -1.585059 1.188254
0.899166 -1.574372 1.571109
0.895206 -1.605526 0.953731
0.902912 -1.556792 2.058816
0.902796 -1.556992 2.051820
0.905528 -1.558072 2.187885
0.899356 -1.554135 2.094826
0.886315 -1.589834 1.192579
0.881455 -1.582010 1.238466
0.884673 -1.581554 1.355464
0.877866 -1.601857 0.851886
0.884173 -1.572466 1.581342
0.889598 -1.573299 1.754372
0.894179 -1.570496 1.953326
0.884773 -1.574905 1.600416
0.887020 -1.555996 2.068100
0.875508 -1.606846 0.861086
0.893815 -1.561882 2.235251
0.875876 -1.604130 0.997082
0.869109 -1.576692 1.402644
0.867016 -1.587701 1.188879
0.877603 -1.570630 1.819561
0.874904 -1.560250 1.989408
0.866460 -1.601850 1.039219
0.865779 -1.570410 1.571625
0.863707 -1.584155 1.293902
0.863231 -1.571566 1.537687
0.874552 -1.558331 2.135449
0.872291 -1.569626 1.911690
0.865868 -1.572816 1.667755
0.860587 -1.610116 0.902493
0.856432 -1.607786 0.854472
0.855070 -1.590018 1.181171
0.869026 -1.569492 2.001805
0.850923 -1.589531 1.176233
0.853787 -1.573978 1.554950
0.859976 -1.562431 2.033787
0.864666 -1.563384 2.167809
0.850749 -1.612730 0.950789
0.855592 -1.556569 2.042701
0.854015 -1.554897 2.072700
0.844901 -1.597840 1.186603
0.841852 -1.585756 1.346400
0.848720 -1.569129 1.936142
0.846759 -1.577579 1.742310
0.838316 -1.592072 1.236588
0.838969 -1.574090 1.564244
0.846805 -1.567135 2.053192
0.836585 -1.575665 1.588351
0.845766 -1.557143 2.203007
0.830902 -1.606447 0.991007
0.837821 -1.575660 1.806465
0.828482 -1.582672 1.394595
0.825475 -1.594771 1.180881
0.824656 -1.605882 1.033136
0.834386 -1.567270 1.979389
0.820108 -1.572838 1.526546
0.821868 -1.574900 1.555592
0.820035 -1.589359 1.287891
0.831616 -1.561667 2.121364
0.822082 -1.577104 1.658718
0.828877 -1.576778 1.906734
0.813357 -1.595071 1.174119
0.822531 -1.568303 1.981650
0.810839 -1.577269 1.542868
0.822175 -1.562938 2.143599
0.807347 -1.596871 1.165284
0.818180 -1.567725 2.017740
0.817148 -1.567440 2.068783
0.814155 -1.563566 2.036705
0.799560 -1.597343 1.174454
0.800263 -1.591772 1.340379
0.800934 -1.573350 1.721055
0.807163 -1.575163 1.929120
0.793766 -1.575718 1.547155
0.793999 -1.600240 1.234687
0.803618 -1.569738 2.030090
0.806430 -1.566089 2.192029
0.788514 -1.585666 1.383452
0.789519 -1.577274 1.578304
0.782720 -1.600003 1.170859
0.792431 -1.570521 1.965290
0.779321 -1.576801 1.519451
0.790887 -1.566756 2.109299
0.778053 -1.580388 1.539596
0.777579 -1.596407 1.283923
0.775646 -1.575781 1.643571
0.772987 -1.602906 1.171136
0.781092 -1.575303 1.975662
0.781219 -1.567262 2.123512
0.767591 -1.577608 1.529711
0.773716 -1.567438 1.994582
0.764797 -1.604066 1.156321
0.773841 -1.567941 2.049630
0.772307 -1.566645 2.028608
0.756650 -1.600531 1.166381
0.757050 -1.592031 1.330223
0.756151 -1.568948 1.702786
0.750486 -1.576115 1.532004
0.761887 -1.576089 2.012085
0.751311 -1.595243 1.379463
0.755513 -1.579120 1.774149
0.750882 -1.610281 1.233829
0.747219 -1.585256 1.576370
0.754507 -1.582110 1.963379
0.737098 -1.576995 1.508279
0.732516 -1.579124 1.519440
0.736323 -1.605329 1.280998
0.732760 -1.578990 1.634505
0.742294 -1.571323 2.106389
0.740611 -1.582274 1.967661
0.726757 -1.581661 1.519630
0.735281 -1.575278 1.984568
0.732662 -1.569172 2.033468
0.731900 -1.573500 2.024607
0.718981 -1.602639 1.328290
0.712790 -1.568351 1.687616
0.708404 -1.578386 1.517895
0.719395 -1.589653 1.768175
0.711474 -1.599180 1.370363
0.718717 -1.578671 1.990002
0.709583 -1.576827 1.941097
0.698425 -1.581719 1.503184
0.703500 -1.589440 1.571358
0.690958 -1.586284 1.508474
0.690996 -1.583049 1.627452
0.691813 -1.573446 1.867303
0.685846 -1.584693 1.510530
0.694637 -1.576031 1.947375
0.694529 -1.580406 1.971524
0.676848 -1.579739 1.686675
0.674916 -1.561657 1.878295
0.677687 -1.585978 1.749886
0.670208 -1.588086 1.512946
0.673678 -1.573591 1.960732
0.662566 -1.561951 1.909573
0.661193 -1.590219 1.502185
0.662230 -1.597280 1.571420
0.650298 -1.592362 1.497466
0.653006 -1.593571 1.628532
0.648357 -1.591320 1.505479
0.647992 -1.563996 1.920937
0.643154 -1.560485 1.844880
0.650341 -1.573163 1.945180
0.641522 -1.576553 1.887423
0.639485 -1.587329 1.682654
0.636841 -1.581277 1.729557
0.629359 -1.592176 1.501887
0.633772 -1.577725 1.944652
0.630882 -1.583633 1.921873
0.623627 -1.595824 1.498111
0.627087 -1.577113 2.063848
0.623591 -1.574805 2.049841
0.608217 -1.594642 1.483380
0.611299 -1.601843 1.503546
0.610608 -1.591783 1.617333
0.613915 -1.581941 1.931175
0.613737 -1.577207 1.995078
0.610504 -1.577183 1.933103
0.604006 -1.569108 1.845938
0.607812 -1.576591 2.001164
0.604031 -1.582098 1.885331
0.601457 -1.588719 1.724478
0.600711 -1.591123 1.675533
0.602684 -1.574206 2.106268
0.594324 -1.585725 1.932673
0.593344 -1.589261 1.916790
0.589672 -1.583702 2.059794
0.588182 -1.582321 2.041771
0.576061 -1.581920 1.986976
0.575424 -1.587597 1.928121
0.574468 -1.587630 1.930143
0.569017 -1.587025 1.860193
0.570922 -1.586892 2.006246
0.566277 -1.598110 1.720491
0.568122 -1.592312 1.890391
0.561823 -1.593940 1.667424
0.564974 -1.578969 2.096192
0.555801 -1.592574 1.922679
0.553130 -1.589295 1.904624
0.552655 -1.588866 2.032706
0.549392 -1.582709 2.048601
0.539738 -1.589380 1.983962
0.536496 -1.589358 1.921988
0.536763 -1.592371 1.921073
0.532489 -1.600174 1.870363
0.531413 -1.595796 1.887266
0.533827 -1.595236 2.010280
0.528644 -1.586456 2.092181
0.518052 -1.598542 1.905644
0.516812 -1.595591 1.907583
0.515931 -1.593545 2.022617
0.513128 -1.590084 2.048590
0.500540 -1.589298 1.972784
0.499171 -1.598083 1.913037
0.501232 -1.605431 1.931225
0.495414 -1.605022 1.892311
0.494528 -1.593021 2.004045
0.475764 -1.588958 1.885245
0.476865 -1.597463 2.048586
0.463771 -1.592902 1.965675
1.476368 -1.522840 0.949214
1.461425 -1.532720 0.948373
1.448642 -1.514697 1.322895
1.416896 -1.526385 0.939094
1.440807 -1.526195 0.887251
1.408311 -1.546516 0.939448
1.393478 -1.521841 1.309767
1.483949 -1.523262 1.208169
1.428347 -1.542647 0.946738
1.358407 -1.529821 0.928954
1.424660 -1.516912 1.253348
1.380880 -1.534453 1.308949
1.457897 -1.538012 0.943504
1.382936 -1.533470 0.880264
1.355070 -1.559332 0.930510
1.336712 -1.525276 1.293538
1.398636 -1.538018 1.312684
1.485358 -1.533660 0.937527
1.385750 -1.566021 0.943814
1.416904 -1.524920 1.192314
1.368674 -1.525133 1.241311
1.416429 -1.501580 1.588081
1.329314 -1.508731 1.719020
1.322139 -1.539240 1.289870
1.398955 -1.545491 0.934567
1.425375 -1.543824 1.308069
1.473644 -1.535581 1.145606
1.367906 -1.509199 1.655486
1.281887 -1.527411 1.279168
1.333955 -1.536602 1.290576
1.427982 -1.544898 0.930694
1.312910 -1.554447 0.924611
1.358858 -1.532357 1.181336
1.314590 -1.532093 1.230135
1.440492 -1.541337 1.291723
1.280168 -1.517307 1.701685
1.361581 -1.511736 1.574079
1.290695 -1.536018 1.705083
1.266704 -1.545575 1.272722
1.355744 -1.536086 1.282877
1.318301 -1.520699 1.642313
1.407058 -1.540138 1.131868
1.414006 -1.516325 1.515241
1.275603 -1.491529 2.149651
1.234325 -1.537539 1.269852
1.298313 -1.489030 2.054639
1.283426 -1.548197 1.278454
1.300241 -1.535009 1.695948
1.365410 -1.547841 0.920706
1.261579 -1.538861 1.220909
1.300566 -1.537822 1.170283
1.227065 -1.519444 1.681229
1.376094 -1.540757 1.273636
1.304180 -1.518262 1.558026
1.234318 -1.489717 2.225666
1.237307 -1.544250 1.683924
1.214736 -1.554407 1.258541
1.305745 -1.550487 1.274866
1.258802 -1.520665 1.620042
1.229289 -1.499866 2.129172
1.318079 -1.539410 1.676635
1.351365 -1.521511 1.498353
1.346288 -1.548809 1.124077
1.187672 -1.546524 1.261446
1.286606 -1.497055 1.950690
1.249307 -1.498549 2.038347
1.227700 -1.551494 1.263181
1.247492 -1.494159 2.192558
1.241702 -1.536011 1.669674
1.308124 -1.552093 0.912548
1.212080 -1.549195 1.212695
1.179903 -1.526685 1.666754
1.318463 -1.544213 1.260445
1.325820 -1.501086 1.868370
1.245578 -1.544836 1.161160
1.253873 -1.530720 1.548943
1.183636 -1.550552 1.661690
1.247750 -1.552088 1.258611
1.163764 -1.563129 1.244313
1.208545 -1.527274 1.605677
1.327920 -1.540068 1.646641
1.262144 -1.495374 2.133149
1.261101 -1.543061 1.655418
1.165923 -1.555707 0.856395
1.279790 -1.546381 1.109019
1.289634 -1.525557 1.482381
1.139620 -1.552708 1.251975
1.175364 -1.557371 1.248879
1.197920 -1.502032 2.168202
1.190296 -1.542906 1.651367
1.131177 -1.530175 1.650175
1.162088 -1.555579 1.204321
1.263230 -1.550364 1.248279
1.185478 -1.544582 1.147930
1.259462 -1.497108 1.839211
1.273798 -1.488290 2.143783
1.270773 -1.492608 2.062954
1.197926 -1.560533 1.248316
1.193223 -1.528761 1.528644
1.153260 -1.527646 1.586248
1.129395 -1.552988 1.637301
1.270775 -1.541667 1.627334
1.112586 -1.569839 1.231006
1.215313 -1.495136 2.239560
1.208334 -1.547112 1.637036
1.118507 -1.564633 0.853035
1.092561 -1.558780 1.242456
1.230919 -1.529214 1.467259
1.221627 -1.551745 1.100967
1.150483 -1.490293 2.316201
1.134622 -1.557273 0.804170
1.125092 -1.562934 1.236474
1.141079 -1.550479 1.634998
1.081802 -1.529879 1.629446
1.181034 -1.489991 2.301059
1.104385 -1.551098 1.188790
1.211177 -1.557073 1.238002
1.230463 -1.510669 2.059684
1.082629 -1.508275 2.053312
1.134539 -1.551053 1.140609
1.224039 -1.498805 2.130576
1.079127 -1.501900 2.129344
1.108984 -1.539325 1.578864
1.142989 -1.561710 1.233915
1.218253 -1.546590 1.611983
1.141937 -1.534434 1.516291
1.170959 -1.507942 2.228220
1.076352 -1.556220 1.614905
1.059721 -1.571810 1.215557
1.158082 -1.553735 1.622671
1.215819 -1.497424 2.223096
1.043526 -1.558174 1.229714
1.062218 -1.560751 0.844485
1.149819 -1.559080 0.753920
1.169486 -1.528293 1.449049
1.166891 -1.559645 1.094884
1.105394 -1.499390 2.298716
1.090020 -1.501321 2.104111
1.020771 -1.583294 0.893237
1.039143 -1.539469 1.618888
1.073419 -1.565697 1.223007
1.085230 -1.548099 1.610462
1.081721 -1.562888 0.799911
1.132521 -1.496560 2.281607
1.060132 -1.561684 1.184362
1.055299 -1.588328 0.884189
1.161186 -1.563469 1.229622
1.037979 -1.513392 2.033621
1.084757 -1.558361 1.134278
1.057585 -1.538206 1.560194
1.031423 -1.508564 2.104860
1.092347 -1.564315 1.221389
1.164329 -1.548713 1.595569
1.102883 -1.500359 2.055693
1.091847 -1.540902 1.505928
1.025497 -1.560131 1.594445
1.007849 -1.573671 1.200061
1.102436 -1.552266 1.600166
1.165405 -1.504153 2.205737
0.997215 -1.562161 1.220070
1.015587 -1.567552 0.841999
1.053760 -1.519981 1.961389
0.972526 -1.574597 0.852025
1.099683 -1.569246 0.753749
1.048835 -1.489656 2.256841
0.992074 -1.539732 1.603095
1.116465 -1.535082 1.439836
1.042149 -1.505929 2.081540
1.114016 -1.566326 1.088662
0.973524 -1.586262 0.887598
1.026742 -1.574753 1.213611
1.039073 -1.555248 1.595942
1.030467 -1.565263 0.796430
1.074218 -1.487931 2.242867
1.010438 -1.563105 1.173751
0.998356 -1.523649 2.021952
1.112354 -1.570702 1.222234
1.007399 -1.594427 0.877719
1.034604 -1.562708 1.127831
1.009026 -1.541556 1.547618
0.984591 -1.514129 2.080287
1.044343 -1.570483 1.212919
1.057807 -1.508362 2.041163
1.115027 -1.554160 1.583109
1.054340 -1.495381 2.159976
1.031099 -1.588167 0.883661
1.037394 -1.539119 1.488373
0.975427 -1.561910 1.574855
1.052644 -1.554869 1.584599
0.957877 -1.574270 1.185423
0.956928 -1.572282 1.215440
1.102481 -1.491102 2.165994
0.972181 -1.575982 0.839440
1.009638 -1.526801 1.948767
0.932103 -1.590710 0.849686
1.008690 -1.502869 2.248342
0.947402 -1.542692 1.588320
1.042815 -1.567317 0.749321
0.928261 -1.588997 0.881858
1.000461 -1.516507 2.067978
1.031037 -1.525034 1.866831
0.976846 -1.575272 1.200966
1.068191 -1.546185 1.434615
0.990359 -1.558767 1.579373
1.058336 -1.567399 1.080309
1.031602 -1.498537 2.231353
0.981322 -1.568395 0.792889
0.956098 -1.530357 2.006235
0.964373 -1.567970 1.167143
1.039380 -1.567030 0.878749
1.060349 -1.570470 1.209637
0.957558 -1.593806 0.869026
1.071196 -1.511249 1.994042
0.961010 -1.541908 1.532877
1.066432 -1.557557 1.569522
1.013765 -1.516213 2.027582
0.943114 -1.526732 2.065812
0.996054 -1.574720 1.203374
0.985406 -1.566985 1.120337
1.065512 -1.509962 2.075425
1.008970 -1.501449 2.144372
1.006157 -1.559019 1.570956
0.985799 -1.597870 0.880242
0.907400 -1.567736 1.202552
0.987888 -1.542556 1.476848
1.050809 -1.525291 1.788216
0.926639 -1.565517 1.556296
0.913515 -1.585000 1.178009
1.057840 -1.500879 2.156536
0.927412 -1.581568 0.836815
0.962393 -1.527227 1.928982
0.969418 -1.514982 2.239749
0.905120 -1.547235 1.577517
0.891145 -1.602912 0.846187
0.887166 -1.599095 0.881275
0.950866 -1.516425 2.042271
0.982217 -1.527516 1.851222
0.990866 -1.571764 0.746972
0.930628 -1.580308 1.190365
0.906313 -1.522450 1.975168
0.944161 -1.564859 1.566816
0.988778 -1.507131 2.220758
1.014350 -1.547135 1.423170
1.007526 -1.573775 1.075990
0.942464 -1.587159 0.795608
0.920909 -1.576439 1.163588
1.004315 -1.591284 0.883546
1.014572 -1.577276 1.204098
1.023445 -1.514639 1.977416
0.913127 -1.602407 0.865521
0.916951 -1.547600 1.524213
1.020552 -1.564433 1.561986
0.969640 -1.523040 2.014962
0.896909 -1.529225 2.041071
0.949913 -1.579674 1.194766
0.938270 -1.570947 1.114739
0.965161 -1.510168 2.133831
1.015847 -1.513505 2.060902
0.866744 -1.574901 1.197806
0.939798 -1.602714 0.874628
0.959873 -1.564083 1.559354
0.879790 -1.567821 1.539592
0.942176 -1.550386 1.470362
1.010115 -1.504224 2.140911
0.864165 -1.582526 1.163207
1.003012 -1.533427 1.779833
0.870830 -1.567738 0.826836
0.920912 -1.537617 1.920414
0.921673 -1.513672 2.213899
0.863995 -1.552614 1.567701
0.830794 -1.580361 0.867058
0.910292 -1.526776 2.031655
0.871637 -1.536829 1.972478
0.935786 -1.531581 1.839586
0.944275 -1.512100 2.205065
0.895744 -1.563408 1.548004
0.887049 -1.588906 1.183815
0.944740 -1.581435 0.747602
0.877033 -1.581986 1.158916
0.961037 -1.600716 0.881020
0.963937 -1.550622 1.413692
0.889022 -1.580849 0.789833
0.981952 -1.523913 1.971797
0.967355 -1.581323 1.196496
0.953581 -1.572646 1.067464
0.869525 -1.609948 0.860927
0.971135 -1.561989 1.546168
0.927502 -1.529636 2.002238
0.872605 -1.551361 1.514473
0.906084 -1.586294 1.188133
0.853872 -1.538087 2.024494
0.821923 -1.574718 1.187909
0.920779 -1.515018 2.121134
0.915614 -1.568875 1.548648
0.892433 -1.604715 0.868949
0.892704 -1.578675 1.111249
0.968734 -1.519579 2.051391
0.967617 -1.513612 2.135347
0.892879 -1.547822 1.457553
0.831626 -1.568356 1.520868
0.821956 -1.593982 1.156729
0.871652 -1.531413 1.896416
0.954642 -1.537695 1.769295
0.820977 -1.552344 1.553709
0.876441 -1.514935 2.192062
0.829679 -1.538572 1.954519
0.864950 -1.527058 2.009778
0.891830 -1.538260 1.830963
0.900518 -1.514977 2.189241
0.838768 -1.586239 1.170956
0.850129 -1.566469 1.534282
0.833862 -1.585483 1.153116
0.893121 -1.580870 0.744009
0.912720 -1.602799 0.876387
0.937824 -1.529640 1.962130
0.922449 -1.587035 1.190869
0.913277 -1.552138 1.404138
0.907231 -1.581406 1.066059
0.925799 -1.565874 1.536469
0.882643 -1.531653 1.986427
0.833334 -1.561334 1.510794
0.789066 -1.592687 1.192311
0.860852 -1.590112 1.180437
0.880230 -1.524219 2.114472
0.867315 -1.567310 1.532831
0.849036 -1.585140 1.108613
0.926408 -1.529926 2.046866
0.923477 -1.519334 2.125682
0.833432 -1.542284 1.891727
0.850675 -1.558114 1.455029
0.790056 -1.577788 1.512263
0.780761 -1.556586 1.544803
0.782388 -1.609004 1.154296
0.837998 -1.524889 2.185338
0.906475 -1.542878 1.760797
0.825576 -1.538211 2.001148
0.858406 -1.521536 2.177521
0.848907 -1.544787 1.823287
0.806827 -1.571196 1.522535
0.797378 -1.595522 1.166341
0.896915 -1.535881 1.955343
0.789740 -1.589065 1.148369
0.867540 -1.605478 0.872639
0.878411 -1.591644 1.185153
0.882650 -1.570434 1.528705
0.840462 -1.537191 1.975664
0.867690 -1.559865 1.400649
0.788290 -1.560242 1.498863
0.861749 -1.589065 1.064563
0.819338 -1.598405 1.175779
0.826564 -1.574562 1.526086
0.833958 -1.523429 2.097600
0.808219 -1.597190 1.109108
0.878888 -1.522177 2.113903
0.878560 -1.531192 2.034165
0.744465 -1.566209 1.540969
0.806452 -1.561768 1.448286
0.796353 -1.528531 2.169456
0.744284 -1.579915 1.497511
0.856089 -1.540519 1.746045
0.815885 -1.525173 2.164685
0.800097 -1.540375 1.804365
0.764922 -1.577625 1.514808
0.752690 -1.596347 1.156484
0.850532 -1.534112 1.938425
0.830120 -1.587876 1.175244
0.839378 -1.574011 1.520904
0.749927 -1.569078 1.496091
0.823298 -1.568387 1.399146
0.774726 -1.599149 1.167915
0.781483 -1.573519 1.513153
0.813583 -1.592104 1.060979
0.791806 -1.528929 2.087840
0.720380 -1.542652 1.959936
0.745960 -1.540055 1.859727
0.705610 -1.572201 1.535085
0.836850 -1.527550 2.107133
0.835864 -1.538584 2.029523
0.755991 -1.532887 2.157519
0.765167 -1.570926 1.446631
0.702315 -1.586438 1.487753
0.810861 -1.544291 1.739315
0.774728 -1.530560 2.154834
0.748782 -1.526485 1.778078
0.722535 -1.581221 1.503930
0.790961 -1.597799 1.173515
0.797142 -1.577440 1.514011
0.707403 -1.570572 1.488131
0.739006 -1.576087 1.503230
0.752044 -1.536021 2.082008
0.778459 -1.574037 1.395488
0.678878 -1.547317 1.944059
0.667788 -1.578048 1.530106
0.701278 -1.536133 1.841603
0.793206 -1.529226 2.097223
0.664750 -1.536192 1.883099
0.793041 -1.545007 2.024802
0.722960 -1.574322 1.440780
0.658434 -1.587318 1.473854
0.696103 -1.538915 1.947201
0.766933 -1.549854 1.734645
0.707951 -1.532680 1.773298
0.681617 -1.587554 1.496148
0.747410 -1.598356 1.167591
0.755885 -1.580757 1.507103
0.711133 -1.536625 1.928657
0.670392 -1.581166 1.488375
0.701091 -1.587831 1.502566
0.712147 -1.542131 2.076172
0.636426 -1.546256 1.922992
0.666636 -1.549406 1.842861
0.736247 -1.583251 1.395912
0.751901 -1.532525 2.090321
0.632705 -1.553064 1.887403
0.742184 -1.533970 2.001660
0.681409 -1.581521 1.439080
0.619417 -1.599317 1.470247
0.650799 -1.532276 1.923009
0.720948 -1.548821 1.724761
0.674081 -1.549625 1.781702
0.641895 -1.594682 1.490348
0.714832 -1.584988 1.502233
0.665619 -1.527966 1.905382
0.662272 -1.593807 1.497671
0.581085 -1.558831 1.494300
0.663657 -1.528017 2.046777
0.626971 -1.550627 1.832787
0.599806 -1.560891 1.921397
0.598728 -1.564327 1.886530
0.698449 -1.534632 1.992750
0.617923 -1.550220 1.928401
0.685522 -1.542504 1.904537
0.680767 -1.557709 1.727081
0.634486 -1.556581 1.779899
0.674029 -1.584279 1.494118
0.630760 -1.539223 1.907559
0.579225 -1.558481 1.452618
0.620605 -1.594213 1.489651
0.630008 -1.545829 2.058212
0.592648 -1.564696 1.839070
0.563309 -1.572829 1.883594
0.559118 -1.563396 1.907420
0.653647 -1.528576 1.978576
0.580150 -1.557105 1.922499
0.644446 -1.540920 1.893395
0.639105 -1.563880 1.726339
0.599541 -1.572630 1.789307
0.638832 -1.599511 1.499490
0.597713 -1.555110 1.914867
0.555990 -1.571343 1.836108
0.590567 -1.547920 2.051169
0.631034 -1.540903 2.074414
0.620608 -1.549117 1.996116
0.541889 -1.561150 1.913484
0.609378 -1.550163 1.896488
0.563387 -1.569186 1.921146
0.598965 -1.572744 1.729653
0.479364 -1.548777 1.833418
0.552811 -1.553653 2.049219
0.593352 -1.546548 2.074460
0.470884 -1.545975 1.855744
0.582304 -1.556743 1.999287
0.576650 -1.566842 1.908821
0.471148 -1.552001 1.798206
0.515132 -1.559309 2.049264
0.557557 -1.556741 2.081634
0.458744 -1.547672 1.874764
0.542191 -1.559754 1.997323
0.539724 -1.570402 1.908733
0.476985 -1.541387 1.871912
0.471258 -1.553698 1.749479
0.519134 -1.557573 2.078488
0.492198 -1.542392 1.871660
0.503839 -1.566322 2.002447
0.442084 -1.551606 1.876036
0.455811 -1.542955 1.869411
1.485831 -1.540662 0.947707
1.478006 -1.567625 0.910499
1.495444 -1.554154 1.074274
1.464566 -1.588269 0.922496
1.470228 -1.556489 1.129192
1.420478 -1.546295 0.942132
1.432729 -1.590298 0.911580
1.436346 -1.562008 1.066417
1.422650 -1.538431 1.312853
1.408620 -1.569449 0.913053
1.406578 -1.556116 1.116187
1.376967 -1.565359 0.902802
1.416939 -1.525017 1.506221
1.357242 -1.552634 0.936493
1.389327 -1.579618 0.905813
1.402697 -1.540870 1.442749
1.378313 -1.534463 1.366683
1.408076 -1.565153 1.280140
1.371963 -1.562664 1.055535
1.387081 -1.567878 1.263541
1.355053 -1.539742 1.297206
1.349279 -1.572319 1.000291
1.341391 -1.565553 0.900114
1.350037 -1.561671 1.106081
1.366208 -1.535832 1.495021
1.368036 -1.572324 1.271056
1.326345 -1.580882 0.899876
1.349233 -1.574156 1.244233
1.344843 -1.545758 1.428689
1.322257 -1.542964 1.356721
1.349367 -1.572270 1.264245
1.313417 -1.567409 1.047538
1.330939 -1.576438 1.252582
1.296929 -1.547486 1.288350
1.330714 -1.525636 1.761676
1.286982 -1.572602 0.991290
1.292779 -1.562286 1.095771
1.313084 -1.534752 1.677988
1.312457 -1.541150 1.480726
1.309107 -1.577413 1.256080
1.299326 -1.587591 1.240162
1.283770 -1.544205 1.410500
1.291574 -1.578199 1.249253
1.266071 -1.550466 1.346736
1.259243 -1.573461 1.041356
1.272694 -1.578311 1.239416
1.286579 -1.523103 1.827678
1.266882 -1.521718 1.736536
1.290712 -1.575803 1.619449
1.238683 -1.554224 1.279476
1.228217 -1.575299 0.984252
1.303445 -1.567627 1.673428
1.240673 -1.569082 1.088518
1.255424 -1.540057 1.461329
1.257058 -1.543250 1.667076
1.251932 -1.580171 1.241917
1.269779 -1.565206 1.630308
1.235796 -1.582254 1.223977
1.231605 -1.551079 1.401261
1.265445 -1.527916 1.904618
1.245728 -1.511838 2.017397
1.234274 -1.581060 1.233107
1.205708 -1.577435 1.034060
1.206576 -1.550477 1.333602
1.217963 -1.582613 1.228204
1.257175 -1.567291 1.647343
1.239727 -1.523594 2.022448
1.234757 -1.528192 1.811306
1.241068 -1.515185 2.073107
1.230607 -1.574126 1.600245
1.217689 -1.534164 1.728424
1.244251 -1.568092 1.648255
1.169018 -1.575029 0.977115
1.187526 -1.565789 1.275461
1.187928 -1.571975 1.080120
1.210235 -1.551870 1.454923
1.155587 -1.577882 0.764428
1.229495 -1.501099 2.253754
1.196192 -1.542642 1.648999
1.218331 -1.572181 1.616028
1.197284 -1.585513 1.229766
1.161323 -1.596365 0.881429
1.184991 -1.590875 1.216772
1.227541 -1.513388 2.113086
1.219391 -1.519582 2.113932
1.180155 -1.556928 1.389940
1.193886 -1.516961 2.000050
1.135779 -1.587049 0.925766
1.180899 -1.588238 1.220980
1.151104 -1.580505 1.027819
1.156989 -1.559887 1.327377
1.140613 -1.606346 0.883334
1.204476 -1.573518 1.631108
1.168289 -1.592083 1.220979
1.181680 -1.532531 1.792998
1.180180 -1.579823 1.588858
1.162464 -1.536707 1.712173
1.156340 -1.550206 1.438352
1.131984 -1.598772 0.876525
1.138696 -1.577312 1.073654
1.189127 -1.573863 1.627146
1.121087 -1.587033 0.975947
1.191278 -1.516811 2.250139
1.106687 -1.584023 0.762003
1.135096 -1.575515 1.271460
1.182590 -1.509296 2.242282
1.193233 -1.512595 2.199646
1.162662 -1.572861 1.597699
1.145860 -1.591322 1.219460
1.137475 -1.599914 1.212407
1.116762 -1.610924 0.880178
1.139108 -1.545363 1.634900
1.191980 -1.516483 2.302336
1.131357 -1.565257 1.382618
1.130828 -1.596924 1.209747
1.102276 -1.587719 1.023453
1.088393 -1.601919 0.926741
1.161619 -1.504281 2.311693
1.111124 -1.572677 1.324124
1.092230 -1.615393 0.882050
1.108906 -1.587124 1.205618
1.150230 -1.577021 1.612848
1.135937 -1.541506 1.783510
1.122943 -1.576689 1.570447
1.111637 -1.558965 1.430791
1.091787 -1.584295 1.068151
1.087216 -1.612394 0.874250
1.107868 -1.537186 1.694795
1.133418 -1.575682 1.605891
1.054539 -1.582638 0.757404
1.067377 -1.588927 0.970629
1.137943 -1.519190 2.230776
1.147259 -1.521798 2.185176
1.140589 -1.505738 2.324234
1.137506 -1.521096 2.234924
1.075217 -1.572510 1.259268
1.111822 -1.576681 1.584265
1.090073 -1.589847 1.205065
1.082922 -1.598094 1.201927
1.069303 -1.619882 0.877838
1.091198 -1.557416 1.631765
1.136142 -1.510950 2.263642
1.081711 -1.568747 1.373108
1.060572 -1.611953 0.855963
1.044995 -1.581249 1.012916
1.101420 -1.508325 2.062087
1.075327 -1.597425 1.195449
1.114336 -1.511686 2.296227
1.067515 -1.602229 1.204220
1.044484 -1.622373 0.879633
1.096467 -1.577473 1.593415
1.055486 -1.571089 1.311740
1.032618 -1.603053 0.922544
1.087251 -1.546022 1.769987
1.079601 -1.514165 1.998592
1.072711 -1.577357 1.557823
1.068333 -1.569457 1.425261
1.010335 -1.592930 0.712767
1.044589 -1.589301 1.062584
1.038356 -1.619617 0.869918
1.059708 -1.543476 1.685357
1.006194 -1.585672 0.754825
1.090379 -1.514226 2.150476
1.076016 -1.573789 1.582571
1.018520 -1.595050 0.968255
1.075501 -1.507311 2.197228
1.074185 -1.506615 2.194268
1.094772 -1.514825 2.311784
1.064702 -1.583883 1.573802
1.021507 -1.574430 1.252984
1.036391 -1.606991 1.197541
1.046378 -1.604394 1.200792
1.071158 -1.543653 1.832199
1.016558 -1.621642 0.872477
1.069668 -1.518077 2.034655
1.095864 -1.523255 2.251997
1.035294 -1.554968 1.616362
1.034594 -1.574821 1.365602
1.062446 -1.527275 2.056695
1.048727 -1.529391 1.958350
1.014175 -1.621811 0.852626
1.003611 -1.595223 1.014491
1.054412 -1.499749 2.255494
1.060709 -1.524729 2.050705
1.016496 -1.603944 1.193733
1.024675 -1.602157 1.184096
1.046694 -1.582191 1.578991
0.993983 -1.624740 0.876174
1.005032 -1.574565 1.305333
1.036747 -1.546930 1.752401
1.040428 -1.529972 1.996113
1.018643 -1.568121 1.410508
1.028160 -1.586001 1.552300
0.981841 -1.609404 0.921336
0.995622 -1.589554 1.055899
0.961901 -1.594926 0.711164
0.986389 -1.620301 0.863461
1.011549 -1.549765 1.675946
1.047955 -1.524732 2.140905
0.956575 -1.586867 0.752259
1.030215 -1.542723 1.968382
1.031526 -1.585704 1.571202
1.033196 -1.516619 2.191603
1.042039 -1.511406 2.284088
0.967831 -1.596471 0.963769
1.037187 -1.525756 2.200866
1.018482 -1.589906 1.564241
1.027751 -1.549399 1.819422
1.046078 -1.520522 2.222129
0.985208 -1.606626 1.188975
0.992332 -1.600612 1.187214
1.024296 -1.525223 2.019084
0.968316 -1.625708 0.868972
0.975468 -1.585141 1.251707
0.981424 -1.569898 1.351910
1.005810 -1.535856 1.950610
1.017540 -1.535150 2.046155
0.983735 -1.558711 1.607057
0.961790 -1.620622 0.844101
1.015857 -1.513526 2.250874
0.954985 -1.597402 1.008913
1.011096 -1.527812 2.026175
0.965249 -1.603630 1.184182
1.002039 -1.592027 1.569543
0.972044 -1.601201 1.170587
0.943194 -1.625128 0.872654
0.991279 -1.551915 1.740743
0.971400 -1.568329 1.398708
0.955004 -1.575039 1.296753
0.991604 -1.529751 1.975370
0.983256 -1.592719 1.545716
0.950314 -1.593239 1.051184
0.927528 -1.606252 0.917872
0.913529 -1.596870 0.710584
1.002167 -1.528908 2.125216
0.916763 -1.598655 0.752638
0.936394 -1.620705 0.856881
0.964083 -1.553938 1.666399
0.986212 -1.518899 2.176904
0.979446 -1.545414 1.956974
1.001445 -1.524415 2.280579
0.977404 -1.584229 1.550752
0.980208 -1.549887 1.801645
0.984879 -1.521980 2.180178
0.921361 -1.604187 0.963381
0.999425 -1.522090 2.199334
0.971070 -1.595129 1.553739
0.937396 -1.607718 1.182293
0.978568 -1.530445 2.002453
0.945033 -1.605708 1.179710
0.918592 -1.626996 0.864439
0.927804 -1.592087 1.249358
0.958904 -1.538050 1.937915
0.935001 -1.573854 1.344292
0.971362 -1.541185 2.035628
0.914896 -1.627565 0.839687
0.934480 -1.563009 1.600665
0.973168 -1.522045 2.241252
0.907265 -1.598402 1.004237
0.962526 -1.530705 2.002594
0.915973 -1.603038 1.174508
0.954149 -1.595428 1.555973
0.928229 -1.573843 1.390958
0.897340 -1.630786 0.871118
0.945730 -1.555859 1.730062
0.927640 -1.611897 1.164206
0.946750 -1.532708 1.961579
0.935118 -1.593003 1.535011
0.909194 -1.581807 1.292271
0.903812 -1.596125 1.045528
0.879423 -1.610206 0.916407
0.959178 -1.536552 2.113563
0.890266 -1.625479 0.853313
0.922009 -1.564113 1.663860
0.941946 -1.523608 2.167194
0.939245 -1.557177 1.791841
0.957153 -1.530261 2.267919
0.957950 -1.528725 2.182505
0.932537 -1.593128 1.540299
0.922454 -1.593591 1.539963
0.932251 -1.550500 1.948490
0.943123 -1.533052 2.178676
0.875383 -1.608848 0.961813
0.896333 -1.617687 1.181679
0.934239 -1.537401 1.987852
0.895628 -1.605218 1.168056
0.875141 -1.635341 0.862898
0.916617 -1.542450 1.929060
0.892364 -1.581140 1.340635
0.877115 -1.593533 1.243933
0.926084 -1.546042 2.026001
0.929768 -1.526716 2.229481
0.884247 -1.562572 1.590093
0.863763 -1.605696 1.003656
0.887923 -1.582773 1.388238
0.876534 -1.616770 1.175003
0.901476 -1.589672 1.536236
0.901018 -1.558677 1.719283
0.918697 -1.540571 1.989132
0.901832 -1.535714 1.946815
0.889011 -1.592957 1.525175
0.877309 -1.611495 1.153636
0.860683 -1.600467 1.041750
0.865834 -1.590118 1.290740
0.913870 -1.537677 2.096716
0.896592 -1.560754 1.779963
0.914571 -1.530714 2.162561
0.898999 -1.529012 2.160465
0.875237 -1.566170 1.654198
0.914032 -1.535813 2.258195
0.876991 -1.597444 1.531310
0.894306 -1.530630 2.161889
0.881696 -1.592070 1.522713
0.884558 -1.552672 1.938903
0.848377 -1.617787 1.175002
0.820455 -1.596912 0.952958
0.888989 -1.539573 1.970063
0.854787 -1.617215 1.166556
0.874667 -1.547681 1.923261
0.849375 -1.586499 1.335915
0.878298 -1.544533 2.008194
0.828253 -1.593714 1.238340
0.885613 -1.528681 2.212618
0.842148 -1.579789 1.375227
0.822234 -1.612710 1.002944
0.833861 -1.624066 1.171374
0.857014 -1.594479 1.525569
0.839969 -1.570995 1.588657
0.862705 -1.545504 1.943086
0.859524 -1.566835 1.714621
0.847395 -1.600090 1.521468
0.872274 -1.543034 1.968440
0.821421 -1.609178 1.040975
0.833663 -1.620023 1.148136
0.819239 -1.591994 1.285090
0.872615 -1.543018 2.085864
0.851974 -1.559736 1.763976
0.872445 -1.533450 2.144601
0.855280 -1.530617 2.150593
0.830195 -1.594639 1.517387
0.826985 -1.565449 1.643510
0.805129 -1.621130 1.171210
0.851699 -1.536863 2.158220
0.833382 -1.593597 1.507128
0.846811 -1.546097 1.958346
0.839795 -1.558208 1.935347
0.807829 -1.618268 1.157879
0.834054 -1.554697 1.918492
0.804552 -1.587159 1.329081
0.835112 -1.549009 2.000457
0.844932 -1.535779 2.205855
0.802681 -1.587590 1.372428
0.784026 -1.602060 1.238923
0.789355 -1.626662 1.165631
0.816905 -1.569271 1.705729
0.818542 -1.546343 1.929199
0.800229 -1.594268 1.508425
0.809170 -1.591863 1.510740
0.832286 -1.556181 1.959955
0.792250 -1.572047 1.582063
0.786781 -1.622117 1.138519
0.828351 -1.543951 2.069983
0.811557 -1.563921 1.754025
0.776993 -1.600060 1.285523
0.836947 -1.546713 2.141832
0.815826 -1.537374 2.147752
0.786970 -1.599099 1.510666
0.785254 -1.571581 1.639792
0.761737 -1.623483 1.167397
0.811749 -1.545576 2.158538
0.790668 -1.602062 1.499587
0.763948 -1.594112 1.326334
0.806696 -1.544423 2.202037
0.793810 -1.557038 1.997826
0.759563 -1.587085 1.363427
0.760854 -1.602008 1.506645
0.772677 -1.569034 1.693814
0.767168 -1.532701 1.899991
0.733044 -1.595560 1.231161
0.765607 -1.595489 1.500997
0.749717 -1.578164 1.581429
0.770994 -1.567117 1.744051
0.790088 -1.552604 2.066172
0.795653 -1.548323 2.123790
0.735877 -1.608975 1.285945
0.775809 -1.541270 2.142806
0.747322 -1.605953 1.506856
0.741769 -1.574053 1.633008
0.766555 -1.544401 2.147663
0.742097 -1.540966 1.885161
0.745781 -1.604994 1.486900
0.720173 -1.594578 1.320465
0.725716 -1.602915 1.366735
0.721190 -1.607769 1.504796
0.729923 -1.541173 1.897124
0.731877 -1.575075 1.689052
0.725616 -1.606381 1.498451
0.731203 -1.569239 1.732977
0.754696 -1.550764 2.108804
0.750007 -1.557648 2.058295
0.707395 -1.585214 1.581861
0.734250 -1.542440 2.135834
0.706482 -1.612007 1.502103
0.700234 -1.580025 1.632325
0.704834 -1.548346 1.884254
0.715694 -1.547708 1.909613
0.704385 -1.614152 1.482361
0.697115 -1.544916 1.895671
0.709952 -1.562606 1.982100
0.681174 -1.611604 1.501882
0.695126 -1.556059 1.901481
0.689807 -1.574405 1.680016
0.719466 -1.560041 2.103841
0.691750 -1.572192 1.724958
0.686464 -1.616146 1.495802
0.697431 -1.557734 1.901477
0.708316 -1.560020 2.047396
0.661423 -1.583956 1.576097
0.666898 -1.618807 1.499331
0.670293 -1.558155 1.888321
0.660809 -1.586709 1.631550
0.673768 -1.549153 1.897689
0.662217 -1.619512 1.474679
0.656963 -1.551558 1.897970
0.663534 -1.555772 1.966034
0.646423 -1.626416 1.508248
0.655629 -1.557958 1.894434
0.650684 -1.578192 1.675051
0.677378 -1.556761 2.084643
0.655451 -1.580539 1.722048
0.644850 -1.618403 1.487917
0.662499 -1.548489 2.020988
0.656145 -1.563079 1.890736
0.622326 -1.596344 1.582661
0.627170 -1.624618 1.496534
0.630571 -1.558025 1.882195
0.619697 -1.589681 1.628707
0.636460 -1.557673 1.893873
0.618573 -1.561871 1.903363
0.623141 -1.557759 1.960067
0.619922 -1.568068 1.895603
0.615769 -1.592062 1.680383
0.639913 -1.560568 2.073540
0.617261 -1.584246 1.716012
0.624857 -1.553991 2.018033
0.616059 -1.569227 1.880968
0.594294 -1.564173 1.883204
0.594756 -1.555182 1.878740
0.583662 -1.575288 1.894687
0.590864 -1.576795 1.976583
0.584663 -1.582014 1.923074
0.603007 -1.566113 2.066551
0.582090 -1.592333 1.715060
0.593456 -1.574083 2.030527
0.575833 -1.574363 1.871198
0.564108 -1.583930 1.899612
0.566001 -1.583727 1.897539
0.565681 -1.569786 2.057500
0.547469 -1.582456 1.894785
0.534085 -1.568168 1.684175
0.550762 -1.579632 1.972717
0.547680 -1.592934 1.932478
0.526241 -1.567883 1.646564
0.553440 -1.573090 2.021422
0.528484 -1.573354 2.050460
0.501400 -1.562922 1.867053
0.516252 -1.593187 1.983102
0.516854 -1.578375 2.019457
0.479436 -1.558041 1.865408
0.489124 -1.564058 1.833983
0.476404 -1.558077 1.850667
0.495137 -1.585072 2.052636
0.464080 -1.564368 1.862944
0.477884 -1.577192 2.011308
0.455161 -1.562166 1.896616
0.443362 -1.559140 1.865212
0.428603 -1.562875 1.943925
