# .PCD v0.7 - Point Cloud Data file format
VERSION 0.7
FIELDS x y z
SIZE 4 4 4
TYPE F F F
COUNT 1 1 1
WIDTH 3359
HEIGHT 1
VIEWPOINT 0 0 0 1
POINTS 3359
DATA ascii
-8.854509 31.502420 -2.302009
-8.919992 31.531130 -2.220720
-8.791994 31.510124 -2.510972
-8.767078 31.499571 -2.598477
-9.004524 31.502522 -2.231344
-8.755753 31.533142 -2.553653
-8.738189 31.532961 -2.597758
-8.960996 31.506250 -2.336827
-8.720966 31.534163 -2.657557
-9.025563 31.536341 -2.250702
-8.918043 31.492426 -2.552917
-8.594377 31.533913 -2.986559
-8.816154 31.503716 -2.714840
-8.756080 31.512730 -2.795679
-8.871832 31.502512 -2.639781
-9.180243 31.459665 -2.269181
-8.868802 31.532539 -2.590519
-8.614870 31.504074 -3.073503
-8.919579 31.522842 -2.550229
-8.843311 31.538994 -2.636360
-8.598722 31.536371 -3.033985
-8.676513 31.507545 -3.005326
-8.843860 31.527126 -2.704623
-9.139505 31.466660 -2.381724
-8.624388 31.532166 -3.090654
-8.551960 31.517466 -3.243714
-9.087517 31.448311 -2.603989
-8.639568 31.508209 -3.185475
-8.708864 31.530521 -3.036656
-8.989335 31.461487 -2.777803
-9.034655 31.466742 -2.694713
-8.655925 31.524937 -3.169420
-9.064715 31.476809 -2.646573
-8.735364 31.495970 -3.135633
-9.104702 31.474649 -2.599060
-9.047240 31.476271 -2.699892
-8.727201 31.525723 -3.093891
-9.035130 31.476049 -2.770561
-9.302253 31.443579 -2.424547
-8.805651 31.482327 -3.178119
-9.220911 31.437208 -2.648487
-8.826715 31.453735 -3.283563
-8.905189 31.470627 -3.120876
-9.199411 31.436676 -2.750484
-9.145308 31.440214 -2.836928
-9.223791 31.454264 -2.695409
-9.089027 31.452173 -2.928288
-8.907340 31.455229 -3.220800
-9.264249 31.453213 -2.642939
-9.202460 31.458488 -2.751446
-8.915875 31.474501 -3.178509
-8.973647 31.452909 -3.145499
-9.201652 31.452614 -2.830811
-9.501128 31.405842 -2.474187
-8.944678 31.473337 -3.246444
-9.391259 31.407103 -2.702343
-9.060028 31.451405 -3.186596
-8.950240 31.459206 -3.348997
-9.359119 31.417849 -2.805847
-9.331647 31.407433 -2.904235
-9.395709 31.433128 -2.746781
-9.077462 31.424107 -3.304490
-9.444170 31.426497 -2.691200
-9.141697 31.421379 -3.223644
-9.282375 31.417675 -3.004160
-9.088056 31.445192 -3.257150
-9.384527 31.429916 -2.810802
-9.405089 31.413216 -2.901292
-9.570928 31.379129 -2.758357
-9.242073 31.421167 -3.264341
-9.133102 31.428164 -3.444410
-9.552197 31.386814 -2.871945
-9.525488 31.378134 -2.974631
-9.646193 31.392099 -2.744272
-9.277791 31.381271 -3.402758
-9.592415 31.402708 -2.804074
-9.328665 31.385698 -3.311330
-9.180994 31.435163 -3.437261
-9.274496 31.415894 -3.340971
-9.495777 31.378902 -3.086620
-9.595300 31.393299 -2.876530
-9.606641 31.386471 -2.971170
-9.765837 31.348928 -2.819345
-9.437624 31.391113 -3.346625
-9.760271 31.353706 -2.940198
-9.332395 31.395552 -3.548284
-9.755574 31.336010 -3.056898
-9.853313 31.364817 -2.797988
-9.516869 31.359993 -3.398721
-9.803255 31.372372 -2.865134
-9.529570 31.315973 -3.525315
-9.476063 31.386354 -3.432012
-9.388469 31.402897 -3.542593
-9.802172 31.369703 -2.942553
-9.702995 31.356716 -3.168338
-9.984198 31.313808 -2.885890
-9.822994 31.358578 -3.046820
-9.733197 31.253307 -3.617172
-9.644946 31.363649 -3.433011
-9.989551 31.318110 -3.015748
-9.744507 31.316521 -3.503842
-10.085186 31.331287 -2.858498
-9.987839 31.304663 -3.139537
-9.659261 31.341658 -3.590536
-10.034080 31.341925 -2.930878
-9.691533 31.358957 -3.527660
-10.037110 31.338163 -3.015708
-9.632394 31.360693 -3.663486
-9.975191 31.305397 -3.270704
-10.219025 31.279303 -2.956745
-10.094821 31.310797 -3.138024
-9.749260 31.359991 -3.628085
-9.889699 31.324013 -3.534753
-10.248164 31.276274 -3.100546
-10.012229 31.262314 -3.626307
-10.332932 31.300655 -2.919932
-9.893527 31.308777 -3.704891
-10.308481 31.296209 -3.007025
-10.240753 31.271982 -3.228863
-10.323730 31.290640 -3.102099
-10.480933 31.239082 -3.034932
-10.256630 31.262285 -3.376964
-10.375973 31.272276 -3.231748
-8.889653 31.533064 -2.417972
-8.951015 31.489277 -2.556111
-9.090082 31.488081 -2.487108
-9.021235 31.502403 -2.585436
-8.603885 31.518394 -3.188481
-8.906232 31.524797 -2.511816
-9.192102 31.469742 -2.523606
-8.897032 31.483265 -2.902950
-8.888658 31.516699 -2.571305
-8.707399 31.488680 -3.142368
-9.129757 31.484102 -2.622244
-8.687674 31.533384 -2.886131
-8.778110 31.414400 -3.293376
-9.297211 31.452976 -2.560007
-9.014355 31.497267 -2.551559
-8.994128 31.468946 -2.952109
-8.990205 31.499397 -2.608620
-8.833588 31.447655 -3.210599
-9.240411 31.470528 -2.659240
-8.820505 31.533466 -2.559784
-8.624832 31.502953 -3.123778
-9.400556 31.443510 -2.597017
-8.794846 31.484755 -3.310823
-9.112883 31.483374 -2.589997
-8.833442 31.553108 -2.588097
-9.098981 31.452288 -3.004163
-8.939107 31.432581 -3.268414
-9.089988 31.489399 -2.646545
-9.353731 31.459457 -2.698363
-8.753595 31.452093 -3.197552
-8.982945 31.544155 -2.252969
-8.894238 31.486156 -2.993759
-9.524715 31.421505 -2.639660
-9.223660 31.463427 -2.631502
-9.210339 31.434473 -3.059273
-8.966097 31.503304 -2.634699
-8.693404 31.515224 -2.969965
-9.206361 31.468647 -2.687647
-9.491671 31.433372 -2.741287
-9.029537 31.490297 -2.644087
-9.108127 31.499489 -2.266278
-8.849313 31.444685 -3.252960
-9.648862 31.404577 -2.681936
-9.005058 31.463207 -3.051395
-8.650884 31.492393 -3.166398
-9.111049 31.503864 -2.287014
-9.337756 31.445932 -2.674381
-9.335668 31.411192 -3.120224
-8.814647 31.548517 -2.624644
-9.065915 31.492113 -2.675371
-8.830692 31.530167 -2.654340
-9.316979 31.457870 -2.728370
-9.627990 31.415573 -2.784877
-9.136760 31.473705 -2.688888
-9.192881 31.498194 -2.297204
-9.785699 31.384552 -2.727456
-9.118101 31.444887 -3.110626
-9.224643 31.481865 -2.321804
-9.453926 31.432077 -2.718794
-9.465802 31.390064 -3.183854
-8.945580 31.499743 -2.674965
-9.184408 31.468731 -2.721122
-8.898969 31.476765 -3.085351
-9.447312 31.436728 -2.774945
-8.952883 31.494783 -2.705432
-9.767776 31.401211 -2.829897
-8.679354 31.522123 -3.056087
-9.257626 31.450857 -2.736652
-9.303278 31.479801 -2.330302
-9.937215 31.360094 -2.776709
-9.229882 31.432831 -3.169649
-9.590156 31.380096 -3.244349
-9.584037 31.413940 -2.766289
-9.330578 31.471081 -2.357131
-9.049423 31.484684 -2.719370
-9.293220 31.459085 -2.764160
-9.452907 31.353798 -3.545830
-9.010571 31.457554 -3.146029
-9.582865 31.416798 -2.821974
-8.663842 31.495375 -3.217892
-9.941272 31.368208 -2.882863
-9.063037 31.476500 -2.754191
-10.090203 31.340410 -2.826899
-9.379463 31.433823 -2.786169
-9.192875 31.399982 -3.450972
-8.800571 31.485813 -3.124931
-9.361552 31.410210 -3.237337
-9.751256 31.348518 -3.320919
-9.724782 31.392956 -2.817880
-8.977426 31.434063 -3.363846
-9.448375 31.457445 -2.393639
-9.422247 31.438034 -2.812231
-9.157182 31.470942 -2.765743
-9.133736 31.435150 -3.214275
-9.731404 31.395741 -2.872362
-10.105980 31.349773 -2.933825
-8.776991 31.466143 -3.289858
-9.182845 31.454634 -2.804925
-10.261257 31.314754 -2.881212
-9.511103 31.414192 -2.837720
-9.331654 31.376705 -3.528821
-8.911213 31.467487 -3.189994
-9.507487 31.384092 -3.310980
-9.918050 31.319931 -3.400876
-9.876130 31.370310 -2.870809
-9.558970 31.418633 -2.864186
-9.276087 31.453316 -2.815398
-9.883409 31.378124 -2.924179
-10.296573 31.324110 -2.990463
-9.254450 31.421282 -3.281126
-8.889921 31.445002 -3.362391
-9.298540 31.443428 -2.856649
-10.464261 31.277760 -2.944084
-9.659505 31.388687 -2.894903
-10.100646 31.288631 -3.486743
-9.653496 31.362953 -3.385660
-9.033178 31.445080 -3.261155
-10.047866 31.341139 -2.931227
-9.703205 31.401079 -2.917207
-9.414107 31.426455 -2.870304
-10.508851 31.291821 -3.053075
-10.067069 31.347191 -2.984436
-9.403554 31.389277 -3.360548
-10.667188 31.249834 -3.007575
-9.437186 31.419329 -2.914548
-9.805040 31.372656 -2.952911
-10.293367 31.260605 -3.577159
-9.830775 31.328257 -3.473759
-10.226663 31.315939 -2.992174
-9.161702 31.422598 -3.334016
-9.856079 31.382015 -2.973827
-9.540845 31.416542 -2.923534
-10.250504 31.324343 -3.045253
-9.554729 31.365992 -3.441145
-9.585163 31.397562 -2.977694
-9.981339 31.342474 -3.018645
-10.011310 31.300007 -3.564218
-10.417278 31.290699 -3.058042
-9.294326 31.406317 -3.411304
-10.035526 31.354485 -3.038121
-10.455182 31.296989 -3.111508
-9.689280 31.394920 -2.983096
-9.716419 31.342772 -3.528175
-9.733122 31.380871 -3.040468
-10.168118 31.313538 -3.088051
-10.191176 31.281963 -3.654701
-9.455632 31.373867 -3.501275
-10.223221 31.328650 -3.104129
-9.856019 31.368206 -3.048244
-9.908568 31.305056 -3.629312
-9.908100 31.353588 -3.111446
-10.421687 31.240835 -3.768081
-10.379468 31.277470 -3.164633
-9.635448 31.334946 -3.602401
-10.434387 31.297857 -3.177531
-10.035384 31.342386 -3.117615
-10.111584 31.270458 -3.735646
-10.595114 31.249668 -3.244342
-10.104260 31.320713 -3.189209
-10.238517 31.308498 -3.194857
-10.384712 31.203146 -3.875758
-10.312386 31.288780 -3.271946
-10.435293 31.290791 -3.270776
-10.537691 31.258989 -3.360134
-8.819511 31.520866 -2.383560
-8.800253 31.519840 -2.442361
-8.904658 31.498680 -2.342566
-8.883175 31.504797 -2.410483
-8.792065 31.508972 -2.510463
-8.834605 31.539675 -2.440042
-8.685371 31.529995 -2.663678
-8.880654 31.533054 -2.407496
-8.859581 31.538761 -2.419189
-8.660137 31.533342 -2.719550
-8.908017 31.532143 -2.397877
-8.860605 31.511446 -2.472124
-8.638496 31.526962 -2.771742
-8.688887 31.538317 -2.730128
-8.609932 31.530855 -2.829993
-8.751142 31.508114 -2.695763
-8.901225 31.522881 -2.469580
-8.938842 31.530460 -2.432094
-8.920136 31.532507 -2.446243
-8.682065 31.535160 -2.760251
-9.023417 31.479677 -2.392848
-8.731276 31.504045 -2.755789
-8.967695 31.530346 -2.421012
-8.560593 31.525787 -2.967887
-8.946087 31.472395 -2.503287
-8.712831 31.493732 -2.812497
-8.545605 31.518400 -3.033777
-9.010768 31.480680 -2.466271
-8.752934 31.525974 -2.762231
-8.762569 31.526466 -2.754538
-8.690779 31.491987 -2.875654
-8.928685 31.478401 -2.577331
-9.180526 31.469032 -2.261332
-9.035851 31.482189 -2.458381
-8.750549 31.526886 -2.774555
-9.089378 31.465298 -2.417619
-8.746534 31.519432 -2.797085
-8.550390 31.532019 -3.049301
-8.629832 31.495510 -3.010568
-9.069107 31.479208 -2.446126
-8.587746 31.510582 -3.062573
-9.000930 31.476322 -2.533499
-8.590775 31.522770 -3.051791
-8.564341 31.519417 -3.082434
-8.556696 31.503962 -3.116047
-8.517243 31.507978 -3.174279
-8.599715 31.520069 -3.070242
-9.081817 31.465124 -2.494198
-8.816581 31.518803 -2.794700
-8.882294 31.472467 -2.762631
-8.824190 31.520819 -2.785103
-9.002337 31.461943 -2.612848
-9.044213 31.487305 -2.529348
-9.089277 31.491737 -2.484082
-8.808059 31.524996 -2.807758
-9.151587 31.460825 -2.443279
-9.068529 31.492990 -2.501864
-8.802068 31.522003 -2.830701
-8.614544 31.516012 -3.092518
-8.865526 31.470524 -2.828993
-9.119724 31.493490 -2.470184
-9.075571 31.458792 -2.566048
-8.659231 31.503984 -3.092424
-8.626915 31.509830 -3.126167
-8.679612 31.392414 -3.199813
-8.846724 31.467159 -2.891146
-8.663725 31.508341 -3.110194
-9.149245 31.456356 -2.523513
-8.583438 31.492228 -3.224484
-8.946999 31.462982 -2.796315
-8.907151 31.476164 -2.835964
-8.921880 31.470667 -2.825428
-9.219806 31.450006 -2.469572
-9.108484 31.484251 -2.559236
-8.831016 31.461735 -2.961476
-9.163795 31.479647 -2.510605
-8.900450 31.479855 -2.850878
-9.072129 31.455481 -2.647845
-9.135078 31.487522 -2.530031
-8.930611 31.461838 -2.865546
-8.895186 31.475523 -2.877242
-8.756053 31.469215 -3.093253
-8.670312 31.518301 -3.130349
-9.199831 31.477282 -2.495378
-8.728004 31.466591 -3.156720
-9.148323 31.446796 -2.597661
-8.687910 31.476038 -3.211092
-8.913480 31.459089 -2.929054
-9.218244 31.448296 -2.552782
-9.016080 31.449472 -2.831599
-8.965192 31.481403 -2.867476
-8.650611 31.481377 -3.274950
-8.981955 31.475542 -2.856078
-9.298535 31.429884 -2.496735
-9.181433 31.473236 -2.590908
-9.235877 31.473091 -2.538361
-9.209023 31.475433 -2.558729
-8.962440 31.482140 -2.884792
-9.152967 31.438553 -2.684314
-8.900777 31.455879 -3.004312
-8.823738 31.456589 -3.136481
-8.998207 31.454659 -2.902755
-8.962543 31.470394 -2.915311
-8.782355 31.441275 -3.200702
-9.275035 31.469202 -2.520708
-8.795328 31.454945 -3.202163
-9.225612 31.434788 -2.631839
-8.760253 31.489742 -3.219471
-9.298695 31.431732 -2.583625
-8.750110 31.475719 -3.254748
-9.084654 31.440065 -2.868610
-8.987873 31.447163 -2.972633
-9.045881 31.463396 -2.905292
-9.056087 31.466202 -2.889898
-8.719885 31.470072 -3.325970
-9.372768 31.419851 -2.524136
-9.308989 31.468407 -2.565471
-9.258281 31.463457 -2.623133
-9.288151 31.463243 -2.589234
-9.038920 31.467979 -2.923837
-8.895350 31.441010 -3.182117
-9.220807 31.440657 -2.719297
-9.079306 31.433266 -2.945302
-8.976191 31.444660 -3.050003
-8.853671 31.430771 -3.248103
-9.035213 31.462040 -2.955684
-9.355569 31.459055 -2.545575
-9.306190 31.421076 -2.666415
-9.380469 31.417931 -2.615282
-9.156183 31.431097 -2.905469
-8.820557 31.463169 -3.305625
-8.834561 31.474329 -3.271343
-9.069548 31.427549 -3.018102
-9.447480 31.411692 -2.553058
-9.122311 31.453426 -2.942486
-9.136723 31.452387 -2.925866
-9.398834 31.449051 -2.594130
-9.346913 31.443037 -2.657482
-9.372160 31.450056 -2.620085
-9.120713 31.450596 -2.965186
-8.967742 31.429350 -3.227965
-9.148159 31.431879 -2.984246
-9.060566 31.426373 -3.098940
-9.315989 31.417538 -2.760872
-9.439896 31.449078 -2.572356
-8.893938 31.468313 -3.276432
-9.115664 31.447868 -2.999460
-8.956403 31.409197 -3.309126
-9.387849 31.412176 -2.702669
-9.237327 31.414967 -2.944815
-9.463663 31.406801 -2.649166
-8.895094 31.452833 -3.357105
-9.151459 31.413015 -3.063182
-8.947311 31.466244 -3.287826
-8.906097 31.467747 -3.321127
-9.535028 31.394754 -2.583449
-9.189750 31.457659 -2.976917
-9.219219 31.440170 -2.963250
-9.489759 31.434509 -2.624467
-9.044598 31.413578 -3.276823
-9.434358 31.431000 -2.692463
-9.458879 31.439360 -2.651648
-9.193915 31.449373 -3.003875
-9.238259 31.407518 -3.029597
-9.533942 31.433012 -2.600268
-9.147536 31.409502 -3.149946
-9.411945 31.398340 -2.802662
-8.965876 31.464849 -3.323557
-9.201625 31.431454 -3.045593
-9.684558 31.392666 -2.435313
-9.003293 31.437986 -3.342874
-9.018701 31.450035 -3.305721
-9.479224 31.397186 -2.740053
-9.315397 31.405622 -2.983383
-9.553460 31.392263 -2.683841
-9.620043 31.383442 -2.613671
-9.027081 31.453930 -3.337445
-8.976311 31.437838 -3.413559
-9.234441 31.403290 -3.109945
-8.988167 31.453642 -3.376878
-9.302291 31.430891 -3.000804
-9.293092 31.426477 -3.023847
-9.128641 31.396173 -3.329396
-9.589410 31.416101 -2.656146
-9.524099 31.419485 -2.728055
-9.550161 31.425613 -2.684867
-9.326621 31.392694 -3.074981
-9.290778 31.425608 -3.050985
-9.627376 31.421129 -2.628501
-9.053955 31.444395 -3.379938
-9.288016 31.421089 -3.091391
-9.504370 31.386990 -2.844485
-9.233950 31.400915 -3.200826
-9.087173 31.422537 -3.397713
-9.092314 31.449501 -3.348678
-9.402517 31.389109 -3.026605
-9.574278 31.382441 -2.777937
-9.645658 31.379313 -2.717761
-9.707115 31.374702 -2.645343
-9.115021 31.437754 -3.390553
-9.326377 31.386490 -3.159938
-9.393444 31.417839 -3.040438
-9.384969 31.412086 -3.066900
-9.074553 31.438540 -3.435127
-9.683411 31.405998 -2.687296
-9.417378 31.378309 -3.122369
-9.642424 31.416763 -2.718340
-9.624387 31.401608 -2.766826
-9.386149 31.409334 -3.097250
-9.732112 31.403862 -2.657801
-9.141622 31.429111 -3.436678
-9.166249 31.416285 -3.451319
-9.183553 31.431622 -3.402184
-9.380654 31.408298 -3.140188
-9.332524 31.382486 -3.256690
-9.492345 31.375086 -3.070528
-9.605720 31.372757 -2.887687
-9.678894 31.363567 -2.819214
-9.809386 31.354683 -2.678170
-9.747961 31.361073 -2.755675
-9.207574 31.421474 -3.447635
-9.488582 31.405935 -3.082036
-9.417764 31.377981 -3.209804
-9.476544 31.403936 -3.108967
-9.293277 31.377413 -3.433669
-9.783231 31.395700 -2.719498
-9.510636 31.365429 -3.170415
-9.744695 31.402714 -2.754405
-9.723725 31.390060 -2.805369
-9.474052 31.403870 -3.141146
-9.834071 31.394272 -2.687788
-9.281681 31.411226 -3.457940
-9.263991 31.394552 -3.514827
-9.232388 31.418274 -3.494231
-9.593657 31.355499 -3.118346
-9.474607 31.398268 -3.189802
-9.720722 31.349482 -2.934422
-9.912977 31.337425 -2.711813
-9.439758 31.362070 -3.317574
-9.852875 31.345411 -2.792890
-9.787936 31.344770 -2.861648
-9.300806 31.409204 -3.503521
-9.592538 31.390081 -3.126384
-9.583687 31.384151 -3.157830
-9.522789 31.359268 -3.265970
-9.372254 31.379541 -3.483579
-9.898740 31.375998 -2.754371
-9.613946 31.350292 -3.223376
-9.854611 31.387127 -2.790610
-9.825229 31.382164 -2.844024
-9.579850 31.387297 -3.192439
-9.947775 31.378229 -2.718044
-9.377132 31.399574 -3.513022
-9.695839 31.339745 -3.167790
-9.363441 31.377539 -3.579253
-9.336235 31.397236 -3.560251
-10.008757 31.331959 -2.745308
-9.588573 31.376677 -3.247360
-9.956935 31.335995 -2.831290
-9.828303 31.339958 -2.981113
-9.895490 31.333467 -2.903254
-9.548499 31.345392 -3.379325
-9.404316 31.391466 -3.566228
-9.702845 31.372873 -3.172383
-9.691464 31.371407 -3.206413
-9.640660 31.333565 -3.328697
-9.470325 31.363962 -3.545352
-10.010191 31.365311 -2.788680
-9.725866 31.330225 -3.279034
-9.969049 31.371527 -2.829381
-9.937876 31.370848 -2.886032
-9.693473 31.369007 -3.246689
-10.064277 31.364586 -2.750425
-9.797517 31.329252 -3.216195
-9.487356 31.379498 -3.575160
-10.127924 31.311357 -2.783458
-10.076773 31.317081 -2.873770
-9.701182 31.359459 -3.304586
-10.017926 31.314812 -2.950561
-9.953244 31.321646 -3.031835
-9.665800 31.326817 -3.444688
-9.814865 31.360384 -3.219305
-9.515740 31.371920 -3.633302
-9.584351 31.338707 -3.614022
-9.806129 31.356144 -3.257249
-9.753293 31.319286 -3.388245
-10.126808 31.354521 -2.824800
-9.834123 31.321133 -3.334229
-10.093548 31.354828 -2.870305
-9.914415 31.309263 -3.270849
-10.069405 31.347351 -2.932460
-9.814919 31.349001 -3.303898
-9.602632 31.358248 -3.640464
-10.202821 31.299934 -2.917409
-9.822213 31.343462 -3.364927
-10.150219 31.294075 -2.999966
-10.088871 31.300983 -3.086719
-9.795800 31.304369 -3.516116
-9.936975 31.342607 -3.270229
-9.690766 31.327381 -3.679826
-9.932020 31.337374 -3.312846
-9.874485 31.303108 -3.451405
-9.962429 31.297451 -3.396455
-10.226626 31.337393 -2.912074
-10.045203 31.284153 -3.331410
-9.942568 31.330757 -3.362264
-10.200920 31.330986 -2.979370
-9.719275 31.343855 -3.706141
-9.953818 31.324047 -3.430787
-10.237010 31.276630 -3.144851
-10.080980 31.316027 -3.327743
-9.926961 31.287800 -3.587866
-9.816520 31.303427 -3.757099
-10.063468 31.320457 -3.370359
-10.013502 31.278856 -3.522876
-10.105019 31.270607 -3.464694
-10.070829 31.318396 -3.423121
-10.088407 31.254202 -3.674378
-8.987239 31.536556 -2.167591
-8.899968 31.540218 -2.420556
-8.869292 31.541090 -2.477497
-8.984421 31.533476 -2.208345
-9.088662 31.509615 -2.230960
-8.936832 31.534889 -2.443990
-8.746862 31.547031 -2.685452
-9.120963 31.509510 -2.254946
-8.743013 31.537512 -2.733629
-8.831856 31.543793 -2.493968
-8.909888 31.536310 -2.409201
-8.784097 31.539482 -2.710892
-9.050814 31.519447 -2.256296
-9.154714 31.503950 -2.277166
-8.979241 31.541157 -2.251853
-8.778469 31.531395 -2.759968
-8.865281 31.541267 -2.520612
-8.889562 31.540171 -2.376874
-8.945485 31.531252 -2.434157
-8.975320 31.506636 -2.547302
-8.821806 31.533876 -2.736382
-8.760207 31.539177 -2.673682
-9.084047 31.513956 -2.280689
-9.187138 31.504877 -2.299766
-8.665845 31.519831 -2.952946
-9.011295 31.538980 -2.278611
-8.816114 31.507250 -2.786061
-8.900693 31.529011 -2.546684
-8.665851 31.531555 -2.978335
-8.923938 31.533365 -2.401130
-8.984223 31.516254 -2.455606
-9.058585 31.493641 -2.510946
-9.011210 31.497419 -2.570626
-9.118897 31.509109 -2.304994
-8.796116 31.538118 -2.699502
-8.829695 31.540443 -2.535358
-8.738153 31.533689 -2.778049
-9.225332 31.494175 -2.320018
-8.702514 31.527826 -2.979109
-8.892436 31.544989 -2.371351
-8.852965 31.497696 -2.812853
-9.052223 31.509077 -2.299247
-8.937677 31.512331 -2.569602
-8.700715 31.531715 -3.005701
-8.956857 31.532019 -2.427150
-9.022489 31.507490 -2.479493
-9.046787 31.492359 -2.595575
-9.096475 31.495253 -2.535315
-9.155829 31.498674 -2.326769
-8.777256 31.536507 -2.665411
-8.594283 31.530777 -3.165309
-8.862484 31.538052 -2.562762
-9.259946 31.489454 -2.341498
-8.834517 31.526161 -2.725370
-8.598283 31.532957 -3.162989
-8.773056 31.530754 -2.805988
-8.740531 31.526224 -3.005461
-8.925703 31.536377 -2.396316
-8.683005 31.526390 -2.944382
-8.888223 31.496769 -2.839429
-9.083928 31.514168 -2.327057
-8.974696 31.500717 -2.595581
-8.743979 31.473003 -3.041219
-8.993003 31.523781 -2.450502
-9.081193 31.491709 -2.620092
-9.064481 31.490669 -2.501333
-9.139651 31.483290 -2.557282
-9.189616 31.498178 -2.352050
-9.296922 31.485182 -2.363539
-8.632725 31.504154 -3.199043
-8.812560 31.532475 -2.692562
-8.874148 31.504667 -2.750014
-8.894931 31.542923 -2.591223
-8.943273 31.494471 -2.811951
-8.636242 31.520977 -3.192435
-8.809967 31.514977 -2.833922
-8.660289 31.528738 -3.028533
-8.823549 31.536854 -2.582694
-8.783045 31.496674 -3.035220
-8.959682 31.530680 -2.421357
-8.925277 31.491297 -2.865673
-8.733208 31.529856 -2.822457
-8.583339 31.540447 -3.138284
-8.721429 31.507099 -2.974182
-9.121989 31.501335 -2.351487
-8.665337 31.540901 -2.912346
-9.010118 31.497730 -2.621344
-8.778150 31.491899 -3.067330
-9.035767 31.495481 -2.471068
-8.784546 31.538164 -2.660146
-9.118774 31.486187 -2.644164
-9.099611 31.492943 -2.525928
-9.228425 31.486246 -2.374331
-9.338913 31.469475 -2.382578
-9.182006 31.476650 -2.580253
-9.048273 31.514048 -2.356035
-8.848171 31.524288 -2.718084
-8.984883 31.483799 -2.837637
-8.938128 31.506191 -2.614937
-8.913605 31.496536 -2.777391
-8.850612 31.486937 -2.863171
-8.697890 31.514763 -3.059337
-8.822325 31.490601 -3.063408
-8.992756 31.527256 -2.446562
-8.859663 31.526413 -2.611634
-8.963995 31.480247 -2.892969
-8.768037 31.532043 -2.852048
-8.620276 31.529707 -3.169280
-8.759820 31.503298 -3.002538
-9.158324 31.496098 -2.377085
-9.046678 31.493444 -2.646966
-8.703080 31.527966 -2.941768
-8.618896 31.529123 -3.048725
-8.816527 31.488096 -3.095683
-8.591063 31.527271 -3.218862
-9.071589 31.491400 -2.496043
-9.158895 31.475924 -2.668551
-8.819372 31.532190 -2.687244
-9.143082 31.475733 -2.549060
-9.375612 31.467342 -2.404019
-9.266412 31.479639 -2.397615
-9.226153 31.465466 -2.602889
-8.882117 31.529858 -2.745045
-8.706093 31.509693 -3.255869
-9.083854 31.507908 -2.383781
-8.952463 31.486525 -2.803304
-9.025143 31.482727 -2.863135
-8.730559 31.371258 -3.283465
-8.974439 31.499836 -2.643329
-8.884363 31.497684 -2.890373
-8.733603 31.514664 -3.088759
-9.033115 31.500526 -2.468789
-8.864142 31.479784 -3.091912
-9.001782 31.474583 -2.919858
-8.896489 31.518885 -2.640651
-8.679528 31.535574 -2.912676
-8.658054 31.522915 -3.198968
-8.796029 31.506245 -3.029218
-8.804187 31.527742 -2.881255
-9.194022 31.490993 -2.403444
-9.084245 31.486824 -2.673832
-8.745455 31.475737 -2.974079
-8.854051 31.480349 -3.125340
-8.654643 31.525911 -3.078719
-9.106747 31.490562 -2.521208
-9.196970 31.469234 -2.693242
-8.723221 31.530128 -2.873789
-8.854435 31.527187 -2.714367
-8.606531 31.532728 -3.146405
-9.416142 31.457092 -2.424822
-9.181623 31.474104 -2.573234
-9.301540 31.481926 -2.422209
-9.266784 31.466423 -2.627028
-8.926655 31.491692 -2.771432
-8.745583 31.503481 -3.286876
-8.991854 31.484615 -2.829538
-8.758498 31.471476 -3.288785
-9.066826 31.475105 -2.889657
-9.012433 31.488997 -2.669978
-9.124543 31.493382 -2.409366
-8.924603 31.483130 -2.919534
-8.773658 31.488695 -3.122399
-9.069363 31.492231 -2.493545
-8.904129 31.476627 -3.120175
-9.040549 31.469694 -2.947420
-8.937366 31.494944 -2.669355
-8.715199 31.529325 -2.941831
-8.835843 31.495893 -3.058597
-8.845364 31.495422 -2.911692
-9.120879 31.485588 -2.700292
-9.233418 31.480944 -2.427184
-8.892921 31.475380 -3.154312
-8.778063 31.500154 -3.000551
-9.236658 31.463188 -2.717844
-8.691213 31.513174 -3.111069
-9.144422 31.488096 -2.546120
-8.664765 31.520239 -3.280791
-9.454452 31.455605 -2.446173
-8.891295 31.517641 -2.741158
-8.760145 31.522518 -2.904214
-8.644185 31.524902 -3.177477
-9.222199 31.468903 -2.597103
-9.340152 31.475185 -2.444728
-8.604987 31.530222 -3.103217
-8.588686 31.535585 -3.128068
-9.314967 31.451206 -2.648479
-8.784719 31.492155 -3.319808
-8.964698 31.487003 -2.798350
-9.033065 31.475052 -2.856008
-9.109352 31.471434 -2.914872
-8.795787 31.491705 -3.313313
-8.963402 31.475126 -2.947667
-9.050591 31.484255 -2.698305
-9.161338 31.488991 -2.437809
-8.811929 31.480745 -3.152703
-9.103253 31.491661 -2.520234
-9.080183 31.465643 -2.974245
-8.946892 31.469702 -3.148779
-8.752645 31.366852 -3.293935
-8.974501 31.491438 -2.699234
-8.753230 31.511143 -2.972414
-9.163145 31.471687 -2.725781
-8.877798 31.481909 -3.089079
-8.884311 31.484245 -2.941807
-9.275177 31.461555 -2.742014
-9.271203 31.478428 -2.453505
-8.933275 31.470018 -3.184579
-8.813936 31.510365 -3.028289
-9.186113 31.472324 -2.570149
-9.493502 31.453922 -2.468172
-8.726422 31.526619 -3.139000
-8.931992 31.487598 -2.768177
-8.796726 31.522173 -2.935696
-9.265948 31.458828 -2.620524
-9.384719 31.459803 -2.467143
-8.640871 31.523834 -3.135189
-8.624303 31.531336 -3.159445
-8.824434 31.486916 -3.350837
-9.357205 31.452808 -2.672527
-9.003635 31.480043 -2.825099
-9.074748 31.467432 -2.882528
-9.156343 31.455303 -2.942049
-8.837754 31.486975 -3.343493
-9.002786 31.469006 -2.977261
-9.089643 31.477242 -2.726465
-9.198606 31.486542 -2.466302
-9.143967 31.475115 -2.543588
-8.850733 31.480898 -3.183330
-9.122991 31.452513 -3.003985
-8.988221 31.469326 -3.176356
-9.317129 31.452909 -2.766333
-9.202047 31.467850 -2.751958
-8.789241 31.505802 -3.003001
-8.919454 31.473175 -3.118392
-8.778442 31.483086 -3.297296
-8.972196 31.471210 -3.213819
-8.920739 31.487076 -2.971305
-9.310278 31.472534 -2.478870
-9.537909 31.441717 -2.488602
-9.013011 31.487602 -2.728997
-8.855738 31.486078 -3.060453
-9.226056 31.467258 -2.594778
-8.769107 31.482367 -3.178023
-8.969161 31.482073 -2.795828
-9.424542 31.454813 -2.490360
-9.307737 31.455376 -2.645089
-8.837940 31.494913 -2.969194
-8.676274 31.527882 -3.166240
-8.661246 31.516390 -3.193799
-9.043313 31.472887 -2.852495
-9.405306 31.442720 -2.695629
-9.113943 31.470715 -2.909003
-9.041898 31.465023 -3.006257
-9.201481 31.449942 -2.968416
-9.126204 31.481129 -2.754579
-9.179468 31.475189 -2.570187
-9.163859 31.447100 -3.032076
-9.240346 31.475843 -2.493395
-8.890744 31.470421 -3.215523
-9.032986 31.457733 -3.207444
-9.359161 31.447313 -2.791490
-9.242980 31.460442 -2.777828
-9.581387 31.434896 -2.508627
-9.016479 31.453465 -3.248215
-8.960050 31.468790 -3.148685
-8.815650 31.496065 -3.324349
-8.828298 31.494555 -3.034524
-9.351866 31.465012 -2.503980
-8.961403 31.476479 -3.002738
-9.660844 31.437782 -2.411429
-9.266387 31.461088 -2.618617
-9.052176 31.480524 -2.758567
-8.895627 31.478779 -3.090668
-8.807329 31.476431 -3.210550
-9.006916 31.478428 -2.824941
-9.467382 31.447027 -2.513943
-9.350155 31.451786 -2.668908
-8.776361 31.378513 -3.304296
-8.878403 31.480223 -3.001188
-9.083466 31.467670 -2.879957
-9.453639 31.433601 -2.718770
-9.082891 31.459541 -3.035774
-9.159408 31.456987 -2.937119
-9.248761 31.440941 -2.995900
-9.165224 31.477222 -2.782180
-9.207112 31.439020 -3.061308
-9.218809 31.467144 -2.596159
-8.928645 31.472841 -3.246326
-9.280788 31.468519 -2.521452
-9.079366 31.446777 -3.238454
-9.403732 31.436975 -2.816973
-9.624079 31.430286 -2.530238
-9.286542 31.451338 -2.804863
-9.059557 31.446348 -3.281054
-8.868017 31.480059 -3.065864
-8.857128 31.488291 -3.357280
-9.002005 31.467182 -3.178304
-9.003207 31.464577 -3.034040
-9.391109 31.465216 -2.531034
-9.307552 31.457769 -2.643954
-8.936506 31.472252 -3.121567
-9.091166 31.478632 -2.788391
-9.045705 31.473543 -2.852513
-8.847946 31.467823 -3.244216
-9.510706 31.441185 -2.537586
-9.398292 31.438597 -2.692569
-8.798139 31.499886 -3.306056
-8.916861 31.478386 -3.033166
-9.124102 31.464407 -2.907449
-9.504729 31.423838 -2.741657
-8.754924 31.363510 -3.293931
-9.124390 31.452900 -3.065890
-9.202547 31.452095 -2.964354
-9.293742 31.437664 -3.023070
-9.210229 31.461575 -2.810223
-9.249837 31.435228 -3.089328
-9.259529 31.458778 -2.621995
-8.973274 31.459114 -3.281583
-9.321837 31.464182 -2.548156
-9.125457 31.441080 -3.268278
-9.450158 31.428261 -2.842372
-9.671951 31.420349 -2.550505
-9.328544 31.447760 -2.832237
-9.103765 31.437937 -3.313732
-9.045884 31.457867 -3.209550
-8.898817 31.484606 -3.389650
-8.906864 31.477112 -3.097053
-9.351803 31.446539 -2.667983
-9.437009 31.451527 -2.555546
-9.042766 31.464554 -3.065305
-8.978518 31.464432 -3.152307
-9.553124 31.437624 -2.561376
-9.135152 31.464216 -2.817984
-9.084599 31.468603 -2.881476
-8.887695 31.470764 -3.277733
-9.445105 31.431896 -2.716614
-8.838886 31.488108 -3.341683
-9.168941 31.450825 -2.936303
-9.554521 31.417454 -2.765496
-8.958603 31.471611 -3.066105
-8.803768 31.433235 -3.287879
-8.776321 31.495256 -3.296188
-9.170413 31.439960 -3.098236
-9.249204 31.443239 -2.992576
-9.342367 31.431458 -3.049845
-9.295049 31.428711 -3.119884
-9.254148 31.453386 -2.838675
-9.298924 31.456902 -2.648216
-9.717387 31.415094 -2.571865
-9.493402 31.424421 -2.868217
-9.018661 31.442080 -3.318053
-9.171648 31.435322 -3.299510
-9.361699 31.463163 -2.577223
-9.373318 31.440414 -2.859950
-9.147700 31.431667 -3.345812
-9.091636 31.447054 -3.241300
-8.946476 31.470858 -3.129457
-9.392145 31.448551 -2.694306
-9.482480 31.442057 -2.580273
-9.086679 31.452135 -3.097119
-9.599977 31.428925 -2.583194
-9.017931 31.467575 -3.181593
-9.126271 31.459896 -2.910778
-9.176100 31.463884 -2.849136
-9.493288 31.424868 -2.740542
-9.210788 31.449312 -2.964492
-9.607692 31.410280 -2.788344
-9.212593 31.439348 -3.127858
-9.294449 31.437824 -3.020341
-9.001082 31.464642 -3.099691
-8.814369 31.494501 -3.328953
-9.634546 31.430040 -2.423915
-9.340645 31.421091 -3.149650
-8.835167 31.484861 -3.308558
-9.394375 31.420254 -3.078988
-9.340504 31.449377 -2.673312
-9.296371 31.449682 -2.868867
-9.542325 31.414082 -2.893358
-9.764545 31.410421 -2.594546
-9.086239 31.349098 -3.375775
-9.220586 31.428909 -3.330511
-9.420116 31.429497 -2.887352
-9.198450 31.409180 -3.383769
-9.406263 31.454865 -2.604912
-9.136699 31.442598 -3.272672
-9.440780 31.434196 -2.718584
-9.529826 31.431091 -2.605506
-8.987434 31.467388 -3.161176
-9.645640 31.423542 -2.607374
-9.883950 31.392778 -2.482892
-9.130252 31.446981 -3.129990
-9.064091 31.451450 -3.215916
-9.167253 31.457544 -2.939703
-9.543103 31.415375 -2.764948
-8.966715 31.475805 -3.341918
-9.218333 31.460176 -2.879330
-9.257708 31.438320 -2.993306
-9.659323 31.405516 -2.812118
-9.257414 31.433933 -3.159202
-9.387959 31.414051 -3.180736
-9.685213 31.416348 -2.444521
-9.343953 31.428251 -3.049740
-9.446349 31.412163 -3.107561
-9.044715 31.453262 -3.133701
-8.875203 31.482550 -3.343238
-9.820197 31.393463 -2.614637
-9.384201 31.441330 -2.698941
-9.588660 31.410498 -2.920407
-9.343293 31.438700 -2.897681
-9.123313 31.373440 -3.403332
-9.270368 31.422237 -3.363568
-9.464194 31.428511 -2.914686
-9.275852 31.323044 -3.443202
-9.452832 31.446106 -2.631723
-9.620876 31.411674 -2.436264
-9.488090 31.426334 -2.743246
-9.184641 31.434311 -3.305793
-9.694053 31.417505 -2.631324
-9.574077 31.428049 -2.632025
-9.941157 31.385815 -2.501189
-9.031061 31.456005 -3.195186
-9.173071 31.442024 -3.162212
-9.107389 31.448429 -3.248192
-9.213332 31.442602 -2.969822
-9.596409 31.405031 -2.789772
-9.011681 31.462984 -3.378605
-9.265488 31.449066 -2.910965
-9.302822 31.431873 -3.022452
-9.717371 31.394056 -2.835834
-9.437385 31.406488 -3.212353
-9.306272 31.420277 -3.192721
-9.738627 31.402000 -2.464896
-9.869982 31.388199 -2.635675
-9.393425 31.421793 -3.078567
-9.498532 31.408159 -3.135589
-9.640035 31.400545 -2.947512
-9.086229 31.454788 -3.166312
-9.428721 31.436138 -2.726057
-8.916720 31.479847 -3.379213
-9.388498 31.435312 -2.927668
-9.144505 31.446299 -3.415762
-9.323677 31.408493 -3.398177
-9.515219 31.416548 -2.943151
-9.316952 31.339149 -3.472931
-9.501779 31.434687 -2.659660
-9.666707 31.404228 -2.459628
-9.535983 31.420353 -2.769369
-9.742697 31.412441 -2.655298
-9.233316 31.425831 -3.339558
-9.621228 31.422276 -2.657500
-9.074020 31.447866 -3.229386
-9.153088 31.439634 -3.282161
-9.218989 31.437321 -3.195640
-9.255129 31.443106 -3.000232
-9.643342 31.407549 -2.814922
-9.055058 31.458792 -3.415082
-9.311975 31.441200 -2.942791
-9.486798 31.398928 -3.243968
-9.922380 31.381247 -2.657865
-9.780063 31.377333 -2.860393
-9.350533 31.426847 -3.052183
-9.352036 31.418751 -3.224167
-9.788706 31.394608 -2.486532
-9.689608 31.395140 -2.974950
-9.445925 31.409426 -3.108326
-9.553741 31.398249 -3.164548
-9.473628 31.429842 -2.752382
-9.133215 31.441523 -3.202121
-9.436121 31.427248 -2.956557
-8.960903 31.469231 -3.417477
-9.192014 31.438013 -3.452460
-9.376430 31.402140 -3.431026
-9.566079 31.406664 -2.972429
-9.332889 31.418512 -3.482486
-9.716426 31.394827 -2.482621
-9.803225 31.390097 -2.679052
-9.585638 31.412941 -2.794586
-9.547517 31.431253 -2.687474
-9.283358 31.417023 -3.373206
-9.670734 31.416952 -2.683532
-9.119333 31.440176 -3.264144
-9.198490 31.436090 -3.314966
-9.268857 31.421328 -3.230400
-9.299852 31.437767 -3.030165
-9.698245 31.397852 -2.839653
-9.101205 31.450832 -3.451896
-9.978419 31.371367 -2.679657
-9.538412 31.393892 -3.276955
-9.359324 31.434174 -2.973879
-9.746339 31.382843 -3.002976
-9.400938 31.411257 -3.257954
-9.840786 31.386755 -2.507288
-9.840929 31.368271 -2.884716
-9.397839 31.422928 -3.082700
-9.611912 31.387556 -3.196096
-9.497585 31.405495 -3.138525
-9.522946 31.417311 -2.779525
-9.487367 31.415159 -2.987840
-9.178588 31.439995 -3.237152
-9.240233 31.432644 -3.489236
-9.429762 31.397669 -3.465336
-9.385998 31.405745 -3.520697
-9.616012 31.402164 -3.001303
-9.854843 31.385351 -2.702819
-9.760292 31.394005 -2.507130
-9.634978 31.409685 -2.821432
-9.336362 31.407434 -3.409443
-9.599791 31.421061 -2.716640
-9.723512 31.406694 -2.710523
-9.163475 31.436899 -3.298473
-9.250184 31.420607 -3.352455
-9.316483 31.417206 -3.265145
-9.348856 31.425158 -3.062299
-9.760811 31.380098 -2.865593
-10.031019 31.368502 -2.701303
-9.593550 31.381784 -3.311494
-9.805437 31.367884 -3.032127
-9.892071 31.381113 -2.529620
-9.899993 31.363756 -2.909371
-9.453197 31.401876 -3.293541
-9.451850 31.407063 -3.114320
-9.410954 31.419880 -3.007167
-9.670179 31.381014 -3.225690
-9.552905 31.395523 -3.168892
-9.572079 31.409969 -2.806913
-9.538818 31.407154 -3.018579
-9.292353 31.418001 -3.529567
-9.434773 31.406473 -3.555569
-9.669453 31.393703 -3.031163
-9.228527 31.425949 -3.275545
-9.908332 31.379114 -2.727091
-9.809839 31.386683 -2.530934
-9.690649 31.396685 -2.847377
-9.390096 31.397650 -3.446324
-9.778530 31.396950 -2.736662
-9.650652 31.414310 -2.745349
-9.299436 31.414011 -3.387679
-9.212136 31.427322 -3.335029
-10.089639 31.360046 -2.723677
-9.367486 31.408087 -3.302257
-9.395266 31.423510 -3.092983
-9.818533 31.372801 -2.890932
-9.654572 31.363049 -3.348144
-9.862473 31.359612 -3.061016
-9.949512 31.370918 -2.551298
-9.504918 31.396776 -3.327937
-9.967847 31.349882 -2.935094
-9.500731 31.406900 -3.144178
-9.737735 31.359735 -3.260332
-9.607908 31.389708 -3.200887
-9.460732 31.416353 -3.039652
-9.622076 31.403471 -2.833563
-9.496961 31.383060 -3.601865
-9.590347 31.402201 -3.050157
-9.730813 31.375046 -3.062824
-9.279807 31.414686 -3.313253
-9.960260 31.378395 -2.751724
-9.862766 31.378574 -2.553744
-9.906322 31.408270 -2.474545
-9.744756 31.389202 -2.873681
-9.445935 31.387344 -3.483736
-9.830999 31.391945 -2.762485
-10.150215 31.353149 -2.747398
-9.704761 31.405737 -2.774449
-9.352043 31.405527 -3.424701
-9.879519 31.360567 -2.917227
-9.260633 31.419823 -3.372397
-9.710995 31.355738 -3.384220
-9.448250 31.408884 -3.126151
-9.419090 31.401947 -3.338037
-9.920478 31.352118 -3.090577
-10.004014 31.366570 -2.573451
-10.032653 31.341921 -2.959880
-9.561652 31.384211 -3.365179
-9.555287 31.396030 -3.176687
-9.799319 31.354422 -3.291154
-9.673623 31.366816 -3.235589
-9.672916 31.396713 -2.862268
-9.514678 31.405621 -3.072927
-9.787573 31.367813 -3.093911
-9.646127 31.393089 -3.083367
-10.022754 31.366884 -2.776520
-9.328515 31.411274 -3.350079
-9.914001 31.374950 -2.578298
-9.805146 31.373991 -2.901306
-10.216455 31.339750 -2.770409
-9.891875 31.378691 -2.790165
-9.769264 31.350046 -3.420233
-9.986376 31.337538 -3.121372
-9.941699 31.353199 -2.943653
-9.409030 31.389713 -3.465331
-9.499407 31.401915 -3.159085
-9.473566 31.391977 -3.375562
-9.765045 31.389498 -2.803460
-9.312748 31.408298 -3.412158
-10.064670 31.357668 -2.594949
-10.098910 31.336683 -2.985392
-9.626016 31.362488 -3.406420
-9.612693 31.384443 -3.210375
-9.866149 31.342615 -3.324848
-9.733974 31.358656 -3.268503
-9.724359 31.392939 -2.889642
-9.568807 31.397875 -3.108450
-9.845697 31.360254 -3.124882
-9.668536 31.363016 -3.614851
-9.706941 31.377611 -3.116630
-10.082809 31.360056 -2.802412
-9.973577 31.361122 -2.601072
-9.383728 31.400007 -3.391046
-10.278122 31.334669 -2.793416
-9.865591 31.364944 -2.929204
-9.631092 31.235371 -3.609740
-9.952715 31.368549 -2.817273
-10.048333 31.331141 -3.151399
-9.834154 31.337532 -3.459003
-10.003712 31.347910 -2.970892
-9.368630 31.390673 -3.453496
-9.551515 31.398832 -3.192124
-9.530498 31.382395 -3.415054
-9.821861 31.383385 -2.831758
-10.122386 31.354614 -2.616921
-9.684667 31.354589 -3.444436
-10.169785 31.329296 -3.011178
-9.671551 31.375578 -3.244788
-9.933928 31.334700 -3.358647
-9.798810 31.347311 -3.303074
-9.789932 31.368187 -2.919297
-9.911582 31.344574 -3.158468
-9.729230 31.360806 -3.652265
-9.626311 31.389343 -3.142980
-9.760773 31.376221 -3.148194
-10.150651 31.346203 -2.828127
-10.031697 31.352751 -2.625616
-10.350583 31.319769 -2.816612
-9.925760 31.358038 -2.956506
-9.439799 31.389580 -3.431275
-9.622990 31.364321 -3.599877
-10.110867 31.326626 -3.182888
-10.087564 31.375380 -2.547343
-9.898376 31.328264 -3.497964
-10.014374 31.361265 -2.845869
-10.071479 31.339172 -2.998265
-9.591936 31.366514 -3.456770
-9.608134 31.389456 -3.227387
-9.882294 31.373249 -2.862448
-10.192937 31.338171 -2.638773
-9.743281 31.349804 -3.481883
-10.248152 31.315931 -3.038985
-10.005184 31.325935 -3.392860
-9.735046 31.361450 -3.280041
-9.862716 31.341352 -3.337244
-9.848214 31.361677 -2.948886
-9.976143 31.335384 -3.192441
-9.800031 31.346714 -3.696212
-10.359132 31.325388 -2.654477
-10.217430 31.336704 -2.854823
-9.690859 31.369774 -3.180044
-9.831059 31.353205 -3.185389
-10.421984 31.309221 -2.840788
-10.088890 31.349766 -2.649760
-9.991553 31.346647 -2.985322
-10.183664 31.312363 -3.216735
-9.500990 31.371624 -3.475756
-9.968319 31.314447 -3.539850
-9.686068 31.355238 -3.641775
-10.161915 31.352842 -2.570776
-10.081304 31.348585 -2.874544
-10.144362 31.327118 -3.026532
-9.576304 31.374176 -3.582523
-9.675074 31.364107 -3.266142
-9.657463 31.348553 -3.500929
-10.248688 31.341745 -2.661894
-9.812510 31.331966 -3.526484
-9.945313 31.364534 -2.893721
-10.325347 31.306982 -3.066364
-10.081027 31.313923 -3.430140
-9.802131 31.346411 -3.317119
-9.931105 31.332209 -3.373070
-9.906090 31.356274 -2.979260
-10.042306 31.326843 -3.226324
-9.870533 31.337873 -3.738995
-10.280769 31.334219 -2.881374
-10.492565 31.303999 -2.865973
-9.892074 31.349991 -3.220604
-9.753183 31.358967 -3.217663
-10.149830 31.343794 -2.674912
-10.252522 31.306282 -3.249817
-10.059057 31.335842 -3.015458
-10.039710 31.303352 -3.582461
-9.749852 31.349073 -3.683752
-10.145032 31.343895 -2.903101
-10.216075 31.319479 -3.054370
-9.639003 31.366198 -3.625211
-9.720419 31.338444 -3.544208
-9.734112 31.358229 -3.302802
-9.526080 31.388842 -3.570607
-9.879805 31.321852 -3.569442
-10.411300 31.291788 -3.094239
-10.163355 31.298265 -3.468197
-10.009935 31.356468 -2.924904
-9.864767 31.340719 -3.352810
-10.001835 31.323517 -3.409453
-10.108282 31.323490 -3.260453
-9.968584 31.348722 -3.009909
-9.951634 31.315983 -3.788928
-10.574567 31.288830 -2.890581
-10.362453 31.313923 -2.907910
-9.967044 31.327877 -3.258910
-10.218708 31.328724 -2.699072
-10.335391 31.287464 -3.286266
-9.814315 31.355684 -3.254287
-10.117559 31.287514 -3.628642
-10.124888 31.330618 -3.044545
-9.817857 31.341862 -3.726791
-9.664193 31.277807 -3.590344
-10.215256 31.335560 -2.932437
-10.297156 31.304365 -3.084734
-10.394246 31.318075 -2.706384
-9.705306 31.354195 -3.670289
-9.795254 31.351830 -3.339992
-9.951817 31.309523 -3.614082
-9.790082 31.324562 -3.591085
-10.502708 31.274189 -3.124442
-9.591821 31.370745 -3.617584
-10.246493 31.285465 -3.507741
-9.934506 31.330153 -3.391311
-10.075766 31.350153 -2.956786
-10.075668 31.311968 -3.447605
-10.180876 31.313320 -3.297338
-10.034320 31.339350 -3.040946
-10.431617 31.311043 -2.935433
-10.418329 31.271696 -3.323555
-10.030232 31.327190 -3.295495
-10.290414 31.316051 -2.723841
-10.196853 31.274397 -3.675547
-9.879188 31.349415 -3.291921
-10.200987 31.315647 -3.075989
-9.889552 31.333673 -3.773063
-10.289610 31.323132 -2.961993
-10.377566 31.292500 -3.115290
-9.684446 31.351866 -3.605768
-9.770678 31.347576 -3.714967
-10.588299 31.266270 -3.153374
-10.025141 31.298880 -3.660830
-9.862517 31.339779 -3.379316
-9.934877 31.194544 -3.682577
-10.333103 31.271818 -3.547699
-9.655231 31.361473 -3.663708
-10.157078 31.297489 -3.488620
-10.002572 31.325167 -3.428764
-10.258821 31.300804 -3.335143
-10.150621 31.335455 -2.989756
-10.104037 31.327961 -3.073019
-10.512157 31.300228 -2.964606
-10.498701 31.263783 -3.359965
-10.358283 31.311499 -2.749256
-10.106458 31.312990 -3.334773
-10.278484 31.261732 -3.723008
-10.269869 31.313795 -3.105711
-9.951424 31.336128 -3.332956
-10.459555 31.284395 -3.145189
-10.368424 31.310633 -2.992637
-9.749940 31.345186 -3.651855
-10.548658 31.300499 -2.751915
-10.107192 31.280895 -3.710863
-9.932230 31.328115 -3.420605
-9.929292 31.306139 -3.683129
-10.424013 31.260174 -3.589562
-10.240564 31.285601 -3.529598
-10.347370 31.279449 -3.376738
-10.079239 31.311804 -3.470885
-10.600711 31.283367 -2.993625
-10.225438 31.323870 -3.022156
-10.177975 31.315529 -3.106154
-10.367049 31.246267 -3.774093
-10.433540 31.301031 -2.775281
-10.178978 31.307945 -3.373313
-10.353902 31.297907 -3.138659
-10.023226 31.327061 -3.374211
-10.557426 31.262060 -3.178958
-10.451956 31.295925 -3.024963
-10.623343 31.297432 -2.776184
-10.261981 31.174202 -3.802661
-10.510135 31.320763 -2.698928
-9.820001 31.338371 -3.700441
-10.002387 31.321508 -3.461380
-9.989531 31.319445 -3.722691
-10.431214 31.269587 -3.416356
-10.329372 31.270271 -3.574285
-10.160754 31.297264 -3.513306
-10.245938 31.314850 -3.138836
-10.301943 31.315983 -3.055309
-10.265378 31.289125 -3.416601
-10.440755 31.284416 -3.172216
-10.108410 31.305389 -3.419592
-10.542453 31.279518 -3.058121
-10.270716 31.260494 -3.811669
-9.893421 31.326559 -3.751389
-10.592341 31.311724 -2.725220
-10.068265 31.308405 -3.773992
-10.081778 31.306393 -3.506061
-10.419253 31.259869 -3.617696
-10.247331 31.281422 -3.558844
-10.333461 31.293903 -3.175555
-10.385434 31.303288 -3.089860
-10.356336 31.270172 -3.462385
-10.532715 31.267611 -3.206664
-10.195776 31.286245 -3.466344
-9.974524 31.311752 -3.806607
-10.156571 31.289762 -3.830633
-10.168366 31.286339 -3.554956
-10.336483 31.267004 -3.604964
-10.421925 31.276846 -3.212379
-10.475365 31.288961 -3.127413
-10.444221 31.260241 -3.506671
-10.278430 31.278589 -3.511121
-10.250434 31.268648 -3.891011
-10.249639 31.279005 -3.599846
-10.505548 31.270247 -3.248609
-10.565253 31.277754 -3.164396
-10.369156 31.266838 -3.559377
-10.338607 31.265564 -3.649571
-9.017539 31.491209 -2.133770
-9.050934 31.516319 -2.180619
-8.885535 31.525209 -2.428870
-9.081985 31.510241 -2.213218
-8.978189 31.537239 -2.214890
-9.036419 31.497496 -2.305867
-9.000154 31.531431 -2.202540
-8.844373 31.512020 -2.533305
-9.052452 31.536758 -2.239685
-9.112803 31.499277 -2.243342
-9.010869 31.513128 -2.239664
-9.068628 31.489115 -2.339653
-9.031078 31.516371 -2.233061
-8.886086 31.510258 -2.472556
-9.054408 31.497250 -2.281428
-8.880509 31.525986 -2.572774
-8.952860 31.535273 -2.498246
-8.863306 31.514887 -2.505475
-9.083269 31.503107 -2.259599
-9.143816 31.501183 -2.277964
-8.799749 31.438396 -2.671110
-8.972238 31.514456 -2.254832
-8.743618 31.488459 -2.760477
-9.045244 31.517448 -2.275689
-8.868596 31.508738 -2.478467
-9.101243 31.482592 -2.374979
-9.063148 31.500202 -2.262016
-8.920362 31.514681 -2.507165
-9.085800 31.485134 -2.312144
-8.981773 31.501686 -2.521821
-8.910072 31.495148 -2.599352
-8.896141 31.510447 -2.539508
-9.174203 31.492340 -2.307565
-9.115960 31.494871 -2.289820
-8.783965 31.528545 -2.699357
-8.756500 31.492727 -2.725986
-8.848265 31.517809 -2.718991
-8.870533 31.434132 -2.497694
-9.078640 31.497162 -2.302132
-8.784681 31.519867 -2.800245
-8.683674 31.524822 -2.915126
-8.903771 31.513981 -2.513797
-9.095515 31.489994 -2.292109
-8.874996 31.508398 -2.453257
-8.954870 31.521173 -2.540498
-9.133678 31.479076 -2.411254
-9.013689 31.497606 -2.552390
-9.118484 31.479698 -2.346128
-8.734292 31.482502 -2.861470
-9.072204 31.501234 -2.240323
-9.205827 31.482286 -2.337009
-8.942100 31.485775 -2.633070
-9.148647 31.486628 -2.320045
-8.928028 31.493290 -2.568392
-8.684134 31.517410 -2.966418
-8.847733 31.527517 -2.540803
-8.879791 31.506674 -2.749761
-8.916610 31.509563 -2.550402
-8.795816 31.509300 -2.764046
-8.669250 31.516151 -2.992047
-8.713535 31.529293 -2.866174
-8.816362 31.509718 -2.831076
-9.112797 31.492592 -2.334677
-8.713247 31.505871 -2.946127
-9.127935 31.487673 -2.325631
-8.936707 31.502626 -2.544475
-8.908908 31.498959 -2.483308
-8.986380 31.494148 -2.565834
-9.046200 31.488377 -2.582546
-9.166372 31.469633 -2.444234
-9.237560 31.461323 -2.362086
-9.104729 31.492008 -2.270482
-9.151006 31.473269 -2.380052
-8.774131 31.508307 -2.896632
-9.181155 31.481394 -2.351217
-8.974676 31.480438 -2.665638
-8.777176 31.514999 -2.739284
-8.961512 31.488779 -2.601680
-8.657121 31.522987 -2.964863
-8.793612 31.495689 -2.729802
-8.851171 31.514807 -2.759868
-8.707519 31.471788 -2.907719
-8.718894 31.516783 -2.999196
-8.910756 31.488684 -2.777925
-8.880801 31.501263 -2.566101
-8.951743 31.502909 -2.581305
-8.830339 31.507792 -2.795358
-8.702448 31.514761 -3.024856
-9.079417 31.495060 -2.350338
-8.738851 31.484837 -2.894105
-9.146863 31.488119 -2.365816
-8.847014 31.488567 -2.861861
-8.749292 31.513123 -2.979419
-9.159960 31.479481 -2.356611
-8.969230 31.489401 -2.573619
-8.943849 31.499315 -2.516163
-9.019542 31.484858 -2.595237
-9.078223 31.476185 -2.612513
-8.707467 31.514225 -2.880357
-9.268524 31.475197 -2.399750
-9.137396 31.487759 -2.301718
-9.198812 31.459301 -2.475745
-9.183596 31.467924 -2.412635
-8.806866 31.499958 -2.928248
-9.213661 31.476151 -2.382393
-8.814557 31.518137 -2.770067
-8.994102 31.479443 -2.633242
-9.009205 31.481724 -2.700724
-8.677971 31.451626 -2.980385
-8.784901 31.438902 -2.689174
-8.708066 31.523102 -2.898747
-8.670850 31.432693 -2.992884
-8.832011 31.512625 -2.764396
-8.883695 31.497581 -2.787999
-8.749890 31.500263 -2.942228
-8.662547 31.524788 -2.971821
-8.751784 31.509420 -3.030873
-8.944139 31.484268 -2.809807
-8.669151 31.520626 -2.972554
-8.918830 31.511141 -2.600909
-8.985983 31.491426 -2.610484
-8.861968 31.488550 -2.825521
-8.738504 31.518011 -3.057142
-8.778616 31.506741 -2.926857
-9.114720 31.489382 -2.381317
-9.181758 31.480570 -2.395263
-8.777392 31.489292 -3.010858
-8.878931 31.479286 -2.894170
-9.192871 31.476103 -2.389325
-9.002623 31.484985 -2.605504
-8.977740 31.493860 -2.547230
-9.109211 31.475262 -2.643380
-9.299129 31.468407 -2.428082
-9.053605 31.476383 -2.625364
-9.169827 31.478626 -2.330475
-8.766000 31.460691 -2.777142
-9.246584 31.465967 -2.410339
-8.741775 31.502645 -2.910929
-8.838209 31.487827 -2.958955
-9.230391 31.460032 -2.510975
-9.216182 31.462572 -2.445221
-9.041043 31.472540 -2.731635
-8.849415 31.514595 -2.800503
-9.027170 31.473055 -2.665001
-8.727142 31.505472 -3.013551
-8.835246 31.513140 -2.733743
-8.740840 31.502762 -2.927334
-8.724152 31.503061 -3.027043
-8.865685 31.497099 -2.794721
-8.916767 31.487196 -2.818743
-8.783916 31.495792 -2.973349
-8.694324 31.506533 -3.002039
-8.780198 31.487555 -3.062440
-8.975225 31.475246 -2.840058
-9.019942 31.487053 -2.640210
-8.702227 31.506252 -3.002276
-8.953563 31.498613 -2.629271
-8.894279 31.482325 -2.856616
-8.763512 31.483458 -3.089379
-8.811692 31.492359 -2.956585
-8.728726 31.478502 -2.878654
-9.215249 31.473236 -2.424809
-9.151011 31.481609 -2.410668
-8.809457 31.480991 -3.043228
-8.914546 31.492651 -2.927958
-9.225866 31.469810 -2.419688
-9.035777 31.475687 -2.634911
-9.331229 31.457287 -2.456723
-9.011380 31.487520 -2.576828
-9.142525 31.466940 -2.672858
-9.086906 31.472063 -2.655848
-9.202823 31.472336 -2.360837
-9.279316 31.462788 -2.440242
-8.704669 31.506355 -2.932550
-9.247424 31.462523 -2.477571
-8.812911 31.507547 -2.814190
-8.871900 31.485376 -2.990962
-8.777362 31.498940 -2.942018
-9.264630 31.451330 -2.543935
-9.059812 31.468792 -2.696235
-9.074203 31.462040 -2.763798
-8.882526 31.492216 -2.828219
-8.760904 31.504116 -3.044208
-8.666920 31.526917 -2.992369
-8.868248 31.498865 -2.762068
-8.778852 31.509829 -2.958376
-8.680239 31.499273 -2.978182
-8.755807 31.492899 -3.057875
-8.899249 31.485670 -2.824648
-8.949486 31.480028 -2.847618
-8.814608 31.479717 -3.003799
-8.732828 31.512556 -3.032263
-9.008934 31.468790 -2.871066
-8.814364 31.488056 -3.094638
-8.927232 31.480034 -2.887972
-9.054655 31.478514 -2.669588
-8.737821 31.498545 -3.032355
-8.989676 31.489857 -2.658549
-8.797192 31.481007 -3.121383
-8.844811 31.487059 -2.986991
-8.769800 31.500284 -2.909906
-9.250631 31.464630 -2.453447
-9.186456 31.480898 -2.442729
-8.843884 31.478374 -3.075891
-8.946006 31.471212 -2.960817
-9.363475 31.451143 -2.486439
-9.258535 31.461542 -2.449927
-9.044535 31.478218 -2.606238
-9.069497 31.469231 -2.665923
-9.235232 31.467190 -2.390610
-9.175166 31.462667 -2.704101
-9.119771 31.473866 -2.686816
-9.312218 31.456589 -2.469203
-8.742764 31.510513 -2.961239
-9.280337 31.455132 -2.509285
-8.810493 31.489641 -2.971413
-8.849716 31.507820 -2.843381
-8.904136 31.474054 -3.022395
-8.915243 31.485048 -2.857094
-9.093354 31.465345 -2.728194
-9.297604 31.451824 -2.579076
-8.792506 31.484861 -3.074369
-9.107506 31.456514 -2.797037
-8.700981 31.510450 -3.020461
-8.902308 31.486391 -2.791181
-8.810858 31.493635 -2.987323
-8.788856 31.482510 -3.088613
-8.719878 31.508192 -3.007846
-8.932841 31.483322 -2.855271
-8.984155 31.475485 -2.878020
-8.764551 31.499485 -3.060762
-8.849190 31.474089 -3.035537
-9.042136 31.459375 -2.901904
-9.088754 31.475115 -2.699407
-8.771572 31.493187 -3.062025
-8.961339 31.471445 -2.919527
-8.829226 31.472700 -3.153777
-9.025175 31.486242 -2.688268
-8.879148 31.480547 -3.017261
-8.805442 31.497662 -2.939675
-9.283999 31.461388 -2.482624
-8.873261 31.453218 -3.108605
-9.221983 31.473278 -2.471454
-9.395862 31.445980 -2.516248
-9.290603 31.454416 -2.479601
-9.101860 31.468081 -2.696722
-8.978318 31.455784 -2.992677
-9.078648 31.470823 -2.635050
-9.207979 31.447382 -2.732407
-9.268370 31.461874 -2.421068
-9.153072 31.461540 -2.715312
-9.346169 31.452192 -2.498980
-8.778255 31.502909 -2.989935
-9.314384 31.446632 -2.539460
-8.844830 31.483133 -3.001683
-8.884349 31.490200 -2.872100
-8.950566 31.480446 -2.886748
-9.126393 31.458939 -2.759989
-9.331912 31.436207 -2.608708
-8.826661 31.481365 -3.105584
-8.737927 31.507713 -3.048725
-9.141389 31.441841 -2.828881
-8.938044 31.483656 -2.822372
-8.845365 31.484112 -3.016650
-8.754880 31.497633 -3.036351
-8.823266 31.475893 -3.120292
-8.966780 31.478937 -2.885007
-9.017382 31.462067 -2.907839
-8.881251 31.461779 -3.066914
-8.798671 31.486900 -3.091285
-9.123953 31.465517 -2.727987
-8.804463 31.477810 -3.091700
-8.994065 31.459070 -2.950160
-9.060710 31.474621 -2.715963
-8.839979 31.484138 -2.967977
-9.318298 31.454956 -2.511507
-8.912610 31.468012 -3.048545
-9.429421 31.435707 -2.543472
-9.323005 31.449251 -2.509395
-9.111361 31.467638 -2.664958
-9.300861 31.453802 -2.448507
-9.257845 31.467615 -2.500302
-9.135906 31.459581 -2.726872
-9.187146 31.441044 -2.742436
-9.379646 31.444830 -2.528555
-8.813110 31.491354 -3.018364
-8.918854 31.485861 -2.899674
-8.879174 31.476614 -3.031943
-9.347440 31.444206 -2.572268
-9.160065 31.435383 -2.788328
-8.985836 31.470747 -2.916727
-8.770671 31.487354 -3.077325
-8.971734 31.478388 -2.850638
-8.879558 31.472610 -3.045837
-8.788815 31.489254 -3.065067
-9.000488 31.468472 -2.915020
-9.158670 31.448959 -2.755369
-9.096873 31.470930 -2.744929
-8.875627 31.481499 -2.997743
-9.353498 31.449341 -2.541116
-9.356641 31.442871 -2.539035
-9.333426 31.449617 -2.478369
-9.145965 31.463181 -2.693959
-9.169202 31.451241 -2.756369
-9.293380 31.459974 -2.529026
-9.413688 31.437508 -2.555973
-8.847960 31.479794 -3.046798
-8.912544 31.464180 -3.061821
-9.381490 31.435688 -2.602439
-8.955757 31.478012 -2.928278
-8.807289 31.486628 -3.106463
-9.006325 31.473934 -2.879630
-8.825047 31.481468 -3.094413
-9.388613 31.439827 -2.568310
-8.909817 31.469990 -3.026935
-9.366220 31.447502 -2.506955
-9.132503 31.451195 -2.772023
-9.179327 31.459923 -2.723124
-9.391356 31.430296 -2.567446
-9.203568 31.440702 -2.785646
-9.330975 31.448051 -2.555898
-8.884254 31.477089 -3.075815
-8.990769 31.467426 -2.956788
-9.649688 31.412947 -2.449840
-9.040370 31.457436 -2.907758
-9.399774 31.437222 -2.534183
-9.168824 31.444477 -2.800053
-9.212960 31.445547 -2.750737
-9.367647 31.439297 -2.583063
-9.688034 31.395638 -2.479141
-9.434387 31.428741 -2.562201
-9.724208 31.390699 -2.510915
-9.759881 31.386799 -2.543511
-9.795542 31.386887 -2.577123
-9.804645 31.386019 -2.521208
-9.833750 31.381647 -2.608065
-9.935700 31.369690 -2.519758
-9.841371 31.381107 -2.550837
-9.888225 31.405806 -2.506017
-9.843633 31.386745 -2.505737
-9.873021 31.374210 -2.638788
-9.973897 31.361639 -2.546944
-9.880728 31.370762 -2.579205
-9.930879 31.387173 -2.528607
-9.884396 31.384047 -2.506860
-9.882330 31.377655 -2.532104
-9.913189 31.367584 -2.670239
-9.780786 31.383493 -2.836617
-10.016450 31.345903 -2.571893
-9.916199 31.371042 -2.610013
-9.974428 31.369352 -2.551923
-9.922670 31.381083 -2.533716
-9.921926 31.365383 -2.558186
-9.873533 31.393082 -2.520388
-9.953017 31.362978 -2.702576
-9.820270 31.374126 -2.865047
-10.053804 31.344908 -2.601800
-9.734977 31.371250 -2.967663
-9.777670 31.382746 -2.840437
-9.632772 31.379280 -3.101201
-9.955694 31.365669 -2.639480
-10.014500 31.364021 -2.579235
-9.966209 31.367258 -2.558062
-9.957057 31.368883 -2.587147
-9.918561 31.376129 -2.542288
-9.995223 31.356060 -2.733216
-10.094032 31.340555 -2.629194
-9.859249 31.369795 -2.895335
-9.575158 31.371180 -3.229642
-9.775600 31.362383 -3.001068
-9.765003 31.379253 -2.848120
-9.816994 31.376387 -2.869834
-9.996597 31.356066 -2.667850
-9.671743 31.373756 -3.134220
-9.961613 31.369614 -2.533772
-9.619592 31.393608 -3.101721
-10.056472 31.353422 -2.604631
-10.006536 31.363998 -2.584100
-9.782077 31.369333 -2.940925
-9.998046 31.360371 -2.614176
-9.587132 31.385340 -3.169734
-9.958565 31.374899 -2.569208
-10.039981 31.342613 -2.763933
-10.134508 31.333076 -2.657046
-9.899792 31.362219 -2.924580
-9.614686 31.368502 -3.264264
-9.786324 31.371998 -2.889813
-9.816135 31.361605 -3.035087
-9.539552 31.374714 -3.357747
-9.857622 31.369905 -2.897732
-9.806129 31.375729 -2.876213
-10.000051 31.363625 -2.559709
-9.712103 31.364008 -3.166137
-10.037654 31.351439 -2.697305
-9.662931 31.371214 -3.133230
-10.098598 31.347795 -2.631112
-10.050727 31.354095 -2.608721
-10.040259 31.346649 -2.640036
-9.821465 31.366858 -2.972748
-9.629558 31.364923 -3.204283
-10.000289 31.375406 -2.596173
-10.177773 31.325146 -2.684717
-9.604719 31.388069 -3.068958
-9.942877 31.352116 -2.954921
-10.083820 31.336334 -2.795960
-9.826211 31.364481 -2.919808
-9.655851 31.362476 -3.299259
-10.045064 31.342659 -2.580604
-9.857894 31.355618 -3.067939
-9.579146 31.367931 -3.392764
-9.644304 31.377037 -3.137661
-9.898653 31.365278 -2.927177
-9.634946 31.375677 -3.150871
-9.846012 31.373404 -2.904469
-10.080841 31.342419 -2.726317
-10.143348 31.336737 -2.656332
-9.753769 31.356934 -3.200325
-9.702133 31.367756 -3.164978
-10.093179 31.350435 -2.635337
-9.798786 31.372158 -2.887185
-10.079415 31.344479 -2.667653
-9.863561 31.354847 -3.003706
-9.830767 31.365215 -2.866428
-9.669410 31.360210 -3.238031
-10.053779 31.344995 -2.615896
-10.221519 31.320160 -2.712591
-9.644842 31.373446 -3.098389
-9.983398 31.348524 -2.985189
-9.563888 31.366154 -3.380793
-9.864605 31.361288 -2.949504
-10.125837 31.336401 -2.828573
-10.086609 31.334181 -2.605482
-9.698570 31.352011 -3.335972
-9.685396 31.368317 -3.167486
-9.941815 31.356262 -2.956179
-9.904003 31.340748 -3.101309
-9.675877 31.364775 -3.183385
-9.620211 31.360811 -3.429101
-9.890908 31.362139 -2.932493
-10.182494 31.338554 -2.684971
-9.794763 31.351109 -3.232513
-10.123854 31.336405 -2.756283
-9.742146 31.365219 -3.196045
-9.630676 31.371632 -3.145969
-10.138255 31.341339 -2.660692
-9.534180 31.371822 -3.446139
-9.841297 31.368399 -2.915193
-10.123172 31.335503 -2.694509
-9.905973 31.348793 -3.035815
-9.540626 31.375580 -3.372936
-9.869739 31.362066 -2.893966
-9.707522 31.362936 -3.271020
-10.097375 31.344223 -2.641962
-9.580147 31.243891 -3.577462
-9.542451 31.371231 -3.388154
-10.266161 31.311995 -2.740178
-9.682642 31.371405 -3.127480
-10.028764 31.339005 -3.016172
-9.604208 31.364391 -3.414734
-9.906940 31.351343 -2.979191
-10.124606 31.334305 -2.631919
-10.176399 31.322916 -2.860411
-9.727961 31.359257 -3.198634
-9.987268 31.343838 -2.984802
-9.933489 31.354269 -2.960904
-9.740700 31.346684 -3.373111
-9.716711 31.357967 -3.215507
-9.660522 31.357847 -3.465800
-10.226485 31.335638 -2.711572
-9.947878 31.338352 -3.135751
-10.165538 31.335695 -2.786016
-9.835253 31.350317 -3.266539
-9.786019 31.354841 -3.228447
-9.670690 31.374289 -3.175295
-10.182909 31.338367 -2.686540
-9.574990 31.358629 -3.482741
-9.491106 31.383804 -3.572425
-9.550198 31.371784 -3.329595
-10.164450 31.332932 -2.722702
-9.883387 31.366766 -2.942680
-9.909855 31.352617 -2.921679
-9.946729 31.346075 -3.067559
-9.582430 31.365494 -3.406168
-9.751058 31.349392 -3.306042
-10.142199 31.342236 -2.667876
-9.596882 31.365454 -3.586477
-9.722906 31.361750 -3.157999
-10.313096 31.304415 -2.768403
-9.582853 31.365364 -3.422493
-10.073049 31.331671 -3.047383
-10.164735 31.330038 -2.657912
-9.646659 31.353043 -3.449971
-9.948689 31.346540 -3.009304
-10.220860 31.320553 -2.892717
-10.030572 31.339788 -3.014893
-9.769525 31.357471 -3.229681
-9.756465 31.353348 -3.247858
-9.977787 31.348137 -2.989358
-10.274743 31.323948 -2.737280
-9.785201 31.337845 -3.411281
-9.702468 31.351534 -3.502872
-10.211738 31.327085 -2.816333
-9.880092 31.340643 -3.301082
-9.996921 31.322807 -3.171765
-9.829387 31.345501 -3.261671
-9.713495 31.367302 -3.205167
-10.231997 31.327604 -2.711563
-9.615047 31.354784 -3.517963
-9.531404 31.380840 -3.609117
-10.203581 31.334740 -2.751348
-9.589453 31.368214 -3.362751
-9.928761 31.358442 -2.970910
-9.951854 31.345892 -2.949503
-9.561030 31.371359 -3.401516
-9.495060 31.381731 -3.578565
-9.992739 31.335293 -3.100547
-9.623482 31.359564 -3.439759
-9.793345 31.346239 -3.340502
-10.194579 31.325985 -2.690882
-9.764065 31.352907 -3.189247
-10.356979 31.304392 -2.797372
-9.507310 31.384541 -3.582378
-9.623656 31.357357 -3.457363
-10.207982 31.323290 -2.682843
-9.643910 31.342510 -3.631960
-10.119952 31.322897 -3.078348
-9.991579 31.339430 -3.040607
-9.688849 31.348803 -3.485766
-10.076168 31.332333 -3.044606
-9.510893 31.300669 -3.536139
-9.798183 31.347347 -3.280714
-9.811820 31.355515 -3.261392
-10.025856 31.334270 -3.017738
-10.269753 31.314392 -2.925213
-10.321757 31.317453 -2.764167
-9.748181 31.336288 -3.542620
-10.260307 31.316160 -2.844928
-9.829031 31.334249 -3.448469
-9.926068 31.328663 -3.336814
-9.872988 31.342224 -3.294636
-9.757771 31.355982 -3.235347
-10.283209 31.312449 -2.736141
-10.043484 31.318859 -3.207376
-9.655255 31.355913 -3.554271
-10.251338 31.324087 -2.777876
-9.631413 31.359102 -3.396058
-9.992693 31.340261 -2.978899
-9.486633 31.385439 -3.558814
-9.975685 31.346876 -2.998104
-9.603232 31.364323 -3.433542
-10.037255 31.328831 -3.133236
-9.664851 31.355595 -3.473488
-9.838088 31.335470 -3.376389
-10.242178 31.319542 -2.715606
-9.805129 31.348162 -3.220104
-10.410633 31.289608 -2.825407
-10.255660 31.308748 -2.706947
-9.664037 31.351479 -3.491711
-10.166681 31.317129 -3.110267
-10.036676 31.329021 -3.070122
-9.730372 31.349808 -3.520579
-10.124302 31.322346 -3.075418
-9.859447 31.337395 -3.293724
-9.841699 31.338984 -3.314009
-9.549610 31.317713 -3.565903
-10.370324 31.311712 -2.791033
-10.071366 31.330912 -3.047060
-10.327750 31.293530 -2.957524
-9.792895 31.328318 -3.582269
-9.919538 31.330290 -3.328210
-10.309608 31.309059 -2.875203
-9.973264 31.319464 -3.373407
-9.801048 31.351936 -3.265426
-10.329068 31.312244 -2.762862
-9.878436 31.319365 -3.488769
-10.090940 31.315723 -3.243719
-10.301303 31.308937 -2.805369
-10.035002 31.335493 -3.006863
-9.672045 31.355297 -3.429131
-9.526843 31.383774 -3.591349
-10.022352 31.342419 -3.025856
-9.646410 31.353998 -3.466691
-9.709827 31.346903 -3.508089
-10.086774 31.317423 -3.166706
-10.296422 31.308401 -2.733218
-9.846595 31.341278 -3.251492
-9.882982 31.329674 -3.413361
-10.458934 31.285780 -2.854570
-10.293140 31.311491 -2.740746
-9.707447 31.340830 -3.529093
-10.080696 31.324793 -3.100882
-10.218657 31.303295 -3.143428
-9.778374 31.331156 -3.559952
-10.172176 31.315472 -3.105773
-9.885532 31.332582 -3.347440
-9.579203 31.371416 -3.586152
-10.424056 31.298014 -2.817730
-9.904927 31.332844 -3.325787
-10.119908 31.323982 -3.076663
-10.381381 31.285532 -2.990346
-10.359799 31.298775 -2.905191
-9.966649 31.321194 -3.363397
-9.837349 31.323458 -3.621462
-10.380589 31.303040 -2.788599
-10.020941 31.313210 -3.410204
-9.843906 31.354012 -3.295999
-9.925034 31.314110 -3.528535
-10.350680 31.298927 -2.833290
-10.079520 31.326227 -3.035793
-10.141256 31.308029 -3.280275
-9.713819 31.349186 -3.463395
-10.071064 31.332478 -3.054510
-9.689248 31.350887 -3.498990
-9.755037 31.339083 -3.544171
-10.133816 31.312418 -3.201514
-10.343177 31.301022 -2.758637
-9.889282 31.333179 -3.282726
-10.508787 31.282707 -2.883713
-9.929917 31.318396 -3.451233
-10.347952 31.296799 -2.764466
-9.750352 31.336411 -3.565557
-10.127089 31.317051 -3.132673
-10.265283 31.305611 -3.175980
-9.823979 31.325191 -3.597579
-10.222342 31.309185 -3.136767
-9.622684 31.356663 -3.623927
-9.932229 31.320425 -3.383839
-10.474903 31.292854 -2.845239
-9.952120 31.324835 -3.359633
-10.168438 31.317043 -3.106271
-10.414579 31.285675 -2.935434
-10.433496 31.293602 -2.814248
-10.014735 31.313999 -3.397970
-9.893081 31.336641 -3.328314
-10.435410 31.279387 -3.024716
-10.069837 31.305742 -3.446846
-10.123782 31.320072 -3.064266
-10.401034 31.290817 -2.860597
-9.974656 31.305281 -3.568582
-9.756729 31.336773 -3.497834
-10.195007 31.294630 -3.317639
-9.784942 31.346167 -3.669560
-10.120093 31.324497 -3.083301
-9.736429 31.337696 -3.534559
-10.389019 31.296812 -2.784351
-9.933194 31.327860 -3.314822
-10.183802 31.303949 -3.235192
-9.802533 31.326656 -3.582628
-10.564708 31.272491 -2.913412
-10.395690 31.299311 -2.791306
-9.977662 31.312031 -3.489440
-9.797842 31.318790 -3.605752
-10.173388 31.313406 -3.164075
-10.326920 31.279915 -3.210568
-9.872525 31.309370 -3.638567
-10.275287 31.297249 -3.169318
-9.977847 31.315647 -3.418730
-10.533542 31.278303 -2.872330
-10.002175 31.312269 -3.393693
-10.221969 31.305159 -3.136661
-10.169515 31.313581 -3.094062
-10.450143 31.283913 -2.888066
-10.488202 31.285795 -2.841354
-10.469348 31.276564 -2.966699
-10.065928 31.303125 -3.434233
-9.943309 31.321068 -3.361424
-10.121346 31.295635 -3.485996
-9.971733 31.201105 -3.737883
-10.489016 31.275370 -3.058565
-9.800781 31.331244 -3.532739
-10.025084 31.296173 -3.610702
-10.251617 31.280666 -3.356232
-9.781217 31.333199 -3.567368
-10.170263 31.319405 -3.111545
-10.436660 31.290239 -2.810505
-9.978244 31.320236 -3.348108
-9.854282 31.304256 -3.622945
-10.234762 31.296183 -3.271011
-10.622751 31.261879 -2.943684
-10.026130 31.301500 -3.527295
-10.444570 31.300713 -2.816583
-9.847697 31.301653 -3.647993
-10.224851 31.300604 -3.198063
-10.379514 31.273991 -3.245024
-10.586667 31.273724 -2.900483
-10.024932 31.310534 -3.454943
-10.326828 31.294718 -3.201247
-10.276059 31.292116 -3.167648
-10.051808 31.305826 -3.428247
-10.216302 31.304892 -3.123638
-10.501792 31.278471 -2.917651
-10.542486 31.280115 -2.867940
-9.989914 31.319393 -3.392947
-10.113582 31.302048 -3.469306
-10.520329 31.275173 -2.998051
-9.845640 31.321442 -3.568702
-10.178994 31.278280 -3.527112
-10.547124 31.267447 -3.094013
-10.485688 31.283436 -2.836571
-10.079109 31.286335 -3.654711
-10.223706 31.307621 -3.140530
-9.830753 31.320480 -3.604990
-10.308953 31.270521 -3.396507
-10.026568 31.309916 -3.383150
-10.288663 31.284952 -3.305699
-10.679305 31.255587 -2.973659
-10.504445 31.286142 -2.840770
-10.080084 31.287775 -3.568882
-10.276876 31.291836 -3.230910
-10.435871 31.264330 -3.280420
-10.643807 31.267479 -2.928300
-10.072496 31.304369 -3.490343
-10.387791 31.274260 -3.234860
-10.333669 31.278452 -3.199116
-10.100528 31.302553 -3.463098
-10.265956 31.295639 -3.154445
-10.552362 31.275215 -2.947467
-10.599880 31.271952 -2.893462
-10.580079 31.261106 -3.030103
-10.042337 31.308500 -3.426306
-10.169344 31.287155 -3.508582
-9.892625 31.315237 -3.606251
-10.233592 31.268480 -3.568973
-10.534462 31.279745 -2.862181
-10.612687 31.252155 -3.129926
-10.275908 31.301033 -3.170696
-10.138937 31.266085 -3.703306
-10.071106 31.308516 -3.415525
-10.367667 31.260147 -3.436694
-10.348459 31.268391 -3.344648
-10.562012 31.278963 -2.866363
-10.130825 31.281818 -3.608395
-10.331103 31.278572 -3.264722
-10.493448 31.257444 -3.316680
-10.123249 31.294416 -3.528843
-10.446692 31.263264 -3.268601
-10.313386 31.294867 -3.185312
-10.387656 31.273493 -3.230736
-10.153012 31.295540 -3.498888
-10.610886 31.263550 -2.976930
-10.663011 31.258673 -2.920428
-10.092040 31.303139 -3.459526
-10.221567 31.282059 -3.546668
-10.586839 31.271330 -2.888666
-10.641381 31.251783 -3.063153
-9.944758 31.294682 -3.648123
-10.293179 31.253733 -3.611614
-10.336304 31.282919 -3.200969
-10.119162 31.301302 -3.450116
-10.201034 31.246422 -3.752549
-10.426526 31.254745 -3.477984
-10.405607 31.258451 -3.382128
-10.385804 31.268257 -3.298752
-10.619725 31.272762 -2.892042
-10.185073 31.274044 -3.651157
-10.554944 31.247808 -3.353964
-10.179804 31.275255 -3.569195
-10.369658 31.277323 -3.217293
-10.503607 31.257639 -3.302886
-10.070935 31.291075 -3.801523
-10.216299 31.269184 -3.539046
-10.443929 31.269125 -3.263019
-10.664882 31.259781 -3.005843
-10.644869 31.257914 -2.915207
-10.146076 31.292892 -3.494301
-10.283119 31.261946 -3.588822
-10.350127 31.249607 -3.653820
-10.172699 31.286907 -3.487452
-10.392342 31.277678 -3.231783
-10.047544 31.294712 -3.774062
-10.461123 31.255846 -3.420272
-10.489897 31.245441 -3.520882
-10.439938 31.263083 -3.333217
-10.683768 31.261497 -2.917009
-10.246860 31.253611 -3.697531
-10.425688 31.262892 -3.248815
-10.234475 31.266544 -3.609741
-10.269995 31.264952 -3.575723
-10.505450 31.256693 -3.296540
-10.697569 31.255455 -2.942872
-10.205770 31.276442 -3.531857
-10.342704 31.252386 -3.629757
-10.412397 31.237307 -3.698667
-10.228034 31.270147 -3.525215
-10.450674 31.269028 -3.262209
-10.102352 31.285788 -3.817417
-10.339946 31.191786 -3.861191
-10.500290 31.250551 -3.371060
-10.522939 31.246977 -3.460449
-10.303060 31.248447 -3.741825
-10.476705 31.261387 -3.281602
-10.293391 31.251852 -3.653162
-10.567617 31.248190 -3.330336
-10.331876 31.251987 -3.616279
-10.098307 31.262215 -3.769086
-10.263399 31.265461 -3.568524
-10.402110 31.245832 -3.671649
-10.279672 31.266193 -3.562742
-10.081307 31.290003 -3.790619
-10.511374 31.260855 -3.294687
-10.533614 31.251757 -3.314879
-10.361378 31.242887 -3.786691
-10.348285 31.249195 -3.693460
-10.390464 31.245703 -3.656105
-10.141886 31.275961 -3.804829
-10.320936 31.258574 -3.604804
-10.335643 31.257349 -3.601800
-10.139221 31.278593 -3.832916
-10.580099 31.244167 -3.328225
-10.437937 31.208220 -3.841866
-10.410371 31.235901 -3.738252
-10.454039 31.234470 -3.696714
-10.194545 31.272610 -3.845895
-10.383457 31.245541 -3.644620
-10.392908 31.247185 -3.642116
-10.253003 31.262836 -3.892566
-10.444740 31.238903 -3.682865
-10.457042 31.229605 -3.685058
-9.265561 31.494751 -2.456568
-9.187787 31.500565 -2.589757
-9.305092 31.485390 -2.502620
-9.270732 31.493189 -2.435692
-9.227776 31.491444 -2.629433
-9.166018 31.489923 -2.692776
-9.307948 31.494408 -2.442076
-9.405094 31.479763 -2.466367
-9.341700 31.472658 -2.545026
-9.310385 31.484880 -2.480379
-9.143305 31.494411 -2.781170
-9.104825 31.493052 -2.820910
-9.262072 31.497976 -2.417886
-9.091362 31.492340 -2.841257
-9.168154 31.495403 -2.644109
-9.268007 31.483206 -2.670562
-9.156219 31.490194 -2.667663
-9.206841 31.484545 -2.735483
-9.346144 31.479559 -2.480740
-9.442347 31.471035 -2.507559
-9.379605 31.466700 -2.589205
-9.180996 31.480679 -2.819233
-9.144851 31.483898 -2.860585
-9.350187 31.473536 -2.524152
-9.302124 31.484680 -2.459408
-9.211877 31.490601 -2.685313
-9.131390 31.483185 -2.880934
-9.283015 31.492273 -2.495383
-9.307875 31.477081 -2.711116
-9.199279 31.485466 -2.709607
-9.244270 31.472769 -2.775794
-9.389509 31.479660 -2.526489
-9.479588 31.466383 -2.548286
-9.127258 31.488169 -2.823982
-9.085744 31.488014 -2.870308
-9.144146 31.498148 -2.697714
-9.417288 31.459829 -2.631909
-9.118644 31.487881 -2.839200
-9.222454 31.475277 -2.859776
-9.387591 31.461767 -2.564440
-9.183316 31.473991 -2.900266
-9.342047 31.474392 -2.501819
-9.252557 31.481365 -2.724227
-9.172445 31.475899 -2.919965
-9.176278 31.488005 -2.685871
-9.324630 31.483788 -2.536423
-9.346302 31.471272 -2.750320
-9.238042 31.473528 -2.748431
-9.283665 31.467688 -2.817138
-9.426801 31.468054 -2.563950
-9.295461 31.492153 -2.443099
-9.516567 31.456814 -2.586583
-9.169872 31.481623 -2.863002
-9.455680 31.456873 -2.674828
-9.160769 31.482395 -2.879017
-9.127836 31.478519 -2.909173
-9.189095 31.492104 -2.738798
-9.263309 31.471092 -2.898296
-9.428678 31.461267 -2.609535
-9.225312 31.471518 -2.940978
-9.384830 31.471613 -2.546003
-9.293100 31.475142 -2.764048
-9.213894 31.474569 -2.960063
-9.221578 31.483919 -2.727061
-9.366599 31.477247 -2.577575
-9.384205 31.462500 -2.789371
-9.323356 31.464640 -2.857189
-9.279137 31.466152 -2.788871
-9.262216 31.491163 -2.554995
-9.156351 31.495031 -2.664443
-9.109526 31.492294 -2.868239
-9.075181 31.491518 -2.902192
-9.465755 31.461094 -2.603769
-9.122749 31.488407 -2.858958
-9.337614 31.482510 -2.484767
-9.552917 31.451313 -2.626588
-9.212263 31.474161 -2.900555
-9.694712 31.430212 -2.491914
-9.491342 31.447435 -2.714618
-9.171662 31.474819 -2.947616
-9.200750 31.473289 -2.917275
-9.228612 31.477125 -2.774580
-9.121856 31.493410 -2.753671
-9.299432 31.460665 -2.935905
-9.262283 31.461992 -2.977905
-9.464645 31.449791 -2.648480
-9.331932 31.464323 -2.800100
-9.424220 31.462435 -2.587793
-9.250164 31.461115 -2.996776
-9.261914 31.472694 -2.765872
-9.409344 31.474531 -2.620342
-9.420433 31.453142 -2.825607
-9.358104 31.450361 -2.895314
-9.319205 31.460968 -2.829477
-9.200893 31.487091 -2.704004
-9.305234 31.482403 -2.595971
-9.117541 31.480045 -2.938798
-9.151216 31.480902 -2.905582
-9.502157 31.448637 -2.640501
-9.586480 31.439421 -2.662042
-9.083077 31.492680 -2.840296
-9.377978 31.471212 -2.524972
-9.164614 31.477995 -2.896353
-9.251350 31.464226 -2.938077
-9.727218 31.419292 -2.531702
-9.213028 31.469547 -2.985341
-9.240683 31.464256 -2.954111
-9.526837 31.437000 -2.754343
-9.274229 31.475058 -2.814451
-9.169234 31.488977 -2.794047
-9.341740 31.460211 -2.975292
-9.298596 31.452532 -3.015561
-9.503131 31.443865 -2.689074
-9.373693 31.460934 -2.839321
-9.462836 31.453489 -2.627491
-9.290911 31.459917 -3.036186
-9.302063 31.464565 -2.804163
-9.447634 31.460766 -2.656212
-9.461020 31.454977 -2.865897
-9.396544 31.448593 -2.934057
-9.358147 31.454054 -2.867885
-9.243642 31.477501 -2.742105
-9.066578 31.489664 -2.933693
-9.346951 31.470934 -2.634692
-9.540938 31.444754 -2.679788
-9.624402 31.438721 -2.701551
-9.161869 31.475267 -2.976438
-9.194110 31.472363 -2.942333
-9.090014 31.489576 -2.914303
-9.418155 31.463011 -2.564657
-9.207191 31.471498 -2.933949
-9.129333 31.486521 -2.878484
-9.291466 31.456161 -2.974955
-9.764181 31.423485 -2.577913
-9.279584 31.457417 -2.991115
-9.562850 31.433590 -2.793766
-9.254052 31.462297 -3.022947
-9.316133 31.468637 -2.852772
-9.378351 31.452789 -3.011631
-9.214410 31.481016 -2.831444
-9.339704 31.453287 -3.055068
-9.542019 31.443895 -2.730724
-9.413836 31.456877 -2.877138
-9.323825 31.444061 -3.071446
-9.500912 31.445677 -2.666562
-9.746793 31.421034 -2.513921
-9.344142 31.459124 -2.842532
-9.486734 31.454836 -2.694652
-9.494934 31.441010 -2.900503
-9.852553 31.422913 -2.522493
-9.776575 31.430677 -2.500540
-9.397804 31.451054 -2.906497
-9.433936 31.440918 -2.972465
-9.288419 31.474518 -2.782653
-9.579671 31.440943 -2.717653
-9.658922 31.431627 -2.738664
-9.112792 31.483576 -2.970468
-9.392125 31.469833 -2.676744
-9.235737 31.465118 -2.977786
-9.203875 31.465895 -3.012457
-9.134795 31.479727 -2.950189
-9.461085 31.461254 -2.607457
-9.248878 31.464169 -2.970811
-9.170093 31.470287 -2.914130
-9.333727 31.455774 -3.012923
-9.796608 31.408615 -2.615310
-9.598344 31.427219 -2.833017
-9.321142 31.453100 -3.028868
-9.295066 31.459126 -3.060088
-9.357614 31.464418 -2.889111
-9.413187 31.439623 -3.046964
-9.257653 31.474430 -2.868285
-9.374408 31.443146 -3.091310
-9.576740 31.433687 -2.768351
-9.722236 31.429979 -2.508337
-9.449676 31.445608 -2.911835
-9.364709 31.443903 -3.109479
-9.538998 31.437851 -2.705621
-9.780919 31.414835 -2.554628
-9.384839 31.453913 -2.880962
-9.530462 31.431776 -2.936037
-9.524491 31.442190 -2.729882
-9.884073 31.408459 -2.554982
-9.630971 31.441732 -2.483005
-9.810486 31.420727 -2.536057
-9.468807 31.431759 -3.008747
-9.433883 31.440678 -2.942658
-9.692626 31.420765 -2.772730
-9.613921 31.428940 -2.752344
-9.327226 31.459667 -2.817727
-9.752328 31.424149 -2.498219
-9.157388 31.476822 -3.005837
-9.433252 31.459566 -2.713414
-9.245339 31.457653 -3.047848
-9.276002 31.454014 -3.013751
-9.179388 31.472971 -2.985554
-9.286141 31.448563 -3.005906
-9.498774 31.447462 -2.645454
-9.216288 31.468277 -2.950429
-9.374019 31.452757 -3.049379
-9.632886 31.420103 -2.870124
-9.355982 31.439930 -3.064204
-9.832047 31.409185 -2.657796
-9.330400 31.444895 -3.094632
-9.394143 31.448975 -2.923522
-9.448247 31.431435 -3.083299
-9.408414 31.429062 -3.127323
-9.301632 31.467665 -2.905782
-9.611784 31.421423 -2.805115
-9.759032 31.423458 -2.546079
-9.487680 31.437923 -2.948075
-9.398520 31.432930 -3.144988
-9.578329 31.436884 -2.745050
-9.815309 31.406666 -2.593065
-9.423368 31.449181 -2.917373
-9.917407 31.406584 -2.593138
-9.565862 31.425554 -2.972464
-9.563964 31.438196 -2.768408
-9.846071 31.415422 -2.573913
-9.674177 31.444859 -2.528188
-9.470145 31.431269 -2.978862
-9.504099 31.424463 -3.046536
-9.726967 31.416756 -2.809318
-9.650690 31.422485 -2.788688
-9.369081 31.453308 -2.854615
-9.788692 31.418602 -2.538160
-9.199835 31.466455 -3.039638
-9.318706 31.452633 -3.049506
-9.287519 31.453327 -3.083444
-9.474665 31.454185 -2.752494
-9.225070 31.468000 -3.021685
-9.328668 31.446199 -3.041604
-9.538548 31.441433 -2.683133
-9.261299 31.463387 -2.987295
-9.405586 31.430170 -3.081411
-9.665474 31.406261 -2.906171
-9.393948 31.432318 -3.099040
-9.369803 31.441044 -3.130359
-9.865238 31.402224 -2.696349
-9.435643 31.444727 -2.959837
-9.484334 31.425117 -3.118991
-9.646993 31.414219 -2.841473
-9.446667 31.426340 -3.164574
-9.342010 31.457617 -2.940374
-9.522985 31.427774 -2.982134
-9.796427 31.419785 -2.585383
-9.434990 31.424479 -3.181245
-9.614217 31.425516 -2.781122
-9.950515 31.403799 -2.629821
-9.850515 31.406330 -2.634079
-9.601033 31.418423 -3.007416
-9.461514 31.438465 -2.952706
-9.603741 31.436237 -2.805622
-9.880038 31.409454 -2.610368
-9.761216 31.408812 -2.843526
-9.712787 31.439964 -2.567376
-9.506593 31.422829 -3.015109
-9.538987 31.415276 -3.082796
-9.686742 31.416183 -2.824352
-9.823440 31.412386 -2.576699
-9.410219 31.447100 -2.890823
-9.241800 31.457134 -3.074221
-9.359635 31.445513 -3.084254
-9.330062 31.450949 -3.119137
-9.515792 31.447981 -2.788688
-9.265955 31.456882 -3.055487
-9.575997 31.430809 -2.719190
-9.369283 31.441122 -3.077200
-9.302043 31.455292 -3.021997
-9.443735 31.423527 -3.116289
-9.431080 31.423786 -3.134552
-9.406349 31.429651 -3.164301
-9.700582 31.397970 -2.943870
-9.898574 31.392220 -2.733986
-9.474443 31.438013 -2.993971
-9.793911 31.416941 -2.518598
-9.519900 31.415840 -3.154508
-9.682387 31.407986 -2.877874
-9.480023 31.412306 -3.201306
-9.833636 31.419207 -2.624172
-9.982097 31.393316 -2.663239
-9.385577 31.453037 -2.975876
-9.560946 31.420149 -3.016941
-9.470014 31.416344 -3.216153
-9.650331 31.419125 -2.818197
-9.883784 31.396418 -2.670308
-9.635860 31.409311 -3.042249
-9.497725 31.429125 -2.987485
-9.914721 31.407400 -2.647032
-9.640600 31.426825 -2.839642
-9.794454 31.398970 -2.878356
-9.573687 31.409187 -3.118541
-9.722388 31.407988 -2.858487
-9.542813 31.413479 -3.049880
-9.749949 31.424433 -2.600981
-9.856290 31.400602 -2.611413
-9.450288 31.439079 -2.926240
-9.398277 31.437805 -3.118340
-9.284618 31.448702 -3.108105
-9.365488 31.433750 -3.151345
-9.553336 31.434402 -2.822427
-9.306651 31.448860 -3.088772
-9.614929 31.427940 -2.757082
-9.407080 31.432510 -3.111971
-9.344895 31.450869 -3.056832
-9.483327 31.420631 -3.152043
-9.442767 31.421270 -3.199137
-9.468750 31.418188 -3.170217
-9.931412 31.387356 -2.771960
-9.737352 31.398417 -2.983459
-9.510799 31.425638 -3.027839
-9.828738 31.407778 -2.554814
-9.556890 31.414406 -3.190451
-9.717791 31.401737 -2.914265
-9.517372 31.412834 -3.237363
-10.016200 31.388384 -2.698309
-9.869397 31.407993 -2.657379
-9.596620 31.411936 -3.051087
-9.424167 31.441328 -3.008996
-9.685625 31.408962 -2.852223
-9.505108 31.408108 -3.252461
-9.672111 31.408047 -3.077508
-9.917341 31.391396 -2.708951
-9.948781 31.398464 -2.681151
-9.535338 31.419527 -3.022180
-9.676938 31.414452 -2.873486
-9.829114 31.396973 -2.913614
-9.760245 31.407385 -2.895125
-9.580339 31.410904 -3.086432
-9.608592 31.399971 -3.154779
-9.891348 31.396410 -2.648632
-9.788870 31.421558 -2.638846
-9.489816 31.432190 -2.961032
-9.435846 31.428286 -3.151637
-9.327778 31.446314 -3.141635
-9.405223 31.427826 -3.186200
-9.650943 31.417620 -2.791780
-9.594169 31.430212 -2.859447
-9.349516 31.444422 -3.123600
-9.445729 31.424788 -3.146044
-9.383673 31.440132 -3.090008
-9.518489 31.409458 -3.186031
-9.477935 31.410093 -3.233130
-9.770123 31.389608 -3.019078
-9.505056 31.408724 -3.206393
-9.964350 31.375446 -2.808056
-9.549971 31.420862 -3.062060
-9.863927 31.400564 -2.591128
-9.591571 31.404282 -3.225224
-10.048193 31.383848 -2.732778
-9.752299 31.394657 -2.949922
-9.551392 31.402784 -3.272882
-9.905622 31.402651 -2.693053
-9.633559 31.406492 -3.086055
-9.464728 31.436314 -3.043155
-9.721872 31.403612 -2.887921
-9.541584 31.403708 -3.288235
-9.982197 31.386742 -2.712278
-9.705873 31.397110 -3.111542
-9.950744 31.382524 -2.743804
-9.573000 31.413923 -3.057824
-9.715467 31.413765 -2.909385
-9.863387 31.388987 -2.947791
-9.795006 31.398346 -2.928516
-9.613394 31.396042 -3.120258
-9.643309 31.393852 -3.190502
-9.925116 31.385416 -2.684046
-9.824831 31.407225 -2.672554
-9.530060 31.429216 -2.996031
-9.364959 31.430819 -3.173866
-9.443512 31.422218 -3.219708
-9.473974 31.417603 -3.185535
-9.688399 31.411047 -2.827353
-9.390346 31.437439 -3.155504
-9.632258 31.419550 -2.893325
-9.485095 31.420980 -3.180323
-9.423124 31.429300 -3.122431
-9.555918 31.407032 -3.219759
-9.803567 31.380709 -3.053946
-9.516647 31.406351 -3.268143
-9.543393 31.407112 -3.240845
-9.899166 31.397345 -2.628393
-9.588070 31.414272 -3.095492
-9.999129 31.373257 -2.846099
-10.079913 31.374395 -2.764812
-9.625884 31.396275 -3.259427
-9.787366 31.386415 -2.986181
-9.668656 31.395391 -3.118605
-9.586616 31.395592 -3.307812
-9.757756 31.400377 -2.923051
-9.940774 31.395494 -2.727940
-9.576260 31.397661 -3.322554
-9.504768 31.428337 -3.077138
-9.740172 31.389105 -3.145730
-10.016270 31.377779 -2.746375
-9.984155 31.373640 -2.778647
-9.609707 31.407576 -3.091324
-9.896764 31.380173 -2.981236
-9.750501 31.398670 -2.940964
-9.828826 31.384470 -2.960211
-9.959509 31.385370 -2.721538
-9.650034 31.392622 -3.156066
-9.677857 31.386738 -3.226161
-9.863046 31.404488 -2.709727
-9.566009 31.414942 -3.028356
-9.513288 31.413870 -3.218396
-9.406878 31.425621 -3.206539
-9.480925 31.411686 -3.252930
-9.725450 31.402582 -2.861395
-9.671107 31.416809 -2.928373
-9.428435 31.422745 -3.188442
-9.522034 31.407415 -3.214785
-9.463157 31.425409 -3.155966
-9.591938 31.396734 -3.253037
-10.256024 31.363028 -2.636838
-9.552717 31.400057 -3.302387
-9.838455 31.375557 -3.089689
-9.934178 31.393215 -2.664184
-9.577375 31.393042 -3.275388
-10.031713 31.363445 -2.881616
-9.627790 31.412415 -3.129855
-10.112188 31.363781 -2.797447
-9.660561 31.390219 -3.293730
-9.821121 31.375465 -3.020188
-9.703980 31.389269 -3.152160
-9.976007 31.385387 -2.760500
-9.621715 31.391409 -3.343638
-9.792585 31.391235 -2.957840
-10.050023 31.374943 -2.780868
-9.611183 31.392496 -3.358326
-9.543716 31.422644 -3.109883
-9.776671 31.392790 -3.181976
-10.017855 31.369644 -2.815905
-9.929775 31.373476 -3.014113
-9.646440 31.397118 -3.125261
-9.786530 31.392393 -2.975176
-9.863820 31.380394 -2.994596
-9.993454 31.379425 -2.756540
-9.684538 31.381495 -3.190756
-9.712237 31.378624 -3.261753
-9.604463 31.410307 -3.061887
-9.900396 31.393974 -2.742889
-9.551591 31.408236 -3.251877
-9.447592 31.421637 -3.239330
-9.762594 31.402121 -2.897350
-9.520251 31.407936 -3.285784
-9.468242 31.417944 -3.220506
-9.708798 31.404242 -2.960707
-9.560867 31.404726 -3.248429
-9.501958 31.414629 -3.189106
-9.627299 31.386501 -3.287046
-9.968014 31.383354 -2.696816
-9.587358 31.389988 -3.335733
-9.613449 31.386734 -3.309618
-9.872287 31.364496 -3.125092
-10.144914 31.363136 -2.832108
-9.662723 31.400314 -3.162340
-10.065606 31.360411 -2.918917
-9.694597 31.380131 -3.329211
-9.855965 31.366299 -3.054960
-9.742853 31.390579 -3.186738
-10.011425 31.376247 -2.793104
-9.654675 31.379519 -3.378347
-9.828976 31.386911 -2.992152
-10.084583 31.368988 -2.813701
-9.644501 31.382570 -3.393146
-9.809729 31.381975 -3.215311
-9.580173 31.407280 -3.141397
-10.051592 31.358686 -2.849874
-9.964470 31.371424 -3.049331
-9.681591 31.390005 -3.158759
-9.823412 31.387005 -3.008691
-9.900066 31.383183 -3.029358
-10.027850 31.368399 -2.789770
-9.723088 31.388939 -3.225740
-9.746963 31.376560 -3.296998
-9.642810 31.404589 -3.096761
-9.937310 31.388515 -2.777798
-9.797437 31.390120 -2.928406
-9.588997 31.401772 -3.284625
-9.556641 31.399586 -3.319167
-9.485501 31.410025 -3.271743
-9.507347 31.409201 -3.252339
-9.746895 31.397633 -2.994102
-9.597252 31.396376 -3.281806
-9.539666 31.406132 -3.221008
-9.663378 31.380180 -3.321263
-10.002804 31.378304 -2.731122
-10.177629 31.351521 -2.862518
-9.622555 31.378754 -3.369680
-10.321179 31.336439 -2.704505
-9.648625 31.379597 -3.343114
-9.907397 31.368404 -3.161385
-9.698504 31.389105 -3.194128
-10.099598 31.350325 -2.954337
-9.729112 31.373062 -3.363438
-9.891777 31.374144 -3.091477
-10.304697 31.359180 -2.642797
-10.118247 31.362204 -2.845803
-9.776935 31.381647 -3.219441
-10.047250 31.373068 -2.826770
-9.688706 31.373510 -3.413375
-9.862339 31.369968 -3.025069
-9.843458 31.371071 -3.247893
-9.679751 31.375330 -3.428046
-9.998564 31.370596 -3.082520
-10.085603 31.356714 -2.885813
-9.621063 31.404261 -3.174210
-9.718321 31.383615 -3.192226
-9.859352 31.376780 -3.040510
-9.934617 31.373194 -3.061241
-10.060906 31.361610 -2.824029
-9.757236 31.379913 -3.259852
-9.782070 31.372347 -3.332790
-9.679427 31.394287 -3.127862
-9.832747 31.383991 -2.961933
-9.975431 31.385910 -2.812119
-9.623774 31.388662 -3.317050
-9.593881 31.392122 -3.351852
-9.525504 31.406178 -3.303842
-9.546815 31.402407 -3.284269
-9.784049 31.386183 -3.025800
-9.634487 31.388914 -3.314485
-9.578305 31.394339 -3.254067
-9.701714 31.386707 -3.354779
-10.036653 31.368416 -2.763733
-10.210503 31.347824 -2.896252
-9.659669 31.374302 -3.403260
-9.684538 31.372278 -3.377267
-9.738217 31.395395 -3.227565
-10.354880 31.332403 -2.741699
-9.941307 31.357224 -3.198175
-10.133580 31.344322 -2.989301
-9.763988 31.367947 -3.397765
-9.925671 31.364222 -3.124099
-10.337561 31.351398 -2.676959
-10.153000 31.357203 -2.878671
-9.811526 31.367542 -3.251781
-9.722569 31.366503 -3.448338
-9.898240 31.370775 -3.059711
-10.082683 31.363899 -2.859351
-9.876899 31.358095 -3.281763
-10.118719 31.353914 -2.921022
-9.713794 31.369305 -3.463065
-10.031923 31.357718 -3.114961
-9.657870 31.394928 -3.205364
-10.382359 31.373461 -2.647388
-9.755592 31.380157 -3.225848
-10.313876 31.389893 -2.630033
-9.897539 31.382250 -3.075353
-9.969352 31.364172 -3.093169
-10.095301 31.354650 -2.856793
-9.792235 31.371778 -3.293267
-9.815908 31.369438 -3.367294
-9.715741 31.386017 -3.159804
-9.869456 31.377602 -2.995374
-10.012123 31.379526 -2.845542
-9.662038 31.383074 -3.349087
-9.631839 31.388577 -3.384747
-9.564610 31.401503 -3.335208
-9.585385 31.394785 -3.315466
-10.245703 31.378307 -2.603742
-9.821256 31.378729 -3.058449
-9.671421 31.383480 -3.348005
-9.618177 31.393505 -3.287055
-10.071219 31.362444 -2.796554
-9.736680 31.374554 -3.387235
-10.243454 31.341175 -2.927661
-10.469590 31.338158 -2.687478
-9.698385 31.378685 -3.437336
-9.722407 31.375757 -3.412027
-10.387881 31.321577 -2.774951
-9.774185 31.385143 -3.259395
-9.974899 31.349327 -3.231647
-9.799386 31.369864 -3.431813
-10.167255 31.340351 -3.025120
-10.371069 31.332573 -2.706138
-10.186981 31.348352 -2.909912
-9.959449 31.353218 -3.158075
-9.755705 31.359655 -3.482637
-9.847232 31.363333 -3.285417
-10.117922 31.357836 -2.891434
-10.064409 31.352121 -3.147202
-9.935941 31.377296 -3.095355
-9.910147 31.348228 -3.315135
-9.746948 31.358356 -3.497813
-10.152829 31.344881 -2.955084
-9.694873 31.382473 -3.237022
-10.417222 31.347530 -2.671801
-10.346195 31.365356 -2.656072
-10.349978 31.355795 -2.651043
-9.792913 31.380697 -3.260439
-10.004087 31.355143 -3.125103
-9.933668 31.372980 -3.107222
-10.128901 31.350784 -2.891214
-9.825682 31.358799 -3.327154
-9.849232 31.359474 -3.402087
-9.752786 31.377565 -3.192421
-9.904182 31.368587 -3.027324
-9.697536 31.373869 -3.381732
-10.049130 31.371086 -2.878121
-9.668008 31.379292 -3.416653
-9.601455 31.388052 -3.366828
-9.623116 31.386246 -3.347360
-10.282133 31.371025 -2.635681
-9.706564 31.372309 -3.380539
-9.861685 31.384846 -3.092552
-9.655550 31.383001 -3.318835
-10.105019 31.352617 -2.827761
-10.276410 31.334513 -2.959087
-9.770614 31.364601 -3.419892
-10.501800 31.331667 -2.718201
-9.732317 31.372822 -3.469545
-9.757064 31.369726 -3.444899
-10.008883 31.339273 -3.265672
-9.810171 31.374870 -3.291223
-10.421962 31.319469 -2.812254
-10.220656 31.345621 -2.941557
-10.403449 31.329918 -2.740652
-9.831855 31.350872 -3.466774
-10.201391 31.331289 -3.059175
-9.993408 31.347273 -3.191658
-9.881454 31.355429 -3.316753
-9.967635 31.359749 -3.125460
-10.153359 31.352732 -2.923568
-9.789782 31.349503 -3.518100
-10.099212 31.347073 -3.180084
-9.944481 31.344234 -3.348833
-10.186037 31.339109 -2.987975
-10.451774 31.327719 -2.696615
-9.781013 31.352301 -3.532830
-9.733495 31.378836 -3.269171
-10.038291 31.347242 -3.156417
-10.385411 31.343754 -2.679866
-9.827151 31.368702 -3.292227
-9.969264 31.364841 -3.138470
-10.163494 31.344774 -2.924032
-9.859971 31.350800 -3.359899
-9.883821 31.356367 -3.437257
-9.790721 31.378103 -3.224858
-9.942206 31.373051 -3.062114
-9.735333 31.369310 -3.414564
-10.086092 31.362715 -2.909277
-9.704077 31.368914 -3.449899
-9.640226 31.381380 -3.398078
-9.661351 31.376627 -3.378441
-9.741187 31.358171 -3.412890
-10.318316 31.369772 -2.669422
-9.897962 31.372536 -3.123511
-10.309558 31.328815 -2.990550
-9.692388 31.373629 -3.349986
-10.139700 31.354630 -2.862509
-10.535181 31.319925 -2.747820
-9.807265 31.361170 -3.454253
-9.764258 31.350878 -3.504343
-9.791550 31.362700 -3.477706
-9.845079 31.362785 -3.322262
-10.043503 31.340172 -3.301781
-10.255197 31.339682 -2.972951
-10.455942 31.313429 -2.847178
-10.437752 31.314898 -2.771446
-9.865561 31.342842 -3.501665
-10.235403 31.325237 -3.094127
-9.916652 31.348236 -3.350209
-10.003151 31.358635 -3.158571
-10.188516 31.342712 -2.953264
-10.028652 31.339994 -3.226507
-9.978466 31.338261 -3.382411
-9.824565 31.347364 -3.553329
-10.133843 31.341026 -3.212900
-10.485249 31.323999 -2.728165
-10.220467 31.332096 -3.020724
-9.815991 31.347046 -3.568560
-10.420717 31.334724 -2.709586
-10.073098 31.342186 -3.189296
-9.861572 31.357676 -3.324059
-9.772968 31.376089 -3.300622
-10.196509 31.342113 -2.956417
-10.003976 31.351776 -3.169431
-9.895174 31.343603 -3.393356
-9.918077 31.347181 -3.472751
-9.976779 31.363022 -3.093987
-9.827790 31.369617 -3.257452
-9.773952 31.373837 -3.445809
-9.739717 31.360746 -3.481169
-10.123107 31.358337 -2.941387
-9.677433 31.373960 -3.429337
-9.778605 31.359829 -3.444709
-9.699802 31.376083 -3.410085
-9.934779 31.363159 -3.154625
-10.355539 31.348398 -2.695436
-10.174138 31.340685 -2.891980
-10.344119 31.318762 -3.022372
-9.732748 31.379883 -3.381272
-9.841769 31.350033 -3.487493
-9.825928 31.354588 -3.511857
-9.799495 31.339569 -3.538253
-9.882016 31.361406 -3.355309
-10.290245 31.328571 -3.003980
-10.078942 31.333853 -3.336674
-10.471361 31.310986 -2.805807
-10.491145 31.306143 -2.881958
-9.952507 31.345049 -3.382467
-9.901918 31.341427 -3.536858
-10.038271 31.351532 -3.190598
-10.224323 31.339548 -2.985487
-10.270767 31.314917 -3.128029
-10.064020 31.333775 -3.259993
-10.167233 31.328091 -3.245319
-10.015474 31.336771 -3.416846
-10.254286 31.329157 -3.055170
-9.860100 31.340944 -3.589659
-9.850248 31.341944 -3.603614
-10.108399 31.336056 -3.221367
-9.896711 31.350565 -3.356102
-10.231069 31.332069 -2.988250
-9.809630 31.365715 -3.331693
-10.040119 31.346558 -3.200825
-9.930741 31.338356 -3.426913
-9.950909 31.330122 -3.507791
-10.012009 31.356998 -3.124663
-9.863054 31.359491 -3.288590
-9.810682 31.367455 -3.477843
-9.777163 31.358292 -3.513428
-10.423508 31.333817 -2.682286
-10.160083 31.349937 -2.972521
-9.714662 31.362427 -3.461030
-9.814132 31.350576 -3.477316
-9.738749 31.374464 -3.440922
-9.971053 31.354919 -3.185117
-10.207285 31.334991 -2.923448
-10.392292 31.343121 -2.726040
-10.378493 31.311810 -3.053684
-9.768579 31.368597 -3.413033
-9.877707 31.346741 -3.521166
-9.835438 31.336275 -3.571931
-9.861334 31.348347 -3.545366
-10.324428 31.324739 -3.034800
-9.917130 31.346178 -3.386826
-10.112424 31.316713 -3.370947
-10.506013 31.304846 -2.839971
-9.934937 31.325340 -3.571952
-10.260220 31.329334 -3.015828
-10.525985 31.300976 -2.916174
-10.098180 31.328772 -3.293601
-9.988041 31.331686 -3.415493
-10.479859 31.315388 -2.773674
-10.202006 31.318993 -3.277207
-10.073833 31.342194 -3.224578
-10.305700 31.309650 -3.163683
-10.049997 31.337816 -3.450128
-10.289279 31.320965 -3.088509
-9.893711 31.331810 -3.625888
-9.882982 31.323797 -3.640011
-10.144065 31.331877 -3.253540
-9.932765 31.344255 -3.388858
-10.265991 31.323977 -3.020185
-9.846106 31.358446 -3.362254
-10.076805 31.344273 -3.232375
-9.966558 31.333986 -3.461925
-10.046160 31.349167 -3.154552
-9.985890 31.324837 -3.543486
-9.899217 31.354263 -3.319996
-9.845861 31.356224 -3.510331
-9.813072 31.346891 -3.546586
-10.196694 31.343658 -3.003090
-9.753066 31.361946 -3.491247
-9.776261 31.369070 -3.470858
-10.242317 31.327978 -2.954031
-9.850737 31.347204 -3.510247
-10.413232 31.306810 -3.085098
-10.008061 31.346497 -3.216264
-10.429620 31.329735 -2.753961
-9.805423 31.363281 -3.443708
-9.913783 31.340408 -3.553921
-9.871939 31.331814 -3.606209
-10.360380 31.318516 -3.066086
-9.953303 31.340931 -3.418221
-9.896660 31.332821 -3.581105
-10.541225 31.294697 -2.871011
-10.514209 31.308443 -2.804962
-10.296657 31.322056 -3.046324
-10.148834 31.315186 -3.407504
-10.133369 31.325642 -3.326568
-10.023423 31.329533 -3.448530
-9.970759 31.325048 -3.606515
-10.108824 31.342188 -3.257051
-10.237206 31.311756 -3.310604
-10.562236 31.291449 -2.950745
-10.341613 31.302248 -3.197730
-10.084402 31.321472 -3.485119
-10.324444 31.317839 -3.121451
-9.927636 31.320618 -3.661254
-10.179379 31.325720 -3.285591
-10.300421 31.321030 -3.052464
-9.918506 31.325544 -3.675434
-9.968339 31.338993 -3.422401
-9.883981 31.350914 -3.392728
-10.113678 31.342957 -3.263971
-10.002306 31.333794 -3.495074
-10.081821 31.344992 -3.186727
-9.935206 31.348040 -3.351337
-10.022262 31.323389 -3.578651
-9.880343 31.336950 -3.543029
-9.849511 31.342524 -3.579456
-9.789578 31.350554 -3.522250
-10.276062 31.329214 -2.986613
-10.234526 31.336134 -3.033515
-10.447669 31.303841 -3.117356
-9.886635 31.339888 -3.542945
-9.813859 31.359474 -3.502637
-10.045611 31.341009 -3.247568
-9.842287 31.353855 -3.474816
-10.467420 31.322220 -2.784353
-9.948010 31.327175 -3.588427
-10.396237 31.304260 -3.095434
-9.906709 31.321526 -3.640886
-9.931427 31.322531 -3.615779
-9.991645 31.343361 -3.450718
-10.575024 31.295826 -2.904957
-10.548923 31.303450 -2.836351
-10.272221 31.307621 -3.343492
-10.144143 31.336027 -3.289103
-10.059851 31.325153 -3.481369
-10.334007 31.315577 -3.077530
-10.169117 31.321344 -3.360136
-10.184486 31.305706 -3.442865
-10.004581 31.308672 -3.643662
-10.598611 31.282980 -2.983954
-10.119694 31.314123 -3.519934
-10.359271 31.308638 -3.154715
-10.378134 31.297686 -3.233341
-10.215724 31.321436 -3.317002
-9.963730 31.317099 -3.697720
-10.335586 31.317902 -3.085400
-9.921375 31.344431 -3.423989
-10.149842 31.337698 -3.295335
-9.939648 31.197685 -3.726493
-10.005122 31.336586 -3.455359
-10.036695 31.325636 -3.529178
-10.117085 31.334833 -3.217816
-9.971395 31.338686 -3.383165
-10.056363 31.313164 -3.614049
-9.917807 31.334455 -3.575253
-10.311236 31.319149 -3.016267
-9.886084 31.335114 -3.611406
-10.271507 31.331793 -3.064174
-9.827361 31.341927 -3.554076
-10.483403 31.292593 -3.147598
-9.922539 31.332560 -3.575632
-9.850210 31.342989 -3.534014
-10.083833 31.335428 -3.278118
-9.878479 31.348593 -3.506212
-10.503756 31.321972 -2.816689
-9.983816 31.314661 -3.622900
-10.432559 31.299974 -3.126812
-9.944927 31.335150 -3.673407
-10.028026 31.334969 -3.482592
-9.966737 31.315176 -3.650609
-10.610299 31.289658 -2.936942
-10.584805 31.293205 -2.866632
-10.178663 31.313808 -3.319434
-10.369958 31.313431 -3.108362
-10.308289 31.297161 -3.376626
-10.204664 31.303844 -3.393558
-10.097013 31.320589 -3.514864
-10.040789 31.306215 -3.678760
-10.220987 31.297115 -3.477528
-10.155297 31.304716 -3.553886
-10.395625 31.296146 -3.186982
-10.251867 31.303949 -3.348267
-10.370656 31.306742 -3.116395
-10.414418 31.292217 -3.267480
-9.992728 31.255365 -3.742063
-10.039944 31.323359 -3.487694
-10.186115 31.317194 -3.325698
-9.959314 31.340879 -3.455407
-9.990259 31.324818 -3.745953
-10.153118 31.332596 -3.250083
-10.072865 31.310982 -3.564192
-10.008115 31.336365 -3.414708
-10.091390 31.299639 -3.650600
-10.346595 31.310053 -3.045967
-9.954446 31.326944 -3.608597
-9.922190 31.324654 -3.644587
-10.518033 31.290581 -3.179893
-9.864958 31.336403 -3.585392
-10.309710 31.326206 -3.094689
-9.887089 31.333534 -3.565103
-9.959907 31.324875 -3.609641
-10.121576 31.330894 -3.309456
-9.915739 31.332907 -3.538295
-10.543155 31.308220 -2.843754
-10.020152 31.309179 -3.657088
-10.468032 31.298870 -3.158425
-9.976184 31.287531 -3.712890
-10.002348 31.309862 -3.684133
-10.065117 31.334593 -3.514237
-10.618855 31.292364 -2.898304
-10.647100 31.280203 -2.967930
-10.214722 31.307453 -3.352131
-10.344529 31.291769 -3.409362
-10.407986 31.306845 -3.138805
-10.132748 31.308153 -3.547904
-10.240129 31.297464 -3.428402
-10.075981 31.301861 -3.714480
-10.256460 31.290724 -3.512370
-10.190960 31.299303 -3.588793
-10.638010 31.297543 -2.889279
-10.405286 31.304739 -3.148703
-10.431348 31.295927 -3.220061
-10.288286 31.299545 -3.381065
-10.034458 31.318558 -3.768407
-10.451439 31.286566 -3.302273
-10.076214 31.313875 -3.520906
-9.997566 31.335272 -3.485959
-10.224234 31.310507 -3.357573
-10.025641 31.321438 -3.781736
-10.189646 31.329285 -3.281542
-10.108171 31.303610 -3.598996
-10.045340 31.328871 -3.445885
-10.380848 31.310190 -3.077723
-10.127846 31.298056 -3.687144
-10.553703 31.286341 -3.211991
-9.991923 31.324421 -3.640801
-9.958186 31.313107 -3.679110
-9.902560 31.330864 -3.616698
-10.348058 31.313482 -3.124724
-9.923971 31.324066 -3.596181
-9.996552 31.317348 -3.642973
-10.158956 31.328480 -3.340230
-9.952480 31.330563 -3.569838
-10.582175 31.303532 -2.873538
-10.056135 31.301720 -3.691154
-10.506562 31.287104 -3.188495
-10.015241 31.310230 -3.743820
-10.655540 31.278990 -2.926913
-10.037745 31.298286 -3.720794
-10.102209 31.313799 -3.546674
-10.250416 31.303217 -3.384265
-10.380292 31.287424 -3.442887
-10.445302 31.296316 -3.169016
-10.168845 31.297668 -3.581044
-10.277287 31.292877 -3.461862
-10.292668 31.284147 -3.547868
-10.112742 31.302322 -3.749727
-10.441569 31.296423 -3.179103
-10.468071 31.285374 -3.252419
-10.227863 31.284447 -3.624441
-10.325197 31.294069 -3.413055
-10.112300 31.307497 -3.553611
-10.260594 31.306190 -3.388962
-10.033558 31.316790 -3.517183
-10.488961 31.275740 -3.336700
-10.225382 31.305819 -3.311718
-10.144138 31.300243 -3.632606
-10.081008 31.316528 -3.477514
-10.417253 31.298857 -3.107213
-10.163602 31.288427 -3.723898
-10.028586 31.312782 -3.674567
-9.996021 31.316631 -3.710977
-9.940361 31.322195 -3.648490
-10.385596 31.312046 -3.155519
-9.962307 31.318344 -3.628139
-10.033742 31.312754 -3.676463
-10.197653 31.309591 -3.369866
-9.989443 31.316891 -3.602752
-10.620844 31.296865 -2.903200
-10.543577 31.278599 -3.219543
-10.093214 31.296038 -3.725987
-10.138975 31.303230 -3.579070
-10.052855 31.311592 -3.778383
-10.068149 31.181906 -3.772120
-10.286307 31.295851 -3.416887
-10.483151 31.292822 -3.198941
-10.418676 31.277485 -3.476633
-10.206944 31.289776 -3.615671
-10.312935 31.291550 -3.496301
-10.478280 31.289967 -3.211012
-10.145584 31.178114 -3.805391
-10.331005 31.277136 -3.583942
-10.264266 31.278833 -3.659993
-10.362843 31.288406 -3.445700
-10.505221 31.276680 -3.286285
-10.149110 31.305033 -3.586529
-10.298534 31.302593 -3.420318
-10.071346 31.308115 -3.548955
-10.261307 31.303726 -3.341141
-10.117410 31.304003 -3.509798
-10.181401 31.291439 -3.667922
-10.453164 31.292669 -3.137052
-10.200185 31.266226 -3.764041
-10.066457 31.303995 -3.707746
-10.024898 31.204784 -3.759115
-9.977322 31.312609 -3.680959
-10.425958 31.294960 -3.183744
-10.068836 31.300365 -3.710238
-10.001841 31.319576 -3.659069
-10.235234 31.304033 -3.401116
-10.027962 31.312138 -3.634751
-10.130307 31.286243 -3.761251
-10.177014 31.295425 -3.612288
-10.111866 31.307402 -3.788245
-10.324515 31.284933 -3.450582
-10.455179 31.272942 -3.510804
-10.522408 31.284964 -3.229219
-10.243277 31.288351 -3.649371
-10.350251 31.275709 -3.529715
-10.514763 31.278505 -3.241890
-10.185170 31.292044 -3.823061
-10.400134 31.280767 -3.478224
-10.301035 31.275173 -3.695647
-10.368863 31.271170 -3.620805
-10.185946 31.294357 -3.620320
-10.336982 31.289724 -3.451753
-10.110394 31.306307 -3.581112
-10.297668 31.299397 -3.372519
-10.155174 31.303518 -3.540678
-10.488099 31.292694 -3.168046
-10.217821 31.281723 -3.703924
-10.238144 31.251961 -3.803223
-10.104132 31.302418 -3.739989
-10.014127 31.293831 -3.714257
-10.071443 31.313389 -3.776878
-10.464361 31.290302 -3.214286
-10.039469 31.309900 -3.690795
-10.108217 31.320999 -3.740310
-10.274024 31.301334 -3.431796
-10.065641 31.306469 -3.667442
-10.166324 31.223120 -3.806566
-10.214879 31.286629 -3.645461
-10.149210 31.302584 -3.824548
-10.361498 31.283436 -3.483542
-10.280840 31.281588 -3.683394
-10.388036 31.273939 -3.564746
-10.221850 31.287296 -3.860100
-10.439186 31.274832 -3.510796
-10.339584 31.265018 -3.732234
-10.223519 31.283501 -3.654793
-10.407099 31.263060 -3.658238
-10.375803 31.278805 -3.483308
-10.149215 31.303591 -3.611814
-10.334910 31.287756 -3.404101
-10.524884 31.283285 -3.197643
-10.192302 31.298994 -3.572748
-10.255642 31.275839 -3.739412
-10.138782 31.202736 -3.787941
-10.108483 31.307772 -3.810311
-10.276861 31.229313 -3.843953
-10.045244 31.178524 -3.762059
-10.504107 31.285471 -3.243340
-10.140768 31.187775 -3.793964
-10.079015 31.315207 -3.721288
-10.312828 31.298616 -3.462474
-10.103819 31.299725 -3.699332
-10.205008 31.294163 -3.829314
-10.252566 31.280935 -3.678129
-10.399479 31.271605 -3.515777
-10.319341 31.267420 -3.719009
-10.426636 31.260849 -3.598994
-10.258796 31.279322 -3.899034
-10.377659 31.255907 -3.769608
-10.260724 31.278864 -3.688258
-10.371293 31.283396 -3.435478
-10.414856 31.276962 -3.515434
-10.187576 31.293726 -3.644186
-10.561852 31.274845 -3.227286
-10.229625 31.291342 -3.605304
-10.292811 31.265923 -3.776074
-10.179880 31.275417 -3.809985
-10.093939 31.312456 -3.775022
-10.543744 31.279552 -3.273737
-10.115110 31.270807 -3.759309
-10.182570 31.298346 -3.809944
-10.140788 31.294201 -3.731345
-10.352313 31.291710 -3.492840
-10.242848 31.288258 -3.864797
-10.292193 31.277924 -3.710877
-10.436667 31.266960 -3.549216
-10.358378 31.260284 -3.754341
-10.299032 31.271906 -3.722931
-10.454226 31.268963 -3.547137
-10.409133 31.282784 -3.467735
-10.226236 31.285904 -3.675252
-10.268347 31.283426 -3.637773
-10.332665 31.250317 -3.814361
-10.218460 31.291006 -3.841168
-10.132315 31.306669 -3.806955
-10.153445 31.197184 -3.802392
-10.220963 31.291285 -3.846035
-10.179328 31.293495 -3.762887
-10.392548 31.276419 -3.524740
-10.281685 31.274858 -3.903281
-10.330990 31.269896 -3.744744
-10.447962 31.271837 -3.499264
-10.337902 31.259682 -3.758644
-10.266730 31.275591 -3.708189
-10.306229 31.274595 -3.670918
-10.372419 31.225426 -3.854871
-10.170777 31.292578 -3.841166
-10.257522 31.283855 -3.876506
-10.194396 31.290533 -3.819421
-10.259845 31.283152 -3.881315
-10.218562 31.224770 -3.806234
-10.433802 31.267101 -3.555557
-10.371920 31.257334 -3.779625
-10.306129 31.267572 -3.739900
-10.345140 31.267637 -3.703422
-10.234527 31.290533 -3.850924
-10.258625 31.257565 -3.834213
-10.346809 31.258215 -3.772872
-10.383759 31.258608 -3.737213
-10.274085 31.278208 -3.885888
-10.297518 31.275183 -3.864079
