# .PCD v0.7 - Point Cloud Data file format
VERSION 0.7
FIELDS x y z
SIZE 4 4 4
TYPE F F F
COUNT 1 1 1
WIDTH 12990
HEIGHT 1
VIEWPOINT 0 0 0 1
POINTS 12990
DATA ascii
-17.444042 48.258701 -5.992299
-17.639162 48.234119 -6.153315
-17.173624 48.296997 -5.893628
-17.500048 48.250698 -6.196090
-17.175592 48.284409 -6.063714
-17.195133 48.280231 -5.635881
-18.300846 48.203239 -6.448164
-17.442003 48.220978 -6.993458
-18.368431 48.198505 -6.311275
-18.019608 48.211304 -6.355083
-18.271509 48.212013 -6.157375
-18.081364 48.217827 -6.434708
-18.200708 48.194557 -6.376052
-17.276398 48.239182 -6.884790
-18.119547 48.214348 -6.230737
-17.467691 48.237034 -6.748185
-18.014683 48.217079 -6.085072
-17.829922 48.233116 -6.290258
-17.386837 48.246693 -6.663809
-17.845592 48.230186 -6.350583
-18.032051 48.204414 -6.434814
-17.134996 48.257866 -6.792201
-17.956850 48.210258 -6.289215
-17.453407 48.246552 -6.447133
-17.411142 48.240753 -6.772983
-18.253059 48.227043 -5.884268
-17.907688 48.230305 -6.162239
-17.456598 48.243225 -6.544825
-17.482277 48.232582 -6.757259
-17.075916 48.255833 -6.853420
-18.236280 48.217880 -5.974760
-17.843681 48.235352 -6.032393
-18.275057 48.219952 -6.084148
-17.324156 48.261879 -6.670256
-17.648874 48.250443 -6.228812
-17.248537 48.268341 -6.591400
-18.103088 48.240715 -5.777713
-17.668398 48.249413 -6.284403
-17.723801 48.241211 -6.368438
-17.381788 48.256729 -6.813446
-17.814476 48.224617 -6.348848
-16.993334 48.269451 -6.699797
-17.768503 48.231201 -6.220150
-18.208885 48.218117 -5.943778
-17.312244 48.263103 -6.379257
-17.250402 48.258934 -6.680767
-18.035610 48.239765 -5.838873
-17.733885 48.248516 -6.102436
-17.316214 48.265186 -6.471714
-18.164526 48.224968 -5.796684
-17.684393 48.250721 -5.983263
-17.313553 48.255131 -6.562384
-16.940561 48.271721 -6.760049
-18.008913 48.230629 -5.920679
-17.483881 48.265293 -6.171023
-17.167097 48.275951 -6.584872
-18.046841 48.236542 -6.021842
-17.312111 48.254513 -6.659499
-17.098333 48.280788 -6.514523
-17.895035 48.249454 -5.740680
-17.491791 48.262383 -6.219167
-17.510714 48.247288 -6.286408
-17.200939 48.267757 -6.705410
-16.873131 48.282112 -6.620627
-17.600636 48.250866 -6.157728
-17.175421 48.274857 -6.313204
-17.997185 48.235855 -5.889657
-17.861567 48.257244 -5.800291
-17.099796 48.273193 -6.594803
-17.567335 48.262432 -6.045966
-17.164345 48.275822 -6.394665
-17.546034 48.268013 -5.938198
-17.962324 48.239594 -5.752418
-17.166054 48.271519 -6.482319
-16.829020 48.290333 -6.680790
-17.829262 48.248440 -5.874931
-17.329756 48.276302 -6.117379
-17.034323 48.290840 -6.511332
-17.850439 48.251331 -5.966336
-16.967857 48.291874 -6.446398
-17.158451 48.272377 -6.571638
-17.729143 48.264240 -5.709123
-17.427086 48.266766 -6.311289
-17.348433 48.279110 -6.164743
-17.380342 48.270386 -6.232007
-17.054861 48.283653 -6.616816
-17.464071 48.265263 -6.207527
-17.055820 48.287727 -6.254636
-17.440044 48.266342 -6.097228
-17.691860 48.269932 -5.763534
-17.805304 48.252579 -5.840060
-17.425858 48.277473 -5.996409
-16.965437 48.286625 -6.516863
-17.402931 48.276695 -5.894497
-17.035519 48.288567 -6.328120
-17.785805 48.254429 -5.712873
-17.674440 48.265514 -5.834525
-17.192060 48.287704 -6.069019
-16.896975 48.298218 -6.437826
-17.019827 48.281506 -6.403899
-17.685808 48.269306 -5.918732
-17.591309 48.280987 -5.681759
-17.004559 48.283154 -6.483921
-17.280130 48.282719 -6.247517
-17.199678 48.287491 -6.109565
-17.232090 48.282188 -6.171432
-16.920425 48.296314 -6.535974
-17.303030 48.277119 -6.142475
-17.288786 48.277180 -6.040782
-17.536968 48.281448 -5.729071
-17.282875 48.286606 -5.947068
-17.272663 48.285423 -5.853863
-16.847567 48.301098 -6.448515
-17.635214 48.267075 -5.794215
-17.067747 48.298012 -6.024354
-17.532183 48.280655 -5.797023
-17.644613 48.272263 -5.677732
-17.516361 48.277908 -5.869596
-17.641668 48.281116 -5.561322
-17.442505 48.290268 -5.652194
-17.078623 48.300613 -6.062341
-16.896967 48.305130 -6.418472
-17.144894 48.295784 -6.187268
-17.095665 48.291981 -6.115872
-16.820492 48.317085 -6.472691
-17.156202 48.288719 -6.081908
-17.166464 48.291470 -5.993629
-17.406509 48.294468 -5.697993
-17.164297 48.298008 -5.816754
-17.156317 48.296135 -5.903013
-17.491074 48.283760 -5.753252
-17.369881 48.284508 -5.756861
-17.494650 48.283157 -5.642598
-17.377411 48.290878 -5.828431
-17.505159 48.291679 -5.532784
-17.304037 48.296967 -5.624734
-16.974836 48.315079 -6.019781
-17.020929 48.307980 -6.131404
-16.981642 48.304264 -6.067286
-17.267988 48.300514 -5.666225
-17.036774 48.302967 -6.030542
-17.347511 48.294205 -5.713227
-17.253862 48.298717 -5.724710
-17.362429 48.293499 -5.609859
-17.245895 48.300766 -5.787864
-17.389593 48.304279 -5.506899
-17.513859 48.281960 -5.477524
-17.148161 48.307831 -5.637722
-17.153084 48.314835 -5.693684
-17.221117 48.305115 -5.676377
-17.237881 48.302624 -5.579288
-17.259930 48.307583 -5.481457
-17.137625 48.314102 -5.753650
-17.302870 48.313927 -5.381973
-17.420887 48.303467 -5.454154
-17.308661 48.314419 -5.430326
-18.262814 48.241669 -6.423168
-18.124174 48.251186 -6.379055
-17.237322 48.279140 -7.035614
-17.293518 48.295544 -7.012709
-18.018919 48.266663 -6.342552
-17.369131 48.284046 -6.819448
-17.160683 48.288105 -6.971601
-17.433746 48.298798 -6.786676
-17.215967 48.302677 -6.946504
-18.119757 48.249557 -6.418969
-17.590065 48.277328 -6.581839
-17.902931 48.275379 -6.304307
-17.288774 48.292160 -6.764566
-17.426918 48.275249 -6.885816
-18.228363 48.266323 -5.954597
-17.363052 48.310707 -6.735553
-17.092747 48.298855 -6.914810
-17.152456 48.314884 -6.891220
-17.507820 48.288303 -6.539057
-18.005083 48.263268 -6.377358
-17.786947 48.278030 -6.266568
-17.521793 48.269901 -6.992268
-17.208754 48.297146 -6.711709
-18.116646 48.276031 -5.933406
-17.023306 48.302761 -6.857069
-17.347746 48.287315 -6.828950
-18.294670 48.257523 -6.023890
-17.291309 48.319698 -6.685035
-17.523592 48.286247 -7.009818
-17.842180 48.301094 -6.199396
-17.082439 48.319889 -6.832807
-17.420574 48.292862 -6.494600
-17.904541 48.276249 -6.338698
-17.697456 48.288498 -6.235020
-17.540321 48.286350 -6.579274
-18.024214 48.257359 -6.432899
-17.146540 48.308849 -6.667745
-17.419415 48.277161 -6.918028
-18.174337 48.266350 -5.998329
-17.218990 48.323730 -6.634347
-18.006094 48.283543 -5.913571
-16.965942 48.313046 -6.808156
-17.264503 48.294849 -6.771192
-17.763441 48.312305 -6.168686
-17.425657 48.295002 -6.935675
-17.306530 48.313221 -6.769419
-17.025784 48.330116 -6.783192
-17.345896 48.301800 -6.456784
-17.799908 48.284653 -6.300556
-17.614147 48.297173 -6.205595
-17.081917 48.318356 -6.913672
-17.455671 48.294704 -6.532846
-18.267076 48.253845 -6.086126
-17.918102 48.271126 -6.389962
-17.080824 48.314922 -6.623559
-17.329124 48.284779 -6.851707
-17.155504 48.330578 -6.589502
-17.673025 48.314831 -6.136862
-18.074467 48.279804 -5.974553
-17.900928 48.288418 -5.893704
-17.194170 48.303677 -6.720679
-17.337597 48.303394 -6.868697
-18.027248 48.311317 -5.825787
-16.961021 48.331413 -6.727544
-17.239351 48.324703 -6.719030
-17.274611 48.309311 -6.419665
-17.692472 48.287319 -6.262901
-17.513243 48.274769 -7.030328
-17.470011 48.317291 -6.501294
-17.533539 48.304527 -6.176158
-17.466995 48.288376 -7.055079
-17.378807 48.303001 -6.491446
-18.149122 48.264523 -6.057112
-17.798815 48.275421 -6.344455
-17.018484 48.319530 -6.581480
-17.595798 48.320766 -6.108116
-17.088537 48.331844 -6.543025
-17.964422 48.285355 -5.951116
-17.491636 48.286884 -6.585611
-17.245935 48.292450 -6.789710
-17.814817 48.298077 -5.875608
-16.854801 48.327991 -6.715842
-17.126621 48.312092 -6.673015
-16.905170 48.336430 -6.680597
-17.161837 48.326481 -6.663266
-17.255943 48.311939 -6.805333
-17.205889 48.314468 -6.383909
-17.614569 48.299458 -6.231525
-17.401167 48.277466 -6.945223
-17.386312 48.321514 -6.454745
-17.288568 48.330658 -6.336530
-17.457941 48.312237 -6.148909
-17.372242 48.299831 -6.979643
-18.046951 48.276337 -6.029715
-17.296368 48.305981 -6.447695
-17.699823 48.283215 -6.304934
-18.255028 48.255184 -6.156564
-16.965107 48.327999 -6.543868
-17.525694 48.326836 -6.080863
-17.030397 48.335926 -6.502388
-17.865021 48.290649 -5.928487
-17.727535 48.303822 -5.858076
-17.862968 48.325687 -5.789496
-17.405388 48.293507 -6.536279
-17.170401 48.299026 -6.734118
-17.060827 48.317265 -6.625968
-17.443563 48.316750 -6.553012
-16.854214 48.340813 -6.635801
-17.100603 48.334145 -6.616352
-17.145910 48.321541 -6.351135
-17.179750 48.318710 -6.746211
-17.530241 48.305302 -6.199875
-17.230801 48.338459 -6.304509
-17.320198 48.330513 -6.415606
-17.319393 48.291077 -6.881310
-17.380365 48.315147 -6.121479
-17.573231 48.323586 -6.167744
-17.282040 48.307674 -6.906260
-17.231628 48.314724 -6.411390
-17.943731 48.285236 -6.002921
-17.609921 48.289837 -6.269001
-17.459099 48.332478 -6.054340
-18.140989 48.268581 -6.122727
-16.906036 48.330151 -6.503869
-17.977238 48.303650 -5.999662
-16.978197 48.342247 -6.464719
-17.775669 48.296749 -5.907403
-17.787165 48.332165 -5.770690
-17.648914 48.310574 -5.840668
-17.331472 48.302517 -6.493519
-17.105795 48.308155 -6.685091
-17.004572 48.325195 -6.584064
-17.360018 48.322056 -6.503670
-17.039011 48.338787 -6.570749
-17.085690 48.326584 -6.319707
-17.456774 48.312832 -6.170515
-17.113541 48.326103 -6.694282
-17.165937 48.340115 -6.270093
-17.255243 48.337322 -6.377821
-17.236933 48.298737 -6.817194
-17.316092 48.322456 -6.097161
-16.847216 48.343597 -6.699768
-17.507938 48.334171 -6.139277
-17.834665 48.286732 -5.976525
-17.167358 48.321381 -6.375730
-17.452337 48.294262 -6.596608
-17.386889 48.332706 -6.028286
-17.206339 48.318504 -6.844444
-17.720701 48.285294 -6.357304
-17.535542 48.301594 -6.236941
-16.868919 48.344460 -6.476515
-18.028591 48.277740 -6.089474
-16.927866 48.346321 -6.427701
-17.708769 48.334843 -5.753850
-17.695078 48.304802 -5.887893
-17.569933 48.314301 -5.824568
-17.263264 48.311779 -6.453658
-17.043856 48.315880 -6.638875
-16.947268 48.330212 -6.542761
-17.545280 48.316940 -6.226992
-17.285086 48.328239 -6.458691
-16.982416 48.343746 -6.528744
-17.032827 48.333748 -6.289843
-17.379805 48.314732 -6.140930
-17.116684 48.347843 -6.240987
-17.049425 48.333191 -6.644492
-17.190758 48.342041 -6.340681
-17.252995 48.327621 -6.072785
-17.735754 48.326736 -5.845994
-17.159239 48.304722 -6.756609
-17.430296 48.336224 -6.107574
-17.754349 48.296902 -5.952840
-17.105650 48.325684 -6.341431
-17.340237 48.344929 -6.007137
-17.371351 48.303272 -6.548116
-17.630013 48.334492 -5.738317
-17.451597 48.304440 -6.203069
-17.621401 48.290195 -6.314850
-16.897509 48.363808 -6.402647
-17.921549 48.284172 -6.059012
-17.126471 48.323853 -6.780287
-17.620800 48.312099 -5.869127
-17.505688 48.322357 -5.808764
-17.193768 48.316139 -6.414325
-16.895763 48.336430 -6.505800
-16.986811 48.322968 -6.594812
-16.981930 48.339607 -6.262074
-17.471172 48.324715 -6.192686
-17.064049 48.350937 -6.211691
-16.931639 48.349953 -6.489672
-17.218765 48.335297 -6.418073
-17.314028 48.321255 -6.115153
-17.131975 48.347012 -6.306437
-16.987755 48.336933 -6.596029
-17.197943 48.334801 -6.050678
-17.659048 48.331367 -5.824996
-17.084791 48.308205 -6.699512
-17.367342 48.342472 -6.080403
-17.279482 48.345798 -5.982636
-17.667593 48.300728 -5.930288
-17.047550 48.330505 -6.309309
-17.573606 48.342670 -5.721888
-17.383055 48.311420 -6.173031
-17.289793 48.307320 -6.499452
-17.542507 48.299591 -6.278416
-17.819305 48.289013 -6.029258
-17.553658 48.319576 -5.850442
-17.060301 48.331337 -6.725533
-17.444256 48.330086 -5.792981
-17.700850 48.322464 -5.919380
-17.137676 48.325851 -6.379557
-16.858786 48.351776 -6.477074
-16.929646 48.329021 -6.552133
-17.011187 48.352043 -6.182330
-16.947109 48.355518 -6.239758
-17.256199 48.328850 -6.090201
-16.888418 48.360176 -6.455057
-17.406616 48.335289 -6.162109
-17.152914 48.340267 -6.378100
-17.526415 48.320320 -6.287485
-17.075180 48.350727 -6.272880
-16.932011 48.342869 -6.551948
-17.140337 48.338276 -6.027718
-17.591101 48.337959 -5.805568
-17.304853 48.346630 -6.053875
-17.028244 48.319359 -6.652761
-17.241791 48.328030 -6.499034
-17.226295 48.350727 -5.961179
-17.510878 48.345497 -5.706625
-17.605272 48.312771 -5.908975
-17.002037 48.339790 -6.281002
-17.315792 48.317204 -6.144383
-17.222891 48.315472 -6.458151
-17.459524 48.304409 -6.242495
-17.731539 48.296112 -6.002559
-17.487101 48.325954 -5.832436
-17.753786 48.317131 -6.020476
-17.382597 48.335831 -5.777131
-17.621372 48.327507 -5.895539
-16.989271 48.333450 -6.667728
-17.069832 48.325974 -6.340814
-16.878063 48.334339 -6.512312
-17.201994 48.337009 -6.066017
-17.338562 48.340229 -6.131308
-17.094978 48.346218 -6.341777
-17.025841 48.357513 -6.242333
-17.446611 48.327839 -6.250282
-17.089371 48.343929 -6.007018
-17.521290 48.340740 -5.785994
-16.889036 48.355122 -6.515988
-17.248220 48.352127 -6.027456
-17.173595 48.353615 -5.938954
-17.452597 48.349819 -5.691464
-16.967390 48.323990 -6.605040
-17.528456 48.316402 -5.887938
-16.958843 48.350754 -6.254900
-17.261017 48.326504 -6.118103
-17.393463 48.314194 -6.210454
-17.158674 48.322266 -6.418249
-17.656878 48.305721 -5.976084
-17.414932 48.326920 -5.814897
-17.317654 48.337883 -5.762537
-17.559673 48.338547 -5.872087
-17.667469 48.324162 -5.990973
-16.934599 48.342350 -6.621634
-17.026997 48.339958 -6.313399
-16.845055 48.353230 -6.484457
-17.135998 48.335487 -6.040678
-17.274015 48.344742 -6.101238
-17.036703 48.349194 -6.305352
-17.924599 48.321815 -5.746884
-16.986164 48.368092 -6.215546
-17.461061 48.346413 -5.767324
-17.052187 48.358006 -5.988161
-17.128942 48.358517 -5.918997
-17.195080 48.357147 -6.003178
-17.399347 48.354546 -5.677074
-16.914679 48.331543 -6.562456
-17.461824 48.321873 -5.867072
-17.107613 48.340504 -6.412079
-17.200068 48.331486 -6.091621
-17.362064 48.334705 -5.797786
-17.587099 48.314640 -5.953171
-17.325531 48.320122 -6.179681
-17.097031 48.326698 -6.379710
-17.263130 48.343758 -5.748182
-17.493063 48.344067 -5.849811
-17.586769 48.330490 -5.962923
-16.967663 48.339962 -6.278987
-16.875652 48.344772 -6.573162
-17.095798 48.347939 -6.020319
-17.209951 48.347160 -6.071814
-16.995193 48.362064 -6.276510
-17.399082 48.349216 -5.749955
-17.350321 48.358818 -5.661296
-17.137844 48.357574 -5.979409
-17.310724 48.344994 -6.181154
-17.406275 48.331017 -5.848561
-16.867884 48.341282 -6.524252
-17.051226 48.347321 -6.374388
-17.146231 48.336597 -6.066626
-17.303814 48.339062 -5.781214
-17.512432 48.318130 -5.928610
-17.266354 48.327999 -6.150479
-17.038994 48.331646 -6.343350
-17.205095 48.343990 -5.733596
-17.417088 48.342564 -5.828614
-16.935789 48.356579 -6.255312
-17.667778 48.334618 -5.594151
-17.802780 48.311230 -5.647258
-17.514706 48.337780 -5.936407
-17.052204 48.355751 -5.999767
-16.833521 48.357948 -6.536541
-17.156254 48.353317 -6.045450
-17.351131 48.356453 -5.732169
-17.305840 48.365540 -5.647063
-17.755890 48.333828 -5.706241
-17.095791 48.366268 -5.957492
-17.247028 48.350475 -6.149004
-17.346649 48.335625 -5.829151
-16.821556 48.348934 -6.486691
-17.091576 48.340775 -6.042304
-17.250584 48.343819 -5.765412
-16.994617 48.352154 -6.336632
-17.446524 48.323582 -5.905622
-17.203104 48.331348 -6.120378
-17.157705 48.350044 -5.719318
-16.989912 48.340454 -6.311458
-17.366600 48.352203 -5.808060
-17.605417 48.340427 -5.579000
-17.749197 48.325153 -5.630344
-17.446724 48.343544 -5.911295
-17.244267 48.360054 -5.635068
-17.298515 48.360210 -5.714221
-17.107580 48.359871 -6.019858
-17.680830 48.340244 -5.686740
-17.291216 48.339699 -5.811177
-17.178671 48.352478 -6.116694
-17.050348 48.350399 -6.019717
-17.200283 48.349247 -5.749667
-17.386450 48.330322 -5.884156
-17.147072 48.335777 -6.093214
-16.952547 48.366165 -6.305707
-16.948164 48.351334 -6.282541
-17.306059 48.354935 -5.787878
-17.697733 48.338856 -5.612742
-17.551254 48.349342 -5.563336
-17.380039 48.348156 -5.886164
-17.249498 48.364483 -5.698447
-17.064026 48.367779 -5.996486
-17.612080 48.345905 -5.667984
-17.241062 48.346207 -5.792640
-17.121853 48.356064 -6.087380
-17.154192 48.354187 -5.733946
-17.325205 48.333149 -5.863249
-17.095472 48.341663 -6.067564
-17.248905 48.356243 -5.768386
-17.633154 48.343937 -5.596832
-17.493687 48.353569 -5.548890
-17.207176 48.371075 -5.680705
-17.319071 48.353065 -5.862515
-17.539356 48.347977 -5.649777
-17.187386 48.347034 -5.775282
-17.078112 48.368141 -6.060621
-17.272966 48.339966 -5.842577
-17.049585 48.347847 -6.043395
-17.403784 48.361591 -5.442926
-17.570681 48.348755 -5.581644
-17.201584 48.362476 -5.748463
-17.432146 48.354210 -5.534990
-17.263126 48.358379 -5.839641
-17.137447 48.349419 -5.758726
-17.479036 48.352665 -5.631079
-17.224804 48.345257 -5.823303
-17.400883 48.338215 -5.491824
-17.020613 48.365063 -6.022610
-17.507151 48.350651 -5.567053
-17.382549 48.359550 -5.519962
-17.212204 48.364090 -5.817540
-17.430643 48.362011 -5.612664
-17.174322 48.348831 -5.803247
-17.365650 48.350933 -5.477899
-17.453102 48.354488 -5.551918
-17.331184 48.362030 -5.506230
-17.166540 48.372196 -5.796285
-17.364588 48.360249 -5.595811
-17.128149 48.352867 -5.784664
-17.327032 48.359005 -5.463779
-17.403498 48.359829 -5.536883
-17.287323 48.367718 -5.491274
-17.315722 48.365574 -5.578671
-17.364199 48.368053 -5.520638
-17.256100 48.364052 -5.562603
-17.308973 48.367935 -5.507482
-18.475849 48.205139 -6.359468
-18.341579 48.196228 -6.477346
-18.339851 48.197147 -6.437083
-18.347889 48.207317 -6.468242
-18.520544 48.201244 -6.283226
-18.376982 48.213009 -6.331777
-18.248337 48.207085 -6.446755
-18.306215 48.212727 -6.384543
-18.238094 48.203087 -6.408014
-18.246744 48.215355 -6.434255
-18.412508 48.209209 -6.256485
-18.176126 48.210514 -6.467807
-18.402954 48.205845 -6.189439
-18.274477 48.214947 -6.303346
-18.157230 48.214874 -6.418165
-18.168030 48.220394 -6.476739
-18.215073 48.220551 -6.354540
-18.386795 48.219501 -6.212816
-18.154205 48.213692 -6.383548
-18.314405 48.217026 -6.230905
-18.159126 48.226181 -6.402110
-18.085627 48.217381 -6.435647
-18.306410 48.213516 -6.169476
-18.371786 48.221718 -6.122694
-18.197674 48.224438 -6.280087
-18.368988 48.219948 -6.070368
-17.528122 48.240913 -7.042820
-18.321983 48.216572 -6.113957
-18.075380 48.223507 -6.391483
-18.076048 48.227345 -6.441791
-18.128229 48.227268 -6.327234
-18.073116 48.222271 -6.358968
-18.283016 48.225395 -6.187341
-17.470459 48.241394 -7.054238
-17.475449 48.241680 -7.082418
-18.021902 48.223743 -6.455139
-18.355494 48.227890 -6.035527
-18.220589 48.222736 -6.207999
-17.510939 48.239944 -7.005759
-18.071476 48.231987 -6.371269
-17.470028 48.247864 -7.033183
-17.414738 48.245434 -7.084085
-18.002954 48.224110 -6.405407
-18.117264 48.230000 -6.256127
-18.211912 48.217194 -6.148664
-18.275202 48.226402 -6.102666
-18.268263 48.221558 -6.056036
-18.236855 48.224018 -6.097943
-17.466932 48.248772 -6.994378
-17.460985 48.243809 -7.039699
-17.994904 48.229134 -6.364699
-17.416702 48.245556 -7.076266
-18.060627 48.238663 -6.303081
-17.996275 48.228771 -6.335649
-17.994061 48.236111 -6.409461
-17.414923 48.249187 -7.005649
-18.187740 48.230160 -6.163039
-17.414776 48.247681 -7.027553
-17.953472 48.235260 -6.426060
-17.351950 48.248798 -7.058924
-18.276014 48.235268 -6.019366
-18.133152 48.228355 -6.185639
-17.324326 48.247189 -7.057486
-17.992393 48.238632 -6.343060
-17.453295 48.249779 -6.956566
-17.410875 48.253750 -6.982522
-17.356878 48.250401 -7.029125
-18.048262 48.237362 -6.234747
-17.930300 48.231625 -6.379176
-18.134502 48.224594 -6.130331
-18.192089 48.232906 -6.083044
-18.190323 48.229824 -6.044103
-17.303350 48.251308 -7.063793
-18.152409 48.228447 -6.082553
-17.404911 48.251701 -6.943722
-17.919430 48.234657 -6.339910
-17.483030 48.251873 -6.846895
-17.401808 48.252758 -6.986283
-17.987253 48.244179 -6.277528
-18.317589 48.231682 -5.931890
-17.360323 48.252472 -7.022730
-17.303820 48.249500 -7.054549
-17.922989 48.235222 -6.312947
-18.268900 48.236282 -5.933967
-18.295597 48.236465 -5.953798
-17.919903 48.244740 -6.379052
-17.360756 48.253971 -6.956957
-18.106697 48.236687 -6.141245
-17.872835 48.236996 -6.394951
-17.304342 48.258385 -7.015129
-17.358469 48.254536 -6.976844
-18.192982 48.239681 -6.003940
-17.496254 48.253155 -6.782208
-17.260254 48.253506 -7.035265
-17.490366 48.258881 -6.797355
-18.068485 48.239628 -6.165655
-17.278856 48.256733 -7.014342
-17.487528 48.259312 -6.823619
-17.918262 48.244202 -6.315410
-17.988495 48.246593 -6.213882
-17.359015 48.262390 -6.938815
-17.396334 48.256596 -6.907996
-17.308496 48.259045 -6.983206
-17.864021 48.239052 -6.353488
-18.072060 48.236759 -6.113848
-18.114458 48.236084 -6.031366
-18.119661 48.241234 -6.065314
-18.082878 48.236675 -6.067576
-17.256399 48.260937 -7.017863
-17.354568 48.260231 -6.904218
-17.856066 48.242985 -6.316999
-17.431969 48.258396 -6.808067
-17.224310 48.258953 -7.035633
-17.915318 48.248650 -6.253334
-17.850370 48.237656 -6.290845
-17.344765 48.258644 -6.934865
-18.198721 48.242443 -5.922495
-18.237463 48.239025 -5.917872
-17.253151 48.255291 -7.003673
-17.308321 48.261246 -6.973373
-18.204769 48.237968 -5.939215
-17.308765 48.258686 -6.910333
-17.386051 48.261383 -6.834808
-17.850008 48.252293 -6.349926
-18.271866 48.233597 -5.829120
-17.247950 48.259254 -6.964285
-17.811518 48.246376 -6.368476
-18.113474 48.242046 -5.989085
-17.304358 48.260292 -6.929594
-18.039898 48.248009 -6.120613
-17.544781 48.256924 -6.631065
-17.448944 48.263485 -6.749741
-17.210016 48.260303 -7.027560
-17.213280 48.259109 -6.990656
-18.231955 48.239220 -5.868495
-17.440132 48.267315 -6.762090
-17.992367 48.243092 -6.144374
-17.227455 48.259525 -6.964123
-17.917324 48.248981 -6.193157
-17.433622 48.266907 -6.783478
-17.309263 48.268997 -6.895715
-17.850561 48.250652 -6.289740
-17.254944 48.260880 -6.932312
-17.800610 48.246414 -6.329144
-17.343721 48.263268 -6.863557
-17.422834 48.266582 -6.803564
-17.193745 48.258514 -7.027242
-17.995308 48.239155 -6.096096
-18.042131 48.241295 -6.019225
-18.016886 48.243851 -6.053194
-18.038656 48.242683 -6.047649
-17.301193 48.261906 -6.860388
-17.583847 48.268654 -6.575856
-17.202833 48.261772 -6.966948
-17.161266 48.258526 -7.001913
-17.383030 48.263885 -6.769871
-17.794123 48.249268 -6.295422
-17.452942 48.263668 -6.738335
-17.173565 48.261784 -6.983278
-18.131353 48.247574 -5.910928
-17.853373 48.254932 -6.231755
-17.791321 48.245869 -6.270654
-17.289162 48.261456 -6.886171
-18.175781 48.251144 -5.903491
-17.204660 48.261013 -6.954864
-17.262569 48.263206 -6.869215
-18.140253 48.247093 -5.926253
-17.251120 48.261211 -6.918994
-17.551468 48.264919 -6.582280
-17.332691 48.264057 -6.791003
-18.210978 48.245625 -5.818253
-17.200996 48.263832 -6.921069
-18.046728 48.247250 -5.973969
-17.774376 48.253929 -6.320816
-17.554052 48.266743 -6.544758
-17.498941 48.266182 -6.601365
-17.745892 48.250824 -6.342002
-17.395826 48.267967 -6.714460
-17.255970 48.265919 -6.885024
-18.156134 48.243427 -5.858541
-17.166241 48.262753 -6.944591
-17.964521 48.252449 -6.100047
-17.159258 48.262142 -6.975183
-17.857523 48.253197 -6.173596
-17.379683 48.266052 -6.719791
-17.184858 48.266979 -6.923692
-18.181309 48.241570 -5.794167
-17.921265 48.247448 -6.125111
-17.376043 48.268604 -6.741175
-17.528509 48.268951 -6.593593
-17.257318 48.271656 -6.851876
-17.214548 48.270260 -6.893991
-17.787121 48.256023 -6.265352
-17.741461 48.252701 -6.306082
-17.288094 48.262058 -6.816184
-17.370314 48.272167 -6.763343
-17.927101 48.243412 -6.079584
-17.971931 48.245464 -6.007714
-17.146618 48.263256 -6.976963
-17.946598 48.247086 -6.038835
-17.250767 48.264450 -6.820751
-17.527321 48.273064 -6.545613
-17.984695 48.254753 -6.030951
-17.727837 48.250648 -6.272430
-17.334082 48.268379 -6.731655
-17.163143 48.272160 -6.927927
-18.071793 48.253597 -5.899890
-17.394655 48.266392 -6.695367
-17.790649 48.257252 -6.209400
-17.139679 48.275002 -6.948418
-17.735859 48.253994 -6.252492
-17.219305 48.269627 -6.830900
-17.160500 48.265591 -6.910163
-17.242241 48.268036 -6.843003
-18.065023 48.249378 -5.912706
-18.097017 48.254486 -5.889354
-17.493427 48.267418 -6.549202
-17.286619 48.269485 -6.754151
-17.207779 48.269726 -6.876487
-18.139397 48.249783 -5.808191
-17.987114 48.254337 -5.960131
-17.495380 48.268173 -6.515210
-17.159885 48.271210 -6.883430
-17.442234 48.265701 -6.566768
-17.614258 48.266628 -6.382605
-17.341202 48.268505 -6.677714
-17.689548 48.258106 -6.317478
-17.713745 48.260300 -6.294968
-18.079582 48.244637 -5.849248
-17.797022 48.256409 -6.154742
-17.217815 48.277191 -6.850229
-17.128315 48.278255 -6.943147
-17.340303 48.278183 -6.692120
-17.414194 48.272320 -6.599496
-17.895523 48.256798 -6.080024
-18.115480 48.247593 -5.786829
-17.141478 48.270473 -6.882482
-17.859364 48.251678 -6.106315
-17.219219 48.281868 -6.819884
-17.340948 48.283676 -6.713462
-17.166040 48.269936 -6.847873
-17.686602 48.259903 -6.284348
-17.727959 48.261314 -6.242270
-17.475458 48.275402 -6.559774
-17.873137 48.252457 -6.064233
-17.252880 48.276230 -6.784210
-17.908812 48.250549 -5.996045
-17.884857 48.252190 -6.025716
-17.318457 48.275768 -6.722355
-17.219997 48.280403 -6.795779
-17.464970 48.270630 -6.512533
-17.104628 48.269791 -6.932962
-17.290890 48.272709 -6.697531
-17.917906 48.258999 -6.014405
-18.005802 48.255722 -5.888224
-17.678747 48.260715 -6.253445
-17.119715 48.274689 -6.885283
-17.083141 48.273361 -6.920872
-17.738667 48.265388 -6.189028
-17.678217 48.259174 -6.233614
-17.343609 48.270901 -6.657917
-17.092550 48.274689 -6.900853
-17.187696 48.282677 -6.802344
-17.075890 48.272999 -6.940165
-17.529701 48.264492 -6.393264
-18.001883 48.255501 -5.899646
-17.491459 48.266201 -6.471421
-18.023928 48.256737 -5.876461
-17.128130 48.280727 -6.878142
-17.195328 48.272591 -6.801205
-17.252874 48.282578 -6.724944
-17.931038 48.260368 -5.946886
-17.442572 48.272766 -6.518839
-17.404997 48.275764 -6.541113
-17.129002 48.284237 -6.855563
-17.553461 48.264046 -6.355138
-18.077015 48.255844 -5.797230
-18.113607 48.253109 -5.764375
-17.165911 48.277164 -6.836750
-17.464108 48.286991 -6.496681
-17.308352 48.283440 -6.654893
-17.742174 48.259556 -6.135742
-17.635315 48.263355 -6.293562
-18.020765 48.251640 -5.838925
-17.087505 48.275490 -6.868470
-17.170134 48.278774 -6.807673
-17.361729 48.271793 -6.564792
-17.655241 48.265633 -6.269751
-17.291384 48.279625 -6.656664
-18.048923 48.250614 -5.780151
-17.112764 48.285454 -6.855314
-17.081875 48.277954 -6.894857
-17.803200 48.258804 -6.088858
-17.836498 48.263992 -6.061227
-17.166399 48.276604 -6.773763
-17.047279 48.277744 -6.924057
-17.286228 48.282291 -6.673847
-17.628122 48.262177 -6.261889
-17.138821 48.287861 -6.822152
-17.849934 48.255589 -5.984267
-17.812723 48.256611 -6.048231
-17.673779 48.267529 -6.219790
-17.436871 48.289474 -6.534251
-17.825205 48.256283 -6.011815
-17.203083 48.276825 -6.742394
-17.333607 48.274441 -6.596019
-17.165787 48.274132 -6.751084
-17.283316 48.289875 -6.693210
-17.951208 48.261673 -5.877769
-17.424219 48.280720 -6.487679
-17.262999 48.289600 -6.673922
-17.855328 48.261196 -5.997705
-17.628185 48.266808 -6.234406
-17.074362 48.284920 -6.900182
-17.090279 48.289696 -6.857429
-17.690256 48.272438 -6.170662
-17.624098 48.262299 -6.215306
-17.064476 48.288712 -6.871525
-17.307779 48.285007 -6.629497
-17.138493 48.279324 -6.758298
-17.939423 48.258602 -5.887207
-17.488972 48.273552 -6.369799
-17.465820 48.270035 -6.405696
-17.047827 48.290051 -6.909497
-17.369209 48.285778 -6.516836
-17.507002 48.268185 -6.331705
-17.083160 48.279346 -6.832619
-17.204531 48.281097 -6.685871
-17.411182 48.288654 -6.497416
-17.874226 48.265430 -5.932934
-17.964302 48.262833 -5.862604
-17.079733 48.278915 -6.810058
-17.695919 48.265533 -6.119416
-17.400309 48.279552 -6.464939
-17.439917 48.271545 -6.441786
-18.013916 48.259907 -5.786952
-18.053349 48.258133 -5.754045
-17.161516 48.285751 -6.769177
-17.256599 48.281895 -6.620858
-17.130606 48.287380 -6.803276
-17.961216 48.255642 -5.829262
-17.578199 48.264648 -6.269631
-17.995844 48.258484 -5.772532
-17.331705 48.286697 -6.541898
-17.128242 48.282196 -6.769258
-17.251966 48.288765 -6.628929
-17.064184 48.280144 -6.809085
-17.596693 48.267975 -6.244468
-17.744825 48.260986 -6.070636
-17.046473 48.286236 -6.858513
-17.129723 48.284779 -6.743106
-17.089485 48.280579 -6.775187
-17.773163 48.266254 -6.042430
-17.574623 48.265373 -6.240031
-17.759428 48.261646 -6.033482
-17.240942 48.286640 -6.640492
-17.794622 48.261566 -5.973130
-17.769089 48.259323 -5.998506
-17.899412 48.265598 -5.867195
-17.621706 48.271709 -6.197918
-17.375805 48.283100 -6.498220
-18.035391 48.260662 -5.741134
-17.134289 48.287090 -6.726773
-17.160538 48.280209 -6.706116
-17.296305 48.284573 -6.567544
-17.207399 48.280289 -6.632022
-17.387812 48.292694 -6.465590
-17.228516 48.285534 -6.652116
-17.568272 48.265076 -6.213307
-17.798483 48.266293 -5.982343
-17.043114 48.284367 -6.811163
-17.637501 48.274582 -6.150882
-17.027122 48.281689 -6.849726
-17.006386 48.282173 -6.841080
-17.567816 48.263474 -6.196303
-17.018740 48.284367 -6.825247
-17.107567 48.289356 -6.730366
-17.887587 48.264587 -5.873855
-17.451118 48.283550 -6.347699
-17.477066 48.281998 -6.313025
-17.253786 48.283604 -6.590575
-17.827368 48.272335 -5.920183
-17.313143 48.279293 -6.482796
-17.651081 48.271496 -6.103056
-17.426537 48.281078 -6.382245
-17.048086 48.288979 -6.781440
-17.165636 48.286354 -6.653080
-17.354509 48.285126 -6.465585
-17.366089 48.292450 -6.444938
-17.049255 48.288551 -6.799089
-17.956486 48.264904 -5.776551
-17.997345 48.264107 -5.743629
-17.901812 48.265972 -5.848756
-17.221508 48.291920 -6.595862
-17.910896 48.263542 -5.818746
-17.406345 48.286514 -6.418280
-17.087860 48.286900 -6.761254
-17.111578 48.281429 -6.724423
-17.979033 48.261890 -5.720706
-17.013098 48.284069 -6.797807
-17.942753 48.265358 -5.764894
-17.533978 48.272713 -6.248357
-17.090761 48.287434 -6.736432
-17.276344 48.281223 -6.507158
-17.206673 48.290089 -6.596920
-17.033176 48.289246 -6.778306
-17.697176 48.267982 -6.054374
-17.008806 48.288609 -6.819966
-17.553915 48.278019 -6.223204
-17.846191 48.268539 -5.856639
-17.092981 48.290989 -6.710992
-17.708220 48.265675 -6.017950
-17.739269 48.264553 -5.961925
-17.526138 48.269466 -6.220189
-17.057066 48.289700 -6.744446
-17.725090 48.268196 -5.985730
-17.200655 48.290882 -6.609129
-17.719799 48.271358 -6.024858
-17.568213 48.272884 -6.177429
-17.340036 48.294117 -6.473972
-17.978685 48.265633 -5.731421
-17.094679 48.290340 -6.694664
-17.177299 48.292233 -6.607651
-17.334051 48.290066 -6.436534
-17.249599 48.285915 -6.535572
-17.125980 48.289371 -6.674724
-17.537025 48.280842 -6.197537
-17.194042 48.295631 -6.623571
-17.750130 48.272285 -5.966783
-17.584028 48.274723 -6.131783
-17.015099 48.297333 -6.784644
-17.545914 48.284035 -6.183940
-16.996836 48.292797 -6.818272
-16.989885 48.294430 -6.795144
-17.067841 48.289680 -6.695360
-17.422691 48.277271 -6.288884
-17.280930 48.288223 -6.460527
-17.604786 48.274483 -6.086667
-17.830769 48.266628 -5.861250
-17.403173 48.284752 -6.322826
-17.774078 48.275349 -5.906803
-17.217197 48.292713 -6.562770
-17.376390 48.280357 -6.355262
-17.134008 48.295387 -6.625852
-17.306538 48.282940 -6.414456
-17.011269 48.292229 -6.747845
-17.316595 48.293163 -6.442030
-17.179146 48.293114 -6.568018
-17.940611 48.267082 -5.733871
-17.901869 48.268867 -5.766056
-16.970860 48.294010 -6.823943
-17.011627 48.290894 -6.761957
-17.857691 48.267490 -5.808213
-17.925964 48.267735 -5.714458
-17.851408 48.272942 -5.835393
-17.887505 48.268250 -5.757927
-17.353289 48.284897 -6.388524
-17.484001 48.273861 -6.227071
-17.051052 48.293179 -6.726318
-17.079189 48.292549 -6.693730
-16.997755 48.291481 -6.744650
-17.247707 48.294121 -6.484186
-17.167856 48.293255 -6.568323
-17.050293 48.288811 -6.699351
-17.656622 48.276894 -6.037975
-17.800804 48.274372 -5.846656
-16.974825 48.294853 -6.784956
-17.657036 48.268677 -6.003810
-17.687483 48.268482 -5.951360
-17.052568 48.291306 -6.676714
-17.671825 48.270176 -5.973743
-17.490545 48.280327 -6.203003
-17.021660 48.292934 -6.710814
-17.521137 48.292904 -6.203212
-17.159668 48.294125 -6.578471
-17.138401 48.292435 -6.577571
-17.055763 48.291573 -6.663197
-17.525425 48.279903 -6.157511
-17.672104 48.277393 -6.007164
-17.287590 48.289543 -6.442008
-17.921917 48.268646 -5.720253
-17.298326 48.299026 -6.415068
-17.479933 48.276054 -6.177712
-17.084087 48.287743 -6.639022
-17.207907 48.288151 -6.505614
-17.151543 48.296959 -6.590077
-17.546267 48.283630 -6.113899
-16.977476 48.297649 -6.748880
-17.689671 48.270428 -5.952063
-17.481714 48.276340 -6.164232
-16.961275 48.295162 -6.778967
-16.956648 48.299622 -6.762213
-17.397770 48.291981 -6.272221
-17.560629 48.277428 -6.070931
-17.033192 48.292858 -6.663831
-17.239275 48.288399 -6.433350
-17.783897 48.272541 -5.848482
-17.368155 48.292690 -6.302024
-17.725769 48.279282 -5.894027
-17.275871 48.293755 -6.396440
-16.976604 48.294407 -6.716294
-17.093615 48.294674 -6.592965
-17.139626 48.295277 -6.540129
-17.854345 48.274742 -5.755426
-17.272871 48.295345 -6.415663
-17.804493 48.269409 -5.799053
-17.171101 48.291107 -6.528596
-17.896645 48.275928 -5.722511
-17.345701 48.294235 -6.334492
-17.872213 48.271549 -5.710309
-16.976120 48.292198 -6.725457
-16.935265 48.294380 -6.784594
-17.832930 48.270157 -5.750217
-17.803829 48.279884 -5.821963
-17.460552 48.292545 -6.210468
-17.203148 48.291367 -6.455602
-17.012703 48.293522 -6.689869
-17.751810 48.276272 -5.835972
-17.316080 48.293941 -6.364274
-16.963797 48.294666 -6.712400
-17.128353 48.296417 -6.540459
-17.038706 48.292934 -6.656632
-17.596771 48.272079 -6.021053
-17.014906 48.291019 -6.667114
-17.020897 48.297348 -6.649423
-17.605822 48.269688 -5.989630
-17.639210 48.272388 -5.940002
-17.627785 48.276058 -5.960907
-17.443430 48.281410 -6.183063
-16.938580 48.295185 -6.747747
-17.101654 48.293598 -6.548172
-16.985498 48.294201 -6.676455
-17.021923 48.295662 -6.635209
-17.121540 48.297298 -6.549157
-17.453924 48.282387 -6.177863
-17.489092 48.289795 -6.139621
-17.255407 48.300476 -6.419796
-17.258974 48.303059 -6.392878
-17.876509 48.275513 -5.708886
-17.612284 48.274582 -5.990290
-17.451532 48.290760 -6.163268
-17.050966 48.293839 -6.610356
-17.170551 48.292271 -6.478424
-17.501337 48.285641 -6.096046
-16.944206 48.300846 -6.715908
-17.649137 48.278313 -5.937062
-17.451199 48.290062 -6.150528
-17.112640 48.299194 -6.558641
-17.520037 48.281319 -6.055837
-17.343336 48.283264 -6.247997
-16.997070 48.292065 -6.632249
-17.205605 48.294357 -6.411057
-16.920372 48.297955 -6.724959
-16.926456 48.296478 -6.741747
-17.678154 48.281200 -5.881897
-17.323765 48.291809 -6.279140
-17.742712 48.280388 -5.835617
-17.234373 48.296833 -6.373578
-17.852324 48.274601 -5.676251
-17.101538 48.296391 -6.513594
-16.942684 48.297565 -6.685460
-17.060514 48.299740 -6.565689
-17.757683 48.274265 -5.789093
-17.841282 48.275898 -5.712656
-17.809664 48.281586 -5.744750
-17.814873 48.272430 -5.705481
-17.299814 48.292439 -6.308795
-17.229118 48.295536 -6.389254
-17.785465 48.274975 -5.742395
-17.135881 48.297215 -6.500692
-16.942852 48.295395 -6.692484
-17.703510 48.276150 -5.825933
-16.903391 48.298592 -6.750195
-17.401917 48.283855 -6.187768
-17.749826 48.280903 -5.809271
-17.167965 48.295414 -6.430475
-16.932011 48.297783 -6.682215
-17.091694 48.298515 -6.513911
-17.556934 48.277946 -6.006694
-16.978764 48.297710 -6.657646
-17.270931 48.295151 -6.337925
-17.004799 48.297092 -6.625821
-16.983217 48.298096 -6.638437
-17.563869 48.274563 -5.976011
-17.586678 48.272324 -5.930079
-17.577318 48.276016 -5.948808
-16.983366 48.296574 -6.617880
-17.402786 48.286366 -6.165171
-16.906708 48.297367 -6.714714
-16.985874 48.294804 -6.606453
-16.954437 48.297291 -6.646956
-17.071482 48.300560 -6.523694
-17.083405 48.297451 -6.521187
-16.878399 48.298157 -6.740241
-17.395861 48.283936 -6.144780
-17.440538 48.288906 -6.119674
-17.215244 48.302219 -6.367859
-17.424734 48.297188 -6.159907
-17.827545 48.279419 -5.698252
-17.214527 48.303631 -6.393384
-17.471430 48.296406 -6.080132
-17.570982 48.281528 -5.973168
-17.014879 48.295044 -6.578824
-17.134615 48.296375 -6.451200
-17.392672 48.281273 -6.132069
-16.910204 48.301041 -6.683590
-17.599340 48.279312 -5.922849
-17.493004 48.293015 -6.041284
-17.076651 48.302334 -6.529981
-17.316959 48.295002 -6.231310
-16.965305 48.294151 -6.603453
-17.170427 48.296375 -6.387296
-16.889950 48.300091 -6.693302
-17.631954 48.283104 -5.869732
-17.692966 48.280323 -5.824204
-17.284386 48.293850 -6.256903
-16.891663 48.296764 -6.705917
-17.817612 48.284286 -5.666797
-17.196442 48.298820 -6.352718
-17.066380 48.299408 -6.489860
-16.910231 48.299644 -6.657391
-17.025909 48.300865 -6.536944
-17.768892 48.277168 -5.700450
-17.715815 48.280079 -5.778322
-17.743668 48.280724 -5.734449
-17.795143 48.279770 -5.701949
-17.672312 48.285809 -5.815681
-17.759985 48.283489 -5.734797
-17.194748 48.300491 -6.367665
-17.259697 48.293507 -6.285849
-16.912497 48.299496 -6.662288
-17.095575 48.297447 -6.470662
-17.130589 48.295509 -6.404606
-16.874393 48.303738 -6.717161
-17.367661 48.291744 -6.169074
-16.902414 48.301826 -6.654119
-17.701506 48.283848 -5.796480
-17.059391 48.303493 -6.490150
-17.515623 48.281868 -5.990916
-17.536886 48.287228 -5.962895
-16.946943 48.300861 -6.626050
-16.947773 48.296318 -6.606110
-17.546808 48.287712 -5.936469
-17.544798 48.277138 -5.919288
-16.952375 48.299603 -6.591210
-17.234390 48.300186 -6.314275
-16.970863 48.299259 -6.594964
-17.364956 48.290291 -6.147182
-17.036207 48.300648 -6.497064
-16.957102 48.300755 -6.581918
-16.877781 48.302448 -6.684505
-16.924856 48.302334 -6.618885
-17.180153 48.305172 -6.346949
-17.052511 48.304443 -6.496025
-17.361660 48.290764 -6.128888
-16.851639 48.305195 -6.710731
-17.401999 48.293858 -6.101022
-17.782837 48.284271 -5.687532
-17.420061 48.291496 -6.062994
-17.180122 48.308620 -6.370385
-17.373964 48.293381 -6.137830
-17.438784 48.284115 -6.025537
-17.363543 48.292984 -6.118284
-16.983130 48.298134 -6.550054
-17.102312 48.301357 -6.427438
-17.526108 48.284515 -5.956755
-16.878391 48.302166 -6.653361
-17.562330 48.285145 -5.908417
-17.281904 48.297924 -6.211811
-17.141033 48.302254 -6.366308
-17.042786 48.304436 -6.501949
-16.937962 48.301083 -6.578905
-16.863983 48.307034 -6.667304
-17.597834 48.290867 -5.856686
-17.646078 48.282223 -5.812766
-17.249348 48.297771 -6.237430
-17.770103 48.286114 -5.658908
-17.167921 48.309605 -6.335364
-16.880655 48.302658 -6.630685
-17.631124 48.288601 -5.805529
-16.867138 48.307724 -6.678567
-17.033377 48.303383 -6.466803
-17.668259 48.280941 -5.768998
-17.728577 48.284866 -5.693929
-16.997137 48.306816 -6.512409
-17.694735 48.281570 -5.726576
-17.754688 48.285568 -5.691141
-17.713820 48.285366 -5.724045
-17.158213 48.303501 -6.345383
-17.221748 48.296532 -6.263603
-17.104807 48.305325 -6.384328
-17.329815 48.294674 -6.151064
-16.882868 48.303574 -6.632782
-16.873528 48.304848 -6.626689
-17.491447 48.295528 -5.976338
-17.028503 48.308460 -6.466355
-16.845419 48.307854 -6.685518
-17.061039 48.300541 -6.443380
-17.665264 48.292656 -5.782807
-17.489199 48.286190 -5.949289
-17.494169 48.282692 -5.925019
-17.505745 48.281921 -5.908424
-16.916609 48.303936 -6.597245
-16.920431 48.303249 -6.581563
-17.323551 48.290253 -6.129902
-17.008883 48.306549 -6.473904
-16.925789 48.308510 -6.567399
-16.927645 48.306702 -6.558111
-16.939083 48.302383 -6.564785
-16.895231 48.304382 -6.590744
-17.189924 48.298382 -6.288550
-16.847399 48.304554 -6.654265
-17.149401 48.312038 -6.327437
-17.018702 48.305485 -6.470796
-17.327444 48.296597 -6.112975
-17.421751 48.300652 -6.012257
-16.823374 48.308289 -6.679752
-17.389389 48.299301 -6.046327
-17.364153 48.296787 -6.083012
-17.738102 48.287128 -5.676768
-17.145687 48.311619 -6.347341
-17.244701 48.297863 -6.193006
-17.325785 48.296848 -6.103124
-17.106588 48.302223 -6.344604
-16.854681 48.312000 -6.630913
-17.338972 48.300304 -6.118429
-16.956528 48.306042 -6.526218
-17.071423 48.306324 -6.403642
-17.486210 48.288422 -5.940943
-17.529621 48.294926 -5.893971
-16.909834 48.304047 -6.553575
-17.551628 48.289749 -5.845868
-17.012619 48.311405 -6.477477
-17.606974 48.286041 -5.800464
-17.212112 48.297745 -6.217213
-16.835064 48.310093 -6.638464
-17.730394 48.290859 -5.650179
-17.592075 48.291355 -5.796030
-17.127060 48.306675 -6.313053
-17.632042 48.286690 -5.758081
-16.853285 48.307594 -6.606093
-17.003971 48.308270 -6.445796
-17.685375 48.288609 -5.687391
-17.655766 48.287289 -5.718560
-16.966135 48.308853 -6.485719
-16.833010 48.303997 -6.643334
-17.705706 48.285454 -5.681833
-17.671238 48.289181 -5.713957
-17.128149 48.310375 -6.325147
-17.188089 48.300476 -6.242682
-17.296238 48.299549 -6.132990
-17.071033 48.306335 -6.360512
-16.847586 48.310764 -6.602084
-16.853949 48.306633 -6.603942
-16.995455 48.309441 -6.443228
-17.437984 48.288609 -5.961330
-17.463617 48.297848 -5.936117
-16.811964 48.303139 -6.649537
-17.468603 48.295345 -5.911871
-17.032335 48.308464 -6.420309
-17.487368 48.300446 -5.896643
-17.616199 48.291611 -5.770652
-17.289324 48.295086 -6.113967
-16.977949 48.308521 -6.450038
-16.895981 48.312115 -6.558403
-16.898451 48.313416 -6.544219
-16.898880 48.310627 -6.534945
-16.892897 48.315804 -6.573434
-16.869287 48.310303 -6.566138
-16.913170 48.310303 -6.540226
-17.156954 48.302334 -6.266905
-17.112133 48.312046 -6.305812
-17.372511 48.292675 -5.997113
-17.287506 48.297508 -6.097097
-17.349419 48.298214 -6.030399
-16.990723 48.313381 -6.448413
-17.211805 48.299717 -6.175550
-17.328463 48.300678 -6.065679
-17.698322 48.291943 -5.665215
-17.116329 48.319500 -6.326406
-17.080072 48.309036 -6.324982
-17.282978 48.294800 -6.087250
-17.486172 48.293839 -5.880255
-17.298225 48.300312 -6.099014
-17.036188 48.306389 -6.378430
-16.884665 48.310909 -6.531093
-16.926970 48.310062 -6.499541
-17.517466 48.294521 -5.832755
-17.552996 48.292114 -5.786484
-17.462723 48.304131 -5.924279
-17.567150 48.287857 -5.788842
-17.686409 48.290634 -5.642859
-16.983095 48.315392 -6.452211
-17.181330 48.302620 -6.197655
-17.094147 48.309563 -6.294212
-17.608238 48.285095 -5.711995
-17.590155 48.288483 -5.748635
-16.973125 48.311176 -6.424781
-17.631533 48.285450 -5.683093
-16.938782 48.312767 -6.462515
-17.669476 48.290207 -5.670893
-17.627197 48.290020 -5.703837
-17.095150 48.312328 -6.303457
-17.155157 48.304394 -6.222453
-17.263388 48.304401 -6.115607
-17.043797 48.313179 -6.340205
-17.410927 48.298317 -5.946737
-16.966002 48.313366 -6.420788
-17.410162 48.288898 -5.922476
-17.422371 48.292233 -5.901010
-17.429768 48.290451 -5.887331
-16.952076 48.314381 -6.428258
-17.254343 48.297955 -6.097300
-17.569960 48.290531 -5.758424
-17.000713 48.312466 -6.395807
-16.867132 48.315113 -6.532391
-16.870394 48.318352 -6.520355
-16.869379 48.313583 -6.511070
-16.861765 48.313915 -6.543826
-17.346163 48.301361 -5.983185
-17.694075 48.290291 -5.610120
-17.253973 48.300323 -6.081804
-17.082815 48.317867 -6.287656
-17.183176 48.303516 -6.158030
-17.320921 48.305946 -6.015799
-16.961958 48.317310 -6.425248
-16.882877 48.313351 -6.512840
-17.126858 48.309246 -6.245261
-17.055021 48.316803 -6.306760
-17.655695 48.292767 -5.655058
-17.250235 48.299557 -6.074106
-17.082575 48.319485 -6.303981
-17.289902 48.301609 -6.048352
-17.492592 48.305157 -5.820247
-17.456997 48.302563 -5.866402
-17.517462 48.294846 -5.776188
-17.011068 48.314220 -6.357385
-16.899586 48.314007 -6.474927
-17.654497 48.298298 -5.633292
-17.533728 48.293610 -5.776442
-17.261765 48.303265 -6.079560
-17.152718 48.307419 -6.180161
-16.953592 48.318352 -6.428335
-17.412088 48.297180 -5.909199
-17.547535 48.287277 -5.739845
-17.572083 48.289783 -5.703885
-17.069901 48.320267 -6.278164
-17.600395 48.294056 -5.675651
-16.942955 48.313095 -6.403020
-16.912172 48.317654 -6.440025
-17.635363 48.295952 -5.659216
-17.594498 48.295746 -5.692123
-17.066504 48.317162 -6.284553
-17.012180 48.313118 -6.318432
-17.224060 48.302364 -6.097523
-17.125788 48.309254 -6.202860
-17.372421 48.298187 -5.932210
-16.940165 48.319195 -6.400422
-17.386734 48.301514 -5.909982
-17.397516 48.303871 -5.888530
-17.408506 48.305023 -5.875534
-16.924728 48.316265 -6.406421
-17.222925 48.301762 -6.081269
-17.314798 48.304104 -5.969954
-17.540785 48.299259 -5.744570
-16.971210 48.315426 -6.371932
-17.651518 48.291054 -5.602790
-17.152433 48.306332 -6.141253
-17.046919 48.314869 -6.265925
-17.283089 48.304825 -6.000525
-17.220457 48.304142 -6.066539
-16.927338 48.312393 -6.399195
-17.023392 48.315750 -6.284964
-17.218870 48.304333 -6.059514
-17.096767 48.314137 -6.224983
-17.616613 48.295567 -5.644150
-17.477667 48.293602 -5.767324
-17.257763 48.305443 -6.031635
-17.050253 48.320454 -6.281545
-17.449873 48.302021 -5.808587
-17.616882 48.300014 -5.625148
-17.409979 48.297520 -5.853396
-16.980175 48.316170 -6.334938
-17.502407 48.299351 -5.763280
-17.124796 48.312229 -6.161944
-17.534046 48.305794 -5.725814
-16.919676 48.314442 -6.401582
-17.229607 48.308132 -6.061456
-17.386427 48.307911 -5.893184
-17.535189 48.293503 -5.695065
-17.034779 48.318211 -6.258558
-17.555763 48.293797 -5.670476
-16.917170 48.319893 -6.384093
-17.588461 48.291809 -5.650469
-17.549042 48.293583 -5.683387
-17.035696 48.320045 -6.264954
-17.198339 48.309097 -6.081414
-16.987806 48.319901 -6.299466
-17.341776 48.302940 -5.918303
-17.097145 48.314095 -6.183958
-17.343264 48.296406 -5.897590
-17.351244 48.297768 -5.877603
-17.284847 48.306831 -5.956687
-17.357313 48.296936 -5.866810
-17.192938 48.306553 -6.065228
-17.126682 48.311069 -6.125097
-17.615332 48.293751 -5.594633
-17.502344 48.301102 -5.731504
-17.194084 48.310837 -6.052569
-17.253809 48.308594 -5.985146
-17.021906 48.322609 -6.249121
-16.936625 48.312511 -6.345930
-16.995392 48.317596 -6.265265
-17.462755 48.309113 -5.754674
-17.183210 48.305168 -6.044942
-17.429958 48.314613 -5.795293
-17.020857 48.323318 -6.261909
-17.578930 48.297348 -5.633183
-17.227037 48.309265 -6.014882
-17.573595 48.297771 -5.618475
-17.068108 48.320007 -6.204694
-17.466122 48.300117 -5.752253
-17.390045 48.311142 -5.838715
-17.096157 48.315041 -6.144407
-16.952124 48.319084 -6.312440
-17.482885 48.297680 -5.718502
-17.495447 48.293232 -5.687640
-17.008339 48.324970 -6.241769
-17.513233 48.293530 -5.664540
-17.343626 48.303844 -5.878679
-17.197418 48.311005 -6.043306
-17.562130 48.299473 -5.637929
-17.513494 48.295322 -5.673071
-17.009893 48.325848 -6.246002
-17.311842 48.306667 -5.905062
-16.961201 48.322765 -6.278343
-17.166170 48.310936 -6.064653
-17.316200 48.303097 -5.884344
-17.323526 48.304417 -5.866495
-17.254900 48.309563 -5.943423
-17.070654 48.319889 -6.165731
-17.326757 48.302624 -5.855756
-17.162956 48.309315 -6.050553
-17.105282 48.320713 -6.110364
-17.584805 48.299408 -5.584985
-17.463911 48.300915 -5.719805
-17.160524 48.311665 -6.037236
-17.224529 48.312363 -5.969769
-16.994713 48.327400 -6.231597
-17.422230 48.304871 -5.746468
-16.970282 48.321377 -6.246954
-17.156134 48.310860 -6.031677
-17.385132 48.308464 -5.785742
-17.541626 48.301449 -5.608819
-17.199186 48.314014 -5.999492
-17.546204 48.301086 -5.621426
-16.989967 48.323242 -6.240829
-17.447584 48.312725 -5.737509
-17.040140 48.323860 -6.185046
-17.463678 48.309250 -5.705872
-17.350121 48.308010 -5.825572
-17.066780 48.316879 -6.126160
-17.464220 48.297882 -5.678697
-16.978245 48.324802 -6.224201
-17.480629 48.298164 -5.657047
-17.525158 48.300236 -5.627628
-17.167383 48.314838 -6.025832
-17.315821 48.311596 -5.863360
-17.496399 48.309914 -5.658337
-16.981209 48.327694 -6.227033
-17.278299 48.306465 -5.891114
-17.141176 48.317650 -6.049237
-17.223494 48.309315 -5.930126
-17.283432 48.303833 -5.872521
-17.292906 48.308144 -5.853981
-17.043409 48.323719 -6.146771
-17.292629 48.304348 -5.845408
-17.075909 48.320522 -6.093482
-17.137962 48.316032 -6.035138
-17.547163 48.299129 -5.576798
-17.393776 48.308521 -5.736013
-17.195272 48.315105 -5.955782
-17.131285 48.315407 -6.023275
-17.443928 48.313580 -5.703689
-17.360203 48.315113 -5.773147
-17.511810 48.306087 -5.599837
-17.124779 48.313610 -6.018456
-16.964121 48.326054 -6.221807
-17.167728 48.314838 -5.983397
-17.554401 48.300552 -5.554718
-17.399908 48.302589 -5.729351
-17.513462 48.303829 -5.609648
-17.046055 48.325535 -6.110681
-17.420315 48.304050 -5.697720
-17.318745 48.309765 -5.812323
-17.447884 48.312416 -5.666065
-17.010008 48.325760 -6.164704
-17.450846 48.304802 -5.648117
-17.490305 48.299957 -5.617954
-17.455839 48.305714 -5.648720
-17.137335 48.317673 -6.008337
-17.284393 48.314423 -5.847312
-17.538628 48.304035 -5.543908
-17.200666 48.315956 -5.916771
-17.253338 48.313152 -5.877110
-17.109688 48.316475 -6.033094
-17.251354 48.304585 -5.859975
-17.262289 48.309841 -5.842834
-17.050165 48.323238 -6.078697
-17.014759 48.325535 -6.129215
-17.263489 48.310024 -5.834320
-17.360357 48.307190 -5.727692
-17.112267 48.321743 -6.020425
-17.515903 48.301788 -5.567807
-17.168854 48.318813 -5.941745
-17.098406 48.313217 -6.008561
-17.478422 48.306755 -5.591563
-17.401907 48.308434 -5.692675
-17.325306 48.313869 -5.762041
-17.100561 48.321270 -6.005168
-17.523142 48.303211 -5.545727
-17.388474 48.320141 -5.713129
-17.479315 48.304558 -5.599274
-17.141996 48.320583 -5.967272
-17.396124 48.311680 -5.685837
-17.016685 48.325352 -6.093802
-17.405281 48.307163 -5.660015
-17.285240 48.309540 -5.799791
-17.418953 48.308418 -5.641292
-17.463261 48.305626 -5.606098
-17.503881 48.303661 -5.538473
-17.441568 48.320274 -5.633914
-17.174269 48.318630 -5.904122
-17.226919 48.316860 -5.863072
-17.252970 48.315216 -5.832630
-17.085352 48.321205 -6.016909
-17.108700 48.320496 -5.990805
-17.231676 48.311539 -5.831688
-17.225002 48.310261 -5.847399
-17.021502 48.322025 -6.062481
-17.340435 48.316761 -5.715745
-17.482517 48.302460 -5.559534
-17.232187 48.311718 -5.823900
-17.079372 48.318558 -6.005687
-17.144554 48.323509 -5.926971
-17.075600 48.320862 -5.995235
-17.442904 48.305443 -5.584006
-17.303923 48.322498 -5.748697
-17.386177 48.322048 -5.676473
-17.066978 48.318081 -5.991157
-17.496820 48.308857 -5.534559
-17.347166 48.311939 -5.704144
-17.361984 48.310383 -5.676831
-17.447975 48.306290 -5.587438
-17.114843 48.323322 -5.952528
-17.385374 48.317738 -5.648092
-17.259562 48.314224 -5.786466
-17.381353 48.308117 -5.634525
-17.434742 48.307320 -5.594185
-17.470549 48.303268 -5.533001
-17.150726 48.323269 -5.891448
-17.396048 48.311100 -5.626433
-17.196224 48.315598 -5.850443
-17.197901 48.311932 -5.835453
-17.057446 48.321972 -6.001429
-17.203917 48.315205 -5.820517
-17.222975 48.316994 -5.817936
-17.306265 48.313465 -5.706692
-17.082956 48.325249 -5.974660
-17.452656 48.304108 -5.550484
-17.197330 48.310448 -5.814212
-17.118107 48.325226 -5.912889
-17.420111 48.312061 -5.572062
-17.261898 48.312294 -5.740392
-17.465534 48.309525 -5.525524
-17.346294 48.316864 -5.666112
-17.327898 48.321556 -5.690062
-17.343456 48.320972 -5.663459
-17.420885 48.308964 -5.575512
-17.348433 48.315449 -5.640553
-17.089066 48.326080 -5.936334
-17.236702 48.320908 -5.771702
-17.447824 48.309818 -5.523882
-17.349432 48.309742 -5.627656
-17.117855 48.317024 -5.879463
-17.406963 48.309986 -5.582986
-17.378206 48.321701 -5.612336
-17.170532 48.319286 -5.837097
-17.176506 48.319561 -5.822089
-17.279936 48.316082 -5.696869
-17.173292 48.315910 -5.809351
-17.439798 48.318657 -5.535643
-17.195822 48.319736 -5.803192
-17.174559 48.318066 -5.802300
-17.088072 48.321976 -5.899489
-17.401600 48.321621 -5.560079
-17.241209 48.318897 -5.727689
-17.295107 48.318279 -5.679560
-17.301483 48.311737 -5.656592
-17.327103 48.323013 -5.630012
-17.322008 48.322575 -5.651363
-17.407957 48.323586 -5.557847
-17.416609 48.310421 -5.517675
-17.203878 48.317665 -5.759791
-17.317497 48.310368 -5.620764
-17.105743 48.332546 -5.865340
-17.390499 48.320602 -5.567438
-17.252890 48.316692 -5.687725
-17.344038 48.318409 -5.603285
-17.146940 48.322968 -5.822989
-17.150110 48.322247 -5.809446
-17.150490 48.321533 -5.797391
-17.401434 48.313358 -5.529482
-17.168669 48.322487 -5.788450
-17.141100 48.315781 -5.792553
-17.364647 48.316303 -5.553881
-17.213406 48.319572 -5.716447
-17.418793 48.312038 -5.490791
-17.268728 48.319935 -5.668302
-17.406492 48.311836 -5.506682
-17.281532 48.319321 -5.644602
-17.290840 48.317703 -5.623091
-17.292742 48.322304 -5.638721
-17.372362 48.319317 -5.548811
-17.179598 48.321342 -5.746408
-17.291956 48.316963 -5.611729
-17.356314 48.316319 -5.558363
-17.227974 48.319294 -5.677867
-17.116941 48.319691 -5.811003
-17.319082 48.323082 -5.590651
-17.106571 48.305077 -5.801014
-17.106968 48.305359 -5.788985
-17.094055 48.296608 -5.786289
-17.348238 48.325855 -5.541136
-17.134338 48.315304 -5.775071
-17.194834 48.327171 -5.703009
-17.390383 48.313641 -5.483122
-17.244450 48.321579 -5.656282
-17.367580 48.316532 -5.501489
-17.258713 48.323948 -5.632617
-17.262400 48.319340 -5.614012
-17.355867 48.327942 -5.533217
-17.267735 48.326008 -5.624652
-17.160990 48.328976 -5.731560
-17.206581 48.322865 -5.667233
-17.262825 48.318592 -5.603377
-17.338425 48.323929 -5.544198
-17.084763 48.311432 -5.799660
-17.285622 48.318771 -5.582267
-17.350857 48.317596 -5.509053
-17.312696 48.320526 -5.534906
-17.096251 48.329006 -5.769379
-17.176243 48.333775 -5.689550
-17.106451 48.315056 -5.760988
-17.220171 48.323231 -5.644267
-17.358749 48.319073 -5.484840
-17.228796 48.321606 -5.623484
-17.233236 48.318974 -5.605615
-17.232080 48.317753 -5.615527
-17.319536 48.320679 -5.524841
-17.188046 48.330437 -5.655212
-17.304232 48.316616 -5.536469
-17.232288 48.318211 -5.596432
-17.113209 48.308838 -5.724590
-17.269852 48.327374 -5.567368
-17.299089 48.331085 -5.520704
-17.339893 48.318821 -5.465551
-17.134169 48.317558 -5.682524
-17.313589 48.317673 -5.487449
-17.090666 48.324692 -5.744705
-17.205105 48.332840 -5.628669
-17.211634 48.329197 -5.610013
-17.333712 48.307255 -5.451289
-17.214699 48.326550 -5.593595
-17.304453 48.329288 -5.509217
-17.289164 48.326229 -5.520869
-17.215555 48.326420 -5.598532
-17.088181 48.308521 -5.711845
-17.237068 48.322083 -5.558241
-17.296749 48.317848 -5.490755
-17.264246 48.323738 -5.515116
-17.102079 48.310242 -5.674037
-17.312393 48.324303 -5.462921
-17.157585 48.301964 -5.610813
-17.320875 48.320789 -5.437849
-17.261333 48.322887 -5.510949
-17.272358 48.324009 -5.499364
-17.245676 48.329315 -5.503047
-17.270208 48.325768 -5.469765
-17.290821 48.323994 -5.447949
-17.095573 48.327770 -5.656994
-17.130480 48.298599 -5.601582
-17.154915 48.319820 -5.578113
-17.249794 48.333473 -5.494573
-17.248053 48.323673 -5.487304
-17.253923 48.324059 -5.468062
-17.248840 48.328320 -5.460526
-17.267338 48.325562 -5.439449
-17.062048 48.316444 -5.649861
-17.268126 48.328537 -5.440219
-17.104116 48.296207 -5.593064
-17.096153 48.310764 -5.575988
-17.110704 48.325024 -5.556857
-18.570759 48.184261 -6.257257
-18.356874 48.194580 -6.438842
-18.467581 48.195545 -6.238280
-18.551596 48.182339 -6.299217
-18.251085 48.197994 -6.406587
-18.348845 48.197960 -6.217222
-18.565798 48.179043 -6.356502
-18.445330 48.193130 -6.276093
-18.163412 48.205009 -6.377297
-18.261305 48.208057 -6.200242
-18.349287 48.209538 -6.065439
-17.493557 48.213245 -7.071487
-18.455099 48.190434 -6.329380
-18.333029 48.198307 -6.252815
-18.174730 48.204178 -6.444155
-18.082317 48.212349 -6.351267
-18.509352 48.192684 -6.253080
-17.487303 48.214619 -7.045627
-18.369808 48.206963 -6.147334
-18.171289 48.213364 -6.182293
-18.267324 48.216080 -6.050749
-17.440641 48.224361 -7.023814
-18.532101 48.185375 -6.342300
-18.243074 48.206821 -6.232277
-18.340382 48.195133 -6.301211
-17.386438 48.220966 -7.062384
-17.373758 48.216240 -7.056230
-18.010550 48.219944 -6.326941
-18.088465 48.212212 -6.413461
-17.433046 48.224606 -7.000770
-18.396376 48.200062 -6.227880
-18.276165 48.212658 -6.127460
-18.100191 48.224277 -6.166719
-18.198311 48.224712 -6.037022
-17.385181 48.229702 -6.975095
-17.523523 48.221897 -6.984122
-17.945229 48.226982 -6.304392
-18.154465 48.213146 -6.212924
-17.338692 48.231384 -7.019381
-18.241568 48.201523 -6.276673
-18.418446 48.197166 -6.312516
-17.326618 48.225677 -7.012409
-18.010120 48.219486 -6.385878
-17.380875 48.232307 -6.957763
-18.360552 48.196457 -6.358578
-17.832268 48.225361 -6.409859
-18.296957 48.207436 -6.204159
-17.437319 48.220901 -7.045028
-17.499449 48.229286 -6.789872
-18.023800 48.229469 -6.151656
-18.197016 48.221237 -6.109956
-18.253180 48.226086 -5.866878
-18.123394 48.229710 -6.023289
-17.380810 48.225697 -7.043890
-17.333548 48.236530 -6.929862
-17.335396 48.223454 -7.072896
-18.006279 48.211349 -6.442941
-17.465378 48.229401 -6.935703
-17.884201 48.234756 -6.281690
-18.073643 48.218937 -6.193858
-17.283709 48.233749 -6.969692
-18.159464 48.211601 -6.255169
-17.407249 48.235859 -6.822562
-18.299231 48.200363 -6.281601
-17.938219 48.227306 -6.358734
-17.324682 48.235535 -6.911041
-18.255095 48.202633 -6.329368
-17.764601 48.230701 -6.385156
-18.295431 48.222378 -5.918510
-18.205393 48.214165 -6.182134
-17.384407 48.230915 -6.998688
-17.448555 48.238213 -6.756129
-17.471819 48.222145 -7.011520
-18.120554 48.227654 -6.092149
-17.949490 48.234589 -6.135776
-18.053446 48.234348 -6.009998
-18.185307 48.236168 -5.859599
-17.497925 48.235035 -6.807467
-17.326626 48.231171 -6.992280
-17.552017 48.235542 -6.570534
-17.281586 48.238392 -6.884249
-17.820158 48.238609 -6.260243
-17.288994 48.233898 -7.028409
-17.274639 48.229679 -7.030188
-17.938869 48.222885 -6.415877
-17.410187 48.236507 -6.889952
-18.006639 48.228703 -6.176573
-18.079374 48.219501 -6.234106
-17.388622 48.222897 -7.046859
-17.375942 48.255909 -6.797284
-17.874975 48.235374 -6.334033
-17.275335 48.240849 -6.870548
-17.708675 48.238987 -6.364383
-18.206991 48.210392 -6.256323
-18.163998 48.209702 -6.302379
-18.208641 48.225739 -5.910190
-18.295429 48.229130 -5.817490
-17.326471 48.232574 -6.947665
-18.128321 48.223774 -6.162481
-17.398266 48.245052 -6.722903
-18.276407 48.221302 -5.975444
-17.786093 48.235409 -6.410066
-17.325483 48.226322 -7.069369
-18.351027 48.215630 -6.050920
-18.049797 48.233608 -6.075453
-17.991350 48.239445 -5.997076
-17.880819 48.238247 -6.120928
-17.408842 48.226494 -6.955984
-18.110126 48.240486 -5.855057
-17.591637 48.239418 -6.603734
-17.435427 48.236393 -6.764452
-17.518160 48.254223 -6.552369
-17.280161 48.239517 -6.949050
-17.761150 48.243095 -6.239316
-17.238813 48.245136 -6.845684
-17.236895 48.237083 -6.978649
-17.227905 48.236259 -6.983990
-17.933605 48.232849 -6.159135
-17.353123 48.237850 -6.842412
-17.196756 48.248428 -6.891304
-17.491785 48.231762 -6.828825
-18.274143 48.225082 -5.901994
-18.009287 48.227676 -6.214005
-17.867571 48.230827 -6.386587
-18.330462 48.213867 -5.999929
-17.316404 48.250256 -6.751437
-17.333834 48.229355 -6.996068
-17.812338 48.241356 -6.309850
-17.244568 48.257812 -6.845711
-17.650404 48.244476 -6.342793
-18.223732 48.235504 -5.809391
-18.139896 48.233925 -5.902095
-18.083035 48.217926 -6.277835
-17.281614 48.241608 -6.907253
-18.121864 48.219879 -6.232080
-18.050314 48.230495 -6.141937
-17.360121 48.258595 -6.696727
-18.188742 48.224987 -5.963644
-17.721914 48.240589 -6.384475
-17.500546 48.235210 -6.776128
-17.934286 48.245174 -5.984673
-17.983337 48.239189 -6.059941
-17.409313 48.223423 -7.034560
-18.261076 48.220833 -6.034379
-17.270226 48.230240 -7.012719
-17.817181 48.242542 -6.106601
-18.037565 48.242752 -5.848807
-17.358013 48.234222 -6.911494
-17.243860 48.235588 -7.044252
-17.525919 48.239391 -6.568574
-17.392715 48.248543 -6.734125
-17.450638 48.248318 -6.516828
-17.704962 48.246304 -6.219573
-17.227995 48.240608 -6.900547
-17.207912 48.261219 -6.819364
-17.441805 48.252560 -6.678807
-17.870031 48.239243 -6.143552
-18.203783 48.233692 -5.889750
-17.315376 48.251846 -6.809865
-17.928066 48.228600 -6.193156
-17.436125 48.238525 -6.788042
-17.801979 48.237206 -6.359739
-17.280807 48.261856 -6.722145
-17.284145 48.235229 -6.948536
-17.753393 48.247944 -6.287669
-18.259558 48.227776 -5.984582
-17.341805 48.229542 -7.051819
-17.187782 48.252090 -6.798309
-17.589655 48.245178 -6.320232
-18.070150 48.238232 -5.893031
-17.741140 48.236851 -6.416631
-18.161362 48.244354 -5.800331
-18.016699 48.229916 -6.257149
-17.564077 48.235718 -6.609761
-17.242998 48.253712 -6.873887
-17.303267 48.255180 -6.658742
-18.119728 48.232513 -5.951250
-17.976471 48.234856 -6.122426
-18.031309 48.222759 -6.206867
-17.653112 48.240059 -6.358654
-17.872732 48.247185 -5.972193
-17.442539 48.239182 -6.734526
-17.919695 48.244595 -6.044281
-18.181993 48.228195 -6.019619
-17.763741 48.250092 -6.093463
-17.354652 48.231873 -6.983923
-17.218796 48.233444 -6.962219
-17.978823 48.250103 -5.843007
-17.583902 48.241032 -6.549575
-17.191359 48.236130 -6.990041
-17.481199 48.249298 -6.543135
-17.175531 48.234295 -7.001315
-17.300945 48.236668 -6.862627
-17.658298 48.252754 -6.201760
-17.485130 48.252998 -6.399784
-17.350613 48.258602 -6.704314
-17.421076 48.266628 -6.499851
-17.196959 48.256912 -6.871413
-17.156965 48.255920 -6.774554
-17.810684 48.245377 -6.127745
-17.152555 48.250820 -6.897224
-17.113098 48.256649 -6.815799
-17.263350 48.250507 -6.766841
-18.122498 48.235825 -5.879651
-17.865831 48.236130 -6.174759
-17.141151 48.248417 -6.899006
-17.228786 48.258301 -6.681786
-17.394955 48.252579 -6.757794
-17.693445 48.250652 -6.264519
-17.735584 48.241577 -6.333482
-17.332403 48.255325 -6.552958
-17.152796 48.261600 -6.769533
-18.085045 48.243912 -5.793337
-18.011339 48.246799 -5.884491
-17.249550 48.252914 -6.917554
-17.542320 48.252720 -6.301832
-18.168133 48.230965 -5.969377
-17.289026 48.236038 -6.998807
-17.457764 48.238583 -6.807611
-17.939768 48.233788 -6.233489
-17.267941 48.266335 -6.635084
-17.511103 48.243626 -6.578171
-18.047029 48.236107 -5.940854
-17.193184 48.254280 -6.830202
-17.783163 48.234680 -6.408749
-17.912088 48.241467 -6.104769
-17.602018 48.247105 -6.336844
-17.967791 48.234577 -6.186033
-17.829420 48.257004 -5.960165
-18.267839 48.229973 -5.818169
-17.435617 48.242615 -6.813270
-17.400497 48.251347 -6.703459
-17.857399 48.247810 -6.029804
-17.704268 48.252022 -6.080170
-18.104191 48.233482 -6.004633
-17.208323 48.231632 -7.033619
-17.915590 48.253738 -5.837130
-17.190104 48.252544 -6.933907
-17.298992 48.236443 -6.932317
-17.611504 48.257217 -6.183796
-17.442513 48.262611 -6.520520
-17.524891 48.244427 -6.516497
-17.271582 48.255764 -6.835054
-17.456776 48.269352 -6.381172
-17.357855 48.258137 -6.468159
-17.295904 48.256111 -6.665590
-17.116951 48.258183 -6.739763
-17.150702 48.257210 -6.828244
-17.997663 48.248325 -5.706308
-17.340563 48.258518 -6.608936
-17.754829 48.250244 -6.112381
-17.550333 48.243713 -6.621739
-17.197620 48.269306 -6.656496
-18.054829 48.241165 -5.868441
-17.230837 48.264805 -6.739039
-17.809366 48.244190 -6.157548
-17.296946 48.264500 -6.529148
-17.343460 48.255878 -6.719377
-17.643023 48.256607 -6.243300
-17.680059 48.248116 -6.309005
-18.028313 48.251305 -5.785314
-17.945824 48.249737 -5.876538
-17.116133 48.268326 -6.739198
-17.509808 48.268120 -6.286184
-17.196314 48.250240 -6.866674
-17.619764 48.245781 -6.365005
-18.095427 48.237881 -5.954985
-17.238464 48.241131 -6.949128
-17.874512 48.240715 -6.212351
-17.220816 48.265831 -6.603255
-17.550184 48.239597 -6.583780
-17.990162 48.244823 -5.928682
-17.468592 48.255447 -6.552071
-17.154303 48.262409 -6.796535
-17.399687 48.243771 -6.763271
-17.779404 48.261192 -5.948724
-17.553141 48.253849 -6.317035
-17.724077 48.243702 -6.381092
-17.846836 48.246189 -6.086296
-17.465616 48.263733 -6.433567
-18.208414 48.241745 -5.807782
-17.895287 48.240067 -6.163711
-17.803757 48.253487 -6.015107
-17.379690 48.246510 -6.770854
-17.343704 48.251141 -6.662889
-17.654251 48.257309 -6.067399
-18.044500 48.243481 -5.991280
-17.858730 48.258026 -5.830288
-18.200354 48.236153 -5.782868
-17.162861 48.238350 -6.984535
-17.577316 48.268730 -6.167917
-17.139013 48.250790 -6.882288
-17.383045 48.257935 -6.488242
-17.401134 48.263958 -6.355041
-17.152060 48.247055 -7.011323
-17.259630 48.250862 -6.895626
-17.485332 48.256962 -6.491731
-17.112988 48.253384 -6.910035
-17.215597 48.252048 -6.787065
-17.321121 48.267174 -6.447240
-17.096958 48.250778 -6.918417
-17.956699 48.257633 -5.699096
-17.258162 48.265686 -6.638374
-17.087128 48.269211 -6.712992
-17.112965 48.262379 -6.792866
-17.702663 48.256824 -6.097687
-17.295847 48.262917 -6.576672
-17.751968 48.248257 -6.140775
-17.153852 48.267757 -6.622292
-17.253578 48.264496 -6.500727
-17.178614 48.259373 -6.697123
-17.485888 48.243824 -6.583692
-17.987831 48.245407 -5.857823
-17.065475 48.259087 -6.824026
-17.588848 48.258743 -6.222669
-17.964075 48.252167 -5.777133
-17.889631 48.255146 -5.867623
-17.291832 48.257187 -6.680809
-17.446386 48.259945 -6.263759
-17.072901 48.265900 -6.702769
-17.617094 48.249123 -6.284449
-17.564043 48.249329 -6.340302
-17.155083 48.257786 -6.829525
-17.629530 48.240894 -6.393979
-17.721884 48.258846 -5.937126
-17.923775 48.246975 -5.918580
-17.182880 48.271317 -6.577143
-17.806107 48.242847 -6.190984
-18.021114 48.241898 -5.940443
-17.115829 48.266571 -6.761823
-17.416092 48.258171 -6.522177
-17.192402 48.246624 -6.903526
-17.511576 48.263031 -6.298490
-17.494055 48.244919 -6.549298
-17.346645 48.247383 -6.722115
-17.788027 48.250347 -6.069598
-17.413792 48.264259 -6.405596
-18.129948 48.242596 -5.798867
-17.653725 48.244595 -6.351202
-17.755146 48.259800 -6.000929
-17.826277 48.243183 -6.143162
-17.600414 48.258892 -6.053809
-17.302876 48.259129 -6.632854
-17.975157 48.247135 -5.977180
-17.342073 48.261398 -6.739796
-17.805494 48.263039 -5.824041
-17.521408 48.263767 -6.149644
-17.362728 48.269108 -6.333892
-18.145222 48.248657 -5.772335
-17.105297 48.261539 -6.849293
-17.346310 48.268082 -6.465992
-17.905613 48.261353 -5.694770
-17.132557 48.256767 -6.953409
-17.429010 48.257088 -6.459685
-17.276680 48.268913 -6.423273
-17.176514 48.258305 -6.751838
-17.209005 48.252754 -6.848536
-17.217205 48.270580 -6.609519
-17.048458 48.269287 -6.679384
-17.078379 48.270138 -6.760385
-17.254757 48.265820 -6.547664
-17.645874 48.257694 -6.082762
-17.220875 48.271393 -6.478024
-17.119406 48.273083 -6.595289
-17.698929 48.254055 -6.123931
-17.145773 48.268700 -6.668942
-17.551708 48.269547 -6.205459
-17.914391 48.259121 -5.768737
-17.836998 48.260281 -5.859225
-17.934454 48.252861 -5.846095
-17.443243 48.254765 -6.556110
-17.247049 48.260590 -6.648470
-17.040735 48.273026 -6.676512
-17.406971 48.267834 -6.247139
-17.681259 48.265396 -5.926132
-17.566538 48.254192 -6.261748
-17.523212 48.259521 -6.321091
-17.866039 48.251587 -5.908257
-17.114258 48.261364 -6.791330
-17.576019 48.246357 -6.368612
-17.143337 48.273911 -6.550878
-17.750917 48.249935 -6.172217
-17.370974 48.263218 -6.494955
-17.457874 48.262192 -6.276891
-17.074203 48.267044 -6.725549
-17.953243 48.246464 -5.926346
-18.013706 48.246532 -5.716753
-17.157204 48.258682 -6.867867
-17.461399 48.263855 -6.526844
-17.373167 48.269707 -6.382448
-17.728416 48.252502 -6.053492
-17.702784 48.262291 -5.987339
-17.306013 48.259460 -6.690979
-18.067444 48.249454 -5.789662
-17.597397 48.250237 -6.325987
-17.756485 48.267788 -5.817570
-17.909304 48.249519 -5.963521
-17.573265 48.276588 -6.043058
-17.492252 48.275917 -6.134286
-17.260439 48.265327 -6.601336
-17.771889 48.252277 -6.123807
-17.322649 48.270367 -6.312514
-17.286554 48.260223 -6.697669
-17.865255 48.268570 -5.688075
-18.065952 48.247509 -5.764011
-17.304277 48.273613 -6.442922
-17.066553 48.265045 -6.810282
-17.237404 48.272167 -6.401307
-17.083481 48.253944 -6.900899
-17.386238 48.263828 -6.434615
-17.070669 48.258209 -6.921749
-17.176115 48.273483 -6.580514
-17.016027 48.273540 -6.651490
-17.138304 48.265343 -6.718765
-17.177967 48.269062 -6.819408
-17.040377 48.271332 -6.724705
-17.611952 48.270981 -6.069855
-17.216818 48.271313 -6.521553
-17.178852 48.269203 -6.450785
-17.087845 48.278126 -6.569545
-17.866789 48.264893 -5.760858
-17.642139 48.256035 -6.107676
-17.498678 48.267616 -6.184450
-17.779873 48.261696 -5.850750
-17.106562 48.270756 -6.636229
-17.879602 48.258297 -5.835700
-17.640505 48.269955 -5.914987
-17.389805 48.255711 -6.523991
-17.005219 48.274582 -6.647131
-17.365078 48.270935 -6.229547
-17.208370 48.268391 -6.619030
-17.470919 48.259701 -6.298086
-17.532345 48.267918 -6.243210
-17.816154 48.257763 -5.896971
-17.105070 48.274426 -6.524386
-17.525396 48.251537 -6.344505
-17.077259 48.266438 -6.756621
-17.701500 48.257561 -6.154636
-17.425835 48.274624 -6.260278
-17.039557 48.271599 -6.695656
-17.962009 48.253452 -5.710582
-17.324312 48.266361 -6.467657
-17.900536 48.255035 -5.912546
-17.333954 48.275070 -6.359228
-17.653240 48.264610 -5.973600
-17.111547 48.259106 -6.822553
-17.679737 48.258926 -6.037909
-18.004007 48.252316 -5.780895
-17.401186 48.261497 -6.491239
-17.444395 48.273289 -6.117943
-17.257336 48.261482 -6.653749
-17.510250 48.267750 -6.029082
-17.847679 48.251644 -5.949638
-17.705196 48.270733 -5.810357
-17.821213 48.272964 -5.682044
-17.555084 48.261734 -6.304114
-17.286324 48.274338 -6.291883
-17.216194 48.266754 -6.568104
-17.713682 48.256561 -6.104964
-17.248676 48.270027 -6.667640
-17.262653 48.275181 -6.418805
-18.001841 48.251469 -5.754655
-17.199606 48.275227 -6.380676
-17.029221 48.267357 -6.772529
-17.049362 48.262051 -6.863455
-17.344807 48.269489 -6.409395
-16.984200 48.276814 -6.622779
-17.137175 48.276199 -6.552102
-17.098154 48.266727 -6.682493
-17.554165 48.266865 -6.055293
-17.149839 48.276711 -6.430085
-17.005396 48.273125 -6.691767
-17.122185 48.260612 -6.767483
-17.179419 48.274830 -6.494549
-17.052395 48.279572 -6.541573
-17.595478 48.260273 -6.092533
-17.813286 48.267033 -5.752975
-17.587954 48.266140 -5.905165
-17.734419 48.268383 -5.842134
-17.465096 48.278149 -6.167759
-17.074194 48.276009 -6.608411
-17.820999 48.259914 -5.825892
-16.971985 48.276833 -6.619828
-17.326202 48.275742 -6.213367
-17.351522 48.266167 -6.499003
-17.165604 48.269615 -6.587132
-17.756012 48.257473 -5.887086
-17.433645 48.269619 -6.279396
-17.475626 48.265377 -6.220203
-17.074715 48.283012 -6.503841
-17.492680 48.266167 -6.325970
-17.643032 48.257862 -6.135488
-17.373413 48.270599 -6.239785
-17.040127 48.269524 -6.721761
-17.914471 48.260223 -5.702779
-17.006250 48.275070 -6.665613
-17.283556 48.270927 -6.443028
-17.296890 48.279140 -6.337930
-17.606649 48.267639 -5.961197
-17.412830 48.280540 -6.103023
-17.839779 48.259052 -5.899485
-17.992075 48.246502 -5.697205
-17.951433 48.259560 -5.771244
-17.633074 48.264278 -6.021434
-17.080111 48.270554 -6.791638
-17.770603 48.272602 -5.678083
-17.796251 48.257023 -5.936945
-17.254494 48.279816 -6.273995
-17.482903 48.282463 -6.018105
-17.658941 48.274311 -5.803662
-17.359146 48.270351 -6.464175
-17.220867 48.271198 -6.623646
-17.500706 48.264206 -6.279265
-17.176579 48.270569 -6.539102
-17.203558 48.270668 -6.632258
-17.223309 48.278549 -6.395434
-17.658295 48.260670 -6.085973
-17.174812 48.289089 -6.365253
-16.994236 48.270256 -6.738261
-17.950005 48.259724 -5.744339
-16.953917 48.279774 -6.596810
-17.100382 48.277626 -6.525613
-17.519308 48.276154 -6.042825
-17.117676 48.280525 -6.407824
-17.061090 48.268597 -6.650373
-17.304115 48.275047 -6.384844
-17.013700 48.268253 -6.825934
-17.139477 48.272564 -6.466495
-17.773466 48.273376 -5.744058
-17.023853 48.285213 -6.518573
-17.569927 48.283333 -5.893222
-16.971956 48.275711 -6.660241
-17.912889 48.261761 -5.658238
-17.086859 48.268475 -6.734339
-17.683670 48.269348 -5.834027
-17.565847 48.275398 -6.078148
-17.417906 48.276642 -6.149345
-17.040956 48.279373 -6.579776
-16.946594 48.286160 -6.598394
-17.288671 48.279465 -6.197036
-17.773932 48.265923 -5.814459
-17.310026 48.271938 -6.472378
-17.712568 48.264198 -5.876246
-17.128874 48.273140 -6.559388
-17.384977 48.269413 -6.258317
-17.040876 48.284039 -6.480018
-17.831797 48.263573 -5.638883
-17.441975 48.276020 -6.202106
-17.867605 48.265896 -5.695569
-17.591875 48.260597 -6.117603
-17.436563 48.263752 -6.300815
-17.338224 48.278229 -6.222944
-17.006819 48.274101 -6.690388
-16.975428 48.281113 -6.639208
-17.244143 48.274410 -6.418250
-17.375299 48.283161 -6.088022
-17.257547 48.281406 -6.315891
-17.562071 48.269596 -5.947902
-17.731459 48.276745 -5.671087
-17.892159 48.261166 -5.762178
-17.946009 48.255287 -5.688073
-17.596001 48.273872 -6.006967
-17.041302 48.271965 -6.753885
-17.785397 48.263729 -5.885459
-17.219515 48.281597 -6.254546
-17.430822 48.276779 -6.005984
-17.748446 48.263126 -5.924846
-17.610409 48.274979 -5.797556
-17.313154 48.273510 -6.436139
-17.177359 48.273632 -6.589753
-17.137505 48.271301 -6.510537
-17.190002 48.284218 -6.376217
-17.163002 48.273811 -6.599698
-17.136749 48.288170 -6.344319
-17.462690 48.275333 -6.258579
-17.603449 48.261692 -6.067420
-17.897299 48.264977 -5.734537
-16.924238 48.281757 -6.570024
-16.963207 48.276634 -6.707633
-17.066742 48.281635 -6.502020
-17.465078 48.271767 -6.028781
-17.087725 48.285152 -6.386231
-17.518654 48.277443 -5.883175
-17.261686 48.275723 -6.359986
-17.732237 48.279812 -5.735217
-16.995245 48.289856 -6.495499
-16.976973 48.269585 -6.787365
-17.110460 48.281181 -6.444467
-17.869579 48.268272 -5.650212
-17.030329 48.276745 -6.622713
-17.641640 48.273773 -5.825776
-16.945625 48.284367 -6.635249
-17.380373 48.280369 -6.133014
-17.509335 48.270313 -6.062028
-17.046509 48.267982 -6.696508
-17.011742 48.286102 -6.556188
-16.914770 48.287220 -6.572349
-17.251009 48.281200 -6.180553
-17.726801 48.269825 -5.804281
-17.663898 48.266197 -5.865991
-17.347443 48.274242 -6.240654
-17.094429 48.277367 -6.533720
-17.013342 48.291344 -6.460655
-17.265312 48.273022 -6.444112
-17.795862 48.273514 -5.632195
-17.551048 48.267475 -6.102390
-17.817055 48.268749 -5.689021
-17.299084 48.280163 -6.205127
-17.396322 48.277523 -6.182439
-17.399895 48.272686 -6.281307
-17.689432 48.278961 -5.665497
-17.337639 48.283794 -6.072868
-16.942797 48.282387 -6.611087
-17.538078 48.283272 -5.934548
-16.976732 48.281155 -6.663317
-17.205538 48.277679 -6.395545
-17.219547 48.282593 -6.293699
-17.844488 48.267052 -5.752892
-17.186817 48.284077 -6.237171
-17.903498 48.264908 -5.678124
-17.541767 48.270592 -5.991590
-17.733166 48.267109 -5.873355
-17.702721 48.269154 -5.911929
-17.568449 48.279289 -5.790713
-17.399590 48.286789 -5.994111
-17.006315 48.275970 -6.718286
-17.268509 48.275589 -6.407949
-17.157368 48.289902 -6.356257
-17.136002 48.274776 -6.557780
-17.102991 48.275639 -6.483460
-17.104118 48.292744 -6.325692
-17.123995 48.276642 -6.569878
-17.494600 48.287907 -5.872405
-17.405771 48.270912 -6.234011
-16.901131 48.291782 -6.550666
-17.837223 48.264580 -5.726058
-17.064013 48.295059 -6.369020
-17.556786 48.267044 -6.050946
-17.039272 48.291042 -6.481401
-16.931986 48.280029 -6.676775
-17.434517 48.281788 -6.016164
-17.679884 48.276772 -5.728285
-16.965839 48.292500 -6.473011
-17.824059 48.272865 -5.642848
-17.080578 48.286797 -6.422950
-17.600283 48.278206 -5.816782
-17.224556 48.279903 -6.337282
-17.475084 48.278618 -6.048741
-16.916821 48.288239 -6.609281
-17.344988 48.285015 -6.115941
-16.945745 48.275192 -6.753844
-16.993876 48.276527 -6.591106
-16.982199 48.288971 -6.530884
-16.889318 48.294445 -6.552170
-17.015682 48.276241 -6.667439
-17.218710 48.287434 -6.166302
-17.678869 48.271725 -5.794690
-17.623278 48.271637 -5.856331
-17.751757 48.275803 -5.627419
-17.304548 48.274574 -6.220759
-17.649490 48.279987 -5.660420
-16.982658 48.294956 -6.439729
-17.770061 48.271320 -5.682987
-17.228182 48.278305 -6.420077
-17.061459 48.282494 -6.508054
-17.520483 48.279713 -6.087109
-17.307421 48.288853 -6.059128
-17.257669 48.279186 -6.187897
-17.489754 48.280300 -5.923170
-17.351952 48.276947 -6.162543
-17.360012 48.276932 -6.260159
-17.176659 48.286072 -6.376330
-16.916405 48.288940 -6.587349
-17.190670 48.289883 -6.275816
-16.942293 48.279865 -6.630818
-17.157005 48.287376 -6.219723
-17.802452 48.273693 -5.741973
-17.851404 48.266964 -5.670165
-17.654589 48.270279 -5.899446
-17.506777 48.279003 -5.977637
-17.359314 48.287262 -5.983332
-17.541775 48.291809 -5.781657
-17.680065 48.268597 -5.860433
-16.974421 48.280460 -6.686837
-17.120783 48.289890 -6.335323
-17.071224 48.293343 -6.306759
-17.452045 48.285473 -5.862211
-17.069958 48.278667 -6.459049
-17.096928 48.276611 -6.527885
-17.228357 48.279171 -6.382504
-17.688087 48.281284 -5.584789
-17.029177 48.291107 -6.345555
-16.877020 48.299034 -6.529006
-17.088675 48.281189 -6.540728
-17.397188 48.285183 -6.004056
-17.007650 48.292877 -6.458247
-17.642818 48.281944 -5.719141
-17.791632 48.270390 -5.715956
-16.942598 48.300541 -6.453500
-17.368299 48.278954 -6.213762
-16.902910 48.283241 -6.646507
-17.521791 48.277664 -6.034331
-17.566233 48.286186 -5.807718
-17.309473 48.286568 -6.100046
-17.777802 48.276447 -5.636150
-17.429575 48.277687 -6.034551
-17.049023 48.289631 -6.399871
-17.191788 48.284706 -6.315838
-16.888620 48.291126 -6.582497
-16.966745 48.283184 -6.566701
-16.914387 48.278812 -6.720170
-16.862797 48.297905 -6.529612
-16.953526 48.293728 -6.506403
-17.189230 48.293495 -6.151900
-17.580246 48.273285 -5.845775
-17.641062 48.278103 -5.783549
-17.613905 48.283855 -5.653941
-17.716433 48.283649 -5.621245
-16.979897 48.277142 -6.633761
-17.271778 48.287308 -6.044413
-17.272114 48.281033 -6.203691
-16.954123 48.298386 -6.419394
-17.720791 48.272091 -5.676212
-17.191723 48.282497 -6.396633
-17.033789 48.290024 -6.485875
-17.469069 48.277359 -6.070251
-17.232811 48.290955 -6.173728
-17.458994 48.287342 -5.910323
-17.319328 48.279175 -6.239602
-17.317301 48.282600 -6.144806
-17.160116 48.294388 -6.256371
-17.141611 48.289070 -6.354143
-16.886864 48.291805 -6.562049
-17.131014 48.294380 -6.203099
-17.750229 48.273754 -5.733863
-16.915094 48.286633 -6.605007
-17.608000 48.272198 -5.888374
-17.807961 48.272587 -5.660654
-17.462742 48.278980 -5.963448
-17.321184 48.288651 -5.971813
-17.492981 48.288490 -5.775246
-17.637159 48.274448 -5.847367
-16.942457 48.283958 -6.655314
-17.423437 48.291222 -5.851288
-17.092575 48.297188 -6.316701
-17.043020 48.299534 -6.289470
-17.042286 48.286201 -6.436870
-17.648407 48.285187 -5.581353
-17.008415 48.301723 -6.329679
-17.602070 48.283184 -5.711993
-17.191093 48.282471 -6.358318
-17.363480 48.290405 -5.991209
-17.066303 48.284542 -6.503041
-16.977571 48.295509 -6.436503
-17.055639 48.285324 -6.514987
-16.913664 48.300213 -6.430044
-17.751005 48.276947 -5.704965
-17.520323 48.284798 -5.799901
-17.329090 48.282108 -6.193206
-17.272482 48.287212 -6.084153
-16.876450 48.289909 -6.621364
-17.474735 48.277046 -6.017400
-17.020416 48.293175 -6.378128
-17.394388 48.283108 -6.020371
-17.726316 48.275307 -5.630040
-16.865313 48.299274 -6.561580
-17.160627 48.291302 -6.295881
-17.577517 48.285717 -5.648051
-16.938004 48.288052 -6.540812
-16.927872 48.299080 -6.484664
-17.155930 48.295853 -6.136678
-17.556385 48.287846 -5.833906
-16.884506 48.282234 -6.687831
-17.672260 48.284943 -5.616396
-17.594408 48.277924 -5.773733
-17.243773 48.293175 -6.031343
-17.683792 48.277153 -5.668477
-16.923176 48.298019 -6.398163
-17.235859 48.283787 -6.185802
-17.436764 48.284710 -6.054665
-16.951220 48.284111 -6.606618
-17.198772 48.293411 -6.157839
-17.004578 48.295654 -6.463620
-17.419386 48.287830 -5.898802
-17.160561 48.290195 -6.375345
-17.280859 48.281120 -6.221044
-17.106499 48.301186 -6.187808
-17.130236 48.297798 -6.237518
-17.281784 48.285259 -6.127583
-16.862686 48.298061 -6.540313
-17.111124 48.294567 -6.334777
-17.710276 48.279213 -5.723463
-16.888700 48.293190 -6.581272
-17.770220 48.278858 -5.650919
-17.563425 48.273048 -5.876410
-17.458067 48.292366 -5.768029
-17.427553 48.284405 -5.949268
-17.286003 48.291859 -5.960299
-17.382294 48.287594 -5.842351
-17.590368 48.274494 -5.834736
-16.914320 48.288952 -6.627276
-17.059746 48.298782 -6.297847
-17.014751 48.303627 -6.273436
-17.616575 48.291767 -5.575621
-16.979012 48.302158 -6.309857
-17.562662 48.284451 -5.703362
-17.015354 48.293636 -6.415359
-17.324478 48.289906 -5.978872
-16.950575 48.300842 -6.416248
-16.885532 48.300781 -6.407332
-17.158457 48.289261 -6.337030
-17.494186 48.295338 -5.789953
-17.249571 48.296921 -6.069015
-17.024817 48.290272 -6.489914
-17.033936 48.288692 -6.476560
-16.998047 48.302002 -6.360768
-17.356861 48.284622 -6.006703
-17.708101 48.280590 -5.694562
-17.690659 48.280396 -5.620821
-16.848854 48.291817 -6.593763
-17.542604 48.288486 -5.642164
-17.287666 48.283348 -6.173316
-17.440348 48.285580 -6.001302
-17.126186 48.292213 -6.274209
-17.506588 48.281754 -5.825191
-17.626551 48.283226 -5.612802
-16.899740 48.300755 -6.460620
-16.914692 48.297310 -6.518565
-17.127123 48.300819 -6.122869
-17.217848 48.298969 -6.017458
-17.643106 48.279388 -5.661405
-17.568201 48.289692 -5.761045
-16.857843 48.288132 -6.659796
-17.203295 48.287151 -6.169914
-17.397823 48.287422 -6.039741
-17.388494 48.292885 -5.885806
-17.169962 48.299484 -6.142699
-16.973560 48.296509 -6.439649
-17.126051 48.291218 -6.352264
-17.074947 48.299603 -6.170055
-16.921606 48.288197 -6.578579
-17.245275 48.283890 -6.202414
-17.661478 48.277008 -5.715718
-17.099684 48.301197 -6.219408
-17.249216 48.289734 -6.110364
-17.073534 48.291782 -6.311542
-17.542315 48.287548 -5.862985
-16.862846 48.297771 -6.556642
-17.725908 48.281487 -5.641924
-17.416517 48.291599 -5.761474
-17.358044 48.295074 -5.831358
-17.253639 48.294895 -5.948636
-17.388550 48.285019 -5.935599
-17.031343 48.301991 -6.280329
-17.573212 48.291740 -5.574181
-16.887724 48.294739 -6.600649
-17.540079 48.295830 -5.692598
-16.952623 48.304298 -6.291446
-16.987219 48.308723 -6.256739
-17.549545 48.279171 -5.822189
-17.289902 48.292133 -5.966540
-17.448818 48.290867 -5.782575
-16.984400 48.295486 -6.391467
-16.923513 48.305180 -6.395918
-17.513391 48.293015 -5.634722
-16.996210 48.294918 -6.466841
-17.210909 48.293674 -6.052893
-17.652119 48.283558 -5.613010
-17.317122 48.284225 -5.993701
-16.967834 48.302647 -6.338873
-17.002981 48.291649 -6.451335
-17.123274 48.291382 -6.313362
-17.662985 48.282322 -5.684825
-17.189581 48.300858 -6.004084
-17.590963 48.287094 -5.606326
-17.490707 48.299873 -5.812513
-17.250538 48.285324 -6.153278
-17.097912 48.298519 -6.255513
-17.399191 48.287487 -5.985712
-17.094429 48.301086 -6.108162
-16.888102 48.300884 -6.494600
-17.610399 48.286293 -5.652192
-17.525040 48.288242 -5.751670
-17.173679 48.292332 -6.154031
-16.834332 48.296616 -6.634658
-17.356066 48.294930 -5.874063
-17.056400 48.309929 -6.156180
-17.360228 48.289051 -6.024666
-17.134251 48.298050 -6.126581
-16.942610 48.297253 -6.417088
-17.083099 48.283936 -6.326797
-17.218674 48.292988 -6.185278
-17.073561 48.306217 -6.202634
-16.895882 48.294765 -6.554104
-17.627962 48.284122 -5.704431
-17.216652 48.293098 -6.094478
-17.048279 48.299793 -6.294257
-17.330780 48.298634 -5.821617
-17.493252 48.283573 -5.852274
-17.681534 48.282009 -5.634184
-17.393265 48.302963 -5.751455
-17.228783 48.304459 -5.937134
-17.352493 48.287445 -5.921935
-16.999792 48.301510 -6.261248
-17.533270 48.291664 -5.570442
-17.495447 48.291264 -5.685885
-17.660994 48.286846 -5.563130
-16.860392 48.299519 -6.574689
-17.528364 48.293785 -5.807357
-17.260555 48.297977 -5.954957
-17.478281 48.292797 -5.628606
-16.961292 48.304413 -6.373444
-17.420338 48.298611 -5.771809
-17.188000 48.302280 -6.039089
-17.290655 48.292000 -5.980711
-17.614986 48.286633 -5.605125
-16.966732 48.297680 -6.442950
-16.941380 48.304901 -6.319055
-17.163658 48.305546 -5.991532
-17.624310 48.285706 -5.674200
-17.437897 48.289864 -5.805053
-17.556114 48.290859 -5.600518
-16.973635 48.296398 -6.427599
-17.094193 48.297901 -6.292593
-17.067160 48.300045 -6.235843
-17.570257 48.285446 -5.645559
-17.065424 48.303070 -6.094125
-17.218773 48.291801 -6.135474
-17.363871 48.292030 -5.970052
-17.498701 48.298019 -5.738832
-17.027866 48.310047 -6.139840
-17.147015 48.299328 -6.138152
-17.323635 48.296970 -5.862322
-17.324844 48.291489 -6.010260
-17.109129 48.305840 -6.112112
-16.916218 48.301605 -6.396017
-17.066353 48.301247 -6.311978
-17.046566 48.309341 -6.185041
-17.584934 48.283562 -5.696541
-17.186041 48.296463 -6.167985
-17.302711 48.301300 -5.811134
-17.477909 48.299713 -5.838703
-17.019072 48.302109 -6.275997
-16.869352 48.300446 -6.528888
-17.185360 48.295498 -6.077032
-17.639238 48.282459 -5.625628
-17.350847 48.299198 -5.745414
-17.194817 48.303490 -5.926649
-17.322273 48.292515 -5.908200
-17.480776 48.306316 -5.672904
-17.497688 48.293316 -5.566631
-16.973602 48.305527 -6.244400
-17.623194 48.288799 -5.557319
-17.455639 48.300968 -5.620430
-17.231077 48.301834 -5.943220
-17.378525 48.293861 -5.764947
-17.479235 48.288815 -5.796572
-16.927666 48.298496 -6.348347
-17.158991 48.305374 -6.023720
-17.136063 48.306339 -5.978749
-17.261173 48.296963 -5.967643
-17.577120 48.288696 -5.597906
-17.582354 48.294613 -5.529946
-16.937187 48.299446 -6.418984
-17.524820 48.295464 -5.593894
-17.413036 48.299435 -5.793548
-17.584896 48.288086 -5.664240
-17.550554 48.298759 -5.633391
-16.944962 48.300056 -6.404453
-17.064308 48.302418 -6.272413
-17.038765 48.307854 -6.080912
-17.039494 48.304264 -6.217662
-17.450249 48.289745 -5.731298
-16.999203 48.308178 -6.123347
-17.294088 48.299839 -5.850509
-17.116531 48.301510 -6.122782
-17.323257 48.290852 -5.954900
-17.290871 48.293839 -5.995780
-17.186069 48.295395 -6.116775
-17.079252 48.305935 -6.097255
-17.271761 48.302040 -5.802058
-17.018768 48.310467 -6.168037
-17.160849 48.304371 -6.152108
-17.031649 48.298180 -6.290001
-17.550486 48.286682 -5.685691
-17.425703 48.289829 -5.829093
-16.993618 48.307137 -6.258484
-17.157957 48.301491 -6.061819
-17.605659 48.287476 -5.615598
-17.317146 48.299999 -5.737897
-17.167551 48.308151 -5.915582
-17.436016 48.298649 -5.667371
-17.291920 48.295589 -5.894312
-17.421137 48.298664 -5.614830
-17.467197 48.298817 -5.560753
-17.581644 48.286938 -5.552094
-17.202267 48.305702 -5.930744
-17.347771 48.297588 -5.756102
-17.111418 48.308952 -5.965970
-17.132196 48.308170 -6.010351
-17.545231 48.294365 -5.526056
-17.233036 48.300842 -5.954424
-17.455778 48.300522 -5.782331
-17.544952 48.292519 -5.589132
-17.502911 48.305756 -5.583723
-17.376987 48.298546 -5.783878
-16.911467 48.303810 -6.397173
-17.503109 48.292149 -5.629494
-17.548302 48.290287 -5.654132
-17.015579 48.311199 -6.200228
-17.034294 48.304951 -6.252081
-16.916960 48.302616 -6.381897
-17.265953 48.302616 -5.838620
-17.263468 48.298729 -5.981896
-17.429743 48.302158 -5.718391
-17.090473 48.306419 -6.107418
-17.242825 48.301708 -5.792089
-17.053263 48.310730 -6.083300
-17.289951 48.293221 -5.939680
-16.990036 48.308712 -6.150138
-17.521202 48.292431 -5.675512
-17.156385 48.300690 -6.099487
-17.125004 48.302052 -6.134507
-17.396286 48.294685 -5.817432
-17.006996 48.305206 -6.271901
-16.966688 48.311256 -6.240972
-17.570543 48.289482 -5.606821
-17.134174 48.309315 -6.045868
-17.287868 48.303524 -5.730385
-17.394743 48.303017 -5.607241
-17.137270 48.310005 -5.904438
-17.419868 48.312794 -5.654392
-17.265322 48.301380 -5.881172
-17.430815 48.298466 -5.557532
-17.552361 48.291580 -5.543246
-17.173395 48.307468 -5.919523
-17.089788 48.314373 -5.953271
-17.319160 48.302235 -5.746517
-17.515949 48.297901 -5.518540
-17.106810 48.311993 -5.995576
-17.203491 48.303703 -5.942613
-17.525053 48.302853 -5.576736
-17.459826 48.299767 -5.581085
-17.410135 48.295395 -5.770656
-17.348310 48.303307 -5.772884
-17.488369 48.306213 -5.616437
-17.510237 48.290474 -5.645354
-17.237080 48.304390 -5.827398
-16.986107 48.309540 -6.181663
-17.219114 48.306107 -5.781537
-17.392958 48.300266 -5.709386
-17.236132 48.304615 -5.968091
-17.062874 48.309425 -6.091977
-17.007294 48.310291 -6.231831
-17.021782 48.307930 -6.068290
-17.488167 48.294357 -5.665920
-17.261070 48.298313 -5.924465
-17.099680 48.307968 -6.118478
-17.358694 48.292999 -5.806354
-17.131060 48.307716 -6.082128
-16.979933 48.308445 -6.252904
-17.104969 48.309425 -6.030271
-17.371162 48.308304 -5.598172
-17.532476 48.289673 -5.598043
-17.376520 48.303932 -5.650116
-17.250416 48.300510 -5.723457
-17.403812 48.303802 -5.550764
-17.517984 48.292381 -5.536468
-17.233496 48.302441 -5.868617
-17.144524 48.309238 -5.908303
-17.289013 48.303871 -5.738185
-17.485933 48.300430 -5.511691
-17.085176 48.318523 -5.981548
-17.176025 48.306492 -5.929986
-17.443745 48.313805 -5.569514
-17.481831 48.297092 -5.571282
-17.312134 48.299316 -5.764393
-17.440056 48.296604 -5.613052
-17.385811 48.304100 -5.756928
-17.192392 48.306583 -5.772236
-17.211826 48.307991 -5.815438
-17.497635 48.307678 -5.628897
-17.209467 48.309406 -5.954875
-17.038292 48.314137 -6.077947
-17.366423 48.305950 -5.697654
-17.471884 48.307625 -5.651456
-16.977884 48.310734 -6.212013
-17.338797 48.303322 -5.793962
-17.071211 48.309086 -6.102217
-17.103456 48.311832 -6.065357
-17.346848 48.312584 -5.589768
-17.232189 48.303406 -5.909253
-17.500177 48.291504 -5.589118
-17.081186 48.316143 -6.015655
-17.355820 48.312256 -5.638312
-17.225428 48.305878 -5.714467
-17.491520 48.296852 -5.527471
-17.373125 48.306316 -5.544659
-17.208910 48.307163 -5.854585
-17.119337 48.313831 -5.896422
-17.458061 48.303879 -5.504102
-17.260206 48.305534 -5.728372
-17.399794 48.304817 -5.567389
-17.153852 48.315006 -5.916854
-17.463406 48.308334 -5.558890
-17.287880 48.306805 -5.753407
-17.433292 48.315334 -5.597856
-17.171566 48.311802 -5.761611
-17.342321 48.297680 -5.747177
-17.188047 48.312500 -5.803480
-17.181868 48.311314 -5.940763
-17.454212 48.301147 -5.620552
-17.333862 48.304905 -5.687093
-17.427794 48.299973 -5.645184
-17.310595 48.305111 -5.781997
-17.315233 48.309990 -5.585428
-17.043480 48.310104 -6.086623
-17.205456 48.308315 -5.894631
-17.324802 48.310898 -5.630492
-17.477261 48.299023 -5.576644
-17.074312 48.314049 -6.048509
-17.053389 48.316170 -5.999984
-17.201111 48.311260 -5.704737
-17.338020 48.303886 -5.541213
-17.179167 48.307045 -5.842545
-17.230732 48.306076 -5.720632
-17.448158 48.301315 -5.468163
-17.125519 48.314796 -5.904739
-17.382105 48.315956 -5.555665
-17.258272 48.306461 -5.744181
-17.424477 48.303307 -5.553288
-17.385588 48.303635 -5.594985
-17.161926 48.313103 -5.792033
-17.320009 48.305321 -5.732558
-17.149111 48.308376 -5.928644
-17.432032 48.309677 -5.607416
-17.407763 48.308311 -5.632638
-17.310146 48.310417 -5.675211
-17.278704 48.304073 -5.770696
-17.291521 48.313290 -5.576208
-17.014814 48.308239 -6.070133
-17.298143 48.312378 -5.621269
-17.458700 48.309383 -5.562769
-17.177181 48.311321 -5.879933
-17.045841 48.315170 -6.032251
-17.435642 48.302872 -5.510810
-17.309481 48.306213 -5.535701
-17.402924 48.308693 -5.489439
-17.156055 48.312675 -5.828517
-17.205610 48.310562 -5.710159
-17.415934 48.300819 -5.463311
-17.341774 48.308800 -5.552803
-17.408129 48.314476 -5.540082
-17.367769 48.312786 -5.583108
-17.232346 48.310055 -5.732965
-17.365255 48.296158 -5.449782
-17.125937 48.313011 -5.914539
-17.258305 48.306690 -5.573044
-17.288183 48.305283 -5.721335
-17.393705 48.304775 -5.599666
-17.373793 48.306248 -5.623484
-17.278257 48.308277 -5.665242
-17.254990 48.309582 -5.758816
-17.269272 48.311943 -5.612711
-17.426140 48.307236 -5.553539
-17.281548 48.307560 -5.529371
-17.150316 48.314240 -5.865160
-17.393089 48.306015 -5.454910
-17.319668 48.314999 -5.543739
-17.208569 48.313461 -5.722339
-17.333872 48.309502 -5.576694
-17.368334 48.306454 -5.534992
-17.359592 48.318333 -5.609539
-17.262857 48.309006 -5.707970
-17.228197 48.310177 -5.748109
-17.255949 48.313705 -5.653287
-17.374340 48.314243 -5.585051
-17.248442 48.317173 -5.602087
-17.400949 48.310741 -5.542986
-17.384657 48.309753 -5.491854
-17.351212 48.312347 -5.473810
-17.255823 48.310822 -5.522378
-17.281355 48.305664 -5.541314
-17.313107 48.315723 -5.566148
-17.348238 48.312695 -5.523703
-17.323284 48.311256 -5.602226
-17.201405 48.310768 -5.737404
-17.232840 48.317127 -5.641921
-17.235321 48.310810 -5.695269
-17.339504 48.309181 -5.576409
-17.364771 48.305656 -5.535828
-17.347271 48.314415 -5.437957
-17.262062 48.312801 -5.530771
-17.280550 48.311359 -5.559583
-17.322245 48.314194 -5.513741
-17.303123 48.316498 -5.590860
-17.181177 48.316120 -5.724633
-17.322220 48.317467 -5.562307
-17.187496 48.307178 -5.588653
-17.215826 48.318279 -5.680501
-17.331337 48.310509 -5.476068
-17.354788 48.319702 -5.518993
-17.303789 48.316734 -5.458031
-17.260391 48.316601 -5.548214
-17.299137 48.316513 -5.503699
-17.271172 48.312252 -5.582141
-17.289528 48.313324 -5.552922
-17.320694 48.313431 -5.512344
-17.251617 48.316513 -5.569953
-17.264143 48.313839 -5.542137
-17.125963 48.314693 -5.557494
-17.123007 48.307308 -5.603208
-17.102650 48.309563 -5.591612
-18.518044 48.197285 -6.235071
-18.227795 48.202934 -6.460633
-18.417955 48.204781 -6.211926
-18.406437 48.211895 -6.132725
-18.132360 48.209457 -6.432254
-18.324322 48.211910 -6.190576
-18.050749 48.216545 -6.466313
-18.299416 48.214359 -6.116767
-18.053503 48.219128 -6.406762
-17.536184 48.224995 -7.004119
-17.452141 48.224255 -7.080457
-18.234230 48.216789 -6.171075
-17.427259 48.223003 -7.066011
-17.963358 48.217918 -6.433049
-17.509024 48.231937 -6.966068
-17.481052 48.233532 -6.958284
-18.219069 48.224548 -6.103420
-17.978947 48.228550 -6.382466
-17.396088 48.231991 -7.031085
-18.146875 48.219555 -6.151340
-17.373400 48.231617 -7.017282
-17.345247 48.232452 -7.048456
-17.902220 48.227814 -6.407415
-17.451834 48.239464 -6.922411
-18.134224 48.228920 -6.090017
-17.415976 48.233829 -6.904748
-17.903545 48.233978 -6.358731
-18.088387 48.230923 -6.134861
-17.349157 48.242893 -6.991341
-17.323153 48.237911 -6.971813
-17.841732 48.235645 -6.382361
-17.290361 48.236198 -6.997421
-17.392944 48.242119 -6.877191
-18.275490 48.228466 -5.829396
-18.067316 48.238510 -6.076697
-17.835268 48.239040 -6.336051
-17.371332 48.244480 -6.868424
-18.021143 48.237720 -6.117173
-17.294451 48.247505 -6.943173
-17.779701 48.240543 -6.357243
-17.274385 48.244083 -6.927682
-17.243746 48.242249 -6.953889
-17.451828 48.244511 -6.722762
-17.342257 48.247147 -6.838061
-17.583601 48.245354 -6.553389
-18.213762 48.237617 -5.820765
-17.990225 48.241528 -6.063561
-17.764036 48.241222 -6.313377
-17.951641 48.240574 -6.100118
-17.319723 48.248703 -6.825757
-17.244209 48.250671 -6.900389
-17.429373 48.253941 -6.691684
-17.722757 48.246128 -6.334035
-17.237024 48.256302 -6.893912
-17.420113 48.262077 -6.698183
-17.295357 48.253857 -6.802368
-17.525288 48.246407 -6.520820
-18.152016 48.244701 -5.813453
-18.161283 48.238911 -5.777292
-17.892174 48.244946 -6.084063
-17.928986 48.249817 -6.051319
-17.712488 48.251362 -6.295082
-17.273966 48.252491 -6.787037
-17.213795 48.267246 -6.874282
-17.536951 48.263927 -6.499099
-17.383574 48.262314 -6.662395
-17.663530 48.248840 -6.310094
-17.186428 48.254608 -6.848082
-17.157982 48.253647 -6.874932
-17.259052 48.266739 -6.774956
-18.086533 48.247974 -5.805435
-17.495930 48.263653 -6.501072
-18.108290 48.250568 -5.771187
-17.835642 48.250134 -6.069321
-17.856735 48.249592 -6.038504
-17.654182 48.254875 -6.274677
-17.245029 48.268940 -6.762270
-17.159279 48.260876 -6.824879
-17.469191 48.258347 -6.467385
-17.323267 48.256706 -6.623940
-17.616646 48.254875 -6.289254
-17.158945 48.271996 -6.823287
-17.314230 48.261124 -6.623874
-18.028975 48.253883 -5.797864
-17.438963 48.261585 -6.469709
-17.206535 48.263905 -6.734127
-18.041643 48.254700 -5.767518
-17.778978 48.252319 -6.054445
-17.598766 48.258205 -6.255541
-17.800426 48.256641 -6.026672
-17.190006 48.261368 -6.717796
-17.127163 48.272583 -6.797208
-17.439970 48.275455 -6.450459
-17.293079 48.272015 -6.603432
-17.566851 48.259033 -6.268466
-17.280796 48.271755 -6.599052
-17.106562 48.263435 -6.775804
-17.078831 48.263481 -6.801958
-17.967707 48.254910 -5.790954
-17.408018 48.274895 -6.449852
-17.170837 48.273727 -6.707250
-17.736843 48.261841 -6.040625
-17.984266 48.261471 -5.762813
-17.747635 48.262508 -6.015324
-17.156349 48.270138 -6.690062
-17.560970 48.271606 -6.240273
-17.087255 48.275932 -6.762434
-17.374186 48.265755 -6.419165
-17.522028 48.262951 -6.248134
-17.245520 48.272461 -6.573855
-17.235947 48.271152 -6.567877
-17.914295 48.258644 -5.783079
-17.073463 48.271278 -6.745872
-17.353142 48.269642 -6.420364
-17.131920 48.277813 -6.677424
-17.684439 48.262783 -6.026900
-17.925346 48.265308 -5.758045
-17.686743 48.261745 -6.003348
-17.119513 48.274166 -6.659424
-17.502470 48.269062 -6.221010
-17.486813 48.272305 -6.231134
-17.337378 48.274303 -6.399369
-17.050463 48.280960 -6.731841
-17.203873 48.275532 -6.546949
-17.868071 48.265076 -5.774982
-17.196270 48.273232 -6.538704
-17.036360 48.272446 -6.712278
-17.317520 48.276268 -6.397586
-17.091347 48.278027 -6.646080
-17.639219 48.266426 -6.012953
-17.869291 48.270023 -5.753179
-17.640379 48.268311 -5.992428
-17.084940 48.279003 -6.630840
-17.475534 48.285915 -6.207503
-17.433802 48.267590 -6.210086
-17.012600 48.280125 -6.698898
-17.298286 48.279980 -6.378841
-17.165115 48.278416 -6.521312
-17.823215 48.270451 -5.766769
-17.162687 48.278805 -6.515068
-17.004652 48.278164 -6.683596
-17.281139 48.280895 -6.375459
-17.591831 48.268131 -5.999729
-17.056755 48.280800 -6.618818
-17.817471 48.274563 -5.748099
-17.595385 48.273819 -5.981392
-17.054869 48.286526 -6.604998
-17.413166 48.276558 -6.187399
-17.409492 48.281395 -6.194891
-17.256199 48.281780 -6.358275
-16.977043 48.281097 -6.668055
-17.128622 48.282108 -6.497729
-17.772564 48.271000 -5.760028
-17.125969 48.280636 -6.488574
-16.969835 48.279072 -6.653422
-17.240238 48.280769 -6.351912
-17.554495 48.273411 -5.986185
-17.024515 48.286377 -6.593699
-17.761982 48.275219 -5.743723
-17.560528 48.284904 -5.970124
-17.379498 48.285721 -6.173150
-17.020121 48.287365 -6.576235
-17.370407 48.283939 -6.177051
-17.726191 48.272369 -5.753119
-16.947626 48.286556 -6.642793
-17.219172 48.285336 -6.338255
-17.097303 48.288490 -6.476147
-17.095949 48.286026 -6.465465
-17.208229 48.285084 -6.332393
-16.941088 48.284534 -6.627419
-17.528868 48.286140 -5.973839
-16.990618 48.288090 -6.567061
-17.719429 48.282402 -5.737608
-17.504459 48.278839 -5.959792
-16.988377 48.288956 -6.550197
-17.336117 48.285381 -6.156799
-17.330523 48.283485 -6.159817
-17.698503 48.284092 -5.742951
-16.920513 48.293823 -6.619631
-17.185905 48.291637 -6.320308
-17.064484 48.292931 -6.454547
-17.064428 48.289478 -6.442338
-17.175436 48.288460 -6.312159
-17.474726 48.278088 -5.961194
-16.915432 48.292744 -6.604230
-16.963688 48.296223 -6.546766
-17.668844 48.282887 -5.732277
-17.296566 48.287720 -6.143932
-17.476076 48.291622 -5.948998
-16.961222 48.295223 -6.526989
-17.296429 48.287853 -6.141110
-17.654169 48.284409 -5.735184
-17.152552 48.295940 -6.302270
-16.890223 48.296352 -6.593565
-17.032318 48.295315 -6.433527
-17.041216 48.299358 -6.424070
-17.450464 48.289761 -5.948731
-17.146404 48.294586 -6.293997
-16.888861 48.297020 -6.580193
-16.935144 48.301487 -6.524996
-17.629028 48.287949 -5.725930
-17.265434 48.291836 -6.127905
-17.609186 48.283653 -5.729524
-16.932524 48.298557 -6.503719
-17.424326 48.287373 -5.938540
-17.260345 48.291145 -6.125992
-17.122177 48.302059 -6.285591
-16.865330 48.303432 -6.572412
-16.997799 48.294888 -6.410363
-17.009565 48.299816 -6.400808
-17.404991 48.284279 -5.937203
-17.120237 48.301590 -6.275738
-16.863071 48.302231 -6.556869
-16.905733 48.303814 -6.502422
-17.581963 48.287251 -5.721081
-17.232088 48.293011 -6.112556
-17.580654 48.291374 -5.719919
-16.906761 48.302704 -6.481762
-17.395027 48.296223 -5.926898
-17.225744 48.294312 -6.112215
-17.089363 48.303371 -6.266678
-16.838043 48.306705 -6.549069
-16.975439 48.305637 -6.394220
-17.382879 48.295830 -5.925339
-16.981745 48.302948 -6.381030
-17.089621 48.303776 -6.257469
-16.837238 48.306442 -6.533500
-16.878513 48.307022 -6.480491
-17.540648 48.290379 -5.714715
-17.206017 48.298882 -6.097075
-17.540579 48.290447 -5.713304
-16.883347 48.309654 -6.461948
-17.352573 48.293552 -5.916772
-17.196177 48.300297 -6.097616
-17.344593 48.293049 -5.913589
-17.058901 48.307487 -6.249908
-16.947773 48.310703 -6.375942
-16.956051 48.307030 -6.360483
-17.060369 48.304909 -6.239084
-17.503567 48.293327 -5.708135
-17.501215 48.290520 -5.705991
-17.174864 48.300934 -6.082368
-16.854431 48.307991 -6.438454
-17.317436 48.296581 -5.906557
-17.164396 48.303341 -6.083695
-17.320940 48.301659 -5.901662
-17.032871 48.314358 -6.234470
-16.911495 48.302349 -6.352491
-16.930382 48.310040 -6.341303
-17.035639 48.310787 -6.222118
-17.481997 48.301884 -5.695395
-17.149532 48.306740 -6.067556
-17.474403 48.302040 -5.699314
-17.283754 48.300545 -5.896315
-17.138590 48.312077 -6.071168
-17.286257 48.299698 -5.890483
-16.997713 48.309734 -6.216102
-16.903214 48.311115 -6.322105
-17.010151 48.314663 -6.205805
-17.444027 48.299831 -5.689334
-17.124895 48.311485 -6.053369
-17.430813 48.299164 -5.694903
-17.251398 48.302452 -5.885911
-17.259609 48.304432 -5.878518
-17.104441 48.310249 -6.056423
-16.976944 48.321285 -6.202751
-16.977776 48.308918 -6.187248
-17.421854 48.308315 -5.678744
-17.095766 48.310417 -6.039125
-17.402306 48.305817 -5.686660
-17.229988 48.304222 -5.867884
-17.225616 48.310120 -5.874750
-17.078506 48.315983 -6.043762
-16.955109 48.312675 -6.170792
-17.381630 48.302326 -5.673316
-17.076279 48.318913 -6.025572
-17.364378 48.304764 -5.680642
-17.204750 48.308895 -5.855848
-17.193216 48.311028 -5.864303
-17.048832 48.317905 -6.030394
-17.363037 48.312691 -5.661933
-17.048603 48.318783 -6.011303
-17.335781 48.309418 -5.672312
-17.183119 48.314384 -5.844385
-17.020485 48.317772 -6.016866
-17.163723 48.313816 -5.853801
-17.329216 48.308464 -5.655569
-17.018669 48.314713 -5.997669
-17.155622 48.315117 -5.832983
-17.299265 48.308304 -5.666222
-17.129763 48.309719 -5.844614
-17.301945 48.311062 -5.647078
-17.133947 48.319611 -5.821475
-17.273491 48.312840 -5.657749
-17.412968 48.306137 -5.492611
-17.275328 48.311596 -5.639169
-17.241924 48.312550 -5.650749
-17.250164 48.313072 -5.631233
-17.082973 48.321880 -5.821201
-17.210356 48.312263 -5.643748
-17.360929 48.316067 -5.479272
-17.370731 48.313263 -5.465199
-17.227102 48.316555 -5.621161
-17.199726 48.315090 -5.613904
-17.319845 48.317142 -5.451523
-17.169523 48.328041 -5.623051
-17.302296 48.318172 -5.468014
-17.183155 48.322334 -5.602986
-17.270353 48.318893 -5.439098
-17.250778 48.323044 -5.455122
-18.553890 48.193817 -6.322084
-18.439329 48.200020 -6.293909
-18.496792 48.196671 -6.382384
-18.580238 48.192009 -6.270397
-18.334089 48.206745 -6.267430
-18.152517 48.217831 -6.465972
-18.476131 48.204533 -6.247675
-18.372732 48.201477 -6.349643
-18.370701 48.214382 -6.172455
-18.247572 48.216518 -6.244434
-18.062662 48.224052 -6.435887
-18.484146 48.202465 -6.310258
-18.362432 48.208477 -6.224312
-18.268024 48.208336 -6.319600
-18.276491 48.220253 -6.154613
-17.505182 48.230320 -6.996870
-17.472595 48.228401 -7.026711
-18.159472 48.222355 -6.221334
-17.402159 48.233788 -7.087070
-18.291803 48.206841 -6.399163
-17.984346 48.230614 -6.409510
-17.371117 48.231934 -7.091323
-18.376167 48.211304 -6.284009
-18.267429 48.216534 -6.203066
-18.187254 48.225883 -6.137228
-18.176983 48.216484 -6.292495
-17.520624 48.229286 -7.051343
-17.451727 48.241558 -6.953907
-17.419632 48.238773 -6.980140
-18.003910 48.226006 -6.450154
-18.087202 48.231422 -6.200447
-17.351974 48.243046 -7.040313
-18.196363 48.216354 -6.368083
-17.907398 48.236122 -6.383017
-17.315401 48.236763 -7.036836
-17.292126 48.238495 -7.065684
-18.276684 48.218727 -6.258700
-17.424000 48.232159 -7.058284
-18.177315 48.222359 -6.182189
-18.109461 48.232986 -6.120772
-18.096781 48.226028 -6.268474
-17.454893 48.234650 -6.994533
-18.273302 48.233105 -5.912977
-17.394272 48.246113 -6.907289
-17.368690 48.246033 -6.934039
-18.358570 48.220356 -6.096762
-18.019196 48.239250 -6.180717
-17.924002 48.231754 -6.420983
-17.300224 48.250431 -6.992130
-17.550833 48.228699 -6.991016
-18.278091 48.231281 -5.995575
-17.844982 48.245846 -6.360266
-17.463558 48.249348 -6.789265
-18.106636 48.225571 -6.338131
-17.264977 48.242092 -6.988493
-17.242414 48.244827 -7.016644
-18.105967 48.232227 -6.164842
-18.324572 48.228134 -5.908131
-18.278036 48.237358 -5.834985
-18.181416 48.223919 -6.234501
-17.370029 48.239727 -7.008091
-18.042484 48.242554 -6.106033
-18.025114 48.235161 -6.245437
-17.454760 48.230793 -7.037583
-17.767191 48.247253 -6.404498
-18.198606 48.239830 -5.902025
-17.468491 48.236206 -6.855742
-17.391365 48.237766 -6.941054
-17.293404 48.234676 -7.038503
-17.463409 48.249989 -6.729767
-17.265211 48.239708 -7.065614
-17.341341 48.252296 -6.864777
-17.314796 48.250412 -6.887947
-17.951143 48.246078 -6.160941
-18.262922 48.227345 -6.077626
-17.857843 48.240791 -6.394839
-17.365311 48.236523 -7.086121
-17.249084 48.254761 -6.944484
-18.186041 48.233902 -5.981023
-17.773621 48.248062 -6.334768
-17.410007 48.253399 -6.750228
-17.551874 48.251537 -6.585931
-18.022606 48.232426 -6.310628
-18.328314 48.236019 -5.976344
-17.220642 48.250927 -6.945685
-18.205742 48.244766 -5.828908
-18.255022 48.238617 -5.897812
-17.197926 48.251728 -6.972338
-18.030146 48.238342 -6.146119
-18.108450 48.234043 -6.212991
-17.968822 48.245422 -6.090600
-17.316755 48.246239 -6.958523
-17.950499 48.241417 -6.222410
-18.122330 48.242619 -5.890967
-17.713131 48.255699 -6.379865
-17.404032 48.243042 -6.991700
-17.415646 48.244385 -6.813318
-17.341385 48.246826 -6.898532
-17.252285 48.249256 -6.998639
-17.416061 48.258476 -6.697721
-17.868799 48.236660 -6.433090
-17.304155 48.265305 -6.833863
-17.262928 48.251675 -6.842321
-17.885899 48.250729 -6.142346
-17.210709 48.241547 -7.009511
-17.793751 48.247707 -6.369205
-17.456549 48.249466 -6.749201
-18.172119 48.231098 -6.058814
-17.540554 48.253166 -6.514972
-17.199409 48.256901 -6.899501
-17.305811 48.239658 -7.028195
-18.108257 48.237877 -5.967259
-17.716118 48.254490 -6.313752
-17.496475 48.254379 -6.553308
-17.362370 48.260082 -6.713861
-17.426447 48.243664 -6.887876
-18.169519 48.239750 -5.887835
-18.131166 48.249298 -5.822101
-17.185358 48.263012 -6.911093
-18.232727 48.237751 -5.962632
-17.960037 48.244160 -6.128523
-18.033945 48.241226 -6.191419
-17.944960 48.238991 -6.283510
-17.903868 48.251877 -6.076325
-17.523033 48.249287 -6.620526
-17.262571 48.248814 -6.908109
-17.253620 48.245674 -7.056513
-17.882963 48.246315 -6.200394
-18.064026 48.251640 -5.880033
-17.644241 48.252934 -6.351182
-17.574335 48.252033 -6.553672
-17.374870 48.258633 -6.780509
-17.346344 48.248856 -6.939479
-17.292801 48.253769 -6.857260
-17.212561 48.261711 -6.960025
-17.374735 48.270527 -6.669799
-17.807589 48.246521 -6.406034
-17.249403 48.263618 -6.789658
-17.824842 48.254208 -6.123493
-17.230911 48.267380 -6.813406
-17.723688 48.248928 -6.342180
-17.173849 48.254890 -6.970800
-17.148426 48.251144 -6.989578
-17.403893 48.255386 -6.712332
-18.092846 48.238323 -6.041018
-17.493551 48.261326 -6.489981
-17.168020 48.271610 -6.869801
-18.254126 48.236229 -5.840335
-17.662222 48.261742 -6.293307
-18.039068 48.244503 -5.953198
-17.252985 48.244305 -6.974976
-17.326059 48.272900 -6.686439
-17.461954 48.270935 -6.530224
-17.450666 48.252815 -6.770890
-18.061522 48.252594 -5.815705
-18.100536 48.246178 -5.878007
-17.895641 48.249683 -6.112052
-18.155769 48.243664 -5.949625
-17.111763 48.260227 -6.887594
-17.372080 48.250969 -6.844068
-17.843061 48.256157 -6.061749
-17.138460 48.264042 -6.865922
-17.957228 48.245472 -6.170527
-17.873096 48.245193 -6.258928
-17.478033 48.260582 -6.590621
-17.230528 48.265583 -6.877827
-17.996956 48.254021 -5.869218
-17.634445 48.254463 -6.394950
-17.816908 48.251095 -6.179716
-17.594440 48.260143 -6.327700
-17.517635 48.255867 -6.522574
-17.202097 48.249329 -7.001767
-17.321838 48.260754 -6.739231
-17.295317 48.254116 -6.893288
-17.260086 48.270535 -6.827719
-17.327957 48.274956 -6.638246
-17.739695 48.249687 -6.378284
-17.162594 48.262051 -6.910720
-17.772564 48.261204 -6.107211
-17.211306 48.272697 -6.757897
-17.186525 48.270023 -6.774567
-17.666857 48.255363 -6.320422
-17.363911 48.267445 -6.682928
-17.126076 48.256107 -6.922137
-18.022108 48.245136 -6.024206
-17.456930 48.275871 -6.469032
-17.605961 48.264118 -6.272043
-17.122002 48.272446 -6.828122
-17.971903 48.248009 -5.939604
-18.180883 48.243893 -5.829354
-17.554544 48.258488 -6.564129
-17.400345 48.264153 -6.494622
-18.000431 48.257542 -5.808970
-17.272882 48.269962 -6.646352
-18.037201 48.252373 -5.867895
-17.224091 48.266884 -6.946225
-17.397133 48.258926 -6.730529
-17.788055 48.262138 -6.048387
-18.083002 48.248398 -5.936359
-17.839172 48.257851 -6.096027
-17.106876 48.275822 -6.834678
-17.890614 48.251179 -6.152045
-17.315907 48.252468 -6.797243
-17.938551 48.258984 -5.859518
-17.808401 48.252041 -6.235445
-17.419546 48.260674 -6.555184
-17.176157 48.262100 -6.828558
-17.546036 48.265232 -6.305470
-17.587595 48.264553 -6.371458
-17.482401 48.271420 -6.500187
-17.762383 48.259338 -6.160056
-17.158951 48.256237 -6.955976
-17.280067 48.269073 -6.705488
-17.206593 48.266861 -6.781943
-17.272791 48.270943 -6.601749
-17.245726 48.258251 -6.848392
-17.718006 48.265324 -6.090197
-17.682768 48.257248 -6.353747
-17.125631 48.271332 -6.873243
-17.163298 48.272457 -6.719810
-17.144320 48.271481 -6.737693
-17.614218 48.260624 -6.298406
-18.161970 48.240486 -5.766330
-18.088751 48.245239 -5.729704
-17.092007 48.265205 -6.885930
-17.310999 48.267372 -6.645794
-17.067253 48.261467 -6.903966
-17.397135 48.271767 -6.439135
-17.952740 48.250893 -6.007278
-17.565855 48.275650 -6.254668
-17.089661 48.282227 -6.797531
-17.919891 48.257870 -5.926276
-17.367916 48.277531 -6.473415
-17.953642 48.267971 -5.800375
-18.116154 48.252209 -5.817989
-17.238598 48.279663 -6.619396
-17.508944 48.269711 -6.536376
-17.975971 48.257450 -5.858337
-17.780405 48.261078 -6.080594
-17.731550 48.266182 -6.035007
-18.012342 48.252018 -5.923648
-17.357864 48.271988 -6.700426
-17.064335 48.274483 -6.793439
-17.164162 48.260036 -6.887858
-17.828190 48.255711 -6.133306
-17.036045 48.269855 -6.812315
-17.892992 48.268486 -5.847986
-17.281824 48.270290 -6.767816
-17.496761 48.267384 -6.282439
-17.368338 48.262348 -6.522301
-17.136984 48.268440 -6.791762
-17.745813 48.257771 -6.212515
-17.535446 48.268951 -6.345834
-17.421797 48.267445 -6.468209
-17.697483 48.258068 -6.139043
-17.125944 48.271202 -6.922112
-17.168451 48.274937 -6.750138
-17.235191 48.272583 -6.670255
-17.235708 48.279697 -6.576302
-17.659000 48.264626 -6.073176
-17.215317 48.276829 -6.820946
-17.619762 48.258183 -6.326365
-17.084742 48.273865 -6.833519
-17.122793 48.275661 -6.687185
-17.111263 48.280258 -6.707799
-17.557844 48.262066 -6.275686
-18.042677 48.256668 -5.720413
-18.124525 48.258686 -5.754097
-17.391687 48.267487 -6.588017
-17.052570 48.268681 -6.846179
-17.271627 48.276375 -6.616927
-17.360300 48.281322 -6.417965
-17.505060 48.271210 -6.233308
-17.047256 48.280754 -6.759113
-17.893404 48.258175 -5.991350
-17.883068 48.265274 -5.794455
-17.322670 48.279705 -6.445936
-17.859894 48.262024 -5.913779
-17.919760 48.263294 -5.849279
-17.448399 48.268795 -6.503119
-17.192989 48.280106 -6.586184
-18.043438 48.254818 -5.807457
-17.677826 48.269112 -6.021441
-17.722311 48.264313 -6.064418
-17.957422 48.259998 -5.910374
-17.304884 48.271980 -6.661882
-17.024166 48.274891 -6.755708
-17.772238 48.261951 -6.115039
-17.134270 48.276684 -6.858172
-17.835869 48.270397 -5.838081
-17.461519 48.277748 -6.264065
-17.226248 48.266666 -6.722852
-17.333645 48.274906 -6.499040
-17.100815 48.275528 -6.757689
-17.482498 48.270348 -6.320819
-17.379766 48.275364 -6.443673
-17.650152 48.265892 -6.121848
-17.686747 48.262325 -6.190069
-17.081020 48.271240 -6.874673
-17.619577 48.273033 -6.057750
-17.191608 48.278950 -6.545797
-17.121592 48.271774 -6.709024
-17.192577 48.276901 -6.637075
-17.497030 48.260185 -6.378465
-17.572182 48.265205 -6.304893
-17.160776 48.269352 -6.771502
-17.087484 48.280495 -6.657927
-17.034637 48.265045 -6.901440
-17.047678 48.279083 -6.797277
-17.072798 48.282410 -6.674318
-17.527205 48.279182 -6.258817
-18.053316 48.260109 -5.746272
-17.977894 48.258797 -5.713017
-17.225349 48.276814 -6.584455
-17.016918 48.273842 -6.809865
-17.338215 48.268345 -6.553080
-17.315973 48.284306 -6.394022
-17.471453 48.283382 -6.217773
-17.831856 48.269817 -5.787220
-17.010984 48.283787 -6.726275
-17.280272 48.280704 -6.419681
-17.868496 48.269966 -5.839310
-17.826756 48.259758 -5.975514
-17.796902 48.262299 -5.901249
-17.155514 48.282997 -6.557650
-17.629858 48.272743 -6.009044
-17.407753 48.277721 -6.477144
-17.667805 48.266304 -6.050138
-17.896040 48.263142 -5.899315
-17.985048 48.261845 -5.796433
-16.996265 48.284298 -6.729136
-17.717680 48.266068 -6.098025
-17.790922 48.276840 -5.827086
-17.264704 48.281109 -6.630932
-17.086395 48.273842 -6.810743
-17.411404 48.275902 -6.241598
-17.288330 48.277149 -6.470148
-17.186626 48.274868 -6.689705
-17.062212 48.277809 -6.721385
-17.441277 48.278141 -6.298364
-17.334742 48.279408 -6.419102
-17.594614 48.266144 -6.102575
-17.632763 48.267578 -6.169534
-17.585213 48.283203 -6.042869
-17.049212 48.281151 -6.840518
-17.153572 48.282772 -6.519460
-17.087082 48.279610 -6.679156
-17.156572 48.282795 -6.607192
-17.520910 48.269409 -6.282760
-17.052134 48.284332 -6.628625
-17.459583 48.272793 -6.356757
-17.037964 48.284317 -6.642776
-17.009661 48.279369 -6.760145
-17.125431 48.278378 -6.738186
-17.468493 48.274689 -6.236644
-17.994196 48.264069 -5.737268
-17.928110 48.265343 -5.704387
-17.185093 48.280819 -6.556108
-17.275278 48.287045 -6.372016
-16.984268 48.279755 -6.776274
-17.418608 48.280521 -6.198226
-17.300367 48.278221 -6.525595
-17.788542 48.278072 -5.779063
-17.810659 48.270874 -5.830102
-17.241632 48.284454 -6.395496
-16.977646 48.287636 -6.694749
-17.748238 48.266991 -5.888227
-17.119518 48.285767 -6.530457
-17.578941 48.273491 -5.996658
-17.619028 48.270061 -6.035660
-17.851824 48.272652 -5.886300
-17.769444 48.263927 -5.960052
-17.358162 48.279137 -6.448422
-17.980385 48.252384 -5.697711
-17.922995 48.264988 -5.786116
-17.740185 48.278458 -5.817567
-17.670305 48.272896 -6.080785
-16.959684 48.283466 -6.693299
-17.222116 48.284367 -6.599120
-17.375294 48.283333 -6.222421
-17.049332 48.279060 -6.774500
-17.249664 48.281963 -6.444596
-17.025158 48.279903 -6.687832
-17.293282 48.283276 -6.395060
-17.391916 48.278297 -6.275242
-17.147661 48.281010 -6.657141
-17.566864 48.283077 -6.086975
-17.530380 48.279266 -6.026913
-17.578695 48.270832 -6.148911
-17.117756 48.286407 -6.495131
-17.009621 48.282692 -6.799267
-17.022091 48.290730 -6.604144
-17.487837 48.281712 -6.263661
-17.047119 48.279819 -6.645658
-17.114485 48.282063 -6.574462
-17.004723 48.287037 -6.614028
-17.429628 48.282166 -6.219021
-17.086941 48.281590 -6.703338
-17.884058 48.273659 -5.695561
-17.936487 48.267971 -5.728192
-17.403547 48.271442 -6.328929
-16.976339 48.285282 -6.727294
-17.236734 48.289665 -6.350609
-17.146162 48.282768 -6.527601
-17.737942 48.279556 -5.772366
-17.384872 48.289700 -6.182558
-17.887995 48.261150 -5.657233
-16.950010 48.282799 -6.741211
-17.752066 48.269779 -5.821547
-17.208904 48.290840 -6.373980
-16.946640 48.292229 -6.666687
-17.254242 48.280590 -6.494622
-17.550529 48.287292 -5.984489
-17.086456 48.289352 -6.504575
-17.700314 48.271618 -5.875874
-17.575312 48.275578 -6.021726
-17.793179 48.273685 -5.875011
-17.689362 48.278080 -5.807959
-17.317457 48.285004 -6.423726
-17.942013 48.264591 -5.685954
-17.721508 48.271683 -5.945008
-17.614191 48.272011 -6.065032
-17.871618 48.270725 -5.774691
-16.931698 48.290874 -6.666638
-17.177137 48.283813 -6.565121
-17.336929 48.286819 -6.203881
-17.013704 48.283157 -6.739553
-17.210175 48.284843 -6.418285
-17.254711 48.286957 -6.372285
-17.355024 48.284790 -6.255351
-16.993343 48.284626 -6.657690
-17.514132 48.281151 -6.068883
-17.502531 48.292141 -6.012547
-17.107044 48.283276 -6.623060
-17.088717 48.295612 -6.474274
-17.529600 48.273853 -6.128743
-16.990480 48.295258 -6.578235
-17.429014 48.276287 -6.240033
-17.079943 48.285770 -6.547240
-16.973841 48.284859 -6.762820
-17.015528 48.286407 -6.618425
-17.389896 48.286709 -6.200595
-16.976063 48.294441 -6.588108
-17.894449 48.276299 -5.717142
-17.835600 48.278152 -5.686772
-16.943630 48.288136 -6.694983
-17.364477 48.279118 -6.307071
-16.933971 48.281364 -6.790103
-17.047667 48.283867 -6.667775
-17.201950 48.295040 -6.331273
-17.690920 48.282928 -5.764872
-17.114080 48.290222 -6.503976
-17.341475 48.290359 -6.164840
-17.849630 48.270233 -5.648166
-17.712807 48.276993 -5.810310
-16.920279 48.287468 -6.710256
-17.173855 48.293350 -6.351690
-16.913940 48.291958 -6.637066
-17.494408 48.281223 -5.972749
-17.539518 48.283745 -6.008238
-17.052568 48.291000 -6.477936
-17.653042 48.274189 -5.864102
-17.650085 48.283230 -5.798046
-17.214096 48.285526 -6.467728
-17.743799 48.277374 -5.862685
-17.568840 48.275723 -6.048259
-17.273691 48.287060 -6.397585
-17.889992 48.269260 -5.676637
-16.902018 48.293415 -6.638417
-17.815166 48.272640 -5.764043
-17.666220 48.272736 -5.930012
-17.305122 48.294010 -6.185901
-17.138922 48.286762 -6.535917
-16.980230 48.287136 -6.705204
-17.218447 48.292458 -6.351608
-17.175924 48.290352 -6.395385
-17.451286 48.286964 -5.998485
-16.961487 48.288349 -6.627503
-17.474579 48.286564 -6.053324
-17.311420 48.285648 -6.233399
-17.055750 48.298065 -6.451171
-17.071625 48.287178 -6.592346
-16.960352 48.299660 -6.553665
-17.494402 48.285213 -6.110412
-17.395922 48.286530 -6.222256
-16.986784 48.291817 -6.592418
-17.833797 48.274193 -5.710766
-17.048376 48.291294 -6.521375
-17.342808 48.284554 -6.182218
-16.945780 48.296913 -6.562039
-16.940212 48.286903 -6.726972
-17.790705 48.282467 -5.678510
-16.912470 48.290798 -6.665422
-17.644554 48.284245 -5.757960
-17.167122 48.299416 -6.311891
-17.304661 48.293659 -6.149050
-16.903431 48.286160 -6.757066
-17.015223 48.289585 -6.638416
-17.078110 48.291924 -6.478148
-17.326035 48.285797 -6.284428
-17.819164 48.283024 -5.638178
-17.669992 48.281254 -5.801236
-17.144800 48.300488 -6.332156
-16.890614 48.292068 -6.680711
-17.470272 48.295849 -5.960410
-16.887390 48.298244 -6.611701
-17.489815 48.281506 -5.994236
-17.023291 48.296276 -6.455491
-17.610025 48.287441 -5.787417
-17.693665 48.279060 -5.851012
-17.611546 48.279522 -5.852178
-17.173756 48.287533 -6.439292
-17.542486 48.290535 -6.033910
-17.238811 48.293560 -6.375469
-17.851559 48.278408 -5.666159
-16.873859 48.296833 -6.611580
-17.621048 48.277313 -5.916105
-17.265917 48.293499 -6.167925
-17.757957 48.272552 -5.754049
-17.102968 48.290531 -6.508766
-17.182682 48.293961 -6.330015
-17.421141 48.294899 -5.984712
-16.946781 48.290051 -6.672221
-17.140846 48.293926 -6.371726
-16.930395 48.290947 -6.599353
-17.272945 48.288204 -6.213403
-17.427603 48.285339 -6.036401
-17.025869 48.303272 -6.430878
-17.035448 48.289078 -6.562284
-17.355366 48.289135 -6.203072
-16.930964 48.304001 -6.529765
-17.309616 48.290737 -6.165676
-16.955803 48.295349 -6.565722
-16.918474 48.301201 -6.537327
-17.791002 48.280518 -5.700369
-17.443794 48.284233 -6.091550
-17.015202 48.293949 -6.494037
-17.732832 48.279251 -5.671947
-16.912086 48.294445 -6.697488
-17.603849 48.287388 -5.749440
-17.135857 48.303616 -6.293037
-16.885069 48.296215 -6.637931
-17.770000 48.283386 -5.632775
-17.267803 48.295959 -6.133216
-17.622818 48.282692 -5.792243
-17.049700 48.300133 -6.456505
-16.981129 48.291431 -6.607543
-16.873629 48.290894 -6.724699
-17.111902 48.302879 -6.310463
-17.282362 48.286720 -6.261065
-17.419838 48.290550 -5.948428
-17.461208 48.292377 -5.980524
-16.860867 48.303471 -6.587702
-17.568495 48.288651 -5.778140
-16.861536 48.294682 -6.650338
-16.996990 48.303364 -6.434403
-17.648546 48.281509 -5.839839
-17.569963 48.282860 -5.840166
-17.488352 48.285538 -6.018579
-17.200087 48.295315 -6.351195
-17.137869 48.291233 -6.413552
-17.804510 48.282845 -5.657297
-17.229576 48.293873 -6.149851
-16.850397 48.305870 -6.589025
-17.720865 48.281704 -5.742087
-17.571472 48.278072 -5.902235
-17.069906 48.294113 -6.482883
-17.382854 48.295193 -5.970273
-17.150763 48.300220 -6.310578
-17.110899 48.299194 -6.350023
-16.917900 48.295589 -6.643390
-17.394522 48.292454 -6.021314
-16.905411 48.299110 -6.575415
-17.237293 48.290642 -6.193264
-16.995094 48.306606 -6.408416
-16.903793 48.308159 -6.507874
-17.005335 48.295544 -6.536391
-17.313982 48.289810 -6.183130
-17.746737 48.283836 -5.691321
-17.271235 48.292160 -6.148458
-17.693583 48.283333 -5.663400
-16.894299 48.309235 -6.515470
-16.929476 48.303501 -6.543266
-16.985031 48.297352 -6.469423
-17.566051 48.292412 -5.740865
-17.407751 48.291595 -6.073782
-17.727213 48.286583 -5.625068
-17.097839 48.301182 -6.272079
-16.885443 48.301861 -6.669343
-17.237543 48.302963 -6.117986
-17.587078 48.288731 -5.781488
-16.857737 48.301567 -6.611851
-17.018143 48.302528 -6.433330
-17.386919 48.296471 -5.937531
-17.081936 48.306084 -6.290083
-16.953924 48.299778 -6.581594
-17.529049 48.289806 -5.768049
-17.418756 48.292778 -5.967709
-16.847656 48.298317 -6.695813
-17.606251 48.283844 -5.828524
-16.835865 48.309570 -6.565086
-16.969822 48.307522 -6.412513
-16.837179 48.301846 -6.625614
-17.245314 48.291279 -6.239673
-17.552919 48.301319 -5.824824
-17.459003 48.296471 -6.004196
-17.201315 48.298824 -6.133722
-17.756664 48.284279 -5.649045
-17.165863 48.299759 -6.329661
-16.824461 48.309101 -6.564198
-17.684359 48.293198 -5.584925
-17.102053 48.294868 -6.389222
-17.683689 48.288864 -5.730037
-17.531206 48.282478 -5.887372
-17.349714 48.299248 -5.956465
-17.042210 48.303322 -6.460542
-17.117975 48.303543 -6.290340
-17.080278 48.304462 -6.329060
-16.965044 48.307816 -6.387948
-16.880341 48.305275 -6.551389
-17.359161 48.296696 -6.005497
-17.205399 48.295834 -6.175195
-16.888193 48.299194 -6.613801
-17.242388 48.299103 -6.133157
-17.280006 48.295055 -6.165874
-16.875772 48.311443 -6.483858
-17.708174 48.289989 -5.680710
-17.656458 48.288364 -5.654084
-16.869255 48.314335 -6.492811
-17.538349 48.302029 -5.732011
-16.974398 48.300072 -6.509738
-16.902281 48.308723 -6.520009
-17.682285 48.286774 -5.619452
-17.074808 48.311890 -6.256669
-16.959444 48.305443 -6.447637
-17.542707 48.287991 -5.773675
-17.206528 48.307961 -6.103409
-17.370953 48.296959 -6.056668
-16.831730 48.304863 -6.585611
-16.857258 48.306339 -6.641137
-17.055731 48.312046 -6.271773
-16.990431 48.309677 -6.412312
-17.353889 48.301456 -5.925178
-17.511274 48.305202 -5.754728
-16.925879 48.304127 -6.556211
-17.383533 48.296886 -5.954713
-17.567533 48.288063 -5.816413
-16.943392 48.311615 -6.391293
-16.822336 48.303677 -6.667509
-16.813564 48.308952 -6.601560
-17.498932 48.293068 -5.815005
-17.206728 48.292904 -6.218220
-17.412752 48.293121 -5.989266
-17.173054 48.303772 -6.117592
-17.135983 48.304962 -6.309369
-17.714481 48.287544 -5.639185
-17.642252 48.293274 -5.579166
-17.071363 48.300201 -6.366848
-17.636360 48.288372 -5.719544
-17.315817 48.301300 -5.943311
-17.508389 48.298176 -5.872182
-17.010584 48.305786 -6.435955
-17.088121 48.307682 -6.271415
-17.048748 48.305794 -6.307251
-16.936447 48.309967 -6.367452
-17.172707 48.298027 -6.157735
-17.321589 48.297993 -5.990359
-16.850685 48.306751 -6.524533
-16.860819 48.303547 -6.587677
-17.664518 48.290253 -5.672200
-17.209066 48.302292 -6.116483
-17.245205 48.298367 -6.147859
-17.488886 48.295403 -5.726300
-17.622129 48.294342 -5.643259
-17.646641 48.291679 -5.611475
-16.874889 48.311012 -6.495207
-17.521313 48.300503 -5.761106
-16.944897 48.303478 -6.484383
-17.047998 48.317780 -6.240511
-17.173971 48.310024 -6.088772
-16.932318 48.310600 -6.425789
-17.317894 48.301502 -5.914159
-17.466063 48.300465 -5.747480
-17.027205 48.314129 -6.252688
-16.832008 48.311638 -6.614244
-17.345343 48.296055 -5.943052
-17.331875 48.299442 -6.038823
-17.530254 48.291157 -5.805598
-16.957964 48.308144 -6.388290
-16.897789 48.307476 -6.530785
-16.917704 48.315647 -6.370742
-16.795521 48.307102 -6.639188
-17.475342 48.304703 -5.801792
-17.381107 48.299114 -5.975475
-17.174723 48.297161 -6.198695
-17.603683 48.294235 -5.572567
-17.146288 48.310661 -6.101477
-17.680195 48.294521 -5.628403
-17.097897 48.302589 -6.286999
-17.287651 48.305119 -5.929960
-17.041304 48.304535 -6.343688
-17.595518 48.291645 -5.708200
-16.979656 48.307186 -6.411994
-17.057554 48.310818 -6.253186
-17.459339 48.293880 -5.858761
-16.910828 48.313934 -6.348312
-17.020237 48.309940 -6.286842
-17.145872 48.304981 -6.140210
-17.287624 48.300110 -5.975793
-17.621536 48.290516 -5.662949
-17.216988 48.304310 -6.131773
-17.183867 48.311054 -6.101796
-17.465433 48.306904 -5.715909
-16.834896 48.308838 -6.561523
-17.577787 48.292538 -5.636813
-17.611624 48.295589 -5.602715
-17.478983 48.298710 -5.752437
-17.018085 48.318855 -6.222864
-17.144325 48.313965 -6.074080
-16.906517 48.313698 -6.403783
-17.448162 48.312862 -5.734027
-16.919241 48.311638 -6.461184
-17.000914 48.318092 -6.234290
-17.285561 48.305431 -5.902431
-17.314396 48.300987 -5.929886
-17.509573 48.304672 -5.792331
-16.935448 48.316921 -6.370638
-17.296473 48.302681 -6.022961
-16.871979 48.313702 -6.506086
-17.345016 48.300289 -5.961678
-17.423462 48.295330 -5.792528
-17.575182 48.300846 -5.564324
-17.116444 48.311672 -6.085243
-17.144955 48.303299 -6.179857
-17.630751 48.289955 -5.621370
-17.073231 48.311489 -6.268749
-17.256618 48.308056 -5.916707
-17.551752 48.290974 -5.698236
-17.014332 48.311623 -6.323339
-17.030634 48.315777 -6.235572
-16.949469 48.308529 -6.388702
-17.437849 48.307522 -5.843413
-16.995485 48.316841 -6.268504
-17.252832 48.300297 -5.960469
-17.117542 48.309998 -6.122668
-17.590031 48.296379 -5.651981
-17.574467 48.296494 -5.596046
-17.154934 48.315998 -6.086407
-17.189482 48.311260 -6.114989
-17.424583 48.304989 -5.708580
-17.541946 48.294514 -5.627295
-17.458328 48.311161 -5.740537
-17.117569 48.317726 -6.060657
-17.561386 48.299290 -5.545074
-16.986675 48.317997 -6.205201
-17.399242 48.303249 -5.727443
-17.252388 48.305359 -5.891271
-16.891960 48.314857 -6.437838
-16.975361 48.321995 -6.216561
-17.462099 48.299122 -5.783030
-17.281239 48.302979 -5.917402
-16.900574 48.309513 -6.345754
-17.256510 48.300171 -6.005637
-17.535881 48.298744 -5.559747
-17.311834 48.303341 -5.947826
-17.400501 48.305969 -5.778530
-17.091745 48.316444 -6.069640
-17.599960 48.296818 -5.609705
-17.044075 48.314568 -6.250449
-17.115143 48.308437 -6.160975
-17.224789 48.307995 -5.904063
-17.003588 48.317738 -6.217828
-17.520178 48.296902 -5.685856
-16.920761 48.309746 -6.366750
-16.984297 48.314896 -6.301546
-17.388783 48.301163 -5.831316
-17.223925 48.304176 -5.946447
-16.962288 48.312241 -6.246503
-17.092146 48.315826 -6.106439
-17.547031 48.294582 -5.644054
-17.540150 48.299343 -5.587911
-17.401047 48.314495 -5.698102
-17.119230 48.312248 -6.070237
-17.156815 48.312389 -6.098897
-17.408737 48.301540 -5.734694
-17.508299 48.297367 -5.618418
-17.527878 48.302013 -5.539020
-17.087164 48.319672 -6.046617
-16.959740 48.320892 -6.188910
-17.378502 48.313702 -5.715455
-16.945908 48.318085 -6.197954
-17.225115 48.311047 -5.880087
-17.250235 48.304852 -5.905516
-17.443501 48.312580 -5.768950
-17.508680 48.304367 -5.549977
-17.281473 48.306282 -5.933832
-17.063381 48.317333 -6.054745
-17.366631 48.306957 -5.766743
-17.229830 48.309055 -5.989611
-17.556246 48.294022 -5.602474
-17.202438 48.315575 -5.890603
-17.012569 48.314835 -6.230007
-17.085247 48.311577 -6.142004
-16.975910 48.320694 -6.200867
-17.500839 48.310421 -5.671107
-16.898916 48.318527 -6.348357
-16.955545 48.315113 -6.279550
-17.516180 48.298386 -5.633668
-17.359423 48.308517 -5.692748
-17.359962 48.307037 -5.817382
-17.518738 48.309792 -5.576665
-17.201550 48.312820 -5.931619
-17.126301 48.313396 -6.083403
-17.096140 48.319893 -6.056106
-16.939686 48.319023 -6.228763
-17.064468 48.318783 -6.089478
-17.382919 48.308170 -5.723485
-17.493238 48.311710 -5.603500
-17.494326 48.303738 -5.532922
-17.341019 48.308678 -5.707110
-17.059626 48.322495 -6.032479
-17.540768 48.298855 -5.530448
-17.225044 48.310482 -5.893521
-17.396595 48.302975 -5.760143
-17.197800 48.315739 -5.868860
-17.470791 48.302204 -5.545328
-17.255518 48.313042 -5.919800
-17.042332 48.323925 -6.039757
-17.334953 48.308826 -5.755598
-17.197163 48.310184 -5.973517
-17.172758 48.315392 -5.878557
-17.528236 48.299770 -5.590623
-16.986977 48.317738 -6.212234
-17.054592 48.312717 -6.123687
-17.454802 48.303749 -5.663101
-17.335758 48.315025 -5.682137
-17.486742 48.302128 -5.623211
-17.473536 48.301926 -5.572108
-17.067776 48.320782 -6.041210
-17.343353 48.303200 -5.715952
-17.100863 48.318230 -6.067130
-17.327477 48.309032 -5.804155
-17.174053 48.316643 -5.917525
-17.461470 48.304401 -5.527450
-17.451590 48.306797 -5.596779
-17.035295 48.319801 -6.072501
-17.320192 48.317135 -5.695035
-17.034952 48.326202 -6.018243
-17.508558 48.300587 -5.522868
-17.373617 48.311550 -5.747468
-17.196163 48.313301 -5.880866
-17.169617 48.317493 -5.856831
-17.448580 48.309650 -5.534690
-17.220066 48.310093 -5.907907
-17.016092 48.325760 -6.024093
-17.299612 48.306808 -5.745161
-17.497301 48.301575 -5.580150
-17.174717 48.318893 -5.957277
-17.148869 48.320034 -5.865035
-16.963705 48.324512 -6.195235
-17.029867 48.318550 -6.106715
-17.455807 48.303932 -5.612737
-17.458502 48.315208 -5.558556
-17.430302 48.311447 -5.649042
-17.298428 48.311935 -5.675291
-17.042433 48.324486 -6.027714
-17.323242 48.312656 -5.703178
-17.078484 48.326874 -6.052299
-17.287029 48.313934 -5.686563
-17.146473 48.318470 -5.903344
-17.427183 48.313366 -5.585499
-17.291327 48.307144 -5.791636
-17.009058 48.321632 -6.056837
-17.473467 48.299374 -5.516709
-17.338276 48.309532 -5.737031
-17.173100 48.319878 -5.868102
-17.143671 48.321125 -5.845489
-17.199841 48.318619 -5.893678
-17.277222 48.313393 -5.731656
-17.124224 48.322678 -5.852167
-17.462828 48.302490 -5.570514
-17.144245 48.320900 -5.941826
-17.418360 48.309105 -5.554543
-17.447905 48.322044 -5.596227
-17.005814 48.324390 -6.089002
-17.276173 48.318386 -5.664608
-17.290121 48.310459 -5.694751
-17.395004 48.310432 -5.638649
-17.408529 48.313457 -5.510571
-17.014025 48.324375 -6.012774
-17.043352 48.319069 -6.036623
-17.259655 48.315563 -5.676616
-17.120346 48.321236 -5.889134
-17.390526 48.310280 -5.577911
-17.453314 48.307831 -5.503892
-17.267454 48.313850 -5.776791
-17.310879 48.312225 -5.725716
-17.142664 48.317692 -5.856709
-17.394798 48.314713 -5.518378
-17.119179 48.325699 -5.834118
-17.173044 48.321381 -5.880210
-17.250492 48.316086 -5.719600
-17.100317 48.325256 -5.839968
-17.438381 48.308060 -5.559190
-17.116596 48.322788 -5.926232
-17.401827 48.320446 -5.540974
-17.399668 48.309307 -5.591592
-17.264202 48.313026 -5.684776
-17.243120 48.316120 -5.657591
-17.233694 48.317131 -5.666597
-17.020847 48.324718 -6.021662
-17.371201 48.317070 -5.625215
-17.375406 48.321564 -5.564271
-17.098625 48.327820 -5.874887
-17.283436 48.313919 -5.714358
-17.123962 48.327095 -5.843863
-17.092432 48.326332 -5.823384
-17.232672 48.310905 -5.764157
-17.144733 48.320137 -5.868050
-17.223007 48.316780 -5.708197
-17.425291 48.321419 -5.542003
-17.088232 48.323677 -5.911335
-17.367348 48.316177 -5.535352
-17.385933 48.321594 -5.576513
-17.240450 48.317535 -5.674077
-17.218657 48.319630 -5.647589
-17.356314 48.320393 -5.495684
-17.214193 48.323532 -5.654361
-17.334391 48.312050 -5.616127
-17.399462 48.312954 -5.486167
-17.335823 48.314533 -5.558061
-17.261028 48.318436 -5.702176
-17.342360 48.319775 -5.500581
-17.093525 48.324909 -5.832469
-17.207329 48.314606 -5.750661
-17.125292 48.329601 -5.854532
-17.196238 48.318478 -5.696096
-17.383541 48.312443 -5.536517
-17.345051 48.321629 -5.524626
-17.345594 48.312565 -5.570956
-17.059784 48.322571 -5.896351
-17.189880 48.318188 -5.640402
-17.217371 48.322052 -5.662635
-17.188904 48.325104 -5.643600
-17.323502 48.326763 -5.542910
-17.230661 48.316185 -5.692195
-17.320585 48.324406 -5.599637
-17.099106 48.329304 -5.841602
-17.185608 48.321190 -5.736413
-17.173786 48.321999 -5.683870
-17.374773 48.327621 -5.519204
-17.312696 48.318302 -5.518235
-17.331816 48.323853 -5.555833
-17.297462 48.318497 -5.482838
-17.167540 48.322639 -5.629631
-17.193535 48.324566 -5.651847
-17.170815 48.331448 -5.631293
-17.349777 48.317966 -5.466817
-17.212547 48.323589 -5.678520
-17.288195 48.320557 -5.536530
-17.291271 48.321724 -5.483993
-17.286598 48.319271 -5.590407
-17.163105 48.326839 -5.721452
-17.154217 48.328461 -5.670221
-17.333677 48.316589 -5.514301
-17.288887 48.319748 -5.508816
-17.158127 48.314301 -5.646703
-17.295015 48.315708 -5.549437
-17.132889 48.314377 -5.623832
-17.131742 48.317299 -5.626856
-17.188711 48.326103 -5.667732
-17.269325 48.325958 -5.523509
-17.259071 48.318966 -5.578960
-17.128918 48.318775 -5.710679
-17.321243 48.327885 -5.497694
-17.263624 48.320255 -5.499422
-17.281153 48.325001 -5.534224
-17.245729 48.319378 -5.468355
-17.126314 48.307983 -5.639438
-17.099871 48.307922 -5.620871
-17.110575 48.317764 -5.614426
-17.155359 48.316849 -5.660407
-17.240839 48.321609 -5.467984
-17.303587 48.322868 -5.446581
-17.241892 48.324524 -5.514838
-17.236549 48.322548 -5.565320
-17.293026 48.325516 -5.488310
-17.241980 48.323650 -5.489275
-17.245743 48.314735 -5.529079
-17.098080 48.303551 -5.631378
-17.089670 48.321098 -5.604949
-17.086004 48.317219 -5.605657
-17.129225 48.314426 -5.650211
-17.237816 48.340614 -5.449148
-17.217255 48.324039 -5.504659
-17.213272 48.324135 -5.552335
-17.272657 48.328983 -5.475271
-17.226015 48.330936 -5.476198
-17.235432 48.326977 -5.511703
-17.082115 48.310837 -5.618299
-17.259432 48.326721 -5.425488
-17.203716 48.338379 -5.534304
-17.241514 48.322670 -5.467265
-17.220139 48.334267 -5.497884
-17.087040 48.317291 -5.626849
-17.224117 48.315327 -5.423121
-18.547199 48.195133 -6.352068
-18.450296 48.205734 -6.323168
-18.397753 48.209202 -6.379395
-18.340931 48.209015 -6.294205
-18.290461 48.215397 -6.346804
-17.552965 48.229847 -7.013290
-17.542734 48.231369 -7.018864
-18.252489 48.216125 -6.267605
-18.193201 48.221024 -6.316453
-17.441828 48.232769 -7.038947
-17.493074 48.237534 -6.965192
-18.173468 48.223698 -6.244000
-17.484034 48.238014 -6.967851
-18.114927 48.231575 -6.290717
-17.392353 48.243851 -6.995944
-18.096550 48.230148 -6.220969
-17.436859 48.243996 -6.920405
-17.435335 48.248035 -6.926916
-18.037897 48.239056 -6.264871
-17.872139 48.237904 -6.426801
-17.334789 48.245426 -6.944807
-18.023832 48.234352 -6.199081
-17.382746 48.249332 -6.876193
-17.477726 48.243008 -6.760096
-17.377853 48.249596 -6.877190
-17.480396 48.250763 -6.774193
-18.299032 48.236519 -5.906844
-17.795305 48.238373 -6.398736
-17.965124 48.245289 -6.240179
-17.290344 48.254200 -6.905025
-17.575254 48.252930 -6.600142
-17.962032 48.241951 -6.178721
-17.330153 48.253567 -6.834712
-18.236483 48.247105 -5.895063
-17.331892 48.256454 -6.837476
-17.427969 48.254971 -6.735536
-17.427919 48.251038 -6.726286
-17.727352 48.252140 -6.400757
-17.742762 48.249485 -6.375750
-17.558462 48.253113 -6.567849
-17.896000 48.251308 -6.217396
-18.210905 48.247829 -5.857629
-17.241043 48.256268 -6.861200
-17.900204 48.247540 -6.159752
-17.521749 48.257153 -6.567213
-18.157875 48.248550 -5.884110
-17.284302 48.259396 -6.797810
-17.283554 48.259445 -6.797146
-17.380960 48.257900 -6.693712
-17.376896 48.258102 -6.696784
-17.666962 48.253696 -6.373865
-17.683502 48.254959 -6.352378
-17.522579 48.269302 -6.546067
-17.828783 48.254227 -6.193754
-18.129698 48.250404 -5.849675
-17.214497 48.275951 -6.838203
-17.838181 48.251148 -6.139356
-17.480978 48.267647 -6.539986
-18.090712 48.252380 -5.872516
-17.250740 48.272495 -6.770189
-17.330353 48.261955 -6.662026
-17.252178 48.274429 -6.768712
-17.342453 48.270264 -6.667081
-17.618345 48.260601 -6.349180
-17.627089 48.259270 -6.330243
-17.455671 48.264271 -6.510981
-17.774830 48.262398 -6.173647
-18.065763 48.257030 -5.842175
-17.787104 48.257133 -6.121887
-17.159426 48.268360 -6.789646
-17.427143 48.265881 -6.507006
-18.030041 48.257851 -5.861270
-17.199865 48.268620 -6.729220
-17.289808 48.267452 -6.631186
-17.198818 48.267715 -6.724314
-17.309860 48.284286 -6.642957
-17.569645 48.264492 -6.325882
-17.573496 48.263424 -6.307943
-17.424181 48.280201 -6.491773
-17.724442 48.270367 -6.154038
-17.998901 48.261810 -5.834824
-17.741110 48.264839 -6.104850
-17.396126 48.279797 -6.485622
-17.130314 48.282192 -6.764607
-17.971416 48.261200 -5.850588
-17.252964 48.273731 -6.602263
-17.161530 48.274990 -6.698969
-17.165703 48.276787 -6.695914
-17.255695 48.279552 -6.607129
-17.532162 48.275757 -6.305555
-17.540764 48.279404 -6.291643
-17.363770 48.273781 -6.459832
-17.665073 48.270821 -6.133451
-17.694342 48.270576 -6.088544
-17.938395 48.267250 -5.826402
-17.917877 48.266270 -5.840337
-17.342873 48.274994 -6.453282
-17.089909 48.282711 -6.728743
-17.126841 48.281143 -6.670627
-17.220816 48.283730 -6.577359
-17.212856 48.281166 -6.577086
-17.128586 48.281101 -6.664152
-17.478767 48.272903 -6.281037
-17.474962 48.270226 -6.267068
-17.330515 48.284813 -6.439255
-17.613749 48.273827 -6.114547
-17.642990 48.271568 -6.071035
-17.882864 48.272415 -5.818394
-17.869286 48.272076 -5.829098
-17.311691 48.285915 -6.431875
-17.049341 48.280231 -6.692854
-17.177595 48.281376 -6.544461
-17.090689 48.286377 -6.642361
-17.092850 48.283321 -6.633701
-17.175322 48.285461 -6.550307
-17.456814 48.291294 -6.264844
-17.448059 48.287880 -6.251865
-17.283531 48.283615 -6.413673
-17.587511 48.291458 -6.098598
-17.598269 48.275188 -6.055293
-17.822132 48.276787 -5.819178
-17.820757 48.272919 -5.811424
-17.272667 48.287281 -6.406565
-17.012669 48.280518 -6.660312
-17.145229 48.287380 -6.519524
-17.054234 48.287632 -6.612649
-17.393476 48.276981 -6.238649
-17.135414 48.285889 -6.522913
-17.059517 48.288403 -6.605269
-17.570194 48.275909 -6.035709
-17.394056 48.283028 -6.230900
-17.242516 48.285072 -6.390605
-17.528645 48.285858 -6.080035
-17.568222 48.287006 -6.040207
-17.771994 48.278660 -5.809399
-17.773048 48.279663 -5.802270
-17.232979 48.288677 -6.382004
-16.983175 48.287361 -6.635216
-17.366163 48.288658 -6.221983
-17.110460 48.290527 -6.492570
-17.024076 48.294506 -6.588301
-17.097799 48.287178 -6.497520
-17.027567 48.291393 -6.578147
-17.541939 48.291618 -6.023397
-17.352789 48.287472 -6.212842
-17.209843 48.293060 -6.370668
-17.515213 48.282066 -6.024141
-17.729733 48.283108 -5.798483
-17.497713 48.296741 -6.062866
-17.201469 48.293610 -6.360546
-17.727495 48.286282 -5.793697
-17.331255 48.293762 -6.202853
-17.080276 48.295391 -6.469617
-16.992956 48.297436 -6.563255
-17.070873 48.296852 -6.477265
-17.000231 48.298115 -6.553633
-17.484728 48.285896 -6.008986
-17.313570 48.289795 -6.195346
-17.173275 48.295258 -6.350183
-17.486603 48.292797 -6.010375
-17.685289 48.285671 -5.788380
-17.446032 48.291744 -6.045307
-17.167641 48.295666 -6.338482
-17.675255 48.286247 -5.786144
-17.293200 48.293026 -6.183837
-17.047638 48.296402 -6.444639
-16.963436 48.302269 -6.539555
-17.039307 48.300777 -6.455799
-16.970573 48.301964 -6.528513
-17.454844 48.297684 -5.996723
-17.280344 48.296787 -6.178973
-17.145105 48.304977 -6.332836
-17.438652 48.287563 -5.996135
-17.642946 48.287109 -5.778849
-17.412144 48.298771 -6.029681
-17.139944 48.303375 -6.318960
-17.628819 48.288902 -5.778284
-17.258263 48.296116 -6.166101
-17.021212 48.303051 -6.423613
-16.935408 48.307007 -6.517183
-17.005148 48.299870 -6.430887
-16.939205 48.301914 -6.502032
-17.598419 48.286655 -5.770132
-17.405621 48.293514 -5.983986
-17.415791 48.299980 -5.982052
-17.239550 48.296192 -6.161536
-17.111359 48.307022 -6.312184
-17.376682 48.302879 -6.014114
-17.106752 48.303391 -6.297544
-17.580200 48.289665 -5.771238
-17.229158 48.300880 -6.149459
-16.995533 48.309650 -6.403250
-16.907324 48.310749 -6.494802
-16.978086 48.305531 -6.412011
-16.914936 48.308437 -6.481586
-17.569120 48.295406 -5.758509
-17.378838 48.301155 -5.967954
-17.374826 48.302353 -5.971035
-17.209171 48.302013 -6.146398
-17.079159 48.309971 -6.292870
-17.080547 48.311008 -6.279350
-17.559851 48.306946 -5.759193
-17.196268 48.301849 -6.132287
-16.966623 48.310432 -6.381592
-16.878387 48.312542 -6.471741
-16.953344 48.314068 -6.393741
-16.892183 48.316879 -6.461074
-17.529623 48.295677 -5.750214
-17.345507 48.303123 -5.954360
-17.335083 48.302666 -5.958506
-17.182577 48.311630 -6.131792
-17.050716 48.314697 -6.275481
-17.053322 48.313679 -6.260449
-17.504492 48.300056 -5.753159
-17.173103 48.310284 -6.116758
-16.939926 48.312088 -6.360524
-16.918196 48.307198 -6.369526
-16.862946 48.314693 -6.436567
-17.495049 48.297699 -5.739528
-17.313583 48.305019 -5.940684
-17.143721 48.306919 -6.114902
-17.298265 48.304821 -5.945828
-17.019152 48.315601 -6.256813
-17.026098 48.316353 -6.241549
-17.483315 48.314369 -5.741836
-17.143835 48.312050 -6.100092
-16.917204 48.319519 -6.341416
-17.478874 48.313747 -5.727224
-17.281662 48.306911 -5.927008
-17.265070 48.307777 -5.933656
-17.118536 48.316460 -6.100214
-16.992920 48.321209 -6.240014
-17.000477 48.320927 -6.223994
-17.117632 48.316647 -6.084696
-17.430002 48.305359 -5.736364
-17.431864 48.304394 -5.720671
-17.251896 48.308681 -5.913913
-17.235550 48.312527 -5.921998
-17.088741 48.319241 -6.085715
-16.961193 48.319118 -6.221321
-16.971516 48.317684 -6.205123
-17.090574 48.319286 -6.068617
-17.405840 48.316830 -5.725180
-17.414724 48.316494 -5.707666
-17.225859 48.313248 -5.901337
-17.061819 48.322865 -6.071054
-17.202963 48.314453 -5.909065
-17.067991 48.324680 -6.053724
-17.363333 48.312244 -5.718417
-17.369179 48.308064 -5.701035
-17.201948 48.318707 -5.887939
-17.034233 48.326523 -6.057141
-17.180017 48.323860 -5.896367
-17.040907 48.325310 -6.039038
-17.330357 48.316170 -5.709074
-17.354168 48.321056 -5.687208
-17.175802 48.321278 -5.875347
-17.491674 48.309948 -5.514077
-17.148869 48.324696 -5.884754
-17.009127 48.319199 -6.023131
-17.312933 48.312378 -5.681737
-17.295034 48.315212 -5.700518
-17.142916 48.316193 -5.863766
-17.456682 48.311958 -5.508371
-17.123631 48.330215 -5.872852
-17.294966 48.321510 -5.669454
-17.127848 48.328182 -5.849929
-17.264105 48.317017 -5.691738
-17.428875 48.317589 -5.500871
-17.089443 48.327206 -5.861372
-17.265284 48.320240 -5.660563
-17.103912 48.331627 -5.837925
-17.235304 48.319710 -5.682136
-17.395237 48.318523 -5.495072
-17.239304 48.322784 -5.650795
-17.207968 48.323330 -5.672460
-17.385229 48.313374 -5.462332
-17.368757 48.324097 -5.486078
-17.214678 48.324249 -5.640934
-17.180576 48.325947 -5.662775
-17.362263 48.317745 -5.453826
-17.333628 48.322090 -5.481748
-17.189999 48.324715 -5.631063
-17.157551 48.332348 -5.651463
-17.312870 48.330368 -5.471035
-17.281998 48.330147 -5.465061
-17.253254 48.330818 -5.458265
-18.591999 48.197449 -6.284255
-18.486973 48.208389 -6.261421
-18.366001 48.211964 -6.373269
-18.582405 48.197659 -6.326634
-18.375237 48.213688 -6.238197
-18.268064 48.218582 -6.342182
-18.471441 48.207951 -6.299884
-18.289124 48.213821 -6.416012
-18.282953 48.221912 -6.217428
-17.486210 48.239693 -7.050494
-18.177340 48.224789 -6.313508
-18.360153 48.212254 -6.273080
-18.477682 48.201191 -6.352595
-17.490438 48.232834 -7.007672
-17.387503 48.237034 -7.051205
-18.191824 48.221424 -6.382775
-18.192772 48.229019 -6.197233
-17.423515 48.242599 -6.994661
-18.101173 48.234180 -6.288281
-18.369213 48.208366 -6.322829
-18.272179 48.223263 -6.250679
-17.441786 48.244877 -6.965305
-18.380379 48.222870 -6.087204
-17.420336 48.234116 -7.069839
-18.200111 48.220398 -6.453141
-17.340921 48.248970 -7.008009
-18.103146 48.228539 -6.351869
-18.115496 48.236404 -6.179130
-17.444962 48.238289 -7.013936
-18.291029 48.236591 -5.989817
-17.481846 48.250809 -6.844087
-18.028381 48.241394 -6.262126
-17.375336 48.252632 -6.950119
-18.181780 48.229401 -6.227652
-18.271629 48.216930 -6.295995
-17.386126 48.250328 -6.918306
-18.326151 48.239326 -5.920545
-17.338230 48.238583 -7.068970
-17.479170 48.251484 -6.785470
-18.288870 48.230038 -6.068503
-17.361843 48.237808 -7.012357
-18.104803 48.227909 -6.417664
-17.285332 48.249466 -6.954571
-18.032644 48.239639 -6.324920
-18.041037 48.243637 -6.160862
-17.440924 48.229088 -7.062953
-18.213116 48.242996 -5.973864
-17.427841 48.256138 -6.801241
-17.389193 48.244774 -6.964122
-17.954901 48.246620 -6.238111
-17.319162 48.253143 -6.898839
-18.101521 48.236973 -6.206889
-18.190622 48.227577 -6.271770
-17.331104 48.253738 -6.871954
-17.593575 48.254936 -6.603272
-17.490789 48.240013 -6.995761
-18.235523 48.241367 -5.909522
-18.289104 48.229378 -6.146419
-18.294991 48.234577 -5.974727
-17.265219 48.244812 -7.039979
-17.287273 48.244823 -7.016751
-17.753075 48.249115 -6.399941
-18.372988 48.230698 -6.050941
-17.419973 48.253094 -6.742170
-18.204409 48.236824 -6.049391
-17.477856 48.249332 -6.813876
-17.318272 48.251575 -6.970427
-18.026953 48.238441 -6.386882
-17.244717 48.261032 -6.916694
-17.948006 48.241516 -6.295133
-17.970173 48.249657 -6.144497
-17.391199 48.241245 -7.014275
-18.142387 48.250000 -5.958921
-17.382118 48.263969 -6.764322
-17.890759 48.252327 -6.215688
-17.335608 48.250122 -6.916293
-17.282385 48.266476 -6.864304
-18.031265 48.244991 -6.186971
-18.104372 48.233501 -6.247084
-17.282820 48.258747 -6.830190
-17.540411 48.262112 -6.573149
-18.163630 48.248398 -5.898896
-17.430494 48.245777 -6.941950
-18.212212 48.240219 -5.961170
-18.197296 48.235592 -6.123474
-17.240128 48.250820 -6.969266
-17.218790 48.251774 -6.991757
-17.703489 48.261036 -6.378170
-18.277088 48.235092 -6.032459
-17.301249 48.243904 -7.038624
-17.379902 48.265560 -6.712772
-17.377991 48.254669 -6.823961
-17.478497 48.260262 -6.595825
-18.127077 48.243214 -6.031280
-17.579582 48.256615 -6.617587
-17.423985 48.255646 -6.772451
-17.266518 48.253838 -6.920331
-17.209240 48.272293 -6.882058
-17.945934 48.244148 -6.354808
-17.899117 48.253696 -6.126702
-17.886072 48.251133 -6.270505
-17.473879 48.250336 -6.842477
-18.072296 48.254963 -5.944624
-17.827309 48.256989 -6.193921
-17.340649 48.250435 -6.966318
-17.341747 48.275490 -6.730680
-17.297525 48.265530 -6.881858
-17.229832 48.264759 -6.816331
-17.959518 48.250076 -6.168520
-18.031134 48.241711 -6.224507
-17.482477 48.262558 -6.540387
-17.247694 48.271954 -6.799808
-18.096710 48.255154 -5.888688
-17.717634 48.254025 -6.408455
-17.239491 48.249310 -7.033051
-17.377815 48.254074 -6.894813
-18.133608 48.244637 -5.947357
-17.642506 48.263596 -6.351984
-17.207075 48.266953 -6.935258
-18.113363 48.241364 -6.102193
-17.174408 48.256622 -6.944099
-18.197737 48.242584 -6.015185
-17.332771 48.270439 -6.678732
-17.435392 48.268890 -6.566556
-17.249439 48.248196 -6.985721
-18.060469 48.251022 -6.013274
-17.340736 48.270016 -6.791602
-17.515631 48.256432 -6.579497
-17.383804 48.269146 -6.740238
-17.234346 48.270905 -6.888407
-17.836739 48.258244 -6.111245
-17.159588 48.270405 -6.835331
-17.823313 48.257778 -6.246596
-17.872128 48.249439 -6.325144
-18.008644 48.260571 -5.930670
-17.420593 48.256630 -6.798892
-17.773972 48.264099 -6.173015
-17.288858 48.273735 -6.689099
-17.287458 48.253788 -6.914899
-17.202299 48.281513 -6.791218
-17.895676 48.256729 -6.150339
-17.243483 48.263905 -6.832553
-17.955553 48.245022 -6.202712
-17.557524 48.256756 -6.628808
-17.446461 48.277760 -6.517162
-17.201433 48.272827 -6.760000
-18.026810 48.259064 -5.878614
-17.659634 48.259426 -6.382130
-17.192074 48.253342 -6.982723
-17.162415 48.252701 -7.009923
-18.072329 48.254116 -5.934021
-17.325058 48.259361 -6.849059
-17.583706 48.265018 -6.327781
-17.158808 48.266003 -6.887043
-18.129854 48.251450 -5.998680
-18.040154 48.248554 -6.081018
-17.293949 48.279835 -6.649223
-17.391434 48.275566 -6.536603
-17.993889 48.257812 -5.996669
-17.283930 48.266510 -6.745266
-17.457081 48.259632 -6.692008
-17.475113 48.269897 -6.553677
-17.204556 48.256069 -6.938836
-17.326551 48.266636 -6.697482
-17.540541 48.270065 -6.361498
-17.182270 48.267178 -6.838254
-17.782372 48.266361 -6.096076
-17.123234 48.277702 -6.801404
-18.255138 48.257992 -5.854136
-17.951431 48.266827 -5.917060
-17.761858 48.262348 -6.222586
-17.723536 48.271042 -6.153356
-17.368881 48.262821 -6.758046
-17.802685 48.255486 -6.296654
-17.259008 48.287617 -6.663377
-17.827200 48.257633 -6.130938
-17.397121 48.267765 -6.592857
-17.149424 48.273804 -6.743188
-17.241140 48.259724 -6.869490
-17.205881 48.274273 -6.798736
-17.893147 48.253616 -6.183053
-17.970560 48.266235 -5.868501
-17.389858 48.275116 -6.485700
-17.601471 48.261833 -6.355777
-17.161352 48.277325 -6.725546
-17.503317 48.263027 -6.593774
-18.013096 48.261478 -5.921248
-17.149904 48.259064 -6.935655
-17.126614 48.264027 -6.969638
-17.550091 48.280048 -6.309374
-17.272005 48.260666 -6.801857
-18.045925 48.251156 -5.982989
-17.102999 48.275196 -6.870552
-17.122396 48.275330 -6.850312
-17.246550 48.279716 -6.615136
-17.354185 48.284855 -6.509836
-17.969128 48.254608 -6.061827
-17.925684 48.260685 -5.980111
-17.418455 48.269283 -6.519410
-17.244864 48.275955 -6.711523
-17.503780 48.282284 -6.340405
-17.164230 48.263645 -6.897350
-17.281494 48.271408 -6.662611
-18.124828 48.253956 -5.751820
-17.722706 48.268757 -6.080436
-17.085226 48.282093 -6.766121
-17.892649 48.270161 -5.903505
-17.149832 48.279251 -6.806284
-18.168579 48.259834 -5.840041
-17.697365 48.263077 -6.198703
-17.671528 48.275063 -6.133751
-17.520058 48.271889 -6.398139
-17.209740 48.283634 -6.625101
-17.774906 48.265644 -6.114940
-17.332321 48.277122 -6.726341
-17.739046 48.261196 -6.270659
-17.117041 48.283848 -6.714025
-17.626322 48.265228 -6.389821
-17.353083 48.274456 -6.561492
-17.831244 48.259182 -6.162621
-17.158550 48.272228 -6.755413
-17.209717 48.276745 -6.838230
-17.909172 48.270691 -5.857944
-17.351309 48.283447 -6.461830
-17.125853 48.283543 -6.695099
-17.552147 48.267746 -6.331790
-17.449749 48.267258 -6.559387
-17.945879 48.264252 -5.909589
-17.118210 48.274120 -6.901554
-17.488813 48.275597 -6.284535
-17.998932 48.264889 -5.967463
-17.242342 48.279560 -6.774768
-17.208393 48.286053 -6.587677
-17.306231 48.283737 -6.479310
-17.082682 48.278847 -6.810867
-17.863253 48.264233 -5.964644
-17.449577 48.279469 -6.313761
-17.901585 48.260479 -6.041726
-17.377670 48.277752 -6.493545
-17.204836 48.281456 -6.677079
-17.243418 48.280758 -6.633767
-17.670279 48.272755 -6.065813
-17.134108 48.278595 -6.865990
-18.067886 48.262180 -5.741053
-18.140453 48.251022 -5.767200
-17.833891 48.272480 -5.891353
-17.050066 48.285316 -6.732076
-17.105509 48.279037 -6.764227
-17.618748 48.277111 -6.114876
-18.087769 48.260342 -5.828431
-17.650520 48.271835 -6.178151
-17.464445 48.272179 -6.368782
-17.175121 48.290787 -6.596739
-17.716623 48.268978 -6.097814
-17.277887 48.274460 -6.683421
-17.079618 48.285198 -6.679379
-17.686264 48.269306 -6.246191
-17.565016 48.264824 -6.360782
-17.775860 48.265377 -6.143946
-17.309681 48.279102 -6.530774
-17.853506 48.274822 -5.848468
-17.120625 48.276604 -6.721542
-17.309643 48.287952 -6.436676
-17.157669 48.271999 -6.789480
-17.089499 48.287807 -6.663969
-17.512512 48.279121 -6.310853
-17.887896 48.268536 -5.896708
-17.417269 48.283276 -6.535259
-17.483389 48.269642 -6.428586
-17.454370 48.287663 -6.266848
-17.072655 48.271023 -6.853157
-17.048876 48.273060 -6.881467
-17.924953 48.264050 -5.952609
-17.164587 48.284725 -6.555492
-17.268103 48.289059 -6.453254
-17.047413 48.283108 -6.774008
-17.188221 48.274921 -6.726848
-17.415609 48.289520 -6.293897
-17.812315 48.271172 -5.948556
-17.332169 48.280491 -6.465049
-17.833908 48.262341 -6.022999
-17.785830 48.277237 -5.877905
-17.162439 48.283077 -6.642015
-18.010838 48.268406 -5.730267
-17.201902 48.283318 -6.600789
-18.096495 48.265572 -5.754344
-17.015787 48.289478 -6.700117
-17.087196 48.276573 -6.817685
-17.310579 48.276592 -6.585247
-17.571743 48.279842 -6.097092
-17.067312 48.281448 -6.727515
-17.594706 48.273071 -6.156608
-17.428240 48.282372 -6.346923
-18.024170 48.266949 -5.814486
-17.662651 48.272072 -6.081853
-17.134188 48.290306 -6.564400
-17.239594 48.282845 -6.651744
-17.718904 48.268654 -6.125326
-17.043821 48.287437 -6.647484
-17.802786 48.279694 -5.838008
-17.533499 48.281765 -6.340153
-17.622381 48.269005 -6.221552
-17.084990 48.281837 -6.689673
-17.266172 48.281754 -6.500038
-17.267868 48.290459 -6.411504
-17.049974 48.287251 -6.631547
-17.457781 48.277317 -6.286376
-17.125175 48.283077 -6.757502
-17.832066 48.272701 -5.884408
-17.352089 48.274151 -6.496422
-17.398760 48.281895 -6.243083
-17.445055 48.281967 -6.404751
-17.869814 48.270199 -5.938169
-17.045433 48.285805 -6.823044
-17.130024 48.289848 -6.529936
-17.229013 48.290432 -6.426497
-17.014650 48.289188 -6.741984
-17.367928 48.287338 -6.269009
-17.754751 48.272449 -5.933488
-17.150457 48.282295 -6.693004
-17.289701 48.284042 -6.439221
-17.740776 48.283821 -5.865722
-17.955891 48.273506 -5.720054
-17.126831 48.287300 -6.611550
-18.035908 48.270977 -5.744460
-17.782944 48.270294 -6.005508
-17.162756 48.286720 -6.571227
-16.982946 48.292549 -6.669478
-17.529875 48.285294 -6.079754
-17.053579 48.283733 -6.782183
-17.272503 48.285942 -6.556404
-17.032152 48.284676 -6.693470
-17.615171 48.276810 -6.066246
-17.565453 48.288860 -6.139375
-17.100901 48.294369 -6.537341
-17.962702 48.271420 -5.802516
-17.383701 48.286030 -6.321926
-17.749832 48.281673 -5.828350
-17.012526 48.291412 -6.618184
-17.661232 48.270962 -6.107444
-17.201193 48.289230 -6.620050
-17.475069 48.279175 -6.313755
-17.229454 48.286999 -6.473899
-17.234457 48.298485 -6.390875
-17.572338 48.273952 -6.198305
-17.049164 48.285095 -6.656376
-17.016552 48.290333 -6.603067
-17.417213 48.283722 -6.266141
-17.781265 48.277592 -5.872537
-17.081491 48.280819 -6.716091
-17.317930 48.285252 -6.472332
-17.364901 48.290913 -6.226033
-17.813105 48.273426 -5.923784
-17.096952 48.294880 -6.505709
-17.387653 48.278374 -6.372616
-17.189207 48.290836 -6.400478
-17.005951 48.284336 -6.779984
-17.333799 48.294395 -6.249119
-16.978502 48.289478 -6.705836
-17.705944 48.277252 -5.919376
-17.690424 48.284687 -5.853067
-17.254717 48.292179 -6.415852
-17.110931 48.284767 -6.657785
-17.906689 48.280304 -5.709530
-17.975878 48.274353 -5.733811
-17.124914 48.288052 -6.541564
-17.090425 48.290569 -6.580412
-16.952394 48.296478 -6.640842
-17.490108 48.289627 -6.062988
-17.731125 48.276295 -5.987335
-17.581636 48.288795 -6.052047
-17.016848 48.287067 -6.745397
-17.000029 48.288715 -6.662094
-17.228113 48.287655 -6.523582
-17.509369 48.285103 -6.117787
-17.064413 48.294628 -6.507587
-17.707016 48.288120 -5.818161
-17.898916 48.273014 -5.789937
-17.339853 48.288647 -6.297584
-17.631397 48.286762 -6.092370
-16.982855 48.296280 -6.591634
-17.191750 48.296024 -6.366405
-17.157278 48.288933 -6.585052
-17.443390 48.293121 -6.293098
-17.189537 48.288437 -6.445066
-17.015713 48.289192 -6.626494
-16.989279 48.298054 -6.578538
-17.730356 48.280483 -5.860647
-17.372065 48.285381 -6.244695
-17.536430 48.288128 -6.177896
-17.047930 48.285950 -6.683393
-17.330135 48.296982 -6.208292
-17.281319 48.292496 -6.446211
-17.767223 48.280071 -5.909525
-17.158424 48.296726 -6.378254
-17.063826 48.298908 -6.481473
-17.493046 48.295860 -6.022534
-17.352913 48.289490 -6.350686
-16.972919 48.288452 -6.745120
-17.298153 48.299530 -6.229292
-16.946136 48.290539 -6.673020
-17.648083 48.289120 -5.840702
-17.659956 48.281898 -5.905099
-17.215046 48.293564 -6.391253
-17.920158 48.277489 -5.724326
-17.860308 48.286949 -5.698842
-17.078306 48.291832 -6.627183
-17.056202 48.292698 -6.551258
-17.091015 48.293144 -6.515261
-17.449490 48.292007 -6.045541
-17.677870 48.280361 -5.970637
-16.967798 48.290756 -6.630699
-16.983015 48.290234 -6.709858
-17.034906 48.299458 -6.483860
-17.473354 48.294247 -6.100156
-17.664145 48.293568 -5.807964
-17.187424 48.290154 -6.492682
-17.302580 48.292892 -6.275007
-17.564537 48.277550 -6.073460
-17.857536 48.284431 -5.775478
-16.954596 48.301067 -6.565002
-17.160385 48.301929 -6.346340
-17.387697 48.287365 -6.267920
-17.685278 48.285049 -5.849857
-17.119408 48.291279 -6.553986
-17.155054 48.293545 -6.420922
-17.338017 48.292419 -6.226216
-16.958891 48.301949 -6.552726
-16.984550 48.294151 -6.598614
-17.482582 48.287262 -6.155506
-17.012716 48.288177 -6.649340
-17.285652 48.295582 -6.188895
-17.236347 48.291191 -6.418344
-17.714771 48.282055 -5.896296
-17.132252 48.306355 -6.358644
-17.034454 48.304722 -6.459167
-17.443861 48.293667 -6.008358
-17.256300 48.295994 -6.208301
-17.849585 48.284988 -5.650579
-17.610025 48.294327 -5.828099
-17.310448 48.293045 -6.324859
-16.942976 48.294384 -6.712932
-16.920300 48.300198 -6.647016
-17.874441 48.284103 -5.712891
-17.614578 48.285522 -5.890067
-17.180645 48.298653 -6.368521
-17.813871 48.292599 -5.688146
-17.417015 48.298939 -6.029803
-17.058607 48.298145 -6.490287
-17.043308 48.295025 -6.595963
-17.025175 48.298641 -6.524800
-17.625917 48.282349 -5.953838
-16.938793 48.295589 -6.603402
-17.613184 48.292427 -5.798861
-17.007662 48.306168 -6.460735
-17.425335 48.292030 -6.081662
-16.951502 48.293243 -6.677726
-17.533930 48.291382 -6.059115
-17.259264 48.291462 -6.251294
-17.150570 48.294418 -6.465123
-16.928814 48.308697 -6.541803
-17.799417 48.284706 -5.763973
-17.129021 48.307835 -6.326276
-17.352823 48.294468 -6.247365
-17.642271 48.289516 -5.838239
-17.084520 48.293438 -6.525579
-16.930740 48.305706 -6.528908
-17.297180 48.293835 -6.205935
-17.120331 48.295673 -6.395339
-16.957090 48.299892 -6.572656
-17.253788 48.301483 -6.172401
-17.451675 48.300144 -6.136918
-16.986135 48.297886 -6.622671
-17.201973 48.298298 -6.394218
-17.674583 48.289398 -5.881717
-17.415993 48.304333 -5.995233
-17.004974 48.308540 -6.436843
-17.100563 48.309296 -6.335729
-17.805332 48.289497 -5.641867
-17.224218 48.300934 -6.188975
-17.568321 48.296719 -5.816381
-16.912127 48.297363 -6.680052
-17.270218 48.296459 -6.301026
-17.825079 48.287903 -5.702340
-17.765894 48.294308 -5.678905
-17.149200 48.304577 -6.347044
-17.582399 48.296436 -5.875778
-17.383821 48.304901 -6.014803
-17.028355 48.303024 -6.465896
-16.993799 48.299603 -6.496884
-17.009804 48.298126 -6.566071
-17.569433 48.293907 -5.789374
-16.980257 48.309879 -6.437582
-16.914394 48.304161 -6.578718
-17.486792 48.290100 -6.042706
-17.577532 48.284142 -5.937541
-17.393549 48.300945 -6.063785
-16.922333 48.298111 -6.647605
-17.226490 48.297443 -6.231312
-16.902126 48.313377 -6.517911
-17.096697 48.309788 -6.305510
-17.600622 48.292904 -5.826529
-17.112808 48.295734 -6.436872
-17.312704 48.296852 -6.226346
-17.747763 48.287647 -5.751420
-17.262972 48.297874 -6.187429
-16.904188 48.311367 -6.506438
-17.054295 48.300331 -6.499795
-17.091013 48.302486 -6.373043
-16.928911 48.304665 -6.547435
-17.218805 48.303558 -6.154624
-17.622660 48.287342 -5.869116
-17.732399 48.299866 -5.598040
-16.954784 48.300861 -6.593362
-17.169701 48.304283 -6.370666
-17.397612 48.295284 -6.114491
-17.372501 48.302837 -5.980736
-17.071165 48.313095 -6.314817
-17.763954 48.294853 -5.632999
-16.974695 48.311405 -6.413846
-17.530184 48.298908 -5.805162
-17.410252 48.298523 -6.011805
-17.195040 48.305702 -6.170896
-17.777817 48.290581 -5.692361
-16.887512 48.304966 -6.652535
-17.713469 48.292248 -5.669876
-17.116182 48.307575 -6.325624
-17.345995 48.305115 -5.998585
-17.536888 48.296043 -5.862121
-17.229801 48.297894 -6.275764
-17.000393 48.308762 -6.443508
-16.966608 48.307308 -6.473768
-17.544577 48.306408 -5.777515
-16.978588 48.302086 -6.538183
-16.955250 48.316448 -6.416450
-17.448570 48.295334 -6.027279
-16.886826 48.307903 -6.552741
-17.535690 48.288582 -5.921605
-17.352821 48.301327 -6.046319
-17.559664 48.295246 -5.815475
-16.894655 48.302887 -6.618814
-16.875996 48.316029 -6.493256
-17.193609 48.301430 -6.211312
-17.064507 48.312725 -6.286166
-17.273277 48.298187 -6.205983
-17.234833 48.306576 -6.171462
-17.080400 48.300735 -6.411899
-17.711248 48.296795 -5.737360
-16.878244 48.316002 -6.483212
-16.902887 48.309315 -6.522797
-17.023296 48.305260 -6.474739
-17.065502 48.312084 -6.352686
-17.192930 48.314133 -6.139258
-17.689476 48.301285 -5.590630
-17.588301 48.296360 -5.855639
-17.135139 48.306377 -6.347906
-16.926390 48.304668 -6.565309
-17.341599 48.309658 -5.967740
-17.718876 48.296394 -5.625006
-16.949717 48.316956 -6.394117
-17.043312 48.317802 -6.295244
-17.502262 48.308578 -5.792029
-17.370487 48.299824 -5.997836
-17.359890 48.300526 -6.095495
-17.165913 48.311466 -6.152826
-17.737020 48.295921 -5.681335
-17.312641 48.308083 -5.983558
-17.086123 48.311405 -6.305459
-17.500904 48.301144 -5.848689
-17.676210 48.298409 -5.657948
-16.856503 48.304955 -6.619629
-17.197744 48.304844 -6.255044
-16.969978 48.310646 -6.419090
-16.942320 48.314846 -6.451899
-17.494946 48.302177 -5.769715
-16.925474 48.316284 -6.392678
-16.951128 48.307827 -6.512225
-16.861519 48.313522 -6.527366
-17.314304 48.302586 -6.029445
-17.535442 48.308731 -5.801467
-17.511414 48.304100 -5.904793
-17.038198 48.318340 -6.267931
-17.164347 48.306213 -6.191822
-16.871056 48.312408 -6.594804
-17.201315 48.309574 -6.153612
-17.241249 48.304123 -6.186666
-17.051746 48.307522 -6.388856
-17.659462 48.295719 -5.726181
-16.994400 48.309063 -6.450256
-16.877800 48.315899 -6.500253
-17.037622 48.317806 -6.331710
-17.161650 48.316990 -6.123402
-17.650837 48.303474 -5.582981
-17.658403 48.300179 -5.569757
-17.546463 48.297768 -5.842498
-17.674490 48.296886 -5.617668
-17.302418 48.307915 -5.954408
-17.105904 48.313175 -6.327021
-17.462555 48.307850 -5.780865
-17.337187 48.303787 -5.982817
-17.014473 48.319580 -6.273566
-17.138224 48.316143 -6.136075
-16.898930 48.310413 -6.539350
-16.923380 48.323586 -6.374478
-17.321344 48.302799 -6.077217
-17.693937 48.297371 -5.671100
-17.277718 48.308125 -5.968585
-17.636135 48.301689 -5.648978
-17.056860 48.316189 -6.285965
-17.462605 48.303371 -5.834645
-16.940340 48.311466 -6.396737
-17.477272 48.318310 -5.756068
-17.161722 48.306015 -6.232357
-16.913263 48.315655 -6.427387
-16.901907 48.321762 -6.372864
-16.922951 48.312603 -6.487002
-17.490068 48.306286 -5.792023
-17.280817 48.304569 -6.012994
-17.010376 48.322029 -6.249757
-17.135221 48.311981 -6.173748
-17.461378 48.299953 -5.889931
-17.212179 48.310886 -6.168602
-17.167746 48.311569 -6.135749
-16.842474 48.314240 -6.565319
-17.612810 48.304630 -5.574574
-17.619848 48.302345 -5.563518
-17.622070 48.300896 -5.712829
-17.129519 48.317898 -6.106859
-17.020779 48.311432 -6.365200
-17.004122 48.314850 -6.307408
-17.528044 48.313942 -5.828185
-16.967957 48.316723 -6.427801
-17.638754 48.301933 -5.608469
-17.269148 48.310863 -5.940790
-16.991121 48.326019 -6.256584
-17.441101 48.320183 -5.766680
-17.077227 48.317944 -6.305368
-17.111147 48.319790 -6.118567
-17.300243 48.304935 -5.968680
-16.875118 48.315937 -6.515300
-17.652317 48.299740 -5.660790
-17.282612 48.303089 -6.057507
-17.250965 48.314735 -5.953927
-17.029808 48.321846 -6.267063
-17.592945 48.301136 -5.638724
-17.431623 48.310207 -5.820235
-17.427509 48.310062 -5.749639
-16.912111 48.312210 -6.374300
-16.888016 48.319244 -6.404813
-17.133234 48.312767 -6.212134
-17.465771 48.316753 -5.779396
-16.980982 48.322800 -6.231638
-17.251110 48.310349 -5.997080
-16.896982 48.318253 -6.462370
-17.108971 48.318592 -6.155520
-17.183853 48.317604 -6.151202
-17.140112 48.317242 -6.119005
-17.582767 48.310371 -5.565054
-17.430370 48.307808 -5.874118
-17.587011 48.307224 -5.555565
-17.101248 48.322582 -6.092265
-17.474365 48.303947 -5.817002
-17.577442 48.301434 -5.701254
-16.936449 48.313675 -6.401258
-17.604372 48.305904 -5.599177
-16.993565 48.317123 -6.343474
-16.976936 48.319527 -6.287085
-17.398333 48.313587 -5.757035
-17.240349 48.316559 -5.928363
-16.962257 48.325779 -6.236298
-17.275755 48.313419 -5.954623
-17.078773 48.317715 -6.100585
-17.044714 48.317917 -6.283169
-17.612801 48.300987 -5.651053
-17.222588 48.317425 -5.939314
-17.303448 48.307655 -5.984839
-17.252878 48.309887 -6.040190
-17.556301 48.303234 -5.628832
-17.000334 48.322636 -6.247532
-17.396172 48.311264 -5.807428
-17.409119 48.325222 -5.736729
-17.418772 48.310390 -5.769998
-17.101765 48.316677 -6.192049
-16.953053 48.324493 -6.213446
-17.216105 48.310410 -5.980694
-17.107874 48.316151 -6.102444
-17.153158 48.320450 -6.133184
-17.545486 48.311481 -5.557312
-17.080402 48.322330 -6.136682
-17.552711 48.311180 -5.547686
-17.385309 48.303387 -5.859674
-17.077370 48.330036 -6.077451
-17.454430 48.318199 -5.802754
-17.562037 48.304276 -5.592402
-16.953451 48.324986 -6.268682
-17.537043 48.301750 -5.689433
-17.369482 48.318291 -5.744600
-16.909792 48.317341 -6.378767
-17.212906 48.321182 -5.915846
-16.963099 48.318008 -6.319044
-17.245358 48.317211 -5.940849
-17.054705 48.323189 -6.084342
-17.016012 48.320671 -6.262910
-17.577538 48.304024 -5.639677
-17.196527 48.322987 -5.925313
-17.276669 48.315281 -5.968779
-17.523302 48.308147 -5.618057
-16.973122 48.325298 -6.228602
-17.217100 48.311008 -6.021737
-17.360720 48.312317 -5.794622
-17.361322 48.314873 -5.729452
-17.392902 48.317936 -5.757426
-17.633747 48.305775 -5.555725
-17.064754 48.311882 -6.170053
-17.515335 48.315228 -5.547775
-17.192144 48.317883 -5.964469
-17.081732 48.321728 -6.087030
-17.516922 48.312195 -5.541273
-17.117165 48.317574 -6.114693
-17.049492 48.321178 -6.118628
-17.410889 48.312668 -5.791041
-17.045023 48.326946 -6.060872
-17.533375 48.310959 -5.581397
-17.362284 48.315826 -5.842750
-17.336214 48.318207 -5.733778
-17.186182 48.326775 -5.902590
-17.506809 48.308544 -5.675688
-17.214853 48.319008 -5.927057
-17.030582 48.327663 -6.068089
-16.934872 48.318756 -6.296608
-17.540176 48.305153 -5.630522
-16.985737 48.320507 -6.242705
-17.166580 48.322758 -5.910755
-17.245417 48.317123 -5.954321
-17.503870 48.319378 -5.603035
-17.332533 48.316990 -5.781440
-17.337715 48.324295 -5.717481
-17.188004 48.315758 -6.005067
-17.359688 48.318848 -5.746613
-17.603540 48.311554 -5.543383
-17.480820 48.315186 -5.539859
-17.480415 48.312244 -5.535597
-17.041431 48.320343 -6.151678
-17.059980 48.330078 -6.071396
-17.164486 48.321541 -5.949120
-17.092350 48.323093 -6.097785
-17.388662 48.323032 -5.777585
-17.023880 48.325748 -6.101046
-17.016483 48.326637 -6.046232
-17.494604 48.309128 -5.575121
-17.310183 48.322754 -5.721179
-17.154242 48.326633 -5.890274
-17.325287 48.315975 -5.828604
-17.190310 48.326492 -5.912991
-17.004227 48.329247 -6.052638
-17.485992 48.321865 -5.659355
-17.516434 48.313595 -5.617131
-16.962252 48.325966 -6.224302
-17.146322 48.331013 -5.896451
-17.217094 48.320812 -5.939718
-17.461292 48.314766 -5.594820
-17.296520 48.317593 -5.710577
-17.302828 48.319740 -5.768322
-17.160980 48.320404 -5.987568
-17.328600 48.320660 -5.734980
-17.569025 48.314545 -5.532671
-17.449898 48.316963 -5.531050
-17.451727 48.316914 -5.525987
-17.030750 48.330814 -6.056100
-17.137573 48.325153 -5.934434
-17.350151 48.318226 -5.766298
-17.072117 48.333363 -6.082087
-17.015072 48.324959 -6.133431
-17.479563 48.323128 -5.559879
-16.997360 48.327366 -6.082772
-17.279070 48.322548 -5.710939
-17.122141 48.323490 -5.877930
-17.160498 48.327240 -5.899854
-17.291056 48.314976 -5.814285
-17.477448 48.310799 -5.608022
-17.441816 48.315346 -5.649792
-17.118584 48.331657 -5.882485
-17.188719 48.323502 -5.925106
-17.439013 48.324131 -5.581356
-17.274986 48.326908 -5.697776
-17.271606 48.320568 -5.755269
-17.298260 48.322422 -5.724011
-17.132549 48.325127 -5.970151
-17.435547 48.329914 -5.516463
-17.538048 48.318352 -5.521058
-17.434639 48.329998 -5.512977
-17.439968 48.318329 -5.554322
-17.111935 48.327709 -5.918246
-17.037455 48.327400 -6.064898
-17.325609 48.325714 -5.752233
-17.254395 48.326023 -5.698249
-16.987007 48.325668 -6.113819
-17.135077 48.330761 -5.886498
-17.462406 48.324799 -5.592781
-17.261271 48.317741 -5.799756
-17.094625 48.336102 -5.869056
-17.420893 48.326672 -5.633441
-17.162550 48.327065 -5.911085
-17.401464 48.320244 -5.573567
-17.238792 48.321945 -5.689896
-17.245493 48.325134 -5.741259
-17.268610 48.323135 -5.713698
-17.400208 48.326908 -5.509267
-17.106300 48.328709 -5.954719
-17.502653 48.317379 -5.511056
-17.392942 48.323292 -5.509643
-17.292233 48.323631 -5.741392
-17.430698 48.336037 -5.537376
-17.011816 48.329952 -6.048708
-17.090929 48.336014 -5.903277
-17.229053 48.329529 -5.686305
-17.074305 48.332359 -5.852484
-17.108137 48.332359 -5.873206
-17.423311 48.320004 -5.583653
-17.235128 48.323326 -5.784343
-17.138512 48.331524 -5.896244
-17.378071 48.319080 -5.623787
-17.384106 48.331371 -5.557716
-17.220133 48.332111 -5.676940
-17.239626 48.323826 -5.702638
-17.218555 48.326733 -5.727967
-17.376467 48.332317 -5.498671
-17.372131 48.330547 -5.498900
-17.080687 48.333282 -5.937138
-17.462894 48.312618 -5.502677
-17.262449 48.323364 -5.729658
-17.383041 48.323639 -5.534316
-17.204353 48.330986 -5.675007
-17.081944 48.333908 -5.860579
-17.410345 48.333897 -5.567583
-17.108591 48.330276 -5.883089
-17.361431 48.331173 -5.607198
-17.205236 48.324093 -5.769796
-17.345732 48.324516 -5.550647
-17.191175 48.331783 -5.667283
-17.216549 48.329205 -5.691294
-17.192417 48.329285 -5.715350
-17.344692 48.329109 -5.491974
-17.341900 48.331280 -5.490746
-17.237774 48.326839 -5.716967
-17.366510 48.334698 -5.520541
-17.444019 48.321819 -5.486890
-17.178242 48.332523 -5.663792
-17.365425 48.321365 -5.562945
-17.084526 48.332722 -5.869641
-17.181915 48.329525 -5.754218
-17.322947 48.325356 -5.597315
-17.163683 48.332375 -5.657552
-17.325420 48.331779 -5.536335
-17.192566 48.331631 -5.679259
-17.321510 48.332493 -5.480613
-17.168406 48.332729 -5.701912
-17.314541 48.332855 -5.482437
-17.210146 48.326450 -5.705815
-17.332525 48.330616 -5.513252
-17.415035 48.322510 -5.475831
-17.138773 48.317707 -5.657396
-17.349478 48.332413 -5.547012
-17.117804 48.312862 -5.655010
-17.157877 48.333988 -5.739378
-17.304789 48.335526 -5.580791
-17.297182 48.332424 -5.525941
-17.156158 48.322674 -5.671342
-17.292582 48.331150 -5.472358
-17.150221 48.340885 -5.686779
-17.284285 48.331570 -5.475676
-17.189062 48.331741 -5.692231
-17.311525 48.335892 -5.501080
-17.127934 48.332493 -5.640505
-17.388233 48.325096 -5.463962
-17.317568 48.328224 -5.538894
-17.092384 48.313351 -5.644450
-17.276045 48.336716 -5.512348
-17.122623 48.314564 -5.663269
-17.275890 48.339214 -5.458555
-17.269072 48.328556 -5.570734
-17.124924 48.328899 -5.726352
-17.258255 48.333092 -5.465873
-17.165796 48.335140 -5.679457
-17.280415 48.332653 -5.493636
-17.100971 48.329044 -5.631402
-17.358479 48.323814 -5.453631
-17.302977 48.338196 -5.522869
-17.097950 48.315006 -5.653374
-17.246189 48.335899 -5.451029
-17.245518 48.333469 -5.502746
-17.243546 48.330082 -5.557361
-17.240181 48.340214 -5.453554
-17.129175 48.322186 -5.671503
-17.263723 48.340717 -5.479833
-17.325052 48.317707 -5.445578
-17.273912 48.335869 -5.513193
-17.213530 48.326267 -5.496012
-17.221663 48.334423 -5.543104
-17.105829 48.322571 -5.660113
-17.236204 48.339294 -5.471496
-17.252750 48.338150 -5.500993
-17.082432 48.321953 -5.648715
-17.227943 48.337612 -5.489676
-18.348970 48.206341 -6.411684
-18.369282 48.205666 -6.379168
-18.328169 48.206356 -6.372348
-18.293182 48.212563 -6.419777
-18.243954 48.212727 -6.380263
-18.271463 48.212757 -6.348491
-18.227850 48.214539 -6.344758
-18.200308 48.221462 -6.387937
-18.186012 48.221344 -6.320219
-18.154333 48.222481 -6.352389
-17.550123 48.227913 -7.020802
-17.527336 48.230709 -7.048585
-18.137638 48.222301 -6.319070
-18.107306 48.227367 -6.356107
-17.489567 48.230244 -7.047184
-17.506624 48.232624 -7.031348
-17.469145 48.231964 -7.070472
-18.341835 48.221195 -6.063473
-18.105637 48.228714 -6.293607
-18.317619 48.224281 -6.039392
-18.075630 48.232780 -6.327055
-17.499664 48.237179 -6.970838
-17.489477 48.235600 -6.968952
-17.465067 48.236465 -6.995463
-18.058346 48.230618 -6.295922
-18.024406 48.232853 -6.326179
-17.435036 48.239666 -6.999040
-17.450640 48.241108 -6.983334
-17.413536 48.240448 -7.018872
-18.257280 48.229698 -6.045053
-18.031786 48.235817 -6.268521
-18.222513 48.228199 -6.024094
-17.992319 48.237267 -6.300724
-18.254711 48.231060 -5.988307
-17.440729 48.242779 -6.923090
-17.432762 48.242107 -6.921710
-17.409805 48.243919 -6.948091
-18.250257 48.234322 -5.970204
-17.980415 48.237877 -6.272648
-17.952511 48.240891 -6.298783
-17.381090 48.248074 -6.950127
-17.397772 48.250454 -6.937878
-18.177711 48.238003 -6.026883
-17.357199 48.246956 -6.968049
-17.479565 48.243690 -6.816223
-17.470592 48.249054 -6.816384
-17.957170 48.239944 -6.244217
-18.149014 48.237240 -6.009628
-17.918564 48.243362 -6.277061
-18.167074 48.235657 -5.976583
-17.388033 48.250107 -6.880454
-17.377491 48.246552 -6.875749
-17.422039 48.255882 -6.847356
-17.353592 48.247410 -6.900085
-18.173813 48.240482 -5.956006
-17.434315 48.253536 -6.813444
-17.900229 48.240223 -6.250295
-17.885824 48.247700 -6.274459
-17.322126 48.247692 -6.897389
-18.105440 48.246002 -6.010880
-17.341379 48.252956 -6.888463
-17.308590 48.254128 -6.923612
-17.426441 48.250015 -6.777170
-17.416475 48.253429 -6.775285
-17.892015 48.246689 -6.221168
-18.064650 48.240719 -5.995468
-18.097462 48.245529 -5.965316
-17.853636 48.252090 -6.255425
-17.332760 48.251541 -6.835907
-17.526049 48.249744 -6.608980
-18.100866 48.244495 -5.942193
-17.327511 48.251770 -6.832850
-17.303749 48.252613 -6.858601
-17.358891 48.253666 -6.796422
-17.833900 48.245998 -6.230208
-17.376223 48.255089 -6.769157
-17.816061 48.251640 -6.248999
-18.032272 48.251041 -5.994249
-17.291447 48.259174 -6.845571
-17.280018 48.259575 -6.859471
-17.373360 48.254337 -6.739534
-17.259121 48.259335 -6.878542
-17.829721 48.251312 -6.199273
-17.366112 48.258648 -6.735971
-18.004787 48.251209 -5.981870
-18.018353 48.248783 -5.954226
-17.781839 48.253101 -6.232289
-17.452850 48.253754 -6.598860
-17.472530 48.253067 -6.574918
-17.282230 48.255772 -6.795195
-17.447851 48.257904 -6.611453
-18.035208 48.251217 -5.929128
-17.278385 48.255943 -6.792005
-17.323320 48.268250 -6.766423
-17.768932 48.250721 -6.209996
-17.327576 48.261227 -6.732535
-17.436842 48.261375 -6.606106
-17.758707 48.258068 -6.225938
-17.963413 48.254902 -5.978642
-17.326340 48.259396 -6.705598
-17.231945 48.261719 -6.815678
-17.250280 48.269001 -6.811114
-17.772587 48.256718 -6.179033
-17.318913 48.262722 -6.700626
-17.934793 48.255100 -5.969220
-17.953602 48.255459 -5.943221
-17.724794 48.260506 -6.212053
-17.975941 48.257679 -5.916178
-17.425161 48.259125 -6.544559
-17.401821 48.257961 -6.568133
-17.249104 48.270245 -6.768531
-17.405188 48.268764 -6.583518
-17.254707 48.278008 -6.771591
-17.561661 48.258358 -6.377071
-17.214598 48.263577 -6.781761
-17.532413 48.261391 -6.411190
-17.270119 48.267601 -6.722385
-17.715822 48.259953 -6.192953
-17.289825 48.272892 -6.703445
-17.393187 48.270283 -6.576123
-17.706554 48.266281 -6.204531
-17.898767 48.258591 -5.962640
-17.297533 48.278667 -6.684940
-17.199081 48.267277 -6.766181
-17.200951 48.278107 -6.788116
-17.172472 48.269207 -6.798626
-17.717623 48.262035 -6.159304
-17.292776 48.281891 -6.678289
-17.523413 48.274845 -6.392861
-17.877747 48.262474 -5.956786
-17.907942 48.257488 -5.904043
-17.890211 48.261078 -5.932090
-17.672867 48.267696 -6.193473
-17.393843 48.274506 -6.521966
-17.352278 48.261105 -6.538688
-17.195089 48.265625 -6.725273
-17.345428 48.264347 -6.547185
-17.528364 48.272808 -6.356773
-17.194052 48.265682 -6.721814
-17.238337 48.281017 -6.695586
-17.478903 48.264679 -6.384947
-17.477140 48.262760 -6.382259
-17.655071 48.261501 -6.173767
-17.240093 48.272076 -6.666193
-17.338497 48.267662 -6.540027
-17.641825 48.265003 -6.182155
-17.837833 48.262127 -5.948428
-17.236856 48.268314 -6.641570
-17.663303 48.264324 -6.140221
-17.157639 48.271114 -6.731730
-17.150204 48.272369 -6.742412
-17.234184 48.272461 -6.634013
-17.458597 48.268600 -6.364099
-17.812653 48.264168 -5.944390
-17.864477 48.268314 -5.891043
-17.822395 48.261875 -5.921371
-17.609047 48.266373 -6.173150
-17.338562 48.269897 -6.488051
-17.320421 48.275497 -6.518286
-17.159386 48.274208 -6.696700
-17.467167 48.267414 -6.328379
-17.304937 48.272110 -6.521173
-17.159025 48.275242 -6.692469
-17.132528 48.272217 -6.713499
-17.448286 48.279030 -6.362978
-17.450270 48.282932 -6.367077
-17.185041 48.275368 -6.652964
-17.599527 48.264835 -6.156234
-17.202160 48.279751 -6.637109
-17.300043 48.275349 -6.513109
-17.596964 48.272915 -6.162912
-17.784784 48.267345 -5.934193
-17.204704 48.281734 -6.618365
-17.613417 48.268433 -6.122151
-17.114958 48.279942 -6.711663
-17.119183 48.275829 -6.698425
-17.094530 48.278694 -6.728563
-17.203255 48.284836 -6.609263
-17.427202 48.284958 -6.347911
-17.803686 48.268829 -5.879661
-17.760592 48.271339 -5.932206
-17.769794 48.268059 -5.911371
-17.303221 48.278446 -6.463685
-17.574764 48.281849 -6.157204
-17.275318 48.277451 -6.491269
-17.436136 48.280766 -6.310007
-17.121193 48.278896 -6.666216
-17.122236 48.279877 -6.661850
-17.267429 48.280750 -6.496309
-17.397451 48.279213 -6.336478
-17.568369 48.281174 -6.142845
-17.384554 48.273724 -6.337686
-17.152311 48.284828 -6.625533
-17.164179 48.286427 -6.608030
-17.263033 48.283978 -6.486062
-17.547537 48.276012 -6.142668
-17.735355 48.273418 -5.920334
-17.568514 48.272335 -6.104325
-17.163782 48.285526 -6.589554
-17.081448 48.279510 -6.665763
-17.077089 48.283638 -6.677591
-17.164326 48.287552 -6.579544
-17.755075 48.272858 -5.867855
-17.362940 48.273682 -6.319800
-17.701845 48.271778 -5.919930
-17.719229 48.274162 -5.900471
-17.264128 48.283150 -6.438954
-17.513760 48.277405 -6.138039
-17.230980 48.279369 -6.464896
-17.381638 48.276089 -6.284547
-17.082096 48.280628 -6.635098
-17.083773 48.281582 -6.629958
-17.221287 48.279755 -6.467249
-17.352589 48.281143 -6.312268
-17.510433 48.279602 -6.124823
-17.352890 48.287098 -6.320097
-17.113071 48.286568 -6.592999
-17.122854 48.287251 -6.576401
-17.510685 48.285595 -6.124817
-17.220552 48.284832 -6.457373
-17.689547 48.280342 -5.906853
-17.524380 48.276207 -6.087143
-17.118660 48.281502 -6.557553
-17.046196 48.284081 -6.636431
-17.040668 48.285267 -6.644799
-17.707233 48.276852 -5.856692
-17.125349 48.289272 -6.549829
-17.328972 48.284153 -6.301710
-17.653282 48.276802 -5.908134
-17.666540 48.278347 -5.890486
-17.226389 48.286797 -6.414093
-17.354950 48.289261 -6.267194
-17.479303 48.288883 -6.122109
-17.194241 48.284969 -6.442090
-17.046118 48.283218 -6.606536
-17.052492 48.288979 -6.603817
-17.186808 48.287258 -6.444949
-17.317448 48.288673 -6.290718
-17.470188 48.287312 -6.109430
-17.311192 48.290894 -6.298448
-17.077084 48.289162 -6.564433
-17.083792 48.286968 -6.546690
-17.457554 48.282837 -6.105628
-17.634159 48.278648 -5.893549
-17.183453 48.288456 -6.431745
-17.499464 48.292297 -6.072454
-17.084608 48.286999 -6.533084
-17.659306 48.278851 -5.845538
-17.010628 48.284664 -6.605689
-17.008398 48.290707 -6.616614
-17.089447 48.290855 -6.522671
-17.286688 48.285957 -6.282248
-17.601738 48.277950 -5.896616
-17.189375 48.289410 -6.389875
-17.308594 48.286243 -6.244535
-17.609426 48.277710 -5.880914
-17.425632 48.285137 -6.105110
-17.156597 48.287605 -6.418650
-17.013344 48.288673 -6.580533
-17.015472 48.288620 -6.573209
-17.149843 48.290874 -6.420737
-17.414392 48.281643 -6.093339
-17.281626 48.295227 -6.269947
-17.267914 48.290749 -6.276939
-17.042498 48.291698 -6.535737
-17.444254 48.285610 -6.055587
-17.420568 48.289425 -6.087790
-17.593332 48.285370 -5.880319
-17.050373 48.292446 -6.521454
-17.144817 48.289143 -6.406256
-17.051058 48.289478 -6.507845
-17.615635 48.281677 -5.833986
-16.978489 48.290096 -6.578919
-16.973598 48.291260 -6.586516
-17.054989 48.293381 -6.495382
-17.244221 48.286777 -6.261379
-17.557482 48.281796 -5.885845
-17.152273 48.290028 -6.365661
-17.272774 48.289787 -6.225174
-17.564533 48.281578 -5.870915
-17.388151 48.291737 -6.089460
-17.121305 48.291142 -6.397130
-16.980436 48.291130 -6.554533
-16.986406 48.293915 -6.548988
-17.115185 48.294388 -6.398446
-17.235048 48.290226 -6.245886
-17.229883 48.293385 -6.257081
-17.379982 48.291115 -6.078834
-17.410303 48.291061 -6.040306
-17.012697 48.298027 -6.510876
-17.016777 48.293926 -6.496220
-17.109934 48.290668 -6.382552
-17.379967 48.292152 -6.070999
-17.730675 48.284855 -5.651224
-17.556763 48.292923 -5.866692
-17.020079 48.294842 -6.485938
-17.580738 48.289150 -5.823047
-17.025274 48.298698 -6.471929
-16.952497 48.298264 -6.555848
-16.945847 48.297512 -6.560758
-17.209396 48.292274 -6.244079
-17.530584 48.296959 -5.873466
-17.122175 48.295345 -6.345786
-17.236908 48.292336 -6.205818
-17.539892 48.298649 -5.859038
-17.350624 48.297337 -6.073817
-17.086779 48.294643 -6.376253
-16.951460 48.295414 -6.531727
-16.957293 48.298214 -6.524771
-17.081926 48.297844 -6.376024
-17.374903 48.295574 -6.025163
-17.338882 48.293854 -6.064234
-17.194878 48.297897 -6.238372
-17.202934 48.296619 -6.226906
-17.693213 48.292419 -5.643358
-17.510750 48.291847 -5.854653
-16.981180 48.300430 -6.484740
-17.340727 48.293827 -6.054079
-16.988647 48.300179 -6.474049
-17.081192 48.297943 -6.361139
-17.537752 48.289948 -5.812147
-16.989866 48.300171 -6.464674
-17.693972 48.295460 -5.628309
-16.994024 48.301079 -6.448613
-16.918951 48.302715 -6.537051
-16.923429 48.303562 -6.531639
-17.178234 48.299625 -6.227153
-17.476070 48.291214 -5.863650
-17.206287 48.297665 -6.188114
-17.091938 48.300678 -6.324504
-17.481850 48.291039 -5.850264
-17.306368 48.295204 -6.058080
-17.055239 48.299019 -6.356523
-16.922523 48.300701 -6.508928
-16.928989 48.303478 -6.501198
-17.051830 48.303162 -6.356161
-17.335709 48.295238 -6.009655
-17.169201 48.298080 -6.208064
-17.301363 48.296444 -6.050010
-17.159784 48.300411 -6.219667
-17.632875 48.284878 -5.640476
-17.484356 48.303989 -5.841509
-16.954453 48.306625 -6.462440
-17.305147 48.297352 -6.037534
-16.957397 48.302555 -6.450738
-17.518723 48.306789 -5.799739
-17.053217 48.305180 -6.340369
-16.959427 48.303516 -6.442003
-17.641954 48.291599 -5.621796
-16.964943 48.303368 -6.425803
-16.896666 48.308754 -6.509347
-16.892052 48.307922 -6.513349
-17.143276 48.302128 -6.209862
-17.171871 48.298149 -6.170043
-17.449043 48.303379 -5.851285
-17.060934 48.303036 -6.303999
-17.452106 48.302307 -5.839579
-17.025867 48.303303 -6.337301
-17.271740 48.299683 -6.043591
-16.899008 48.309753 -6.489191
-16.903170 48.309624 -6.480955
-17.300989 48.297718 -5.995162
-17.011477 48.296913 -6.330822
-17.260904 48.296154 -6.036060
-17.139889 48.304363 -6.188824
-17.128531 48.305763 -6.202749
-17.601788 48.295193 -5.631311
-17.433912 48.298088 -5.829885
-17.465578 48.296982 -5.791206
-17.271065 48.299809 -6.022272
-16.929302 48.313751 -6.441420
-17.620092 48.296558 -5.607461
-17.022038 48.306549 -6.318458
-16.930841 48.309738 -6.429855
-16.932152 48.308723 -6.421889
-17.607117 48.298065 -5.612261
-16.937483 48.307587 -6.404276
-16.868860 48.311001 -6.485008
-17.113605 48.308411 -6.194224
-17.145721 48.306293 -6.153357
-16.865917 48.313099 -6.490290
-17.030657 48.304359 -6.284135
-17.399515 48.297432 -5.841718
-17.403429 48.298325 -5.830649
-16.996672 48.308578 -6.319497
-17.233318 48.299313 -6.028738
-16.869934 48.312046 -6.466399
-17.273638 48.304897 -5.981412
-16.875540 48.312859 -6.458027
-16.987614 48.306969 -6.314666
-17.226370 48.299622 -6.022990
-17.111439 48.309605 -6.171638
-17.446463 48.311829 -5.778809
-17.096418 48.309155 -6.185197
-17.562117 48.298840 -5.624374
-17.405983 48.307293 -5.816887
-17.236980 48.302269 -6.007014
-17.576256 48.298367 -5.602337
-16.898548 48.313114 -6.417344
-16.994696 48.310760 -6.298332
-16.905010 48.315887 -6.409612
-16.905008 48.313915 -6.403192
-17.563692 48.297867 -5.604953
-16.915712 48.318562 -6.387226
-17.114920 48.307632 -6.135664
-17.082220 48.310768 -6.177312
-17.002634 48.307590 -6.264780
-17.370953 48.306656 -5.829499
-17.370705 48.305710 -5.820247
-16.966352 48.308903 -6.299643
-17.207458 48.308437 -6.014865
-17.234406 48.300556 -5.967330
-16.961224 48.312130 -6.296597
-17.082129 48.312885 -6.153818
-17.396122 48.301907 -5.770016
-17.199919 48.309769 -6.009893
-17.520914 48.299545 -5.617578
-17.370018 48.307808 -5.805342
-17.069593 48.316322 -6.169297
-17.211708 48.310371 -5.992366
-17.531704 48.298199 -5.597994
-16.970602 48.318829 -6.280767
-17.525299 48.298462 -5.597888
-16.884146 48.313950 -6.363919
-17.085701 48.309898 -6.119253
-17.050970 48.313114 -6.161817
-16.979263 48.314629 -6.247849
-17.335211 48.309158 -5.819371
-17.335733 48.308178 -5.810758
-16.940952 48.316017 -6.283629
-17.174282 48.310848 -6.001670
-17.207779 48.306705 -5.954229
-17.369783 48.309032 -5.759716
-16.937088 48.319199 -6.279037
-17.169632 48.314064 -5.996429
-17.052814 48.316162 -6.136003
-17.485495 48.304028 -5.610250
-17.338430 48.312153 -5.793397
-17.037306 48.315720 -6.151752
-17.178978 48.311775 -5.976984
-17.490816 48.299881 -5.594028
-16.937750 48.314262 -6.258999
-17.489656 48.300953 -5.589146
-17.062624 48.317909 -6.105134
-16.951328 48.316849 -6.229915
-17.019495 48.313473 -6.144913
-17.298611 48.309700 -5.808610
-17.296419 48.307819 -5.801679
-17.181740 48.311836 -5.940358
-17.146072 48.316071 -5.987302
-17.333906 48.308540 -5.749587
-17.027931 48.321259 -6.119199
-17.457127 48.312233 -5.600842
-17.305309 48.313557 -5.781592
-17.134148 48.313572 -5.982737
-17.011160 48.320858 -6.136498
-17.148422 48.313091 -5.962110
-17.465380 48.310970 -5.584351
-17.476105 48.318588 -5.574792
-17.034718 48.318123 -6.088594
-16.992714 48.318638 -6.130437
-17.267120 48.313034 -5.798090
-17.155022 48.315987 -5.927265
-17.259954 48.308350 -5.792336
-17.112762 48.315487 -5.974116
-17.304544 48.310783 -5.739564
-17.271473 48.312988 -5.770566
-17.416569 48.309910 -5.594704
-16.997808 48.320564 -6.102163
-17.105398 48.317806 -5.970562
-16.979593 48.319221 -6.119601
-17.123014 48.318199 -5.947475
-17.423592 48.309692 -5.579759
-17.427588 48.309578 -5.570096
-17.007658 48.320305 -6.072699
-17.234093 48.313427 -5.787707
-17.125320 48.316257 -5.914443
-17.275175 48.313030 -5.729544
-17.230715 48.313591 -5.782325
-17.397463 48.322750 -5.583726
-17.243311 48.317200 -5.757591
-17.390295 48.313087 -5.572950
-17.406813 48.319492 -5.557837
-17.205446 48.317650 -5.776927
-17.244949 48.313313 -5.718889
-17.198502 48.314953 -5.772589
-17.408211 48.308640 -5.512684
-17.349051 48.312733 -5.580456
-17.212276 48.316517 -5.746302
-17.352762 48.312641 -5.567966
-17.369015 48.316059 -5.551436
-17.176756 48.320873 -5.766152
-17.221325 48.318333 -5.708341
-17.391907 48.321369 -5.501438
-17.171297 48.320118 -5.761681
-17.325520 48.320747 -5.569893
-17.187105 48.321606 -5.734482
-17.343952 48.321136 -5.541003
-17.323767 48.317863 -5.560768
-17.152363 48.325928 -5.754977
-17.191195 48.317604 -5.699108
-17.354303 48.315918 -5.497867
-17.139769 48.319447 -5.752593
-17.156755 48.318893 -5.723840
-17.287823 48.316307 -5.564919
-17.308962 48.317593 -5.534343
-17.290384 48.319260 -5.553979
-17.158859 48.312962 -5.690786
-17.120016 48.324295 -5.745255
-17.332123 48.322880 -5.487168
-17.109724 48.320721 -5.743378
-17.263573 48.322350 -5.555140
-17.120716 48.311398 -5.715154
-17.280285 48.318810 -5.524962
-17.257063 48.318645 -5.548609
-17.297367 48.318314 -5.483337
-17.230028 48.319752 -5.548359
-17.247469 48.315178 -5.518816
-17.225002 48.317986 -5.541696
-17.275284 48.324265 -5.474062
-17.209297 48.327656 -5.537549
-17.234985 48.328777 -5.502953
-17.246759 48.322460 -5.467514
-17.126322 48.327168 -5.513450
-18.330084 48.207970 -6.474519
-18.292339 48.208813 -6.412886
-18.219488 48.213688 -6.434720
-18.192583 48.217056 -6.380513
-18.340698 48.206509 -6.472046
-18.375513 48.215839 -6.120588
-18.118536 48.218994 -6.398910
-17.547220 48.228420 -7.002928
-18.098650 48.223045 -6.350384
-18.228878 48.213276 -6.433834
-18.320368 48.221355 -6.067854
-18.405815 48.215160 -6.203726
-17.443562 48.228359 -7.064367
-18.277479 48.222961 -6.098688
-17.465954 48.229595 -7.033535
-18.036013 48.228527 -6.367610
-18.124258 48.217407 -6.464713
-17.488342 48.238083 -6.952168
-18.023777 48.233246 -6.323989
-18.126511 48.218639 -6.398201
-18.226944 48.227268 -6.049750
-17.386492 48.235962 -7.011287
-18.294319 48.220860 -6.176135
-18.188211 48.230713 -6.078736
-17.367510 48.235664 -7.026813
-17.411442 48.239079 -6.983752
-18.326944 48.221794 -6.121409
-17.966846 48.240498 -6.340631
-18.033302 48.226315 -6.427909
-17.489784 48.234577 -7.037811
-17.430294 48.245705 -6.903452
-17.939253 48.236839 -6.296448
-18.043350 48.228199 -6.367705
-18.153883 48.238342 -6.033823
-17.451214 48.249142 -6.844282
-18.112589 48.239906 -6.059512
-17.331503 48.241474 -6.958694
-17.321472 48.246773 -6.982570
-18.192322 48.226162 -6.151123
-17.351137 48.240814 -6.929558
-17.414267 48.232609 -7.050026
-18.238493 48.230515 -6.102113
-17.878897 48.240250 -6.309167
-17.957256 48.237587 -6.396686
-17.870201 48.244789 -6.272301
-17.428143 48.241379 -6.982370
-17.378294 48.253059 -6.858378
-17.971952 48.239262 -6.340266
-18.070499 48.241837 -6.017533
-18.041327 48.248920 -6.041265
-17.390896 48.251846 -6.796492
-17.283144 48.249683 -6.913970
-17.331152 48.243046 -7.045312
-17.265572 48.249325 -6.929354
-17.304754 48.251923 -6.888910
-18.103342 48.232922 -6.127613
-18.160730 48.240799 -6.082424
-17.360998 48.242050 -6.998712
-17.810911 48.247173 -6.282062
-17.875809 48.243084 -6.363878
-17.804018 48.250618 -6.249279
-17.319921 48.253693 -6.809672
-17.371147 48.247974 -6.930716
-17.993702 48.246056 -6.002705
-17.894527 48.244576 -6.312020
-17.960518 48.250317 -6.023287
-17.336967 48.255264 -6.755162
-17.232853 48.252979 -6.866578
-17.219252 48.254444 -6.885118
-17.261915 48.245102 -7.000643
-17.265238 48.263729 -6.852534
-17.271606 48.243778 -6.985366
-18.077091 48.245316 -6.063341
-18.029646 48.243050 -6.106085
-17.305174 48.246601 -6.945508
-17.753281 48.255653 -6.258160
-17.398796 48.252285 -6.840910
-18.212399 48.244808 -5.852367
-17.803898 48.249180 -6.333641
-17.741417 48.256290 -6.226600
-17.286388 48.271217 -6.780524
-17.929817 48.252743 -5.987967
-17.316431 48.253460 -6.880956
-17.821417 48.248699 -6.284747
-17.892668 48.255180 -6.005396
-17.302757 48.271812 -6.726788
-17.199726 48.268497 -6.835255
-17.399569 48.261536 -6.585417
-17.212782 48.249367 -6.950306
-18.002115 48.251476 -6.044785
-17.216791 48.266926 -6.809221
-17.224306 48.250957 -6.937698
-17.958046 48.251083 -6.085050
-17.258013 48.253765 -6.899243
-17.688227 48.258434 -6.233594
-17.339052 48.253971 -6.792366
-17.510935 48.258862 -6.404050
-18.126471 48.248386 -5.839196
-17.677198 48.257030 -6.204078
-17.734274 48.254169 -6.305304
-17.411852 48.258511 -6.686372
-17.231516 48.266693 -6.733567
-17.862957 48.255550 -5.973535
-17.755041 48.253540 -6.260341
-17.265692 48.257767 -6.835762
-17.533640 48.254448 -6.496770
-17.831360 48.259769 -5.988967
-17.250006 48.270176 -6.685317
-17.140158 48.269070 -6.808786
-17.154963 48.270538 -6.793692
-17.926338 48.253666 -6.027023
-17.353365 48.268578 -6.555391
-17.172260 48.270950 -6.769066
-17.180056 48.256996 -6.892554
-17.635689 48.265697 -6.211304
-17.881199 48.253334 -6.063840
-17.211725 48.259884 -6.855021
-17.463047 48.266823 -6.404836
-17.288595 48.258247 -6.749982
-17.479002 48.276276 -6.383948
-17.623508 48.263325 -6.184756
-18.054235 48.254406 -5.826747
-17.673452 48.260792 -6.278905
-17.365297 48.267590 -6.652136
-17.803349 48.260059 -5.959782
-17.308428 48.268429 -6.553713
-17.195337 48.277336 -6.702534
-18.086100 48.258308 -5.784184
-17.698915 48.260952 -6.237725
-17.218870 48.262894 -6.793724
-17.770006 48.263363 -5.972545
-17.207598 48.274078 -6.652051
-17.474785 48.258026 -6.463063
-17.864447 48.259277 -6.011390
-17.114935 48.274368 -6.755918
-17.304565 48.269733 -6.523478
-17.130976 48.274826 -6.732846
-17.128202 48.262268 -6.863178
-17.574858 48.265305 -6.187721
-17.149193 48.274422 -6.861733
-17.174335 48.270599 -6.819149
-17.816204 48.259083 -6.045685
-17.423344 48.277569 -6.381252
-17.946163 48.261318 -5.732945
-17.257376 48.275673 -6.722737
-17.489363 48.261684 -6.411639
-17.419611 48.271847 -6.355238
-17.574802 48.269417 -6.165630
-17.986212 48.260254 -5.813865
-17.753927 48.269150 -5.946410
-17.320871 48.275581 -6.618386
-17.614721 48.265327 -6.252999
-18.015438 48.261250 -5.774420
-17.272081 48.280052 -6.527671
-17.150133 48.277378 -6.664564
-17.644924 48.267273 -6.215600
-17.184856 48.276455 -6.761780
-17.717350 48.269600 -5.956654
-17.165144 48.276985 -6.618790
-17.803133 48.263870 -5.994984
-17.445017 48.278362 -6.442050
-17.265860 48.277458 -6.496952
-17.076647 48.279114 -6.720819
-17.090178 48.275681 -6.695850
-17.540098 48.279827 -6.169308
-17.097263 48.268806 -6.809511
-17.131004 48.273582 -6.777456
-17.758265 48.265553 -6.026799
-17.367430 48.274006 -6.351473
-17.897003 48.270386 -5.722367
-17.205822 48.272995 -6.679731
-17.457424 48.279099 -6.391550
-17.380783 48.281551 -6.333700
-17.538700 48.281986 -6.148777
-17.693478 48.268688 -5.933455
-17.921728 48.264957 -5.801329
-17.965588 48.272350 -5.763218
-17.110485 48.280170 -6.631014
-17.227680 48.282028 -6.496734
-17.557497 48.268795 -6.228362
-17.266209 48.274014 -6.579263
-17.589397 48.270657 -6.193631
-17.304285 48.277641 -6.541749
-17.132923 48.271809 -6.715965
-17.661825 48.270943 -5.942481
-17.128010 48.280663 -6.588537
-17.749033 48.269165 -5.979257
-17.221752 48.279408 -6.468833
-17.040442 48.281773 -6.686204
-17.382849 48.274078 -6.407244
-17.051941 48.278419 -6.662160
-17.488844 48.281029 -6.148303
-17.054798 48.275661 -6.787710
-17.066895 48.280209 -6.779325
-17.330587 48.282631 -6.329014
-17.092604 48.279343 -6.740960
-17.844946 48.277569 -5.712092
-17.695122 48.267231 -6.007735
-17.170311 48.281609 -6.649341
-17.400143 48.276592 -6.361934
-17.479542 48.277504 -6.129292
-17.334246 48.282574 -6.310088
-17.647511 48.274639 -5.920437
-17.895491 48.270264 -5.754108
-17.862274 48.270454 -5.788988
-17.185558 48.282898 -6.467693
-17.074802 48.284790 -6.600623
-17.536823 48.273914 -6.172781
-17.261560 48.282543 -6.512084
-17.505449 48.273041 -6.205328
-17.225609 48.280834 -6.548676
-17.098675 48.280376 -6.684029
-17.616335 48.276886 -5.927276
-17.697109 48.274368 -5.964019
-17.091887 48.286289 -6.560331
-17.181416 48.282192 -6.442464
-17.005157 48.284386 -6.653634
-17.020037 48.283875 -6.633520
-17.803314 48.275379 -5.690003
-17.343723 48.283810 -6.382905
-17.444300 48.285954 -6.128751
-17.028795 48.281967 -6.740646
-17.787756 48.277954 -5.703056
-17.286079 48.283581 -6.304481
-17.056286 48.283016 -6.704947
-17.639381 48.270603 -5.990759
-17.129875 48.284439 -6.615171
-17.354942 48.279572 -6.336776
-17.292345 48.286400 -6.288857
-17.438189 48.284286 -6.112265
-17.609549 48.285263 -5.907315
-17.844843 48.277393 -5.743706
-17.799843 48.272072 -5.776955
-17.039173 48.287395 -6.571643
-17.147251 48.285606 -6.440402
-17.500525 48.285500 -6.154536
-17.217102 48.283520 -6.481162
-17.474205 48.289429 -6.185860
-17.181873 48.283791 -6.516983
-17.632751 48.270077 -5.949348
-17.062931 48.287006 -6.652245
-17.570171 48.281849 -5.912857
-17.054804 48.287952 -6.531497
-17.147072 48.286724 -6.418326
-17.754242 48.279430 -5.682273
-16.971464 48.287926 -6.622331
-16.984892 48.286472 -6.602362
-17.296736 48.284874 -6.355084
-17.400442 48.288849 -6.109837
-17.729897 48.277367 -5.694805
-16.992434 48.284641 -6.704643
-17.250740 48.291138 -6.283295
-17.018429 48.283749 -6.669085
-17.590117 48.275707 -5.973828
-17.090361 48.287224 -6.583046
-17.398970 48.289978 -6.095728
-17.316645 48.287258 -6.314479
-17.250980 48.288208 -6.266851
-17.554773 48.282570 -5.895202
-17.789770 48.279697 -5.733759
-17.449327 48.284695 -6.134963
-17.746069 48.275333 -5.765452
-17.114353 48.291080 -6.416121
-17.005764 48.290913 -6.543152
-17.175789 48.285358 -6.452767
-17.413105 48.283047 -6.162322
-17.140179 48.283657 -6.485773
-17.595377 48.279682 -5.935462
-17.537045 48.292286 -5.898523
-17.025213 48.287727 -6.617790
-17.023996 48.294350 -6.506306
-17.112919 48.292244 -6.395604
-17.700119 48.278679 -5.675776
-16.940866 48.291328 -6.593551
-16.953711 48.290897 -6.574361
-17.360209 48.292595 -6.091264
-17.253565 48.287777 -6.329012
-17.688442 48.284122 -5.684152
-17.211359 48.291870 -6.260367
-16.961006 48.290089 -6.673835
-16.985548 48.288254 -6.638421
-17.353016 48.287945 -6.079159
-17.218697 48.294632 -6.248192
-17.524841 48.294861 -5.883395
-17.277586 48.291973 -6.292968
-17.554747 48.288246 -5.957607
-17.051332 48.286991 -6.550143
-17.738283 48.281857 -5.724155
-17.409178 48.290440 -6.116395
-17.077457 48.290726 -6.390098
-16.975540 48.296288 -6.517188
-17.700106 48.282284 -5.752432
-17.139887 48.289963 -6.427381
-17.380234 48.294498 -6.143016
-17.103313 48.287308 -6.458352
-17.547722 48.282707 -5.921212
-17.486368 48.290432 -5.884564
-17.663069 48.286251 -5.666096
-16.991606 48.296806 -6.481264
-16.990011 48.289330 -6.586641
-17.081717 48.297638 -6.373999
-16.912056 48.296650 -6.567449
-16.926493 48.297146 -6.549517
-17.318439 48.293400 -6.072844
-17.643383 48.287018 -5.674584
-17.213539 48.291542 -6.305469
-17.173571 48.293530 -6.238707
-16.928560 48.293591 -6.640991
-17.318821 48.294434 -6.062819
-16.953243 48.291740 -6.606981
-17.181877 48.297241 -6.228573
-17.469934 48.289169 -5.871294
-17.238287 48.294701 -6.270051
-17.021967 48.294327 -6.524814
-17.688158 48.282963 -5.714410
-17.495808 48.282742 -5.940953
-17.368271 48.293209 -6.098614
-17.046881 48.296101 -6.367718
-16.948462 48.302525 -6.493750
-17.106979 48.295437 -6.403112
-17.647020 48.283516 -5.741577
-17.523380 48.297783 -5.907411
-17.070261 48.292801 -6.432680
-17.331648 48.292599 -6.121752
-17.620384 48.290043 -5.658427
-17.453150 48.298870 -5.870242
-16.963074 48.302101 -6.457971
-17.051287 48.302998 -6.353030
-16.962099 48.297611 -6.561173
-16.887207 48.303791 -6.544503
-16.899420 48.303379 -6.526088
-17.281933 48.296986 -6.056027
-17.603243 48.291721 -5.663797
-17.144131 48.300838 -6.219763
-17.177090 48.295155 -6.282263
-17.279573 48.296124 -6.047709
-17.442760 48.300354 -5.859205
-16.902685 48.301792 -6.614605
-17.149500 48.301666 -6.209924
-17.650957 48.290546 -5.703334
-17.202133 48.298290 -6.249661
-16.924320 48.298073 -6.579479
-16.990286 48.298763 -6.499006
-17.469131 48.297924 -5.925265
-17.333296 48.299732 -6.081654
-17.017853 48.301403 -6.346604
-16.919737 48.306831 -6.469055
-17.074177 48.299904 -6.380258
-17.605999 48.289265 -5.728759
-17.466833 48.290169 -5.894067
-17.575544 48.290916 -5.651694
-17.033987 48.292423 -6.405896
-17.408236 48.296780 -5.857113
-17.290588 48.295383 -6.102571
-16.936134 48.308323 -6.435946
-17.019989 48.306393 -6.331434
-16.929798 48.298092 -6.531142
-16.860758 48.310005 -6.520303
-16.873117 48.309582 -6.503294
-17.244518 48.297611 -6.038583
-17.557428 48.291645 -5.655023
-17.114643 48.307152 -6.200823
-17.246021 48.299583 -6.032011
-17.399443 48.299191 -5.847341
-17.141415 48.298737 -6.259694
-17.120983 48.308929 -6.193025
-16.873631 48.305126 -6.587108
-17.604454 48.292503 -5.693935
-16.896080 48.302372 -6.552608
-17.168869 48.303764 -6.228980
-16.960003 48.303143 -6.473053
-17.416773 48.293148 -5.910070
-17.295341 48.302376 -6.064997
-16.988819 48.306705 -6.325497
-16.891695 48.309109 -6.444991
-17.439507 48.301365 -5.880576
-17.045856 48.307182 -6.358372
-17.561417 48.292156 -5.717026
-17.535582 48.292599 -5.643743
-17.373590 48.301270 -5.844364
-17.008179 48.303593 -6.385911
-16.906879 48.311642 -6.413441
-17.254597 48.299957 -6.083580
-16.987156 48.306850 -6.309989
-16.904203 48.306267 -6.507575
-17.213228 48.302975 -6.023374
-17.535841 48.306610 -5.640909
-17.364908 48.302670 -5.836004
-17.211796 48.302067 -6.017098
-17.082798 48.309559 -6.181404
-17.084757 48.307514 -6.174050
-17.558601 48.291428 -5.685177
-17.108109 48.303215 -6.239022
-17.135622 48.306229 -6.209712
-16.847656 48.311333 -6.560730
-16.868849 48.308624 -6.527785
-16.932863 48.308380 -6.449625
-17.384846 48.302544 -5.894210
-17.251318 48.298271 -6.047528
-16.963602 48.313847 -6.306138
-17.392477 48.297356 -5.868393
-17.516996 48.308434 -5.630748
-17.009005 48.304821 -6.333781
-17.516745 48.293049 -5.705300
-17.340191 48.305714 -5.830059
-16.960445 48.312054 -6.290777
-16.977354 48.306984 -6.362144
-17.217224 48.301582 -6.066155
-16.877115 48.312508 -6.484160
-17.485712 48.300701 -5.634004
-17.180252 48.305416 -6.006906
-17.324545 48.301380 -5.825265
-17.184366 48.310268 -6.003640
-17.524899 48.296871 -5.674455
-17.054035 48.314838 -6.163105
-17.057590 48.313721 -6.157012
-17.096975 48.302921 -6.188853
-17.080732 48.311447 -6.219171
-16.906496 48.313583 -6.426833
-17.221430 48.303581 -6.032178
-17.343447 48.302315 -5.880029
-16.936651 48.317062 -6.285517
-17.362793 48.304649 -5.854430
-17.470537 48.304375 -5.624182
-16.979876 48.308128 -6.312682
-17.480038 48.297619 -5.693469
-17.305454 48.308208 -5.817320
-16.933020 48.315277 -6.272347
-16.950388 48.313210 -6.340125
-17.181097 48.303165 -6.047174
-17.461256 48.310772 -5.621612
-17.153164 48.310612 -5.991259
-17.296370 48.307606 -5.812566
-17.152273 48.311661 -5.989219
-17.497599 48.306057 -5.662363
-17.029711 48.317955 -6.140758
-17.025183 48.318123 -6.144810
-17.072161 48.313034 -6.172306
-17.049553 48.314835 -6.198990
-17.194471 48.311775 -6.016537
-17.308449 48.305836 -5.864479
-17.325127 48.304260 -5.841996
-17.446857 48.314411 -5.612425
-16.949835 48.308475 -6.290953
-17.460365 48.313522 -5.677035
-17.272078 48.309647 -5.804437
-16.921841 48.315498 -6.318255
-17.156252 48.313278 -6.030612
-17.418892 48.307556 -5.613196
-17.261854 48.308079 -5.802656
-17.136555 48.327385 -5.975995
-17.124668 48.315868 -5.975769
-17.457396 48.305756 -5.653027
-16.997208 48.316380 -6.123540
-16.997017 48.319374 -6.127146
-17.040174 48.312450 -6.152901
-17.163044 48.314148 -6.001345
-17.019146 48.318188 -6.179445
-17.401203 48.307308 -5.607913
-17.289722 48.305779 -5.830050
-17.271294 48.306438 -5.849862
-17.240095 48.311031 -5.791411
-17.407104 48.303745 -5.669044
-17.235851 48.314213 -5.790450
-17.392935 48.315689 -5.600963
-17.437899 48.318634 -5.639421
-17.122404 48.313759 -6.013533
-17.099167 48.321995 -5.961396
-17.098347 48.321033 -5.960764
-17.015219 48.319565 -6.136360
-17.124922 48.309788 -5.986120
-16.987783 48.317581 -6.159269
-17.384588 48.322071 -5.594012
-17.261457 48.310005 -5.817363
-17.240070 48.310795 -5.836065
-17.213272 48.316200 -5.778573
-17.387499 48.317635 -5.654031
-17.206291 48.317486 -5.779322
-17.352709 48.311378 -5.593038
-17.389826 48.309635 -5.633027
-17.093714 48.318027 -5.996642
-16.987204 48.320801 -6.120115
-17.101692 48.317822 -5.972234
-17.340294 48.313908 -5.589359
-17.231705 48.312294 -5.804827
-17.208607 48.313168 -5.820859
-17.185625 48.320408 -5.765109
-17.344898 48.312428 -5.644225
-17.176645 48.318764 -5.768198
-17.371731 48.322456 -5.619280
-17.327448 48.317478 -5.581443
-17.315813 48.319973 -5.578399
-17.206327 48.318405 -5.791851
-17.182451 48.319313 -5.807257
-17.156599 48.321663 -5.753209
-17.152821 48.324806 -5.756487
-17.332869 48.317089 -5.611223
-17.314371 48.315754 -5.631043
-17.295692 48.317837 -5.571227
-17.285700 48.322258 -5.569450
-17.180239 48.322544 -5.779659
-17.154690 48.324535 -5.792398
-17.134684 48.328644 -5.739161
-17.124531 48.325027 -5.745223
-17.303347 48.318352 -5.601499
-17.266785 48.319077 -5.560719
-17.280396 48.315205 -5.620357
-17.259882 48.326370 -5.560061
-17.156258 48.328602 -5.766544
-17.270885 48.316734 -5.592076
-17.117334 48.317139 -5.779212
-17.238653 48.320286 -5.550847
-17.253489 48.319378 -5.607519
-17.228270 48.322708 -5.552680
-17.125813 48.325909 -5.756216
-17.251360 48.325607 -5.579910
-17.211140 48.321476 -5.540200
-17.226496 48.321556 -5.594686
-17.200914 48.323883 -5.543448
-17.218767 48.320995 -5.570494
-17.198872 48.323757 -5.582639
-17.150253 48.301952 -5.544427
-17.199152 48.327869 -5.558335
-17.115931 48.293385 -5.540176
-17.107639 48.309822 -5.524018
-18.543760 48.182129 -6.342427
-18.426010 48.195869 -6.315614
-18.277405 48.190258 -6.446024
-18.286785 48.188725 -6.372796
-18.362621 48.195843 -6.176789
-18.296780 48.199993 -6.287899
-18.514702 48.183430 -6.236867
-18.341591 48.204643 -6.058125
-18.163677 48.196503 -6.459096
-18.167130 48.197647 -6.414264
-18.130632 48.193893 -6.472620
-18.179743 48.198120 -6.348141
-18.242725 48.199806 -6.160073
-18.339140 48.182861 -6.433311
-18.371855 48.191803 -6.377872
-18.187422 48.206467 -6.263714
-18.384003 48.192696 -6.214839
-18.565807 48.177494 -6.290748
-18.241974 48.214935 -6.043892
-18.065971 48.205509 -6.430881
-18.079861 48.210350 -6.389959
-18.044189 48.206520 -6.445432
-18.082544 48.206188 -6.325303
-18.143049 48.208099 -6.145885
-18.239901 48.198967 -6.407575
-18.253786 48.200497 -6.348026
-18.326437 48.205162 -6.118927
-18.093172 48.216446 -6.241661
-18.215986 48.217327 -5.890715
-18.268990 48.202465 -6.196238
-18.138714 48.219364 -6.030880
-18.427044 48.187977 -6.264320
-17.983747 48.217037 -6.407016
-18.119947 48.199257 -6.471096
-18.338406 48.190022 -6.440788
-17.985882 48.216236 -6.362909
-17.949493 48.211414 -6.417167
-17.995989 48.215931 -6.305458
-18.287718 48.185329 -6.472238
-18.054291 48.218040 -6.133728
-18.129725 48.205402 -6.379015
-18.308559 48.216518 -5.919937
-18.146523 48.207840 -6.320270
-18.578936 48.185135 -6.296932
-18.002344 48.222332 -6.221755
-18.121244 48.225632 -5.888344
-18.214228 48.212837 -6.101192
-18.169245 48.212708 -6.178865
-18.052790 48.228214 -6.019568
-18.296095 48.194199 -6.239218
-17.890587 48.218895 -6.380325
-18.312895 48.200584 -6.177229
-18.024708 48.208153 -6.441526
-18.467812 48.184418 -6.318300
-18.208485 48.194027 -6.404603
-17.902508 48.222794 -6.338871
-17.908251 48.219707 -6.285461
-17.964663 48.222988 -6.120438
-18.179779 48.196632 -6.440023
-18.032387 48.213425 -6.353035
-18.196066 48.220383 -5.913687
-18.047945 48.215916 -6.294976
-17.921434 48.228893 -6.203624
-18.025599 48.227940 -5.884861
-18.127039 48.224693 -6.087359
-18.448586 48.200325 -6.270702
-18.066128 48.217072 -6.161753
-17.966995 48.233040 -6.007379
-18.187941 48.203686 -6.218443
-18.294086 48.210529 -5.952020
-17.813942 48.225246 -6.358219
-17.943264 48.218601 -6.414811
-18.207418 48.212006 -6.158200
-17.821671 48.227287 -6.316664
-18.106958 48.204144 -6.375298
-18.333223 48.192684 -6.287957
-17.830507 48.226158 -6.267200
-17.882992 48.227676 -6.108389
-18.076256 48.204811 -6.410205
-17.943653 48.220181 -6.329552
-18.095720 48.225838 -5.908776
-17.964808 48.225517 -6.274043
-17.844639 48.235313 -6.185631
-17.945368 48.234730 -5.882523
-18.036823 48.232639 -6.072777
-18.301188 48.204044 -6.241000
-17.977118 48.223965 -6.146508
-17.889883 48.238594 -5.997645
-18.171211 48.199387 -6.467268
-18.088709 48.212875 -6.199179
-18.186363 48.217190 -5.943935
-17.743824 48.233410 -6.338958
-17.853182 48.224846 -6.418007
-17.753704 48.234367 -6.297010
-17.858791 48.225140 -6.387346
-18.105677 48.220303 -6.140326
-17.763403 48.234276 -6.251923
-18.022638 48.218742 -6.351799
-18.209860 48.199612 -6.261889
-17.813553 48.235943 -6.097645
-18.122473 48.199226 -6.474169
-17.981392 48.212711 -6.382866
-17.857740 48.224838 -6.306939
-18.011272 48.233711 -5.903129
-17.884764 48.232994 -6.253019
-17.774540 48.240517 -6.169591
-17.872726 48.242222 -5.879212
-18.287806 48.210266 -5.985210
-17.944201 48.234665 -6.058734
-17.895115 48.230618 -6.132234
-18.182358 48.210846 -6.217274
-17.813940 48.242092 -5.987272
-17.993490 48.218918 -6.180121
-17.670845 48.234638 -6.318056
-18.061718 48.205685 -6.432698
-18.093342 48.227329 -5.935781
-17.770491 48.227322 -6.391181
-17.677803 48.234680 -6.275302
-17.781700 48.230457 -6.363072
-17.698463 48.241306 -6.236262
-18.011866 48.227333 -6.123721
-17.745964 48.242153 -6.087496
-17.923744 48.221764 -6.323463
-18.109604 48.210777 -6.239168
-18.021013 48.207260 -6.440799
-17.780474 48.229229 -6.286807
-17.893490 48.219383 -6.356515
-17.925449 48.237644 -5.898253
-17.802341 48.235558 -6.232511
-17.703136 48.243774 -6.154281
-17.797749 48.245804 -5.876397
-17.863768 48.239285 -6.046014
-18.178753 48.217930 -5.974654
-17.750494 48.249153 -5.977241
-17.816921 48.236149 -6.119086
-18.082479 48.221031 -6.196773
-17.610577 48.241474 -6.300618
-17.997601 48.230583 -5.929148
-17.913105 48.228485 -6.164152
-17.707996 48.237194 -6.370939
-17.618217 48.241512 -6.259099
-17.975307 48.219296 -6.405530
-17.713327 48.237511 -6.341239
-17.625275 48.240604 -6.219525
-17.673119 48.243538 -6.077036
-17.923058 48.232189 -6.107574
-17.842978 48.228249 -6.301239
-18.023111 48.222500 -6.219319
-17.850853 48.244202 -5.894426
-17.717878 48.240173 -6.270665
-17.813002 48.225838 -6.333331
-17.930161 48.215969 -6.410437
-17.639729 48.247768 -6.140196
-17.735538 48.252930 -5.872962
-17.738741 48.245529 -6.216113
-17.796825 48.248436 -6.033889
-18.082125 48.227161 -5.964476
-17.688622 48.254181 -5.968766
-17.752871 48.245216 -6.107790
-17.989563 48.229984 -6.177260
-17.744970 48.231567 -6.412568
-17.549236 48.245346 -6.282967
-17.914591 48.236378 -5.921913
-17.827387 48.231232 -6.147915
-17.559790 48.246292 -6.242254
-17.629690 48.235550 -6.346539
-17.565754 48.245483 -6.206526
-17.636976 48.236805 -6.317369
-17.614414 48.248459 -6.068430
-17.887714 48.226936 -6.378214
-17.842249 48.237785 -6.092651
-17.771244 48.237434 -6.280471
-17.923489 48.224640 -6.197065
-17.641354 48.238537 -6.250936
-17.782879 48.251499 -5.889349
-17.741198 48.233028 -6.312606
-17.580435 48.251621 -6.126254
-17.668762 48.255226 -5.870455
-18.069050 48.239285 -5.825117
-17.663897 48.244858 -6.197875
-17.847683 48.224438 -6.383514
-17.728506 48.253647 -6.022535
-17.624685 48.255272 -5.959825
-17.989235 48.233276 -5.955463
-17.683798 48.248436 -6.095243
-17.818987 48.258305 -5.715294
-17.897154 48.233936 -6.159090
-17.506245 48.258671 -6.271311
-17.672543 48.236691 -6.386529
-17.841812 48.243828 -5.915469
-17.521019 48.262470 -6.230676
-17.761000 48.240337 -6.133881
-17.572926 48.244244 -6.327976
-17.524439 48.259773 -6.196361
-17.574263 48.264759 -6.061657
-17.592718 48.253136 -6.303182
-17.896101 48.251396 -5.765308
-17.695419 48.263874 -5.667631
-17.797056 48.229668 -6.350179
-17.769747 48.245090 -6.077968
-17.695408 48.239746 -6.258749
-17.717714 48.256714 -5.885142
-17.585682 48.247250 -6.235806
-17.545294 48.269703 -6.116696
-17.627735 48.270599 -5.866582
-17.845573 48.234100 -6.179739
-17.670515 48.237167 -6.291258
-17.605263 48.251656 -6.181958
-17.760143 48.226055 -6.355364
-17.971521 48.242641 -5.821112
-17.656849 48.253975 -6.011423
-17.568817 48.259102 -5.952067
-17.910999 48.241875 -5.946396
-17.622522 48.254417 -6.084840
-17.746532 48.259823 -5.714322
-17.440731 48.253662 -6.252747
-17.813976 48.238571 -6.141454
-17.596680 48.237251 -6.379420
-17.451277 48.254608 -6.212032
-17.768925 48.248276 -5.909090
-17.600657 48.237816 -6.361811
-17.527559 48.256611 -6.313598
-17.461058 48.256748 -6.181466
-17.686127 48.242733 -6.119716
-17.501055 48.256153 -6.051410
-17.520061 48.248314 -6.280500
-17.636347 48.266930 -5.667307
-17.812500 48.252289 -5.763264
-17.727791 48.238747 -6.328053
-17.700743 48.250309 -6.065391
-17.647985 48.256187 -6.244703
-17.476372 48.261879 -6.102448
-17.645300 48.255165 -5.880116
-17.555285 48.264103 -5.864811
-17.537806 48.258720 -6.222820
-17.638966 48.269123 -5.625330
-17.770664 48.239449 -6.162362
-17.615227 48.248848 -6.275115
-17.556419 48.263157 -6.168695
-17.597414 48.257896 -6.001612
-17.695032 48.235989 -6.333357
-17.534039 48.276199 -5.944728
-17.889917 48.249424 -5.816344
-17.570549 48.263077 -6.074933
-17.828428 48.244621 -5.937318
-17.692652 48.269650 -5.711118
-17.400818 48.264874 -6.241002
-17.410362 48.264847 -6.200030
-17.546061 48.248741 -6.361495
-17.695930 48.249729 -5.902776
-17.461988 48.268402 -6.044037
-17.416368 48.265156 -6.171564
-17.553989 48.252186 -6.344925
-17.634808 48.254341 -6.107829
-17.742786 48.247822 -6.126058
-17.463701 48.255516 -6.293316
-17.585852 48.271667 -5.666264
-17.477613 48.261585 -6.266930
-17.741631 48.255722 -5.760616
-17.637777 48.255322 -6.053506
-17.650545 48.240067 -6.303894
-17.589333 48.260063 -5.876469
-17.433905 48.271198 -6.092113
-17.581652 48.271194 -5.629704
-17.517378 48.278362 -5.860830
-17.567705 48.249645 -6.223032
-17.472773 48.255733 -6.206425
-17.495335 48.263046 -6.153338
-17.700636 48.246643 -6.146322
-17.545322 48.247959 -6.254150
-17.552540 48.269321 -5.992609
-17.466585 48.267410 -5.936135
-17.622900 48.238136 -6.309592
-17.806902 48.251266 -5.812371
-17.651834 48.264835 -5.638228
-17.509054 48.263062 -6.064659
-17.754856 48.249077 -5.929716
-17.633856 48.272678 -5.709843
-17.348703 48.265472 -6.227139
-17.360199 48.266384 -6.186697
-17.367887 48.267658 -6.159722
-17.534054 48.274467 -5.665951
-17.480139 48.247662 -6.337514
-17.634472 48.254780 -5.896524
-17.411213 48.272057 -6.036706
-17.484837 48.249222 -6.321120
-17.415272 48.262974 -6.278220
-17.569855 48.257416 -6.095440
-17.668455 48.250164 -6.109984
-17.413603 48.256496 -6.246731
-17.465538 48.248615 -6.363489
-17.677145 48.260929 -5.757659
-17.574739 48.258335 -6.041666
-17.382189 48.271816 -6.080446
-17.551771 48.276295 -5.871490
-17.527802 48.274120 -5.632963
-17.449249 48.269695 -5.858285
-17.590889 48.248844 -6.284524
-17.531233 48.268734 -6.210994
-17.425749 48.264175 -6.193781
-17.445040 48.268604 -6.140890
-17.428398 48.277630 -5.929079
-17.632383 48.249786 -6.130917
-17.496723 48.258434 -6.239958
-17.488735 48.266388 -5.982808
-17.562210 48.244946 -6.289989
-17.600904 48.272625 -5.639056
-17.688528 48.265797 -5.655680
-17.738922 48.258560 -5.807319
-17.456938 48.267727 -6.054840
-17.582787 48.280422 -5.707512
-17.689861 48.255219 -5.921391
-17.302696 48.267868 -6.213929
-17.318178 48.272659 -6.174507
-17.502510 48.290489 -5.661656
-17.319101 48.269188 -6.148866
-17.361559 48.272663 -6.028752
-17.495993 48.241936 -6.387713
-17.435972 48.258972 -6.322482
-17.588842 48.268272 -5.890371
-17.367002 48.267403 -6.262225
-17.442936 48.262444 -6.305636
-17.518118 48.265053 -6.084604
-17.497234 48.245827 -6.383786
-17.375957 48.269619 -6.234542
-17.479637 48.243118 -6.423585
-17.605116 48.256153 -6.095894
-17.619244 48.265881 -5.753469
-17.494442 48.289253 -5.631300
-17.333357 48.272343 -6.069609
-17.408970 48.279045 -5.854823
-17.484024 48.270599 -5.867932
-17.529217 48.270760 -6.031416
-17.380533 48.269562 -6.181750
-17.525209 48.250809 -6.263650
-17.456644 48.260017 -6.191022
-17.376158 48.275345 -5.922556
-17.395903 48.272110 -6.127798
-17.442719 48.272846 -5.973638
-17.436192 48.258274 -6.222693
-17.580378 48.261398 -6.117806
-17.551861 48.279354 -5.640457
-17.625759 48.269012 -5.657439
-17.407665 48.271301 -6.045870
-17.519182 48.261219 -6.275133
-17.721947 48.266941 -5.677380
-17.523849 48.279453 -5.706326
-17.664379 48.259090 -5.802690
-17.624523 48.259384 -5.914072
-17.256617 48.268265 -6.200762
-17.438044 48.280777 -5.664356
-17.270136 48.272110 -6.160808
-17.272470 48.269634 -6.137621
-17.316820 48.276115 -6.022118
-17.524666 48.266438 -5.885643
-17.457361 48.258041 -6.372037
-17.378458 48.258652 -6.301923
-17.317390 48.268890 -6.246981
-17.457134 48.263985 -6.072441
-17.324347 48.269169 -6.218787
-17.380470 48.258270 -6.283782
-17.451731 48.258141 -6.366268
-17.549572 48.264904 -6.083946
-17.295620 48.279514 -6.060699
-17.566530 48.273655 -5.749636
-17.431190 48.282555 -5.637377
-17.358866 48.278744 -5.851973
-17.444361 48.281895 -5.862511
-17.466959 48.268749 -6.019959
-17.331366 48.272072 -6.168684
-17.333599 48.278709 -5.915508
-17.406897 48.265522 -6.176661
-17.349686 48.276524 -6.115515
-17.485786 48.267986 -6.250837
-17.394438 48.277390 -5.964923
-17.385683 48.261787 -6.207137
-17.514860 48.260452 -6.103314
-17.507549 48.287888 -5.640037
-17.572800 48.273865 -5.657788
-17.360315 48.274818 -6.037453
-17.485855 48.291710 -5.702393
-17.450361 48.256275 -6.253582
-17.654301 48.268311 -5.677815
-17.605595 48.266068 -5.798196
-17.580400 48.272797 -5.906278
-17.400555 48.288033 -5.661758
-17.220165 48.276386 -6.191152
-17.230650 48.276321 -6.150451
-17.233437 48.274864 -6.129443
-17.270287 48.275604 -6.014054
-17.270620 48.269291 -6.232584
-17.479853 48.275906 -5.879853
-17.330425 48.262054 -6.284997
-17.388916 48.251999 -6.345427
-17.410437 48.270447 -6.062045
-17.280605 48.273476 -6.205135
-17.336155 48.265579 -6.268838
-17.388161 48.253952 -6.340990
-17.373074 48.252136 -6.379397
-17.252859 48.280842 -6.050536
-17.391924 48.289913 -5.637391
-17.314907 48.281239 -5.849756
-17.506947 48.273689 -5.747205
-17.485975 48.263901 -6.070005
-17.391335 48.280682 -5.858863
-17.292004 48.282047 -5.908738
-17.283087 48.272549 -6.155936
-17.417030 48.273323 -6.009740
-17.302395 48.277969 -6.103017
-17.358032 48.269005 -6.162616
-17.348999 48.280846 -5.957054
-17.418924 48.263981 -6.229815
-17.337784 48.265240 -6.193367
-17.450369 48.285934 -5.643547
-17.462360 48.266094 -6.091291
-17.531370 48.286255 -5.654953
-17.316154 48.279221 -6.028879
-17.422243 48.282921 -5.702197
-17.598766 48.274220 -5.676361
-17.401197 48.262733 -6.237283
-17.357536 48.290493 -5.659809
-17.510311 48.267139 -5.899991
-17.181915 48.280540 -6.180109
-17.547972 48.270992 -5.793056
-17.192396 48.280476 -6.139407
-17.235880 48.283710 -6.008149
-17.196632 48.281010 -6.120832
-17.421988 48.273842 -5.874853
-17.228804 48.273540 -6.219481
-17.282356 48.264462 -6.268091
-17.238022 48.275726 -6.190835
-17.358446 48.271088 -6.051355
-17.287048 48.266014 -6.251696
-17.349176 48.264137 -6.329558
-17.213018 48.283073 -6.041177
-17.274412 48.284588 -5.846419
-17.342054 48.288704 -5.640881
-17.342463 48.280327 -5.855332
-17.344467 48.263210 -6.324083
-17.458279 48.279320 -5.743552
-17.253290 48.285294 -5.902792
-17.437429 48.272415 -6.059020
-17.240644 48.274845 -6.144794
-17.370983 48.278778 -6.000598
-17.254728 48.276440 -6.091545
-17.309101 48.270481 -6.148615
-17.305723 48.283211 -5.948796
-17.291775 48.267628 -6.180172
-17.413679 48.296181 -5.642129
-17.370417 48.269432 -6.214776
-17.271889 48.280621 -6.020370
-17.412062 48.271645 -6.078859
-17.469009 48.281475 -5.658120
-17.382839 48.290230 -5.699055
-17.555075 48.284698 -5.673984
-17.314140 48.289978 -5.658886
-17.353960 48.269123 -6.221538
-17.145319 48.284660 -6.170582
-17.464815 48.276611 -5.892970
-17.158100 48.287506 -6.129407
-17.194229 48.285046 -6.001425
-17.163023 48.288036 -6.112070
-17.502228 48.281483 -5.786973
-17.378992 48.280251 -5.869678
-17.189909 48.278694 -6.207190
-17.197090 48.277943 -6.178051
-17.239130 48.267715 -6.252543
-17.314564 48.275459 -6.041828
-17.178129 48.289154 -6.033120
-17.237148 48.289825 -5.842911
-17.303682 48.294033 -5.641215
-17.243587 48.270294 -6.237090
-17.301731 48.268486 -6.310697
-17.219074 48.291367 -5.895967
-17.299089 48.283764 -5.851178
-17.408236 48.281010 -5.740674
-17.293070 48.264675 -6.304184
-17.203194 48.281990 -6.134935
-17.383827 48.274082 -6.046809
-17.221457 48.285439 -6.081781
-17.321909 48.280323 -5.990718
-17.264442 48.287518 -5.941052
-17.268040 48.276718 -6.136715
-17.358862 48.291115 -5.644335
-17.249992 48.272869 -6.167057
-17.320148 48.271915 -6.198290
-17.434893 48.294609 -5.655272
-17.231579 48.284901 -6.012903
-17.337872 48.291748 -5.696586
-17.359386 48.272285 -6.066945
-17.278507 48.295174 -5.656886
-17.492332 48.280895 -5.674942
-17.528214 48.279453 -5.547897
-17.302622 48.268639 -6.204838
-17.120428 48.288658 -6.119668
-17.162708 48.293060 -5.996354
-17.411720 48.277344 -5.886135
-17.125078 48.289215 -6.103292
-17.440622 48.278576 -5.784066
-17.152897 48.282791 -6.195470
-17.329744 48.280869 -5.863940
-17.141136 48.290298 -6.024615
-17.199549 48.272873 -6.239020
-17.161875 48.286003 -6.167764
-17.272640 48.280769 -6.032834
-17.199850 48.294060 -5.839427
-17.260744 48.294540 -5.642477
-17.202280 48.273487 -6.222095
-17.263128 48.290939 -5.846947
-17.180330 48.293613 -5.890050
-17.256168 48.271774 -6.292408
-17.363922 48.285473 -5.736226
-17.248196 48.267963 -6.287133
-17.165632 48.286137 -6.125139
-17.449713 48.297409 -5.500248
-17.181931 48.288643 -6.071454
-17.335104 48.277599 -6.035936
-17.225010 48.289768 -5.933901
-17.275721 48.281780 -5.981668
-17.224911 48.279015 -6.124350
-17.314997 48.292652 -5.645305
-17.209858 48.278076 -6.155457
-17.237997 48.294575 -5.656796
-17.371359 48.283863 -5.658294
-17.298361 48.296062 -5.693512
-17.194458 48.290066 -6.005283
-17.276482 48.278214 -6.184612
-17.315849 48.278625 -6.056424
-17.450804 48.290287 -5.672180
-17.478441 48.285179 -5.548101
-17.258154 48.271946 -6.189984
-17.089012 48.295601 -6.110500
-17.120949 48.291401 -5.989697
-17.091124 48.294266 -6.095538
-17.364775 48.280872 -5.879930
-17.369223 48.305531 -5.458559
-17.290829 48.286133 -5.858929
-17.393505 48.285122 -5.778761
-17.116846 48.286861 -6.184029
-17.107136 48.294350 -6.016879
-17.126818 48.291039 -6.156577
-17.229607 48.282116 -6.023649
-17.232670 48.307468 -5.640325
-17.163919 48.280910 -6.226540
-17.148998 48.299599 -5.884058
-17.223871 48.294235 -5.842938
-17.163618 48.277618 -6.208870
-17.212217 48.274033 -6.275655
-17.128956 48.288258 -6.115660
-17.320265 48.288929 -5.733040
-17.210192 48.275040 -6.271927
-17.396641 48.295307 -5.503911
-17.144289 48.290791 -6.061699
-17.189800 48.294872 -5.926831
-17.234640 48.284065 -5.973011
-17.290531 48.281975 -6.025182
-17.274633 48.296043 -5.645139
-17.182705 48.280285 -6.112283
-17.333603 48.291142 -5.656675
-17.172606 48.283199 -6.144685
-17.156954 48.292259 -5.998689
-17.256241 48.296490 -5.691896
-17.229982 48.278580 -6.169272
-17.270245 48.281033 -6.045438
-17.398218 48.290085 -5.670728
-17.441160 48.298420 -5.545396
-17.319651 48.301338 -5.464323
-17.219599 48.279072 -6.176702
-17.322289 48.286232 -5.872864
-17.249958 48.290459 -5.853393
-17.344973 48.286732 -5.774248
-17.090689 48.293106 -6.145178
-17.192795 48.288254 -6.015054
-17.127180 48.284985 -6.213867
-17.186806 48.297447 -5.838520
-17.132938 48.289505 -6.197686
-17.173180 48.279140 -6.260218
-17.094313 48.293316 -6.106676
-17.280067 48.293251 -5.728738
-17.355064 48.299747 -5.504413
-17.111597 48.296787 -6.053242
-17.150604 48.296097 -5.918746
-17.171919 48.282143 -6.257687
-17.195557 48.288288 -5.964869
-17.219990 48.284012 -5.649697
-17.144686 48.283409 -6.100317
-17.244654 48.284405 -6.015162
-17.288977 48.290684 -5.656458
-17.231558 48.312233 -5.685428
-17.137581 48.289230 -6.133483
-17.122755 48.298336 -5.991881
-17.356237 48.294510 -5.669037
-17.191078 48.283733 -6.156994
-17.230747 48.285236 -6.035100
-17.181694 48.285194 -6.164679
-17.280455 48.290588 -5.867058
-17.379646 48.290607 -5.548919
-17.214197 48.295612 -5.848251
-17.057516 48.297085 -6.134567
-17.156870 48.292362 -6.006776
-17.299669 48.290222 -5.769561
-17.093435 48.291965 -6.201963
-17.093132 48.288666 -6.184293
-17.135065 48.283218 -6.245079
-17.238569 48.295624 -5.725168
-17.304083 48.294563 -5.507733
-17.161621 48.294334 -5.957100
-17.134802 48.287193 -6.242803
-17.113300 48.291348 -6.091138
-17.247618 48.293106 -5.656048
-17.204924 48.289631 -6.005769
-17.100256 48.292355 -6.122759
-17.310997 48.296051 -5.667551
-17.190943 48.288464 -6.025748
-17.153137 48.288857 -6.144995
-17.229559 48.292591 -5.473250
-17.240816 48.294857 -5.860843
-17.138041 48.284473 -6.150192
-17.341263 48.299881 -5.546030
-17.121981 48.298443 -5.998739
-17.257828 48.294575 -5.763758
-17.060268 48.293621 -6.172706
-17.177498 48.276756 -5.726034
-17.096603 48.285328 -6.230946
-17.097376 48.291267 -6.228905
-17.209648 48.294392 -5.654561
-17.078926 48.296379 -6.081200
-17.213251 48.293358 -5.428018
-17.169378 48.296707 -5.996476
-17.266645 48.295567 -5.666383
-17.209274 48.309155 -5.465938
-17.154402 48.294575 -6.016202
-17.111170 48.289101 -6.132002
-17.198839 48.295219 -5.855125
-17.104975 48.291447 -6.139529
-17.292860 48.297585 -5.547925
-17.208773 48.289215 -5.760362
-17.318419 48.302929 -5.446863
-17.202059 48.278252 -5.517670
-17.060373 48.288345 -6.216383
-17.062868 48.296249 -6.215813
-17.129499 48.297939 -5.987171
-17.218653 48.289227 -5.666441
-17.116716 48.295719 -6.006485
-17.079102 48.297043 -6.121597
-17.211266 48.284657 -5.445209
-17.071146 48.296425 -6.127673
-17.176977 48.291012 -5.512231
-17.199720 48.291824 -5.549688
-17.149532 48.281620 -5.553410
-18.589691 48.191097 -6.331692
-18.514284 48.202290 -6.293525
-18.501854 48.203732 -6.294323
-18.528282 48.206390 -6.281572
-18.477892 48.203320 -6.362299
-18.505957 48.205490 -6.357986
-18.456705 48.201569 -6.367805
-18.478020 48.201862 -6.244491
-18.435017 48.198792 -6.300093
-18.382704 48.211517 -6.268964
-18.383257 48.216621 -6.269843
-18.392269 48.199921 -6.358597
-18.392128 48.215237 -6.254193
-18.327923 48.206108 -6.328706
-18.358788 48.211456 -6.324738
-18.322449 48.209240 -6.335732
-18.434643 48.219116 -6.212704
-18.301958 48.206551 -6.396288
-18.343189 48.210007 -6.221443
-18.289867 48.206562 -6.407376
-18.319279 48.211662 -6.400115
-18.391109 48.211193 -6.126144
-18.302967 48.207821 -6.272411
-18.266266 48.206699 -6.467257
-18.310484 48.225300 -6.164170
-18.257345 48.218048 -6.244607
-18.274088 48.216911 -6.154096
-18.254997 48.221977 -6.245030
-18.266710 48.211113 -6.327891
-18.328815 48.215900 -6.067212
-18.258015 48.219242 -6.228414
-18.318077 48.226303 -6.119730
-18.328209 48.229218 -6.054295
-18.214685 48.217194 -6.303221
-18.231117 48.218624 -6.295881
-18.206533 48.218105 -6.308862
-18.301846 48.229328 -6.188904
-18.183609 48.215103 -6.365956
-18.224319 48.218033 -6.200191
-18.169777 48.213951 -6.375775
-18.273191 48.224358 -6.015379
-18.195147 48.220818 -6.367724
-18.264557 48.220993 -6.107526
-18.233639 48.227047 -5.972728
-18.185547 48.216766 -6.248323
-18.187706 48.229141 -6.143441
-18.147970 48.214920 -6.430852
-18.145634 48.224438 -6.223673
-18.166382 48.224819 -6.138878
-18.136536 48.217365 -6.449058
-18.140558 48.227146 -6.222657
-18.240198 48.239689 -5.977365
-18.208607 48.223293 -6.053886
-18.142384 48.217365 -6.297633
-18.150257 48.228817 -6.207013
-18.218084 48.239101 -6.040594
-18.198681 48.234467 -6.101431
-18.109293 48.225792 -6.280248
-18.107117 48.229004 -6.285816
-18.122082 48.227894 -6.270204
-18.127748 48.230438 -6.183674
-18.083727 48.225803 -6.339789
-18.178099 48.236061 -6.166857
-18.076799 48.228012 -6.349651
-18.167517 48.233665 -6.005537
-18.135489 48.236916 -5.966216
-18.081814 48.227661 -6.338355
-18.089369 48.237434 -6.126805
-18.090651 48.229046 -6.228042
-18.248186 48.238174 -5.831481
-18.243809 48.246441 -5.912656
-18.150078 48.229446 -6.090079
-18.235348 48.245583 -5.850225
-18.056171 48.236202 -6.207420
-18.042976 48.223087 -6.399838
-18.069441 48.234364 -6.125479
-18.135883 48.245014 -5.966930
-18.042789 48.234299 -6.203125
-18.033630 48.226601 -6.417346
-18.227499 48.251122 -5.793707
-18.109423 48.234768 -6.041020
-18.035416 48.224751 -6.272408
-18.061089 48.241489 -6.188737
-18.111111 48.245155 -6.027625
-18.014893 48.234978 -6.258165
-18.089273 48.240208 -6.085000
-18.010798 48.237076 -6.263448
-18.036160 48.241646 -6.250417
-18.028646 48.237621 -6.165939
-17.985027 48.232563 -6.314013
-18.070089 48.243721 -6.147536
-17.974215 48.233540 -6.323249
-18.070795 48.241497 -5.997337
-18.042406 48.244072 -5.960721
-18.006668 48.248653 -6.112783
-17.963249 48.241692 -6.189834
-17.990728 48.239880 -6.313666
-17.985107 48.233730 -6.207259
-18.138443 48.245628 -5.828126
-17.978727 48.241211 -6.112283
-18.132908 48.255310 -5.845000
-18.053255 48.239941 -6.075642
-18.126465 48.246014 -5.791445
-18.039434 48.250805 -5.957858
-18.129839 48.253426 -5.904515
-17.954685 48.242077 -6.186279
-17.950493 48.234051 -6.371913
-17.940437 48.235462 -6.388377
-18.126783 48.259056 -5.790901
-18.114792 48.249603 -5.757722
-18.006483 48.239056 -6.028844
-17.965385 48.246754 -6.169657
-18.018202 48.252934 -6.015018
-17.954531 48.239742 -6.252434
-17.929981 48.244835 -6.239753
-18.003395 48.252296 -6.071397
-17.922226 48.244656 -6.243481
-17.932272 48.243256 -6.227018
-17.935549 48.243156 -6.149337
-17.894020 48.239830 -6.290585
-17.974396 48.246281 -5.988321
-18.025070 48.254860 -5.733589
-17.888248 48.242050 -6.299633
-17.976612 48.253300 -6.131698
-17.952496 48.250355 -5.954808
-17.914309 48.252338 -6.098429
-18.032650 48.264275 -5.733472
-17.878195 48.247646 -6.173610
-17.896864 48.248577 -6.100620
-17.952995 48.257126 -5.949504
-17.900246 48.242588 -6.188902
-17.874498 48.249321 -6.170851
-18.023464 48.249969 -5.791471
-17.900652 48.248203 -6.290353
-18.040529 48.264568 -5.840550
-18.041954 48.254700 -5.823978
-17.958549 48.247551 -6.061711
-18.026909 48.259998 -5.897319
-17.857327 48.238960 -6.344149
-18.035318 48.266418 -5.787715
-18.023619 48.257206 -5.758642
-17.850172 48.241547 -6.361068
-17.921268 48.247337 -6.018584
-17.884163 48.254936 -6.154004
-17.934956 48.261333 -6.005099
-17.844563 48.248589 -6.220518
-17.865366 48.246174 -6.230385
-17.908890 48.255909 -6.057687
-17.837912 48.249424 -6.223377
-17.845764 48.248951 -6.207502
-17.847294 48.247025 -6.134681
-17.818476 48.250069 -6.270756
-17.887018 48.251545 -5.979855
-17.863995 48.251656 -5.948360
-17.933750 48.258556 -5.736699
-17.833925 48.256672 -6.085137
-17.808872 48.250057 -6.279234
-17.883558 48.257828 -6.115154
-17.944975 48.267963 -5.733158
-17.796066 48.250816 -6.159049
-17.814219 48.251888 -6.089011
-17.882488 48.267281 -5.941746
-17.793650 48.253460 -6.154439
-17.816393 48.247551 -6.171924
-17.936966 48.256622 -5.789196
-17.945597 48.257820 -5.821150
-17.941391 48.267464 -5.836228
-17.810776 48.252525 -6.267265
-17.865198 48.251175 -6.047193
-17.936653 48.262997 -5.759374
-17.946903 48.271954 -5.785155
-17.776550 48.245716 -6.320516
-17.938978 48.269344 -5.890604
-17.769567 48.248253 -6.336452
-17.833303 48.251446 -6.008040
-17.807095 48.262302 -6.138111
-17.845350 48.262280 -5.993396
-17.768650 48.255966 -6.203811
-17.779131 48.249821 -6.210004
-17.819405 48.257809 -6.044947
-17.762985 48.256855 -6.206842
-17.777702 48.255943 -6.122064
-17.773634 48.259556 -6.191313
-17.855572 48.262913 -5.740060
-17.795971 48.261116 -5.944123
-17.811571 48.258450 -5.972399
-17.734486 48.251785 -6.249842
-17.766300 48.265709 -6.072859
-17.877539 48.278580 -5.731004
-17.727953 48.252903 -6.257791
-17.732500 48.261040 -6.146413
-17.796402 48.266598 -5.933786
-17.743225 48.258888 -6.079285
-17.791637 48.259415 -6.098952
-17.723398 48.259277 -6.140831
-17.855387 48.263557 -5.787776
-17.746109 48.257317 -6.157113
-17.859396 48.273205 -5.831741
-17.849512 48.258884 -5.817453
-17.854656 48.268070 -5.761016
-17.736366 48.259819 -6.247778
-17.860607 48.274605 -5.783104
-17.789354 48.259838 -6.035522
-17.845381 48.270390 -5.884295
-17.702660 48.252869 -6.298077
-17.691963 48.254131 -6.312404
-17.732025 48.265831 -6.123762
-17.772266 48.268211 -5.984367
-17.764002 48.260605 -5.999528
-17.700663 48.262806 -6.188522
-17.711159 48.259609 -6.193566
-17.696100 48.264706 -6.190684
-17.752485 48.268944 -6.033714
-17.709953 48.264023 -6.110826
-17.701000 48.264061 -6.174299
-17.783709 48.269478 -5.741381
-17.727287 48.267475 -5.938898
-17.742025 48.265701 -5.965964
-17.667013 48.258484 -6.231601
-17.802067 48.281868 -5.730825
-17.690813 48.267376 -6.061573
-17.660313 48.262787 -6.133669
-17.657581 48.258427 -6.239095
-17.732069 48.275051 -5.926180
-17.675457 48.264015 -6.069195
-17.654232 48.263149 -6.127504
-17.720072 48.268215 -6.085994
-17.778826 48.268784 -5.787318
-17.670279 48.259739 -6.141666
-17.784122 48.274601 -5.760540
-17.783476 48.279247 -5.827292
-17.786362 48.279858 -5.781019
-17.783348 48.270462 -5.813447
-17.653629 48.259548 -6.226161
-17.710810 48.263325 -6.023615
-17.627813 48.256012 -6.276672
-17.765696 48.276154 -5.878183
-17.616409 48.255173 -6.289954
-17.658974 48.268471 -6.109810
-17.691015 48.264534 -5.990610
-17.706137 48.276501 -5.975438
-17.628006 48.264355 -6.172657
-17.623444 48.266254 -6.174819
-17.676012 48.270550 -6.022258
-17.631025 48.259602 -6.174427
-17.637762 48.265770 -6.098082
-17.720873 48.276516 -5.743250
-17.654799 48.267647 -5.934305
-17.628239 48.267609 -6.158325
-17.730753 48.284340 -5.730399
-17.665894 48.266548 -5.958669
-17.628309 48.272701 -6.050366
-17.599468 48.263233 -6.214454
-17.658010 48.274017 -5.919334
-17.602900 48.262901 -6.059567
-17.591019 48.263233 -6.222119
-17.794825 48.289696 -5.622507
-17.644926 48.269783 -6.072741
-17.707581 48.273209 -5.785798
-17.711426 48.278107 -5.761856
-17.722370 48.287548 -5.777574
-17.599363 48.262451 -6.127071
-17.709501 48.282455 -5.824333
-17.716177 48.279022 -5.810421
-17.593697 48.269753 -6.210102
-17.641068 48.268333 -6.013186
-17.695969 48.283451 -5.872734
-17.592752 48.272518 -6.096994
-17.638241 48.280674 -5.966387
-17.632826 48.275238 -5.981948
-17.564859 48.269527 -6.159313
-17.562439 48.271500 -6.160831
-17.649139 48.277126 -5.745885
-17.585770 48.277729 -6.088419
-17.591185 48.271294 -5.930096
-17.624674 48.285614 -6.013585
-17.569105 48.266743 -6.159176
-17.669640 48.290257 -5.728558
-17.566715 48.276131 -6.040424
-17.583275 48.283878 -6.147666
-17.613262 48.277695 -5.952995
-17.599731 48.279819 -5.912914
-17.538475 48.272564 -6.110838
-17.568037 48.283947 -6.053512
-17.535295 48.274101 -6.105130
-17.722832 48.295303 -5.624868
-17.642128 48.279694 -5.761825
-17.649410 48.286861 -5.775988
-17.638523 48.276707 -5.783690
-17.595798 48.286869 -6.062331
-17.560959 48.282169 -6.118423
-17.713837 48.293259 -5.577646
-17.639805 48.285797 -5.820088
-17.641371 48.279171 -5.807457
-17.578384 48.273705 -6.002964
-17.528164 48.273613 -6.193351
-17.504301 48.267910 -6.239223
-17.621626 48.284458 -5.866763
-17.570429 48.279892 -5.958595
-17.548702 48.286896 -6.087599
-17.567810 48.277630 -5.974503
-17.498474 48.270458 -6.254346
-17.585745 48.279064 -5.746876
-17.519632 48.276825 -6.076862
-17.553986 48.289364 -5.926817
-17.605486 48.291092 -5.728449
-17.674042 48.282852 -5.570129
-17.550472 48.281338 -6.002799
-17.526255 48.290833 -6.033678
-17.523430 48.280907 -6.147473
-17.548124 48.279133 -5.946589
-17.557182 48.293453 -5.906866
-17.507208 48.278152 -6.130521
-17.491951 48.274605 -6.043644
-17.483601 48.275970 -6.185424
-17.472647 48.273708 -6.190721
-17.591805 48.290195 -5.760653
-17.594442 48.295029 -5.773092
-17.596334 48.292534 -5.780654
-17.490400 48.277885 -6.104212
-17.655050 48.301483 -5.579158
-17.658136 48.303181 -5.625360
-17.591986 48.299232 -5.815157
-17.521833 48.284496 -6.049469
-17.632883 48.284641 -5.548597
-17.576538 48.283802 -5.804008
-17.527250 48.284767 -5.994511
-17.482538 48.286777 -6.181704
-17.527065 48.293419 -5.951394
-17.480869 48.283829 -6.074829
-17.572767 48.298832 -5.861608
-17.508764 48.282326 -5.966985
-17.452442 48.278687 -6.135119
-17.546160 48.295158 -5.746318
-17.446360 48.278381 -6.135083
-17.547476 48.294178 -5.727284
-17.479000 48.280365 -5.922209
-17.467894 48.283783 -6.067474
-17.612110 48.287994 -5.573264
-17.458231 48.284859 -6.023039
-17.498507 48.289341 -5.994340
-17.488293 48.287708 -5.901146
-17.499527 48.288509 -5.941707
-17.452229 48.276470 -6.131125
-17.452576 48.287365 -6.037178
-17.429350 48.281139 -6.091316
-17.454830 48.284962 -6.118996
-17.596138 48.289814 -5.529721
-17.426395 48.281635 -6.084678
-17.566618 48.288712 -5.518489
-17.526539 48.290016 -5.761414
-17.544685 48.304394 -5.769024
-17.527355 48.291073 -5.779805
-17.439762 48.285854 -6.093956
-17.587070 48.302368 -5.583460
-17.522421 48.296623 -5.812225
-17.586273 48.302834 -5.629036
-17.577736 48.292187 -5.552814
-17.469055 48.292397 -6.039856
-17.535675 48.299595 -5.799175
-17.584232 48.304871 -5.540162
-17.456978 48.280720 -5.984406
-17.464392 48.291885 -5.943524
-17.429405 48.288742 -6.064567
-17.414581 48.283421 -6.163844
-17.396109 48.278870 -6.207560
-17.454638 48.287308 -5.960319
-17.499660 48.294895 -5.856083
-17.479822 48.290012 -5.749150
-17.385687 48.278084 -6.221013
-17.436359 48.289089 -5.918403
-17.512466 48.311321 -5.723418
-17.414391 48.286629 -6.057965
-17.410477 48.291054 -6.014387
-17.555216 48.294380 -5.576211
-17.444960 48.297283 -5.895148
-17.437544 48.286121 -5.936031
-17.438974 48.290886 -5.984849
-17.393837 48.286060 -6.029989
-17.409603 48.288811 -6.120044
-17.540918 48.295406 -5.535031
-17.403656 48.290783 -6.106712
-17.517254 48.295654 -5.524765
-17.480423 48.298702 -5.760050
-17.483873 48.304306 -5.767514
-17.472414 48.295284 -5.778113
-17.384514 48.287537 -6.083179
-17.540625 48.314102 -5.582915
-17.530996 48.303017 -5.554292
-17.467773 48.301743 -5.808511
-17.524784 48.305882 -5.630313
-17.406897 48.290718 -6.029036
-17.464174 48.292915 -5.797107
-17.534697 48.312527 -5.541294
-17.417223 48.299225 -5.936956
-17.411846 48.290127 -5.977085
-17.379957 48.292774 -6.054700
-17.370142 48.292645 -6.152587
-17.437592 48.299931 -5.748412
-17.400785 48.290241 -5.952778
-17.442675 48.299904 -5.724915
-17.454079 48.306396 -5.850620
-17.382092 48.290165 -5.913924
-17.363636 48.295353 -6.006999
-17.365700 48.291763 -6.049199
-17.393766 48.299488 -5.890141
-17.501499 48.299892 -5.578740
-17.384380 48.288208 -5.930683
-17.388195 48.294949 -5.976781
-17.347929 48.291412 -6.022717
-17.500032 48.307583 -5.537476
-17.353765 48.289341 -6.107184
-17.348629 48.291420 -6.095006
-17.479336 48.310955 -5.526572
-17.423372 48.298893 -5.760205
-17.435131 48.309776 -5.764821
-17.479321 48.310680 -5.503208
-17.423498 48.300800 -5.776403
-17.332439 48.288349 -6.071983
-17.478996 48.313244 -5.586380
-17.465879 48.299168 -5.561346
-17.417233 48.307049 -5.804493
-17.486021 48.319283 -5.543635
-17.480597 48.318638 -5.628088
-17.418400 48.301510 -5.793776
-17.359259 48.297863 -6.019347
-17.364336 48.299267 -5.930734
-17.332422 48.297916 -6.045120
-17.358215 48.292019 -5.968616
-17.382439 48.298286 -5.750001
-17.404844 48.310917 -5.721851
-17.317375 48.294304 -6.139199
-17.350920 48.292412 -5.945973
-17.339426 48.295937 -5.911267
-17.397785 48.308353 -5.845747
-17.309227 48.293186 -5.998579
-17.316992 48.293941 -6.041580
-17.343605 48.300751 -5.885359
-17.340092 48.293770 -5.925719
-17.456949 48.309788 -5.579630
-17.302879 48.295868 -6.016654
-17.343216 48.301361 -5.969625
-17.435829 48.301838 -5.545793
-17.301371 48.294521 -6.084551
-17.301807 48.291103 -6.094950
-17.411867 48.301178 -5.537550
-17.449160 48.326160 -5.501286
-17.374386 48.302452 -5.759589
-17.378580 48.306877 -5.763173
-17.368759 48.301010 -5.774931
-17.422192 48.308167 -5.563445
-17.288788 48.294724 -6.063029
-17.424444 48.315701 -5.588905
-17.360800 48.305099 -5.801807
-17.427273 48.316647 -5.548705
-17.362795 48.302620 -5.791095
-17.411985 48.312462 -5.632605
-17.316557 48.302505 -5.923232
-17.303984 48.296589 -6.009718
-17.287771 48.301281 -6.037144
-17.357117 48.312492 -5.720531
-17.337336 48.303078 -5.750011
-17.315323 48.299500 -5.960762
-17.292217 48.297371 -5.906996
-17.302794 48.295738 -5.940439
-17.271393 48.298370 -6.126893
-17.275040 48.304188 -5.992091
-17.300577 48.304329 -5.879691
-17.271355 48.297249 -6.033434
-17.343510 48.309429 -5.841269
-17.258917 48.298386 -6.010870
-17.296785 48.299385 -5.920925
-17.396284 48.306030 -5.584414
-17.392073 48.308884 -5.548986
-17.285955 48.297020 -5.960804
-17.252296 48.294502 -6.073921
-17.371010 48.309395 -5.541198
-17.380861 48.313324 -5.512259
-17.256636 48.295273 -6.083798
-17.325499 48.304012 -5.759083
-17.333010 48.311470 -5.760061
-17.319059 48.302467 -5.773272
-17.368658 48.306725 -5.567342
-17.374054 48.317341 -5.591180
-17.236742 48.291580 -6.053037
-17.380890 48.320473 -5.550567
-17.314417 48.309593 -5.797542
-17.270676 48.303905 -5.917163
-17.312288 48.315239 -5.719667
-17.314373 48.305038 -5.787583
-17.241425 48.302486 -6.027954
-17.290297 48.303799 -5.750884
-17.261141 48.303066 -6.001919
-17.371954 48.324402 -5.630131
-17.266661 48.300678 -5.953199
-17.248667 48.301079 -5.904280
-17.259710 48.300312 -5.934717
-17.227571 48.301426 -5.984917
-17.258410 48.307007 -5.875232
-17.222609 48.299259 -6.114241
-17.226803 48.298615 -6.025568
-17.217043 48.301968 -6.004389
-17.253580 48.303005 -5.916242
-17.336033 48.304512 -5.556643
-17.353041 48.312939 -5.584655
-17.292356 48.310627 -5.836318
-17.247757 48.305832 -5.954730
-17.346842 48.323620 -5.510915
-17.317873 48.306198 -5.549311
-17.210888 48.298950 -6.064434
-17.283691 48.308884 -5.757637
-17.214241 48.299660 -6.074141
-17.289457 48.315182 -5.757345
-17.279289 48.309410 -5.771072
-17.321978 48.309643 -5.571228
-17.334557 48.323299 -5.552485
-17.201790 48.301472 -6.045450
-17.325922 48.320004 -5.591775
-17.271969 48.314312 -5.793958
-17.263660 48.311802 -5.719435
-17.368517 48.314678 -5.400301
-17.226709 48.306419 -5.911381
-17.251215 48.309891 -5.750877
-17.201811 48.307095 -6.019791
-17.271925 48.309761 -5.783999
-17.212248 48.307102 -5.900678
-17.318882 48.323822 -5.631023
-17.215670 48.306328 -5.992793
-17.217222 48.309742 -5.870945
-17.193310 48.310471 -5.979526
-17.218765 48.304955 -5.928354
-17.223692 48.306198 -5.946441
-17.192490 48.308655 -6.020123
-17.186844 48.309048 -6.105505
-17.177999 48.304771 -5.999460
-17.212341 48.306736 -5.911902
-17.299696 48.314777 -5.556931
-17.304668 48.313694 -5.587330
-17.247992 48.314232 -5.832453
-17.300200 48.322586 -5.516007
-17.271175 48.306160 -5.554349
-17.203028 48.307243 -5.947853
-17.169527 48.302391 -6.055007
-17.241816 48.311802 -5.757288
-17.247873 48.319008 -5.754975
-17.174921 48.305172 -6.063961
-17.236719 48.313175 -5.768533
-17.275576 48.310513 -5.574246
-17.286289 48.322056 -5.555273
-17.164093 48.307194 -6.037580
-17.278708 48.320770 -5.593640
-17.227070 48.317871 -5.716824
-17.226549 48.315907 -5.791019
-17.192553 48.313465 -5.906103
-17.203451 48.305553 -5.751862
-17.164925 48.312916 -6.013075
-17.175655 48.313168 -5.898067
-17.230461 48.314537 -5.780593
-17.180098 48.313660 -5.866304
-17.150829 48.309952 -5.972116
-17.271908 48.326492 -5.630814
-17.175070 48.310871 -5.984467
-17.181480 48.311867 -5.923550
-17.183905 48.310848 -5.939269
-17.142910 48.310757 -5.994066
-17.150942 48.309189 -6.012828
-17.143965 48.310280 -6.093880
-17.173073 48.310581 -5.907905
-17.253986 48.314793 -5.562141
-17.259544 48.315529 -5.588496
-17.234585 48.311562 -5.557865
-17.301739 48.311680 -5.369442
-17.164278 48.310951 -5.940905
-17.198963 48.312546 -5.828013
-17.134678 48.310280 -6.047536
-17.190163 48.306232 -5.757647
-17.202438 48.317646 -5.753183
-17.132679 48.306553 -6.054474
-17.186279 48.306618 -5.768132
-17.249178 48.328259 -5.555613
-17.177492 48.310421 -5.717631
-17.126444 48.311909 -6.029763
-17.181461 48.314453 -5.787260
-17.151590 48.315151 -5.900892
-17.128141 48.316738 -6.006466
-17.182177 48.311001 -5.778401
-17.114912 48.312881 -5.966716
-17.139112 48.317749 -5.977865
-17.229923 48.331406 -5.630359
-17.113173 48.312954 -6.006051
-17.193304 48.298225 -5.571579
-17.107420 48.316006 -6.085196
-17.201313 48.302887 -5.594120
-17.211321 48.330391 -5.555995
-17.158825 48.317284 -5.822809
-17.202984 48.325130 -5.558849
-17.169010 48.316544 -5.634598
-17.155016 48.301464 -5.573880
-17.156559 48.317120 -5.565304
-17.159243 48.302895 -5.595905
-17.134657 48.298145 -5.586731
-17.131569 48.304859 -5.602148
-17.128004 48.313107 -5.572696
-17.127411 48.312248 -5.593980
-18.473108 48.191414 -6.266725
-18.422443 48.186424 -6.339449
-18.444159 48.189240 -6.294322
-18.464605 48.192089 -6.232722
-18.399900 48.187466 -6.363950
-18.400919 48.185349 -6.287022
-18.422438 48.204330 -6.206619
-18.334557 48.198154 -6.241478
-18.363806 48.197788 -6.111453
-18.308727 48.196133 -6.268592
-18.326584 48.198029 -6.210650
-18.295326 48.197662 -6.310904
-18.266472 48.194160 -6.332481
-18.274223 48.194828 -6.262689
-18.318380 48.210522 -6.116255
-18.283716 48.208160 -6.183504
-18.304480 48.203495 -6.057279
-18.218739 48.207359 -6.219038
-18.236734 48.204739 -6.096309
-18.192909 48.205338 -6.246153
-18.201466 48.202824 -6.190859
-18.180017 48.206734 -6.285511
-18.156025 48.204559 -6.307871
-18.285950 48.220032 -5.974129
-18.159447 48.203102 -6.240470
-18.304649 48.224667 -5.910119
-18.205704 48.219212 -6.099461
-18.185869 48.209171 -6.046701
-18.166689 48.215393 -6.162974
-18.232914 48.219906 -5.861369
-18.114672 48.215401 -6.199698
-18.141249 48.217697 -6.084332
-18.092888 48.214596 -6.226443
-18.112335 48.217041 -6.176877
-18.212257 48.219883 -5.827330
-18.082357 48.217991 -6.263074
-18.058361 48.215813 -6.285434
-18.184168 48.230736 -5.964210
-18.063242 48.214622 -6.221322
-18.192413 48.230938 -5.903666
-18.100899 48.225479 -6.085148
-18.093109 48.220421 -6.037299
-18.070259 48.225006 -6.145899
-18.131037 48.228985 -5.858612
-18.020437 48.224102 -6.182025
-17.997728 48.222229 -6.208656
-18.013943 48.223572 -6.160612
-18.042114 48.225403 -6.071949
-18.115942 48.229450 -5.827543
-17.992508 48.227821 -6.243062
-17.964865 48.223339 -6.263876
-18.082554 48.238441 -5.954446
-18.095381 48.239063 -5.896706
-17.973864 48.224648 -6.204429
-18.006102 48.232357 -6.071521
-18.003416 48.229870 -6.028504
-17.982620 48.236210 -6.130273
-18.034304 48.237350 -5.855759
-17.933207 48.231262 -6.165631
-17.913559 48.230541 -6.191725
-17.925386 48.230755 -6.146019
-17.944199 48.229176 -6.059952
-18.026913 48.238384 -5.827013
-17.899017 48.232391 -6.222652
-17.884853 48.233822 -6.245537
-18.004538 48.245537 -5.889876
-17.986959 48.244545 -5.945796
-17.886862 48.230766 -6.187104
-17.925188 48.241112 -6.059196
-17.914999 48.234383 -6.020147
-17.894119 48.242393 -6.115735
-17.940815 48.240913 -5.853678
-17.849966 48.237686 -6.149960
-17.835968 48.232918 -6.132513
-17.832287 48.237095 -6.176388
-17.933083 48.242035 -5.826901
-17.864908 48.238144 -6.049931
-17.817101 48.238789 -6.205179
-17.916651 48.249252 -5.884694
-17.803104 48.240177 -6.227080
-17.908253 48.254669 -5.937857
-17.801939 48.235016 -6.170222
-17.844387 48.247864 -6.046980
-17.966349 48.265198 -5.699594
-17.829588 48.238098 -6.012346
-17.814642 48.249123 -6.101717
-17.858370 48.247108 -5.851361
-17.774424 48.244678 -6.136611
-17.857357 48.248734 -5.826738
-17.768009 48.242477 -6.121378
-17.755066 48.241913 -6.161829
-17.788683 48.245316 -6.040520
-17.745070 48.247799 -6.188287
-17.845873 48.258904 -5.878147
-17.827700 48.259712 -5.930839
-17.728302 48.245991 -6.209847
-17.741030 48.247944 -6.158127
-17.773422 48.255276 -6.036437
-17.761930 48.247898 -6.005316
-17.880386 48.269379 -5.700821
-17.741125 48.255245 -6.088758
-17.884779 48.272888 -5.649625
-17.787027 48.254940 -5.848860
-17.698362 48.246563 -6.122380
-17.784748 48.255585 -5.826093
-17.694439 48.246643 -6.109510
-17.684729 48.247189 -6.148439
-17.722347 48.255093 -6.031689
-17.774990 48.264648 -5.873785
-17.676811 48.254162 -6.174194
-17.754374 48.265121 -5.923022
-17.657551 48.250072 -6.193392
-17.661087 48.248566 -6.143282
-17.699631 48.257534 -6.026646
-17.692429 48.252617 -5.999207
-17.807606 48.276276 -5.701160
-17.802816 48.273376 -5.652721
-17.664949 48.256176 -6.075566
-17.720770 48.263050 -5.846211
-17.637686 48.255493 -6.110502
-17.715208 48.260632 -5.826057
-17.619370 48.251797 -6.135941
-17.628679 48.252335 -6.098927
-17.773045 48.266296 -5.609291
-17.648613 48.256351 -6.021952
-17.702482 48.267216 -5.868267
-17.606930 48.257351 -6.158945
-17.680990 48.268578 -5.916299
-17.603300 48.258690 -6.131852
-17.634743 48.262337 -6.017268
-17.626106 48.256485 -5.992669
-17.739912 48.283455 -5.701352
-17.741030 48.280952 -5.653915
-17.724655 48.265751 -5.594867
-17.617519 48.272064 -6.066690
-17.650702 48.265945 -5.844148
-17.573256 48.258209 -6.099263
-17.644857 48.262615 -5.826016
-17.557774 48.256706 -6.125095
-17.570730 48.259552 -6.089627
-17.706757 48.271786 -5.613863
-17.636862 48.270241 -5.863918
-17.600729 48.271374 -6.016084
-17.543993 48.259998 -6.144920
-17.614725 48.271450 -5.909815
-17.533119 48.261536 -6.166338
-17.552170 48.270317 -6.122523
-17.569048 48.264076 -6.007884
-17.577248 48.268486 -5.987779
-17.661474 48.280052 -5.703197
-17.670227 48.282070 -5.656882
-17.662130 48.271545 -5.601092
-17.544527 48.269192 -6.054216
-17.597454 48.276817 -5.841597
-17.530804 48.273422 -6.091277
-17.584679 48.268124 -5.824533
-17.534878 48.277267 -6.083688
-17.643417 48.277470 -5.618936
-17.531162 48.268894 -6.007232
-17.575285 48.274483 -5.859201
-17.505466 48.278427 -6.136457
-17.567944 48.284542 -5.904222
-17.487160 48.268925 -6.110349
-17.533365 48.281750 -6.000961
-17.504566 48.262901 -5.980556
-17.601122 48.285603 -5.702699
-17.607748 48.284580 -5.658179
-17.600647 48.276405 -5.607538
-17.503054 48.284473 -6.046398
-17.464928 48.269966 -6.079043
-17.530569 48.275913 -5.840251
-17.547049 48.284996 -5.823403
-17.460211 48.269268 -6.071149
-17.449444 48.268463 -6.104876
-17.576263 48.277939 -5.624594
-17.536427 48.290054 -5.853854
-17.477032 48.275417 -5.999640
-17.434202 48.271492 -6.121413
-17.500000 48.282284 -5.897674
-17.424543 48.272053 -6.142067
-17.462988 48.276211 -5.992104
-17.433599 48.274311 -6.099857
-17.464609 48.277447 -5.976079
-17.560768 48.301239 -5.700138
-17.566359 48.298199 -5.656543
-17.544422 48.281506 -5.612852
-17.435156 48.278931 -6.034922
-17.422709 48.281185 -6.071273
-17.472425 48.275658 -5.823120
-17.482527 48.285069 -5.837660
-17.418806 48.280594 -6.064531
-17.534363 48.291687 -5.625912
-17.471045 48.286125 -5.850868
-17.422907 48.278984 -5.993195
-17.389488 48.280426 -6.111281
-17.447613 48.287025 -5.892493
-17.420658 48.286472 -5.985373
-17.384956 48.280029 -6.090202
-17.408525 48.277927 -5.970445
-17.505098 48.296776 -5.658224
-17.488634 48.294186 -5.702217
-17.503563 48.294319 -5.614390
-17.390162 48.286953 -6.026813
-17.370197 48.282684 -6.062150
-17.434044 48.288467 -5.822039
-17.425930 48.285683 -5.834979
-17.365200 48.281075 -6.056278
-17.426474 48.292397 -5.846972
-17.472586 48.290394 -5.630546
-17.370979 48.281639 -5.986153
-17.343906 48.287292 -6.101090
-17.400257 48.293053 -5.887111
-17.367867 48.287064 -5.978272
-17.364876 48.285259 -5.966661
-17.331629 48.281418 -6.079927
-17.461803 48.306309 -5.657454
-17.447529 48.305759 -5.699705
-17.436543 48.286877 -5.622448
-17.340540 48.289650 -6.018137
-17.378210 48.287235 -5.821602
-17.327227 48.289837 -6.054429
-17.375118 48.288689 -5.833194
-17.320150 48.287140 -6.049262
-17.375248 48.294205 -5.842120
-17.430859 48.301144 -5.632025
-17.322754 48.285595 -5.980711
-17.290003 48.284576 -6.089878
-17.350939 48.295990 -5.882540
-17.322937 48.291134 -5.971363
-17.313940 48.285027 -5.960933
-17.403669 48.302082 -5.659797
-17.284035 48.283249 -6.071640
-17.390598 48.303509 -5.700139
-17.396780 48.297760 -5.624261
-17.290976 48.291348 -6.009514
-17.332256 48.291573 -5.820598
-17.276968 48.289429 -6.044761
-17.329273 48.293980 -5.831152
-17.270597 48.285885 -6.041783
-17.331715 48.299541 -5.838443
-17.376307 48.300220 -5.635859
-17.277710 48.288712 -5.974837
-17.421629 48.314064 -5.471428
-17.248302 48.289753 -6.081445
-17.301907 48.296890 -5.877090
-17.275229 48.292007 -5.964110
-17.270462 48.289356 -5.957308
-17.365631 48.311855 -5.657891
-17.245167 48.290619 -6.063600
-17.342731 48.306713 -5.698853
-17.345011 48.297077 -5.629580
-17.249165 48.295570 -6.002119
-17.290348 48.297123 -5.819222
-17.230476 48.289326 -6.036745
-17.285625 48.298355 -5.828512
-17.287374 48.301811 -5.834758
-17.227629 48.290081 -6.035206
-17.327879 48.301605 -5.638618
-17.384233 48.323990 -5.471658
-17.235727 48.292976 -5.968427
-17.232212 48.294254 -5.958624
-17.206768 48.294884 -6.072028
-17.257673 48.300114 -5.872367
-17.316570 48.310131 -5.659659
-17.227276 48.291645 -5.952807
-17.202429 48.293770 -6.056092
-17.301807 48.312332 -5.697645
-17.299477 48.299652 -5.632787
-17.247633 48.299610 -5.817842
-17.210182 48.301983 -5.995118
-17.195374 48.297001 -6.030359
-17.244928 48.302929 -5.826374
-17.339533 48.305187 -5.412960
-17.239162 48.299862 -5.831605
-17.188599 48.294540 -6.029297
-17.280495 48.302052 -5.641598
-17.197451 48.298542 -5.963616
-17.328251 48.319183 -5.479476
-17.328186 48.314037 -5.440076
-17.197924 48.302040 -5.953390
-17.166229 48.297123 -6.063923
-17.270681 48.310513 -5.659854
-17.219336 48.306683 -5.867503
-17.190907 48.298344 -5.948277
-17.166569 48.300339 -6.048608
-17.255045 48.300297 -5.636268
-17.256950 48.314732 -5.696915
-17.207748 48.304287 -5.816855
-17.170395 48.305336 -5.988112
-17.156570 48.300415 -6.023520
-17.205688 48.307758 -5.827523
-17.205214 48.307564 -5.824403
-17.152458 48.300194 -6.023836
-17.239113 48.306801 -5.643397
-17.300091 48.334518 -5.477006
-17.159229 48.303112 -5.958859
-17.158026 48.304436 -5.947422
-17.220703 48.304764 -5.662655
-17.178173 48.308105 -5.863390
-17.154486 48.303085 -5.944839
-17.130367 48.303688 -6.056440
-17.127764 48.303753 -6.041770
-17.208406 48.309921 -5.696877
-17.133499 48.309879 -5.981554
-17.120598 48.306023 -6.017076
-17.115452 48.303783 -6.018316
-17.163710 48.309071 -5.822259
-17.235113 48.317341 -5.488887
-17.151564 48.322365 -5.858188
-17.226866 48.325554 -5.426171
-17.194725 48.319202 -5.492000
-17.160511 48.325321 -5.492949
-18.487707 48.200119 -6.383495
-18.330505 48.200672 -6.416183
-18.522348 48.202339 -6.304087
-18.376617 48.204815 -6.226950
-18.359316 48.216351 -6.353491
-18.356806 48.197491 -6.436108
-18.212034 48.208199 -6.457324
-18.360144 48.198242 -6.350321
-18.198618 48.208324 -6.476326
-18.206139 48.210964 -6.383060
-18.375223 48.210316 -6.274227
-18.251526 48.215588 -6.203838
-18.212276 48.218109 -6.319840
-18.273350 48.233860 -6.103266
-18.294146 48.228069 -5.947638
-18.252438 48.207932 -6.381048
-18.227758 48.206375 -6.401216
-18.295490 48.210049 -6.156834
-18.100920 48.217358 -6.424510
-18.239029 48.208984 -6.321804
-18.086861 48.217327 -6.441377
-18.096411 48.221390 -6.353482
-18.250473 48.221004 -6.249146
-18.134495 48.223949 -6.182222
-18.103020 48.228725 -6.293384
-18.262024 48.241089 -5.813567
-18.281618 48.233021 -6.036686
-18.148779 48.238918 -6.085559
-18.183851 48.238571 -5.939290
-18.135723 48.216885 -6.351336
-18.124615 48.219341 -6.373690
-18.173977 48.216278 -6.138593
-18.129433 48.219681 -6.297317
-18.002348 48.228500 -6.394805
-18.253819 48.228245 -5.903077
-17.985641 48.226212 -6.410289
-17.989790 48.227081 -6.325654
-18.135883 48.227425 -6.226002
-18.029392 48.231182 -6.162720
-18.004370 48.238228 -6.270842
-18.168821 48.256973 -5.809990
-18.160469 48.238491 -6.022604
-18.042822 48.246357 -6.070980
-18.061192 48.239182 -5.930224
-18.049700 48.232277 -6.329723
-18.024509 48.228573 -6.347860
-18.075968 48.228207 -6.123173
-18.027832 48.228962 -6.274274
-18.148165 48.238190 -5.897588
-17.906816 48.235905 -6.366796
-17.896862 48.236122 -6.383347
-18.041506 48.239407 -6.207146
-17.897612 48.235897 -6.301215
-17.941790 48.242718 -6.146072
-17.908049 48.244839 -6.247808
-18.062847 48.264046 -5.807612
-18.051182 48.243832 -6.010581
-18.141150 48.253273 -5.752545
-17.942358 48.233898 -6.301939
-17.975002 48.251301 -5.922939
-17.947781 48.255550 -6.057204
-17.928703 48.235058 -6.321873
-17.982155 48.236427 -6.108632
-17.933311 48.235752 -6.252560
-18.048710 48.246529 -5.892223
-17.810694 48.237247 -6.338935
-17.801826 48.238495 -6.354616
-17.947557 48.247353 -6.187516
-17.806746 48.239792 -6.277206
-17.843044 48.243397 -6.127941
-17.818569 48.250000 -6.227036
-17.964973 48.270660 -5.805641
-17.969610 48.256073 -6.000027
-18.056755 48.267849 -5.751564
-17.859673 48.243515 -6.281143
-17.886257 48.257214 -5.915467
-17.852964 48.258789 -6.044728
-17.840487 48.241203 -6.299246
-17.899088 48.246449 -6.095880
-17.845736 48.242054 -6.232069
-17.949583 48.249874 -5.887121
-17.739162 48.247585 -6.318010
-17.730465 48.248795 -6.332707
-17.849966 48.248058 -6.168569
-17.737011 48.250320 -6.257601
-17.764549 48.251587 -6.113009
-17.744387 48.260357 -6.209715
-17.875437 48.275776 -5.803144
-17.888548 48.266056 -5.658536
-17.958908 48.271507 -5.750735
-17.882225 48.263927 -5.989665
-17.774534 48.247887 -6.259123
-17.798519 48.260239 -5.909304
-17.760199 48.246937 -6.278011
-17.774023 48.266106 -6.032802
-17.811497 48.250111 -6.082606
-17.773590 48.251556 -6.215136
-17.864429 48.256153 -5.882288
-17.665861 48.254784 -6.296908
-17.655499 48.253807 -6.310391
-17.772627 48.256279 -6.152820
-17.660614 48.254387 -6.238124
-17.693985 48.259361 -6.099469
-17.663101 48.261108 -6.190543
-17.795195 48.282421 -5.799148
-17.812132 48.274307 -5.661231
-17.877005 48.278236 -5.750509
-17.795067 48.265831 -5.980601
-17.700855 48.253208 -6.241080
-17.725777 48.268227 -5.902488
-17.680174 48.248672 -6.256985
-17.702776 48.274044 -6.023200
-17.738628 48.257820 -6.070700
-17.791180 48.264263 -5.878426
-17.691084 48.253269 -6.196729
-17.592819 48.257988 -6.276017
-17.588228 48.259445 -6.290399
-17.699417 48.261795 -6.137898
-17.592016 48.260029 -6.219933
-17.620733 48.262924 -6.085636
-17.817272 48.269218 -5.632882
-17.597858 48.268162 -6.175923
-17.741041 48.281837 -5.662845
-17.711817 48.283974 -5.797865
-17.716114 48.268234 -5.970908
-17.793499 48.281788 -5.749122
-17.626423 48.257416 -6.221939
-17.648407 48.268906 -5.896187
-17.614397 48.256527 -6.239192
-17.623375 48.273300 -6.011527
-17.663883 48.261429 -6.059654
-17.625845 48.260323 -6.182109
-17.710285 48.265835 -5.874524
-17.546991 48.275394 -6.262302
-17.517454 48.260754 -6.268962
-17.627319 48.265385 -6.123249
-17.525583 48.262825 -6.202235
-17.745974 48.274834 -5.636571
-17.555178 48.267109 -6.074127
-17.532917 48.273182 -6.160423
-17.672113 48.286522 -5.664952
-17.648762 48.274502 -5.963065
-17.713955 48.282673 -5.749546
-17.644762 48.290482 -5.794127
-17.579405 48.272835 -6.210130
-17.586544 48.276688 -5.891264
-17.610651 48.273540 -6.049953
-17.557476 48.277565 -6.001987
-17.643471 48.271301 -5.869854
-17.574787 48.274494 -6.170669
-17.474342 48.272610 -6.241726
-17.581926 48.281033 -6.113745
-17.481510 48.278465 -6.190929
-17.679693 48.281769 -5.640059
-17.517551 48.287289 -6.064767
-17.602465 48.287136 -5.667101
-17.487755 48.287788 -6.149988
-17.650663 48.289509 -5.747462
-17.596169 48.286770 -5.955500
-17.577732 48.294033 -5.791532
-17.503599 48.267914 -6.191126
-17.496357 48.269386 -6.209111
-17.541683 48.291538 -5.884934
-17.540100 48.273445 -6.039786
-17.591246 48.282806 -5.866447
-17.511734 48.293293 -5.994452
-17.503426 48.272015 -6.154365
-17.426090 48.281811 -6.227929
-17.406124 48.271893 -6.236052
-17.510155 48.279633 -6.099358
-17.412586 48.274052 -6.173095
-17.613678 48.284710 -5.643758
-17.443802 48.280834 -6.052277
-17.540825 48.291245 -5.668463
-17.521435 48.282513 -5.947828
-17.583361 48.292141 -5.746889
-17.416588 48.282314 -6.133841
-17.460644 48.281624 -6.180093
-17.530455 48.307858 -5.787873
-17.581547 48.308659 -5.546824
-17.471592 48.286728 -5.880119
-17.481321 48.277176 -6.030486
-17.527575 48.285492 -5.862438
-17.448044 48.276836 -6.142560
-17.440458 48.289131 -5.984328
-17.632357 48.302341 -5.495955
-17.366903 48.282078 -6.210575
-17.460236 48.288925 -6.089333
-17.566771 48.297771 -5.644257
-17.367109 48.283512 -6.160786
-17.398731 48.291489 -6.043035
-17.495306 48.303299 -5.667212
-17.471987 48.292000 -5.940923
-17.539951 48.307251 -5.743847
-17.371923 48.291889 -6.122683
-17.398062 48.280792 -6.165243
-17.464670 48.307484 -5.785655
-17.433025 48.286694 -6.022764
-17.522444 48.314064 -5.550605
-17.422035 48.295261 -5.874251
-17.470959 48.288643 -5.858614
-17.393879 48.280693 -6.129992
-17.393209 48.297729 -5.976826
-17.397448 48.286179 -6.076556
-17.316944 48.287140 -6.196654
-17.498095 48.293545 -5.648805
-17.318880 48.289761 -6.148131
-17.343334 48.291405 -6.033462
-17.433889 48.301456 -5.669873
-17.469139 48.300648 -5.744060
-17.414963 48.293957 -5.934031
-17.316902 48.293674 -6.110052
-17.347933 48.285896 -6.152306
-17.412830 48.313004 -5.782566
-17.373590 48.285362 -6.013560
-17.369585 48.297668 -5.870167
-17.418377 48.293049 -5.854425
-17.475660 48.325130 -5.551213
-17.343473 48.284882 -6.119079
-17.515743 48.311424 -5.506912
-17.339472 48.299828 -5.968471
-17.267179 48.289211 -6.182893
-17.351521 48.294765 -6.067257
-17.451447 48.302612 -5.649518
-17.266193 48.288662 -6.135011
-17.292887 48.293640 -6.023641
-17.386559 48.308418 -5.669540
-17.421101 48.308453 -5.741539
-17.362038 48.296169 -5.926830
-17.300648 48.290264 -6.140914
-17.264961 48.293690 -6.098032
-17.325623 48.289890 -6.006104
-17.354332 48.312057 -5.779606
-17.317369 48.299034 -5.865153
-17.363853 48.294350 -5.851045
-17.409822 48.320168 -5.557303
-17.296188 48.289246 -6.107685
-17.470079 48.320568 -5.507792
-17.290585 48.303284 -5.960900
-17.296425 48.292641 -6.056807
-17.220299 48.292496 -6.169583
-17.395969 48.303162 -5.652097
-17.224844 48.295418 -6.123531
-17.451094 48.312408 -5.413436
-17.248207 48.298306 -6.014717
-17.334539 48.309067 -5.669668
-17.317699 48.303024 -5.920923
-17.369223 48.312008 -5.739540
-17.252577 48.291561 -6.129509
-17.222353 48.299454 -6.088407
-17.278875 48.293449 -5.997883
-17.304657 48.314720 -5.777010
-17.315338 48.297043 -5.847632
-17.272007 48.303864 -5.860168
-17.248863 48.291653 -6.097380
-17.362215 48.326210 -5.558991
-17.409027 48.317959 -5.514615
-17.361504 48.309475 -5.450874
-17.243729 48.305889 -5.953716
-17.252901 48.297333 -6.047067
-17.179253 48.297215 -6.157223
-17.349586 48.308235 -5.653019
-17.184372 48.301285 -6.113256
-17.206409 48.304184 -6.006244
-17.289375 48.313171 -5.669825
-17.268673 48.303566 -5.915478
-17.321518 48.314816 -5.737279
-17.208305 48.295139 -6.118670
-17.182796 48.306393 -6.078247
-17.237724 48.299480 -5.991546
-17.272690 48.303127 -5.844081
-17.228678 48.307835 -5.855569
-17.252125 48.313213 -5.775106
-17.206390 48.295422 -6.087859
-17.311922 48.328037 -5.560386
-17.363388 48.324146 -5.516637
-17.327951 48.322365 -5.450651
-17.201590 48.311848 -5.947212
-17.208424 48.299000 -6.038300
-17.302317 48.309280 -5.654968
-17.144482 48.306511 -6.147795
-17.345276 48.312466 -5.430700
-17.143965 48.306156 -6.103034
-17.165627 48.307178 -5.999079
-17.241354 48.313107 -5.670674
-17.224598 48.306427 -5.909780
-17.272789 48.315594 -5.735940
-17.173605 48.303440 -6.109293
-17.198709 48.305618 -5.984559
-17.141371 48.309235 -6.068946
-17.231159 48.307285 -5.840802
-17.187315 48.311954 -5.851306
-17.169447 48.302658 -6.080170
-17.209606 48.317299 -5.771661
-17.309731 48.321922 -5.521677
-17.259415 48.325848 -5.564609
-17.158665 48.314739 -5.940698
-17.169577 48.305096 -6.030329
-17.239321 48.296387 -5.659842
-17.106279 48.310486 -6.136975
-17.305368 48.319126 -5.434710
-17.105659 48.309174 -6.093250
-17.231085 48.319790 -5.733645
-17.187412 48.314705 -5.903024
-17.131432 48.305168 -6.098893
-17.157755 48.308651 -5.978379
-17.189693 48.310444 -5.837575
-17.106560 48.316574 -6.060607
-17.131821 48.307785 -6.071434
-17.263166 48.322124 -5.525815
-17.167152 48.320385 -5.768268
-17.204119 48.318489 -5.569576
-17.216120 48.314781 -5.656109
-17.133614 48.312405 -6.022808
-17.091013 48.317589 -5.983744
-17.180616 48.314472 -5.733270
-17.095772 48.310440 -6.090491
-17.154947 48.319057 -5.834275
-17.183489 48.315018 -5.470688
-17.199514 48.306438 -5.535769
-17.172119 48.330322 -5.566621
-17.174477 48.322689 -5.531806
-17.155397 48.302708 -5.461273
-18.349936 48.188114 -6.150066
-18.328205 48.184143 -6.182240
-18.306133 48.182983 -6.208254
-18.335632 48.188282 -6.055863
-18.328020 48.192791 -5.988908
-18.310183 48.182697 -6.222043
-18.295370 48.183105 -6.246098
-18.275227 48.180336 -6.280517
-18.293238 48.179298 -6.296412
-18.265553 48.176407 -6.313511
-18.254042 48.176613 -6.356273
-18.325359 48.193539 -6.060332
-18.312906 48.186306 -6.127342
-18.287443 48.188572 -6.106258
-18.264988 48.178120 -6.377138
-18.212465 48.193859 -6.129228
-18.198530 48.191589 -6.162555
-18.250151 48.178162 -6.388045
-18.230631 48.176872 -6.437709
-18.305706 48.186760 -6.202121
-18.177828 48.189491 -6.186767
-18.207951 48.195103 -6.043569
-18.252316 48.187023 -6.158639
-18.266031 48.205433 -5.839796
-18.214775 48.204922 -5.978721
-18.186846 48.192600 -6.199235
-18.306051 48.196602 -5.977499
-18.169165 48.191750 -6.222874
-18.156044 48.191559 -6.256296
-18.217617 48.188576 -6.213067
-18.164589 48.188614 -6.268765
-18.148703 48.188755 -6.286593
-18.196072 48.201138 -6.044751
-18.126074 48.184872 -6.324698
-18.240713 48.199581 -5.924085
-18.158390 48.195156 -6.089715
-18.267282 48.208385 -5.870325
-18.191608 48.198544 -6.109868
-18.286911 48.207863 -5.936019
-18.098637 48.201717 -6.111934
-18.089691 48.200871 -6.144983
-18.129290 48.185658 -6.343393
-18.067169 48.198582 -6.167912
-18.131845 48.191265 -6.356850
-18.106049 48.187321 -6.402569
-18.167528 48.194363 -6.178115
-18.100937 48.205753 -6.033334
-18.141136 48.208778 -5.838088
-18.187010 48.208759 -5.877404
-18.133455 48.197414 -6.139537
-18.089491 48.206944 -5.966859
-18.067791 48.198875 -6.177128
-18.181908 48.206779 -5.966705
-18.059704 48.201893 -6.202162
-18.047953 48.200764 -6.233781
-18.051636 48.198357 -6.244496
-18.087704 48.195854 -6.188293
-18.076956 48.207607 -6.029712
-18.043463 48.201195 -6.263452
-18.026958 48.198807 -6.300438
-18.122202 48.208344 -5.917197
-18.059771 48.207443 -6.076680
-18.132902 48.211800 -5.864148
-18.063259 48.202095 -6.090440
-18.001556 48.211079 -6.097150
-17.990641 48.210052 -6.129905
-18.147732 48.212799 -5.927073
-18.120371 48.218224 -5.808550
-17.966616 48.205563 -6.150614
-18.024412 48.199047 -6.317259
-17.999338 48.212845 -6.022957
-18.013964 48.199394 -6.325791
-18.045818 48.219700 -5.837709
-17.997097 48.197224 -6.371823
-18.079121 48.217525 -5.874144
-18.047169 48.202557 -6.156796
-18.031343 48.209305 -6.122946
-17.991749 48.215385 -5.957046
-17.971973 48.210270 -6.159472
-17.968811 48.213726 -6.185245
-17.947828 48.209675 -6.212475
-18.063095 48.214397 -5.955742
-18.009794 48.226219 -5.749247
-17.954296 48.209526 -6.223580
-17.994738 48.210484 -6.170012
-17.978527 48.215931 -6.017774
-17.940531 48.209827 -6.240715
-18.017866 48.217312 -5.910426
-17.928181 48.208755 -6.276288
-17.963140 48.217934 -6.064984
-18.027283 48.220711 -5.859207
-17.967979 48.213623 -6.075899
-17.900873 48.216103 -6.081885
-17.893814 48.216423 -6.115203
-18.015757 48.225250 -5.804800
-18.030760 48.218628 -5.918437
-17.874928 48.213341 -6.134646
-17.900715 48.218224 -6.014067
-17.922979 48.208702 -6.290689
-17.947886 48.226376 -5.836997
-17.979496 48.225971 -5.870116
-17.913517 48.209137 -6.299368
-17.893179 48.204594 -6.342886
-17.922031 48.212524 -6.105390
-17.937815 48.209728 -6.137156
-17.904926 48.223801 -5.948884
-17.883221 48.220287 -6.142905
-17.867743 48.218597 -6.165878
-17.854620 48.217232 -6.193247
-17.958307 48.222237 -5.945886
-17.922012 48.233749 -5.748034
-17.853592 48.215351 -6.201221
-17.890013 48.226116 -6.006299
-17.892513 48.217262 -6.150443
-17.839010 48.213573 -6.218261
-17.868071 48.223515 -6.052582
-17.922482 48.226078 -5.905013
-17.824089 48.211212 -6.251441
-17.817839 48.223709 -6.069251
-17.817354 48.226654 -6.104537
-17.928877 48.228233 -5.854366
-17.927954 48.234753 -5.802544
-17.870018 48.219925 -6.062039
-17.801640 48.224800 -6.122418
-17.814297 48.223637 -6.004998
-17.936403 48.230442 -5.911114
-17.854382 48.229404 -5.835994
-17.884151 48.230785 -5.866786
-17.822573 48.214497 -6.266352
-17.821379 48.230476 -5.940232
-17.810625 48.212646 -6.272665
-17.834887 48.221767 -6.092112
-17.802816 48.214207 -6.316979
-17.851700 48.222019 -6.121967
-17.789070 48.223804 -6.125615
-17.779415 48.223637 -6.149446
-17.767427 48.222343 -6.175973
-17.836454 48.238468 -5.747196
-17.862555 48.228878 -5.937412
-17.796034 48.228817 -5.995114
-17.767365 48.222527 -6.183053
-17.758759 48.222260 -6.199963
-17.799242 48.223839 -6.132231
-17.778997 48.228634 -6.041094
-17.737930 48.229591 -6.057113
-17.825699 48.229675 -5.898449
-17.743986 48.219879 -6.232154
-17.729734 48.229836 -6.091273
-17.843578 48.236874 -5.849468
-17.839571 48.241169 -5.799234
-17.784029 48.227268 -6.048963
-17.715303 48.228043 -6.107325
-17.736509 48.230850 -5.998220
-17.901266 48.242271 -5.685162
-17.779703 48.238049 -5.834723
-17.831676 48.232353 -5.904386
-17.794050 48.234032 -5.863261
-17.739973 48.235336 -5.931930
-17.739664 48.222885 -6.245635
-17.729601 48.222206 -6.252216
-17.746262 48.226841 -6.077658
-17.714615 48.220032 -6.292464
-17.759283 48.226723 -6.105934
-17.712479 48.230900 -6.110928
-17.707430 48.233177 -6.136432
-17.689100 48.228249 -6.160029
-17.761862 48.246117 -5.745953
-17.771814 48.234962 -5.929706
-17.722553 48.237335 -5.985935
-17.687216 48.228241 -6.165825
-17.658361 48.231487 -6.045084
-17.703629 48.235977 -6.031646
-17.647293 48.230469 -6.078827
-17.677542 48.228882 -6.182562
-17.716656 48.231400 -6.116633
-17.744659 48.236660 -5.893207
-17.801807 48.244049 -5.656969
-17.662169 48.225388 -6.212655
-17.760286 48.247364 -5.796291
-17.636868 48.230011 -6.094454
-17.747824 48.236607 -5.845138
-17.667738 48.238846 -5.991783
-17.697504 48.240025 -5.833422
-17.692490 48.228123 -6.036151
-17.815092 48.249027 -5.687239
-17.721643 48.242821 -5.860309
-17.665398 48.239830 -5.925676
-17.751667 48.242382 -5.897235
-17.739992 48.253548 -5.610060
-17.656025 48.228203 -6.224852
-17.661680 48.229290 -6.064864
-17.800743 48.250698 -5.646618
-17.651787 48.229046 -6.232292
-17.634315 48.224586 -6.270173
-17.681475 48.234737 -6.092063
-17.637877 48.236195 -6.097579
-17.688507 48.250870 -5.744938
-17.632742 48.239471 -6.123057
-17.614798 48.233517 -6.144703
-17.648338 48.242786 -5.976688
-17.694176 48.242172 -5.921940
-17.724363 48.251873 -5.634044
-17.593225 48.238693 -6.035162
-17.615698 48.235764 -6.150889
-17.631384 48.241600 -6.022694
-17.585928 48.240021 -6.069442
-17.726549 48.250782 -5.660696
-17.663958 48.239662 -5.888072
-17.603386 48.234131 -6.166247
-17.568111 48.234856 -6.083007
-17.683142 48.251751 -5.793697
-17.589148 48.230713 -6.195499
-17.600353 48.243927 -5.984585
-17.641047 48.238586 -6.102095
-17.630123 48.246288 -5.832277
-17.673592 48.245209 -5.840903
-17.624228 48.237057 -6.025733
-17.725248 48.250469 -5.689848
-17.652355 48.249886 -5.857854
-17.598013 48.244915 -5.918478
-17.665611 48.256432 -5.617008
-17.669958 48.247276 -5.890911
-17.576578 48.230888 -6.204739
-17.594639 48.237301 -6.053631
-17.567734 48.229286 -6.210506
-17.711651 48.253239 -5.650338
-17.558037 48.228500 -6.248499
-17.703403 48.257217 -5.601491
-17.603016 48.238689 -6.078151
-17.572056 48.243282 -6.085533
-17.622200 48.256226 -5.743968
-17.558632 48.240768 -6.108827
-17.575365 48.245335 -5.967671
-17.659174 48.260452 -5.637245
-17.544329 48.253372 -6.027591
-17.517279 48.241890 -6.059065
-17.560530 48.244308 -6.012983
-17.607218 48.240543 -5.913902
-17.546556 48.240459 -6.135340
-17.646645 48.252110 -5.664808
-17.506250 48.240318 -6.072594
-17.607237 48.253235 -5.791332
-17.528236 48.244602 -5.977746
-17.550161 48.248306 -6.153984
-17.593086 48.245525 -5.883372
-17.563900 48.250641 -5.831335
-17.523026 48.236652 -6.179378
-17.563896 48.240616 -6.087396
-17.600687 48.249912 -5.836924
-17.558109 48.244171 -6.015666
-17.527866 48.245770 -5.911935
-17.655432 48.258579 -5.690334
-17.577585 48.251442 -5.854648
-17.598425 48.259899 -5.623013
-17.593348 48.250614 -5.885379
-17.543688 48.252800 -6.045740
-17.525303 48.247211 -6.191730
-17.502661 48.236294 -6.193518
-17.555162 48.258503 -5.742932
-17.642435 48.262463 -5.652923
-17.501736 48.244946 -6.072884
-17.631189 48.263218 -5.605691
-17.531456 48.243252 -6.065275
-17.495935 48.246124 -6.097278
-17.615171 48.264687 -5.562789
-17.512222 48.250740 -5.959089
-17.583227 48.260155 -5.642990
-17.470194 48.249737 -6.016462
-17.481833 48.261784 -6.053454
-17.511568 48.258007 -6.006428
-17.544508 48.249054 -5.907365
-17.490482 48.251400 -6.123703
-17.522888 48.267200 -5.830998
-17.579739 48.257523 -5.667795
-17.549089 48.261242 -5.788525
-17.490606 48.263355 -5.973845
-17.539822 48.257923 -5.879220
-17.472748 48.245239 -6.137294
-17.544638 48.260056 -5.832382
-17.514143 48.257164 -6.077649
-17.488588 48.262341 -5.906803
-17.506493 48.257576 -6.006691
-17.523207 48.261787 -5.852378
-17.551163 48.273010 -5.625826
-17.579914 48.260212 -5.692072
-17.518042 48.252037 -5.879061
-17.470518 48.251228 -6.033716
-17.495169 48.261383 -5.741940
-17.545456 48.269722 -5.523871
-17.451059 48.245373 -6.173479
-17.461002 48.254513 -6.182948
-17.458065 48.260033 -6.064075
-17.556379 48.262993 -5.610596
-17.435837 48.244202 -6.214689
-17.564798 48.263935 -5.655355
-17.447359 48.258793 -6.088773
-17.483673 48.259979 -6.055823
-17.552057 48.270473 -5.567356
-17.522318 48.265099 -5.646889
-17.431149 48.265297 -6.010368
-17.469088 48.265961 -5.953393
-17.403196 48.252731 -6.041721
-17.441891 48.256832 -5.997962
-17.441706 48.257229 -5.830018
-17.417112 48.256882 -5.966898
-17.495031 48.269585 -5.785321
-17.500069 48.266197 -5.902459
-17.420715 48.250046 -6.109157
-17.529734 48.271336 -5.668162
-17.468561 48.256721 -5.874560
-17.424471 48.257877 -6.126812
-17.399687 48.245373 -6.150550
-17.420752 48.259388 -5.900661
-17.471258 48.258698 -5.828416
-17.450916 48.257545 -5.849628
-17.437502 48.253220 -6.063112
-17.436964 48.256390 -5.997236
-17.477312 48.267937 -5.633977
-17.513393 48.264599 -5.693109
-17.463369 48.281670 -5.738900
-17.502434 48.283157 -5.525298
-17.414335 48.258228 -6.025153
-17.470669 48.266941 -5.874754
-17.390139 48.256897 -6.051854
-17.401945 48.257908 -6.161861
-17.386179 48.249584 -6.163641
-17.508495 48.276966 -5.610271
-17.380419 48.255745 -6.076700
-17.495193 48.266098 -5.657981
-17.488298 48.272186 -5.571881
-17.413609 48.258659 -6.043255
-17.364979 48.261372 -6.000447
-17.475288 48.277199 -5.648741
-17.401550 48.262978 -5.945275
-17.361385 48.264053 -6.036280
-17.390484 48.264290 -5.991125
-17.402235 48.270863 -5.827933
-17.368362 48.264633 -5.962481
-17.430367 48.269035 -5.783672
-17.366051 48.256092 -6.097802
-17.460466 48.269512 -5.670893
-17.423386 48.260471 -5.896031
-17.416622 48.265224 -5.870663
-17.356844 48.254707 -6.112615
-17.374121 48.267303 -5.895552
-17.441162 48.283962 -5.635396
-17.419254 48.266220 -5.825534
-17.399899 48.265152 -5.846893
-17.380953 48.261398 -5.988726
-17.390144 48.264969 -6.053794
-17.469599 48.278908 -5.692385
-17.431944 48.275349 -5.532983
-17.387135 48.270164 -5.739700
-17.357508 48.261162 -6.016548
-17.397842 48.262562 -5.868892
-17.344772 48.266846 -6.043873
-17.331516 48.262337 -6.067219
-17.439014 48.274181 -5.615006
-17.338453 48.258038 -6.145210
-17.445595 48.283615 -5.572372
-17.324684 48.254929 -6.184642
-17.336485 48.259029 -6.150968
-17.448528 48.279148 -5.656842
-17.313911 48.264847 -5.993717
-17.359545 48.265823 -6.033999
-17.413816 48.277077 -5.652626
-17.306698 48.265171 -6.028024
-17.352200 48.269615 -5.938761
-17.342665 48.268757 -5.827075
-17.336462 48.267502 -5.983952
-17.314211 48.265881 -5.957339
-17.377483 48.273495 -5.781711
-17.408937 48.276188 -5.672141
-17.310806 48.259052 -6.085392
-17.374617 48.270203 -5.890574
-17.359282 48.267223 -5.866040
-17.321856 48.269726 -5.890677
-17.307106 48.261196 -6.101998
-17.365850 48.272736 -5.643412
-17.346264 48.268513 -5.843823
-17.366501 48.272640 -5.821544
-17.327980 48.265678 -5.980686
-17.447044 48.276794 -5.465498
-17.326225 48.263165 -6.041150
-17.395746 48.272659 -5.694485
-17.393997 48.289211 -5.534161
-17.340227 48.276134 -5.737609
-17.305519 48.265526 -6.008656
-17.294004 48.270290 -6.035166
-17.345238 48.268970 -5.863913
-17.275091 48.262264 -6.057706
-17.386436 48.279789 -5.617122
-17.427420 48.287506 -5.441148
-17.386095 48.283672 -5.576553
-17.285994 48.263248 -6.133189
-17.282524 48.262043 -6.136727
-17.265951 48.268570 -5.986441
-17.367128 48.285191 -5.654585
-17.378447 48.275246 -5.659480
-17.298347 48.270836 -5.931642
-17.253080 48.265377 -6.019942
-17.295692 48.273746 -5.826000
-17.302116 48.267639 -6.023298
-17.264151 48.267467 -5.951798
-17.282459 48.268734 -5.977821
-17.325821 48.277035 -5.778936
-17.350719 48.276302 -5.674491
-17.273680 48.272488 -5.885406
-17.262224 48.263638 -6.074976
-17.405396 48.296108 -5.420512
-17.323101 48.281200 -5.645962
-17.302862 48.268326 -5.862581
-17.321346 48.274517 -5.884512
-17.257536 48.265694 -6.091436
-17.296570 48.272228 -5.841343
-17.313103 48.274994 -5.817513
-17.409828 48.293736 -5.466746
-17.333721 48.283234 -5.540330
-17.276144 48.270031 -5.971806
-17.274538 48.267502 -6.031281
-17.289505 48.276806 -5.737039
-17.350321 48.282810 -5.693574
-17.251818 48.266731 -6.000548
-17.240686 48.270466 -6.025107
-17.229315 48.267132 -6.048722
-17.335505 48.287479 -5.580007
-17.364172 48.284416 -5.451887
-17.340046 48.287876 -5.617105
-17.290834 48.273209 -5.858693
-17.235825 48.266632 -6.120528
-17.221844 48.273643 -5.979730
-17.233105 48.266525 -6.125176
-17.308867 48.282345 -5.658993
-17.208008 48.268383 -6.014124
-17.246853 48.275585 -5.825698
-17.251139 48.275661 -5.925477
-17.334007 48.285484 -5.658717
-17.221479 48.273758 -5.948321
-17.236319 48.272652 -5.971829
-17.249464 48.269909 -6.014323
-17.277264 48.280823 -5.775617
-17.326450 48.291424 -5.421808
-17.227476 48.275425 -5.880430
-17.301331 48.281162 -5.676088
-17.340967 48.289986 -5.434148
-17.273666 48.283100 -5.649615
-17.212675 48.266159 -6.065455
-17.257238 48.274353 -5.858662
-17.206488 48.266018 -6.079695
-17.266212 48.275677 -5.879224
-17.251631 48.278374 -5.839549
-17.295214 48.292027 -5.541493
-17.361849 48.293610 -5.428167
-17.256853 48.274105 -5.814106
-17.249643 48.283382 -5.734993
-17.225483 48.270504 -5.964168
-17.342896 48.287304 -5.476974
-17.226791 48.272194 -6.022002
-17.294374 48.283070 -5.694244
-17.194029 48.272274 -6.017044
-17.203106 48.269356 -5.992164
-17.288256 48.290527 -5.581951
-17.320160 48.290852 -5.457308
-17.189878 48.275627 -6.042670
-17.281935 48.285015 -5.620525
-17.175207 48.273472 -5.972708
-17.264551 48.287632 -5.660339
-17.168743 48.274891 -6.008125
-17.242340 48.277977 -5.854359
-17.189362 48.271378 -6.109420
-17.202169 48.278744 -5.823984
-17.181370 48.266731 -6.111312
-17.204182 48.277500 -5.919391
-17.178230 48.276955 -5.943788
-17.191248 48.275658 -5.966012
-17.279861 48.287910 -5.659630
-17.229710 48.282722 -5.773486
-17.201653 48.273621 -6.006061
-17.274254 48.290268 -5.432167
-17.185127 48.279709 -5.876018
-17.231255 48.287582 -5.652271
-17.293955 48.293198 -5.441184
-17.252258 48.284016 -5.676750
-17.208099 48.275047 -5.854285
-17.169018 48.271183 -6.055779
-17.203262 48.278191 -5.837323
-17.163666 48.271145 -6.071155
-17.219923 48.279610 -5.874222
-17.240913 48.287560 -5.547534
-17.203995 48.284477 -5.734172
-17.209364 48.276985 -5.810961
-17.297148 48.292549 -5.481139
-17.309828 48.297379 -5.434440
-17.178591 48.273323 -5.957067
-17.301113 48.296474 -5.391661
-17.179214 48.274891 -6.012777
-17.246437 48.285995 -5.694064
-17.150242 48.275337 -6.009398
-17.160969 48.274605 -5.985749
-17.237171 48.290249 -5.584374
-17.145340 48.277596 -6.033914
-17.265306 48.289402 -5.465247
-17.136929 48.280071 -5.966857
-17.235651 48.290127 -5.621578
-17.128662 48.279320 -6.002031
-17.214449 48.287437 -5.662910
-17.160442 48.282166 -5.822712
-17.136049 48.279247 -5.939429
-17.140516 48.270866 -6.097013
-17.194016 48.280750 -5.850078
-17.160997 48.281681 -5.913844
-17.143368 48.275272 -6.102442
-17.148962 48.280922 -5.960587
-17.185112 48.284889 -5.771798
-17.140997 48.279850 -5.872405
-17.238167 48.300369 -5.436714
-17.230791 48.290764 -5.660293
-17.152275 48.274151 -5.996593
-17.179224 48.283257 -5.656630
-17.249964 48.297657 -5.447648
-17.212999 48.291706 -5.676805
-17.168386 48.281605 -5.851252
-17.128166 48.276489 -6.047534
-17.163549 48.284748 -5.834291
-17.162354 48.286907 -5.732927
-17.124699 48.277622 -6.063179
-17.172733 48.282459 -5.869101
-17.171537 48.284718 -5.808197
-17.245464 48.292332 -5.487517
-17.137442 48.278660 -5.950800
-17.254076 48.294846 -5.442258
-17.231005 48.281898 -5.407589
-17.140013 48.282379 -6.005764
-17.205357 48.293495 -5.692836
-17.110226 48.280746 -6.002290
-17.184090 48.284859 -5.589600
-17.106394 48.282097 -6.026979
-17.129311 48.286781 -5.979811
-17.204624 48.279514 -5.476466
-17.095882 48.282433 -5.961658
-17.092285 48.285110 -5.997490
-17.185869 48.287930 -5.623212
-17.164454 48.284271 -5.666548
-17.098539 48.284966 -5.935730
-17.122738 48.286301 -5.909034
-17.151583 48.286034 -5.845641
-17.102514 48.279408 -6.088144
-17.108818 48.284370 -5.955508
-17.141735 48.286129 -5.769295
-17.099945 48.279285 -6.091805
-17.207041 48.301205 -5.454286
-17.169399 48.281563 -5.662293
-17.114962 48.282810 -5.989850
-17.166153 48.291748 -5.677841
-17.088385 48.280888 -6.039464
-17.087616 48.285271 -6.055472
-17.132420 48.287903 -5.863970
-17.122503 48.282440 -5.804889
-17.187031 48.284569 -5.496012
-17.187334 48.284351 -5.413118
-17.099247 48.286694 -5.997547
-17.164446 48.299000 -5.691660
-17.153891 48.296288 -5.587938
-17.156000 48.276585 -5.484354
-17.105484 48.285995 -5.841735
-17.064682 48.285957 -6.079329
-17.062347 48.284824 -6.082026
-17.161354 48.300518 -5.461576
-17.129276 48.303246 -5.551759
-17.126453 48.285912 -5.661839
-17.092125 48.291367 -5.859881
-17.145628 48.287163 -5.499858
-17.099264 48.285740 -5.593000
-17.118517 48.281513 -5.487749
-17.021683 48.284996 -6.068823
-17.117634 48.300011 -5.469161
-17.105358 48.289837 -5.502864
-18.295008 48.169079 -6.447736
-18.291290 48.172077 -6.412666
-18.306038 48.181736 -6.285320
-18.369312 48.189991 -6.041254
-18.218142 48.185081 -6.211239
-18.166607 48.179932 -6.412616
-18.152151 48.179546 -6.451807
-18.165600 48.184185 -6.378992
-18.260921 48.193558 -5.961813
-18.165779 48.188736 -6.256402
-18.304705 48.168991 -6.406812
-18.230579 48.199409 -6.026752
-18.320963 48.174011 -6.341542
-18.321440 48.182392 -6.208845
-18.095108 48.193607 -6.188153
-18.047144 48.188560 -6.379978
-18.032187 48.188068 -6.416049
-18.043106 48.191570 -6.346883
-18.258041 48.182259 -6.161058
-18.131788 48.200844 -5.951929
-18.192648 48.179413 -6.333827
-18.176966 48.179943 -6.373827
-18.054625 48.201237 -6.233197
-18.094385 48.202026 -6.012711
-18.180040 48.180916 -6.310493
-18.188408 48.190090 -6.185154
-18.328428 48.185516 -6.139091
-18.213007 48.196587 -5.961155
-17.991667 48.204800 -6.168236
-18.200563 48.194603 -5.913554
-17.946871 48.200859 -6.352464
-17.931332 48.199276 -6.386422
-18.295567 48.184258 -6.110456
-18.130430 48.190479 -6.141283
-17.942755 48.202881 -6.320375
-18.043142 48.217510 -5.944513
-18.079187 48.189651 -6.307220
-18.066696 48.191418 -6.345705
-17.946751 48.208019 -6.211574
-17.985809 48.209953 -6.001098
-18.209293 48.181271 -6.261594
-18.071257 48.192577 -6.285650
-18.196320 48.183056 -6.303040
-18.206963 48.184837 -6.249035
-18.278105 48.196075 -5.873508
-18.061523 48.195301 -6.162475
-18.345224 48.181293 -6.062861
-18.336065 48.184650 -6.067431
-18.009548 48.222549 -5.735382
-18.192871 48.192078 -6.119044
-18.095098 48.203785 -5.951067
-18.087011 48.203236 -5.907204
-17.891342 48.212261 -6.149861
-18.164608 48.189262 -6.094205
-17.850859 48.209511 -6.325665
-17.841139 48.209423 -6.360559
-18.021591 48.199287 -6.124554
-17.844696 48.210373 -6.294264
-17.932446 48.221306 -5.935620
-18.249548 48.187126 -6.192153
-17.976547 48.200809 -6.282366
-18.202915 48.203514 -5.900753
-18.237825 48.185127 -6.190260
-18.229368 48.186356 -6.235482
-17.960445 48.200241 -6.319264
-18.102076 48.194107 -6.239022
-17.972231 48.204082 -6.263407
-17.851583 48.216885 -6.192002
-17.894939 48.221371 -5.991326
-18.076057 48.189732 -6.276360
-18.088928 48.192783 -6.226762
-18.156122 48.203072 -5.869849
-17.959972 48.203686 -6.144907
-18.222151 48.191067 -6.051914
-18.217489 48.195724 -6.053154
-18.075182 48.198151 -6.101904
-17.988091 48.210907 -5.942750
-17.916012 48.232960 -5.736328
-18.246534 48.200668 -5.833939
-17.995258 48.215687 -5.902347
-18.061028 48.200588 -6.081352
-17.796179 48.217155 -6.132341
-17.756979 48.214352 -6.300248
-17.746677 48.213169 -6.333028
-17.928492 48.209435 -6.110373
-17.750738 48.214226 -6.269854
-17.829779 48.223778 -5.928040
-18.126438 48.192680 -6.171094
-18.087639 48.208992 -5.894141
-18.118406 48.192017 -6.170806
-17.875221 48.206085 -6.258773
-18.108545 48.192062 -6.212768
-17.865017 48.208004 -6.295602
-18.000925 48.203472 -6.218471
-18.193552 48.203468 -5.839493
-17.864100 48.205791 -6.239745
-17.758791 48.220936 -6.172846
-17.979824 48.201496 -6.255579
-17.989504 48.203316 -6.207497
-17.799479 48.226402 -5.981862
-18.049135 48.210316 -5.867612
-18.107433 48.197517 -6.041332
-17.874001 48.215401 -6.129848
-18.096531 48.199577 -6.038534
-17.837349 48.233315 -5.675926
-17.973310 48.206551 -6.086308
-18.123249 48.203629 -5.834144
-17.896080 48.220264 -5.934830
-17.823946 48.239464 -5.736524
-17.966463 48.210674 -6.069972
-17.894978 48.221413 -5.897158
-17.710854 48.222885 -6.116414
-17.674582 48.220207 -6.278717
-17.835718 48.215595 -6.096271
-17.671244 48.222588 -6.310580
-18.018082 48.199486 -6.152426
-18.022276 48.202911 -6.156125
-17.984327 48.215466 -5.888453
-17.746122 48.229813 -5.920487
-17.678595 48.225986 -6.250965
-18.004206 48.200191 -6.193731
-17.785616 48.213356 -6.237074
-18.082874 48.209381 -5.835649
-17.903872 48.211174 -6.198596
-17.777540 48.215435 -6.273234
-17.784752 48.216984 -6.221713
-17.890638 48.211853 -6.235953
-17.898851 48.213612 -6.190672
-17.684122 48.231564 -6.157606
-17.717045 48.233501 -5.972474
-17.953451 48.218464 -5.864166
-17.995991 48.202217 -6.030280
-17.893911 48.234043 -5.684145
-17.784580 48.220802 -6.114268
-17.996227 48.207169 -6.026235
-17.889065 48.217453 -6.073559
-17.755039 48.239662 -5.678721
-18.033806 48.216358 -5.833709
-17.807344 48.225887 -5.927465
-17.870338 48.215611 -6.058370
-17.730240 48.239830 -5.737504
-17.806906 48.227135 -5.891927
-17.639139 48.231777 -6.102677
-17.751959 48.222504 -6.082614
-17.602926 48.227978 -6.258919
-17.922356 48.207386 -6.136816
-17.590397 48.225525 -6.287292
-17.920649 48.208324 -6.140584
-17.896172 48.224171 -5.882175
-17.915361 48.210663 -6.178210
-17.983257 48.215206 -5.832591
-17.601120 48.230278 -6.231256
-17.667385 48.236263 -5.913730
-17.706593 48.220566 -6.219120
-17.817560 48.218811 -6.181479
-17.696869 48.222462 -6.252987
-17.795135 48.214657 -6.215347
-17.804012 48.216511 -6.172200
-17.700891 48.222778 -6.202982
-17.599606 48.231300 -6.139821
-17.913975 48.212406 -6.022963
-17.634937 48.236618 -5.963164
-17.862850 48.225033 -5.861556
-17.908712 48.215847 -6.016006
-17.804638 48.238819 -5.686830
-17.699999 48.225636 -6.100492
-17.801292 48.223038 -6.060271
-17.933870 48.220215 -5.833650
-17.680923 48.246670 -5.680816
-17.719915 48.229595 -5.919312
-17.785194 48.221462 -6.047533
-17.722029 48.230118 -5.887231
-17.657507 48.247898 -5.736778
-17.835644 48.214046 -6.122678
-17.665495 48.224186 -6.069564
-17.563894 48.235355 -6.088401
-17.830826 48.214741 -6.126956
-17.524872 48.229191 -6.238122
-17.811131 48.231133 -5.876413
-17.826019 48.217056 -6.161621
-17.904617 48.226746 -5.828853
-17.516275 48.229053 -6.266107
-17.751932 48.235760 -5.649915
-17.592827 48.240063 -5.907668
-17.524050 48.231571 -6.210618
-17.629700 48.225948 -6.201523
-17.734524 48.224697 -6.163893
-17.616526 48.225506 -6.232818
-17.723606 48.222660 -6.157065
-17.718740 48.224113 -6.198817
-17.625965 48.228329 -6.185704
-17.820562 48.216614 -6.013830
-17.782326 48.231441 -5.859572
-17.529278 48.237282 -6.125315
-17.823490 48.222694 -6.005149
-17.561602 48.241482 -5.955268
-17.712740 48.237377 -5.690139
-17.630171 48.233704 -6.088078
-17.848106 48.226215 -5.832841
-17.722372 48.229374 -6.048416
-17.605003 48.249531 -5.683656
-17.646177 48.235470 -5.913369
-17.707840 48.228973 -6.037951
-17.650017 48.237164 -5.882575
-17.581005 48.249664 -5.737504
-17.761719 48.223778 -6.109587
-17.748293 48.218746 -6.113515
-17.737907 48.218563 -6.146275
-17.593542 48.230110 -6.058846
-17.783461 48.241119 -5.640855
-17.818514 48.230652 -5.824963
-17.731251 48.235523 -5.871507
-17.511450 48.248913 -6.078778
-17.462070 48.235729 -6.220782
-17.681589 48.243107 -5.653632
-17.454618 48.235672 -6.247940
-17.663874 48.232677 -6.150332
-17.539822 48.252651 -5.902013
-17.473150 48.244198 -6.198213
-17.557064 48.229668 -6.183615
-17.640865 48.227428 -6.182086
-17.544874 48.229309 -6.215070
-17.654840 48.231804 -6.143804
-17.742064 48.222069 -6.006101
-17.568018 48.240379 -6.173169
-17.708025 48.238331 -5.856569
-17.735559 48.224316 -5.994898
-17.481749 48.253246 -6.115462
-17.506952 48.251904 -5.948346
-17.648779 48.247192 -5.690825
-17.761522 48.228157 -5.832938
-17.553947 48.235214 -6.074667
-17.642715 48.230656 -6.037486
-17.534485 48.250805 -5.685359
-17.638597 48.236153 -6.028677
-17.585306 48.245407 -5.907464
-17.587921 48.246033 -5.878504
-17.681236 48.226952 -6.096483
-17.674290 48.225502 -6.102455
-17.734541 48.232731 -5.821431
-17.511629 48.253002 -5.737353
-17.666273 48.226463 -6.132554
-17.648584 48.235687 -5.867187
-17.713196 48.249458 -5.643565
-17.545692 48.246090 -6.050966
-17.437677 48.246597 -6.064777
-17.604527 48.243908 -5.658325
-17.411413 48.247353 -6.207409
-17.582150 48.232677 -6.134008
-17.467798 48.251629 -5.895380
-17.507727 48.245457 -6.172456
-17.403952 48.244175 -6.179875
-17.564138 48.228836 -6.165552
-17.579517 48.234398 -6.130530
-17.663568 48.225536 -5.999398
-17.687828 48.246025 -5.626292
-17.491535 48.238796 -6.156695
-17.630116 48.238922 -5.854033
-17.663368 48.229259 -5.986170
-17.691820 48.235481 -5.832705
-17.408218 48.249928 -6.100493
-17.579163 48.251534 -5.691640
-17.433203 48.249714 -5.940427
-17.502565 48.247860 -6.065221
-17.570103 48.234497 -6.025658
-17.486742 48.263924 -5.684607
-17.567551 48.239189 -6.020148
-17.517054 48.263603 -5.498052
-17.512056 48.245304 -5.901638
-17.515253 48.247025 -5.874791
-17.609526 48.231876 -6.084794
-17.609060 48.234009 -6.092810
-17.664499 48.237961 -5.818116
-17.596691 48.231548 -6.120196
-17.639324 48.251492 -5.646740
-17.590504 48.245880 -5.862746
-17.467827 48.241463 -6.038340
-17.466013 48.268265 -5.734906
-17.537619 48.247517 -5.661611
-17.384737 48.254097 -6.055111
-17.515919 48.237003 -6.120175
-17.347134 48.247746 -6.189867
-17.341969 48.247845 -6.215369
-17.431648 48.240879 -6.155053
-17.620520 48.250645 -5.631531
-17.597036 48.231983 -5.992593
-17.514111 48.238811 -6.117844
-17.410202 48.257828 -5.890031
-17.351652 48.251648 -6.166261
-17.422729 48.240757 -6.185011
-17.575485 48.251453 -5.852163
-17.443426 48.251678 -6.145753
-17.600931 48.238022 -5.977990
-17.618505 48.238487 -5.831912
-17.358307 48.258663 -6.090299
-17.522490 48.260925 -5.691486
-17.509954 48.241425 -6.016850
-17.387405 48.262871 -5.933911
-17.435276 48.249126 -6.053262
-17.506340 48.245045 -6.012186
-17.419418 48.262459 -5.686845
-17.454828 48.266647 -5.504128
-17.455524 48.252579 -5.895441
-17.542974 48.236214 -6.072934
-17.454546 48.250999 -5.870977
-17.599377 48.243607 -5.815598
-17.541447 48.237274 -6.081797
-17.571594 48.255013 -5.648879
-17.627184 48.242764 -5.613441
-17.525942 48.250511 -5.857286
-17.415466 48.250053 -6.030787
-17.398108 48.265705 -5.735030
-17.488653 48.259567 -5.662692
-17.624454 48.247337 -5.602837
-17.329248 48.258350 -6.044039
-17.476017 48.254639 -6.112562
-17.535505 48.237854 -5.986605
-17.298769 48.255554 -6.176890
-17.552229 48.253197 -5.637637
-17.468552 48.252956 -6.109333
-17.442335 48.240398 -6.139599
-17.377302 48.247196 -6.142126
-17.354818 48.261211 -5.885060
-17.299355 48.257133 -6.153673
-17.530128 48.238068 -5.969519
-17.503803 48.250546 -5.849635
-17.373991 48.248692 -6.130434
-17.549450 48.239830 -5.830808
-17.457130 48.261616 -5.693015
-17.469975 48.258072 -6.010243
-17.298388 48.258507 -6.077521
-17.384304 48.256794 -6.043913
-17.327425 48.263836 -5.927195
-17.441359 48.246590 -6.004652
-17.372986 48.271675 -5.686329
-17.496353 48.249290 -6.065270
-17.532610 48.245102 -5.812839
-17.497452 48.252598 -6.075559
-17.398993 48.257870 -5.890270
-17.398920 48.255383 -5.866972
-17.411848 48.280186 -5.505159
-17.469412 48.239738 -6.098438
-17.565857 48.248875 -5.618629
-17.506979 48.256790 -5.651533
-17.465319 48.253490 -5.853490
-17.361544 48.255486 -6.021986
-17.399839 48.273342 -5.463739
-17.566561 48.253677 -5.605541
-17.431986 48.263004 -5.665616
-17.346920 48.272514 -5.733757
-17.401747 48.248249 -6.097490
-17.491270 48.252193 -5.982360
-17.276714 48.260868 -6.034470
-17.488356 48.254074 -5.642444
-17.396008 48.247738 -6.095547
-17.244087 48.255802 -6.162935
-17.326731 48.253853 -6.130823
-17.486298 48.251400 -5.963320
-17.300499 48.263680 -5.880267
-17.449579 48.258102 -5.847862
-17.244833 48.257374 -6.138731
-17.320711 48.252110 -6.118711
-17.505720 48.254272 -5.829684
-17.403894 48.267265 -5.692429
-17.399820 48.254120 -5.999876
-17.456682 48.277786 -5.455760
-17.324884 48.256744 -6.034255
-17.249704 48.264343 -6.067543
-17.274412 48.266373 -5.920588
-17.391951 48.255436 -5.997575
-17.492313 48.259777 -5.809232
-17.315821 48.271038 -5.688186
-17.425293 48.246246 -6.053737
-17.420815 48.245068 -6.063148
-17.338032 48.256763 -5.884419
-17.506659 48.253162 -5.624174
-17.342472 48.257690 -5.862846
-17.466202 48.271481 -5.650888
-17.344709 48.274868 -5.514543
-17.411579 48.259037 -5.849783
-17.505798 48.256786 -5.608813
-17.354736 48.280766 -5.468516
-17.307785 48.258923 -6.013224
-17.382444 48.269993 -5.666635
-17.418667 48.246113 -5.975661
-17.354788 48.257240 -6.087771
-17.443325 48.266460 -5.644161
-17.290155 48.272846 -5.732633
-17.328812 48.245663 -6.116044
-17.347000 48.255573 -6.086515
-17.416643 48.247555 -5.956072
-17.226229 48.264542 -6.024213
-17.273693 48.256268 -6.118132
-17.196047 48.259624 -6.150035
-17.390924 48.259262 -5.845411
-17.252161 48.267639 -5.875423
-17.434864 48.249485 -5.830352
-17.269400 48.255695 -6.107306
-17.199423 48.263447 -6.127256
-17.348770 48.258812 -5.992559
-17.350660 48.270931 -5.692869
-17.393318 48.274799 -5.465741
-17.273335 48.259346 -6.024844
-17.199379 48.266026 -6.057325
-17.341722 48.260220 -5.991404
-17.423824 48.256130 -5.807238
-17.375303 48.252010 -6.045571
-17.223364 48.269077 -5.914298
-17.378128 48.256489 -6.057146
-17.265779 48.273949 -5.688137
-17.360983 48.249512 -6.078720
-17.461388 48.264565 -5.627883
-17.290943 48.260418 -5.859517
-17.396011 48.264805 -5.654716
-17.291418 48.263882 -5.879834
-17.360950 48.264828 -5.845567
-17.465023 48.269497 -5.609193
-17.293045 48.277725 -5.518283
-17.369581 48.271420 -5.444680
-17.298817 48.279331 -5.475646
-17.253206 48.258301 -6.005368
-17.322166 48.267124 -5.670024
-17.372873 48.255306 -5.971195
-17.300528 48.258591 -6.076914
-17.377810 48.261204 -5.649754
-17.372154 48.256817 -5.949792
-17.297255 48.260338 -6.077383
-17.242079 48.277912 -5.731876
-17.341200 48.264149 -5.842360
-17.228043 48.261360 -6.108651
-17.180498 48.268642 -6.015739
-17.388588 48.258698 -5.828847
-17.150057 48.262619 -6.137473
-17.206936 48.271839 -5.870070
-17.220879 48.259537 -6.097367
-17.157043 48.268776 -6.116279
-17.298864 48.263584 -5.984414
-17.296686 48.271526 -5.693208
-17.344440 48.279896 -5.469919
-17.223751 48.262115 -6.015751
-17.375988 48.262180 -5.804486
-17.287804 48.261681 -5.984654
-17.324495 48.255703 -6.037286
-17.324369 48.257946 -6.049409
-17.155697 48.271282 -6.048162
-17.390635 48.256920 -5.635679
-17.174446 48.269958 -5.908365
-17.221720 48.278351 -5.688037
-17.350725 48.272114 -5.654397
-17.246298 48.265717 -5.856276
-17.308680 48.266472 -5.841110
-17.238325 48.263443 -5.875258
-17.400572 48.265312 -5.613937
-17.318338 48.273388 -5.452546
-17.253958 48.283768 -5.480481
-17.241301 48.279591 -5.523029
-17.318632 48.256783 -5.966418
-17.271885 48.269054 -5.671968
-17.205429 48.261246 -5.997581
-17.329092 48.266300 -5.652944
-17.251846 48.262444 -6.067960
-17.324799 48.262848 -5.944078
-17.378315 48.276718 -5.425828
-17.243979 48.259789 -6.067711
-17.287544 48.264729 -5.840724
-17.336576 48.261448 -5.828477
-17.180006 48.263195 -6.096776
-17.139446 48.274162 -6.009028
-17.186623 48.274345 -5.730988
-17.112192 48.271358 -6.128220
-17.166386 48.279449 -5.865453
-17.174568 48.262547 -6.086778
-17.117294 48.276352 -6.106727
-17.248138 48.264294 -5.977174
-17.245583 48.273365 -5.694005
-17.284349 48.275162 -5.479429
-17.328232 48.267235 -5.801753
-17.279427 48.261887 -6.029917
-17.237822 48.263474 -5.978541
-17.177120 48.265137 -6.007136
-17.275528 48.261803 -6.041441
-17.345800 48.275070 -5.426630
-17.352732 48.268890 -5.637542
-17.113079 48.275627 -6.039178
-17.352177 48.268410 -5.616179
-17.301508 48.275120 -5.655493
-17.135122 48.276649 -5.902941
-17.170940 48.276207 -5.688913
-17.201735 48.270016 -5.853055
-17.259199 48.268368 -5.838118
-17.199661 48.272217 -5.870940
-17.269222 48.275520 -5.459743
-17.269392 48.259666 -5.961432
-17.224716 48.271233 -5.673402
-17.286676 48.272873 -5.654109
-17.168068 48.270088 -5.991448
-17.203569 48.263298 -6.058078
-17.270140 48.261234 -5.937227
-17.329279 48.279839 -5.432017
-17.196444 48.261730 -6.058956
-17.241917 48.267960 -5.838349
-17.281939 48.259960 -5.827707
-17.137386 48.267544 -6.087795
-17.097733 48.277603 -6.001214
-17.071941 48.274864 -6.117604
-17.137608 48.270382 -6.078695
-17.075157 48.278690 -6.095813
-17.206020 48.270729 -5.970288
-17.278913 48.267147 -5.798804
-17.193897 48.270145 -5.694746
-17.231623 48.272976 -5.486073
-17.226973 48.261429 -6.021396
-17.195623 48.268925 -5.972662
-17.227589 48.264759 -6.034646
-17.296444 48.276222 -5.435826
-17.138935 48.271908 -6.000889
-17.299017 48.268612 -5.642999
-17.306973 48.272739 -5.616910
-17.254335 48.277298 -5.656932
-17.213894 48.271587 -5.833775
-17.161184 48.275646 -5.849470
-17.153694 48.273354 -5.865490
-17.210196 48.265907 -5.471492
-17.224083 48.262886 -5.957088
-17.144495 48.270134 -5.498240
-17.173855 48.268105 -5.675292
-17.237297 48.273903 -5.657224
-17.228846 48.267765 -5.931489
-17.121519 48.270130 -5.983885
-17.165382 48.272057 -6.050805
-17.153368 48.286530 -5.528956
-17.278196 48.279823 -5.439929
-17.243774 48.268845 -5.826516
-17.200062 48.273518 -5.836580
-17.159241 48.270573 -6.051843
-17.099684 48.274292 -6.078584
-17.097858 48.275974 -6.070172
-17.164064 48.275173 -5.963440
-17.234188 48.271458 -5.796573
-17.185919 48.266953 -6.014687
-17.171936 48.263264 -5.495685
-17.251444 48.269817 -5.647416
-17.150637 48.270142 -5.967369
-17.178911 48.264641 -6.027747
-17.256418 48.284061 -5.440414
-17.260786 48.275002 -5.618506
-17.094515 48.272110 -5.992654
-17.196594 48.269611 -5.659754
-17.171379 48.275063 -5.830894
-17.163372 48.264225 -5.479089
-17.187382 48.271828 -5.953091
-17.278080 48.272472 -5.425797
-17.187098 48.270870 -5.661242
-17.184763 48.270061 -5.926335
-17.119236 48.271088 -6.041284
-17.229485 48.278965 -5.446200
-17.197247 48.269012 -5.825030
-17.158449 48.278072 -5.833839
-17.117365 48.274017 -6.045013
-17.275639 48.280746 -5.399004
-17.191755 48.273937 -5.793711
-17.117517 48.273228 -5.956900
-17.208950 48.273415 -5.650616
-17.141256 48.268158 -6.007419
-17.140808 48.270416 -6.021515
-17.133539 48.267185 -5.498537
-17.213697 48.274200 -5.620989
-17.117952 48.280407 -5.963002
-17.144205 48.273220 -5.949102
-17.246984 48.286026 -5.428759
-17.124655 48.268162 -5.483915
-17.145599 48.274765 -5.920951
-17.203049 48.293812 -5.444845
-17.083261 48.277020 -6.034384
-17.160147 48.276978 -5.824013
-17.079586 48.277794 -6.037834
-17.010744 48.269608 -6.059093
-17.146452 48.273182 -5.791417
-17.104218 48.273022 -6.001366
-17.170549 48.279327 -5.652440
-17.177507 48.281261 -5.621138
-17.158274 48.277412 -5.459963
-17.099836 48.272957 -6.015851
-17.108732 48.279263 -5.945323
-17.105534 48.276402 -5.916453
-17.158432 48.293278 -5.450766
-17.117430 48.279205 -5.466482
-18.267525 48.178143 -6.232123
-17.769932 48.213318 -6.325686
-18.131653 48.202953 -5.977170
-17.757370 48.210079 -6.322417
-17.890696 48.226158 -5.841290
-17.891560 48.204617 -6.295180
-17.887901 48.204433 -6.287397
-18.066092 48.198952 -6.158406
-17.766706 48.212639 -6.226490
-17.902380 48.209339 -6.207629
-18.091417 48.205132 -6.024686
-17.933163 48.211117 -6.044466
-18.018585 48.199955 -6.262558
-18.014677 48.198704 -6.250678
-17.811287 48.225460 -6.053500
-18.032127 48.201843 -6.182659
-17.869059 48.232487 -5.819967
-17.791842 48.221283 -6.060170
-18.260571 48.188259 -6.001969
-17.966068 48.217812 -5.813509
-17.913118 48.213238 -6.009258
-18.206888 48.189270 -6.112109
-18.254120 48.192905 -5.925495
-17.731670 48.222958 -6.216898
-17.848852 48.213043 -6.177463
-18.177418 48.189560 -6.156534
-18.150578 48.186298 -6.225888
-17.960703 48.226013 -5.769719
-18.147734 48.185963 -6.208090
-18.031868 48.212280 -5.965923
-17.697582 48.224865 -6.303158
-17.685823 48.221653 -6.301052
-17.803040 48.231773 -5.836378
-17.801386 48.211861 -6.270469
-17.974600 48.210293 -6.140515
-17.797546 48.211693 -6.263669
-18.057945 48.218678 -5.783539
-17.808401 48.213600 -6.187345
-17.993616 48.213497 -6.013815
-17.698526 48.226326 -6.208762
-17.845749 48.218613 -6.032455
-17.928631 48.210274 -6.241912
-17.926676 48.210056 -6.230374
-17.931677 48.208042 -6.164216
-17.718405 48.227829 -6.038527
-18.147295 48.196415 -5.992338
-17.779270 48.237080 -5.815696
-17.715773 48.229931 -6.047167
-17.874922 48.223415 -5.811009
-17.825722 48.219738 -5.997263
-18.095064 48.196316 -6.094625
-18.152948 48.205246 -5.915987
-18.066578 48.196625 -6.139230
-18.056120 48.198586 -6.207441
-17.651987 48.228424 -6.196161
-17.767601 48.221531 -6.159448
-18.050339 48.197201 -6.189120
-17.868572 48.231598 -5.767038
-17.932158 48.216614 -5.954758
-17.611820 48.224155 -6.277327
-17.718929 48.217262 -6.248209
-17.602982 48.222996 -6.275727
-17.726711 48.239536 -5.830456
-17.882185 48.217621 -6.122508
-17.716076 48.217110 -6.241589
-17.956272 48.222157 -5.783209
-17.898973 48.219902 -6.002531
-17.729132 48.221123 -6.169705
-17.617903 48.228775 -6.187893
-17.757591 48.222080 -6.019346
-17.830124 48.212421 -6.218795
-17.834040 48.214306 -6.208302
-17.847115 48.216507 -6.147630
-18.051071 48.206841 -5.983759
-17.640444 48.231441 -6.025246
-17.947662 48.226971 -5.718538
-17.640732 48.235596 -6.034393
-17.703745 48.244873 -5.810937
-17.797056 48.232201 -5.807842
-17.745388 48.226345 -5.985542
-18.007923 48.209785 -6.080549
-18.048735 48.211548 -5.907020
-17.973413 48.206001 -6.125125
-17.959755 48.206841 -6.188700
-17.953007 48.204437 -6.170215
-17.685440 48.225002 -6.141335
-17.578039 48.233006 -6.177501
-17.785652 48.237312 -5.764006
-17.850273 48.225243 -5.945775
-18.052795 48.217136 -5.756205
-17.543299 48.230782 -6.256580
-17.795536 48.222065 -6.106611
-17.641228 48.221760 -6.227846
-17.656300 48.246407 -5.825628
-17.534477 48.228626 -6.254997
-17.640326 48.222645 -6.221570
-17.866913 48.227806 -5.782050
-17.808323 48.222374 -5.992029
-17.647953 48.224613 -6.151772
-17.753790 48.220997 -6.201677
-17.546921 48.232414 -6.169788
-17.682192 48.227776 -6.008538
-17.749079 48.219715 -6.188633
-17.764370 48.223019 -6.132418
-17.961746 48.216389 -5.976454
-17.869423 48.236786 -5.717322
-17.571274 48.239216 -6.013516
-17.568851 48.239304 -6.021205
-17.622257 48.244579 -5.806215
-17.718266 48.236973 -5.804560
-17.959440 48.219101 -5.899747
-17.908157 48.212032 -6.064316
-17.668825 48.232037 -5.975538
-17.885363 48.214455 -6.110950
-17.865400 48.212132 -6.170365
-17.861784 48.209766 -6.151436
-17.710783 48.243153 -5.761426
-17.612101 48.230633 -6.124804
-17.506102 48.234627 -6.159247
-17.766479 48.229839 -5.936497
-17.961882 48.224812 -5.757784
-17.718872 48.228668 -6.091493
-17.571199 48.227413 -6.209887
-17.578745 48.246181 -5.821623
-17.788717 48.234623 -5.780882
-17.468952 48.232307 -6.234838
-17.570295 48.228298 -6.203610
-17.731565 48.229080 -5.982992
-17.636841 48.256191 -5.586076
-17.582470 48.231384 -6.136661
-17.675713 48.226524 -6.183265
-17.612679 48.234577 -5.998791
-17.670837 48.224255 -6.171221
-17.487488 48.241272 -6.154739
-17.860752 48.216732 -5.967139
-17.690657 48.229675 -6.117838
-17.784042 48.239506 -5.716930
-17.866285 48.221581 -5.891836
-17.825054 48.218571 -6.051071
-17.641487 48.238777 -5.801686
-17.502180 48.241985 -6.001866
-17.518461 48.253391 -6.011806
-17.555780 48.251514 -5.802104
-17.595421 48.235764 -5.965121
-17.803257 48.220013 -6.097900
-17.781883 48.216614 -6.154022
-17.784107 48.218353 -6.136106
-17.693851 48.235603 -5.927211
-17.539625 48.232296 -6.109501
-17.870060 48.227467 -5.759264
-17.636925 48.247013 -5.759058
-17.462912 48.251808 -6.149088
-17.592972 48.260086 -5.558689
-17.643057 48.232304 -6.077586
-17.716602 48.241528 -5.779808
-17.418909 48.241283 -6.218453
-17.533689 48.262417 -5.816219
-17.663645 48.236942 -5.975554
-17.568182 48.259209 -5.588736
-17.608261 48.233261 -6.167795
-17.530470 48.245407 -6.124935
-17.784603 48.224480 -5.960232
-17.601433 48.229954 -6.155408
-17.561125 48.248661 -5.990195
-17.621683 48.236435 -6.105140
-17.439798 48.254341 -6.141780
-17.717192 48.247475 -5.714770
-17.791121 48.229347 -5.885108
-17.745899 48.224182 -6.038560
-17.588053 48.252914 -5.797829
-17.452623 48.254108 -5.993662
-17.445507 48.251095 -5.999518
-17.549725 48.252956 -5.957554
-17.508593 48.266731 -5.797341
-17.723118 48.225605 -6.085210
-17.712059 48.226337 -6.140111
-17.711184 48.226040 -6.122672
-17.787420 48.232250 -5.760361
-17.620089 48.239361 -5.918761
-17.569149 48.250961 -5.756783
-17.492531 48.247406 -6.098656
-17.388308 48.246365 -6.129426
-17.575277 48.237068 -6.064116
-17.528397 48.265160 -5.561051
-17.649765 48.248493 -5.777664
-17.447865 48.239021 -6.177020
-17.590879 48.239716 -5.967300
-17.460310 48.258247 -5.812013
-17.445009 48.238869 -6.170401
-17.791050 48.239784 -5.667391
-17.708319 48.229244 -5.954357
-17.505604 48.262318 -5.591489
-17.356945 48.246063 -6.200963
-17.539871 48.236977 -6.152194
-17.461157 48.245110 -6.109219
-17.535978 48.234726 -6.140329
-17.553917 48.240196 -6.091685
-17.482758 48.243320 -5.980009
-17.584719 48.255062 -5.565393
-17.650175 48.254452 -5.713610
-17.366014 48.247929 -6.123296
-17.716181 48.234100 -5.877446
-17.665819 48.225777 -6.025934
-17.519352 48.252846 -5.795439
-17.646973 48.227268 -6.073301
-17.388491 48.253967 -5.982958
-17.402016 48.264309 -5.991391
-17.475443 48.249668 -5.947070
-17.631552 48.226875 -6.124371
-17.634579 48.228645 -6.107617
-17.432112 48.260525 -5.793612
-17.719046 48.240242 -5.760972
-17.559248 48.246330 -5.911613
-17.423065 48.245121 -6.083956
-17.518875 48.263138 -5.752514
-17.338547 48.254410 -6.117171
-17.512218 48.242928 -6.052510
-17.581644 48.251469 -5.777372
-17.465654 48.267284 -5.564804
-17.541933 48.252880 -5.961226
-17.721724 48.245758 -5.667854
-17.312654 48.253159 -6.186671
-17.638296 48.234081 -5.947591
-17.409096 48.267406 -5.807612
-17.476398 48.240780 -6.137490
-17.461660 48.275661 -5.591412
-17.474457 48.239563 -6.125968
-17.403404 48.249031 -6.096576
-17.501604 48.251251 -6.081975
-17.434214 48.253456 -5.972016
-17.521780 48.258198 -5.570113
-17.581085 48.256413 -5.713154
-17.645008 48.237938 -5.871500
-17.605324 48.233719 -6.016802
-17.324060 48.260113 -6.112413
-17.464842 48.260983 -5.792482
-17.581589 48.233124 -6.063303
-17.527428 48.266403 -5.516135
-17.569447 48.234753 -6.112912
-17.418940 48.253685 -5.938721
-17.341030 48.263206 -5.980258
-17.571686 48.235493 -6.095012
-17.340141 48.263092 -5.973998
-17.643709 48.241123 -5.761421
-17.383833 48.270733 -5.789733
-17.508364 48.257462 -5.905211
-17.370203 48.251133 -6.072179
-17.453125 48.263123 -5.750662
-17.475719 48.261250 -6.044576
-17.526939 48.260620 -5.775383
-17.285089 48.258377 -6.103280
-17.649504 48.247681 -5.667843
-17.469257 48.249657 -5.953067
-17.572222 48.237995 -5.941560
-17.424007 48.282635 -5.563086
-17.351919 48.268475 -5.803246
-17.393923 48.270710 -5.595363
-17.434715 48.250046 -6.069763
-17.348604 48.253006 -6.084472
-17.380632 48.259521 -5.964173
-17.536684 48.270695 -5.709929
-17.481728 48.274612 -5.570704
-17.578936 48.241852 -5.865469
-17.543070 48.239616 -6.006359
-17.273556 48.264133 -6.099061
-17.545099 48.261177 -5.547913
-17.405338 48.262043 -5.789724
-17.521286 48.240051 -6.053204
-17.474987 48.273659 -5.518652
-17.509520 48.240654 -6.100861
-17.510611 48.240391 -6.083781
-17.367325 48.259785 -5.931238
-17.291561 48.269329 -5.972150
-17.576393 48.244129 -5.762291
-17.291838 48.269215 -5.965085
-17.327641 48.271820 -5.785546
-17.443707 48.256363 -5.897473
-17.404863 48.272335 -5.746799
-17.321260 48.258213 -6.061103
-17.400084 48.252888 -6.030861
-17.455988 48.255543 -5.774680
-17.585318 48.250729 -5.668269
-17.414528 48.254719 -5.946044
-17.525866 48.251240 -5.937992
-17.237354 48.262459 -6.091448
-17.356106 48.276695 -5.568036
-17.367737 48.251747 -6.113412
-17.299646 48.270634 -5.799761
-17.350054 48.279053 -5.595365
-17.365976 48.250519 -6.100907
-17.522848 48.247925 -5.860218
-17.379721 48.255035 -6.058626
-17.411530 48.266666 -5.577295
-17.463598 48.264599 -5.709867
-17.299498 48.259102 -6.074396
-17.328064 48.263607 -5.956542
-17.496450 48.252789 -5.998676
-17.481846 48.261337 -5.554648
-17.221140 48.264114 -6.085413
-17.475485 48.252258 -6.046700
-17.353840 48.266232 -5.787370
-17.412123 48.271797 -5.523452
-17.314774 48.262867 -5.923623
-17.521538 48.251289 -5.761317
-17.239412 48.269382 -5.962616
-17.572721 48.257294 -5.530662
-17.233652 48.266182 -5.955506
-17.386875 48.258404 -5.891123
-17.275547 48.273964 -5.781078
-17.348326 48.272449 -5.744596
-17.274315 48.263329 -6.050419
-17.350975 48.258980 -6.020785
-17.546772 48.268116 -5.666072
-17.408348 48.264801 -5.772964
-17.364716 48.259869 -5.939919
-17.454977 48.248062 -5.931175
-17.187696 48.263508 -6.079306
-17.462984 48.270821 -5.478889
-17.308168 48.281982 -5.568352
-17.475914 48.258125 -5.854551
-17.250504 48.272827 -5.795831
-17.332399 48.261177 -6.049893
-17.300982 48.282333 -5.596517
-17.371716 48.279064 -5.576967
-17.421194 48.276917 -5.707033
-17.246723 48.259113 -6.062715
-17.429232 48.249611 -5.988463
-17.274572 48.263672 -5.948795
-17.443775 48.276787 -5.555614
-17.408445 48.249065 -6.035504
-17.176342 48.269253 -6.074103
-17.303518 48.269421 -5.784228
-17.393494 48.247543 -6.078540
-17.397507 48.249332 -6.061966
-17.363810 48.278111 -5.525718
-17.479727 48.265652 -5.760598
-17.265171 48.266003 -5.916545
-17.525942 48.268669 -5.535174
-17.193136 48.271545 -5.954127
-17.339195 48.264576 -5.884357
-17.187359 48.269341 -5.947001
-17.226389 48.277157 -5.777132
-17.472374 48.260029 -5.667829
-17.300749 48.262074 -6.011561
-17.294903 48.273602 -5.741930
-17.223494 48.264374 -6.039081
-17.354731 48.266964 -5.771266
-17.314919 48.264019 -5.933810
-17.412750 48.260365 -5.927357
-17.148752 48.271748 -6.069026
-17.420874 48.281212 -5.480202
-17.407827 48.253017 -5.849288
-17.281189 48.264248 -6.040489
-17.252924 48.283634 -5.597880
-17.357321 48.270950 -5.706619
-17.205444 48.277077 -5.791604
-17.259094 48.285263 -5.569503
-17.313963 48.276276 -5.581697
-17.382866 48.257771 -5.979877
-17.207586 48.268364 -6.053402
-17.228100 48.266846 -5.941274
-17.381746 48.272953 -5.561609
-17.361719 48.257252 -6.028885
-17.255180 48.271648 -5.781461
-17.136444 48.275475 -6.063676
-17.406506 48.256569 -5.761566
-17.313410 48.280403 -5.528674
-17.459423 48.265808 -5.543385
-17.218699 48.269176 -5.909024
-17.153669 48.278828 -5.946814
-17.293304 48.270794 -5.878934
-17.432920 48.272400 -5.665534
-17.145761 48.275600 -5.940328
-17.178261 48.277370 -5.773413
-17.251520 48.264179 -6.002533
-17.307167 48.271221 -5.769629
-17.244448 48.273808 -5.739820
-17.177395 48.266521 -6.029607
-17.357721 48.261456 -5.922364
-17.265137 48.267166 -5.927716
-17.260672 48.286243 -5.382712
-17.368746 48.264359 -5.845041
-17.361959 48.278419 -5.485735
-17.311888 48.276230 -5.704343
-17.106920 48.275936 -6.058272
-17.229055 48.263306 -6.030971
-17.269794 48.280643 -5.583729
-17.207979 48.285973 -5.598782
-17.332266 48.261890 -5.972604
-17.168375 48.285454 -5.787764
-17.209888 48.285561 -5.571686
-17.185534 48.272091 -5.934438
-17.340467 48.281376 -5.564116
-17.162457 48.271530 -6.044093
-17.312283 48.261372 -6.020807
-17.211908 48.275948 -5.778575
-17.363785 48.265911 -5.760747
-17.094446 48.278675 -6.053921
-17.266306 48.283718 -5.530184
-17.417919 48.277241 -5.546827
-17.176935 48.274452 -5.903351
-17.245520 48.271980 -5.873231
-17.373741 48.269535 -5.666953
-17.109375 48.280022 -5.938699
-17.105356 48.279869 -5.932883
-17.255562 48.270424 -5.768339
-17.203291 48.265308 -5.993700
-17.308727 48.265633 -5.917418
-17.199059 48.276085 -5.737591
-17.135004 48.280670 -5.770544
-17.134413 48.269707 -6.019673
-17.220272 48.270401 -5.922520
-17.318785 48.267525 -5.839931
-17.315464 48.282784 -5.489376
-17.264353 48.278488 -5.702738
-17.284809 48.265045 -5.964902
-17.188620 48.269569 -6.023493
-17.068825 48.281208 -6.049203
-17.222538 48.281975 -5.586255
-17.173473 48.296429 -5.597416
-17.143799 48.275364 -5.928797
-17.283535 48.277615 -5.570024
-17.121443 48.274750 -6.034517
-17.154522 48.278778 -5.574871
-17.262693 48.263508 -6.013746
-17.312939 48.268143 -5.760571
-17.168472 48.279259 -5.776689
-17.356527 48.272453 -5.554983
-17.059467 48.284988 -6.044391
-17.221182 48.286072 -5.532069
-17.135382 48.277714 -5.896726
-17.197748 48.272167 -5.867545
-17.331230 48.276867 -5.665182
-17.242218 48.282707 -5.367194
-17.215033 48.276791 -5.766943
-17.256678 48.264774 -5.912995
-17.165956 48.273609 -5.985746
-17.377180 48.285904 -5.440646
-17.178524 48.274677 -5.916862
-17.159872 48.282440 -5.734407
-17.099047 48.278042 -6.012078
-17.270805 48.269722 -5.835196
-17.272278 48.287170 -5.491588
-17.236401 48.266186 -5.957052
-17.219934 48.281784 -5.700673
-17.147230 48.273815 -6.015869
-17.169142 48.275227 -5.589799
-17.243450 48.284042 -5.571759
-17.083183 48.279037 -6.026448
-17.104198 48.279663 -5.922515
-17.215269 48.264664 -6.006075
-17.119062 48.287216 -5.573358
-17.266193 48.271431 -5.760113
-17.313118 48.279854 -5.558133
-17.162209 48.275295 -5.538715
-17.284515 48.278156 -5.664759
-17.162024 48.280537 -5.861919
-17.092875 48.278961 -5.889956
-17.216688 48.271103 -5.908651
-17.176651 48.283176 -5.764925
-17.316639 48.278149 -5.450016
-17.118757 48.271755 -5.977142
-17.139713 48.280006 -5.911731
-17.118780 48.284763 -5.730932
-17.059835 48.280315 -6.003863
-17.226761 48.271992 -5.831181
-17.227007 48.287540 -5.494492
-17.174414 48.281078 -5.699478
-17.194818 48.271450 -5.950398
-17.109926 48.280121 -6.007950
-17.197016 48.284405 -5.575466
-17.175638 48.270962 -5.999764
-17.224531 48.275795 -5.759556
-17.265520 48.280212 -5.562642
-17.233580 48.274403 -5.665663
-17.118204 48.279789 -5.856968
-17.278522 48.284611 -5.452111
-17.171675 48.272350 -5.904471
-17.129190 48.280434 -5.763402
-17.088099 48.282192 -5.971398
-17.099783 48.282330 -5.907449
-17.185818 48.276299 -5.826688
-17.178305 48.283894 -5.499869
-17.149391 48.270641 -5.943120
-17.138178 48.287487 -5.696835
-17.072472 48.284439 -6.001044
-17.134100 48.273224 -5.993156
-17.000113 48.277473 -6.008232
-17.185789 48.282207 -5.759504
-17.216787 48.278564 -5.567987
-17.197151 48.281826 -5.663987
-17.231758 48.283001 -5.457816
-17.135618 48.278744 -5.900844
-17.097828 48.289928 -5.761608
-17.142788 48.276585 -5.822883
-17.149048 48.296410 -5.497403
-17.116600 48.280060 -5.938015
-17.097239 48.279583 -5.988365
-17.144337 48.284554 -5.757994
-17.182724 48.289078 -5.569753
-17.152449 48.280148 -5.663969
-17.096657 48.282082 -5.896725
-17.109863 48.283020 -5.818811
-17.078028 48.281372 -5.931962
-17.061573 48.283947 -5.982802
-18.376476 48.168770 -6.378892
-18.556213 48.154778 -6.331783
-18.305784 48.171410 -6.364841
-18.356178 48.180241 -6.139076
-18.482105 48.156693 -6.336436
-18.324783 48.178928 -6.149593
-18.220997 48.172623 -6.339066
-18.412476 48.167946 -6.299062
-18.162865 48.172573 -6.445319
-18.154177 48.173393 -6.442693
-18.333881 48.165688 -6.411757
-18.174616 48.181744 -6.330401
-18.329245 48.165474 -6.403790
-18.582560 48.158844 -6.254173
-18.340347 48.168896 -6.304092
-18.217596 48.188675 -6.117537
-18.393600 48.175278 -6.107362
-18.196577 48.187508 -6.126910
-18.512323 48.158890 -6.376505
-18.508591 48.158604 -6.363621
-18.530672 48.162415 -6.276104
-18.359375 48.177017 -6.066470
-18.104202 48.184261 -6.309281
-18.253962 48.170845 -6.264793
-18.050119 48.183186 -6.410192
-18.037712 48.181911 -6.405897
-18.201258 48.200817 -5.856063
-18.205860 48.175060 -6.376894
-18.060032 48.189404 -6.300065
-18.199257 48.174809 -6.368566
-18.428129 48.168892 -6.224617
-18.209291 48.177319 -6.274786
-18.095140 48.195381 -6.096953
-18.248804 48.180630 -6.086761
-18.175894 48.206009 -5.833017
-18.369780 48.170059 -6.343015
-18.079990 48.196327 -6.107372
-18.365080 48.168755 -6.329968
-18.374323 48.169426 -6.246241
-18.233198 48.186722 -6.049227
-17.999226 48.195122 -6.281678
-18.140379 48.182613 -6.239664
-17.941372 48.189865 -6.375857
-17.927814 48.187592 -6.372382
-18.546284 48.156139 -6.302424
-18.090191 48.209965 -5.850754
-18.548323 48.158875 -6.285471
-18.092211 48.185741 -6.346684
-18.077002 48.181305 -6.335820
-17.957823 48.200333 -6.273985
-18.294369 48.178333 -6.198867
-18.095921 48.187073 -6.248709
-18.123856 48.186340 -6.068785
-18.308983 48.179882 -6.046966
-17.985271 48.203342 -6.079679
-18.240051 48.179466 -6.311905
-18.061892 48.214100 -5.827183
-18.228498 48.176033 -6.297630
-17.982237 48.207481 -6.090243
-18.245480 48.178955 -6.221392
-18.111971 48.194519 -6.032918
-18.176872 48.201736 -5.816963
-17.910572 48.208328 -6.259072
-18.041531 48.195660 -6.217223
-17.857374 48.203091 -6.350039
-18.406738 48.169449 -6.274537
-18.406843 48.170147 -6.257259
-17.848703 48.202908 -6.347430
-17.989515 48.218258 -5.844315
-18.234509 48.188637 -5.986364
-17.979807 48.191422 -6.315759
-17.975170 48.191208 -6.307791
-18.171276 48.185986 -6.176119
-17.860790 48.206341 -6.247912
-17.996120 48.198097 -6.226121
-18.195215 48.190857 -6.034017
-18.027496 48.199574 -6.054932
-18.120993 48.187096 -6.283797
-17.894419 48.213627 -6.063828
-18.111210 48.184711 -6.270849
-17.959904 48.220402 -5.822565
-18.130417 48.187748 -6.199085
-17.880661 48.211559 -6.072515
-18.070557 48.209991 -5.813556
-18.007643 48.202618 -6.018694
-18.328543 48.178646 -6.128845
-17.809473 48.211273 -6.233313
-17.943729 48.204723 -6.195031
-18.058199 48.215019 -5.769515
-18.288086 48.175774 -6.172294
-18.274172 48.176891 -6.248018
-18.590012 48.154243 -6.281624
-18.462458 48.167538 -6.249216
-18.444666 48.167301 -6.252102
-18.352234 48.175724 -6.143795
-18.323725 48.175766 -6.222998
-18.338657 48.178104 -6.123010
-18.319820 48.179783 -6.227309
-18.462547 48.167358 -6.243114
-18.281788 48.186390 -5.924578
-18.233776 48.186390 -6.123233
-18.423910 48.168125 -6.316411
-18.205622 48.186401 -6.200468
-18.420389 48.171322 -6.329951
-18.213634 48.185719 -6.105376
-18.190168 48.185173 -6.201761
-18.260424 48.193562 -5.952106
-18.324121 48.178555 -6.214871
-18.169102 48.195396 -5.917280
-18.114431 48.191040 -6.102607
-18.089569 48.192078 -6.178387
-18.284098 48.176235 -6.284918
-18.362774 48.183731 -6.033751
-18.270174 48.175194 -6.294615
-18.103546 48.193607 -6.089418
-18.079180 48.192928 -6.179545
-18.150610 48.201530 -5.940263
-18.539278 48.161255 -6.280430
-18.278727 48.176922 -6.168075
-18.445385 48.168503 -6.321278
-18.074467 48.205727 -5.911189
-18.186808 48.181774 -6.186958
-18.016668 48.200111 -6.085807
-18.232491 48.190281 -6.017216
-18.167690 48.186829 -6.258628
-17.995081 48.203178 -6.160113
-17.996460 48.198559 -6.074050
-18.151976 48.185730 -6.266986
-17.980000 48.200916 -6.159458
-18.043619 48.206577 -5.929992
-18.383350 48.170090 -6.248048
-18.156382 48.184513 -6.146860
-18.210522 48.193794 -5.958307
-18.294153 48.174355 -6.285727
-18.351759 48.179764 -6.100913
-17.978718 48.213051 -5.905960
-17.935585 48.212513 -6.071967
-18.086563 48.194744 -6.166598
-18.247324 48.171787 -6.348450
-17.911257 48.213505 -6.144794
-18.242914 48.175064 -6.366910
-18.117323 48.197090 -6.001375
-18.063089 48.197655 -6.234468
-17.919926 48.212086 -6.063045
-17.950743 48.212864 -5.920218
-17.890497 48.208118 -6.142147
-18.052458 48.197636 -6.242710
-18.062473 48.198662 -6.130674
-18.245152 48.178276 -6.218877
-18.098400 48.200760 -5.948095
-18.499601 48.164719 -6.342292
-18.263956 48.185528 -6.006695
-18.163389 48.181625 -6.254865
-18.223124 48.189270 -6.080562
-17.885340 48.217384 -5.899175
-17.838936 48.213612 -6.055496
-17.986382 48.203712 -6.146314
-17.820833 48.216690 -6.127383
-18.125740 48.181202 -6.317178
-18.020802 48.207264 -5.988846
-18.119751 48.182411 -6.333354
-17.831713 48.217388 -6.050063
-17.861029 48.217194 -5.910029
-17.958393 48.203495 -6.211386
-17.813931 48.217552 -6.126121
-17.950874 48.204521 -6.219157
-17.923290 48.231167 -5.698476
-17.967665 48.207794 -6.114406
-18.126259 48.187878 -6.195203
-18.008202 48.213120 -5.939722
-18.343578 48.173454 -6.304811
-18.147238 48.194366 -5.993590
-18.336454 48.181847 -6.174314
-17.802788 48.221935 -5.894342
-18.096552 48.192822 -6.060680
-17.768709 48.224228 -6.043644
-18.056807 48.193413 -6.230329
-18.255957 48.176121 -6.362111
-18.005709 48.223545 -5.755144
-17.898026 48.211914 -6.128177
-17.740042 48.222080 -6.112690
-18.028528 48.194115 -6.291269
-18.331163 48.183624 -6.062549
-17.931362 48.216560 -5.976594
-17.752354 48.222866 -6.038678
-17.791075 48.227890 -5.902290
-17.731380 48.220890 -6.110128
-18.219210 48.174618 -6.419524
-17.871359 48.212688 -6.191439
-18.017813 48.194214 -6.305592
-18.200830 48.173763 -6.442641
-17.831881 48.230656 -5.698222
-17.861889 48.212673 -6.198875
-17.869177 48.211838 -6.096539
-17.908148 48.215305 -5.930749
-18.033064 48.201965 -6.175081
-18.205107 48.181561 -6.271527
-18.098125 48.206120 -5.813778
-18.038588 48.202343 -5.980938
-17.788511 48.233578 -5.679155
-17.728430 48.228603 -5.888921
-17.686819 48.225616 -6.029835
-18.188932 48.185905 -6.146573
-18.001339 48.204983 -6.046322
-17.961079 48.203411 -6.207783
-17.914734 48.228985 -5.751823
-17.818331 48.221306 -6.112602
-17.673155 48.230724 -6.099441
-18.129808 48.185410 -6.327983
-17.680853 48.229496 -6.028692
-17.716282 48.233494 -5.893759
-17.845892 48.223934 -5.965090
-17.936092 48.205139 -6.267268
-17.658621 48.227417 -6.095851
-18.202173 48.193161 -6.044165
-17.784212 48.217896 -6.172553
-17.764812 48.240528 -5.697116
-18.099499 48.183975 -6.383510
-17.924587 48.204205 -6.280449
-17.776081 48.217869 -6.178198
-18.079508 48.183048 -6.404304
-17.786222 48.218204 -6.082457
-18.219028 48.198345 -5.882481
-17.825096 48.222786 -5.922729
-17.929010 48.206860 -6.154163
-18.095734 48.194271 -6.245456
-18.001345 48.216427 -5.808313
-17.862633 48.232067 -5.696620
-17.942905 48.210556 -5.969608
-17.720943 48.241493 -5.681038
-17.652006 48.230255 -5.884225
-17.621576 48.232334 -6.018946
-17.903448 48.211075 -6.030562
-17.830811 48.235542 -5.748742
-18.073637 48.194618 -6.125595
-17.861513 48.207340 -6.184642
-17.601250 48.234291 -6.086382
-17.731054 48.223534 -6.094757
-17.609415 48.232132 -6.018783
-17.643328 48.236156 -5.886625
-17.761469 48.227333 -5.953839
-17.591799 48.232063 -6.082677
-17.689823 48.242264 -5.695726
-18.013371 48.191910 -6.296672
-17.835106 48.207981 -6.240839
-17.709826 48.225357 -6.155935
-18.093023 48.204071 -6.028327
-17.991434 48.192581 -6.350627
-17.704630 48.226387 -6.162093
-17.824747 48.208050 -6.253194
-17.984959 48.196938 -6.374794
-17.716013 48.227821 -6.070623
-17.955141 48.223083 -5.725660
-17.750883 48.231438 -5.916286
-17.840672 48.214066 -6.136045
-18.107651 48.209343 -5.873352
-17.909710 48.223812 -5.802809
-17.780998 48.235752 -5.698064
-17.974892 48.196743 -6.216462
-17.644114 48.241291 -5.684429
-17.858208 48.219967 -5.959227
-17.590601 48.238163 -5.880107
-17.551479 48.234955 -6.007245
-17.746803 48.236122 -5.746758
-17.817366 48.217403 -6.016932
-17.528425 48.233841 -6.073223
-17.545816 48.236919 -6.010254
-17.574503 48.237881 -5.879234
-17.662199 48.232140 -6.081151
-17.778431 48.215611 -6.165423
-17.975037 48.205658 -6.107594
-17.623821 48.247154 -5.694892
-17.527750 48.236786 -6.071020
-17.691904 48.236000 -5.944170
-17.639389 48.231892 -6.140045
-17.757284 48.217316 -6.220520
-17.927759 48.207069 -6.273836
-18.059874 48.216389 -5.759919
-17.631453 48.230854 -6.144725
-17.747910 48.217403 -6.233053
-17.985905 48.211021 -6.012918
-17.900484 48.205582 -6.323812
-17.645060 48.233406 -6.057705
-17.888508 48.206791 -6.345004
-17.865780 48.228596 -5.724662
-17.673800 48.235039 -5.909406
-17.757250 48.221367 -6.118814
-17.996176 48.215363 -5.865302
-17.709511 48.242596 -5.699256
-17.578594 48.244255 -5.686762
-17.818932 48.228241 -5.798523
-17.891907 48.209995 -6.196165
-17.530228 48.243092 -5.876225
-17.770479 48.223339 -5.949411
-17.498028 48.242905 -5.998466
-17.681271 48.244965 -5.742896
-17.515648 48.242779 -5.872577
-17.503061 48.253075 -6.003273
-17.560011 48.249073 -5.693486
-17.590651 48.235676 -6.066125
-17.737169 48.224842 -6.004345
-17.706158 48.225090 -6.148138
-17.612480 48.234497 -5.933901
-17.875534 48.211685 -6.089511
-17.564131 48.232338 -6.123383
-17.681479 48.223690 -6.200614
-17.557339 48.232300 -6.127237
-17.965706 48.225784 -5.756974
-17.830662 48.212986 -6.248058
-17.670330 48.222725 -6.211827
-17.886675 48.217129 -5.998949
-17.801193 48.208378 -6.293625
-17.577866 48.239086 -6.046479
-17.603781 48.238758 -5.902783
-17.779402 48.232166 -5.724235
-17.793139 48.210667 -6.315507
-17.681717 48.227825 -6.103021
-17.894733 48.220562 -5.858061
-17.646233 48.250561 -5.699880
-17.525496 48.253380 -5.687174
-17.742428 48.234890 -5.793731
-17.486971 48.257294 -5.872233
-17.801165 48.216095 -6.174581
-17.695848 48.229927 -5.939877
-17.461338 48.260159 -5.991546
-17.475681 48.258011 -5.867131
-17.422880 48.248726 -6.053892
-17.609396 48.247742 -5.741035
-17.502251 48.253090 -5.692122
-17.431753 48.247715 -5.993516
-17.527763 48.240398 -6.053660
-17.410860 48.244411 -6.047720
-17.663071 48.231388 -5.991854
-17.554720 48.243404 -5.926355
-17.626122 48.227425 -6.129560
-17.504339 48.239105 -6.110423
-17.788967 48.219944 -6.072706
-17.606510 48.228104 -6.181901
-17.498531 48.239086 -6.114454
-17.868681 48.229130 -5.753604
-17.740482 48.217045 -6.223555
-17.591635 48.225044 -6.191459
-17.524542 48.250019 -6.036652
-17.795525 48.221378 -5.985446
-17.550732 48.249771 -5.897069
-17.719015 48.215572 -6.269499
-17.707268 48.239956 -5.723255
-17.716026 48.219940 -6.291245
-17.608200 48.231323 -6.087633
-17.483496 48.267685 -5.687466
-17.809536 48.228020 -5.850661
-17.572889 48.250370 -5.700843
-17.417740 48.251072 -5.867940
-17.664810 48.238533 -5.789794
-17.624990 48.235611 -5.932046
-17.389448 48.251751 -5.979692
-17.715357 48.221294 -6.153894
-17.548845 48.252686 -5.738126
-17.408920 48.253777 -5.860201
-17.471077 48.272491 -5.688188
-17.384027 48.255795 -5.986775
-17.479507 48.253410 -6.043694
-17.506128 48.255440 -5.918381
-17.559643 48.233036 -6.114394
-17.591782 48.236000 -5.980916
-17.709145 48.226353 -6.058166
-17.784597 48.234703 -5.751519
-17.522768 48.228554 -6.172846
-17.453560 48.246624 -6.024884
-17.665632 48.225433 -6.203782
-17.481779 48.248512 -5.890715
-17.719091 48.228909 -5.974548
-17.636187 48.243767 -5.722532
-17.645681 48.223934 -6.246951
-17.636837 48.225185 -6.267691
-17.554028 48.245213 -6.076587
-17.410927 48.258549 -5.690750
-17.523067 48.261517 -5.699776
-17.730246 48.235588 -5.844327
-17.371437 48.260235 -5.864491
-17.592487 48.241245 -5.784799
-17.341936 48.257812 -5.972011
-17.573236 48.249607 -5.924485
-17.644266 48.229774 -6.135815
-17.367876 48.264004 -5.855653
-17.397911 48.261303 -5.689365
-17.503639 48.265846 -5.733794
-17.333418 48.259815 -5.979583
-17.414753 48.252098 -6.030985
-17.434628 48.251091 -5.909584
-17.441563 48.268677 -5.463374
-17.541384 48.248985 -5.971584
-17.505857 48.244896 -6.101419
-17.391703 48.249771 -6.085803
-17.382362 48.246647 -6.087214
-17.523127 48.262821 -5.507671
-17.475260 48.238289 -6.147829
-17.628567 48.229725 -6.042521
-17.401306 48.252575 -6.015331
-17.704823 48.239323 -5.748195
-17.431734 48.256580 -5.885592
-17.585169 48.226696 -6.182095
-17.649706 48.237560 -5.963889
-17.585510 48.257877 -5.720245
-17.579865 48.232483 -6.227791
-17.429193 48.276577 -5.469135
-17.485498 48.244808 -6.062165
-17.377317 48.273956 -5.689493
-17.555149 48.224350 -6.241751
-17.458775 48.260483 -5.701374
-17.325197 48.265400 -5.861119
-17.646147 48.236069 -5.837241
-17.289762 48.258766 -5.962554
-17.543152 48.255344 -5.780721
-17.495655 48.245159 -5.915607
-17.317122 48.266041 -5.849483
-17.361738 48.274624 -5.685646
-17.583094 48.253532 -5.548114
-17.569157 48.232201 -6.118125
-17.286745 48.263916 -5.973102
-17.439074 48.264729 -5.731279
-17.362709 48.256035 -6.020486
-17.388067 48.259174 -5.902041
-17.400871 48.280083 -5.468017
-17.471159 48.248623 -5.960919
-17.437506 48.244476 -6.086012
-17.466625 48.266937 -5.510592
-17.348890 48.257542 -6.006781
-17.373753 48.257515 -5.880167
-17.416634 48.246269 -6.145221
-17.564459 48.238441 -6.030781
-17.637177 48.246143 -5.744995
-17.370157 48.271725 -5.475811
-17.515493 48.256714 -5.719795
-17.520996 48.233318 -6.165296
-17.575499 48.240120 -5.952457
-17.456797 48.263100 -5.475338
-17.317026 48.269005 -5.691877
-17.426550 48.249607 -6.050405
-17.414068 48.270714 -5.700229
-17.659662 48.252556 -5.591418
-17.272959 48.265469 -5.857762
-17.248154 48.264946 -5.955937
-17.312094 48.274780 -5.684790
-17.475798 48.255154 -5.776670
-17.580004 48.243858 -5.831246
-17.269318 48.268139 -5.843846
-17.444788 48.254192 -5.909303
-17.536194 48.266735 -5.547540
-17.237167 48.264961 -5.966145
-17.381557 48.264732 -5.729003
-17.506596 48.238892 -6.103649
-17.310680 48.258972 -6.010007
-17.337236 48.272217 -5.477976
-17.338427 48.264214 -5.895008
-17.421631 48.257645 -5.952825
-17.385607 48.250397 -6.074492
-17.425646 48.279259 -5.511102
-17.294764 48.257458 -5.996988
-17.326691 48.263645 -5.875615
-17.570372 48.250999 -5.742993
-17.328094 48.279045 -5.477223
-17.498623 48.243107 -6.017778
-17.420704 48.277515 -5.476697
-17.457720 48.261726 -5.718406
-17.271091 48.272251 -5.692657
-17.526859 48.255157 -5.944425
-17.456049 48.237904 -6.147373
-17.448538 48.241573 -6.188641
-17.357182 48.270767 -5.700098
-17.373491 48.255524 -6.039690
-17.230833 48.270695 -5.854116
-17.506342 48.271076 -5.487183
-17.432449 48.236626 -6.205124
-17.588062 48.255413 -5.593665
-17.202673 48.267052 -5.948687
-17.266516 48.278000 -5.683602
-17.224482 48.269295 -5.838761
-17.424591 48.263218 -5.772353
-17.195414 48.269157 -5.960550
-17.390049 48.259151 -5.902366
-17.532784 48.259983 -5.826501
-17.337255 48.271935 -5.725947
-17.468254 48.264706 -5.552561
-17.459652 48.253887 -6.091858
-17.295641 48.278606 -5.482537
-17.260635 48.260948 -5.999901
-17.292706 48.270332 -5.888664
-17.362392 48.258480 -5.943110
-17.333887 48.256302 -6.061986
-17.365965 48.275356 -5.515614
-17.249237 48.262562 -5.989680
-17.284756 48.282383 -5.480504
-17.274790 48.264683 -5.870271
-17.517939 48.263058 -5.739406
-17.356054 48.271629 -5.486440
-17.400978 48.263763 -5.717253
-17.454098 48.258209 -6.009471
-17.227287 48.276524 -5.692788
-17.416945 48.255054 -6.136964
-17.452570 48.251736 -5.934092
-17.309458 48.273964 -5.699539
-17.185642 48.271885 -5.850999
-17.318527 48.257404 -6.028697
-17.445257 48.271179 -5.493408
-17.162260 48.271236 -5.941301
-17.534130 48.266502 -5.592871
-17.214968 48.274120 -5.682467
-17.182566 48.272507 -5.834169
-17.288918 48.274078 -5.723262
-17.152868 48.272324 -5.953813
-17.366430 48.264168 -5.767912
-17.336327 48.262135 -5.895645
-17.422386 48.274933 -5.552222
-17.529894 48.260834 -5.509873
-17.454863 48.254566 -5.819610
-17.247705 48.278934 -5.489100
-17.217432 48.266060 -5.990981
-17.384686 48.247318 -6.074340
-17.241192 48.269337 -5.881391
-17.308073 48.259411 -5.934282
-17.283989 48.260262 -6.050858
-17.324064 48.283661 -5.516023
-17.234125 48.277641 -5.485648
-17.206839 48.267708 -5.981921
-17.234777 48.271935 -5.865957
-17.318863 48.282047 -5.488682
-17.191662 48.283916 -5.692314
-17.448309 48.259865 -5.737026
-17.349302 48.267883 -5.715965
-17.380550 48.252724 -5.995241
-17.147469 48.276192 -5.848082
-17.257505 48.273113 -5.700315
-17.401091 48.259720 -5.925662
-17.346254 48.249531 -6.118169
-17.391386 48.273388 -5.498868
-17.267660 48.260345 -6.017411
-17.338308 48.252132 -6.156326
-17.122667 48.274460 -5.935097
-17.180681 48.281502 -5.680203
-17.145716 48.277802 -5.829443
-17.326286 48.250248 -6.172478
-17.463594 48.264381 -5.595391
-17.115051 48.276600 -5.948928
-17.242535 48.277260 -5.720912
-17.318224 48.269295 -5.764185
-17.289621 48.268234 -5.889123
-17.364967 48.275032 -5.555043
-17.472216 48.265945 -5.513582
-17.205011 48.281322 -5.494545
-17.408689 48.266712 -5.815118
-17.174067 48.270187 -5.983062
-17.195551 48.270462 -5.875144
-17.341742 48.258396 -6.063336
-17.274710 48.282902 -5.519299
-17.232365 48.260170 -6.038469
-17.261545 48.265495 -5.926776
-17.164473 48.270855 -5.974200
-17.188959 48.273071 -5.860694
-17.262779 48.277252 -5.495890
-17.143694 48.280148 -5.693857
-17.299789 48.271023 -5.714067
-17.400038 48.268986 -5.733222
-17.216993 48.278412 -5.698991
-17.110441 48.281502 -5.844339
-17.336088 48.263828 -5.987011
-17.341967 48.276627 -5.502068
-17.133101 48.275703 -5.679817
-17.352564 48.267765 -5.917763
-17.294727 48.254421 -6.104699
-17.222506 48.264420 -6.008154
-17.083269 48.276665 -5.927927
-17.106752 48.281075 -5.825383
-17.078217 48.280895 -5.944220
-17.417696 48.276608 -5.595013
-17.198326 48.278469 -5.717972
-17.266953 48.270386 -5.760986
-17.239866 48.269295 -5.883151
-17.433527 48.280273 -5.512440
-17.312790 48.277199 -5.556744
-17.130926 48.271301 -5.974218
-17.154781 48.274677 -5.869726
-17.347788 48.265591 -5.809200
-17.286165 48.259228 -6.050217
-17.225370 48.281143 -5.522594
-17.215244 48.268566 -5.918345
-17.188354 48.265247 -6.028386
-17.149963 48.278343 -5.856596
-17.122898 48.275040 -5.967620
-17.221571 48.281616 -5.498521
-17.251291 48.272186 -5.712384
-17.351622 48.276131 -5.730440
-17.175335 48.282707 -5.698493
-17.276285 48.260616 -5.975227
-17.292387 48.278881 -5.506269
-17.296129 48.266674 -5.909603
-17.175428 48.265457 -5.998600
-17.246170 48.258369 -6.091781
-17.157040 48.281734 -5.715526
-17.223843 48.275593 -5.757163
-17.349192 48.270535 -5.597964
-17.116785 48.279049 -5.505036
-17.193241 48.270397 -5.876726
-17.267824 48.281467 -5.557682
-17.365314 48.273285 -5.519525
-17.119076 48.280975 -5.864174
-17.096529 48.279583 -5.966836
-17.115919 48.281796 -5.492636
-17.292759 48.266586 -5.804307
-17.181290 48.280449 -5.524790
-17.234510 48.261135 -6.037789
-17.169779 48.269672 -5.911114
-17.148281 48.270401 -6.019013
-17.110985 48.282616 -5.852517
-17.084467 48.278267 -5.960609
-17.171570 48.276924 -5.505810
-17.212875 48.280502 -5.710374
-17.129675 48.279949 -5.698405
-17.294155 48.273136 -5.728221
-17.248066 48.282204 -5.509372
-17.243778 48.267647 -5.901129
-17.232050 48.268707 -5.966070
-17.139839 48.275738 -5.991986
-17.203289 48.265450 -6.080853
-17.117914 48.284023 -5.712470
-17.179798 48.277782 -5.753219
-17.159264 48.280746 -5.872435
-17.306648 48.279789 -5.596208
-17.330755 48.286674 -5.518128
-17.220938 48.282696 -5.558322
-17.061035 48.283871 -5.960339
-17.246861 48.272720 -5.798947
-17.194387 48.269287 -6.028358
-17.129351 48.274857 -5.903709
-17.106270 48.273518 -6.009324
-17.120810 48.269199 -5.511996
-17.171412 48.283787 -5.708911
-17.250837 48.280361 -5.725342
-17.205873 48.286545 -5.511826
-17.202171 48.273827 -5.894512
-17.098652 48.277889 -5.983478
-17.184780 48.270760 -5.957480
-17.155746 48.267418 -6.068150
-17.113655 48.279869 -5.866226
-17.136738 48.279995 -5.749452
-17.276140 48.284855 -5.522504
-17.252567 48.277920 -5.597632
-17.179104 48.287006 -5.558807
-17.200815 48.276871 -5.794609
-17.149603 48.272331 -6.017152
-17.092663 48.281136 -5.897979
-17.069939 48.279766 -6.001626
-17.121832 48.279949 -5.708132
-17.202534 48.280506 -5.722695
-17.063303 48.284157 -5.975957
-17.164631 48.283070 -5.887561
-17.143545 48.275909 -5.948914
-17.117786 48.274597 -6.058109
-17.259024 48.284714 -5.375081
-17.227947 48.284100 -5.524974
-17.202747 48.278095 -5.597759
-17.106640 48.273430 -6.007321
-17.154997 48.278011 -5.789343
-17.161230 48.284775 -5.720226
-17.120167 48.283195 -5.880523
-17.099260 48.276024 -5.940892
-17.078875 48.279755 -6.047925
-17.189194 48.291451 -5.524946
-17.156040 48.279308 -5.597410
-17.073376 48.283718 -5.999093
-17.115120 48.281944 -5.717007
-17.040174 48.282898 -6.036799
-18.544443 48.173328 -6.283683
-18.586599 48.174984 -6.281427
-18.532482 48.174370 -6.282414
-18.549065 48.179958 -6.270134
-18.498804 48.179447 -6.358379
-18.522552 48.176369 -6.361929
-18.497551 48.178829 -6.332708
-18.535076 48.177711 -6.338811
-18.550083 48.178535 -6.254076
-18.414675 48.188438 -6.254701
-18.430061 48.182178 -6.248607
-18.397577 48.184521 -6.253606
-18.405909 48.187176 -6.241878
-18.356947 48.186493 -6.323247
-18.369078 48.181416 -6.323634
-18.362040 48.188931 -6.301750
-18.398499 48.189487 -6.130471
-18.383413 48.186771 -6.301773
-18.398483 48.188717 -6.222111
-18.317276 48.183456 -6.393198
-18.315971 48.182709 -6.362430
-18.320269 48.181568 -6.398902
-18.341337 48.191936 -6.174579
-18.262115 48.179554 -6.464315
-18.278057 48.184566 -6.428514
-18.319820 48.192696 -6.159294
-18.280729 48.194592 -6.226173
-18.292019 48.190365 -6.220272
-18.271328 48.193684 -6.227474
-18.273556 48.193378 -6.215687
-18.316711 48.198341 -6.062866
-18.357475 48.200916 -6.057270
-18.225719 48.193542 -6.291137
-18.231598 48.195007 -6.270832
-18.242783 48.191452 -6.292380
-18.293444 48.195053 -6.126761
-18.278811 48.198807 -6.112700
-18.332016 48.201927 -5.928232
-18.251217 48.195820 -6.269429
-18.264185 48.196918 -6.195499
-18.184021 48.189388 -6.355643
-18.192190 48.191669 -6.328624
-18.300278 48.202000 -6.004692
-18.194902 48.191483 -6.362736
-18.216486 48.199173 -6.151813
-18.150108 48.193367 -6.427519
-18.198889 48.198929 -6.137295
-18.149290 48.190422 -6.388755
-18.258114 48.211143 -5.958819
-18.280743 48.203972 -5.876749
-18.160543 48.200722 -6.200244
-18.233042 48.205921 -5.983738
-18.274744 48.203579 -5.940779
-18.159811 48.201820 -6.204150
-18.160872 48.201542 -6.193159
-18.173624 48.198513 -6.195648
-18.196014 48.203674 -6.045006
-18.130522 48.207569 -6.267692
-18.232687 48.209274 -6.039577
-18.120455 48.203094 -6.245543
-18.164015 48.205128 -6.095929
-18.221645 48.210430 -5.920385
-18.179228 48.204288 -6.106971
-18.130062 48.201492 -6.264707
-18.130615 48.202881 -6.240343
-18.087595 48.202320 -6.327921
-18.141859 48.204079 -6.170156
-18.098356 48.206642 -6.303374
-18.178850 48.208427 -5.990736
-18.111105 48.207397 -6.133717
-18.082924 48.201424 -6.331133
-18.102745 48.210079 -6.118832
-18.038858 48.201210 -6.392035
-18.051273 48.203308 -6.358696
-18.145149 48.216610 -5.948523
-18.127710 48.213272 -5.970763
-18.062984 48.210808 -6.178488
-18.172167 48.218048 -5.811068
-18.164476 48.211487 -5.867811
-18.070629 48.213688 -6.175786
-18.057131 48.208946 -6.182519
-18.081804 48.212608 -6.175890
-18.099131 48.214928 -6.030472
-18.163181 48.214981 -5.928558
-18.017750 48.210621 -6.240186
-18.070070 48.215378 -6.081977
-18.125233 48.220882 -5.914106
-18.027018 48.214146 -6.223522
-18.122843 48.219578 -6.023635
-18.069908 48.210526 -6.088180
-18.028133 48.209515 -6.239123
-18.024759 48.210911 -6.214015
-17.989189 48.212261 -6.299898
-17.995626 48.213646 -6.276646
-18.026581 48.220554 -6.118415
-18.040003 48.214222 -6.149621
-18.079439 48.218761 -5.978802
-17.978786 48.208355 -6.301086
-18.003426 48.215275 -6.100939
-18.052235 48.225983 -5.939877
-17.943947 48.210072 -6.361646
-18.033373 48.220577 -5.958847
-17.955204 48.213196 -6.329080
-18.072411 48.224560 -5.806292
-17.973095 48.219906 -6.159222
-17.966057 48.216072 -6.164099
-17.971682 48.218834 -6.155928
-18.081034 48.223114 -5.749931
-18.059198 48.217964 -5.859957
-18.009304 48.225143 -6.016279
-17.975180 48.216743 -6.153589
-18.052382 48.221416 -5.917624
-18.025831 48.225349 -5.907413
-17.925447 48.216656 -6.217488
-17.977077 48.221638 -6.068305
-17.931391 48.219238 -6.202256
-18.019049 48.225853 -6.007922
-17.975534 48.219707 -6.071117
-17.934069 48.217525 -6.215023
-18.081619 48.233276 -5.757922
-17.888573 48.214245 -6.272679
-17.934269 48.220959 -6.192574
-17.898962 48.218616 -6.250097
-17.989050 48.228058 -5.967579
-17.927259 48.224751 -6.100545
-17.945198 48.222332 -6.129450
-17.919849 48.223438 -6.085943
-17.892975 48.219299 -6.276434
-17.960293 48.233360 -5.931463
-17.939999 48.224884 -5.947188
-17.851963 48.215935 -6.331885
-17.982063 48.231983 -5.800215
-17.877121 48.221176 -6.145114
-17.878422 48.221001 -6.138238
-17.998373 48.232544 -5.746273
-17.880409 48.223995 -6.138536
-17.861071 48.219086 -6.299930
-17.912350 48.226418 -6.001986
-17.973183 48.229321 -5.852561
-17.891003 48.225861 -6.136418
-17.938421 48.231770 -5.901917
-17.887022 48.225891 -6.055239
-17.955523 48.227802 -5.908307
-17.841812 48.223698 -6.197419
-17.845781 48.225285 -6.181839
-17.847479 48.223576 -6.194420
-17.981085 48.239456 -5.698030
-17.889015 48.227875 -6.055563
-17.917015 48.229156 -5.993633
-17.980968 48.237125 -5.725555
-17.984623 48.238811 -5.754707
-17.810421 48.223202 -6.250542
-17.841690 48.228928 -6.085274
-17.842947 48.225994 -6.170085
-17.892530 48.230400 -5.956393
-17.815699 48.225613 -6.228062
-17.859060 48.231449 -6.111907
-17.839401 48.230576 -6.070545
-17.804176 48.224255 -6.251369
-17.861408 48.231762 -5.921968
-17.861570 48.232140 -5.937259
-17.910385 48.236042 -5.743796
-17.810781 48.233105 -6.125132
-17.799807 48.228283 -6.129291
-17.899576 48.239388 -5.795622
-17.803102 48.232098 -6.122688
-17.768461 48.222832 -6.305735
-17.776394 48.225010 -6.274601
-17.834311 48.235615 -5.990043
-17.880039 48.231731 -5.845064
-17.806982 48.230957 -6.118361
-17.852158 48.235168 -5.895696
-17.805819 48.231133 -6.043818
-17.762093 48.228737 -6.178139
-17.869860 48.236118 -5.899017
-17.768841 48.232342 -6.164051
-17.908411 48.242447 -5.679118
-17.900618 48.246983 -5.698905
-17.766972 48.229591 -6.173949
-17.805424 48.233044 -6.040638
-17.834042 48.235371 -5.980834
-17.886518 48.238712 -5.724959
-17.895674 48.244308 -5.751995
-17.770906 48.239063 -6.072641
-17.733240 48.230160 -6.228638
-17.810959 48.235691 -5.946937
-17.741102 48.233612 -6.208655
-17.762257 48.232037 -6.150595
-17.768593 48.237717 -6.057985
-17.769136 48.234562 -6.092783
-17.786076 48.237389 -5.927934
-17.725033 48.231220 -6.229093
-17.791477 48.242046 -5.915600
-17.834768 48.242435 -5.740527
-17.730299 48.235252 -6.109854
-17.815088 48.241810 -5.790778
-17.731871 48.239170 -6.106996
-17.700525 48.233723 -6.283440
-17.759188 48.240818 -5.978753
-17.699392 48.230946 -6.251739
-17.805006 48.241051 -5.838775
-17.785969 48.245472 -5.891053
-17.737585 48.238319 -6.033780
-17.730656 48.238060 -6.102721
-17.692215 48.235756 -6.160667
-17.828720 48.247005 -5.681233
-17.697599 48.238415 -6.148382
-17.785151 48.240440 -5.890010
-17.816000 48.249554 -5.700141
-17.723783 48.236214 -6.026133
-17.688232 48.233631 -6.154878
-17.756975 48.242577 -5.969124
-17.811533 48.247158 -5.723790
-17.806705 48.246815 -5.749355
-17.698122 48.244217 -6.059758
-17.658800 48.234146 -6.208345
-17.688892 48.237888 -6.043923
-17.740597 48.244904 -5.937460
-17.666475 48.237621 -6.189345
-17.688454 48.239063 -6.132380
-17.709570 48.238651 -5.918520
-17.764050 48.246830 -5.738234
-17.696741 48.241657 -6.077886
-17.725645 48.250305 -5.909040
-17.643076 48.231174 -6.205447
-17.667553 48.244354 -6.097748
-17.746916 48.249119 -5.785836
-17.658646 48.242249 -6.091028
-17.683062 48.243034 -5.967349
-17.700636 48.241886 -5.885185
-17.617947 48.232635 -6.257667
-17.669338 48.243519 -6.023788
-17.726978 48.244389 -5.832072
-17.621565 48.232872 -6.227803
-17.657429 48.241146 -6.086752
-17.752941 48.249561 -5.684139
-17.621138 48.238815 -6.144087
-17.625542 48.241474 -6.131616
-17.746891 48.255993 -5.700133
-17.773306 48.250347 -5.641137
-17.697458 48.239777 -5.880565
-17.620304 48.238655 -6.137824
-17.653948 48.241364 -6.013804
-17.737497 48.251606 -5.722903
-17.686785 48.249771 -5.958712
-17.737181 48.254177 -5.746191
-17.624317 48.244381 -6.046808
-17.625134 48.243000 -6.031727
-17.588291 48.238125 -6.188793
-17.662928 48.246193 -5.928841
-17.646051 48.243858 -5.910439
-17.617575 48.243092 -6.114792
-17.693510 48.250198 -5.734980
-17.649748 48.250618 -5.901799
-17.594908 48.243492 -6.084026
-17.589426 48.241581 -6.086092
-17.621555 48.244743 -6.061544
-17.672436 48.250500 -5.781889
-17.579290 48.239159 -6.188080
-17.598047 48.250324 -6.078332
-17.623873 48.251175 -5.957973
-17.636381 48.247189 -5.881034
-17.603058 48.247704 -6.014192
-17.553734 48.239540 -6.237193
-17.659973 48.250668 -5.826356
-17.686592 48.255016 -5.685695
-17.559130 48.239799 -6.208682
-17.607693 48.256187 -6.075930
-17.560181 48.244537 -6.117133
-17.678747 48.259426 -5.700385
-17.701946 48.255627 -5.593901
-17.703234 48.257774 -5.640919
-17.632816 48.248997 -5.873182
-17.565998 48.249660 -6.124206
-17.583115 48.243507 -6.001363
-17.670725 48.256985 -5.721326
-17.615774 48.252941 -5.947228
-17.576168 48.258469 -6.038346
-17.668631 48.259533 -5.743260
-17.563162 48.248127 -6.020885
-17.607510 48.257347 -5.921116
-17.582525 48.247066 -5.902406
-17.533943 48.246605 -6.153853
-17.633001 48.255516 -5.732553
-17.565063 48.256115 -6.102479
-17.594923 48.259823 -5.896274
-17.614279 48.257759 -5.777820
-17.556021 48.248829 -6.048018
-17.544521 48.259357 -6.065931
-17.518637 48.246109 -6.170312
-17.588455 48.259377 -5.876735
-17.566839 48.259285 -5.947986
-17.557659 48.260815 -6.007293
-17.623184 48.259464 -5.687832
-17.599058 48.257912 -5.820747
-17.491470 48.244450 -6.217137
-17.535234 48.254295 -6.061250
-17.502625 48.250858 -6.115237
-17.611591 48.262859 -5.700821
-17.638704 48.263992 -5.552191
-17.637753 48.261051 -5.594846
-17.546181 48.262520 -5.992857
-17.500015 48.250679 -6.107620
-17.580357 48.261143 -5.865990
-17.628819 48.259274 -5.642068
-17.620291 48.270248 -5.719579
-17.566462 48.267056 -5.939562
-17.524055 48.264172 -6.013062
-17.508259 48.257618 -6.026534
-17.602226 48.263866 -5.739742
-17.544029 48.263157 -5.896734
-17.469524 48.248077 -6.155876
-17.542006 48.258564 -5.912760
-17.570507 48.257847 -5.729827
-17.530218 48.261059 -5.889085
-17.481167 48.254681 -6.062207
-17.493168 48.254150 -6.084851
-17.558275 48.264996 -5.773139
-17.475986 48.256462 -6.052017
-17.513979 48.265881 -6.039614
-17.516085 48.254738 -5.872322
-17.487383 48.256023 -5.997172
-17.473375 48.259075 -6.157333
-17.502497 48.259476 -5.938857
-17.566042 48.263855 -5.689118
-17.531029 48.258205 -5.814991
-17.475597 48.258373 -6.048837
-17.448170 48.255627 -6.091570
-17.440933 48.250679 -6.172793
-17.560940 48.272156 -5.700152
-17.579601 48.268383 -5.553105
-17.571194 48.262535 -5.597480
-17.470177 48.254719 -5.980712
-17.546198 48.265713 -5.718909
-17.446480 48.257717 -6.095265
-17.559677 48.259716 -5.642205
-17.507580 48.258427 -5.858395
-17.451181 48.256340 -6.000492
-17.454334 48.262707 -6.016193
-17.491280 48.262272 -5.928512
-17.534578 48.272984 -5.726701
-17.477514 48.260380 -5.888289
-17.552158 48.276081 -5.736053
-17.485369 48.262756 -5.906001
-17.475357 48.265274 -5.883680
-17.496935 48.265301 -5.769664
-17.442595 48.263180 -6.073005
-17.480165 48.270878 -5.869171
-17.425203 48.262520 -6.041226
-17.443947 48.268135 -5.990667
-17.452333 48.266579 -5.930192
-17.528585 48.280067 -5.688728
-17.439533 48.260002 -6.024658
-17.406754 48.256054 -6.138692
-17.393715 48.257927 -6.089345
-17.478151 48.264412 -5.809907
-17.423832 48.264435 -6.037860
-17.497869 48.271568 -5.700445
-17.384090 48.256310 -6.183264
-17.562225 48.274418 -5.510965
-17.537020 48.280636 -5.552866
-17.539892 48.276569 -5.510756
-17.529993 48.277729 -5.595388
-17.496904 48.274956 -5.716460
-17.395079 48.262730 -6.082348
-17.422190 48.264793 -5.971363
-17.411055 48.267399 -5.992604
-17.404156 48.267818 -6.007576
-17.461020 48.270565 -5.852315
-17.523996 48.280815 -5.637949
-17.466928 48.267361 -5.724222
-17.446053 48.272362 -5.920702
-17.430908 48.267529 -5.882331
-17.485516 48.273453 -5.733686
-17.436012 48.270882 -5.898479
-17.540735 48.282040 -5.490407
-17.424437 48.270485 -5.878992
-17.448978 48.272499 -5.765485
-17.388233 48.266201 -6.059579
-17.417017 48.267174 -5.864439
-17.377369 48.268574 -6.030992
-17.387642 48.267288 -5.982065
-17.398998 48.268723 -5.922073
-17.453890 48.269619 -5.691151
-17.388754 48.266060 -6.013866
-17.357531 48.264034 -6.125090
-17.497257 48.276031 -5.478263
-17.423290 48.267632 -5.804526
-17.452318 48.280834 -5.699720
-17.368103 48.265511 -6.026261
-17.506683 48.278854 -5.514585
-17.477833 48.273109 -5.516405
-17.472204 48.277153 -5.556975
-17.465557 48.275196 -5.597508
-17.440300 48.276279 -5.714870
-17.358891 48.269516 -5.983688
-17.344654 48.266743 -6.069640
-17.371210 48.268879 -5.961602
-17.351990 48.269936 -5.998661
-17.424881 48.276543 -5.721108
-17.380335 48.269691 -5.875752
-17.401409 48.270775 -5.845095
-17.450497 48.273335 -5.639501
-17.385824 48.271526 -5.911355
-17.480755 48.279900 -5.468927
-17.436405 48.281677 -5.730278
-17.380339 48.272083 -5.891977
-17.479677 48.280575 -5.496192
-17.371717 48.272678 -5.873024
-17.395878 48.273743 -5.761506
-17.370016 48.271378 -5.860518
-17.336821 48.269218 -6.046709
-17.338245 48.270428 -5.974664
-17.328539 48.272636 -6.020619
-17.411091 48.277905 -5.691990
-17.352566 48.273853 -5.915181
-17.306482 48.266003 -6.110281
-17.336000 48.270130 -6.002750
-17.462570 48.292263 -5.479411
-17.400635 48.283146 -5.699035
-17.376507 48.274803 -5.799549
-17.440332 48.283329 -5.516160
-17.319275 48.269573 -6.015889
-17.466259 48.291077 -5.513734
-17.425465 48.283447 -5.557120
-17.309849 48.270607 -5.974372
-17.384674 48.276604 -5.713490
-17.413708 48.279530 -5.597755
-17.371384 48.274841 -5.719167
-17.333700 48.272846 -5.869891
-17.300978 48.270031 -5.988997
-17.291256 48.266769 -6.056472
-17.316078 48.268009 -5.952201
-17.442719 48.292191 -5.471580
-17.340578 48.278622 -5.903617
-17.348703 48.273968 -5.839101
-17.398844 48.278641 -5.638741
-17.326799 48.271259 -5.884913
-17.384111 48.283943 -5.727442
-17.429050 48.285004 -5.500740
-17.325888 48.276855 -5.868306
-17.346912 48.276951 -5.757237
-17.316902 48.270626 -5.856586
-17.292778 48.273560 -5.968006
-17.277704 48.271709 -6.009997
-17.360207 48.280243 -5.692472
-17.304333 48.275963 -5.907007
-17.286209 48.272263 -6.035007
-17.396790 48.283920 -5.488552
-17.286175 48.272194 -5.992240
-17.341455 48.277561 -5.700191
-17.257223 48.268997 -6.096799
-17.386894 48.281750 -5.519314
-17.325550 48.275024 -5.794982
-17.402031 48.284653 -5.520065
-17.271227 48.271660 -6.006732
-17.370054 48.280876 -5.559928
-17.325169 48.277073 -5.716462
-17.261599 48.270725 -5.966247
-17.340273 48.282852 -5.712041
-17.288042 48.275005 -5.864239
-17.363993 48.281837 -5.597440
-17.257681 48.275135 -5.981678
-17.271976 48.272087 -5.943739
-17.245552 48.269806 -6.045698
-17.379890 48.284840 -5.481253
-17.300110 48.277126 -5.832867
-17.288219 48.278770 -5.895731
-17.332796 48.285210 -5.724814
-17.277092 48.278046 -5.863103
-17.381935 48.290352 -5.502873
-17.346186 48.280956 -5.637868
-17.281168 48.276413 -5.879188
-17.280933 48.279781 -5.853603
-17.303854 48.282146 -5.754034
-17.247295 48.274696 -5.961396
-17.316584 48.284519 -5.692239
-17.235752 48.275757 -6.000924
-17.258862 48.278095 -5.900373
-17.239704 48.274273 -6.023089
-17.354591 48.290257 -5.491589
-17.346048 48.288036 -5.520573
-17.302168 48.285770 -5.698638
-17.242270 48.277248 -5.982771
-17.213865 48.272976 -6.084407
-17.280905 48.280174 -5.789442
-17.226313 48.273720 -5.997151
-17.327425 48.286140 -5.559857
-17.363567 48.295876 -5.519608
-17.222404 48.274796 -5.958713
-17.281910 48.280296 -5.714289
-17.247496 48.279125 -5.858484
-17.288748 48.281147 -5.710469
-17.315264 48.284145 -5.597310
-17.218506 48.281200 -5.974095
-17.335146 48.288265 -5.486939
-17.205759 48.274826 -6.035989
-17.226879 48.274170 -5.935140
-17.332251 48.289791 -5.507728
-17.243925 48.281876 -5.888275
-17.238651 48.279541 -5.873085
-17.235195 48.282219 -5.859126
-17.252495 48.279289 -5.826843
-17.235880 48.280991 -5.850125
-17.282457 48.285477 -5.722396
-17.253674 48.279396 -5.750707
-17.296652 48.282246 -5.636594
-17.207743 48.279816 -5.955801
-17.272758 48.286819 -5.693038
-17.193804 48.279812 -5.991850
-17.218513 48.283192 -5.893610
-17.346596 48.292263 -5.410602
-17.200911 48.281288 -6.013516
-17.297709 48.286427 -5.523674
-17.303732 48.288727 -5.497264
-17.257540 48.287052 -5.698293
-17.198351 48.280304 -5.973350
-17.230909 48.277397 -5.785133
-17.172287 48.276978 -6.073368
-17.287937 48.292377 -5.559335
-17.315430 48.296238 -5.521677
-17.188316 48.280762 -5.988746
-17.241793 48.284492 -5.711667
-17.185019 48.281883 -5.952459
-17.203796 48.280281 -5.853227
-17.250620 48.288334 -5.708144
-17.178141 48.284302 -5.967381
-17.270647 48.286423 -5.596940
-17.290585 48.290665 -5.491666
-17.163988 48.277855 -6.025957
-17.186718 48.279240 -5.927394
-17.195440 48.285370 -5.854563
-17.195940 48.284164 -5.846544
-17.202072 48.287647 -5.867974
-17.282764 48.290207 -5.511575
-17.205570 48.289963 -5.881810
-17.219067 48.288494 -5.745943
-17.241554 48.290646 -5.718581
-17.212963 48.286404 -5.821198
-17.249084 48.283531 -5.635691
-17.233261 48.292061 -5.692540
-17.171152 48.286930 -5.950715
-17.154791 48.282860 -5.983357
-17.179140 48.287289 -5.887058
-17.249352 48.282818 -5.526823
-17.262495 48.292068 -5.500560
-17.157171 48.283325 -6.003136
-17.295946 48.292702 -5.415245
-17.222378 48.296230 -5.696476
-17.225983 48.277916 -5.564268
-17.196304 48.286499 -5.780369
-17.205788 48.288651 -5.708804
-17.266123 48.295628 -5.524565
-17.156397 48.283360 -5.964299
-17.151297 48.286800 -5.980551
-17.136646 48.285965 -6.063320
-17.145803 48.282959 -5.944997
-17.166203 48.284397 -5.848028
-17.210506 48.292526 -5.705520
-17.139750 48.288399 -5.961014
-17.243849 48.290104 -5.497077
-17.220701 48.282772 -5.597752
-17.151484 48.286301 -5.920528
-17.129133 48.285866 -6.017101
-17.158649 48.290508 -5.850507
-17.240713 48.291531 -5.513751
-17.158964 48.289330 -5.843471
-17.182083 48.292660 -5.742895
-17.160536 48.289776 -5.862081
-17.164217 48.292068 -5.874934
-17.202433 48.295837 -5.716118
-17.131567 48.288059 -5.945217
-17.192574 48.294338 -5.692912
-17.167309 48.287567 -5.815568
-17.205835 48.286755 -5.633516
-17.118744 48.287899 -5.975372
-17.139742 48.288387 -5.880579
-17.200785 48.276245 -5.531027
-17.233259 48.305225 -5.499758
-17.122309 48.290337 -5.994305
-17.171415 48.288589 -5.697200
-17.227612 48.300865 -5.524253
-17.111103 48.287880 -5.972903
-17.112534 48.290016 -5.938502
-17.097206 48.287941 -6.051718
-17.119379 48.289402 -5.956103
-17.133728 48.291477 -5.842701
-17.232731 48.318027 -5.492189
-17.105490 48.294460 -5.954358
-17.110312 48.287380 -5.912694
-17.092285 48.289886 -6.007972
-17.094143 48.290157 -5.939084
-17.193754 48.275776 -5.391233
-17.193220 48.284653 -5.426529
-17.155264 48.285976 -5.508900
-18.550312 48.186985 -6.318884
-18.561483 48.199821 -6.255382
-18.529369 48.197678 -6.257361
-18.470985 48.192577 -6.324663
-18.485804 48.198334 -6.307982
-18.473051 48.197479 -6.325917
-18.427269 48.197910 -6.361844
-18.441452 48.202778 -6.348128
-18.412188 48.199009 -6.288539
-18.332033 48.197155 -6.482987
-18.419107 48.206200 -6.229500
-18.391104 48.203823 -6.231268
-18.341497 48.201160 -6.296118
-18.351898 48.205200 -6.280676
-18.334517 48.202541 -6.295732
-18.400602 48.207314 -6.064809
-18.287693 48.200642 -6.357021
-18.300913 48.206310 -6.332898
-18.354553 48.209408 -6.169943
-18.350998 48.204655 -6.129660
-18.306612 48.210567 -6.315514
-18.229832 48.200592 -6.428332
-18.273720 48.205067 -6.258337
-18.192705 48.200089 -6.487382
-18.207598 48.205212 -6.444236
-18.293510 48.213711 -6.206850
-18.262522 48.207474 -6.207150
-18.222483 48.207241 -6.270722
-18.236475 48.212139 -6.257987
-18.214966 48.209599 -6.268160
-18.328873 48.224884 -6.004389
-18.282671 48.214581 -6.049777
-18.183380 48.212868 -6.331219
-18.288023 48.226929 -6.077919
-18.232912 48.213821 -6.152248
-18.188528 48.214966 -6.305647
-18.236891 48.213619 -6.111238
-18.278193 48.217663 -6.000894
-18.305056 48.225410 -5.970179
-18.183474 48.216763 -6.285236
-18.114563 48.207256 -6.394474
-18.153736 48.211197 -6.232754
-18.082048 48.208435 -6.451307
-18.096689 48.212601 -6.409164
-18.187742 48.224194 -6.187961
-18.155001 48.215004 -6.185983
-18.117052 48.213642 -6.248981
-18.132084 48.219486 -6.236416
-18.224455 48.234497 -5.993948
-18.108940 48.215981 -6.244267
-18.175711 48.221256 -6.035884
-18.081905 48.219944 -6.305130
-18.140400 48.225689 -6.138951
-18.195721 48.231380 -5.962984
-18.186703 48.239254 -6.062892
-18.092594 48.225819 -6.283565
-18.135582 48.222927 -6.095298
-18.220718 48.227440 -5.814065
-18.166809 48.225639 -5.989155
-18.193892 48.225334 -5.872117
-18.077955 48.225067 -6.259339
-18.013981 48.216179 -6.364420
-17.985954 48.217052 -6.419080
-18.077593 48.226925 -6.168489
-18.052664 48.221340 -6.210718
-18.065096 48.224648 -6.169194
-18.003080 48.223160 -6.380411
-18.020693 48.220551 -6.227973
-18.036381 48.227406 -6.217540
-18.125671 48.242847 -5.985669
-18.080820 48.229286 -6.023277
-18.022732 48.228352 -6.225047
-18.049866 48.234440 -6.125130
-17.985146 48.226799 -6.280989
-18.102680 48.240459 -5.956818
-17.992527 48.229877 -6.259895
-18.125216 48.234699 -5.809521
-18.046343 48.233582 -6.080645
-18.072859 48.242271 -6.046772
-18.107096 48.237061 -5.866056
-18.062481 48.233231 -5.977788
-17.983027 48.232853 -6.236543
-18.143423 48.251163 -5.789059
-17.928867 48.227348 -6.339342
-17.993441 48.237293 -6.153817
-17.895243 48.223450 -6.390018
-17.970140 48.228542 -6.150603
-17.962368 48.230930 -6.190802
-17.906376 48.227871 -6.350242
-17.930883 48.225151 -6.209341
-17.947420 48.232986 -6.200058
-17.994684 48.235867 -6.012427
-18.024832 48.246292 -5.976143
-17.930309 48.232044 -6.203900
-17.957087 48.238319 -6.111041
-18.009600 48.245525 -5.949766
-17.896954 48.232243 -6.259586
-18.037554 48.241558 -5.806519
-17.904144 48.235355 -6.239473
-17.956812 48.239269 -6.066108
-18.017073 48.243965 -5.859536
-17.974998 48.246441 -6.032706
-17.967104 48.239342 -5.967198
-17.896915 48.240185 -6.215481
-18.061310 48.258430 -5.732081
-18.048784 48.259403 -5.785674
-17.835585 48.229942 -6.311952
-17.906254 48.242809 -6.137704
-17.892981 48.237530 -6.136323
-17.809376 48.228603 -6.361944
-17.875879 48.238331 -6.171705
-17.821106 48.233044 -6.324322
-17.850204 48.231255 -6.191417
-17.863363 48.238316 -6.183543
-17.911627 48.241268 -6.001200
-17.935080 48.251141 -5.967710
-17.847677 48.238247 -6.185594
-17.869150 48.240955 -6.097941
-17.924358 48.250187 -5.944255
-17.948874 48.244453 -5.802438
-17.812567 48.235497 -6.239001
-17.823601 48.240429 -6.220593
-17.866011 48.240032 -6.051496
-17.927670 48.247871 -5.854262
-17.991459 48.261963 -5.715330
-17.885229 48.251167 -6.019179
-17.878780 48.245064 -5.956977
-17.971607 48.263519 -5.733844
-17.957829 48.263466 -5.783151
-17.809597 48.243591 -6.194323
-17.955845 48.254559 -5.697448
-17.813763 48.241615 -6.120793
-17.823719 48.247112 -6.123561
-17.754835 48.234928 -6.288960
-17.742212 48.240826 -6.339310
-17.789099 48.240761 -6.152724
-17.791178 48.245033 -6.169292
-17.746660 48.241676 -6.301414
-17.826191 48.242828 -5.990664
-17.857389 48.257339 -5.960561
-17.775936 48.245892 -6.169360
-17.800236 48.249596 -6.088338
-17.850391 48.256218 -5.938855
-17.873608 48.251598 -5.798787
-17.739071 48.240185 -6.220489
-17.753819 48.247971 -6.204744
-17.798519 48.249550 -6.040102
-17.908489 48.264713 -5.718484
-17.851748 48.254005 -5.848480
-17.805315 48.256386 -6.007556
-17.887066 48.266304 -5.734654
-17.798487 48.250351 -5.947317
-17.866705 48.264542 -5.780701
-17.740131 48.253086 -6.177452
-17.744267 48.247219 -6.108125
-17.756302 48.254604 -6.111232
-17.869663 48.259399 -5.696852
-17.686077 48.243294 -6.268188
-17.707634 48.242355 -6.153155
-17.663630 48.242664 -6.314812
-17.718155 48.248386 -6.137669
-17.760288 48.249294 -5.980703
-17.677782 48.248051 -6.280687
-17.779467 48.259560 -5.953506
-17.708845 48.252319 -6.155094
-17.728283 48.253380 -6.077294
-17.803120 48.256504 -5.796143
-17.774168 48.260395 -5.934102
-17.670286 48.244659 -6.203922
-17.684904 48.253471 -6.189137
-17.721558 48.251598 -6.028143
-17.826448 48.266418 -5.721858
-17.776442 48.257137 -5.843941
-17.730303 48.261353 -5.996898
-17.813862 48.271446 -5.735552
-17.793348 48.270596 -5.777462
-17.669525 48.247108 -6.094634
-17.723286 48.255356 -5.937641
-17.663282 48.253986 -6.159441
-17.678625 48.254646 -6.097167
-17.791512 48.263802 -5.696815
-17.617933 48.248657 -6.248661
-17.648304 48.250408 -6.141365
-17.687840 48.251163 -5.971669
-17.593922 48.245041 -6.292025
-17.646193 48.252052 -6.121534
-17.718256 48.268829 -5.946400
-17.603903 48.249672 -6.258130
-17.731602 48.257450 -5.792412
-17.633696 48.252159 -6.138465
-17.700825 48.260410 -5.929029
-17.658230 48.256073 -6.066655
-17.763458 48.275005 -5.723603
-17.655729 48.256042 -6.017247
-17.615999 48.255959 -6.172613
-17.703224 48.259144 -5.838826
-17.742554 48.275494 -5.736854
-17.658236 48.263153 -5.985898
-17.625355 48.262363 -6.085541
-17.728193 48.279194 -5.774711
-17.623140 48.264519 -6.087077
-17.651749 48.259193 -5.929734
-17.594446 48.257465 -6.142897
-17.587818 48.255524 -6.129446
-17.714220 48.266163 -5.697013
-17.629581 48.257263 -5.964226
-17.551758 48.250904 -6.228600
-17.736959 48.270664 -5.603431
-17.533012 48.249985 -6.271876
-17.646164 48.269753 -5.940526
-17.575027 48.252686 -6.105655
-17.666155 48.261070 -5.789776
-17.593761 48.269165 -6.129121
-17.597116 48.260296 -6.057706
-17.638031 48.265820 -5.923791
-17.692709 48.275055 -5.726173
-17.591816 48.259392 -6.006766
-17.639141 48.262650 -5.834422
-17.677767 48.280132 -5.736351
-17.595234 48.268475 -5.976548
-17.557671 48.261864 -6.072420
-17.571583 48.274193 -6.077764
-17.653265 48.278370 -5.772424
-17.549828 48.271671 -6.130702
-17.599995 48.271919 -5.922318
-17.586153 48.271503 -5.956337
-17.648458 48.270851 -5.696322
-17.506357 48.265125 -6.215234
-17.670504 48.273468 -5.605726
-17.588711 48.275833 -5.934266
-17.620861 48.273514 -5.785663
-17.553438 48.273579 -6.050821
-17.596834 48.281044 -5.920379
-17.520292 48.263927 -6.112999
-17.536205 48.271629 -6.096464
-17.485256 48.259495 -6.222539
-17.628340 48.276726 -5.727892
-17.553402 48.275372 -5.999794
-17.500460 48.264843 -6.146831
-17.593063 48.275108 -5.829137
-17.615608 48.282665 -5.737453
-17.548756 48.280880 -5.968131
-17.517181 48.275955 -6.065109
-17.504572 48.271690 -6.065864
-17.589727 48.280899 -5.770201
-17.476349 48.263298 -6.108572
-17.481438 48.269169 -6.115477
-17.515985 48.265297 -5.949046
-17.530264 48.269657 -5.913960
-17.622807 48.274170 -5.563832
-17.611341 48.276844 -5.607382
-17.557016 48.271072 -5.783549
-17.578363 48.271801 -5.695939
-17.437634 48.260548 -6.195938
-17.522762 48.274399 -5.927633
-17.482616 48.266357 -6.041399
-17.515760 48.269508 -5.915227
-17.425512 48.262207 -6.237357
-17.471939 48.271393 -6.102349
-17.463661 48.265350 -6.080562
-17.575737 48.284706 -5.728629
-17.481859 48.269165 -5.989179
-17.528690 48.273643 -5.824851
-17.621643 48.291508 -5.533468
-17.564365 48.290527 -5.736420
-17.449083 48.268497 -6.052149
-17.473970 48.272869 -5.957968
-17.452724 48.276390 -6.056667
-17.552040 48.298897 -5.765343
-17.472075 48.274605 -5.942255
-17.580860 48.286522 -5.563434
-17.435614 48.279449 -6.103186
-17.474976 48.275612 -5.907112
-17.551937 48.279263 -5.610045
-17.523243 48.288864 -5.779459
-17.444818 48.279339 -6.035671
-17.469051 48.277302 -5.922214
-17.479593 48.283455 -5.911822
-17.533936 48.285229 -5.692985
-17.389015 48.266933 -6.181199
-17.412479 48.270428 -6.088810
-17.534834 48.298000 -5.728403
-17.416420 48.274757 -6.070065
-17.436066 48.276550 -5.981069
-17.481153 48.281216 -5.820473
-17.563152 48.295898 -5.537262
-17.500940 48.288136 -5.737448
-17.565014 48.295963 -5.501950
-17.398098 48.271160 -6.043191
-17.435452 48.286869 -5.951048
-17.402842 48.280994 -6.047859
-17.518501 48.282181 -5.568811
-17.420645 48.276340 -5.935281
-17.482889 48.292763 -5.763349
-17.455860 48.279644 -5.777911
-17.384289 48.283058 -6.091074
-17.558500 48.305073 -5.491209
-17.511360 48.291496 -5.607882
-17.419386 48.276592 -5.900376
-17.388449 48.277317 -6.026846
-17.425575 48.284401 -5.907430
-17.421459 48.283878 -5.917861
-17.336975 48.268528 -6.166979
-17.469728 48.282856 -5.692844
-17.365913 48.274811 -6.078615
-17.462404 48.286167 -5.731061
-17.362768 48.275517 -6.058618
-17.386847 48.279148 -5.973478
-17.423891 48.280361 -5.816533
-17.509872 48.298981 -5.540078
-17.459139 48.299458 -5.736098
-17.352259 48.274536 -6.034192
-17.507727 48.297375 -5.509140
-17.355833 48.284451 -6.039649
-17.485146 48.297012 -5.566944
-17.382267 48.288673 -5.942716
-17.368059 48.275146 -5.928184
-17.442703 48.304928 -5.759227
-17.411142 48.285080 -5.774156
-17.492926 48.299049 -5.502138
-17.448101 48.285183 -5.612136
-17.328693 48.280899 -6.078331
-17.371189 48.282398 -5.904088
-17.341316 48.281803 -6.019598
-17.373880 48.287441 -5.912595
-17.371399 48.283123 -5.892894
-17.318253 48.277256 -6.068276
-17.292221 48.273724 -6.153035
-17.422373 48.297424 -5.731077
-17.423840 48.291397 -5.690797
-17.337767 48.280720 -5.964931
-17.314133 48.278011 -6.048089
-17.377100 48.283909 -5.812440
-17.468925 48.311287 -5.539881
-17.467430 48.294380 -5.454548
-17.410604 48.303196 -5.735738
-17.472954 48.311337 -5.509067
-17.307211 48.277893 -6.026369
-17.423595 48.289639 -5.572586
-17.303577 48.282196 -6.030617
-17.329056 48.284206 -5.922361
-17.329945 48.288441 -5.934621
-17.366055 48.287567 -5.771450
-17.382616 48.299305 -5.757961
-17.456736 48.312134 -5.503859
-17.407101 48.293472 -5.611047
-17.327396 48.286789 -5.900551
-17.296804 48.284184 -6.013950
-17.323915 48.287159 -5.908018
-17.283310 48.285202 -6.067355
-17.318697 48.282959 -5.886764
-17.272493 48.278606 -6.058345
-17.372490 48.298260 -5.731574
-17.245146 48.276066 -6.139759
-17.369205 48.291458 -5.689380
-17.334476 48.288216 -5.808114
-17.293764 48.285023 -5.957281
-17.267523 48.281406 -6.037926
-17.407379 48.303913 -5.545527
-17.356571 48.300255 -5.735557
-17.408377 48.302242 -5.519278
-17.429672 48.307499 -5.453927
-17.265356 48.282063 -6.018120
-17.381054 48.295063 -5.573335
-17.278255 48.279930 -5.915720
-17.260557 48.286449 -6.023159
-17.320974 48.290054 -5.768748
-17.285755 48.292782 -5.927954
-17.390678 48.301170 -5.515885
-17.334414 48.301979 -5.755666
-17.363714 48.297920 -5.610646
-17.251390 48.284592 -6.007178
-17.284779 48.291096 -5.896228
-17.282465 48.291382 -5.902904
-17.238787 48.287464 -6.056616
-17.326775 48.299854 -5.731837
-17.231873 48.283688 -6.049289
-17.274511 48.287300 -5.880098
-17.207962 48.282917 -6.129272
-17.289528 48.289677 -5.804454
-17.320753 48.293175 -5.688090
-17.250559 48.286297 -5.949889
-17.225864 48.285542 -6.028700
-17.313128 48.303707 -5.735179
-17.364906 48.310337 -5.546257
-17.365269 48.307774 -5.522973
-17.225269 48.286167 -6.011239
-17.338270 48.296513 -5.574172
-17.366526 48.299286 -5.462351
-17.242069 48.286854 -5.910519
-17.221701 48.291466 -6.015467
-17.280060 48.293304 -5.765811
-17.242615 48.295052 -5.920542
-17.353085 48.310360 -5.518488
-17.317751 48.298561 -5.611914
-17.286224 48.301640 -5.752460
-17.244905 48.295288 -5.893462
-17.215399 48.291481 -6.000998
-17.242062 48.296555 -5.897964
-17.201416 48.294353 -6.047112
-17.283083 48.302349 -5.732464
-17.195164 48.288567 -6.040998
-17.228977 48.288746 -5.874290
-17.245502 48.290092 -5.801011
-17.167862 48.286903 -6.117298
-17.213594 48.293236 -5.943519
-17.274517 48.295753 -5.686184
-17.270796 48.306080 -5.734037
-17.317526 48.310104 -5.549318
-17.319712 48.308468 -5.527376
-17.183176 48.288738 -6.019310
-17.184155 48.286308 -6.003274
-17.295303 48.297993 -5.575994
-17.321602 48.303894 -5.464709
-17.203690 48.289898 -5.905025
-17.183575 48.295471 -6.008971
-17.237797 48.293655 -5.763732
-17.299305 48.304611 -5.526611
-17.275232 48.300972 -5.611754
-17.206690 48.302940 -5.914343
-17.205105 48.297459 -5.889760
-17.180138 48.297359 -5.996014
-17.253033 48.312431 -5.748731
-17.205631 48.302517 -5.893770
-17.242580 48.305653 -5.732666
-17.160812 48.296421 -6.037145
-17.156193 48.291595 -6.033354
-17.190725 48.293785 -5.868756
-17.211342 48.297913 -5.796176
-17.172293 48.293415 -5.936538
-17.130569 48.291767 -6.106860
-17.231407 48.298149 -5.683875
-17.229448 48.308407 -5.733089
-17.257730 48.301147 -5.576768
-17.275856 48.313496 -5.550311
-17.151165 48.294044 -5.997651
-17.276430 48.311016 -5.531142
-17.147579 48.295563 -6.011173
-17.299620 48.306309 -5.385979
-17.166292 48.292896 -5.899725
-17.199762 48.295761 -5.761396
-17.272810 48.302788 -5.469569
-17.147470 48.300373 -6.002839
-17.226511 48.294815 -5.614758
-17.259018 48.308002 -5.530930
-17.169403 48.302410 -5.886763
-17.139626 48.297523 -5.990206
-17.166557 48.306057 -5.907492
-17.209993 48.312801 -5.745483
-17.165775 48.303696 -5.890094
-17.205265 48.309765 -5.732440
-17.121511 48.297375 -6.025432
-17.125347 48.302216 -6.028051
-17.175831 48.302837 -5.792198
-17.139244 48.300159 -5.930938
-17.158056 48.303478 -5.862112
-17.094133 48.294594 -6.096659
-17.230528 48.313633 -5.574145
-17.191288 48.311543 -5.731715
-17.115068 48.295925 -5.990604
-17.232840 48.313988 -5.552161
-17.184685 48.295788 -5.683065
-17.235237 48.312435 -5.534333
-17.113155 48.302303 -6.002250
-17.137337 48.302422 -5.894825
-17.162901 48.297783 -5.758273
-17.109360 48.301361 -5.995433
-17.219841 48.310318 -5.534482
-17.181234 48.290428 -5.616335
-17.131567 48.304485 -5.883450
-17.105289 48.302361 -5.985441
-17.129295 48.308029 -5.901236
-17.169950 48.314014 -5.742791
-17.129169 48.306679 -5.885970
-17.166857 48.311943 -5.732071
-17.083534 48.297337 -6.017068
-17.083342 48.300388 -6.018967
-17.056728 48.297474 -6.086271
-17.079763 48.297794 -5.984732
-17.177481 48.295959 -5.544090
-17.176756 48.299351 -5.559124
-17.074057 48.303230 -5.989562
-17.182062 48.300102 -5.475542
-17.068884 48.302288 -5.979422
-17.181530 48.310345 -5.398668
-17.153898 48.312645 -5.472736
-18.517256 48.169712 -6.310781
-18.473238 48.169964 -6.228828
-18.373716 48.176628 -6.280609
-18.305923 48.174969 -6.370424
-18.265261 48.174927 -6.431827
-18.336836 48.177521 -6.204102
-18.279291 48.180313 -6.398708
-18.391247 48.194908 -6.058178
-18.258862 48.188766 -6.256869
-18.184952 48.181374 -6.339566
-18.319752 48.193447 -5.949538
-18.153877 48.183666 -6.399702
-18.224470 48.188545 -6.182922
-18.165569 48.189240 -6.368161
-18.265982 48.200939 -6.043825
-18.153923 48.199268 -6.234096
-18.084694 48.191502 -6.313639
-18.207043 48.201733 -5.939595
-18.058056 48.195469 -6.372545
-18.113792 48.195477 -6.162208
-18.066483 48.199272 -6.341446
-18.165079 48.212399 -6.031999
-18.056561 48.208324 -6.213865
-17.992083 48.201172 -6.290236
-18.100073 48.207664 -5.930847
-17.963066 48.202209 -6.344698
-18.030361 48.209671 -6.145540
-17.967060 48.204334 -6.314830
-18.068081 48.220600 -6.020022
-17.960957 48.214272 -6.194079
-17.907427 48.209328 -6.267413
-18.009619 48.216499 -5.922163
-17.880630 48.211205 -6.321260
-17.934238 48.213699 -6.127755
-17.884363 48.212368 -6.292391
-18.070524 48.234325 -5.769333
-17.970552 48.223862 -6.009123
-17.878218 48.221416 -6.176759
-17.822311 48.213543 -6.245649
-17.920658 48.221268 -5.914921
-17.794849 48.214420 -6.297362
-17.850981 48.218922 -6.112436
-17.979250 48.239384 -5.768766
-17.807352 48.220070 -6.272091
-17.887461 48.231174 -5.998865
-17.803383 48.229069 -6.160961
-17.753939 48.223743 -6.228988
-17.847372 48.230988 -5.907513
-17.721882 48.220852 -6.276872
-17.769550 48.222034 -6.097542
-17.896189 48.243893 -5.767779
-17.728237 48.222893 -6.250523
-17.815203 48.238815 -5.990704
-17.729322 48.233677 -6.145415
-17.678551 48.226353 -6.209172
-17.766497 48.233215 -5.899892
-17.650595 48.223183 -6.256843
-17.822531 48.250767 -5.766507
-17.703407 48.230164 -6.084442
-17.666910 48.232632 -6.234229
-17.737906 48.241753 -5.980698
-17.820044 48.244736 -5.658185
-17.677629 48.248871 -6.133875
-17.613947 48.231308 -6.192397
-17.698812 48.238594 -5.893716
-17.754940 48.257244 -5.765409
-17.636992 48.234318 -6.071417
-17.680019 48.252449 -5.973197
-17.743328 48.246895 -5.660550
-17.597731 48.242886 -6.118559
-17.573418 48.248787 -6.181937
-17.640528 48.246342 -5.887254
-17.685904 48.259838 -5.765177
-17.535889 48.238140 -6.223913
-17.592033 48.250118 -6.062189
-17.538549 48.240498 -6.200914
-17.607082 48.250149 -5.965232
-17.678419 48.252232 -5.661033
-17.550871 48.256783 -6.108005
-17.503378 48.246094 -6.164357
-17.576630 48.249489 -5.881890
-17.637445 48.273010 -5.762488
-17.519918 48.245663 -6.049359
-17.559319 48.262192 -5.958639
-17.613043 48.253620 -5.662573
-17.486195 48.254822 -6.094502
-17.454454 48.253094 -6.151588
-17.522202 48.256001 -5.876221
-17.565975 48.268768 -5.762008
-17.471474 48.253693 -6.039708
-17.492382 48.258499 -5.950869
-17.572817 48.269257 -5.660387
-17.621918 48.283234 -5.524748
-17.435778 48.259956 -6.083542
-17.400301 48.255424 -6.137955
-17.469784 48.260372 -5.869993
-17.515936 48.276070 -5.760224
-17.419748 48.256935 -6.029574
-17.445326 48.266510 -5.944547
-17.506124 48.265739 -5.661834
-17.557341 48.281685 -5.531638
-17.381960 48.261333 -6.073064
-17.348038 48.256641 -6.124727
-17.419062 48.263657 -5.865150
-17.464521 48.280483 -5.759287
-17.367769 48.259220 -6.020444
-17.393942 48.268795 -5.937570
-17.457788 48.271957 -5.661438
-17.512741 48.290710 -5.533913
-17.335321 48.264240 -6.062912
-17.303616 48.260387 -6.113960
-17.370567 48.267784 -5.859696
-17.409826 48.280109 -5.757869
-17.319895 48.261227 -6.011102
-17.345421 48.269909 -5.931188
-17.454422 48.288734 -5.539997
-17.404930 48.272488 -5.661367
-17.291645 48.269981 -6.054266
-17.261227 48.265007 -6.103562
-17.364668 48.284092 -5.756124
-17.322910 48.269863 -5.854472
-17.274054 48.264107 -6.002129
-17.302078 48.274693 -5.925694
-17.410599 48.294716 -5.542524
-17.360706 48.278435 -5.660761
-17.248924 48.272648 -6.044887
-17.401041 48.288067 -5.428783
-17.216797 48.265739 -6.091875
-17.316109 48.284313 -5.754862
-17.280405 48.272602 -5.849208
-17.233171 48.267677 -5.994096
-17.260885 48.279324 -5.919606
-17.357487 48.291374 -5.547626
-17.319799 48.284134 -5.658770
-17.212238 48.279953 -6.037549
-17.355654 48.291199 -5.433140
-17.185472 48.276688 -6.084442
-17.277420 48.290852 -5.752256
-17.241053 48.278141 -5.844467
-17.196342 48.272995 -5.986795
-17.224722 48.285641 -5.914440
-17.314434 48.294319 -5.550404
-17.273914 48.283215 -5.659084
-17.171339 48.280510 -6.028593
-17.301765 48.284973 -5.441246
-17.237280 48.293507 -5.750514
-17.203583 48.282562 -5.840129
-17.146936 48.280071 -6.074835
-17.164953 48.282948 -5.979383
-17.188566 48.291962 -5.909276
-17.274580 48.298038 -5.552759
-17.224630 48.278530 -5.659882
-17.135498 48.285767 -6.021487
-17.243877 48.272064 -5.451849
-17.200483 48.298935 -5.748312
-17.111406 48.284271 -6.065786
-17.126945 48.285347 -5.971950
-17.149055 48.292496 -5.903649
-17.220795 48.287769 -5.558978
-17.105993 48.294609 -6.014477
-17.211018 48.280266 -5.451344
-17.165674 48.275444 -5.458009
-18.551739 48.179230 -6.284383
-18.524851 48.179863 -6.358816
-18.550163 48.179775 -6.266710
-18.504772 48.177700 -6.360270
-18.455870 48.188042 -6.266704
-18.429174 48.188606 -6.340158
-18.454855 48.189640 -6.252126
-18.409468 48.186314 -6.339652
-18.357357 48.192158 -6.248852
-18.340450 48.197430 -6.322816
-18.368622 48.199257 -6.238260
-18.412861 48.201721 -6.098560
-18.321756 48.193954 -6.321563
-18.354109 48.207809 -6.067689
-18.281641 48.203320 -6.234836
-18.254257 48.201839 -6.305240
-18.277334 48.202526 -6.224898
-18.316654 48.203793 -6.088430
-18.234596 48.198490 -6.303796
-18.262344 48.210430 -6.061425
-18.197660 48.206558 -6.220821
-18.170795 48.205940 -6.289227
-18.200491 48.209938 -6.213990
-18.239614 48.211273 -6.078500
-18.157572 48.204720 -6.287836
-18.184143 48.215199 -6.055549
-18.260756 48.223019 -5.832868
-18.115669 48.208492 -6.206264
-18.123268 48.213329 -6.202273
-18.102898 48.215023 -6.275826
-18.166136 48.217312 -6.070372
-18.232988 48.221252 -5.868546
-18.085260 48.209312 -6.272886
-18.117525 48.223423 -6.050612
-18.186392 48.229568 -5.834742
-18.059986 48.219975 -6.195012
-18.034290 48.219158 -6.262632
-18.061897 48.223679 -6.193085
-18.100113 48.224289 -6.061553
-18.157969 48.224705 -5.866426
-18.049702 48.228737 -6.044631
-18.113697 48.233875 -5.837088
-17.996334 48.225502 -6.183685
-17.974028 48.226208 -6.250822
-17.985920 48.221851 -6.181969
-18.032375 48.227493 -6.053690
-18.093744 48.231678 -5.864072
-17.982103 48.230022 -6.039988
-18.047485 48.239254 -5.838552
-17.926659 48.224812 -6.172667
-17.907778 48.225986 -6.238378
-17.925976 48.226921 -6.172398
-17.968670 48.231167 -6.046563
-18.025906 48.234089 -5.861350
-17.923172 48.235153 -6.035707
-17.983912 48.242256 -5.840678
-17.873194 48.230949 -6.162210
-17.968531 48.239090 -5.859410
-17.911263 48.235973 -6.039533
-17.874329 48.235958 -6.165151
-17.883142 48.250751 -6.031232
-17.920246 48.243214 -5.841910
-17.838037 48.248802 -6.155444
-17.907501 48.240585 -5.858044
-17.835691 48.250240 -6.157967
-17.866039 48.247143 -6.032338
-17.799759 48.237396 -6.217327
-17.816658 48.245831 -6.027235
-17.865429 48.247948 -5.842523
-17.856472 48.245663 -5.855267
-17.766176 48.238266 -6.143672
-17.765545 48.240562 -6.148500
-17.799963 48.241039 -6.025438
-17.772732 48.254883 -6.022475
-17.830015 48.264015 -5.840936
-17.821285 48.260612 -5.851758
-17.735090 48.255531 -6.136703
-17.760530 48.252476 -6.020346
-17.725338 48.252064 -6.142240
-17.720377 48.256058 -6.018702
-17.761536 48.254589 -5.844014
-17.759142 48.254177 -5.850729
-17.677961 48.251091 -6.127308
-17.709553 48.252342 -6.013860
-17.679148 48.256290 -6.135344
-17.810238 48.272732 -5.628668
-17.674458 48.259357 -6.014981
-17.718765 48.261784 -5.847764
-17.720936 48.263313 -5.842972
-17.633757 48.254005 -6.119858
-17.664001 48.255512 -6.008179
-17.630314 48.255829 -6.128269
-17.749712 48.266354 -5.635086
-17.627148 48.259819 -6.011195
-17.672184 48.263237 -5.846087
-17.676678 48.268528 -5.842503
-17.595116 48.261215 -6.113173
-17.621506 48.259285 -6.003038
-17.588013 48.259533 -6.122150
-17.716961 48.278996 -5.633226
-17.585443 48.263519 -6.007232
-17.631392 48.267868 -5.843252
-17.630524 48.270039 -5.843967
-17.556234 48.265392 -6.105631
-17.582390 48.264580 -5.997416
-17.549879 48.264694 -6.116722
-17.662313 48.270782 -5.639860
-17.587448 48.266945 -5.842238
-17.546938 48.268814 -6.003768
-17.586681 48.271160 -5.843858
-17.542671 48.266972 -5.992898
-17.514811 48.266918 -6.098813
-17.513044 48.270653 -6.110471
-17.648441 48.274757 -5.561573
-17.625446 48.277996 -5.639637
-17.547352 48.269463 -5.839685
-17.508293 48.273113 -6.000352
-17.547474 48.275658 -5.843381
-17.502672 48.267376 -5.988464
-17.478807 48.271755 -6.092796
-17.475605 48.273701 -6.105323
-17.601723 48.273556 -5.569242
-17.582882 48.277008 -5.641952
-17.510492 48.272514 -5.836682
-17.472418 48.276031 -5.997541
-17.469849 48.273804 -5.982938
-17.505621 48.275459 -5.842718
-17.445065 48.277256 -6.086140
-17.440388 48.278473 -6.100479
-17.563839 48.279041 -5.573027
-17.547813 48.282970 -5.642155
-17.480616 48.281666 -5.833579
-17.437000 48.280876 -5.993688
-17.439056 48.282028 -5.978707
-17.471863 48.282219 -5.842106
-17.408344 48.277149 -6.080328
-17.402699 48.278496 -6.094479
-17.525812 48.283546 -5.576864
-17.507372 48.281666 -5.643882
-17.444578 48.283607 -5.830823
-17.403202 48.284534 -5.991237
-17.405804 48.285492 -5.973313
-17.436716 48.286137 -5.841426
-17.376354 48.282463 -6.075050
-17.369417 48.283012 -6.090032
-17.476831 48.288963 -5.642822
-17.484638 48.282494 -5.582522
-17.411879 48.288124 -5.828526
-17.369730 48.289112 -5.987775
-17.373482 48.289883 -5.969058
-17.400038 48.286221 -5.840717
-17.346626 48.288445 -6.069136
-17.335897 48.284492 -6.084724
-17.439631 48.288193 -5.644111
-17.448278 48.284752 -5.586828
-17.380190 48.291458 -5.825480
-17.335695 48.289730 -5.984470
-17.340879 48.292286 -5.964884
-17.372208 48.297146 -5.838916
-17.314360 48.291771 -6.063947
-17.304560 48.288742 -6.080668
-17.411360 48.296150 -5.642420
-17.414831 48.289528 -5.588460
-17.349152 48.293736 -5.823647
-17.304996 48.292927 -5.981624
-17.309391 48.295547 -5.960868
-17.337334 48.295979 -5.838635
-17.282923 48.293976 -6.058990
-17.273125 48.290947 -6.075713
-17.375965 48.294125 -5.644136
-17.385042 48.297806 -5.589531
-17.316038 48.295273 -5.821483
-17.274441 48.297112 -5.978745
-17.278774 48.296635 -5.956141
-17.302790 48.295731 -5.837341
-17.249029 48.291424 -6.052872
-17.350140 48.302685 -5.640833
-17.245022 48.295734 -6.071214
-17.350674 48.298744 -5.593290
-17.287590 48.299137 -5.818001
-17.376600 48.299648 -5.423776
-17.250340 48.300495 -5.952662
-17.244898 48.300110 -5.975118
-17.274261 48.301697 -5.835748
-17.220785 48.295219 -6.048416
-17.320019 48.305878 -5.640143
-17.215488 48.298729 -6.067590
-17.319216 48.302197 -5.594376
-17.256279 48.299423 -5.816262
-17.345776 48.302048 -5.426066
-17.215515 48.294109 -5.948668
-17.212675 48.299465 -5.972253
-17.243879 48.302906 -5.835144
-17.290730 48.307953 -5.639684
-17.191154 48.296169 -6.043891
-17.184608 48.297825 -6.062954
-17.284576 48.301144 -5.598225
-17.225983 48.298523 -5.813775
-17.317537 48.306042 -5.426700
-17.189627 48.300610 -5.944482
-17.183643 48.300411 -5.969882
-17.259871 48.307251 -5.640137
-17.212393 48.303253 -5.834395
-17.162817 48.297913 -6.038542
-17.154741 48.295738 -6.057569
-17.255064 48.304333 -5.599698
-17.284546 48.302753 -5.431005
-17.196798 48.298485 -5.811443
-17.316015 48.334782 -5.354259
-17.161886 48.302353 -5.941285
-17.152117 48.297657 -5.967295
-17.229338 48.307468 -5.639578
-17.136658 48.302429 -6.034440
-17.180632 48.301617 -5.833730
-17.128544 48.301308 -6.054412
-17.220982 48.300179 -5.603862
-17.253958 48.301121 -5.434633
-17.168726 48.299301 -5.809266
-17.265541 48.310364 -5.376060
-17.136042 48.307793 -5.936167
-17.204996 48.313843 -5.637734
-17.127020 48.304085 -5.964290
-17.109011 48.302059 -6.029365
-17.155199 48.307121 -5.831741
-17.099470 48.299149 -6.050208
-17.223236 48.298496 -5.438306
-17.144583 48.305603 -5.806443
-17.222599 48.294746 -5.391557
-17.173264 48.308243 -5.639371
-17.108023 48.307549 -5.933052
-17.099005 48.303841 -5.961176
-17.082571 48.304588 -6.025345
-17.125837 48.307137 -5.830401
-17.074421 48.304520 -6.046263
-17.119087 48.308014 -5.802613
-17.190176 48.292507 -5.398977
-17.082537 48.309959 -5.929226
-17.073339 48.306313 -5.958332
-17.059912 48.311623 -6.020724
-17.100121 48.310661 -5.828498
-17.049086 48.307915 -6.042403
-17.050913 48.316376 -5.954583
-17.033047 48.311184 -6.016833
-17.074545 48.315174 -5.826563
-17.025925 48.314079 -6.039789
-17.020910 48.310379 -5.952512
-16.995874 48.304989 -6.035872
-18.497934 48.183624 -6.338167
-18.495249 48.188267 -6.291508
-18.533369 48.177986 -6.342957
-18.406652 48.193588 -6.318610
-18.380861 48.192368 -6.377107
-18.369764 48.194344 -6.388176
-18.402128 48.197624 -6.275733
-18.441488 48.192112 -6.324056
-18.320099 48.201920 -6.300056
-18.543932 48.178673 -6.316259
-18.297689 48.202232 -6.358058
-18.368628 48.205612 -6.151847
-18.279133 48.199097 -6.367067
-18.315865 48.205025 -6.260351
-18.366449 48.209442 -6.085981
-18.361423 48.196159 -6.375253
-18.400232 48.191769 -6.218646
-18.339096 48.194973 -6.421142
-18.486351 48.190121 -6.378253
-18.314886 48.191929 -6.438273
-18.348818 48.199226 -6.304457
-18.229801 48.204685 -6.281182
-18.214939 48.208000 -6.339362
-18.439260 48.186398 -6.295425
-18.277372 48.209747 -6.138821
-18.201984 48.208122 -6.348174
-18.232384 48.211048 -6.245581
-18.383055 48.206383 -6.115684
-18.278316 48.214371 -6.078576
-18.263746 48.198761 -6.351974
-18.315174 48.202072 -6.204323
-18.246925 48.198792 -6.396761
-18.375740 48.192410 -6.352607
-18.230082 48.198814 -6.415052
-18.259905 48.204830 -6.285658
-18.285074 48.222534 -5.921355
-18.156832 48.212265 -6.266217
-18.133862 48.211521 -6.321129
-18.193905 48.212852 -6.127306
-18.120810 48.209599 -6.329038
-18.286057 48.196075 -6.464220
-18.352106 48.198875 -6.277520
-18.291544 48.194984 -6.429639
-18.154745 48.216290 -6.231946
-18.395699 48.205952 -6.146519
-18.332310 48.212208 -5.978580
-18.294769 48.213230 -6.105073
-18.200695 48.220860 -6.070977
-18.180248 48.203529 -6.331177
-18.230721 48.208214 -6.189373
-18.168850 48.206882 -6.376747
-18.291912 48.203316 -6.332365
-18.151909 48.204857 -6.394135
-18.377785 48.204380 -6.041425
-18.243198 48.227409 -5.844033
-18.185127 48.213654 -6.270282
-18.200846 48.224030 -5.917962
-18.088869 48.220188 -6.252159
-18.066124 48.218323 -6.305149
-18.126322 48.221893 -6.117321
-18.055298 48.218128 -6.313355
-18.257870 48.203194 -6.258850
-18.200825 48.202888 -6.437877
-18.206739 48.201859 -6.406429
-18.084057 48.221622 -6.219594
-18.177732 48.200085 -6.465391
-18.243538 48.215271 -5.973228
-18.214411 48.220032 -6.095934
-18.306940 48.213783 -6.133724
-18.130163 48.228428 -6.064621
-18.110840 48.212570 -6.314744
-18.146648 48.211311 -6.175719
-18.100918 48.216660 -6.358500
-18.205452 48.209518 -6.311953
-18.076839 48.210449 -6.372809
-18.177029 48.237629 -5.843406
-18.296957 48.216335 -6.032883
-18.106743 48.217899 -6.254547
-18.129807 48.230732 -5.913610
-18.022896 48.226795 -6.237542
-18.007336 48.228062 -6.292671
-18.060450 48.227638 -6.106853
-18.230600 48.226948 -5.862082
-17.992567 48.225277 -6.298283
-18.020739 48.230015 -6.208407
-18.177021 48.209740 -6.241491
-18.124268 48.210651 -6.415117
-18.129999 48.209686 -6.384650
-18.224857 48.219719 -6.122291
-18.137987 48.225266 -6.086612
-18.103302 48.207527 -6.442026
-18.173414 48.225811 -5.966758
-18.060371 48.232826 -6.057597
-18.041342 48.219563 -6.297416
-18.080402 48.220089 -6.163968
-18.029240 48.220871 -6.339933
-18.130939 48.216160 -6.293721
-18.009333 48.216125 -6.354916
-18.099863 48.238342 -5.845453
-18.208872 48.220188 -6.024559
-18.067009 48.238323 -5.909708
-18.040728 48.225555 -6.240876
-17.954943 48.227642 -6.223959
-17.939747 48.228779 -6.277126
-17.986307 48.226467 -6.097356
-18.157722 48.233036 -5.861512
-17.926090 48.226856 -6.282888
-17.952421 48.230988 -6.196788
-18.046047 48.213581 -6.392374
-18.099888 48.215832 -6.225873
-18.055904 48.215141 -6.363521
-18.069767 48.232441 -6.078681
-17.994476 48.236706 -6.051330
-18.139170 48.221081 -6.110500
-18.098255 48.229980 -5.960802
-18.029573 48.212856 -6.418935
-18.224775 48.233711 -5.881927
-17.971153 48.221592 -6.280290
-17.960205 48.222706 -6.322014
-18.011524 48.224159 -6.152045
-18.037357 48.245003 -5.844726
-18.054869 48.220009 -6.276411
-17.944746 48.221413 -6.337592
-18.129030 48.224934 -6.016685
-17.991179 48.234623 -5.907201
-17.970966 48.227646 -6.226883
-17.894356 48.231552 -6.211541
-17.880455 48.233486 -6.263875
-18.091324 48.240204 -5.860034
-17.926281 48.231430 -6.088029
-17.905636 48.244263 -6.188342
-17.985291 48.222321 -6.373494
-17.933767 48.240868 -6.044987
-17.998955 48.233852 -6.069635
-17.988577 48.220745 -6.344654
-18.039566 48.228790 -6.212913
-18.024632 48.230915 -5.955345
-18.073853 48.230778 -6.099887
-17.966778 48.219803 -6.398779
-18.141205 48.234135 -5.879764
-17.922966 48.234928 -6.268525
-17.943348 48.226116 -6.140395
-17.962751 48.241295 -5.846526
-17.995605 48.230728 -6.261755
-17.938890 48.243771 -5.903107
-18.059517 48.231300 -6.009595
-17.922596 48.241043 -6.216101
-17.848627 48.242580 -6.201401
-17.884626 48.246044 -6.080445
-18.025625 48.245258 -5.858829
-17.812414 48.234573 -6.256390
-17.836540 48.238224 -6.176028
-17.882504 48.248829 -6.040142
-17.948603 48.245655 -6.062668
-17.916624 48.224022 -6.353622
-17.923061 48.225101 -6.326210
-17.961193 48.225952 -6.197663
-17.961750 48.236446 -5.950555
-18.008915 48.237431 -6.090568
-18.073877 48.240368 -5.877163
-17.897184 48.220577 -6.377779
-18.033937 48.247467 -5.710449
-17.859411 48.236111 -6.253707
-17.901041 48.241783 -6.131605
-17.845638 48.235500 -6.292985
-17.910576 48.249569 -5.846588
-17.834568 48.234562 -6.307312
-17.923990 48.230953 -6.245515
-17.894325 48.255856 -5.898211
-18.071974 48.241146 -5.759599
-17.788189 48.240406 -6.189416
-17.986399 48.233089 -6.002148
-17.852985 48.237049 -6.202545
-17.822626 48.245243 -6.072159
-17.770313 48.240810 -6.240101
-17.958227 48.246532 -5.858582
-17.794621 48.250847 -6.168530
-17.823193 48.248760 -6.034342
-17.929010 48.255322 -5.669280
-17.880125 48.243763 -6.055298
-17.913019 48.247059 -5.944988
-17.860418 48.231182 -6.336715
-17.915043 48.241074 -6.187183
-17.861259 48.229000 -6.309504
-18.013165 48.248680 -5.873615
-17.939262 48.238644 -6.080742
-17.842133 48.227547 -6.360079
-17.966963 48.248802 -5.713335
-17.810717 48.244423 -6.241167
-17.866301 48.260723 -5.844867
-17.834265 48.239510 -6.120500
-17.829567 48.250603 -5.895823
-17.880287 48.246681 -6.233411
-18.008633 48.248909 -5.758662
-17.743164 48.249321 -6.179554
-17.806150 48.247211 -6.192266
-17.773581 48.250767 -6.064834
-17.908812 48.256344 -5.856001
-17.919580 48.236027 -5.994772
-17.708017 48.239071 -6.232849
-17.743542 48.254578 -6.159929
-17.873373 48.257099 -5.672191
-17.778227 48.257862 -6.029574
-17.836901 48.255585 -6.048635
-17.851538 48.248360 -5.940742
-17.817327 48.241688 -6.296539
-17.942617 48.247295 -5.871948
-17.843491 48.237324 -6.173261
-17.894690 48.253632 -6.072604
-17.922300 48.262993 -5.710329
-17.804337 48.258247 -5.845874
-17.753006 48.244831 -6.227487
-17.790300 48.250340 -6.111729
-17.783302 48.258904 -5.891890
-17.816319 48.244884 -6.218722
-17.698835 48.256119 -6.169963
-17.721903 48.251587 -6.057333
-17.758902 48.254395 -6.182110
-17.939943 48.249374 -5.759259
-17.847479 48.255722 -5.854968
-17.877878 48.251686 -5.988141
-17.695562 48.257858 -6.150914
-17.821115 48.260410 -5.674612
-17.727434 48.260658 -6.024141
-17.778748 48.255314 -6.042045
-17.798748 48.252472 -5.935876
-17.753252 48.241814 -6.305137
-17.888899 48.254635 -5.868738
-17.804285 48.252529 -6.164059
-17.753590 48.238766 -6.279927
-17.830601 48.252083 -6.063988
-17.733902 48.236256 -6.327413
-17.854328 48.258430 -5.714442
-17.761734 48.267151 -5.844613
-17.705662 48.249962 -6.216428
-17.733526 48.248760 -6.102427
-17.730436 48.258057 -5.889375
-17.767302 48.252258 -6.207211
-17.653770 48.259014 -6.161510
-17.680260 48.259117 -6.050229
-17.704393 48.253483 -6.172167
-17.794939 48.259956 -5.854222
-17.879950 48.252647 -5.759242
-17.813429 48.250259 -5.981498
-17.648235 48.260082 -6.143110
-17.788244 48.276958 -5.670575
-17.681780 48.264801 -6.019585
-17.726053 48.257317 -6.035315
-17.749199 48.257126 -5.930571
-17.841930 48.265045 -5.864551
-17.781870 48.258530 -6.055658
-17.710075 48.247356 -6.267325
-17.740654 48.248745 -6.151618
-17.712992 48.268826 -5.843724
-17.809914 48.268585 -5.712780
-17.655827 48.251389 -6.205167
-17.682171 48.250504 -6.093924
-17.689219 48.265652 -5.885412
-17.716763 48.255795 -6.195684
-17.606672 48.260117 -6.151794
-17.631365 48.258556 -6.043347
-17.658815 48.258423 -6.162481
-17.746788 48.264542 -5.852236
-17.830219 48.261520 -5.757706
-17.766556 48.258560 -5.975431
-17.603968 48.262909 -6.135841
-17.728897 48.270252 -5.676432
-17.632524 48.264366 -6.014667
-17.674849 48.257137 -6.030021
-17.697948 48.257999 -5.926219
-17.780052 48.260448 -5.863692
-17.730463 48.261326 -6.048097
-17.661018 48.251625 -6.253989
-17.695488 48.256660 -6.141817
-17.666336 48.271236 -5.843176
-17.751659 48.265652 -5.715539
-17.610197 48.253227 -6.193638
-17.639465 48.256111 -6.085744
-17.642967 48.266876 -5.881959
-17.562353 48.259842 -6.142681
-17.591257 48.262856 -6.036749
-17.666132 48.257278 -6.183259
-17.699476 48.268005 -5.850480
-17.609497 48.257797 -6.152472
-17.560717 48.264549 -6.127820
-17.689390 48.278706 -5.674771
-17.786444 48.273521 -5.754011
-17.590628 48.266994 -6.010904
-17.709061 48.257225 -5.970078
-17.632751 48.262741 -6.023993
-17.649757 48.259480 -5.922396
-17.737022 48.269287 -5.859320
-17.678926 48.263126 -6.040581
-17.615707 48.254387 -6.241442
-17.617981 48.269867 -5.843582
-17.707672 48.271702 -5.714230
-17.643250 48.256413 -6.131249
-17.569944 48.259441 -6.183837
-17.594128 48.257019 -6.077388
-17.602312 48.271362 -5.878308
-17.529230 48.270241 -6.135958
-17.551943 48.267082 -6.031325
-17.619490 48.260296 -6.172490
-17.652864 48.269352 -5.848993
-17.569851 48.264008 -6.144821
-17.638964 48.273689 -5.678089
-17.524918 48.271305 -6.121860
-17.553669 48.273941 -6.005738
-17.726156 48.268791 -5.755499
-17.661507 48.260555 -5.964216
-17.590382 48.266361 -6.018046
-17.605913 48.262363 -5.918264
-17.690029 48.273670 -5.856550
-17.578909 48.274216 -5.842270
-17.632570 48.265209 -6.032982
-17.571514 48.258011 -6.229049
-17.663231 48.275829 -5.713984
-17.597261 48.258369 -6.121690
-17.559818 48.271076 -5.875649
-17.529278 48.262676 -6.174155
-17.555452 48.263100 -6.069926
-17.487833 48.269577 -6.127414
-17.513784 48.271114 -6.025110
-17.607229 48.270569 -5.847699
-17.582560 48.269096 -6.163134
-17.532331 48.269897 -6.136565
-17.603487 48.282612 -5.677145
-17.627590 48.280003 -5.565600
-17.485834 48.274406 -6.114518
-17.516121 48.277973 -6.001673
-17.680090 48.274101 -5.753862
-17.614929 48.263756 -5.958547
-17.552177 48.271450 -6.012773
-17.565443 48.266777 -5.913639
-17.641199 48.273285 -5.854772
-17.539841 48.278564 -5.840964
-17.588120 48.268089 -6.026706
-17.620739 48.279697 -5.714115
-17.525661 48.256798 -6.216667
-17.560015 48.266239 -6.113357
-17.717644 48.286102 -5.571524
-17.520975 48.274307 -5.872419
-17.489267 48.264854 -6.165684
-17.515215 48.266392 -6.063379
-17.646427 48.280666 -5.570038
-17.454481 48.276932 -6.119833
-17.478956 48.277733 -6.019344
-17.569586 48.276707 -5.845519
-17.491072 48.270218 -6.127985
-17.536482 48.269001 -6.152678
-17.562666 48.284241 -5.677730
-17.587290 48.283741 -5.570220
-17.441311 48.268173 -6.107801
-17.478436 48.281010 -5.997651
-17.633436 48.276493 -5.753327
-17.511618 48.273815 -6.007247
-17.571589 48.267494 -5.952422
-17.526918 48.270931 -5.909390
-17.594498 48.272579 -5.852391
-17.500362 48.279938 -5.839777
-17.552629 48.275764 -6.019729
-17.575756 48.279854 -5.714034
-17.492905 48.267063 -6.207989
-17.487722 48.280796 -5.868989
-17.659754 48.278255 -5.579776
-17.514591 48.265087 -6.104111
-17.454847 48.270290 -6.157013
-17.479460 48.272083 -6.056485
-17.602619 48.281872 -5.575198
-17.443579 48.280388 -6.013733
-17.417070 48.277790 -6.112948
-17.527052 48.277470 -5.843812
-17.522680 48.284748 -5.678545
-17.457539 48.277634 -6.121388
-17.497896 48.272964 -6.143338
-17.548006 48.286289 -5.574088
-17.416611 48.283550 -6.103332
-17.440619 48.283051 -5.993672
-17.477579 48.280365 -6.002651
-17.587938 48.278694 -5.752003
-17.529877 48.270050 -5.947694
-17.491766 48.276623 -5.904646
-17.466751 48.286549 -5.838313
-17.558462 48.280441 -5.848361
-17.514469 48.279789 -6.013520
-17.454332 48.286289 -5.865600
-17.530186 48.277096 -5.715055
-17.619019 48.281925 -5.581266
-17.456585 48.271698 -6.198005
-17.419323 48.274857 -6.148201
-17.482758 48.276276 -6.096565
-17.445965 48.278442 -6.048947
-17.562542 48.284485 -5.577899
-17.383032 48.280186 -6.105567
-17.404602 48.278461 -6.007763
-17.493616 48.284019 -5.841365
-17.487812 48.289505 -5.676971
-17.416981 48.275837 -6.113082
-17.508591 48.287846 -5.577999
-17.462324 48.278587 -6.135466
-17.381283 48.285141 -6.096786
-17.408527 48.289341 -5.989454
-17.440081 48.283329 -5.997655
-17.546967 48.282234 -5.749388
-17.492825 48.274933 -5.941637
-17.452835 48.277794 -5.900522
-17.431618 48.289322 -5.836821
-17.521833 48.285393 -5.845433
-17.473955 48.281094 -6.007060
-17.498171 48.285435 -5.711738
-17.419701 48.289928 -5.862108
-17.577971 48.284664 -5.583782
-17.421379 48.277191 -6.188174
-17.384315 48.277374 -6.140636
-17.410730 48.282078 -6.043306
-17.443583 48.277321 -6.088330
-17.521879 48.284184 -5.581701
-17.379801 48.291786 -6.002393
-17.348818 48.282639 -6.099174
-17.460224 48.289513 -5.837979
-17.454889 48.294006 -5.675773
-17.386364 48.282864 -6.107051
-17.471437 48.290070 -5.581267
-17.425409 48.280308 -6.126583
-17.345644 48.285801 -6.091264
-17.372381 48.289139 -5.985932
-17.402170 48.283318 -5.992779
-17.506788 48.285706 -5.747947
-17.456707 48.280743 -5.936714
-17.423273 48.286739 -5.895581
-17.399023 48.294746 -5.834608
-17.481607 48.285763 -5.842144
-17.561058 48.290638 -5.521242
-17.437744 48.284855 -6.001233
-17.384657 48.290588 -5.858734
-17.540337 48.287880 -5.584858
-17.460911 48.288521 -5.710857
-17.386869 48.280571 -6.178609
-17.348108 48.276981 -6.132023
-17.376509 48.284531 -6.036911
-17.486330 48.288136 -5.583115
-17.410091 48.283676 -6.080799
-17.344988 48.291328 -5.997097
-17.321255 48.290268 -6.093667
-17.421452 48.288761 -5.837068
-17.419434 48.295845 -5.675305
-17.437836 48.293766 -5.583056
-17.503365 48.292130 -5.486156
-17.353575 48.287106 -6.099786
-17.315725 48.290714 -6.085502
-17.340990 48.293312 -5.981985
-17.389608 48.282887 -6.117854
-17.370123 48.288551 -5.987625
-17.454136 48.297558 -5.452369
-17.362198 48.293736 -5.834074
-17.468737 48.288857 -5.745900
-17.421602 48.285366 -5.931038
-17.383799 48.283943 -5.891620
-17.449463 48.293106 -5.838871
-17.499718 48.286522 -5.587723
-17.353260 48.294762 -5.854787
-17.518906 48.292503 -5.523622
-17.401398 48.287621 -5.995449
-17.427338 48.294071 -5.708460
-17.451439 48.291031 -5.585738
-17.319756 48.284672 -6.125351
-17.352364 48.283947 -6.169051
-17.343401 48.287842 -6.030669
-17.315205 48.297230 -5.991299
-17.286676 48.288689 -6.086452
-17.372866 48.284458 -6.072946
-17.385395 48.290596 -5.834456
-17.387804 48.301140 -5.673282
-17.404236 48.297455 -5.584850
-17.467360 48.294159 -5.488633
-17.286739 48.296547 -6.080873
-17.319225 48.288559 -6.093437
-17.309326 48.295506 -5.978117
-17.355711 48.286259 -6.110444
-17.338911 48.292660 -5.982698
-17.335052 48.301426 -5.831699
-17.420212 48.300320 -5.455182
-17.355211 48.292751 -5.886873
-17.387335 48.288868 -5.925591
-17.413719 48.295868 -5.835237
-17.434509 48.295456 -5.742299
-17.470705 48.296516 -5.585874
-17.320164 48.295162 -5.851793
-17.366720 48.288151 -5.990117
-17.482700 48.297504 -5.523835
-17.395885 48.299297 -5.705455
-17.419306 48.295456 -5.585716
-17.287848 48.286736 -6.117375
-17.313797 48.293678 -6.023890
-17.315094 48.281628 -6.159355
-17.282297 48.297562 -5.987326
-17.256626 48.292603 -6.080736
-17.338968 48.287830 -6.065539
-17.351171 48.297153 -5.675015
-17.354744 48.295757 -5.832622
-17.372719 48.301880 -5.586980
-17.428963 48.294518 -5.491802
-17.254061 48.295761 -6.074977
-17.284508 48.285984 -6.086263
-17.277802 48.298679 -5.974217
-17.319366 48.284866 -6.101877
-17.306139 48.293983 -5.978686
-17.302885 48.302750 -5.829837
-17.389048 48.304619 -5.455349
-17.381029 48.299240 -5.832126
-17.322573 48.295067 -5.882823
-17.398310 48.296299 -5.739727
-17.289150 48.296295 -5.849135
-17.433460 48.296684 -5.588247
-17.354315 48.294216 -5.920258
-17.334856 48.293312 -5.983988
-17.443375 48.296936 -5.525876
-17.388283 48.300743 -5.585845
-17.360481 48.300076 -5.704055
-17.284986 48.299446 -6.018283
-17.254520 48.287003 -6.110277
-17.283367 48.283623 -6.150399
-17.250723 48.297638 -5.981580
-17.228699 48.296196 -6.074412
-17.322638 48.301994 -5.672574
-17.325424 48.300663 -5.829012
-17.308258 48.292801 -6.058616
-17.337290 48.300800 -5.589770
-17.396688 48.297951 -5.491822
-17.221069 48.294044 -6.070107
-17.246977 48.299747 -5.970582
-17.255842 48.292740 -6.080621
-17.288662 48.289833 -6.094956
-17.276041 48.298946 -5.973916
-17.357292 48.306004 -5.456615
-17.267874 48.300484 -5.829727
-17.348204 48.301617 -5.829057
-17.288237 48.293602 -5.879727
-17.401371 48.300053 -5.587285
-17.260672 48.300076 -5.845756
-17.364605 48.300846 -5.737379
-17.318354 48.293938 -5.915770
-17.302126 48.293575 -5.979036
-17.356945 48.305099 -5.586997
-17.329689 48.304241 -5.702264
-17.408190 48.300747 -5.525342
-17.226868 48.292576 -6.103879
-17.249954 48.295937 -6.012136
-17.222433 48.301357 -5.977222
-17.295349 48.308685 -5.670245
-17.198242 48.297131 -6.068819
-17.248974 48.281971 -6.142212
-17.290865 48.300316 -5.827843
-17.305546 48.302181 -5.591042
-17.273817 48.292198 -6.051372
-17.362995 48.299587 -5.492721
-17.194210 48.299553 -6.064878
-17.225561 48.293613 -6.074044
-17.214911 48.298954 -5.966843
-17.257587 48.290771 -6.087210
-17.241482 48.294445 -5.969957
-17.323938 48.305656 -5.459742
-17.241610 48.305992 -5.826643
-17.368786 48.302555 -5.588330
-17.315382 48.303989 -5.825993
-17.229706 48.300148 -5.842163
-17.257862 48.296585 -5.875037
-17.285761 48.295189 -5.910783
-17.324091 48.305618 -5.588122
-17.329700 48.302479 -5.733984
-17.269716 48.294765 -5.973069
-17.296095 48.303764 -5.701281
-17.192488 48.300243 -5.972873
-17.372555 48.302635 -5.525871
-17.200504 48.298946 -6.096650
-17.262590 48.307095 -5.669487
-17.168619 48.296947 -6.063453
-17.219767 48.298851 -6.006468
-17.222887 48.290321 -6.134905
-17.261097 48.303295 -5.825301
-17.276337 48.306213 -5.591592
-17.242563 48.293198 -6.044611
-17.333439 48.305603 -5.491042
-17.188519 48.303467 -5.963802
-17.165833 48.301220 -6.059621
-17.198700 48.299118 -6.068816
-17.226475 48.292759 -6.080413
-17.218346 48.305515 -5.965055
-17.293161 48.306904 -5.461203
-17.206192 48.300743 -5.826647
-17.339092 48.307575 -5.586679
-17.202198 48.303791 -5.838967
-17.281969 48.303444 -5.824021
-17.228317 48.298439 -5.870564
-17.293633 48.307789 -5.588554
-17.254276 48.297298 -5.905940
-17.294998 48.301132 -5.732848
-17.243256 48.303242 -5.967717
-17.265211 48.305874 -5.698586
-17.166452 48.304626 -5.967864
-17.234577 48.309875 -5.668292
-17.168709 48.295971 -6.090040
-17.190136 48.298660 -6.001093
-17.140146 48.296562 -6.057285
-17.339495 48.306114 -5.524728
-17.229813 48.302433 -5.822723
-17.191860 48.290195 -6.126217
-17.213797 48.297897 -6.038064
-17.136999 48.300964 -6.055418
-17.301693 48.306973 -5.492312
-17.162441 48.308899 -5.959738
-17.165342 48.293362 -6.063120
-17.197479 48.294422 -6.073000
-17.266386 48.311539 -5.460117
-17.184624 48.299885 -5.961322
-17.268999 48.290009 -5.383547
-17.181042 48.307106 -5.823721
-17.304548 48.304310 -5.588764
-17.249578 48.301716 -5.821308
-17.173452 48.305584 -5.835680
-17.199846 48.302212 -5.867199
-17.209850 48.298542 -5.962973
-17.233431 48.304146 -5.698023
-17.222662 48.298416 -5.901153
-17.261909 48.301514 -5.729876
-17.137894 48.306351 -5.963597
-17.202663 48.307156 -5.667771
-17.138994 48.293739 -6.083777
-17.115366 48.302799 -6.052401
-17.157890 48.293770 -5.995557
-17.202265 48.307129 -5.820486
-17.307596 48.309406 -5.522805
-17.162598 48.289879 -6.118895
-17.112082 48.306206 -6.050572
-17.132050 48.305862 -5.956460
-17.271736 48.310009 -5.490761
-17.182413 48.297897 -6.031354
-17.141014 48.301517 -6.057177
-17.273499 48.279610 -5.391177
-17.172316 48.303696 -6.066833
-17.238531 48.290321 -5.388189
-17.157444 48.304455 -5.957125
-17.151667 48.307041 -5.822476
-17.274281 48.306419 -5.588232
-17.220827 48.303509 -5.818018
-17.146830 48.307053 -5.831782
-17.169901 48.301090 -5.862861
-17.232466 48.310150 -5.589533
-17.182983 48.304039 -5.957754
-17.204817 48.306923 -5.694698
-17.192020 48.299404 -5.896554
-17.180485 48.318089 -5.663061
-17.110214 48.305904 -5.958612
-17.231173 48.304611 -5.727162
-17.089069 48.305195 -6.047487
-17.115911 48.303741 -6.077944
-17.133379 48.301983 -5.990597
-17.171824 48.305145 -5.818151
-17.276354 48.311638 -5.522090
-17.138588 48.298962 -6.111932
-17.105391 48.308384 -5.953509
-17.285366 48.283066 -5.391121
-17.082058 48.303040 -6.045336
-17.244312 48.315697 -5.488485
-17.154076 48.298504 -6.025162
-17.111124 48.299339 -6.051900
-17.251268 48.291603 -5.387409
-17.141493 48.300594 -6.060425
-17.217409 48.303173 -5.384569
-17.131142 48.306854 -5.952209
-17.125137 48.310551 -5.819488
-17.242001 48.303825 -5.589673
-17.120028 48.308586 -5.828869
-17.192080 48.305298 -5.814732
-17.143826 48.306522 -5.858813
-17.154465 48.304710 -5.952545
-17.175888 48.308773 -5.692396
-17.085157 48.310150 -5.953808
-17.165333 48.304836 -5.890357
-17.063881 48.308453 -6.042723
-17.202875 48.308315 -5.722818
-17.089931 48.307064 -6.072012
-17.104774 48.300606 -5.984486
-17.148094 48.313293 -5.814356
-17.114439 48.307045 -6.105011
-17.245295 48.313805 -5.520398
-17.268074 48.301231 -5.381748
-17.077354 48.308056 -5.950492
-17.058111 48.308147 -6.040679
-17.221680 48.289742 -5.391333
-17.088692 48.308289 -6.047273
-17.127258 48.302944 -6.019006
-17.113026 48.300205 -6.054276
-17.104935 48.311291 -5.948202
-17.100506 48.314861 -5.817812
-17.164442 48.307945 -5.811595
-17.125908 48.306427 -5.948284
-17.058271 48.309631 -5.949996
-17.136909 48.307545 -5.886057
-17.063816 48.309391 -6.066121
-17.118628 48.311176 -5.812211
-17.082792 48.311470 -5.978803
-17.173157 48.310223 -5.719352
-17.239429 48.302151 -5.382611
-17.086153 48.306591 -6.097883
-17.035366 48.316166 -6.037077
-17.051985 48.311371 -5.946712
-17.062576 48.310616 -6.041383
-17.101412 48.307255 -6.013036
-17.089981 48.309151 -6.047503
-17.079834 48.316586 -5.944344
-17.064783 48.306808 -5.823061
-17.138090 48.311390 -5.807625
-17.102268 48.312466 -5.942606
-17.023914 48.291977 -5.946938
-17.085327 48.299591 -5.813030
-17.038809 48.312580 -6.060378
-17.109636 48.310059 -5.880962
-17.053288 48.306248 -5.974815
-17.211756 48.302940 -5.383661
-17.005367 48.305927 -6.032302
-17.060354 48.309845 -6.090973
-17.036011 48.311020 -6.036553
-17.074188 48.308712 -6.007001
-17.051434 48.312229 -5.940502
-17.064138 48.313457 -6.041538
-17.112844 48.315697 -5.803804
-17.042387 48.314697 -5.817495
-17.075832 48.313862 -5.937736
-17.003872 48.302578 -5.941628
-17.000904 48.285141 -6.053227
-16.979870 48.308243 -6.028568
-17.033043 48.309258 -6.084036
-17.010281 48.310307 -6.031948
-17.047010 48.309116 -6.000025
-17.038948 48.316704 -6.036778
-17.014009 48.287949 -5.938330
-17.087738 48.320988 -5.799947
-17.032639 48.300919 -5.844151
-17.050638 48.317108 -5.932976
-16.954403 48.292297 -6.022943
-16.951954 48.298737 -6.024130
-17.009323 48.313240 -6.077461
-16.977400 48.293381 -6.027081
-17.013803 48.318897 -6.031078
-17.023756 48.316578 -5.929171
-16.952032 48.285305 -6.042357
-16.957588 48.307011 -6.022643
