# .PCD v0.7 - Point Cloud Data file format
VERSION 0.7
FIELDS x y z
SIZE 4 4 4
TYPE F F F
COUNT 1 1 1
WIDTH 3412
HEIGHT 1
VIEWPOINT 0 0 0 1
POINTS 3412
DATA ascii
-33.159019 46.998611 -12.340328
-33.080070 47.005474 -12.438055
-33.026104 47.001308 -12.499153
-32.949547 47.019188 -12.270568
-32.867512 47.022518 -12.363955
-33.543678 46.984653 -12.451436
-32.975777 47.010277 -12.495127
-33.227108 46.993118 -12.348633
-32.929218 47.035786 -12.178518
-33.433304 46.979046 -12.433844
-33.383762 46.991673 -12.491265
-33.012783 47.019211 -12.279265
-33.160187 46.998867 -12.341745
-33.114037 47.009315 -12.395087
-32.920860 47.016838 -12.262099
-32.889900 47.029785 -12.315712
-33.769707 46.902912 -12.726642
-33.764824 46.913029 -12.827195
-33.775681 46.919224 -12.479265
-33.869217 46.910786 -12.727188
-33.729977 46.924805 -12.557232
-33.948597 46.884682 -12.689404
-33.597080 46.924709 -12.665812
-33.598751 46.931225 -12.708012
-33.708809 46.913872 -12.801038
-33.595913 46.936134 -12.428596
-33.658558 46.923908 -12.650148
-33.557087 46.941582 -12.499513
-33.667599 46.928982 -12.516980
-33.739235 46.904701 -12.618168
-33.503189 46.926170 -12.790922
-33.439732 46.944004 -12.609584
-33.517376 46.927391 -12.726857
-33.864288 46.899475 -12.749777
-33.427616 46.948677 -12.381122
-33.379822 46.949509 -12.441258
-33.815567 46.919720 -12.572777
-33.490417 46.942871 -12.461946
-33.568802 46.928413 -12.560286
-33.649700 46.937489 -12.408951
-33.290382 46.960022 -12.557394
-33.369526 46.953747 -12.734928
-33.357029 46.944851 -12.664192
-33.644650 46.913929 -12.668349
-33.274666 46.960712 -12.338270
-33.248016 46.967918 -12.396635
-33.618683 46.940308 -12.508302
-33.318745 46.952583 -12.408964
-33.139221 46.967129 -12.503486
-33.411739 46.948685 -12.506302
-33.477554 46.954189 -12.357915
-33.215481 46.967056 -12.669276
-33.278057 46.937557 -12.722330
-33.475346 46.936676 -12.604493
-33.134178 46.970341 -12.298978
-33.106152 46.975674 -12.349371
-33.180382 46.969093 -12.473896
-33.173161 46.964432 -12.363515
-33.436977 46.955399 -12.448398
-32.999313 46.973854 -12.453750
-33.000271 46.981544 -12.480751
-33.235130 46.954632 -12.446169
-33.304192 46.961945 -12.306447
-33.054184 46.969616 -12.602025
-33.066978 46.969753 -12.550243
-33.136326 46.954453 -12.661238
-33.304821 46.950478 -12.540205
-33.004314 46.978626 -12.262562
-32.981255 46.985855 -12.308391
-33.052284 46.982426 -12.427460
-33.041977 46.975803 -12.322339
-33.276276 46.970787 -12.395210
-32.870270 46.979206 -12.409111
-33.093750 46.966389 -12.398016
-33.170952 46.978374 -12.265566
-33.163471 46.967289 -12.486722
-32.872742 46.980988 -12.224459
-32.923450 46.990803 -12.379696
-32.927174 46.989632 -12.286162
-32.722778 46.981537 -12.422697
-33.118717 46.978073 -12.344273
-32.963039 46.977798 -12.352752
-33.029591 46.986084 -12.222762
-32.803047 46.981773 -12.448137
-33.017193 46.976276 -12.431431
-32.760075 46.987709 -12.193353
-32.745857 46.994766 -12.229663
-32.783165 46.985565 -12.329849
-32.844189 46.977516 -12.440948
-32.800400 46.991875 -12.246640
-32.983536 46.988617 -12.299489
-32.679451 46.993149 -12.484427
-32.836849 46.984062 -12.309175
-32.900379 46.992382 -12.184464
-32.699398 46.993317 -12.407570
-32.747478 46.981899 -12.495751
-32.877941 46.981026 -12.379818
-32.727619 46.992748 -12.271880
-32.841518 46.990410 -12.252193
-32.779922 46.997398 -12.148347
-32.637573 46.988712 -12.448611
-32.746433 46.982525 -12.330019
-32.431198 46.998508 -12.310341
-32.447716 47.000393 -12.271667
-32.375816 47.000690 -12.354834
-32.392086 47.004482 -12.325662
-32.399532 47.003605 -12.291096
-32.430077 47.004761 -12.275693
-32.366039 47.007042 -12.335071
-33.935970 46.879295 -12.885452
-33.890079 46.870705 -12.905857
-33.877537 46.874256 -12.881550
-33.955544 46.887722 -12.740036
-33.911324 46.885761 -12.676535
-33.873882 46.885002 -12.671265
-33.871422 46.890682 -12.695744
-33.838139 46.889507 -12.740446
-33.829258 46.886742 -12.762812
-33.801739 46.890202 -12.754554
-33.798584 46.897411 -12.756626
-33.764065 46.894016 -12.816752
-33.728680 46.889519 -12.838580
-33.725090 46.894215 -12.819405
-33.781822 46.903481 -12.677052
-33.813797 46.905716 -12.540069
-33.746155 46.901680 -12.619607
-33.797207 46.908031 -12.542898
-33.731934 46.905819 -12.622163
-33.725826 46.909786 -12.647528
-33.691532 46.907768 -12.688725
-33.675568 46.906734 -12.704455
-33.712090 46.911285 -12.582712
-33.748634 46.916630 -12.470474
-33.650196 46.905983 -12.697993
-33.641041 46.909740 -12.698049
-33.609455 46.907146 -12.755996
-33.566620 46.900410 -12.771093
-33.570103 46.906425 -12.756411
-33.627167 46.919525 -12.620481
-33.661011 46.918419 -12.492589
-33.644726 46.920666 -12.497630
-33.597984 46.916077 -12.568399
-33.584965 46.916088 -12.572433
-33.576561 46.919243 -12.598081
-33.550503 46.920567 -12.637823
-33.523182 46.919624 -12.646555
-33.571934 46.926910 -12.536324
-33.604614 46.928432 -12.431240
-33.518818 46.923950 -12.648228
-33.503342 46.924259 -12.647217
-33.483421 46.924671 -12.705928
-33.426819 46.912254 -12.713228
-33.411480 46.921246 -12.773451
-33.421482 46.915070 -12.695578
-33.529964 46.933208 -12.450337
-33.474655 46.927391 -12.564672
-33.502865 46.931366 -12.454907
-33.455414 46.929787 -12.528582
-33.472973 46.934383 -12.525005
-33.443691 46.931217 -12.554169
-33.373230 46.927681 -12.760503
-33.428268 46.934647 -12.594332
-33.466007 46.936756 -12.393850
-33.434193 46.937332 -12.490772
-33.387867 46.931980 -12.594425
-33.382820 46.932350 -12.596939
-33.450516 46.933277 -12.335848
-33.373558 46.935051 -12.600130
-33.350037 46.933880 -12.653409
-33.309853 46.928017 -12.664121
-33.289471 46.933537 -12.719487
-33.312469 46.935043 -12.652308
-33.387833 46.936970 -12.406495
-33.350990 46.942631 -12.519633
-33.332035 46.937939 -12.486838
-33.380444 46.943340 -12.417693
-33.327961 46.943653 -12.516049
-33.329449 46.936382 -12.475423
-33.304588 46.942871 -12.550376
-33.254330 46.942692 -12.707577
-33.343929 46.945614 -12.360988
-33.304779 46.945011 -12.448045
-33.256084 46.937920 -12.548794
-33.264500 46.943245 -12.547394
-33.344143 46.947781 -12.305104
-33.251476 46.943180 -12.554602
-33.226948 46.941166 -12.604377
-33.190002 46.936031 -12.615125
-33.163734 46.939152 -12.665344
-33.196655 46.945694 -12.604665
-33.284492 46.953266 -12.373602
-33.226158 46.950512 -12.450992
-33.232643 46.953400 -12.476412
-33.216080 46.952770 -12.478188
-33.259258 46.951195 -12.381969
-33.191151 46.952152 -12.510931
-33.221260 46.951187 -12.437729
-33.125126 46.944672 -12.650167
-33.241638 46.959709 -12.333735
-33.155354 46.951122 -12.510461
-33.196007 46.956852 -12.411222
-33.232151 46.955784 -12.273543
-33.145454 46.953838 -12.515547
-33.151283 46.954578 -12.504848
-33.122597 46.952717 -12.563772
-33.074802 46.942635 -12.567707
-33.062645 46.951496 -12.621616
-33.091606 46.956333 -12.562772
-33.175858 46.963055 -12.338943
-33.110855 46.952950 -12.412002
-33.109459 46.960400 -12.443166
-33.158096 46.963284 -12.350883
-33.122795 46.963409 -12.436065
-33.086437 46.959675 -12.473387
-33.111530 46.959145 -12.399544
-33.023670 46.956100 -12.604205
-33.129925 46.963669 -12.303340
-33.087437 46.963661 -12.375544
-33.135063 46.967461 -12.245948
-33.055096 46.962265 -12.473351
-33.046753 46.964817 -12.480020
-33.008438 46.953213 -12.517786
-33.045853 46.964237 -12.463884
-32.970917 46.948223 -12.524117
-32.940781 46.946785 -12.568826
-32.975811 46.956001 -12.515181
-33.066711 46.966900 -12.304137
-33.029175 46.970345 -12.384312
-33.007393 46.965622 -12.409691
-33.057217 46.971333 -12.320965
-32.985012 46.964886 -12.438019
-33.011410 46.966572 -12.395226
-33.015453 46.970871 -12.365953
-33.040234 46.976662 -12.279295
-32.897083 46.947845 -12.548776
-33.036427 46.972290 -12.217856
-32.946491 46.961201 -12.432415
-32.986511 46.970787 -12.342446
-32.936802 46.962852 -12.439687
-32.912872 46.959965 -12.481223
-32.941566 46.968781 -12.424383
-32.876003 46.954960 -12.485662
-32.861095 46.961163 -12.534431
-32.890514 46.967842 -12.481012
-32.961792 46.968349 -12.271824
-32.922035 46.968063 -12.348098
-32.917931 46.973713 -12.380465
-32.959236 46.976151 -12.290983
-32.886395 46.965874 -12.402561
-32.913254 46.972519 -12.359902
-32.909763 46.970478 -12.329166
-32.940933 46.977535 -12.252051
-32.825798 46.967487 -12.516143
-32.942520 46.976700 -12.191365
-32.856361 46.968445 -12.398743
-32.892422 46.976322 -12.310610
-32.862381 46.979649 -12.412339
-32.828262 46.968754 -12.447299
-32.842949 46.972816 -12.386800
-32.936871 46.980888 -12.156726
-32.804432 46.971565 -12.456113
-32.772396 46.966389 -12.495975
-32.804882 46.975727 -12.446747
-32.891117 46.984741 -12.248912
-32.844559 46.979092 -12.321854
-32.832161 46.980473 -12.352491
-32.867542 46.980385 -12.264183
-32.809238 46.976898 -12.375370
-32.828682 46.979862 -12.300654
-32.831829 46.984955 -12.330204
-32.854511 46.984245 -12.229135
-32.741970 46.976528 -12.514150
-32.863499 46.984787 -12.168834
-32.749729 46.979549 -12.482980
-32.779770 46.978466 -12.369634
-32.795620 46.976093 -12.278935
-32.770378 46.980045 -12.379118
-32.747025 46.976219 -12.415575
-32.764999 46.984989 -12.356165
-32.847363 46.987934 -12.130651
-32.724876 46.979923 -12.422842
-32.704838 46.981659 -12.466729
-32.717888 46.978741 -12.412040
-32.765804 46.986248 -12.295193
-32.795788 46.983356 -12.218795
-32.748253 46.983097 -12.324108
-32.772739 46.977932 -12.235305
-32.732456 46.984875 -12.349371
-32.765503 46.983200 -12.205377
-32.735977 46.979290 -12.269309
-32.745945 46.989807 -12.299030
-32.655468 46.977615 -12.474339
-32.785355 46.991798 -12.146602
-32.671772 46.987812 -12.448137
-32.700550 46.983711 -12.340711
-32.725883 46.988434 -12.255300
-32.687130 46.982658 -12.348845
-32.670002 46.981289 -12.386341
-32.491318 46.983543 -12.326953
-32.513870 46.983070 -12.260694
-32.473598 46.986160 -12.367396
-32.509167 46.991272 -12.270665
-32.481731 46.981552 -12.317387
-32.475403 46.986378 -12.257168
-32.427757 46.981918 -12.370919
-32.468788 46.990688 -12.268634
-32.440010 46.989422 -12.346526
-32.447086 46.983845 -12.299329
-32.430084 46.991226 -12.301984
-32.452415 46.991753 -12.236700
-32.407440 46.988308 -12.339732
-32.440609 46.991550 -12.246419
-32.425049 46.990799 -12.295005
-32.370083 46.990326 -12.345038
-32.391968 46.992928 -12.278532
-32.377510 46.993290 -12.317978
-33.957081 46.892891 -12.823147
-33.910702 46.906536 -12.670464
-33.887199 46.904705 -12.717386
-33.841713 46.900291 -12.803284
-33.843719 46.906147 -12.784005
-33.801350 46.916008 -12.636837
-33.777763 46.916145 -12.684821
-33.736809 46.912415 -12.766985
-33.731667 46.914188 -12.745219
-33.957130 46.898533 -12.777137
-33.897789 46.895821 -12.898497
-33.930309 46.900211 -12.784989
-33.885536 46.896797 -12.888037
-33.766972 46.920616 -12.476446
-33.701248 46.928326 -12.605334
-33.671005 46.923252 -12.652035
-33.624302 46.916485 -12.727980
-33.626198 46.921349 -12.708646
-33.841663 46.910053 -12.737245
-33.774460 46.902573 -12.851642
-33.810417 46.909245 -12.744616
-33.770618 46.907520 -12.843040
-33.674053 46.934544 -12.455845
-33.968121 46.880676 -12.862176
-33.600021 46.933681 -12.574388
-33.572945 46.931206 -12.622203
-33.540337 46.930779 -12.699855
-33.529305 46.928364 -12.674972
-33.821110 46.927811 -12.490953
-33.731731 46.919827 -12.699197
-33.777740 46.918755 -12.508865
-33.665810 46.912395 -12.809806
-33.695946 46.915535 -12.706029
-33.660797 46.915482 -12.800776
-33.887676 46.895939 -12.845796
-33.559399 46.931110 -12.429712
-33.856194 46.897938 -12.820403
-33.506870 46.940029 -12.545135
-33.480530 46.938400 -12.594269
-33.452251 46.939636 -12.669189
-33.443096 46.936970 -12.644938
-33.712147 46.934986 -12.461637
-33.628262 46.927723 -12.663304
-33.680656 46.932343 -12.484731
-33.574444 46.925888 -12.774935
-33.598141 46.925636 -12.673145
-33.563660 46.925777 -12.762842
-33.769634 46.907017 -12.800794
-33.475239 46.940952 -12.409894
-33.741592 46.908501 -12.777612
-33.417366 46.944878 -12.517091
-33.387539 46.940636 -12.566057
-33.803883 46.915379 -12.554914
-33.362213 46.942650 -12.638823
-33.362648 46.945812 -12.616855
-33.615131 46.943642 -12.435331
-33.534546 46.937332 -12.630740
-33.905773 46.891716 -12.906047
-33.578777 46.937500 -12.458833
-33.476410 46.931206 -12.737671
-33.760086 46.923595 -12.552918
-33.502930 46.933376 -12.641101
-33.473717 46.935051 -12.728382
-33.663807 46.916462 -12.759896
-33.401871 46.953377 -12.393768
-33.928017 46.906631 -12.695271
-33.642284 46.921997 -12.741093
-33.332455 46.948101 -12.490561
-33.312943 46.950539 -12.543127
-33.695362 46.923557 -12.524686
-33.288578 46.952591 -12.613050
-33.282482 46.951534 -12.589855
-33.512188 46.944969 -12.407934
-33.444366 46.944454 -12.599311
-33.787884 46.903954 -12.857911
-33.485920 46.943523 -12.434922
-33.378262 46.932568 -12.699222
-33.655155 46.932415 -12.521791
-33.412201 46.938496 -12.610502
-33.376389 46.935291 -12.690188
-33.310276 46.951054 -12.372260
-33.567543 46.928596 -12.723308
-33.322433 46.958042 -12.292029
-33.810066 46.918365 -12.656604
-33.265724 46.959972 -12.470314
-33.539249 46.927925 -12.703167
-33.242607 46.958801 -12.522655
-33.208076 46.955334 -12.585879
-33.595863 46.932594 -12.496455
-33.697735 46.912685 -12.870839
-33.208397 46.957504 -12.563854
-33.428658 46.951866 -12.385080
-33.355408 46.948330 -12.569291
-33.398701 46.948784 -12.412906
-33.297180 46.938580 -12.668736
-33.672478 46.912830 -12.810557
-33.336609 46.950657 -12.585144
-33.560291 46.942959 -12.493044
-33.238548 46.958271 -12.355524
-33.291447 46.940815 -12.658388
-33.468594 46.934036 -12.685702
-33.251850 46.964157 -12.274607
-33.193378 46.964535 -12.448045
-33.410923 46.931549 -12.780177
-33.446899 46.935448 -12.668885
-33.162060 46.958412 -12.497530
-33.699635 46.929092 -12.620471
-33.140591 46.963387 -12.563203
-33.498718 46.937283 -12.468951
-33.133530 46.959488 -12.538579
-33.589226 46.920692 -12.824752
-33.346897 46.957520 -12.362807
-33.276512 46.953938 -12.541651
-33.317562 46.954296 -12.391895
-33.228302 46.951015 -12.642488
-33.260437 46.957859 -12.559509
-33.575092 46.926231 -12.771495
-33.167419 46.962383 -12.338940
-33.467461 46.949142 -12.465970
-33.223507 46.953129 -12.632457
-33.377159 46.938469 -12.650625
-33.180927 46.967293 -12.257020
-33.337730 46.939865 -12.746058
-33.116474 46.962650 -12.424129
-33.619766 46.936684 -12.539724
-33.321510 46.936886 -12.742633
-33.090107 46.960846 -12.476417
-33.356087 46.939739 -12.635073
-33.598106 46.939690 -12.586294
-33.076866 46.970932 -12.541790
-33.415981 46.948162 -12.445373
-33.064739 46.961727 -12.514308
-33.273205 46.964165 -12.342225
-33.496864 46.933479 -12.786325
-33.204662 46.962631 -12.516448
-33.243553 46.960926 -12.372261
-33.152756 46.955276 -12.613850
-33.183929 46.962078 -12.533711
-33.097004 46.964386 -12.322562
-33.479332 46.934437 -12.731840
-33.146057 46.954678 -12.602072
-33.386192 46.958931 -12.440759
-33.298435 46.948193 -12.620995
-33.118542 46.975391 -12.241349
-33.255745 46.946163 -12.712101
-33.064743 46.977604 -12.407952
-33.028564 46.967987 -12.457848
-33.250782 46.949741 -12.712593
-33.517521 46.941158 -12.508371
-33.289349 46.956871 -12.610680
-33.002579 46.966846 -12.515554
-33.493576 46.943577 -12.552047
-33.008057 46.972359 -12.495330
-33.328251 46.951588 -12.421036
-33.206558 46.973896 -12.324079
-33.401085 46.938717 -12.745559
-33.126522 46.961025 -12.490001
-33.167706 46.962704 -12.352983
-33.083698 46.960625 -12.588480
-33.038490 46.972969 -12.308209
-33.109077 46.964062 -12.508436
-33.079311 46.960781 -12.576442
-33.294331 46.956921 -12.413877
-33.382801 46.938652 -12.692916
-33.058739 46.981125 -12.226513
-33.219574 46.953964 -12.590199
-32.993488 46.974964 -12.385935
-33.192554 46.960976 -12.685702
-32.965626 46.971283 -12.438742
-33.170338 46.952808 -12.679104
-33.428394 46.948975 -12.480460
-32.945351 46.975479 -12.497415
-33.207623 46.959885 -12.580978
-32.952206 46.981873 -12.476615
-33.250576 46.956745 -12.399076
-33.399853 46.950047 -12.521502
-33.134296 46.976318 -12.303912
-33.312737 46.944916 -12.708384
-33.067348 46.972050 -12.469127
-33.104702 46.970936 -12.336044
-33.017784 46.965611 -12.563113
-32.981537 46.981281 -12.295436
-33.041759 46.967999 -12.486801
-33.017296 46.969215 -12.553508
-33.221409 46.964577 -12.391459
-33.307999 46.951996 -12.662558
-32.998711 46.984875 -12.211567
-33.147202 46.960823 -12.562673
-32.939079 46.983219 -12.368743
-33.109661 46.959332 -12.651305
-32.912884 46.980263 -12.423182
-32.892197 46.983624 -12.479589
-33.096703 46.956982 -12.647939
-33.347336 46.957779 -12.454244
-33.135750 46.965611 -12.554658
-32.887341 46.979492 -12.454653
-33.168465 46.956451 -12.375526
-33.321106 46.959602 -12.495026
-33.068958 46.980831 -12.286123
-33.002239 46.975750 -12.447179
-33.042088 46.977039 -12.320260
-33.229713 46.950344 -12.674054
-32.960579 46.974407 -12.541813
-32.920959 46.983028 -12.281328
-32.982861 46.975903 -12.467024
-32.951862 46.970104 -12.528235
-33.148148 46.969257 -12.368876
-32.946159 46.992714 -12.198163
-33.225475 46.956295 -12.629435
-32.883884 46.987495 -12.352275
-33.081196 46.967777 -12.538359
-32.857689 46.984535 -12.406713
-33.041576 46.964722 -12.623095
-32.837765 46.988914 -12.461285
-33.027767 46.960526 -12.618353
-33.065529 46.969101 -12.528860
-33.258968 46.958378 -12.427528
-32.835953 46.986389 -12.437405
-33.106102 46.964706 -12.356690
-33.235817 46.961975 -12.466214
-33.004654 46.983250 -12.267594
-32.946476 46.983292 -12.427402
-32.983788 46.984642 -12.304905
-33.149601 46.953426 -12.639617
-32.873444 46.993214 -12.269667
-32.897762 46.975899 -12.518493
-32.922443 46.978973 -12.446653
-32.899586 46.980259 -12.508626
-32.893261 46.997578 -12.184593
-33.083679 46.975784 -12.349299
-33.146599 46.959095 -12.597522
-32.829723 46.989670 -12.335065
-33.015289 46.972759 -12.512991
-32.806725 46.992271 -12.391734
-32.983574 46.974804 -12.598375
-32.786266 46.994816 -12.443983
-32.968391 46.969727 -12.594211
-32.777905 46.985111 -12.417767
-32.998455 46.972225 -12.503067
-33.185204 46.964188 -12.403731
-33.045422 46.973690 -12.339494
-32.948441 46.989620 -12.251868
-33.162495 46.968792 -12.441528
-32.883114 46.982780 -12.404921
-32.923855 46.986412 -12.288899
-32.814407 46.991726 -12.256026
-33.081867 46.961788 -12.611569
-32.847164 46.986774 -12.500520
-32.867195 46.985382 -12.428088
-32.834324 46.977036 -12.484401
-32.837910 46.997730 -12.170115
-33.019112 46.981312 -12.329674
-32.770924 46.987373 -12.317268
-33.073479 46.962135 -12.567562
-32.949982 46.974640 -12.487774
-32.745461 46.985260 -12.373025
-32.915745 46.974110 -12.570150
-32.722488 46.985233 -12.422268
-32.722672 46.983452 -12.399076
-32.910988 46.976704 -12.569642
-32.939766 46.979149 -12.482286
-33.115314 46.970486 -12.381257
-32.985332 46.979568 -12.322446
-32.893990 46.994743 -12.236719
-33.091877 46.974236 -12.417737
-32.832787 46.990547 -12.388042
-32.871632 46.994263 -12.274549
-32.766560 46.998932 -12.244205
-32.788200 46.985786 -12.477407
-33.016834 46.968781 -12.584415
-32.810551 46.987942 -12.408986
-32.794598 47.008419 -12.158829
-32.785694 46.985691 -12.466001
-32.965996 46.992420 -12.312962
-32.731411 47.000683 -12.305200
-33.012348 46.972580 -12.542844
-32.702908 46.996964 -12.359902
-32.891392 46.979591 -12.465938
-32.675690 46.990509 -12.406546
-32.852406 46.973763 -12.544508
-32.678101 46.991451 -12.384151
-32.849026 46.977238 -12.543425
-32.882233 46.984966 -12.460822
-33.049072 46.975285 -12.359991
-32.935387 46.993275 -12.306849
-32.840366 46.998753 -12.221831
-32.781181 46.995457 -12.370685
-32.814529 46.995651 -12.259497
-33.022591 46.977428 -12.395414
-32.722694 47.007618 -12.233753
-32.739025 46.992443 -12.459844
-32.763889 46.997173 -12.394429
-32.949360 46.971062 -12.556355
-32.745060 47.000271 -12.451461
-32.900509 46.990009 -12.292892
-32.947361 46.974468 -12.516675
-32.837841 46.986889 -12.445848
-32.799385 46.980095 -12.522468
-32.795685 46.983559 -12.522332
-32.826019 46.988533 -12.440825
-32.984272 46.978828 -12.340249
-32.870285 46.988739 -12.287930
-32.791172 47.005245 -12.207428
-32.730610 46.998272 -12.352585
-32.766766 47.000885 -12.246611
-32.962040 46.984604 -12.374005
-32.693832 47.000580 -12.443654
-32.711823 46.998112 -12.376849
-32.888683 46.974445 -12.530616
-32.689747 46.997787 -12.429558
-32.846828 46.996151 -12.275906
-32.887543 46.979698 -12.492312
-32.774681 46.982433 -12.421252
-32.752373 46.991611 -12.503606
-32.750980 46.995831 -12.503208
-32.780678 47.000778 -12.423594
-32.928207 46.986355 -12.321420
-32.745232 47.012367 -12.193080
-32.821552 46.999199 -12.273747
-32.678436 46.998219 -12.334953
-32.718079 47.006245 -12.233416
-32.898602 46.986061 -12.352578
-32.645576 47.004143 -12.425297
-32.660706 46.998924 -12.359588
-32.843300 46.991791 -12.512402
-32.798191 47.004639 -12.260664
-32.725716 46.988110 -12.402686
-32.833382 46.987137 -12.470959
-32.700771 46.993721 -12.481977
-32.689667 46.988155 -12.478127
-32.717346 46.992199 -12.400984
-32.771187 47.003830 -12.258913
-32.867264 46.987419 -12.301887
-32.843369 46.992462 -12.334013
-32.784290 46.992935 -12.487188
-32.741280 47.002087 -12.243495
-32.684132 46.999851 -12.386720
-32.774868 46.987148 -12.446952
-32.646725 46.991123 -12.459439
-32.641125 46.991875 -12.457560
-32.671436 46.999481 -12.383479
-32.719543 47.005608 -12.243599
-32.814526 46.993431 -12.285213
-32.789169 46.996769 -12.314706
-32.707790 46.992615 -12.525718
-32.734211 46.999882 -12.466153
-32.486107 47.020561 -12.295502
-32.728687 46.997547 -12.428349
-32.763550 46.998199 -12.269116
-32.533535 46.996559 -12.284897
-32.496109 46.993240 -12.369314
-32.508030 46.985088 -12.308806
-32.482914 46.977566 -12.351919
-32.742973 47.007004 -12.299251
-32.661907 47.000065 -12.505041
-32.675343 46.993958 -12.440855
-32.676666 46.998653 -12.407597
-32.714901 47.003723 -12.252743
-32.503498 47.014702 -12.275045
-32.485825 47.013264 -12.301773
-32.496391 47.004280 -12.315913
-32.478039 46.993465 -12.312690
-32.451225 47.001385 -12.298478
-32.482853 46.995380 -12.360976
-32.471615 46.979477 -12.325232
-32.444904 47.002659 -12.345098
-32.445736 47.003220 -12.314771
-34.054688 46.876316 -12.927460
-34.047283 46.874668 -12.888947
-34.073956 46.872807 -12.872683
-34.042164 46.884529 -12.855577
-34.009239 46.876163 -12.888597
-34.033604 46.882351 -12.845213
-33.973518 46.881897 -12.896458
-33.995213 46.877602 -12.915467
-33.956814 46.881668 -12.923497
-34.010548 46.879677 -12.928129
-33.969784 46.883564 -12.861355
-33.958649 46.887272 -12.826918
-34.004475 46.888531 -12.846852
-33.950371 46.884918 -12.818765
-33.937626 46.886105 -12.863038
-33.970287 46.884205 -12.766372
-33.967945 46.894646 -12.700126
-33.926712 46.888680 -12.947032
-33.948036 46.887817 -12.943748
-33.958836 46.894974 -12.683255
-33.961288 46.892403 -12.703092
-33.899326 46.889359 -12.867880
-33.973316 46.887737 -12.734637
-33.923466 46.888706 -12.887765
-33.882473 46.888142 -12.894860
-33.897881 46.891529 -12.835685
-33.928322 46.886578 -12.894673
-33.891701 46.896439 -12.802960
-33.921619 46.891296 -12.816313
-33.883854 46.894897 -12.797080
-33.870358 46.895260 -12.840030
-33.904385 46.896172 -12.743860
-33.968731 46.895390 -12.686591
-33.907276 46.907642 -12.681538
-33.848106 46.892006 -12.913733
-33.892879 46.904602 -12.665994
-33.862644 46.888287 -12.907034
-33.895050 46.902210 -12.683619
-33.826565 46.893551 -12.839769
-33.907089 46.899693 -12.713076
-33.848232 46.893368 -12.857753
-33.811874 46.893997 -12.867509
-33.916290 46.899605 -12.742643
-33.834785 46.903030 -12.814138
-33.821987 46.901955 -12.779084
-33.860786 46.898060 -12.867372
-33.813347 46.899406 -12.775036
-33.800823 46.899799 -12.815149
-33.849903 46.898285 -12.789649
-33.842072 46.906532 -12.722573
-33.830898 46.906986 -12.658489
-33.896938 46.904160 -12.664148
-33.775074 46.896370 -12.883424
-33.821857 46.907928 -12.647995
-33.831440 46.912525 -12.666121
-33.792236 46.895313 -12.876595
-33.760452 46.899609 -12.815026
-33.836117 46.905354 -12.689832
-33.871342 46.915913 -12.531826
-33.778423 46.898083 -12.830668
-33.747166 46.900898 -12.842199
-33.843781 46.905586 -12.717817
-33.767269 46.908245 -12.789963
-33.758163 46.908516 -12.757249
-33.753517 46.909290 -12.755662
-33.734852 46.904694 -12.792560
-33.791134 46.905910 -12.838260
-33.780697 46.902832 -12.763831
-33.778393 46.914082 -12.700798
-33.770443 46.914886 -12.639940
-33.836899 46.919136 -12.644754
-33.713028 46.903969 -12.856926
-33.751808 46.909130 -12.629260
-33.820328 46.915619 -12.575618
-33.702366 46.903378 -12.875463
-33.763264 46.915573 -12.645931
-33.703609 46.910198 -12.793517
-33.727249 46.902390 -12.849082
-33.806065 46.921448 -12.513716
-33.766403 46.908718 -12.668062
-33.687096 46.908993 -12.819557
-33.721874 46.910648 -12.809279
-33.700253 46.910343 -12.765936
-33.773926 46.910114 -12.693898
-33.695770 46.911804 -12.735878
-33.688793 46.911888 -12.734543
-33.673691 46.909801 -12.771630
-33.723671 46.911312 -12.810940
-33.715374 46.907749 -12.739358
-33.709648 46.915325 -12.678288
-33.819412 46.914616 -12.478010
-33.701538 46.912991 -12.619459
-33.763344 46.920170 -12.620591
-33.693039 46.915546 -12.614456
-33.653465 46.911095 -12.832339
-33.752151 46.918663 -12.555437
-33.693108 46.913822 -12.626081
-33.638813 46.907181 -12.848420
-33.646339 46.917828 -12.771838
-33.666145 46.909836 -12.822914
-33.738483 46.922180 -12.496890
-33.628922 46.914810 -12.796495
-33.702724 46.914116 -12.648393
-33.654289 46.910946 -12.782932
-33.637268 46.913795 -12.743314
-33.641838 46.922737 -12.718554
-33.707054 46.913200 -12.669940
-33.629929 46.917503 -12.716533
-33.616554 46.916267 -12.752108
-33.657776 46.914429 -12.784149
-33.660400 46.918034 -12.718498
-33.646965 46.916641 -12.656810
-33.751190 46.917480 -12.460992
-33.645756 46.920120 -12.602523
-33.634304 46.920002 -12.598597
-33.693195 46.920578 -12.598660
-33.593460 46.915260 -12.807583
-33.639477 46.922619 -12.609902
-33.684147 46.918587 -12.536352
-33.582047 46.913849 -12.824799
-33.588627 46.922501 -12.749988
-33.687756 46.933468 -12.482787
-33.605534 46.914169 -12.796893
-33.563847 46.912670 -12.770993
-33.640797 46.916260 -12.628242
-33.601803 46.922909 -12.761890
-33.593994 46.930111 -12.728649
-33.582890 46.923435 -12.698352
-33.679428 46.931927 -12.428124
-33.700550 46.921284 -12.436286
-33.642509 46.914829 -12.647828
-33.577419 46.925167 -12.699667
-33.559307 46.919788 -12.731462
-33.666065 46.927387 -12.418212
-33.605465 46.925415 -12.762099
-33.602657 46.924671 -12.697715
-33.599236 46.928638 -12.640572
-33.589390 46.923302 -12.585349
-33.695042 46.926571 -12.446066
-33.657700 46.932709 -12.417506
-33.580528 46.925659 -12.584452
-33.582939 46.926777 -12.593739
-33.538563 46.921619 -12.784603
-33.630634 46.924850 -12.578318
-33.635300 46.931717 -12.520802
-33.523945 46.915741 -12.799619
-33.522038 46.916565 -12.723934
-33.624092 46.932606 -12.466246
-33.518463 46.925354 -12.754514
-33.587353 46.924080 -12.611064
-33.552006 46.923336 -12.774413
-33.545959 46.927273 -12.740682
-33.526611 46.923168 -12.704428
-33.622540 46.933926 -12.414993
-33.527332 46.927624 -12.679357
-33.645329 46.928066 -12.423774
-33.523399 46.929031 -12.682253
-33.509922 46.926994 -12.714613
-33.591236 46.926468 -12.629319
-33.606056 46.927685 -12.407166
-33.543583 46.926537 -12.675375
-33.545002 46.928585 -12.738239
-33.543823 46.933811 -12.621637
-33.543053 46.933987 -12.570642
-33.640617 46.934361 -12.431725
-33.598015 46.933018 -12.405518
-33.524311 46.927673 -12.569440
-33.529671 46.931465 -12.577651
-33.485241 46.925690 -12.762147
-33.577538 46.934052 -12.504207
-33.573963 46.930172 -12.560012
-33.472752 46.923443 -12.778988
-33.484203 46.935078 -12.710108
-33.573723 46.939789 -12.452235
-33.465424 46.929249 -12.734271
-33.532551 46.929089 -12.593397
-33.571228 46.939110 -12.402755
-33.486774 46.926182 -12.717223
-33.492687 46.923409 -12.748805
-33.481693 46.934696 -12.689159
-33.476582 46.932022 -12.662017
-33.592155 46.933559 -12.410899
-33.469093 46.930923 -12.664727
-33.452564 46.925407 -12.694948
-33.535679 46.930653 -12.610329
-33.558704 46.938156 -12.398456
-33.488613 46.933895 -12.602726
-33.490215 46.930424 -12.656078
-33.486290 46.928493 -12.713898
-33.492580 46.938213 -12.555512
-33.582203 46.936676 -12.417026
-33.546532 46.939178 -12.394292
-33.479980 46.936886 -12.557526
-33.480572 46.938499 -12.563025
-33.432858 46.929607 -12.740019
-33.526424 46.940411 -12.488881
-33.430580 46.935024 -12.689630
-33.422379 46.928040 -12.757556
-33.525547 46.946667 -12.437922
-33.518406 46.934357 -12.541028
-33.416412 46.934502 -12.715427
-33.523186 46.944828 -12.390592
-33.483776 46.936134 -12.577825
-33.431126 46.938118 -12.670822
-33.431225 46.940586 -12.646576
-33.443680 46.930813 -12.727871
-33.434822 46.930908 -12.697367
-33.537292 46.936234 -12.398482
-33.424023 46.939312 -12.651496
-33.408291 46.934807 -12.679888
-33.508942 46.943020 -12.387810
-33.483391 46.935375 -12.591414
-33.443253 46.942459 -12.587286
-33.443645 46.939316 -12.638111
-33.450130 46.949268 -12.542151
-33.436035 46.936043 -12.693597
-33.533699 46.943546 -12.403661
-33.500473 46.947540 -12.383896
-33.425201 46.935627 -12.542987
-33.431797 46.943390 -12.549550
-33.386173 46.936325 -12.774835
-33.383095 46.934036 -12.719860
-33.386486 46.943443 -12.673567
-33.476433 46.951550 -12.425390
-33.472721 46.942135 -12.472630
-33.373871 46.932323 -12.736768
-33.471935 46.944057 -12.526278
-33.477158 46.951221 -12.379131
-33.363586 46.933304 -12.695218
-33.380833 46.940880 -12.629330
-33.430260 46.936882 -12.560570
-33.384556 46.944859 -12.654952
-33.388897 46.937672 -12.679604
-33.394997 46.936073 -12.708089
-33.360058 46.936764 -12.663399
-33.372379 46.939747 -12.634881
-33.489552 46.943928 -12.386450
-33.464100 46.951050 -12.379947
-33.439579 46.945770 -12.575471
-33.396381 46.947227 -12.571295
-33.395092 46.943417 -12.620480
-33.392788 46.941414 -12.525615
-33.390728 46.944790 -12.675011
-33.483807 46.949574 -12.390876
-33.378899 46.940044 -12.531418
-33.449348 46.949593 -12.372765
-33.379681 46.942829 -12.533824
-33.337208 46.938835 -12.701037
-33.338726 46.946400 -12.656199
-33.425060 46.951817 -12.410985
-33.341228 46.943119 -12.754240
-33.426571 46.949692 -12.459031
-33.332413 46.943405 -12.720585
-33.425919 46.950321 -12.366875
-33.324886 46.945885 -12.681054
-33.421047 46.947468 -12.508900
-33.340111 46.950634 -12.616558
-33.384148 46.942471 -12.545907
-33.337547 46.948639 -12.638909
-33.340385 46.939808 -12.660913
-33.331512 46.948513 -12.622049
-33.320415 46.947350 -12.651007
-33.442455 46.949490 -12.374621
-33.352173 46.946499 -12.689319
-33.407295 46.944809 -12.368900
-33.383949 46.942886 -12.556405
-33.347530 46.947197 -12.555638
-33.347359 46.944408 -12.602045
-33.357914 46.956333 -12.513844
-33.345913 46.950420 -12.656569
-33.398720 46.948528 -12.361776
-33.335079 46.946136 -12.519666
-33.430103 46.949150 -12.376726
-33.339413 46.951431 -12.522258
-33.374008 46.949936 -12.397731
-33.291931 46.947231 -12.638089
-33.381325 46.953442 -12.355884
-33.293335 46.944309 -12.682919
-33.378006 46.951641 -12.443498
-33.291542 46.943615 -12.731965
-33.276402 46.943901 -12.663393
-33.294674 46.952126 -12.601035
-33.375404 46.954056 -12.493358
-33.340366 46.948750 -12.531001
-33.291332 46.951271 -12.623132
-33.284679 46.949162 -12.607097
-33.296940 46.946095 -12.645064
-33.277580 46.953472 -12.636424
-33.388599 46.945923 -12.362505
-33.363430 46.950718 -12.360304
-33.302765 46.946819 -12.669252
-33.339565 46.949329 -12.540238
-33.301311 46.949833 -12.539863
-33.307980 46.953320 -12.499908
-33.302982 46.950851 -12.585883
-33.296658 46.951733 -12.636566
-33.292980 46.950932 -12.508494
-33.354103 46.953613 -12.351860
-33.377972 46.946438 -12.363098
-33.291031 46.950253 -12.507817
-33.333595 46.957554 -12.386110
-33.338890 46.958229 -12.345656
-33.246979 46.949722 -12.621691
-33.247952 46.945988 -12.664249
-33.340656 46.964886 -12.431928
-33.238735 46.944271 -12.681160
-33.249401 46.949944 -12.712339
-33.228252 46.941925 -12.644796
-33.250324 46.954453 -12.585898
-33.247158 46.952621 -12.606988
-33.243233 46.953976 -12.594039
-33.289082 46.945080 -12.514484
-33.327175 46.956017 -12.476889
-33.234161 46.955643 -12.621605
-33.255829 46.953068 -12.628972
-33.348007 46.954517 -12.351892
-33.317905 46.951839 -12.351096
-33.256626 46.947678 -12.649260
-33.295502 46.953632 -12.525221
-33.260189 46.954659 -12.525859
-33.273750 46.966106 -12.488349
-33.269199 46.966602 -12.574506
-33.245068 46.948597 -12.495264
-33.251270 46.953411 -12.617900
-33.317348 46.964539 -12.343645
-33.336159 46.953209 -12.352050
-33.254036 46.959385 -12.496331
-33.309101 46.975342 -12.335665
-33.300579 46.972164 -12.374988
-33.206043 46.953571 -12.606687
-33.206734 46.950008 -12.647036
-33.285984 46.955578 -12.416311
-33.205070 46.952816 -12.571474
-33.191917 46.951080 -12.631424
-33.201149 46.947166 -12.690535
-33.198883 46.954147 -12.580999
-33.203747 46.954788 -12.592177
-33.249935 46.952549 -12.502246
-33.188160 46.953182 -12.605860
-33.289921 46.972572 -12.343876
-33.308201 46.961967 -12.341541
-33.213211 46.956249 -12.612329
-33.279564 46.957809 -12.461694
-33.219223 46.958149 -12.633422
-33.225723 46.960819 -12.473995
-33.249172 46.953312 -12.508330
-33.228413 46.971088 -12.515182
-33.215687 46.956345 -12.555053
-33.215729 46.966515 -12.487553
-33.270935 46.963852 -12.333066
-33.211716 46.962215 -12.601312
-33.302067 46.966988 -12.340553
-33.208282 46.958717 -12.483865
-33.254410 46.961727 -12.324231
-33.250675 46.965034 -12.362090
-33.166039 46.957260 -12.592007
-33.174217 46.965611 -12.635044
-33.171638 46.964458 -12.560184
-33.154217 46.957424 -12.617560
-33.255600 46.972851 -12.405066
-33.157383 46.953148 -12.647122
-33.159977 46.953766 -12.680771
-33.163784 46.955673 -12.673637
-33.165573 46.960136 -12.579199
-33.162830 46.963127 -12.569843
-33.218014 46.967991 -12.491512
-33.176876 46.965401 -12.598963
-33.234886 46.960915 -12.334462
-33.260567 46.959457 -12.330527
-33.247028 46.973415 -12.449696
-33.173264 46.955875 -12.614529
-33.194111 46.974121 -12.464404
-33.178448 46.961189 -12.498010
-33.220169 46.973396 -12.497588
-33.181973 46.968163 -12.541555
-33.166477 46.957253 -12.474860
-33.235294 46.973644 -12.324175
-33.171108 46.966072 -12.585373
-33.256451 46.967308 -12.328149
-33.226635 46.979515 -12.314945
-33.175747 46.972172 -12.473963
-33.217983 46.977501 -12.352123
-33.131863 46.968079 -12.579402
-33.132851 46.967819 -12.548037
-33.126778 46.957577 -12.614531
-33.204952 46.964897 -12.390857
-33.122528 46.962692 -12.557137
-33.134445 46.974434 -12.568730
-33.122459 46.956741 -12.655313
-33.112282 46.962723 -12.581114
-33.168804 46.958912 -12.475667
-33.202477 46.973206 -12.326706
-33.228947 46.972759 -12.320937
-33.132309 46.961819 -12.581595
-33.194881 46.963818 -12.432841
-33.135136 46.961407 -12.598403
-33.144146 46.962070 -12.449327
-33.148388 46.976322 -12.487919
-33.171429 46.965317 -12.480859
-33.138157 46.965405 -12.525513
-33.134552 46.970539 -12.466227
-33.185856 46.963211 -12.314581
-33.214848 46.968983 -12.317137
-33.131756 46.969784 -12.568811
-33.177372 46.968105 -12.304346
-33.127934 46.961784 -12.459642
-33.168442 46.966267 -12.339317
-33.091282 46.967819 -12.564499
-33.093170 46.969368 -12.534518
-33.076874 46.963352 -12.589119
-33.092781 46.967419 -12.600929
-33.170292 46.974724 -12.379141
-33.088654 46.966877 -12.553024
-33.082497 46.964870 -12.617468
-33.087711 46.973488 -12.546437
-33.136299 46.970402 -12.464707
-33.083008 46.962044 -12.646139
-33.086639 46.964928 -12.640013
-33.153042 46.962772 -12.317122
-33.191013 46.979900 -12.311246
-33.095543 46.968010 -12.568065
-33.165901 46.981934 -12.421044
-33.102505 46.974060 -12.585299
-33.114838 46.978027 -12.440568
-33.102448 46.967781 -12.472150
-33.137241 46.976139 -12.468260
-33.106274 46.978882 -12.513730
-33.088428 46.960827 -12.453553
-33.159599 46.984795 -12.305867
-33.174351 46.969532 -12.305442
-33.151749 46.987560 -12.295825
-33.095455 46.976978 -12.554395
-33.098629 46.977741 -12.450883
-33.142212 46.985886 -12.329535
-33.056374 46.973705 -12.551598
-33.052437 46.965973 -12.521640
-33.049938 46.962540 -12.584144
-33.132423 46.977932 -12.367313
-33.053421 46.972752 -12.541070
-33.049568 46.974724 -12.534495
-33.033096 46.962696 -12.555159
-33.126778 46.982204 -12.310493
-33.097660 46.974754 -12.452630
-33.053139 46.973808 -12.624455
-33.146214 46.974960 -12.300132
-33.057117 46.969418 -12.553914
-33.113789 46.968220 -12.405224
-33.076687 46.979259 -12.428624
-33.061203 46.971016 -12.568003
-33.072098 46.980938 -12.461946
-33.090076 46.965782 -12.452054
-33.058510 46.974796 -12.445621
-33.061737 46.971184 -12.497396
-33.115868 46.978539 -12.297221
-33.112503 46.985809 -12.285591
-33.145504 46.986488 -12.295791
-33.060482 46.978977 -12.438943
-33.048195 46.965813 -12.534979
-33.104809 46.987946 -12.318914
-33.016624 46.967892 -12.509449
-33.016441 46.971313 -12.536896
-33.003258 46.968670 -12.561956
-33.011887 46.974800 -12.523761
-33.015507 46.969421 -12.570366
-33.094742 46.980167 -12.354486
-33.008625 46.968395 -12.587027
-33.014389 46.972176 -12.527753
-33.076336 46.964855 -12.300494
-33.058617 46.974178 -12.439308
-33.012028 46.969784 -12.606162
-33.006104 46.964245 -12.611477
-33.112617 46.983471 -12.290884
-33.019020 46.970837 -12.538825
-33.045429 46.988457 -12.419127
-33.089260 46.990662 -12.394999
-33.027237 46.978893 -12.553339
-33.035351 46.983017 -12.449440
-33.062817 46.982601 -12.440835
-33.024490 46.980339 -12.436198
-33.026833 46.977070 -12.484504
-33.083351 46.987881 -12.288354
-33.075706 46.987701 -12.276238
-33.101814 46.980415 -12.283997
-33.025387 46.983685 -12.429147
-33.017277 46.977173 -12.522453
-33.067261 46.989014 -12.308241
-32.980957 46.973248 -12.523767
-32.979424 46.968971 -12.497838
-32.974392 46.973900 -12.512028
-32.980495 46.972351 -12.556351
-32.979656 46.974926 -12.515945
-32.959652 46.962727 -12.531178
-33.059181 46.986031 -12.343488
-33.050999 46.984135 -12.294191
-33.026756 46.983540 -12.428554
-33.077042 46.987183 -12.281970
-32.978851 46.976521 -12.591760
-32.978653 46.965485 -12.523950
-33.005310 46.984890 -12.407526
-32.996952 46.980309 -12.436323
-33.045479 46.983788 -12.379997
-32.984146 46.970074 -12.535382
-33.026218 46.985664 -12.428395
-32.987564 46.981239 -12.426796
-32.984802 46.966930 -12.469009
-33.043503 46.984142 -12.278959
-33.038479 46.986629 -12.266710
-33.066418 46.983150 -12.274077
-32.992767 46.990070 -12.419161
-33.033413 46.993580 -12.297815
-32.977703 46.972828 -12.505749
-32.945625 46.971569 -12.486353
-32.944866 46.973190 -12.511469
-32.931690 46.970543 -12.536531
-32.936611 46.971024 -12.500180
-32.947781 46.977936 -12.543155
-32.941444 46.971241 -12.501830
-33.024731 46.990761 -12.331803
-33.016186 46.988667 -12.286610
-32.990475 46.984459 -12.417260
-33.041649 46.989914 -12.272055
-32.939461 46.971199 -12.574052
-32.943958 46.966270 -12.511082
-32.972252 46.988312 -12.397362
-32.958122 46.974632 -12.423031
-32.948696 46.970039 -12.521192
-33.011497 46.989513 -12.367429
-32.990582 46.986610 -12.415209
-32.947948 46.974556 -12.415339
-33.010231 46.990505 -12.270869
-32.951763 46.972504 -12.456762
-33.005093 46.990040 -12.257492
-33.031349 46.985893 -12.263220
-32.948120 46.975117 -12.405897
-32.996513 46.992516 -12.287350
-32.941330 46.972946 -12.491247
-32.912434 46.973999 -12.476135
-32.911247 46.974812 -12.498982
-32.902058 46.970650 -12.489467
-32.910824 46.974102 -12.528413
-32.892818 46.968746 -12.509542
-32.909767 46.977467 -12.492171
-32.982483 46.992065 -12.278340
-32.989376 46.991528 -12.320828
-32.901947 46.972397 -12.544387
-32.955452 46.985237 -12.405341
-33.003204 46.987019 -12.262099
-32.898602 46.964657 -12.563232
-32.902370 46.968529 -12.557165
-32.929611 46.974037 -12.384792
-32.912148 46.973663 -12.499278
-32.926910 46.981861 -12.412487
-32.913723 46.971004 -12.506124
-32.975979 46.993408 -12.355379
-32.956318 46.990360 -12.402528
-32.913216 46.975155 -12.405634
-32.975163 46.991096 -12.262106
-32.915707 46.970482 -12.443407
-32.963772 46.978386 -12.248573
-32.998577 46.991291 -12.253181
-32.916004 46.978382 -12.396058
-32.955986 46.981869 -12.276601
-32.907574 46.975731 -12.476620
-32.878353 46.974621 -12.464542
-32.876122 46.972633 -12.485946
-32.872677 46.979530 -12.480626
-32.865536 46.974613 -12.511945
-32.873280 46.972481 -12.478639
-32.876316 46.973911 -12.514551
-32.955860 46.996101 -12.309472
-32.941429 46.984352 -12.270617
-32.917088 46.978409 -12.393261
-32.966625 46.983814 -12.252781
-32.879314 46.974140 -12.487052
-32.901913 46.985737 -12.375502
-32.871990 46.974796 -12.543728
-32.890408 46.974724 -12.401039
-32.879360 46.971798 -12.492326
-32.939915 46.991390 -12.342024
-32.918278 46.983543 -12.389503
-32.879089 46.975590 -12.397198
-32.938412 46.988869 -12.253799
-32.935593 46.989090 -12.240166
-32.887260 46.981361 -12.432796
-32.955143 46.976006 -12.242448
-32.882492 46.980801 -12.386797
-32.928890 46.995560 -12.266483
-32.851559 46.988132 -12.456639
-32.846924 46.980537 -12.476103
-32.875648 46.980167 -12.463695
-32.839355 46.980972 -12.470363
-32.827713 46.973461 -12.488500
-32.908077 46.983646 -12.262434
-32.845413 46.985157 -12.470362
-32.845615 46.980167 -12.502066
-32.915516 46.984478 -12.297725
-32.886951 46.986469 -12.383101
-32.931416 46.983414 -12.243967
-32.867676 46.983219 -12.365938
-32.837849 46.977196 -12.536365
-32.847218 46.979553 -12.475140
-32.840542 46.980232 -12.529922
-32.860596 46.982792 -12.389936
-32.851097 46.981701 -12.480713
-32.847439 46.977699 -12.388571
-32.901405 46.983570 -12.329890
-32.887096 46.988804 -12.377900
-32.907040 46.992954 -12.245289
-32.903931 46.991203 -12.231534
-32.854721 46.983810 -12.420701
-32.932316 46.997147 -12.232816
-32.851601 46.985886 -12.377407
-32.893280 46.990231 -12.256425
-32.814030 46.978191 -12.443763
-32.815754 46.985794 -12.464509
-32.844654 46.984451 -12.451090
-32.808178 46.984081 -12.460855
-32.811977 46.983646 -12.458975
-32.874992 46.986877 -12.255447
-32.814156 46.983452 -12.490351
-32.886768 46.993382 -12.286997
-32.853649 46.985947 -12.371772
-32.901878 46.991310 -12.235070
-32.836491 46.986328 -12.356429
-32.817902 46.984505 -12.464173
-32.809261 46.982540 -12.517199
-32.832611 46.992519 -12.380535
-32.819958 46.984993 -12.468051
-32.817596 46.985580 -12.380630
-32.870373 46.989819 -12.318355
-32.852722 46.987450 -12.366198
-32.875668 46.997040 -12.236785
-32.872593 46.993324 -12.221963
-32.822823 46.984131 -12.408804
-32.895020 46.988998 -12.223210
-32.818913 46.985195 -12.367344
-32.863602 46.997139 -12.247472
-32.785435 46.985931 -12.435191
-32.784466 46.985950 -12.453876
-32.812153 46.984936 -12.437935
-32.775787 46.985367 -12.450918
-32.844704 46.991795 -12.247323
-32.781418 46.988739 -12.448648
-32.781078 46.979988 -12.476955
-32.851635 46.989052 -12.276062
-32.870686 46.994419 -12.225561
-32.821251 46.987232 -12.361832
-32.805168 46.988449 -12.346866
-32.785229 46.985966 -12.452030
-32.775757 46.978260 -12.501537
-32.799026 46.990017 -12.369094
-32.787346 46.988533 -12.371442
-32.841572 46.993305 -12.213535
-32.785954 46.981682 -12.454343
-32.820679 46.986782 -12.354243
-32.840496 46.992523 -12.229007
-32.836323 46.988476 -12.305712
-32.792145 46.986275 -12.397348
-32.864735 46.996067 -12.213001
-32.787735 46.988304 -12.357844
-32.833950 47.002079 -12.237457
-32.756554 46.991692 -12.426503
-32.754086 46.990067 -12.442549
-32.744934 46.986332 -12.442561
-32.781017 46.988228 -12.425282
-32.751495 46.991703 -12.438519
-32.810898 46.990086 -12.240047
-32.752209 46.987900 -12.466184
-32.837055 46.991734 -12.217274
-32.821388 46.994156 -12.264789
-32.790249 46.989365 -12.351325
-32.773121 46.985626 -12.337005
-32.754704 46.989094 -12.440641
-32.747208 46.986183 -12.489820
-32.767738 46.990173 -12.358469
-32.753906 46.984871 -12.362157
-32.810989 46.996246 -12.205297
-32.757256 46.988617 -12.442565
-32.809772 46.994480 -12.220708
-32.791504 46.992718 -12.343348
-32.807438 46.996387 -12.294937
-32.761471 46.988415 -12.385900
-32.832497 46.994228 -12.204143
-32.801430 46.998260 -12.228480
-32.758850 46.994064 -12.349159
-32.723591 46.989025 -12.416336
-32.722370 46.987255 -12.431747
-32.716492 46.995052 -12.434063
-32.749161 46.986584 -12.412333
-32.721283 46.992687 -12.428274
-32.781975 46.997814 -12.232430
-32.721573 46.988071 -12.453671
-32.806942 46.995674 -12.208151
-32.760178 46.991337 -12.341138
-32.791454 46.997120 -12.254661
-32.744091 46.990398 -12.328262
-32.723454 46.987282 -12.428955
-32.718548 46.991154 -12.476978
-32.739178 46.995945 -12.348841
-32.785141 47.007641 -12.196655
-32.726067 46.993427 -12.354918
-32.779194 46.997421 -12.212475
-32.726910 46.990768 -12.430175
-32.758854 46.990063 -12.332232
-32.775394 46.995720 -12.282995
-32.733063 46.997322 -12.374249
-32.803631 46.998024 -12.194388
-32.771351 47.000237 -12.218295
-32.727242 46.994205 -12.339491
-32.694744 46.992817 -12.406592
-32.695755 46.999786 -12.422862
-32.682808 46.987446 -12.423600
-32.721539 46.994350 -12.400936
-32.691048 46.995640 -12.419104
-32.748817 46.993973 -12.225357
-32.775928 46.995651 -12.199739
-32.693340 46.993855 -12.443103
-32.763496 47.004879 -12.244206
-32.728748 46.990501 -12.330462
-32.715096 46.993206 -12.318457
-32.694901 46.993053 -12.419333
-32.710037 46.997761 -12.338975
-32.688061 46.992313 -12.464535
-32.752621 47.003819 -12.187691
-32.693851 46.991581 -12.346082
-32.749981 47.003170 -12.204743
-32.697170 46.992752 -12.419051
-32.730324 46.993870 -12.321540
-32.747906 47.004475 -12.271658
-32.704681 47.002117 -12.363620
-32.771866 46.997181 -12.184658
-32.742779 47.006008 -12.208671
-32.698071 46.997990 -12.330695
-32.665291 46.994625 -12.397678
-32.665150 46.995842 -12.411378
-32.654861 46.993050 -12.415244
-32.690613 46.992550 -12.388312
-32.662060 46.998444 -12.409305
-32.718739 46.993793 -12.217267
-32.747211 47.000435 -12.190055
-32.663490 46.992882 -12.430855
-32.731159 47.000080 -12.234239
-32.700043 46.995285 -12.320783
-32.685925 46.996990 -12.309665
-32.664875 46.993061 -12.408093
-32.679249 46.994797 -12.328500
-32.657467 46.990520 -12.450968
-32.722397 47.002655 -12.179540
-32.665287 46.995201 -12.338551
-32.718826 47.002159 -12.196280
-32.700436 46.994865 -12.310358
-32.667610 46.993755 -12.406926
-32.716042 47.000675 -12.260807
-32.672100 46.993378 -12.352469
-32.742107 46.997013 -12.175619
-32.713020 47.005840 -12.199636
-32.667744 46.993870 -12.321422
-32.634766 46.995598 -12.388399
-32.634228 46.991886 -12.400848
-32.625088 46.994846 -12.407285
-32.661198 46.994541 -12.376250
-32.630211 46.994644 -12.398463
-32.689064 46.998543 -12.210432
-32.717133 47.000259 -12.181967
-32.635262 46.998661 -12.420297
-32.659615 47.007381 -12.301926
-32.670296 46.995117 -12.311752
-32.700367 46.997116 -12.223764
-32.638000 47.001648 -12.398029
-32.649826 46.994637 -12.318525
-32.630486 46.996155 -12.439776
-32.683926 46.973259 -12.172492
-32.635223 46.995022 -12.330472
-32.690399 47.006767 -12.188811
-32.640625 46.999393 -12.395734
-32.673267 47.001480 -12.300171
-32.684067 46.993923 -12.248835
-32.715363 47.006592 -12.165610
-32.639938 47.000462 -12.313131
-32.609547 47.011173 -12.392714
-32.597717 47.004398 -12.399179
-32.595074 47.001598 -12.418318
-32.632275 46.993416 -12.364325
-32.599640 46.986580 -12.388012
-32.655693 46.986645 -12.203210
-32.687378 47.000092 -12.172937
-32.604809 46.995705 -12.408887
-32.643562 47.004692 -12.301750
-32.608727 47.002476 -12.388121
-32.599174 46.989422 -12.425920
-32.657345 46.994877 -12.180654
-32.643841 47.001320 -12.290210
-32.610924 46.999409 -12.383570
-32.685459 47.005436 -12.156532
-32.647381 46.983059 -12.182419
-32.653282 46.983250 -12.165425
-32.631779 47.008240 -12.172152
-32.651829 46.989594 -12.148123
-32.630581 47.005371 -12.155887
-32.603004 46.988632 -12.147393
-32.517902 47.009171 -12.362725
-32.521072 46.992985 -12.355174
-32.529030 47.014317 -12.351792
-32.467300 47.022148 -12.337310
-32.467197 47.014706 -12.343529
-32.461994 47.009373 -12.343819
-32.480434 46.990467 -12.261155
-32.467812 47.004887 -12.337301
-32.474152 47.021618 -12.330153
-32.476192 47.000141 -12.278851
-32.445442 47.072193 -12.332619
-32.441315 47.028053 -12.335991
-32.426071 47.002110 -12.349530
-32.434113 47.008888 -12.335444
-32.463600 47.033619 -12.241185
-32.466156 47.000538 -12.296588
-32.440414 47.010372 -12.346052
-32.457264 47.024734 -12.252670
-32.439571 46.997509 -12.326615
-32.436047 46.997250 -12.356046
-32.444874 46.998291 -12.317872
-32.455479 47.049244 -12.270314
-32.408501 46.991402 -12.318136
-32.410900 46.996822 -12.323239
-32.441303 47.020985 -12.286320
-32.411362 46.995102 -12.333946
-32.413441 47.006912 -12.317897
-32.409275 46.997787 -12.344896
-32.425152 47.065308 -12.311994
-34.051037 46.893570 -12.866158
-34.024170 46.879036 -12.866682
-33.973763 46.895618 -12.840850
-33.954300 46.885994 -12.843847
-33.990517 46.896526 -12.747425
-34.063427 46.884418 -12.913152
-33.949879 46.907173 -12.766837
-33.912716 46.906193 -12.822002
-33.906208 46.904716 -12.828273
-33.927769 46.906239 -12.730118
-34.034496 46.899746 -12.856464
-33.999519 46.897579 -12.891286
-33.966496 46.879246 -12.902387
-33.890709 46.917450 -12.748607
-33.856644 46.918003 -12.804803
-33.843048 46.911625 -12.807653
-33.862320 46.910297 -12.711877
-33.963089 46.905029 -12.831017
-33.916210 46.898426 -12.883999
-33.937805 46.910454 -12.869092
-34.051888 46.892391 -12.931414
-33.824982 46.919697 -12.727104
-33.943657 46.909920 -12.756301
-33.785400 46.915043 -12.781444
-33.778439 46.912743 -12.785455
-33.855232 46.919003 -12.539172
-33.802917 46.916435 -12.695644
-33.896652 46.911556 -12.807220
-34.031891 46.900749 -12.814452
-33.943665 46.924973 -12.669113
-33.866791 46.911617 -12.843742
-33.854263 46.907337 -12.860643
-33.979500 46.899960 -12.903570
-33.766064 46.924862 -12.708921
-33.875874 46.913441 -12.735193
-33.950882 46.898987 -12.919444
-33.804195 46.929195 -12.574130
-33.726807 46.920216 -12.762315
-33.726158 46.921986 -12.768435
-33.750637 46.925499 -12.681780
-33.795383 46.923965 -12.526998
-33.833801 46.918465 -12.785660
-33.951694 46.900253 -12.787136
-33.875118 46.927483 -12.649855
-33.793602 46.913960 -12.838748
-33.804256 46.918533 -12.821237
-33.919479 46.913685 -12.879848
-33.714272 46.932957 -12.693106
-33.816120 46.921711 -12.717822
-33.948940 46.913784 -12.733757
-33.872219 46.902481 -12.925295
-33.882118 46.904968 -12.892783
-33.674877 46.927311 -12.746449
-33.663960 46.919678 -12.747005
-34.040730 46.893742 -12.850813
-33.850388 46.921703 -12.543843
-33.734985 46.924957 -12.514610
-33.690693 46.927666 -12.665345
-33.772865 46.923103 -12.763659
-33.892170 46.912651 -12.767776
-33.808491 46.927719 -12.630157
-33.733784 46.917469 -12.816051
-34.032101 46.906178 -12.831276
-33.747181 46.925545 -12.801578
-33.847214 46.915154 -12.851999
-33.653461 46.931324 -12.674248
-33.754772 46.923199 -12.698815
-33.691097 46.936459 -12.544567
-33.882820 46.920128 -12.712180
-33.820198 46.911900 -12.868380
-33.616539 46.927376 -12.727365
-33.617416 46.930988 -12.732951
-33.790848 46.926662 -12.530727
-33.686737 46.935230 -12.505249
-33.632355 46.927551 -12.649418
-33.968964 46.901142 -12.824240
-33.724258 46.935867 -12.746837
-33.753597 46.934265 -12.613317
-33.823486 46.914333 -12.745318
-33.686638 46.926067 -12.779673
-33.675674 46.921658 -12.794980
-33.957733 46.910889 -12.804879
-33.785160 46.921089 -12.827548
-33.605740 46.938828 -12.658720
-33.698814 46.928898 -12.681623
-33.641392 46.941120 -12.530465
-33.821838 46.926735 -12.691245
-33.752106 46.917896 -12.875626
-33.761238 46.919373 -12.844958
-33.845856 46.916794 -12.556952
-33.569588 46.935707 -12.713152
-33.567551 46.936802 -12.716706
-33.632427 46.936333 -12.493815
-33.587864 46.937408 -12.638131
-33.733360 46.930344 -12.517224
-33.902172 46.909786 -12.799315
-33.664345 46.936230 -12.726193
-33.692745 46.934601 -12.595526
-33.768692 46.924015 -12.726443
-33.625759 46.929619 -12.776636
-33.628258 46.928268 -12.758500
-33.884346 46.913475 -12.777739
-33.560795 46.947857 -12.645176
-33.726692 46.927414 -12.805333
-33.595680 46.949142 -12.518765
-33.644596 46.933308 -12.664994
-33.830566 46.933483 -12.478474
-33.761215 46.931194 -12.671464
-33.698257 46.927605 -12.853906
-33.522087 46.940075 -12.698724
-33.702637 46.924706 -12.822691
-33.788147 46.923603 -12.542359
-33.520638 46.943161 -12.701440
-33.587311 46.946167 -12.484434
-33.683270 46.938934 -12.506199
-33.539253 46.942905 -12.624405
-33.832680 46.912773 -12.773459
-33.609543 46.938824 -12.707252
-33.786358 46.916378 -12.895130
-33.642689 46.941395 -12.580286
-33.705959 46.924812 -12.704886
-33.575573 46.935593 -12.758190
-33.582825 46.938442 -12.743756
-33.773289 46.916286 -12.892960
-33.818851 46.919827 -12.754280
-33.511314 46.949558 -12.629025
-33.668751 46.930614 -12.783266
-33.545261 46.950813 -12.505465
-33.595623 46.940941 -12.650121
-33.773933 46.941135 -12.464247
-33.696510 46.929146 -12.651340
-33.638653 46.928143 -12.829165
-33.478401 46.948959 -12.684546
-33.476536 46.949078 -12.687095
-33.642860 46.926224 -12.798956
-33.730171 46.928425 -12.527665
-33.847580 46.922066 -12.572206
-33.483990 46.937233 -12.609445
-33.530937 46.941448 -12.473330
-33.628334 46.940186 -12.493518
-33.557556 46.940971 -12.689233
-33.774166 46.921062 -12.752309
-33.596798 46.950569 -12.566441
-33.734165 46.928917 -12.872934
-33.652191 46.930218 -12.687367
-33.847137 46.937202 -12.538550
-33.520401 46.933239 -12.738031
-33.527653 46.936085 -12.723598
-33.714813 46.922779 -12.867597
-33.462326 46.950104 -12.614082
-33.761414 46.928959 -12.733493
-33.608562 46.929161 -12.759372
-33.493359 46.948666 -12.491645
-33.543644 46.942909 -12.635262
-33.717831 46.945660 -12.450168
-33.430355 46.949356 -12.669911
-33.645199 46.936249 -12.633595
-33.580482 46.927383 -12.805938
-33.424366 46.945118 -12.670013
-33.590828 46.930519 -12.778841
-33.678379 46.936321 -12.515032
-33.485313 46.945343 -12.462681
-33.441284 46.943821 -12.597673
-33.583385 46.949032 -12.483138
-33.789246 46.929024 -12.556366
-33.508801 46.945648 -12.672305
-33.721836 46.932430 -12.733220
-33.544540 46.950558 -12.551475
-33.600437 46.936314 -12.670524
-33.482124 46.943291 -12.707753
-33.470753 46.936085 -12.719741
-33.671253 46.931038 -12.846083
-33.778500 46.936543 -12.521372
-33.415359 46.951344 -12.599813
-33.657143 46.928127 -12.842493
-33.705582 46.935810 -12.713214
-33.449158 46.951439 -12.479348
-33.565102 46.942169 -12.743208
-33.496140 46.947269 -12.620848
-33.662395 46.948051 -12.436292
-33.385544 46.952278 -12.656365
-33.383224 46.951572 -12.656652
-33.595459 46.943043 -12.617418
-33.529846 46.932522 -12.785243
-33.625134 46.938427 -12.500817
-33.537590 46.932972 -12.758320
-33.442467 46.950760 -12.454014
-33.400593 46.951099 -12.586574
-33.531582 46.949841 -12.470438
-33.726200 46.929623 -12.538928
-33.467434 46.955231 -12.657850
-33.660389 46.931107 -12.709972
-33.495682 46.952091 -12.536591
-33.428352 46.942852 -12.703868
-33.544151 46.935078 -12.651074
-33.439552 46.951038 -12.692885
-33.613800 46.933250 -12.822076
-33.719269 46.941666 -12.504179
-33.372417 46.953972 -12.586879
-33.602779 46.931881 -12.819513
-33.411545 46.960258 -12.469275
-33.641815 46.933777 -12.690257
-33.512527 46.942493 -12.722886
-33.447155 46.947807 -12.605914
-33.609917 46.950989 -12.423394
-33.339558 46.951393 -12.641350
-33.334953 46.948009 -12.640862
-33.543159 46.945171 -12.600364
-33.483101 46.938065 -12.765831
-33.409252 46.965912 -12.446500
-33.576336 46.944893 -12.488109
-33.355057 46.951038 -12.573818
-33.486237 46.935123 -12.738419
-33.478924 46.946671 -12.458474
-33.672874 46.935844 -12.523682
-33.416645 46.952118 -12.640187
-33.607243 46.936520 -12.690568
-33.504803 46.955101 -12.353402
-33.448704 46.953327 -12.522324
-33.392132 46.951443 -12.676363
-33.494808 46.937752 -12.634995
-33.384434 46.947769 -12.688538
-33.562531 46.938545 -12.800128
-33.342426 46.971828 -12.577295
-33.662270 46.944351 -12.488750
-33.365864 46.959209 -12.456466
-33.551651 46.938164 -12.797624
-33.589436 46.940022 -12.672168
-33.404621 46.953403 -12.593148
-33.467621 46.949707 -12.705150
-33.561913 46.956314 -12.410939
-33.356415 46.956638 -12.435473
-33.525467 46.945545 -12.475719
-33.436848 46.942451 -12.747625
-33.316105 46.957024 -12.563286
-33.491665 46.946156 -12.583567
-33.442131 46.941200 -12.720933
-33.434238 46.950405 -12.448144
-33.615330 46.934566 -12.508035
-33.373386 46.954910 -12.625053
-33.462708 46.961525 -12.342896
-33.554623 46.938808 -12.671310
-33.406029 46.957932 -12.509505
-33.343327 46.952244 -12.674126
-33.347801 46.953388 -12.660872
-33.454514 46.948174 -12.620908
-33.504715 46.935806 -12.774913
-33.294510 46.966122 -12.562658
-33.338642 46.978592 -12.448860
-33.610825 46.950275 -12.474124
-33.493557 46.933445 -12.772298
-33.362125 46.957024 -12.579329
-33.539871 46.945820 -12.655001
-33.416794 46.948734 -12.685399
-33.262150 46.962387 -12.618335
-33.263638 46.966202 -12.618862
-33.512432 46.957821 -12.397966
-33.325214 46.972481 -12.428637
-33.488979 46.960316 -12.465030
-33.283077 46.971184 -12.554782
-33.391399 46.945698 -12.729677
-33.446350 46.950222 -12.568827
-33.393890 46.955540 -12.438198
-33.395298 46.943592 -12.703575
-33.576469 46.950779 -12.495529
-33.331207 46.958538 -12.610287
-33.418682 46.963131 -12.332766
-33.372810 46.973255 -12.498844
-33.501877 46.940102 -12.652007
-33.406780 46.948566 -12.605361
-33.262901 46.979160 -12.552524
-33.288208 46.966080 -12.435455
-33.465595 46.950203 -12.759170
-33.563549 46.958572 -12.460914
-33.321339 46.961323 -12.567152
-33.445602 46.937134 -12.752505
-33.372772 46.950684 -12.668982
-33.489277 46.948795 -12.636444
-33.464520 46.959015 -12.386584
-33.273857 46.959930 -12.418091
-33.435154 46.953323 -12.451629
-33.236599 46.964172 -12.541683
-33.414928 46.969364 -12.557765
-33.360989 46.970692 -12.429771
-33.347206 46.948795 -12.711116
-33.524216 46.950741 -12.480611
-33.290771 46.960873 -12.596106
-33.388683 46.980984 -12.323215
-33.324757 46.966549 -12.484183
-33.459885 46.949821 -12.636341
-33.260899 46.957218 -12.644181
-33.268246 46.962852 -12.634019
-33.366714 46.955841 -12.592388
-33.217674 46.972008 -12.538769
-33.254494 46.975277 -12.426690
-33.410057 46.943047 -12.734674
-33.509773 46.956688 -12.446520
-33.401070 46.953030 -12.777087
-33.286201 46.971813 -12.556882
-33.402893 46.944046 -12.734454
-33.331047 46.955296 -12.653336
-33.184116 46.966434 -12.594040
-33.182281 46.964756 -12.592371
-33.442715 46.953156 -12.619213
-33.244850 46.975475 -12.410933
-33.431709 46.977306 -12.376103
-33.206387 46.977879 -12.534113
-33.400551 46.967785 -12.441573
-33.314156 46.965637 -12.418669
-33.360870 46.958591 -12.540031
-33.313366 46.954670 -12.671761
-33.468964 46.945038 -12.465694
-33.260651 46.977718 -12.586494
-33.338970 46.971264 -12.312176
-33.294628 46.983395 -12.474570
-33.415028 46.954865 -12.620729
-33.332603 46.969322 -12.580381
-33.182793 46.977398 -12.528534
-33.210827 46.967823 -12.414497
-33.372547 46.955151 -12.719435
-33.246086 46.973976 -12.544901
-33.459541 46.957340 -12.432264
-33.352127 46.951920 -12.754818
-33.360046 46.949959 -12.716356
-33.300438 46.973289 -12.642524
-33.396820 46.955383 -12.602182
-33.212173 46.987484 -12.403600
-33.162731 46.970417 -12.521926
-33.378281 46.966198 -12.362784
-33.349415 46.959351 -12.429031
-33.279190 46.974972 -12.410553
-33.329044 46.974751 -12.528802
-33.268234 46.960411 -12.680269
-33.431133 46.956963 -12.454560
-33.214973 46.969734 -12.570483
-33.309185 46.985977 -12.303706
-33.243172 46.968052 -12.459748
-33.189896 46.967052 -12.607514
-33.186493 46.966930 -12.617973
-33.368996 46.956100 -12.603647
-33.284866 46.962616 -12.564763
-33.179436 46.977722 -12.405457
-33.143219 46.976437 -12.516703
-33.327145 46.956406 -12.700456
-33.206913 46.975986 -12.533230
-33.418217 46.964752 -12.419943
-33.109402 46.968872 -12.571869
-33.309185 46.954868 -12.735609
-33.110294 46.970875 -12.570080
-33.252422 46.964775 -12.623641
-33.168694 46.978863 -12.393565
-33.128483 46.975639 -12.512954
-33.345860 46.980370 -12.352396
-33.351555 46.957455 -12.586415
-33.316551 46.972523 -12.419539
-33.241982 46.979652 -12.400606
-33.278885 46.964375 -12.512356
-33.234612 46.963154 -12.642015
-33.387112 46.958721 -12.441299
-33.182159 46.980923 -12.559941
-33.269238 46.986984 -12.293879
-33.213844 46.983753 -12.450395
-33.340832 46.975792 -12.592603
-33.151672 46.993122 -12.397666
-33.109589 46.981682 -12.505833
-33.256092 46.982281 -12.555629
-33.283482 46.956371 -12.682035
-33.163429 46.967541 -12.520041
-33.266911 46.955688 -12.716599
-33.384502 46.981205 -12.408108
-33.219433 46.977119 -12.610949
-33.135204 46.984924 -12.385907
-33.277840 46.959213 -12.681284
-33.090477 46.974373 -12.502689
-33.300232 46.977142 -12.341722
-33.194969 46.968487 -12.390446
-33.309689 46.961071 -12.570727
-33.275043 46.973824 -12.408155
-33.251488 46.984894 -12.502633
-33.190323 46.965782 -12.649722
-33.353752 46.973038 -12.430609
-33.140511 46.974331 -12.545270
-33.231888 46.990673 -12.283882
-33.175194 46.982647 -12.438868
-33.113422 46.972374 -12.592175
-33.115444 46.971642 -12.582308
-33.289108 46.965710 -12.574602
-33.072693 46.979282 -12.494866
-33.113522 46.990864 -12.387345
-33.207989 46.970623 -12.538796
-33.132629 46.979420 -12.510171
-33.254700 46.976208 -12.669748
-33.040096 46.973549 -12.550455
-33.038437 46.970894 -12.547782
-33.101578 46.989990 -12.378199
-33.175278 46.970974 -12.594415
-33.330322 46.969254 -12.393496
-33.057308 46.980434 -12.494090
-33.268612 46.990173 -12.331594
-33.164925 46.981209 -12.381884
-33.239044 46.980335 -12.398629
-33.276962 46.975395 -12.558145
-33.207920 46.980564 -12.488414
-33.155849 46.964546 -12.612209
-33.106121 46.978737 -12.533095
-33.302662 46.962624 -12.417022
-33.194756 46.991234 -12.274977
-33.142769 46.989723 -12.428414
-33.078312 46.989155 -12.377994
-33.037144 46.979706 -12.484379
-33.257145 46.980869 -12.563333
-33.171410 46.975311 -12.526960
-33.096134 46.979992 -12.499373
-33.205795 46.965858 -12.649515
-33.140121 46.974545 -12.580927
-33.062405 46.984734 -12.369621
-33.192585 46.968697 -12.685214
-33.022697 46.980709 -12.483907
-33.298038 46.984406 -12.383176
-33.196114 46.960228 -12.647351
-33.130531 46.985439 -12.372865
-33.230053 46.992023 -12.321186
-33.199142 46.979359 -12.387753
-33.235489 46.974899 -12.542549
-33.169579 46.979458 -12.475941
-33.067390 46.974659 -12.520466
-33.271042 46.975647 -12.406895
-33.157940 46.991802 -12.265128
-33.106407 46.991287 -12.417675
-33.043972 46.976231 -12.567557
-33.038147 46.979118 -12.366938
-33.004539 46.980679 -12.474859
-33.135223 46.975895 -12.515208
-33.209492 46.970207 -12.545610
-33.058304 46.977734 -12.488113
-33.175121 46.978905 -12.636544
-32.972092 46.976105 -12.527358
-33.025108 46.979183 -12.361656
-33.105103 46.979103 -12.567503
-32.987644 46.979977 -12.474626
-33.096905 46.990501 -12.365162
-33.192741 46.993736 -12.310137
-33.247894 46.973839 -12.369905
-33.163982 46.982758 -12.377424
-33.135319 46.984856 -12.463824
-33.197205 46.978901 -12.529102
-33.127201 46.999569 -12.256294
-33.035011 46.979755 -12.508965
-33.237003 46.984997 -12.395945
-33.073574 46.995388 -12.407065
-33.009705 46.989552 -12.358889
-32.969971 46.978981 -12.463623
-33.098412 46.976627 -12.502212
-33.176983 46.981396 -12.534129
-33.028656 46.986332 -12.479647
-33.131321 46.970787 -12.618010
-32.995152 46.987770 -12.354147
-32.955807 46.981777 -12.466423
-33.069233 46.979691 -12.554811
-33.114033 46.967297 -12.650207
-33.061974 46.990765 -12.355932
-33.124821 46.969658 -12.617989
-33.125656 46.981472 -12.368118
-33.154987 46.994442 -12.299991
-33.216583 46.986870 -12.358839
-33.096989 46.983742 -12.451366
-33.156410 46.976269 -12.513715
-33.082966 46.982845 -12.248045
-33.005814 46.989353 -12.499607
-33.193615 46.979504 -12.383886
-33.034924 46.987186 -12.395476
-32.978306 46.992355 -12.349792
-32.941402 46.988415 -12.455526
-33.063442 46.979034 -12.490890
-33.135777 46.975792 -12.518576
-32.992706 46.983772 -12.469004
-32.961796 46.987724 -12.346485
-33.100513 46.982834 -12.604997
-32.924690 46.986553 -12.457445
-33.033543 46.979290 -12.541121
-33.028114 46.991867 -12.347066
-33.095509 46.991219 -12.358453
-33.119556 46.995857 -12.289560
-33.181202 46.993389 -12.347429
-33.065948 46.991665 -12.440337
-33.122421 46.983635 -12.501717
-33.053616 46.991459 -12.238631
-32.969002 46.983002 -12.486541
-33.159969 46.984741 -12.373027
-33.003826 47.004658 -12.195265
-33.001827 46.989300 -12.384768
-32.949322 46.998821 -12.341528
-32.946491 46.986385 -12.535004
-32.908535 46.987396 -12.445913
-33.029545 46.982281 -12.479932
-33.101521 46.981178 -12.506469
-32.959343 46.983902 -12.458188
-32.931431 46.993336 -12.338819
-32.892895 46.986378 -12.448192
-33.059494 46.976242 -12.588449
-33.000271 46.982555 -12.528264
-32.992474 46.989143 -12.338633
-33.044258 46.971478 -12.620245
-33.063572 46.997139 -12.349216
-33.079208 46.986790 -12.279515
-33.052727 46.973129 -12.588317
-33.144207 46.995102 -12.335443
-33.028015 46.986439 -12.427971
-33.088470 46.989033 -12.488663
-32.975323 47.001480 -12.177581
-33.022476 46.996243 -12.229649
-32.938057 46.986794 -12.476556
-32.969475 46.999657 -12.188278
-33.126328 46.989975 -12.362173
-32.969223 46.990265 -12.375263
-32.915867 46.995811 -12.332756
-32.879871 46.993866 -12.436707
-32.995110 46.981567 -12.468756
-33.065819 46.980778 -12.492778
-32.927952 46.986694 -12.449101
-32.897675 46.990314 -12.331002
-32.860931 46.987171 -12.439953
-33.023975 46.974857 -12.573755
-32.957367 46.983299 -12.330338
-32.965874 46.979870 -12.516028
-33.027298 46.994568 -12.339528
-33.053123 47.003036 -12.270207
-33.000462 46.998863 -12.418148
-33.106499 46.993828 -12.324255
-32.939495 47.001163 -12.180700
-32.991207 47.000034 -12.220623
-32.939461 46.994625 -12.171148
-33.054119 46.991455 -12.475454
-32.906979 46.989594 -12.466530
-33.093761 46.996048 -12.351694
-32.940681 46.997726 -12.366118
-32.883801 46.993652 -12.323408
-32.849556 46.997494 -12.427999
-32.962196 46.982689 -12.457063
-33.031029 46.982193 -12.480473
-32.899113 46.994141 -12.440916
-32.866203 46.989964 -12.323976
-32.831833 46.992634 -12.431664
-32.995846 46.985466 -12.561625
-32.931789 46.998386 -12.322253
-32.933414 46.981987 -12.503448
-32.988708 46.984207 -12.330063
-33.014175 46.994816 -12.259602
-32.961601 46.986698 -12.405412
-32.958824 46.997868 -12.212218
-32.909660 47.003651 -12.173184
-33.072868 46.999050 -12.313423
-32.875813 46.989429 -12.455390
-33.016369 46.985237 -12.462095
-32.908211 46.998226 -12.165290
-32.908131 46.996712 -12.355571
-33.049675 46.980473 -12.340369
-32.854290 46.996147 -12.314945
-32.819118 47.000130 -12.419238
-32.932461 46.988308 -12.447506
-32.994766 46.979790 -12.467645
-32.864552 46.985344 -12.429624
-32.836788 46.995411 -12.316635
-32.800678 46.992283 -12.423689
-32.899822 46.999184 -12.314024
-32.906673 46.993263 -12.493881
-32.958866 46.980251 -12.546428
-32.959103 46.990822 -12.320562
-32.982910 46.998596 -12.250581
-32.931103 46.991486 -12.394549
-32.878220 47.001335 -12.165092
-32.926579 46.996685 -12.203876
-33.034363 46.991825 -12.301913
-32.876289 46.996880 -12.159158
-32.845947 46.994053 -12.445788
-32.984310 46.990326 -12.449674
-32.875797 46.992565 -12.346112
-33.025112 46.998554 -12.330539
-32.822994 46.994812 -12.306914
-32.934101 46.997593 -12.151664
-32.789070 46.998653 -12.410558
-32.901253 46.990112 -12.437429
-32.964268 46.984577 -12.456779
-32.834652 46.991936 -12.421088
-32.772110 46.994621 -12.415537
-32.807240 46.999866 -12.309243
-32.867317 46.996014 -12.305575
-32.927784 46.983223 -12.533250
-32.930122 46.997272 -12.312319
-32.872337 46.988590 -12.480612
-32.951824 47.001396 -12.240559
-32.849770 47.004673 -12.156992
-32.898838 47.003006 -12.194986
-32.898861 46.990475 -12.383056
-32.817020 46.998528 -12.436493
-32.846424 47.001328 -12.152716
-33.000332 46.994072 -12.290927
-32.847000 46.998035 -12.336871
-32.987904 46.989044 -12.320477
-32.950638 46.990608 -12.436676
-32.794998 46.999146 -12.297923
-32.904095 47.001057 -12.145161
-32.757690 46.994354 -12.401417
-32.868568 46.988094 -12.426834
-32.935421 46.992195 -12.445436
-32.805145 46.994419 -12.412634
-32.742165 46.996101 -12.407985
-32.777020 46.999371 -12.301578
-32.837765 47.000469 -12.298183
-32.842781 46.993221 -12.470063
-32.897125 46.995251 -12.302674
-32.895195 46.984341 -12.520617
-32.919891 47.000221 -12.231270
-32.822521 47.009846 -12.149307
-32.869587 47.007477 -12.186641
-32.868587 46.992126 -12.373288
-32.817799 47.005642 -12.145627
-32.785011 46.994385 -12.426098
-32.817799 47.000530 -12.327466
-32.969959 46.999847 -12.280123
-32.955170 46.989002 -12.310939
-32.918392 46.989597 -12.425180
-32.767895 47.005299 -12.290298
-32.873993 47.001560 -12.137543
-32.731712 47.006451 -12.393180
-32.838608 46.989758 -12.416120
-32.902107 46.990334 -12.433588
-32.776218 46.998890 -12.403346
-32.747692 47.000694 -12.295280
-32.714272 47.003380 -12.400123
-32.808250 47.002956 -12.289732
-32.867741 46.998730 -12.294273
-32.812553 46.992901 -12.459238
-32.866257 46.988995 -12.508164
-32.793224 47.009205 -12.141943
-32.886757 46.997208 -12.221574
-32.840374 47.009979 -12.177237
-32.839027 46.996758 -12.362743
-32.758801 47.002533 -12.416684
-32.786953 47.005127 -12.139868
-32.788193 47.000057 -12.317899
-32.927483 47.000423 -12.301080
-32.935886 46.996979 -12.270120
-32.887932 46.992405 -12.413266
-32.737850 47.003819 -12.281633
-32.843987 47.005020 -12.131050
-32.701271 47.001999 -12.384349
-32.809952 46.996208 -12.406942
-32.870937 46.990162 -12.422458
-32.747917 47.003201 -12.395314
-32.719254 47.004017 -12.287195
-32.683926 47.001884 -12.392413
-32.779942 47.007271 -12.281698
-32.837955 46.999233 -12.285709
-32.783802 46.996391 -12.448944
-32.835804 46.991795 -12.496257
-32.764774 47.012535 -12.133857
-32.859192 47.002541 -12.211687
-32.809738 47.006516 -12.169405
-32.808796 46.996437 -12.351924
-32.727600 46.997246 -12.406546
-32.759174 47.013401 -12.132061
-32.758991 47.002548 -12.308505
-32.893940 46.994438 -12.291216
-32.710342 47.006996 -12.273850
-32.906448 47.002605 -12.259627
-32.857304 46.996189 -12.402365
-32.817448 47.013165 -12.122587
-32.673237 47.008282 -12.376437
-32.777672 46.990078 -12.396441
-32.841377 46.994789 -12.411916
-32.717743 47.000725 -12.386596
-32.690907 47.010296 -12.280235
-32.657230 47.010990 -12.384970
-32.749317 47.003799 -12.273874
-32.807106 46.998890 -12.276795
-32.755089 46.997910 -12.437593
-32.736279 47.010757 -12.126747
-32.807629 46.997276 -12.485123
-32.830383 47.008007 -12.202456
-32.781597 47.009853 -12.160368
-32.780041 46.999928 -12.341634
-32.701481 47.008347 -12.398260
-32.731129 47.007858 -12.299583
-32.727928 47.009907 -12.126144
-32.867050 47.004719 -12.281610
-32.679768 47.001553 -12.264974
-32.875809 47.006393 -12.248729
-32.824837 46.991219 -12.389713
-32.786461 47.011654 -12.116776
-32.751553 47.001183 -12.388153
-32.811050 46.991505 -12.399979
-32.690018 47.007019 -12.377733
-32.625954 47.002560 -12.376883
-32.720741 47.006130 -12.265738
-32.778526 47.001225 -12.268654
-32.724464 46.994610 -12.426618
-32.778828 47.002907 -12.472742
-32.800636 47.006542 -12.192840
-32.752880 47.011200 -12.152175
-32.751774 47.002270 -12.332543
-32.671486 47.004887 -12.388543
-32.703663 47.009064 -12.290742
-32.835964 47.000427 -12.271520
-32.796524 46.995708 -12.378529
-32.757168 47.011009 -12.109423
-32.844193 47.005219 -12.238506
-32.721954 47.000694 -12.378599
-32.782700 46.997963 -12.389859
-32.661316 47.008354 -12.369549
-32.691322 47.004486 -12.258336
-32.750656 47.006535 -12.259734
-32.675617 46.991478 -12.113257
-32.697186 47.001904 -12.416862
-32.722519 47.002632 -12.144381
-32.748642 47.000607 -12.460871
-32.771561 47.010021 -12.183507
-32.644825 47.012024 -12.380042
-32.723015 47.005753 -12.322264
-32.673527 47.004616 -12.280972
-32.807823 47.003761 -12.262482
-32.767765 46.999191 -12.368244
-32.728405 47.014320 -12.102297
-32.815998 47.010700 -12.227379
-32.694271 47.005020 -12.368678
-32.754078 47.002434 -12.379632
-32.632080 47.005722 -12.361145
-32.662346 47.003838 -12.250043
-32.721676 47.005894 -12.251434
-32.668701 47.000286 -12.406609
-32.702095 47.035435 -12.131916
-32.720467 47.006077 -12.449752
-32.741680 47.007557 -12.173844
-32.694923 47.007111 -12.312177
-32.778618 47.006248 -12.253095
-32.695747 46.997787 -12.097870
-32.739185 47.001698 -12.356957
-32.784916 47.006401 -12.217299
-32.667744 47.013145 -12.360233
-32.724380 46.998985 -12.368963
-32.544613 47.022911 -12.355149
-32.634399 47.006004 -12.243172
-32.694386 47.013187 -12.241684
-32.641018 47.004604 -12.396694
-32.665760 46.996113 -12.128118
-32.691395 47.002647 -12.437183
-32.588482 47.015697 -12.360892
-32.750610 47.010563 -12.244123
-32.534214 47.022423 -12.334989
-32.710602 47.004196 -12.345675
-32.756016 47.008896 -12.206966
-32.638680 47.009533 -12.350826
-32.696960 47.005287 -12.359157
-32.576588 47.013184 -12.344424
-32.513618 47.002300 -12.347017
-32.664288 47.008957 -12.426429
-32.562218 47.025791 -12.352569
-32.722778 47.013901 -12.234148
-32.504730 47.003662 -12.326318
-32.683620 47.011497 -12.334977
-32.727516 47.014359 -12.196805
-32.670780 47.011452 -12.348702
-32.485718 47.009552 -12.339188
-32.637096 47.009762 -12.225297
-32.634377 47.001549 -12.414599
-32.532108 47.000114 -12.342555
-32.694107 47.013264 -12.224907
-32.476967 47.004829 -12.318458
-32.654995 47.008888 -12.324677
-32.521629 47.010452 -12.327763
-32.457783 47.004623 -12.332249
-32.557350 46.996483 -12.365458
-32.505314 47.006241 -12.334019
-32.556068 47.016220 -12.323279
-32.494179 47.004559 -12.318863
-32.431332 47.075203 -12.326749
-32.530602 47.000645 -12.355861
-32.477329 47.003460 -12.324990
-32.527023 46.998455 -12.313715
-32.465347 47.004879 -12.310655
-32.503056 46.998863 -12.345935
-32.499573 46.999634 -12.304921
-32.476051 47.001041 -12.336250
-32.471992 46.999817 -12.296070
-32.531960 47.008816 -12.298784
-32.498638 47.000793 -12.359406
-32.475819 47.016983 -12.233453
-32.472816 47.011871 -12.350213
-32.478729 47.012032 -12.279644
-32.464275 47.005566 -12.249718
-34.045170 46.884293 -12.921309
-34.045502 46.888416 -12.865475
-34.002956 46.896229 -12.903872
-34.035316 46.885509 -12.914890
-33.998878 46.894821 -12.846647
-34.034088 46.882210 -12.886059
-34.070614 46.874485 -12.876280
-33.938313 46.892605 -12.928729
-34.075180 46.881138 -12.871380
-33.931252 46.892063 -12.943249
-33.992550 46.889286 -12.757099
-34.058193 46.880180 -12.908952
-33.949310 46.893414 -12.880725
-33.987534 46.890034 -12.895701
-33.976696 46.892727 -12.919457
-33.950066 46.898460 -12.827128
-33.993320 46.892956 -12.870177
-34.029747 46.887234 -12.861388
-33.893993 46.896782 -12.908595
-34.025501 46.885815 -12.854718
-33.886932 46.896236 -12.923115
-34.013023 46.888390 -12.892690
-33.950214 46.897179 -12.741792
-33.905724 46.898491 -12.861876
-33.990646 46.887829 -12.741776
-33.934509 46.887131 -12.873816
-33.927864 46.893368 -12.898920
-33.947216 46.898277 -12.852592
-33.896519 46.893581 -12.806155
-34.046867 46.878239 -12.868351
-33.951778 46.894348 -12.775094
-33.981224 46.890797 -12.844074
-33.937424 46.898453 -12.648932
-33.978962 46.890156 -12.838056
-33.963547 46.889061 -12.874045
-33.856922 46.909168 -12.891815
-33.916378 46.913158 -12.729203
-33.854374 46.893387 -12.840585
-33.944427 46.892097 -12.727332
-34.000473 46.895863 -12.741825
-33.896797 46.899548 -12.858931
-34.026917 46.887516 -12.815157
-33.986858 46.889584 -12.726826
-34.018604 46.887093 -12.830311
-33.880711 46.894806 -12.879988
-33.896381 46.895081 -12.833552
-33.866257 46.913204 -12.793653
-34.002098 46.884369 -12.853307
-33.937725 46.896809 -12.828403
-33.908298 46.900360 -12.759429
-33.905804 46.917206 -12.637044
-33.936192 46.897068 -12.823669
-33.917229 46.892399 -12.856417
-33.863754 46.905121 -12.710693
-33.804634 46.901176 -12.869199
-33.802074 46.904163 -12.884116
-33.827255 46.915668 -12.829094
-33.912144 46.907879 -12.716320
-33.954250 46.900131 -12.727380
-33.860233 46.910851 -12.843391
-33.984047 46.896431 -12.801762
-33.948589 46.899967 -12.716001
-33.973415 46.892246 -12.816195
-33.859390 46.905407 -12.818938
-33.814053 46.903149 -12.773204
-33.989563 46.892464 -12.721417
-33.899475 46.907253 -12.814421
-33.874451 46.913345 -12.745826
-33.887138 46.895668 -12.806252
-33.772163 46.915031 -12.854989
-33.827511 46.916351 -12.697371
-33.776424 46.906487 -12.808036
-33.862457 46.903515 -12.699789
-33.906754 46.898529 -12.711539
-33.935600 46.894939 -12.785601
-33.812321 46.905334 -12.824307
-33.901619 46.900280 -12.702417
-33.924763 46.891762 -12.801006
-33.796238 46.900597 -12.845366
-33.818001 46.910198 -12.802937
-33.787563 46.925343 -12.762978
-33.946560 46.897327 -12.710156
-33.954948 46.898003 -12.682370
-33.850300 46.901859 -12.795978
-33.823498 46.906101 -12.728928
-33.855907 46.912334 -12.795589
-33.835880 46.903778 -12.826983
-33.777065 46.905029 -12.680704
-33.726776 46.909275 -12.834659
-33.720238 46.907707 -12.847260
-33.741421 46.914597 -12.793079
-33.842030 46.924442 -12.522870
-33.875523 46.915203 -12.700879
-33.827553 46.915554 -12.689026
-33.904354 46.911610 -12.774937
-33.896133 46.912117 -12.793272
-33.776054 46.913570 -12.809983
-33.870998 46.916862 -12.693020
-33.868946 46.895603 -12.808684
-33.768402 46.900833 -12.784418
-33.733780 46.909435 -12.742106
-33.923164 46.912712 -12.672602
-33.910385 46.909496 -12.700013
-33.817070 46.914761 -12.783646
-33.785648 46.911484 -12.715163
-33.808292 46.906750 -12.778723
-33.770592 46.914581 -12.594062
-33.745838 46.918713 -12.669032
-33.690937 46.915497 -12.818393
-33.844551 46.915165 -12.522851
-33.791988 46.913986 -12.511594
-33.698658 46.912533 -12.775678
-33.827480 46.908642 -12.684939
-33.780354 46.907894 -12.673385
-33.816166 46.908314 -12.564084
-33.852131 46.904499 -12.758661
-33.839710 46.898460 -12.774633
-33.731079 46.908737 -12.791881
-33.820347 46.909554 -12.678329
-33.717407 46.905754 -12.812665
-33.738213 46.915405 -12.773079
-33.868603 46.918396 -12.535104
-33.700878 46.919331 -12.727821
-33.859085 46.902214 -12.687211
-33.869041 46.902756 -12.657843
-33.772495 46.910847 -12.767771
-33.773373 46.915802 -12.766938
-33.746967 46.914970 -12.700097
-33.751781 46.904446 -12.795743
-33.854954 46.920124 -12.523144
-33.734856 46.921741 -12.580980
-33.808784 46.922264 -12.512922
-33.652573 46.915970 -12.801369
-33.702118 46.913700 -12.653462
-33.647083 46.915287 -12.814306
-33.761383 46.927586 -12.501185
-33.665539 46.920437 -12.761350
-33.798241 46.926105 -12.674929
-33.746494 46.917835 -12.661942
-33.783352 46.919144 -12.552978
-33.818363 46.915428 -12.747232
-33.810760 46.915840 -12.766829
-33.786163 46.919506 -12.667830
-33.694386 46.913002 -12.777466
-33.787357 46.901958 -12.781359
-33.694916 46.911366 -12.756580
-33.821293 46.912682 -12.523615
-33.658527 46.915188 -12.711643
-33.840729 46.920113 -12.648143
-33.829201 46.919704 -12.679094
-33.734543 46.915234 -12.753987
-33.726067 46.907146 -12.751277
-33.706604 46.914608 -12.685579
-33.808994 46.915218 -12.514202
-33.854527 46.906982 -12.530636
-33.697430 46.925049 -12.568446
-33.764633 46.919209 -12.502450
-33.618195 46.921001 -12.786662
-33.670570 46.924408 -12.641728
-33.722057 46.928051 -12.490167
-33.748306 46.913708 -12.659498
-33.626534 46.917946 -12.745210
-33.704227 46.914623 -12.648940
-33.744125 46.920601 -12.541978
-33.773472 46.911530 -12.732306
-33.761463 46.906406 -12.750512
-33.741367 46.913544 -12.655076
-33.655388 46.913506 -12.762339
-33.642860 46.909409 -12.782467
-33.661049 46.918308 -12.744126
-33.790253 46.925301 -12.514129
-33.789104 46.906857 -12.634267
-33.777691 46.907444 -12.665241
-33.625923 46.922009 -12.698559
-33.695107 46.914761 -12.739781
-33.696617 46.922619 -12.741226
-33.672310 46.920574 -12.674051
-33.676491 46.910133 -12.768428
-33.824322 46.921497 -12.522454
-33.774075 46.924213 -12.505584
-33.832729 46.919312 -12.487337
-33.666393 46.934673 -12.557953
-33.727077 46.921463 -12.493051
-33.634075 46.924610 -12.628495
-33.581718 46.921265 -12.770272
-33.689751 46.934803 -12.479292
-33.713074 46.919781 -12.647655
-33.589539 46.919235 -12.730740
-33.669941 46.920593 -12.637414
-33.739071 46.919495 -12.721765
-33.707638 46.923805 -12.529757
-33.732307 46.921803 -12.742669
-33.708130 46.923393 -12.644898
-33.712368 46.910564 -12.757263
-33.623936 46.922211 -12.749611
-33.629280 46.927025 -12.732347
-33.753010 46.927540 -12.503778
-33.755863 46.916710 -12.624085
-33.743813 46.917320 -12.656957
-33.589973 46.924187 -12.684425
-33.660088 46.919823 -12.726969
-33.653503 46.914516 -12.725903
-33.633724 46.919003 -12.660146
-33.776897 46.914730 -12.514106
-33.790440 46.916046 -12.477489
-33.733887 46.922722 -12.496412
-33.695831 46.932098 -12.483527
-33.597046 46.922844 -12.616169
-33.630238 46.937862 -12.544791
-33.548065 46.924202 -12.755841
-33.654507 46.937824 -12.469601
-33.670692 46.912582 -12.633616
-33.556931 46.923061 -12.716644
-33.635437 46.924572 -12.625846
-33.695850 46.913399 -12.707429
-33.676601 46.933430 -12.519263
-33.688042 46.914818 -12.727998
-33.666271 46.918106 -12.633117
-33.585449 46.918636 -12.734715
-33.590794 46.923454 -12.717450
-33.716927 46.931660 -12.493789
-33.717777 46.917049 -12.612427
-33.698154 46.906406 -12.645041
-33.554634 46.923275 -12.670542
-33.625580 46.923801 -12.715398
-33.617954 46.917610 -12.713997
-33.604866 46.914402 -12.742359
-33.598278 46.920094 -12.647251
-33.758755 46.925701 -12.468886
-33.742378 46.921646 -12.506705
-33.698540 46.927742 -12.487710
-33.660160 46.934139 -12.474760
-33.564968 46.928585 -12.604331
-33.641747 46.923981 -12.623796
-33.594486 46.938972 -12.532849
-33.516621 46.929909 -12.742107
-33.616856 46.936092 -12.459174
-33.599136 46.923706 -12.614802
-33.661129 46.918385 -12.696827
-33.528744 46.935421 -12.704955
-33.655205 46.922585 -12.719038
-33.640633 46.935551 -12.508288
-33.633541 46.923878 -12.623167
-33.636528 46.911224 -12.733000
-33.552528 46.922478 -12.721567
-33.685669 46.939301 -12.483250
-33.688618 46.929455 -12.603573
-33.557552 46.927311 -12.705251
-33.670376 46.922680 -12.636592
-33.522762 46.928005 -12.657735
-33.592331 46.927658 -12.703196
-33.585434 46.922367 -12.703079
-33.724766 46.931599 -12.459569
-33.703968 46.921944 -12.499157
-33.566196 46.925835 -12.635411
-33.665176 46.933544 -12.479659
-33.623230 46.933308 -12.465616
-33.536243 46.938976 -12.593546
-33.607140 46.926968 -12.612206
-33.580967 46.933147 -12.449354
-33.555786 46.933357 -12.521075
-33.481609 46.928986 -12.727281
-33.626625 46.922363 -12.685257
-33.563278 46.923820 -12.602839
-33.616917 46.920937 -12.707340
-33.493080 46.931526 -12.691008
-33.603077 46.931812 -12.496867
-33.599442 46.925777 -12.612818
-33.523075 46.931961 -12.709497
-33.646534 46.935703 -12.473408
-33.646431 46.921188 -12.591725
-33.632385 46.920956 -12.627105
-33.523052 46.928295 -12.692675
-33.554474 46.923996 -12.689564
-33.490902 46.932739 -12.644931
-33.551880 46.926243 -12.691830
-33.698238 46.947758 -12.450487
-33.670605 46.927746 -12.491105
-33.533791 46.928596 -12.623507
-33.631489 46.936367 -12.471542
-33.589649 46.934128 -12.456511
-33.577980 46.936378 -12.602345
-33.498901 46.931232 -12.580148
-33.548866 46.935837 -12.439663
-33.592522 46.924263 -12.674906
-33.453102 46.938362 -12.715528
-33.522346 46.935234 -12.508841
-33.536434 46.936993 -12.593696
-33.585342 46.928585 -12.697752
-33.462360 46.935143 -12.677547
-33.575298 46.945099 -12.487411
-33.565346 46.927681 -12.602472
-33.491825 46.936600 -12.697952
-33.618423 46.932480 -12.582218
-33.613705 46.940483 -12.463443
-33.594505 46.917229 -12.616628
-33.491581 46.930946 -12.681085
-33.523216 46.928635 -12.678017
-33.458717 46.934490 -12.632062
-33.520084 46.928905 -12.681185
-33.652977 46.931709 -12.441941
-33.635666 46.930691 -12.483623
-33.595612 46.936424 -12.462735
-33.500126 46.928482 -12.611226
-33.553673 46.933193 -12.447686
-33.544212 46.938271 -12.591052
-33.468594 46.935768 -12.568921
-33.518242 46.940392 -12.429383
-33.560120 46.930019 -12.664014
-33.423317 46.941872 -12.702381
-33.503384 46.936787 -12.582675
-33.490570 46.937908 -12.498204
-33.552402 46.932365 -12.687762
-33.431332 46.938778 -12.665037
-33.538692 46.941257 -12.476311
-33.533684 46.934341 -12.592868
-33.577278 46.935570 -12.454524
-33.460674 46.939240 -12.685416
-33.585705 46.938255 -12.572275
-33.565758 46.927559 -12.608998
-33.459282 46.931702 -12.668192
-33.494068 46.938046 -12.668159
-33.620766 46.936401 -12.433237
-33.428623 46.938019 -12.619866
-33.487476 46.932674 -12.670254
-33.603249 46.936386 -12.475889
-33.560562 46.935379 -12.454223
-33.471081 46.935894 -12.600378
-33.523659 46.937653 -12.438666
-33.509895 46.935192 -12.579650
-33.438072 46.938320 -12.557651
-33.484241 46.937241 -12.420198
-33.528008 46.932701 -12.654317
-33.520512 46.937035 -12.678111
-33.391018 46.939636 -12.688478
-33.467720 46.932838 -12.571891
-33.460381 46.943443 -12.487002
-33.506302 46.945541 -12.584629
-33.399979 46.939430 -12.652462
-33.506805 46.942936 -12.465651
-33.554749 46.942818 -12.562936
-33.546757 46.941120 -12.444264
-33.430477 46.944767 -12.674211
-33.532619 46.932350 -12.599984
-33.426674 46.932476 -12.656251
-33.459965 46.933956 -12.655788
-33.589603 46.941978 -12.424870
-33.398422 46.940556 -12.607650
-33.455475 46.933357 -12.659570
-33.566521 46.934486 -12.468936
-33.526138 46.934242 -12.446974
-33.439297 46.935566 -12.588727
-33.491032 46.938370 -12.429883
-33.480534 46.942616 -12.569750
-33.454136 46.940712 -12.411162
-33.410084 46.946621 -12.547142
-33.496441 46.937359 -12.643721
-33.481487 46.928436 -12.666269
-33.439297 46.940159 -12.562305
-33.361248 46.943146 -12.675338
-33.428604 46.943123 -12.475356
-33.471363 46.942493 -12.575127
-33.372303 46.947712 -12.641006
-33.473343 46.941761 -12.455562
-33.512863 46.938961 -12.435098
-33.517601 46.937004 -12.552736
-33.398903 46.943432 -12.661591
-33.502396 46.937817 -12.591932
-33.398460 46.938786 -12.645696
-33.552647 46.935093 -12.416858
-33.429344 46.938507 -12.645510
-33.426006 46.939785 -12.649649
-33.369381 46.944969 -12.595793
-33.533562 46.935215 -12.461095
-33.494663 46.936840 -12.438546
-33.408890 46.939114 -12.577481
-33.457863 46.934120 -12.420990
-33.450954 46.948059 -12.559806
-33.425282 46.944061 -12.401492
-33.464012 46.937061 -12.633962
-33.380295 46.950073 -12.537159
-33.451363 46.931896 -12.657227
-33.412128 46.947357 -12.552086
-33.335880 46.955193 -12.664596
-33.439983 46.943085 -12.565706
-33.397560 46.943703 -12.464994
-33.341675 46.946270 -12.628703
-33.446503 46.951946 -12.445410
-33.487587 46.941463 -12.543716
-33.482971 46.944420 -12.426104
-33.469650 46.937534 -12.583122
-33.368706 46.945969 -12.649375
-33.370152 46.947098 -12.636136
-33.526524 46.946178 -12.407986
-33.399757 46.940948 -12.634552
-33.395058 46.941357 -12.639305
-33.340126 46.947399 -12.583893
-33.496414 46.929340 -12.454059
-33.462658 46.937466 -12.431026
-33.380680 46.945427 -12.566929
-33.429131 46.941460 -12.412356
-33.423901 46.959248 -12.550623
-33.396652 46.949402 -12.391868
-33.431908 46.936752 -12.623258
-33.350285 46.948544 -12.526119
-33.419167 46.933590 -12.647517
-33.376869 46.938332 -12.541512
-33.302944 46.946995 -12.650567
-33.409874 46.946552 -12.556669
-33.371265 46.955864 -12.453942
-33.412506 46.945797 -12.435215
-33.311161 46.945827 -12.616426
-33.454948 46.939182 -12.533916
-33.452641 46.945904 -12.417022
-33.439438 46.943005 -12.575075
-33.339020 46.947414 -12.638399
-33.341946 46.953411 -12.625584
-33.493248 46.943932 -12.400082
-33.369751 46.942410 -12.624523
-33.365162 46.943813 -12.629298
-33.471241 46.943314 -12.446517
-33.312241 46.953701 -12.572396
-33.435074 46.946686 -12.422748
-33.351929 46.946770 -12.556267
-33.399853 46.943832 -12.403613
-33.388847 46.949215 -12.539076
-33.401688 46.939224 -12.614197
-33.369068 46.955627 -12.382579
-33.323345 46.957733 -12.515948
-33.391357 46.940815 -12.639194
-33.349503 46.946545 -12.532268
-33.277470 46.958046 -12.639805
-33.378399 46.946152 -12.547232
-33.383770 46.950142 -12.425569
-33.282734 46.947155 -12.604819
-33.340439 46.955441 -12.442615
-33.424950 46.943645 -12.524900
-33.421169 46.945511 -12.407585
-33.406380 46.939743 -12.566204
-33.309654 46.948853 -12.626478
-33.309307 46.945137 -12.613764
-33.462601 46.945431 -12.391947
-33.338913 46.941982 -12.613192
-33.437439 46.939091 -12.439520
-33.336102 46.948166 -12.620598
-33.402531 46.942345 -12.415119
-33.285294 46.959896 -12.561212
-33.323620 46.952091 -12.545695
-33.371731 46.948078 -12.395243
-33.358406 46.946701 -12.528975
-33.337456 46.948177 -12.374270
-33.372730 46.944565 -12.605533
-33.295746 46.960957 -12.505662
-33.363441 46.947041 -12.630864
-33.321693 46.950771 -12.522950
-33.346489 46.941769 -12.537724
-33.249039 46.959370 -12.628216
-33.357754 46.959225 -12.415727
-33.256721 46.956234 -12.594980
-33.398716 46.953732 -12.516026
-33.313168 46.961647 -12.432397
-33.391884 46.947876 -12.398859
-33.376060 46.944218 -12.558157
-33.280903 46.950191 -12.615837
-33.280334 46.944489 -12.603081
-33.431843 46.945934 -12.383811
-33.312576 46.951073 -12.604300
-33.304825 46.943756 -12.609200
-33.409531 46.948326 -12.432212
-33.375763 46.950462 -12.407156
-33.255928 46.961330 -12.549317
-33.295300 46.957409 -12.535148
-33.342453 46.950459 -12.386511
-33.332176 46.956795 -12.520095
-33.311440 46.957272 -12.364422
-33.340199 46.940285 -12.594755
-33.265957 46.961422 -12.494680
-33.331963 46.946644 -12.621436
-33.294098 46.957001 -12.513671
-33.321739 46.956730 -12.529268
-33.217979 46.950962 -12.614829
-33.366371 46.948383 -12.507434
-33.327423 46.957722 -12.405646
-33.229549 46.960442 -12.583762
-33.367233 46.960838 -12.389409
-33.284416 46.963001 -12.421749
-33.346127 46.943619 -12.550302
-33.253628 46.956398 -12.605611
-33.403378 46.947212 -12.375364
-33.254757 46.957550 -12.593321
-33.283398 46.951439 -12.594576
-33.378239 46.946865 -12.424972
-33.276806 46.949001 -12.600847
-33.344910 46.949982 -12.398993
-33.228550 46.966549 -12.539070
-33.267590 46.959648 -12.524833
-33.316120 46.959564 -12.377611
-33.301846 46.955288 -12.510014
-33.313217 46.946415 -12.586734
-33.283634 46.961517 -12.355102
-33.238144 46.962666 -12.484345
-33.301311 46.945145 -12.612301
-33.266617 46.964222 -12.504416
-33.293499 46.959988 -12.520870
-33.193867 46.965893 -12.604478
-33.336868 46.948769 -12.498655
-33.299614 46.961967 -12.396324
-33.199219 46.952938 -12.571660
-33.337734 46.961231 -12.380632
-33.256317 46.967327 -12.410221
-33.317177 46.948975 -12.541636
-33.224773 46.956753 -12.594941
-33.378189 46.958199 -12.366818
-33.226406 46.956814 -12.583889
-33.256954 46.959545 -12.585653
-33.348106 46.947281 -12.418090
-33.251511 46.958988 -12.592281
-33.318039 46.957115 -12.390997
-33.199158 46.961937 -12.528294
-33.240211 46.964867 -12.514585
-33.287666 46.960842 -12.369171
-33.275513 46.964390 -12.501114
-33.257080 46.965645 -12.345146
-33.285305 46.952656 -12.578403
-33.211803 46.968773 -12.474434
-33.272972 46.950401 -12.604897
-33.237011 46.960621 -12.494607
-33.264336 46.963356 -12.512162
-33.166267 46.966125 -12.593176
-33.309277 46.954998 -12.489376
-33.272018 46.965206 -12.386034
-33.309925 46.965477 -12.371310
-33.174789 46.967880 -12.562258
-33.228508 46.968578 -12.399888
-33.290096 46.957111 -12.534609
-33.198654 46.964844 -12.585073
-33.347115 46.955730 -12.358611
-33.197342 46.955181 -12.573178
-33.228424 46.962883 -12.575050
-33.220539 46.951511 -12.582072
-33.319878 46.953541 -12.410707
-33.289272 46.958408 -12.383505
-33.213760 46.969982 -12.504651
-33.172100 46.967144 -12.517101
-33.261227 46.968960 -12.360251
-33.248745 46.969521 -12.492126
-33.259586 46.961662 -12.570763
-33.225876 46.953129 -12.337042
-33.248837 46.965267 -12.597701
-33.183998 46.970020 -12.464102
-33.210030 46.963760 -12.485578
-33.235451 46.960651 -12.503635
-33.282516 46.963123 -12.481402
-33.137196 46.958500 -12.580441
-33.281574 46.964756 -12.361879
-33.240627 46.956757 -12.376755
-33.145184 46.958282 -12.550428
-33.261215 46.957401 -12.527094
-33.199554 46.967949 -12.389202
-33.319386 46.957912 -12.351452
-33.171059 46.968075 -12.574784
-33.172268 46.967159 -12.564659
-33.200294 46.964138 -12.565664
-33.292694 46.960690 -12.403661
-33.195473 46.966484 -12.574567
-33.260834 46.962685 -12.376081
-33.145760 46.970257 -12.506178
-33.184589 46.967358 -12.493919
-33.229919 46.958447 -12.353138
-33.220505 46.969784 -12.482718
-33.200050 46.958157 -12.328371
-33.230305 46.961037 -12.561019
-33.219021 46.962666 -12.588861
-33.155445 46.967308 -12.454634
-33.184017 46.972851 -12.475732
-33.207329 46.964909 -12.495264
-33.255749 46.968250 -12.472415
-33.112762 46.973442 -12.571039
-33.251122 46.959198 -12.353925
-33.214294 46.962872 -12.366844
-33.119705 46.969345 -12.539680
-33.234241 46.963539 -12.519077
-33.290718 46.957203 -12.342969
-33.171856 46.970192 -12.378894
-33.144501 46.969196 -12.563816
-33.142559 46.959564 -12.553821
-33.173531 46.969265 -12.556680
-33.233101 46.961868 -12.367913
-33.167240 46.966747 -12.565161
-33.262569 46.961113 -12.396785
-33.202305 46.958626 -12.344994
-33.118168 46.970493 -12.494880
-33.158577 46.976452 -12.484075
-33.174866 46.966152 -12.318816
-33.193130 46.975010 -12.472473
-33.202290 46.966286 -12.552670
-33.127823 46.961491 -12.444465
-33.189102 46.959076 -12.580002
-33.155254 46.971146 -12.467233
-33.180676 46.971031 -12.486301
-33.226974 46.966545 -12.463910
-33.223606 46.957375 -12.344788
-33.084736 46.966705 -12.558641
-33.188602 46.971958 -12.356052
-33.091763 46.960541 -12.529447
-33.205585 46.965820 -12.511611
-33.261631 46.955517 -12.335414
-33.145840 46.976295 -12.368036
-33.118065 46.977306 -12.554898
-33.116657 46.969646 -12.543999
-33.145409 46.970524 -12.547297
-33.139938 46.966904 -12.556067
-33.203381 46.957211 -12.361244
-33.233810 46.962406 -12.389297
-33.176693 46.965641 -12.336366
-33.091721 46.972614 -12.483936
-33.130344 46.973724 -12.473659
-33.149994 46.974136 -12.308314
-33.164574 46.972294 -12.463002
-33.175102 46.970432 -12.544611
-33.161598 46.963234 -12.572892
-33.101921 46.971577 -12.434643
-33.126060 46.962467 -12.457635
-33.153164 46.972198 -12.478179
-33.198746 46.969810 -12.455519
-33.196632 46.960522 -12.335761
-33.161411 46.973118 -12.346982
-33.057579 46.970921 -12.547431
-33.065964 46.968624 -12.518634
-33.236019 46.962532 -12.326785
-33.175571 46.964233 -12.503746
-33.089397 46.967602 -12.543384
-33.118252 46.976540 -12.356739
-33.088821 46.961838 -12.533787
-33.118431 46.973663 -12.538270
-33.206089 46.964584 -12.382143
-33.111393 46.967182 -12.547613
-33.177052 46.966324 -12.352349
-33.151829 46.976620 -12.326877
-33.102833 46.971897 -12.464524
-33.064030 46.971863 -12.472619
-33.123020 46.977287 -12.299289
-33.137165 46.971462 -12.453889
-33.146336 46.968723 -12.536110
-33.076088 46.973606 -12.424960
-33.132725 46.960529 -12.564370
-33.098125 46.956665 -12.448417
-33.124081 46.967514 -12.469615
-33.171558 46.973961 -12.447460
-33.171875 46.972496 -12.326294
-33.133690 46.969307 -12.337806
-33.032818 46.982883 -12.537962
-33.210297 46.968555 -12.318135
-33.039631 46.974735 -12.508726
-33.149639 46.971256 -12.496066
-33.091599 46.979675 -12.346766
-33.061386 46.966862 -12.533013
-33.062069 46.966969 -12.524806
-33.090702 46.966850 -12.528079
-33.151123 46.973354 -12.344669
-33.083565 46.962368 -12.538414
-33.177334 46.965881 -12.374658
-33.124214 46.976803 -12.318734
-33.075645 46.970055 -12.454444
-33.095383 46.968414 -12.291267
-33.038303 46.971886 -12.461946
-33.109444 46.967648 -12.444712
-33.119038 46.968884 -12.527019
-33.106911 46.971542 -12.557727
-33.050606 46.984676 -12.414210
-33.073051 46.968647 -12.439898
-33.143513 46.970161 -12.439229
-33.096043 46.963711 -12.461388
-33.144794 46.974651 -12.317246
-33.006874 46.977924 -12.526234
-33.014732 46.976654 -12.499354
-33.107567 46.974419 -12.326928
-33.182789 46.969734 -12.310013
-33.120670 46.970562 -12.488537
-33.066723 46.984665 -12.335251
-33.036304 46.975845 -12.523481
-33.034992 46.969116 -12.515760
-33.063839 46.970985 -12.519076
-33.124470 46.979485 -12.335709
-33.056702 46.966503 -12.529411
-33.150578 46.974014 -12.366689
-33.094795 46.963081 -12.311242
-33.070484 46.970345 -12.281897
-33.013859 46.983841 -12.451528
-33.049843 46.978142 -12.443631
-33.082367 46.969799 -12.435666
-33.089424 46.959225 -12.518348
-33.025520 46.993668 -12.404675
-33.077183 46.957890 -12.548021
-33.046082 46.971794 -12.430874
-33.115578 46.967358 -12.431022
-33.069397 46.972836 -12.453441
-33.118111 46.971729 -12.308404
-32.980434 46.980045 -12.515292
-33.156853 46.973770 -12.301320
-33.079956 46.971603 -12.317776
-32.987125 46.967842 -12.488180
-33.092415 46.964771 -12.480265
-33.039856 46.985813 -12.325235
-33.010689 46.979858 -12.513841
-33.011372 46.982964 -12.506646
-33.037403 46.979099 -12.510159
-33.095264 46.970749 -12.329270
-33.030376 46.978607 -12.521529
-33.122864 46.976196 -12.359537
-33.070114 46.969994 -12.302926
-33.044258 46.977459 -12.272010
-33.024441 46.984150 -12.434033
-32.986675 46.982006 -12.441450
-33.056145 46.979904 -12.426792
-33.063389 46.965256 -12.510648
-32.999264 46.991722 -12.394908
-33.049580 46.961060 -12.540894
-33.022354 46.984650 -12.421737
-33.090824 46.982323 -12.422567
-33.043251 46.974876 -12.444706
-33.091034 46.973888 -12.299357
-33.054977 46.978596 -12.307252
-32.953781 46.983173 -12.505321
-33.129669 46.977932 -12.293264
-32.962067 46.985882 -12.478526
-33.064919 46.968937 -12.473159
-33.013096 46.984959 -12.314230
-32.982655 46.970066 -12.503592
-32.981426 46.955276 -12.496016
-33.011147 46.980141 -12.501411
-33.070393 46.981728 -12.319789
-33.004944 46.978546 -12.513072
-33.095360 46.980362 -12.352439
-33.043247 46.974136 -12.293933
-33.018723 46.976418 -12.263533
-32.997570 46.985291 -12.424028
-32.960442 46.986115 -12.430560
-33.031452 46.983810 -12.417473
-33.036522 46.972385 -12.502669
-32.971439 46.986916 -12.385725
-33.024609 46.980022 -12.534432
-32.995270 46.986801 -12.412703
-33.017101 46.979916 -12.436996
-33.065704 46.974834 -12.290925
-33.063736 46.984474 -12.413531
-32.927944 46.982204 -12.494639
-33.103405 46.978985 -12.284520
-33.029270 46.987682 -12.296470
-32.935085 46.983032 -12.467491
-33.037727 46.973087 -12.465117
-32.957161 46.987125 -12.494879
-32.986874 46.995136 -12.302210
-32.957207 46.987259 -12.488568
-32.983501 46.968266 -12.492385
-33.042984 46.983902 -12.311696
-32.976265 46.965786 -12.503714
-33.068882 46.982430 -12.344658
-33.017834 46.980152 -12.284342
-32.992905 46.984516 -12.252724
-32.970245 46.976402 -12.415068
-33.004574 46.987957 -12.408475
-32.933460 46.983273 -12.419519
-33.011009 46.983387 -12.495082
-32.945473 46.978901 -12.376150
-32.997707 46.978104 -12.526567
-32.967968 46.986969 -12.403621
-33.037472 46.988522 -12.405793
-33.039467 46.981953 -12.281043
-32.989799 46.983078 -12.428926
-33.077568 46.984020 -12.275854
-33.001419 46.976830 -12.288415
-32.901176 46.981346 -12.483642
-32.908928 46.982082 -12.457752
-33.011894 46.984104 -12.458477
-32.930794 46.984184 -12.485097
-32.959572 46.992313 -12.292116
-32.930542 46.990391 -12.478601
-32.957500 46.989414 -12.483438
-33.015873 46.982998 -12.304800
-32.950874 46.989834 -12.497038
-32.991570 46.981213 -12.275592
-33.040947 46.982624 -12.337471
-32.965691 46.979626 -12.244797
-32.943691 46.980534 -12.405123
-32.907410 46.980320 -12.408791
-32.976322 46.979176 -12.399202
-32.982834 46.969540 -12.486959
-32.918808 46.982040 -12.366183
-32.970516 46.985249 -12.519530
-32.941158 46.973995 -12.394888
-33.010487 46.991673 -12.396773
-33.011826 46.973087 -12.273030
-32.962818 46.986225 -12.419907
-33.050770 46.983105 -12.268009
-32.875446 46.981373 -12.472976
-32.975937 46.993969 -12.276535
-32.882458 46.978146 -12.447951
-32.984592 46.987267 -12.450407
-32.903812 46.984333 -12.475068
-32.932781 46.985409 -12.282251
-32.903664 46.994530 -12.469604
-32.930603 46.984497 -12.474562
-32.988892 46.986153 -12.295782
-32.923786 46.991985 -12.487998
-32.964462 46.977314 -12.267686
-32.940586 46.985630 -12.234255
-33.012905 46.981831 -12.330263
-32.917957 46.980564 -12.394456
-32.949955 46.979237 -12.390432
-32.880867 46.990509 -12.397710
-32.956303 46.988712 -12.478919
-32.891945 46.992245 -12.356050
-32.943111 46.987411 -12.511438
-32.914387 46.979134 -12.385912
-32.982338 46.986885 -12.388533
-32.986221 46.983173 -12.262263
-32.935200 46.986408 -12.411774
-33.023998 46.988251 -12.259033
-32.849098 46.984493 -12.462061
-32.949268 46.994114 -12.265556
-32.856007 46.980274 -12.437016
-32.956444 46.985470 -12.443178
-32.877853 46.973320 -12.464483
-32.906765 46.994583 -12.269253
-32.877174 46.981541 -12.459925
-32.903412 46.985657 -12.465502
-32.962116 46.991299 -12.286804
-32.895432 46.985203 -12.479717
-32.913902 46.982716 -12.225422
-32.937603 46.987526 -12.257554
-32.984463 46.983120 -12.321840
-32.890587 46.994854 -12.384096
-32.854305 46.991646 -12.386753
-32.923096 46.989441 -12.380301
-32.928768 46.980831 -12.470927
-32.865067 46.993393 -12.346041
-32.915577 46.979527 -12.503447
-32.887825 46.986259 -12.376977
-32.955101 46.975929 -12.381737
-32.959850 46.983242 -12.253493
-32.997204 46.987339 -12.251188
-32.907776 46.979523 -12.403805
-32.822853 46.988605 -12.451165
-32.922146 46.981163 -12.257774
-32.829548 46.985397 -12.427090
-32.929146 46.988632 -12.435108
-32.849953 46.985630 -12.455030
-32.879467 46.991760 -12.259160
-32.849365 46.985790 -12.450616
-32.876728 46.982731 -12.456669
-32.933762 46.987522 -12.279535
-32.869255 46.978191 -12.471112
-32.887852 46.982769 -12.215703
-32.911125 46.986599 -12.248762
-32.956738 46.985306 -12.314696
-32.864532 46.994900 -12.374377
-32.828362 46.989689 -12.376044
-32.896427 46.995575 -12.371346
-32.839630 46.990353 -12.336570
-32.901363 46.982994 -12.462837
-32.860542 46.992489 -12.366760
-32.887543 46.975731 -12.495231
-32.927925 46.986149 -12.372556
-32.933098 46.991451 -12.242371
-32.881725 46.982563 -12.395097
-32.970306 46.985432 -12.243323
-32.896111 46.987278 -12.246921
-32.795250 46.991848 -12.440886
-32.803185 46.982460 -12.417309
-32.901402 46.981762 -12.428086
-32.824112 46.987659 -12.445353
-32.853207 46.986832 -12.248388
-32.821865 46.993023 -12.441367
-32.849636 46.984886 -12.447629
-32.861809 46.988884 -12.204846
-32.906670 46.989685 -12.270494
-32.841957 46.981354 -12.463041
-32.884533 46.978619 -12.241085
-32.929455 46.994534 -12.305492
-32.837643 46.986996 -12.364492
-32.869843 46.993649 -12.362532
-32.801075 46.992920 -12.364815
-32.812851 46.992496 -12.326580
-32.874260 46.979092 -12.454931
-32.833961 46.990562 -12.357947
-32.860241 46.981884 -12.488172
-32.901257 46.992283 -12.363599
-32.906532 46.995590 -12.232423
-32.854015 46.990807 -12.386819
-32.943111 46.986603 -12.234262
-32.769096 46.987900 -12.430136
-32.868721 46.989521 -12.235671
-32.776104 46.990673 -12.407131
-32.874088 46.975868 -12.420139
-32.796505 46.993896 -12.436083
-32.826458 46.998104 -12.235115
-32.794666 46.994183 -12.432305
-32.836056 46.985863 -12.196323
-32.821716 46.991135 -12.439309
-32.879772 46.987778 -12.262630
-32.857452 46.986839 -12.230907
-32.814869 46.983505 -12.454001
-32.901695 46.981609 -12.299605
-32.810760 46.988148 -12.354482
-32.774715 46.996044 -12.353896
-32.842754 46.992809 -12.352480
-32.786381 46.988571 -12.316777
-32.846554 46.987331 -12.446654
-32.807686 46.982563 -12.349321
-32.880058 46.991669 -12.222620
-32.832111 46.989140 -12.480822
-32.873940 46.986393 -12.355651
-32.916740 46.986671 -12.225492
-32.826290 46.989994 -12.378663
-32.742531 46.989037 -12.419175
-32.842354 46.986595 -12.225889
-32.749630 46.986740 -12.397328
-32.846573 46.980038 -12.413038
-32.770554 46.982887 -12.425500
-32.799576 46.996265 -12.224092
-32.768196 46.990253 -12.422503
-32.795242 46.990200 -12.430516
-32.809593 46.988003 -12.185384
-32.831490 46.981831 -12.222344
-32.852047 46.986973 -12.254474
-32.786945 46.989758 -12.445681
-32.873371 46.989952 -12.290067
-32.783260 46.992386 -12.344220
-32.748154 46.994190 -12.341926
-32.815758 46.986908 -12.343584
-32.760220 46.987625 -12.307034
-32.818829 46.986515 -12.438499
-32.779972 46.987812 -12.340030
-32.852543 46.989857 -12.213494
-32.846230 46.991642 -12.346361
-32.803558 46.992420 -12.473387
-32.889648 46.988834 -12.216450
-32.798779 46.988174 -12.369539
-32.715965 46.990170 -12.408215
-32.815075 46.995895 -12.213522
-32.722961 46.986881 -12.386348
-32.818146 46.987381 -12.403480
-32.742115 46.990227 -12.415936
-32.772800 46.995422 -12.213090
-32.742130 46.984238 -12.413918
-32.782505 46.993233 -12.174191
-32.767624 46.987385 -12.421371
-32.804195 46.988068 -12.212123
-32.825054 46.990128 -12.245452
-32.759113 46.987949 -12.437504
-32.845856 46.991135 -12.281953
-32.756065 46.990559 -12.334146
-32.720654 46.995434 -12.330651
-32.731785 46.998035 -12.295321
-32.787422 46.995247 -12.334043
-32.791420 46.988682 -12.430406
-32.751839 46.989086 -12.330654
-32.825569 46.996082 -12.202326
-32.818817 46.993816 -12.338267
-32.862873 46.990990 -12.206460
-32.777588 46.978344 -12.464948
-32.772091 46.988251 -12.361714
-32.690224 46.981148 -12.397673
-32.788193 46.994057 -12.202499
-32.695141 46.988140 -12.376022
-32.790722 46.983494 -12.396521
-32.715851 46.988285 -12.406174
-32.744686 47.002827 -12.199417
-32.713997 46.985508 -12.404542
-32.754890 46.996487 -12.163904
-32.739700 46.990643 -12.412037
-32.776070 46.995403 -12.201609
-32.797844 46.985241 -12.237524
-32.731499 46.985134 -12.428358
-32.818016 46.983276 -12.274911
-32.693768 46.993591 -12.319627
-32.704582 46.996208 -12.285244
-32.728668 46.992798 -12.322894
-32.760330 46.994411 -12.323989
-32.763592 46.986874 -12.422230
-32.725151 46.986168 -12.321818
-32.798782 46.998234 -12.192332
-32.835670 46.992161 -12.197396
-32.791409 46.992992 -12.329163
-32.748928 46.980633 -12.457492
-32.744156 46.985451 -12.353517
-32.660744 46.993664 -12.386634
-32.667629 46.992378 -12.365755
-32.760075 47.004463 -12.189837
-32.687927 46.988548 -12.395828
-32.762379 46.985771 -12.388116
-32.716873 47.007160 -12.186940
-32.728416 46.998627 -12.152959
-32.684929 46.995941 -12.394725
-32.712498 46.991802 -12.402972
-32.748142 46.995678 -12.191261
-32.769192 46.990604 -12.227918
-32.702946 46.994476 -12.419782
-32.701672 46.992958 -12.312858
-32.677685 46.991302 -12.276366
-32.665638 46.997929 -12.308099
-32.789566 46.984566 -12.266484
-32.732399 46.997673 -12.314651
-32.735970 46.987057 -12.414093
-32.697216 46.989429 -12.312480
-32.770859 46.998508 -12.181986
-32.808060 46.995419 -12.187113
-32.763680 46.992184 -12.321005
-32.719959 46.988995 -12.449845
-32.714779 46.992905 -12.343638
-32.631989 47.001087 -12.374854
-32.639801 46.993637 -12.355426
-32.732361 47.003727 -12.178519
-32.659374 46.994896 -12.386239
-32.733929 46.987057 -12.379688
-32.689159 47.003429 -12.174613
-32.700901 46.999882 -12.141680
-32.657822 46.989040 -12.385806
-32.720829 46.995857 -12.182172
-32.683109 46.993195 -12.394231
-32.740852 46.995953 -12.217361
-32.674385 46.994762 -12.411331
-32.650379 46.994541 -12.265127
-32.637196 47.005344 -12.295369
-32.673328 46.998302 -12.302299
-32.704983 46.996853 -12.305544
-32.760700 46.990936 -12.257848
-32.707302 46.989346 -12.406633
-32.668667 46.992786 -12.301881
-32.742931 46.998783 -12.171638
-32.780949 46.991524 -12.179203
-32.736366 46.986298 -12.313055
-32.686424 46.995186 -12.335228
-32.691086 46.989296 -12.442345
-32.611870 46.993904 -12.345075
-32.602497 47.004551 -12.363939
-32.704124 47.007080 -12.166969
-32.631443 46.995159 -12.375889
-32.672241 47.002254 -12.131056
-32.662685 46.996517 -12.163795
-32.704536 46.991444 -12.371957
-32.628536 46.997486 -12.375943
-32.691547 47.001316 -12.171299
-32.654449 46.998550 -12.384621
-32.711155 47.000431 -12.207418
-32.645821 46.995052 -12.402880
-32.621193 47.000992 -12.254272
-32.644989 47.000652 -12.290729
-32.612274 46.989166 -12.286254
-32.675602 47.001312 -12.294653
-32.732555 46.986153 -12.249606
-32.639793 46.996159 -12.292227
-32.714901 47.004124 -12.160130
-32.677399 46.994823 -12.397662
-32.752201 46.998962 -12.167428
-32.706467 46.997837 -12.302947
-32.573315 46.990467 -12.371294
-32.579247 46.989227 -12.353260
-32.657654 46.993488 -12.326735
-32.660862 46.994781 -12.434321
-32.678783 46.995987 -12.157642
-32.580399 47.005642 -12.333383
-32.644718 47.003510 -12.119773
-32.601635 46.998634 -12.365923
-32.638699 46.980240 -12.154992
-32.677116 46.984562 -12.363987
-32.597378 47.006149 -12.365454
-32.662884 47.003689 -12.160675
-32.625259 47.001930 -12.375916
-32.683529 46.997627 -12.198267
-32.615906 47.000526 -12.393904
-32.647251 47.000603 -12.285230
-32.702965 46.991627 -12.239685
-32.610813 46.998535 -12.282551
-32.686253 47.009560 -12.147359
-32.648937 46.996105 -12.389231
-32.724575 46.996162 -12.158277
-32.678215 46.992062 -12.294683
-32.629505 46.994762 -12.317352
-32.633228 46.988903 -12.427319
-32.622993 46.975811 -12.116101
-32.577652 46.982346 -12.357120
-32.610256 46.984669 -12.141249
-32.573288 46.988865 -12.356629
-32.645020 46.999321 -12.355209
-32.637531 46.989532 -12.153495
-32.595142 47.002426 -12.365889
-32.653515 47.005184 -12.187120
-32.585052 47.006111 -12.384613
-32.620457 46.993698 -12.275359
-32.671913 46.995232 -12.230358
-32.660896 46.989346 -12.141317
-32.619122 46.996517 -12.381413
-32.696224 46.995457 -12.148854
-32.648098 47.001614 -12.284529
-32.597401 47.006531 -12.307558
-32.602894 46.993397 -12.419271
-32.616863 46.994530 -12.346982
-32.570728 46.985149 -12.358029
-32.627533 46.988052 -12.180845
-32.559387 46.988956 -12.377391
-32.643444 46.993523 -12.220933
-32.666412 47.002003 -12.136759
-32.589504 46.995914 -12.372645
-32.620350 46.991745 -12.276514
-32.572334 46.995895 -12.411201
-32.586201 46.996044 -12.338874
-32.558456 46.986179 -12.330842
-32.611019 46.989346 -12.119573
