# .PCD v0.7 - Point Cloud Data file format
VERSION 0.7
FIELDS x y z
SIZE 4 4 4
TYPE F F F
COUNT 1 1 1
WIDTH 7306
HEIGHT 1
VIEWPOINT 0 0 0 1
POINTS 7306
DATA ascii
1.111881 -1.581693 1.000480
1.068896 -1.591808 0.992518
1.031057 -1.585992 1.158562
1.022891 -1.594929 0.982566
1.006225 -1.573151 1.347595
0.981034 -1.586119 1.139615
0.975875 -1.595051 0.969616
0.964222 -1.578259 1.334637
0.940409 -1.574414 1.519664
0.954704 -1.607018 0.782633
0.935029 -1.591237 1.124662
0.926848 -1.591178 0.956670
0.922220 -1.583368 1.322679
0.892381 -1.574533 1.495715
0.908701 -1.611139 0.771680
0.890021 -1.595353 1.109707
0.889881 -1.605279 0.954703
0.881223 -1.589476 1.312720
0.872634 -1.581694 1.714733
0.847361 -1.576646 1.474762
0.848035 -1.605463 1.099747
0.836190 -1.585590 1.294770
0.831621 -1.584797 1.697775
0.812773 -1.579924 1.852797
0.807375 -1.587750 1.462799
0.799206 -1.594688 1.288804
0.805038 -1.612575 1.087789
0.780964 -1.565116 2.069839
0.790599 -1.584901 1.679818
0.762987 -1.568172 2.084856
0.763361 -1.590862 1.444844
0.762218 -1.602786 1.281840
0.745977 -1.575206 2.058871
0.748569 -1.583006 1.659864
0.726393 -1.605961 1.439876
0.701912 -1.566310 2.023922
0.707537 -1.580109 1.639909
0.680666 -1.575247 1.773940
0.681359 -1.603074 1.417925
0.673556 -1.590200 1.634940
0.668939 -1.579398 2.018950
0.642916 -1.573467 2.013980
0.646702 -1.591339 1.769967
0.638578 -1.601294 1.629971
0.629913 -1.579494 1.996991
0.606922 -1.581560 2.002014
0.608708 -1.599437 1.758003
0.592892 -1.580587 1.978030
0.569924 -1.588655 1.989050
0.558905 -1.589676 1.970061
0.532907 -1.590748 1.971088
0.522900 -1.593769 1.958097
0.496909 -1.596842 1.960123
1.135682 -1.586651 0.896428
1.121642 -1.594663 0.839439
1.095739 -1.589784 0.944469
1.086690 -1.593783 0.888476
1.065896 -1.577952 1.124506
1.067639 -1.597807 0.830494
1.055923 -1.580988 1.143515
1.042017 -1.582068 1.230529
1.047737 -1.593912 0.934517
1.040944 -1.584036 1.156529
1.033967 -1.589059 1.165534
1.030663 -1.589930 0.875537
1.023917 -1.589065 1.118544
1.006556 -1.582957 0.792565
1.004907 -1.582121 1.127567
1.019660 -1.607938 0.826539
1.000089 -1.587210 1.287570
0.986981 -1.577210 1.211589
0.991927 -1.585163 1.139579
0.999736 -1.598040 0.925565
0.983563 -1.589017 0.784586
0.981957 -1.591197 1.153587
0.969216 -1.572371 1.447610
0.985687 -1.601053 0.871578
0.976914 -1.593189 1.107591
0.962260 -1.572410 1.489617
0.962261 -1.575407 1.482615
0.972623 -1.608052 0.793588
0.960913 -1.589238 1.117610
0.946266 -1.569461 1.503635
0.968661 -1.612075 0.819591
0.951062 -1.585337 1.269622
0.950716 -1.596169 0.913617
0.946928 -1.591281 1.127623
0.945004 -1.588324 1.206627
0.931359 -1.579533 1.567646
0.944602 -1.605124 0.782619
0.924208 -1.575489 1.434655
0.933962 -1.597325 1.144634
0.938691 -1.606179 0.864625
0.929903 -1.594313 1.096640
0.915239 -1.575528 1.464664
0.913252 -1.575539 1.476666
0.917916 -1.595351 1.106652
0.924612 -1.609179 0.782638
0.902256 -1.573575 1.486678
0.921619 -1.614185 0.776638
0.904043 -1.584460 1.255671
0.918660 -1.615210 0.812641
0.891517 -1.571724 1.739691
0.895437 -1.580667 1.640682
0.908733 -1.605283 0.908656
0.901920 -1.594399 1.113669
0.899008 -1.594447 1.197672
0.880317 -1.573663 1.545702
0.903627 -1.617235 0.777656
0.877571 -1.570788 1.793706
0.882213 -1.581601 1.425696
0.891686 -1.608305 0.856673
0.886908 -1.600428 1.087681
0.883955 -1.599459 1.135685
0.872240 -1.581641 1.451706
0.867256 -1.581662 1.467711
0.874924 -1.602466 1.098693
0.860262 -1.581684 1.473718
0.862054 -1.592572 1.247711
0.851533 -1.580832 1.733728
0.848401 -1.576786 1.618733
0.862726 -1.606406 0.900703
0.859930 -1.602511 1.104708
0.842602 -1.574895 1.814740
0.853000 -1.596568 1.186719
0.836680 -1.573948 1.891747
0.837317 -1.578777 1.534744
0.836574 -1.577896 1.781745
0.834705 -1.574964 1.913749
0.840213 -1.586712 1.415737
0.840895 -1.600550 1.077729
0.820773 -1.566044 2.001767
0.833257 -1.591745 1.444742
0.839972 -1.608578 1.130726
0.823629 -1.579954 1.828757
0.824272 -1.590778 1.461751
0.832929 -1.608578 1.089734
0.818259 -1.586794 1.459759
0.805727 -1.566065 1.958783
0.820049 -1.595684 1.237753
0.807517 -1.581946 1.718773
0.806396 -1.580896 1.605775
0.814919 -1.604629 1.091754
0.803638 -1.589003 1.815774
0.811018 -1.605683 1.182758
0.796693 -1.582055 1.885784
0.800216 -1.591819 1.407776
0.796579 -1.585001 1.770783
0.796329 -1.586887 1.527782
0.793710 -1.582072 1.902787
0.778796 -1.565172 2.028811
0.780768 -1.571147 1.986806
0.787220 -1.586863 1.424792
0.777580 -1.574068 1.800808
0.793975 -1.612703 1.124772
0.775245 -1.587906 1.446803
0.773230 -1.584909 1.439807
0.768750 -1.577165 1.954816
0.779052 -1.600793 1.229793
0.760462 -1.572065 1.694826
0.763374 -1.580007 1.589820
0.766005 -1.605803 1.172804
0.752540 -1.580112 1.748831
0.759215 -1.595928 1.398816
0.750305 -1.585007 1.512831
0.739795 -1.571274 2.014848
0.740756 -1.574250 1.969846
0.749239 -1.596965 1.418826
0.737576 -1.579171 1.785847
0.735250 -1.596011 1.432841
0.728747 -1.582270 1.941855
0.733261 -1.596021 1.443843
0.718446 -1.572175 1.681870
0.723367 -1.583112 1.577860
0.721231 -1.604032 1.394852
0.704474 -1.568231 1.718886
0.710320 -1.593116 1.508868
0.699778 -1.573375 1.995889
0.707219 -1.596075 1.404870
0.692529 -1.573283 1.758896
0.694242 -1.599118 1.419882
0.686724 -1.581378 1.924898
0.689259 -1.599139 1.435887
0.681466 -1.581276 1.679904
0.685380 -1.591215 1.571895
0.668488 -1.576328 1.713919
0.681229 -1.607139 1.387891
0.666548 -1.578358 1.765921
0.658579 -1.563413 1.834936
0.672342 -1.603220 1.505903
0.657740 -1.569480 1.971934
0.655535 -1.580381 1.748931
0.646710 -1.582482 1.910939
0.642456 -1.582380 1.669944
0.648390 -1.598314 1.565930
0.630496 -1.583430 1.705955
0.621590 -1.570513 1.828971
0.624538 -1.579470 1.756963
0.621704 -1.577556 1.919967
0.620741 -1.575577 1.959969
0.618546 -1.588480 1.740965
0.607694 -1.582584 1.897979
0.610513 -1.600473 1.679968
0.597535 -1.597523 1.708982
0.587607 -1.579604 1.824001
0.584610 -1.579614 1.827004
0.585754 -1.583671 1.954001
0.585550 -1.585578 1.755000
0.582685 -1.577656 1.904007
0.582569 -1.599578 1.736997
0.571717 -1.592683 1.897011
0.554666 -1.597702 1.836027
0.547742 -1.585770 1.940039
0.549724 -1.591749 1.907035
0.550655 -1.594712 1.834032
0.532699 -1.591786 1.885052
0.513735 -1.598847 1.902068
0.512764 -1.595866 1.937070
1.144289 -1.574274 0.752317
1.098293 -1.581394 0.745380
1.094673 -1.580477 1.030387
1.062733 -1.579574 1.078431
1.090617 -1.588474 0.975392
1.048275 -1.581524 0.735451
1.045721 -1.588613 1.053453
1.055709 -1.584586 1.052441
1.087675 -1.582496 1.031398
1.075707 -1.586532 1.047413
1.052697 -1.593588 1.026443
1.038235 -1.580545 0.709466
1.020225 -1.581590 0.700490
1.076555 -1.595497 0.918411
1.020739 -1.587683 1.070488
1.003275 -1.586643 0.729513
1.041617 -1.594602 0.967459
0.989162 -1.570856 1.419537
0.996700 -1.590739 1.037521
0.997146 -1.569832 1.409527
1.006693 -1.587713 1.038509
1.041678 -1.589616 1.023461
1.025691 -1.589661 1.033483
1.018238 -1.586597 0.703494
1.002677 -1.594717 1.013513
0.990222 -1.582670 0.699533
0.971210 -1.583718 0.689559
0.974726 -1.590802 1.058552
0.978103 -1.572874 1.373553
1.017970 -1.584737 1.251496
1.024545 -1.598633 0.908483
0.973206 -1.588710 0.677556
0.945167 -1.569975 1.428599
0.990603 -1.596735 0.957531
0.944153 -1.577971 1.402599
0.979047 -1.584855 1.310550
0.950696 -1.597858 1.024585
0.991221 -1.586666 0.693533
0.951127 -1.573950 1.391590
0.961692 -1.594829 1.027571
0.991658 -1.590746 1.010531
0.980689 -1.595778 1.023545
0.966111 -1.576906 1.374570
0.967211 -1.583730 0.692566
0.956671 -1.598837 1.004577
0.977081 -1.577871 1.350555
0.943215 -1.586793 0.690598
0.932727 -1.596912 1.050610
0.926207 -1.588836 0.680621
0.935103 -1.579985 1.363612
0.964942 -1.583874 1.236571
0.967508 -1.593781 0.895565
0.907174 -1.579074 1.419650
0.927204 -1.592831 0.671619
0.898133 -1.582089 1.383662
0.944607 -1.603856 0.950594
0.909127 -1.582058 1.379648
0.924992 -1.576994 1.289628
0.903676 -1.599979 1.009650
0.938386 -1.579031 1.578609
0.913661 -1.592954 1.012639
0.944218 -1.590790 0.687598
0.949673 -1.600856 1.005588
0.929652 -1.591910 1.007618
0.920091 -1.579024 1.359634
0.909651 -1.598960 0.993643
0.932070 -1.581987 1.338617
0.925229 -1.594841 0.688623
0.885695 -1.594034 1.036677
0.906479 -1.576135 1.654654
0.888068 -1.578106 1.345678
0.912912 -1.582009 1.222644
0.866166 -1.584180 1.407707
0.922528 -1.604900 0.892626
0.870562 -1.571249 1.727705
0.856621 -1.575295 1.763723
0.848650 -1.567325 1.800736
0.866594 -1.575264 1.743710
0.854118 -1.587201 1.366723
0.896596 -1.605981 0.941661
0.880547 -1.577217 1.705691
0.895510 -1.583168 1.666669
0.867123 -1.589167 1.366705
0.856651 -1.600101 0.994717
0.887032 -1.594095 1.289677
0.902657 -1.601979 0.995654
0.872679 -1.605061 1.005694
0.887353 -1.577163 1.561682
0.889674 -1.605015 1.002671
0.878090 -1.586133 1.348692
0.886045 -1.582106 1.323682
0.862629 -1.598082 0.982709
0.841672 -1.593148 1.024739
0.844048 -1.579220 1.332740
0.855421 -1.569264 1.629728
0.826160 -1.589283 1.396762
0.867922 -1.591127 1.216706
0.828548 -1.575357 1.712763
0.880563 -1.620012 0.892681
0.839828 -1.566384 1.938751
0.817698 -1.586408 1.802775
0.812590 -1.577406 1.740784
0.813883 -1.558467 1.995788
0.824580 -1.580371 1.727768
0.799950 -1.559516 2.043806
0.813116 -1.595307 1.353779
0.836518 -1.577329 1.687753
0.847464 -1.578290 1.645738
0.819075 -1.584289 1.344774
0.837991 -1.589221 1.272747
0.856639 -1.602099 0.985719
0.845661 -1.607130 0.992733
0.836083 -1.591242 1.337750
0.821840 -1.565434 1.951776
0.846053 -1.590211 1.317737
0.837315 -1.574291 1.543753
0.807077 -1.593317 1.330789
0.826752 -1.576399 1.865767
0.814426 -1.577371 1.621783
0.820732 -1.572413 1.858777
0.785139 -1.590388 1.382820
0.785520 -1.575465 1.695824
0.776924 -1.560571 2.025840
0.799822 -1.572485 1.926806
0.823936 -1.600242 1.212766
0.776895 -1.569561 1.986838
0.760933 -1.565612 2.022860
0.775502 -1.569491 1.694839
0.790473 -1.573444 1.665819
0.804443 -1.579399 1.631799
0.765067 -1.590427 1.330849
0.780087 -1.594389 1.337828
0.794071 -1.594349 1.325809
0.796007 -1.599330 1.268805
0.748028 -1.564664 2.096879
0.781838 -1.571536 1.941832
0.804047 -1.594318 1.308796
0.791295 -1.575407 1.530818
0.764060 -1.594427 1.318851
0.768395 -1.575486 1.605850
0.747143 -1.597485 1.374873
0.742481 -1.572572 1.675887
0.738926 -1.568666 2.014893
0.761838 -1.582582 1.921859
0.735865 -1.570662 1.965897
0.735488 -1.573591 1.679897
0.722933 -1.574707 2.008914
0.778935 -1.605358 1.205830
0.752479 -1.581541 1.657872
0.764445 -1.585501 1.624856
0.739083 -1.600494 1.325886
0.725072 -1.599529 1.319905
0.753066 -1.599454 1.315868
0.752996 -1.601440 1.259867
0.764054 -1.601421 1.302853
0.743858 -1.582632 1.937885
0.749307 -1.583516 1.526878
0.725069 -1.602527 1.312906
0.706107 -1.593589 1.358934
0.726384 -1.578593 1.594911
0.693579 -1.579715 1.737955
0.702473 -1.576674 1.664944
0.697891 -1.567767 1.993953
0.711734 -1.564703 1.882935
0.696855 -1.575759 1.951953
0.681894 -1.574806 1.982973
0.684507 -1.583724 1.676967
0.693463 -1.574696 1.661958
0.711462 -1.583644 1.643932
0.722421 -1.584607 1.611917
0.723048 -1.604527 1.294912
0.699805 -1.576741 1.913950
0.708331 -1.594622 1.525935
0.687392 -1.585693 1.589966
0.691656 -1.569738 1.817965
0.653539 -1.576815 1.717014
0.664470 -1.581770 1.655998
0.660888 -1.573860 1.983005
0.673725 -1.568799 1.871989
0.653791 -1.567864 1.923017
0.653440 -1.575797 1.646016
0.643482 -1.585826 1.658027
0.671447 -1.585745 1.631989
0.686443 -1.594700 1.610967
0.632947 -1.570946 2.034045
0.649698 -1.556862 1.877027
0.666326 -1.597731 1.519995
0.619555 -1.586902 1.712061
0.651637 -1.570839 1.805022
0.649637 -1.569845 1.807026
0.651436 -1.601788 1.594015
0.628481 -1.589863 1.651049
0.620860 -1.573959 1.965064
0.633714 -1.571900 1.861047
0.616792 -1.574957 1.913069
0.602837 -1.578001 1.941088
0.618466 -1.588887 1.643064
0.605489 -1.594923 1.648080
0.634458 -1.593841 1.627041
0.646432 -1.596803 1.602025
0.598963 -1.582032 2.027093
0.618767 -1.578945 1.888067
0.584553 -1.591991 1.703111
0.611626 -1.572941 1.796080
0.610637 -1.573945 1.802081
0.585869 -1.582049 1.959113
0.599740 -1.582988 1.861094
0.579784 -1.579051 1.902122
0.566838 -1.586092 1.929139
0.561936 -1.583123 2.008146
0.580764 -1.583042 1.881122
0.578678 -1.589029 1.806125
0.547846 -1.582144 1.945168
0.575688 -1.590038 1.812129
0.560718 -1.583086 1.848151
0.544808 -1.591141 1.899171
0.529841 -1.594185 1.918191
0.525930 -1.589214 1.995198
0.543776 -1.590138 1.879174
0.543705 -1.599121 1.809174
0.511856 -1.590236 1.940219
0.537702 -1.597137 1.811183
0.525742 -1.593178 1.849200
0.508814 -1.598233 1.893222
0.492958 -1.602299 1.993243
1.125595 -1.583882 0.874543
1.091706 -1.581930 0.954596
1.070555 -1.581954 0.857630
1.041085 -1.575009 1.218677
1.045690 -1.586990 0.945670
1.139580 -1.581842 0.878528
1.119614 -1.578870 0.906560
1.026550 -1.595009 0.848700
0.998665 -1.588050 0.934744
0.990043 -1.575075 1.197758
1.084539 -1.578914 0.861615
0.970169 -1.569106 1.289790
1.074609 -1.589927 0.899631
0.978526 -1.599071 0.835776
1.050056 -1.572976 1.213670
0.947621 -1.581117 0.919826
0.942009 -1.578136 1.179835
0.940627 -1.578156 1.587838
1.041538 -1.592968 0.854684
0.929155 -1.576158 1.279855
1.025590 -1.592991 0.890709
0.928495 -1.599135 0.822856
1.109526 -1.581860 0.860583
1.114529 -1.589852 0.854575
1.004087 -1.573037 1.240744
1.000020 -1.574040 1.195750
0.900745 -1.570213 1.678901
0.908623 -1.593166 0.915888
0.895977 -1.581195 1.162908
0.888560 -1.572223 1.556921
0.994520 -1.598028 0.844759
0.885126 -1.577214 1.265926
0.973556 -1.590059 0.878792
0.881466 -1.599196 0.810931
1.062514 -1.589920 0.851658
1.049001 -1.573955 1.189679
1.060506 -1.591922 0.844661
0.955052 -1.573100 1.224822
0.856702 -1.569269 1.657972
0.950982 -1.574103 1.177828
0.942555 -1.567132 1.563842
0.867616 -1.601218 0.909954
0.853965 -1.591247 1.151976
1.132504 -1.583807 0.854554
0.840506 -1.569284 1.530998
0.946494 -1.600090 0.832835
0.844108 -1.582265 1.255992
0.928629 -1.572151 1.609865
1.016989 -1.575997 1.184730
0.829073 -1.564316 1.912016
0.927542 -1.595117 0.871865
1.016503 -1.597979 0.843731
0.910027 -1.575158 1.212894
0.810194 -1.558345 2.000047
0.998973 -1.576020 1.176759
0.816673 -1.572319 1.642036
1.011493 -1.597985 0.837739
0.908971 -1.584156 1.167896
0.896514 -1.568190 1.542916
0.809942 -1.596302 1.139046
0.806097 -1.589313 1.248053
1.079478 -1.584877 0.843638
0.797475 -1.574338 1.513067
0.899473 -1.603150 0.822910
0.881585 -1.570212 1.589940
0.963484 -1.562083 1.531816
0.966951 -1.575061 1.167810
0.788048 -1.572367 1.894082
0.951476 -1.561099 1.528835
0.885536 -1.603170 0.866933
0.774177 -1.566389 1.987105
0.970491 -1.605038 0.835804
0.776649 -1.576369 1.629100
0.869026 -1.586209 1.207960
0.769369 -1.562402 2.118113
0.949949 -1.579082 1.164837
0.962474 -1.601048 0.829817
0.864950 -1.589211 1.155966
1.032864 -1.569952 1.118712
0.849466 -1.566250 1.519991
1.031954 -1.578954 1.169714
0.766079 -1.593363 1.239117
0.839005 -1.563280 1.880008
1.034476 -1.595934 0.838710
0.756451 -1.580389 1.498133
0.837552 -1.571267 1.574010
0.916459 -1.566143 1.517891
0.922936 -1.582117 1.157881
0.819045 -1.560307 1.912040
0.907453 -1.567155 1.514906
0.732127 -1.564442 1.962173
0.735611 -1.575421 1.611167
0.921460 -1.603101 0.824883
0.729326 -1.564451 2.094177
0.829019 -1.594259 1.202024
0.905938 -1.586138 1.157908
0.913456 -1.603112 0.822895
0.821929 -1.594266 1.144035
0.809452 -1.574300 1.509055
0.986857 -1.580011 1.111786
0.983929 -1.582016 1.157791
0.799990 -1.572328 1.867071
0.989468 -1.603992 0.832781
0.794521 -1.572322 1.559080
0.714424 -1.585441 1.482201
0.785243 -1.555357 2.052095
0.962412 -1.564061 1.495825
0.871437 -1.571200 1.505963
0.881931 -1.592168 1.150946
0.952342 -1.566072 1.448841
0.778014 -1.563359 1.895107
0.865431 -1.572207 1.501973
0.697585 -1.578468 1.597228
0.851900 -1.560241 1.823995
0.783987 -1.593317 1.189096
0.779913 -1.600319 1.134102
0.859925 -1.592197 1.149981
0.766422 -1.577355 1.493124
0.839901 -1.563256 1.823014
0.938847 -1.587072 1.104862
0.935901 -1.583078 1.144867
0.746215 -1.559406 2.035158
0.941449 -1.606054 0.824858
0.751491 -1.573376 1.544148
0.916384 -1.566121 1.480898
0.918298 -1.572086 0.759895
0.674412 -1.594491 1.471265
0.826413 -1.573257 1.494035
0.837911 -1.596224 1.140017
0.660913 -1.574525 1.822287
0.817130 -1.559292 1.981051
0.660570 -1.583514 1.588287
0.821404 -1.575263 1.487043
0.901311 -1.567138 1.433923
0.812892 -1.569289 1.815057
0.813899 -1.592255 1.139055
0.727410 -1.585403 1.483187
0.799895 -1.572305 1.816078
0.890880 -1.585135 1.134939
0.888823 -1.588136 1.094942
0.705177 -1.560457 2.015224
0.713483 -1.581423 1.537210
0.897440 -1.612109 0.818928
0.872355 -1.567176 1.466969
0.872840 -1.573188 1.780969
0.795893 -1.600277 1.130084
0.617011 -1.565585 1.902358
0.775097 -1.560345 1.964118
0.784402 -1.580310 1.486103
0.617855 -1.569579 1.795357
0.625567 -1.592557 1.582344
0.779379 -1.577316 1.474111
0.861775 -1.571201 1.740986
0.608183 -1.563601 2.018373
0.765827 -1.560349 1.787133
0.856301 -1.574194 1.426995
0.851017 -1.565223 1.908004
0.687392 -1.590452 1.472252
0.771894 -1.600307 1.134123
0.848873 -1.593188 1.128006
0.669844 -1.564492 1.797280
0.666152 -1.564505 2.000287
0.676482 -1.590469 1.533269
0.841812 -1.594195 1.088018
0.832352 -1.576226 1.462033
0.827803 -1.571245 1.764041
0.583009 -1.575626 1.896413
0.737098 -1.571391 1.959180
0.740375 -1.581365 1.473174
0.580849 -1.580624 1.786416
0.740368 -1.584364 1.466174
0.817761 -1.577256 1.732057
0.572165 -1.570645 2.005431
0.724797 -1.561400 1.772199
0.807999 -1.569277 1.898073
0.808273 -1.575254 1.414072
0.645356 -1.589505 1.455320
0.703767 -1.553427 1.763233
0.807865 -1.600239 1.122072
0.630817 -1.567540 1.782344
0.626111 -1.563555 1.980351
0.638475 -1.597515 1.527331
0.792343 -1.583275 1.455098
0.789803 -1.581292 1.760102
0.547998 -1.582669 1.887470
0.615882 -1.565561 1.829368
0.544840 -1.589667 1.777475
0.700369 -1.588414 1.468238
0.700352 -1.589414 1.456238
0.537155 -1.579687 1.995487
0.681753 -1.558454 1.752268
0.761666 -1.557329 1.696147
0.766274 -1.585307 1.411139
0.667778 -1.566471 1.763291
0.592795 -1.571586 1.769405
0.590097 -1.569599 1.970409
0.749318 -1.584330 1.443167
0.744764 -1.578349 1.743174
0.512983 -1.588712 1.877526
0.582901 -1.580601 1.832421
0.661337 -1.594462 1.447301
0.661372 -1.598462 1.466301
0.501139 -1.585732 1.984546
0.647772 -1.573495 1.755323
0.716635 -1.556385 1.683220
0.723263 -1.590360 1.405209
0.629772 -1.573518 1.758352
0.556794 -1.581630 1.764463
0.553079 -1.574644 1.959470
0.712321 -1.594375 1.441226
0.698706 -1.569408 1.720249
0.543871 -1.580649 1.818484
0.612991 -1.568546 1.909380
0.610763 -1.580541 1.748383
0.675884 -1.561443 1.848286
0.677643 -1.567433 1.683283
0.683273 -1.602410 1.406273
0.589756 -1.576568 1.750417
0.516064 -1.579690 1.950529
0.670286 -1.591428 1.427294
0.661702 -1.576454 1.716308
0.576984 -1.574591 1.904438
0.574763 -1.589585 1.745441
0.635872 -1.565493 1.842350
0.635627 -1.570485 1.676350
0.481054 -1.585733 1.943586
0.553761 -1.585612 1.750475
0.622689 -1.579502 1.710371
0.537963 -1.576639 1.894501
0.597868 -1.571540 1.839412
0.600661 -1.588528 1.686407
0.587697 -1.589545 1.711428
0.502968 -1.585682 1.894558
0.560871 -1.579586 1.839472
0.526895 -1.592628 1.847527
1.112224 -1.590138 0.868453
1.083364 -1.581112 0.968493
1.165031 -1.570123 0.766359
1.062202 -1.589221 0.857532
1.095358 -1.578090 0.969474
1.034344 -1.585197 0.953574
1.012887 -1.565973 1.322595
1.008718 -1.580064 1.200612
1.116345 -1.577060 0.963442
1.020207 -1.600289 0.851608
1.111019 -1.573211 0.757448
1.046341 -1.582173 0.956556
1.040644 -1.582046 1.151565
0.986327 -1.590279 0.939655
1.020869 -1.563963 1.314584
1.081549 -1.575019 1.097497
0.960842 -1.563068 1.298677
0.963700 -1.583140 1.187687
0.970183 -1.597372 0.840686
1.066330 -1.581143 0.951526
1.059008 -1.576296 0.749533
0.937288 -1.569907 1.579720
1.000332 -1.589250 0.945635
0.986601 -1.575141 1.132647
0.936299 -1.589365 0.924735
0.973844 -1.567045 1.297662
1.083314 -1.581121 0.942501
1.032539 -1.581100 1.087580
0.988105 -1.595375 0.793659
0.919839 -1.575138 1.286752
0.962160 -1.561918 1.506677
1.071458 -1.581074 1.035520
0.917673 -1.582220 1.172760
0.926177 -1.602443 0.833761
1.019323 -1.588221 0.941606
1.012011 -1.585370 0.744615
0.896271 -1.574978 1.565790
0.948298 -1.585340 0.929715
0.991836 -1.574022 1.286640
0.946611 -1.588204 1.127721
0.892290 -1.596439 0.913811
1.035305 -1.586200 0.933581
0.928829 -1.573123 1.283738
0.949126 -1.611434 0.792733
0.984532 -1.587178 1.078662
0.873428 -1.571939 1.670824
0.918144 -1.565992 1.493751
0.876830 -1.584211 1.273827
0.876669 -1.589287 1.164831
0.888190 -1.615502 0.830831
1.023464 -1.592150 1.030605
0.960048 -1.566969 1.431687
0.968295 -1.586308 0.927687
0.997942 -1.564955 1.365626
1.001794 -1.572020 1.263625
0.963001 -1.587449 0.737696
0.848219 -1.568068 1.540862
0.906297 -1.594409 0.921790
0.941799 -1.571111 1.267719
0.901598 -1.592279 1.117796
0.990301 -1.593273 0.925659
0.849284 -1.604511 0.903886
0.881396 -1.569935 1.653813
0.887828 -1.584191 1.273812
0.899102 -1.608517 0.782811
0.933509 -1.586264 1.066743
0.825379 -1.569030 1.643900
0.874122 -1.569068 1.478824
0.836663 -1.595353 1.156900
0.829799 -1.585295 1.254904
0.810894 -1.555810 1.988914
0.864706 -1.568819 1.854839
0.913031 -1.571048 1.418765
0.968435 -1.589243 1.016691
0.927303 -1.598373 0.922761
0.951764 -1.570107 1.247704
0.808807 -1.568861 1.919927
0.809204 -1.573135 1.527928
0.892909 -1.553573 0.714784
0.950941 -1.574031 1.357709
0.860284 -1.598486 0.910867
0.896782 -1.575188 1.254794
0.894341 -1.569936 1.619795
0.891565 -1.567838 1.765798
0.857591 -1.597351 1.109870
0.837362 -1.571015 1.632884
0.840792 -1.581274 1.255886
0.938272 -1.589361 0.912740
0.931906 -1.585533 0.681747
0.832107 -1.573140 1.466894
0.821820 -1.552820 1.945897
0.795649 -1.598421 1.146968
0.783354 -1.574105 1.624971
0.890512 -1.596332 1.060819
0.917430 -1.567856 1.679759
0.788792 -1.593364 1.243976
0.772882 -1.565877 1.972982
0.770123 -1.559769 2.133983
0.820672 -1.568899 1.834910
0.865002 -1.570132 1.402842
0.880286 -1.600452 0.911839
0.771195 -1.579198 1.517994
0.921438 -1.598317 1.011773
0.909764 -1.579174 1.240778
0.904281 -1.570944 1.581782
0.899911 -1.573119 1.341790
0.853770 -1.580260 1.243867
0.849313 -1.571015 1.602868
0.844761 -1.562814 1.898870
0.793004 -1.554780 2.063944
0.814579 -1.600422 1.100942
0.846545 -1.570914 1.751872
0.793328 -1.571095 1.612956
0.898286 -1.602422 0.910814
0.798780 -1.587345 1.243958
0.831890 -1.557771 1.987887
0.791098 -1.579208 1.456965
0.783819 -1.563883 1.935966
0.738314 -1.573189 1.602043
0.842491 -1.595412 1.049896
0.745774 -1.597438 1.230048
0.870413 -1.571935 1.666837
0.729837 -1.565960 1.946052
0.864670 -1.566824 1.837843
0.731169 -1.579269 1.503059
0.827020 -1.584189 1.401913
0.840295 -1.611515 0.907911
0.865747 -1.581248 1.229851
0.859252 -1.570023 1.565854
0.872428 -1.601396 1.003855
0.862955 -1.596168 1.348866
0.804278 -1.569095 1.583939
0.814775 -1.591322 1.237938
0.751974 -1.556854 2.044012
0.805761 -1.572877 1.890940
0.801515 -1.570993 1.734945
0.750302 -1.573171 1.596026
0.853273 -1.604497 0.901888
0.788862 -1.559847 1.969958
0.758776 -1.595411 1.235028
0.750083 -1.582276 1.446033
0.744810 -1.571949 1.924035
0.828758 -1.565836 1.896900
0.698300 -1.580258 1.588113
0.691729 -1.577072 1.867121
0.823389 -1.573015 1.652914
0.822658 -1.571894 1.826914
0.696179 -1.591323 1.499124
0.825749 -1.590312 1.223922
0.781000 -1.585266 1.389988
0.816235 -1.573095 1.553925
0.764267 -1.575163 1.573008
0.712951 -1.560924 2.027078
0.773766 -1.596390 1.229008
0.806893 -1.582270 1.324946
0.747419 -1.550102 1.696017
0.709278 -1.575243 1.580094
0.748854 -1.565914 1.960027
0.699745 -1.563038 1.893101
0.712090 -1.592336 1.442102
0.788766 -1.576897 1.892973
0.658283 -1.586328 1.573182
0.658161 -1.593388 1.487187
0.777374 -1.576091 1.641990
0.774215 -1.574166 1.541994
0.783742 -1.595381 1.215993
0.734969 -1.582345 1.375060
0.671915 -1.559999 2.007144
0.724254 -1.579230 1.562076
0.731752 -1.599460 1.219078
0.764901 -1.592334 1.322022
0.710436 -1.563157 1.696086
0.670269 -1.582309 1.569162
0.709844 -1.571978 1.950094
0.660728 -1.568105 1.879168
0.671074 -1.594404 1.432170
0.612973 -1.564066 2.041240
0.658583 -1.578181 1.776178
0.609749 -1.575179 1.886253
0.733205 -1.578234 1.533063
0.744749 -1.604441 1.213063
0.735374 -1.583157 1.637063
0.695977 -1.592406 1.372131
0.632887 -1.561068 1.990208
0.674629 -1.560119 1.825142
0.686256 -1.588290 1.556144
0.674454 -1.576209 1.696154
0.718888 -1.594409 1.314098
0.635285 -1.596362 1.567229
0.664787 -1.563064 1.924160
0.617663 -1.558190 1.849230
0.578981 -1.577120 2.035304
0.577641 -1.578277 1.815307
0.615532 -1.570261 1.753242
0.689547 -1.560130 1.773120
0.571731 -1.580246 1.871318
0.697218 -1.589288 1.532129
0.691357 -1.584229 1.627134
0.596885 -1.569127 1.982270
0.634603 -1.560189 1.810205
0.647244 -1.592356 1.546208
0.634448 -1.581275 1.689220
0.625774 -1.566130 1.914223
0.582674 -1.570245 1.846293
0.541954 -1.579189 2.017363
0.543644 -1.587333 1.809366
0.579534 -1.578320 1.748303
0.652555 -1.569188 1.771183
0.534722 -1.588312 1.859380
0.657204 -1.591356 1.523191
0.646331 -1.582309 1.614202
0.560881 -1.576189 1.974331
0.597606 -1.568251 1.805268
0.593428 -1.581347 1.678283
0.590796 -1.580183 1.916287
0.548691 -1.583300 1.845354
0.504935 -1.583258 2.002423
0.613547 -1.572254 1.764246
0.523869 -1.580255 1.964391
0.607349 -1.593369 1.616270
0.563625 -1.580303 1.807328
0.551777 -1.580252 1.905347
0.470936 -1.592316 1.995481
0.574634 -1.568272 1.826303
0.578563 -1.582308 1.766306
0.487854 -1.583319 1.953448
0.530659 -1.597350 1.813391
0.513766 -1.583318 1.897407
0.542579 -1.591362 1.769368
0.541688 -1.589313 1.841368
1.139304 -1.566579 0.767360
1.089282 -1.570652 0.754430
1.080718 -1.580498 1.065447
1.160302 -1.568531 0.774332
1.047736 -1.569528 1.094486
1.037256 -1.571727 0.741501
1.035699 -1.584563 1.054510
1.108278 -1.570606 0.762403
1.003727 -1.580591 1.083551
0.992158 -1.563432 1.418558
0.985218 -1.561417 1.465567
1.000274 -1.593775 0.738562
0.987672 -1.584634 1.041575
1.060726 -1.571494 1.096468
0.972201 -1.575830 0.707591
1.056255 -1.572681 0.750475
1.065626 -1.586533 1.007470
1.135265 -1.570556 0.761366
0.951144 -1.570492 1.407617
0.957707 -1.586658 1.069617
0.940194 -1.568486 1.447631
0.950245 -1.592847 0.725630
0.943655 -1.588696 1.031637
0.930197 -1.583886 0.702652
1.015711 -1.579560 1.084533
1.101532 -1.577499 0.955415
1.015599 -1.586605 0.995537
1.019274 -1.594728 0.748536
1.083242 -1.572630 0.750437
0.908119 -1.573557 1.392677
1.078701 -1.572461 1.087444
0.909678 -1.588730 1.053683
0.983060 -1.572465 1.351574
0.895166 -1.573556 1.428695
0.900215 -1.590919 0.713696
0.899636 -1.591759 1.021698
0.876634 -1.560395 1.787714
0.968690 -1.583628 1.071599
1.055533 -1.589561 0.950484
0.963226 -1.583811 0.732607
0.964570 -1.585679 0.982606
1.142459 -1.580453 0.907360
0.948159 -1.565468 1.436618
1.036233 -1.579695 0.743505
0.863084 -1.571626 1.375738
1.025965 -1.567425 1.293513
1.031685 -1.578529 1.076511
0.866662 -1.595791 1.041745
0.938037 -1.575531 1.338637
0.852146 -1.580620 1.413757
0.855613 -1.592822 1.010758
1.108229 -1.575581 0.748404
0.839650 -1.565438 1.799767
0.838624 -1.569451 1.776770
0.924675 -1.590691 1.060663
1.002502 -1.587638 0.937555
0.920560 -1.591740 0.975669
0.915205 -1.585878 0.722673
0.901528 -1.564387 1.714681
0.902128 -1.567538 1.418682
0.826080 -1.581677 1.368793
1.090449 -1.588525 0.899435
0.990225 -1.587758 0.736571
0.985667 -1.583595 1.064576
0.976943 -1.571496 1.280581
0.818627 -1.593862 1.025809
0.891007 -1.575601 1.323701
0.806112 -1.581690 1.394820
0.962125 -1.569446 1.417601
0.791988 -1.553365 2.066826
1.056205 -1.575654 0.738475
0.798596 -1.572513 1.759826
0.797625 -1.572503 1.780827
1.045647 -1.576502 1.062490
0.876643 -1.589761 1.045728
0.878554 -1.599797 0.969730
0.774987 -1.556388 2.065850
0.951478 -1.587710 0.927624
0.858499 -1.566453 1.697741
0.787069 -1.588732 1.359850
0.862124 -1.579595 1.409743
0.942205 -1.589824 0.727638
1.035425 -1.588603 0.889510
0.847595 -1.562429 1.773754
0.940652 -1.589659 1.054640
0.929923 -1.575564 1.268647
1.018865 -1.575453 1.226526
0.845981 -1.576667 1.310763
0.752952 -1.555428 2.044880
0.917098 -1.571513 1.402663
0.759570 -1.575572 1.743881
0.764090 -1.587752 1.379880
1.010200 -1.583716 0.733541
0.751568 -1.567580 1.751888
1.000638 -1.584564 1.054555
0.834633 -1.597820 1.036789
0.733947 -1.558456 2.040907
0.746040 -1.587793 1.345905
0.818488 -1.574510 1.687800
0.895404 -1.572426 1.628693
0.906473 -1.595770 0.922689
0.815080 -1.575668 1.388805
0.810593 -1.574481 1.765810
0.881136 -1.567916 0.708710
0.972069 -1.568432 1.389586
0.890613 -1.584733 1.038705
0.979393 -1.585683 0.877584
0.880894 -1.575636 1.254714
0.795866 -1.560391 1.981824
0.805975 -1.585722 1.303822
0.714924 -1.559489 2.025934
0.788900 -1.553384 2.014830
0.963825 -1.571535 1.209599
0.717521 -1.570641 1.719936
0.873075 -1.575578 1.388725
0.721063 -1.590816 1.363941
0.864544 -1.568411 1.739733
0.960177 -1.583786 0.724609
0.711547 -1.574640 1.735946
0.852758 -1.560343 1.905746
0.952616 -1.586633 1.043621
0.709032 -1.594844 1.338959
0.694918 -1.563517 2.020963
0.772441 -1.569583 1.665860
0.847368 -1.571499 1.610758
0.862464 -1.602830 0.916753
0.774065 -1.582726 1.377864
0.760516 -1.561566 1.730872
0.927047 -1.571498 1.377649
0.923275 -1.567416 1.548652
0.851618 -1.598784 1.034766
0.755845 -1.565451 1.967881
0.678905 -1.565543 2.011986
0.841903 -1.589686 1.253775
0.935402 -1.599739 0.876651
0.766972 -1.594775 1.298880
0.679496 -1.572698 1.705989
0.749882 -1.560443 2.000886
0.829049 -1.577643 1.374786
0.917821 -1.581598 1.203666
0.824529 -1.575469 1.727792
0.813810 -1.557371 1.952797
0.912156 -1.583852 0.716675
0.670515 -1.577704 1.716003
0.812752 -1.570399 1.897805
0.909609 -1.594692 1.036684
0.652866 -1.560588 1.993019
0.731417 -1.571643 1.652917
0.799325 -1.567573 1.590822
0.733048 -1.588785 1.365923
0.720494 -1.566626 1.715929
0.885037 -1.579557 1.368710
0.875458 -1.567408 1.689718
0.716824 -1.569510 1.954936
0.872237 -1.565493 1.530721
0.726958 -1.598830 1.290936
0.640466 -1.572757 1.690042
0.710855 -1.563503 1.983941
0.795881 -1.591752 1.242838
0.891403 -1.610797 0.873717
0.865622 -1.565359 1.812730
0.787032 -1.582703 1.363846
0.779489 -1.573539 1.707852
0.777815 -1.570420 1.948853
0.870810 -1.587662 1.196734
0.633510 -1.588756 1.707060
0.863585 -1.594757 1.026747
0.614836 -1.563647 1.974073
0.693407 -1.578697 1.644972
0.841724 -1.566352 1.889763
0.756302 -1.569635 1.578882
0.696048 -1.599835 1.360979
0.679464 -1.568688 1.698987
0.840010 -1.579623 1.355772
0.603850 -1.571659 1.978092
0.835452 -1.575464 1.682776
0.676792 -1.570572 1.936991
0.607471 -1.584800 1.687093
0.826215 -1.568560 1.518785
0.669824 -1.565566 1.965999
0.754877 -1.599806 1.238899
0.822606 -1.570421 1.802791
0.748025 -1.590757 1.356903
0.736455 -1.572605 1.690910
0.736791 -1.573481 1.934911
0.825801 -1.594723 1.190799
0.590464 -1.585824 1.684117
0.819567 -1.597818 1.017808
0.579833 -1.575697 1.965127
0.651370 -1.575760 1.628029
0.800712 -1.572411 1.880823
0.715289 -1.574692 1.570941
0.641453 -1.575741 1.690043
0.796989 -1.581684 1.344832
0.568837 -1.578709 1.967144
0.790415 -1.572532 1.665837
0.634747 -1.566637 1.915048
0.625751 -1.553641 1.932054
0.782205 -1.574619 1.511850
0.708014 -1.596811 1.348963
0.691399 -1.563675 1.665969
0.690728 -1.563555 1.905971
0.778782 -1.596787 1.181866
0.678626 -1.560605 1.836986
0.540799 -1.576754 1.946184
0.616378 -1.587803 1.627085
0.676290 -1.584741 1.568002
0.533820 -1.583758 1.955197
0.605448 -1.584788 1.683100
0.757985 -1.589734 1.339892
0.596721 -1.567691 1.901103
0.748390 -1.573590 1.652898
0.592771 -1.570678 1.935110
0.737187 -1.577679 1.502916
0.655405 -1.575719 1.664027
0.643651 -1.548632 1.873030
0.722493 -1.552574 1.753924
0.636589 -1.557666 1.820045
0.505798 -1.587799 1.940240
0.498809 -1.590805 1.946252
0.635272 -1.586796 1.559062
0.718979 -1.596784 1.334952
0.560717 -1.575737 1.896159
0.707367 -1.574647 1.641957
0.556764 -1.578725 1.928167
0.621418 -1.589759 1.665084
0.613698 -1.572659 1.888086
0.697194 -1.588727 1.502979
0.685510 -1.566616 1.757985
0.598582 -1.563715 1.815103
0.667595 -1.561604 1.828008
0.526729 -1.588777 1.897215
0.671374 -1.585690 1.642015
0.519748 -1.582775 1.918222
0.576689 -1.578707 1.881142
0.654179 -1.591784 1.496043
0.644496 -1.569670 1.751045
0.565610 -1.580749 1.823160
0.629586 -1.565653 1.823065
0.633370 -1.592738 1.638073
0.541698 -1.589748 1.882199
0.603480 -1.571723 1.744105
0.528614 -1.589793 1.823217
0.589563 -1.565706 1.813122
0.563474 -1.576773 1.741166
0.554576 -1.576746 1.817178
1.175279 -1.571093 0.777236
1.131440 -1.583165 0.937281
1.133419 -1.582169 0.914279
1.117270 -1.571305 0.767285
1.126424 -1.588206 0.891288
1.118423 -1.584225 0.910293
1.113423 -1.590257 0.881301
1.104420 -1.586282 0.897305
1.085457 -1.590332 0.928324
1.083423 -1.586353 0.901324
1.069549 -1.580298 1.102331
1.071402 -1.585409 0.878333
1.067298 -1.580485 0.761333
1.064402 -1.582426 0.893337
1.046627 -1.574309 1.238347
1.063426 -1.593439 0.872345
1.054422 -1.589465 0.886350
1.053429 -1.604501 0.822360
1.034622 -1.577361 1.218360
1.030628 -1.572358 1.251360
1.030591 -1.581408 1.156365
1.036444 -1.589512 0.916365
1.024657 -1.578374 1.260369
1.026382 -1.579566 0.883368
1.022409 -1.589587 0.869377
1.017554 -1.584488 1.091378
1.012620 -1.579446 1.206380
1.014393 -1.583611 0.878380
1.000648 -1.574455 1.268387
0.996605 -1.572495 1.220389
1.016437 -1.598610 0.864388
1.008440 -1.596632 0.877393
1.003433 -1.607682 0.814404
0.984606 -1.576546 1.202402
0.981614 -1.572541 1.233402
0.990450 -1.593680 0.907407
0.978576 -1.580599 1.142409
0.970744 -1.569479 1.425409
0.974636 -1.577563 1.238411
0.988444 -1.597702 0.879412
0.980444 -1.600738 0.864420
0.963605 -1.578626 1.192421
0.968572 -1.591665 1.083424
0.974446 -1.599755 0.872424
0.954639 -1.575626 1.253427
0.951617 -1.578660 1.208431
0.969445 -1.602781 0.856431
0.962446 -1.600800 0.868435
0.933789 -1.568574 1.492441
0.931823 -1.569559 1.533443
0.950409 -1.603877 0.803447
0.945445 -1.594845 0.897446
0.939615 -1.581710 1.192444
0.936621 -1.577707 1.219444
0.924867 -1.573562 1.573451
0.931585 -1.585771 1.132453
0.920741 -1.571662 1.412454
0.928641 -1.582734 1.222454
0.940437 -1.598878 0.867453
0.934452 -1.604905 0.857461
0.920619 -1.584782 1.183462
0.915923 -1.573553 1.649459
0.924430 -1.598940 0.858467
0.912889 -1.573587 1.604462
0.919575 -1.594843 1.074468
0.916674 -1.586762 1.247466
0.910646 -1.588809 1.200472
0.903908 -1.575611 1.619471
0.923448 -1.605948 0.848472
0.916457 -1.605967 0.860478
0.901884 -1.579645 1.568475
0.885806 -1.568730 1.516482
0.887789 -1.571742 1.479482
0.902461 -1.601001 0.890487
0.898642 -1.590858 1.185485
0.905434 -1.612038 0.799490
0.893636 -1.584865 1.207485
0.876839 -1.570743 1.552490
0.888609 -1.593926 1.126494
0.885663 -1.591892 1.209495
0.892427 -1.599055 0.855494
0.871737 -1.573842 1.399496
0.872908 -1.573715 1.630495
0.868966 -1.571682 1.719497
0.889468 -1.611068 0.851503
0.868036 -1.572638 1.809499
0.878647 -1.593934 1.177502
0.870645 -1.582935 1.230502
0.882460 -1.609093 0.850507
0.864863 -1.571770 1.580501
0.865537 -1.588044 1.059509
0.866651 -1.592971 1.188511
0.854872 -1.571800 1.591509
0.851071 -1.570667 1.867511
0.849023 -1.569707 1.806512
0.851832 -1.570836 1.543511
0.843817 -1.573884 1.507519
0.844808 -1.578900 1.470521
0.834111 -1.558669 1.980518
0.855653 -1.596016 1.177522
0.852661 -1.594016 1.197523
0.833082 -1.568719 1.891525
0.834843 -1.574900 1.538526
0.831080 -1.563714 1.913524
0.841604 -1.595099 1.115532
0.830893 -1.573875 1.611529
0.842678 -1.599052 1.196534
0.828098 -1.571732 1.899531
0.831792 -1.588983 1.400537
0.823019 -1.571807 1.792534
0.835650 -1.597092 1.168538
0.822127 -1.568725 1.953534
0.824986 -1.578843 1.712537
0.832673 -1.592074 1.223538
0.816128 -1.563733 1.979536
0.820848 -1.571938 1.560537
0.823653 -1.596130 1.177547
0.828625 -1.611172 1.064552
0.812875 -1.576960 1.572546
0.811080 -1.575817 1.854546
0.810063 -1.581848 1.802551
0.810846 -1.576988 1.532547
0.804840 -1.582027 1.500555
0.795174 -1.559764 2.061550
0.792114 -1.562826 1.965554
0.801814 -1.583059 1.460558
0.813665 -1.601170 1.169559
0.809662 -1.597176 1.185560
0.794120 -1.579859 1.889562
0.793853 -1.580052 1.527562
0.792099 -1.571860 1.900560
0.789885 -1.575030 1.595563
0.800638 -1.605247 1.112571
0.796670 -1.600225 1.180572
0.785079 -1.570897 1.878565
0.777986 -1.566979 1.772568
0.794666 -1.603242 1.161575
0.792680 -1.596221 1.214573
0.779151 -1.572871 1.966571
0.782765 -1.585167 1.384574
0.772926 -1.568043 1.686573
0.772255 -1.566806 2.136573
0.778851 -1.576096 1.545573
0.782668 -1.602281 1.169584
0.768867 -1.579127 1.552582
0.767834 -1.577150 1.517582
0.757983 -1.567052 1.769584
0.762839 -1.584183 1.489590
0.754167 -1.561920 2.042585
0.754151 -1.573963 1.961591
0.772677 -1.606320 1.161595
0.758825 -1.588217 1.451596
0.764651 -1.597344 1.170596
0.751845 -1.581210 1.512597
0.749880 -1.577180 1.580597
0.750087 -1.573020 1.880594
0.754704 -1.604360 1.208608
0.732952 -1.562150 1.752602
0.743171 -1.581006 1.954605
0.729930 -1.571201 1.677609
0.739791 -1.593322 1.380614
0.739872 -1.584240 1.534609
0.728886 -1.587277 1.539619
0.730866 -1.587284 1.512618
0.713955 -1.563219 1.751618
0.722847 -1.588329 1.481625
0.713145 -1.561079 2.019618
0.716179 -1.583102 1.955628
0.717842 -1.594366 1.445632
0.714907 -1.586309 1.573630
0.711856 -1.586357 1.503633
0.694970 -1.568288 1.747636
0.700889 -1.591384 1.524645
0.686929 -1.573359 1.667646
0.699835 -1.605464 1.381653
0.682018 -1.571308 1.797648
0.691882 -1.593427 1.505653
0.687896 -1.593431 1.524656
0.684865 -1.594467 1.476659
0.674971 -1.569361 1.744653
0.677168 -1.569211 2.011652
0.665058 -1.559308 1.911656
0.676913 -1.590450 1.562663
0.679885 -1.606502 1.444670
0.674888 -1.596491 1.498668
0.666034 -1.568345 1.834660
0.664057 -1.575353 1.831666
0.659015 -1.580415 1.749672
0.652188 -1.565276 2.058670
0.659886 -1.593538 1.510679
0.647961 -1.582498 1.667683
0.642002 -1.570459 1.782681
0.653899 -1.599565 1.499688
0.645887 -1.594590 1.507691
0.637001 -1.578499 1.740689
0.635131 -1.564375 1.986683
0.629101 -1.571436 1.911692
0.626029 -1.570496 1.819694
0.623094 -1.574470 1.887699
0.622014 -1.568516 1.808696
0.617993 -1.577569 1.735704
0.614189 -1.569421 2.040703
0.614060 -1.575529 1.836706
0.604001 -1.572600 1.771713
0.610008 -1.594631 1.671720
0.600164 -1.574501 1.982718
0.600028 -1.586631 1.738724
0.594137 -1.581561 1.911726
0.590135 -1.586590 1.883732
0.590057 -1.579627 1.812729
0.584012 -1.570658 1.796728
0.583084 -1.582641 1.834736
0.583022 -1.585693 1.736737
0.579205 -1.576552 2.028735
0.578095 -1.586661 1.829742
0.568036 -1.582729 1.770748
0.563178 -1.580639 1.972751
0.554114 -1.578712 1.895757
0.555140 -1.590721 1.871763
0.555085 -1.588755 1.806762
0.552088 -1.589767 1.805765
0.546119 -1.591771 1.837771
0.543217 -1.582687 2.015769
0.540102 -1.591804 1.815776
0.526171 -1.581778 1.958782
0.518152 -1.588839 1.897792
0.508225 -1.587819 2.002800
0.491193 -1.588905 1.953815
1.109336 -1.580514 0.978216
1.095368 -1.582508 1.009234
1.092348 -1.581525 0.990237
1.060329 -1.584578 0.968275
1.055416 -1.582517 1.060279
1.043075 -1.578781 0.717290
1.044340 -1.585589 0.978295
1.044366 -1.589573 1.000298
1.017639 -1.574387 1.300316
1.013684 -1.576360 1.344322
1.005655 -1.571386 1.321327
1.012325 -1.589639 0.959335
1.004404 -1.583585 1.048339
0.992067 -1.580846 0.709350
0.995330 -1.588654 0.966353
0.993361 -1.593638 0.991360
0.966720 -1.565376 1.397367
0.968619 -1.572455 1.284371
0.959663 -1.574434 1.327383
0.959645 -1.575448 1.307384
0.966321 -1.594698 0.951392
0.959408 -1.593640 1.041399
0.941056 -1.579911 0.701408
0.950327 -1.594712 0.957410
0.939346 -1.592708 0.980421
0.920712 -1.569437 1.385424
0.922607 -1.574517 1.271425
0.913979 -1.572248 1.654434
0.913633 -1.578511 1.293439
0.911943 -1.575280 1.613439
0.906640 -1.571507 1.310441
0.920314 -1.597757 0.942447
0.899974 -1.571267 1.651450
0.910397 -1.594705 1.031457
0.905324 -1.601772 0.948468
0.899068 -1.591961 0.700467
0.884043 -1.565229 1.731463
0.893349 -1.601767 0.975481
0.882613 -1.585568 1.266480
0.873700 -1.572502 1.373480
0.863909 -1.569355 1.591488
0.869619 -1.581575 1.279492
0.863956 -1.571321 1.637490
0.875308 -1.602818 0.934502
0.861640 -1.579566 1.304499
0.853948 -1.570338 1.631500
0.866395 -1.601763 1.025511
0.846178 -1.569174 1.868508
0.842216 -1.563145 1.915508
0.838249 -1.558121 1.956508
0.861315 -1.605831 0.939520
0.840033 -1.570291 1.719516
0.836592 -1.584634 1.252531
0.848354 -1.611823 0.972539
0.829689 -1.576563 1.362532
0.821898 -1.573414 1.580539
0.817138 -1.566234 1.834538
0.828619 -1.590629 1.272545
0.817940 -1.572386 1.624542
0.810930 -1.572401 1.615550
0.816638 -1.586625 1.298555
0.801206 -1.569204 1.902559
0.801164 -1.571237 1.856560
0.795234 -1.561183 1.941559
0.794006 -1.568360 1.700566
0.795588 -1.590689 1.245582
0.785679 -1.580623 1.352585
0.777876 -1.571478 1.565586
0.784600 -1.590692 1.258594
0.771923 -1.573451 1.611595
0.766905 -1.570468 1.597598
0.772636 -1.593682 1.292610
0.758241 -1.573230 1.937610
0.749986 -1.568424 1.685615
0.755585 -1.596741 1.239631
0.743675 -1.586678 1.345637
0.735862 -1.573536 1.554635
0.745601 -1.599743 1.252645
0.727915 -1.577510 1.603647
0.726895 -1.575523 1.586647
0.730639 -1.602734 1.289664
0.714216 -1.571296 1.919658
0.709984 -1.575477 1.678666
0.699869 -1.583580 1.552684
0.707694 -1.602718 1.348690
0.690080 -1.565418 1.792681
0.688892 -1.582574 1.578695
0.685910 -1.582564 1.597699
0.671117 -1.559407 1.839697
0.671185 -1.567363 1.898704
0.668098 -1.566430 1.811706
0.667968 -1.576535 1.666714
0.663879 -1.594622 1.552733
0.652081 -1.572466 1.788729
0.650888 -1.588624 1.571743
0.642902 -1.585620 1.590750
0.635117 -1.567453 1.833745
0.626144 -1.558434 1.874748
0.628093 -1.571482 1.805756
0.627964 -1.581587 1.660764
0.622863 -1.593678 1.542779
0.616089 -1.581507 1.789777
0.593084 -1.561518 1.813788
0.593168 -1.574468 1.881798
0.585067 -1.566544 1.790801
0.590966 -1.589633 1.657812
0.575067 -1.578565 1.776822
0.561113 -1.580548 1.822839
0.553147 -1.573525 1.867843
0.552105 -1.587570 1.806855
0.527131 -1.594584 1.826889
0.519167 -1.587560 1.873893
1.107898 -1.574764 1.008981
1.157657 -1.562873 0.784925
1.060894 -1.583828 0.996044
1.108656 -1.569934 0.777988
1.056752 -1.602962 0.830066
1.027050 -1.573732 1.167075
1.010876 -1.585899 0.979105
1.074892 -1.583797 0.999040
1.003728 -1.598034 0.817124
1.058647 -1.572999 0.769049
1.060002 -1.576720 1.119051
0.981218 -1.568644 1.345124
0.984048 -1.581788 1.158133
0.960857 -1.585968 0.964164
1.024879 -1.586865 0.985101
0.943412 -1.568530 1.542169
0.954711 -1.595099 0.807179
1.009639 -1.576062 0.761109
1.011991 -1.579784 1.107110
0.934201 -1.572712 1.326184
0.941038 -1.585845 1.147187
0.991210 -1.569623 1.340126
0.972338 -1.564537 1.476143
0.915852 -1.594028 0.952224
0.897384 -1.565599 1.521221
0.972853 -1.582939 0.968159
0.915720 -1.608145 0.803237
0.977675 -1.603093 0.765171
0.968992 -1.588838 1.100169
0.897029 -1.589903 1.136243
0.890189 -1.578773 1.310241
0.878577 -1.571471 1.707249
0.945195 -1.573688 1.323184
0.926324 -1.567600 1.461201
0.856371 -1.568655 1.507272
0.870841 -1.598089 0.940281
0.930857 -1.594992 0.960220
0.920637 -1.588172 0.750225
0.919973 -1.586904 1.087225
0.856024 -1.594956 1.127296
0.838759 -1.564361 1.901290
0.844170 -1.580839 1.292298
0.832547 -1.571542 1.681304
0.897172 -1.572757 1.305240
0.883537 -1.564473 1.681249
0.880304 -1.567665 1.445255
0.815357 -1.571712 1.492324
0.807863 -1.559305 2.013323
0.884845 -1.597053 0.949276
0.814013 -1.597011 1.117348
0.879983 -1.599951 1.083285
0.798741 -1.567420 1.882341
0.856678 -1.567391 1.820284
0.801164 -1.588897 1.279357
0.856169 -1.581811 1.294297
0.789531 -1.576604 1.662360
0.839517 -1.566537 1.661303
0.839299 -1.573718 1.435310
0.777355 -1.579761 1.483377
0.767845 -1.564365 1.992375
0.759961 -1.561278 2.112382
0.820819 -1.559309 1.973320
0.831959 -1.595017 1.069338
0.813660 -1.569453 1.802337
0.759154 -1.593954 1.266412
0.812156 -1.584871 1.280352
0.745509 -1.578670 1.640415
0.797500 -1.569597 1.644356
0.788871 -1.554295 2.034353
0.739349 -1.584810 1.474427
0.794276 -1.571782 1.418362
0.725820 -1.566430 1.968428
0.778797 -1.561371 1.952372
0.771149 -1.590925 1.269407
0.700476 -1.574740 1.616466
0.749861 -1.559348 2.020405
0.754481 -1.571659 1.626410
0.702347 -1.591856 1.466478
0.757288 -1.584823 1.416418
0.687814 -1.575482 1.953482
0.741796 -1.570418 1.942425
0.677666 -1.565602 1.819485
0.726609 -1.565580 1.763438
0.731149 -1.599976 1.261463
0.663479 -1.586786 1.607521
0.710848 -1.563402 2.005455
0.666348 -1.599901 1.459529
0.711458 -1.570722 1.607461
0.717281 -1.588874 1.407470
0.640752 -1.561567 1.913527
0.635850 -1.550483 2.025523
0.639646 -1.565657 1.802532
0.696753 -1.563493 1.911473
0.687600 -1.570632 1.751490
0.622465 -1.590844 1.591575
0.671835 -1.567456 1.990507
0.676470 -1.584761 1.604516
0.680292 -1.601916 1.405527
0.604871 -1.567513 2.026576
0.606764 -1.576606 1.908582
0.602630 -1.567709 1.787579
0.656735 -1.565550 1.894523
0.648585 -1.571684 1.738539
0.628797 -1.560524 1.964553
0.634447 -1.583822 1.586567
0.568863 -1.573562 2.013626
0.572658 -1.586735 1.792632
0.567744 -1.578663 1.889631
0.618722 -1.568602 1.880572
0.610580 -1.576732 1.729589
0.593800 -1.569566 1.958604
0.534861 -1.581605 2.004674
0.530741 -1.586711 1.878684
0.580714 -1.573651 1.869623
0.573577 -1.582778 1.722640
0.557799 -1.576609 1.951654
0.498850 -1.585653 1.991722
0.544719 -1.583693 1.864677
0.521793 -1.581655 1.942703
0.484785 -1.584701 1.933751
1.129394 -1.577582 0.843318
1.092476 -1.605679 0.846374
1.105465 -1.594556 0.901352
1.048513 -1.583251 1.175349
1.036498 -1.582365 1.126351
1.115474 -1.590439 0.957343
1.037481 -1.605844 0.836389
1.054478 -1.597710 0.891371
1.001545 -1.593391 1.168379
0.991524 -1.590500 1.118377
1.020502 -1.579390 1.139350
1.065483 -1.592592 0.946359
1.057518 -1.582244 1.169345
1.085492 -1.589445 1.004349
0.990516 -1.616978 0.832420
1.005523 -1.577286 1.226351
1.004490 -1.600860 0.882390
0.942585 -1.576087 1.447367
0.949549 -1.593553 1.155393
0.946539 -1.594639 1.108396
1.047530 -1.584268 1.172351
1.019583 -1.590123 1.304368
0.930591 -1.573043 1.493365
0.979541 -1.592513 1.132383
1.016490 -1.593743 0.935375
1.011538 -1.588390 1.156367
1.037501 -1.591594 0.992365
0.941522 -1.621179 0.791441
0.958540 -1.582432 1.215372
0.937519 -1.616135 0.824433
0.962491 -1.608118 0.795413
0.957512 -1.606998 0.876413
0.898602 -1.581225 1.436387
0.983473 -1.600055 0.801394
0.932601 -1.576069 1.477369
0.962591 -1.567926 1.516348
0.902573 -1.600691 1.149418
0.903565 -1.602767 1.101421
0.996529 -1.583441 1.151363
0.967569 -1.584297 1.284373
0.933550 -1.594660 1.119399
0.882604 -1.576194 1.481383
0.967499 -1.595892 0.925392
0.963549 -1.591547 1.140386
0.995529 -1.600720 0.985392
0.979570 -1.577161 1.348358
0.868678 -1.575805 1.739387
0.913561 -1.588570 1.206395
0.903649 -1.581987 1.574387
0.918518 -1.616248 0.789439
0.857692 -1.576773 1.776392
0.955611 -1.571923 1.531356
0.912539 -1.615128 0.871439
0.970494 -1.606102 0.795407
0.857626 -1.588350 1.428410
0.938494 -1.606190 0.793416
0.888615 -1.580212 1.463388
0.917604 -1.572078 1.498367
0.856558 -1.598917 1.088427
0.952554 -1.591581 1.139389
0.917558 -1.579464 1.265379
0.855595 -1.606830 1.142441
0.836718 -1.571617 1.905389
0.890573 -1.601792 1.110423
0.912672 -1.579820 1.662381
0.922515 -1.600028 0.917411
0.918560 -1.594691 1.127403
0.944513 -1.593884 0.969395
0.834611 -1.577346 1.468398
0.936584 -1.581299 1.335376
0.828701 -1.582927 1.731410
0.868585 -1.595704 1.199419
0.854692 -1.572766 1.788386
0.855646 -1.580147 1.556397
0.906603 -1.569100 1.504365
0.817734 -1.589885 1.775424
0.817649 -1.595471 1.421433
0.928530 -1.618228 0.788439
0.840713 -1.571678 1.864388
0.901547 -1.624296 0.790456
0.844626 -1.583356 1.448406
0.874623 -1.578220 1.483389
0.813571 -1.602048 1.079445
0.878598 -1.592577 1.261411
0.907576 -1.598727 1.125413
0.847588 -1.605925 1.100441
0.795745 -1.579741 1.898414
0.864662 -1.575991 1.638388
0.806594 -1.604982 1.131451
0.908559 -1.608984 0.968429
0.879536 -1.606154 0.911433
0.894595 -1.584433 1.323393
0.873574 -1.598835 1.114423
0.887697 -1.578772 1.734386
0.793652 -1.590460 1.467431
0.786716 -1.587059 1.721428
0.817732 -1.585876 1.783418
0.826615 -1.604825 1.195446
0.841715 -1.573727 1.835391
0.810658 -1.583292 1.543415
0.799735 -1.565603 1.977389
0.864633 -1.579238 1.490393
0.773647 -1.593614 1.407442
0.766706 -1.579068 1.748420
0.798730 -1.576813 1.852408
0.803643 -1.588485 1.438425
0.832639 -1.583359 1.468409
0.821732 -1.566588 1.952385
0.836616 -1.597707 1.252431
0.861584 -1.600876 1.110429
0.822673 -1.579128 1.624405
0.800583 -1.603076 1.086450
0.853612 -1.589565 1.311413
0.867582 -1.616107 0.961452
0.845702 -1.579918 1.715400
0.830594 -1.604968 1.104445
0.749668 -1.594594 1.459450
0.736670 -1.570247 1.689414
0.829726 -1.572723 1.859392
0.771717 -1.580039 1.760421
0.783631 -1.608955 1.187464
0.802746 -1.583852 1.824418
0.767670 -1.586427 1.532432
0.760755 -1.571726 1.967410
0.735677 -1.602725 1.403468
0.820643 -1.582390 1.471411
0.717681 -1.569240 1.725418
0.762661 -1.593615 1.427445
0.788641 -1.583509 1.450421
0.783758 -1.574708 1.942409
0.792623 -1.598845 1.241445
0.813629 -1.594691 1.301432
0.779679 -1.580270 1.609419
0.818609 -1.609014 1.098454
0.805718 -1.585050 1.701419
0.765753 -1.560583 2.047390
0.697686 -1.574365 1.682432
0.707693 -1.601715 1.455474
0.728711 -1.577189 1.740428
0.777764 -1.566597 2.021397
0.750689 -1.564064 1.781400
0.722785 -1.580840 1.961436
0.726692 -1.592551 1.525454
0.693681 -1.602856 1.393480
0.777656 -1.586535 1.454429
0.724687 -1.601729 1.421469
0.680726 -1.583335 1.729451
0.744778 -1.580837 1.929430
0.749670 -1.592631 1.441447
0.754655 -1.608955 1.237472
0.774644 -1.598812 1.292450
0.739694 -1.584398 1.598437
0.763711 -1.582201 1.679426
0.726769 -1.565715 2.032410
0.746795 -1.566531 2.112406
0.662728 -1.587458 1.684463
0.665719 -1.608835 1.452497
0.687720 -1.579324 1.726443
0.739780 -1.571729 2.004416
0.711714 -1.572191 1.769424
0.678767 -1.574002 1.936436
0.687719 -1.600664 1.521477
0.739693 -1.598654 1.445459
0.684705 -1.606853 1.412488
0.700760 -1.573998 1.904430
0.669734 -1.575245 1.804441
0.638743 -1.587460 1.723469
0.709690 -1.598757 1.431468
0.737670 -1.606923 1.286473
0.724719 -1.584332 1.664440
0.699706 -1.587526 1.587452
0.686774 -1.566856 2.013422
0.624741 -1.590573 1.678478
0.648726 -1.580453 1.713455
0.698718 -1.570210 1.781424
0.672728 -1.576320 1.756441
0.641797 -1.583109 1.933461
0.647740 -1.606783 1.516499
0.661767 -1.576132 1.888444
0.695698 -1.599805 1.427473
0.628732 -1.573382 1.789449
0.687733 -1.588454 1.652457
0.596742 -1.585592 1.713478
0.662732 -1.595638 1.581476
0.645763 -1.563009 1.989427
0.587775 -1.583399 1.845477
0.613767 -1.593549 1.714486
0.660743 -1.578337 1.768448
0.634750 -1.583443 1.745463
0.601800 -1.583241 1.920473
0.622772 -1.577263 1.874457
0.647723 -1.584595 1.633462
0.591756 -1.580491 1.785471
0.611807 -1.577103 1.989460
0.550807 -1.592498 1.847502
0.629813 -1.572963 2.046448
0.624791 -1.575142 1.946453
0.622773 -1.588460 1.757475
0.596761 -1.586570 1.732479
0.563815 -1.587359 1.912490
0.588813 -1.590357 1.874488
0.613763 -1.597693 1.631492
0.557812 -1.598571 1.794510
0.575826 -1.583218 1.980480
0.595846 -1.584072 2.037476
0.590818 -1.584251 1.937477
0.586812 -1.601570 1.751506
0.526825 -1.589475 1.904503
0.552834 -1.596468 1.867508
0.538837 -1.586342 1.967495
0.556847 -1.584213 2.017487
0.556847 -1.593355 1.931501
0.502858 -1.592453 1.960515
0.521871 -1.592328 2.006509
0.521869 -1.600469 1.921522
0.485891 -1.598446 1.995529
1.153785 -1.585097 0.763576
1.095781 -1.581308 0.752604
1.099930 -1.590876 0.951623
1.067007 -1.586691 1.089635
1.043794 -1.582497 0.743639
1.051954 -1.596055 0.940664
1.019035 -1.592867 1.080678
1.078952 -1.589942 0.955636
1.000844 -1.594644 0.740692
1.002967 -1.598240 0.928699
0.980130 -1.583585 1.273683
1.117974 -1.590796 0.968617
1.029969 -1.593129 0.942674
0.972064 -1.599039 1.071721
1.025068 -1.587731 1.138666
1.012140 -1.578421 1.304654
1.098929 -1.595086 0.860638
1.026921 -1.604444 0.798700
0.944207 -1.577393 1.419693
0.958999 -1.605401 0.920742
0.947845 -1.591836 0.731720
0.934142 -1.585765 1.259717
1.066989 -1.593996 0.952655
0.982985 -1.596308 0.930710
0.981099 -1.594894 1.129709
0.926089 -1.604207 1.063761
1.056978 -1.607234 0.855690
0.966156 -1.582608 1.287692
1.040105 -1.582558 1.200648
0.980947 -1.609609 0.791739
0.912010 -1.606576 0.910774
0.899231 -1.582564 1.408732
0.950260 -1.575219 1.495687
0.890801 -1.576052 0.717722
0.887343 -1.579173 1.611733
0.890155 -1.587936 1.246749
1.018004 -1.597185 0.938693
0.875425 -1.576910 1.754736
1.005180 -1.582438 1.311671
0.938016 -1.603477 0.920754
0.938135 -1.603049 1.122753
0.882126 -1.612364 1.057806
0.919371 -1.575967 1.662708
1.008986 -1.607412 0.845720
1.000149 -1.593706 1.192697
0.921171 -1.585786 1.272727
0.938995 -1.620754 0.788790
0.874077 -1.623706 0.908835
0.853240 -1.583744 1.394763
0.906275 -1.578393 1.481721
0.857907 -1.604149 0.723803
0.845358 -1.582342 1.596766
0.843528 -1.578703 1.901760
0.850200 -1.599080 1.240798
0.968006 -1.596383 0.922722
0.836471 -1.588048 1.749784
0.954175 -1.580653 1.288698
0.891142 -1.603229 1.110783
0.895051 -1.611635 0.912798
0.874376 -1.577158 1.641739
0.963000 -1.609582 0.836754
0.954154 -1.593886 1.178727
0.835139 -1.613537 1.048838
0.876186 -1.588965 1.257762
0.879932 -1.599984 0.770782
0.815999 -1.598946 0.884818
0.863294 -1.582561 1.468757
0.812284 -1.593887 1.390811
0.801538 -1.580876 1.884791
0.798564 -1.575736 1.955782
0.799348 -1.578535 1.576787
0.926361 -1.584153 1.567724
0.809228 -1.605235 1.231837
0.851512 -1.579806 1.843760
0.911412 -1.577963 1.680721
0.783415 -1.572291 1.716784
0.925050 -1.607543 0.913773
0.918247 -1.599782 1.283762
0.850171 -1.609378 1.103822
0.850065 -1.613806 0.901831
0.925054 -1.622711 0.834806
0.910167 -1.596056 1.166759
0.832396 -1.582332 1.624776
0.836231 -1.600114 1.249811
0.835946 -1.601142 0.764812
0.820546 -1.568689 1.946756
0.825340 -1.593697 1.463805
0.776032 -1.606089 0.879859
0.768295 -1.595055 1.379841
0.879338 -1.577360 1.542739
0.760382 -1.586681 1.568829
0.757592 -1.581891 1.945821
0.808514 -1.579987 1.824787
0.771278 -1.617368 1.227887
0.793604 -1.566573 2.042768
0.865416 -1.579164 1.656752
0.882081 -1.614706 0.903816
0.742444 -1.578444 1.707823
0.867228 -1.593999 1.259782
0.808204 -1.616529 1.097864
0.871206 -1.605197 1.160803
0.796010 -1.596027 0.880827
0.786381 -1.577531 1.601795
0.737095 -1.595918 1.020862
0.794247 -1.603278 1.237845
0.782350 -1.594865 1.450835
0.839355 -1.581520 1.528773
0.836572 -1.575693 1.923763
0.727325 -1.601203 1.373880
0.720399 -1.589835 1.557861
0.715588 -1.580069 1.926844
0.752614 -1.568746 2.024799
0.821427 -1.582353 1.635786
0.702465 -1.582595 1.698857
0.830226 -1.609353 1.150837
0.824254 -1.600169 1.246822
0.823999 -1.602102 0.806825
0.810611 -1.573642 1.987775
0.757050 -1.605167 0.875871
0.745399 -1.581698 1.586830
0.755292 -1.614422 1.230893
0.742379 -1.601012 1.443873
0.799367 -1.583681 1.514803
0.673517 -1.572421 1.825854
0.684442 -1.599965 1.552905
0.693414 -1.623299 1.381949
0.667540 -1.566292 1.895845
0.677214 -1.595760 1.188900
0.713627 -1.571910 2.007830
0.661476 -1.583754 1.687885
0.776429 -1.582549 1.612815
0.792258 -1.616491 1.144877
0.782041 -1.599104 0.870845
0.782012 -1.603255 0.799854
0.714157 -1.598902 1.067885
0.768618 -1.575831 1.963807
0.782288 -1.608333 1.234866
0.763687 -1.569531 2.112797
0.707436 -1.590843 1.577874
0.697565 -1.573217 1.887843
0.702213 -1.590661 1.199876
0.760386 -1.587833 1.503836
0.700382 -1.600178 1.430898
0.632511 -1.569594 1.807874
0.644456 -1.602120 1.541935
0.638314 -1.593554 1.346920
0.684531 -1.581498 1.775869
0.633604 -1.581396 1.899899
0.673630 -1.572082 1.988856
0.735449 -1.587720 1.595852
0.624533 -1.596872 1.689937
0.728636 -1.581002 1.944843
0.741318 -1.615491 1.223907
0.669467 -1.597987 1.568913
0.657576 -1.575385 1.870873
0.661234 -1.594818 1.189910
0.725428 -1.597962 1.497880
0.667459 -1.619279 1.434959
0.599582 -1.586691 1.813931
0.646555 -1.586644 1.765904
0.596638 -1.588527 1.895937
0.594302 -1.587726 1.333936
0.634642 -1.574240 1.974885
0.701201 -1.596864 1.109892
0.587572 -1.604999 1.687978
0.696485 -1.596873 1.584896
0.684612 -1.575217 1.911858
0.630487 -1.602142 1.556947
0.684212 -1.584759 1.185877
0.620607 -1.582526 1.861912
0.688456 -1.604101 1.489917
0.610305 -1.575567 1.386902
0.564628 -1.596807 1.813975
0.558397 -1.582491 1.500948
0.608576 -1.590789 1.756937
0.558661 -1.592665 1.889970
0.600693 -1.586355 1.973933
0.646698 -1.573057 2.045878
0.655496 -1.599046 1.566927
0.647645 -1.583365 1.899899
0.582622 -1.585682 1.847942
0.646258 -1.595898 1.179925
0.654510 -1.617216 1.488966
0.576365 -1.589676 1.388954
0.530688 -1.610912 1.818027
0.521420 -1.586626 1.494980
0.570582 -1.590943 1.743961
0.561686 -1.583524 1.954951
0.611718 -1.578205 2.030911
0.501511 -1.584368 1.647988
0.616533 -1.608197 1.556971
0.609673 -1.590520 1.885939
0.543421 -1.581531 1.508958
0.607646 -1.592652 1.826944
0.546654 -1.592816 1.840980
0.484593 -1.584150 1.776999
0.526726 -1.592649 1.950993
0.575747 -1.585350 2.018950
0.462513 -1.582516 1.639009
0.570679 -1.591690 1.866966
0.567449 -1.584441 1.517951
0.572676 -1.599787 1.817982
0.568423 -1.590602 1.440964
0.510683 -1.598950 1.834016
0.446583 -1.579306 1.763013
0.491551 -1.579280 1.707986
0.439622 -1.576161 1.842011
0.539761 -1.588501 2.003979
0.527457 -1.585608 1.501979
0.465593 -1.574188 1.791992
0.410599 -1.581439 1.757040
0.455567 -1.581415 1.701014
0.404651 -1.581282 1.840044
0.505803 -1.598626 1.998022
0.429612 -1.577325 1.784022
0.412692 -1.579139 1.898037
0.457608 -1.578309 1.752009
0.449637 -1.578242 1.796014
0.377720 -1.584264 1.894070
0.422626 -1.581444 1.743038
0.413653 -1.581387 1.784044
0.393766 -1.586135 1.934067
0.358775 -1.587279 1.921092
1.119401 -1.591015 0.942675
1.068420 -1.594205 0.932713
1.060498 -1.599017 1.032729
1.024459 -1.603366 0.925760
1.005504 -1.598225 1.020761
0.995616 -1.588748 1.258747
0.985666 -1.584560 1.361745
0.975475 -1.605551 0.915796
0.958541 -1.606395 1.014808
0.947622 -1.588937 1.244778
0.931659 -1.580777 1.343770
0.931501 -1.610712 0.908834
0.924336 -1.601222 0.681818
0.900858 -1.579176 1.671787
0.897798 -1.578396 1.573787
0.906662 -1.598087 1.238823
0.906551 -1.606591 1.003841
0.891733 -1.598909 1.344835
0.886524 -1.614878 0.901872
0.878375 -1.609383 0.678864
0.857949 -1.573975 1.831803
0.854815 -1.581565 1.561821
0.853872 -1.581361 1.658821
0.860662 -1.596270 1.224848
0.862594 -1.615745 1.000889
0.843997 -1.578924 1.877823
0.839716 -1.592118 1.327852
0.827442 -1.589123 0.878853
0.824020 -1.591079 1.836861
0.811821 -1.581737 1.548848
0.823724 -1.611396 1.223904
0.808898 -1.586530 1.649861
0.803042 -1.589069 1.873870
0.794747 -1.598284 1.320894
0.787484 -1.598264 0.875898
0.770839 -1.584895 1.538881
0.777711 -1.605580 1.209921
0.762903 -1.585711 1.636888
0.757556 -1.599151 0.974919
0.750775 -1.603444 1.314933
0.734895 -1.598016 1.538932
0.736726 -1.607736 1.200951
0.718915 -1.586882 1.625918
0.707808 -1.609597 1.310973
0.688975 -1.574655 1.777911
0.694915 -1.601168 1.530964
0.685659 -1.586958 1.176938
0.675932 -1.589046 1.616950
0.661960 -1.562685 1.805902
0.653734 -1.586834 1.284958
0.649995 -1.577801 1.770942
0.658965 -1.612289 1.531011
0.651723 -1.602069 1.178992
0.637995 -1.603163 1.622004
0.625013 -1.573803 1.808949
0.612014 -1.580944 1.763973
0.613771 -1.593973 1.282999
0.598025 -1.608304 1.619041
0.591089 -1.590894 1.820008
0.579090 -1.598034 1.774031
0.569862 -1.580688 1.483998
0.554138 -1.601013 1.823053
0.546937 -1.582546 1.586017
0.543130 -1.606153 1.775071
0.533898 -1.587812 1.483036
0.517180 -1.609131 1.826094
0.507961 -1.585682 1.584049
0.496017 -1.574399 1.734032
0.467056 -1.574396 1.781051
0.467981 -1.587826 1.580079
0.461055 -1.581513 1.736069
0.431100 -1.582507 1.786091
0.425074 -1.583642 1.733097
1.091856 -1.594904 0.948936
1.063898 -1.594857 1.041949
1.105877 -1.590792 1.009927
1.039871 -1.599070 0.939965
1.091881 -1.583760 1.061923
1.014756 -1.591464 0.708966
1.012897 -1.594026 1.028971
0.993000 -1.579614 1.367960
0.987981 -1.586763 1.271972
1.051876 -1.589970 0.996950
0.989892 -1.605229 0.932997
1.044899 -1.589917 1.049953
1.040763 -1.590388 0.718955
1.151743 -1.574001 0.778887
0.966772 -1.595615 0.702994
0.969926 -1.603165 1.022003
0.949016 -1.584761 1.356987
1.074897 -1.584812 1.070935
1.060751 -1.583331 0.725939
0.935977 -1.584938 1.256993
0.999006 -1.582647 1.342964
1.061904 -1.588873 1.054947
1.004899 -1.597123 0.987981
0.998918 -1.596070 1.038983
0.936892 -1.604401 0.923020
1.105766 -1.581147 0.771918
0.989763 -1.589552 0.708977
0.983018 -1.578623 1.393966
0.919123 -1.585517 1.598002
0.922796 -1.602754 0.698024
0.919919 -1.600332 1.009022
0.908155 -1.584436 1.680006
0.903020 -1.585917 1.343010
1.028916 -1.590966 1.058964
1.074908 -1.579768 1.111930
1.013768 -1.588484 0.716968
0.949007 -1.582816 1.327987
1.014920 -1.594027 1.044975
0.884975 -1.584109 1.243015
0.951886 -1.592297 0.974999
1.062906 -1.584862 1.069943
0.954940 -1.603212 1.031013
1.056772 -1.582306 0.761942
0.945789 -1.597692 0.703009
0.891925 -1.614541 0.919055
0.937030 -1.582781 1.378993
0.866101 -1.578704 1.576017
0.876803 -1.603899 0.692046
0.877945 -1.608464 1.004053
0.861139 -1.579605 1.659020
0.982776 -1.591594 0.703986
0.860030 -1.589060 1.333034
0.982934 -1.597121 1.045994
0.969030 -1.576652 1.412972
1.029924 -1.584917 1.100958
0.963771 -1.588647 0.705990
0.970940 -1.600170 1.037004
0.904026 -1.588964 1.318016
0.955038 -1.580713 1.398984
0.836232 -1.579379 1.876032
0.910934 -1.607424 0.973039
0.846033 -1.602225 1.245059
0.910957 -1.608358 1.021040
1.016927 -1.592019 1.055974
0.892153 -1.574446 1.717002
0.827195 -1.573478 1.823027
0.893039 -1.585930 1.366017
0.909854 -1.618802 0.703055
0.886145 -1.578531 1.669010
0.839914 -1.609711 0.908072
0.823236 -1.577391 1.895035
0.819106 -1.579863 1.563040
0.834957 -1.611604 0.996077
0.832821 -1.609038 0.687074
0.818143 -1.580751 1.646042
0.993771 -1.587571 0.705978
0.936791 -1.595739 0.698013
0.818043 -1.593200 1.323059
0.936946 -1.601275 1.034021
0.987949 -1.593054 1.092989
0.924041 -1.580808 1.396998
0.968056 -1.574587 1.470972
0.923945 -1.601325 1.026027
0.921803 -1.598782 0.700024
0.913059 -1.587854 1.388013
0.856021 -1.587128 1.303036
0.796261 -1.588506 1.871063
0.852177 -1.582580 1.707031
0.864962 -1.609510 1.010063
0.959042 -1.576685 1.419979
0.869972 -1.619552 0.970074
0.967935 -1.595187 1.040001
0.800048 -1.606373 1.238086
0.849045 -1.588083 1.351040
0.833236 -1.563268 1.972013
0.841148 -1.579686 1.654032
0.785880 -1.596890 0.894078
0.778166 -1.587880 1.640070
0.945777 -1.588729 0.695001
0.774120 -1.584011 1.554066
0.779070 -1.601323 1.319088
0.903865 -1.619836 0.701062
0.880189 -1.577436 1.760014
0.943956 -1.595201 1.081012
0.822244 -1.573374 1.920032
0.892965 -1.607422 1.023050
0.879049 -1.583966 1.380023
0.925064 -1.577738 1.454996
0.812254 -1.573376 1.940037
0.881974 -1.610458 1.021059
0.876814 -1.601927 0.692049
0.870072 -1.591998 1.377039
0.817063 -1.600249 1.301072
0.806163 -1.578749 1.684047
0.823990 -1.618642 1.004094
0.916068 -1.585834 1.406011
0.919938 -1.596352 1.024024
0.857196 -1.580519 1.750029
0.808064 -1.594218 1.342068
0.757078 -1.615507 1.235118
0.794263 -1.572398 1.963044
0.796149 -1.579842 1.639053
0.737170 -1.589021 1.627090
0.740925 -1.598918 0.971102
0.907828 -1.605851 0.690043
0.732141 -1.590146 1.548094
0.739088 -1.606453 1.312114
0.902981 -1.603334 1.074042
0.836189 -1.578597 1.739036
0.847820 -1.603019 0.688064
0.847973 -1.609573 1.011073
0.835055 -1.586120 1.364046
0.885085 -1.584873 1.444024
0.774288 -1.584500 1.934070
0.838989 -1.614598 1.013084
0.825073 -1.592152 1.363059
0.870203 -1.576450 1.781019
0.764169 -1.580896 1.669069
0.810271 -1.566298 2.010031
0.773078 -1.604392 1.293098
0.768927 -1.596837 0.980089
0.807283 -1.565257 2.046031
0.872084 -1.591989 1.389040
0.812192 -1.579680 1.731048
0.770096 -1.604342 1.336099
0.765912 -1.596900 0.941090
0.876963 -1.604495 1.014055
0.755285 -1.579528 1.954072
0.695199 -1.573928 1.784088
0.689201 -1.565867 1.841080
0.754165 -1.584982 1.629079
0.696175 -1.590158 1.617111
0.702123 -1.617568 1.310146
0.856968 -1.598490 1.060056
0.787271 -1.567387 1.996042
0.794200 -1.582747 1.722061
0.692175 -1.600268 1.547127
0.797944 -1.599746 0.993082
0.798095 -1.599239 1.359082
0.846104 -1.591004 1.434051
0.836223 -1.575492 1.824034
0.725238 -1.569695 1.898072
0.784089 -1.597288 1.354085
0.662201 -1.568990 1.811097
0.831237 -1.588586 1.768054
0.834832 -1.598015 0.728065
0.724182 -1.585032 1.658093
0.771291 -1.573434 1.997058
0.765280 -1.565414 2.024050
0.731095 -1.609528 1.286124
0.767173 -1.573846 1.708061
0.827083 -1.592151 1.369061
0.729109 -1.608479 1.326124
0.834988 -1.612635 1.004086
0.717307 -1.586655 1.946099
0.657240 -1.586040 1.787123
0.713176 -1.588119 1.619103
0.655257 -1.582960 1.849120
0.661212 -1.601263 1.618142
0.659031 -1.597840 1.205138
0.649031 -1.586770 1.277127
0.822021 -1.615598 1.059096
0.747281 -1.571532 1.978067
0.743138 -1.563953 1.682057
0.698275 -1.583800 1.882104
0.802094 -1.588162 1.415067
0.651200 -1.607395 1.545155
0.791328 -1.569237 2.105046
0.754095 -1.599394 1.342102
0.749923 -1.591912 0.976093
0.681213 -1.561859 1.874081
0.741941 -1.596926 0.984104
0.743103 -1.601424 1.345110
0.731296 -1.575577 1.981079
0.623209 -1.571119 1.803118
0.684189 -1.587169 1.646115
0.728301 -1.572542 2.012077
0.774318 -1.568320 2.082052
0.727182 -1.576985 1.695083
0.772298 -1.567388 2.037052
0.686099 -1.604628 1.311138
0.783094 -1.596305 1.353087
0.666226 -1.561867 1.901088
0.612230 -1.574116 1.829127
0.616248 -1.588175 1.779145
0.672190 -1.592254 1.611127
0.622226 -1.605389 1.612166
0.613062 -1.595880 1.276157
0.710311 -1.581656 1.970098
0.704153 -1.569087 1.670083
0.766125 -1.598278 1.410097
0.649215 -1.564995 1.846100
0.714120 -1.607526 1.334132
0.648264 -1.577955 1.878119
0.693310 -1.580709 1.968104
0.704126 -1.608550 1.339138
0.649227 -1.599278 1.644148
0.689308 -1.575682 1.996099
0.591280 -1.592197 1.818162
0.736331 -1.573460 2.064077
0.685173 -1.574135 1.677098
0.736329 -1.578514 2.025084
0.635024 -1.579822 1.280127
0.639055 -1.594844 1.256146
0.636307 -1.586940 1.916137
0.741112 -1.602450 1.340115
0.736949 -1.598976 0.968111
0.577275 -1.587213 1.836161
0.582220 -1.602525 1.601180
0.635227 -1.603366 1.611160
0.581302 -1.604269 1.788183
0.726954 -1.591928 1.024106
0.664264 -1.567842 1.934099
0.728145 -1.604403 1.402123
0.669196 -1.583200 1.666119
0.617287 -1.587076 1.859145
0.609268 -1.579091 1.865138
0.557139 -1.585727 1.508168
0.646258 -1.564900 1.931104
0.609232 -1.600414 1.633168
0.554298 -1.597313 1.815186
0.691288 -1.561646 2.026081
0.653227 -1.591228 1.681137
0.701241 -1.593069 1.701120
0.597311 -1.588074 1.904156
0.703151 -1.615575 1.333150
0.538170 -1.585691 1.576177
0.543320 -1.600308 1.843195
0.595245 -1.608496 1.605185
0.539297 -1.601410 1.778198
0.680242 -1.584054 1.757117
0.690158 -1.608531 1.392146
0.632321 -1.585936 1.937139
0.633237 -1.596313 1.663153
0.667299 -1.564726 2.021096
0.579301 -1.591201 1.852169
0.622055 -1.585863 1.289143
0.573292 -1.586206 1.861164
0.516140 -1.584859 1.502186
0.614309 -1.580993 1.935141
0.654292 -1.563784 2.007101
0.570227 -1.598551 1.619183
0.614061 -1.585870 1.301147
0.519334 -1.607413 1.820216
0.610315 -1.578967 1.962140
0.616256 -1.600346 1.677167
0.659239 -1.593223 1.681139
0.560332 -1.594192 1.900182
0.502182 -1.588805 1.572198
0.651081 -1.592775 1.299142
0.506346 -1.607419 1.844222
0.544147 -1.576702 1.565164
0.643251 -1.587184 1.744138
0.590294 -1.578100 1.910148
0.596262 -1.604435 1.656182
0.633344 -1.579837 2.016133
0.541316 -1.595324 1.846192
0.539335 -1.599305 1.864198
0.577318 -1.584121 1.923162
0.621335 -1.577891 2.003135
0.526178 -1.582719 1.592181
0.471229 -1.573617 1.775191
0.574334 -1.585091 1.952165
0.578270 -1.604472 1.669190
0.613308 -1.575989 1.949136
0.619250 -1.597366 1.665163
0.523346 -1.598314 1.893204
0.459251 -1.576615 1.803201
0.610091 -1.595917 1.286165
0.610288 -1.599290 1.740170
0.604093 -1.586846 1.350155
0.509191 -1.589803 1.569198
0.454235 -1.579713 1.743207
0.556343 -1.593201 1.912184
0.596357 -1.584971 2.000157
0.506354 -1.606425 1.850223
0.504372 -1.610408 1.867230
0.587359 -1.586008 1.993162
0.542351 -1.594231 1.921192
0.490196 -1.587835 1.587204
0.538356 -1.592210 1.945191
0.436256 -1.580719 1.778217
0.578341 -1.587107 1.941168
0.487368 -1.604427 1.890229
0.582283 -1.608490 1.657196
0.422262 -1.578730 1.801221
0.521372 -1.602313 1.908213
0.416250 -1.582830 1.742229
0.559371 -1.590104 1.985181
0.511200 -1.584758 1.607193
0.458254 -1.574631 1.804201
0.458285 -1.582603 1.825212
0.552380 -1.593128 1.983188
0.502379 -1.599327 1.939218
0.399257 -1.579839 1.773233
0.495211 -1.584778 1.627200
0.543378 -1.599222 1.935201
0.441281 -1.576622 1.848211
0.484379 -1.604441 1.896233
0.524401 -1.600222 1.977211
0.474208 -1.586884 1.597213
0.423283 -1.582737 1.805228
0.421288 -1.582728 1.816229
0.515388 -1.596261 1.968210
0.462351 -1.590481 1.915223
0.458211 -1.583904 1.617216
0.407309 -1.584723 1.850238
0.495214 -1.586828 1.601205
0.493229 -1.580725 1.679198
0.440305 -1.581630 1.855221
0.426304 -1.578657 1.866223
0.422310 -1.577640 1.887224
0.459249 -1.586837 1.673222
0.404317 -1.584749 1.848242
0.392328 -1.585765 1.863249
0.388341 -1.586745 1.886252
0.423311 -1.579691 1.857229
0.405318 -1.575695 1.894231
0.401317 -1.574704 1.896232
0.386311 -1.579824 1.842246
0.372360 -1.588796 1.894264
0.370371 -1.591791 1.902269
1.136150 -1.573219 0.887751
1.059547 -1.553364 1.151294
1.095495 -1.615348 0.897854
1.065882 -1.538500 1.207841
1.084284 -1.576485 0.877732
1.094714 -1.563569 0.927334
1.050071 -1.626155 0.892036
1.009912 -1.560512 1.142374
1.076711 -1.618427 0.900784
1.015181 -1.596014 0.820181
1.107852 -1.619351 0.913762
1.022517 -1.550219 1.202050
1.118589 -1.557769 0.983095
1.033419 -1.579669 0.868710
0.974082 -1.532600 1.472701
1.007167 -1.614767 1.219765
1.050174 -1.572351 0.920468
1.001201 -1.629225 0.883012
1.024921 -1.536649 1.256625
0.958938 -1.561807 1.130300
1.029006 -1.624463 0.890839
0.946594 -1.569475 0.798364
1.051540 -1.615047 0.896539
1.072879 -1.563695 0.973156
0.976873 -1.557142 1.193131
0.986716 -1.585541 0.862763
0.929614 -1.542435 1.465856
0.954796 -1.609291 1.201513
1.085573 -1.614073 0.900422
1.005636 -1.581135 0.913600
0.989821 -1.607689 1.225442
1.020684 -1.603404 1.246294
0.941065 -1.528923 1.536455
0.954328 -1.632155 0.874986
0.985661 -1.550114 1.251885
0.915577 -1.573445 1.127503
0.983299 -1.630331 0.882891
1.007056 -1.624853 0.888694
1.023837 -1.563882 0.960062
0.899951 -1.576291 0.794437
0.887706 -1.531944 1.761597
0.934451 -1.567808 1.187312
0.953266 -1.528033 1.621381
0.920066 -1.557973 0.837925
0.882810 -1.546501 1.454858
0.999173 -1.537870 1.309471
0.913314 -1.618899 1.195667
1.037923 -1.621161 0.888504
0.946228 -1.615523 1.215546
0.956540 -1.580241 0.903476
0.898847 -1.596533 1.537179
0.973868 -1.607549 1.231300
0.943066 -1.557867 1.242992
0.897366 -1.534816 1.525511
0.909678 -1.638914 0.869061
0.936482 -1.634288 0.873892
0.872217 -1.585113 1.123705
1.009904 -1.606225 1.244185
0.985569 -1.577238 0.956321
0.961406 -1.631749 0.879772
0.910448 -1.531981 1.606389
0.857639 -1.588818 0.792663
0.890804 -1.574590 1.179390
0.884252 -1.579013 0.841381
0.960796 -1.549363 1.301681
0.839170 -1.553311 1.446934
0.873943 -1.630336 1.191870
0.911662 -1.583088 0.894453
0.992270 -1.628108 0.877585
0.900355 -1.618559 1.202523
0.857295 -1.591918 1.839069
0.858198 -1.603194 1.528258
0.891123 -1.599416 1.563135
0.903752 -1.570336 1.238223
0.869247 -1.649358 0.866237
0.927053 -1.611696 1.216303
0.855720 -1.541539 1.516590
0.922112 -1.596702 1.600036
0.930366 -1.525762 1.688149
0.891775 -1.640102 0.865941
0.946134 -1.587683 0.951503
0.961092 -1.610541 1.227190
0.915584 -1.635702 0.868773
0.866403 -1.532097 1.587295
0.810657 -1.589699 0.786582
0.847216 -1.582321 1.173490
0.921194 -1.556946 1.292789
0.841543 -1.584633 0.836431
0.822726 -1.521819 1.990172
0.830013 -1.632151 1.182818
0.796645 -1.561982 1.442059
0.863338 -1.578171 0.883225
0.858760 -1.626225 1.194625
0.816438 -1.607944 1.518284
0.814486 -1.595806 1.827071
0.944510 -1.633175 0.866612
0.847309 -1.603392 1.549137
0.859820 -1.572208 1.227175
0.807476 -1.619484 0.842343
0.885627 -1.622386 1.207482
0.844558 -1.593513 1.887989
0.875017 -1.596072 1.577915
0.816471 -1.555009 1.512844
0.892878 -1.535311 1.677309
0.772922 -1.530307 1.892351
0.835672 -1.621791 0.847355
0.772647 -1.576580 1.098267
0.871874 -1.641459 0.860823
0.915387 -1.616654 1.211245
0.911350 -1.599353 1.605926
0.827980 -1.542568 1.581475
0.883759 -1.567384 1.284971
0.782475 -1.525134 1.806112
0.756234 -1.542701 1.728575
0.792113 -1.564167 1.147908
0.784139 -1.529406 1.981277
0.798892 -1.591227 0.832504
0.784914 -1.631109 1.170689
0.757400 -1.575315 1.443309
0.825018 -1.590477 0.881452
0.773397 -1.607812 1.506182
0.812718 -1.626293 1.180523
0.899857 -1.640040 0.856688
0.805605 -1.609171 1.538189
0.819167 -1.578823 1.219252
0.844361 -1.512430 2.004738
0.806140 -1.604004 1.882167
0.850827 -1.535367 1.656217
0.840696 -1.624367 1.194432
0.832313 -1.602017 1.562969
0.773544 -1.556878 1.500794
0.725324 -1.520828 1.866000
0.827425 -1.588702 1.923737
0.796239 -1.632206 0.843530
0.786516 -1.514445 2.052828
0.848086 -1.571134 0.920878
0.790496 -1.552035 1.573630
0.814659 -1.621287 0.839189
0.869570 -1.620743 1.196248
0.727724 -1.578401 1.091211
0.861030 -1.595088 1.576706
0.842992 -1.572029 1.276000
0.748510 -1.543094 1.811491
0.714428 -1.546426 1.720574
0.736364 -1.517145 1.946855
0.751521 -1.571673 1.144007
0.775276 -1.534184 1.902252
0.747541 -1.642382 1.168888
0.776512 -1.640504 1.178800
0.732637 -1.612454 1.498206
0.782083 -1.592161 0.874400
0.811157 -1.526662 1.998022
0.762619 -1.610119 1.523114
0.813169 -1.541946 1.644299
0.767056 -1.560498 1.193673
0.840645 -1.620008 0.834057
0.797875 -1.628204 1.182432
0.789439 -1.604991 1.546946
0.738518 -1.573899 1.505146
0.785609 -1.592724 1.904741
0.690194 -1.535858 1.871302
0.745470 -1.514533 2.029735
0.811761 -1.583354 0.918106
0.755239 -1.565223 1.571884
0.806556 -1.582384 1.269179
0.826976 -1.628549 1.185349
0.819552 -1.604945 1.562861
0.684968 -1.583026 1.087230
0.815804 -1.593055 1.944674
0.705301 -1.540181 1.792317
0.701059 -1.529367 1.945083
0.732064 -1.531381 1.879081
0.709646 -1.574323 1.136979
0.677243 -1.560616 1.723849
0.692982 -1.616235 1.141100
0.688428 -1.596388 1.787793
0.697381 -1.625582 1.498456
0.766653 -1.519241 1.962732
0.775513 -1.548525 1.632380
0.724083 -1.618589 1.517239
0.728515 -1.568918 1.188799
0.797875 -1.624762 0.824082
0.661549 -1.561835 1.409746
0.757335 -1.636814 1.174557
0.746452 -1.605968 1.530872
0.654952 -1.548890 1.876551
0.710048 -1.524894 2.022915
0.769766 -1.584011 0.910031
0.755268 -1.561086 1.240530
0.717817 -1.575585 1.568060
0.783156 -1.632496 1.171350
0.776791 -1.609918 1.546888
0.695412 -1.537871 1.869160
0.668998 -1.552426 1.791543
0.666869 -1.543425 1.947361
0.670111 -1.582747 1.134101
0.656281 -1.624284 1.488327
0.734506 -1.534334 1.959038
0.648561 -1.599000 1.779766
0.744531 -1.566399 1.633760
0.681357 -1.621968 1.143112
0.725972 -1.519465 2.085688
0.684377 -1.624200 1.508288
0.672058 -1.587846 1.811443
0.689861 -1.575340 1.183873
0.706335 -1.620401 1.150026
0.619568 -1.562542 1.401666
0.709198 -1.619349 1.526122
0.645311 -1.554495 1.462439
0.673514 -1.533397 2.013044
0.718722 -1.569418 1.234657
0.733608 -1.623935 1.150022
0.731807 -1.611119 1.526814
0.658763 -1.544337 1.860238
0.627998 -1.546100 1.935336
0.633810 -1.566505 1.794817
0.700019 -1.543709 1.949195
0.616236 -1.623928 1.478223
0.611915 -1.605299 1.776839
0.584991 -1.540176 1.682112
0.689375 -1.527156 2.068795
0.646898 -1.633559 1.504437
0.635524 -1.596199 1.806569
0.652149 -1.580707 1.178922
0.669549 -1.625988 1.516197
0.658542 -1.593916 1.845472
0.579987 -1.569916 1.401760
0.639149 -1.544647 2.008248
0.606609 -1.559947 1.457487
0.677557 -1.567181 1.221507
0.627369 -1.552201 1.518258
0.687254 -1.619126 1.131788
0.623371 -1.555621 1.856433
0.694637 -1.626537 1.521109
0.683590 -1.593061 1.866356
0.661932 -1.543573 1.928093
0.567854 -1.601528 1.448531
0.573006 -1.607847 1.769801
0.654846 -1.536619 2.056941
0.549647 -1.552224 1.687324
0.598998 -1.605526 1.803705
0.628494 -1.626857 1.501104
0.618486 -1.594838 1.827381
0.601207 -1.547362 1.994207
0.532032 -1.535473 1.831900
0.567720 -1.563466 1.451464
0.641873 -1.574500 1.215587
0.590575 -1.557613 1.512285
0.627431 -1.553952 1.920251
0.652680 -1.629508 1.505060
0.646089 -1.603665 1.856510
0.620248 -1.548509 1.568991
0.548828 -1.552668 1.755234
0.541080 -1.627503 1.784201
0.620347 -1.547036 2.048099
0.557152 -1.607130 1.456518
0.561162 -1.610075 1.795706
0.511987 -1.559533 1.688396
0.581466 -1.611394 1.472578
0.584328 -1.610939 1.829683
0.497658 -1.547428 1.840099
0.530054 -1.570802 1.450537
0.554790 -1.562964 1.506314
0.542334 -1.541745 1.810845
0.510354 -1.539468 1.890836
0.585630 -1.556803 1.563096
0.510710 -1.552273 1.745110
0.584677 -1.554617 2.035181
0.528176 -1.628925 1.805080
0.473044 -1.562008 1.685342
0.546658 -1.618512 1.820759
0.460887 -1.552716 1.840122
0.516781 -1.564490 1.498239
0.507667 -1.549010 1.806923
0.549560 -1.557314 1.551003
0.475805 -1.548636 1.890962
0.454917 -1.593994 1.733098
0.473877 -1.556629 1.742110
0.568689 -1.618170 1.829639
0.561470 -1.613234 1.456386
0.435101 -1.564396 1.683289
0.487673 -1.543743 1.941775
0.507422 -1.616330 1.804586
0.425057 -1.556942 1.840121
0.512431 -1.542729 1.853628
0.516996 -1.566429 1.547133
0.471716 -1.551466 1.797876
0.439915 -1.551997 1.885939
0.438270 -1.564843 1.742209
0.526338 -1.614353 1.806417
0.443176 -1.598453 1.750058
0.454177 -1.553877 1.940928
0.463278 -1.598868 1.770015
0.389115 -1.559195 1.839071
0.479814 -1.550922 1.847734
0.481096 -1.569832 1.539111
0.437049 -1.558700 1.794953
0.405196 -1.558188 1.884989
0.469959 -1.548471 1.966680
0.418284 -1.557343 1.931906
0.426324 -1.601400 1.759966
0.444858 -1.553394 1.835689
0.402153 -1.562039 1.787931
0.369194 -1.559547 1.879915
0.436229 -1.554838 1.956736
0.443234 -1.599746 1.753801
0.383390 -1.560692 1.924884
0.411015 -1.557724 1.826695
0.400446 -1.560326 1.946764
0.348439 -1.563067 1.916837
0.378398 -1.565883 1.821799
0.366775 -1.567609 1.939842
1.164008 -1.566689 0.758016
1.164987 -1.563661 0.770044
1.138045 -1.562622 0.758294
1.140827 -1.555396 0.756366
1.111326 -1.566594 0.748532
1.115409 -1.566432 0.758527
1.089563 -1.567376 0.749771
1.109024 -1.604175 0.899524
1.086623 -1.570861 1.087810
1.093428 -1.562103 0.746829
1.094674 -1.602091 1.005709
1.064894 -1.572287 0.741992
1.070874 -1.572439 1.094979
1.075470 -1.582854 0.753911
1.076332 -1.599560 0.946882
1.053849 -1.573999 1.066114
1.048450 -1.579868 0.746174
1.056495 -1.607087 0.891051
1.040169 -1.576496 1.076273
1.055960 -1.569837 1.088211
1.071248 -1.602014 1.053029
1.048072 -1.569749 0.737278
1.056818 -1.589248 0.709172
1.044958 -1.601887 0.994212
1.018430 -1.577007 0.736458
1.025463 -1.579038 1.083433
1.021487 -1.576860 0.740462
1.010550 -1.582541 1.059547
1.028971 -1.606279 0.940358
0.995469 -1.573849 0.733719
1.010675 -1.598343 1.294565
0.997859 -1.585002 1.068698
1.002738 -1.605078 0.881602
1.013783 -1.581316 1.078630
1.025653 -1.604657 1.042490
0.981076 -1.570961 1.398872
1.012321 -1.590039 0.734626
0.993499 -1.600741 1.225714
1.008018 -1.587084 0.700671
1.000625 -1.609494 0.987660
0.972914 -1.580709 0.729923
0.978818 -1.580712 1.069910
0.968045 -1.565482 1.417034
0.973721 -1.575646 0.729953
0.967159 -1.589106 1.051989
0.979227 -1.605116 0.929870
0.975290 -1.598816 1.348944
0.956385 -1.567944 1.436165
0.947770 -1.573647 0.725211
0.961951 -1.598075 1.280068
0.947785 -1.577831 1.051221
0.977726 -1.600415 1.028986
0.967184 -1.583992 1.064108
0.936426 -1.572530 1.386333
0.957541 -1.614754 0.878064
0.964542 -1.591726 0.695116
0.952777 -1.572303 0.715251
0.946103 -1.606445 1.218202
0.956152 -1.614130 0.980118
0.918568 -1.566792 0.717497
0.945693 -1.569198 1.439355
0.925575 -1.570958 1.404471
0.932073 -1.580407 1.054395
0.925966 -1.574451 0.719449
0.920392 -1.587827 1.040477
0.949727 -1.594818 1.401296
0.930648 -1.596958 0.647383
0.936071 -1.615717 0.927313
0.930699 -1.601403 1.337407
0.912811 -1.571460 1.420617
0.905338 -1.579252 0.718650
0.914294 -1.598795 1.268566
0.911969 -1.596125 1.050583
0.936276 -1.605938 1.021415
0.899260 -1.583839 1.382715
0.912298 -1.606907 1.561571
0.921635 -1.587645 1.049580
0.930712 -1.609999 0.695458
0.909029 -1.617589 0.872571
0.911532 -1.581857 0.708676
0.911639 -1.617789 0.972583
0.898566 -1.609181 1.209700
0.883920 -1.578543 1.706894
0.881674 -1.583191 0.717875
0.901121 -1.572753 1.421819
0.886315 -1.580342 1.397878
0.891922 -1.591870 1.047809
0.883545 -1.580069 0.713891
0.906946 -1.594336 1.384744
0.878964 -1.593365 1.034910
0.888240 -1.602598 0.643826
0.885584 -1.600088 1.627883
0.892711 -1.622346 0.921767
0.889358 -1.608884 1.329839
0.871204 -1.577092 1.745054
0.872547 -1.580873 1.411036
0.864016 -1.586836 0.714082
0.895876 -1.612435 1.013836
0.865154 -1.593866 1.037080
0.869777 -1.602415 1.259035
0.855575 -1.584413 1.371178
0.858668 -1.579637 1.783199
0.860254 -1.599764 1.542127
0.877099 -1.591288 1.037047
0.877318 -1.595083 0.683028
0.868059 -1.586523 0.700132
0.848235 -1.593937 0.854230
0.869122 -1.621392 0.966032
0.860277 -1.601225 1.701167
0.843466 -1.583946 1.697321
0.838173 -1.572079 1.376393
0.856449 -1.574331 1.402290
0.852140 -1.613897 1.203192
0.849438 -1.596450 1.038258
0.869729 -1.604665 1.379133
0.838535 -1.598882 1.029338
0.840958 -1.601666 1.615358
0.843429 -1.604564 1.314330
0.832947 -1.586411 1.738457
0.828730 -1.579442 1.392503
0.847160 -1.582937 1.798401
0.856541 -1.619916 1.009251
0.848067 -1.603753 1.775381
0.812785 -1.582973 1.358636
0.805938 -1.563122 1.007728
0.830659 -1.613854 1.257448
0.809325 -1.568343 1.749732
0.833568 -1.594915 1.025509
0.814660 -1.601407 1.532615
0.820858 -1.613095 1.831555
0.820979 -1.609601 1.693585
0.798472 -1.578542 1.679806
0.812258 -1.608730 1.929654
0.804266 -1.588301 1.376750
0.813033 -1.605610 1.910670
0.827972 -1.604186 1.365580
0.795642 -1.574496 1.012846
0.815037 -1.580813 1.388730
0.806616 -1.616604 1.196681
0.784813 -1.577939 1.007926
0.803215 -1.598216 1.990795
0.806291 -1.615928 1.311725
0.782208 -1.567203 1.702011
0.796236 -1.601269 1.601840
0.789381 -1.586869 1.383923
0.796591 -1.567690 1.757949
0.771987 -1.578409 1.008088
0.775552 -1.592343 1.356035
0.785697 -1.604852 1.994970
0.787113 -1.616484 1.249918
0.772002 -1.576641 1.740132
0.778777 -1.573011 0.999108
0.773414 -1.609906 1.529058
0.779171 -1.608092 1.678038
0.758876 -1.580957 1.670235
0.772889 -1.615108 1.925079
0.762574 -1.588835 1.364201
0.787268 -1.604686 1.353019
0.755266 -1.581035 1.005281
0.771391 -1.582403 1.372200
0.764691 -1.602539 1.978211
0.765483 -1.627159 1.195124
0.739187 -1.561735 1.681481
0.761374 -1.611608 1.297215
0.759130 -1.601963 2.053276
0.754719 -1.604774 1.593291
0.747786 -1.589396 1.370375
0.758259 -1.576020 1.744362
0.770168 -1.601421 2.055237
0.738277 -1.600734 1.353439
0.745039 -1.606263 1.980413
0.727916 -1.570203 1.714615
0.747970 -1.626966 1.249342
0.736270 -1.604640 1.660508
0.719189 -1.581397 1.660669
0.729885 -1.612517 1.522534
0.750965 -1.613035 1.347412
0.724135 -1.594266 1.356620
0.732378 -1.618547 1.918522
0.735338 -1.595729 1.366590
0.723975 -1.602960 1.961657
0.707459 -1.580875 1.687823
0.723004 -1.618059 1.292634
0.713877 -1.592528 2.021775
0.731457 -1.602746 2.034660
0.710438 -1.596787 1.362783
0.712000 -1.604343 1.580760
0.717630 -1.578458 1.725806
0.705560 -1.610657 1.971847
0.692820 -1.582461 1.710997
0.686273 -1.596603 1.666029
0.693321 -1.600208 1.641984
0.714626 -1.620407 1.342810
0.676492 -1.576066 1.330152
0.685289 -1.602961 1.789043
0.683772 -1.601292 1.888065
0.688514 -1.618069 1.519990
0.684616 -1.600159 1.864078
0.684317 -1.604362 1.947096
0.669969 -1.585245 1.680237
0.677518 -1.599801 2.013176
0.687020 -1.590296 1.998153
0.690023 -1.603372 1.707103
0.660597 -1.574675 1.332341
0.674958 -1.616723 1.582168
0.678226 -1.584874 1.712239
0.650764 -1.579060 1.318414
0.656653 -1.588401 1.931396
0.653055 -1.581909 1.694439
0.647760 -1.600034 1.660457
0.658206 -1.611512 1.642372
0.636713 -1.574590 1.319595
0.648797 -1.614572 1.895452
0.643698 -1.604492 1.781507
0.643721 -1.596644 1.848535
0.648245 -1.625597 1.518438
0.662341 -1.606289 2.050427
0.642018 -1.593876 1.919570
0.643947 -1.577181 1.319605
0.632541 -1.590631 1.673654
0.638851 -1.601174 1.997607
0.652750 -1.599507 1.990533
0.655876 -1.614625 1.703482
0.619760 -1.572239 1.317798
0.636620 -1.623175 1.580596
0.638557 -1.586322 1.694681
0.626125 -1.610513 1.945734
0.617817 -1.591212 1.689832
0.610032 -1.599455 1.652881
0.617211 -1.606048 1.625833
0.607993 -1.612078 1.885912
0.603011 -1.604013 1.774965
0.604104 -1.598103 1.838980
0.624815 -1.610620 2.034847
0.606794 -1.603160 1.916964
0.597269 -1.598956 1.671050
0.619648 -1.611693 1.986903
0.603567 -1.609450 1.993003
0.616959 -1.611076 1.686919
0.600056 -1.590749 1.681113
0.588667 -1.614893 1.941156
0.576811 -1.585746 1.670296
0.583208 -1.619345 1.628215
0.569338 -1.612522 1.879350
0.572546 -1.619292 1.853335
0.567010 -1.616382 1.782372
0.589562 -1.619890 2.026244
0.572681 -1.614422 1.917349
0.582968 -1.613027 1.971317
0.580297 -1.612457 1.674334
0.550125 -1.571734 1.633588
0.567184 -1.615781 1.985415
0.552142 -1.618252 1.934572
0.535538 -1.575308 1.646767
0.527448 -1.576605 1.616823
0.534343 -1.624857 1.888749
0.536264 -1.619786 1.911765
0.550781 -1.619305 2.005685
0.532281 -1.633722 1.794767
0.548616 -1.620296 1.963708
0.515698 -1.577062 1.629981
0.530701 -1.620136 1.976831
0.516869 -1.576898 1.634060
0.516955 -1.627583 1.935974
0.499058 -1.632214 1.892149
0.514211 -1.622667 1.993098
0.511993 -1.622670 1.951121
0.494207 -1.624517 1.970244
0.480519 -1.632991 1.934386
0.477658 -1.630995 1.946513
0.455025 -1.617019 1.948693
0.434968 -1.599736 1.888911
1.091979 -1.588584 0.843558
1.093851 -1.585759 1.053543
1.140960 -1.562850 0.794802
1.065079 -1.566980 1.182263
1.047551 -1.596037 0.836910
1.045044 -1.588702 1.038807
1.096689 -1.572251 0.790195
1.019108 -1.567686 1.168466
0.999516 -1.595794 0.828105
0.999779 -1.598308 1.028217
0.969378 -1.544986 1.541257
1.060333 -1.588197 1.048784
0.976684 -1.575030 1.159815
1.123855 -1.574077 0.746159
1.043622 -1.573691 1.125541
0.968551 -1.582272 1.400084
0.955326 -1.590393 0.679130
1.021006 -1.581840 0.702709
0.958238 -1.604978 0.823495
0.950896 -1.600285 1.012472
0.927637 -1.548401 1.526516
0.936174 -1.581212 1.152134
1.012767 -1.598642 0.785156
1.015982 -1.596737 1.038168
1.070920 -1.575183 0.738404
1.073290 -1.569476 1.074355
0.995748 -1.575502 1.113786
1.078411 -1.585745 1.046701
0.919433 -1.581411 1.377276
0.910741 -1.595890 0.671455
0.977726 -1.591223 0.696114
0.981695 -1.580073 1.403034
0.912119 -1.603598 0.814668
0.885820 -1.550823 1.511757
0.906396 -1.606838 1.001821
0.894588 -1.586520 1.142443
0.946596 -1.548141 1.468468
0.967119 -1.603170 0.779461
0.962416 -1.590096 1.020246
1.106659 -1.573902 1.027351
1.029118 -1.579871 1.069784
1.018906 -1.575222 0.730627
0.953567 -1.585772 1.108210
1.034145 -1.595238 1.038110
0.860149 -1.539998 1.899734
0.876098 -1.589915 1.364669
0.935526 -1.601486 0.691540
1.001613 -1.586173 0.701950
0.938279 -1.587581 1.390400
0.847470 -1.558887 1.502121
0.865574 -1.592542 1.772894
0.984235 -1.556352 1.417535
0.850545 -1.586049 1.130634
0.862974 -1.614293 0.992193
0.995864 -1.579129 1.391004
0.905262 -1.556428 1.458847
0.910868 -1.587635 0.765352
0.922452 -1.603213 1.014731
0.980411 -1.583709 1.060087
0.902915 -1.577893 1.091254
0.974644 -1.584613 0.727041
0.812861 -1.509325 2.082295
0.985030 -1.594190 1.024300
1.053890 -1.577041 1.017650
0.833599 -1.596382 1.351017
1.049163 -1.592053 1.034024
0.806018 -1.520967 2.121611
0.959416 -1.596415 0.698377
0.894865 -1.595093 1.377772
0.871374 -1.543600 1.828811
0.807811 -1.563092 1.490405
1.025972 -1.587112 0.706921
0.812195 -1.594016 1.126002
1.014188 -1.556339 1.356441
0.818214 -1.588679 1.744023
0.933904 -1.552471 1.399669
0.951217 -1.583728 1.378311
0.867161 -1.567370 1.454280
0.877721 -1.606784 1.004020
0.877232 -1.584730 1.762723
0.863805 -1.588899 1.087693
0.774519 -1.517557 2.064669
0.931396 -1.583567 1.050306
0.941692 -1.602574 1.017692
0.933690 -1.597701 0.726534
0.999735 -1.575324 1.005849
0.830108 -1.510626 2.049302
1.004827 -1.600511 1.027418
0.788798 -1.599061 1.335293
0.846356 -1.589165 1.355851
0.919603 -1.611466 0.695904
0.771703 -1.573887 1.485825
0.980400 -1.592620 0.702247
0.760597 -1.574345 1.101782
0.891178 -1.542763 1.748734
0.908724 -1.590126 1.367647
0.772180 -1.588612 1.720233
0.963186 -1.556425 1.342664
0.888198 -1.556123 1.387958
0.822054 -1.566038 1.439454
0.833428 -1.587412 1.742983
0.831840 -1.608460 0.992269
0.828246 -1.606519 1.090269
0.734783 -1.520975 2.042933
0.899351 -1.610886 1.011075
0.736820 -1.536552 1.834227
0.886756 -1.588064 1.042612
0.794852 -1.519429 2.040670
0.962405 -1.583047 1.364293
0.791701 -1.517771 2.035645
0.890217 -1.582202 1.735655
0.953585 -1.585853 1.002298
0.954409 -1.595559 1.013523
0.748699 -1.610250 1.326744
0.943470 -1.594890 0.679465
0.732882 -1.576055 1.473067
0.805938 -1.596395 1.346215
0.782984 -1.539073 1.786115
0.946436 -1.618122 0.706000
0.844918 -1.539621 1.728878
0.840304 -1.526312 1.978660
0.866157 -1.595535 1.356974
0.731688 -1.594973 1.704581
0.782566 -1.572150 1.431790
0.849273 -1.569069 1.386447
0.920278 -1.569688 1.340174
0.906527 -1.536337 1.664553
0.779731 -1.567270 1.701767
0.769730 -1.575464 1.060826
0.699002 -1.538704 1.818467
0.688765 -1.509267 2.001883
0.855623 -1.614343 1.002365
0.918769 -1.587488 1.355601
0.755299 -1.524662 2.026986
0.844516 -1.597284 1.040031
0.753219 -1.523927 2.021978
0.846343 -1.583827 1.718901
0.690633 -1.528875 2.059349
0.817301 -1.524779 1.988741
0.907040 -1.591455 0.996648
0.915535 -1.609514 1.012033
0.696378 -1.581947 1.465391
0.764370 -1.601733 1.335546
0.740788 -1.536611 1.767266
0.901365 -1.581901 1.704654
0.798665 -1.536460 1.710028
0.821126 -1.595187 1.343185
0.801086 -1.535371 1.972065
0.742920 -1.576296 1.423085
0.687495 -1.592732 1.682752
0.806724 -1.574410 1.378781
0.740409 -1.575414 1.692155
0.871200 -1.568595 1.328383
0.862159 -1.543829 1.655941
0.664898 -1.549397 1.811894
0.657314 -1.527589 2.003479
0.717650 -1.528780 2.012272
0.874808 -1.588041 1.342824
0.655133 -1.534814 2.045671
0.707296 -1.513083 1.986951
0.799919 -1.578747 1.697008
0.778912 -1.531820 1.980097
0.866121 -1.604474 0.999153
0.863884 -1.601726 0.995099
0.844299 -1.539545 1.904000
0.704626 -1.546410 1.762682
0.722727 -1.606078 1.324860
0.858738 -1.586307 1.693963
0.782948 -1.605149 1.338611
0.756662 -1.530158 1.949163
0.759356 -1.544536 1.703416
0.704597 -1.584264 1.418471
0.649567 -1.605742 1.675258
0.764022 -1.577762 1.371075
0.631799 -1.559950 1.808318
0.701920 -1.581520 1.681497
0.622220 -1.538421 1.993919
0.817480 -1.547341 1.647244
0.825672 -1.574139 1.321738
0.677698 -1.529109 1.995486
0.835638 -1.598053 1.339253
0.619717 -1.541730 2.033022
0.672133 -1.522849 1.980365
0.755482 -1.573523 1.675108
0.733165 -1.522813 1.952114
0.611777 -1.562109 1.424368
0.818540 -1.597296 0.986221
0.805334 -1.582480 0.975938
0.664590 -1.545707 1.747875
0.816863 -1.587702 1.681204
0.743698 -1.614215 1.333026
0.710919 -1.521130 1.922184
0.718740 -1.548727 1.695725
0.651202 -1.554987 1.382060
0.597459 -1.567685 1.800687
0.608849 -1.609105 1.660555
0.724867 -1.587754 1.368514
0.663602 -1.589552 1.673889
0.585812 -1.545414 1.981281
0.642462 -1.537859 1.989881
0.791447 -1.595625 1.326419
0.584228 -1.547631 2.021354
0.771400 -1.546067 1.633448
0.782301 -1.581461 1.318132
0.723194 -1.593811 1.681756
0.636972 -1.532618 1.973783
0.696850 -1.530664 1.945490
0.749743 -1.517812 1.889972
0.626955 -1.549703 1.739172
0.773924 -1.588154 1.669434
0.677429 -1.538473 1.929774
0.681760 -1.560485 1.696200
0.627676 -1.602328 1.670386
0.668333 -1.556691 1.333079
0.605904 -1.542817 1.979198
0.548657 -1.552561 2.008668
0.753197 -1.604573 1.322830
0.602811 -1.542271 1.969199
0.684799 -1.600827 1.675127
0.731195 -1.555105 1.631873
0.742319 -1.593454 1.318625
0.658145 -1.533777 1.934771
0.713605 -1.527520 1.889394
0.598240 -1.576516 1.755969
0.731655 -1.584622 1.654572
0.709733 -1.531583 1.855501
0.641128 -1.546260 1.926157
0.514195 -1.540135 1.741498
0.644540 -1.569304 1.694613
0.585243 -1.596920 1.650492
0.570597 -1.550555 1.974579
0.718503 -1.620114 1.326384
0.566344 -1.548159 1.961544
0.642534 -1.597319 1.659274
0.620526 -1.537747 1.927073
0.691989 -1.564051 1.631297
0.671356 -1.523980 1.874538
0.694593 -1.595390 1.655029
0.602352 -1.548361 1.916423
0.467776 -1.532775 1.908649
0.529706 -1.552151 1.949848
0.607535 -1.608963 1.658747
0.584147 -1.544566 1.922440
0.638871 -1.541187 1.885130
0.513009 -1.548966 1.703800
0.659517 -1.606014 1.655475
0.633262 -1.548319 1.854321
0.555753 -1.546829 1.651580
0.437016 -1.544194 1.948117
0.430809 -1.532902 1.891873
0.483075 -1.520727 1.897371
0.559591 -1.585254 1.624457
0.548852 -1.552241 1.920828
0.603667 -1.549766 1.887536
0.623217 -1.613727 1.655866
0.595825 -1.554128 1.853675
0.455852 -1.540217 1.923005
0.450508 -1.537017 1.904957
0.502557 -1.524622 1.876441
0.559884 -1.548725 1.592683
0.559887 -1.565658 1.861163
0.483667 -1.538097 1.874874
0.469339 -1.533083 1.877846
0.510386 -1.535212 1.819731
0.447807 -1.538923 1.868115
0.484263 -1.530575 1.844791
0.473958 -1.540910 1.821093
0.448751 -1.535204 1.846125
1.111796 -1.585857 0.986549
1.090124 -1.580191 0.970496
1.065529 -1.596228 0.976133
1.042160 -1.582684 0.959851
1.105780 -1.578201 0.923377
1.008553 -1.567100 1.313747
1.011041 -1.593450 0.959364
0.995203 -1.585034 0.951199
1.078145 -1.588863 0.983895
0.962387 -1.567566 1.299031
1.058182 -1.584587 0.915851
0.968781 -1.581497 1.318426
0.958455 -1.589508 0.942551
0.950325 -1.588210 0.942561
1.030514 -1.568682 1.263699
1.133555 -1.577154 0.876219
1.028182 -1.591595 0.971270
0.923200 -1.578227 1.292589
1.007972 -1.584242 0.906136
0.919702 -1.583344 1.299769
0.917721 -1.605280 0.937274
0.908799 -1.595022 0.937016
1.101483 -1.589738 0.986846
0.984809 -1.574007 1.253131
1.087501 -1.589307 0.872861
0.981744 -1.578199 1.324311
0.981480 -1.596998 0.960709
0.879032 -1.578495 1.278859
0.876416 -1.557914 1.677441
0.962373 -1.590433 0.899596
0.872712 -1.585955 1.283126
0.870754 -1.607730 0.925627
0.867364 -1.602832 0.931502
1.049173 -1.588694 0.973120
0.937841 -1.576465 1.241484
0.856691 -1.583590 1.683343
1.036657 -1.592972 0.865273
0.935932 -1.582654 1.309716
0.934603 -1.600413 0.950091
0.837950 -1.565608 1.667905
0.839673 -1.587170 1.272359
1.015739 -1.574738 1.205008
0.917776 -1.596510 0.894048
0.830349 -1.595013 1.272655
0.813566 -1.550918 2.034786
1.002662 -1.596000 0.965618
1.000171 -1.580709 1.321339
0.892360 -1.560339 1.617452
0.895409 -1.584403 1.234980
0.809225 -1.581481 1.658559
0.986722 -1.595558 0.857649
0.890128 -1.587083 1.296123
0.798118 -1.569529 1.654263
0.889904 -1.605589 0.941516
0.797595 -1.588206 1.260644
0.967869 -1.578249 1.194400
0.878884 -1.609973 0.893693
1.070791 -1.592728 0.976179
0.786719 -1.601234 1.260106
0.871715 -1.581260 1.685245
0.773718 -1.554971 2.017147
0.955790 -1.599387 0.956000
0.952100 -1.582383 1.305674
0.849549 -1.564489 1.604835
0.851439 -1.586547 1.225310
1.042394 -1.573030 1.149836
0.765485 -1.586870 1.640984
0.755744 -1.567802 1.635465
0.846319 -1.591311 1.283514
0.759015 -1.552749 2.205261
0.758331 -1.556517 2.079319
0.937882 -1.598997 0.852048
0.759150 -1.595775 1.255109
0.847559 -1.614517 0.935042
0.919953 -1.558869 1.552276
0.919913 -1.580767 1.183764
1.020751 -1.594414 0.965527
0.824164 -1.578126 1.661431
0.745540 -1.612143 1.251687
0.816531 -1.554862 1.962919
1.017047 -1.588428 1.316536
0.911272 -1.606527 0.948484
0.907300 -1.586667 1.294072
0.805288 -1.563840 1.589082
1.006088 -1.601198 0.812749
0.808741 -1.591535 1.217721
0.992727 -1.578617 1.142304
0.717013 -1.572547 1.624845
0.716382 -1.559906 2.056673
0.720296 -1.587460 1.620273
0.802517 -1.595512 1.271906
0.895914 -1.611756 0.850690
0.886831 -1.581459 1.669219
0.872987 -1.561377 1.539635
0.875317 -1.586892 1.177220
0.966920 -1.587493 0.951639
0.781252 -1.581377 1.645789
0.775891 -1.560847 1.950346
0.770689 -1.549247 2.053077
0.966539 -1.585330 1.299742
0.867491 -1.610567 0.941872
0.862231 -1.587996 1.281384
0.764666 -1.569694 1.580508
0.771934 -1.605839 1.217382
0.945925 -1.561489 1.489237
0.952817 -1.600068 0.805036
0.682102 -1.585757 1.622462
0.671324 -1.551881 2.021697
0.942973 -1.583212 1.134743
0.760981 -1.602470 1.262370
0.679744 -1.594436 1.607732
0.840382 -1.579115 1.649426
0.829292 -1.566494 1.531057
0.834127 -1.565539 1.891169
0.831816 -1.593869 1.172698
0.655446 -1.559096 1.960986
0.929382 -1.604826 0.952393
0.738159 -1.582670 1.629089
0.732334 -1.557319 1.928502
0.726018 -1.544994 2.025216
0.920391 -1.585721 1.288031
0.824420 -1.602448 1.279053
0.723864 -1.573590 1.570877
0.642823 -1.584653 1.607670
0.895704 -1.561301 1.475535
0.907690 -1.611097 0.803646
0.634405 -1.565433 2.014336
0.639106 -1.600419 1.595162
0.896664 -1.592439 1.130305
0.902665 -1.589592 1.654431
0.789630 -1.549955 2.009032
0.796205 -1.579498 1.632704
0.786592 -1.571527 1.522471
0.694377 -1.542533 2.102378
0.620161 -1.568486 1.953490
0.790669 -1.604599 1.170277
0.885871 -1.611826 0.946870
0.688679 -1.552858 1.904632
0.697525 -1.588622 1.617518
0.685908 -1.546070 2.007493
0.873057 -1.584300 1.273273
0.773430 -1.553589 2.071273
0.687877 -1.585863 1.569473
0.779266 -1.602789 1.266339
0.602411 -1.566974 2.127640
0.852753 -1.574176 1.474190
0.595749 -1.571316 1.999753
0.848633 -1.593911 1.121643
0.850234 -1.576942 1.627361
0.748821 -1.553925 1.997403
0.754309 -1.582547 1.621053
0.846013 -1.568886 1.812232
0.660660 -1.557578 2.103046
0.585975 -1.578699 1.949014
0.745264 -1.580341 1.517995
0.838385 -1.608257 0.937052
0.652796 -1.566081 1.905259
0.657990 -1.595395 1.608968
0.650010 -1.559386 2.005122
0.833810 -1.593862 1.270805
0.730064 -1.552001 2.051471
0.648180 -1.590585 1.562845
0.559815 -1.567139 1.565634
0.738745 -1.609576 1.259776
0.564384 -1.568910 2.108915
0.807843 -1.553820 1.962068
0.557018 -1.576206 1.985122
0.807330 -1.555736 2.001147
0.803276 -1.570920 1.460374
0.808542 -1.581891 1.618746
0.708924 -1.556871 1.983718
0.712341 -1.584602 1.609354
0.805609 -1.605751 1.121247
0.549346 -1.584286 1.938392
0.620771 -1.560532 2.089363
0.790335 -1.553638 1.781085
0.704677 -1.586110 1.512401
0.696461 -1.554362 1.832649
0.613630 -1.565983 1.890478
0.612387 -1.565089 1.993508
0.619564 -1.603047 1.601418
0.793489 -1.602576 1.266295
0.686449 -1.547453 2.030598
0.526667 -1.573685 2.095293
0.768348 -1.560507 1.956511
0.765760 -1.561604 1.995579
0.766493 -1.582916 1.608032
0.761077 -1.580723 1.458930
0.666773 -1.557066 1.967981
0.676369 -1.596906 1.606947
0.513915 -1.591660 1.931837
0.583068 -1.565214 2.078738
0.741290 -1.544599 1.758109
0.664100 -1.591852 1.507826
0.653048 -1.551654 1.816835
0.578682 -1.578095 1.892065
0.573402 -1.566989 1.978807
0.571579 -1.584146 1.569140
0.751627 -1.605496 1.258639
0.650699 -1.561586 2.034250
0.490231 -1.581243 2.085749
0.722569 -1.554110 1.936597
0.726810 -1.587635 1.601419
0.722818 -1.563729 1.984906
0.630357 -1.564465 1.963433
0.638048 -1.605466 1.602444
0.717417 -1.585789 1.452352
0.546558 -1.571684 2.072164
0.543825 -1.591205 1.893683
0.617300 -1.565755 1.821488
0.703834 -1.561768 1.765864
0.610335 -1.564483 1.473331
0.536080 -1.575507 1.973300
0.612017 -1.566266 2.026634
0.454706 -1.587689 2.077169
0.681431 -1.554099 1.924851
0.684581 -1.586705 1.589652
0.674402 -1.550721 1.958811
0.594137 -1.573770 1.961943
0.596817 -1.604454 1.590671
0.508581 -1.573444 2.059457
0.676139 -1.594459 1.452874
0.584015 -1.584484 1.832268
0.664550 -1.570273 1.766370
0.498289 -1.579198 1.962650
0.574529 -1.572735 2.023067
0.644038 -1.561498 1.923312
0.649810 -1.600771 1.592296
0.638669 -1.564768 1.965464
0.553992 -1.573711 1.949194
0.473547 -1.584605 2.060019
0.545536 -1.591008 1.829711
0.453986 -1.557187 1.923264
0.620165 -1.567540 1.754567
0.538417 -1.582955 2.024607
0.609298 -1.575459 1.929956
0.600291 -1.572232 1.964935
0.496626 -1.562403 1.789157
0.587640 -1.593972 1.774577
0.571731 -1.580874 1.928362
0.560745 -1.577796 1.964358
0.533794 -1.582397 1.923653
0.450315 -1.558870 1.884490
0.437742 -1.559754 1.927621
1.129793 -1.566906 0.749105
1.114213 -1.574448 0.894658
1.117706 -1.590177 0.895063
1.116192 -1.588365 0.930057
1.099735 -1.582032 0.886136
1.081914 -1.570479 0.743026
1.095542 -1.589247 0.893430
1.088282 -1.580644 0.976354
1.071454 -1.589551 0.889870
1.067920 -1.594944 0.888093
1.063749 -1.586548 1.027002
1.065636 -1.595155 0.925162
1.052168 -1.589688 0.876214
1.037602 -1.579682 0.739097
1.043250 -1.589311 0.883369
1.044026 -1.581168 1.070225
1.044872 -1.577546 1.238204
1.040387 -1.576491 1.218242
1.035227 -1.582728 0.968370
1.033638 -1.569817 1.265194
1.026512 -1.576567 1.225501
1.022519 -1.593322 0.879863
1.017726 -1.595794 0.879023
1.013551 -1.587423 1.016934
1.005968 -1.571477 1.223724
1.009188 -1.593594 0.915136
1.007887 -1.571603 1.323753
1.004509 -1.596352 0.866274
0.989510 -1.581291 0.732018
0.998103 -1.584636 1.061161
1.000023 -1.599447 0.878456
0.994561 -1.578647 1.220145
0.995973 -1.584780 1.211296
0.983937 -1.582703 0.958301
0.986379 -1.579315 1.260340
0.975856 -1.573634 1.209333
0.978108 -1.573865 1.378402
0.975777 -1.598874 0.870880
0.968559 -1.596499 0.871943
0.964347 -1.588211 1.006857
0.950884 -1.585126 0.684816
0.960327 -1.577956 1.213752
0.958976 -1.575397 1.312762
0.958355 -1.597407 0.910183
0.951886 -1.596803 0.732175
0.957750 -1.601935 0.856296
0.955305 -1.566652 1.425638
0.948477 -1.581532 1.047977
0.953652 -1.564149 1.560677
0.947325 -1.595597 0.866306
0.945050 -1.578838 1.196051
0.939349 -1.571308 1.196933
0.943242 -1.597518 0.957496
0.946492 -1.568165 1.584945
0.935307 -1.581276 1.250339
0.931318 -1.580990 1.200374
0.929562 -1.571717 1.363231
0.926374 -1.597679 0.860755
0.929325 -1.564448 1.595161
0.921569 -1.599014 0.864888
0.920757 -1.594373 1.001849
0.904022 -1.588555 0.680790
0.913250 -1.580665 1.199702
0.913334 -1.569841 1.413510
0.898347 -1.583978 0.720785
0.920551 -1.576122 1.601679
0.910871 -1.577115 1.301704
0.909239 -1.591307 1.042999
0.909605 -1.602037 0.905227
0.903728 -1.595281 0.841096
0.909613 -1.566522 1.548564
0.903725 -1.601762 0.861302
0.902547 -1.585929 1.190055
0.897063 -1.581497 1.187024
0.900423 -1.570806 1.569879
0.896483 -1.601966 0.952501
0.887585 -1.586269 1.191348
0.882724 -1.578445 1.237235
0.885937 -1.577988 1.354233
0.879147 -1.598295 0.850655
0.885430 -1.568897 1.580112
0.890849 -1.569729 1.753142
0.886030 -1.571337 1.599185
0.876789 -1.603283 0.859855
0.877152 -1.600566 0.995851
0.870372 -1.573123 1.401412
0.868287 -1.584133 1.187648
0.867734 -1.598284 1.037988
0.867037 -1.566839 1.570393
0.864974 -1.580586 1.292670
0.862584 -1.606241 0.836198
0.864490 -1.567994 1.536455
0.867123 -1.569244 1.666523
0.861866 -1.606550 0.901261
0.857713 -1.604220 0.853240
0.856341 -1.586449 1.179939
0.852194 -1.585961 1.175001
0.855046 -1.570404 1.553718
0.852026 -1.609161 0.949557
0.846171 -1.594268 1.185370
0.843117 -1.582182 1.345167
0.848011 -1.574002 1.741077
0.839585 -1.588500 1.235355
0.840228 -1.570514 1.563010
0.837843 -1.572088 1.587118
0.832179 -1.602875 0.989773
0.839071 -1.572080 1.805231
0.829746 -1.579096 1.393361
0.826746 -1.591196 1.179647
0.825931 -1.602309 1.031902
0.821368 -1.569260 1.525311
0.823128 -1.571322 1.554357
0.821302 -1.585783 1.286657
0.823337 -1.573524 1.657484
0.830123 -1.573196 1.905500
0.814628 -1.591494 1.172885
0.823775 -1.564719 1.980415
0.812099 -1.573688 1.541633
0.808619 -1.593293 1.164049
0.819423 -1.564141 2.016505
0.815398 -1.559981 2.035470
0.800832 -1.593764 1.173219
0.801529 -1.588192 1.339144
0.802187 -1.569766 1.719819
0.808409 -1.571577 1.927885
0.795026 -1.572135 1.545919
0.795268 -1.596659 1.233451
0.804861 -1.566151 2.028855
0.789779 -1.582083 1.382215
0.790778 -1.573689 1.577068
0.783992 -1.596422 1.169623
0.793676 -1.566933 1.964054
0.780582 -1.573216 1.518215
0.792128 -1.563166 2.108063
0.779313 -1.576802 1.538360
0.778847 -1.592824 1.282686
0.776902 -1.572194 1.642334
0.774259 -1.599322 1.169899
0.782336 -1.571713 1.974425
0.782459 -1.563671 2.122275
0.768852 -1.574020 1.528474
0.774961 -1.563846 1.993345
0.766070 -1.600481 1.155084
0.775084 -1.564348 2.048393
0.773551 -1.563052 2.027370
0.757923 -1.596945 1.165143
0.758317 -1.588443 1.328985
0.757406 -1.565356 1.701548
0.751747 -1.572525 1.530765
0.763130 -1.572495 2.010847
0.752577 -1.591653 1.378225
0.756765 -1.575527 1.772911
0.752152 -1.606693 1.232591
0.748478 -1.581664 1.575132
0.755752 -1.578514 1.962141
0.738360 -1.573402 1.507040
0.733778 -1.575530 1.518201
0.737592 -1.601738 1.279759
0.734018 -1.575395 1.633265
0.743535 -1.567724 2.105150
0.741857 -1.578676 1.966422
0.728019 -1.578066 1.518391
0.736526 -1.571680 1.983328
0.733907 -1.565573 2.032228
0.733144 -1.569900 2.023367
0.720248 -1.599045 1.327050
0.714048 -1.564752 1.686375
0.709667 -1.574788 1.516654
0.720647 -1.586054 1.766935
0.712740 -1.595584 1.369122
0.719963 -1.575069 1.988761
0.710830 -1.573225 1.939856
0.699689 -1.578119 1.501943
0.704760 -1.585840 1.570117
0.692221 -1.582683 1.507232
0.692254 -1.579447 1.626211
0.693064 -1.569842 1.866061
0.687109 -1.581092 1.509288
0.695885 -1.572426 1.946134
0.695776 -1.576801 1.970283
0.678105 -1.576133 1.685433
0.676168 -1.558050 1.877053
0.678941 -1.582372 1.748643
0.678803 -1.556194 2.121102
0.671471 -1.584481 1.511703
0.674926 -1.569983 1.959489
0.663817 -1.558341 1.908330
0.662456 -1.586612 1.500941
0.663490 -1.593673 1.570177
0.651561 -1.588754 1.496222
0.654265 -1.589962 1.627288
0.649620 -1.587711 1.504235
0.649243 -1.560384 1.919692
0.644408 -1.556873 1.843636
0.651590 -1.569550 1.943936
0.642773 -1.572940 1.886178
0.640743 -1.583716 1.681409
0.638098 -1.577665 1.728312
0.641409 -1.563884 2.113081
0.630623 -1.588564 1.500642
0.635022 -1.574109 1.943407
0.632132 -1.580017 1.920628
0.624891 -1.592211 1.496865
0.628331 -1.573495 2.062602
0.624837 -1.571186 2.048595
0.609482 -1.591027 1.482134
0.612563 -1.598227 1.502300
0.611869 -1.588167 1.616087
0.615165 -1.578322 1.929929
0.614985 -1.573587 1.993832
0.611754 -1.573563 1.931857
0.605260 -1.565488 1.844691
0.609060 -1.572970 1.999917
0.605282 -1.578478 1.884085
0.602714 -1.585100 1.723231
0.601970 -1.587504 1.674286
0.603928 -1.570583 2.105021
0.595574 -1.582102 1.931426
0.594594 -1.585638 1.915542
0.590917 -1.580077 2.058546
0.589429 -1.578696 2.040524
0.589442 -1.580150 2.134629
0.577309 -1.578293 1.985728
0.576674 -1.583971 1.926873
0.575718 -1.584004 1.928895
0.570270 -1.583399 1.858944
0.572169 -1.583264 2.004997
0.567534 -1.594484 1.719242
0.569373 -1.588685 1.889142
0.563083 -1.590315 1.666175
0.566219 -1.575339 2.094944
0.557051 -1.588944 1.921429
0.554382 -1.585665 1.903375
0.553902 -1.585235 2.031457
0.550639 -1.579077 2.047351
0.550453 -1.583182 2.118526
0.540987 -1.585747 1.982712
0.537747 -1.585725 1.920738
0.538014 -1.588738 1.919822
0.533741 -1.596541 1.869113
0.532665 -1.592162 1.886015
0.535075 -1.591602 2.009029
0.529889 -1.582820 2.090930
0.519303 -1.594906 1.904392
0.518064 -1.591955 1.906331
0.517179 -1.589907 2.021365
0.514375 -1.586445 2.047338
0.511239 -1.584286 2.100375
0.501790 -1.585658 1.971531
0.500423 -1.594443 1.911784
0.502482 -1.601792 1.929972
0.496666 -1.601382 1.891058
0.495777 -1.589379 2.002792
0.491656 -1.582696 2.077729
0.477018 -1.585315 1.883991
0.478113 -1.593817 2.047332
0.474730 -1.590922 2.091347
0.465022 -1.589255 1.964420
0.460047 -1.600474 2.011895
0.442093 -1.603096 2.050386
1.169232 -1.552758 0.854236
1.121820 -1.561695 0.850852
1.137954 -1.554310 0.801996
1.046668 -1.555402 1.227499
1.065531 -1.557826 0.842277
1.153172 -1.556089 0.751752
1.024071 -1.580401 0.891002
1.085055 -1.559938 0.797711
1.063295 -1.558887 1.182153
1.058604 -1.585419 0.881968
1.011009 -1.570897 1.197824
1.000362 -1.559398 1.217833
1.018903 -1.564638 0.839768
0.975841 -1.571702 0.849772
1.103038 -1.566269 0.751554
0.976826 -1.583379 0.885341
1.029896 -1.571976 1.211382
1.033802 -1.562325 0.794206
1.013605 -1.560318 1.171519
1.010708 -1.591528 0.875474
1.037792 -1.559894 1.125609
1.047495 -1.567698 1.210699
1.034404 -1.585261 0.881428
0.961042 -1.571504 1.183163
0.960080 -1.569528 1.213181
0.975500 -1.573079 0.837186
0.935423 -1.587824 0.847408
0.950378 -1.540082 1.586068
1.046171 -1.564355 0.747102
0.931566 -1.586124 0.879579
0.980005 -1.572504 1.198714
1.061545 -1.564556 1.078097
0.984659 -1.565470 0.790642
0.967544 -1.565193 1.164888
1.042678 -1.564117 0.876528
0.960870 -1.590917 0.866759
0.964010 -1.539270 1.530630
0.999211 -1.571944 1.201131
0.988597 -1.564181 1.118092
0.989107 -1.594975 0.877986
0.910555 -1.564991 1.200272
0.990913 -1.539887 1.474613
0.929636 -1.562899 1.554026
0.916687 -1.582243 1.175725
0.930733 -1.578676 0.834538
0.908101 -1.544631 1.575243
0.894470 -1.600035 0.843886
0.890473 -1.596233 0.878974
0.994224 -1.568815 0.744727
0.933792 -1.577548 1.188090
0.947153 -1.562238 1.564553
1.010738 -1.570945 1.073752
0.945805 -1.584244 0.793336
0.924083 -1.573671 1.161310
1.007619 -1.588381 0.881299
1.017729 -1.574492 1.201861
0.916442 -1.599529 0.863231
0.919955 -1.544971 1.521944
0.953074 -1.576908 1.192500
0.941463 -1.568155 1.112471
0.869902 -1.572164 1.195505
0.943109 -1.599829 0.872349
0.882795 -1.565210 1.537300
0.945205 -1.547727 1.468104
0.867341 -1.579777 1.160901
0.874150 -1.564858 0.824540
0.866981 -1.550018 1.565407
0.840547 -1.592001 0.832030
0.834100 -1.577509 0.864739
0.898743 -1.560793 1.545720
0.890218 -1.586155 1.181517
0.948099 -1.578498 0.745333
0.880211 -1.579229 1.156617
0.964344 -1.597824 0.878750
0.966991 -1.547932 1.411443
0.892362 -1.577947 0.787539
0.970515 -1.578549 1.194236
0.956796 -1.569827 1.065201
0.872844 -1.607079 0.858614
0.875614 -1.548740 1.512183
0.909249 -1.583537 1.185845
0.825085 -1.571989 1.185588
0.918614 -1.566252 1.546370
0.895747 -1.601841 0.866647
0.895901 -1.575893 1.108957
0.895912 -1.545172 1.455273
0.834638 -1.565750 1.518554
0.825138 -1.591242 1.154400
0.832810 -1.572998 0.823860
0.823969 -1.549755 1.551395
0.793172 -1.581652 0.861854
0.832488 -1.536131 1.952214
0.792283 -1.588243 0.822113
0.841940 -1.583497 1.168638
0.853134 -1.563861 1.531976
0.837042 -1.582735 1.150796
0.896480 -1.577946 0.741717
0.916029 -1.599918 0.874095
0.925612 -1.584270 1.188587
0.843713 -1.577034 0.783776
0.916334 -1.549458 1.401866
0.815318 -1.587537 0.843391
0.910448 -1.578599 1.063772
0.928802 -1.563240 1.534197
0.836347 -1.558721 1.508482
0.792231 -1.589969 1.189968
0.864022 -1.587364 1.178126
0.870320 -1.564694 1.530532
0.837102 -1.581430 0.851431
0.852235 -1.582369 1.106300
0.836269 -1.539816 1.889423
0.853711 -1.555473 1.452726
0.793074 -1.575190 1.509926
0.783757 -1.554003 1.542470
0.793996 -1.584824 0.824232
0.785575 -1.606272 1.151944
0.828363 -1.535786 1.998842
0.851776 -1.542286 1.820988
0.809837 -1.568594 1.520207
0.800555 -1.592788 1.164001
0.792923 -1.586327 1.146028
0.870850 -1.602607 0.870325
0.881577 -1.588889 1.182849
0.852090 -1.585426 0.742144
0.885658 -1.567808 1.526412
0.843259 -1.534749 1.973365
0.870750 -1.557195 1.398353
0.791307 -1.557637 1.496531
0.864968 -1.586269 1.062253
0.822511 -1.595666 1.173446
0.829574 -1.571954 1.523766
0.791761 -1.583175 0.846635
0.811421 -1.594429 1.106771
0.747465 -1.563635 1.538615
0.809492 -1.559136 1.445961
0.747307 -1.577324 1.495153
0.858989 -1.537983 1.743751
0.802971 -1.537880 1.802046
0.767937 -1.575032 1.512459
0.755870 -1.593622 1.154123
0.853344 -1.531650 1.936130
0.737906 -1.564650 1.125594
0.816082 -1.587623 0.859183
0.833289 -1.585130 1.172920
0.842389 -1.571393 1.518589
0.752948 -1.566482 1.493738
0.696074 -1.565710 1.158345
0.826361 -1.565728 1.396827
0.777902 -1.596419 1.165562
0.784497 -1.570918 1.510813
0.816804 -1.589320 1.058646
0.794550 -1.526543 2.085521
0.723185 -1.540243 1.957581
0.748809 -1.537598 1.857384
0.708614 -1.569635 1.532712
0.751814 -1.568287 1.086343
0.758705 -1.530539 2.155183
0.768209 -1.568304 1.444284
0.705345 -1.583853 1.485373
0.678882 -1.573615 1.110379
0.813764 -1.541765 1.736999
0.777442 -1.528204 2.152507
0.751662 -1.523994 1.775741
0.725555 -1.578635 1.501561
0.703471 -1.576665 1.133746
0.698085 -1.569678 1.122660
0.794133 -1.595063 1.171170
0.800156 -1.574831 1.511676
0.659765 -1.574299 1.156410
0.710426 -1.567984 1.485759
0.729994 -1.588719 1.152400
0.742024 -1.573493 1.500870
0.754792 -1.533643 2.079668
0.781524 -1.571389 1.393146
0.681691 -1.544912 1.941683
0.759389 -1.570788 1.043426
0.670795 -1.575488 1.527714
0.704132 -1.533681 1.839241
0.795945 -1.526840 2.094904
0.711619 -1.577279 1.086609
0.667586 -1.533768 1.880721
0.795818 -1.542593 2.022477
0.726005 -1.571709 1.438413
0.661469 -1.584740 1.471454
0.698911 -1.536504 1.944835
0.769839 -1.547337 1.732307
0.737015 -1.531510 2.142540
0.710834 -1.530198 1.770940
0.684642 -1.584975 1.493758
0.750584 -1.595629 1.165226
0.758903 -1.578156 1.504748
0.713949 -1.534200 1.926298
0.673417 -1.578587 1.485983
0.684385 -1.582683 1.141251
0.704112 -1.585247 1.500184
0.714899 -1.539761 2.073813
0.639247 -1.543854 1.920598
0.669493 -1.546962 1.840479
0.739314 -1.580614 1.393548
0.754643 -1.530146 2.087983
0.715800 -1.577217 1.042767
0.672164 -1.523569 2.112865
0.635544 -1.550649 1.885004
0.744965 -1.531561 1.999317
0.684456 -1.578918 1.436691
0.622456 -1.596747 1.467824
0.653615 -1.529868 1.920626
0.689771 -1.519252 2.113153
0.723857 -1.546313 1.722402
0.676965 -1.547155 1.779322
0.644923 -1.592112 1.487937
0.700427 -1.579272 1.148805
0.717851 -1.582396 1.499857
0.668440 -1.525545 1.903007
0.618851 -1.549296 1.452170
0.665297 -1.591231 1.495269
0.584099 -1.556282 1.491875
0.666416 -1.525649 2.044401
0.629832 -1.548190 1.830386
0.602632 -1.558497 1.918980
0.601571 -1.561921 1.884111
0.636690 -1.532103 2.108917
0.701234 -1.532231 1.990387
0.633837 -1.560781 1.415215
0.572893 -1.580678 1.441391
0.620742 -1.547822 1.925996
0.652060 -1.526046 2.109231
0.688348 -1.540073 1.902165
0.683677 -1.555212 1.724701
0.637372 -1.554120 1.777499
0.677051 -1.581695 1.491725
0.633583 -1.536811 1.905164
0.582257 -1.555913 1.450193
0.549576 -1.563691 1.488833
0.623632 -1.591645 1.487231
0.632766 -1.543474 2.055813
0.595511 -1.562271 1.836649
0.566155 -1.570431 1.881155
0.603591 -1.548034 2.115205
0.561950 -1.561008 1.904984
0.637233 -1.557048 1.364222
0.656435 -1.526182 1.976195
0.593858 -1.564834 1.412277
0.582973 -1.554714 1.920074
0.617553 -1.539167 2.114459
0.647276 -1.538496 1.891005
0.642017 -1.561393 1.723938
0.553943 -1.571514 1.450227
0.602427 -1.570181 1.786884
0.641856 -1.596938 1.497075
0.600538 -1.552709 1.912450
0.545866 -1.563446 1.450249
0.510430 -1.560862 1.478537
0.579127 -1.580673 1.469798
0.558855 -1.568926 1.833667
0.593329 -1.545573 2.048752
0.563673 -1.548400 2.102077
0.633783 -1.538550 2.072017
0.598239 -1.566801 1.367505
0.623394 -1.546737 1.993712
0.544716 -1.558766 1.911041
0.552635 -1.567035 1.409314
0.579429 -1.543044 2.109419
0.612209 -1.547749 1.894078
0.566213 -1.566796 1.918709
0.601877 -1.570268 1.727230
0.537838 -1.577141 1.458563
0.482221 -1.546382 1.830951
0.555575 -1.551314 2.046783
0.526997 -1.555054 2.099096
0.596102 -1.544205 2.072044
0.473730 -1.543591 1.853275
0.585091 -1.554374 1.996862
0.556394 -1.570986 1.367663
0.543280 -1.552504 2.110545
0.579480 -1.564440 1.906390
0.554313 -1.576618 1.468219
0.511646 -1.544637 1.745942
0.447386 -1.551861 1.826830
0.474021 -1.549591 1.795734
0.517897 -1.556980 2.046808
0.560306 -1.554410 2.079198
0.435767 -1.549600 1.845317
0.461581 -1.545295 1.872288
0.544979 -1.557395 1.994879
0.542554 -1.568009 1.906284
0.479822 -1.539002 1.869446
0.474152 -1.551268 1.747006
0.511806 -1.553157 1.701652
0.410289 -1.549831 1.815469
0.437982 -1.553175 1.792586
0.482029 -1.567280 2.051961
0.521883 -1.555250 2.076035
0.398709 -1.554464 1.838264
0.495034 -1.539999 1.869200
0.424268 -1.548175 1.865160
0.506625 -1.563974 1.999984
0.444920 -1.549231 1.873551
0.437399 -1.555803 1.747940
0.377103 -1.559001 1.815434
0.471337 -1.553226 1.699556
0.400661 -1.554947 1.788414
0.436269 -1.543935 2.019020
0.458647 -1.540570 1.866934
0.386993 -1.551021 1.859028
0.408422 -1.549932 1.868289
0.398873 -1.555678 1.744741
0.432678 -1.557928 1.702588
0.423040 -1.545936 1.868850
0.420651 -1.541529 1.968971
0.372088 -1.551589 1.864062
0.388300 -1.550197 1.870673
0.383701 -1.544008 1.971821
0.354663 -1.554218 1.875436
0.346951 -1.547402 1.976703
1.155906 -1.574982 0.760273
1.136073 -1.584233 0.921602
1.132288 -1.595931 0.872355
1.121374 -1.584243 0.971781
1.107008 -1.581124 0.757836
1.117066 -1.608085 0.875999
1.102556 -1.584953 1.019283
1.088689 -1.599104 0.922561
1.092534 -1.612555 0.877864
1.059656 -1.584905 0.710012
1.092060 -1.581553 1.063980
1.087521 -1.609553 0.870063
1.054862 -1.579737 0.753228
1.067666 -1.586135 0.966452
1.069608 -1.617043 0.873644
1.060880 -1.609102 0.851772
1.045277 -1.578479 1.008738
1.044789 -1.619535 0.875434
1.032916 -1.600237 0.918353
1.010666 -1.590008 0.708578
1.044864 -1.586556 1.058402
1.038663 -1.616774 0.865719
1.006518 -1.582772 0.750639
1.018810 -1.592258 0.964066
1.021752 -1.571784 1.248805
1.036645 -1.604316 1.193347
1.046632 -1.601720 1.196602
1.016865 -1.618801 0.868273
1.014485 -1.618960 0.848421
0.970821 -1.595636 0.663374
1.003895 -1.592455 1.010298
1.016751 -1.601267 1.189537
1.024932 -1.599475 1.179903
0.994290 -1.621901 0.871964
1.005268 -1.571945 1.301151
0.982140 -1.606589 0.917132
0.995899 -1.586807 1.051707
0.962233 -1.592004 0.706964
0.986698 -1.617456 0.859251
0.956900 -1.583967 0.748062
0.968123 -1.593678 0.959569
0.985465 -1.603948 1.184772
0.992589 -1.597932 1.183015
0.968625 -1.622866 0.864757
0.975714 -1.582495 1.247514
0.981654 -1.567303 1.347725
0.962103 -1.617768 0.839887
0.923922 -1.600358 0.663830
0.955271 -1.594633 1.004709
0.965507 -1.600950 1.179977
0.972304 -1.598513 1.166384
0.943503 -1.622289 0.868435
0.971622 -1.565758 1.394522
0.955243 -1.572417 1.292561
0.950593 -1.590491 1.046982
0.927828 -1.603436 0.913659
0.913863 -1.593948 0.706374
0.917090 -1.595755 0.748427
0.936705 -1.617858 0.852662
0.921655 -1.601395 0.959168
0.937655 -1.605037 1.178081
0.945292 -1.603025 1.175500
0.918903 -1.624153 0.860214
0.928051 -1.589441 1.245152
0.935233 -1.571256 1.340097
0.915211 -1.624709 0.835461
0.934670 -1.560542 1.596474
0.875955 -1.604179 0.665341
0.907552 -1.595631 1.000024
0.916233 -1.600354 1.170294
0.928454 -1.571269 1.386761
0.897650 -1.627947 0.866887
0.927902 -1.609207 1.159989
0.935321 -1.590502 1.530805
0.909435 -1.579184 1.288067
0.904093 -1.593375 1.041315
0.871846 -1.603988 0.707820
0.879725 -1.607391 0.912183
0.876006 -1.605704 0.748800
0.890579 -1.622631 0.849083
0.922190 -1.561679 1.659666
0.932739 -1.590630 1.536092
0.922656 -1.591093 1.535754
0.875678 -1.606056 0.957589
0.896593 -1.615007 1.177453
0.895890 -1.602531 1.163836
0.875453 -1.632498 0.858660
0.892598 -1.578541 1.336428
0.877365 -1.590886 1.239717
0.867680 -1.627747 0.829889
0.884440 -1.560101 1.585894
0.864052 -1.602925 0.999431
0.888149 -1.580199 1.384028
0.876796 -1.614087 1.170774
0.901679 -1.587173 1.532025
0.901190 -1.556272 1.715088
0.851366 -1.630638 0.865233
0.889216 -1.590453 1.520961
0.877574 -1.608801 1.149409
0.860965 -1.597716 1.037527
0.866076 -1.587495 1.286523
0.845582 -1.628252 0.845496
0.875421 -1.563732 1.649994
0.877195 -1.594943 1.527090
0.881902 -1.589565 1.518496
0.848639 -1.615104 1.170767
0.820752 -1.594117 0.948729
0.855051 -1.614528 1.162323
0.808370 -1.596390 0.841299
0.849610 -1.583899 1.331697
0.828504 -1.591064 1.234114
0.809493 -1.609382 0.816894
0.842377 -1.577209 1.371010
0.822524 -1.609940 0.998707
0.834125 -1.621382 1.167133
0.857219 -1.591975 1.521347
0.840164 -1.568525 1.584444
0.859698 -1.564428 1.710414
0.847602 -1.597585 1.517241
0.821705 -1.606428 1.036740
0.833930 -1.617327 1.143897
0.819484 -1.589369 1.280862
0.852141 -1.557355 1.759770
0.830403 -1.592132 1.513160
0.827171 -1.563007 1.639297
0.805393 -1.618446 1.166965
0.833591 -1.591085 1.502902
0.846946 -1.543816 1.954147
0.839934 -1.555915 1.931140
0.769486 -1.585610 0.941840
0.808095 -1.615577 1.153636
0.834196 -1.552396 1.914286
0.804789 -1.584556 1.324853
0.802912 -1.585010 1.368200
0.784279 -1.599411 1.234684
0.766488 -1.592271 0.985634
0.789621 -1.623976 1.161380
0.817082 -1.566860 1.701511
0.818682 -1.544047 1.924994
0.800439 -1.591758 1.504193
0.809379 -1.589352 1.506510
0.766040 -1.585806 1.020469
0.832422 -1.553900 1.955747
0.792446 -1.569574 1.577840
0.787051 -1.619417 1.134270
0.811726 -1.561536 1.749810
0.777239 -1.597436 1.281283
0.787180 -1.596589 1.506428
0.785442 -1.569138 1.635568
0.762003 -1.620798 1.163142
0.790879 -1.599546 1.495349
0.764718 -1.619021 1.147864
0.764187 -1.591509 1.322095
0.793941 -1.554777 1.993610
0.759796 -1.584500 1.359191
0.761065 -1.599497 1.502400
0.772857 -1.566619 1.689588
0.767313 -1.530392 1.895784
0.733298 -1.592908 1.226916
0.725787 -1.588688 1.017472
0.746517 -1.628305 1.157654
0.765819 -1.592975 1.496757
0.749915 -1.575691 1.577195
0.771165 -1.564728 1.739825
0.790208 -1.550378 2.061957
0.795764 -1.546127 2.119579
0.742620 -1.623051 1.127591
0.736124 -1.606351 1.281693
0.775917 -1.539084 2.138595
0.747534 -1.603443 1.502607
0.741959 -1.571607 1.628774
0.708189 -1.598899 1.146714
0.766662 -1.542218 2.143449
0.742245 -1.538649 1.880944
0.745996 -1.602473 1.482651
0.720414 -1.591973 1.316217
0.725951 -1.600333 1.362483
0.721402 -1.605258 1.500541
0.730070 -1.538863 1.892905
0.690740 -1.601808 1.137110
0.732058 -1.572657 1.684816
0.725829 -1.603866 1.494197
0.682807 -1.583352 1.217973
0.731377 -1.566845 1.728744
0.754810 -1.548561 2.104583
0.750129 -1.555420 2.054070
0.707595 -1.582743 1.577615
0.734360 -1.540252 2.131614
0.679260 -1.580085 1.259243
0.706695 -1.609495 1.497843
0.700425 -1.577580 1.628080
0.704984 -1.546030 1.880026
0.715840 -1.545405 1.905388
0.704602 -1.611630 1.478100
0.697263 -1.542605 1.891443
0.710087 -1.560340 1.977865
0.681388 -1.609093 1.497617
0.695273 -1.553752 1.897247
0.689991 -1.571984 1.675772
0.719582 -1.557836 2.099608
0.691926 -1.569795 1.720716
0.686679 -1.613631 1.491535
0.697579 -1.555426 1.897242
0.708441 -1.557787 2.043161
0.640331 -1.589389 1.219376
0.693785 -1.541281 2.124577
0.661624 -1.581483 1.571843
0.640452 -1.589555 1.262580
0.667113 -1.616295 1.495059
0.670443 -1.555842 1.884082
0.661002 -1.584265 1.627294
0.673916 -1.546844 1.893454
0.631529 -1.580272 1.296912
0.662437 -1.616987 1.470406
0.631759 -1.572823 1.328639
0.657112 -1.549250 1.893731
0.663672 -1.553498 1.961794
0.646637 -1.623908 1.503969
0.655779 -1.555648 1.890191
0.650869 -1.575769 1.670797
0.677498 -1.554548 2.080404
0.655630 -1.578140 1.717793
0.645068 -1.615884 1.483641
0.662629 -1.546244 2.016751
0.656296 -1.560766 1.886490
0.655160 -1.545814 2.123635
0.622527 -1.593875 1.578393
0.627387 -1.622104 1.492252
0.630723 -1.555709 1.877947
0.619891 -1.587235 1.624441
0.636610 -1.555363 1.889626
0.641765 -1.547463 2.129731
0.596001 -1.582912 1.330810
0.618722 -1.559566 1.899112
0.623282 -1.555483 1.955818
0.620073 -1.565759 1.891348
0.615956 -1.589643 1.676115
0.640036 -1.558350 2.069292
0.617441 -1.581845 1.711749
0.624988 -1.551745 2.013785
0.616213 -1.566911 1.876711
0.619413 -1.553771 2.127701
0.576718 -1.598115 1.466540
0.594447 -1.561859 1.878946
0.566745 -1.563663 1.549712
0.594910 -1.552865 1.874486
0.604902 -1.554558 2.133844
0.605185 -1.553697 2.152886
0.566455 -1.598918 1.434286
0.553912 -1.592142 1.469887
0.583815 -1.572980 1.890421
0.591004 -1.574528 1.972317
0.584811 -1.579720 1.918805
0.603132 -1.563892 2.062293
0.582272 -1.589932 1.710785
0.593587 -1.571844 2.026263
0.553919 -1.599860 1.454329
0.581775 -1.557052 2.128677
0.575989 -1.572043 1.866931
0.564260 -1.581624 1.895338
0.538895 -1.602593 1.464582
0.530537 -1.579455 1.561319
0.566154 -1.581420 1.893265
0.532090 -1.575376 1.604192
0.566772 -1.559795 2.137985
0.565808 -1.567561 2.053233
0.547623 -1.580148 1.890508
0.534271 -1.565753 1.679904
0.550903 -1.577364 1.968442
0.547828 -1.590645 1.928195
0.526434 -1.565449 1.642291
0.553573 -1.570847 2.017151
0.546104 -1.564929 2.133794
0.486608 -1.571880 1.554166
0.493303 -1.578885 1.604291
0.528614 -1.571126 2.046184
0.498538 -1.570978 1.676857
0.501559 -1.560601 1.862777
0.491034 -1.571509 1.642280
0.516393 -1.590925 1.978814
0.516988 -1.576131 2.015176
0.479595 -1.555720 1.861130
0.489288 -1.561720 1.829704
0.476565 -1.555748 1.846389
0.495267 -1.582846 2.048347
0.464061 -1.576950 1.675781
0.464240 -1.562046 1.858660
0.454575 -1.576664 1.643321
0.478021 -1.574945 2.007019
0.455315 -1.559861 1.892332
0.443521 -1.556819 1.860927
0.447852 -1.560090 1.816701
0.439533 -1.559170 1.842372
0.425873 -1.558807 1.849364
0.428751 -1.560595 1.939634
0.433665 -1.554230 1.977137
0.416086 -1.559336 1.893300
0.408640 -1.558718 1.861698
0.409845 -1.564742 1.810831
0.401451 -1.557909 1.833176
0.390717 -1.564692 1.852391
0.390459 -1.561074 1.937588
0.398193 -1.559273 1.977131
0.379034 -1.564344 1.899444
0.374181 -1.562488 1.864565
0.376942 -1.557616 1.991768
0.362157 -1.561454 1.975021
0.354055 -1.565109 1.940631
1.142162 -1.580727 0.795779
1.105329 -1.587835 0.894457
1.085584 -1.582878 0.795111
1.135822 -1.579043 0.847757
1.061076 -1.602026 0.896689
1.030059 -1.584818 0.795373
1.065445 -1.586290 1.114400
1.077406 -1.592453 0.891188
1.032517 -1.586362 1.199280
1.011060 -1.607186 0.895754
0.982201 -1.595549 0.797666
1.006519 -1.583058 1.107555
1.096155 -1.590478 0.888009
1.051488 -1.582983 1.162834
1.034003 -1.606617 0.891355
0.985495 -1.592155 1.196165
0.961798 -1.611271 0.893701
0.939299 -1.610398 0.802884
0.975932 -1.561797 1.447135
0.959990 -1.595597 1.109879
1.046095 -1.596810 0.884137
1.012232 -1.587698 1.196245
0.995677 -1.580274 1.155799
0.982379 -1.609110 0.888366
1.031337 -1.599559 0.897485
1.078783 -1.593390 0.945095
0.933716 -1.589868 1.187866
1.039757 -1.587055 1.198520
0.912117 -1.612346 0.892500
1.033630 -1.581411 1.209663
0.865993 -1.576227 0.793117
0.999613 -1.605510 0.882175
0.930108 -1.573311 1.447342
0.905461 -1.593599 1.104828
0.909666 -1.561809 0.835463
0.960547 -1.586458 1.186998
0.950657 -1.590657 1.155863
0.935410 -1.614859 0.886260
0.983684 -1.606324 0.897498
0.919994 -1.574157 1.523540
1.028144 -1.595728 0.942015
0.994432 -1.589018 0.681811
1.017149 -1.596315 0.865499
0.962480 -1.564117 1.502955
0.893421 -1.603444 1.189805
0.991153 -1.591289 1.191406
0.864567 -1.614099 0.891197
0.978179 -1.575719 1.200403
0.952238 -1.573319 1.534488
1.025144 -1.576443 1.253513
1.015427 -1.583799 1.179358
0.951591 -1.611478 0.879156
0.826926 -1.595480 0.799369
0.858805 -1.600208 1.104788
0.877755 -1.573087 1.440250
0.917360 -1.596655 1.184910
0.893215 -1.615357 0.852304
0.903703 -1.596402 1.153770
0.884120 -1.613266 0.883006
0.935474 -1.610202 0.896371
0.874427 -1.577856 1.517199
0.948802 -1.595419 0.682662
0.978652 -1.598898 0.938919
0.902647 -1.606084 0.642311
0.971745 -1.605910 0.862520
0.914713 -1.567206 1.495727
0.845288 -1.603468 1.184423
0.942549 -1.595528 1.184306
0.804596 -1.592920 0.882311
0.937816 -1.589358 1.201343
0.871909 -1.555809 1.801367
0.906697 -1.578127 1.526202
0.979040 -1.582152 1.249331
0.961472 -1.582019 1.168242
0.900163 -1.610012 0.873909
0.945951 -1.567030 1.557035
0.871255 -1.602370 1.180750
0.822557 -1.579864 0.840265
0.828978 -1.575230 1.435068
0.811073 -1.605933 1.105789
0.937233 -1.579631 1.536417
0.853505 -1.595696 1.149502
0.830896 -1.581187 1.511695
0.842596 -1.626093 0.883993
0.930966 -1.600776 0.935615
0.887103 -1.613101 0.895205
0.903010 -1.600841 0.683472
0.923886 -1.612870 0.859565
0.871844 -1.578261 1.495699
0.802272 -1.608595 1.182014
0.893550 -1.597864 1.176119
0.888861 -1.590525 1.196092
0.933852 -1.587771 1.244080
0.860994 -1.581954 1.517876
0.827123 -1.562214 1.799183
0.897561 -1.567292 1.547667
0.854178 -1.615617 0.871744
0.832546 -1.551536 1.993044
0.920410 -1.598958 1.166443
0.824267 -1.603228 1.175344
0.862321 -1.553070 1.864620
0.935268 -1.560338 1.601958
0.785099 -1.585341 1.437082
0.750838 -1.585001 1.092947
0.887422 -1.579314 1.523101
0.790816 -1.590794 1.511375
0.887414 -1.607912 0.935372
0.840536 -1.614707 0.893829
0.810361 -1.604736 1.150376
0.880684 -1.623086 0.857488
0.812810 -1.578731 1.879757
0.823590 -1.578405 1.488340
0.759557 -1.614588 1.181659
0.848592 -1.604414 1.171935
0.912693 -1.575453 1.516230
0.847780 -1.600297 1.195847
0.885023 -1.585031 1.235552
0.818022 -1.588182 1.513530
0.778068 -1.563493 1.791976
0.844490 -1.577676 1.896748
0.854287 -1.572657 1.541272
0.790187 -1.555687 1.987523
0.799835 -1.603609 0.864046
0.871410 -1.601301 1.158265
0.782561 -1.610174 1.172962
0.891532 -1.563856 1.593461
0.823214 -1.567468 1.866552
0.746333 -1.589334 1.503641
0.738427 -1.587060 1.433746
0.707435 -1.592019 1.094737
0.844616 -1.613973 0.934006
0.838430 -1.577860 1.509661
0.781938 -1.595292 0.885975
0.767220 -1.613782 1.151260
0.819154 -1.549960 2.005416
0.772943 -1.584361 1.877158
0.712507 -1.609451 1.174889
0.779771 -1.584671 1.486082
0.801304 -1.604417 1.164496
0.802077 -1.601866 1.192410
0.848441 -1.550154 1.925171
0.866427 -1.582459 1.507155
0.843550 -1.592897 1.234210
0.772976 -1.589895 1.505038
0.763145 -1.551986 2.128062
0.799328 -1.579500 1.886262
0.812926 -1.581562 1.538995
0.734336 -1.569691 1.790726
0.739709 -1.616296 1.170624
0.823000 -1.601585 1.148915
0.847565 -1.566454 1.583927
0.773520 -1.562132 1.851930
0.709150 -1.602331 1.507357
0.791094 -1.600827 0.926177
0.794269 -1.584435 1.502424
0.698592 -1.601391 1.439766
0.724358 -1.574961 1.859181
0.771322 -1.545538 1.986696
0.704845 -1.582335 1.132889
0.821973 -1.571292 1.893415
0.733388 -1.583467 1.479522
0.762378 -1.613399 1.193199
0.799608 -1.594340 1.227619
0.804821 -1.554715 1.915755
0.757562 -1.611743 1.161298
0.819371 -1.585655 1.495892
0.731971 -1.595820 1.500543
0.847797 -1.572999 1.894901
0.754916 -1.580250 1.874653
0.702031 -1.548988 1.963737
0.804875 -1.555654 2.017324
0.717291 -1.553718 2.121668
0.766012 -1.578573 1.529338
0.768681 -1.550378 2.200292
0.687972 -1.568480 1.784181
0.804882 -1.569762 1.576363
0.687895 -1.603081 1.158676
0.778205 -1.609131 1.144805
0.667330 -1.603336 1.502615
0.728330 -1.562856 1.843404
0.752211 -1.590580 1.497017
0.824955 -1.549431 2.013701
0.682418 -1.576079 1.852448
0.721536 -1.532691 1.960553
0.781272 -1.580346 1.886083
0.692233 -1.592199 1.480258
0.763652 -1.609220 1.230354
0.752668 -1.540277 1.888675
0.702062 -1.582690 1.173718
0.700355 -1.587615 1.142010
0.811025 -1.561556 1.979388
0.693506 -1.608117 1.502308
0.771920 -1.586950 1.483542
0.662758 -1.552561 1.959982
0.801703 -1.577202 1.880626
0.711788 -1.581710 1.865014
0.751471 -1.541615 1.986349
0.725146 -1.584378 1.526840
0.669716 -1.547947 2.108899
0.766240 -1.577282 1.572795
0.645990 -1.577240 1.787005
0.733604 -1.612710 1.138420
0.627748 -1.609852 1.502089
0.684424 -1.564290 1.836847
0.646730 -1.585808 1.855852
0.711765 -1.599403 1.493681
0.688813 -1.551797 1.969367
0.735507 -1.580458 1.871530
0.597000 -1.579536 1.419080
0.649142 -1.596293 1.478839
0.713130 -1.547886 1.886203
0.661478 -1.589370 1.173277
0.646948 -1.602152 1.490448
0.729138 -1.595288 1.477337
0.623485 -1.556139 1.956236
0.667636 -1.578436 1.852141
0.757057 -1.583100 1.868373
0.708769 -1.546090 1.975877
0.727600 -1.584807 1.569236
0.684676 -1.592095 1.525451
0.631534 -1.558878 2.116604
0.602359 -1.578436 1.784448
0.607987 -1.591177 1.855196
0.643481 -1.569047 1.835313
0.647723 -1.552885 1.960571
0.669710 -1.605558 1.488293
0.692542 -1.582909 1.861950
0.553649 -1.581607 1.418577
0.664349 -1.584083 1.207226
0.676254 -1.557956 1.886709
0.596373 -1.574492 1.459407
0.610752 -1.615008 1.494099
0.587244 -1.562978 1.958505
0.629150 -1.585837 1.850590
0.687804 -1.605322 1.473151
0.685574 -1.586003 1.561511
0.646474 -1.600366 1.525940
0.666421 -1.547583 1.963184
0.589816 -1.559815 2.112885
0.538610 -1.590069 1.480610
0.562715 -1.587694 1.790155
0.569667 -1.593501 1.853311
0.610923 -1.562897 1.962083
0.602471 -1.573870 1.832793
0.629172 -1.613346 1.485918
0.647898 -1.582752 1.849326
0.688177 -1.556106 1.963403
0.683020 -1.561229 1.939011
0.639148 -1.567108 1.886174
0.557160 -1.581818 1.461942
0.563593 -1.601262 1.477783
0.553150 -1.574282 1.965927
0.590666 -1.593243 1.849047
0.648452 -1.595164 1.560973
0.645093 -1.613610 1.467960
0.592310 -1.573030 1.500230
0.627734 -1.555168 1.958653
0.661563 -1.576397 1.829100
0.549632 -1.566174 2.117449
0.530134 -1.595063 1.850475
0.571583 -1.566547 1.957355
0.565122 -1.584786 1.838432
0.605683 -1.584134 1.838634
0.644476 -1.556963 1.947763
0.643987 -1.563059 1.929103
0.598425 -1.569008 1.880430
0.516981 -1.581068 1.969203
0.551390 -1.596837 1.845315
0.586507 -1.556391 1.947884
0.551704 -1.574820 1.496486
0.623310 -1.590793 1.828999
0.495571 -1.604530 1.855809
0.538843 -1.584564 1.968126
0.469281 -1.566631 1.767979
0.534984 -1.591808 1.455682
0.606186 -1.569448 1.925435
0.565915 -1.590841 1.835144
0.605531 -1.568588 1.944527
0.563605 -1.582505 1.887049
0.513959 -1.604034 1.844696
0.560042 -1.576593 1.533491
0.514158 -1.580978 1.496816
0.550433 -1.570291 1.950610
0.547349 -1.590826 1.433894
0.578362 -1.589789 1.814353
0.454084 -1.597668 1.845562
0.473593 -1.560797 1.807880
0.428805 -1.567192 1.768193
0.569602 -1.576608 1.922734
0.530302 -1.606595 1.839962
0.565890 -1.577450 1.938157
0.522487 -1.582507 1.880223
0.434118 -1.559636 1.940170
0.476434 -1.610190 1.845027
0.521964 -1.580968 1.530732
0.509111 -1.570478 1.940803
0.412156 -1.584005 1.830902
0.538034 -1.599677 1.810115
0.451522 -1.559299 1.929137
0.531621 -1.578233 1.913759
0.436273 -1.566770 1.811213
0.389028 -1.570528 1.771556
0.489278 -1.607651 1.832197
0.474376 -1.557498 1.849220
0.397511 -1.559631 1.939047
0.522163 -1.577216 1.924488
0.467443 -1.564912 1.925634
0.499294 -1.611136 1.809880
0.413655 -1.559699 1.924118
0.397575 -1.570997 1.813543
0.436807 -1.558761 1.846240
0.361137 -1.560553 1.938977
0.475312 -1.563940 1.898169
0.391358 -1.588175 1.815142
0.425610 -1.558366 1.910426
0.377023 -1.564659 1.925332
0.449121 -1.561009 1.880952
0.401888 -1.586265 1.797508
0.400567 -1.565630 1.848550
0.434385 -1.566048 1.889480
0.387322 -1.561824 1.906650
0.413657 -1.567907 1.880186
0.408090 -1.592543 1.772655
0.392127 -1.562562 1.875519
0.375837 -1.564469 1.870906
1.100674 -1.586415 0.884179
1.051937 -1.597330 0.888650
1.028403 -1.609255 0.762058
1.050147 -1.596979 1.053416
1.096865 -1.586727 0.936769
1.158085 -1.586537 0.750603
0.999992 -1.601772 0.890965
0.981085 -1.617022 0.765114
1.023885 -1.582030 1.217834
1.003596 -1.604760 1.054365
1.042940 -1.602292 0.755408
1.078655 -1.596658 1.053760
1.047071 -1.592945 0.937961
0.944987 -1.600724 0.891190
0.932051 -1.620002 0.767996
0.971218 -1.584806 1.216073
0.949685 -1.600780 1.050193
0.999707 -1.616483 0.759509
0.991811 -1.590169 1.382743
1.027588 -1.598321 1.049691
0.960599 -1.590781 0.657985
1.090485 -1.591548 0.987994
0.998516 -1.599945 0.940089
0.897525 -1.607520 0.894201
0.883893 -1.622926 0.769770
1.013636 -1.580303 1.270001
0.922157 -1.589989 1.216114
1.126643 -1.590712 0.737111
0.906339 -1.609077 1.051836
0.940671 -1.586994 1.375292
0.950605 -1.620604 0.760467
1.015240 -1.599019 0.705458
0.978311 -1.603650 1.047736
0.910540 -1.592844 0.661928
1.046118 -1.589676 1.044463
1.039053 -1.595103 0.987145
1.011081 -1.610081 0.751247
0.945368 -1.598709 0.939075
0.847109 -1.608752 0.896113
0.961187 -1.580217 1.264961
0.858400 -1.609136 1.050339
0.896965 -1.594461 1.374897
0.868501 -1.586936 1.213016
0.899825 -1.620997 0.760322
0.966351 -1.602994 0.708397
0.975831 -1.591326 1.383296
0.927788 -1.602231 1.043378
0.907018 -1.573395 1.569983
0.886791 -1.637091 0.674247
1.002164 -1.602205 1.044479
0.987908 -1.594658 0.984945
0.960889 -1.614418 0.751336
0.898889 -1.605376 0.941963
1.083523 -1.583689 1.032323
1.078152 -1.592315 1.036658
0.801978 -1.616126 0.900934
0.909024 -1.576129 1.258573
0.850668 -1.594475 1.370182
0.811847 -1.610964 1.049837
1.000413 -1.581190 1.319689
0.855461 -1.628380 0.763024
0.915636 -1.602256 0.710172
0.824942 -1.598122 1.217956
0.923240 -1.587536 1.372939
0.887744 -1.577582 1.736138
0.881675 -1.607016 1.043049
0.855408 -1.572198 1.564784
0.952379 -1.605722 1.040424
0.939681 -1.598728 0.984794
0.914196 -1.621237 0.752235
0.851714 -1.608178 0.943623
1.029498 -1.579800 1.027145
1.023669 -1.593644 1.029928
0.809037 -1.601606 1.370540
0.864846 -1.585566 1.260413
0.769047 -1.616185 1.051193
0.980267 -1.613323 0.735603
0.950077 -1.581828 1.314465
0.879025 -1.593188 1.370443
0.846839 -1.583664 1.735318
0.864626 -1.599552 0.711837
0.777663 -1.601009 1.218641
0.837972 -1.614493 1.042658
0.896139 -1.566696 1.622848
0.949041 -1.582568 1.373210
0.808060 -1.576221 1.563548
0.902004 -1.605302 1.036133
0.891012 -1.599846 0.984468
0.866659 -1.623204 0.751845
0.987725 -1.591915 1.028900
0.806074 -1.613737 0.946339
0.973775 -1.597242 1.024878
0.763537 -1.599449 1.366585
0.821465 -1.592825 1.263004
0.819957 -1.555036 1.928062
0.901961 -1.583109 1.310052
0.929822 -1.616763 0.734645
0.803059 -1.586304 1.731538
0.829891 -1.590824 1.361835
0.933032 -1.619988 0.757754
0.875652 -1.579886 1.742395
0.794485 -1.621828 1.044255
0.989335 -1.569137 1.360129
0.729835 -1.601017 1.218161
0.900899 -1.586047 1.365946
0.851050 -1.572419 1.621477
0.761401 -1.578140 1.562073
0.845843 -1.603444 0.984951
0.856808 -1.611096 1.033760
0.939822 -1.593047 1.026459
0.980817 -1.587035 1.369602
0.929572 -1.608878 1.023852
0.721506 -1.604695 1.365843
0.854129 -1.580388 1.304290
0.777979 -1.600167 1.264608
0.767441 -1.601260 1.738884
0.774172 -1.556897 1.925474
0.885284 -1.625367 0.734430
0.788154 -1.598040 1.361205
0.882790 -1.617306 0.757306
0.832207 -1.585563 1.737801
0.747855 -1.618826 1.040363
0.945011 -1.574867 1.356633
0.858515 -1.596430 1.364623
0.802024 -1.569990 1.613871
0.688609 -1.612792 1.224908
0.885055 -1.568862 1.680474
0.802060 -1.608810 0.986428
0.808655 -1.611327 1.030289
0.715833 -1.579856 1.561471
0.893306 -1.595948 1.025016
0.929218 -1.589107 1.360602
0.681655 -1.609524 1.366837
0.877853 -1.607770 1.017648
0.822053 -1.554605 1.997079
0.713703 -1.579231 1.715161
0.809876 -1.584995 1.302737
0.732262 -1.600895 1.263939
0.746164 -1.604349 1.359528
0.736697 -1.574790 1.939331
0.764661 -1.556556 2.196174
0.787703 -1.586536 1.729938
0.899155 -1.577857 1.352096
0.806248 -1.589718 1.352001
0.758862 -1.574391 1.613195
0.856366 -1.580657 1.741289
0.841058 -1.571657 1.674708
0.757431 -1.609325 0.986617
0.849011 -1.599491 1.024383
0.765938 -1.618685 1.029784
0.672269 -1.585092 1.564956
0.879477 -1.590986 1.350370
0.641809 -1.614360 1.367824
0.831276 -1.611817 1.014280
0.774672 -1.552137 1.986249
0.671703 -1.579570 1.712011
0.769741 -1.593835 1.305068
0.707160 -1.614045 1.361798
0.689061 -1.604246 1.264185
0.856608 -1.581284 1.349222
0.746948 -1.593635 1.729177
0.690616 -1.574701 1.936620
0.765933 -1.599774 1.351417
0.811315 -1.584742 1.733715
0.795629 -1.571647 1.668879
0.712050 -1.572623 1.606392
0.806350 -1.605725 1.025782
0.883688 -1.566990 1.730678
0.634422 -1.602171 1.576758
0.830515 -1.590704 1.340876
0.881532 -1.582112 1.737167
0.604090 -1.623716 1.372956
0.634453 -1.586964 1.714918
0.730977 -1.554745 1.983471
0.784930 -1.616798 1.011976
0.727647 -1.598047 1.305251
0.662917 -1.613763 1.357847
0.814741 -1.588600 1.347592
0.702127 -1.592665 1.721199
0.633462 -1.547430 1.907856
0.724325 -1.608009 1.350848
0.767487 -1.589617 1.727080
0.751719 -1.574399 1.664111
0.671853 -1.580431 1.609674
0.765642 -1.611694 1.026943
0.840289 -1.568836 1.722739
0.587837 -1.598080 1.574816
0.785233 -1.597676 1.336590
0.831299 -1.583263 1.723906
0.773199 -1.551482 2.051604
0.598227 -1.598016 1.722031
0.689905 -1.559895 1.982610
0.687492 -1.606912 1.307595
0.773415 -1.592824 1.345662
0.621956 -1.618835 1.357973
0.658395 -1.591489 1.714094
0.598509 -1.565779 1.925489
0.679139 -1.608931 1.346088
0.704448 -1.566959 1.651876
0.717674 -1.581765 1.711066
0.630123 -1.585497 1.611915
0.799877 -1.574061 1.718761
0.742024 -1.604303 1.333050
0.557725 -1.595149 1.718468
0.730891 -1.553131 2.044550
0.786275 -1.588429 1.715412
0.638525 -1.592482 1.298047
0.731941 -1.596066 1.343676
0.645297 -1.558790 1.976630
0.615902 -1.591093 1.707920
0.664615 -1.572884 1.651941
0.638219 -1.615067 1.345283
0.675920 -1.586301 1.705184
0.556699 -1.568737 1.929605
0.759211 -1.578379 1.713737
0.591785 -1.595843 1.619220
0.493230 -1.575651 1.558916
0.522484 -1.606074 1.725458
0.687669 -1.551059 2.034290
0.700863 -1.615510 1.332662
0.783472 -1.553539 2.109842
0.739609 -1.590928 1.704885
0.691854 -1.601076 1.342682
0.605640 -1.563517 1.979617
0.575265 -1.593229 1.705770
0.628282 -1.584015 1.658063
0.718654 -1.582628 1.709708
0.632080 -1.585209 1.697093
0.514633 -1.570788 1.932673
0.550637 -1.598884 1.620232
0.485158 -1.611370 1.730237
0.744812 -1.558651 2.103641
0.642442 -1.545482 2.019958
0.654184 -1.614756 1.325929
0.653922 -1.610590 1.345830
0.692137 -1.589635 1.692143
0.564853 -1.564673 1.977414
0.540065 -1.605217 1.711826
0.671341 -1.571413 1.693150
0.585747 -1.582566 1.652827
0.591202 -1.592422 1.695364
0.475919 -1.577059 1.941736
0.496731 -1.565007 1.592626
0.607347 -1.557397 2.027010
0.600968 -1.584224 1.325727
0.645606 -1.587149 1.680216
0.525198 -1.569413 1.980407
0.499282 -1.606378 1.709623
0.635265 -1.580733 1.695062
0.549673 -1.594622 1.660003
0.548198 -1.590216 1.687098
0.435563 -1.580663 1.948767
0.567840 -1.560394 2.024800
0.600718 -1.587343 1.670331
0.487400 -1.576685 1.987419
0.595395 -1.582887 1.690803
0.510416 -1.600741 1.690317
0.388115 -1.557574 1.928338
0.622160 -1.563400 2.075929
0.530446 -1.566836 2.027660
0.450626 -1.587616 1.998629
0.562804 -1.602866 1.674959
0.557639 -1.588484 1.691616
0.462931 -1.574377 1.639325
0.584296 -1.566347 2.070491
0.347933 -1.557253 1.933040
0.491517 -1.567806 2.024221
0.519521 -1.593249 1.690390
0.522078 -1.611085 1.673292
0.543617 -1.561986 2.058763
0.453721 -1.572360 2.025976
0.474880 -1.574743 1.670972
0.363653 -1.561567 1.974539
0.505539 -1.567823 2.056608
0.435911 -1.574658 1.668471
0.469236 -1.571337 2.055078
1.129593 -1.578581 0.823119
1.131905 -1.580372 0.846322
1.117691 -1.573633 0.948149
1.117697 -1.567632 0.986933
1.177865 -1.567206 0.762281
1.074725 -1.584073 0.828333
1.074814 -1.581229 0.852281
1.065359 -1.586983 0.796248
1.067532 -1.582127 0.951181
1.066134 -1.574361 0.990932
1.067798 -1.556540 1.196090
1.064714 -1.566537 1.157038
1.138747 -1.579991 0.820222
1.024672 -1.592487 0.832360
1.019815 -1.582644 0.857083
1.010186 -1.587347 0.801967
1.012251 -1.583834 0.953013
1.012264 -1.576567 0.994694
1.111261 -1.560793 0.943307
1.115100 -1.570934 0.960170
1.014008 -1.559882 1.197947
1.014279 -1.575322 1.157107
1.084078 -1.586048 0.817383
1.086020 -1.588977 0.826595
0.967368 -1.589381 0.836925
0.965506 -1.582855 0.861694
0.959421 -1.592803 0.806772
0.962245 -1.589221 0.955712
0.960307 -1.578273 0.998214
1.063981 -1.574494 0.949629
1.066134 -1.583176 0.964488
0.966622 -1.567708 1.199628
1.132218 -1.566608 0.739566
0.961264 -1.578627 1.156865
1.131273 -1.555583 0.807222
1.028411 -1.587440 0.825277
1.063133 -1.559509 1.153327
1.029618 -1.588654 0.832359
1.022006 -1.590245 0.783778
0.915518 -1.591011 0.841442
0.918967 -1.592338 0.866499
1.058358 -1.575476 1.179786
0.913125 -1.585929 1.001882
0.909528 -1.592256 0.958448
1.009077 -1.575821 0.955421
1.117743 -1.565287 0.894563
1.010495 -1.582789 0.968150
0.914885 -1.567434 1.200902
1.122051 -1.576625 0.963066
0.944639 -1.552238 1.460055
0.952213 -1.574186 1.430272
0.913524 -1.585612 1.157488
1.012257 -1.565040 1.157134
1.097177 -1.586312 0.815020
0.973339 -1.587729 0.831990
0.974451 -1.589043 0.838081
0.868076 -1.597733 0.845041
0.968982 -1.594114 0.790663
0.873935 -1.603492 0.871332
1.005977 -1.580607 1.180673
0.864985 -1.602392 0.961102
0.864003 -1.589918 1.006377
0.957217 -1.577451 0.959929
1.067839 -1.576548 0.901902
0.957864 -1.585732 0.971867
0.869513 -1.574670 1.203335
0.894698 -1.552794 1.457193
1.071136 -1.585212 0.968200
0.899779 -1.577628 1.425952
1.037291 -1.589726 0.784131
0.864295 -1.590949 1.158095
0.961024 -1.569723 1.159884
1.038965 -1.586421 0.822020
0.922498 -1.592051 0.838705
0.811742 -1.587185 0.848738
0.988818 -1.550812 1.419858
0.925288 -1.596082 0.843903
0.917869 -1.597483 0.797304
0.812109 -1.584026 0.875659
1.067487 -1.566463 1.107083
0.799320 -1.584380 0.821420
0.949423 -1.578698 1.180236
0.814866 -1.603725 0.963401
0.821331 -1.602578 1.010123
0.912546 -1.589460 0.965822
1.011626 -1.576041 0.909646
0.911234 -1.595325 0.975682
1.049594 -1.576503 1.191882
0.823603 -1.580002 1.205625
0.847948 -1.556481 1.456363
1.017055 -1.589432 0.974211
0.851583 -1.583848 1.424529
0.981640 -1.595170 0.766175
0.984453 -1.593412 0.792992
0.816027 -1.596041 1.158583
0.914209 -1.578238 1.164616
0.879336 -1.605740 0.844625
0.938072 -1.554464 1.420432
0.878308 -1.603577 0.849554
1.122514 -1.579857 0.842130
0.984534 -1.588544 0.829866
0.768535 -1.597952 0.852342
0.861402 -1.588820 0.804233
0.764909 -1.587536 0.879916
1.010893 -1.566339 1.110867
1.080235 -1.564558 0.718454
1.082240 -1.570408 0.729997
0.866983 -1.546920 1.775859
1.099073 -1.579971 0.803096
0.901508 -1.584645 1.181776
1.116322 -1.570273 0.965066
0.935469 -1.578593 1.454616
0.759087 -1.579324 1.011068
0.754847 -1.585112 0.963599
1.106476 -1.554370 1.047262
0.862024 -1.591711 0.971282
0.963646 -1.586813 0.916750
0.862843 -1.602312 0.979406
0.854604 -1.572957 1.751607
0.802251 -1.559823 1.456404
0.781063 -1.589523 1.209029
0.998262 -1.581301 1.193634
0.962746 -1.589678 0.978816
0.801294 -1.583574 1.420615
0.865941 -1.582077 1.167993
0.772079 -1.605070 1.160058
0.930895 -1.599415 0.773877
0.933801 -1.597554 0.801684
0.889510 -1.558573 1.420835
0.814695 -1.582779 0.850878
0.817390 -1.586910 0.855084
0.935559 -1.595399 0.837666
0.806716 -1.582785 0.811267
1.065308 -1.582653 0.851327
0.961898 -1.574420 1.115768
0.992581 -1.557601 1.377692
0.822584 -1.552095 1.773938
1.049644 -1.592025 0.812492
0.855099 -1.592263 1.183344
1.069697 -1.585826 0.972528
0.904385 -1.538889 1.737663
0.883538 -1.579788 1.451013
0.716383 -1.587816 1.015395
0.805684 -1.581174 0.974976
1.055351 -1.564938 1.054653
0.910760 -1.587573 0.923293
0.818501 -1.612274 0.984046
0.760836 -1.570130 1.458766
0.810863 -1.587173 1.751590
0.734896 -1.593917 1.211256
0.945442 -1.584449 1.195370
0.912669 -1.593955 0.983426
0.755563 -1.591224 1.419098
0.818906 -1.586627 1.171324
0.716273 -1.591734 1.157356
0.846006 -1.568331 1.424357
0.873294 -1.584689 0.810591
0.857895 -1.567075 0.784009
0.769456 -1.588724 0.857209
0.770012 -1.589380 0.860255
0.889498 -1.605684 0.844528
0.973388 -1.580682 1.473126
0.763430 -1.592412 0.816778
1.009740 -1.583989 0.860207
0.913684 -1.581198 1.121466
0.938841 -1.557958 1.378217
0.772448 -1.546898 1.765448
0.885683 -1.568994 1.779205
0.993626 -1.591354 0.822216
0.806381 -1.595358 1.184674
1.012714 -1.586652 0.979479
0.857535 -1.542669 1.735840
0.834252 -1.582198 1.449295
1.039286 -1.578917 1.204390
0.760717 -1.588069 0.981382
0.794723 -1.524485 2.131766
1.005864 -1.574049 1.061726
0.866019 -1.598456 0.931098
0.758021 -1.591666 0.985078
0.716745 -1.575053 1.459827
0.677857 -1.572660 1.207846
0.762430 -1.590663 1.745868
0.894260 -1.586139 1.196788
0.865418 -1.600502 0.989004
0.773377 -1.592849 1.174684
0.795179 -1.564900 1.423191
0.710028 -1.598686 1.419567
0.819338 -1.585672 0.790995
0.669384 -1.594434 1.157462
0.818972 -1.579527 0.818682
0.920595 -1.582045 1.470631
0.823622 -1.582045 0.850822
0.955776 -1.586893 0.870111
0.727187 -1.546291 1.760989
0.891018 -1.563806 1.380748
0.863613 -1.585471 1.126082
0.938619 -1.600748 0.750028
0.837332 -1.572381 1.774464
0.937076 -1.601365 0.761373
0.762806 -1.605261 1.187213
0.938750 -1.591494 0.830908
0.815432 -1.554167 1.738397
0.962141 -1.591951 0.986259
0.783693 -1.580989 1.445306
0.910312 -1.544842 1.698209
0.983555 -1.578662 1.207060
0.987359 -1.562939 1.332361
0.953021 -1.578996 1.067694
0.675748 -1.583210 1.461924
0.807142 -1.585382 0.936794
0.637607 -1.582560 1.212076
0.847496 -1.591660 1.200188
0.715322 -1.594768 1.741089
0.818357 -1.608119 0.993671
0.716751 -1.575396 1.174652
0.753189 -1.576339 1.426744
0.664169 -1.602272 1.417640
0.771294 -1.588119 0.799260
0.776055 -1.590025 0.825257
0.867666 -1.579333 1.467721
0.780978 -1.593497 0.857470
0.686726 -1.556334 1.763232
0.903356 -1.588438 0.878707
0.839282 -1.563574 1.382035
0.818404 -1.595592 1.131847
0.792672 -1.583845 1.773246
0.708849 -1.594468 1.185602
0.768216 -1.557115 1.735529
0.890144 -1.599240 0.839787
0.909148 -1.592835 0.991819
0.740683 -1.589764 1.446667
0.708245 -1.531632 2.120295
0.861274 -1.548202 1.696570
0.933543 -1.584099 1.209769
0.625314 -1.571669 1.456857
0.927239 -1.555840 1.331733
0.901616 -1.581432 1.074270
0.757520 -1.583237 0.942719
0.786695 -1.524886 2.093109
0.803043 -1.601730 1.203849
0.664418 -1.590925 1.731830
0.758859 -1.590213 0.996909
0.869960 -1.576728 1.795774
0.954129 -1.583243 1.488603
0.706763 -1.576757 1.427573
0.673391 -1.582092 1.177856
0.621347 -1.612130 1.418096
0.822095 -1.586807 1.468187
0.648055 -1.565985 1.764247
0.857194 -1.597595 0.887491
0.796147 -1.574227 1.386629
0.771281 -1.599025 1.137091
0.746959 -1.588465 1.770393
0.822357 -1.579769 0.770886
0.659758 -1.589526 1.185120
0.821363 -1.582301 0.782382
0.718085 -1.550698 1.729941
0.863754 -1.601926 0.998486
0.695174 -1.594221 1.445802
0.881894 -1.583806 1.212029
0.811699 -1.549660 1.694781
0.581396 -1.570469 1.456251
0.880420 -1.564393 1.336470
0.851630 -1.585641 1.079878
0.741281 -1.527400 2.088995
0.758054 -1.609897 1.207358
0.830402 -1.513654 2.045866
0.618356 -1.594705 1.727927
0.823013 -1.580646 1.792963
0.901180 -1.580556 1.485686
0.903696 -1.542352 1.651171
0.667682 -1.590387 1.433085
0.603844 -1.565059 1.760666
0.773852 -1.588900 1.467340
0.567107 -1.595675 1.409868
0.793841 -1.575293 0.894671
0.710450 -1.574556 1.135723
0.749012 -1.578900 1.388979
0.698013 -1.587050 1.763194
0.777539 -1.589549 0.780611
0.677984 -1.561623 1.733251
0.775721 -1.589207 0.791883
0.783463 -1.588367 0.856707
0.819962 -1.612585 1.006173
0.652178 -1.603023 1.447163
0.836038 -1.592126 1.216645
0.765684 -1.555102 1.696087
0.539894 -1.573714 1.456879
0.697832 -1.532342 2.086961
0.829600 -1.566967 1.338962
0.700307 -1.589907 1.204131
0.805662 -1.595847 1.087744
0.785778 -1.520818 2.046203
0.572668 -1.599355 1.725092
0.775705 -1.583718 1.789093
0.851700 -1.581952 1.484879
0.609467 -1.563652 1.424162
0.567942 -1.581792 1.768204
0.857053 -1.551937 1.654995
0.728433 -1.593265 1.467460
0.667931 -1.582885 1.142037
0.751654 -1.587528 0.903379
0.707852 -1.591991 1.395657
0.650758 -1.587105 1.758002
0.635787 -1.566054 1.734068
0.599517 -1.588138 1.439936
0.756641 -1.588514 1.009124
0.790591 -1.598286 1.220991
0.719984 -1.558485 1.696134
0.656932 -1.538600 2.085816
0.654272 -1.591232 1.206018
0.782892 -1.575439 1.344700
0.744021 -1.574487 1.089805
0.742479 -1.528594 2.047482
0.728165 -1.582815 1.783816
0.533951 -1.615107 1.728773
0.845609 -1.573625 1.808129
0.804464 -1.586729 1.486229
0.567380 -1.568022 1.425977
0.685837 -1.599901 1.468543
0.806992 -1.554433 1.655384
0.830986 -1.517205 2.001746
0.652737 -1.574454 1.391418
0.607701 -1.592963 1.757038
0.596375 -1.575787 1.737183
0.555748 -1.591057 1.439748
0.708984 -1.590073 1.014225
0.747569 -1.608886 1.226579
0.674660 -1.562735 1.697250
0.613898 -1.541391 2.083515
0.739592 -1.585069 1.350215
0.700003 -1.581171 1.096092
0.696217 -1.531294 2.044487
0.683508 -1.587111 1.781833
0.802589 -1.582397 1.809474
0.758861 -1.590046 1.487259
0.472124 -1.551931 1.746732
0.476850 -1.585725 1.709377
0.642024 -1.605847 1.469683
0.757890 -1.556683 1.655653
0.604049 -1.567350 1.390665
0.785202 -1.526615 2.004462
0.564924 -1.599791 1.756150
0.551409 -1.574947 1.735710
0.685077 -1.579958 1.221863
0.633167 -1.571929 1.701531
0.571820 -1.543938 2.081092
0.755045 -1.581509 1.804191
0.434387 -1.557184 1.748196
0.640542 -1.592875 1.781855
0.652692 -1.535106 2.044362
0.713266 -1.593373 1.488294
0.696266 -1.597739 1.357072
0.432936 -1.585808 1.705882
0.590677 -1.591586 1.463388
0.713541 -1.566646 1.660305
0.523469 -1.607233 1.756202
0.562120 -1.574568 1.395797
0.500536 -1.553684 1.723590
0.737223 -1.529637 2.003692
0.643052 -1.587292 1.225997
0.591038 -1.579319 1.704678
0.396109 -1.560530 1.749516
0.708646 -1.580172 1.800767
0.597523 -1.595722 1.779552
0.671411 -1.601742 1.491507
0.611191 -1.544271 2.048644
0.633170 -1.563962 1.349889
0.548595 -1.595979 1.465201
0.664581 -1.565788 1.660236
0.470182 -1.582810 1.739956
0.461635 -1.561174 1.727432
0.700400 -1.551297 2.017918
0.535841 -1.554154 1.691565
0.661885 -1.577988 1.796284
0.556895 -1.604781 1.782720
0.629321 -1.606134 1.493310
0.567343 -1.544219 2.046124
0.590292 -1.571451 1.355144
0.619729 -1.570830 1.663410
0.421824 -1.565901 1.730065
0.427952 -1.584366 1.738459
0.647263 -1.542857 2.009387
0.495443 -1.559992 1.695383
0.625996 -1.594746 1.803823
0.515538 -1.612138 1.783761
0.577789 -1.590838 1.487926
0.526529 -1.552193 2.050211
0.382634 -1.566492 1.730174
0.571217 -1.564792 1.661739
0.601974 -1.544086 2.009168
0.451627 -1.558734 1.695771
0.583810 -1.599225 1.804638
0.465425 -1.590857 1.769528
0.534519 -1.591519 1.488452
0.486821 -1.562749 2.057490
0.520510 -1.552362 1.656585
0.559080 -1.551524 2.014421
0.410416 -1.561718 1.699374
0.542029 -1.601541 1.805181
0.422280 -1.589658 1.766818
0.444766 -1.564085 2.057969
0.481831 -1.565637 1.666071
0.518150 -1.561387 2.021752
0.505973 -1.617273 1.813639
0.439670 -1.568892 1.669796
0.457537 -1.597473 1.801400
0.475940 -1.567634 2.026808
0.414552 -1.590129 1.797002
1.125861 -1.581233 0.924929
1.137508 -1.585876 0.901538
1.085734 -1.573381 1.010528
1.078662 -1.584408 0.933632
1.087074 -1.582551 1.030852
1.071457 -1.586060 0.930446
1.148229 -1.585568 0.867407
1.093974 -1.581250 0.976723
1.086855 -1.584104 0.929133
1.079716 -1.586476 0.907809
1.038805 -1.585328 1.015293
1.029871 -1.596955 0.938643
1.095734 -1.593033 1.043931
1.038723 -1.594109 1.033667
1.049125 -1.574330 1.176954
1.019495 -1.592315 0.934913
1.098931 -1.583475 0.915085
1.098224 -1.580873 0.933032
1.091645 -1.588623 0.876925
1.045022 -1.592611 0.983611
1.039723 -1.598118 0.935195
1.094605 -1.584694 1.045239
1.026419 -1.590771 0.915176
0.987768 -1.591290 1.019639
0.978123 -1.601161 0.941808
1.047438 -1.579698 1.137632
1.041767 -1.596894 1.047245
0.997262 -1.578664 1.179132
0.982153 -1.593690 1.035642
0.967213 -1.597641 0.939284
1.014969 -1.597030 1.222481
1.115650 -1.597258 0.899571
1.104963 -1.599018 0.843042
1.100412 -1.587762 0.886518
1.053145 -1.601133 0.922516
1.048169 -1.591346 0.941924
1.037806 -1.594046 0.885491
1.046361 -1.583520 1.090907
0.987198 -1.590123 0.989466
0.985697 -1.600682 0.941373
1.088304 -1.575173 1.032757
1.047118 -1.597783 1.051199
0.972403 -1.593345 0.921348
0.940608 -1.602217 1.025280
0.926144 -1.604335 0.945852
0.994805 -1.584110 1.141893
0.987571 -1.599723 1.051438
0.946745 -1.583548 1.182255
0.974529 -1.570005 1.406815
0.935764 -1.604571 1.039182
0.916893 -1.602276 0.944383
0.961687 -1.601008 1.222692
1.055343 -1.595179 0.909735
1.049395 -1.601690 0.853408
1.046094 -1.591076 0.896858
1.006290 -1.598419 1.247026
0.999526 -1.604529 0.929767
0.992652 -1.592216 0.949014
0.983956 -1.596376 0.893637
0.993259 -1.585805 1.096951
0.938764 -1.597290 0.994723
0.938228 -1.610675 0.946914
0.993962 -1.603321 1.056661
1.037542 -1.587047 1.040862
1.045023 -1.594749 1.055381
1.018239 -1.576284 1.322292
0.925341 -1.604156 0.927972
0.887351 -1.601637 1.028940
0.878901 -1.612278 0.950091
0.945015 -1.590765 1.146189
0.939050 -1.607020 1.055705
0.924127 -1.572972 1.407645
0.896239 -1.588450 1.185373
0.886771 -1.611182 1.041376
0.965605 -1.572502 1.367736
0.869653 -1.610221 0.948622
0.908396 -1.601877 1.222491
1.004105 -1.601801 0.919216
1.004036 -1.603890 1.262375
0.993280 -1.602369 0.864569
0.952051 -1.599587 1.246946
0.989810 -1.592007 0.906042
0.947495 -1.609525 0.937081
0.941957 -1.597729 0.957290
0.934524 -1.602531 0.901884
0.926069 -1.600533 1.485988
0.891999 -1.605931 1.001031
0.942703 -1.592517 1.103343
0.884824 -1.608912 0.952451
0.942371 -1.607334 1.061778
0.985892 -1.592862 1.049258
0.991630 -1.599232 1.061731
0.960679 -1.573096 1.323959
0.876051 -1.608389 0.933928
0.956037 -1.587803 1.512324
0.838829 -1.605827 1.032797
0.830711 -1.617410 0.954041
0.999538 -1.569506 1.270757
0.895533 -1.595251 1.150168
0.875228 -1.577665 1.407548
0.886667 -1.609407 1.058654
0.849510 -1.595293 1.188402
0.915611 -1.576298 1.369644
0.835017 -1.612332 1.044109
0.816396 -1.606534 0.951870
0.857947 -1.604987 1.222325
0.945448 -1.598009 1.262765
0.950982 -1.605914 0.928530
0.938646 -1.601648 0.874397
0.902714 -1.605271 1.249040
0.943636 -1.604339 0.915815
0.897027 -1.612995 0.944049
0.895918 -1.608135 0.964773
0.886597 -1.610412 0.909205
0.991392 -1.600221 1.276515
0.874705 -1.602143 1.482665
0.882532 -1.563033 1.690475
0.921926 -1.563771 1.655974
0.840092 -1.605894 1.005643
0.892135 -1.596119 1.109323
0.840127 -1.621291 0.957031
0.893622 -1.613588 1.066929
0.912051 -1.580544 1.327230
0.935426 -1.599462 1.056631
0.940843 -1.604890 1.069010
0.827945 -1.613407 0.938862
0.910937 -1.600684 1.512950
0.791893 -1.611617 1.036714
0.776504 -1.610910 0.957002
0.946820 -1.596263 1.531708
0.826719 -1.580063 1.408123
0.846463 -1.600571 1.155224
0.950242 -1.580001 1.277522
0.805942 -1.605321 1.191558
0.838464 -1.614553 1.062598
0.867285 -1.581569 1.372602
0.792107 -1.624246 1.047452
0.761931 -1.595840 0.955320
0.809805 -1.611458 1.223397
0.896111 -1.603705 1.264854
0.899660 -1.609570 0.936605
0.889392 -1.607578 0.884611
0.852986 -1.610156 1.250045
0.850040 -1.620592 0.951241
0.890182 -1.604403 0.924622
0.846393 -1.611322 0.971614
0.835267 -1.610948 0.916873
0.921341 -1.569993 1.615577
0.941512 -1.607034 1.279807
0.835723 -1.568217 1.689232
0.822734 -1.605014 1.479552
0.876875 -1.573412 1.657180
0.786359 -1.600094 1.010672
0.847264 -1.607316 1.115781
0.782988 -1.608129 0.962414
0.844564 -1.618918 1.071979
0.858788 -1.605637 1.810497
0.773025 -1.603714 0.944501
0.862912 -1.608356 1.512136
0.892497 -1.611974 1.075238
0.860981 -1.583474 1.331133
0.883773 -1.602186 1.064609
0.734809 -1.596651 1.038822
0.782707 -1.586161 1.409786
0.899910 -1.606508 1.533154
0.799512 -1.606374 1.159136
0.760169 -1.611897 1.194453
0.824334 -1.593492 1.375943
0.791846 -1.621299 1.066603
0.898553 -1.584172 1.281641
0.735179 -1.610476 1.047675
0.764504 -1.620172 1.224502
0.848763 -1.611818 1.268087
0.849662 -1.610631 0.945229
0.805542 -1.615272 1.251882
0.829444 -1.593879 0.894216
0.790468 -1.606029 0.957664
0.846540 -1.618053 0.934327
0.784604 -1.593292 0.977782
0.930440 -1.598636 1.551002
0.774503 -1.592492 0.923907
0.871166 -1.574075 1.615495
0.788500 -1.569471 1.686495
0.890125 -1.609028 1.283609
0.908401 -1.569254 1.569365
0.774304 -1.608758 1.477245
0.826601 -1.574499 1.655703
0.737681 -1.600004 1.015991
0.797250 -1.609835 1.120544
0.796132 -1.623021 1.076807
0.812659 -1.609448 1.510654
0.816224 -1.592754 1.335298
0.805419 -1.606331 1.802150
0.843922 -1.618007 1.082355
0.834240 -1.605392 1.071444
0.738726 -1.595404 1.411849
0.852987 -1.613641 1.534189
0.756443 -1.617121 1.164353
0.705421 -1.598482 1.194523
0.776003 -1.595668 1.378484
0.738250 -1.613587 1.069336
0.852406 -1.594742 1.288122
0.717934 -1.625132 1.225223
0.839573 -1.601148 1.834159
0.801401 -1.616820 1.270908
0.779783 -1.577249 0.952128
0.759387 -1.624176 1.254091
0.784902 -1.546909 2.021977
0.784454 -1.603901 0.902550
0.780858 -1.590540 0.942631
0.743075 -1.609715 0.963357
0.740761 -1.600961 0.984693
0.882574 -1.606072 1.552157
0.820042 -1.575348 1.615124
0.821885 -1.547911 1.992787
0.742006 -1.572501 1.684930
0.837385 -1.607395 1.286039
0.726924 -1.615222 1.476203
0.860079 -1.577685 1.572716
0.778529 -1.575943 1.654070
0.741191 -1.597595 1.123914
0.741655 -1.612365 1.080242
0.761294 -1.607980 1.506907
0.794931 -1.620112 1.087978
0.757835 -1.613052 1.799129
0.772197 -1.603811 1.340633
0.791045 -1.618076 1.078945
0.697026 -1.604877 1.414744
0.802014 -1.612988 1.531523
0.697645 -1.594468 1.164586
0.659300 -1.597889 1.196504
0.729576 -1.600387 1.381180
0.803011 -1.599163 1.293067
0.661030 -1.606456 1.221757
0.790221 -1.603405 1.828688
0.820088 -1.550259 1.952992
0.756583 -1.626250 1.274073
0.743820 -1.556461 2.021785
0.711938 -1.626197 1.255512
0.744833 -1.601924 0.960464
0.824333 -1.604265 1.853352
0.738382 -1.601862 0.950904
0.833437 -1.609756 1.552928
0.775909 -1.552961 1.990419
0.702088 -1.584634 1.686995
0.771522 -1.577795 1.615682
0.792322 -1.615754 1.290099
0.682146 -1.622859 1.476087
0.730867 -1.578220 1.653516
0.806850 -1.578508 1.573478
0.692484 -1.594405 1.128818
0.691617 -1.608661 1.084184
0.713892 -1.611330 1.505454
0.736740 -1.604294 1.092073
0.704682 -1.608590 1.789067
0.727858 -1.613944 1.345867
0.644131 -1.592333 1.410703
0.752388 -1.612867 1.529814
0.723433 -1.586379 1.082819
0.653208 -1.598473 1.168022
0.690284 -1.616219 1.386705
0.754963 -1.604117 1.298968
0.740558 -1.604737 1.823118
0.776362 -1.560470 1.955140
0.712471 -1.634327 1.278004
0.701488 -1.565390 2.021614
0.659243 -1.616535 1.253848
0.815599 -1.559718 1.914428
0.777123 -1.608686 1.851001
0.785462 -1.611094 1.552272
0.730961 -1.557600 1.988911
0.656227 -1.586451 1.685202
0.726965 -1.585058 1.618532
0.746627 -1.622246 1.293963
0.690904 -1.592176 1.658851
0.634442 -1.625286 1.474533
0.757884 -1.581963 1.576222
0.805794 -1.606234 1.873762
0.671195 -1.624388 1.507874
0.599489 -1.593479 1.411751
0.691853 -1.609297 1.097698
0.665542 -1.585527 1.341600
0.659894 -1.619383 1.789347
0.705468 -1.616923 1.530426
0.682528 -1.599311 1.091149
0.629685 -1.587452 1.380219
0.699717 -1.620325 1.825696
0.715869 -1.622832 1.306872
0.655963 -1.566352 2.016636
0.727967 -1.564140 1.953805
0.656918 -1.619324 1.275891
0.728881 -1.610423 1.847374
0.737895 -1.613264 1.552694
0.762309 -1.558887 1.910916
0.685299 -1.560496 1.986221
0.614406 -1.592960 1.686689
0.681776 -1.590453 1.621188
0.702597 -1.630212 1.298876
0.643450 -1.589294 1.656582
0.579310 -1.607617 1.465965
0.712800 -1.590361 1.580270
0.759925 -1.611188 1.872365
0.625443 -1.626099 1.507059
0.556429 -1.596225 1.412860
0.621411 -1.590502 1.345120
0.662750 -1.626863 1.532436
0.611194 -1.620451 1.783642
0.586408 -1.592257 1.382627
0.615600 -1.574581 2.017197
0.649729 -1.617619 1.819615
0.651420 -1.590842 1.303331
0.681455 -1.567222 1.952221
0.681903 -1.612816 1.843713
0.693652 -1.618365 1.555221
0.641622 -1.565808 1.984674
0.572912 -1.600429 1.688264
0.721326 -1.574974 1.919643
0.637233 -1.597751 1.624025
0.650379 -1.621269 1.299272
0.604117 -1.602038 1.661687
0.671143 -1.604695 1.587815
0.712063 -1.610630 1.869408
0.570708 -1.609264 1.499566
0.617078 -1.628462 1.532604
0.565816 -1.624450 1.780040
0.570204 -1.570505 2.009519
0.602366 -1.619216 1.814865
0.639170 -1.577876 1.956297
0.605563 -1.593057 1.308661
0.634510 -1.611278 1.838560
0.653714 -1.632354 1.560538
0.519988 -1.578178 1.675864
0.597073 -1.568184 1.983827
0.668241 -1.568985 1.914417
0.587867 -1.589237 1.621184
0.549070 -1.579324 1.650423
0.669914 -1.619348 1.871192
0.623421 -1.605714 1.590107
0.557284 -1.597878 1.520730
0.524749 -1.639033 1.783486
0.530557 -1.580530 2.011241
0.558067 -1.622680 1.813110
0.595009 -1.581084 1.956525
0.593621 -1.620657 1.840308
0.605299 -1.626685 1.557966
0.480438 -1.584950 1.678170
0.557287 -1.580148 1.987835
0.625090 -1.579844 1.919590
0.538495 -1.580754 1.618330
0.507332 -1.585764 1.652875
0.619783 -1.610549 1.863296
0.564114 -1.578975 1.580698
0.496232 -1.597578 2.020473
0.515854 -1.631573 1.813884
0.440074 -1.586975 1.677900
0.550763 -1.627660 1.840896
0.552159 -1.589775 1.961380
0.549554 -1.603933 1.549769
0.517489 -1.589001 1.991430
0.466089 -1.584832 1.653313
0.497245 -1.587896 1.622848
0.579225 -1.583431 1.922027
0.579915 -1.619519 1.865901
0.520969 -1.583591 1.585056
0.423471 -1.613970 1.761747
0.468162 -1.621077 1.804534
0.507488 -1.630729 1.839993
0.477592 -1.594862 1.993627
0.509131 -1.595602 1.963848
0.509488 -1.611843 1.553267
0.455895 -1.592047 1.625969
0.534941 -1.588617 1.924523
0.537435 -1.624222 1.867163
0.478550 -1.589985 1.590583
0.402658 -1.574307 1.997272
0.420978 -1.614423 1.797652
0.457392 -1.613897 1.828006
0.425458 -1.570813 1.975831
0.498996 -1.633610 1.871705
0.491361 -1.592447 1.927786
0.364026 -1.580838 1.999431
0.416481 -1.617079 1.828921
0.386690 -1.579283 1.980274
0.416012 -1.576547 1.950244
0.452498 -1.625594 1.865590
0.435696 -1.566123 1.913031
0.345445 -1.581546 1.981091
0.374095 -1.581869 1.954549
0.408279 -1.617798 1.860312
0.397384 -1.580243 1.923215
0.333335 -1.584834 1.957431
0.367667 -1.618818 1.860908
0.354616 -1.585762 1.928621
1.099711 -1.607026 0.946009
1.101829 -1.598075 1.015486
1.100737 -1.612342 0.980212
1.088787 -1.606850 1.011805
1.065250 -1.617850 0.987772
1.081241 -1.605123 1.033433
1.042785 -1.608823 0.955700
1.059737 -1.618409 1.001487
1.047585 -1.604281 1.024616
1.062411 -1.610614 1.114663
1.057728 -1.610066 1.070357
1.044225 -1.613155 0.987696
1.063262 -1.613935 1.111067
1.043410 -1.610297 1.014774
1.057443 -1.609740 1.110953
1.056679 -1.611440 1.108223
1.048921 -1.604315 1.093576
1.052582 -1.600291 1.143392
1.036914 -1.614643 1.017946
1.031855 -1.606874 1.018206
1.011204 -1.621874 0.996561
1.028932 -1.612138 1.038478
0.998665 -1.627157 0.965863
1.004818 -1.620873 1.008083
0.998683 -1.615922 1.034147
1.010241 -1.617345 1.121683
1.002439 -1.611606 1.076843
0.986070 -1.612482 0.995087
1.010954 -1.620954 1.116112
1.018188 -1.599530 1.247216
1.006832 -1.605293 1.199233
0.994420 -1.620319 1.020014
0.998890 -1.606376 1.114929
1.006692 -1.621950 1.112597
1.003276 -1.620737 1.097485
0.999767 -1.606675 1.146353
0.984318 -1.620603 1.023871
0.984749 -1.619607 1.021678
0.976751 -1.617114 1.042196
0.961211 -1.630756 1.005765
0.943790 -1.626090 0.974973
0.952369 -1.626555 1.015984
0.944468 -1.616843 1.042489
0.958636 -1.622819 1.128474
0.949737 -1.614311 1.083307
0.938954 -1.623587 1.003388
0.958546 -1.624725 1.121696
0.965334 -1.602515 1.251703
0.950446 -1.604075 1.205394
0.990956 -1.625278 1.266393
0.975862 -1.619855 1.308228
0.976605 -1.597513 1.330274
0.965376 -1.594395 1.293140
0.941466 -1.625368 1.025831
0.949169 -1.614561 1.119952
0.975566 -1.613316 1.291121
0.953779 -1.625086 1.116097
0.964611 -1.615879 1.324690
0.948204 -1.621738 1.098805
0.948508 -1.611309 1.149951
0.933574 -1.625881 1.029553
0.929159 -1.618336 1.025742
0.907559 -1.630417 1.013876
0.921091 -1.615988 1.045274
0.946597 -1.597489 1.450065
0.890392 -1.628731 0.984524
0.902621 -1.631348 1.022532
0.895773 -1.626317 1.051682
0.905574 -1.624613 1.134830
0.900533 -1.623147 1.090416
0.889944 -1.630230 1.010156
0.907000 -1.628304 1.126173
0.912123 -1.604590 1.256084
0.901789 -1.611635 1.212271
0.933352 -1.623224 1.265423
0.923798 -1.622792 1.310619
0.925756 -1.601166 1.331666
0.918525 -1.604804 1.297259
0.888895 -1.626039 1.030969
0.900082 -1.621346 1.125732
0.926922 -1.622513 1.293167
0.899776 -1.625466 1.119271
0.918564 -1.627994 1.330013
0.897253 -1.627455 1.101526
0.896155 -1.613187 1.153223
0.881370 -1.627479 1.034801
0.882258 -1.628901 1.028877
0.871207 -1.621076 1.049850
0.854282 -1.631016 1.022101
0.931858 -1.613710 1.564143
0.906335 -1.591762 1.495919
0.930614 -1.592219 1.576332
0.841715 -1.632905 0.992929
0.893240 -1.599855 1.452473
0.918023 -1.593987 1.539016
0.851228 -1.634658 1.028988
0.844634 -1.627287 1.058785
0.916089 -1.613103 1.585507
0.851710 -1.627604 1.096845
0.857295 -1.633113 1.141818
0.839910 -1.633974 1.017587
0.857552 -1.634176 1.131846
0.861863 -1.608753 1.260552
0.849949 -1.614160 1.217631
0.880791 -1.625537 1.265733
0.871742 -1.625743 1.313014
0.874548 -1.603909 1.332952
0.867826 -1.608186 1.300630
0.851119 -1.626091 1.130187
0.841774 -1.635406 1.035971
0.873260 -1.622056 1.293151
0.907317 -1.619833 1.511250
0.849824 -1.630704 1.122861
0.864744 -1.626185 1.332850
0.848156 -1.632488 1.104007
0.847054 -1.618218 1.155704
0.832869 -1.632871 1.032236
0.828811 -1.628166 1.039943
0.893910 -1.619288 1.542594
0.822920 -1.627819 1.053539
0.806900 -1.635773 1.030495
0.884796 -1.624558 1.565300
0.857582 -1.597708 1.498508
0.880109 -1.595039 1.574533
0.865203 -1.593321 1.537891
0.795437 -1.640438 1.001651
0.840151 -1.599894 1.455530
0.804808 -1.642475 1.035735
0.795964 -1.631472 1.067193
0.877718 -1.591026 1.764613
0.869534 -1.624591 1.588748
0.804920 -1.634496 1.103482
0.807747 -1.635734 1.148031
0.795880 -1.645140 1.024648
0.807866 -1.637085 1.136084
0.816460 -1.619478 1.266638
0.826704 -1.624311 1.264623
0.800944 -1.620825 1.224404
0.827651 -1.609169 1.335298
0.822273 -1.629856 1.315385
0.820447 -1.614578 1.304195
0.792282 -1.636124 1.039870
0.800699 -1.627154 1.134208
0.821700 -1.623891 1.294330
0.804182 -1.638459 1.127510
0.853810 -1.620734 1.508380
0.815711 -1.631080 1.336318
0.797600 -1.633840 1.106052
0.798586 -1.621846 1.158943
0.782511 -1.633936 1.045363
0.784410 -1.636506 1.035476
0.844883 -1.625816 1.541231
0.764046 -1.649577 1.038872
0.834807 -1.628030 1.565584
0.830603 -1.597380 1.573601
0.807371 -1.599973 1.500662
0.818110 -1.600778 1.540576
0.837221 -1.583969 1.804204
0.732851 -1.616622 1.010010
0.752339 -1.637723 1.041078
0.790630 -1.605922 1.460219
0.817643 -1.623592 1.587501
0.747488 -1.633475 1.075262
0.828839 -1.599032 1.768528
0.847474 -1.585902 1.845337
0.759494 -1.638944 1.154233
0.758138 -1.641403 1.110121
0.732352 -1.619907 1.029827
0.759544 -1.640439 1.141299
0.768428 -1.623894 1.270974
0.780117 -1.630654 1.266091
0.755075 -1.627380 1.230920
0.777937 -1.610317 1.336235
0.774902 -1.636263 1.318950
0.773263 -1.618788 1.307420
0.849491 -1.616152 1.820287
0.738644 -1.628748 1.043900
0.754033 -1.632008 1.139518
0.775916 -1.631939 1.297003
0.756091 -1.643027 1.130858
0.770064 -1.638843 1.340966
0.801966 -1.623148 1.505609
0.751829 -1.641897 1.108728
0.753248 -1.630682 1.162715
0.727774 -1.623791 1.049066
0.726848 -1.622236 1.037769
0.834840 -1.613124 1.849329
0.794031 -1.627740 1.539324
0.821493 -1.615749 1.871965
0.782854 -1.627184 1.563351
0.779936 -1.597107 1.571356
0.760358 -1.607303 1.504337
0.813692 -1.587989 1.876633
0.769489 -1.604698 1.541839
0.792507 -1.594777 1.807202
0.772399 -1.630365 1.589940
0.742958 -1.611266 1.464664
0.805146 -1.600055 1.848647
0.715222 -1.647155 1.159857
0.804821 -1.617266 1.896753
0.698515 -1.621310 1.113737
0.770237 -1.590423 1.762612
0.715385 -1.651915 1.146385
0.724515 -1.633024 1.276707
0.733103 -1.636231 1.266464
0.735348 -1.623426 1.340429
0.710752 -1.637502 1.238859
0.728024 -1.641553 1.321297
0.725353 -1.621163 1.310429
0.798278 -1.618789 1.813442
0.698125 -1.619243 1.141909
0.730437 -1.641069 1.298799
0.722590 -1.642000 1.345069
0.700115 -1.630406 1.132261
0.753143 -1.627505 1.503909
0.701243 -1.623046 1.163540
0.689797 -1.616694 1.108729
0.786037 -1.620878 1.846099
0.739815 -1.621508 1.535452
0.735181 -1.602760 1.572580
0.735091 -1.630910 1.563504
0.774552 -1.624575 1.871793
0.714828 -1.613024 1.507659
0.765519 -1.589011 1.873374
0.723083 -1.608857 1.542968
0.739744 -1.592234 1.803766
0.721999 -1.627770 1.588344
0.749285 -1.588639 1.839062
0.700139 -1.623173 1.470722
0.756899 -1.621270 1.894928
0.726109 -1.601745 1.768682
0.658306 -1.597950 1.273539
0.689723 -1.647653 1.269453
0.690613 -1.629094 1.341655
0.760643 -1.584578 2.130485
0.647509 -1.606270 1.239077
0.681860 -1.629319 1.313957
0.683978 -1.650984 1.325054
0.749918 -1.627336 1.811309
0.684855 -1.646949 1.301134
0.676342 -1.645889 1.348173
0.702425 -1.627402 1.500679
0.734355 -1.619346 1.839686
0.692723 -1.627238 1.534837
0.691167 -1.610273 1.574023
0.727122 -1.627458 1.868749
0.688255 -1.634300 1.563535
0.720545 -1.595097 1.871633
0.669187 -1.620814 1.512308
0.679578 -1.617012 1.546493
0.673329 -1.626544 1.587832
0.693696 -1.597322 1.805003
0.710093 -1.622741 1.892641
0.699538 -1.588038 1.836697
0.653402 -1.628196 1.475046
0.677124 -1.604766 1.769837
0.631797 -1.605278 1.337562
0.627437 -1.632570 1.322601
0.625387 -1.610761 1.312492
0.704102 -1.576498 2.122460
0.696452 -1.624606 1.802827
0.630149 -1.633155 1.299224
0.625331 -1.637782 1.349865
0.658533 -1.638195 1.501581
0.686862 -1.622386 1.835656
0.649453 -1.636615 1.536495
0.653058 -1.629031 1.579717
0.679698 -1.630357 1.865707
0.641793 -1.638629 1.563676
0.675397 -1.598074 1.869444
0.624224 -1.625290 1.515399
0.635276 -1.623477 1.548814
0.633269 -1.642743 1.594308
0.647287 -1.601500 1.806131
0.664095 -1.625930 1.891560
0.658339 -1.599685 1.839546
0.595022 -1.605168 1.472053
0.631474 -1.612566 1.774484
0.649583 -1.631560 1.800342
0.612813 -1.644383 1.501940
0.639446 -1.625297 1.832615
0.605803 -1.626347 1.577866
0.605019 -1.643379 1.536840
0.629575 -1.627089 1.859930
0.599518 -1.647527 1.566198
0.630990 -1.602913 1.867474
0.570484 -1.609247 1.511058
0.590365 -1.626053 1.549591
0.588723 -1.646244 1.595192
0.618222 -1.627077 1.889153
0.601439 -1.604419 1.807029
0.614142 -1.604099 1.840538
0.550139 -1.609520 1.476135
0.585948 -1.618326 1.777803
0.612671 -1.590464 2.127459
0.606050 -1.643294 1.801348
0.562676 -1.637731 1.497695
0.590984 -1.623540 1.826935
0.585798 -1.630525 1.858714
0.557774 -1.640710 1.534990
0.555114 -1.615647 1.573066
0.553192 -1.644508 1.564226
0.592325 -1.617642 1.872607
0.529829 -1.616251 1.515206
0.537664 -1.607616 1.543801
0.574265 -1.627394 1.887490
0.547628 -1.652466 1.598239
0.570435 -1.607396 1.840311
0.561195 -1.617515 1.813055
0.542953 -1.627160 1.783408
0.566324 -1.594522 2.129572
0.557595 -1.641550 1.795667
0.550902 -1.637998 1.830105
0.542026 -1.633976 1.857498
0.547133 -1.615483 1.868644
0.508978 -1.610440 1.570758
0.532969 -1.635817 1.890873
0.495476 -1.611078 1.546528
0.494933 -1.634042 1.592450
0.529758 -1.619723 1.845240
0.521392 -1.631406 1.820174
0.487037 -1.601916 1.772804
0.508226 -1.640173 1.790110
0.506147 -1.641956 1.828023
0.505336 -1.623278 1.869945
0.498142 -1.639496 1.857608
0.491609 -1.644397 1.893268
0.479716 -1.603946 1.835583
0.464356 -1.601630 1.805946
0.442703 -1.605029 1.776652
0.463728 -1.647127 1.789462
0.458879 -1.637550 1.822870
0.453006 -1.600339 1.855352
0.458760 -1.652421 1.862518
0.448904 -1.647239 1.893903
0.433138 -1.597980 1.832179
0.421608 -1.606390 1.808899
0.400028 -1.609652 1.780592
0.410053 -1.623777 1.773896
0.406070 -1.628575 1.847817
0.410236 -1.603335 1.855003
0.410197 -1.627550 1.814973
0.392481 -1.605028 1.836320
0.380219 -1.611593 1.812824
0.368577 -1.603793 1.854193
1.074685 -1.654892 1.013114
1.069787 -1.651771 1.020005
1.040663 -1.650479 1.127321
1.018757 -1.658518 1.019369
1.014024 -1.653193 1.025956
1.024384 -1.662479 1.108519
0.982056 -1.647792 1.131855
0.962626 -1.659033 1.025225
0.963129 -1.661257 1.032570
0.984277 -1.650757 1.280638
0.967036 -1.660483 1.112077
0.957802 -1.646903 1.323848
0.929194 -1.651511 1.135967
0.909056 -1.660799 1.030121
0.909559 -1.663023 1.037467
0.934893 -1.660795 1.283408
0.914178 -1.664209 1.116191
0.905278 -1.651659 1.327077
0.876168 -1.651990 1.140670
0.901356 -1.627676 1.582649
0.859221 -1.666448 1.035364
0.857336 -1.665228 1.043374
0.884926 -1.666803 1.285671
0.860360 -1.662984 1.119696
0.897704 -1.656398 1.524059
0.849324 -1.648279 1.328380
0.824448 -1.653036 1.145391
0.855746 -1.641446 1.586756
0.809598 -1.669776 1.041300
0.806040 -1.667081 1.049196
0.831742 -1.667797 1.286417
0.811204 -1.670735 1.123173
0.850463 -1.666886 1.524775
0.799573 -1.651967 1.331343
0.777929 -1.661773 1.149885
0.758431 -1.669564 1.045834
0.804989 -1.645732 1.587828
0.758057 -1.672024 1.054264
0.780822 -1.668865 1.288077
0.762801 -1.674880 1.127144
0.799413 -1.668317 1.523458
0.748819 -1.650833 1.332704
0.727264 -1.660403 1.153233
0.800299 -1.664130 1.825899
0.788837 -1.626899 1.908343
0.753729 -1.644041 1.586109
0.730031 -1.667871 1.288451
0.711006 -1.670758 1.130180
0.748330 -1.669890 1.521158
0.702850 -1.658288 1.337007
0.741012 -1.633332 1.908556
0.701599 -1.642598 1.585484
0.683229 -1.673755 1.290565
0.699928 -1.672328 1.520867
0.656631 -1.662759 1.339917
0.701892 -1.669291 1.818357
0.692939 -1.636784 1.907377
0.656885 -1.650725 1.588809
0.650480 -1.670073 1.517984
0.655460 -1.674371 1.816306
0.645668 -1.641958 1.907403
0.610963 -1.656365 1.589844
0.601876 -1.669412 1.517298
0.606808 -1.672126 1.810358
0.593034 -1.632837 1.899725
0.565413 -1.657477 1.591267
0.556395 -1.663219 1.802600
0.550122 -1.640365 1.901877
0.514838 -1.676655 1.805476
0.503990 -1.642880 1.902511
0.469293 -1.676091 1.802639
0.461507 -1.651224 1.905766
0.361939 -1.623241 1.889886
1.049506 -1.587709 1.167992
1.044329 -1.603145 1.092684
1.037274 -1.602413 1.081758
1.044471 -1.597986 1.197433
1.000937 -1.598958 1.175518
0.992881 -1.607957 1.100281
0.985453 -1.606167 1.090211
0.995863 -1.609397 1.203976
0.948671 -1.601970 1.182868
0.968681 -1.592441 1.362003
0.944849 -1.617782 1.108570
0.934480 -1.611735 1.098948
0.940991 -1.609371 1.209935
0.957591 -1.605157 1.386096
1.032313 -1.605951 1.118224
1.031988 -1.601719 1.140881
1.038630 -1.601949 1.187298
0.902345 -1.613356 1.190333
0.915053 -1.593220 1.366014
0.890092 -1.615431 1.115157
1.008566 -1.592918 1.253371
0.883961 -1.616184 1.106472
0.892958 -1.617323 1.215893
0.905242 -1.606604 1.389142
0.918746 -1.577500 1.624199
0.978967 -1.610037 1.121746
0.977851 -1.603840 1.145125
0.982718 -1.602823 1.190406
1.033655 -1.600727 1.172620
1.021414 -1.593776 1.159886
1.023051 -1.605430 1.120144
0.915636 -1.595910 1.629542
0.848919 -1.611506 1.196951
0.864050 -1.597052 1.371440
0.844302 -1.625391 1.123383
0.957031 -1.596192 1.256669
1.009006 -1.587178 1.283350
0.835251 -1.619853 1.113782
0.964259 -1.602979 1.347858
0.841599 -1.618097 1.220821
0.854595 -1.609630 1.391369
0.927894 -1.614081 1.126174
0.926779 -1.607879 1.149553
0.868879 -1.584469 1.627058
0.938370 -1.617168 1.194207
0.979809 -1.604242 1.174042
0.969728 -1.607498 1.122310
0.968929 -1.597633 1.162314
0.870090 -1.605454 1.631593
0.934644 -1.580980 1.448279
0.799762 -1.614434 1.203157
0.814395 -1.599369 1.375536
0.794770 -1.627274 1.130447
0.956906 -1.592080 1.284927
0.904654 -1.599716 1.261089
0.970223 -1.605286 1.320005
0.788286 -1.624937 1.121257
0.913866 -1.609437 1.348611
0.794490 -1.625684 1.226700
0.803233 -1.608517 1.393960
0.876416 -1.617243 1.130490
0.877872 -1.614233 1.154279
0.821698 -1.592298 1.630950
0.882612 -1.613686 1.196599
0.926458 -1.606478 1.175238
0.919090 -1.602509 1.164793
0.917361 -1.609023 1.125365
0.822408 -1.612715 1.633385
0.944855 -1.579132 1.481457
0.886518 -1.587369 1.449925
0.755335 -1.622876 1.210064
0.770284 -1.611033 1.381960
0.906241 -1.595141 1.287147
0.753262 -1.642027 1.138275
0.857031 -1.606722 1.264851
0.915961 -1.606030 1.318971
0.896368 -1.573276 1.707058
0.728003 -1.603133 1.126907
0.893112 -1.606274 1.581830
0.861921 -1.609961 1.349465
0.806957 -1.562663 1.950756
0.818041 -1.590619 1.929533
0.747936 -1.629794 1.231969
0.761232 -1.622647 1.399678
0.827166 -1.620524 1.134725
0.835846 -1.620477 1.199268
0.829040 -1.618409 1.158644
0.878322 -1.612930 1.176895
0.765511 -1.586141 1.629910
0.867952 -1.614824 1.127996
0.870937 -1.610997 1.167818
0.772689 -1.611433 1.631811
0.896687 -1.585687 1.482118
0.838031 -1.592712 1.452443
0.904254 -1.607001 1.548355
0.685379 -1.580711 1.210746
0.723264 -1.616420 1.387484
0.689670 -1.611007 1.141530
0.855547 -1.598383 1.288400
0.810318 -1.613346 1.268514
0.865599 -1.610491 1.318382
0.846927 -1.577264 1.706350
0.682857 -1.607451 1.134184
0.772094 -1.597381 1.929135
0.810842 -1.610267 1.349235
0.841830 -1.611248 1.580376
0.758426 -1.568247 1.951316
0.703107 -1.637353 1.238765
0.715444 -1.628864 1.403248
0.780933 -1.625884 1.138152
0.782328 -1.625062 1.162319
0.786149 -1.623026 1.202401
0.829407 -1.617440 1.179293
0.719713 -1.594344 1.634838
0.820767 -1.612813 1.169824
0.819454 -1.620243 1.130530
0.721249 -1.608765 1.630109
0.845144 -1.585232 1.480760
0.845916 -1.588591 1.875980
0.787903 -1.592445 1.453089
0.861220 -1.572492 1.738812
0.847761 -1.603891 1.542747
0.653202 -1.610869 1.220726
0.811781 -1.609272 1.291623
0.764096 -1.618689 1.271946
0.677987 -1.623224 1.393169
0.815772 -1.613511 1.318550
0.799691 -1.583405 1.706924
0.733529 -1.616435 1.935525
0.788969 -1.608420 1.576671
0.765312 -1.619918 1.351337
0.644117 -1.612319 1.239763
0.707777 -1.569516 1.950254
0.669728 -1.632901 1.406455
0.732390 -1.622180 1.165566
0.724604 -1.613917 1.140191
0.739468 -1.627655 1.204726
0.782193 -1.623528 1.180870
0.678640 -1.608064 1.640463
0.775332 -1.620141 1.172534
0.676352 -1.612690 1.631221
0.771447 -1.624383 1.132833
0.799196 -1.593956 1.482721
0.799380 -1.599029 1.875224
0.743741 -1.602419 1.456197
0.811346 -1.573734 1.735639
0.783901 -1.552784 2.020542
0.798700 -1.609004 1.541211
0.621091 -1.598762 1.391114
0.716632 -1.621352 1.275001
0.764159 -1.614448 1.293073
0.749935 -1.582303 1.704376
0.768108 -1.618846 1.319013
0.676441 -1.597094 1.921143
0.739584 -1.608409 1.573276
0.718601 -1.624693 1.352682
0.608220 -1.596680 1.400616
0.661566 -1.574915 1.952716
0.810485 -1.599907 1.840764
0.677245 -1.614254 1.143866
0.690335 -1.626744 1.207266
0.676178 -1.607864 1.168230
0.735410 -1.630535 1.182596
0.627370 -1.602904 1.640387
0.636186 -1.626032 1.636743
0.723619 -1.616036 1.174656
0.802045 -1.551829 2.052434
0.720108 -1.621351 1.134104
0.751187 -1.596172 1.482676
0.743777 -1.591754 1.864832
0.698379 -1.609551 1.459912
0.769259 -1.586290 1.737046
0.737505 -1.558823 2.019044
0.747579 -1.607609 1.537671
0.717908 -1.619979 1.295541
0.661197 -1.607115 1.274595
0.577148 -1.606100 1.396845
0.702365 -1.585384 1.704473
0.634132 -1.604187 1.922671
0.722189 -1.625598 1.319640
0.691968 -1.611686 1.572394
0.673216 -1.629987 1.354058
0.571037 -1.614178 1.406696
0.613191 -1.576162 1.952569
0.760005 -1.604974 1.836269
0.590908 -1.627057 1.636389
0.685397 -1.628008 1.183894
0.755621 -1.556003 2.048584
0.581266 -1.606030 1.643489
0.673250 -1.610415 1.175445
0.707891 -1.605932 1.484698
0.700370 -1.601938 1.863891
0.656928 -1.618365 1.462697
0.714739 -1.575975 1.729126
0.696889 -1.571357 2.023435
0.697722 -1.608930 1.534544
0.663056 -1.598486 1.708893
0.587069 -1.602059 1.918833
0.665413 -1.610011 1.294689
0.677117 -1.634168 1.320545
0.650002 -1.621947 1.574443
0.625812 -1.628606 1.354413
0.570008 -1.587565 1.957947
0.708317 -1.603304 1.828668
0.710163 -1.557603 2.044252
0.541068 -1.616173 1.633248
0.663889 -1.609519 1.485711
0.530158 -1.594478 1.641324
0.649278 -1.596614 1.856663
0.678401 -1.595204 1.735452
0.599418 -1.595721 1.457941
0.647953 -1.568302 2.016480
0.654398 -1.618869 1.535599
0.547367 -1.614255 1.923142
0.619739 -1.610047 1.295194
0.614688 -1.597772 1.707394
0.620888 -1.614090 1.317162
0.605391 -1.629357 1.574130
0.526060 -1.594991 1.962699
0.661009 -1.607954 1.824972
0.666414 -1.564681 2.042811
0.493341 -1.607768 1.629412
0.613061 -1.601265 1.483050
0.485926 -1.594644 1.643841
0.604219 -1.603239 1.855228
0.555122 -1.596077 1.459460
0.632539 -1.599886 1.734737
0.603465 -1.573271 2.016764
0.505500 -1.622298 1.924839
0.609325 -1.625560 1.534172
0.574083 -1.610406 1.711828
0.555435 -1.620867 1.570384
0.621393 -1.567214 2.038639
0.479548 -1.595334 1.963346
0.452053 -1.612215 1.631487
0.612414 -1.610092 1.819915
0.569496 -1.605785 1.484226
0.442936 -1.599558 1.648126
0.564355 -1.620016 1.859319
0.590654 -1.607955 1.736426
0.562014 -1.582191 2.018582
0.461173 -1.620897 1.923037
0.553425 -1.604831 1.526622
0.519968 -1.586977 1.701700
0.506341 -1.612161 1.565551
0.577720 -1.572131 2.036846
0.424990 -1.569260 1.949784
0.568199 -1.618551 1.818760
0.516796 -1.617384 1.853411
0.519718 -1.591361 2.021517
0.477786 -1.591819 1.703893
0.537574 -1.583600 2.040055
0.384134 -1.580511 1.957081
0.523140 -1.627263 1.818723
0.471464 -1.618774 1.851128
0.488193 -1.577940 1.719754
0.473172 -1.585955 2.016106
0.371730 -1.608375 1.912767
0.434732 -1.595045 1.704853
1.036801 -1.658465 1.123516
1.030377 -1.651544 1.144907
1.003111 -1.641904 1.269953
0.976305 -1.652141 1.130601
0.977787 -1.656140 1.151481
1.031145 -1.657110 1.141570
0.946785 -1.640686 1.274700
0.923023 -1.652745 1.136563
0.933221 -1.660384 1.211474
0.920705 -1.652831 1.157946
0.974131 -1.646227 1.184288
0.972693 -1.653601 1.146005
0.893492 -1.641425 1.279683
0.912326 -1.660269 1.372353
0.871766 -1.657890 1.143217
0.879527 -1.660237 1.216330
0.871664 -1.658104 1.164546
0.957629 -1.637391 1.316214
0.888573 -1.641826 1.493837
0.925637 -1.658012 1.189898
0.921380 -1.659059 1.150674
0.845646 -1.649553 1.285705
0.863528 -1.669078 1.376489
0.821149 -1.659402 1.150284
0.828763 -1.664244 1.221783
0.819739 -1.659093 1.171574
0.907132 -1.644629 1.321154
0.860353 -1.626848 1.784347
0.917820 -1.664766 1.354508
0.838174 -1.646994 1.497441
0.969959 -1.645721 1.214576
0.904115 -1.634029 1.536491
0.842177 -1.665628 1.605795
0.872827 -1.657657 1.193680
0.879353 -1.666536 1.211135
0.865269 -1.653512 1.154732
0.792957 -1.646986 1.289146
0.960331 -1.635830 1.355226
0.810314 -1.667942 1.379166
0.971142 -1.662725 1.334944
0.772608 -1.663569 1.155702
0.778212 -1.663869 1.226527
0.770017 -1.660384 1.177577
0.855112 -1.646220 1.324223
0.806984 -1.628295 1.784417
0.864042 -1.665242 1.355425
0.783336 -1.642372 1.498598
1.009987 -1.652002 1.163482
0.919812 -1.654210 1.217681
0.923962 -1.664473 1.203003
0.912472 -1.658783 1.163932
0.790214 -1.665445 1.605553
0.853693 -1.639357 1.539108
0.823331 -1.658950 1.213858
0.818843 -1.654444 1.198065
0.817402 -1.661846 1.159788
0.907775 -1.638863 1.357523
0.740302 -1.644276 1.293592
0.758495 -1.665298 1.380549
0.915212 -1.661036 1.334550
0.850192 -1.660640 1.577197
0.723699 -1.666688 1.161991
0.727672 -1.663509 1.231288
0.721210 -1.661300 1.183501
0.804815 -1.649248 1.327484
0.966270 -1.643050 1.235482
0.812087 -1.664958 1.356172
0.754608 -1.627332 1.783060
0.733136 -1.643331 1.500524
0.954086 -1.650039 1.165055
0.869895 -1.661733 1.204413
0.866577 -1.653119 1.220349
0.858430 -1.655895 1.166333
0.968204 -1.637335 1.387586
0.971147 -1.659009 1.306895
0.831002 -1.629740 1.828300
0.744523 -1.674308 1.607602
0.804164 -1.644470 1.540661
0.773539 -1.660718 1.216903
0.769477 -1.656964 1.202234
0.766851 -1.661502 1.164542
0.858630 -1.644915 1.359201
0.695606 -1.652191 1.299514
0.710031 -1.667558 1.383647
0.863145 -1.662956 1.335649
0.804770 -1.672765 1.578746
0.862358 -1.634129 1.577328
0.682550 -1.670693 1.236095
0.755031 -1.650999 1.330533
0.915403 -1.658266 1.188014
0.919408 -1.656909 1.237339
0.763085 -1.668673 1.358501
0.709303 -1.638798 1.788574
0.682343 -1.638098 1.501471
0.864196 -1.670983 1.553922
0.905230 -1.659235 1.167229
0.814258 -1.651656 1.222940
0.812943 -1.654713 1.206251
0.915601 -1.640695 1.387913
0.912671 -1.654271 1.305074
0.805608 -1.655737 1.169159
0.694892 -1.672089 1.606973
0.779329 -1.632789 1.827573
0.752731 -1.642874 1.541194
0.726273 -1.665734 1.220408
0.721430 -1.660016 1.206458
0.716789 -1.660035 1.168096
0.806699 -1.644489 1.360941
0.660042 -1.664168 1.384874
0.648907 -1.655591 1.304781
0.813181 -1.667377 1.336089
0.753192 -1.673680 1.577671
0.813612 -1.641215 1.578167
0.704551 -1.648756 1.332966
0.863306 -1.660390 1.188134
0.860806 -1.646427 1.237634
0.712156 -1.665834 1.358823
0.811273 -1.671542 1.551806
0.653453 -1.625792 1.782355
0.635933 -1.644724 1.506248
0.851544 -1.657588 1.167799
0.766863 -1.659028 1.225815
0.766429 -1.661858 1.208044
0.759241 -1.660379 1.172564
0.864319 -1.644588 1.388299
0.862696 -1.658700 1.305504
0.648916 -1.677879 1.608554
0.724167 -1.623785 1.821964
0.700175 -1.636536 1.539990
0.871958 -1.627310 1.608272
0.678614 -1.669860 1.223794
0.754450 -1.641132 1.361211
0.759195 -1.662762 1.335198
0.865003 -1.656383 1.514946
0.705974 -1.676915 1.577851
0.788548 -1.624465 1.862237
0.763767 -1.643405 1.578253
0.659918 -1.654804 1.336567
0.663851 -1.664046 1.359239
0.806426 -1.651356 1.188625
0.810054 -1.648915 1.238798
0.760475 -1.674446 1.550017
0.590536 -1.648779 1.510579
0.613872 -1.649496 1.792737
0.799202 -1.656317 1.169416
0.716376 -1.656818 1.228251
0.717530 -1.663430 1.210032
0.810701 -1.641028 1.386540
0.708227 -1.659633 1.174247
0.810995 -1.661880 1.304789
0.596136 -1.666562 1.604546
0.679806 -1.633155 1.824073
0.655124 -1.641799 1.542467
0.619195 -1.675270 1.893093
0.826540 -1.639448 1.609830
0.708479 -1.646814 1.363777
0.711991 -1.665893 1.336373
0.818630 -1.669249 1.514632
0.654287 -1.670520 1.574594
0.741615 -1.630905 1.861917
0.680107 -1.677873 1.863857
0.713298 -1.639562 1.576369
0.762312 -1.664110 1.190252
0.764327 -1.658039 1.239883
0.709786 -1.675169 1.547880
0.557436 -1.630313 1.785557
0.669700 -1.658530 1.230197
0.749867 -1.657156 1.170277
0.805950 -1.622713 1.894770
0.761350 -1.641980 1.386406
0.550778 -1.668890 1.605562
0.758694 -1.658872 1.303091
0.627705 -1.625967 1.819697
0.573294 -1.679152 1.892352
0.607970 -1.644749 1.544651
0.776646 -1.641964 1.607944
0.661407 -1.647597 1.365588
0.663158 -1.665577 1.336038
0.767806 -1.672334 1.511861
0.691919 -1.629143 1.858329
0.606659 -1.673037 1.573684
0.627609 -1.668217 1.855034
0.664072 -1.638292 1.575893
0.712558 -1.664212 1.190004
0.714600 -1.657972 1.240620
0.689250 -1.676089 1.832692
0.660109 -1.673323 1.545299
0.757832 -1.624725 1.890719
0.511537 -1.635791 1.789148
0.702963 -1.663442 1.171965
0.712008 -1.642947 1.386288
0.711770 -1.665288 1.303788
0.579788 -1.625336 1.818288
0.524636 -1.674826 1.888350
0.724035 -1.635962 1.604764
0.564168 -1.652600 1.548546
0.617165 -1.654731 1.368356
0.640671 -1.621894 1.851880
0.713862 -1.666000 1.507662
0.558433 -1.669362 1.571790
0.583670 -1.678528 1.857308
0.617774 -1.641175 1.576009
0.666190 -1.658437 1.241413
0.635340 -1.668135 1.824197
0.608599 -1.662727 1.540343
0.711386 -1.630055 1.889198
0.466625 -1.638856 1.791304
0.666526 -1.647519 1.387657
0.478924 -1.674499 1.885921
0.662509 -1.664250 1.302337
0.535171 -1.631491 1.820929
0.676067 -1.635537 1.602353
0.595194 -1.626544 1.852266
0.665367 -1.667052 1.504502
0.534054 -1.674926 1.851429
0.572815 -1.644434 1.577164
0.587654 -1.671106 1.820332
0.562993 -1.669808 1.540125
0.664116 -1.633749 1.886435
0.422397 -1.647673 1.797430
0.619414 -1.648646 1.387513
0.490562 -1.637662 1.823583
0.627300 -1.633316 1.599688
0.547332 -1.624053 1.848532
0.615194 -1.666540 1.502173
0.486606 -1.673355 1.847845
0.528169 -1.650811 1.578833
0.613750 -1.626298 1.878915
0.540402 -1.674841 1.817602
0.583125 -1.638551 1.600128
0.443594 -1.636532 1.823106
0.504006 -1.630904 1.850239
0.595686 -1.673155 1.781840
0.440495 -1.672159 1.845299
0.566410 -1.664522 1.498544
0.570297 -1.635497 1.879989
0.491389 -1.667787 1.811145
0.538537 -1.643051 1.599465
0.401568 -1.645649 1.828200
0.458260 -1.632492 1.850166
0.547117 -1.676551 1.778094
0.521300 -1.628428 1.873522
0.447972 -1.677025 1.812245
0.494801 -1.649218 1.600060
0.415139 -1.635134 1.850171
0.496692 -1.671361 1.770974
0.475252 -1.625360 1.868627
0.432768 -1.634059 1.870621
0.389531 -1.639084 1.870018
0.985135 -1.654418 1.286912
0.986229 -1.645327 1.334060
0.931965 -1.655798 1.294433
0.936294 -1.650762 1.341347
0.932580 -1.645843 1.341404
0.979528 -1.649288 1.298740
0.926516 -1.635497 1.488078
0.880410 -1.654338 1.300231
0.889608 -1.660278 1.348415
0.883395 -1.648890 1.347105
0.938350 -1.645271 1.368188
0.934753 -1.656618 1.333962
0.922936 -1.645107 1.303084
0.980242 -1.658848 1.323882
0.879326 -1.644365 1.493995
0.973339 -1.653771 1.310686
0.885463 -1.664876 1.485063
0.838037 -1.659051 1.353250
0.835698 -1.654320 1.354322
0.830889 -1.658509 1.307235
0.887792 -1.648144 1.372877
0.885059 -1.659043 1.338516
0.877088 -1.654409 1.309048
0.936909 -1.644450 1.393113
0.890739 -1.633449 1.527450
0.924453 -1.654667 1.326142
0.917581 -1.649375 1.313923
0.825939 -1.641866 1.498616
0.833936 -1.666253 1.488435
0.841109 -1.624366 1.730048
0.933177 -1.665878 1.435062
0.787374 -1.657174 1.358936
0.779747 -1.655777 1.312749
0.782253 -1.649460 1.359444
0.837633 -1.649726 1.377267
0.833558 -1.660226 1.342869
0.824558 -1.651487 1.313538
0.884270 -1.642165 1.394662
0.897000 -1.630497 1.558774
0.840170 -1.636550 1.531174
0.866373 -1.623127 1.769257
0.873739 -1.655828 1.328400
0.868792 -1.653975 1.316886
0.776182 -1.642136 1.502704
0.782836 -1.666123 1.492483
0.833218 -1.666224 1.462246
0.788509 -1.622064 1.731612
0.879170 -1.663412 1.435600
0.739957 -1.659377 1.364401
0.728453 -1.648502 1.318274
0.732947 -1.648009 1.365183
0.787389 -1.649157 1.381181
0.783284 -1.659881 1.345810
0.776238 -1.654364 1.318160
0.788631 -1.599717 2.044628
0.833601 -1.643120 1.397905
0.848805 -1.638122 1.562405
0.789967 -1.638577 1.533624
0.813324 -1.622580 1.769180
0.823554 -1.657655 1.331823
0.815722 -1.650649 1.319255
0.724900 -1.637676 1.505790
0.733443 -1.665321 1.495295
0.781477 -1.663515 1.463684
0.739186 -1.623628 1.733931
0.828444 -1.664809 1.436894
0.684411 -1.656748 1.324983
0.688714 -1.654728 1.368475
0.685446 -1.648060 1.370173
0.737060 -1.646436 1.384621
0.830046 -1.623512 1.804054
0.734498 -1.661919 1.350267
0.728893 -1.658982 1.323146
0.783778 -1.643860 1.400049
0.739992 -1.606468 2.048095
0.798951 -1.639064 1.563568
0.739611 -1.636062 1.536085
0.766498 -1.630619 1.772864
0.772291 -1.655830 1.333443
0.764872 -1.647294 1.321540
0.676992 -1.639254 1.510117
0.684925 -1.664087 1.497982
0.731192 -1.663406 1.465662
0.689427 -1.624140 1.737064
0.772827 -1.655465 1.435954
0.769094 -1.604896 2.083996
0.643594 -1.659317 1.373378
0.638873 -1.660048 1.331664
0.640868 -1.653073 1.377203
0.691169 -1.653646 1.390143
0.774313 -1.615009 1.799208
0.684534 -1.658130 1.352433
0.678961 -1.654979 1.326289
0.733520 -1.643548 1.403006
0.690277 -1.609568 2.049760
0.750073 -1.641746 1.565095
0.691190 -1.637007 1.539262
0.721636 -1.641902 1.778238
0.798031 -1.660864 1.908201
0.723346 -1.656149 1.335467
0.718943 -1.654726 1.326084
0.632388 -1.644479 1.516172
0.634979 -1.660297 1.500155
0.682262 -1.663725 1.467692
0.642561 -1.629832 1.741261
0.722512 -1.655594 1.436964
0.717840 -1.606074 2.082204
0.636391 -1.661303 1.701437
0.643039 -1.651135 1.392532
0.731826 -1.630810 1.804486
0.639386 -1.662956 1.356366
0.686409 -1.645140 1.405252
0.637275 -1.601884 2.045017
0.698606 -1.635809 1.564779
0.643131 -1.636877 1.541162
0.665189 -1.625836 1.772753
0.678259 -1.663364 1.338909
0.671835 -1.656332 1.328336
0.586325 -1.647367 1.520736
0.588786 -1.661231 1.503255
0.635066 -1.663154 1.469458
0.737574 -1.606915 2.114887
0.596948 -1.633777 1.745018
0.676405 -1.661523 1.438102
0.690818 -1.666736 1.628544
0.589759 -1.663978 1.702895
0.638730 -1.662332 1.662033
0.679214 -1.621628 1.800405
0.641713 -1.651051 1.408388
0.590526 -1.609757 2.049710
0.651127 -1.638725 1.567345
0.599568 -1.646245 1.547093
0.694716 -1.658965 1.899577
0.616599 -1.625282 1.772530
0.588462 -1.665640 1.471900
0.973012 -1.650736 1.308813
0.629180 -1.661189 1.438898
0.551376 -1.637528 1.749762
0.966854 -1.646106 1.314156
0.640370 -1.665160 1.627133
0.541370 -1.657789 1.701398
0.593438 -1.665426 1.663533
0.630591 -1.621298 1.799206
0.593666 -1.650973 1.410308
0.545027 -1.615884 2.053962
0.603909 -1.638391 1.568146
0.571444 -1.630331 1.775497
0.553353 -1.647425 1.549229
0.938052 -1.636832 1.409647
0.647325 -1.667095 1.899216
0.591262 -1.653880 1.929841
0.541009 -1.654710 1.972620
0.917638 -1.647976 1.309326
0.914862 -1.649351 1.315906
0.503256 -1.635267 1.751201
0.929247 -1.655964 1.403062
0.572702 -1.609992 2.080719
0.590562 -1.659019 1.623643
0.583963 -1.623994 1.800672
0.907880 -1.623681 1.584367
0.495891 -1.612322 2.053097
0.564242 -1.657276 1.574031
0.888759 -1.640886 1.411481
0.599132 -1.668084 1.896249
0.526330 -1.635186 1.779450
0.544962 -1.655702 1.929046
0.495200 -1.657398 1.972006
0.869798 -1.654620 1.311696
0.591179 -1.608264 2.106704
0.863160 -1.649134 1.316866
0.459044 -1.639469 1.756003
0.880411 -1.661103 1.404101
0.902567 -1.659907 1.592830
0.526800 -1.617678 2.084317
0.544390 -1.662831 1.624322
0.539166 -1.627974 1.802361
0.859158 -1.630984 1.585899
0.836585 -1.639815 1.412271
0.480994 -1.635932 1.781461
0.547905 -1.662205 1.889802
0.500443 -1.666437 1.931228
0.544533 -1.611180 2.107199
0.816662 -1.651850 1.312140
0.811400 -1.646548 1.318325
0.406221 -1.613620 1.749233
0.826867 -1.659861 1.403881
0.846517 -1.655011 1.588794
0.477885 -1.611085 2.080706
0.497037 -1.660816 1.622708
0.849049 -1.616439 1.831362
0.493387 -1.630479 1.802735
0.810346 -1.636139 1.586954
0.786221 -1.640245 1.412314
0.434677 -1.635201 1.782156
0.498192 -1.658492 1.885845
0.452492 -1.661596 1.927976
0.766816 -1.652937 1.313341
0.764043 -1.654316 1.319924
0.776508 -1.660300 1.403927
0.796820 -1.660855 1.589016
0.801181 -1.623518 1.831793
0.449600 -1.636008 1.805770
0.809460 -1.662897 1.867119
0.757929 -1.631185 1.584831
0.384598 -1.612577 1.774978
0.450689 -1.654747 1.881797
0.733973 -1.637048 1.412641
0.718296 -1.654665 1.313619
0.712584 -1.648288 1.320605
0.723268 -1.655618 1.402931
0.748555 -1.669516 1.588805
0.746129 -1.612960 1.824405
0.398110 -1.613426 1.796610
0.756177 -1.661437 1.861731
0.709902 -1.633750 1.585292
0.762891 -1.601143 2.141266
0.688393 -1.643705 1.414966
0.670686 -1.655732 1.314755
0.666906 -1.652787 1.322447
0.674664 -1.655181 1.402737
0.695168 -1.663095 1.585383
0.699020 -1.617669 1.823260
0.660794 -1.632670 1.583940
0.704017 -1.663676 1.858171
0.641656 -1.644323 1.415962
0.629076 -1.662094 1.404096
0.644105 -1.658818 1.582358
0.651985 -1.621966 1.824078
0.615483 -1.636084 1.584493
0.652593 -1.663529 1.853019
0.595489 -1.648218 1.416662
0.594607 -1.659315 1.580364
0.603105 -1.617847 1.819981
0.571872 -1.646227 1.587542
0.601695 -1.664049 1.849032
0.547247 -1.657383 1.578764
0.559500 -1.627981 1.823028
0.570997 -1.607716 2.126877
0.524548 -1.644084 1.586922
0.547913 -1.652045 1.840265
0.513189 -1.630157 1.821299
0.501472 -1.659684 1.840811
0.466225 -1.626931 1.819399
0.454285 -1.662580 1.838260
0.418514 -1.618958 1.814403
0.408614 -1.667639 1.838196
0.370976 -1.605336 1.808122
0.959299 -1.624148 1.427005
0.950658 -1.618094 1.410189
0.978784 -1.622902 1.377042
0.951536 -1.626831 1.413564
0.947710 -1.619228 1.414814
0.938831 -1.617086 1.419747
0.938286 -1.623305 1.400703
0.950500 -1.629929 1.478490
0.916379 -1.617232 1.494471
0.909069 -1.627380 1.432208
0.901599 -1.622908 1.415768
0.923120 -1.617931 1.513193
0.914349 -1.633539 1.538959
0.940933 -1.629870 1.439671
0.927574 -1.614141 1.414303
0.922533 -1.615362 1.531228
0.898799 -1.623675 1.416165
0.924997 -1.622137 1.378212
0.895945 -1.618753 1.419109
0.911497 -1.638677 1.510535
0.886451 -1.616314 1.421917
0.885908 -1.622536 1.402873
0.920966 -1.611976 1.539880
0.898082 -1.629641 1.478717
0.868123 -1.621497 1.499890
0.858483 -1.628495 1.436882
0.849139 -1.617687 1.420936
0.876769 -1.605675 1.672171
0.895523 -1.605236 1.700620
0.871555 -1.616357 1.516169
0.864695 -1.637818 1.543383
0.890060 -1.633308 1.440811
0.872102 -1.615856 1.532639
0.876917 -1.616235 1.415096
0.873972 -1.622100 1.378470
0.848199 -1.625042 1.419871
0.847097 -1.622488 1.423376
0.858151 -1.635232 1.511013
0.876760 -1.628234 1.684264
0.873982 -1.629428 1.645501
0.838157 -1.621332 1.424433
0.837244 -1.625420 1.404853
0.870873 -1.615098 1.539889
0.848986 -1.635212 1.481393
0.816432 -1.616214 1.502958
0.808919 -1.627726 1.441050
0.801329 -1.619287 1.425666
0.848168 -1.613157 1.703851
0.829452 -1.613112 1.677344
0.855207 -1.606487 1.725806
0.872935 -1.635103 1.598641
0.822693 -1.620340 1.519467
0.815463 -1.639667 1.546145
0.829834 -1.631358 1.727424
0.834795 -1.624276 1.438877
0.865177 -1.605385 1.741976
0.822054 -1.618505 1.534593
0.827655 -1.618581 1.415920
0.826836 -1.628954 1.380393
0.800745 -1.629029 1.424169
0.798688 -1.623549 1.426950
0.831731 -1.639570 1.687276
0.807755 -1.635510 1.513403
0.826020 -1.637067 1.646611
0.817934 -1.595666 1.940573
0.788566 -1.621064 1.426665
0.789177 -1.629114 1.407026
0.818086 -1.612948 1.538619
0.799729 -1.637565 1.482220
0.768997 -1.619959 1.508227
0.760535 -1.628554 1.445598
0.754502 -1.623589 1.432095
0.782359 -1.619223 1.682174
0.795625 -1.609162 1.704170
0.804767 -1.607239 1.726251
0.824376 -1.642207 1.598595
0.770995 -1.615321 1.521571
0.763397 -1.632514 1.547713
0.781894 -1.638760 1.729505
0.815656 -1.609551 1.741204
0.785898 -1.629021 1.439273
0.771862 -1.617692 1.535668
0.752545 -1.629007 1.426429
0.752626 -1.627786 1.431277
0.776883 -1.616989 1.416810
0.777005 -1.630536 1.381038
0.812234 -1.594494 1.995362
0.783423 -1.644843 1.688822
0.758736 -1.636283 1.514853
0.796505 -1.598129 1.970787
0.806891 -1.635675 1.946046
0.776728 -1.639909 1.645496
0.804448 -1.635645 1.900770
0.769415 -1.602020 1.943433
0.742474 -1.625796 1.429054
0.740768 -1.630447 1.409638
0.770585 -1.617678 1.540009
0.747037 -1.630371 1.480695
0.720832 -1.619451 1.512428
0.714127 -1.630422 1.450363
0.711755 -1.633680 1.438867
0.749903 -1.615764 1.708057
0.730277 -1.612314 1.682773
0.757843 -1.612747 1.727824
0.803573 -1.640712 1.850655
0.725872 -1.622733 1.525653
0.769090 -1.633683 1.594728
0.715783 -1.633286 1.550161
0.733453 -1.640320 1.731140
0.723646 -1.617919 1.536959
0.763070 -1.606308 1.738618
0.707077 -1.634054 1.430949
0.756664 -1.636826 1.991877
0.736855 -1.630303 1.438790
0.730778 -1.621974 1.418232
0.707884 -1.637351 1.435900
0.728568 -1.632371 1.381714
0.763526 -1.597860 1.995396
0.709941 -1.635730 1.515960
0.730479 -1.639480 1.685705
0.748575 -1.605285 1.973835
0.779853 -1.592532 2.009292
0.755591 -1.637974 1.942776
0.725343 -1.638024 1.644261
0.754319 -1.639530 1.897875
0.717076 -1.596934 1.942437
0.696409 -1.630304 1.432419
0.694688 -1.635202 1.412034
0.720585 -1.616033 1.538801
0.698617 -1.631962 1.482341
0.676352 -1.626939 1.519611
0.669266 -1.636026 1.456042
0.666737 -1.635800 1.443661
0.699932 -1.613620 1.708786
0.684216 -1.616560 1.687100
0.708436 -1.611635 1.727769
0.680602 -1.626680 1.528853
0.751112 -1.641449 1.847014
0.720186 -1.638694 1.594159
0.668763 -1.634867 1.552802
0.685804 -1.641585 1.731647
0.704846 -1.633518 1.987190
0.677563 -1.622672 1.539353
0.718648 -1.618480 1.741828
0.660731 -1.635217 1.438629
0.661604 -1.639365 1.434504
0.691486 -1.639826 1.440320
0.682934 -1.624614 1.419100
0.680939 -1.633667 1.382233
0.712887 -1.595881 1.992050
0.683417 -1.641541 1.686401
0.664463 -1.641036 1.519512
0.732674 -1.599874 2.009270
0.698344 -1.604961 1.972967
0.709021 -1.645879 1.943914
0.676129 -1.636076 1.641923
0.704431 -1.641845 1.895605
0.670560 -1.604108 1.946488
0.650922 -1.635866 1.435006
0.649770 -1.641801 1.413839
0.675070 -1.621825 1.540412
0.654861 -1.640133 1.484517
0.630738 -1.628523 1.523250
0.624982 -1.642684 1.460943
0.619766 -1.636921 1.448249
0.639347 -1.622160 1.692775
0.653844 -1.618369 1.711178
0.663670 -1.621446 1.731418
0.637849 -1.637046 1.534660
0.623519 -1.638593 1.556977
0.700414 -1.644578 1.843940
0.670551 -1.639454 1.592522
0.637424 -1.638595 1.731087
0.660263 -1.642213 1.989511
0.633240 -1.629813 1.542312
0.667876 -1.613060 1.737609
0.615769 -1.642561 1.437527
0.614699 -1.639516 1.442972
0.644446 -1.641927 1.441028
0.638002 -1.631465 1.419936
0.665738 -1.603004 1.993005
0.634859 -1.638701 1.383667
0.635993 -1.641486 1.686566
0.619190 -1.645259 1.521750
0.688614 -1.614182 2.013012
0.655719 -1.634295 1.936119
0.647966 -1.601173 1.971219
0.628481 -1.637621 1.641470
0.622943 -1.604891 1.948935
0.657646 -1.651370 1.896130
0.603165 -1.633459 1.435615
0.601448 -1.638364 1.415232
0.588207 -1.637560 1.528712
0.633369 -1.639589 1.543952
0.608197 -1.644380 1.485764
0.572950 -1.621970 1.461120
0.567012 -1.611688 1.448324
0.591010 -1.618699 1.694161
0.607411 -1.620758 1.714007
0.614694 -1.617924 1.729705
0.590689 -1.635181 1.536424
0.580601 -1.645740 1.560932
0.646478 -1.637058 1.837197
0.621353 -1.637539 1.590192
0.593681 -1.646531 1.734230
0.613395 -1.643182 1.988886
0.623899 -1.622580 1.740130
0.587972 -1.634049 1.544552
0.558741 -1.608815 1.433472
0.560162 -1.612413 1.440548
0.597029 -1.642156 1.440235
0.615547 -1.598373 1.988971
0.588351 -1.643045 1.686115
0.574880 -1.652430 1.524714
0.611889 -1.647294 1.939519
0.633139 -1.598834 2.001212
0.604167 -1.613676 1.976558
0.604569 -1.638468 1.887993
0.584304 -1.648513 1.644346
0.577997 -1.615580 1.954873
0.533673 -1.610457 1.526291
0.587502 -1.643288 1.545036
0.558380 -1.632650 1.484044
0.547112 -1.627269 1.700567
0.562894 -1.629023 1.718286
0.571326 -1.628009 1.733386
0.535552 -1.607537 1.532845
0.533451 -1.643897 1.562701
0.547668 -1.646495 1.735394
0.598580 -1.640449 1.835151
0.577749 -1.649477 1.592289
0.566149 -1.642278 1.986760
0.577210 -1.627073 1.740402
0.536232 -1.616713 1.540419
0.571580 -1.607650 1.992458
0.545203 -1.651799 1.689450
0.564417 -1.647991 1.936774
0.588940 -1.609701 2.004077
0.557711 -1.616316 1.978414
0.557645 -1.644552 1.887642
0.532162 -1.618530 1.958857
0.532297 -1.616635 1.537578
0.517857 -1.631684 1.721146
0.526429 -1.634400 1.736162
0.483930 -1.625756 1.560373
0.501276 -1.644585 1.735058
0.519125 -1.640046 1.984288
0.532616 -1.657722 1.593480
0.549311 -1.643635 1.833088
0.529614 -1.624070 1.737751
0.527833 -1.615599 1.995598
0.517569 -1.649011 1.936159
0.542635 -1.611983 2.001706
0.512217 -1.621905 1.980996
0.509602 -1.644491 1.884717
0.486121 -1.622850 1.963194
0.452767 -1.610446 1.700752
0.465419 -1.605494 1.713740
0.472789 -1.607121 1.726441
0.474629 -1.643989 1.985390
0.501431 -1.647074 1.831052
0.475939 -1.597284 1.726091
0.481530 -1.622009 1.997376
0.471509 -1.649737 1.934416
0.441782 -1.608471 1.674843
0.497110 -1.618075 2.002350
0.465775 -1.624589 1.982859
0.441253 -1.628771 1.967907
0.463491 -1.650064 1.884211
0.423683 -1.614280 1.718076
0.428916 -1.611645 1.728713
0.409211 -1.631942 1.732115
0.456666 -1.657481 1.832776
0.433761 -1.609014 1.730157
0.437039 -1.625972 1.998481
0.453146 -1.627661 2.004876
0.415560 -1.607133 1.974522
0.388809 -1.598735 1.955390
0.418955 -1.658886 1.886556
0.385864 -1.601508 1.985302
0.370545 -1.605258 1.975204
0.346270 -1.607617 1.961849
0.354310 -1.600749 1.987125
