# .PCD v0.7 - Point Cloud Data file format
VERSION 0.7
FIELDS x y z
SIZE 4 4 4
TYPE F F F
COUNT 1 1 1
WIDTH 6174
HEIGHT 1
VIEWPOINT 0 0 0 1
POINTS 6174
DATA ascii
2.101609 11.575004 1.555294
2.063194 11.567618 1.662420
2.093735 11.354826 1.585494
2.053098 11.360254 1.693957
1.849480 11.542618 2.211539
2.203901 11.425348 1.423630
2.193491 11.506730 1.453616
2.194431 11.424455 1.402510
2.230280 11.892807 1.152331
2.350011 11.670127 0.942905
2.226406 11.716455 1.203876
2.352349 11.512542 0.995834
2.026972 11.907199 1.740506
2.173980 11.765035 1.456461
2.224578 11.555527 1.252604
2.276318 11.769475 1.069390
2.021335 11.724043 1.767450
2.166318 11.581210 1.488830
2.203841 11.373838 1.294349
2.270376 11.594243 1.125431
2.369545 11.509617 0.973896
2.018276 11.558819 1.794301
2.154480 11.398645 1.517196
1.944430 11.781896 2.075305
2.070179 11.811558 1.646125
2.178376 11.687522 1.453498
2.246435 11.402141 1.175527
2.317276 11.666487 0.984836
2.010159 11.393744 1.817237
1.954784 11.621407 2.090819
2.063385 11.629728 1.677950
2.176590 11.519288 1.489847
2.195491 11.825806 1.390358
1.955455 11.838325 2.054136
2.283541 11.448403 1.043821
1.961455 11.466453 2.104171
2.044829 11.436954 1.704152
2.100284 11.721655 1.548269
2.186851 11.636158 1.431192
1.957832 11.661458 2.068631
2.095472 11.545056 1.585920
2.186936 11.473927 1.470472
1.970045 11.518905 2.088583
2.149270 11.822539 1.410847
1.851840 11.779303 2.171640
1.975186 11.739472 2.027846
2.217623 11.780743 1.366097
2.083811 11.367301 1.619373
2.328911 11.329195 0.968483
2.140435 11.624384 1.456979
1.861039 11.620130 2.192040
1.979464 11.578759 2.047676
2.199313 11.577212 1.408722
2.123762 11.428429 1.496749
1.856179 11.445303 2.204248
1.997589 11.815833 1.980868
1.954839 11.370129 2.051491
2.187050 11.398692 1.449591
1.909114 11.741867 2.069645
1.998957 11.645971 2.004894
1.907289 11.558858 2.089882
2.001572 11.490543 2.028634
2.310016 12.014856 1.070593
2.285024 11.817379 1.130659
2.286555 12.025859 1.103759
2.315200 11.902163 1.030809
2.153952 11.980952 1.448202
2.086169 12.078142 1.622604
2.351778 11.598904 1.024000
2.278262 11.663437 1.186060
2.264959 11.832595 1.158648
2.277534 12.033964 1.106430
2.101727 12.086965 1.531899
2.265365 12.025570 1.138858
2.301917 11.733852 1.089519
2.139606 11.795023 1.494893
2.088495 11.919978 1.662726
2.304981 11.399012 1.081264
2.268188 11.513575 1.238738
2.264122 11.686416 1.211125
2.256932 11.848802 1.161630
2.256569 12.059587 1.150142
2.094575 11.910406 1.574339
2.255840 11.853053 1.189226
1.890124 12.003121 2.056660
2.072917 11.985663 1.676946
2.281902 11.565981 1.145308
2.121416 11.615185 1.536276
2.079264 11.749858 1.698216
2.222599 12.006804 1.231105
1.842554 12.076216 2.228532
2.253865 11.702512 1.214095
2.254985 11.535605 1.259758
2.063351 12.026482 1.660362
2.245562 11.880075 1.198056
2.086071 11.744369 1.613256
2.055313 12.036016 1.690059
2.251370 11.697860 1.237728
1.832388 12.069548 2.149311
2.064360 11.810416 1.709056
2.259001 11.402681 1.197115
1.890916 11.838253 2.084075
2.098956 11.440949 1.573608
2.065764 11.585337 1.729655
2.215206 11.846818 1.281518
1.842485 11.910477 2.245753
2.245757 11.558916 1.263512
2.057929 11.861507 1.696763
2.242877 11.725063 1.242455
2.055938 11.876008 1.722492
2.240095 11.544863 1.282386
2.073916 11.580004 1.649194
1.817376 12.009980 2.265200
2.054296 11.649369 1.738241
1.838226 11.912183 2.173411
1.890096 11.679727 2.108640
2.201218 11.684307 1.325510
2.045209 11.418688 1.755466
2.050939 11.956397 1.716561
1.843302 11.755506 2.261909
2.010906 11.971107 1.774070
2.360935 11.379786 0.966415
2.217773 11.389239 1.307891
2.044271 11.690866 1.727327
2.228905 11.562415 1.283991
2.324197 11.370061 1.039381
2.053732 11.719684 1.751401
2.216931 11.377498 1.322135
2.059194 11.423496 1.680941
1.824271 11.859385 2.282734
2.055706 11.512589 1.769655
1.841491 11.762829 2.195770
1.799094 11.992546 2.273873
1.882141 11.520994 2.129085
2.197698 11.548467 1.369943
2.011447 11.823526 1.806538
2.050368 11.793430 1.743420
1.849688 11.626806 2.284650
1.813199 11.975286 2.308597
2.046741 11.560571 1.762433
2.207862 11.397797 1.322341
2.041623 11.554551 1.775075
1.829086 11.715527 2.298204
2.034550 11.349717 1.791932
1.839844 11.613374 2.214017
1.803602 11.845531 2.291986
2.175480 11.390087 1.409540
2.000026 11.663191 1.830728
2.044639 11.635966 1.768278
1.859635 11.508739 2.307979
2.025545 11.398725 1.786685
2.025362 11.392369 1.796091
1.829027 11.570683 2.310027
1.828343 11.454076 2.225046
1.800404 11.690694 2.304403
2.004381 11.540944 1.861651
2.043238 11.492040 1.792731
1.818022 11.664780 2.326566
1.814071 11.579701 2.330165
1.981860 11.378784 1.878939
2.026875 11.332361 1.809894
1.822413 11.530807 2.339368
1.810675 11.622350 2.333913
2.296846 12.020562 1.015329
2.280908 11.832892 1.069884
2.227259 11.849917 1.249820
2.247009 11.994983 1.197993
2.277390 11.680192 1.121713
2.330042 11.706566 0.997958
2.110677 11.904402 1.569034
2.258338 11.969109 1.164703
2.226761 11.689711 1.290879
2.195601 12.022872 1.309782
2.243456 11.820488 1.244275
2.153116 11.944881 1.445337
2.270163 11.529284 1.170728
2.315796 11.540976 1.053971
2.104751 11.738070 1.602762
2.252290 11.792392 1.215663
2.221657 11.531068 1.328753
2.040135 11.864944 1.815201
2.275572 11.941693 1.134066
2.231265 11.647038 1.286694
2.185276 11.835897 1.358462
2.151377 11.782197 1.488180
2.241514 11.353396 1.214147
2.047251 11.943195 1.793658
2.233304 11.890156 1.223708
2.286056 11.362801 1.104071
2.088471 11.568643 1.631230
1.880499 11.924725 2.170456
2.235883 11.612587 1.261364
1.926622 12.005858 2.056267
2.320491 11.372062 0.983703
2.040963 11.700667 1.836814
2.227401 11.495720 1.327896
2.140189 11.614747 1.524589
2.266599 11.761250 1.188977
2.174552 11.658753 1.402240
2.046926 11.774620 1.817956
2.228932 11.718498 1.275644
2.058125 11.863367 1.775047
2.075881 11.411576 1.659459
1.963315 11.929910 1.954720
1.883941 11.773241 2.186105
2.241057 11.479658 1.307208
1.926153 11.837080 2.075670
2.031517 11.529613 1.852515
2.116642 11.435004 1.555390
2.072226 11.950333 1.723446
2.259266 11.598949 1.239775
2.175879 11.517077 1.446540
2.044544 11.613745 1.839943
2.052508 11.692666 1.800023
2.217753 11.547457 1.324909
1.886682 11.632197 2.202543
1.965988 11.768134 1.981084
1.931401 11.692765 2.098722
2.012262 11.852271 1.859333
2.012695 11.352015 1.862672
2.075962 11.791891 1.758631
2.257170 11.455696 1.287947
2.044554 11.464499 1.862579
2.043106 11.527430 1.822838
1.881853 11.483158 2.212636
2.191153 11.362054 1.369159
1.959284 11.599811 2.001908
1.931226 11.546100 2.117562
2.012476 11.687388 1.890836
2.070251 11.628681 1.787382
2.019985 11.349050 1.838490
1.940125 11.419959 2.014238
2.011887 11.533723 1.920240
2.066896 11.477992 1.816333
1.849018 11.735271 2.363354
2.345013 12.142152 1.039658
2.325311 11.950346 1.103516
2.361725 11.795793 1.022620
2.176016 12.098890 1.458292
2.310946 11.780764 1.161955
2.119191 12.149284 1.643604
2.350413 11.959888 1.000209
2.279416 12.090168 1.177734
2.346347 11.639294 1.080248
2.180877 11.952273 1.505258
2.155077 12.141671 1.474288
2.299143 11.624949 1.216289
2.337968 11.797620 1.057381
2.116516 11.980634 1.685710
2.270817 11.922232 1.232420
2.337375 11.500840 1.135177
2.173252 11.794354 1.546663
2.343117 11.974502 1.040885
2.164261 11.998778 1.519405
2.281462 11.470713 1.267604
2.326119 11.642682 1.111234
2.111314 11.818969 1.724082
2.261695 11.766833 1.283056
1.970809 12.067296 2.070919
2.390650 11.453253 0.941692
1.864668 12.149530 2.278156
2.069420 12.086618 1.771004
2.243664 12.064093 1.309125
2.376158 11.742122 0.944941
2.161602 11.636589 1.584328
2.339000 12.160011 1.007073
2.348572 12.054947 0.947533
2.321574 11.794917 1.093692
2.159730 11.841928 1.558292
2.316745 11.503428 1.162506
1.959884 11.894586 2.088635
2.242655 11.602792 1.330853
2.094472 11.647139 1.756829
2.156924 12.048228 1.536313
1.872136 11.997056 2.302977
2.233601 11.899529 1.357429
2.070165 11.932698 1.806482
2.153186 11.497556 1.620872
2.328088 11.983063 1.059786
2.375197 11.952828 1.006644
2.310981 11.642325 1.143297
2.147404 11.679189 1.592961
1.964510 11.755750 2.113814
2.225708 11.452912 1.375340
2.090934 11.509670 1.791673
1.947383 11.991970 2.105087
2.154677 11.890433 1.573207
2.228554 11.754043 1.402967
2.058508 11.765565 1.834876
2.361109 11.470249 1.057724
1.870629 11.835008 2.320925
2.312994 11.809957 1.109358
2.347817 11.773336 1.062243
2.199406 12.049927 1.429525
2.149154 12.109186 1.532087
2.307209 11.508419 1.191400
2.134626 11.527220 1.624507
2.035466 12.032161 1.893498
1.962873 11.616971 2.135247
1.946160 11.833219 2.122815
2.149558 11.737217 1.606105
2.206438 11.589199 1.442989
2.047271 11.609600 1.862994
1.936894 12.084386 2.122689
2.313775 11.674311 1.155954
2.337320 11.628751 1.114208
2.187999 11.885938 1.470390
2.145539 11.941600 1.565447
2.120659 11.382240 1.654382
2.032163 11.879115 1.922316
1.944005 11.685781 2.140660
2.134406 11.578013 1.634778
1.987935 12.139240 1.976745
2.188993 11.441024 1.479979
1.937066 11.924443 2.138028
2.297511 11.518570 1.199942
2.026859 11.448633 1.884377
2.334113 11.502454 1.163883
2.178756 11.734344 1.508874
2.148500 11.798303 1.599425
2.022338 11.721803 1.945599
1.948064 11.560367 2.161301
1.989385 11.990404 2.002464
2.129367 11.444080 1.665671
1.939341 11.778076 2.155415
1.931749 12.033135 2.136698
2.167443 11.589489 1.545289
2.138589 11.642186 1.627110
2.010820 11.572759 1.967542
1.981390 11.832389 2.022105
1.940928 11.637420 2.170802
1.935233 11.879483 2.150833
2.156255 11.452359 1.579182
2.131334 11.497335 1.654533
1.995236 11.424758 1.985288
1.980879 11.698167 2.045678
1.941620 11.507189 2.186772
1.930918 11.719949 2.160749
1.973844 11.559680 2.063719
1.940303 11.595703 2.178862
2.282433 12.183396 1.048406
2.310428 12.241677 1.014801
2.251068 12.175051 1.084157
2.246710 12.201392 1.122598
2.164592 12.341206 1.438097
2.269547 12.007557 1.103984
2.265669 12.197172 1.151128
2.290038 12.051209 1.072968
2.227842 12.345387 1.228147
2.346617 11.933442 0.999686
2.241059 12.232298 1.138449
2.247438 12.014211 1.135479
2.089655 12.266680 1.586335
2.063357 12.308712 1.604093
2.040838 12.345206 1.621577
2.240167 12.032817 1.169702
2.157711 12.157707 1.482020
2.126285 12.293562 1.572029
2.262534 11.853755 1.156328
2.077742 12.369511 1.659228
2.259282 12.037436 1.200395
2.279233 11.890502 1.125163
2.222939 12.180847 1.274294
2.231186 12.055464 1.182580
2.323781 11.759831 1.056084
2.246338 11.869106 1.184622
2.077414 12.078805 1.619422
2.052023 12.119108 1.633551
2.043863 12.180287 1.652549
1.931746 12.397700 2.070953
2.238719 11.883357 1.214491
2.049684 12.284435 1.655742
2.357550 11.857352 0.976650
2.163073 12.007584 1.527181
2.115288 12.109286 1.607841
2.247111 11.695508 1.204802
2.078598 12.204663 1.695119
2.247896 11.878736 1.247625
2.219751 12.030021 1.318743
2.273643 11.746216 1.176354
2.226368 11.898645 1.223960
2.038424 12.324039 1.781690
2.318009 11.621098 1.109537
2.233534 11.711383 1.229374
1.823090 12.333642 2.195576
2.075703 11.922053 1.653837
2.063048 11.982014 1.668433
1.856766 12.249613 2.175392
2.056200 12.042963 1.684566
2.233127 11.736057 1.257197
2.045076 12.104576 1.679492
2.334224 11.694515 1.027793
1.942662 12.239229 2.100825
2.377672 11.571243 0.969500
2.108846 11.947276 1.643286
2.152785 11.841530 1.566053
2.085272 12.063725 1.729350
1.891696 12.313991 2.199555
2.246814 11.744109 1.293144
2.242846 11.562460 1.251521
2.212465 11.879480 1.359535
2.262984 11.603783 1.222623
2.220786 11.749390 1.262640
1.812159 12.274640 2.235209
2.039749 12.168316 1.811145
2.228833 11.576753 1.272879
1.825242 12.161411 2.204733
2.307691 11.483024 1.160143
2.077286 11.784935 1.687167
2.060986 11.832368 1.696892
1.849482 12.064924 2.182587
2.058942 11.896770 1.712867
2.220753 11.588362 1.295073
2.052577 11.962737 1.707196
2.328496 11.564382 1.076056
2.373840 11.451311 1.020266
1.942163 12.070381 2.121731
2.346495 11.472261 1.001538
2.110133 11.806937 1.679166
2.086580 11.921424 1.761215
2.139942 11.682586 1.601442
2.232642 11.597909 1.334258
1.888301 12.135455 2.212227
2.204004 11.735981 1.398877
2.245100 11.446578 1.296383
2.217772 11.614971 1.299581
2.267465 11.488956 1.269469
1.815860 12.108253 2.242518
2.040226 12.021952 1.837028
1.853372 12.216099 2.317142
1.836638 12.021580 2.222547
2.234070 11.463792 1.314348
2.067613 11.634828 1.715297
2.053026 11.683532 1.722924
1.857204 11.927936 2.201977
2.049489 11.738258 1.735138
2.214446 11.458211 1.331902
2.047969 11.805804 1.727732
2.337348 11.463943 1.122386
1.934916 11.900243 2.138240
2.101262 11.659825 1.708821
2.073540 11.763950 1.785941
2.191848 11.594270 1.435328
2.231006 11.476836 1.375647
1.817368 12.083440 2.262135
1.897887 11.998095 2.235281
2.134424 11.543813 1.636503
2.214888 11.488342 1.334217
2.040008 11.882332 1.863097
1.833436 11.983268 2.260601
1.862938 12.077676 2.335740
1.840108 11.875057 2.234106
2.065943 11.511559 1.745334
2.052018 11.553444 1.750313
1.857452 11.784859 2.216308
2.050327 11.605771 1.759718
2.045111 11.662663 1.749013
1.933644 11.752377 2.158849
2.069985 11.630474 1.813452
2.092080 11.520876 1.736968
2.195622 11.483077 1.471428
1.827859 11.940370 2.271037
1.898346 11.850517 2.251781
2.036962 11.745622 1.886217
1.831816 11.826084 2.264356
1.867117 11.937811 2.349504
1.840706 11.733322 2.244283
2.062255 11.448695 1.780825
1.855232 11.647092 2.228022
2.048290 11.478064 1.782931
2.047913 11.537511 1.772501
2.065256 11.504033 1.839514
1.934166 11.616422 2.178632
1.831641 11.795110 2.275978
2.028510 11.608448 1.906539
1.894664 11.704128 2.264187
1.836200 11.690272 2.272664
1.868934 11.800565 2.361973
1.838454 11.594503 2.251530
1.859179 11.526126 2.244025
1.834723 11.656595 2.281109
2.030505 11.493702 1.930925
1.894786 11.577153 2.279601
1.836791 11.559024 2.279223
1.866641 11.663610 2.370789
1.852923 11.494162 2.272476
1.836657 11.524223 2.285228
2.177408 12.247129 1.191376
2.205578 12.241436 1.188690
2.169376 12.067149 1.247539
2.196842 12.056958 1.249229
2.152227 12.268354 1.217978
2.165213 11.906917 1.299984
1.952008 12.253399 1.781761
2.192369 11.893599 1.304329
2.312517 11.539271 0.950509
2.157700 12.205572 1.327191
2.150864 12.098215 1.270737
1.971107 12.203901 1.833853
2.163905 11.760232 1.349925
1.957473 12.094906 1.817520
2.344822 11.456428 0.966145
2.316012 11.750613 0.965742
2.180027 11.727893 1.355710
2.318468 11.427161 1.009312
2.291893 12.055730 0.970473
2.149171 12.028281 1.377801
2.146622 11.932584 1.319424
1.979463 12.048774 1.873534
2.110266 12.310578 1.409163
2.147024 11.597463 1.394446
1.959311 11.938018 1.850207
2.140676 12.132118 1.296393
2.302242 11.553932 0.990862
2.300204 11.595699 1.024893
2.165992 11.570086 1.400773
2.281513 11.891682 1.031180
2.143231 11.869109 1.426007
2.144139 11.783926 1.365767
2.247580 12.212007 1.037648
1.972775 11.877007 1.904563
2.108930 12.141849 1.456065
2.140699 11.461978 1.438170
2.303132 11.701029 0.979226
1.948465 11.769845 1.875574
2.143184 11.974566 1.342615
2.305054 11.435148 1.045929
2.292991 11.464085 1.080197
1.939639 12.009371 1.860042
2.172751 11.455131 1.449949
2.267774 11.732535 1.088603
2.130388 11.706809 1.468931
2.132036 11.624539 1.407688
2.240540 12.045354 1.095312
2.141684 12.196227 1.301078
2.108079 11.988462 1.501933
1.963946 11.711941 1.933440
2.292330 11.554391 1.032172
1.948382 11.631702 1.905289
2.293614 11.847063 0.951534
2.136944 11.814408 1.384710
1.920898 11.966806 1.986219
1.939253 11.853783 1.886825
2.265474 11.601650 1.142728
2.069487 12.289120 1.535872
2.126768 11.487215 1.447854
2.121578 11.560734 1.510020
2.234562 11.892608 1.149187
2.133994 12.014348 1.342946
2.106845 11.843011 1.543560
1.963388 11.574191 1.963925
2.287754 11.424986 1.082856
2.280838 11.687843 1.004448
1.949878 11.505474 1.933815
2.128173 11.660294 1.423462
1.917899 11.810432 2.011760
1.932743 11.696378 1.910713
2.066636 12.125462 1.575405
2.252984 11.462185 1.192279
2.124986 11.443506 1.553113
1.930096 11.928976 1.898681
2.222158 11.735626 1.199914
2.134892 11.862924 1.383768
1.886951 12.069611 2.080121
2.097214 11.688625 1.581900
2.276700 11.551047 1.053989
2.120150 11.516955 1.461086
1.935074 11.564137 1.936369
1.922514 11.676711 2.040848
2.064622 11.970819 1.614748
1.836799 12.336707 2.148058
1.933741 11.781739 1.923730
2.211691 11.592811 1.247265
2.123100 11.699498 1.420188
1.884268 11.909205 2.100188
2.084962 11.542045 1.615962
2.310174 11.351314 0.992156
2.282949 11.437193 1.100978
2.116732 11.387685 1.497036
2.060558 11.821828 1.649967
1.940600 11.446256 1.963168
1.916498 11.534646 2.063697
1.841164 12.178199 2.168967
1.928284 11.630368 1.943928
2.205480 11.462531 1.292220
2.115342 11.552299 1.454777
1.881364 11.760361 2.120691
2.082958 11.419615 1.651894
1.924125 11.856133 1.912737
2.057199 11.684493 1.683592
1.841068 12.020159 2.186866
1.930532 11.500604 1.965702
2.124839 11.439918 1.491495
1.884413 11.631883 2.144864
1.927506 11.714179 1.934937
2.048242 11.544066 1.714013
1.844822 11.880431 2.206889
1.886236 11.509480 2.167772
1.926908 11.572302 1.953344
2.053165 11.434052 1.749243
1.848882 11.750990 2.227039
1.930381 11.445048 1.973308
1.843011 11.609130 2.239598
2.264889 12.272659 1.044539
2.300452 12.221677 0.956490
2.321931 12.236501 0.926779
2.110261 12.347896 1.458558
2.157481 12.306914 1.360767
2.255218 12.131309 1.087164
2.286371 12.072802 0.996889
2.305535 12.165436 0.973710
2.109841 12.218470 1.488376
2.308209 12.088487 0.971665
2.166127 12.182736 1.389975
2.163102 12.263970 1.356030
2.255812 12.014544 1.126073
2.182822 12.317018 1.264361
2.286800 11.952406 1.034942
2.161107 12.278363 1.384199
1.964657 12.344588 1.871682
2.319369 12.096347 0.926276
2.298040 12.032593 1.018331
1.969571 12.397442 1.852319
2.178983 12.251300 1.333342
2.115278 12.103671 1.519177
2.192021 12.356465 1.271497
2.166439 12.056256 1.416500
2.300905 11.956229 1.012595
2.256024 11.899995 1.165039
2.166759 12.135725 1.385967
2.178196 12.173034 1.303303
2.285364 11.834462 1.071120
2.148174 12.129011 1.415915
1.924218 12.267509 1.995226
1.975387 12.220690 1.886418
1.958022 12.328355 1.891142
2.224145 12.224641 1.185083
2.318507 11.971899 0.972558
2.291064 11.907614 1.060970
2.333239 11.936573 0.948476
1.976251 12.266875 1.869316
2.118294 11.991713 1.546511
1.986278 12.339540 1.833064
2.168284 12.100981 1.365288
2.200638 12.233824 1.311779
2.165434 11.933665 1.441947
2.295588 11.834342 1.052285
2.355236 11.671267 0.949122
2.249753 11.784370 1.201609
2.165953 12.009438 1.415444
1.988031 12.272153 1.802981
2.281676 11.722077 1.105083
2.032989 12.363240 1.693136
2.150466 12.012290 1.447333
2.182714 12.053820 1.341480
2.342238 11.986055 0.931206
1.924934 12.142797 2.008244
1.983125 12.100341 1.901832
1.966300 12.208831 1.913486
2.219489 12.084642 1.228172
2.302685 11.835851 1.014893
2.286459 11.790808 1.102311
2.316833 11.803980 0.993764
1.992277 12.156473 1.889973
2.110978 11.869848 1.571212
1.995695 12.216168 1.854044
2.172433 11.983661 1.397786
2.166799 11.819244 1.466095
2.181809 12.076587 1.345470
2.293560 11.722612 1.090226
2.247141 11.679447 1.235182
2.351298 11.567786 0.988540
2.164194 11.888501 1.442196
2.281661 11.617652 1.137240
1.995025 12.149185 1.827420
2.143894 11.888172 1.476859
2.180033 11.929376 1.375213
1.933318 12.038823 2.026283
2.037645 12.225700 1.721651
2.006907 12.277438 1.813855
2.326788 11.848125 0.979219
1.987905 11.979568 1.913777
1.967378 12.084076 1.931387
2.374851 11.493526 0.934627
2.301385 11.725531 1.056073
2.279601 11.679563 1.141438
2.219031 11.958621 1.268266
2.312026 11.689358 1.037604
1.990985 12.026001 1.902244
2.110435 11.764590 1.596444
2.001949 12.094543 1.874054
2.177105 11.873282 1.428700
2.155978 11.694608 1.486926
2.287267 11.611582 1.124812
2.188537 11.961909 1.381494
2.238975 11.572690 1.267100
2.336812 11.459313 1.026634
2.168840 11.783625 1.470728
2.273872 11.509617 1.168702
1.936356 11.929929 2.040563
2.146868 11.782961 1.507149
2.004734 12.037995 1.853858
2.175651 11.811016 1.407925
2.008021 12.145352 1.834931
2.037285 12.089598 1.748512
2.320685 11.732790 1.023966
1.993006 11.866990 1.927033
1.968228 11.966997 1.949405
2.338036 11.362140 0.970403
2.277709 11.577893 1.177455
2.293064 11.610871 1.094854
2.375001 11.462165 0.936588
2.210624 11.828107 1.305620
2.307728 11.584420 1.078669
2.111903 11.665122 1.622420
1.990934 11.905713 1.915375
1.998602 11.965938 1.888142
2.153405 11.588169 1.509427
2.169596 11.751773 1.456693
2.289055 11.516031 1.159815
2.243505 11.485847 1.299559
2.347692 11.369073 0.935339
2.190250 11.848665 1.415865
2.163899 11.669024 1.494527
1.931271 11.814732 2.050455
2.259431 11.397791 1.196517
2.141893 11.673250 1.534699
2.000814 11.911021 1.871692
2.016624 12.034032 1.858585
2.169955 11.695631 1.439956
2.358522 11.594393 0.974671
1.993466 11.755476 1.937785
1.971994 11.859522 1.966923
2.042763 11.971780 1.774768
2.309408 11.614345 1.066602
2.278735 11.485826 1.212971
2.293189 11.513155 1.132410
2.207509 11.714437 1.341573
2.095288 11.549065 1.640525
1.999311 11.803596 1.932618
2.315037 11.495613 1.119078
2.003847 11.859138 1.907194
2.154135 11.489137 1.531369
2.162224 11.639400 1.483160
2.254864 11.383923 1.188841
2.212437 11.361169 1.325585
1.937558 11.721803 2.066339
2.180149 11.725752 1.445671
2.155790 11.557083 1.516960
2.135051 11.565989 1.560375
1.997755 11.795511 1.890841
2.013243 11.910324 1.876423
2.163307 11.585594 1.469263
1.995935 11.649753 1.949281
1.974615 11.757732 1.985010
2.348494 11.484302 1.018960
2.307876 11.513548 1.107106
2.040300 11.847638 1.799078
2.264895 11.387419 1.165990
2.081599 11.440783 1.658923
2.196449 11.595360 1.375183
2.000113 11.696614 1.946269
1.998410 11.739744 1.919921
2.131790 11.369450 1.546169
2.154298 11.527441 1.508035
1.943083 11.632361 2.082735
2.177747 11.619601 1.476350
2.162024 11.468451 1.542722
2.122652 11.457808 1.583998
2.006827 11.699711 1.915072
2.013499 11.799461 1.896205
1.997258 11.549714 1.961347
1.973914 11.653142 2.001670
2.162905 11.487066 1.499891
2.273847 11.383557 1.143516
2.038902 11.732790 1.822203
2.000143 11.594951 1.959639
2.204712 11.505496 1.410597
2.003961 11.644811 1.938697
1.932585 11.524477 2.089428
2.166043 11.448292 1.537995
2.164453 11.504859 1.502383
1.998191 11.586969 1.930542
2.014283 11.693725 1.915155
2.007396 11.464742 1.977824
1.970961 11.553205 2.016474
2.137952 11.366303 1.522198
2.025123 11.608691 1.839116
2.001626 11.497670 1.972886
2.172018 11.371978 1.436144
2.002688 11.541579 1.953288
1.926637 11.428713 2.098756
2.147044 11.392652 1.526665
1.957851 11.443966 2.024929
2.014282 11.593334 1.933791
2.035064 11.519832 1.866568
2.008915 11.456353 1.971663
2.011873 11.493041 1.950156
2.226256 12.282254 1.158600
2.234996 12.148464 1.128928
2.229023 12.163295 1.199722
2.069011 12.298584 1.565172
2.069796 12.315571 1.625211
2.195476 12.252346 1.198667
2.233336 12.028609 1.170814
2.226236 12.043305 1.238828
2.078232 12.184887 1.597663
2.056522 12.169465 1.647058
2.206485 12.161480 1.223652
2.301094 12.226479 0.934989
2.198153 12.136147 1.238626
2.232918 11.916817 1.211116
1.885259 12.326365 2.096889
2.340604 11.781858 0.965027
2.211919 11.917038 1.274253
2.075893 12.059451 1.626384
2.027324 12.243264 1.668298
1.885194 12.284378 2.133010
2.070573 12.074576 1.677458
1.831702 12.301338 2.237936
2.211165 12.052630 1.260312
2.303349 12.113640 0.980385
2.324714 11.890033 0.959210
2.044825 12.213895 1.659011
2.193864 12.016382 1.275815
2.328711 11.880665 0.964879
2.357297 11.676764 0.943474
2.223712 11.800188 1.248363
2.163025 12.221806 1.308490
1.887160 12.198604 2.112092
2.329673 11.675159 1.007931
2.216129 11.817713 1.310317
2.199349 12.172729 1.249028
2.082767 11.955846 1.657220
2.037211 12.138011 1.697619
1.886335 12.163422 2.143894
1.859427 12.345900 2.147990
2.307110 12.197816 0.924232
2.072030 11.965055 1.702478
1.843654 12.198319 2.254406
2.207984 11.939119 1.294256
2.320000 11.979013 0.971014
2.048923 12.103078 1.683379
2.292361 11.989585 1.023380
2.319190 11.782576 1.002483
2.004655 12.326591 1.749375
2.258423 12.210709 1.044682
2.200847 11.917570 1.312892
2.316310 11.766868 1.006543
2.171660 12.116975 1.344085
2.342345 11.567900 0.986675
2.048944 12.276780 1.677384
2.224067 11.699580 1.286775
1.879596 12.063682 2.121388
2.321341 11.574508 1.049513
2.208837 11.711188 1.343088
2.205163 12.062828 1.283131
1.844198 12.249202 2.194193
2.078409 11.841978 1.682643
1.864970 12.226766 2.157737
1.888400 12.049040 2.154832
2.046087 12.035353 1.725442
2.312100 12.086148 0.964528
2.072941 11.861402 1.726018
1.854573 12.098806 2.268986
2.195501 11.819326 1.324339
2.311887 11.864321 1.010269
2.196799 12.196807 1.258280
2.058478 12.002464 1.708320
2.253049 12.091051 1.084841
2.282125 11.871233 1.064377
2.005860 12.206148 1.771754
2.310831 11.676447 1.043968
2.311861 11.666589 1.046179
2.193580 11.803741 1.346351
2.171160 12.006741 1.377870
2.039687 12.138968 1.692934
2.309776 11.445083 1.029001
2.212347 11.592161 1.320307
1.891070 11.964994 2.142916
2.039089 12.326201 1.672874
2.200372 11.946817 1.313890
2.327321 11.492264 1.089873
2.196918 11.603809 1.374177
1.850989 12.138406 2.208089
2.300673 11.964002 1.001866
1.871575 12.116003 2.169195
1.886334 11.936159 2.164500
1.854530 12.304372 2.178725
2.069424 11.727257 1.706385
2.042835 11.921336 1.747904
2.064579 11.750550 1.746088
1.855566 11.988852 2.277635
2.191655 11.715377 1.355247
2.198178 12.079329 1.287697
2.301837 11.752049 1.047684
2.248455 11.976177 1.123395
2.275765 11.766047 1.102844
2.060175 11.897186 1.730544
2.018263 12.109686 1.798584
2.299582 11.573477 1.082879
2.305908 11.566545 1.083902
2.183944 11.694513 1.378041
2.170544 11.900195 1.410102
1.968586 12.285460 1.844485
2.132261 12.098737 1.439926
2.044863 12.028945 1.713971
2.306219 11.358704 1.068012
2.212795 11.500403 1.353971
2.043125 12.204166 1.691328
2.200440 11.842316 1.343243
1.891667 11.856606 2.157783
2.194941 11.512088 1.405573
2.289351 11.369020 1.126483
2.343842 11.421410 0.918658
2.337190 11.831432 0.937317
2.346068 11.415039 0.918787
1.854056 12.027842 2.220252
2.294589 11.849353 1.038512
1.876742 12.010013 2.179226
1.855586 12.179505 2.183011
1.891939 11.841046 2.179611
2.042815 11.817523 1.771116
1.842709 12.066478 2.296365
2.065466 11.624920 1.730771
2.060373 11.650075 1.767245
1.856043 11.883846 2.285195
2.192733 11.960075 1.316001
2.186770 11.614935 1.384261
2.300258 11.654738 1.083873
2.253172 11.879192 1.159888
2.016117 11.995524 1.818087
2.265703 11.660181 1.139967
2.058526 11.791788 1.750176
2.266940 11.452219 1.118681
2.316552 11.489450 1.120708
2.163834 11.792085 1.439116
1.980275 12.187583 1.868070
2.175036 11.591896 1.407339
2.134598 11.992394 1.469874
2.051942 11.930215 1.735883
2.046236 12.088355 1.709157
2.188507 11.390215 1.381921
2.193626 11.731498 1.370999
1.894602 11.757323 2.173453
2.335492 11.732584 0.977587
2.170861 11.400670 1.430615
2.356216 11.539450 0.969346
1.849370 12.270271 2.188727
2.283771 11.737511 1.071905
1.859107 11.925822 2.234465
1.879651 11.904959 2.189056
1.869070 12.081470 2.195795
1.893277 11.745633 2.191791
1.845279 11.959664 2.302089
2.040456 11.717392 1.792951
1.860984 11.791886 2.297550
2.056056 11.553281 1.786847
2.069770 11.538763 1.756837
2.193560 11.854869 1.343650
2.238698 11.764822 1.192703
2.291742 11.552941 1.117679
2.182289 11.519622 1.412522
2.016282 11.891386 1.838001
2.266285 11.571103 1.174902
2.051735 11.684087 1.767322
2.273122 11.375147 1.155851
1.977799 12.071651 1.883472
2.139568 11.897556 1.498593
2.160762 11.692909 1.468415
2.280532 11.368990 1.153525
2.187567 11.518526 1.439950
2.056625 11.830624 1.755935
2.049864 11.980386 1.727502
2.349024 11.608827 0.950690
2.188549 11.631090 1.397577
2.328100 11.407640 0.977582
2.325036 11.627979 1.015188
2.319352 11.417236 1.008347
1.898678 11.663661 2.192009
2.352703 11.381958 0.938337
1.856325 12.153410 2.193516
2.283298 11.640066 1.105144
1.869776 11.968831 2.200756
1.881666 11.805205 2.198650
1.863289 11.828189 2.248834
1.895592 11.654956 2.204803
1.838227 12.035271 2.320721
1.847006 11.856321 2.308360
1.858335 11.692200 2.305062
2.030128 11.609888 1.810797
2.063428 11.476431 1.811605
2.187453 11.745175 1.368917
2.235958 11.668301 1.225721
2.047565 11.424428 1.772248
2.294063 11.467894 1.151741
2.166687 11.416758 1.436630
2.016092 11.793080 1.858873
2.255964 11.473522 1.208520
2.048697 11.588025 1.786017
1.837486 11.994736 2.319671
1.980106 11.970254 1.902032
2.129369 11.787519 1.523351
2.145999 11.586567 1.491974
2.054322 11.728373 1.772821
2.154297 11.397150 1.462689
2.053405 11.875186 1.744686
2.349653 11.518824 0.986035
2.181565 11.532184 1.422703
2.327044 11.541432 1.050887
2.361587 11.489946 0.968228
1.868205 12.052878 2.203123
1.896501 11.567550 2.205296
2.282684 11.547220 1.136434
1.876737 11.871428 2.210409
1.881777 11.706948 2.206794
1.896117 11.568481 2.217631
1.837777 11.923429 2.322516
1.866464 11.733143 2.261701
1.851125 11.760251 2.316216
2.038123 11.366191 1.821601
2.037033 11.529761 1.835536
2.179875 11.641172 1.392360
2.236336 11.579268 1.258220
2.016171 11.698103 1.877334
2.268145 11.357302 1.181471
2.245474 11.381454 1.239795
2.051610 11.504515 1.805693
1.981406 11.871446 1.919088
1.833670 11.883960 2.324212
2.126341 11.692612 1.547398
2.158817 11.515602 1.522561
2.046362 11.622374 1.786416
2.056049 11.775288 1.761633
2.317808 11.402320 1.020233
2.169007 11.433154 1.445410
2.293806 11.421482 1.084725
2.328930 11.375982 1.003356
1.830631 12.000949 2.322749
1.871087 11.942079 2.207137
2.304617 11.483482 1.168082
1.891498 11.472757 2.216791
1.885833 11.620291 2.218929
1.878966 11.770451 2.217111
1.839669 11.820690 2.325111
1.907921 11.496843 2.236381
1.858247 11.626953 2.267101
2.178679 11.547545 1.416713
2.241980 11.500464 1.288846
2.013628 11.418037 1.846992
2.004641 11.593214 1.891231
2.029460 11.394444 1.815854
1.984172 11.779736 1.937388
2.121461 11.597372 1.570777
2.135756 11.406802 1.543478
2.046829 11.533436 1.803740
2.052632 11.672906 1.775752
1.835186 11.896016 2.325097
1.872557 11.835135 2.210113
1.880845 11.675300 2.224770
1.888935 11.534389 2.230344
1.882236 11.384317 2.230789
1.890871 11.387383 2.232207
1.874037 11.558699 2.290915
2.195713 11.478445 1.443736
2.213517 11.387205 1.315043
2.014665 11.520560 1.915447
1.984491 11.688990 1.953041
2.129947 11.521555 1.597943
2.040769 11.438744 1.818215
2.046931 11.572375 1.789275
1.880876 11.742125 2.219758
1.882236 11.584176 2.231728
1.884375 11.443501 2.235737
2.160054 11.355909 1.458874
1.996420 11.416338 1.923760
1.977361 11.592311 1.965506
2.098211 11.403956 1.611615
2.054625 11.490349 1.806977
1.882431 11.645216 2.223330
1.897516 11.514194 2.249015
1.980529 11.512127 1.982769
2.032508 11.379078 1.811803
1.884204 11.553747 2.229445
1.875208 11.400605 2.240692
1.964893 11.413928 1.989752
1.904157 11.489193 2.248925
1.878271 11.370957 2.235081
2.311640 12.220628 0.982229
2.310606 12.228741 0.993903
2.348716 12.200278 0.929341
2.331728 12.249310 0.941884
2.237427 12.279405 1.202973
2.253814 12.261113 1.178099
2.285286 12.253407 1.080817
2.307809 12.112184 1.023552
2.305398 12.116848 1.032354
2.253194 12.292190 1.184605
2.337034 12.083585 0.970029
2.140429 12.331594 1.477844
2.314764 12.252455 0.973961
2.349266 12.126332 0.933198
2.322402 12.132629 0.984914
2.244572 12.181102 1.236210
2.180651 12.339537 1.385797
2.251487 12.154979 1.214477
2.264170 12.301247 1.147567
2.335587 12.145770 0.921258
2.206140 12.341679 1.281653
2.117274 12.359416 1.536078
2.279659 12.144530 1.121374
2.121485 12.283402 1.558764
2.298657 12.009668 1.069307
2.301139 12.005877 1.062565
2.252757 12.182824 1.220818
2.326410 11.974970 1.009183
2.141354 12.227304 1.507978
2.303804 12.134388 1.019075
2.272501 12.295428 1.111573
2.335382 12.014052 0.976927
2.355343 11.991937 0.939934
2.314546 12.023698 1.025568
2.242071 12.074144 1.268071
2.189611 12.244321 1.421059
2.242005 12.045391 1.248652
1.993667 12.369043 1.893893
2.253862 12.181675 1.186484
2.357197 12.139151 0.909988
2.130802 12.351806 1.523555
2.336093 12.047413 0.965420
2.026198 12.382895 1.803961
2.210996 12.238979 1.320220
2.130887 12.264095 1.565395
2.276534 12.040860 1.161099
1.955878 12.381827 1.993325
2.120493 12.171556 1.581458
2.302422 11.913918 1.098638
2.297328 11.912560 1.103758
2.318564 11.873982 1.045491
2.244248 12.069811 1.254464
2.140773 12.126826 1.537023
2.247075 12.232144 1.216612
2.299096 12.030222 1.062949
2.272724 12.190129 1.154791
2.328278 11.910798 1.018062
2.349453 11.893096 0.981101
2.309912 11.923848 1.064204
2.241022 11.974945 1.297559
2.170530 12.117940 1.450014
2.242360 11.951429 1.282683
1.996811 12.266447 1.914957
2.365080 11.924040 0.923423
2.141546 12.332071 1.510900
2.255577 12.078724 1.224767
2.345871 12.025009 0.959273
2.138453 12.249510 1.555042
2.331248 11.946012 1.008121
2.027915 12.274339 1.829057
2.193518 12.111457 1.353979
2.121630 12.144334 1.588302
2.269599 11.940060 1.197777
1.971730 12.285493 2.012291
2.125870 12.073559 1.605360
2.293633 11.818143 1.137138
2.298798 11.820372 1.134079
2.059879 12.301967 1.735775
2.313124 11.780037 1.080186
2.246391 11.974462 1.287560
1.972619 12.341914 2.009431
2.137845 12.026334 1.563712
2.357159 11.963775 0.951319
2.096457 12.319779 1.639207
2.238610 12.114771 1.257929
1.957517 12.376290 1.976601
2.293719 11.929200 1.104044
2.315223 11.808505 1.057029
2.268013 12.081453 1.195703
2.338122 11.793047 1.020032
2.306822 11.829919 1.101245
2.237651 11.877520 1.326364
2.176498 12.027642 1.481814
2.244257 11.863387 1.315119
2.004598 12.175458 1.937264
2.356259 11.823050 0.967533
2.151437 12.234343 1.545234
2.362834 11.806065 0.944362
2.251758 11.976400 1.260036
2.332833 11.916564 1.004246
2.122700 12.123158 1.578513
2.035955 12.180550 1.854972
2.312741 11.834573 1.049194
2.125708 12.048258 1.614342
2.202304 12.024429 1.390621
1.976804 12.182197 2.026283
2.263809 11.842809 1.232420
2.131510 11.980697 1.628528
2.291082 11.727274 1.168483
2.291500 11.726940 1.167638
2.059852 12.193886 1.762174
2.309318 11.690176 1.114063
2.236569 11.869527 1.317322
1.976106 12.233617 2.024621
2.141793 11.937519 1.591541
2.347105 11.861071 0.996675
1.974335 12.288227 2.002230
2.288933 11.834814 1.142786
2.308530 11.715567 1.094248
2.088454 12.195570 1.666862
2.230247 12.003501 1.295676
2.325793 11.694641 1.057807
2.260491 11.974016 1.234714
2.296167 11.730171 1.135643
2.231070 11.778960 1.352830
2.006054 12.080355 1.955678
1.976488 12.338861 1.975069
2.174528 11.930941 1.512204
2.229789 11.761993 1.343530
1.877774 12.365966 2.235093
1.911628 12.402792 2.140274
2.337994 11.719456 1.009155
2.239866 11.870428 1.292732
2.349342 11.706825 0.985442
2.134522 12.107156 1.572006
2.040739 12.086543 1.878160
2.126850 12.027953 1.606607
2.326600 11.818929 1.048298
2.308770 11.742238 1.087521
2.133588 11.959961 1.640357
2.194789 11.920424 1.422338
1.976917 12.073741 2.036296
2.258284 11.750692 1.266330
2.132170 11.885377 1.649002
2.285301 11.637974 1.198775
2.284883 11.638308 1.199620
2.304470 11.602873 1.146395
2.060135 12.090024 1.788226
2.232227 11.775532 1.346638
2.142929 11.849939 1.617471
1.979392 12.131708 2.039533
2.380636 11.721164 0.917256
1.980460 12.186871 2.020704
2.328932 11.755633 1.039070
2.309460 11.635469 1.130142
2.278351 11.735931 1.179238
2.232491 11.910812 1.332487
2.088943 12.089827 1.696133
2.332448 11.618183 1.093916
2.297933 11.649403 1.169848
2.224705 11.686453 1.378175
2.260547 11.880343 1.272013
2.004835 11.983735 1.973357
2.164857 11.831174 1.538787
2.230509 11.679270 1.373248
1.988090 12.244994 2.000400
1.882572 12.260229 2.251089
1.917632 12.293535 2.160639
2.336499 11.635036 1.047932
2.143125 12.019292 1.604129
2.347428 11.622742 1.025062
2.237038 11.777124 1.326077
2.032623 11.980964 1.895969
2.132171 11.938084 1.634337
2.305880 11.657072 1.124713
2.129920 11.861746 1.662192
2.309219 11.713747 1.088611
1.977763 11.973663 2.048076
2.256071 11.665816 1.298999
2.127014 11.788269 1.668473
2.184906 11.819113 1.452985
2.278504 11.553019 1.229197
2.279385 11.551435 1.227894
2.134685 11.756138 1.640018
2.301211 11.520570 1.177521
2.231642 11.690231 1.375541
2.063266 11.994658 1.813494
1.976438 12.023853 2.051327
2.371311 11.625793 0.954116
2.369828 11.627952 0.962005
1.982911 12.085633 2.037294
2.300193 11.547110 1.163058
2.318845 11.661793 1.079684
2.275881 11.650429 1.215583
2.315731 11.523953 1.126646
1.998544 11.886497 1.987568
2.289503 11.560372 1.201075
2.221791 11.598435 1.403442
2.226752 11.812637 1.367499
2.248173 11.778337 1.306433
2.098967 11.999991 1.728556
2.221477 11.589741 1.400817
2.162970 11.743285 1.566883
1.992472 12.144106 2.020180
1.885093 12.155350 2.266789
2.326094 11.547631 1.085826
2.233031 11.689130 1.356715
2.030966 11.887396 1.915764
1.917350 12.179250 2.177496
2.138431 11.917481 1.630431
2.346241 11.542537 1.063493
2.123731 11.835522 1.656705
2.125209 11.766093 1.682484
1.975398 11.872456 2.057516
2.298963 11.568733 1.159970
2.125216 11.697487 1.687091
2.314295 11.636781 1.128867
2.245385 11.574920 1.328656
2.186628 11.734742 1.483845
2.279511 11.477233 1.259845
2.277689 11.472338 1.256145
2.134225 11.674211 1.664077
2.300402 11.444385 1.207426
2.225705 11.601891 1.402985
2.055620 11.892332 1.833789
1.974608 11.922256 2.062370
2.370730 11.546079 0.996206
2.362705 11.542565 1.004282
1.977705 11.980418 2.050464
2.302667 11.472936 1.197350
1.993913 11.795131 2.002633
2.271461 11.567281 1.250014
2.315120 11.577302 1.118551
2.211572 11.509725 1.425346
2.319066 11.450903 1.160919
2.283151 11.476879 1.232311
2.213125 11.505009 1.426808
2.239556 11.685029 1.340443
2.220832 11.718143 1.400950
2.161810 11.659277 1.593790
2.095999 11.900418 1.754821
1.982558 12.030911 2.032993
1.890045 12.059299 2.282549
2.221041 11.595654 1.385556
2.028357 11.794553 1.934789
2.326098 11.470053 1.122611
2.133582 11.821140 1.656846
2.126502 11.752022 1.681805
2.336165 11.456643 1.099755
1.915914 12.072070 2.193317
2.123882 11.678552 1.703595
1.975953 11.780611 2.068232
2.124170 11.612372 1.706192
2.292682 11.486109 1.193264
2.239363 11.492919 1.358273
2.299139 11.542318 1.166009
2.177781 11.641529 1.512956
2.128341 11.588373 1.684616
1.975234 11.831275 2.075148
2.215695 11.511296 1.428107
2.047466 11.792188 1.854143
2.357302 11.458364 1.036265
2.353189 11.458078 1.043817
1.973179 11.880006 2.062057
1.998091 11.715792 2.022030
2.213630 11.434814 1.450230
2.265601 11.484318 1.282461
2.301181 11.417451 1.263722
2.312122 11.496690 1.156229
2.218657 11.436362 1.453298
2.144166 11.561975 1.614223
2.230224 11.595780 1.371289
1.982249 11.934493 2.051019
2.211194 11.624682 1.432132
2.088542 11.798926 1.779609
1.892674 11.965025 2.297626
2.028623 11.711987 1.954706
2.220303 11.515826 1.414558
2.133351 11.734613 1.682832
2.119097 11.657560 1.702638
2.118881 11.591127 1.722826
1.986205 11.703699 2.084938
1.921055 11.976851 2.213573
2.113744 11.521040 1.721911
2.304731 11.422417 1.228135
2.245545 11.423848 1.388809
2.121486 11.505964 1.705674
2.174878 11.557999 1.541166
2.295608 11.462089 1.202079
1.976704 11.744126 2.089185
2.221318 11.440814 1.455367
2.052829 11.712042 1.879187
1.974322 11.791350 2.077714
1.997197 11.635831 2.037961
2.231015 11.380548 1.310078
2.310714 11.421075 1.192702
2.143995 11.486977 1.639210
1.983510 11.845781 2.069124
2.228741 11.514785 1.402750
2.201864 11.535439 1.462970
2.085658 11.708168 1.803581
1.891185 11.869416 2.309992
2.030196 11.632003 1.975425
2.223013 11.440484 1.443483
2.122923 11.639831 1.705838
2.115474 11.573578 1.724734
2.109761 11.502369 1.739349
1.983928 11.615806 2.095032
2.114640 11.444221 1.739850
1.923383 11.882872 2.231928
2.131751 11.442565 1.731231
2.170024 11.476822 1.567463
1.978084 11.658822 2.102437
2.054518 11.632010 1.902349
2.001130 11.563795 2.056689
1.976681 11.707110 2.093398
2.127386 11.397772 1.658111
1.979345 11.753162 2.083708
2.224029 11.435356 1.433159
2.204694 11.460041 1.494340
2.077375 11.615289 1.825704
1.894012 11.783905 2.325223
2.022760 11.546384 1.991529
2.114039 11.550967 1.727252
2.115300 11.494082 1.746754
2.119185 11.435143 1.763632
1.989108 11.538280 2.108260
1.922454 11.788677 2.247556
1.980215 11.579184 2.116174
2.042373 11.538427 1.918089
2.001407 11.489172 2.072251
1.980327 11.628155 2.111169
1.980406 11.670843 2.101530
1.892349 11.696476 2.338979
2.022736 11.472049 2.010379
2.074709 11.530589 1.848546
2.117647 11.421571 1.769614
2.111704 11.472269 1.751429
1.986234 11.454407 2.117630
1.982285 11.503170 2.130794
1.918742 11.697506 2.262954
1.987299 11.404084 2.080068
2.051017 11.470931 1.944438
1.978882 11.546788 2.123792
1.981832 11.591810 2.119383
2.011921 11.388968 2.022572
2.076468 11.454135 1.875014
1.986097 11.429393 2.145363
1.921646 11.615575 2.281492
1.980996 11.472553 2.140069
1.977749 11.510704 2.132940
1.917263 11.530253 2.295382
1.981732 11.440444 2.153297
1.924019 11.459669 2.317238
2.331672 12.352968 0.965535
2.283407 12.332174 1.124806
2.325173 12.253552 0.988584
2.279892 12.304999 1.105471
2.323029 12.244550 1.003843
2.184692 12.320632 1.365593
2.276767 12.226685 1.159483
2.315894 12.148347 1.024256
2.270007 12.193935 1.137251
2.186936 12.328165 1.397642
2.308420 12.133649 1.039197
2.306869 12.322459 1.031729
2.292644 12.316045 1.070722
2.185543 12.222697 1.391582
2.060759 12.398212 1.751039
2.277932 12.135759 1.192296
2.314886 12.055532 1.057941
2.048376 12.360931 1.731406
2.278192 12.109158 1.168675
2.183016 12.227727 1.425857
2.301307 12.034870 1.074634
2.346712 12.174576 0.964182
2.285440 12.199847 1.070704
2.225713 12.333435 1.308386
2.351610 12.157098 0.960281
2.282992 12.206630 1.106683
2.190442 12.313177 1.360323
2.174183 12.111876 1.413275
2.062663 12.303971 1.772625
2.273698 12.041009 1.224054
2.301827 11.953345 1.090739
2.051421 12.259426 1.748119
2.268511 12.007880 1.198035
2.187978 12.141025 1.455352
2.305297 12.332418 1.019889
2.097458 12.411545 1.665923
2.337087 12.072381 1.002092
2.304995 12.129551 1.107788
2.223393 12.232654 1.341001
2.345086 12.060573 0.998654
2.284249 12.112930 1.140615
2.062220 12.208886 1.792282
2.191401 12.216081 1.388402
2.186067 12.034108 1.440286
2.340315 12.229158 0.970482
2.266248 11.947921 1.254859
2.306776 11.874769 1.121823
2.055749 12.166852 1.765552
2.265800 11.918225 1.226250
2.186111 12.049812 1.482215
2.255407 12.337665 1.209429
2.301634 12.229108 1.059848
2.050785 12.325673 1.739854
1.905587 12.354454 2.213643
2.096497 12.308764 1.690604
2.319829 11.966337 1.039084
2.296561 12.030942 1.143739
2.188864 12.302328 1.336573
2.212042 12.126410 1.371488
2.329595 11.956737 1.035634
2.276924 12.016123 1.172899
2.119612 12.421837 1.569310
2.067638 12.123626 1.814459
2.185707 11.944376 1.462635
2.181143 12.108035 1.414252
2.263553 11.861892 1.284050
2.329096 12.123738 1.011228
2.057327 12.073760 1.781911
2.302791 11.787953 1.151880
2.270124 11.838337 1.254052
2.185880 11.964523 1.507604
2.326349 12.349393 0.966861
2.252887 12.235256 1.246090
2.290706 12.122544 1.097667
2.047141 12.219556 1.756390
1.906438 12.259232 2.224634
2.052467 12.398902 1.711308
1.882274 12.311978 2.334559
2.095373 12.210626 1.713457
2.322782 11.884861 1.073857
2.289250 11.937757 1.177000
2.202512 12.219574 1.369817
2.215245 12.041121 1.401989
2.324610 11.868939 1.071438
2.272184 11.924497 1.204437
1.938034 12.373956 2.133555
2.127466 12.327446 1.600771
2.066163 12.035702 1.833272
2.296162 12.333119 1.106089
2.178084 11.851386 1.482840
2.180074 12.016172 1.439422
2.260727 11.779579 1.311778
2.352885 11.995184 0.972071
2.064252 11.989985 1.799576
2.298242 11.706107 1.180963
2.316864 12.020942 1.050518
2.267185 11.755191 1.279711
2.181985 11.878537 1.531559
2.322085 12.244790 1.011725
2.367117 11.975546 0.951176
2.247042 12.133679 1.279727
1.908042 12.168824 2.234158
2.057505 12.135784 1.779161
2.282670 12.023615 1.132781
2.050795 12.293037 1.731017
1.890500 12.219915 2.341975
2.100015 12.125086 1.737727
2.286292 11.851957 1.209500
2.313169 11.793509 1.106528
2.210736 11.950219 1.429867
2.186513 12.106161 1.396217
2.318130 11.782329 1.104938
1.939523 12.275532 2.147247
2.209744 12.308971 1.316627
2.273967 11.842134 1.234345
2.064653 11.948720 1.851724
2.116712 12.214386 1.624819
2.178523 11.769173 1.505065
2.283657 12.218798 1.146144
2.186153 11.934910 1.466251
1.959855 12.399024 2.041688
2.251554 11.694187 1.337724
1.884873 12.354220 2.338139
2.063432 11.901517 1.814250
2.344539 11.901947 1.010722
2.293114 11.625622 1.208103
2.176707 11.794568 1.555280
2.256646 11.667266 1.304816
2.314657 11.932754 1.087783
2.360135 11.884843 0.990670
2.305624 12.130914 1.053269
2.239748 12.035975 1.312397
1.912536 12.087011 2.248782
2.056844 12.042673 1.795674
2.281268 11.934786 1.168335
2.057718 12.202069 1.754926
1.903817 12.137401 2.353991
2.089730 12.025202 1.756991
2.160984 12.332396 1.505634
2.281919 11.769100 1.241400
2.303908 11.707306 1.138585
2.206578 11.864465 1.457131
2.189232 12.019456 1.425885
1.936398 12.177155 2.158777
2.059709 12.366952 1.703208
2.309785 11.696306 1.137358
2.059929 11.863395 1.869224
2.269915 11.757198 1.263687
2.214662 12.216019 1.352030
2.369899 12.026467 0.952637
2.115291 12.117419 1.650622
2.176600 11.690641 1.525963
2.182655 11.848600 1.489367
2.248132 11.617784 1.364120
2.286994 12.126215 1.185342
1.965741 12.303473 2.062193
1.896037 12.265281 2.350425
2.065791 11.820485 1.831097
2.171732 11.713061 1.577053
2.283406 11.544264 1.233446
2.244547 11.582374 1.326883
2.335178 11.811329 1.047918
2.306585 11.842920 1.124114
2.343206 11.788502 1.027676
1.915934 12.006048 2.260247
2.302291 12.037315 1.093244
2.236839 11.944734 1.344673
2.060279 11.957178 1.814721
2.278307 11.848992 1.200850
2.058661 12.108618 1.775833
1.904230 12.042510 2.357690
2.093838 11.943724 1.780663
2.150094 12.215862 1.534468
2.306938 11.634803 1.168851
2.274284 11.685223 1.271010
2.206436 11.784570 1.485224
2.371524 11.915813 0.944210
2.190969 11.934439 1.454467
1.936452 12.086218 2.172480
2.313297 11.625235 1.168473
2.058673 11.784342 1.885969
2.064041 12.270814 1.727887
2.266617 11.677081 1.291560
2.202418 12.108691 1.382567
2.119975 12.034571 1.676251
2.357756 11.929052 0.994628
2.165565 11.604891 1.543026
2.178238 11.762132 1.512130
2.240563 11.539254 1.388231
2.166226 11.635593 1.598218
1.896947 12.167270 2.354377
1.965085 12.202250 2.077144
2.063006 11.735390 1.843596
2.290645 11.479245 1.260508
2.275050 12.022299 1.221731
2.249025 11.513225 1.351891
2.330541 11.728694 1.083128
2.307718 11.764733 1.159160
1.911619 11.919473 2.269088
2.339051 11.707297 1.063737
2.293011 11.940315 1.130584
2.232483 11.857360 1.375982
2.063584 11.875395 1.832307
1.894294 12.300797 2.332340
2.274878 11.765395 1.233493
2.059474 12.018880 1.795277
2.092820 11.861787 1.800957
1.999463 12.327333 1.973981
2.156974 12.126782 1.565838
2.294800 11.551802 1.198372
2.270117 11.607621 1.299865
2.199399 11.702014 1.509952
2.056001 11.708223 1.902114
1.934977 11.997383 2.183512
2.181794 11.840920 1.478864
2.299358 11.540955 1.197641
2.367300 11.829270 0.985777
2.062940 12.171775 1.751147
2.248891 11.587661 1.316242
2.202143 12.017159 1.413867
2.169791 11.535030 1.563525
2.117522 11.944768 1.701209
2.345917 11.834110 1.034670
2.180938 11.687181 1.536183
2.245941 11.474827 1.414207
2.163369 11.561449 1.619371
2.063401 11.657725 1.858269
1.962580 12.105221 2.091984
2.260604 11.451982 1.377222
2.273645 11.933493 1.257305
2.321324 11.645187 1.116544
1.915448 11.845418 2.281652
2.300736 11.681263 1.192440
2.334797 11.628885 1.098702
2.223948 11.768787 1.404641
2.291218 11.855443 1.167986
2.057342 11.787642 1.846547
1.895344 12.202689 2.338744
2.270838 11.684084 1.263826
2.061186 11.933870 1.815692
2.083236 11.772214 1.819002
2.001436 12.226781 1.995764
2.262223 11.531173 1.326550
2.305234 11.489670 1.227008
2.151657 12.028425 1.593889
2.060172 11.640248 1.921875
2.196748 11.625912 1.534286
1.935912 11.915714 2.198795
2.177454 11.756214 1.503347
2.300907 11.473256 1.226580
2.062159 12.078809 1.773425
2.353982 11.739117 1.024483
2.251680 11.518068 1.342980
2.177181 11.468995 1.585229
2.199537 11.928391 1.444205
2.169096 11.602092 1.554974
2.112659 11.855970 1.723503
2.161844 11.490774 1.641006
2.377524 11.713691 0.985630
2.334801 11.744919 1.072874
2.059214 11.579185 1.871145
1.954978 12.006810 2.103815
1.918841 11.772628 2.294711
1.899192 12.334760 2.312074
2.314724 11.565933 1.149578
2.265009 11.840508 1.291108
2.293624 11.601510 1.224257
2.325481 11.548172 1.131024
2.227383 11.695996 1.434063
2.062877 11.714053 1.865584
2.285246 11.769372 1.202738
2.065081 11.854359 1.836213
2.255052 11.595854 1.291316
2.085331 11.699575 1.840740
2.272256 11.469391 1.356045
2.000483 12.126727 2.013669
2.279485 11.400338 1.252603
2.054717 11.564548 1.936586
1.941310 11.842249 2.215387
2.151111 11.940730 1.621289
2.182382 11.541966 1.556144
2.180264 11.682101 1.529484
2.261570 11.456381 1.370038
2.068528 11.996441 1.797357
2.347250 11.656378 1.062290
2.194520 11.840628 1.471880
2.165753 11.526522 1.575294
2.110830 11.774699 1.745529
2.147544 11.412169 1.657362
2.054480 11.501077 1.882445
2.364589 11.627763 1.024090
2.327524 11.662606 1.109097
1.915741 11.696843 2.303548
1.899065 12.236704 2.321429
1.961114 11.927367 2.124199
2.319532 11.499269 1.180824
2.287701 11.525322 1.254115
2.259810 11.754731 1.323786
2.327717 11.479959 1.163996
2.208289 11.604073 1.457923
2.052357 11.627884 1.876079
2.276462 11.684635 1.235682
2.060716 11.769651 1.852529
2.261518 11.530579 1.320475
2.087361 11.628798 1.861751
2.051446 11.494340 1.951403
1.936633 11.758707 2.226450
1.993663 12.025028 2.030643
2.192244 11.481232 1.582835
2.148250 11.851269 1.647129
2.170362 11.598208 1.551084
2.067149 11.909383 1.818301
2.343072 11.579741 1.098980
2.176385 11.466060 1.599909
2.190803 11.757266 1.499668
1.915403 11.625212 2.314443
2.109996 11.695383 1.769627
2.052957 11.429473 1.896286
2.363062 11.554431 1.060760
2.325549 11.586929 1.145285
1.906313 12.150913 2.336578
1.958876 11.841892 2.138308
2.300591 11.464904 1.286775
2.249999 11.669006 1.354303
2.297674 11.389554 1.192683
2.055044 11.556559 1.892947
2.206194 11.531171 1.484830
2.274715 11.609662 1.268206
2.071570 11.543242 1.874233
2.055851 11.688060 1.868605
2.266214 11.463115 1.349657
2.036380 11.414538 1.962039
1.936902 11.684795 2.239671
1.988046 11.930500 2.046628
2.160813 11.519458 1.572068
2.138975 11.760578 1.670454
2.063472 11.824162 1.838651
1.915962 11.558292 2.326308
2.182506 11.673032 1.525661
2.096757 11.608731 1.787230
1.910746 12.066446 2.349919
2.316680 11.508593 1.178108
2.343682 11.468224 1.096345
1.957504 11.762063 2.153018
2.246341 11.591941 1.384407
2.052267 11.483254 1.908026
2.219795 11.472902 1.514678
2.267053 11.530360 1.298464
2.084426 11.487375 1.899318
2.052317 11.609940 1.885162
1.937187 11.614499 2.253867
2.177871 11.463854 1.600186
1.990607 11.847580 2.066697
2.060580 11.742831 1.857899
2.134167 11.678101 1.695086
1.920232 11.494780 2.340960
2.171765 11.590724 1.548621
2.097977 11.538621 1.809971
1.959890 11.688326 2.171849
2.307344 11.432452 1.211059
2.040683 11.405174 1.917313
2.238167 11.512156 1.413454
2.274110 11.467366 1.330562
2.046404 11.531896 1.899422
1.940666 11.547104 2.269634
1.989471 11.764886 2.084966
2.063071 11.669886 1.878813
2.124810 11.593828 1.718292
2.169587 11.516088 1.573843
2.103214 11.474360 1.833540
1.956217 11.610346 2.185975
2.214100 11.423315 1.437369
2.060062 11.475385 1.922807
1.927547 11.467553 2.275275
2.053208 11.587763 1.893984
1.987824 11.685311 2.103012
2.124795 11.521100 1.742668
2.180432 11.457310 1.602646
1.958029 11.541574 2.203866
2.051975 11.515946 1.912779
1.988043 11.609672 2.122784
2.095261 11.425705 1.756068
1.933468 11.449366 2.203188
2.063950 11.458965 1.937938
1.983566 11.532320 2.138688
2.318355 12.285848 0.962863
2.338935 12.278558 0.936779
2.266856 12.336576 1.125094
2.303524 12.240421 1.060735
2.309604 12.173320 1.000131
2.325852 12.163137 0.975427
2.232300 12.313396 1.283550
2.263199 12.224523 1.157573
2.105369 12.422550 1.600771
2.156469 12.312143 1.429362
2.275507 12.341681 1.095767
2.296377 12.132899 1.096857
2.326558 12.232732 0.968219
2.309801 12.074409 1.035303
2.327067 12.065256 1.013029
2.342824 12.205563 0.944103
2.228886 12.207402 1.315009
2.265075 12.123384 1.189700
2.261038 12.304842 1.188211
2.117139 12.332497 1.629875
2.161979 12.211695 1.454759
2.269448 12.227951 1.132412
2.294253 12.035778 1.131411
2.324044 12.130613 1.009162
2.307623 11.978219 1.069479
2.319690 11.965060 1.048598
2.025496 12.335253 1.833323
2.332755 12.095857 0.983169
2.358114 12.081944 0.937295
2.161564 12.297107 1.428172
2.217424 12.096001 1.344693
2.264889 12.026495 1.219232
2.260613 12.200169 1.225256
2.115390 12.229589 1.652754
2.291241 12.305813 1.084131
2.163328 12.112663 1.478809
2.155330 12.342644 1.542452
2.275360 12.133549 1.167401
2.286732 11.935669 1.164531
2.285931 12.246532 1.090005
2.312520 12.023819 1.047598
2.300871 11.881083 1.101838
2.013116 12.381852 1.821593
2.312438 11.870098 1.081067
2.354284 12.136044 0.908088
2.030926 12.232970 1.848833
2.321228 11.989066 1.021601
2.346641 11.976917 0.977424
2.162333 12.194088 1.455793
2.222425 12.009412 1.375112
2.356078 12.118659 0.915510
2.258899 11.926942 1.248185
1.970810 12.328629 2.070644
2.259862 12.101976 1.259684
2.121110 12.138812 1.678077
2.283197 12.192772 1.125406
2.168474 12.022311 1.502531
2.152171 12.233714 1.569273
2.175045 12.343733 1.442710
2.269796 12.028348 1.201031
2.172065 12.296500 1.411226
2.324207 12.292101 0.975231
2.286887 11.848379 1.196424
2.274988 12.133014 1.127748
2.316164 11.935672 1.084979
2.303206 11.794782 1.133219
2.029003 12.290319 1.843828
2.311264 11.782948 1.113447
2.351411 12.036014 0.951561
2.033156 12.131371 1.863731
2.314261 11.891237 1.057622
2.335388 11.875275 1.015198
2.221565 11.918396 1.403251
2.169086 12.100733 1.482579
2.255235 11.836290 1.274862
2.350506 12.017133 0.958270
2.297055 12.247841 1.048096
1.978388 12.237229 2.088885
2.007750 12.349633 1.989036
2.256274 12.005069 1.292272
2.123122 12.048202 1.701572
2.171518 12.379107 1.358776
2.285747 12.097426 1.163821
2.161989 11.921255 1.522452
2.148325 12.130666 1.594705
2.264774 11.930744 1.232035
2.173543 12.233569 1.474285
2.168125 12.187298 1.440116
2.323028 12.184519 1.021190
2.282466 11.760141 1.226502
2.028666 12.358746 1.817863
2.215612 12.351949 1.341966
2.275243 12.035854 1.164591
2.312177 11.844477 1.121060
2.300515 11.708781 1.163269
2.029132 12.185882 1.859970
2.308167 11.697272 1.144350
2.041070 12.040592 1.880721
2.341265 11.933540 0.992507
2.310987 11.801251 1.091245
2.329159 11.784030 1.051406
2.215214 11.826243 1.429215
2.165958 12.001589 1.506870
2.369989 11.896307 0.933659
2.250607 11.746380 1.300795
1.977702 12.138751 2.101209
2.026849 12.367330 1.893241
2.334096 11.910553 0.997804
2.293264 12.144917 1.089883
2.008868 12.247136 2.007243
2.120187 11.953358 1.723149
2.249939 11.907595 1.323766
2.181555 12.284191 1.394721
2.167408 11.836051 1.545505
2.279381 11.995557 1.200474
2.149657 12.037928 1.621015
2.263086 11.840382 1.261867
2.166456 12.124121 1.502937
2.168850 12.087894 1.468666
2.023400 12.411281 1.785066
2.275208 11.673188 1.254743
2.031782 12.252932 1.838273
2.311879 12.072998 1.063910
2.216138 12.243835 1.378393
2.270100 11.935707 1.199998
2.292739 11.621322 1.190287
2.037195 12.095009 1.879401
2.304889 11.753128 1.154459
2.300541 11.609725 1.173810
2.040779 11.944497 1.893494
2.326095 11.831370 1.032121
2.327492 11.701741 1.085207
2.217606 11.747007 1.456758
2.308998 11.714748 1.125317
2.165805 11.909084 1.531217
1.973305 12.040445 2.111705
2.243234 11.655904 1.325633
2.356145 11.796695 0.974100
2.322293 11.812011 1.035300
2.030030 12.263271 1.915349
2.115697 11.863277 1.743352
2.011223 12.149047 2.025526
2.292437 12.045945 1.130396
2.242457 11.814563 1.353028
2.172500 12.169131 1.425732
2.164172 11.746778 1.564827
2.145031 11.942615 1.644303
2.366327 11.931902 0.936074
2.273650 11.899433 1.235244
2.256868 11.748149 1.290255
2.170175 12.034038 1.532875
2.169031 11.991593 1.496943
2.044044 12.328659 1.815513
2.266986 11.586976 1.282240
2.038659 12.159410 1.859311
2.306982 11.973595 1.103825
2.288852 11.540689 1.217724
2.261065 11.839431 1.232093
2.206815 12.126324 1.411366
2.035720 11.996266 1.893781
2.297414 11.665484 1.186361
2.293643 11.526073 1.202133
2.039476 11.850070 1.905150
2.210973 11.660415 1.480469
2.322211 11.617772 1.117925
2.326499 11.747519 1.069825
2.306266 11.632360 1.156304
1.969229 11.946361 2.121919
2.165464 11.820286 1.554064
2.243631 11.576395 1.349977
2.348605 11.708274 1.012100
2.116883 11.781332 1.764309
2.033539 12.163435 1.937160
2.322701 11.728163 1.072990
2.002568 12.043318 2.036798
2.240605 11.730591 1.382674
2.282556 11.943231 1.168020
2.064270 12.281859 1.825198
2.370785 11.831963 0.938519
2.181299 12.080512 1.458674
2.156410 11.655641 1.582693
2.139911 11.849485 1.667679
2.354777 11.834105 0.978064
2.272172 11.810744 1.269193
2.247318 11.659379 1.316908
2.168949 11.939723 1.560883
2.168980 11.899927 1.523338
2.266581 11.510805 1.309617
2.040061 12.216702 1.834864
2.040543 12.062585 1.878047
2.305935 11.881949 1.143775
2.294969 11.471078 1.244535
2.030071 11.896265 1.905477
2.291538 11.582855 1.217105
2.271373 11.763069 1.265782
2.298904 11.458034 1.230283
2.210457 12.032775 1.446065
2.039933 11.763255 1.919419
2.200634 11.573999 1.502345
1.975486 11.868493 2.139051
2.315969 11.534547 1.149889
2.161879 11.733100 1.575921
2.297734 11.547317 1.186705
2.321461 11.661610 1.105716
2.242097 11.498361 1.372862
2.112105 11.696815 1.782261
2.342191 11.623425 1.048122
2.003683 11.954219 2.053424
2.031032 12.061954 1.955589
2.320668 11.645275 1.108002
2.226666 11.637169 1.409020
2.281712 11.852275 1.204308
2.068048 12.179155 1.850570
2.358730 11.736346 0.980622
2.183312 11.987276 1.488989
2.155598 11.576112 1.601805
2.382398 11.715681 0.934162
2.140006 11.765735 1.692321
2.260761 11.717195 1.300291
2.343129 11.738163 1.019312
2.245622 11.579721 1.343837
2.169777 11.851855 1.588600
2.168285 11.813212 1.548733
2.274900 11.444855 1.337259
2.048413 12.125646 1.859164
2.037329 11.964303 1.893763
2.038225 11.816934 1.924072
2.294492 11.784004 1.180029
2.286433 11.503193 1.247097
2.257154 11.667194 1.294092
2.041514 11.680010 1.931707
2.207627 11.936139 1.476538
2.186177 11.488077 1.523267
1.973985 11.784061 2.151498
2.300892 11.476441 1.216111
2.313462 11.458234 1.179842
2.312667 11.576793 1.139423
2.160026 11.648148 1.597755
2.100455 11.609540 1.796835
2.000670 11.862927 2.067751
2.331250 11.536707 1.082702
2.025685 11.961761 1.972181
2.307887 11.555489 1.140535
2.225348 11.560796 1.436048
2.278542 11.763116 1.239976
2.144441 11.489366 1.617581
2.346801 11.645962 1.019631
2.173196 11.885514 1.515617
2.071235 12.080481 1.875297
2.135881 11.681643 1.713923
2.373674 11.627307 0.975093
2.252731 11.629961 1.330592
2.242499 11.499366 1.369178
2.331607 11.647455 1.057465
2.161129 11.757883 1.612969
2.166115 11.726726 1.572167
2.048558 12.029273 1.879246
2.038067 11.874610 1.911598
2.036437 11.730060 1.938474
2.252458 11.587198 1.323232
2.294850 11.438078 1.276801
2.290775 11.697948 1.215430
2.041276 11.599075 1.944593
1.971424 11.702222 2.162459
2.199352 11.837445 1.505207
2.155238 11.566331 1.617013
2.104927 11.538451 1.817574
2.309084 11.498669 1.173055
2.000692 11.780034 2.083837
2.335571 11.466769 1.116973
2.212818 11.476089 1.459752
2.026536 11.872899 1.992086
2.309050 11.482615 1.173254
2.264934 11.668589 1.271565
2.131615 11.600330 1.734399
2.170910 11.796479 1.543463
2.344924 11.565673 1.058395
2.069332 11.980351 1.896990
2.369467 11.548812 1.013247
2.240523 11.425264 1.393858
2.249866 11.550344 1.360446
2.324741 11.563854 1.093955
2.155502 11.669623 1.637767
2.159012 11.638694 1.595014
2.043612 11.931448 1.896297
2.039995 11.790249 1.929140
2.033993 11.645455 1.950534
1.975155 11.629857 2.177478
2.251731 11.509492 1.352202
2.040538 11.520319 1.957580
2.285227 11.611519 1.250097
2.194007 11.746316 1.533561
2.142803 11.478792 1.633646
2.098961 11.461995 1.834236
2.311938 11.428950 1.205372
2.000665 11.698071 2.099540
2.025818 11.786116 2.009287
2.126338 11.520683 1.753762
2.258693 11.585346 1.303530
2.172424 11.716119 1.570986
2.341995 11.487971 1.095673
2.358636 11.465616 1.051207
2.058307 11.874724 1.914107
2.237989 11.466063 1.387798
2.327477 11.491590 1.130684
2.157241 11.592646 1.662941
2.154822 11.555538 1.616220
2.035965 11.703320 1.943664
2.043487 11.843325 1.915456
2.040090 11.573065 1.967846
1.976601 11.558363 2.192251
2.247204 11.433805 1.378608
2.037859 11.440354 1.967764
2.275368 11.526597 1.280983
2.190306 11.659270 1.561139
1.998260 11.618830 2.114253
2.022817 11.700206 2.026241
2.118780 11.441910 1.772879
2.255323 11.507903 1.333483
2.160008 11.623249 1.593144
2.054304 11.782467 1.934155
2.331392 11.421969 1.165793
2.136040 11.498494 1.680262
2.152290 11.479151 1.637980
2.038632 11.625543 1.961388
2.038319 11.752823 1.931956
1.976061 11.486586 2.203850
2.029406 11.486769 1.976641
2.277452 11.453903 1.314046
2.002551 11.548738 2.132169
2.176723 11.566447 1.586226
2.027443 11.626321 2.048086
2.246151 11.427801 1.362861
2.157719 11.544914 1.618090
2.055525 11.699585 1.955455
2.152757 11.442133 1.709374
2.040287 11.549429 1.977999
2.037521 11.673268 1.951051
2.005878 11.479384 2.149343
2.175454 11.489139 1.613594
2.024717 11.545556 2.064377
1.898360 11.836511 2.403239
2.145037 11.460293 1.639331
2.053130 11.615026 1.975674
2.031036 11.466518 1.989689
2.039778 11.595812 1.969617
2.025073 11.472260 2.082801
2.051570 11.535195 1.996829
2.034757 11.515924 1.985662
2.343308 12.255885 0.981680
2.355638 12.194699 0.968298
2.257963 12.292288 1.200515
2.239537 12.303794 1.269305
2.115934 12.404203 1.534170
2.331466 12.151364 1.022341
2.089101 12.423320 1.629983
2.336967 12.083828 1.007218
2.259517 12.198592 1.234803
2.124623 12.314572 1.561917
2.243403 12.212817 1.304736
2.320413 12.050727 1.061842
2.100665 12.336005 1.660456
2.252363 12.099125 1.266279
2.330718 11.989269 1.045333
2.137869 12.232221 1.591199
2.229984 12.106595 1.336049
2.314957 11.960042 1.098791
2.107583 12.248742 1.688818
2.376235 11.873010 0.966121
2.374870 11.878126 0.978651
2.322965 11.900420 1.081689
2.249202 12.007345 1.297706
2.123625 12.124523 1.611067
2.232664 12.022844 1.368115
1.930821 12.360164 2.125995
1.917824 12.328125 2.130461
2.303996 11.867396 1.134039
2.098445 12.143375 1.711251
2.371292 11.788313 1.004456
2.366272 11.791804 1.015972
2.244956 11.920012 1.326896
2.316809 11.813848 1.115550
2.129423 12.042630 1.636822
1.936081 12.268505 2.143700
2.229902 11.935288 1.399237
1.917602 12.229745 2.140177
2.309974 11.794694 1.169082
2.089972 12.045570 1.731007
2.365653 11.707722 1.039697
2.356652 11.708086 1.051814
2.234316 11.829618 1.354415
2.316428 11.737155 1.149298
2.136965 11.963864 1.662144
1.935723 12.173106 2.158022
2.223804 11.847625 1.427739
1.915614 12.133724 2.150507
2.304154 11.714190 1.201882
2.099906 11.972223 1.758774
2.359023 11.628812 1.073838
2.356348 11.634094 1.086875
2.243556 11.759625 1.385215
2.313664 11.659607 1.181153
2.134345 11.878634 1.683100
1.930220 12.076325 2.169408
2.221312 11.767983 1.457047
1.923752 12.055109 2.165551
2.300967 11.637913 1.234216
2.098707 11.888618 1.780902
2.354137 11.553032 1.107544
2.349619 11.557963 1.119885
2.239543 11.681139 1.412219
2.304087 11.580261 1.211812
2.130347 11.795424 1.703812
1.931250 11.993483 2.185250
2.216376 11.689328 1.483702
1.926838 11.972347 2.178794
2.098436 11.809744 1.803938
2.287757 11.556035 1.264250
2.345461 11.479328 1.138732
2.341926 11.482594 1.152180
2.225897 11.596712 1.436066
2.300229 11.507173 1.241442
2.129449 11.718795 1.724512
1.935976 11.915898 2.203044
2.208634 11.611083 1.508946
1.929902 11.895056 2.192216
2.285683 11.485145 1.293814
2.092200 11.726544 1.824817
2.222609 11.523951 1.461155
2.306228 11.444310 1.271488
2.124866 11.641470 1.743819
1.935593 11.836004 2.218271
2.199940 11.533592 1.533463
1.932517 11.819950 2.205736
2.296662 11.428288 1.324911
2.088503 11.650329 1.844093
2.226971 11.460485 1.487206
2.118403 11.564727 1.762057
1.932409 11.756516 2.232083
2.202549 11.467023 1.559957
1.931860 11.742893 2.217393
2.085805 11.576997 1.865026
2.120154 11.496875 1.782841
1.934317 11.684808 2.248631
1.930215 11.667510 2.227949
2.077961 11.502283 1.883019
2.117262 11.429073 1.801510
1.930929 11.598459 2.240577
1.924498 11.604177 2.257577
2.091301 11.447066 1.909903
1.937719 11.535522 2.257051
1.931073 11.541519 2.277348
1.921090 11.453811 2.258690
1.933958 11.478167 2.295732
2.294942 12.394384 1.119534
2.328868 12.284252 1.009941
2.348269 12.270976 0.979650
2.254544 12.324439 1.223399
2.283731 12.286228 1.153821
2.324049 12.386008 1.027128
2.324434 12.185188 1.044784
2.343539 12.174966 1.016629
2.362462 12.156115 0.973160
2.349104 12.304187 0.969929
2.131024 12.403360 1.547509
2.186228 12.339571 1.433402
2.254613 12.231526 1.251930
2.284621 12.195577 1.187665
2.316732 12.283040 1.065768
2.261565 12.326158 1.212927
2.315870 12.087631 1.078320
2.355834 12.061607 1.008677
2.334223 12.077185 1.052259
2.339941 12.200873 1.007876
2.139750 12.314201 1.571426
2.190413 12.251576 1.462983
2.220296 12.337444 1.347748
2.250122 12.135921 1.279499
2.284992 12.109880 1.220437
2.316504 12.191588 1.102951
2.051212 12.357040 1.812507
2.137137 12.381972 1.556599
2.317471 12.004516 1.109434
2.268174 12.237175 1.245186
2.326542 11.987116 1.085502
2.349488 11.970444 1.041803
2.380457 12.076269 0.948217
2.372943 12.090694 0.975244
2.132796 12.210250 1.589566
2.334257 12.105624 1.044134
2.183544 12.155125 1.488653
2.224284 12.248824 1.381017
2.253303 12.050514 1.307585
2.273048 12.014066 1.250574
2.304080 12.091808 1.139170
2.051106 12.265826 1.832092
2.085315 12.364271 1.733608
2.143288 12.291330 1.582307
2.310875 11.916174 1.138964
2.256603 12.135538 1.274348
2.320598 11.901086 1.117901
2.335935 11.877855 1.074587
2.371708 11.983562 0.985572
2.357482 11.992526 1.012944
2.134115 12.120644 1.610322
2.322194 12.006419 1.079117
2.186208 12.074677 1.515662
2.212174 12.146684 1.408982
2.288558 12.338746 1.158993
2.289750 12.336782 1.156820
2.248646 11.960452 1.332851
2.276862 11.937363 1.281278
2.300920 12.005383 1.173005
2.054279 12.182053 1.853669
1.924681 12.288794 2.128523
1.885654 12.363455 2.274852
2.085952 12.271691 1.757618
2.141986 12.195686 1.604343
2.304726 11.831131 1.168543
2.250878 12.042838 1.303720
2.322201 11.823465 1.149153
2.334798 11.798793 1.105181
2.364662 11.895820 1.021700
2.348618 11.903520 1.048761
2.139997 12.039222 1.632180
2.324379 11.927471 1.112342
2.186484 11.993377 1.540780
2.248509 11.880410 1.358438
2.211440 12.060902 1.438975
2.283404 12.237652 1.196724
2.284232 12.235118 1.195790
2.270157 11.852729 1.309266
2.144856 12.386737 1.554533
2.053622 12.096723 1.871801
2.299524 11.922076 1.206380
1.925545 12.192753 2.136483
1.885226 12.273050 2.283439
1.919515 12.383752 2.198725
1.924992 12.330230 2.130471
2.382344 12.086802 0.952876
2.080915 12.177209 1.777487
2.136559 12.101544 1.625067
2.307925 11.756675 1.196892
2.253193 11.960903 1.332366
2.316989 11.744070 1.179206
2.329585 11.719396 1.135235
2.148435 12.339607 1.542580
2.139868 11.954409 1.651520
2.358437 11.811941 1.056632
2.341497 11.818551 1.083730
2.312971 11.837663 1.143820
2.182687 11.911740 1.565359
2.369366 12.047558 0.986431
2.248732 11.800951 1.382790
2.208810 11.976622 1.467504
2.261554 11.769597 1.335790
2.271820 12.134439 1.232408
2.276791 12.135880 1.232910
2.057172 12.019003 1.892270
1.893387 12.197804 2.299134
2.293103 11.839181 1.238484
2.151893 12.295614 1.586725
1.929645 12.105982 2.145661
1.921682 12.292330 2.212429
1.927427 12.236670 2.141654
2.085100 12.096323 1.800703
2.367596 11.988204 0.994619
2.137012 12.015411 1.646385
2.301112 11.675727 1.223345
2.247287 11.874660 1.359040
2.309372 11.664737 1.206978
2.331006 11.648225 1.163789
2.156239 12.254171 1.572804
2.135103 11.869655 1.668737
2.334608 11.738756 1.115533
2.345757 11.726858 1.089129
2.312313 11.760975 1.174847
2.179173 11.833439 1.587545
2.354084 11.948448 1.026974
2.239813 11.717011 1.404822
2.205567 11.894587 1.493678
2.259729 11.695563 1.362868
2.269651 12.045446 1.267759
2.272323 12.043262 1.267522
2.050032 11.933397 1.907586
1.891178 12.110701 2.307929
2.290602 11.762156 1.268815
1.934849 12.024810 2.157756
1.917300 12.196994 2.222418
2.138209 12.184637 1.611746
1.925614 12.142821 2.149863
2.085232 12.014185 1.823770
2.142570 11.937981 1.670001
2.357275 11.896925 1.035404
2.294727 11.598986 1.249458
2.243119 11.792453 1.384871
2.305820 11.592141 1.235033
2.321129 11.569820 1.191337
2.140126 12.144162 1.595157
2.140412 11.795041 1.688756
2.351876 11.659261 1.120712
2.341286 11.670767 1.148703
2.172529 11.754061 1.609929
2.312498 11.687228 1.205068
1.976582 12.336260 2.043585
2.346788 11.861943 1.066021
2.234010 11.640553 1.426401
2.200960 11.814575 1.519589
2.251501 11.618488 1.388284
2.263743 11.957610 1.300949
2.048918 11.856666 1.925550
1.895089 12.035174 2.320653
1.936410 12.321405 2.111077
2.267920 11.954288 1.303035
1.916299 12.111800 2.235676
2.284437 11.683530 1.298144
1.939492 11.944044 2.168268
1.931374 12.061253 2.163550
2.082960 11.932106 1.844558
2.134593 12.090191 1.639303
2.138333 11.853756 1.688427
2.301350 11.534438 1.275352
2.240276 11.715543 1.410324
2.344499 11.807548 1.073137
2.298071 11.517424 1.260883
2.145151 12.064612 1.624083
2.126839 11.707307 1.702032
2.336349 11.576441 1.151015
2.322125 11.585417 1.178384
2.163480 11.674742 1.630033
2.399798 11.750283 0.966972
2.303566 11.608083 1.233356
2.402669 11.742335 0.963321
1.978285 12.239977 2.063769
2.228180 11.565024 1.447599
2.337571 11.777861 1.103217
2.196274 11.737330 1.544345
2.242636 11.544574 1.410958
2.050946 11.786493 1.943447
1.900908 11.963630 2.334974
2.257730 11.873461 1.332598
1.934035 12.226360 2.124214
1.920427 12.034389 2.251619
2.265593 11.870837 1.336078
1.938602 11.862244 2.176695
2.276883 11.607846 1.326823
1.938071 11.985325 2.177713
2.077387 11.848995 1.863104
2.136487 11.775874 1.708880
2.144681 12.014802 1.670016
2.302999 11.468460 1.300747
2.232315 11.636336 1.433225
2.315666 11.464099 1.289541
2.336125 11.726402 1.109524
2.135382 11.641971 1.723271
2.148186 11.983856 1.650263
2.161743 11.605038 1.651894
2.324138 11.518416 1.209049
2.386646 11.666728 1.005688
2.300904 11.536592 1.261382
2.390413 11.659873 1.001999
2.230074 11.497845 1.470086
1.972492 12.140527 2.079505
2.191535 11.661935 1.568333
2.330455 11.698384 1.138329
2.247533 11.481490 1.437827
1.900155 11.889086 2.345193
2.040467 11.707172 1.955880
1.934026 12.138577 2.138991
2.252052 11.790815 1.362626
1.923580 11.958649 2.266445
2.267796 11.534231 1.352797
1.941438 11.785691 2.187030
2.255552 11.784523 1.367965
1.933450 11.898285 2.184242
2.075464 11.773886 1.882399
2.124846 11.691202 1.724142
2.228004 11.565132 1.456873
2.138674 11.925894 1.695422
2.340397 11.656886 1.146929
2.129624 11.565304 1.739123
2.140673 11.896087 1.673348
2.155809 11.533210 1.671549
2.329151 11.457104 1.237592
2.300878 11.470222 1.288526
2.384685 11.594108 1.043871
2.383869 11.585464 1.038827
2.179471 11.583325 1.590311
1.895618 11.811152 2.352740
2.334117 11.631104 1.173374
2.046313 11.644962 1.976971
1.969064 12.048342 2.096880
1.936288 12.055349 2.154124
2.246803 11.712378 1.392315
1.926824 11.885625 2.282558
2.281414 11.476901 1.382464
1.946690 11.714560 2.199778
1.933664 11.822078 2.195590
2.066968 11.695782 1.897591
2.245796 11.701548 1.397459
2.132997 11.626220 1.746241
2.232271 11.498825 1.481265
2.131159 11.838140 1.718511
2.165522 11.477093 1.696606
2.128853 11.495543 1.755605
2.326463 11.575645 1.180849
2.143668 11.822650 1.698887
2.370817 11.516486 1.078689
1.894369 11.740645 2.362276
2.182015 11.518473 1.615673
2.047454 11.579186 1.995042
2.319623 11.550265 1.205708
1.969287 11.964161 2.115003
1.939124 11.977198 2.170973
1.922480 11.806726 2.292940
2.238786 11.633433 1.420963
1.944354 11.637552 2.206793
1.938551 11.750376 2.209580
2.069759 11.629729 1.920040
2.242818 11.627667 1.427505
2.119914 11.546333 1.760086
2.126931 11.757822 1.743586
2.115666 11.419343 1.767905
2.324616 11.506425 1.214199
2.135609 11.740763 1.720515
2.378540 11.455944 1.114021
1.896095 11.675164 2.375810
2.040206 11.509151 2.008699
2.174858 11.449533 1.637125
2.316829 11.481794 1.238324
1.937711 11.898754 2.184845
1.967782 11.881435 2.134102
1.919097 11.732551 2.304183
2.233379 11.560528 1.448342
1.940620 11.679994 2.221757
1.956282 11.577602 2.225063
2.063118 11.557453 1.936060
2.123933 11.482859 1.780880
2.232904 11.550225 1.454689
2.119402 11.676476 1.766420
2.330325 11.445597 1.246395
2.126041 11.660028 1.739826
1.892051 11.605072 2.383922
2.021734 11.430717 2.016002
1.933920 11.819452 2.196824
1.919586 11.664493 2.319387
1.965252 11.802217 2.151312
2.232984 11.493614 1.476736
1.940311 11.608750 2.232041
1.935203 11.489944 2.220886
2.065828 11.494171 1.957360
2.234377 11.482745 1.484168
2.127566 11.592307 1.763565
2.115041 11.600773 1.789574
1.938652 11.751678 2.215013
1.923801 11.601676 2.336498
1.966473 11.727330 2.170816
1.932024 11.531984 2.237445
2.044250 11.413730 1.965250
1.938204 11.425222 2.233546
2.121233 11.520849 1.784093
2.111110 11.529273 1.812387
1.935381 11.679294 2.227938
1.917156 11.531025 2.346017
1.929909 11.464952 2.247549
1.957485 11.646921 2.185598
2.131885 11.464008 1.809901
2.117788 11.468424 1.839200
1.939084 11.615030 2.244242
1.964824 11.583617 2.209033
1.925432 11.537179 2.250007
1.963240 11.515529 2.226855
1.925951 11.473680 2.265741
1.945220 11.434034 2.234487
1.927428 11.414902 2.282339
2.369729 12.224532 1.065925
2.348021 12.170371 1.105140
2.257623 12.283106 1.363548
2.358430 12.132565 1.104807
2.351621 12.213137 1.097295
2.236426 12.243483 1.426241
2.400722 12.126003 0.990660
2.348833 12.091285 1.142836
2.256069 12.299941 1.373869
2.265764 12.206903 1.397443
2.323809 12.199096 1.194359
2.378514 12.217682 1.039770
2.351052 12.047340 1.141412
2.407248 12.178064 0.979004
2.353176 12.134233 1.132883
2.428074 11.952883 0.983417
2.394569 12.254371 0.989531
2.227143 12.152107 1.456362
2.344873 12.207147 1.130331
2.401087 12.246192 0.987733
2.393518 12.041674 1.029307
2.340535 12.005893 1.179096
2.197015 12.248470 1.506919
2.257166 12.216515 1.404113
2.412464 12.020779 0.997342
2.085461 12.302226 1.834597
2.261508 12.122419 1.428079
2.314826 12.111338 1.227772
2.367049 12.125727 1.076194
2.067645 12.299051 1.878537
2.345415 11.967042 1.176703
2.398468 12.090293 1.014860
2.409285 12.074796 0.993396
2.297288 12.208405 1.279045
2.346544 12.049201 1.167379
2.344119 12.216549 1.115920
2.416924 11.870959 1.022794
2.383355 12.160242 1.023450
2.343909 12.125549 1.162385
2.415031 11.865161 1.022058
2.234323 12.077573 1.489112
2.391269 12.155510 1.021992
2.340990 12.206163 1.147211
2.378960 11.955036 1.065607
2.254907 12.224648 1.411938
2.334877 11.926513 1.213987
2.250797 12.128064 1.430762
2.201687 12.170312 1.536536
2.400656 11.935588 1.034272
2.416810 11.915665 0.994734
2.086024 12.217022 1.858300
2.255370 12.039421 1.457227
2.317238 12.035362 1.262503
2.361305 12.042692 1.110229
2.067578 12.216958 1.899447
2.168129 12.247432 1.585518
2.345163 11.894192 1.211255
2.391473 12.005627 1.050202
2.295371 12.127540 1.310355
2.402765 11.993401 1.028736
2.051857 12.295726 1.911026
2.339288 11.967294 1.199079
2.340979 12.133130 1.148933
2.268273 12.221037 1.354101
2.380225 12.076831 1.056458
2.334333 12.039997 1.193394
2.401143 11.789075 1.060051
2.403256 11.786356 1.058636
2.433255 11.763259 1.000813
2.385937 12.071193 1.055567
2.252817 12.234524 1.403775
2.231427 11.998371 1.519282
2.332605 12.117693 1.176461
2.065522 12.254373 1.894826
2.376540 11.880364 1.101119
2.237875 12.125526 1.434757
2.247207 12.047423 1.457689
2.203197 12.092899 1.565576
2.331501 11.852578 1.248760
2.391849 11.856951 1.068582
2.415818 11.843534 1.030988
2.251897 11.961512 1.485407
2.310859 11.955443 1.293749
2.089571 12.138693 1.885129
2.354177 11.963487 1.143178
2.067995 12.138135 1.920356
2.175487 12.173431 1.614569
2.327950 11.810346 1.241636
1.905557 12.304406 2.319977
2.385680 11.925336 1.083044
2.287953 12.044704 1.340010
2.396213 11.913828 1.063282
2.055604 12.217036 1.934559
2.333395 11.890652 1.230327
2.061972 12.284719 1.889032
2.335941 12.052091 1.180069
1.909141 12.279932 2.310855
2.142101 12.258377 1.659113
2.269830 12.142700 1.383549
2.372475 11.993456 1.087370
2.334200 11.963151 1.223806
2.390214 11.714095 1.095392
2.371979 11.983830 1.087721
2.394174 11.711731 1.094664
1.894845 12.353613 2.318176
2.422873 11.688821 1.037350
2.330513 12.037762 1.204935
2.247614 12.144979 1.427871
2.063330 12.169225 1.911364
2.225281 11.916293 1.548042
2.361326 11.798676 1.133839
2.249735 12.057901 1.463137
2.027756 12.286966 1.989196
2.248672 11.972764 1.485543
2.202850 12.016054 1.593543
2.379904 11.778154 1.102727
2.327573 11.779030 1.281951
2.397125 11.760221 1.065181
2.236010 11.876234 1.509940
2.303523 11.877183 1.323864
2.086016 12.055893 1.907124
2.060407 12.053759 1.936485
2.352887 11.888641 1.175746
2.173536 12.094053 1.639346
1.904364 12.222724 2.331962
2.373078 11.843273 1.114741
2.329427 11.743326 1.274488
2.285966 11.967501 1.369734
2.381431 11.829951 1.095944
2.066291 12.206248 1.908018
2.055150 12.136212 1.955929
2.328388 11.816025 1.261125
2.329422 11.971271 1.209272
2.150136 12.187302 1.684867
2.264034 12.062054 1.410648
2.363763 11.911742 1.117137
1.912901 12.200004 2.329048
2.328514 11.886169 1.251758
2.387818 11.646731 1.130170
1.900047 12.275887 2.331362
2.366936 11.903737 1.118462
2.245546 12.063806 1.450997
2.389550 11.644373 1.129607
2.328403 11.958756 1.233007
2.416975 11.620740 1.073202
2.060834 12.088988 1.929201
2.220447 11.841315 1.575541
2.357887 11.728405 1.167023
2.033603 12.213740 2.010170
2.245959 11.978196 1.487226
2.235895 11.889474 1.509449
2.068004 12.242500 1.887949
2.196454 11.936719 1.618652
2.376827 11.708439 1.134659
2.320837 11.706786 1.313311
2.396959 11.692842 1.099790
2.233861 11.805435 1.536870
2.299412 11.803643 1.354603
2.080577 11.974579 1.927631
1.891483 12.320545 2.328948
2.338391 11.808052 1.205956
2.061811 11.980586 1.957793
2.002376 12.292603 2.060638
2.175306 12.021754 1.665145
1.911782 12.152603 2.349979
2.368582 11.771011 1.145931
2.325395 11.674349 1.305678
2.283895 11.893954 1.397858
2.062625 12.121310 1.922611
2.375656 11.756963 1.128041
2.056977 12.060843 1.977182
2.329750 11.898613 1.239276
2.324645 11.743051 1.290612
2.151247 12.111735 1.708219
2.260425 11.983240 1.436780
2.359534 11.836393 1.146223
2.324657 11.810467 1.279994
1.914418 12.121006 2.347005
2.365026 11.832009 1.148231
1.903950 12.198355 2.345053
2.247603 11.988442 1.474692
2.380812 11.578497 1.163229
2.328032 11.884673 1.259768
2.063387 12.014735 1.947949
2.386191 11.578664 1.163240
2.403742 11.549439 1.107105
2.029664 12.131870 2.026862
2.243562 11.902861 1.511254
2.358931 11.664489 1.199524
2.214132 11.766551 1.601100
2.068911 12.160258 1.903456
2.239059 11.821568 1.535189
2.191416 11.862663 1.643300
2.371506 11.639650 1.166355
2.391642 11.624058 1.131487
2.309514 11.632763 1.343352
2.231694 11.735559 1.563398
2.290150 11.728701 1.382429
1.897478 12.241197 2.340822
2.063133 11.911069 1.977500
2.006602 12.217771 2.078021
2.340620 11.741225 1.236697
2.080888 11.900672 1.952291
2.177936 11.952376 1.690086
1.909730 12.076219 2.361665
2.364404 11.701135 1.175068
2.271770 11.814837 1.423802
2.061262 12.040918 1.937486
2.319522 11.605030 1.336179
2.374767 11.689065 1.159004
2.317279 11.818942 1.266468
2.051857 11.981900 1.995632
2.147209 12.034765 1.728657
2.318611 11.672826 1.319064
1.898546 12.294805 2.328352
2.257249 11.909529 1.462109
2.352541 11.760528 1.174276
2.322155 11.740041 1.307769
1.906872 12.123395 2.357201
2.358552 11.757590 1.177080
2.245457 11.910943 1.496215
1.914054 12.043493 2.363474
2.318530 11.805196 1.284689
2.063155 11.940878 1.965266
2.381981 11.517321 1.196977
2.408586 11.489884 1.141826
2.022963 12.049487 2.042522
2.238785 11.826651 1.533398
2.353046 11.596083 1.229622
2.061834 12.071550 1.914567
2.209220 11.695241 1.626995
2.231673 11.745739 1.558352
2.187283 11.789706 1.667889
2.367449 11.572514 1.196741
2.383178 11.555114 1.163002
2.303979 11.564913 1.372200
2.229083 11.668783 1.589577
2.282267 11.658123 1.410192
1.998660 12.133410 2.089239
1.903530 12.167311 2.352745
2.059328 11.839239 1.994694
2.335518 11.671176 1.265488
2.172199 11.876887 1.711486
2.072606 11.822501 1.970164
2.366577 11.637057 1.204608
2.271959 11.747667 1.451406
2.063240 11.967961 1.954234
2.376019 11.624814 1.188201
2.319350 11.751218 1.295157
2.316309 11.540801 1.365710
2.150581 11.965577 1.751490
2.040148 11.899937 2.010030
2.313843 11.604251 1.346205
2.249488 11.834038 1.486119
1.903852 12.214035 2.336978
2.357681 11.696630 1.201545
2.316349 11.668564 1.333315
1.909374 12.050627 2.369400
2.357865 11.689348 1.204739
2.237400 11.832756 1.516528
2.322624 11.738397 1.310366
2.059218 11.867240 1.980808
1.917615 11.972121 2.383808
2.351330 11.438140 1.226352
2.027930 11.982481 2.062797
2.233586 11.752634 1.555592
2.063183 11.994430 1.929268
2.355358 11.533825 1.260810
2.227985 11.677891 1.582137
2.201117 11.625593 1.651911
2.181266 11.718231 1.690989
2.385071 11.495043 1.194243
1.998783 12.060081 2.105297
2.223168 11.600955 1.613528
2.309860 11.507910 1.402763
1.907224 12.091640 2.363183
2.281636 11.594428 1.438302
2.056025 11.769775 2.012280
2.329970 11.604227 1.293931
2.165141 11.802504 1.732992
2.066807 11.748852 1.990764
2.362365 11.569025 1.232941
2.265717 11.678363 1.477005
2.056851 11.888897 1.967440
2.141897 11.889573 1.769408
2.363707 11.554267 1.216290
2.315348 11.681910 1.320588
2.319829 11.482006 1.394790
2.049604 11.838707 2.035768
2.239325 11.758584 1.507844
2.312297 11.540391 1.373971
1.906376 12.133663 2.344173
2.351509 11.625519 1.227940
2.309198 11.599101 1.358570
2.351265 11.620417 1.231187
2.240779 11.764519 1.538959
2.316665 11.666026 1.333861
2.060509 11.799562 1.999708
2.024912 11.909008 2.078676
2.228303 11.682272 1.576186
2.067376 11.922385 1.945445
2.334404 11.460249 1.287462
2.223761 11.609521 1.604723
2.178450 11.652380 1.714315
2.199412 11.559918 1.678027
1.996481 11.987699 2.118672
2.360097 11.419310 1.221172
2.218655 11.536577 1.637817
2.286532 11.432545 1.427934
2.278241 11.530213 1.465379
2.055588 11.704473 2.031742
2.331177 11.541805 1.322324
2.161261 11.734658 1.754325
2.254326 11.607655 1.499689
2.363039 11.506078 1.260138
2.142467 11.821700 1.790408
2.062174 11.823382 1.986059
2.069322 11.684060 2.013701
2.311847 11.614969 1.346413
2.366724 11.494030 1.244571
2.243478 11.696319 1.533966
2.043964 11.766535 2.052265
2.321108 11.485398 1.401461
1.909922 12.057107 2.352557
2.347095 11.558414 1.253422
2.311503 11.537425 1.383607
2.346852 11.553312 1.256668
2.236829 11.693062 1.559439
2.307515 11.595316 1.356377
2.054672 11.728327 2.013359
2.022891 11.840257 2.095347
2.224444 11.614451 1.597516
2.066962 11.849473 1.959904
2.216730 11.542454 1.625478
1.997585 11.920014 2.135119
2.170553 11.582396 1.735924
2.202754 11.500215 1.705054
2.219593 11.476903 1.662563
2.052366 11.639562 2.049772
2.257836 11.456846 1.487476
2.329575 11.480684 1.348886
2.155046 11.664118 1.774571
2.253495 11.544891 1.524945
2.137530 11.751870 1.809744
2.328747 11.424953 1.282778
2.058568 11.752137 1.999541
2.309205 11.550945 1.371381
2.066306 11.618223 2.034575
2.238297 11.629587 1.555403
2.041707 11.699966 2.071435
1.915570 11.985430 2.364523
2.355805 11.500712 1.279661
2.309740 11.475410 1.408120
2.351534 11.493443 1.283184
2.227731 11.620202 1.577004
2.312953 11.534721 1.381188
2.054986 11.663224 2.030711
2.020473 11.772784 2.112468
2.220568 11.547553 1.618444
2.067051 11.778927 1.974756
2.224986 11.486916 1.651769
1.992505 11.848039 2.147059
2.165858 11.518034 1.757757
2.179790 11.425075 1.723220
2.050950 11.576832 2.067685
2.154914 11.602440 1.797321
2.138539 11.689104 1.829938
2.261377 11.489715 1.552087
2.054046 11.680728 2.012677
2.324794 11.499557 1.399221
2.228554 11.560165 1.575920
2.061990 11.552576 2.055955
2.040874 11.635938 2.091341
1.913057 11.907310 2.369646
2.336729 11.427168 1.301240
2.332077 11.420259 1.305615
2.222780 11.552235 1.595538
2.317809 11.475421 1.404003
2.053573 11.600491 2.048623
2.018937 11.707318 2.129129
2.219352 11.485743 1.638403
2.069847 11.711652 1.989437
1.997874 11.787967 2.165722
2.153291 11.449923 1.776445
2.035473 11.506057 2.077952
2.147675 11.536295 1.815221
2.129336 11.619879 1.845901
2.057588 11.620334 2.030652
2.237717 11.505713 1.602151
2.068395 11.495752 2.081951
2.041465 11.574447 2.111983
1.916829 11.837126 2.380119
2.228904 11.493651 1.617441
2.036006 11.524849 2.055302
2.020805 11.646544 2.148863
2.205337 11.416928 1.655549
1.998117 11.725579 2.181869
2.066213 11.642245 2.002111
2.039247 11.451105 2.098421
2.131259 11.466582 1.830484
2.123898 11.555901 1.863685
2.065861 11.563536 2.051588
2.214054 11.430051 1.616660
2.041634 11.515140 2.132675
1.923063 11.772370 2.392923
2.041448 11.416893 2.089294
2.208753 11.418715 1.630877
2.039647 11.468095 2.074122
2.017909 11.584007 2.164829
1.996903 11.662491 2.196474
2.066366 11.577175 2.017004
2.140291 11.508300 1.890261
2.043557 11.485220 2.054894
1.922734 11.703683 2.402070
2.018155 11.438815 2.138139
2.042506 11.412971 2.094242
2.017899 11.524716 2.183070
1.996708 11.603209 2.212269
2.057571 11.507289 2.026360
2.106375 11.427670 1.893993
2.042842 11.425436 2.069492
1.997100 11.452554 2.187962
2.000321 11.547345 2.230683
2.052179 11.442094 2.038788
1.981461 11.420460 2.249194
2.411895 12.281415 1.063997
2.383761 12.263213 1.135336
2.450621 12.170786 1.002550
2.402420 12.192591 1.102667
2.318357 12.280850 1.319367
2.414255 12.257212 1.050342
2.430900 12.241652 1.018547
2.382256 12.180670 1.172961
2.389877 12.269380 1.111514
2.444380 12.078301 1.026549
2.436292 12.082268 1.042295
2.352272 12.283743 1.224244
2.279987 12.261604 1.447299
2.395546 12.109837 1.140146
2.316560 12.199380 1.351694
2.407835 12.172269 1.087701
2.187685 12.294668 1.647730
2.315216 12.287716 1.337801
2.422650 12.156359 1.055176
2.366796 12.090292 1.208176
2.381542 12.182318 1.146444
2.384775 12.256995 1.133019
2.433940 11.996629 1.064250
2.420467 11.995850 1.079313
2.346548 12.197294 1.257829
2.402960 12.227353 1.087524
2.276335 12.176185 1.477942
2.377666 12.259388 1.158063
2.386313 12.027162 1.175289
2.317014 12.122478 1.384454
2.321979 12.289631 1.308835
2.239102 12.270524 1.526882
2.396335 12.085953 1.122023
2.201410 12.227009 1.678440
2.312427 12.204309 1.368056
2.409887 12.068358 1.090736
2.387406 12.109242 1.180258
2.363303 12.013875 1.242401
2.301898 12.278257 1.356623
2.385304 12.177317 1.166898
2.418936 11.914088 1.100130
2.138226 12.254427 1.846728
2.413028 11.919916 1.115002
2.348808 12.121666 1.290939
2.397677 12.144185 1.121198
2.378084 12.178867 1.189872
2.268067 12.091740 1.506014
2.380594 11.950735 1.209637
2.310611 12.042001 1.414198
2.320084 12.207320 1.339077
2.242059 12.193377 1.556219
2.385256 12.003847 1.156062
2.306851 12.122231 1.396470
2.202378 12.150517 1.704233
2.200242 12.247432 1.677203
2.408201 11.993218 1.125308
2.359119 12.259974 1.204551
2.368139 12.250738 1.188967
2.374437 12.024096 1.212249
2.358391 11.936787 1.275041
2.382264 12.220725 1.142870
2.307459 12.201718 1.384603
2.217056 12.282412 1.607137
2.377259 12.094549 1.199105
2.293365 12.300450 1.384103
2.396245 11.829561 1.134328
2.334817 12.035500 1.320497
2.390338 11.835389 1.149201
2.389607 12.062346 1.153029
2.129573 12.164762 1.867273
2.371758 12.095613 1.220735
2.303408 12.282163 1.361991
2.264767 12.013309 1.535245
2.374317 11.875655 1.242015
2.308661 11.967026 1.443883
2.319498 12.130318 1.369024
2.237243 12.112479 1.582177
2.383902 11.931149 1.188656
2.295359 12.035833 1.422604
2.191042 12.063025 1.725004
2.200039 12.261613 1.676503
2.103286 12.257577 1.919634
2.196546 12.163764 1.698907
2.391239 11.910402 1.158016
2.361700 12.182239 1.235108
2.002445 12.250637 2.177215
2.364795 12.168669 1.217249
2.367212 11.945220 1.243318
2.380836 12.140777 1.173573
2.340381 11.853888 1.304941
2.305386 12.121346 1.411648
2.210404 12.196616 1.631796
2.292206 12.220238 1.411513
2.369573 12.013308 1.229706
2.398490 11.764888 1.167821
2.333870 11.962464 1.352239
2.304342 12.202053 1.386829
2.384212 11.983814 1.184824
2.363019 12.014273 1.248529
2.395327 11.771244 1.183783
2.127751 12.085069 1.890651
2.263689 11.940356 1.564545
2.364878 11.801311 1.273780
1.968082 12.248914 2.297790
2.293125 11.884811 1.469986
1.995841 12.287064 2.168291
2.189132 12.297147 1.678835
2.302198 12.040425 1.394952
2.226999 12.028693 1.606699
2.373111 11.853346 1.219963
2.199442 12.179982 1.697693
2.295971 11.963310 1.450184
2.189691 11.990225 1.749419
2.199166 12.089558 1.722228
2.099061 12.174321 1.939749
2.353442 12.097786 1.263171
2.196674 12.274565 1.659573
2.001992 12.173365 2.193244
2.386235 11.837014 1.189151
2.371342 12.095008 1.246904
2.377964 12.061078 1.202318
2.352702 11.864023 1.271850
2.340367 11.785585 1.337612
2.300952 12.041048 1.436370
2.216691 12.127638 1.657143
2.287421 12.138410 1.437840
2.365398 11.938314 1.259512
2.320629 11.882952 1.379534
2.080596 12.259945 1.995088
2.306173 12.123056 1.411652
2.380926 11.909924 1.214617
2.364658 11.942771 1.278538
2.391809 11.695617 1.201243
2.387218 11.701287 1.215625
2.130468 12.012636 1.915666
2.255239 11.863322 1.589612
2.352188 11.725943 1.303233
1.999827 12.210747 2.183692
2.291951 11.815564 1.497783
1.967741 12.167955 2.315315
2.187710 12.217095 1.701357
2.307395 11.973310 1.424921
2.198775 12.101130 1.717757
2.222071 11.952428 1.630778
2.349182 12.021014 1.291283
2.194554 12.011189 1.743760
2.198662 12.194463 1.679032
2.372559 11.785454 1.251042
2.292042 11.888995 1.476318
2.187322 11.916418 1.771395
2.101666 12.101033 1.962697
1.998715 12.093814 2.206484
2.352592 12.005354 1.270872
2.383477 11.768183 1.220730
2.371012 11.981939 1.230085
2.357024 11.800363 1.302396
2.337050 11.718095 1.367226
2.302860 11.969288 1.463084
2.210788 12.048495 1.679539
1.934385 12.241050 2.367373
2.290643 12.066478 1.464066
2.347664 11.855158 1.286109
1.999145 12.246929 2.176466
2.303899 12.045541 1.435122
2.075702 12.177181 2.011165
2.368577 11.831515 1.241896
2.318166 11.812939 1.408192
2.347727 11.858949 1.303428
2.384545 11.628610 1.232323
2.379981 11.633358 1.247079
2.128646 11.938414 1.939235
2.246344 11.788475 1.614780
2.354748 11.664632 1.334370
2.001075 12.133913 2.197998
2.286211 11.745445 1.523759
2.184413 12.138547 1.722401
1.959027 12.080980 2.326548
2.295341 11.893718 1.449280
2.199953 12.027168 1.739117
2.204298 12.120528 1.700140
2.346195 11.945942 1.318151
2.223484 11.884698 1.656848
2.186150 11.932206 1.761390
2.293027 11.822528 1.502863
2.184968 11.847147 1.793942
2.364320 11.715571 1.280439
1.994966 12.017372 2.219450
2.354502 11.933599 1.297580
2.102824 12.027993 1.983686
2.049659 12.265221 2.059668
2.373434 11.697029 1.249774
2.366708 11.907029 1.257442
2.349128 11.727464 1.329618
2.000336 12.285118 2.155296
2.288405 11.886152 1.484177
2.332399 11.651692 1.396953
2.208533 11.975518 1.703584
2.276726 11.982910 1.486753
1.931031 12.159725 2.378917
2.003028 12.169778 2.189791
2.355086 11.793536 1.316140
2.072627 12.100231 2.028165
2.299803 11.967685 1.457862
2.369673 11.765900 1.270505
2.350541 11.792841 1.330695
2.315660 11.744778 1.436098
2.379495 11.562554 1.262897
2.377623 11.569672 1.277995
2.123059 11.862656 1.959276
1.992606 12.052138 2.206129
2.342833 11.594986 1.361936
2.241929 11.718204 1.640265
2.191065 12.071086 1.746140
2.282229 11.678452 1.549336
1.959975 12.006260 2.343400
2.295440 11.826153 1.475833
2.183739 11.940817 1.752423
1.991205 11.946387 2.232613
2.333229 11.866176 1.342142
2.203992 12.043195 1.718595
2.191443 11.866773 1.784866
2.053800 12.193353 2.078079
2.283973 11.748687 1.525208
2.181680 11.778630 1.815748
2.223076 11.816626 1.682187
2.341938 11.853503 1.320717
2.362277 11.649776 1.308808
2.089796 11.945445 1.998180
2.370476 11.631062 1.277779
2.360932 11.833288 1.282467
2.345256 11.661313 1.357262
2.003674 12.203847 2.166454
2.290600 11.818688 1.508158
2.324497 11.584262 1.424369
2.201626 11.899909 1.724113
2.270841 11.908316 1.509712
1.935159 12.088792 2.396955
1.994931 12.084060 2.196119
2.352042 11.725790 1.342452
2.078725 12.034107 2.049941
2.285215 11.884627 1.476508
2.362647 11.695022 1.297338
2.341198 11.720176 1.355960
2.309474 11.676843 1.462173
2.373030 11.500344 1.292464
2.368466 11.505092 1.307220
1.995253 11.982381 2.221833
2.110561 11.785171 1.975555
2.181807 11.990072 1.764153
2.342150 11.532656 1.390759
2.239359 11.652819 1.667046
2.274595 11.610763 1.573457
2.289195 11.755521 1.500589
1.964798 11.939380 2.366040
2.058409 12.123847 2.096955
2.192156 11.876500 1.775758
1.982842 11.870931 2.243008
2.196829 11.962288 1.734034
2.332845 11.797185 1.367849
2.183063 11.792339 1.803063
2.181066 11.713414 1.837518
2.282202 11.682632 1.550282
2.341956 11.784183 1.345569
2.219417 11.747525 1.705215
2.358899 11.585068 1.337289
2.089062 11.874839 2.017313
2.369792 11.568726 1.306601
2.352043 11.758441 1.307625
2.345375 11.598308 1.384378
2.006539 12.125686 2.177340
2.283731 11.746709 1.529626
2.318382 11.519034 1.451760
2.271724 11.841003 1.534183
2.202001 11.832088 1.747369
1.939730 12.021140 2.415083
1.994715 12.008404 2.208087
2.342252 11.655310 1.367819
2.075185 11.960275 2.066663
2.288218 11.816500 1.498780
2.360474 11.629309 1.323259
2.334904 11.651402 1.379962
2.301868 11.608233 1.486665
2.366975 11.437813 1.321172
2.358804 11.440014 1.335225
1.985346 11.900869 2.228002
2.175256 11.915970 1.783078
2.105887 11.715057 1.996151
2.333780 11.468336 1.417900
2.270122 11.547802 1.598384
2.238976 11.589303 1.692948
2.048719 12.043989 2.107265
2.287401 11.690385 1.525287
2.196920 11.890094 1.751828
2.193200 11.808098 1.794861
2.330184 11.730025 1.392930
1.985109 11.806054 2.260133
1.963940 11.868851 2.382731
2.333771 11.712362 1.367523
2.183256 11.726457 1.823123
2.177715 11.647677 1.858194
2.278984 11.616823 1.573397
2.215338 11.679688 1.728720
2.345516 11.516588 1.362521
2.085649 11.806396 2.036674
2.350672 11.692053 1.331841
2.356007 11.500582 1.332686
2.330103 11.526793 1.407562
2.004838 12.046656 2.186404
2.278620 11.677855 1.550694
2.267553 11.771389 1.555991
2.194576 11.761438 1.766874
2.305868 11.452584 1.476606
1.996719 11.938225 2.220125
2.068367 11.886338 2.080702
2.337855 11.589581 1.393866
2.285765 11.746402 1.519242
2.356050 11.564505 1.348931
2.333087 11.587204 1.404280
2.294705 11.542904 1.511249
1.987072 11.836402 2.243535
2.179594 11.852202 1.805436
2.105290 11.649848 2.017918
2.267863 11.485790 1.622806
2.047740 11.972606 2.121883
2.224867 11.518635 1.712825
2.283297 11.623478 1.548411
1.981350 11.740543 2.273485
2.186957 11.737376 1.811429
2.193359 11.817205 1.768165
2.325187 11.662014 1.416066
2.179795 11.659878 1.841728
2.338221 11.649469 1.391939
2.173403 11.583615 1.877756
2.270309 11.549046 1.594705
1.963176 11.800092 2.401114
2.205262 11.610295 1.748825
2.340245 11.454308 1.389148
2.347480 11.625321 1.355326
2.081731 11.737455 2.054815
2.352941 11.439243 1.358810
2.322489 11.463649 1.432247
2.000799 11.966777 2.193522
2.277613 11.612987 1.573306
2.195348 11.698750 1.789470
2.264765 11.704312 1.578628
1.993694 11.864826 2.229874
2.064336 11.816544 2.096775
2.283754 11.679585 1.539796
2.332871 11.526114 1.417571
2.344340 11.497379 1.372068
2.331252 11.523935 1.428220
2.291157 11.480129 1.536533
2.172925 11.782725 1.822485
1.983684 11.766953 2.255084
2.036669 11.895692 2.131555
2.106077 11.587171 2.040512
2.212603 11.452850 1.734001
2.273282 11.556774 1.569834
1.976683 11.674866 2.286470
2.193874 11.749225 1.785671
2.319256 11.594757 1.438460
2.182527 11.667938 1.828346
2.329946 11.581353 1.412390
2.175888 11.595481 1.860434
2.166353 11.519034 1.896226
2.267026 11.486016 1.616691
2.203759 11.549448 1.770795
2.342438 11.559168 1.377708
1.956329 11.728021 2.414401
2.081515 11.672830 2.075353
1.998204 11.892120 2.202790
2.271523 11.546738 1.592883
2.261016 11.638909 1.600150
2.190176 11.632662 1.809415
1.991624 11.795217 2.240931
2.062175 11.750714 2.114519
2.279005 11.612249 1.559257
2.325177 11.461208 1.440557
2.336619 11.433399 1.394679
2.323045 11.458522 1.449989
2.173077 11.718683 1.841793
1.986775 11.705947 2.271067
2.040319 11.833338 2.149504
1.978924 11.616376 2.303411
2.271405 11.495348 1.593026
2.099036 11.522587 2.058981
2.184461 11.606105 1.847627
2.311476 11.528079 1.459751
2.189848 11.679452 1.801732
2.324370 11.515618 1.433179
2.171988 11.531094 1.879137
2.160172 11.456478 1.914307
2.334230 11.493748 1.399477
2.195936 11.484616 1.791341
2.083543 11.612753 2.096335
1.953242 11.662943 2.431408
2.001573 11.825405 2.215276
2.267705 11.484119 1.613277
2.255820 11.573752 1.619715
2.182641 11.566645 1.827039
1.989107 11.727790 2.252090
2.056247 11.683350 2.128737
2.275553 11.545689 1.577849
2.170491 11.654120 1.860008
1.984810 11.642642 2.284389
2.037483 11.767998 2.163213
1.978425 11.557365 2.319259
2.260410 11.431249 1.612958
2.190785 11.615682 1.818952
2.174501 11.537471 1.861611
2.313610 11.468870 1.482789
2.096666 11.460649 2.080958
2.321495 11.452262 1.454305
2.167529 11.468047 1.895872
2.332216 11.432411 1.420218
2.076367 11.548244 2.112360
1.997110 11.752260 2.223061
2.250175 11.510777 1.639383
2.182413 11.507484 1.847766
1.990290 11.664678 2.265646
2.055423 11.621902 2.146558
2.272516 11.483327 1.596160
2.164223 11.589783 1.876394
1.986973 11.582396 2.299629
2.035142 11.704095 2.177760
1.977505 11.499612 2.335584
2.184863 11.548338 1.833158
2.175482 11.477319 1.879775
2.074236 11.486971 2.130666
2.001469 11.688420 2.237225
2.242193 11.446950 1.657105
2.171719 11.442209 1.864775
2.057785 11.564259 2.165560
1.988621 11.600205 2.276039
2.162112 11.527587 1.895070
1.990604 11.526438 2.317393
2.036501 11.644506 2.194705
1.978369 11.444057 2.351884
2.184846 11.486248 1.849260
2.003464 11.624648 2.249068
2.050971 11.501255 2.179961
1.992198 11.541559 2.292459
2.151259 11.463302 1.909235
1.979800 11.460224 2.324123
2.035013 11.583551 2.208459
2.002331 11.560695 2.260623
2.050586 11.444033 2.197460
1.992018 11.481401 2.305340
2.034539 11.524559 2.224264
2.003010 11.498033 2.272542
2.029870 11.465284 2.237026
1.999092 11.435419 2.282270
2.384367 12.299530 1.088969
2.397835 12.246161 1.044651
2.362233 12.294579 1.144912
2.400540 12.252460 1.053981
2.364726 12.259209 1.124743
2.377874 12.242172 1.100061
2.398138 12.222513 1.055151
2.326534 12.304099 1.242709
2.341517 12.266471 1.202331
2.365891 12.233546 1.145781
2.376811 12.216419 1.121268
2.329125 12.282335 1.254710
2.319393 12.279793 1.273391
2.316869 12.273464 1.266495
2.315284 12.273948 1.293629
2.355943 12.225533 1.177011
2.360137 12.216105 1.174440
2.312233 12.269418 1.298650
2.386587 12.162468 1.081311
2.425520 12.147757 1.024444
2.386672 12.166305 1.090381
2.359854 12.180364 1.158975
2.369403 12.161569 1.133306
2.389393 12.140412 1.090020
2.324354 12.224104 1.276300
2.343356 12.193054 1.232894
2.287217 12.241802 1.352716
2.363338 12.156332 1.175783
2.367307 12.134736 1.152117
2.265866 12.257353 1.429115
2.318046 12.196580 1.286410
2.312434 12.194046 1.294142
2.318221 12.201551 1.303265
2.360618 12.154289 1.204543
2.313993 12.194834 1.321450
2.237492 12.269834 1.494094
2.362709 12.142945 1.202910
2.300215 12.181413 1.322608
2.383444 12.093343 1.125435
2.380010 12.084091 1.116915
2.411136 12.063782 1.060936
2.220177 12.278881 1.549176
2.211571 12.262954 1.564232
2.355200 12.103950 1.191203
2.367767 12.087282 1.164939
2.383425 12.064117 1.122762
2.215023 12.258727 1.566310
2.208353 12.270922 1.591207
2.322451 12.148330 1.309557
2.335902 12.114223 1.262425
2.174001 12.286301 1.661636
2.293974 12.172751 1.385044
2.360607 12.081879 1.204636
2.218791 12.249894 1.570327
2.366799 12.063078 1.182087
2.264398 12.181001 1.455786
2.152476 12.299193 1.734311
2.320807 12.126103 1.318606
2.320529 12.127320 1.321512
2.317389 12.126615 1.333189
2.353380 12.075168 1.230782
2.314166 12.121643 1.347655
2.236698 12.194650 1.518287
2.127002 12.315638 1.797927
2.352329 12.063525 1.228977
2.311728 12.116489 1.348529
2.378432 12.014313 1.151507
2.375835 12.016603 1.159933
2.223658 12.203919 1.570592
2.400900 11.987284 1.096458
2.223554 12.196798 1.589681
2.343357 12.024039 1.221462
2.356776 12.008497 1.195156
2.370786 11.984872 1.154732
2.221824 12.189442 1.592909
2.206106 12.192552 1.618306
2.311989 12.067391 1.339687
2.335800 12.042251 1.291542
2.177271 12.214351 1.687632
2.273974 12.084634 1.410030
2.346878 11.999763 1.232540
2.221723 12.177359 1.597563
2.357852 11.987130 1.210983
2.271648 12.115876 1.484486
2.150204 12.221490 1.755296
2.316712 12.052718 1.347590
2.319124 12.052763 1.349862
2.304398 12.044755 1.358999
2.055174 12.312612 1.982045
2.012236 12.315753 2.027525
2.013636 12.301167 2.020988
2.341635 11.994097 1.255696
2.238861 12.125227 1.542790
2.297582 12.035327 1.371193
2.127625 12.241893 1.817549
2.343599 11.987288 1.254581
2.298372 12.034708 1.369464
2.227020 12.130801 1.591244
2.368813 11.939913 1.184170
2.369234 11.944332 1.192000
2.387346 11.910543 1.129374
2.216766 12.117128 1.609339
2.342858 11.955115 1.252724
2.356213 11.940486 1.226035
2.013813 12.274282 2.033871
2.368392 11.916438 1.184925
2.210251 12.106311 1.612862
2.021774 12.256830 2.011621
2.328384 11.968607 1.317921
2.195633 12.109598 1.641040
2.306650 11.993222 1.369574
2.280831 12.019855 1.439590
2.168051 12.132194 1.709468
2.346532 11.931462 1.260126
2.227158 12.109127 1.624295
2.353572 11.916491 1.238822
2.255221 12.032900 1.505634
2.156832 12.154974 1.780747
2.306495 11.976658 1.371271
2.311439 11.977632 1.377866
2.012752 12.241162 2.045097
2.308968 11.978098 1.387060
2.231611 12.049514 1.564206
2.338885 11.923045 1.279730
2.304131 11.972414 1.397547
2.054293 12.233905 2.002907
2.014889 12.224125 2.035180
2.120665 12.162280 1.834771
2.337831 11.914109 1.279211
2.300019 11.964754 1.392774
2.031092 12.249752 2.072489
2.225415 12.056977 1.611042
2.364346 11.874328 1.223991
2.364903 11.869207 1.216888
2.380684 11.841906 1.162348
2.211690 12.039726 1.628918
2.009928 12.255138 2.140071
2.337789 11.885154 1.282277
2.012841 12.197156 2.048234
2.351542 11.870192 1.254732
2.361947 11.847510 1.214606
2.214593 12.037921 1.636817
2.019770 12.175916 2.022304
2.321430 11.896440 1.345119
2.302900 11.923146 1.398615
1.986117 12.269357 2.200652
2.195375 12.037714 1.667728
2.344300 11.863669 1.286647
2.161208 12.056170 1.730033
2.270744 11.944690 1.465329
2.213425 12.027719 1.646092
2.346491 11.846149 1.265252
2.255623 11.964875 1.531129
2.155631 12.083538 1.800977
2.300611 11.905323 1.395136
2.301409 11.904257 1.405276
2.012753 12.168747 2.062760
2.298755 11.904760 1.412032
2.233600 11.982864 1.587565
2.116143 12.087884 1.851104
2.339155 11.856839 1.304458
2.015563 12.150169 2.049079
2.303097 11.903632 1.421502
2.061521 12.164355 2.028662
2.338161 11.847000 1.304325
2.301084 11.897896 1.415793
2.033441 12.178309 2.092041
2.219179 11.980332 1.627464
2.376919 11.777246 1.193967
2.357507 11.805754 1.254535
2.358519 11.802090 1.248246
2.215327 11.973550 1.650532
2.010265 12.183314 2.156503
2.334702 11.818958 1.310133
2.004427 12.117485 2.057813
2.348516 11.803082 1.282974
2.361996 11.784317 1.243922
2.215732 11.970163 1.660228
2.317247 11.830073 1.370196
2.015749 12.097337 2.031162
1.982949 12.194604 2.210753
2.296408 11.852462 1.426641
2.193165 11.967254 1.692976
2.338870 11.793810 1.311338
2.271142 11.879384 1.492123
2.168693 11.993511 1.756747
2.212400 11.958961 1.670060
2.342887 11.779415 1.291915
2.249621 11.895392 1.554238
2.146383 12.007484 1.819289
2.302135 11.839931 1.418981
2.002633 12.089535 2.073716
2.128627 12.031096 1.875520
2.227877 11.912175 1.607768
2.303240 11.839705 1.433615
2.296867 11.837577 1.437331
2.335310 11.788353 1.327017
2.292123 11.830724 1.442471
2.014346 12.076720 2.061928
2.333464 11.780087 1.328211
2.300725 11.830288 1.437286
2.055435 12.085903 2.045867
2.032535 12.105690 2.109381
2.220538 11.912277 1.647589
2.373498 11.713174 1.224358
2.355004 11.741895 1.285269
2.351564 11.735351 1.278035
2.213545 11.905198 1.670484
2.007347 12.110314 2.170720
2.334183 11.756141 1.337875
2.006414 12.048826 2.073791
2.344461 11.737596 1.310114
2.208251 11.898143 1.680132
2.361204 11.720005 1.273290
1.980765 12.121856 2.222875
2.024352 12.032561 2.047532
2.315757 11.765261 1.395926
2.339936 11.732368 1.336944
2.266519 11.811573 1.516396
2.292940 11.786613 1.455364
2.169387 11.927011 1.780640
2.190903 11.897715 1.717849
2.208577 11.890490 1.692622
2.344931 11.717272 1.318249
2.248870 11.830834 1.577873
2.145462 11.940269 1.839202
2.299612 11.774034 1.442316
2.126211 11.964040 1.893507
2.007883 12.024761 2.093207
2.230146 11.849746 1.630809
2.291996 11.770716 1.458781
2.293948 11.772015 1.461521
2.331869 11.722244 1.350009
2.013012 12.005103 2.074011
2.295883 11.768133 1.467438
2.334475 11.716860 1.352149
2.294944 11.760516 1.457110
2.054259 12.014507 2.066122
2.220345 11.845307 1.665408
2.028038 12.031332 2.125739
2.213474 11.839108 1.690357
2.351108 11.674334 1.307450
2.368710 11.650153 1.254881
2.354611 11.679964 1.315069
1.996662 12.031487 2.180099
2.325224 11.689035 1.364543
2.010233 11.983306 2.091744
1.980288 12.054070 2.236203
2.336751 11.671281 1.335886
2.209156 11.834056 1.702018
2.352181 11.653811 1.299574
2.017534 11.956985 2.056276
2.312381 11.700953 1.420590
2.336558 11.668059 1.361608
2.269948 11.751116 1.543890
2.294203 11.725151 1.483413
2.207319 11.825403 1.715063
2.165972 11.858227 1.802351
2.335727 11.651119 1.342095
2.245380 11.765658 1.600484
2.148142 11.877526 1.861390
2.189438 11.830227 1.742300
2.292455 11.708009 1.463554
2.120997 11.894577 1.908799
2.226019 11.783151 1.650168
2.003990 11.955190 2.107988
2.325626 11.656431 1.371592
2.294509 11.710048 1.485934
2.014364 11.937747 2.088027
2.286125 11.704834 1.485241
2.290104 11.701078 1.488550
2.328232 11.651047 1.373732
2.290352 11.695165 1.476940
2.047994 11.941529 2.083467
2.218327 11.777930 1.682545
2.022443 11.959516 2.140605
2.209749 11.772190 1.708862
2.001339 11.969802 2.199297
2.343303 11.614607 1.341141
2.344833 11.611486 1.336051
2.366947 11.589271 1.284813
2.008445 11.915655 2.105588
2.323615 11.628774 1.390796
1.980209 11.988666 2.249964
2.339593 11.613897 1.363085
2.211835 11.771316 1.724210
2.347887 11.592005 1.325183
2.022424 11.892303 2.070897
2.304435 11.635606 1.443543
2.327695 11.602501 1.384219
2.164995 11.794650 1.823171
2.262070 11.684860 1.567229
2.333082 11.589775 1.365953
2.206524 11.761787 1.738322
2.283761 11.658226 1.508161
2.143447 11.811320 1.879169
2.240067 11.700075 1.622413
2.289238 11.644335 1.484545
2.191512 11.768123 1.768643
2.117553 11.829164 1.925682
2.220459 11.718517 1.669273
2.001348 11.889125 2.123161
2.011997 11.870473 2.100291
2.328625 11.596968 1.393830
2.286233 11.644127 1.510129
2.286493 11.637740 1.510397
2.284010 11.641337 1.509014
2.325406 11.589741 1.395153
2.288449 11.631371 1.497420
2.212257 11.710057 1.699170
2.043045 11.871146 2.101590
2.017311 11.889172 2.156289
2.206820 11.707320 1.726946
2.001904 11.905829 2.216314
2.336518 11.551231 1.368549
2.349422 11.522417 1.310928
2.334051 11.546689 1.363326
2.009278 11.853175 2.120981
1.983666 11.928641 2.265615
2.315795 11.564314 1.415807
2.202229 11.703482 1.741518
2.329025 11.548805 1.387067
2.026343 11.828336 2.084795
2.296369 11.572098 1.465731
2.341436 11.529211 1.351351
2.322709 11.540204 1.406196
2.143204 11.750706 1.899183
2.158198 11.729244 1.843178
2.328551 11.528934 1.388744
2.251787 11.618568 1.588302
2.239021 11.640120 1.644138
2.197956 11.695045 1.758028
2.277455 11.578198 1.503692
2.116672 11.767132 1.942443
2.277778 11.594195 1.533859
2.181242 11.699137 1.788432
2.220210 11.657898 1.689288
2.001390 11.827317 2.140266
2.014146 11.807878 2.115173
2.315924 11.530620 1.412636
2.279882 11.580170 1.530951
2.276024 11.571486 1.529033
2.273388 11.577168 1.532613
2.317219 11.525360 1.415289
2.278251 11.566608 1.514431
2.215032 11.648865 1.717306
2.017940 11.826998 2.174979
2.041697 11.805235 2.121989
1.998629 11.841061 2.229524
2.206120 11.645253 1.746148
1.985362 11.867295 2.280969
2.012404 11.792584 2.137877
2.332170 11.493062 1.395066
2.326105 11.486767 1.388856
2.346506 11.465002 1.338986
2.307792 11.502605 1.439668
2.201134 11.641749 1.761577
2.327701 11.490061 1.411705
2.332908 11.469658 1.375298
2.291783 11.512182 1.488141
2.030326 11.766169 2.100367
2.315438 11.478745 1.427963
2.133029 11.683264 1.914913
2.318199 11.466264 1.410722
2.229017 11.575335 1.663591
2.197837 11.635314 1.780100
2.250471 11.559834 1.612941
2.159977 11.669027 1.866321
2.114486 11.705235 1.959721
2.281715 11.522252 1.526325
2.271613 11.532915 1.558408
2.006346 11.769854 2.159135
2.212770 11.593782 1.707332
2.179875 11.638620 1.811402
2.023161 11.750926 2.134559
2.308930 11.467954 1.431494
2.273941 11.513156 1.549650
2.270849 11.517384 1.552417
2.270696 11.519469 1.557380
2.281020 11.508121 1.533855
2.313031 11.465115 1.436846
2.203356 11.581579 1.731112
2.015309 11.763660 2.191446
1.996334 11.778305 2.244751
2.199415 11.581391 1.762099
2.041146 11.741372 2.141966
1.982883 11.804574 2.293757
2.012272 11.730830 2.152551
2.325363 11.430366 1.416365
2.323379 11.432031 1.420642
2.306868 11.446242 1.464739
2.191869 11.577223 1.778938
2.324490 11.431820 1.435276
2.030987 11.703748 2.113331
2.285770 11.451527 1.509014
2.131822 11.623377 1.934207
2.109495 11.643630 1.975590
2.221577 11.513931 1.682923
2.244400 11.500093 1.633429
2.187262 11.570913 1.797974
2.152486 11.605840 1.883984
2.275583 11.460721 1.545146
2.208745 11.534169 1.725213
2.002157 11.707595 2.173293
2.264476 11.472350 1.582234
2.175834 11.576573 1.833733
2.020163 11.687668 2.146152
2.267810 11.451629 1.568471
2.269292 11.459608 1.574237
2.269324 11.461659 1.581640
2.275286 11.446261 1.551821
2.209156 11.525233 1.749944
2.018629 11.705753 2.212073
1.997120 11.719470 2.261055
1.981199 11.743897 2.306123
2.198602 11.521173 1.780541
2.039162 11.679466 2.161691
2.013971 11.672207 2.169199
2.188767 11.517830 1.797166
2.033486 11.641761 2.126986
2.105696 11.583737 1.990180
2.129642 11.564202 1.952779
2.218531 11.456327 1.702821
2.182452 11.511978 1.817570
2.237087 11.439576 1.654821
2.146372 11.544332 1.902809
2.005289 11.652431 2.192769
2.204330 11.474901 1.743954
2.259966 11.414252 1.606323
2.023179 11.628928 2.162291
2.163956 11.512313 1.852126
2.201817 11.462672 1.763935
1.980494 11.685231 2.320504
1.998035 11.661523 2.279418
2.008233 11.639302 2.224993
2.191324 11.460403 1.796202
2.019335 11.617134 2.188507
2.035873 11.617696 2.181933
2.182072 11.456696 1.814411
2.028083 11.578467 2.136317
2.105561 11.527396 2.007432
2.127860 11.507404 1.971783
2.180851 11.455141 1.839014
2.009279 11.598396 2.212206
2.140720 11.484291 1.922453
2.021436 11.569180 2.174280
2.162088 11.453991 1.875196
1.980648 11.627695 2.334849
1.995108 11.602778 2.293973
2.013726 11.585114 2.246359
2.014452 11.557093 2.200324
2.033713 11.558548 2.200513
2.035162 11.522950 2.154264
2.105035 11.471397 2.025544
2.118182 11.446604 1.985181
2.004522 11.539237 2.226079
2.023940 11.512616 2.190513
1.982115 11.572744 2.349969
1.990753 11.543291 2.306993
2.009678 11.526468 2.263872
2.011925 11.498026 2.214031
2.029396 11.498413 2.219653
2.022908 11.456756 2.160392
1.985855 11.474273 2.231088
2.008877 11.446706 2.195227
1.976203 11.514334 2.360681
1.992470 11.490103 2.326227
2.004698 11.439740 2.225257
2.009236 11.469584 2.282378
2.032341 11.443578 2.242441
1.997178 11.427342 2.255852
1.976888 11.460067 2.377522
2.353030 12.287755 1.119762
2.338067 12.277731 1.144064
2.360669 12.292232 1.086268
2.363404 12.281844 1.091822
2.298163 12.287081 1.288838
2.377524 12.302941 1.037982
2.322122 12.263901 1.237719
2.350250 12.212859 1.148302
2.389750 12.287807 1.026349
2.337497 12.205679 1.173628
2.320364 12.275356 1.228753
2.361545 12.220978 1.117324
2.321880 12.268357 1.232347
2.364806 12.211171 1.124059
2.239983 12.297538 1.456486
2.204600 12.307954 1.529975
2.298820 12.215826 1.317454
2.373473 12.228559 1.072768
2.315609 12.186284 1.263316
2.346403 12.139561 1.175693
2.345546 12.266860 1.158141
2.377505 12.206309 1.061486
2.323428 12.273961 1.212057
2.332807 12.131255 1.201100
2.320709 12.203546 1.258633
2.356679 12.146920 1.148088
2.236299 12.296325 1.470696
2.392689 12.233400 1.027998
2.236673 12.291810 1.472737
2.320467 12.195190 1.261980
2.344559 12.126375 1.153366
2.373158 12.245726 1.083295
2.244663 12.226461 1.479833
2.409925 12.206008 0.995520
2.288833 12.327971 1.296228
2.214076 12.244945 1.555722
2.290849 12.140159 1.342763
2.329798 12.275265 1.193416
2.312075 12.113559 1.289451
2.367061 12.153163 1.105726
2.339881 12.064696 1.202515
2.345715 12.195419 1.191316
2.262244 12.282965 1.401273
2.366268 12.128324 1.094473
2.334930 12.064989 1.228344
2.325294 12.202053 1.243856
2.083334 12.323835 1.842774
2.231634 12.284513 1.473575
2.311644 12.128022 1.286908
2.233148 12.223254 1.495973
2.354730 12.075923 1.177766
2.093782 12.323535 1.859472
2.312108 12.119871 1.288145
2.225972 12.209998 1.494630
2.387018 12.158603 1.064578
2.351783 12.064555 1.184646
2.240323 12.151320 1.500725
2.365200 12.168997 1.118447
2.402106 12.130204 1.032706
2.197721 12.163592 1.574833
2.285945 12.252568 1.328463
2.292442 12.073330 1.368829
2.313985 12.047280 1.314259
2.328736 12.203049 1.227525
2.335661 11.995948 1.227877
2.356591 12.077228 1.138230
2.336023 12.118786 1.222114
2.258993 12.209363 1.430254
2.118653 12.306504 1.801641
2.365752 12.060864 1.126877
2.329552 11.994562 1.255047
2.317990 12.127888 1.272383
2.092015 12.255692 1.862066
2.236290 12.280081 1.478872
2.228559 12.210546 1.499265
2.079480 12.302739 1.871033
2.224571 12.147935 1.519697
2.313977 12.061793 1.316596
2.345055 12.003474 1.205678
2.093113 12.253495 1.878775
2.227889 12.140995 1.518219
2.312019 12.050780 1.314376
2.370177 12.078736 1.099305
2.343942 11.992564 1.213216
2.234000 12.077547 1.520151
2.137292 12.291728 1.735324
2.354866 12.093990 1.152984
2.389236 12.054537 1.068702
2.194585 12.094723 1.597226
2.288142 12.005503 1.393784
2.290787 12.185554 1.360798
2.307868 11.976263 1.337347
2.315525 12.123704 1.257832
2.334043 11.929702 1.253415
2.350647 12.007516 1.169079
2.325716 12.045231 1.252546
2.106138 12.225707 1.818772
2.250630 12.134065 1.456422
2.329693 11.929677 1.280833
2.359494 11.990602 1.158988
2.310612 12.054644 1.300508
2.090234 12.182678 1.877395
2.226181 12.200684 1.503577
2.221291 12.135106 1.522471
2.304539 11.990820 1.342843
2.076088 12.226557 1.886929
2.224325 12.080672 1.545110
2.339139 11.935212 1.232425
2.087800 12.180502 1.894823
2.166136 12.270356 1.669383
2.229267 12.074162 1.541850
2.305196 11.979563 1.339578
2.366657 12.011886 1.133615
2.080755 12.285883 1.888162
2.338553 11.924884 1.241143
2.234250 12.010470 1.541018
2.134389 12.217415 1.757725
2.353118 12.025766 1.186328
2.381884 11.984419 1.103780
2.204291 12.035944 1.622540
2.078273 12.333400 1.883943
2.282400 11.936886 1.417239
2.299842 11.905710 1.359377
2.276129 12.105426 1.389601
2.325240 11.859850 1.277151
2.319756 12.059763 1.289805
2.350297 11.942447 1.199419
2.324446 11.979938 1.282555
2.115986 12.165129 1.844894
2.250598 12.066825 1.484278
2.321656 11.861859 1.304080
2.357837 11.925657 1.189853
2.310121 11.988652 1.328814
1.969635 12.311268 2.208653
2.092424 12.113873 1.893997
2.238220 12.141487 1.534832
2.091406 12.117970 1.915361
1.938801 12.265894 2.264909
2.222279 12.068627 1.546957
2.298861 11.924031 1.367924
2.086504 12.165259 1.908910
2.224457 12.015808 1.570892
2.339419 11.871265 1.260249
2.226451 12.005857 1.562996
2.306630 11.917301 1.366059
2.163132 12.195516 1.695489
2.075983 12.210732 1.904179
2.360778 11.944020 1.166097
2.340443 11.864100 1.268399
2.231750 11.942728 1.560908
1.929746 12.307330 2.280151
1.944700 12.256269 2.276327
2.133158 12.148112 1.781186
2.203609 11.971393 1.644297
2.344636 11.955417 1.218642
2.372940 11.915320 1.136539
1.992217 12.306153 2.146031
2.075471 12.259624 1.902646
2.280027 11.872803 1.440379
2.303215 11.844442 1.382820
2.327308 11.798704 1.301120
2.269201 12.033684 1.418503
2.311976 11.989621 1.320006
2.348881 11.878970 1.228620
2.319508 11.913750 1.311258
2.112558 12.097168 1.864446
2.324250 11.801294 1.329230
2.245983 11.998464 1.510502
2.351521 11.860495 1.218675
2.307331 11.923474 1.356913
1.971033 12.243181 2.226951
2.090421 12.043597 1.908116
2.089977 12.052834 1.933494
1.941939 12.196043 2.276513
2.222461 12.062567 1.556765
2.218035 11.948439 1.592353
2.081509 12.092839 1.923710
2.299905 11.862134 1.395262
2.224637 12.003872 1.572549
2.339475 11.810040 1.286855
2.227606 11.941760 1.585415
2.016581 12.290046 2.082908
2.306095 11.853670 1.389860
2.154101 12.118751 1.718454
2.080131 12.146044 1.924685
1.940039 12.185852 2.285751
2.333914 11.798931 1.294786
2.235898 11.880775 1.582647
2.354748 11.877975 1.197768
1.931651 12.236695 2.292686
2.201470 11.908782 1.665767
2.131538 12.079177 1.805505
2.338605 11.889378 1.250313
2.365605 11.849401 1.168736
2.277191 11.809985 1.463968
2.077618 12.192118 1.924572
1.990640 12.233194 2.163803
2.299327 11.780468 1.404052
2.327153 11.737469 1.325292
1.929647 12.279181 2.296643
2.271446 11.971128 1.449013
2.340730 11.813366 1.256790
2.310632 11.925249 1.349616
2.309144 11.845312 1.338408
2.109974 12.030350 1.883923
2.239384 11.931469 1.535258
2.321419 11.738477 1.352826
2.347881 11.796931 1.248080
2.304783 11.859766 1.383350
1.965742 12.171660 2.238899
2.093833 11.978331 1.925014
2.086640 11.988158 1.950568
1.920898 12.306778 2.293084
2.081327 12.025757 1.939703
2.298439 11.801022 1.419953
1.941350 12.123466 2.285191
2.223964 11.999417 1.583655
2.222905 11.889826 1.618926
2.225012 11.940478 1.596674
2.331429 11.744979 1.311331
2.229530 11.879707 1.607352
2.299743 11.788139 1.412958
1.937725 12.119215 2.298230
2.022000 12.223817 2.106997
2.076115 12.075689 1.941441
2.152936 12.051294 1.743550
2.329385 11.736586 1.319758
2.231417 11.814410 1.601077
1.939876 12.174030 2.309543
2.354764 11.818051 1.229699
2.196055 11.844927 1.685079
2.128250 12.012157 1.827099
2.074581 12.123813 1.943276
2.275513 11.748862 1.486224
2.340844 11.829560 1.282049
2.368298 11.791062 1.201246
1.985637 12.160794 2.178602
2.296358 11.716736 1.425621
1.933827 12.213220 2.311825
2.315227 11.671491 1.346020
2.266821 11.905516 1.476462
2.305545 11.860886 1.377511
2.343601 11.754664 1.286011
2.108609 11.967057 1.903689
2.313245 11.787393 1.366694
2.308184 11.672626 1.374077
2.238064 11.868559 1.560764
2.346694 11.737673 1.276840
2.302552 11.796623 1.408535
1.962273 12.103341 2.252723
2.088542 11.909554 1.938197
2.084989 11.925753 1.967489
1.926191 12.243800 2.312247
2.074276 11.955619 1.952635
2.291232 11.737107 1.444351
1.949502 12.061719 2.301648
2.214186 11.823284 1.640187
2.219434 11.874256 1.618066
2.216913 11.930953 1.607645
2.327744 11.683774 1.336228
1.942572 12.061671 2.314951
2.222509 11.812691 1.627240
2.295918 11.726010 1.435822
2.068748 12.004992 1.955632
2.012790 12.145768 2.122203
2.325234 11.676636 1.345098
2.224563 11.749759 1.618891
1.933260 12.099520 2.315078
2.153666 11.986139 1.770931
2.348902 11.754395 1.259307
2.200039 11.787538 1.707225
2.131610 11.950927 1.850541
2.267491 11.685262 1.506597
2.067500 12.052233 1.960313
2.291782 11.656746 1.446082
2.333071 11.766356 1.310590
2.359747 11.728557 1.231493
1.979254 12.089437 2.193522
1.938911 12.150230 2.328556
2.324111 11.618510 1.369774
2.334701 11.691218 1.311790
2.299541 11.796310 1.405085
2.107698 11.905256 1.924233
2.259520 11.838336 1.503343
2.302582 11.722594 1.392223
2.314918 11.618644 1.398435
2.237196 11.807143 1.587048
2.339163 11.675936 1.303719
1.963679 12.042184 2.269361
2.290911 11.729771 1.432113
2.078828 11.861325 1.983183
2.091794 11.848848 1.955506
1.930811 12.182058 2.329420
2.080340 11.897419 1.972548
2.210594 11.762628 1.661380
2.285634 11.676367 1.468185
1.950648 11.995986 2.313015
2.221421 11.814051 1.641635
2.222628 11.873477 1.634146
1.944744 12.002555 2.331102
2.324300 11.624036 1.359463
2.217023 11.749750 1.646156
2.290260 11.663440 1.458036
2.072736 11.944880 1.976555
1.941399 12.040511 2.332755
2.325911 11.619287 1.370418
2.226656 11.690094 1.638768
2.004484 12.070697 2.138958
2.188207 11.722119 1.724253
2.348243 11.695724 1.289255
2.153721 11.922224 1.796323
2.127710 11.886992 1.871773
2.067443 11.988825 1.979561
2.263441 11.625865 1.528242
2.289508 11.595971 1.466766
2.329734 11.706105 1.339962
1.976451 12.022635 2.210567
2.353346 11.667071 1.261143
1.934253 12.079841 2.337997
2.315631 11.556172 1.390602
2.103510 11.842210 1.942619
2.292397 11.734228 1.431111
2.332838 11.633210 1.338565
2.258265 11.777270 1.530484
2.301634 11.664818 1.419323
2.306361 11.557210 1.418854
2.230225 11.744701 1.609781
1.966981 11.983322 2.288284
2.337376 11.617027 1.330905
2.290667 11.672196 1.457102
2.078925 11.803031 2.001576
1.933672 12.118973 2.346352
2.088642 11.783834 1.969311
2.077323 11.833328 1.988381
2.209290 11.703916 1.684006
1.946391 11.942872 2.346080
2.276760 11.614381 1.489862
2.214704 11.750334 1.661486
1.949511 11.928333 2.322961
2.217113 11.809103 1.657171
2.312363 11.560816 1.381419
2.218335 11.690791 1.667738
2.285296 11.603815 1.479358
2.072456 11.884194 1.994584
1.944894 11.978547 2.347175
2.220497 11.628400 1.655697
2.314816 11.557197 1.392294
2.189292 11.665875 1.744609
2.339857 11.635601 1.317434
2.001970 12.003021 2.158856
2.152711 11.859899 1.820577
2.065088 11.926227 1.998601
2.261467 11.568384 1.548882
2.121902 11.823517 1.891946
2.279823 11.534295 1.484420
1.936440 12.017995 2.352951
1.979123 11.962671 2.232025
2.322730 11.644959 1.368039
2.350390 11.609214 1.290898
2.310069 11.496880 1.410355
2.097414 11.779622 1.959960
2.323790 11.571594 1.363554
2.288847 11.673968 1.458063
2.297407 11.605791 1.444283
2.252951 11.715659 1.557186
2.302242 11.498723 1.440120
1.963349 11.919571 2.302541
2.227765 11.684306 1.633771
2.082073 11.748704 2.020932
2.332688 11.559251 1.356314
2.281402 11.610559 1.479653
1.929134 12.052247 2.359064
2.086782 11.721436 1.983835
1.947103 11.885697 2.361970
2.075987 11.771501 2.004084
2.199279 11.641691 1.702938
2.274004 11.557597 1.512230
2.212872 11.691043 1.682963
2.205102 11.744050 1.677520
1.951032 11.864998 2.334728
2.314574 11.507543 1.405797
2.210023 11.628092 1.685300
2.280781 11.545675 1.501483
2.066683 11.819422 2.009464
1.940984 11.912943 2.357383
2.216094 11.568067 1.672910
2.186390 11.608178 1.764948
2.313583 11.500313 1.416592
1.995105 11.935667 2.175482
2.335455 11.576944 1.345707
2.145742 11.794737 1.842130
2.065854 11.866695 2.019027
2.257265 11.510806 1.569756
2.117772 11.762303 1.911999
2.284509 11.479856 1.505734
1.935339 11.954894 2.365759
1.975172 11.898365 2.247552
2.311980 11.583817 1.394415
2.338336 11.548192 1.317799
2.312143 11.442687 1.432708
2.092605 11.719647 1.978007
2.322092 11.515959 1.388289
2.284227 11.615294 1.483886
2.300195 11.442148 1.460389
2.290955 11.546672 1.469453
2.251469 11.657318 1.583140
1.961457 11.859912 2.318270
2.221408 11.625716 1.655234
2.076135 11.688486 2.036213
2.326239 11.500130 1.381489
1.934183 11.994742 2.378263
2.282841 11.555259 1.504520
2.087581 11.663355 2.000157
1.944081 11.825794 2.374933
2.196830 11.585473 1.724046
2.075025 11.712061 2.020155
2.206453 11.630627 1.702804
2.272691 11.501627 1.536115
2.206080 11.687272 1.701607
1.953978 11.805204 2.349222
2.314499 11.452346 1.428754
2.209273 11.571398 1.705036
2.070367 11.762940 2.028795
2.275665 11.487870 1.522025
1.940201 11.850410 2.368938
2.216127 11.510678 1.690948
2.312125 11.446143 1.439662
2.179682 11.548657 1.781944
2.063193 11.807719 2.036467
2.324633 11.516712 1.371680
2.255064 11.456044 1.589205
1.996538 11.874931 2.197898
2.143660 11.734007 1.865277
2.115928 11.703036 1.933476
1.934227 11.894536 2.379785
2.288280 11.425199 1.526716
1.977612 11.841120 2.267809
2.308342 11.527207 1.422196
2.340054 11.494744 1.346735
2.094128 11.664902 1.999162
2.315493 11.458650 1.412650
2.277247 11.555600 1.507879
1.958648 11.800036 2.333677
2.289178 11.491952 1.493783
2.075085 11.632690 2.053092
2.242725 11.596272 1.606882
2.216571 11.567042 1.678620
1.936408 11.937467 2.396074
2.323160 11.445532 1.406345
2.272509 11.495219 1.525942
1.944715 11.769537 2.390427
2.085178 11.603127 2.014730
2.077719 11.656269 2.038758
2.197132 11.529945 1.746146
2.267109 11.445084 1.557103
2.205914 11.573964 1.724983
2.204308 11.629824 1.724715
1.953197 11.742686 2.360787
2.205773 11.514035 1.723794
2.071827 11.706366 2.048328
2.275451 11.431759 1.542955
1.941765 11.791647 2.383549
2.212027 11.453646 1.708120
2.177473 11.493910 1.801390
2.066170 11.751044 2.057914
2.324831 11.463370 1.398702
2.000635 11.818518 2.222107
1.933505 11.833837 2.392967
2.141038 11.675441 1.888462
2.115378 11.646385 1.955649
1.981556 11.786517 2.291201
2.309456 11.474096 1.449546
2.095576 11.611066 2.019914
2.277304 11.501337 1.532867
1.961389 11.746090 2.353893
2.071811 11.576803 2.070173
2.287403 11.437242 1.518119
2.235666 11.537497 1.630468
2.208306 11.508924 1.699029
1.941997 11.712932 2.403353
2.270596 11.439584 1.548248
2.082627 11.544710 2.028490
2.065619 11.593204 2.048869
2.189106 11.473289 1.764886
2.202023 11.516953 1.744594
2.192914 11.568642 1.743775
2.198078 11.455200 1.740064
1.950433 11.681526 2.370884
2.070401 11.648192 2.064851
1.942730 11.733216 2.396578
2.175580 11.439722 1.819581
2.056565 11.689925 2.071888
2.112393 11.589615 1.975582
1.991395 11.752903 2.238124
2.135740 11.615306 1.911078
1.971038 11.722461 2.303631
2.086877 11.552919 2.035437
1.962161 11.690770 2.371429
2.266958 11.444041 1.555509
2.071214 11.522504 2.087835
2.226307 11.479532 1.653845
2.205004 11.454330 1.721446
2.070003 11.481086 2.037433
2.070916 11.539910 2.067652
2.178720 11.415615 1.781795
2.189036 11.456790 1.761335
2.194585 11.514825 1.766981
1.951927 11.623687 2.385102
2.068119 11.591631 2.082673
1.918948 11.660090 2.391379
2.061680 11.637002 2.093957
2.102539 11.529792 1.992452
2.125572 11.554923 1.929209
1.992667 11.696733 2.260952
1.975752 11.669905 2.326546
2.081456 11.496040 2.053132
1.953629 11.632268 2.383655
2.066875 11.468209 2.103779
2.233081 11.430160 1.681093
2.070191 11.426097 2.053403
2.048595 11.473452 2.072132
2.187087 11.458753 1.786907
2.064321 11.535176 2.098583
1.956624 11.568010 2.401082
2.054813 11.579314 2.110140
2.103736 11.477255 2.016102
2.120967 11.497741 1.950938
1.973986 11.613943 2.345547
2.083208 11.445509 2.073852
1.988376 11.637383 2.280196
1.956223 11.580147 2.403071
2.050677 11.420749 2.090383
2.028048 11.462572 2.094487
1.951565 11.507677 2.410984
2.052909 11.525146 2.128332
1.961337 11.553069 2.355700
2.122693 11.445782 1.975773
1.984538 11.579522 2.300216
1.942054 11.519380 2.411307
2.047270 11.420906 2.124286
2.016697 11.454376 2.125860
1.961919 11.500884 2.377760
1.983363 11.525978 2.322029
1.961375 11.448451 2.397058
1.984022 11.472894 2.344506
2.306702 12.362434 1.226682
2.316079 12.346786 1.212964
2.282400 12.332991 1.315967
2.305682 12.293350 1.253663
2.312755 12.278485 1.239657
2.255774 12.335871 1.380526
2.332903 12.351730 1.175028
2.280746 12.266960 1.342503
2.304861 12.228461 1.280120
2.312840 12.213836 1.266460
2.216113 12.336039 1.521221
2.258017 12.270371 1.405176
2.298089 12.320499 1.267033
2.308251 12.299877 1.240282
2.322417 12.277450 1.204328
2.345211 12.350307 1.124415
2.252739 12.339289 1.389655
2.272886 12.197472 1.367438
2.304307 12.165012 1.304882
2.311797 12.151646 1.291631
2.219612 12.273166 1.546551
2.252999 12.202970 1.427028
2.300827 12.259313 1.296050
2.307918 12.235584 1.267917
2.328708 12.218120 1.234311
2.130812 12.334847 1.755960
2.320891 12.313426 1.207313
2.237728 12.318134 1.469184
2.315204 12.307388 1.211884
2.343506 12.283859 1.157091
2.276650 12.137906 1.392665
2.256379 12.274622 1.415830
2.309048 12.104791 1.330878
2.309917 12.088324 1.316870
2.209644 12.204930 1.567492
2.256687 12.142444 1.450234
2.361296 12.344394 1.072854
2.111741 12.316141 1.815636
2.251933 12.342674 1.384329
2.290389 12.189169 1.322376
2.307511 12.172193 1.295117
2.326561 12.155211 1.262831
2.128713 12.266767 1.773560
2.322940 12.251163 1.238844
2.228127 12.247260 1.493843
2.336848 12.216583 1.188850
2.318234 12.244466 1.244188
2.274626 12.076378 1.417050
2.254992 12.210026 1.440665
2.299489 12.038071 1.352561
2.306148 12.025427 1.340978
2.212433 12.146016 1.591942
2.257967 12.297939 1.407866
2.252426 12.077085 1.471567
2.114534 12.255355 1.838500
2.359249 12.279262 1.108378
2.347117 12.297609 1.144714
2.326581 12.311061 1.186169
2.256067 12.280459 1.413278
2.297441 12.131872 1.351845
2.310097 12.112809 1.323265
2.314651 12.086995 1.288782
2.125341 12.326734 1.788003
2.135471 12.205618 1.794958
2.315717 12.184187 1.268988
2.231551 12.187145 1.520326
2.311280 12.178926 1.272647
2.333106 12.152361 1.219537
2.287875 12.338505 1.314340
2.133879 12.293784 1.768165
2.281381 12.020821 1.443216
2.249973 12.144483 1.464095
2.298709 11.977326 1.376023
2.302303 11.963432 1.364652
2.256460 12.342454 1.382035
2.211170 12.084657 1.614229
2.251014 12.230536 1.434733
2.117179 12.196367 1.860507
2.257291 12.020093 1.495015
2.343598 12.232540 1.178273
2.349253 12.209296 1.142028
2.325293 12.246106 1.219591
2.250851 12.212574 1.438820
2.296398 12.071538 1.378592
2.302427 12.047521 1.347659
2.318830 12.030787 1.316343
2.120174 12.257400 1.805806
2.140758 12.146389 1.815986
2.315802 12.123249 1.298955
2.232670 12.127815 1.546515
2.310038 12.116256 1.301504
2.334024 12.092563 1.249424
2.284357 12.271570 1.346305
1.995518 12.274471 2.138673
2.132769 12.230611 1.791310
2.270353 11.956023 1.464523
2.255895 12.087782 1.490338
1.985962 12.295435 2.189526
2.294645 11.918027 1.398417
2.254881 12.279226 1.412164
2.205860 12.022711 1.635949
2.305423 11.906933 1.389410
2.255911 12.172214 1.464761
2.125197 12.141559 1.885769
2.253713 11.957673 1.515406
2.349976 12.149016 1.175622
2.335197 12.165747 1.211339
2.162372 12.278525 1.713597
2.324692 12.184086 1.252079
2.117285 12.314108 1.803933
2.254348 12.153419 1.467313
2.293538 12.010730 1.404633
2.299073 11.986119 1.372513
2.310596 11.967662 1.340713
2.126441 12.197505 1.827607
2.136203 12.080898 1.832422
2.230572 12.067176 1.570465
2.309606 12.059752 1.326896
2.328245 12.030565 1.278122
2.311297 12.056994 1.330125
2.283267 12.208946 1.377609
1.996758 12.209069 2.154357
2.137301 12.173056 1.816025
2.272495 11.900179 1.488505
2.252395 12.026312 1.512751
1.980362 12.229628 2.203182
2.291066 11.857473 1.420392
2.213721 11.969716 1.660344
2.187383 12.311902 1.629124
2.296892 11.845552 1.410475
2.255458 12.217015 1.441721
2.111569 12.073693 1.898717
2.248809 12.106613 1.490762
2.254037 11.899497 1.537094
2.338912 12.107615 1.244287
2.349790 12.088500 1.208858
2.158758 12.213799 1.738557
2.323110 12.122729 1.283785
2.121053 12.252656 1.827557
2.286973 11.949874 1.428847
2.248836 12.089133 1.491140
2.296551 11.925857 1.397283
2.311214 11.909609 1.367287
2.128661 12.137022 1.848840
2.131572 12.016311 1.848425
2.007918 12.272569 2.145757
2.223594 12.004814 1.593923
2.308146 12.001635 1.356059
2.319670 11.968756 1.305342
2.302305 11.993686 1.356587
1.982716 12.172364 2.221886
2.134226 12.111209 1.837607
1.991073 12.140458 2.164387
2.269678 11.841655 1.509976
2.273315 12.139397 1.405095
2.245337 11.962998 1.534185
1.982137 12.254594 2.170633
2.293544 11.802175 1.443102
2.209168 11.909807 1.681547
2.295326 11.789665 1.432626
2.025905 12.314273 2.070940
2.115807 12.019734 1.921719
2.181755 12.244364 1.655493
2.251076 12.152123 1.468766
2.247277 12.047530 1.517908
2.249821 11.840137 1.557031
2.341928 12.026444 1.240131
2.326241 12.041078 1.273907
2.157226 12.150990 1.762520
2.123764 12.192764 1.849974
2.282983 11.891528 1.453250
2.312596 12.057202 1.312844
2.242834 12.026112 1.515369
2.115823 12.302350 1.825171
2.290745 11.867040 1.420987
2.305407 11.850794 1.390989
2.124522 12.073025 1.866027
2.133984 11.958173 1.867532
2.006098 12.209624 2.164839
2.229787 11.951403 1.620057
2.301728 11.940838 1.382710
2.324262 11.914044 1.333642
2.303415 11.936226 1.384342
1.985068 12.115102 2.240583
2.138608 12.055451 1.861457
1.995233 12.081820 2.182183
2.266371 11.784391 1.531849
2.245242 11.905179 1.556702
1.981696 12.305096 2.181033
2.274726 12.080186 1.436154
1.981904 12.191111 2.185946
2.289669 11.745216 1.463364
2.202161 11.850628 1.700012
2.298563 11.736402 1.454827
2.107404 11.957850 1.937065
2.026883 12.252995 2.093089
2.251504 12.091714 1.497457
2.172909 12.175521 1.679623
2.246157 11.988089 1.544209
2.248667 11.782030 1.576745
2.325762 11.984156 1.305431
2.339706 11.968152 1.271380
2.154224 12.090100 1.786114
2.119356 12.127325 1.868846
2.248190 11.971565 1.541577
2.282547 11.835032 1.478615
2.310791 11.998545 1.343260
2.113307 12.238335 1.846768
2.289743 11.810848 1.444741
2.306637 11.796573 1.416199
2.120727 12.011425 1.883542
1.997773 12.144966 2.179026
2.125572 11.894442 1.881275
2.218609 11.888400 1.640495
2.296977 11.882315 1.409202
1.985948 12.059760 2.258910
2.312888 11.852428 1.359374
2.299006 11.878241 1.409574
2.052284 12.291142 2.018722
2.129519 11.992489 1.879322
1.993942 12.019907 2.196281
1.978812 12.239997 2.195723
2.258525 11.725945 1.551972
2.241517 11.846413 1.577817
1.980687 12.128292 2.200476
2.272847 12.020564 1.464550
2.283143 11.686653 1.482995
2.203591 11.796873 1.721519
2.105283 11.900382 1.956015
2.286743 11.676476 1.474809
2.021501 12.188206 2.111192
2.249061 12.032391 1.524245
2.246218 11.932178 1.570764
2.182125 12.121067 1.710103
2.243321 11.725132 1.595044
2.121010 12.068997 1.890050
2.332945 11.908674 1.300877
2.150312 12.028976 1.809350
2.275685 11.777777 1.501108
2.319489 11.923418 1.334517
2.244615 11.912852 1.565138
2.304790 11.939241 1.370665
2.114352 12.178024 1.870923
2.285108 11.753710 1.467093
2.298103 11.737053 1.438838
2.117765 11.950964 1.900973
1.997963 12.086693 2.198276
2.126583 11.837329 1.900427
2.220187 11.834702 1.664445
1.990042 12.005725 2.279460
2.289502 11.823083 1.434640
2.291872 11.819547 1.433751
2.309802 11.796182 1.385704
2.124896 11.933467 1.900093
2.252689 11.670310 1.570677
1.974531 12.175924 2.210467
2.054388 12.229261 2.044078
1.992575 11.958895 2.209947
2.239117 11.789381 1.600032
1.986591 12.072877 2.220132
2.263364 11.958508 1.491408
2.200628 11.740140 1.742122
2.101763 11.843936 1.975021
1.976033 12.283480 2.205609
2.021494 12.127594 2.132549
2.245708 11.972832 1.550676
2.242154 11.874722 1.594731
2.241529 11.670082 1.614307
2.177941 12.058505 1.735021
2.111425 12.005435 1.906725
2.146252 11.969652 1.831730
2.328266 11.851110 1.329380
2.276422 11.722956 1.525121
2.242780 11.855514 1.588965
2.311748 11.864602 1.363235
2.122855 12.123802 1.897347
2.300601 11.880415 1.398758
2.283049 11.699080 1.489635
2.298276 11.684393 1.462836
2.112497 11.891291 1.918110
2.004020 12.033189 2.221966
2.123397 11.779572 1.916569
2.215558 11.777553 1.686796
1.984070 11.946279 2.292551
2.293872 11.771064 1.461646
2.120539 11.875884 1.919172
2.292685 11.765682 1.459787
1.976457 12.117164 2.228391
2.312920 11.743391 1.413618
2.237890 11.734024 1.620905
1.982159 12.010611 2.234011
1.992605 11.898718 2.225137
2.044755 12.159693 2.062123
2.262170 11.901823 1.518864
2.192073 11.683785 1.759779
2.100325 11.789401 1.993032
1.971335 12.219761 2.221187
2.017778 12.066939 2.152068
2.237741 11.912992 1.574920
2.233206 11.815551 1.618195
2.177655 12.000188 1.761225
2.110276 11.947305 1.926429
2.264942 11.665423 1.545419
2.105312 12.053556 1.910547
2.328807 11.797668 1.358681
2.143094 11.910572 1.854436
2.239959 11.798841 1.611998
2.312291 11.811158 1.392538
2.301633 11.825710 1.427649
2.108472 11.832401 1.934314
2.000085 11.975235 2.240203
2.118805 11.720993 1.931156
1.983471 11.892867 2.310480
2.209377 11.721375 1.706744
2.284356 11.714062 1.485085
2.121553 11.822483 1.941494
1.979705 12.060144 2.247401
2.283656 11.707424 1.482812
2.302494 11.686156 1.436706
2.230798 11.677615 1.640499
1.982531 11.952830 2.249523
1.994302 11.842675 2.241750
2.047124 12.101117 2.087357
2.259082 11.845571 1.545175
2.094909 11.733393 2.010886
1.969699 12.159161 2.238122
2.014482 12.007786 2.172346
2.236322 11.857150 1.599497
2.230879 11.759478 1.642416
2.171997 11.939556 1.785760
2.103683 11.887757 1.944042
2.107384 11.998584 1.934085
2.141951 11.856157 1.877330
2.230786 11.740516 1.632592
2.304740 11.754684 1.419128
2.319172 11.739286 1.386256
2.292269 11.768761 1.453544
1.996492 11.917822 2.257182
2.107595 11.777572 1.953923
2.116939 11.664977 1.948387
1.981546 11.837726 2.327303
2.204524 11.666927 1.727805
2.113147 11.764324 1.959995
1.977015 12.001110 2.263137
2.225864 11.622218 1.659535
1.981996 11.894814 2.264689
1.991457 11.783596 2.255025
2.038179 12.036350 2.106052
2.099747 11.683271 2.032492
1.970718 12.102022 2.257279
2.251117 11.787595 1.571007
2.012925 11.950005 2.192890
2.232744 11.800297 1.624627
2.223525 11.703480 1.665298
2.175685 11.884583 1.813686
2.104692 11.832498 1.964773
2.101283 11.939628 1.952883
2.136758 11.799302 1.898062
2.226910 11.685409 1.654423
2.302902 11.701070 1.446120
2.306174 11.681398 1.410746
2.289032 11.714312 1.479004
1.998692 11.866076 2.278179
2.108037 11.722619 1.973037
1.977239 11.782415 2.341814
2.112349 11.608255 1.964565
1.975577 11.944707 2.279552
2.116735 11.713428 1.982511
1.977830 11.835855 2.278452
1.987215 11.725542 2.268357
2.097326 11.631260 2.051303
1.971247 12.046143 2.276841
2.033701 11.975524 2.127655
2.251512 11.734084 1.597861
2.014020 11.895686 2.215645
2.226369 11.743634 1.648281
2.220068 11.649866 1.687884
2.098856 11.774989 1.981872
2.163940 11.823735 1.834082
2.101043 11.883587 1.974524
2.133796 11.744416 1.920244
2.282656 11.659513 1.504247
1.993698 11.809687 2.295207
2.100652 11.666082 1.987747
1.971608 11.727231 2.356805
2.103488 11.551793 1.977310
1.974137 11.888305 2.295958
2.110828 11.658675 2.000774
1.979948 11.783154 2.297419
2.087146 11.574914 2.064537
1.988418 11.670757 2.285369
1.972682 11.990500 2.296744
2.029983 11.916733 2.148751
2.243397 11.677909 1.622829
2.013640 11.841434 2.236435
2.224726 11.690490 1.671564
2.101950 11.723494 2.003200
2.156170 11.766231 1.856202
2.092141 11.824825 1.991837
2.133975 11.691733 1.944225
1.988630 11.754198 2.311804
2.096894 11.610491 2.003844
1.977778 11.678819 2.379515
2.091977 11.493729 1.989423
1.970880 11.831432 2.311660
2.105338 11.605419 2.019790
1.974723 11.725760 2.309972
2.086954 11.524870 2.084792
1.968104 11.933745 2.312940
1.987804 11.615501 2.301677
2.030317 11.862235 2.173591
2.008794 11.785104 2.255899
2.094641 11.667908 2.019924
2.086307 11.769168 2.010525
2.160054 11.715446 1.883595
2.125907 11.635971 1.963042
1.988594 11.702339 2.332918
2.091739 11.555923 2.019998
1.971602 11.779750 2.330685
2.100681 11.553297 2.038724
1.976837 11.673059 2.328923
1.964851 11.878721 2.330239
2.093182 11.475574 2.107904
1.988515 11.561975 2.319086
2.026941 11.805838 2.195009
2.009322 11.732941 2.278621
2.087744 11.611965 2.035805
2.090385 11.718860 2.034215
2.149899 11.657774 1.903395
2.121471 11.583008 1.984842
1.981561 11.648178 2.347958
2.079738 11.499114 2.032519
1.968759 11.724374 2.347133
2.099723 11.501220 2.059469
1.963338 11.825069 2.347804
1.974826 11.618821 2.345289
1.965249 11.499411 2.318919
2.021748 11.748970 2.215721
2.003983 11.677869 2.298482
2.082100 11.558652 2.052366
2.083566 11.663867 2.052117
1.977325 11.595679 2.366056
2.106409 11.526802 1.999173
2.079461 11.448119 2.050739
1.965769 11.670794 2.362728
2.069428 11.441499 2.064164
1.957700 11.769880 2.362783
1.971833 11.565247 2.360876
1.968681 11.448444 2.338958
1.998911 11.624236 2.316655
2.017392 11.695090 2.237950
2.073731 11.504635 2.067874
2.075692 11.610437 2.068818
1.967811 11.620840 2.382842
1.957588 11.718913 2.383465
1.995316 11.572387 2.338374
2.018971 11.643218 2.263446
2.054322 11.447741 2.076748
2.074246 11.559612 2.089972
1.996108 11.523510 2.360984
2.015446 11.590470 2.285585
2.060359 11.505077 2.102960
2.056455 11.454985 2.121373
2.004166 11.535248 2.303744
2.011606 11.488128 2.333664
2.302118 12.371119 1.224815
2.266888 12.372608 1.315759
2.289511 12.328300 1.276607
2.269539 12.353251 1.337671
2.304244 12.308876 1.256471
2.274894 12.318371 1.307052
2.242656 12.363002 1.395529
2.223771 12.362034 1.419821
2.234358 12.363840 1.417425
2.283899 12.308251 1.305317
2.270824 12.313357 1.325241
2.271869 12.312423 1.341979
2.286258 12.264631 1.305990
2.265456 12.288437 1.367100
2.303175 12.247175 1.287383
2.231751 12.309007 1.439694
2.275922 12.257641 1.335025
2.243753 12.301362 1.423931
2.230046 12.303572 1.447194
2.222227 12.311900 1.468538
2.230673 12.295824 1.439951
2.281859 12.246264 1.333403
2.273568 12.253054 1.351519
2.268147 12.247210 1.368127
2.282106 12.200725 1.334981
2.264770 12.227274 1.396760
2.294161 12.181540 1.315731
2.191203 12.307769 1.582336
2.271694 12.193687 1.361567
2.231951 12.247128 1.467706
2.243054 12.239247 1.451565
2.166142 12.324882 1.639201
2.237656 12.244988 1.474106
2.229882 12.232718 1.463110
2.144626 12.346058 1.687717
2.225874 12.251822 1.495189
2.279361 12.183684 1.360274
2.272392 12.189408 1.375917
2.269992 12.186667 1.394013
2.283083 12.141843 1.364535
2.262227 12.166537 1.425230
2.296867 12.124033 1.345614
2.270407 12.132792 1.387136
2.187428 12.243437 1.608055
2.136683 12.305737 1.734821
2.225935 12.182691 1.493488
2.235622 12.174884 1.475344
2.157039 12.257279 1.661055
2.227203 12.177519 1.496395
2.152123 12.289253 1.713788
2.218428 12.186508 1.516943
2.233006 12.172951 1.488122
2.271483 12.129058 1.400238
2.276798 12.122006 1.386710
2.125004 12.297905 1.762281
2.267353 12.124941 1.418001
2.121256 12.294328 1.778801
2.070942 12.319652 1.885343
2.278678 12.081539 1.391813
2.021785 12.359477 1.982615
2.044899 12.335527 1.937361
2.260515 12.106936 1.453643
2.290227 12.063614 1.372959
2.137163 12.242442 1.755077
2.266884 12.071778 1.412763
2.179625 12.178514 1.633078
2.242614 12.120303 1.503815
2.228114 12.124533 1.519717
2.140692 12.220538 1.731226
2.153518 12.195293 1.684673
2.230657 12.120144 1.521753
2.226768 12.109326 1.508569
2.221049 12.127994 1.542347
2.260001 12.063168 1.421286
2.278466 12.065115 1.413332
2.121521 12.233116 1.782272
2.259394 12.060895 1.440134
2.123878 12.234841 1.802193
2.006693 12.335979 2.057445
2.066647 12.254661 1.907408
2.028321 12.302367 2.005857
2.277277 12.023393 1.418542
2.049260 12.277403 1.961091
2.254698 12.046700 1.478911
2.290177 12.006295 1.401264
2.137577 12.180048 1.774897
2.271556 12.017042 1.438838
2.175156 12.118144 1.657909
2.229788 12.067629 1.546336
2.236406 12.058570 1.528304
1.999974 12.324891 2.093800
2.153333 12.137858 1.708101
2.131322 12.155594 1.749344
2.216039 12.066996 1.563520
2.227513 12.050298 1.530756
2.226226 12.057937 1.544970
2.273480 12.006021 1.438549
2.266450 12.007957 1.446087
2.120993 12.172332 1.803319
2.264446 12.006702 1.464961
1.994764 12.311308 2.117481
2.122077 12.173271 1.824108
2.014156 12.276304 2.077424
2.030309 12.244977 2.026778
2.069226 12.197011 1.932395
2.273579 11.966027 1.444908
2.047344 12.217624 1.982169
2.251962 11.988665 1.506078
2.286476 11.948932 1.427626
2.137864 12.119456 1.793861
2.264318 11.956884 1.462089
1.921810 12.333886 2.266462
2.180297 12.063974 1.685189
2.217303 12.004242 1.568174
2.231407 11.998521 1.551490
2.132411 12.098938 1.771893
1.995120 12.257358 2.108155
2.158462 12.082740 1.733358
2.220648 11.999099 1.566111
2.228131 11.993070 1.552087
2.221157 12.011890 1.588766
2.265725 11.950856 1.467860
2.268868 11.947473 1.462507
2.129179 12.117513 1.826437
2.258985 11.946071 1.486928
1.989866 12.245620 2.133432
2.123294 12.114801 1.847493
2.011473 12.209788 2.091272
2.026131 12.183181 2.043859
2.072640 12.140491 1.957319
2.045429 12.157837 2.003229
2.252170 11.933678 1.532270
2.134629 12.057012 1.811721
1.916028 12.267941 2.282041
2.232893 11.944311 1.576814
2.172621 12.003196 1.707236
2.221920 11.950384 1.593806
2.139654 12.045724 1.796223
2.000686 12.199945 2.128544
2.152126 12.021837 1.754960
1.895158 12.286032 2.331014
2.214686 11.952805 1.609514
2.219995 11.941077 1.588295
2.220869 11.931005 1.571271
2.120190 12.053099 1.843280
1.986577 12.183095 2.148870
2.115535 12.053013 1.865079
2.025809 12.125613 2.062383
2.009579 12.146245 2.106677
2.046913 12.101688 2.024529
2.064131 12.077599 1.977401
2.136979 12.000172 1.831354
2.137993 11.989243 1.817199
1.915471 12.207999 2.302667
2.174572 11.949555 1.733768
2.218986 11.894084 1.617663
1.996543 12.135339 2.141989
1.894918 12.227536 2.349975
2.148290 11.964342 1.776424
2.214743 11.897715 1.630809
2.126977 11.999280 1.866404
1.985928 12.123122 2.167032
2.114836 11.995858 1.886853
2.015731 12.062706 2.075562
2.007951 12.085999 2.122006
2.038201 12.040554 2.041311
2.062999 12.020788 2.000003
2.134008 11.941014 1.849134
2.133183 11.931463 1.835830
1.922761 12.155671 2.329043
2.170291 11.892416 1.756041
1.994475 12.075445 2.158140
2.154081 11.913986 1.802366
1.898214 12.171825 2.372036
2.119525 11.938943 1.882297
1.983814 12.065073 2.184786
2.109194 11.936935 1.905526
2.012651 12.005335 2.092509
2.004571 12.023437 2.134962
2.038281 11.985423 2.062613
2.058717 11.962680 2.020258
1.897843 12.115130 2.390129
1.988361 12.014020 2.171568
1.922528 12.098117 2.350002
1.981178 12.007336 2.200905
2.018441 11.954004 2.116426
2.001204 11.961818 2.149931
2.029438 11.926094 2.078527
2.054764 11.906964 2.040861
1.987514 11.956755 2.188430
1.916456 12.038562 2.367484
1.981638 11.952737 2.220950
2.013956 11.897650 2.133375
1.999438 11.903377 2.164377
2.028552 11.871627 2.099007
2.049015 11.850777 2.060698
1.986160 11.900744 2.205683
1.915651 11.983163 2.388401
1.973159 11.892999 2.233579
2.011135 11.843570 2.150224
2.005708 11.849833 2.185837
2.028056 11.818648 2.120255
2.051285 11.798546 2.085521
1.982159 11.842182 2.220186
1.977530 11.841728 2.255468
2.011394 11.791682 2.168975
2.024806 11.765865 2.139941
2.002079 11.791821 2.199083
2.045404 11.744159 2.104493
1.986069 11.790323 2.240862
1.976502 11.788104 2.273056
2.008127 11.737952 2.186626
2.026034 11.714252 2.161499
2.001546 11.736946 2.216255
2.038246 11.688988 2.124320
1.981433 11.734820 2.254904
2.094638 11.604731 1.986958
1.971884 11.733541 2.289124
2.074002 11.604218 2.012525
2.001648 11.683831 2.201513
2.021819 11.662131 2.180365
2.002802 11.682535 2.234169
2.034546 11.636557 2.144803
1.977250 11.679905 2.270136
1.969907 11.681522 2.307919
2.074192 11.554187 2.032836
2.004540 11.634483 2.222966
2.016703 11.609775 2.198841
1.995969 11.625073 2.246650
2.028988 11.584558 2.164101
1.981542 11.629526 2.291557
1.971510 11.630437 2.328209
2.001593 11.583139 2.240944
2.011961 11.557965 2.216061
1.999341 11.573519 2.265655
2.027406 11.534982 2.185677
1.984871 11.579811 2.312171
1.970297 11.580452 2.346518
1.997228 11.531875 2.256913
2.336643 12.323936 1.211110
2.312685 12.289477 1.284007
2.330482 12.259180 1.243413
2.305683 12.290324 1.313681
2.249868 12.331333 1.441836
2.308177 12.226061 1.314194
2.331615 12.201311 1.275421
2.298998 12.225898 1.344357
2.252746 12.272058 1.470527
2.237129 12.300480 1.531082
2.307940 12.167392 1.344611
2.324863 12.137796 1.305670
2.299606 12.168356 1.374739
2.239314 12.203660 1.495725
2.225035 12.231952 1.555828
2.305052 12.107141 1.374295
2.132064 12.300663 1.802147
2.313958 12.075553 1.334415
2.288784 12.103373 1.402267
2.113047 12.304439 1.837559
2.242536 12.146766 1.524779
2.223027 12.170987 1.583857
2.298068 12.047253 1.402886
2.128085 12.239216 1.824534
2.314437 12.019829 1.363949
2.291070 12.048087 1.432556
2.111453 12.242185 1.862724
2.235491 12.085031 1.549295
2.217410 12.109130 1.610368
2.291831 11.988486 1.428982
2.132036 12.182495 1.849063
2.004137 12.304226 2.147618
2.284457 11.988754 1.459892
2.114653 12.184335 1.889736
2.234986 12.029056 1.576001
2.217399 12.051892 1.636654
2.130635 12.123527 1.871734
2.001318 12.242610 2.164643
2.106651 12.120512 1.909793
2.230462 11.970711 1.600392
1.959259 12.254163 2.240106
2.211601 11.992756 1.661912
2.127370 12.065022 1.893231
2.000684 12.184740 2.184836
2.107982 12.063120 1.935617
2.228932 11.916325 1.625880
1.958424 12.192995 2.262769
2.210132 11.937454 1.687811
2.124943 12.007646 1.914682
1.987556 12.117380 2.195270
2.098933 12.002716 1.956086
1.960149 12.136132 2.287360
2.204210 11.880131 1.712226
2.117539 11.948590 1.933035
1.993022 12.065612 2.218475
2.095692 11.945118 1.979596
1.956017 12.075543 2.306842
2.109641 11.890790 1.951798
1.994880 12.012952 2.240164
2.091021 11.887637 2.001101
1.955872 12.019140 2.330246
1.986401 11.953639 2.253237
2.084897 11.832098 2.022234
1.948069 11.958570 2.347790
1.985021 11.900653 2.272160
2.083738 11.778229 2.046440
1.950534 11.905556 2.373518
1.985004 11.848452 2.292654
2.080715 11.724823 2.069474
1.947555 11.850297 2.394939
1.975004 11.791991 2.304924
2.075361 11.671315 2.090130
1.940967 11.794152 2.414845
2.086660 11.623822 2.048479
1.977187 11.741702 2.326946
2.066455 11.616013 2.109678
1.936061 11.740266 2.434675
2.086115 11.572891 2.069345
1.971657 11.688165 2.342703
2.062869 11.564763 2.132694
1.967845 11.637800 2.360427
1.964027 11.587432 2.378140
1.743294 11.799650 1.299153
1.720640 11.804181 1.318474
1.672990 11.820995 1.411817
2.107534 12.254111 1.961555
1.759572 11.798944 1.376743
1.647750 11.821563 1.483487
1.723958 11.804874 1.329303
1.733835 11.802941 1.321773
2.033368 12.241016 2.176158
1.682349 11.821890 1.410066
2.108704 12.201499 1.985004
1.740275 11.811425 1.406272
2.044159 12.253900 2.148898
1.991788 12.243945 2.285157
1.733438 11.806073 1.346359
1.739607 11.806414 1.344404
2.027362 12.185034 2.191722
2.244560 11.941133 1.638382
1.696714 11.821404 1.410056
2.049888 12.261763 2.120141
2.092557 12.223571 2.029751
2.109346 12.149295 2.006857
2.118823 12.060925 1.983975
2.038950 12.197218 2.162766
1.721204 11.816327 1.433132
2.290704 11.886909 1.573943
1.652115 11.811500 1.540565
2.315438 11.854016 1.507139
2.303319 11.866535 1.537560
1.988784 12.189259 2.306319
2.181603 11.932059 1.726939
2.024206 12.132237 2.209674
1.751099 11.804790 1.349418
2.071821 12.245584 2.064108
1.723005 11.803578 1.360290
2.245315 11.937067 1.627552
1.707309 11.818321 1.398729
2.239415 11.890087 1.660575
2.048855 12.207161 2.136295
2.087070 12.168097 2.046528
2.103593 12.094119 2.026927
1.964586 12.215089 2.342192
1.623957 11.818365 1.564694
2.032934 12.142155 2.177948
2.263632 11.901373 1.608436
2.115402 12.008426 2.005219
2.122562 11.917327 1.580385
2.271029 11.832284 1.593136
1.686606 11.813706 1.447534
2.298116 11.800229 1.528273
2.284561 11.812074 1.557117
1.991394 12.137331 2.331345
2.297974 11.856639 1.530986
2.293709 11.861330 1.542379
2.058032 12.212884 2.097073
2.222366 11.895531 1.767105
2.017771 12.079361 2.224936
2.069548 11.833488 1.468524
2.075073 12.194841 2.084226
2.252868 11.889279 1.652017
2.267572 11.935468 1.624637
2.237410 11.840103 1.682629
2.043130 12.149972 2.148951
2.083528 12.114732 2.065712
2.100041 12.041675 2.045727
1.954329 12.238706 2.387892
1.616564 11.834609 1.590010
1.967572 12.164644 2.365603
2.035272 12.091257 2.197701
2.264390 11.850961 1.631967
2.256818 11.912811 1.645447
2.270063 11.783325 1.617616
2.113949 11.956202 2.029636
2.192281 11.919814 1.802025
2.178008 11.948883 1.630145
2.286745 11.763257 1.581841
2.294410 11.749867 1.552043
1.985644 12.082164 2.351415
2.293231 11.805249 1.552331
2.287142 11.808699 1.563379
2.060670 12.158941 2.114684
2.201149 11.838460 1.783043
2.021654 12.030917 2.247944
2.294060 11.857216 1.557328
2.296862 11.853862 1.551773
2.136451 11.912583 1.973289
2.074152 12.142020 2.102059
2.249152 11.882057 1.516609
2.248346 11.893316 1.541076
2.246171 11.836703 1.670572
2.259968 11.881807 1.643212
2.260318 11.921269 1.600062
2.236325 11.790285 1.705047
2.084551 12.064018 2.085949
2.040267 12.095055 2.164376
2.090094 11.986261 2.062744
1.949221 12.184723 2.403054
1.970561 12.114202 2.389013
2.148082 11.928111 1.827456
2.030167 12.037282 2.212863
2.260553 11.800652 1.653292
2.243325 11.857608 1.663068
2.265829 11.733369 1.639790
2.191593 11.869644 1.823595
2.110122 11.904975 2.051345
2.234455 11.918570 1.669232
2.293834 11.701480 1.575291
2.282511 11.713302 1.604015
2.133134 11.909505 1.936540
2.284611 11.759123 1.583837
1.984060 12.029994 2.373388
2.286655 11.753538 1.572948
2.060052 12.103084 2.130373
2.201488 11.790233 1.806655
2.020835 11.980801 2.267070
2.282430 11.800329 1.568263
2.280556 11.802931 1.574565
2.132483 11.862329 1.992171
2.066692 12.087200 2.115280
2.280378 11.851887 1.569720
2.292060 11.842644 1.547179
2.246402 11.786699 1.692507
2.247262 11.826826 1.658753
2.262142 11.869868 1.618603
2.235748 11.741897 1.728295
2.042089 12.043649 2.182917
2.072639 12.008334 2.099794
2.089925 11.936602 2.085527
2.159584 11.955599 1.868827
2.127615 11.903672 1.901063
1.970788 12.064188 2.410948
2.179557 11.889090 1.861919
2.025970 11.984390 2.228006
2.255801 11.750183 1.674254
2.241192 11.807682 1.682678
2.191426 11.819988 1.846378
2.237715 11.867844 1.689350
2.260293 11.682686 1.662831
2.101206 11.851511 2.070404
2.132305 11.860310 1.955282
2.276953 11.664450 1.626289
2.288287 11.651713 1.597949
2.282611 11.709146 1.605891
2.287395 11.704965 1.595711
1.976976 11.976851 2.393175
2.055238 12.046984 2.143010
2.021441 11.932275 2.287390
2.200526 11.741277 1.831135
2.278436 11.752092 1.594559
2.282145 11.749817 1.588985
2.113736 11.807703 2.003546
2.065365 12.035653 2.133577
2.280490 11.801022 1.589594
2.291654 11.791267 1.565840
2.249596 11.776856 1.678123
2.258984 11.818002 1.636171
2.230070 11.692185 1.748508
2.245199 11.736024 1.712864
2.073256 11.958893 2.120496
2.035033 11.988492 2.195290
2.139916 11.901349 1.863092
2.074857 11.881705 2.098742
2.160600 11.905810 1.888681
2.139228 11.857109 1.925753
2.026069 11.934440 2.247496
2.164090 11.834539 1.875984
2.253803 11.700207 1.696308
2.240907 11.757169 1.703400
2.234159 11.816327 1.707766
2.181583 11.767281 1.864688
2.258404 11.634487 1.686563
2.136593 11.811525 1.977442
2.097902 11.800801 2.093325
2.281813 11.602703 1.619859
2.270889 11.614175 1.647735
2.013687 11.880514 2.302752
2.275311 11.653200 1.613758
2.277344 11.658171 1.625640
2.052779 11.991725 2.157587
1.974080 11.924873 2.415632
2.193544 11.690836 1.852216
2.112113 11.759210 2.023984
2.278141 11.702497 1.614897
2.280425 11.698632 1.608130
2.056584 11.981945 2.146899
2.274583 11.748671 1.606069
2.283924 11.737676 1.581970
2.255310 11.765629 1.652527
2.238485 11.685290 1.730653
2.245125 11.725183 1.696175
2.226239 11.641887 1.769834
2.066431 11.906377 2.136607
2.035025 11.936767 2.213102
2.159265 11.855742 1.889848
2.074173 11.831541 2.120312
2.157444 11.853946 1.906249
2.029828 11.886057 2.268060
2.138305 11.805226 1.943202
2.166146 11.785780 1.898263
2.246293 11.650172 1.715793
2.238379 11.707597 1.723858
2.228772 11.764488 1.725454
2.178657 11.718057 1.885995
2.252849 11.585641 1.708837
2.133029 11.760930 1.995475
2.091319 11.750012 2.113558
2.264805 11.565734 1.668413
2.273508 11.553370 1.641041
2.016250 11.833177 2.325862
2.274221 11.604307 1.635793
2.271669 11.608464 1.645854
2.049912 11.937736 2.172629
2.189304 11.641802 1.874007
2.109575 11.710555 2.044059
2.053415 11.930995 2.164083
2.279682 11.653230 1.635964
2.282883 11.649528 1.629561
2.286250 11.688626 1.600957
2.272347 11.696976 1.624001
2.215039 11.593038 1.787095
2.234126 11.635397 1.750382
2.244313 11.675078 1.715301
2.257140 11.714236 1.671068
2.065736 11.857125 2.157794
2.035007 11.885959 2.230532
2.160576 11.803835 1.907177
2.067060 11.781157 2.138949
2.155713 11.803674 1.925011
2.024828 11.834786 2.284516
2.141161 11.755771 1.963785
2.161279 11.734456 1.917164
2.240100 11.599955 1.734794
2.234419 11.657354 1.742739
2.229275 11.714197 1.744096
2.179401 11.669484 1.908759
2.242699 11.536901 1.728907
2.129466 11.710338 2.013508
2.073591 11.698251 2.126591
2.254655 11.516995 1.688483
2.266098 11.506035 1.661820
2.015016 11.785246 2.345070
2.266394 11.558412 1.665219
2.270381 11.554928 1.656736
2.049787 11.885153 2.188381
2.186501 11.593441 1.897375
2.107039 11.661902 2.064134
2.057186 11.881697 2.185031
2.265236 11.601549 1.651687
2.268836 11.597499 1.644435
2.281265 11.636446 1.617797
2.271935 11.646524 1.642279
2.231072 11.586235 1.769245
2.214470 11.544656 1.810343
2.240752 11.624489 1.733334
2.253059 11.663133 1.687888
2.059421 11.806043 2.174734
2.031734 11.833240 2.246039
2.158739 11.751791 1.924261
2.066876 11.733337 2.160965
2.147046 11.751756 1.940010
2.025828 11.785902 2.304000
2.139822 11.705140 1.981711
2.157297 11.685113 1.935675
2.235323 11.551312 1.755002
2.229533 11.606936 1.761269
2.174105 11.620328 1.927754
2.227538 11.663915 1.762871
2.238442 11.488770 1.750328
2.128237 11.661482 2.033112
2.007753 11.735819 2.360891
2.075376 11.649771 2.152177
2.253149 11.469353 1.710996
2.268272 11.458125 1.686174
2.259255 11.509851 1.683102
2.262843 11.506716 1.675467
2.105400 11.614312 2.084203
2.048897 11.830329 2.198809
2.175836 11.543259 1.916628
2.046915 11.831155 2.203434
2.259435 11.550969 1.669852
2.263422 11.547486 1.661369
2.269271 11.596995 1.660305
2.059614 11.758774 2.195530
2.279011 11.585653 1.635358
2.223027 11.536594 1.787146
2.233504 11.574149 1.749539
2.207861 11.495690 1.829822
2.251205 11.611992 1.704601
2.028949 11.782850 2.262003
2.152709 11.698572 1.938686
2.062111 11.683777 2.181555
2.146216 11.702551 1.958763
2.021340 11.736063 2.321284
2.157503 11.637861 1.956458
2.134298 11.654282 1.996569
2.224238 11.558710 1.779867
2.225057 11.501713 1.773010
2.168434 11.570621 1.947967
2.222544 11.612649 1.779325
2.233798 11.441003 1.772584
2.120481 11.610649 2.048090
2.009406 11.688321 2.383636
2.066556 11.599929 2.172144
2.257641 11.461362 1.703541
2.258478 11.457741 1.694813
2.099200 11.565013 2.102820
2.035517 11.777658 2.209540
2.168839 11.494657 1.936942
2.047832 11.779600 2.221609
2.257689 11.502537 1.687847
2.264040 11.498973 1.681688
2.262434 11.546323 1.675649
2.266660 11.534923 1.648132
2.054740 11.708369 2.214046
2.230853 11.524639 1.767553
2.204015 11.447227 1.850381
2.218156 11.486194 1.805663
2.239782 11.560508 1.718123
2.031808 11.733395 2.282584
2.150842 11.649278 1.954619
2.061025 11.634882 2.203589
2.149982 11.654174 1.979326
2.020533 11.685958 2.340409
2.134398 11.605257 2.015676
2.154464 11.587782 1.975703
2.216604 11.508739 1.796908
2.231309 11.454115 1.797961
2.218964 11.563890 1.796592
2.000323 11.638591 2.398715
2.160919 11.521508 1.967069
2.119265 11.561810 2.067681
2.066519 11.551139 2.196989
2.034686 11.729387 2.227897
2.092472 11.516121 2.119842
2.031994 11.724324 2.228721
2.256486 11.452785 1.707822
2.260474 11.449302 1.699339
2.262575 11.484740 1.664570
2.255609 11.494739 1.691377
2.055887 11.659448 2.235961
2.225452 11.474644 1.784474
2.238846 11.510464 1.734805
2.027732 11.682294 2.299404
2.147166 11.597831 1.970591
2.144062 11.603664 1.995035
2.057189 11.585502 2.224532
2.016963 11.636283 2.358058
2.129394 11.554913 2.031749
2.149182 11.538645 1.994686
1.996863 11.590691 2.418043
2.216318 11.459148 1.817248
2.214891 11.512793 1.813413
2.117133 11.512811 2.086909
2.156168 11.471966 1.987648
2.060065 11.501218 2.219284
2.088615 11.468574 2.140019
2.033470 11.680550 2.247488
2.032902 11.673688 2.246514
2.053874 11.611305 2.257249
2.268988 11.435079 1.684551
2.256109 11.445368 1.709637
2.237923 11.459505 1.751871
2.025492 11.631518 2.316953
2.147159 11.547033 1.988021
2.138661 11.553669 2.011956
2.052039 11.536308 2.245960
2.010645 11.586124 2.374616
2.121642 11.504085 2.046729
2.146134 11.489484 2.013550
1.983585 11.540724 2.430070
2.208575 11.462636 1.829971
2.031725 11.632117 2.265483
2.030156 11.621490 2.263234
2.049521 11.561414 2.276980
2.020900 11.579911 2.332562
2.138394 11.493355 2.001343
2.135095 11.503998 2.029608
2.052392 11.488083 2.269575
2.009949 11.537794 2.395422
2.028677 11.582957 2.284347
2.027411 11.569293 2.279956
2.041878 11.512359 2.293640
2.025718 11.531634 2.355938
2.130625 11.453251 2.047279
2.027464 11.534121 2.303940
2.033039 11.519408 2.302019
2.029133 11.461988 2.307265
2.022584 11.484636 2.322077
2.033178 11.467636 2.322280
2.261883 12.297482 1.483826
2.258701 12.245189 1.500402
2.237642 12.249112 1.533523
2.216235 12.277677 1.604853
2.197712 12.267653 1.665663
2.263194 12.258533 1.506699
2.245074 12.253315 1.520180
2.253364 12.191915 1.517526
2.241737 12.199396 1.552487
2.217194 12.224980 1.622346
2.204406 12.286480 1.631057
2.148044 12.286794 1.805900
2.211096 12.261749 1.642653
2.196330 12.216696 1.682556
2.262338 12.266560 1.498536
2.256549 12.205381 1.524335
2.259963 12.257796 1.498506
2.266407 12.302617 1.448967
2.241632 12.202237 1.539672
2.262443 12.142905 1.537367
2.249506 12.150513 1.572839
2.220728 12.175637 1.639732
2.206745 12.235441 1.649717
2.151714 12.235633 1.824057
2.117446 12.259515 1.888875
2.126795 12.291659 1.842120
2.127777 12.288269 1.841560
2.205323 12.209721 1.660257
2.218848 12.251736 1.608091
2.189072 12.164836 1.698233
2.260808 12.270766 1.491550
2.257585 12.215603 1.518538
2.255348 12.154389 1.543667
2.252527 12.205311 1.517854
2.277262 12.256968 1.476517
2.253522 12.155632 1.562225
2.260154 12.091749 1.553916
2.244537 12.097828 1.588734
2.222568 12.124067 1.657196
2.209552 12.185855 1.669198
2.206442 12.247709 1.669412
2.122959 12.211462 1.909019
2.151220 12.183110 1.839633
2.130652 12.243155 1.864009
2.132829 12.238767 1.860884
2.145223 12.275492 1.809084
2.207677 12.161378 1.680212
2.220459 12.203147 1.630136
2.199614 12.116579 1.719631
2.255592 12.165277 1.539581
2.258071 12.220191 1.514684
2.255414 12.104198 1.562114
2.241312 12.238787 1.576860
2.258714 12.157772 1.541630
2.259549 12.202506 1.495363
2.035764 12.254637 2.099628
2.249594 12.104036 1.580528
2.161644 12.297521 1.749690
2.256967 12.040401 1.570127
2.243638 12.048342 1.606457
2.220241 12.073833 1.673373
2.213290 12.136489 1.689034
2.205262 12.196727 1.688757
2.193241 12.252895 1.687039
2.120249 12.161557 1.926060
2.146040 12.131381 1.852724
2.130345 12.193291 1.883325
2.131489 12.187822 1.877799
2.150520 12.227738 1.832530
2.196836 12.067582 1.736287
2.218425 12.153737 1.650812
2.208857 12.111353 1.701456
2.022392 12.247452 2.194496
2.253398 12.171027 1.536376
2.257612 12.116364 1.560783
2.130621 12.246029 1.894524
2.255093 12.054324 1.581423
2.229442 12.186133 1.596552
2.257589 12.108559 1.562648
2.264089 12.154499 1.520891
2.037071 12.203431 2.115533
2.244300 12.053461 1.598964
2.258303 11.990982 1.587691
2.162020 12.248139 1.772642
2.244977 11.998921 1.624021
2.223812 12.024492 1.690777
2.032037 12.261868 2.148945
2.211547 12.085868 1.706801
2.207294 12.147801 1.709962
2.114286 12.110481 1.940866
2.197678 12.204014 1.710518
2.148771 12.080924 1.870171
2.132335 12.145276 1.904153
2.131865 12.139099 1.894642
2.204768 12.062470 1.718621
2.145305 12.176250 1.851356
2.004312 12.191946 2.200702
2.198251 12.017254 1.754241
2.221039 12.104446 1.673601
2.257371 12.123390 1.560323
2.257874 12.066121 1.581677
2.128828 12.196311 1.911914
2.251915 12.005651 1.598931
2.232505 12.138289 1.620156
2.249156 12.057694 1.580903
2.265316 12.106241 1.543802
2.038056 12.151652 2.132679
2.031890 12.223358 2.169749
2.249760 12.006315 1.618731
2.158687 12.198844 1.793831
2.253245 11.940121 1.602836
2.123630 12.249873 1.928434
2.239007 11.947853 1.638822
2.031581 12.212028 2.165833
2.206947 12.036448 1.722767
2.213730 11.971149 1.703379
2.205160 12.097512 1.728586
2.040080 12.248219 2.115940
2.115259 12.061394 1.959298
2.197489 12.155007 1.731888
2.147917 12.028736 1.886620
2.019827 12.263504 2.183621
2.128726 12.095154 1.920854
2.130548 12.088150 1.911563
2.001978 12.142609 2.216520
2.147818 12.128777 1.873386
2.202646 12.012188 1.737247
2.217073 12.056436 1.692823
2.198304 11.967963 1.772323
2.255734 12.018526 1.601589
2.119725 12.144943 1.926540
2.250436 12.072363 1.580510
2.248356 11.954626 1.616009
2.250224 12.009480 1.601380
2.228776 12.089333 1.642199
2.253864 12.055961 1.563933
2.034296 12.098883 2.145661
2.031229 12.173817 2.189934
2.241747 11.955130 1.636136
2.249114 11.889469 1.618332
2.159091 12.149472 1.816790
2.104521 12.195313 1.939644
2.029252 12.159998 2.180362
2.240434 11.897532 1.656778
2.209226 11.987236 1.740685
2.215162 11.920827 1.721336
2.202977 12.048136 1.746830
2.039351 12.199586 2.135740
2.110755 12.011072 1.975658
2.195546 12.104683 1.752954
2.146553 11.978701 1.903162
2.022645 12.214825 2.202751
2.126165 12.046113 1.939960
2.132506 12.038362 1.930726
2.002521 12.094763 2.235435
2.148575 12.079984 1.895112
2.203221 11.963437 1.756532
2.216906 12.007440 1.714198
2.063540 12.218936 2.089195
2.196084 11.916815 1.788900
2.252300 11.968371 1.620724
2.248484 12.024733 1.602862
2.120766 12.094947 1.945357
2.007999 12.262403 2.221883
2.248926 11.905878 1.635291
2.226829 12.041701 1.664553
2.246330 11.960568 1.620988
2.255972 12.008826 1.586813
2.025424 12.123615 2.206810
2.040917 12.049217 2.166946
2.239909 11.906338 1.653143
2.250886 11.839725 1.635052
2.160879 12.101759 1.840915
2.105036 12.147466 1.958548
2.030317 12.110002 2.199188
2.205628 11.937121 1.757388
2.236320 11.846883 1.672279
2.214195 11.870463 1.737021
2.200346 12.000004 1.765549
2.035554 12.149760 2.155746
2.109008 11.961371 1.993061
2.191598 12.056674 1.772183
2.013459 12.162590 2.215335
2.148407 11.928043 1.920274
2.124014 11.996743 1.958215
2.133499 11.989277 1.949164
2.007317 12.047373 2.257321
2.138699 12.029291 1.911455
2.197402 11.913245 1.773400
2.195246 11.867321 1.806645
2.212574 11.957081 1.732994
2.061235 12.168945 2.111130
2.121359 12.046194 1.964649
2.241451 11.975533 1.622290
2.246070 11.918509 1.638443
2.014666 12.217203 2.246126
2.244416 11.855561 1.651648
2.246111 11.912486 1.641982
2.228101 11.993453 1.687476
2.248542 11.959960 1.607095
2.021463 12.073831 2.224383
2.034891 11.997282 2.179716
2.237812 11.856065 1.671777
2.104831 12.099377 1.979550
2.240312 11.788548 1.647751
2.159417 12.052889 1.862807
2.031793 12.059673 2.217163
2.237710 11.797472 1.689859
2.201191 11.885896 1.774132
2.200997 11.950345 1.785222
2.214219 11.819399 1.753440
2.027011 12.098943 2.171588
2.106756 11.911134 2.009266
2.183547 12.006394 1.789215
2.014472 12.113503 2.233781
2.145699 11.876359 1.935661
2.123308 11.948120 1.978021
2.131243 11.939037 1.965367
2.006515 11.997876 2.275081
2.200350 11.865449 1.794585
2.130665 11.979017 1.928493
2.117324 11.997319 1.981833
2.184689 11.816142 1.819351
2.206879 11.907761 1.751920
2.042167 12.114404 2.122353
2.238540 11.868779 1.656675
2.241816 11.927082 1.644869
2.012534 12.167826 2.264391
2.242601 11.806774 1.668662
2.222519 11.945002 1.708456
2.244535 11.862752 1.661817
2.248846 11.912418 1.629292
2.021693 12.025410 2.244542
2.231941 11.806787 1.688264
2.098965 12.050088 1.996043
2.039254 11.945758 2.199501
2.155740 12.003941 1.884866
2.247726 11.738224 1.667321
2.027209 12.008481 2.231483
2.228982 11.746708 1.703256
2.198932 11.835660 1.790334
2.197021 11.900565 1.802786
2.207326 11.769044 1.767530
2.031660 12.050943 2.197152
2.104120 11.861230 2.026331
2.186094 11.958931 1.811254
2.014184 12.064544 2.252740
2.146266 11.825830 1.953290
2.119353 11.898341 1.995593
2.130892 11.888303 1.982650
2.005328 11.948713 2.293701
2.128653 11.930523 1.948810
2.194556 11.815261 1.811462
2.204795 11.860176 1.771849
2.116112 11.948158 2.000441
2.189431 11.766977 1.839563
2.012182 12.119771 2.282966
2.237492 11.879417 1.664958
2.037996 12.064918 2.143222
2.238742 11.820368 1.676822
2.230333 11.756058 1.682733
2.238788 11.814344 1.680362
2.219759 11.896265 1.730859
2.021019 11.976785 2.264361
2.246933 11.864798 1.651656
2.096374 12.001960 2.014777
2.231636 11.757837 1.707214
2.037097 11.894611 2.216103
2.149665 11.954951 1.904654
2.239922 11.687668 1.681067
2.031241 11.959067 2.253799
2.197203 11.785964 1.807740
2.229545 11.696185 1.720883
2.186653 11.849346 1.817935
2.207375 11.717981 1.783958
2.027903 12.001125 2.217171
2.101948 11.812773 2.044218
2.184993 11.910643 1.831914
2.017235 12.015834 2.274325
2.112267 11.848280 2.012988
2.145477 11.773650 1.969762
2.128262 11.838398 1.999718
2.001344 11.899841 2.310903
2.125740 11.881824 1.968786
2.190606 11.765486 1.829035
2.113479 11.898252 2.017508
2.200041 11.811066 1.791129
2.011509 12.071142 2.302784
2.181708 11.715510 1.853700
2.232329 11.830641 1.685089
2.230658 11.771011 1.693478
2.030178 12.014610 2.162712
2.235991 11.707103 1.703289
2.232201 11.764825 1.698949
2.020024 11.927583 2.285423
2.212771 11.847075 1.750302
2.242687 11.816227 1.672132
2.094774 11.953134 2.034245
2.227684 11.708065 1.724786
2.037827 11.842263 2.234514
2.141773 11.905553 1.923756
2.234359 11.637192 1.694654
2.032357 11.909073 2.272642
2.193655 11.735857 1.824460
2.183157 11.801018 1.836326
2.223651 11.645132 1.735710
2.204565 11.668119 1.798586
2.018938 11.951557 2.233498
2.098421 11.762665 2.060946
2.182926 11.863056 1.851849
2.013645 11.966628 2.290671
2.107358 11.799207 2.029840
2.141431 11.723003 1.985288
2.124213 11.787750 2.015243
2.008266 11.851911 2.336322
2.121923 11.832919 1.988421
2.008953 12.023011 2.321532
2.183859 11.716004 1.845192
2.114121 11.849504 2.036816
2.196613 11.761831 1.809904
2.172557 11.665989 1.867583
2.224370 11.782156 1.703804
2.225331 11.722276 1.711177
2.032624 11.966535 2.188448
2.020410 11.880033 2.307652
2.232446 11.656999 1.720010
2.208995 11.799951 1.771602
2.226939 11.715180 1.717032
2.231586 11.767457 1.690666
2.093640 11.905754 2.054533
2.222312 11.657551 1.740816
2.138988 11.857726 1.945790
2.033348 11.790167 2.249234
2.233448 11.586835 1.710359
2.028393 11.857512 2.288561
2.190972 11.686865 1.841147
2.180135 11.751450 1.854249
2.218621 11.595194 1.750505
2.021732 11.904054 2.258001
2.213982 11.616382 1.819633
2.095822 11.712761 2.078026
2.007323 11.916805 2.305985
2.173613 11.812916 1.869408
2.110029 11.750832 2.052286
2.138838 11.670411 2.001079
2.005350 11.801425 2.354649
2.122587 11.737144 2.033050
2.005494 11.974674 2.339938
2.116806 11.784142 2.008570
2.112031 11.800138 2.055093
2.181763 11.666641 1.863466
2.194695 11.712432 1.830615
2.179295 11.615414 1.889269
2.224724 11.734619 1.726017
2.224720 11.672752 1.731376
2.027514 11.917756 2.208601
2.012852 11.829430 2.323864
2.226105 11.607187 1.735314
2.204778 11.751382 1.792090
2.225288 11.667267 1.736118
2.231026 11.719714 1.712535
2.092001 11.857836 2.073625
2.217406 11.608482 1.757668
2.134847 11.808247 1.966667
2.230320 11.536398 1.726233
2.033706 11.738149 2.268511
2.027704 11.807105 2.306722
2.193069 11.636173 1.860718
2.175231 11.702379 1.871103
2.217790 11.543925 1.766600
2.024604 11.855639 2.282892
2.170656 11.765127 1.889007
2.090091 11.662574 2.094929
2.007666 11.867477 2.326547
2.104294 11.700644 2.069186
2.136710 11.619264 2.017691
2.000552 11.751436 2.371905
2.119080 11.687033 2.049786
2.005374 11.926586 2.360970
2.117656 11.735357 2.030327
2.111450 11.750607 2.075304
2.179348 11.616702 1.882984
2.191228 11.664104 1.849016
2.174354 11.564562 1.904459
2.221828 11.685925 1.745999
2.220334 11.624223 1.749429
2.026843 11.869393 2.234165
2.011497 11.780558 2.345796
2.222585 11.557083 1.752045
2.198347 11.702734 1.812747
2.218740 11.617751 1.754721
2.094283 11.809795 2.096928
2.224526 11.671976 1.732806
2.215719 11.558788 1.775091
2.128363 11.760506 1.986946
2.025779 11.755916 2.325783
2.027488 11.684732 2.282935
2.169504 11.585762 1.867074
2.176476 11.653262 1.892003
2.019585 11.805947 2.303440
2.196193 11.513410 1.845658
2.015525 11.819753 2.352317
2.164116 11.715611 1.907615
2.088497 11.611968 2.112751
2.098110 11.651699 2.086565
1.992043 11.701535 2.387402
2.117415 11.637331 2.067222
1.989612 11.876558 2.369634
2.102851 11.701616 2.090406
2.119035 11.687105 2.053292
2.172639 11.567217 1.899159
2.179142 11.614259 1.865171
2.213845 11.638348 1.764347
2.212237 11.575775 1.765725
2.181580 11.512732 1.925687
2.024109 11.821558 2.256222
2.007810 11.730728 2.365844
2.190886 11.655690 1.832298
2.222739 11.507790 1.770166
2.090840 11.761456 2.115342
2.213454 11.569008 1.772438
2.222163 11.623813 1.753996
2.123852 11.711348 2.008692
2.024201 11.705286 2.343613
2.046401 11.633410 2.316411
2.155267 11.603785 1.900259
2.177181 11.535377 1.889117
2.013603 11.756944 2.323267
2.189771 11.462708 1.858927
2.005064 11.768553 2.365068
2.163014 11.668213 1.927916
2.090757 11.562114 2.134400
2.093832 11.602232 2.105023
2.088721 11.586246 2.070278
2.123742 11.514563 2.046625
2.121435 11.652159 2.120660
2.113440 11.637766 2.072257
2.170645 11.516920 1.917833
2.179091 11.565247 1.886588
2.212406 11.590376 1.785885
2.212060 11.525895 1.785084
2.034825 11.772871 2.289536
2.007976 11.681663 2.389719
2.083683 11.713191 2.131993
2.188602 11.606604 1.853877
2.219307 11.456753 1.787291
2.215627 11.520075 1.793689
2.214256 11.575312 1.772732
2.123928 11.663206 2.032167
2.022883 11.653697 2.364270
2.184503 11.553529 1.934608
2.173759 11.484337 1.906247
2.008610 11.707229 2.343827
2.000287 11.718542 2.382334
2.162052 11.618995 1.948989
2.082716 11.510952 2.149427
2.088715 11.551649 2.123525
2.097919 11.535679 2.094260
2.121715 11.462479 2.063638
2.104713 11.588143 2.091045
2.144420 11.467659 1.924839
2.172517 11.516613 1.904824
2.202096 11.541834 1.802350
2.208689 11.476639 1.803883
2.033278 11.724272 2.314771
2.079929 11.664262 2.151654
2.182143 11.558843 1.874166
2.211915 11.527133 1.793929
2.212322 11.469908 1.812873
2.115651 11.615031 2.051771
2.001485 11.602468 2.368434
2.157363 11.504055 1.941270
2.027161 11.526323 2.343340
2.000820 11.657805 2.362971
2.158625 11.570643 1.967407
2.086022 11.501101 2.144308
1.992476 11.732759 2.438692
1.968542 11.550352 2.435382
2.092693 11.484223 2.110712
2.097436 11.551251 2.147651
2.101950 11.538507 2.111441
2.144004 11.468183 1.911613
2.096363 11.616503 2.183749
2.022346 11.674565 2.333734
2.191058 11.509486 1.901052
2.204946 11.478834 1.813021
2.112091 11.566063 2.073875
2.034119 11.549324 2.416000
2.159052 11.454575 1.961335
2.003089 11.608200 2.390369
1.987042 11.618603 2.415114
2.022092 11.473037 2.360573
2.148407 11.521187 1.984268
2.084640 11.501790 2.159804
2.098470 11.488622 2.133937
2.020889 11.625051 2.359364
2.122712 11.516492 2.105142
2.004195 11.498108 2.413857
2.140945 11.472343 2.002170
2.078640 11.450994 2.177975
2.080427 11.517728 2.217163
2.021009 11.574456 2.387314
2.074888 11.468374 2.236153
