# .PCD v0.7 - Point Cloud Data file format
VERSION 0.7
FIELDS x y z
SIZE 4 4 4
TYPE F F F
COUNT 1 1 1
WIDTH 6929
HEIGHT 1
VIEWPOINT 0 0 0 1
POINTS 6929
DATA ascii
-1.957121 16.657656 0.094634
-2.101080 16.755493 0.360165
-2.042016 16.702158 0.247308
-2.018860 16.711199 0.179091
-2.066103 16.784447 0.252887
-1.989458 16.738083 0.113071
-2.178631 16.933083 0.466157
-2.224298 16.988426 0.594071
-2.021214 16.814156 0.139256
-1.912451 16.741581 -0.126426
-1.834859 16.711826 -0.323356
-1.968054 16.808088 0.024017
-1.867667 16.734182 -0.224767
-1.789373 16.679388 -0.420953
-1.798723 16.701218 -0.394536
-2.139552 17.011002 0.352157
-2.088810 16.975096 0.237115
-2.049505 16.963802 0.166560
-2.110695 17.068832 0.236254
-2.218538 17.189192 0.464361
-1.847414 16.870260 -0.361730
-2.032129 17.023325 0.091002
-1.794464 16.860910 -0.488746
-1.937880 16.999367 -0.163860
-2.255016 17.246088 0.604335
-2.059066 17.108217 0.116752
-1.891697 17.000494 -0.267721
-1.852816 16.976692 -0.369933
-2.020833 17.138733 -0.011168
-1.805756 16.958769 -0.476830
-1.817555 16.964973 -0.441036
-2.161965 17.253927 0.349064
-2.112145 17.222395 0.234022
-2.077464 17.230692 0.156112
-2.132725 17.331047 0.227136
-2.238792 17.427086 0.466930
-1.866347 17.138105 -0.401741
-2.057410 17.299471 0.074125
-1.809447 17.141941 -0.543495
-1.965837 17.281750 -0.202714
-1.910405 17.280741 -0.309566
-1.869852 17.268726 -0.419816
-1.841184 17.269310 -0.494772
-2.149925 16.695045 0.590592
-2.120037 16.715904 0.493315
-2.159043 16.802891 0.547444
-2.023713 16.766590 0.150721
-1.988195 16.721651 0.119012
-1.909440 16.669977 -0.088590
-1.958122 16.741770 0.051605
-2.187467 16.952477 0.597630
-1.986201 16.803278 0.041617
-1.955291 16.808859 -0.065002
-2.173532 17.016747 0.490716
-1.907094 16.802937 -0.174232
-1.926954 16.785862 -0.014058
-2.211006 17.102652 0.547175
-2.061076 17.043472 0.125710
-2.024038 16.998772 0.101643
-1.924792 16.933126 -0.119034
-2.015722 17.079035 0.013498
-2.001400 17.046227 0.024826
-2.217182 17.215576 0.606812
-1.990170 17.116510 -0.104793
-2.214096 17.321081 0.492297
-1.943992 17.131714 -0.223022
-1.982115 17.133692 -0.055732
-2.080840 17.306499 0.107495
-2.052051 17.281549 0.086422
-1.965004 17.278542 -0.164820
-2.036539 17.367945 -0.013021
-2.025835 17.338459 0.003496
-2.120378 16.699900 0.535078
-1.998917 16.627977 0.225243
-1.930110 16.756798 -0.032366
-2.163120 16.961021 0.538036
-1.800494 16.672493 -0.336411
-2.022884 16.861626 0.214703
-1.974863 16.746771 0.073760
-2.027898 16.773254 0.309966
-2.002509 16.721258 0.178201
-2.048596 16.750170 0.383252
-1.960885 17.037071 -0.063136
-2.041557 16.678495 0.282330
-2.196239 17.221958 0.544501
-1.824846 16.951900 -0.386396
-1.848891 16.826307 -0.288650
-2.050780 17.122812 0.204468
-1.795844 16.653446 -0.383737
-1.843466 16.685667 -0.202368
-1.997290 16.989468 0.054015
-2.072909 17.053587 0.302189
-1.869222 16.635288 -0.137430
-1.834542 16.674999 -0.288640
-2.035573 16.971689 0.161888
-2.073611 16.910357 0.271108
-2.079963 16.991346 0.384964
-1.983550 17.325521 -0.091221
-1.857157 17.279478 -0.445902
-1.852626 17.061674 -0.318862
-1.808099 16.891985 -0.427787
-1.870739 16.948385 -0.238019
-2.027540 17.271660 0.032216
-1.893863 16.875675 -0.164360
-2.056753 17.217384 0.148599
-2.091835 17.131496 0.264092
-1.822480 17.160740 -0.477805
-1.887482 17.214781 -0.269032
-1.912661 17.125122 -0.188887
-2.058772 16.623873 0.367899
-2.065859 16.674444 0.393153
-1.869822 16.614058 -0.174621
-1.879485 16.672796 -0.152938
-2.087929 16.855305 0.365111
-2.094039 16.650669 0.481635
-2.108876 16.927481 0.390969
-1.907843 16.613688 -0.074676
-1.897554 16.872753 -0.212235
-2.139799 16.818504 0.478337
-1.903775 16.927177 -0.185794
-2.119891 16.651421 0.553650
-2.135579 16.890211 0.485941
-2.143043 16.721180 0.589014
-1.927816 16.831776 -0.098307
-1.931033 16.848534 -0.102254
-1.910449 17.124641 -0.241903
-2.157820 17.028961 0.484076
-1.926699 17.201124 -0.219111
-1.927233 16.729233 -0.024183
-2.179190 16.913948 0.562015
-2.167082 17.128317 0.493498
-2.141960 17.362621 0.365503
-2.188440 16.961164 0.597182
-1.970216 16.857048 -0.004304
-1.941242 17.064634 -0.118946
-1.947067 17.090471 -0.126866
-1.949137 16.693293 0.039068
-1.930226 17.414000 -0.277806
-2.194923 17.292887 0.488612
-1.957618 16.979803 -0.045298
-2.195282 17.117857 0.577494
-2.211341 17.180080 0.607647
-1.991359 17.095018 -0.025002
-1.968140 17.349995 -0.145937
-1.978010 17.385052 -0.159813
-1.980923 16.936153 0.022931
-2.034092 17.055307 0.080873
-1.979409 17.234573 -0.062692
-1.809290 16.985094 -0.487391
-2.006328 17.341707 -0.043918
-2.016870 17.204672 0.005758
-2.055495 17.295443 0.065109
-2.082265 16.709959 0.504591
-1.871730 16.635483 -0.073762
-2.134154 16.936804 0.508748
-2.028908 16.663038 0.390110
-1.913189 16.805916 -0.045702
-2.094656 16.885128 0.445245
-1.944250 16.727034 0.215212
-2.069804 16.668709 0.534480
-2.011315 16.921633 0.297935
-2.007106 16.679462 0.317872
-1.843290 16.659639 -0.117426
-1.896059 16.841415 -0.098500
-1.914367 16.713139 0.125187
-2.072741 16.886673 0.384101
-1.936298 17.017357 -0.065034
-2.127179 17.098261 0.447978
-1.964288 16.922899 0.202757
-2.099918 16.871435 0.535652
-2.062284 16.931303 0.303977
-1.844576 16.767378 -0.200085
-1.871577 16.884689 -0.150947
-1.930934 16.909752 0.109360
-2.102696 17.102238 0.382312
-1.888316 16.897985 0.011567
-1.859583 16.983927 -0.233054
-1.965414 16.621775 0.137126
-1.994248 16.760979 0.082206
-1.994624 16.815533 0.118144
-2.176035 16.755344 0.571877
-1.794062 16.701969 -0.360272
-2.021955 16.967598 0.067945
-2.015324 17.008436 0.100079
-2.201416 16.937700 0.579976
-1.804469 16.894966 -0.400807
-1.827862 16.963207 -0.473793
-1.977540 16.771696 0.032952
-2.039770 17.171255 0.057370
-2.165411 16.932444 0.566359
-1.953758 16.792311 0.028481
-2.138481 16.717531 0.511857
-2.026534 17.198748 0.086538
-1.811865 17.099394 -0.442425
-1.839572 17.184587 -0.514085
-2.121515 16.774473 0.462221
-2.008707 16.990622 0.011748
-1.968282 16.985426 0.008601
-2.167421 16.906662 0.515351
-1.961006 16.806040 -0.017024
-2.132006 16.941822 0.463780
-2.020841 17.194889 -0.002251
-2.124969 16.732433 0.434212
-2.191579 17.102913 0.520470
-1.929530 16.665487 -0.063117
-1.984838 17.020390 -0.041008
-1.932846 16.949001 -0.081574
-2.149689 17.136112 0.464540
-2.139324 16.905970 0.434836
-1.868512 16.693010 -0.139484
-1.952287 16.876978 -0.091263
-2.087280 16.948803 0.355863
-1.951150 17.172558 -0.109236
-2.152778 17.091885 0.436519
-1.887340 16.908503 -0.173412
-1.966938 17.087973 -0.117658
-2.114570 17.171141 0.350636
-1.906840 17.146164 -0.208881
-1.949121 16.609060 0.059898
-2.095795 16.791393 0.339518
-1.907702 16.709755 -0.170979
-2.177648 16.927334 0.558748
-1.977435 16.792841 0.035434
-2.102921 16.943972 0.342234
-1.915659 16.876862 -0.191009
-2.201541 17.103804 0.561603
-1.989700 16.962757 0.016966
-2.081315 16.784590 0.289387
-2.149827 17.174040 0.338467
-1.916748 16.709190 -0.038406
-1.931561 17.073271 -0.216085
-1.810626 16.972513 -0.476207
-1.896547 16.761145 -0.221670
-2.137173 16.937876 0.458370
-2.007709 17.157276 -0.004792
-2.089463 16.941751 0.287415
-1.936496 16.899569 -0.065135
-1.814995 17.167158 -0.518742
-2.058922 16.784065 0.241518
-1.906257 16.941879 -0.248064
-2.158411 17.119507 0.457997
-1.890504 16.657120 -0.119883
-2.116220 17.143103 0.282333
-2.110841 16.935308 0.360306
-1.965108 17.119101 -0.097274
-2.010470 16.615549 0.193038
-2.077944 16.964640 0.233212
-1.914690 17.137411 -0.275212
-1.878016 16.817385 -0.270945
-1.907766 16.847187 -0.150031
-2.119953 17.105482 0.358452
-2.037713 16.804129 0.177691
-2.090902 17.149338 0.227187
-1.881176 16.997095 -0.299776
-1.920786 17.043869 -0.179756
-1.858885 16.724981 -0.313435
-2.068843 16.921989 0.259777
-1.872859 16.797890 -0.238013
-2.069793 17.015596 0.160171
-1.901861 17.226524 -0.339345
-1.859197 16.899399 -0.344661
-2.083991 17.113253 0.251244
-1.883377 16.997042 -0.272284
-2.077102 17.201912 0.150218
-1.873667 17.116865 -0.387050
-1.893905 17.214901 -0.308324
-2.064012 16.661011 0.362535
-2.125772 16.725859 0.493178
-1.889638 16.612928 -0.100722
-2.081719 16.808069 0.357037
-2.143220 16.876488 0.499257
-1.951193 16.737530 -0.017618
-2.081092 16.659960 0.446691
-2.026919 16.633516 0.277078
-2.103496 16.969915 0.350734
-2.174056 17.057528 0.505654
-1.960857 16.895468 -0.030835
-2.119522 16.841028 0.444887
-1.903650 16.915653 -0.146360
-1.991038 16.584526 0.197402
-2.060720 16.647165 0.400359
-1.935280 16.757078 -0.059118
-2.118448 17.132387 0.346167
-1.855251 16.685808 -0.197519
-2.184350 17.217857 0.514661
-1.972368 17.067200 -0.044597
-1.791572 16.962955 -0.518523
-1.898456 16.614550 -0.075884
-2.135823 17.002846 0.449350
-2.061558 16.952307 0.257684
-1.923470 17.107693 -0.176847
-2.008343 16.743458 0.183798
-2.095731 16.828070 0.395519
-1.947601 16.924824 -0.077502
-2.130841 17.302948 0.343046
-1.869841 16.859257 -0.228635
-2.144915 16.707691 0.577654
-1.992160 17.266760 -0.061679
-2.046269 16.657379 0.338483
-1.798330 17.154001 -0.556649
-1.922057 16.795849 -0.103768
-2.170823 17.202492 0.451030
-2.076795 17.125364 0.249901
-1.931714 17.288723 -0.202217
-2.028788 16.918247 0.169391
-2.108375 16.986687 0.394770
-1.957340 17.102520 -0.095178
-1.873199 17.026693 -0.255642
-1.967611 16.701622 0.097619
-2.177873 16.888670 0.578438
-1.880822 16.657028 -0.132905
-2.084856 16.847954 0.328104
-2.177366 17.371738 0.458204
-1.930409 16.965775 -0.124697
-2.088715 17.303026 0.242980
-2.045370 17.099989 0.156322
-1.972016 17.300434 -0.116243
-2.146801 17.198692 0.392241
-1.842928 16.953623 -0.336338
-1.886216 17.227844 -0.290154
-1.790932 16.685024 -0.373743
-1.983304 16.876989 0.079324
-2.186779 17.044949 0.582722
-1.903920 16.848217 -0.165702
-2.087973 16.999220 0.325357
-1.937992 17.148155 -0.146763
-2.058098 17.287754 0.144965
-2.146203 17.357964 0.396207
-1.847388 17.140795 -0.370622
-1.799868 16.867668 -0.414136
-2.008590 17.080385 0.058200
-2.210229 17.235460 0.588774
-1.911762 17.028961 -0.191909
-2.114947 17.198433 0.318056
-1.810534 17.073410 -0.458798
-2.015610 17.270727 0.042566
-1.927069 17.237774 -0.223527
-2.125452 16.677378 0.576062
-2.152726 16.821903 0.577679
-1.960856 16.686504 0.138469
-2.086265 16.916897 0.248556
-1.921412 16.835236 -0.222612
-2.142619 16.680647 0.524722
-2.177706 16.973671 0.581086
-1.990381 16.854122 0.120010
-1.829502 16.782814 -0.331125
-2.109342 17.085526 0.237720
-2.169555 16.818483 0.523240
-1.994596 16.710110 0.050148
-1.935646 17.003155 -0.253720
-2.005502 16.679934 0.266818
-2.194636 17.121529 0.585377
-2.015416 17.025337 0.102351
-1.829416 16.929712 -0.358358
-2.009897 16.844872 0.033140
-2.192888 16.957901 0.522929
-2.116721 17.242990 0.231021
-2.035230 16.832914 0.260141
-1.941759 17.172564 -0.281331
-2.216835 17.287437 0.591572
-2.027854 17.188848 0.089424
-1.879347 16.781404 -0.211103
-1.832534 17.093025 -0.390330
-1.869098 16.873419 -0.422136
-2.200548 17.082533 0.525831
-2.031023 16.999104 0.013604
-2.140598 17.436041 0.221742
-2.058213 16.986717 0.255348
-1.959167 17.375166 -0.317449
-2.036681 17.360352 0.077450
-1.880362 16.913504 -0.226945
-1.840662 17.279745 -0.428414
-1.878134 17.027868 -0.457107
-2.226927 17.240910 0.526974
-2.049007 17.159889 -0.005824
-2.076198 17.140930 0.254099
-1.885427 17.061775 -0.245468
-1.882697 17.187771 -0.492040
-2.247448 17.398090 0.530366
-2.055283 17.310957 -0.020152
-2.084321 17.290649 0.254893
-1.892282 17.222511 -0.265213
-1.887315 17.361471 -0.530242
-1.905469 17.405899 -0.290242
-2.097191 16.675697 0.345357
-2.125116 16.703379 0.427273
-2.016863 16.711136 0.214707
-2.153879 16.850082 0.420010
-2.001078 16.713636 0.176248
-2.194600 16.876059 0.637080
-1.961044 16.763597 -0.128784
-2.002994 16.840965 -0.062603
-2.041267 16.859726 0.204066
-1.842421 16.717545 -0.270841
-2.151333 16.979990 0.325613
-2.176750 16.994717 0.415360
-2.025118 16.865566 0.163208
-1.981625 16.924458 -0.159322
-1.878230 16.833450 -0.262934
-2.007484 16.976925 -0.080684
-2.067959 17.021103 0.192921
-1.864553 16.883270 -0.307767
-2.182065 17.122326 0.413464
-2.160846 17.121939 0.319234
-2.049246 17.027573 0.148313
-1.998586 17.090565 -0.187847
-1.884284 16.979753 -0.287299
-2.028850 17.143888 -0.107008
-2.069727 17.154013 0.190598
-2.207628 17.288284 0.410519
-1.875334 17.046148 -0.339011
-2.053875 17.169168 0.140943
-2.007860 17.255882 -0.213388
-1.896784 17.145855 -0.315980
-2.084225 17.316399 0.183944
-2.221060 17.445272 0.409029
-1.882556 17.213404 -0.370300
-2.076218 17.351583 0.127991
-1.902953 17.313181 -0.342000
-2.104625 17.499981 0.176249
-1.888039 17.394726 -0.401798
-2.088133 17.527338 0.119453
-2.127957 16.628302 0.518588
-2.108296 16.618065 0.457573
-2.144736 16.647270 0.566671
-2.133376 16.678617 0.485434
-2.160850 16.698315 0.574350
-2.088382 16.644909 0.394302
-2.128181 16.741318 0.521294
-2.112123 16.736013 0.456455
-2.160241 16.775187 0.571129
-1.960385 16.636431 0.027697
-2.000984 16.672920 0.128148
-1.991923 16.675446 0.089912
-2.211644 16.859118 0.626274
-1.992956 16.694967 0.100289
-1.980774 16.692965 0.051199
-2.024883 16.727789 0.181547
-2.106978 16.791286 0.388345
-1.963310 16.713482 -0.001130
-1.934434 16.731718 -0.071890
-2.168847 16.913969 0.520897
-2.212551 16.962431 0.574393
-2.142338 16.900677 0.452619
-1.973183 16.782475 0.008052
-2.035541 16.842188 0.111932
-2.022101 16.843769 0.071476
-1.831243 16.697733 -0.348458
-2.222928 16.988068 0.635913
-1.841121 16.724791 -0.380055
-2.202264 16.979759 0.576961
-2.049041 16.881662 0.164954
-2.173867 16.973240 0.480617
-1.999139 16.847477 0.033610
-2.134110 16.958895 0.381214
-1.873687 16.787039 -0.282852
-1.990466 16.887594 -0.026458
-1.847041 16.819263 -0.442615
-1.872764 16.839346 -0.368461
-1.957192 16.907654 -0.100589
-2.189213 17.068348 0.523781
-2.207538 17.080259 0.583566
-2.049638 16.993044 0.103891
-2.175853 17.078377 0.448837
-1.988851 16.943981 -0.013530
-2.027502 16.984409 0.062446
-1.849659 16.866207 -0.389763
-2.214366 17.121496 0.580844
-1.863356 16.903038 -0.421369
-2.022636 16.995167 0.067474
-2.069458 17.038837 0.151174
-2.185524 17.119246 0.481742
-2.018168 17.013706 0.015538
-1.882733 16.936340 -0.312757
-2.139137 17.106689 0.378891
-2.003282 17.055031 -0.046755
-1.822242 16.933153 -0.494676
-1.849742 16.977100 -0.475364
-1.882380 17.002157 -0.397159
-2.198876 17.216372 0.529788
-2.231059 17.245693 0.592161
-2.059176 17.145578 0.097362
-1.967823 17.079733 -0.125330
-2.177697 17.220652 0.451556
-2.010404 17.127243 -0.037590
-2.046236 17.157820 0.048637
-1.849755 17.018095 -0.421136
-2.080067 17.191351 0.139368
-2.238452 17.288336 0.585001
-1.866368 17.063925 -0.451986
-2.044149 17.172808 0.048157
-2.200861 17.283272 0.481844
-2.031215 17.184120 -0.000185
-1.894210 17.104452 -0.346973
-2.166598 17.298740 0.373235
-2.016349 17.233829 -0.068378
-1.822717 17.101171 -0.534176
-1.891856 17.173201 -0.426873
-1.853166 17.149494 -0.512192
-2.231790 17.410280 0.533758
-2.077224 17.323042 0.088123
-1.985236 17.275257 -0.153700
-2.206306 17.414604 0.450477
-2.023883 17.306381 -0.058377
-2.061720 17.334951 0.036032
-2.092675 17.353928 0.128306
-1.865530 17.209400 -0.464785
-2.054970 17.342232 0.032728
-1.881950 17.259712 -0.492661
-2.224148 17.469887 0.484053
-2.047523 17.373117 -0.018157
-1.900217 17.274389 -0.379295
-2.178512 17.479368 0.371617
-2.033076 17.433411 -0.092177
-1.905974 17.365868 -0.461972
-2.094135 17.509752 0.080312
-2.108530 17.536942 0.114229
-2.072120 17.517963 0.024626
-2.037481 17.504215 -0.081111
-1.995764 17.474190 -0.178960
-1.870090 17.396692 -0.504859
-1.878329 17.435368 -0.521491
-1.911267 17.468149 -0.416929
-2.128604 16.711617 0.551111
-1.978784 16.604113 0.235222
-1.961344 16.681137 0.117598
-2.156278 16.855307 0.549463
-1.982438 16.718801 0.228104
-1.989792 16.595573 0.206339
-1.806217 16.663986 -0.314567
-1.820847 16.691935 -0.199053
-1.992628 16.844250 0.095215
-2.004878 16.864786 0.216245
-2.171724 16.991022 0.551537
-2.001672 16.720476 0.195488
-2.202360 16.870804 0.648598
-1.998926 16.712120 0.280990
-2.021311 16.636953 0.278415
-1.835099 16.649946 -0.147282
-1.836432 16.845369 -0.229622
-1.998859 16.982777 0.082939
-1.833749 16.722343 -0.241398
-2.027427 17.020800 0.205013
-2.191364 17.140924 0.553984
-2.018676 16.859430 0.182165
-2.032220 16.869444 0.270766
-2.018052 16.720285 0.320362
-1.818451 16.959454 -0.377874
-2.036755 16.762838 0.270096
-1.845724 16.619661 -0.111645
-1.855107 16.802345 -0.174947
-2.059324 16.664320 0.356466
-1.862161 16.669443 -0.155277
-2.030763 16.637030 0.359912
-1.846182 16.999563 -0.258623
-2.011163 17.139740 0.068318
-1.850687 16.875061 -0.273565
-2.038681 17.170507 0.196355
-2.040330 17.012053 0.168013
-1.885902 16.601847 -0.065411
-2.199256 17.283257 0.558565
-2.039576 16.998791 0.267737
-2.048050 16.868605 0.314416
-1.854688 16.598936 -0.076630
-2.044053 16.883120 0.263610
-1.822041 17.119680 -0.410887
-1.853667 16.746971 -0.129792
-1.855955 16.934883 -0.193899
-2.046954 16.759813 0.359740
-1.846871 17.151941 -0.282042
-2.027190 17.309620 0.053647
-1.857224 17.023996 -0.302290
-1.891942 16.719475 -0.083393
-2.044060 17.320927 0.191718
-2.049270 17.156307 0.159209
-2.054335 17.146721 0.262777
-2.058062 16.999130 0.314310
-2.071502 17.036692 0.252026
-1.858397 16.715572 -0.089359
-1.864912 16.887785 -0.149231
-2.091448 16.911560 0.344722
-1.825827 17.295477 -0.445597
-1.879721 16.939981 -0.202625
-1.864258 17.086969 -0.217623
-2.064107 16.887871 0.359285
-1.853724 17.326479 -0.311829
-1.914095 16.864496 -0.110328
-1.868534 17.193975 -0.334972
-2.061522 17.314062 0.149123
-2.069188 17.303759 0.258841
-1.881874 16.866137 -0.110847
-2.082338 17.158243 0.310553
-2.077155 17.171930 0.247473
-2.099614 17.033369 0.341963
-1.878586 17.041420 -0.171615
-1.893512 17.096479 -0.231066
-2.076344 17.019232 0.361277
-1.869496 17.247467 -0.239571
-1.923978 17.001493 -0.131084
-1.864832 17.351929 -0.360778
-2.086514 17.316446 0.241968
-1.896333 17.014917 -0.129239
-2.087944 17.296078 0.312192
-2.109231 17.163574 0.338598
-1.888710 17.200348 -0.191887
-1.900094 17.253536 -0.255920
-2.102319 17.176012 0.362400
-1.930347 17.143841 -0.152178
-2.130793 17.317783 0.333488
-1.905384 17.163879 -0.144839
-1.888366 17.350874 -0.206767
-1.902246 17.415203 -0.280320
-2.112874 17.319555 0.367505
-1.939109 17.298958 -0.173768
-1.909516 17.316137 -0.157982
-2.025169 16.617760 0.339915
-2.061088 16.687000 0.441937
-2.024308 16.717407 0.338653
-1.886400 16.654696 -0.074742
-2.093660 16.701653 0.529706
-1.906231 16.715824 0.019844
-1.755351 16.632929 -0.388160
-1.936855 16.644928 0.105902
-2.038001 16.715591 0.393814
-2.053868 16.859978 0.330398
-1.915673 16.807083 -0.103625
-2.097639 16.948000 0.436299
-1.933653 16.870329 -0.004112
-2.062264 16.738365 0.433378
-1.940893 16.756594 0.094798
-1.895254 16.733212 -0.038570
-1.969116 16.694611 0.173631
-2.068185 16.661798 0.473469
-2.074310 16.863459 0.388273
-1.981075 16.605366 0.258876
-2.069784 16.993568 0.325769
-1.911856 16.925192 -0.117997
-1.792363 16.712662 -0.326542
-2.159667 16.859112 0.615414
-1.908200 16.715498 -0.005515
-2.134867 16.955441 0.530537
-1.812095 16.662020 -0.236960
-2.100705 17.068733 0.436445
-1.935900 17.002232 -0.018853
-2.094323 16.878342 0.432072
-1.763934 16.907402 -0.454132
-1.961685 16.897709 0.077358
-1.915691 16.874969 -0.059686
-1.840474 16.614632 -0.152027
-2.001302 16.723455 0.248648
-2.110587 16.806313 0.473287
-2.081338 16.980997 0.388824
-2.087642 17.135880 0.321387
-1.924381 17.073328 -0.139927
-2.169160 16.969547 0.619938
-1.915424 16.704159 0.029250
-1.936820 16.864599 -0.026703
-2.144168 17.078354 0.533720
-1.815650 16.781481 -0.260562
-2.115811 17.213354 0.437389
-2.103996 16.997038 0.435567
-1.945650 17.151752 -0.035074
-1.837298 16.717022 -0.167576
-1.986729 16.929905 0.154766
-1.973398 17.035242 0.063754
-1.932634 17.022964 -0.079077
-1.766920 17.057116 -0.488476
-2.107219 16.901192 0.481283
-2.094922 17.114506 0.389066
-2.090496 17.268148 0.320579
-1.929260 17.221722 -0.159130
-1.943873 16.848589 0.012450
-1.803955 16.987629 -0.385886
-1.944291 16.992460 -0.037758
-2.166919 17.226276 0.535304
-1.827706 16.920273 -0.289261
-2.116047 17.124802 0.440145
-2.023181 16.953039 0.234643
-2.001522 17.067135 0.143263
-1.956107 17.313540 -0.053029
-2.127841 17.033007 0.485714
-1.939988 17.164267 -0.094310
-1.985768 17.183199 0.049190
-1.769330 17.220800 -0.525763
-2.112753 17.261253 0.390117
-1.955374 16.977812 0.002327
-1.941329 17.392010 -0.182576
-1.805846 17.131924 -0.415056
-1.954290 17.133135 -0.051724
-2.183331 17.373678 0.540441
-1.833914 17.058939 -0.316026
-2.047466 17.096827 0.223893
-1.866503 16.985945 -0.219348
-2.140650 17.277763 0.443523
-2.015540 17.210949 0.131908
-2.142997 17.163187 0.493686
-1.994109 17.333359 0.037058
-1.948533 17.320026 -0.111213
-1.971686 17.123442 -0.009760
-1.806164 17.286690 -0.445229
-1.965820 17.284908 -0.064983
-1.837140 17.205160 -0.343072
-2.049315 17.217491 0.218709
-1.872636 17.123623 -0.243268
-2.019991 17.348995 0.124324
-2.167937 17.314579 0.501130
-1.984404 17.269819 -0.020258
-2.061847 17.359179 0.212599
-1.877023 17.265305 -0.265487
-2.096737 16.627962 0.550498
-2.068235 16.692270 0.457386
-2.109698 16.657406 0.593105
-2.079002 16.667562 0.523741
-2.076682 16.693727 0.513358
-2.108313 16.679005 0.605552
-1.929180 16.655575 0.054826
-2.091243 16.709820 0.555591
-2.030149 16.721298 0.361849
-1.933965 16.633312 0.100596
-1.947725 16.629726 0.129559
-1.912812 16.647501 0.028425
-2.060479 16.741726 0.444372
-1.957562 16.634041 0.158665
-2.093870 16.819304 0.453676
-2.098949 16.780195 0.521494
-2.118227 16.835945 0.510978
-1.890903 16.715210 -0.058655
-1.940805 16.704031 0.093078
-1.810629 16.633474 -0.295919
-2.122032 16.837282 0.558598
-1.954272 16.793894 0.033823
-2.060668 16.861187 0.352930
-1.951108 16.732059 0.121998
-1.941153 16.743145 0.090501
-1.784211 16.654251 -0.394270
-1.785663 16.662645 -0.379268
-1.968189 16.739344 0.164084
-1.965878 16.740242 0.153002
-2.083896 16.869728 0.440219
-1.925844 16.769136 0.010667
-2.098394 16.927067 0.454093
-1.810127 16.675825 -0.340842
-2.110611 16.888130 0.522953
-1.845492 16.713573 -0.236895
-1.796909 16.716854 -0.378968
-2.115197 16.930559 0.515699
-1.914043 16.860111 -0.084847
-1.811171 16.745285 -0.320077
-2.142348 16.959236 0.563180
-1.954825 16.906639 0.022384
-1.973070 16.863401 0.110112
-1.964705 16.880247 0.074330
-2.065511 16.979137 0.349150
-1.794891 16.792095 -0.412474
-1.993851 16.869961 0.148205
-1.984914 16.865681 0.144951
-2.102344 16.998341 0.437163
-1.939017 16.898094 -0.007691
-2.111766 17.052601 0.453657
-1.801543 16.774151 -0.353808
-2.132114 17.016426 0.522030
-1.796129 16.833942 -0.400973
-2.135770 17.063553 0.518156
-1.964777 16.944725 0.064389
-1.915939 16.986546 -0.102397
-1.825888 16.880831 -0.353752
-1.989637 16.995022 0.098474
-1.968539 17.045050 0.005942
-1.979631 17.015097 0.059872
-1.804232 16.923397 -0.461982
-1.998267 16.979399 0.139656
-2.071373 17.106010 0.346064
-1.804828 16.931118 -0.448657
-2.005025 16.999176 0.135529
-2.110237 17.118664 0.436823
-1.949979 17.030724 -0.025191
-1.825060 16.922915 -0.388877
-2.135685 17.126129 0.524532
-2.117364 17.173832 0.455322
-1.855206 16.948437 -0.283381
-1.812453 16.980667 -0.436317
-2.149478 17.192043 0.522332
-1.979280 17.079218 0.049110
-1.826300 17.006954 -0.379941
-1.929220 17.137232 -0.125840
-2.002559 17.129175 0.090109
-1.991848 17.153208 0.047917
-1.974127 17.183382 -0.008664
-2.012082 17.107922 0.128295
-1.803017 17.055456 -0.489678
-1.805112 17.066156 -0.479492
-2.014565 17.126165 0.130539
-1.955562 17.166338 -0.041102
-1.829988 17.055275 -0.412691
-1.786401 17.141661 -0.563009
-1.862442 17.080799 -0.309572
-1.813501 17.116301 -0.463020
-1.832413 17.145647 -0.409262
-1.803900 17.199076 -0.520655
-1.803271 17.207642 -0.510613
-1.832701 17.191303 -0.435646
-1.865649 17.214502 -0.335436
-2.014365 16.678261 0.322665
-2.022331 16.694799 0.349840
-1.992071 16.673086 0.256461
-1.890746 16.623592 -0.052113
-1.880353 16.633009 -0.074583
-2.013398 16.770327 0.318768
-1.869585 16.655024 -0.100799
-2.037315 16.802935 0.346189
-1.980635 16.755426 0.249574
-1.868759 16.695091 -0.145911
-1.891235 16.719353 -0.065222
-1.879160 16.730097 -0.089807
-1.891647 16.728352 0.069282
-1.843295 16.700687 -0.070829
-2.041518 16.898520 0.309158
-1.876726 16.764460 -0.122505
-2.026034 16.891424 0.278105
-2.047797 16.910091 0.342626
-1.773134 16.675251 -0.293263
-2.016728 16.897478 0.231869
-1.873960 16.768509 -0.007989
-1.754789 16.694250 -0.376924
-1.885633 16.823545 -0.176270
-1.913030 16.846525 -0.087945
-1.797613 16.753597 -0.234187
-1.905702 16.866642 -0.118506
-2.056479 17.018602 0.302974
-1.889683 16.888851 -0.147098
-2.063904 17.029356 0.339763
-2.043436 17.015301 0.268094
-2.021244 17.009695 0.221932
-1.916528 16.955860 -0.102122
-1.881013 16.931526 -0.196726
-1.800978 16.864361 -0.260607
-1.906609 16.949883 0.034969
-1.907552 16.980087 -0.135942
-2.057462 17.127104 0.299653
-2.068721 17.142038 0.338851
-1.899903 17.017420 -0.172161
-2.046338 17.129032 0.261773
-2.031454 17.139584 0.210404
-1.882334 17.000174 -0.046931
-1.834561 16.974970 -0.217620
-1.924514 17.079044 -0.119304
-1.769637 16.946087 -0.450463
-1.892284 17.070122 -0.226345
-1.917099 17.110935 -0.158124
-1.800841 16.999943 -0.329496
-1.780958 17.022959 -0.382454
-1.906864 17.151608 -0.196868
-1.760962 17.063370 -0.479924
-1.891698 17.199844 -0.251662
-1.813500 17.112764 -0.318870
-2.143026 16.623352 0.568511
-2.040385 16.661238 0.320150
-1.997435 16.627737 0.166791
-2.188459 16.828030 0.568997
-1.898321 16.614447 -0.041344
-2.036616 16.754152 0.147753
-2.155787 16.694942 0.540805
-2.198622 16.923344 0.571478
-1.901535 16.703711 -0.059046
-2.066347 16.849554 0.299868
-1.997127 16.626966 0.148620
-2.034119 16.841028 0.140755
-2.158991 16.778322 0.540812
-1.783109 16.643770 -0.367493
-2.213256 17.028400 0.573770
-1.785698 16.654554 -0.288353
-2.011132 16.681217 0.249497
-1.921880 16.817066 -0.085170
-2.079831 16.951792 0.289713
-2.122418 16.657808 0.517592
-2.052916 16.955687 0.128944
-2.027286 16.745302 0.128837
-2.177387 16.883022 0.539140
-1.871110 16.618879 -0.110204
-2.133073 16.692387 0.579772
-1.778068 16.733299 -0.392050
-2.224209 17.133944 0.577571
-1.783409 16.747446 -0.307329
-2.207758 16.953821 0.647971
-1.922547 16.912615 -0.103094
-2.080197 17.044104 0.282660
-1.985514 16.612165 0.194388
-1.778653 16.596754 -0.294375
-2.150274 16.765354 0.511512
-1.987718 16.628437 0.131443
-2.058595 17.060413 0.120234
-2.022574 16.831148 0.122103
-2.195227 16.989103 0.538324
-1.873738 16.713394 -0.130963
-1.789853 16.846682 -0.428325
-2.160403 16.800406 0.574917
-2.242542 17.253750 0.581510
-1.810024 16.880877 -0.345760
-2.029788 16.874491 0.225869
-2.085556 17.145683 0.274190
-2.111044 16.641640 0.480273
-1.928639 17.019758 -0.124762
-1.991946 16.705290 0.180658
-2.111378 16.652149 0.504098
-1.778257 16.690454 -0.316927
-2.164953 16.864836 0.507804
-2.019581 16.750257 0.109425
-2.065591 17.174911 0.111623
-2.045344 16.951372 0.104972
-2.206262 17.094767 0.539671
-1.789165 16.952574 -0.458085
-1.890583 16.827471 -0.160474
-2.171586 16.897707 0.571376
-1.848422 16.622456 -0.178514
-2.243616 17.356083 0.588849
-1.796821 16.971491 -0.358739
-2.048627 16.990204 0.211229
-2.094437 17.258060 0.265544
-1.929244 17.126699 -0.143797
-2.147130 16.758568 0.470038
-2.007658 16.813480 0.163495
-1.778962 16.790890 -0.341579
-2.184499 16.974407 0.504755
-2.017127 16.838177 0.099595
-1.979072 16.633684 0.101789
-2.074483 17.296833 0.102611
-2.046232 17.052761 0.096315
-2.214503 17.201723 0.541781
-1.790837 17.067282 -0.490205
-1.768876 16.633307 -0.320949
-1.891920 16.930353 -0.181718
-1.958924 16.635420 0.121133
-2.177710 16.997145 0.568142
-1.848379 16.717451 -0.200591
-1.803019 17.091179 -0.386769
-2.046626 17.086140 0.202606
-2.098380 17.368830 0.258668
-1.935580 17.248377 -0.166826
-2.151478 16.849745 0.465118
-2.020585 16.922960 0.147097
-1.785068 16.903852 -0.370341
-2.184473 17.069212 0.503923
-2.084420 17.424435 0.094311
-2.136043 16.850851 0.490748
-2.032878 16.954969 0.082426
-2.056718 17.172358 0.083980
-2.007930 16.753780 0.078334
-1.794423 17.192326 -0.526266
-2.230992 17.324682 0.542918
-1.892624 17.037416 -0.203203
-1.768424 16.731779 -0.347788
-2.187118 17.102362 0.565713
-1.959572 16.728119 0.106740
-1.860331 16.831915 -0.231510
-1.804085 17.212868 -0.412048
-2.057999 17.206545 0.189522
-1.820090 16.627741 -0.253100
-1.935743 17.366348 -0.187822
-2.162486 16.952625 0.459373
-1.788364 17.019016 -0.398704
-2.029258 17.035244 0.132708
-2.198782 17.183569 0.502524
-2.034692 17.059135 0.069841
-2.068678 17.299953 0.070030
-2.143919 16.952827 0.485655
-2.008854 16.850527 0.063322
-2.238561 17.443380 0.547590
-1.893118 17.150980 -0.227257
-1.780325 16.850983 -0.382987
-2.199186 17.216627 0.564219
-1.862905 16.940710 -0.256933
-1.982428 16.851389 0.083606
-2.063207 17.322309 0.178835
-1.826925 16.736654 -0.284075
-1.760298 16.679787 -0.366237
-2.181417 17.068357 0.452899
-1.786452 17.138054 -0.425052
-2.033824 17.148592 0.118610
-2.216581 17.309658 0.500580
-2.046828 17.184067 0.054539
-2.065282 17.414604 0.062630
-2.017309 16.959782 0.046732
-2.148943 17.057966 0.480592
-1.899710 17.280554 -0.254825
-1.774605 16.955158 -0.408548
-2.207573 17.331373 0.564231
-1.864745 17.056486 -0.283700
-2.071017 17.448990 0.168346
-1.994162 16.969368 0.064280
-1.824441 16.838037 -0.308824
-2.187204 17.175091 0.449161
-1.791283 17.271807 -0.458221
-2.218412 17.419424 0.502141
-2.042888 17.270737 0.104684
-2.050169 17.303923 0.040691
-2.028459 17.080072 0.027895
-2.163488 17.180262 0.474654
-1.780286 17.081129 -0.442460
-1.868884 17.182945 -0.313563
-1.998785 17.083769 0.047361
-1.831980 16.962872 -0.343128
-1.766224 16.903997 -0.433120
-2.195252 17.290535 0.445504
-2.048031 17.400827 0.089334
-2.031212 17.195631 0.011361
-2.174689 17.305246 0.470338
-1.775241 17.202154 -0.471718
-1.871397 17.315567 -0.344026
-2.004294 17.208519 0.029319
-1.838872 17.091877 -0.377680
-1.760775 17.015146 -0.462858
-2.200844 17.409479 0.442724
-2.038281 17.325590 -0.007199
-2.180951 17.428617 0.467788
-2.009553 17.337790 0.011878
-1.836236 17.219889 -0.408571
-1.760229 17.141266 -0.498663
-2.141907 16.638895 0.593644
-2.143345 16.709259 0.590336
-2.052493 16.663031 0.316926
-2.003698 16.626348 0.211024
-2.175279 16.809950 0.583883
-2.117852 16.656466 0.523672
-2.084184 16.772190 0.304647
-2.004716 16.703043 0.199343
-2.187306 16.896955 0.580493
-2.051371 16.650932 0.302035
-1.880102 16.623846 -0.135418
-2.129317 16.741005 0.516890
-1.863572 16.641142 -0.176404
-2.095469 16.867208 0.297026
-2.037567 16.815130 0.178232
-1.976763 16.629639 0.146059
-2.184009 16.970634 0.577945
-2.081884 16.759935 0.286862
-2.094875 16.668177 0.457981
-1.876415 16.702879 -0.154175
-2.145724 16.833031 0.509420
-2.048769 16.649008 0.285806
-1.858262 16.721609 -0.191495
-2.025349 16.885317 0.170628
-2.103992 16.962549 0.290542
-1.976363 16.708878 0.132803
-2.188467 17.056387 0.574999
-1.852370 16.612799 -0.200981
-2.086507 16.847773 0.278267
-1.902139 16.817907 -0.188589
-2.103608 16.755007 0.449137
-2.151226 16.918785 0.503660
-1.956418 16.633163 0.083830
-1.854523 16.655724 -0.191841
-2.081880 16.761396 0.268032
-1.883246 16.838882 -0.222991
-2.038094 16.985474 0.154288
-2.106285 17.055973 0.285335
-2.008247 16.824892 0.108147
-2.202333 17.155746 0.572612
-1.850278 16.697195 -0.222725
-2.039388 16.641731 0.259673
-1.888953 16.894905 -0.203355
-2.094259 16.942394 0.270088
-2.201512 16.800764 0.618969
-2.118498 16.851437 0.439324
-2.152692 17.003689 0.498916
-2.074468 16.695900 0.383254
-1.960640 16.720572 0.066198
-1.853453 16.743992 -0.212155
-2.073701 16.838285 0.260476
-2.048327 17.089106 0.138795
-1.875295 16.925602 -0.238364
-2.112886 17.159218 0.279898
-2.000952 16.905466 0.096267
-2.210434 17.254568 0.569541
-1.869561 16.809130 -0.258766
-2.069207 16.751040 0.240007
-1.897822 17.002020 -0.231474
-2.103408 17.044117 0.260623
-2.219268 16.897955 0.613430
-2.159732 17.099594 0.494049
-2.122531 16.940660 0.431601
-1.846323 16.680696 -0.210973
-1.933451 16.642044 0.013528
-1.974808 16.823990 0.044341
-2.046945 17.181938 0.127264
-1.873599 16.860636 -0.244694
-1.829571 16.690647 -0.291113
-2.087087 16.939098 0.248312
-1.876324 17.029369 -0.257970
-2.128090 17.276264 0.272948
-2.220781 17.359356 0.567630
-2.014676 17.013309 0.077427
-1.860925 16.896152 -0.278648
-1.897023 17.102097 -0.254576
-2.064858 16.833420 0.229582
-2.106759 17.143354 0.253668
-2.221111 16.983227 0.609562
-1.845561 16.627163 -0.223825
-2.173229 17.207312 0.488313
-2.137654 17.046984 0.422204
-1.843484 16.770212 -0.233351
-1.935283 16.733042 -0.005696
-2.097260 16.889023 0.359663
-2.058254 17.297207 0.111062
-1.869936 16.954220 -0.264905
-1.978461 16.921499 0.025050
-2.096738 17.041277 0.237266
-1.881059 17.141386 -0.281577
-2.130672 17.384480 0.269585
-2.015779 17.112324 0.062170
-1.862894 16.998789 -0.306425
-1.904401 17.219418 -0.283987
-2.114377 17.253338 0.246111
-2.073987 16.932198 0.215521
-2.180501 17.313108 0.483861
-1.838089 16.711412 -0.245388
-1.806878 16.687120 -0.368041
-2.142219 17.148327 0.415000
-1.865773 16.891727 -0.270082
-2.061617 17.407995 0.098011
-1.952737 16.845306 -0.032764
-2.106822 16.993073 0.347887
-1.870921 17.061792 -0.288437
-1.989453 17.031637 0.004145
-1.888377 17.263529 -0.307116
-2.092420 17.135305 0.228949
-1.839210 16.897352 -0.354529
-2.142074 17.510572 0.264062
-2.018281 17.218435 0.045627
-1.901186 17.329815 -0.308010
-1.866982 17.113058 -0.337733
-2.124034 17.373928 0.237847
-2.192083 17.428719 0.479183
-2.082710 17.037374 0.201293
-1.844294 16.813164 -0.275852
-2.157535 17.265467 0.405646
-1.865736 16.995441 -0.295031
-1.872965 17.175169 -0.313731
-1.948483 16.940306 -0.052094
-1.894866 17.392630 -0.334049
-1.987783 17.133871 -0.013554
-2.116102 17.100731 0.337067
-2.099234 17.245495 0.219332
-1.838408 17.003218 -0.384749
-2.022565 17.332005 0.028648
-1.875459 17.238153 -0.372089
-2.083146 17.136776 0.189737
-1.850935 16.923059 -0.307604
-2.156816 17.370602 0.400412
-1.860741 17.098413 -0.318593
-1.810635 16.898994 -0.436815
-1.875444 17.296680 -0.340314
-1.992106 17.249413 -0.033717
-2.109552 17.365702 0.207416
-1.961756 17.061258 -0.078586
-2.110148 17.199057 0.328871
-1.846285 17.126781 -0.422867
-2.026360 17.453825 0.010753
-1.867367 17.348854 -0.397535
-2.088733 17.247738 0.176838
-1.846060 17.026140 -0.333601
-2.165000 17.491756 0.393773
-1.865987 17.222481 -0.349846
-1.806222 17.006346 -0.468357
-2.003222 17.380924 -0.057840
-2.118922 17.492775 0.196556
-1.962748 17.174667 -0.101022
-1.849845 17.253111 -0.459021
-2.126700 17.327023 0.316753
-2.101494 17.375040 0.160833
-1.852851 17.150658 -0.369253
-1.869564 17.351759 -0.381372
-1.811829 17.133589 -0.510508
-1.839864 17.367849 -0.487655
-1.966664 17.299498 -0.124908
-2.124731 17.439697 0.308916
-2.104120 17.496792 0.148244
-1.857050 17.280502 -0.404805
-1.966804 17.426617 -0.148050
-1.852761 17.406338 -0.435989
-2.103941 16.629169 0.470550
-2.113113 16.638508 0.527859
-2.093547 16.687731 0.439239
-2.065170 16.643867 0.402780
-2.106473 16.651955 0.498817
-2.048124 16.657469 0.332951
-2.098403 16.697069 0.465958
-2.119472 16.710770 0.522213
-2.120541 16.787199 0.426735
-2.153838 16.764690 0.490842
-2.067070 16.719759 0.393000
-2.046715 16.737074 0.321981
-2.129583 16.799479 0.455125
-1.919169 16.671352 -0.039438
-1.936337 16.669561 0.030337
-1.985675 16.685987 0.153211
-1.907125 16.668661 -0.016972
-2.138858 16.828535 0.490762
-2.123692 16.870066 0.418303
-1.913184 16.654793 0.007923
-2.101278 16.828932 0.377046
-1.920749 16.634617 0.030054
-2.064960 16.836119 0.306471
-2.131739 16.880411 0.450200
-2.139769 16.871134 0.509533
-1.863238 16.645218 -0.160002
-1.988617 16.762861 0.140281
-1.940000 16.754946 0.011436
-1.916196 16.755375 -0.058415
-2.153641 16.920328 0.487702
-2.131802 16.959517 0.409775
-1.912076 16.734705 -0.007927
-1.907675 16.753065 -0.035304
-2.093582 16.904514 0.370370
-1.922128 16.713923 0.018003
-1.799715 16.649778 -0.313942
-2.143996 16.973743 0.442990
-2.076349 16.935501 0.292627
-1.790659 16.672825 -0.385149
-2.157444 16.963711 0.502600
-1.819236 16.694405 -0.314422
-1.791846 16.692238 -0.353919
-1.815990 16.666025 -0.290187
-1.864652 16.725578 -0.180589
-1.996919 16.849634 0.124622
-1.953356 16.853321 -0.010965
-2.165937 17.014624 0.485889
-1.924653 16.855005 -0.082670
-2.145935 17.061422 0.399544
-1.909078 16.815744 -0.023403
-1.774884 16.659513 -0.425032
-2.104574 17.000570 0.359164
-1.919246 16.853676 -0.060129
-1.919470 16.792336 0.006886
-1.803550 16.742199 -0.342629
-2.153769 17.069578 0.437028
-2.080708 17.030190 0.281346
-2.148505 17.034184 0.499629
-1.807751 16.772379 -0.334296
-1.783504 16.774164 -0.377860
-1.811842 16.746988 -0.308610
-1.998150 16.932657 0.111173
-1.887518 16.833929 -0.214486
-2.168237 17.103403 0.484768
-1.948273 16.940174 -0.027827
-2.160101 17.168188 0.390861
-1.926867 16.924118 -0.048172
-2.102945 17.087658 0.351139
-1.944597 16.903696 -0.016431
-1.931953 16.960350 -0.108670
-1.911168 16.936733 -0.075365
-1.801612 16.831108 -0.368604
-2.164979 17.171610 0.430326
-2.164069 17.129591 0.494811
-2.082133 17.128918 0.269745
-1.798151 16.873121 -0.455474
-1.830963 16.892786 -0.378873
-1.805009 16.894924 -0.424157
-1.827968 16.852877 -0.339788
-2.016694 17.037783 0.091987
-1.885036 16.919353 -0.235383
-2.182043 17.207821 0.484116
-1.780304 16.843216 -0.487935
-1.963090 17.053516 -0.053267
-1.941818 16.990713 -0.027402
-2.160347 17.265743 0.384859
-2.115408 17.194773 0.340742
-1.933106 17.025484 -0.067518
-1.927351 17.052347 -0.103448
-1.937696 17.068090 -0.133785
-2.177548 17.230814 0.488607
-2.171597 17.273186 0.425784
-1.804547 16.932384 -0.399227
-2.086216 17.235958 0.257203
-1.792266 16.971951 -0.485962
-1.822981 16.984747 -0.404597
-1.822959 16.941759 -0.359794
-1.792694 16.983789 -0.449111
-2.021649 17.134977 0.075992
-1.878849 17.005169 -0.254833
-2.196438 17.316654 0.483789
-1.952618 17.095348 -0.044211
-1.972945 17.166058 -0.077411
-2.162071 17.368557 0.378469
-1.940336 17.134579 -0.089172
-2.124011 17.306023 0.330385
-1.933684 17.164507 -0.128237
-1.937960 17.174538 -0.156026
-2.180220 17.323807 0.484512
-2.174803 17.377365 0.422851
-1.809029 17.040945 -0.433381
-2.093328 17.351650 0.244585
-1.799580 17.091959 -0.526998
-1.825938 17.043983 -0.385016
-1.824723 17.092663 -0.437315
-2.023787 17.233397 0.060731
-1.787840 17.089409 -0.481553
-1.884162 17.108614 -0.282703
-2.205792 17.426567 0.484056
-1.958708 17.202345 -0.059914
-1.970070 17.268539 -0.095579
-1.942641 17.241938 -0.109177
-2.166745 17.481897 0.371298
-2.129876 17.416615 0.321468
-2.189734 17.428057 0.481145
-1.935425 17.276211 -0.150865
-1.941204 17.294481 -0.182542
-2.180668 17.489853 0.418978
-1.804479 17.144863 -0.461812
-2.105537 17.479881 0.230626
-1.827877 17.149105 -0.410930
-1.795306 17.205900 -0.562965
-2.026554 17.335295 0.046147
-1.818838 17.197269 -0.466599
-1.886063 17.214663 -0.308966
-1.794369 17.215464 -0.523470
-2.210594 17.535088 0.486835
-1.961982 17.310560 -0.074883
-1.969405 17.380867 -0.116256
-2.195134 17.533289 0.478011
-1.944532 17.355688 -0.129200
-1.932088 17.389931 -0.173252
-1.942854 17.417759 -0.208524
-1.808609 17.267645 -0.497931
-2.034936 17.450235 0.028644
-1.834982 17.268801 -0.441329
-1.885187 17.320995 -0.334141
-1.827177 17.329855 -0.508391
-1.966949 17.428125 -0.090782
-1.805075 17.388052 -0.530967
-1.828840 17.377945 -0.464178
-1.891217 17.444511 -0.365580
-1.821899 17.451544 -0.543495
-2.126806 16.680033 0.495093
-2.107305 16.685522 0.473766
-2.128610 16.752792 0.492121
-2.115086 16.761908 0.465686
-1.970953 16.645399 0.117676
-2.156321 16.850271 0.484712
-2.139503 16.856398 0.456223
-1.936399 16.688019 0.029976
-1.975103 16.722418 0.102857
-2.160013 16.930485 0.481579
-1.855691 16.676182 -0.213255
-2.133908 16.928141 0.451101
-1.827973 16.666195 -0.281687
-1.979533 16.803522 0.087529
-1.936277 16.766850 0.017486
-2.183187 17.034277 0.477218
-1.857388 16.758753 -0.236029
-2.145848 17.018820 0.443891
-1.825121 16.746490 -0.301622
-1.991607 16.897408 0.068659
-1.935213 16.846720 0.005015
-2.188190 17.123312 0.474800
-2.152476 17.107485 0.437448
-1.821623 16.830978 -0.321705
-1.990453 16.981020 0.054815
-1.959274 16.957382 -0.018485
-2.201962 17.226114 0.471442
-1.872681 16.950220 -0.292087
-2.161881 17.204437 0.430126
-2.011727 17.092922 0.032057
-1.841031 16.943329 -0.357672
-1.961791 17.050121 -0.033914
-2.214245 17.330391 0.469333
-2.170169 17.303192 0.424920
-1.877760 17.053173 -0.320575
-2.014477 17.191614 0.015431
-1.834648 17.032824 -0.378387
-1.970506 17.155243 -0.050949
-2.218094 17.431709 0.468552
-2.179910 17.410950 0.417987
-1.877028 17.152674 -0.346378
-2.020554 17.298151 -0.003299
-1.840854 17.142572 -0.408777
-1.985544 17.273853 -0.072373
-2.188511 17.521450 0.412824
-1.877451 17.258024 -0.373740
-2.023369 17.403559 -0.019023
-1.844620 17.254845 -0.437903
-1.979115 17.371733 -0.084689
-1.886791 17.383120 -0.408989
-1.847641 17.375063 -0.468554
-2.149035 16.676949 0.592809
-2.113876 16.652235 0.533360
-2.140193 16.741190 0.587968
-2.112934 16.719847 0.528274
-2.006819 16.644432 0.230962
-2.120113 16.666788 0.560054
-2.128778 16.614706 0.576816
-2.135614 16.809023 0.521702
-2.172192 16.842772 0.579444
-2.031974 16.642960 0.294475
-2.013202 16.725866 0.216180
-2.142926 16.752193 0.554832
-2.128206 16.680567 0.575709
-1.955908 16.707230 0.060018
-2.130405 16.633173 0.591349
-2.050530 16.644331 0.351805
-2.153805 16.898912 0.514604
-2.032758 16.716217 0.284168
-2.179828 16.926783 0.574751
-2.028052 16.817909 0.200514
-2.140030 16.820763 0.552622
-1.876806 16.702185 -0.136530
-2.162179 16.775137 0.571230
-1.831640 16.676090 -0.264096
-2.076112 16.645151 0.413068
-1.953892 16.784769 0.047073
-1.956442 16.695650 0.082842
-2.121147 16.691992 0.592226
-2.053159 16.714344 0.344190
-2.154553 16.976603 0.510796
-2.057716 16.812677 0.268015
-2.186782 17.015932 0.569617
-2.159773 16.912888 0.548631
-2.033923 16.908377 0.187247
-1.897559 16.805050 -0.167095
-1.917613 16.642776 0.006670
-1.901302 16.710564 -0.069411
-2.153156 16.838982 0.571285
-2.080124 16.713488 0.406608
-1.819695 16.749601 -0.281426
-1.962665 16.689798 0.091590
-1.971390 16.882328 0.025804
-1.960137 16.775509 0.069895
-2.169530 16.801525 0.589478
-2.075568 16.805464 0.331211
-2.158128 17.060699 0.506784
-2.056412 16.890657 0.259234
-2.199187 17.111912 0.565230
-1.945776 16.656654 0.065350
-1.833738 16.723225 -0.253474
-2.164430 16.992163 0.545918
-2.037565 16.998724 0.173885
-1.920673 16.720301 -0.009766
-2.114345 16.809561 0.394474
-1.924750 16.811968 -0.098348
-1.967177 16.692005 0.099253
-1.780283 16.695538 -0.384769
-2.175888 16.932800 0.568769
-1.887002 16.885504 -0.183012
-1.961934 16.765480 0.082237
-1.850070 16.867506 -0.324374
-1.976918 16.973597 0.008902
-1.980620 16.874769 0.050100
-2.167334 16.870544 0.591429
-2.076592 16.880720 0.323534
-1.838906 16.694923 -0.235849
-2.170133 17.156353 0.501541
-2.070552 16.985748 0.246242
-1.949331 16.731668 0.050792
-2.210937 17.212090 0.560742
-1.858050 16.831511 -0.290029
-2.170469 17.078392 0.544626
-2.104650 16.872007 0.390712
-1.945407 16.819841 -0.035105
-2.047406 17.100517 0.159207
-1.964710 16.765072 0.091683
-1.911672 16.886139 -0.110749
-2.182421 17.016527 0.569347
-1.837876 16.666702 -0.240995
-1.845645 16.673912 -0.221689
-1.888147 16.979776 -0.205988
-1.990257 16.869999 0.061524
-1.804658 16.718382 -0.321857
-1.844318 16.955475 -0.346471
-1.976578 16.955151 0.039358
-2.182168 16.957970 0.592620
-1.986940 17.075771 -0.010652
-2.086969 16.967422 0.314256
-1.840999 16.776518 -0.255681
-2.177948 17.252855 0.499079
-2.074137 17.074951 0.235667
-1.964927 16.819691 0.032807
-2.212134 17.306379 0.558670
-2.180286 17.169970 0.543087
-2.116476 16.955147 0.383263
-1.845388 16.908081 -0.304677
-1.936830 16.893276 -0.046973
-1.992974 16.868456 0.073751
-1.836262 16.741045 -0.259896
-2.191816 17.105713 0.570061
-1.920730 16.983774 -0.133970
-2.055713 17.205666 0.145149
-1.841973 16.749037 -0.235284
-1.787868 16.880009 -0.445582
-1.824802 16.820980 -0.359012
-1.985761 16.948923 0.052702
-1.897689 17.089561 -0.233976
-1.839289 17.048988 -0.370967
-2.182213 17.035709 0.594942
-1.991460 17.057863 0.020858
-1.993295 17.178362 -0.028670
-2.085478 17.048027 0.306912
-1.850240 16.871531 -0.280329
-2.186000 17.354385 0.495797
-1.963867 16.896164 0.019833
-2.077467 17.168671 0.225853
-2.123322 17.038494 0.376870
-2.182961 17.259758 0.543185
-2.226297 17.419163 0.556505
-1.852202 17.008629 -0.331440
-1.941602 16.982954 -0.065242
-1.845370 16.831207 -0.286155
-1.991468 16.949076 0.066410
-2.189536 17.186157 0.571283
-1.872267 16.860706 -0.268874
-1.922153 17.079107 -0.153974
-1.785682 16.973398 -0.473662
-2.001503 17.050394 0.036601
-2.060287 17.313116 0.131953
-1.814036 16.898468 -0.377196
-1.905662 17.203640 -0.261681
-1.844132 17.156525 -0.401761
-2.001725 17.162043 0.003940
-1.996280 17.284527 -0.045303
-2.096784 17.143225 0.297526
-1.852798 16.963184 -0.301803
-2.189106 17.455173 0.493912
-1.973468 16.987318 0.002280
-2.086640 17.272562 0.214199
-2.129189 17.123825 0.370191
-2.196961 17.365620 0.542527
-1.857085 17.112206 -0.358443
-1.955723 17.087093 -0.088567
-2.001575 17.043320 0.054447
-1.845072 16.917397 -0.307757
-2.207574 17.289841 0.573069
-1.858732 16.933413 -0.279340
-1.933776 17.190676 -0.180090
-1.818418 16.995947 -0.406335
-2.006528 17.147675 0.024680
-1.785955 17.074942 -0.505918
-2.066377 17.426746 0.118079
-2.008652 17.268850 -0.011257
-1.899574 17.307549 -0.283752
-1.846421 17.270355 -0.432564
-2.108720 17.243771 0.288179
-2.000417 17.395603 -0.063137
-1.864243 17.070864 -0.329869
-1.979040 17.077625 -0.014261
-2.146969 17.222908 0.362187
-2.088670 17.374662 0.204184
-1.950111 17.174780 -0.102464
-1.859086 17.219870 -0.385640
-1.849498 17.010904 -0.333103
-2.013526 17.145962 0.041987
-2.209906 17.383951 0.576371
-1.871135 17.037022 -0.303997
-1.933865 17.295330 -0.200630
-2.017003 17.254805 0.010059
-1.813427 17.088509 -0.430479
-1.791215 17.187895 -0.542408
-2.071263 17.545938 0.105012
-2.015848 17.379738 -0.026935
-2.108854 17.336330 0.281444
-1.849367 17.391605 -0.466440
-1.902247 17.428225 -0.310309
-2.008069 17.519571 -0.083916
-1.863334 17.168909 -0.350964
-1.982224 17.169510 -0.029124
-2.147668 17.311073 0.357999
-2.102813 17.496494 0.191682
-1.957684 17.283421 -0.124448
-1.848125 17.101892 -0.355995
-1.863453 17.335491 -0.414573
-2.023614 17.249744 0.029962
-1.878953 17.141155 -0.326735
-2.021647 17.360355 -0.002444
-1.820863 17.200432 -0.464092
-1.931105 17.403128 -0.221026
-2.015016 17.487999 -0.040252
-1.986495 17.268202 -0.045866
-1.862560 17.274811 -0.373890
-2.154211 17.409410 0.351972
-1.854720 17.209011 -0.385096
-1.961100 17.391966 -0.143314
-2.026953 17.352062 0.020437
-1.881791 17.245491 -0.348413
-1.816796 17.304502 -0.491790
-1.930712 17.518883 -0.243157
-1.991428 17.371300 -0.062229
-2.157121 17.507225 0.347818
-1.875493 17.401222 -0.406145
-1.852863 17.311108 -0.409582
-1.964357 17.505209 -0.163859
-2.039846 17.471794 0.008144
-1.881291 17.352457 -0.368367
-1.819420 17.423536 -0.525835
-1.998661 17.484243 -0.081004
-1.857696 17.428169 -0.440416
-1.884077 17.467272 -0.390439
-2.067744 16.628376 0.512231
-2.069381 16.696445 0.505197
-2.091360 16.624695 0.576047
-1.965954 16.641315 0.228506
-2.086487 16.685865 0.571020
-1.971222 16.714764 0.215482
-1.846458 16.636122 -0.098492
-1.937305 16.725668 0.143580
-2.090441 16.858366 0.487393
-1.971424 16.642504 0.244373
-1.962116 16.657335 0.217722
-1.968442 16.785601 0.204767
-1.815863 16.680412 -0.187606
-1.848346 16.712429 -0.117989
-1.961234 16.821064 0.122077
-1.977512 16.715630 0.233409
-2.097741 16.940153 0.479631
-2.117763 16.845337 0.557556
-1.839306 16.622875 -0.104025
-1.997031 16.884140 0.185762
-1.966472 16.730877 0.205072
-1.972970 16.640421 0.251626
-1.819870 16.764557 -0.212129
-1.981163 16.665134 0.272451
-1.949896 16.892748 0.111443
-1.974651 16.785318 0.225452
-1.849192 16.689774 -0.093620
-2.101302 17.024263 0.472698
-2.127736 16.925657 0.551421
-1.840829 16.697914 -0.124067
-1.993411 16.827015 0.185385
-1.988674 16.957502 0.176614
-1.980761 16.714069 0.241995
-1.744790 16.647682 -0.368880
-1.822008 16.849846 -0.236249
-1.983786 16.735117 0.261883
-1.860482 16.884289 -0.163309
-1.859658 16.642307 -0.049525
-2.003723 16.670174 0.331209
-1.976858 16.648199 0.256507
-1.958967 16.985029 0.094331
-2.006197 16.886486 0.207591
-1.854065 16.767742 -0.111653
-2.107765 17.112869 0.466236
-2.128000 17.000959 0.546899
-1.850611 16.666149 -0.080770
-2.146748 16.911963 0.617489
-1.974818 16.886225 0.179147
-2.000753 17.050512 0.161324
-1.980129 16.783852 0.234128
-2.010333 16.826958 0.245096
-1.822588 16.939434 -0.260109
-1.854900 16.965204 -0.181173
-1.861125 16.715258 -0.066476
-2.003329 16.735445 0.322577
-1.983228 16.721439 0.248818
-1.993043 16.953461 0.201799
-1.968286 17.082336 0.076387
-1.871502 16.864122 -0.138731
-2.120896 17.212269 0.459689
-2.134989 17.085167 0.542964
-1.852754 16.743509 -0.097340
-2.150606 16.985683 0.614217
-1.845631 16.860128 -0.166012
-1.983494 16.974216 0.164937
-2.010380 17.146992 0.147008
-1.757705 16.678579 -0.338388
-2.009391 16.882832 0.219256
-1.854816 16.654791 -0.072531
-1.750642 16.683867 -0.364914
-2.000911 16.891607 0.238458
-1.858346 17.060242 -0.204899
-1.827902 17.037271 -0.288035
-2.032943 16.826130 0.308278
-1.979028 16.787878 0.243790
-2.008135 17.047205 0.188322
-1.861574 16.937088 -0.151702
-1.973869 17.181955 0.059264
-1.883247 16.728382 -0.005867
-2.121355 17.304026 0.453587
-2.143145 17.174297 0.537820
-1.866267 16.831306 -0.118326
-1.848910 16.947302 -0.187918
-1.994230 17.067959 0.148802
-2.015014 17.243689 0.133699
-2.006668 16.957336 0.212876
-1.751296 16.751165 -0.358606
-1.758769 16.649456 -0.340755
-1.855651 16.727961 -0.085819
-1.747694 16.759586 -0.385550
-2.004451 16.971010 0.227414
-1.754878 16.906296 -0.454456
-1.871244 16.875469 -0.105514
-2.021423 16.885962 0.303198
-1.863852 17.161020 -0.230552
-2.005641 16.883406 0.231376
-2.013357 17.137625 0.178223
-1.862848 17.026163 -0.171099
-1.913640 16.825989 -0.033527
-1.978782 17.286705 0.041683
-2.147675 17.261961 0.534838
-1.868131 16.914103 -0.134505
-2.130101 17.409933 0.447739
-1.849872 17.037191 -0.210957
-1.989912 17.151672 0.138556
-1.756351 16.720772 -0.358859
-2.018142 17.342794 0.121317
-1.770904 16.851839 -0.397570
-2.008571 17.039906 0.204872
-1.860778 16.806980 -0.100923
-1.763186 16.858290 -0.420756
-2.011755 17.056694 0.215795
-2.033328 16.967131 0.293474
-1.870115 16.956581 -0.123200
-1.872619 17.271528 -0.258988
-1.790182 16.785311 -0.302962
-1.833011 17.247080 -0.345516
-2.008049 16.962523 0.225577
-2.018462 17.231806 0.166764
-1.892888 16.883162 -0.039244
-1.868357 17.122971 -0.192985
-1.982245 17.391970 0.025696
-2.171048 17.233801 0.607684
-2.151561 17.353823 0.531737
-1.867733 16.997730 -0.151146
-1.856662 17.139120 -0.236479
-1.762571 16.805893 -0.383685
-2.027288 17.140675 0.192906
-1.999755 17.254114 0.123043
-1.761624 16.928497 -0.418033
-1.877662 16.900738 -0.123358
-2.023138 17.450285 0.108440
-2.022796 17.149599 0.203264
-1.755556 16.937357 -0.440545
-2.036359 17.046013 0.283979
-1.751756 17.091387 -0.511835
-1.877180 17.049088 -0.145366
-1.791152 16.865622 -0.325957
-1.865834 17.371490 -0.279966
-2.019098 17.051466 0.216833
-2.025885 17.332802 0.156343
-1.896607 16.964792 -0.055869
-1.870159 17.221144 -0.213717
-1.876755 17.095793 -0.172788
-2.158988 17.455549 0.529154
-1.859015 17.239885 -0.261902
-1.766369 16.893534 -0.407204
-1.874538 16.979774 -0.134760
-2.025757 17.228701 0.185561
-2.005525 17.356659 0.108157
-1.758805 17.016966 -0.444659
-2.017968 17.232790 0.194561
-1.763664 17.037840 -0.473103
-2.045751 17.132532 0.274542
-1.870503 17.131773 -0.161159
-1.789755 16.946564 -0.346973
-2.028084 17.144201 0.209924
-1.907206 17.057610 -0.077458
-2.034781 17.441862 0.144565
-1.873045 17.327063 -0.236671
-1.882097 17.194277 -0.192939
-1.762586 16.976051 -0.426569
-1.878322 17.069054 -0.150791
-1.858945 17.343166 -0.286024
-2.029302 17.323208 0.178121
-1.760721 17.113680 -0.475353
-2.014475 17.467793 0.093259
-2.026466 17.331982 0.181975
-2.044572 17.212255 0.267764
-1.751771 17.119629 -0.490853
-1.885063 17.241743 -0.188599
-1.788688 17.033674 -0.371597
-2.030485 17.232847 0.204015
-1.908442 17.143635 -0.093465
-1.884123 17.294445 -0.211074
-1.769720 17.074549 -0.455666
-1.890243 17.171610 -0.171975
-2.042101 17.433840 0.167444
-2.052312 17.305902 0.257560
-2.033793 17.435795 0.170506
-1.884961 17.342009 -0.209291
-1.786117 17.123199 -0.395295
-2.040415 17.334068 0.196971
-1.908225 17.234165 -0.111651
-1.887268 17.401415 -0.231085
-1.770875 17.172230 -0.480593
-1.897100 17.273245 -0.189366
-2.060728 17.403950 0.247738
-1.796625 17.231621 -0.429604
-2.045417 17.433607 0.191624
-1.913010 17.334002 -0.130920
-1.891582 17.367352 -0.203003
-1.793314 17.329082 -0.454768
-1.915899 17.435928 -0.150126
-1.898915 17.479967 -0.222397
-2.189146 17.365910 0.547526
-2.171992 17.365139 0.450489
-2.026899 17.320147 0.075619
-1.779602 17.124453 -0.539996
-1.890577 17.402542 -0.293932
-1.890170 17.230297 -0.259735
-1.875630 17.227240 -0.325397
-2.007125 17.373085 0.010105
-2.029828 17.409006 0.060322
-1.889564 17.318001 -0.283469
-1.863460 17.306606 -0.345295
-2.034393 17.502140 0.044945
-1.885654 17.406549 -0.304871
-1.858743 17.396355 -0.369134
-2.119174 16.627220 0.532539
-2.124469 16.683390 0.527057
-1.984516 16.587931 0.208318
-2.127929 16.739803 0.522340
-2.033245 16.659803 0.307462
-2.148395 16.641813 0.592895
-2.121289 16.619431 0.532346
-1.985030 16.643759 0.199358
-2.191419 16.819893 0.625430
-2.036530 16.714302 0.297718
-2.148602 16.693550 0.584493
-2.128931 16.674887 0.524872
-2.136149 16.801403 0.516899
-1.993052 16.704390 0.188533
-2.203725 16.880362 0.619681
-1.987455 16.588383 0.212745
-2.066348 16.785860 0.280641
-1.872890 16.633980 -0.090662
-2.148289 16.745739 0.577331
-2.120554 16.616669 0.531534
-2.155268 16.870750 0.511544
-2.129755 16.730894 0.519210
-2.127218 16.624035 0.547795
-1.912460 16.673923 0.009911
-2.005053 16.636831 0.262992
-2.209393 16.937767 0.614717
-1.984976 16.758194 0.183214
-1.984975 16.641590 0.202695
-1.818351 16.626421 -0.227165
-2.047391 16.830954 0.275600
-2.164217 16.807592 0.569350
-1.873002 16.693377 -0.104322
-1.778777 16.614811 -0.321142
-2.129303 16.784807 0.513787
-2.119840 16.668535 0.523516
-2.171636 16.940468 0.507334
-1.919865 16.734179 -0.007499
-2.129192 16.678343 0.537572
-2.013707 16.696217 0.248844
-2.214101 16.997175 0.609430
-2.023891 16.840723 0.163481
-1.993510 16.701763 0.190639
-1.814688 16.681587 -0.243271
-1.988039 16.594345 0.214966
-2.052302 16.889725 0.265784
-2.180881 16.872921 0.562021
-1.869509 16.750450 -0.115393
-1.936927 16.803068 -0.028096
-1.780367 16.675648 -0.339562
-2.172138 17.001781 0.504453
-2.122095 16.723959 0.516241
-2.152022 16.856474 0.505849
-2.137282 16.736158 0.527808
-1.994079 16.620522 0.218396
-1.891618 16.648067 -0.036883
-2.004967 16.747631 0.240083
-2.212192 17.052582 0.605283
-1.872405 16.645800 -0.090188
-2.007740 16.892046 0.160569
-1.818070 16.744041 -0.263157
-1.989951 16.757753 0.182360
-1.988284 16.648111 0.203424
-2.054915 16.951233 0.254816
-2.185661 16.933428 0.553937
-1.923711 16.854307 -0.037032
-2.123231 16.662125 0.512824
-1.902474 16.834608 -0.144670
-1.777415 16.735229 -0.355366
-2.116416 16.775175 0.509634
-2.155789 16.916960 0.500589
-2.218986 16.970915 0.645517
-2.169468 17.064077 0.501509
-2.152744 16.800505 0.517914
-1.892761 16.706547 -0.053009
-1.986750 16.672298 0.207664
-2.032482 16.821928 0.221858
-2.216738 17.114643 0.601387
-2.107673 16.666212 0.484603
-1.873926 16.705549 -0.105812
-2.011466 16.958305 0.150753
-1.831721 16.814819 -0.289906
-2.019117 16.835403 0.164405
-1.786358 16.649057 -0.287481
-1.778718 16.642639 -0.335246
-2.066732 17.019011 0.242960
-1.872985 16.604944 -0.078049
-1.993288 16.707062 0.191159
-1.988728 16.594952 0.208680
-2.189027 16.993572 0.547827
-1.929054 16.920279 -0.053346
-1.884575 16.886328 -0.149255
-2.212065 16.901098 0.638437
-1.878253 16.623981 -0.082028
-2.123387 16.715740 0.503725
-2.156427 16.854656 0.498761
-2.174839 16.989109 0.494186
-2.179393 17.135595 0.499627
-2.157101 16.861633 0.508619
-2.025033 16.874470 0.213228
-1.884063 16.759983 -0.064911
-2.223831 17.180864 0.597029
-2.002445 16.738979 0.189738
-2.117508 16.727541 0.472665
-1.869608 16.762901 -0.118941
-2.030927 17.038586 0.137499
-1.815799 16.868464 -0.300842
-2.009654 16.891809 0.157565
-2.060776 17.077555 0.235989
-1.788514 16.711464 -0.310281
-1.774047 16.701693 -0.352378
-1.867394 16.660225 -0.090949
-1.989820 16.763205 0.180440
-1.986716 16.649584 0.196694
-2.182206 17.050375 0.541936
-1.927262 16.982708 -0.067284
-2.204197 16.827772 0.624964
-2.113397 16.764130 0.495553
-2.205310 16.955093 0.633601
-1.884414 16.953056 -0.163279
-2.144866 16.905344 0.493947
-1.785629 16.871922 -0.398033
-1.873651 16.680225 -0.098105
-2.166983 17.046827 0.490765
-2.186146 17.208092 0.497683
-2.230406 17.247534 0.593911
-2.031602 16.940504 0.199829
-2.165322 16.927128 0.499337
-1.907322 16.837381 -0.091701
-2.015408 16.805086 0.173313
-1.969775 16.655628 0.156665
-1.774569 16.612949 -0.327543
-2.128574 16.792828 0.459790
-1.889620 16.840197 -0.142999
-2.032656 17.107748 0.129838
-1.769723 16.620300 -0.336304
-1.819026 16.937468 -0.323186
-2.065352 17.146481 0.224744
-2.010785 16.955782 0.147514
-1.784336 16.770990 -0.328996
-1.771542 16.763636 -0.370472
-1.872513 16.722288 -0.109152
-2.020773 16.842484 0.161020
-2.189792 17.117086 0.535990
-1.940480 17.059584 -0.089166
-1.991812 16.708687 0.181989
-2.205490 16.885185 0.617374
-2.161811 16.849237 0.482077
-1.896574 17.031790 -0.183045
-2.163111 16.976835 0.485837
-1.782921 16.938385 -0.415441
-2.225540 17.307842 0.591600
-1.880139 16.744520 -0.118983
-2.172197 17.115192 0.486462
-2.187176 17.277401 0.496146
-1.870631 16.618187 -0.087788
-2.048249 17.014559 0.184453
-1.900725 16.896521 -0.105621
-2.157698 16.983276 0.491736
-2.005659 16.860374 0.163532
-1.969508 16.713760 0.142509
-1.761911 16.665779 -0.340861
-1.881609 16.898979 -0.154948
-2.030833 17.176620 0.121616
-2.124553 16.851309 0.449600
-1.764764 16.678238 -0.356378
-1.818583 17.006971 -0.344003
-2.067597 17.215170 0.215855
-2.028145 17.034258 0.132434
-1.796177 16.844990 -0.358479
-1.790070 16.842714 -0.403886
-2.008336 16.895327 0.153445
-1.871752 16.783833 -0.125566
-2.196838 17.185188 0.530931
-1.941569 17.129311 -0.103766
-1.986150 16.762869 0.171890
-2.213278 16.947374 0.610745
-2.143348 16.894810 0.475458
-1.846280 16.650490 -0.146195
-1.898514 17.104212 -0.199085
-1.788627 17.014360 -0.439304
-2.163680 17.039234 0.480170
-2.183487 17.188936 0.481912
-2.197632 17.356915 0.495604
-1.890942 16.815542 -0.142145
-2.042720 17.076405 0.174837
-1.867322 16.675577 -0.103741
-1.899382 16.961315 -0.121851
-2.162249 17.049259 0.483988
-2.008695 16.925190 0.149923
-2.009947 16.799788 0.114863
-1.765808 16.731691 -0.365830
-1.890818 16.973225 -0.175101
-2.035465 17.252138 0.113649
-1.826997 17.084435 -0.369711
-2.069798 17.285728 0.206265
-2.133622 16.919498 0.438880
-1.764616 16.743385 -0.380324
-2.032157 17.105528 0.121721
-1.792288 16.909527 -0.378096
-1.775372 16.900318 -0.415752
-2.011234 16.961866 0.141575
-1.890958 16.860462 -0.151328
-2.198099 17.252920 0.525217
-1.940001 17.199558 -0.119661
-2.210500 17.004950 0.603834
-2.032707 16.852398 0.144701
-1.765482 16.639608 -0.349839
-1.902084 17.180914 -0.215205
-1.791601 17.089766 -0.461664
-2.164276 16.968744 0.465148
-2.162013 17.101547 0.474416
-1.847022 16.712553 -0.167023
-2.181902 17.256901 0.479784
-2.198858 17.431082 0.495609
-2.039738 17.142410 0.164760
-1.878084 16.872904 -0.154779
-1.921451 17.046169 -0.148628
-1.868886 16.737358 -0.122505
-2.171557 17.120417 0.475517
-2.018259 16.997747 0.133770
-1.981982 16.847395 0.108405
-1.894547 17.047281 -0.192610
-2.036902 17.329576 0.105268
-2.072333 17.359426 0.196475
-1.824673 17.156046 -0.390460
-1.789543 16.826431 -0.420612
-2.139139 16.987396 0.427599
-2.029056 17.172316 0.113738
-1.789227 16.977686 -0.399502
-1.946257 17.278683 -0.137978
-2.197926 17.321230 0.521124
-1.784771 16.978764 -0.444640
-2.024703 17.036909 0.126140
-1.879794 16.919292 -0.162983
-2.208478 17.065060 0.597930
-2.001720 16.894403 0.140657
-1.897107 17.253721 -0.226979
-2.158343 17.026361 0.458531
-1.785091 17.162342 -0.479652
-1.763183 16.700926 -0.372463
-2.173795 17.175774 0.468281
-2.189880 17.333340 0.476916
-2.044600 17.216356 0.152615
-1.863707 16.788002 -0.195824
-1.883003 16.943392 -0.176145
-1.911496 17.109877 -0.161567
-1.874408 16.803654 -0.143700
-2.176797 17.191742 0.467721
-2.023258 17.069990 0.119881
-1.776553 16.871891 -0.419219
-2.076520 17.436464 0.186959
-2.041307 17.410557 0.097636
-1.896039 17.121250 -0.210205
-1.825326 17.235111 -0.414317
-1.983654 16.913891 0.093620
-1.770913 16.882486 -0.433542
-2.039035 17.253649 0.101016
-2.143199 17.056808 0.417587
-1.800394 17.058681 -0.430204
-1.942250 17.353380 -0.153278
-2.202869 17.396923 0.516458
-2.030502 17.109804 0.113963
-1.784212 17.052956 -0.467211
-1.882362 16.990488 -0.182348
-2.218629 17.135002 0.591878
-2.000727 16.957512 0.128432
-1.787395 17.244757 -0.503238
-1.900902 17.338245 -0.245058
-2.162866 17.093277 0.450437
-2.178916 17.247879 0.462579
-2.196875 17.412716 0.473374
-2.046310 17.290340 0.140763
-1.908563 17.181805 -0.178637
-1.856216 16.850245 -0.212859
-1.884253 17.014380 -0.195982
-1.883349 16.875860 -0.166445
-2.177095 17.261480 0.461687
-2.030024 17.144783 0.104176
-1.777069 16.943306 -0.443559
-1.819646 17.311298 -0.434089
-2.045983 17.497492 0.088745
-1.900034 17.201250 -0.228967
-1.994538 16.990566 0.074088
-1.769733 16.952425 -0.458855
-2.032600 17.324076 0.094362
-1.942601 17.432913 -0.170151
-2.145424 17.126463 0.408343
-1.795366 17.132710 -0.452956
-2.209484 17.475018 0.512420
-2.028745 17.179766 0.102955
-1.777794 17.125690 -0.487639
-1.894163 17.070915 -0.206105
-2.223438 17.203026 0.586733
-2.018151 17.037079 0.110565
-1.903640 17.424612 -0.261012
-2.162046 17.158274 0.443251
-2.182582 17.321499 0.458146
-2.200624 17.491980 0.472570
-2.047459 17.366652 0.129446
-1.782587 16.848148 -0.436135
-1.914843 17.263901 -0.200451
-1.893398 17.095335 -0.221038
-1.851765 16.917130 -0.231944
-2.179917 17.336317 0.454839
-1.873550 16.936924 -0.180770
-2.029119 17.217432 0.091730
-1.815668 17.392853 -0.456735
-1.776601 17.017658 -0.468571
-1.895105 17.276085 -0.243883
-2.003070 17.067940 0.056560
-1.765262 17.024132 -0.482138
-2.037432 17.408360 0.084087
-1.796982 17.213678 -0.480338
-2.145770 17.198242 0.399160
-1.777523 17.204885 -0.511109
-2.024637 17.250431 0.093950
-1.895207 17.146429 -0.225254
-2.218481 17.267101 0.583016
-2.020017 17.108425 0.097326
-2.189174 17.400545 0.453754
-2.166722 17.231932 0.435991
-2.051533 17.448387 0.118171
-1.772030 16.910576 -0.455313
-1.909470 17.340275 -0.216924
-1.890912 17.169624 -0.240398
-2.180883 17.412334 0.448406
-1.889066 17.018887 -0.209200
-1.867732 17.001457 -0.262670
-2.034719 17.298756 0.076389
-1.774771 17.093670 -0.494757
-1.897556 17.361343 -0.262781
-2.000045 17.139734 0.041931
-1.775089 17.109764 -0.517513
-2.044388 17.497398 0.072145
-2.155656 17.279438 0.388883
-2.031932 17.333223 0.079587
-1.892583 17.222439 -0.242874
-2.221768 17.339453 0.578085
-2.162211 17.298359 0.429987
-2.182154 17.470331 0.451138
-2.019625 17.180622 0.083646
-1.903157 17.417702 -0.233362
-1.771632 16.986025 -0.483120
-1.884757 17.244411 -0.258228
-2.176528 17.485495 0.443235
-1.889328 17.092808 -0.229704
-1.863548 17.074287 -0.283007
-2.027888 17.372753 0.065033
-1.777255 17.176399 -0.523224
-1.894189 17.443260 -0.278828
-1.767355 17.186193 -0.542260
-2.000839 17.217770 0.026610
-2.033768 17.414886 0.068222
-2.150478 17.352896 0.381645
-1.892060 17.304152 -0.262513
-2.185966 17.390846 0.420540
-2.019988 17.255348 0.070976
-1.769892 17.062195 -0.511746
-1.884285 17.328148 -0.281014
-1.879212 17.163088 -0.245100
-2.033639 17.460808 0.050531
-1.854798 17.146801 -0.301078
-2.002861 17.299751 0.010356
-2.033769 17.496790 0.057627
-1.891849 17.389936 -0.282703
-2.149140 17.431652 0.374068
-2.023749 17.336920 0.056406
-1.765777 17.140003 -0.538721
-1.882355 17.413393 -0.302529
-1.881509 17.245518 -0.268678
-1.856629 17.231722 -0.326569
-1.999940 17.380146 -0.004133
-2.128816 16.698997 0.511552
-1.993307 16.588589 0.215240
-2.119292 16.744604 0.504041
-2.000354 16.644037 0.202158
-2.062295 16.708445 0.336576
-2.134439 16.804245 0.496124
-2.011822 16.703362 0.187884
-2.068895 16.769114 0.328672
-2.153986 16.869635 0.486296
-2.002234 16.754604 0.178219
-1.974871 16.619188 0.158466
-2.108100 16.734188 0.452873
-2.065695 16.824965 0.322459
-2.045932 16.693970 0.341826
-1.952434 16.733271 0.009871
-2.146901 16.920179 0.480423
-2.007403 16.813116 0.164814
-1.990898 16.681593 0.140918
-2.113545 16.791973 0.443125
-2.077476 16.892044 0.314367
-2.070030 16.763397 0.328357
-1.943594 16.787996 0.000849
-2.151272 16.979815 0.472780
-1.901211 16.764177 -0.112787
-2.010718 16.872833 0.151792
-1.859714 16.740547 -0.267719
-2.114935 16.848082 0.434720
-1.986249 16.737190 0.128476
-2.089603 16.719172 0.406811
-2.083498 16.956909 0.306272
-2.069578 16.819780 0.320687
-2.045942 16.695705 0.341436
-1.946739 16.851337 -0.011169
-2.155102 17.040852 0.466009
-1.902029 16.823633 -0.129229
-1.960744 16.744286 0.007956
-1.816834 16.754736 -0.344558
-2.021987 16.937614 0.137829
-1.839643 16.789194 -0.272737
-1.950543 16.647394 0.104140
-2.119424 16.908802 0.424275
-1.986962 16.794645 0.115195
-2.091121 16.775425 0.395962
-2.091572 17.026388 0.298949
-2.077051 16.884052 0.310998
-2.075009 16.766668 0.326272
-1.952994 16.918346 -0.024865
-2.162432 17.105892 0.458416
-1.905026 16.887835 -0.147342
-1.812804 16.812794 -0.361735
-1.942505 16.793598 0.001843
-1.879272 16.737823 -0.163321
-2.033604 17.006475 0.123293
-1.929281 16.679543 0.031438
-1.838957 16.853947 -0.289377
-1.969265 16.715025 0.083341
-2.125984 16.972258 0.415322
-1.992095 16.855970 0.100724
-2.095210 16.836763 0.384300
-2.097791 17.097065 0.292012
-2.070952 16.706003 0.354283
-2.075114 16.943842 0.303857
-2.069330 16.820377 0.317372
-2.046133 16.692028 0.332576
-1.954263 16.984755 -0.037210
-2.162184 17.167120 0.452274
-1.847353 16.756212 -0.271292
-1.908909 16.954704 -0.166894
-1.815113 16.879272 -0.385080
-1.947606 16.857738 -0.013705
-1.880597 16.798691 -0.181702
-2.034501 17.070658 0.110816
-1.957376 16.754456 0.007025
-1.845041 16.923698 -0.309887
-1.968272 16.771952 0.068719
-2.128088 17.034639 0.406494
-1.999406 16.922041 0.084583
-2.102817 16.900230 0.372536
-2.095521 17.163124 0.287256
-2.085544 17.013517 0.294221
-2.075497 16.883514 0.307562
-2.068522 16.760927 0.317777
-2.067593 16.763680 0.341622
-2.167139 17.232883 0.446658
-1.970227 17.064051 -0.055450
-1.844074 16.817759 -0.287827
-1.914061 17.025515 -0.187388
-1.819599 16.950493 -0.410093
-2.033544 17.136042 0.098723
-1.880057 16.861700 -0.200058
-1.951234 16.924355 -0.028370
-1.940954 16.805374 -0.000536
-1.844700 16.992516 -0.327092
-1.964262 16.701593 0.027014
-1.970760 16.834764 0.052557
-2.139816 17.105438 0.396995
-2.007075 16.991251 0.068228
-1.933113 16.691399 0.020733
-2.101007 16.960154 0.362960
-2.098063 17.233385 0.282168
-2.090988 17.082590 0.285937
-2.077199 16.946516 0.297517
-2.169850 17.299513 0.440568
-2.064280 16.814972 0.306931
-2.077931 16.829571 0.327674
-1.972210 17.136732 -0.068220
-1.840770 16.881174 -0.305073
-1.918670 17.097719 -0.207007
-1.861288 16.771738 -0.230896
-2.028913 17.201023 0.088472
-1.822231 17.022911 -0.434721
-1.881696 16.929455 -0.220083
-1.963303 16.999317 -0.046636
-1.791727 16.851753 -0.441473
-1.860599 17.076553 -0.355306
-1.948772 16.872862 -0.018617
-2.138243 17.167406 0.390015
-1.839882 16.780851 -0.279438
-2.011990 17.059919 0.053346
-1.948488 16.753120 0.015425
-1.978958 16.903522 0.034975
-1.948275 16.759701 -0.001020
-2.098253 17.022079 0.353042
-2.104074 17.310459 0.275183
-2.169786 17.367479 0.435232
-2.090156 17.148985 0.279234
-2.078368 17.009977 0.288706
-2.072784 16.880186 0.294087
-1.972360 17.208735 -0.079885
-2.075318 16.890715 0.315666
-1.912049 17.163843 -0.222621
-1.839645 16.949331 -0.323988
-1.859043 16.834221 -0.250593
-2.034025 17.275482 0.074747
-1.823508 17.098871 -0.461267
-1.890093 17.003143 -0.244337
-1.796328 16.924053 -0.469281
-1.972598 17.075613 -0.064148
-1.861502 17.151171 -0.374161
-1.952005 16.939142 -0.034129
-2.139229 17.235392 0.381864
-1.838927 16.845409 -0.299362
-2.007476 17.125984 0.040294
-1.982699 16.971203 0.017521
-1.947429 16.815678 -0.001340
-1.942284 16.816967 -0.014643
-2.111778 17.096363 0.341377
-2.108632 17.388126 0.269800
-2.099467 17.224257 0.270277
-2.081726 17.077246 0.278586
-2.078143 16.944521 0.281858
-1.976879 17.289289 -0.094535
-1.836120 16.739735 -0.284771
-1.916982 17.241985 -0.243523
-1.847049 16.749304 -0.285320
-2.081557 16.958670 0.301632
-2.032881 17.345390 0.063323
-1.852950 17.030174 -0.352097
-1.860786 16.903994 -0.273773
-1.819701 17.171280 -0.482939
-1.890763 17.074762 -0.265415
-1.966642 17.141342 -0.075243
-1.794112 16.995083 -0.494641
-1.855597 17.223581 -0.390207
-2.141884 17.306711 0.373990
-1.953373 17.007561 -0.049615
-2.009583 17.198792 0.025096
-1.842890 16.916178 -0.322778
-1.984037 17.042433 0.000959
-1.948949 16.882378 -0.018557
-1.944734 16.882589 -0.031869
-2.113281 17.164829 0.331643
-2.102872 17.299061 0.263041
-2.090285 17.149048 0.268992
-2.067450 16.999495 0.273611
-1.975531 17.365625 -0.106026
-1.912917 17.314110 -0.260300
-2.035586 17.423382 0.050500
-1.836708 16.807520 -0.301981
-1.835271 16.806314 -0.307853
-1.856190 17.106873 -0.373987
-2.095208 17.033100 0.287527
-1.819521 17.247818 -0.507874
-1.864736 16.975691 -0.297542
-1.887769 17.145037 -0.284292
-1.969497 17.217627 -0.089799
-1.797713 17.074060 -0.524578
-1.855902 17.304268 -0.409974
-2.140473 17.377295 0.367099
-1.964093 17.085127 -0.069429
-2.011146 17.272993 0.010774
-1.841877 16.985403 -0.344482
-1.991634 17.117252 -0.017527
-1.955397 16.954351 -0.038906
-1.945340 16.948473 -0.048349
-2.110329 17.232222 0.322035
-2.102211 17.373125 0.256789
-2.095669 17.222790 0.258936
-2.089055 17.078993 0.258567
-1.913728 17.396187 -0.282004
-1.830904 16.870678 -0.322633
-1.850422 17.178488 -0.392112
-1.810165 17.322897 -0.528037
-1.836609 16.876699 -0.332244
-2.092766 17.101923 0.275969
-1.870854 17.053066 -0.323338
-1.890964 17.225468 -0.307607
-1.970488 17.296047 -0.104328
-1.789088 17.142265 -0.545903
-1.852522 17.385489 -0.428258
-2.008655 17.345518 -0.002206
-1.968926 17.160345 -0.086803
-1.851633 17.065983 -0.373186
-1.987983 17.187864 -0.032727
-1.960248 17.026917 -0.071579
-1.966222 17.033943 -0.061878
-2.121783 17.315048 0.310344
-2.096066 17.295925 0.250233
-2.082198 17.142988 0.248570
-1.807144 17.406382 -0.554362
-1.850459 17.258999 -0.415188
-1.830407 16.940397 -0.345933
-1.837541 16.947687 -0.357855
-2.089410 17.169943 0.265135
-1.871074 17.129047 -0.347065
-1.887901 17.301357 -0.328634
-1.968343 17.372667 -0.117892
-2.006500 17.423071 -0.016119
-1.966933 17.235250 -0.102091
-1.850933 17.142103 -0.396533
-1.986910 17.262630 -0.048379
-1.961167 17.099697 -0.089697
-2.122537 17.391336 0.301435
-2.099432 17.373550 0.241943
-1.964910 17.106663 -0.080115
-2.084965 17.215416 0.237910
-1.850859 17.342638 -0.438436
-1.846155 17.025343 -0.380201
-1.883369 17.379711 -0.348739
-1.841947 17.025488 -0.385326
-1.866324 17.203484 -0.369044
-2.091215 17.246244 0.253432
-1.968039 17.314749 -0.119385
-1.846563 17.217808 -0.418011
-1.987095 17.342260 -0.065301
-1.961155 17.173529 -0.107775
-1.966177 17.183508 -0.098779
-2.088089 17.290966 0.227059
-1.845744 17.426144 -0.459102
-1.840644 17.097254 -0.403178
-1.865951 17.285530 -0.393644
-1.844087 17.106026 -0.413983
-2.094298 17.325542 0.241150
-1.968603 17.395639 -0.135801
-1.845259 17.300926 -0.442598
-1.984516 17.422285 -0.081106
-1.957458 17.247892 -0.124368
-2.091581 17.368713 0.216357
-1.961539 17.259884 -0.115720
-1.837299 17.174843 -0.428178
-1.860592 17.366974 -0.416888
-1.838001 17.182148 -0.437158
-2.099027 17.410049 0.228432
-1.839369 17.382837 -0.464613
-1.961269 17.331671 -0.144547
-1.961288 17.342934 -0.134921
-1.833401 17.254765 -0.452660
-1.836812 17.266348 -0.464538
-1.955153 17.410503 -0.160591
-1.956050 17.425379 -0.152766
-1.829076 17.337149 -0.479064
-1.829725 17.349142 -0.489835
-1.824156 17.425617 -0.506383
-2.118588 16.935665 0.457275
-1.984159 16.823200 0.139193
-1.984608 16.827179 0.088699
-2.112974 16.953310 0.380047
-2.116606 16.993483 0.453980
-1.991773 16.885948 0.128491
-1.991602 16.887548 0.074518
-2.120454 16.926792 0.454291
-2.121013 17.013586 0.371223
-1.987567 16.825912 0.141625
-2.176474 16.823774 0.587490
-1.997148 16.948589 0.117661
-2.136939 17.066700 0.447441
-1.996358 16.947809 0.060212
-2.089704 16.937729 0.328342
-2.117989 17.069616 0.363221
-2.123380 16.987185 0.448930
-1.996595 16.889044 0.128951
-2.177087 16.880379 0.577681
-2.120174 16.925447 0.451752
-2.000650 17.012398 0.107209
-2.133967 17.126501 0.443782
-1.992542 17.005005 0.049778
-1.988614 16.833170 0.142214
-2.100770 17.002691 0.317503
-2.123265 17.130205 0.355476
-2.128516 17.048578 0.443298
-2.073454 16.922405 0.280231
-1.971184 16.923473 0.011451
-2.000276 16.951122 0.116747
-2.183802 16.940487 0.568363
-2.125458 16.986069 0.444030
-1.995399 17.068256 0.035151
-2.002702 17.077644 0.098013
-2.145695 17.198479 0.440412
-2.094260 17.057417 0.309232
-1.995066 16.894888 0.128896
-1.889176 16.992155 -0.190970
-2.133205 17.198812 0.346047
-1.880527 16.988190 -0.221551
-2.133979 17.113092 0.437485
-2.071842 16.980650 0.269571
-1.972765 16.985575 -0.003310
-2.004697 17.015703 0.105567
-1.987120 16.836426 0.135040
-2.188604 17.003639 0.558759
-2.125412 17.044706 0.437147
-2.010440 17.142542 0.017742
-2.158284 17.272213 0.435956
-2.017438 17.154428 0.084452
-2.101243 17.123392 0.298664
-2.055586 16.909554 0.227326
-2.002724 16.960577 0.114667
-2.128167 17.257650 0.340144
-1.892330 17.060387 -0.206481
-2.116362 16.973240 0.431252
-1.883036 17.054991 -0.240880
-2.136649 17.178888 0.432434
-2.070540 17.042042 0.258718
-1.974659 17.050816 -0.018264
-2.011240 17.084139 0.093095
-1.990972 16.896774 0.121081
-2.127907 17.106583 0.430180
-2.197206 17.072126 0.548865
-1.805341 17.030453 -0.444857
-1.959190 16.965811 -0.054496
-2.007770 17.206463 0.005329
-2.014879 17.220228 0.077090
-2.148857 17.333694 0.434527
-2.106356 17.190533 0.288482
-1.890645 17.011307 -0.198589
-2.131818 17.325336 0.331554
-2.002337 17.022755 0.103081
-2.046893 16.967184 0.215466
-1.900315 17.134001 -0.225101
-2.120836 17.034122 0.421443
-1.894874 17.130365 -0.266575
-2.149736 17.253126 0.426384
-2.073985 17.107706 0.247541
-1.982304 17.121326 -0.036703
-1.805897 17.087292 -0.479344
-2.010106 17.150335 0.083782
-1.859292 17.028063 -0.296345
-2.129816 17.170780 0.423739
-2.002229 16.964823 0.104297
-1.806461 17.100746 -0.466083
-2.006355 17.272463 -0.007310
-2.196979 17.136452 0.539891
-1.954473 17.027929 -0.068755
-2.150238 17.403938 0.432956
-2.018803 17.293839 0.067275
-2.100852 17.251860 0.280663
-1.895165 17.081797 -0.216770
-2.134015 17.393568 0.324554
-2.004124 17.086899 0.090892
-1.890962 17.197004 -0.282974
-1.904592 17.209007 -0.242585
-2.126012 17.098478 0.412301
-2.052639 17.035004 0.201273
-2.148320 17.319036 0.421932
-2.083938 17.180237 0.234256
-1.983190 17.189482 -0.052361
-1.807051 17.160566 -0.504065
-2.016032 17.222010 0.071467
-1.869777 17.105095 -0.323230
-2.137365 17.240076 0.416254
-2.001950 17.027168 0.090252
-1.808394 17.174675 -0.489088
-1.890160 17.034386 -0.206847
-2.003045 17.340569 -0.019911
-1.957663 17.098242 -0.087424
-2.200994 17.204544 0.532172
-2.019985 17.366840 0.058906
-2.106190 17.324959 0.269229
-1.795783 17.064793 -0.468339
-1.899605 17.155098 -0.236009
-2.012395 17.158852 0.076250
-1.890938 17.270082 -0.302452
-1.901240 17.279888 -0.256227
-2.131547 17.164087 0.403653
-2.064894 17.109690 0.184969
-2.154586 17.392794 0.417950
-1.926064 17.003485 -0.123005
-2.086323 17.250704 0.221686
-1.981679 17.259237 -0.066400
-1.801472 17.230539 -0.525663
-2.014808 17.291004 0.061072
-1.882013 16.985353 -0.204137
-1.870455 17.176020 -0.345689
-2.143432 17.310862 0.410014
-2.013852 17.100550 0.073421
-2.008423 17.417513 -0.035201
-1.804328 17.247841 -0.507940
-1.891663 17.104118 -0.226882
-1.955934 17.165962 -0.104067
-1.843437 17.072746 -0.375507
-2.200540 17.272440 0.524211
-2.021083 17.442656 0.049478
-2.112280 17.399633 0.259147
-1.804507 17.144056 -0.497634
-1.793810 17.036688 -0.472903
-1.900385 17.227901 -0.253426
-1.890883 17.344086 -0.322299
-1.897856 17.351696 -0.270237
-2.013882 17.229393 0.064042
-1.781894 17.133339 -0.565796
-2.140857 17.235977 0.394368
-2.062486 17.177755 0.172012
-1.926639 17.073360 -0.142662
-1.984633 17.333105 -0.084065
-2.089408 17.324635 0.209777
-2.019537 17.368250 0.049456
-1.862059 17.243378 -0.362694
-1.882761 17.053495 -0.225550
-2.139749 17.377607 0.405069
-2.016032 17.168941 0.058230
-1.898732 17.181770 -0.248999
-1.959769 17.241602 -0.122790
-1.840079 17.142853 -0.396994
-2.205222 17.344931 0.516784
-1.801953 17.218714 -0.521240
-1.795078 17.110132 -0.500089
-1.886753 17.418207 -0.341531
-1.894407 17.298351 -0.268066
-1.900879 17.434128 -0.287742
-2.015311 17.301802 0.051121
-2.135691 17.298592 0.387025
-1.816690 17.040277 -0.436823
-2.065693 17.251858 0.157662
-1.939531 17.153494 -0.167204
-1.977200 17.403202 -0.096762
-2.089752 17.397957 0.199313
-2.022394 17.446653 0.038220
-1.862048 17.320360 -0.386039
-1.894492 17.132626 -0.252678
-1.797790 17.402357 -0.549580
-2.009614 17.235210 0.046568
-1.894706 17.252163 -0.266832
-1.960448 17.317245 -0.141274
-1.843822 17.221428 -0.424961
-2.209681 17.421007 0.510392
-1.793948 17.185169 -0.525660
-1.896284 17.378868 -0.287811
-2.016178 17.375580 0.039064
-2.129410 17.363970 0.381438
-1.787015 17.077757 -0.513021
-1.819667 17.118200 -0.466501
-2.066107 17.327234 0.144066
-1.935422 17.226738 -0.186072
-1.890079 17.202694 -0.271376
-2.003189 17.301466 0.034881
-1.895853 17.330145 -0.287610
-1.955261 17.391359 -0.157705
-1.839409 17.296318 -0.447852
-2.015488 17.453674 0.027209
-2.131815 17.438192 0.373158
-1.785977 17.153902 -0.541391
-1.821190 17.196657 -0.494596
-2.070345 17.406994 0.130516
-1.934355 17.303707 -0.206616
-1.885559 17.276510 -0.291482
-2.007555 17.381365 0.018881
-1.890607 17.407040 -0.305100
-1.835760 17.376720 -0.473221
-1.931757 17.384043 -0.226616
-1.887107 17.358740 -0.315257
-1.827581 17.454857 -0.495707
-1.929101 17.466238 -0.247338
-1.881024 17.436842 -0.335195
-2.109388 16.656504 0.413107
-2.088053 16.652719 0.354313
-2.128953 16.650059 0.458326
-2.210904 16.790895 0.625631
-2.127539 16.706093 0.394085
-2.137675 16.640074 0.495592
-2.089160 16.696869 0.339889
-2.081688 16.645966 0.344727
-2.128731 16.694901 0.443029
-2.149266 16.632864 0.534042
-2.220618 16.838329 0.613259
-2.149822 16.686899 0.481301
-2.126306 16.752903 0.378429
-2.218472 16.793482 0.619261
-1.984187 16.634579 0.087675
-2.073932 16.631941 0.330505
-2.094637 16.743212 0.325096
-2.083156 16.690460 0.331171
-1.996254 16.662779 0.109568
-2.152106 16.675730 0.521713
-2.138257 16.742155 0.427349
-2.218046 16.881897 0.600589
-2.203224 16.781143 0.607479
-2.122453 16.723536 0.470120
-1.985263 16.623158 0.079154
-2.214035 16.837240 0.607289
-2.110349 16.796474 0.364392
-1.983564 16.680014 0.071158
-2.015885 16.659346 0.157028
-2.066913 16.622580 0.314150
-2.076652 16.677629 0.317113
-2.102833 16.791149 0.308546
-2.096157 16.739061 0.315825
-2.162472 16.720854 0.508832
-1.991505 16.709185 0.093226
-1.896463 16.619177 -0.133732
-2.126788 16.785103 0.414004
-2.025471 16.651182 0.198981
-1.905023 16.632223 -0.134363
-2.211389 16.925495 0.588451
-2.208320 16.828102 0.597208
-2.150543 16.775719 0.454023
-1.985358 16.669281 0.064373
-2.216550 16.883694 0.595984
-1.982010 16.725540 0.054992
-2.118788 16.847574 0.347646
-2.016556 16.705030 0.141030
-2.077510 16.723499 0.304421
-2.041334 16.644131 0.240208
-2.061858 16.667730 0.303041
-2.090832 16.833588 0.296774
-1.919684 16.628002 -0.079922
-2.108148 16.789631 0.300120
-2.165637 16.764996 0.497018
-1.898768 16.665430 -0.154089
-2.024358 16.695173 0.184390
-2.012429 16.763336 0.068950
-2.138822 16.834730 0.398654
-1.970461 16.648481 0.055785
-2.216982 16.973885 0.576257
-1.930152 16.687420 -0.167708
-1.933183 16.619652 -0.036060
-2.217746 16.878195 0.586212
-2.152298 16.822428 0.440627
-2.206063 16.825226 0.583236
-2.205274 16.926819 0.585947
-1.977361 16.713579 0.051362
-2.002973 16.778748 0.031054
-2.034747 16.685865 0.228761
-2.025243 16.754416 0.122538
-2.092083 16.774576 0.289735
-2.118732 16.897449 0.331430
-2.064899 16.714703 0.290145
-1.898172 16.645597 -0.150549
-2.096193 16.882742 0.280903
-2.095573 16.832514 0.289550
-1.916437 16.673883 -0.097845
-2.164354 16.808826 0.484851
-1.832923 16.644514 -0.327100
-2.047451 16.746511 0.163769
-1.964929 16.634676 0.041708
-1.928344 16.720936 -0.187111
-2.134837 16.880878 0.384389
-2.000838 16.809111 0.054528
-1.970917 16.694956 0.041857
-1.888903 16.619404 -0.151271
-1.833721 16.660952 -0.329305
-2.215012 17.020962 0.564247
-1.934423 16.664909 -0.053290
-1.889382 16.725075 -0.169134
-2.208650 16.922426 0.575976
-2.154091 16.868202 0.427574
-2.203343 16.872597 0.574880
-1.849434 16.636192 -0.269498
-2.216842 16.978949 0.574399
-1.977098 16.759363 0.035701
-2.043915 16.732782 0.212219
-1.994898 16.824928 0.017340
-1.800687 16.645958 -0.424910
-2.086099 16.819817 0.278982
-2.022680 16.801920 0.106017
-1.791833 16.644396 -0.425231
-2.074533 16.764030 0.277069
-1.839885 16.635836 -0.309179
-2.115522 16.947262 0.315419
-1.902090 16.693390 -0.169869
-2.104059 16.934275 0.265382
-1.950510 16.657112 -0.008399
-2.086076 16.877344 0.278110
-2.167799 16.855196 0.473201
-1.916229 16.722651 -0.116990
-2.036700 16.790155 0.152165
-1.894954 16.759722 -0.192021
-1.965346 16.682096 0.027444
-2.133398 16.928465 0.370826
-1.814911 16.629559 -0.377000
-2.001845 16.859995 0.035193
-1.969151 16.741272 0.027780
-1.895044 16.667358 -0.170424
-2.220925 17.070635 0.552574
-1.934121 16.711636 -0.069287
-1.913009 16.780794 -0.200905
-2.213418 16.972986 0.566734
-2.147752 16.913094 0.415954
-2.214701 17.025867 0.564848
-1.883405 16.692926 -0.308262
-2.206819 16.922911 0.565119
-1.995627 16.813198 0.013701
-2.056559 16.781042 0.196013
-1.989221 16.871420 0.001357
-2.079146 16.866089 0.268224
-2.021411 16.849669 0.090016
-2.083197 16.814384 0.263990
-1.836599 16.682657 -0.327434
-2.101329 16.981604 0.251304
-1.895478 16.739988 -0.185504
-2.114858 16.998510 0.300091
-1.867130 16.669056 -0.242473
-1.949397 16.701111 -0.022984
-2.165589 16.899117 0.461406
-1.887525 16.643854 -0.172918
-2.101107 16.930790 0.261170
-1.930203 16.774105 -0.141924
-1.824794 16.739597 -0.368141
-1.838310 16.652248 -0.314914
-1.802932 16.666136 -0.401435
-2.031783 16.836401 0.138271
-1.967989 16.729666 0.013350
-1.907517 16.813740 -0.218535
-2.126582 16.975830 0.357277
-1.811265 16.676035 -0.396121
-1.994485 16.796677 0.003493
-1.813666 16.638466 -0.374151
-1.991510 16.906958 0.020958
-1.928098 16.724211 -0.203092
-2.221423 17.121023 0.540560
-1.882738 16.654926 -0.197190
-1.946671 16.761744 -0.091946
-1.823486 16.653742 -0.351986
-1.819509 16.755154 -0.366324
-2.217828 17.023195 0.556626
-2.157313 16.964279 0.402173
-1.901379 16.827509 -0.215659
-2.220004 17.076918 0.554038
-1.852598 16.732216 -0.312135
-2.215062 16.974815 0.556210
-1.991562 16.861225 -0.001250
-2.052081 16.825748 0.183695
-1.980178 16.918629 -0.012359
-1.833130 16.630995 -0.308897
-2.094896 16.920223 0.253019
-2.018240 16.898540 0.074361
-2.077496 16.861849 0.253396
-2.100172 17.031401 0.237904
-2.158799 16.941620 0.452068
-1.912528 16.793379 -0.211326
-1.834740 16.730822 -0.347962
-1.965822 16.751972 -0.044089
-1.877588 16.720108 -0.268094
-2.118562 17.051943 0.284394
-2.099097 16.978806 0.248828
-1.893095 16.692242 -0.190852
-1.923554 16.821634 -0.157912
-1.872642 16.709318 -0.352809
-2.032741 16.884302 0.122440
-1.838196 16.795370 -0.401457
-1.987277 16.783249 -0.006560
-1.893132 16.859795 -0.231885
-2.136918 17.030676 0.341731
-1.984375 16.842886 -0.007082
-1.827452 16.689737 -0.402390
-2.220098 17.170656 0.529600
-1.896188 16.763432 -0.204176
-1.936592 16.715858 -0.241243
-2.001749 16.963655 -0.001041
-1.945895 16.810936 -0.109872
-2.148755 17.009008 0.390388
-1.839355 16.812145 -0.402793
-2.217221 17.073524 0.547399
-1.891177 16.875570 -0.232686
-2.223406 17.129091 0.543573
-1.833159 16.670214 -0.316308
-2.044491 16.869452 0.171913
-1.988791 16.909496 -0.015681
-2.209515 17.023396 0.548571
-1.820374 16.657946 -0.361472
-1.861686 16.784885 -0.338980
-1.998152 16.976791 -0.036992
-1.833361 16.678223 -0.326463
-2.095031 16.970278 0.240137
-2.026775 16.951666 0.054479
-2.168761 16.992207 0.439511
-2.089880 16.916702 0.240457
-2.092747 17.080133 0.225221
-1.901299 16.839495 -0.224856
-1.962769 16.798027 -0.058680
-1.845652 16.784245 -0.375860
-1.882895 16.770178 -0.290040
-2.123441 17.108440 0.268154
-2.093321 17.028137 0.237529
-1.888495 16.739775 -0.204232
-1.920595 16.869722 -0.175649
-1.823620 16.745035 -0.344260
-2.038919 16.936178 0.105182
-1.833145 16.844398 -0.422155
-1.982108 16.831215 -0.018722
-2.131358 17.079222 0.328349
-1.899747 16.914019 -0.257166
-2.231303 17.227291 0.518746
-1.978848 16.890503 -0.020110
-1.903107 16.815033 -0.225090
-1.891832 16.751694 -0.235662
-2.012882 17.021187 -0.023741
-1.809051 16.744804 -0.383061
-1.937783 16.858055 -0.123937
-2.151077 17.060152 0.377321
-2.224817 17.127729 0.539003
-2.240163 17.254477 0.578092
-1.826968 16.859108 -0.419633
-2.219366 17.177124 0.534371
-1.864523 16.727402 -0.350714
-1.897220 16.930229 -0.256750
-2.062280 16.923550 0.153573
-1.993957 16.963339 -0.033297
-2.216179 17.077702 0.540522
-1.846410 16.830095 -0.351625
-1.828042 16.725069 -0.341577
-2.168447 17.039875 0.428910
-2.095846 17.021955 0.228637
-2.019881 17.000906 0.040225
-2.101713 17.136589 0.208454
-2.087619 16.966444 0.229845
-1.955990 16.844458 -0.071873
-1.894573 16.888899 -0.241550
-1.869842 16.815542 -0.302517
-1.827047 16.829237 -0.385885
-2.095603 17.080215 0.224110
-1.901686 16.792442 -0.225862
-2.107485 17.156891 0.255664
-1.910222 16.917622 -0.190235
-2.041451 16.986540 0.090031
-1.839874 16.799612 -0.372523
-1.976941 16.879175 -0.030883
-1.827976 16.896244 -0.443915
-2.143229 17.137463 0.313130
-1.993002 16.947006 -0.040199
-1.810248 16.826780 -0.464364
-1.890523 16.800381 -0.252014
-1.891667 16.861931 -0.236535
-2.151577 17.110540 0.365309
-1.831483 16.802296 -0.418493
-1.931499 16.905922 -0.139054
-2.222311 17.179178 0.530123
-2.237443 17.238329 0.523475
-1.826380 16.912359 -0.443847
-2.235851 17.309082 0.566411
-2.060272 16.971565 0.141232
-1.848540 16.771954 -0.359349
-1.823118 16.755522 -0.399934
-2.215003 17.128464 0.532515
-1.902707 16.989237 -0.283451
-1.848086 16.882566 -0.375317
-2.167202 17.087631 0.418659
-1.845307 16.777674 -0.369481
-2.093189 17.072283 0.216806
-2.028659 17.057178 0.020151
-2.106953 17.193413 0.193085
-2.089727 17.018372 0.218864
-1.952821 16.893328 -0.087525
-1.869560 16.866167 -0.322363
-1.904626 16.945402 -0.266851
-1.831479 16.882362 -0.410980
-2.098206 17.133572 0.211206
-1.895226 16.840155 -0.238540
-2.110465 17.214502 0.239772
-2.037714 17.035837 0.075598
-1.929796 16.977280 -0.219579
-1.836796 16.850519 -0.391321
-1.984692 16.933519 -0.047462
-1.804734 16.868477 -0.495804
-1.825166 16.949333 -0.468297
-2.136128 17.187471 0.300963
-1.881521 16.846651 -0.265374
-1.803335 16.875994 -0.484361
-1.811645 16.835268 -0.454376
-1.895755 16.914742 -0.256752
-1.937851 16.957943 -0.158747
-2.157299 17.164896 0.351870
-1.819284 16.849443 -0.432025
-2.241109 17.241068 0.520962
-2.056043 17.019421 0.128725
-1.831760 16.969294 -0.473144
-1.846260 16.821671 -0.375703
-2.257130 17.378189 0.553370
-1.829639 16.807713 -0.422067
-2.213538 17.181887 0.525884
-2.172111 17.139265 0.406632
-1.841495 16.933062 -0.394801
-1.834759 16.825418 -0.381628
-2.096113 17.126925 0.204415
-1.960466 16.945602 -0.106701
-2.089614 17.070137 0.207715
-1.865593 16.916222 -0.340456
-2.109999 17.193680 0.195282
-1.840413 16.938766 -0.439235
-1.891445 16.890400 -0.253328
-2.052154 17.094543 0.055673
-2.127320 17.282333 0.221004
-1.835583 16.901232 -0.410816
-2.137685 17.243731 0.287347
-1.824102 17.005047 -0.494438
-1.882534 16.897522 -0.284701
-1.799101 16.927738 -0.506468
-1.812390 16.887829 -0.477717
-2.155006 17.215553 0.340909
-1.943687 17.013374 -0.180723
-1.813053 16.900286 -0.450641
-2.053960 17.069307 0.115679
-1.836646 16.869318 -0.388198
-2.169899 17.188047 0.396379
-1.824206 16.857365 -0.438240
-2.236132 17.246403 0.517570
-1.854000 16.992840 -0.425869
-1.836304 16.876791 -0.402526
-2.102474 17.183840 0.192005
-1.968033 16.999748 -0.126583
-2.098159 17.128157 0.195118
-1.871600 16.971809 -0.364870
-1.899010 16.944550 -0.273210
-1.841191 16.957415 -0.436452
-2.145395 17.303862 0.271956
-1.888409 16.952017 -0.306322
-1.807451 16.938913 -0.495812
-2.156072 17.270370 0.329220
-2.067909 17.126568 0.097681
-1.841587 16.923906 -0.409470
-2.181070 17.245615 0.385175
-1.816910 16.907200 -0.453712
-1.833590 16.928032 -0.420453
-2.148765 17.321148 0.319143
-2.171698 17.292480 0.376345
-1.841552 16.977678 -0.429507
-2.168076 17.388361 0.304209
-2.175351 17.347784 0.365695
-2.183651 17.407495 0.354827
-2.133000 16.643234 0.539469
-2.121497 16.636356 0.527258
-2.098238 16.636686 0.462346
-2.115857 16.663946 0.497564
-2.105469 16.653246 0.480644
-2.092223 16.643545 0.425736
-2.134476 16.686274 0.525105
-2.126482 16.679762 0.513640
-2.108334 16.672436 0.486014
-2.073931 16.647619 0.382506
-2.110103 16.680672 0.446908
-2.114288 16.708038 0.486297
-2.102026 16.697533 0.470050
-2.145756 16.730686 0.510878
-2.104040 16.689417 0.409610
-2.161386 16.729698 0.498194
-2.168996 16.725996 0.466931
-2.017094 16.631863 0.243566
-2.028450 16.644413 0.253717
-2.074987 16.693159 0.366233
-2.129500 16.727785 0.430716
-2.005840 16.636620 0.187026
-2.147645 16.759439 0.472056
-2.199152 16.762739 0.448038
-2.003361 16.646030 0.198186
-2.018684 16.660351 0.212928
-2.118020 16.767843 0.500087
-2.094759 16.732115 0.395095
-2.120127 16.764927 0.488952
-2.137911 16.761976 0.459048
-1.988690 16.643753 0.149048
-2.201221 16.838278 0.640029
-2.024841 16.676844 0.228251
-2.026422 16.687075 0.238605
-2.018296 16.672636 0.214207
-2.072912 16.737715 0.350431
-1.974058 16.645391 0.101849
-2.105224 16.767193 0.419983
-2.000415 16.680004 0.174135
-2.133472 16.802441 0.461651
-2.005490 16.691603 0.184886
-2.126891 16.794325 0.445668
-2.013609 16.704063 0.200913
-2.138683 16.816126 0.484086
-2.132062 16.811878 0.475786
-2.104660 16.780064 0.378949
-1.940876 16.642164 0.010316
-2.128444 16.803539 0.447306
-1.986639 16.687355 0.133591
-2.198540 16.884211 0.625090
-2.017521 16.721371 0.215686
-2.023784 16.731106 0.224359
-2.019753 16.716600 0.199494
-1.921674 16.634733 -0.035083
-1.929260 16.645765 -0.017159
-2.107383 16.811819 0.407020
-2.090557 16.788980 0.331098
-1.970672 16.690651 0.085163
-2.016521 16.726919 0.154760
-2.128752 16.846487 0.450505
-1.934739 16.669350 -0.008773
-1.909347 16.644388 -0.078206
-1.932356 16.667160 -0.005859
-2.133615 16.859842 0.472062
-2.020725 16.751354 0.186118
-2.125044 16.841051 0.435795
-2.000156 16.737019 0.174614
-2.134548 16.857780 0.463354
-2.123749 16.846638 0.436503
-2.101066 16.825140 0.364690
-1.941561 16.688297 -0.007181
-1.990484 16.733522 0.115960
-2.021179 16.766409 0.200831
-1.888587 16.647087 -0.127920
-1.921942 16.671827 -0.042192
-2.008938 16.772501 0.212542
-2.035598 16.765217 0.181863
-2.204654 16.934446 0.609592
-1.919599 16.679270 -0.050885
-1.930669 16.691610 -0.032559
-2.112630 16.859310 0.392892
-2.080323 16.832712 0.316567
-1.963568 16.735357 0.070162
-1.867183 16.639467 -0.188324
-1.876366 16.644291 -0.164148
-2.021066 16.773741 0.138881
-1.873202 16.647984 -0.185931
-2.214208 16.962957 0.648699
-1.857757 16.634352 -0.233926
-2.134113 16.895065 0.439343
-1.922158 16.691113 -0.100761
-1.933015 16.714214 -0.023700
-1.937487 16.713551 -0.022949
-2.144221 16.908440 0.457661
-2.030041 16.799715 0.171181
-2.020398 16.787783 0.156704
-2.120041 16.887743 0.426049
-2.131094 16.902998 0.452401
-2.120906 16.890480 0.424682
-2.100633 16.870241 0.350297
-1.940076 16.732401 -0.024200
-1.863973 16.661594 -0.206703
-1.866409 16.659067 -0.202160
-2.003386 16.782284 0.096024
-1.874522 16.669552 -0.194504
-2.042921 16.817587 0.181026
-1.830390 16.632717 -0.306737
-1.962850 16.726254 -0.071988
-2.025547 16.807194 0.171330
-1.924215 16.700445 -0.163190
-1.835888 16.638048 -0.272162
-2.042518 16.826927 0.189084
-1.840898 16.644541 -0.286855
-1.991751 16.739435 -0.096422
-1.842228 16.644972 -0.262462
-1.817934 16.624817 -0.342121
-2.196013 16.980637 0.595784
-1.925201 16.736870 -0.046144
-2.116618 16.905619 0.378563
-2.080754 16.880548 0.300806
-1.871004 16.686562 -0.206298
-1.986649 16.787748 0.044811
-1.885782 16.691736 -0.184482
-1.839317 16.653687 -0.299888
-2.009682 16.817377 0.127119
-1.875039 16.694189 -0.206201
-1.828538 16.649382 -0.316772
-1.854024 16.679260 -0.251492
-2.135992 16.942329 0.427774
-1.835288 16.667400 -0.294294
-1.949476 16.761457 -0.042205
-1.932206 16.759920 -0.039310
-1.941404 16.741856 -0.127390
-2.143204 16.953970 0.444477
-1.835079 16.670094 -0.298635
-2.015069 16.833187 0.146426
-2.029322 16.847456 0.158191
-2.133871 16.939342 0.413794
-2.141114 16.952019 0.439211
-2.126880 16.937677 0.412646
-2.099567 16.917660 0.336426
-1.915962 16.718487 -0.250963
-1.934236 16.778273 -0.039008
-1.872453 16.706289 -0.219931
-2.022679 16.851971 0.159165
-1.997548 16.828157 0.081214
-1.898988 16.721254 -0.224713
-2.035022 16.862530 0.169664
-1.930447 16.765882 -0.072737
-1.825959 16.676962 -0.326057
-1.839710 16.685139 -0.290137
-2.034858 16.871111 0.175631
-1.889454 16.739798 -0.167453
-1.938807 16.773544 -0.090339
-1.843265 16.691414 -0.279085
-1.846645 16.692415 -0.311590
-1.812518 16.671051 -0.361792
-2.197149 17.029137 0.581769
-2.117237 16.951704 0.366796
-1.940277 16.787638 -0.066563
-2.082450 16.929554 0.285239
-1.888669 16.738922 -0.202124
-2.008314 16.862566 0.113060
-1.833737 16.697844 -0.316440
-1.980414 16.835178 0.028436
-2.213158 17.057852 0.623922
-1.823846 16.695328 -0.334347
-2.137263 16.990965 0.417072
-1.879111 16.723471 -0.337277
-1.943075 16.806808 -0.055458
-1.947497 16.810873 -0.062165
-2.139382 16.999794 0.432297
-1.927773 16.786291 -0.139700
-2.022711 16.892626 0.147368
-2.125303 16.982685 0.401015
-1.884099 16.728069 -0.345543
-2.015964 16.882431 0.134507
-2.129223 16.986355 0.404918
-2.139815 17.000193 0.427425
-2.093173 16.963020 0.323166
-1.861282 16.752941 -0.240898
-1.863616 16.751318 -0.230954
-1.953812 16.830282 -0.065109
-2.025708 16.899307 0.144827
-1.997632 16.875647 0.064574
-2.028039 16.908314 0.157619
-1.935298 16.814905 -0.088431
-1.867150 16.761396 -0.227019
-2.039712 16.920139 0.159932
-1.927400 16.818113 -0.102447
-1.858792 16.741594 -0.304028
-1.854220 16.741970 -0.337689
-1.900466 16.792555 -0.193839
-2.201161 17.080309 0.569023
-2.114327 16.998367 0.353935
-1.937012 16.833961 -0.080293
-1.874559 16.780800 -0.241789
-1.888187 16.785887 -0.217204
-2.011882 16.911360 0.096820
-2.089084 16.982162 0.267490
-1.981037 16.884125 0.009894
-1.833657 16.746120 -0.336729
-1.887565 16.791862 -0.253393
-1.846820 16.749470 -0.369442
-1.943906 16.853060 -0.069657
-1.862853 16.775440 -0.296652
-2.133507 17.039762 0.407169
-2.136498 17.045513 0.419778
-1.833835 16.760855 -0.328637
-2.125949 17.027821 0.389587
-1.949778 16.859428 -0.078944
-1.921564 16.832764 -0.155733
-2.028828 16.942823 0.131864
-2.021494 16.933058 0.120217
-1.834729 16.765522 -0.336436
-2.138542 17.047417 0.415980
-2.124903 17.034639 0.396572
-2.100554 17.014397 0.307856
-2.032809 16.947514 0.129674
-1.878261 16.805422 -0.268424
-1.880731 16.803942 -0.255169
-1.944819 16.876110 -0.079792
-2.036941 16.959156 0.140763
-1.997131 16.923561 0.049144
-1.934208 16.863243 -0.102646
-1.886915 16.814522 -0.255898
-1.851945 16.782574 -0.329152
-2.034231 16.966333 0.145990
-1.927484 16.865593 -0.119088
-1.813049 16.769430 -0.362304
-1.857913 16.790110 -0.320673
-1.838956 16.785839 -0.351419
-1.893884 16.839640 -0.211094
-1.794087 16.760336 -0.394648
-2.113617 17.046103 0.340933
-1.938358 16.882614 -0.096738
-2.202581 17.131960 0.554847
-1.885485 16.832714 -0.232493
-1.877965 16.830378 -0.261681
-2.013232 16.960016 0.080372
-1.844368 16.796642 -0.363307
-1.977942 16.932518 -0.006963
-2.214991 17.155405 0.600403
-2.081311 17.031065 0.252308
-1.878198 16.838295 -0.269297
-1.843021 16.797190 -0.388047
-1.942492 16.900122 -0.084408
-2.141376 17.091610 0.396043
-2.127225 17.076443 0.378878
-1.862776 16.823709 -0.316947
-2.146779 17.098621 0.406079
-1.844897 16.811705 -0.354339
-1.941137 16.905584 -0.092754
-1.913460 16.880375 -0.171442
-2.025633 16.992125 0.120405
-2.142929 17.097960 0.404452
-2.019609 16.981644 0.109643
-1.843942 16.815624 -0.361122
-2.137470 17.090855 0.385358
-2.092244 17.061838 0.294573
-2.026743 16.994135 0.116943
-1.870554 16.851469 -0.282567
-1.874659 16.850552 -0.267894
-1.942661 16.924398 -0.096986
-2.033073 17.006849 0.127892
-2.002154 16.974646 0.030318
-1.934383 16.912750 -0.116667
-1.880683 16.861927 -0.272278
-2.041826 17.017881 0.128245
-1.848284 16.830439 -0.344449
-1.924389 16.913980 -0.135946
-1.823603 16.820747 -0.392538
-1.846810 16.836885 -0.332595
-2.106992 17.092213 0.329754
-1.836285 16.834587 -0.373141
-1.892850 16.888952 -0.231400
-1.818752 16.816002 -0.434418
-1.937248 16.931890 -0.111301
-2.198061 17.182930 0.542149
-1.884611 16.881227 -0.249144
-1.872423 16.878424 -0.276326
-2.006219 17.006714 0.067958
-1.834991 16.843050 -0.379231
-2.217149 17.205803 0.588643
-1.976988 16.983850 -0.024671
-2.077362 17.081577 0.238381
-1.869386 16.885221 -0.286781
-2.125968 17.122696 0.367749
-1.945678 16.949493 -0.101894
-1.823814 16.840303 -0.397682
-2.136676 17.140484 0.386445
-2.140119 17.145662 0.394529
-1.855597 16.871191 -0.333015
-1.834718 16.858356 -0.366620
-1.942426 16.956099 -0.109915
-2.035176 17.045485 0.104584
-2.141012 17.147480 0.393498
-1.911264 16.929583 -0.189005
-2.029477 17.036280 0.094355
-1.830042 16.861731 -0.371718
-2.129071 17.138243 0.377787
-2.035959 17.046221 0.100585
-1.871335 16.898724 -0.282346
-1.866507 16.899925 -0.299117
-2.097694 17.115280 0.279209
-1.939528 16.973709 -0.114221
-2.042240 17.060827 0.110843
-1.933607 16.962336 -0.130386
-1.838476 16.876476 -0.355518
-2.000633 17.025465 0.014153
-2.038482 17.067017 0.113437
-1.871653 16.908667 -0.287341
-1.923476 16.963419 -0.152977
-1.827048 16.871269 -0.418554
-1.840699 16.884411 -0.345698
-2.105633 17.142252 0.317232
-1.885691 16.935492 -0.247139
-1.835446 16.884050 -0.395914
-1.935747 16.981758 -0.127125
-1.805862 16.862041 -0.451104
-2.202312 17.238194 0.528848
-1.879998 16.929171 -0.264147
-2.015980 17.060278 0.049704
-1.866884 16.926483 -0.290977
-1.833012 16.892447 -0.399222
-2.222133 17.260805 0.577454
-2.133457 17.175161 0.355371
-1.979757 17.035746 -0.044072
-1.934970 16.994717 -0.112282
-2.076201 17.132759 0.223093
-1.873864 16.937698 -0.310503
-1.825181 16.890856 -0.420581
-2.150369 17.199717 0.380454
-2.146101 17.195730 0.375672
-1.852681 16.920689 -0.352672
-1.834937 16.908827 -0.386752
-1.936889 17.004168 -0.124572
-2.147542 17.200991 0.381109
-2.037870 17.097343 0.090923
-1.906852 16.978676 -0.206775
-2.025340 17.085678 0.083200
-1.832720 16.911570 -0.393735
-2.140671 17.195507 0.366530
-2.032084 17.093914 0.087684
-1.875737 16.951160 -0.300324
-2.091925 17.164131 0.266630
-1.869487 16.951986 -0.320948
-2.032772 17.108177 0.100300
-1.943209 17.026440 -0.134303
-1.939296 17.015009 -0.147828
-1.842178 16.928247 -0.375250
-1.999120 17.076300 -0.002008
-2.041365 17.120003 0.096995
-1.862957 16.956694 -0.301865
-1.929355 17.017220 -0.173198
-1.841291 16.934267 -0.364612
-2.107418 17.193277 0.304243
-1.820625 16.920399 -0.438959
-1.939564 17.034632 -0.143897
-1.890123 16.989855 -0.271554
-1.834545 16.936357 -0.419712
-1.806507 16.912870 -0.476105
-1.882790 16.980101 -0.283203
-2.015754 17.111341 0.034081
-1.873910 16.980358 -0.313965
-2.197737 17.291065 0.515423
-2.134680 17.225674 0.343936
-1.830073 16.942879 -0.419227
-2.217044 17.311274 0.566273
-1.945807 17.051178 -0.134340
-1.980583 17.090664 -0.063842
-2.074057 17.185925 0.207446
-2.145277 17.250170 0.369277
-1.869617 16.988850 -0.331397
-1.821893 16.940956 -0.441464
-2.139510 17.245771 0.366389
-1.834196 16.960333 -0.406897
-1.848807 16.971224 -0.372344
-1.946441 17.060396 -0.147172
-2.146282 17.253078 0.371212
-2.034598 17.149467 0.078393
-1.907423 17.029476 -0.226040
-2.031469 17.140722 0.069247
-1.831979 16.963074 -0.413881
-2.141371 17.249426 0.358584
-2.031645 17.144793 0.074492
-2.087419 17.214149 0.254243
-1.872349 17.002172 -0.315811
-1.868185 17.002977 -0.339539
-1.935696 17.065845 -0.160885
-2.039092 17.164349 0.083566
-1.946493 17.080717 -0.155956
-1.844009 16.980211 -0.394315
-1.996323 17.126898 -0.018716
-2.039244 17.172209 0.081693
-1.873283 17.013607 -0.328454
-1.848691 16.987516 -0.386381
-1.924358 17.066732 -0.189763
-2.114487 17.248232 0.289947
-1.817876 16.971952 -0.461746
-1.941137 17.088310 -0.161224
-1.888074 17.042078 -0.292592
-1.826600 16.986010 -0.438576
-1.884035 17.032497 -0.301059
-1.800599 16.964392 -0.498761
-2.017702 17.164413 0.017969
-1.870174 17.031034 -0.330331
-2.196059 17.345661 0.503606
-2.127788 17.273489 0.334461
-1.830458 16.995403 -0.442490
-2.217025 17.365486 0.556218
-1.943383 17.101151 -0.149826
-2.145517 17.302664 0.357482
-2.146106 17.302244 0.356267
-1.822278 16.993479 -0.464727
-1.976777 17.144186 -0.081249
-2.081592 17.245161 0.190214
-1.863847 17.040524 -0.350748
-1.833456 17.011829 -0.427048
-1.852890 17.025236 -0.397642
-2.145586 17.305672 0.359752
-1.939335 17.110868 -0.160980
-2.031328 17.201586 0.065858
-2.031095 17.194572 0.058328
-1.909772 17.083843 -0.247359
-2.030858 17.195333 0.060417
-1.827543 17.013084 -0.432000
-2.136718 17.302238 0.350900
-1.873595 17.054564 -0.333670
-2.098486 17.272799 0.238099
-1.864637 17.054777 -0.358687
-2.035497 17.215191 0.070497
-1.938880 17.121019 -0.177142
-1.940514 17.132214 -0.172881
-1.843944 17.033310 -0.413058
-1.996026 17.180779 -0.035381
-1.927478 17.118925 -0.208298
-2.037124 17.224407 0.066386
-2.108484 17.297829 0.279444
-1.870672 17.065306 -0.347938
-1.843645 17.038900 -0.403634
-1.810471 17.023054 -0.482515
-1.942710 17.141979 -0.178557
-1.883972 17.085598 -0.319807
-1.885392 17.096607 -0.313112
-2.008775 17.213203 0.005513
-1.824367 17.039955 -0.463615
-2.130600 17.326433 0.323746
-1.870998 17.085922 -0.350103
-2.198729 17.404284 0.490817
-1.945917 17.153772 -0.167152
-2.214437 17.419233 0.545075
-1.825251 17.047577 -0.463401
-2.143489 17.356911 0.344787
-2.144213 17.356636 0.346882
-1.813351 17.045109 -0.483951
-1.862339 17.094187 -0.373694
-2.146503 17.359762 0.349361
-1.968903 17.196829 -0.097853
-2.073834 17.298910 0.176569
-1.832645 17.066149 -0.448238
-1.847121 17.076897 -0.416997
-1.951950 17.170877 -0.185100
-2.029461 17.247242 0.047206
-2.048589 17.264990 0.047732
-2.043398 17.255318 0.042037
-1.906552 17.136917 -0.265981
-1.824884 17.066660 -0.452175
-2.142704 17.360079 0.341640
-1.872358 17.108519 -0.349995
-2.092974 17.325735 0.225002
-1.865137 17.108383 -0.378994
-2.050211 17.277189 0.051632
-1.943889 17.177872 -0.194766
-1.833141 17.082273 -0.424835
-1.950883 17.193033 -0.197552
-2.114008 17.354239 0.266341
-1.925521 17.173170 -0.226726
-2.051441 17.287962 0.045954
-1.990700 17.234823 -0.051249
-1.838038 17.089762 -0.419337
-1.868927 17.119726 -0.368796
-1.948258 17.200285 -0.198084
-1.812497 17.078987 -0.511147
-1.880190 17.138149 -0.336873
-2.128082 17.377325 0.313639
-2.014699 17.270906 -0.012798
-1.825269 17.094862 -0.489134
-1.875834 17.150560 -0.331820
-1.867192 17.139414 -0.367514
-1.941923 17.206148 -0.181789
-2.194222 17.460110 0.479651
-1.823156 17.101658 -0.485136
-2.142161 17.411808 0.333840
-2.143560 17.413139 0.337344
-1.812754 17.099600 -0.507578
-2.029889 17.300827 0.032629
-1.859871 17.148884 -0.396653
-2.147674 17.417952 0.338461
-1.836444 17.122784 -0.472144
-1.981774 17.260937 -0.122481
-1.844653 17.131592 -0.439956
-2.078491 17.361259 0.159297
-2.142425 17.415966 0.333323
-1.902936 17.191538 -0.286175
-1.826461 17.123167 -0.476287
-1.879966 17.167736 -0.372970
-1.866153 17.164379 -0.401552
-2.094032 17.382824 0.211139
-1.846506 17.143894 -0.453291
-2.111394 17.408901 0.254852
-1.930346 17.231750 -0.248355
-2.008902 17.300972 -0.076495
-1.840663 17.147261 -0.440821
-1.879135 17.181318 -0.397124
-2.128976 17.432346 0.302895
-1.809306 17.133955 -0.536205
-1.891121 17.199459 -0.363104
-2.023685 17.332399 -0.032622
-1.819269 17.150131 -0.513187
-1.878686 17.201233 -0.395302
-1.885669 17.212767 -0.361373
-1.948971 17.264856 -0.203215
-2.193151 17.519117 0.468192
-2.140786 17.468586 0.322198
-1.823424 17.158869 -0.510138
-2.145455 17.471035 0.328539
-2.036514 17.359179 0.016065
-2.144825 17.473373 0.329056
-1.809888 17.155838 -0.532106
-1.866572 17.210112 -0.425731
-1.847682 17.190390 -0.466657
-2.080976 17.421579 0.142503
-2.144035 17.476511 0.325916
-1.823756 17.178610 -0.497162
-1.904207 17.251637 -0.309243
-1.876337 17.226904 -0.430229
-2.099977 17.445391 0.194401
-2.115913 17.468225 0.241039
-2.135154 17.491287 0.290844
-1.828570 17.213722 -0.547617
-2.160941 17.539516 0.306906
-2.160090 17.538797 0.316639
-2.157873 17.538687 0.316427
-1.841772 17.247683 -0.488097
-2.159369 17.544931 0.315769
-2.094329 17.491964 0.123285
-2.109683 17.512407 0.177902
-2.094676 16.687153 0.406068
-2.088486 16.685743 0.389518
-2.104367 16.728617 0.389551
-2.087524 16.729027 0.375496
-2.219651 16.868776 0.645351
-1.999704 16.675570 0.154728
-2.138842 16.774540 0.369035
-2.216260 16.890795 0.643467
-2.152170 16.779577 0.351036
-1.989331 16.686382 0.125611
-2.180801 16.787865 0.641770
-2.098036 16.701927 0.410333
-2.215230 16.909838 0.631380
-2.079786 16.690609 0.372748
-1.998377 16.718500 0.139861
-2.107710 16.813219 0.358989
-2.215057 16.935862 0.631110
-2.095353 16.818825 0.346720
-1.931899 16.657986 -0.040477
-2.207885 16.831923 0.625084
-1.989264 16.730480 0.110866
-2.211185 16.950312 0.618621
-2.093580 16.743910 0.395970
-2.123594 16.735420 0.348826
-2.218297 16.755125 0.626032
-2.001712 16.760851 0.123271
-2.000085 16.663370 0.159786
-2.096933 16.855156 0.344933
-2.111886 16.681679 0.443237
-1.915661 16.686398 -0.076802
-2.215718 16.980696 0.618071
-1.924625 16.700281 -0.053814
-2.095649 16.863289 0.332828
-2.193627 16.872561 0.610693
-1.998287 16.775204 0.094412
-2.214670 16.993868 0.604940
-1.876357 16.668173 -0.175816
-1.871747 16.663366 -0.192777
-1.857960 16.650583 -0.223493
-1.987129 16.682056 0.118019
-2.072931 16.774446 0.340897
-2.172921 16.792969 0.609455
-2.022465 16.805605 0.100785
-2.106896 16.899773 0.328130
-1.997486 16.705111 0.144746
-2.108031 16.722254 0.428046
-1.916492 16.731300 -0.092262
-2.073419 16.694159 0.339288
-2.208551 17.026081 0.606882
-1.989534 16.750425 -0.097974
-2.091273 16.908318 0.320630
-2.190684 16.913963 0.594774
-2.000991 16.819885 0.078267
-2.214663 17.036108 0.590927
-1.876852 16.711777 -0.191760
-2.224389 16.947842 0.646750
-2.111092 16.832932 0.364622
-1.869084 16.706951 -0.208564
-1.857138 16.694874 -0.240335
-1.979501 16.724003 0.103813
-2.093497 16.819118 0.320844
-1.923130 16.668819 -0.050474
-2.099654 16.941145 0.315152
-2.010166 16.848110 0.088272
-2.192369 16.837673 0.592175
-1.995191 16.749077 0.129812
-2.134341 16.767448 0.408879
-1.913928 16.670147 -0.076184
-1.915479 16.775492 -0.106669
-2.112444 16.694201 0.461133
-2.070970 16.737885 0.321046
-1.933593 16.788919 -0.090759
-2.215255 17.073643 0.594836
-2.101896 16.955513 0.304795
-2.197877 16.958002 0.579355
-2.013695 16.686956 0.174642
-2.214434 17.079176 0.578976
-2.008066 16.867626 0.061355
-1.875276 16.649422 -0.181388
-1.871542 16.645586 -0.193319
-2.227272 16.992807 0.633889
-2.106002 16.877245 0.350696
-1.912424 16.743746 -0.286952
-1.997670 16.768270 0.080277
-2.088650 16.861662 0.305232
-2.101835 16.984432 0.300950
-1.922338 16.712187 -0.066946
-2.009733 16.891832 0.072654
-2.192176 16.880604 0.574481
-2.105979 16.806713 0.397412
-2.005339 16.793791 0.110569
-1.907200 16.712902 -0.091105
-1.929853 16.822054 -0.129596
-2.116389 16.735167 0.443704
-2.071726 16.779755 0.303398
-1.939640 16.833702 -0.109502
-1.978249 16.688927 0.079574
-2.212507 17.120214 0.583630
-2.107824 17.004204 0.290276
-2.195618 17.001047 0.564778
-2.152346 16.794769 0.569850
-2.008868 16.728563 0.159414
-1.936486 16.653650 -0.026428
-2.208463 17.121735 0.566131
-2.001477 16.911568 0.049351
-2.064407 16.693993 0.296865
-1.876897 16.693016 -0.200117
-2.221637 17.036667 0.621531
-1.871295 16.689405 -0.211368
-1.886883 16.802244 -0.232239
-2.113160 16.922199 0.334904
-1.868147 16.796240 -0.240535
-1.874610 16.785358 -0.283904
-1.855067 16.678102 -0.246322
-2.094540 16.905436 0.289296
-2.020444 16.661938 0.204346
-1.995922 16.812689 0.063760
-2.103988 17.028648 0.286369
-1.994659 16.763281 -0.114587
-2.004629 16.936121 0.058731
-2.185112 16.923031 0.558677
-2.124099 16.852083 0.379232
-2.016750 16.839674 0.091470
-1.930652 16.867872 -0.145441
-2.170907 16.782150 0.419062
-2.086879 16.825203 0.282935
-1.931371 16.877964 -0.123264
-1.970235 16.731443 0.064125
-2.216737 17.169399 0.573082
-2.105640 17.050282 0.277876
-2.197781 17.045284 0.550189
-2.211362 17.165743 0.553642
-2.009948 16.771713 0.142253
-2.183990 16.841993 0.549943
-1.936244 16.697481 -0.044483
-1.999479 16.957737 0.034517
-1.917673 16.741270 -0.239319
-1.912673 16.736252 -0.251394
-2.220424 17.081722 0.609159
-2.051952 16.736258 0.281045
-1.883610 16.847221 -0.247210
-2.111556 16.967813 0.321302
-1.880264 16.843588 -0.264023
-1.852040 16.721323 -0.262977
-1.871310 16.831264 -0.299250
-2.090596 16.948792 0.272962
-2.013969 16.702942 0.187730
-1.995129 16.856052 0.047278
-1.905591 16.683313 -0.115157
-2.095756 17.071993 0.272968
-1.927588 16.800339 -0.102167
-2.006942 16.981359 0.041336
-2.186560 16.966557 0.542363
-2.111475 16.893307 0.366223
-2.007004 16.883600 0.079620
-1.942344 16.804049 -0.142271
-2.102902 16.816736 0.412037
-1.923671 16.912373 -0.158683
-1.930544 16.922241 -0.140122
-2.076645 16.867594 0.267292
-1.971886 16.774115 0.045762
-2.096229 17.095505 0.266500
-2.210167 17.209846 0.541645
-2.210825 17.215946 0.562025
-1.877956 16.680632 -0.187205
-2.196783 17.089500 0.535753
-1.864966 16.667322 -0.227306
-2.004515 16.814720 0.127843
-2.175251 16.884750 0.532375
-1.935091 16.740486 -0.061824
-1.855885 16.663969 -0.251130
-2.003745 17.005800 0.018615
-2.224923 17.128210 0.597297
-1.866532 16.780384 -0.230873
-1.865792 16.776306 -0.246262
-1.881820 16.892538 -0.264103
-2.049495 16.779976 0.262796
-2.113082 17.014374 0.307164
-2.091431 16.993698 0.257478
-1.958088 16.688063 0.036246
-1.878805 16.890196 -0.280429
-1.868661 16.767853 -0.291468
-1.871335 16.878218 -0.317573
-2.016917 16.745871 0.169887
-1.993018 16.900101 0.029892
-1.934713 16.728745 -0.147205
-2.096012 17.117363 0.258683
-2.010518 17.027767 0.024085
-1.936932 16.847107 -0.124267
-1.939376 16.676605 -0.023113
-2.115472 16.938244 0.350581
-2.187048 17.011126 0.526009
-2.006541 16.928251 0.063618
-1.920387 16.845448 -0.151499
-2.126045 16.861897 0.393014
-1.920704 16.959574 -0.173553
-1.927246 16.968149 -0.155478
-2.072699 16.910952 0.250956
-2.208946 17.254879 0.529269
-1.985548 16.819973 0.021096
-2.192649 17.132761 0.521847
-2.221673 17.267376 0.551269
-1.880149 16.723747 -0.207142
-2.101547 17.145584 0.252798
-1.862131 16.710646 -0.246406
-2.025209 16.861334 0.104587
-1.933910 16.784420 -0.079545
-2.177225 16.929672 0.514103
-1.855851 16.706949 -0.271249
-2.003008 17.053135 0.003921
-2.222746 17.174303 0.584882
-1.887218 16.827744 -0.260240
-1.877191 16.822939 -0.271480
-1.881844 16.939489 -0.282430
-2.107073 17.057850 0.293944
-1.877369 16.935865 -0.296461
-2.067996 16.825542 0.239729
-2.093172 17.039419 0.241275
-1.960288 16.731197 0.016303
-1.867445 16.812698 -0.309562
-2.014504 16.787708 0.152392
-1.863387 16.923752 -0.330852
-1.992169 16.945322 0.012650
-2.094975 17.162481 0.243873
-1.961557 16.775896 -0.180192
-2.226400 17.094282 0.621279
-2.012224 17.074398 0.007510
-1.929016 16.891724 -0.137172
-1.932288 16.719000 -0.038904
-2.117599 16.983402 0.335615
-2.183466 17.054852 0.510525
-1.880302 16.663404 -0.180932
-2.008606 16.975256 0.047906
-2.122128 16.904327 0.377052
-1.920083 16.891121 -0.170315
-1.923311 17.007013 -0.190839
-2.206788 17.300020 0.517230
-1.931890 17.016397 -0.176262
-1.850212 16.643675 -0.259968
-2.080017 16.956930 0.232339
-2.192912 17.178144 0.507552
-1.985301 16.863792 0.003030
-1.888993 16.687576 -0.162098
-2.223070 17.317820 0.541352
-2.097820 17.193169 0.241553
-2.010679 16.903704 0.091880
-1.945697 16.830490 -0.103531
-2.004442 17.102461 -0.011345
-2.171946 16.974670 0.496480
-2.217791 17.219801 0.573859
-1.877980 16.873041 -0.274043
-1.881865 16.986431 -0.300760
-1.871331 16.867418 -0.287503
-2.084552 17.083334 0.226630
-2.095435 17.102943 0.282380
-1.880140 16.984331 -0.316562
-2.058665 16.868750 0.223366
-1.862472 16.970806 -0.348841
-2.028355 16.832893 0.131401
-2.095558 17.209131 0.230069
-1.994451 16.991486 -0.005127
-1.947817 16.773443 0.000481
-1.863400 16.858816 -0.327016
-2.225783 17.137920 0.608075
-1.910805 16.815216 -0.176632
-2.008927 17.120302 -0.007856
-1.927201 16.937979 -0.154450
-2.118433 17.028309 0.320124
-1.933193 16.761881 -0.059371
-2.181123 17.100689 0.494806
-1.879335 16.706503 -0.200715
-2.012155 17.022598 0.030272
-1.851945 16.681801 -0.270696
-2.123566 16.947836 0.360737
-2.213807 17.348831 0.505655
-1.912332 16.936768 -0.186041
-1.926799 17.056196 -0.209220
-1.930954 17.064390 -0.194635
-2.192596 17.223997 0.494456
-1.850726 16.687117 -0.281668
-2.079148 17.003098 0.214710
-1.980383 16.908176 -0.013341
-2.223530 17.368370 0.531772
-2.100332 17.243578 0.228863
-1.935558 16.735254 -0.205795
-1.888685 16.814634 -0.251846
-2.017055 16.949781 0.073604
-1.868108 16.800106 -0.291777
-1.941709 16.874754 -0.120238
-1.999965 17.150240 -0.024686
-1.832645 16.794134 -0.298947
-2.166688 17.018726 0.479232
-2.223856 17.269678 0.562243
-1.878149 17.033827 -0.317735
-1.880420 16.920223 -0.294632
-2.080354 17.128437 0.211973
-1.868769 16.913879 -0.306879
-1.877714 17.031967 -0.333013
-2.090781 17.254696 0.216612
-2.106327 17.153269 0.266258
-1.854162 17.015972 -0.362986
-1.995440 17.037399 -0.023430
-2.024044 16.875883 0.114203
-1.857484 16.905155 -0.343795
-2.057991 16.915028 0.203296
-1.975734 16.821686 -0.029930
-2.000076 17.165022 -0.020435
-2.224537 17.183899 0.595315
-1.909232 16.859709 -0.195596
-1.935935 16.986128 -0.175733
-2.112396 17.072718 0.306521
-1.924232 16.804497 -0.074489
-2.181001 17.146648 0.479268
-2.009190 17.069801 0.015389
-2.124068 16.991453 0.344758
-2.211977 17.395252 0.494096
-1.876993 16.727154 -0.307999
-1.915707 16.983835 -0.206974
-1.923799 17.104309 -0.224475
-1.928531 17.112028 -0.211091
-2.193186 17.270662 0.480641
-2.078277 17.049257 0.197079
-1.875748 16.733400 -0.319348
-1.978790 16.953609 -0.032689
-1.882029 16.773979 -0.200835
-2.098750 17.294081 0.216666
-2.221163 17.420197 0.522829
-1.885241 16.859348 -0.270131
-2.017470 16.996180 0.056500
-1.866148 16.845165 -0.311978
-1.933076 16.918650 -0.134873
-2.011318 17.203787 -0.043511
-1.854645 16.841572 -0.333543
-2.219228 17.316458 0.551700
-2.167118 17.065155 0.462115
-1.872587 17.080511 -0.333656
-2.071178 17.171881 0.198902
-1.874529 16.965626 -0.311037
-2.092600 17.303444 0.202572
-1.869914 16.960810 -0.327993
-1.869734 17.078419 -0.346677
-2.105374 17.201443 0.253612
-1.856901 17.065353 -0.383468
-2.018220 16.919453 0.098543
-1.992665 17.084698 -0.040755
-1.854010 16.950787 -0.362456
-2.223671 17.229296 0.583793
-2.008515 17.216785 -0.040792
-1.963589 16.865213 -0.045272
-2.061763 16.961559 0.183591
-1.902606 16.905342 -0.214105
-1.929446 17.032942 -0.191318
-2.109823 17.119364 0.292868
-2.176810 17.191767 0.464601
-1.943984 16.851982 -0.103532
-2.013039 17.119356 -0.002142
-1.863988 16.792986 -0.236021
-2.206987 17.441654 0.482691
-2.119542 17.035278 0.329613
-1.850358 16.769114 -0.315527
-1.919987 17.031713 -0.228626
-1.928138 17.156160 -0.244331
-1.934406 17.162359 -0.232112
-2.201637 17.321688 0.466388
-2.073693 17.094934 0.181180
-1.841118 16.774876 -0.322203
-1.974750 16.999737 -0.050159
-2.097165 17.344576 0.204466
-2.224150 17.473087 0.513536
-1.878994 16.904398 -0.287399
-1.896944 16.821768 -0.231481
-2.016948 17.042685 0.039733
-1.864185 16.890217 -0.332182
-1.936450 16.965723 -0.155811
-1.999060 17.250248 -0.054251
-2.231285 17.370916 0.540323
-2.092191 17.352055 0.188347
-1.853563 16.888376 -0.354840
-2.079098 17.222275 0.180492
-1.879534 17.132685 -0.358208
-1.876004 17.013840 -0.331668
-1.867704 17.007614 -0.346512
-2.172852 17.114527 0.443890
-1.875553 17.130608 -0.368449
-2.105326 17.250429 0.240248
-1.857744 17.115889 -0.403651
-1.984362 17.129877 -0.054914
-2.017945 16.964203 0.080089
-2.228110 17.277634 0.571163
-2.002384 17.263948 -0.055524
-1.850865 16.997705 -0.380635
-2.229001 17.185150 0.601145
-2.063665 17.008312 0.164562
-1.961610 16.911222 -0.065862
-1.900977 16.951691 -0.233828
-2.109114 17.165777 0.278533
-1.929771 17.082108 -0.209551
-2.181081 17.239843 0.448670
-2.210240 17.491838 0.472089
-1.934993 16.895521 -0.119032
-2.003227 17.165123 -0.014762
-1.884502 16.840084 -0.268705
-2.121279 17.080999 0.313397
-1.858425 16.815460 -0.343902
-1.911651 17.077814 -0.243157
-1.927886 17.210085 -0.248078
-1.925439 17.206482 -0.259482
-2.193155 17.366787 0.454652
-2.072240 17.141556 0.164746
-2.103083 17.399067 0.190967
-1.979391 17.047987 -0.070956
-1.856245 16.821817 -0.354912
-2.224333 17.526318 0.505258
-1.878270 16.951557 -0.307838
-1.888498 16.865759 -0.248557
-2.019531 17.091064 0.022053
-1.863102 16.937014 -0.353483
-1.937379 17.013491 -0.174869
-2.002964 17.303762 -0.069989
-2.089913 17.400888 0.174798
-2.227892 17.419796 0.529543
-1.855280 16.934828 -0.377159
-2.080174 17.271238 0.164346
-1.874825 17.182037 -0.375604
-1.868572 17.060753 -0.346914
-2.099368 17.297871 0.228809
-1.874527 17.181364 -0.387956
-1.858048 17.054396 -0.361941
-1.859492 17.167231 -0.424551
-2.160694 17.159010 0.428147
-1.996124 17.182690 -0.078249
-2.024841 17.011665 0.059848
-2.003399 17.314749 -0.072416
-2.230680 17.326195 0.559210
-1.844008 17.044142 -0.397081
-2.222663 17.227341 0.587420
-2.061829 17.055513 0.146888
-1.958143 16.956875 -0.084535
-1.903988 16.998390 -0.255628
-2.106178 17.212053 0.264012
-2.206510 17.539406 0.460826
-1.924210 17.128794 -0.225480
-2.183789 17.290367 0.433523
-1.933009 16.941519 -0.139623
-2.009244 17.216658 -0.032868
-2.117079 17.126106 0.298731
-1.876605 16.884531 -0.287361
-1.904798 17.124254 -0.259609
-1.928153 17.261087 -0.267068
-2.191269 17.415070 0.442333
-1.920513 17.256668 -0.274819
-1.850525 16.859903 -0.362556
-2.060784 17.186731 0.150733
-2.107106 17.454712 0.177768
-1.845018 16.865208 -0.370591
-1.978096 17.095623 -0.090204
-2.018978 17.138489 0.004904
-1.879961 16.998940 -0.330537
-1.887060 16.912209 -0.270724
-1.859791 16.983673 -0.374968
-2.001508 17.356194 -0.085381
-1.937921 17.061825 -0.195170
-2.088516 17.451466 0.160153
-2.228320 17.471266 0.519575
-2.077538 17.319719 0.149934
-1.849550 16.981255 -0.396386
-1.875613 17.234423 -0.396546
-1.872408 17.111046 -0.370561
-2.101464 17.349773 0.214492
-1.871054 17.232817 -0.405585
-1.861526 17.104330 -0.386450
-2.001253 17.365526 -0.089155
-1.852885 17.217737 -0.441647
-1.986831 17.229837 -0.092828
-2.025800 17.058514 0.041157
-2.228798 17.374491 0.546887
-2.159222 17.206581 0.411324
-2.227675 17.275206 0.573583
-1.851143 17.096413 -0.424078
-1.901945 17.046230 -0.276973
-1.959266 17.004751 -0.106041
-2.103928 17.259975 0.250836
-2.057740 17.103514 0.128651
-1.929096 17.181099 -0.246923
-2.174565 17.335682 0.419683
-1.936955 16.988113 -0.161768
-2.011167 17.268284 -0.050481
-2.117852 17.172863 0.282473
-1.875163 16.930973 -0.309528
-2.188064 17.464035 0.429111
-1.921110 17.308954 -0.293325
-1.921000 17.311136 -0.282591
-1.909876 17.176659 -0.283492
-1.845040 16.904572 -0.383470
-2.054300 17.233557 0.135128
-2.103978 17.506704 0.166725
-1.842858 16.910925 -0.394481
-1.974904 17.144415 -0.109152
-1.875496 17.046541 -0.349623
-2.007847 17.184944 -0.008622
-2.092448 17.504042 0.144781
-1.884710 16.957829 -0.292176
-1.998565 17.408272 -0.098856
-1.854033 17.031029 -0.394576
-1.932910 17.108973 -0.212682
-2.072649 17.368998 0.134958
-1.874531 17.287027 -0.416811
-1.839174 17.027315 -0.413542
-2.108890 17.403673 0.199446
-1.871262 17.285666 -0.425327
-1.870996 17.162378 -0.391312
-1.997237 17.416527 -0.105218
-1.862557 17.154959 -0.409081
-1.849960 17.269638 -0.460855
-1.982153 17.278271 -0.109860
-2.226337 17.423254 0.535763
-2.023956 17.105698 0.023482
-2.226395 17.322100 0.560434
-2.165611 17.258514 0.394061
-1.848463 17.146564 -0.444974
-1.894706 17.093243 -0.294667
-2.108468 17.311180 0.234635
-1.957585 17.052963 -0.126530
-1.921969 17.230227 -0.262070
-2.050873 17.150917 0.111807
-2.166936 17.383463 0.406470
-2.109581 17.217125 0.268675
-2.009736 17.319786 -0.065499
-1.936231 17.035273 -0.182217
-2.189612 17.515474 0.416363
-1.872785 16.977522 -0.331358
-1.905741 17.225538 -0.302098
-1.918053 17.363974 -0.302183
-1.914617 17.361578 -0.307880
-1.845052 16.952280 -0.407933
-2.063069 17.286619 0.115238
-2.109568 17.565731 0.153774
-1.973001 17.193441 -0.127580
-2.018478 17.237764 -0.029185
-1.833967 16.957336 -0.413555
-2.087668 17.555422 0.132351
-1.862677 17.093304 -0.364902
-2.003267 17.466307 -0.116826
-1.880439 17.005539 -0.313706
-1.853798 17.080488 -0.417354
-1.923253 17.155756 -0.228122
-2.073064 17.421211 0.118876
-1.863303 17.336229 -0.431462
-1.989535 17.466116 -0.119171
-2.105404 17.455315 0.187537
-1.864050 17.337561 -0.441603
-1.841330 17.077936 -0.438954
-2.227006 17.472958 0.524104
-1.985528 17.331156 -0.129770
-1.870489 17.214518 -0.412782
-1.849398 17.323622 -0.483076
-2.229535 17.370178 0.547273
-1.860758 17.206854 -0.431073
-2.016176 17.152269 0.007357
-1.844822 17.197756 -0.465909
-2.160374 17.307465 0.378213
-2.109321 17.360968 0.220544
-1.899998 17.144814 -0.320617
-1.923088 17.283907 -0.282537
-1.956808 17.101986 -0.147738
-2.050819 17.200668 0.092315
-2.112880 17.266224 0.252703
-2.173075 17.437138 0.390891
-2.005143 17.371267 -0.080364
-1.935452 17.084291 -0.203424
-1.920985 17.419266 -0.324081
-1.919172 17.418404 -0.328769
-1.866670 17.024523 -0.351832
-1.903369 17.277910 -0.322893
-1.839484 16.999735 -0.429984
-2.061860 17.337303 0.098148
-1.969778 17.243151 -0.146910
-2.014132 17.287493 -0.045738
-1.824740 17.002451 -0.433116
-1.868899 17.144751 -0.391191
-1.999334 17.520348 -0.130720
-1.871547 17.051949 -0.332786
-1.847626 17.129333 -0.438582
-2.075675 17.474474 0.102599
-1.929592 17.209333 -0.251867
-1.867306 17.393360 -0.456890
-1.990412 17.521544 -0.137957
-1.866594 17.393414 -0.464736
-2.107774 17.510347 0.172944
-1.850099 17.378771 -0.505153
-2.227291 17.418108 0.534081
-1.864812 17.264900 -0.430223
-1.979860 17.381552 -0.147221
-1.839774 17.128071 -0.462634
-1.852855 17.257109 -0.448698
-2.019274 17.202024 -0.012290
-1.839693 17.248592 -0.484928
-2.099814 17.408957 0.208012
-2.151068 17.355574 0.363235
-1.891768 17.193792 -0.338730
-1.918680 17.335470 -0.299838
-1.948278 17.148760 -0.165963
-2.112085 17.315414 0.237224
-2.166707 17.486082 0.377820
-2.002364 17.424376 -0.096665
-2.049227 17.251936 0.073984
-1.923237 17.129654 -0.219535
-1.912839 17.471270 -0.340024
-1.916857 17.474735 -0.347771
-1.897310 17.328867 -0.341578
-1.871243 17.075377 -0.379509
-1.834821 17.048000 -0.452754
-2.060598 17.389845 0.080300
-1.968726 17.294846 -0.166813
-2.006074 17.336740 -0.060558
-1.868582 17.196991 -0.415106
-1.833161 17.055740 -0.465721
-2.074192 17.527832 0.086815
-1.847884 17.181099 -0.463697
-1.861547 17.446512 -0.475465
-1.924470 17.260191 -0.270894
-1.879228 17.104683 -0.361374
-2.109896 17.567137 0.160035
-1.860206 17.448906 -0.482864
-2.227575 17.468386 0.521177
-1.861498 17.317368 -0.450678
-1.845194 17.434601 -0.525197
-1.970812 17.432762 -0.162455
-1.833930 17.178200 -0.483378
-1.852841 17.311552 -0.472503
-2.008713 17.247995 -0.027024
-1.841161 17.303377 -0.510650
-2.104075 17.462833 0.193113
-2.152397 17.408630 0.346423
-1.887769 17.244627 -0.360536
-1.913309 17.388073 -0.317179
-2.105021 17.362703 0.222810
-2.001756 17.479467 -0.113537
-2.164683 17.539009 0.363603
-1.950552 17.201511 -0.188842
-2.047275 17.302834 0.054789
-1.926442 17.182289 -0.242751
-1.894880 17.383085 -0.363132
-1.862320 17.122704 -0.398968
-1.833454 17.098238 -0.478877
-2.053807 17.440271 0.065618
-2.009778 17.390913 -0.079992
-1.963579 17.346634 -0.186223
-1.863671 17.247000 -0.436194
-1.825719 17.103407 -0.487097
-1.924320 17.312687 -0.291512
-1.844429 17.232380 -0.487079
-1.874896 17.154232 -0.383665
-2.229148 17.518900 0.508795
-1.972234 17.488646 -0.182824
-1.860522 17.372849 -0.474524
-1.847849 17.364338 -0.494722
-1.835642 17.231226 -0.510790
-2.009863 17.300764 -0.047128
-1.833750 17.355932 -0.530611
-2.105151 17.517622 0.177991
-1.917093 17.446037 -0.340555
-2.147815 17.460144 0.331537
-1.881348 17.295223 -0.380086
-2.107634 17.415987 0.206522
-1.993395 17.532318 -0.127429
-1.944164 17.251198 -0.208020
-2.045075 17.355490 0.037278
-1.932036 17.236073 -0.268604
-1.895223 17.437878 -0.386081
-1.857986 17.172249 -0.421259
-1.825984 17.146830 -0.500632
-2.049738 17.493141 0.048785
-2.002928 17.443186 -0.095426
-1.957853 17.398886 -0.204433
-1.860522 17.300497 -0.459471
-1.820997 17.153517 -0.510625
-1.917298 17.364689 -0.310242
-1.838528 17.284355 -0.508582
-1.869601 17.204823 -0.405996
-1.963705 17.541229 -0.200017
-1.858033 17.428909 -0.496831
-1.845001 17.420036 -0.517890
-2.007326 17.352116 -0.065122
-1.830901 17.411629 -0.553778
-2.112085 17.469961 0.189177
-1.879107 17.349539 -0.404083
-2.149445 17.515406 0.314827
-1.936789 17.302858 -0.227615
-1.922510 17.284800 -0.287248
-2.043397 17.409529 0.017808
-1.857830 17.225512 -0.447998
-1.817551 17.196461 -0.522427
-2.050039 17.549057 0.031184
-2.000118 17.497215 -0.112111
-1.945308 17.448782 -0.220000
-1.854951 17.353758 -0.480493
-1.815889 17.204193 -0.535395
-1.912448 17.418674 -0.329545
-1.832241 17.336895 -0.531327
-1.863344 17.256451 -0.428366
-1.835693 17.473740 -0.537553
-2.010643 17.406858 -0.085801
-1.823407 17.466961 -0.574873
-2.108759 17.522623 0.174437
-1.876287 17.404318 -0.426880
-1.937133 17.357676 -0.250575
-1.916971 17.337147 -0.307900
-2.033058 17.460505 0.002038
-1.854895 17.278177 -0.473343
-1.946865 17.506620 -0.243570
-1.852677 17.408985 -0.504867
-1.914001 17.476503 -0.353111
-1.827740 17.391991 -0.555883
-1.857992 17.308886 -0.451455
-2.003049 17.459341 -0.103342
-1.936158 17.413170 -0.274437
-1.916928 17.392521 -0.332099
-1.846739 17.330950 -0.495414
-1.844772 17.465826 -0.527585
-1.828325 17.451612 -0.585603
-1.854976 17.364334 -0.477936
-1.998559 17.513695 -0.121795
-1.909489 17.446012 -0.352453
-1.929935 17.469706 -0.295403
-1.842786 17.386505 -0.521555
-1.849539 17.419544 -0.502160
-1.836029 17.442396 -0.546679
-1.841822 17.476480 -0.527324
-2.157965 16.700304 0.530861
-2.172225 16.740685 0.513369
-2.174388 16.769587 0.551721
-2.147089 16.702114 0.502278
-2.167896 16.782190 0.497705
-2.057436 16.691704 0.257714
-2.184654 16.814056 0.536596
-2.063189 16.712933 0.274316
-2.167279 16.742191 0.483486
-2.169908 16.822817 0.481976
-2.190347 16.789484 0.572811
-2.064419 16.733080 0.240658
-2.078131 16.690226 0.311537
-2.184153 16.858189 0.521659
-2.135691 16.703384 0.475304
-2.077673 16.757421 0.256163
-2.185812 16.770826 0.608644
-2.159418 16.783306 0.467199
-1.971145 16.679790 0.041804
-2.169688 16.863302 0.466116
-2.200270 16.832655 0.557219
-1.972041 16.693316 0.042716
-2.043844 16.695839 0.227005
-2.065054 16.775333 0.223676
-2.088231 16.732567 0.293876
-2.179604 16.901472 0.507691
-2.151387 16.744120 0.455866
-2.081800 16.801001 0.239431
-2.215212 16.813700 0.590487
-2.160980 16.825441 0.449860
-2.161678 16.904324 0.452282
-1.981382 16.722229 0.021701
-1.987946 16.673409 0.075989
-2.110782 16.713926 0.327185
-2.204433 16.875292 0.540869
-1.973049 16.735943 0.026588
-2.059642 16.737606 0.204746
-2.063868 16.816875 0.207798
-1.939014 16.678226 -0.137844
-2.088278 16.776232 0.277728
-2.122332 16.698927 0.442271
-2.180770 16.946218 0.494109
-2.217076 16.786507 0.625976
-2.148120 16.785614 0.437406
-2.071687 16.844965 0.227621
-2.213102 16.855343 0.574969
-2.156265 16.866587 0.433356
-2.101424 16.690887 0.365843
-2.160489 16.945860 0.436411
-1.986057 16.765337 0.003760
-2.040439 16.698664 0.192359
-1.961040 16.689110 0.007377
-1.983946 16.716230 0.060805
-2.086417 16.756220 0.315306
-2.201697 16.919283 0.525807
-2.054340 16.780170 0.189072
-1.984510 16.780499 0.006226
-2.066688 16.860203 0.190579
-1.924266 16.722763 -0.147860
-2.085202 16.818933 0.262191
-1.921546 16.664169 -0.100589
-2.139022 16.741522 0.419271
-2.180597 16.991650 0.479659
-2.217372 16.827454 0.608526
-2.149268 16.828325 0.418838
-2.071139 16.890039 0.212315
-2.201188 16.895607 0.559658
-1.932803 16.743336 -0.154453
-2.154114 16.909172 0.417464
-1.990585 16.701197 0.093718
-2.155591 16.987844 0.421980
-1.981088 16.809204 -0.011436
-2.051190 16.741564 0.170667
-1.985651 16.731260 -0.020082
-2.102959 16.798712 0.294759
-1.986392 16.759205 0.042731
-2.191793 16.961462 0.512320
-2.051813 16.822399 0.172325
-2.064907 16.903152 0.175543
-1.983069 16.824757 -0.008341
-1.926156 16.766209 -0.164719
-2.081571 16.862112 0.247870
-2.177675 17.036482 0.466672
-2.135305 16.784527 0.399201
-2.216773 16.867577 0.591820
-1.889540 16.743464 -0.240912
-1.889307 16.743196 -0.244210
-2.148185 16.870895 0.400140
-2.074666 16.935024 0.196430
-2.006474 16.679255 0.122001
-2.204417 16.938356 0.543677
-1.924125 16.787659 -0.168210
-2.020977 16.696238 0.154127
-2.159189 17.030952 0.406859
-2.109761 16.773207 0.328540
-2.152511 16.951281 0.400364
-2.002669 16.743414 0.072903
-1.949558 16.699970 -0.028287
-1.979821 16.852621 -0.028065
-1.910449 16.717182 -0.164978
-2.049180 16.784254 0.152327
-1.975674 16.775328 -0.034334
-2.094908 16.840673 0.280550
-1.995070 16.804098 0.023452
-2.185041 17.003672 0.498611
-2.064049 16.945990 0.160151
-2.057924 16.865849 0.152441
-1.980697 16.869125 -0.022544
-1.920078 16.811033 -0.177486
-2.086577 16.906511 0.230413
-1.917718 16.750771 -0.134353
-2.213907 16.908497 0.574604
-2.174750 17.081312 0.453690
-2.135112 16.827925 0.379764
-1.890463 16.787958 -0.257786
-1.888376 16.787918 -0.260366
-2.142465 16.914026 0.383244
-2.074484 16.980459 0.181988
-2.199517 16.980339 0.529249
-2.012250 16.721420 0.101637
-1.883677 16.729149 -0.232061
-2.161857 17.074169 0.392103
-1.915854 16.831408 -0.180730
-1.876544 16.725222 -0.243665
-2.105968 16.814245 0.311681
-2.037247 16.739407 0.129903
-2.010669 16.785711 0.052678
-2.145345 16.994062 0.385424
-1.909122 16.673964 -0.216196
-1.968781 16.741957 -0.055651
-1.892664 16.665035 -0.239157
-1.981668 16.896996 -0.045293
-2.039414 16.826542 0.136394
-1.918516 16.761448 -0.188407
-1.969024 16.818583 -0.050872
-2.096796 16.884113 0.263698
-2.245022 16.969936 0.649736
-1.990131 16.847031 0.008642
-2.192468 17.049402 0.484214
-2.066857 16.989307 0.142948
-2.049866 16.907814 0.138239
-1.981065 16.914087 -0.038199
-1.925226 16.738369 -0.111130
-1.917292 16.855976 -0.192918
-2.086057 16.950647 0.215497
-1.934467 16.678150 -0.074285
-1.927495 16.794712 -0.156052
-2.214602 16.948872 0.558400
-2.169967 17.126369 0.441432
-2.139922 16.871124 0.359387
-1.884557 16.831944 -0.272613
-1.885625 16.831926 -0.275418
-2.144867 16.957922 0.364804
-2.075598 17.026140 0.168045
-2.204040 17.023336 0.513771
-2.003447 16.762665 0.085723
-2.164521 17.117382 0.377351
-1.891776 16.772476 -0.255107
-2.106216 16.856136 0.293861
-1.886461 16.769260 -0.267809
-1.916361 16.876471 -0.198829
-2.146336 17.036671 0.369321
-1.967413 16.700090 -0.085144
-1.886652 16.717169 -0.223422
-2.027997 16.782156 0.112376
-2.002541 16.829554 0.037714
-1.961205 16.785326 -0.071828
-1.983173 16.940067 -0.062989
-1.911347 16.804247 -0.203349
-2.043668 16.870218 0.117233
-1.966826 16.862114 -0.067136
-1.912214 16.735533 -0.204935
-2.102725 16.928400 0.245886
-1.987932 16.890560 -0.007621
-2.190091 17.093758 0.470024
-2.243896 17.013437 0.630670
-2.064139 17.032366 0.128285
-2.057234 16.952444 0.118480
-1.983246 16.959757 -0.054947
-1.939775 16.781849 -0.137071
-1.914501 16.900917 -0.208344
-2.083304 16.994644 0.200451
-2.205832 16.989166 0.542876
-1.935781 16.720037 -0.094912
-1.921589 16.838697 -0.170878
-2.178990 17.174574 0.427634
-2.132898 16.914005 0.342002
-1.883386 16.876392 -0.292057
-1.886879 16.877714 -0.291808
-2.136057 16.999155 0.348902
-2.077225 17.072275 0.152515
-2.192825 17.065268 0.499803
-2.162174 17.160795 0.363547
-2.016004 16.806274 0.062946
-2.100563 16.897400 0.277730
-2.148589 17.080462 0.353336
-1.885834 16.817398 -0.270312
-1.915048 16.920820 -0.215825
-1.883849 16.813368 -0.285304
-1.953012 16.742945 -0.099279
-1.903194 16.760517 -0.252524
-2.001820 16.872494 0.019880
-2.023751 16.824709 0.093911
-1.981306 16.984886 -0.078770
-1.958256 16.828131 -0.089798
-1.896997 16.752321 -0.282644
-1.905065 16.847868 -0.219026
-2.044389 16.913502 0.097450
-1.967919 16.905762 -0.086064
-1.905185 16.778429 -0.222322
-2.094627 16.971298 0.231311
-1.991966 16.936007 -0.025087
-2.193431 17.139568 0.456222
-2.068169 17.077797 0.110826
-2.236494 17.055948 0.612439
-2.056848 16.996674 0.101127
-1.980790 17.005989 -0.069893
-2.209976 17.031801 0.526549
-1.912633 16.945742 -0.224125
-1.932193 16.825218 -0.153242
-2.088085 17.040810 0.184695
-1.918048 16.882914 -0.188010
-1.947176 16.763496 -0.120627
-2.179884 17.222017 0.415390
-1.884047 16.923588 -0.307609
-1.879629 16.922380 -0.307499
-2.125458 16.957460 0.323389
-2.137899 17.043522 0.331685
-2.201759 17.109470 0.484224
-2.150434 17.202267 0.351181
-2.071472 17.118380 0.140244
-2.100251 16.939764 0.261133
-2.012129 16.849190 0.045337
-2.138294 17.122282 0.339016
-1.917400 16.965647 -0.234632
-1.885587 16.861736 -0.290113
-1.999617 16.916023 0.003623
-1.944682 16.785589 -0.117158
-1.881713 16.858868 -0.304766
-1.980878 17.030046 -0.096497
-1.889499 16.805042 -0.265327
-1.958048 16.871532 -0.109220
-2.029959 16.869196 0.071211
-1.883854 16.796370 -0.296658
-1.969899 16.950228 -0.105727
-2.047672 16.958220 0.078279
-1.907935 16.893162 -0.239430
-1.903123 16.822060 -0.241027
-2.091533 17.013996 0.215797
-2.250065 17.180874 0.606157
-1.875080 16.743036 -0.236073
-2.062627 17.122124 0.096871
-2.190494 17.184393 0.443255
-1.990988 16.981651 -0.041605
-2.254506 17.256643 0.616489
-1.893019 16.746037 -0.246392
-2.234808 17.099924 0.594595
-1.862479 16.729601 -0.281075
-2.048707 17.040506 0.086180
-1.984228 17.052834 -0.086516
-2.205618 17.073307 0.510922
-1.915660 16.993164 -0.241982
-2.084363 17.085850 0.169640
-1.926798 16.869661 -0.169654
-1.921292 16.928570 -0.207558
-1.935512 16.806953 -0.136213
-2.182039 17.270639 0.403266
-1.879573 16.967911 -0.324372
-1.886324 16.970284 -0.327172
-2.122470 17.001192 0.305050
-2.162780 17.249641 0.335105
-2.138399 17.088570 0.313599
-2.198448 17.153934 0.470403
-2.071612 17.165098 0.126296
-2.098600 16.982811 0.243666
-2.009176 16.891993 0.027374
-2.140467 17.167938 0.322282
-1.914563 17.011513 -0.250425
-1.880563 16.906540 -0.305667
-1.983564 17.076160 -0.114823
-2.000118 16.961081 -0.014467
-1.886023 16.904503 -0.327117
-1.940392 16.829082 -0.135997
-1.955056 16.915270 -0.127560
-1.885207 16.848536 -0.284162
-2.028787 16.913643 0.051772
-1.874377 16.840904 -0.312485
-1.964499 16.994661 -0.122130
-1.909875 16.938564 -0.259468
-2.095561 17.059433 0.198340
-2.044091 17.003361 0.060777
-1.899720 16.866373 -0.260600
-2.061126 17.167294 0.081958
-2.187553 17.229216 0.430292
-2.245077 17.224720 0.590993
-2.251226 17.300163 0.603056
-1.989632 17.026928 -0.058971
-1.891205 16.786961 -0.266403
-2.053284 17.085461 0.067514
-1.888354 16.789171 -0.266084
-1.872671 16.773838 -0.310101
-2.236200 17.145792 0.575772
-1.981728 17.099991 -0.101831
-2.206050 17.116388 0.496042
-1.915565 17.039621 -0.259230
-1.926032 16.913538 -0.187858
-2.078231 17.131590 0.156521
-1.933999 16.850109 -0.156127
-1.918972 16.974899 -0.224944
-2.175726 17.317209 0.392221
-2.156342 17.293137 0.321900
-1.879066 17.014942 -0.342852
-1.882184 17.015900 -0.343456
-2.133961 17.131947 0.297222
-2.196987 17.198170 0.455868
-2.121633 17.046930 0.286091
-2.073903 17.213818 0.111730
-2.102289 17.026955 0.225735
-2.010264 16.935642 0.008452
-2.134547 17.211899 0.307481
-1.914982 17.058428 -0.269262
-1.883941 16.952286 -0.327653
-1.879693 16.949053 -0.343159
-1.999313 17.005884 -0.033044
-1.979761 17.123066 -0.130628
-1.883101 16.893097 -0.303238
-1.939732 16.873995 -0.157027
-1.953805 16.961584 -0.147751
-2.019860 16.957691 0.034739
-1.873714 16.885813 -0.333512
-2.086900 17.102804 0.184991
-1.907730 16.984053 -0.278917
-1.970406 17.042770 -0.143884
-2.041058 17.048023 0.042067
-2.061064 17.212801 0.065099
-1.898130 16.911392 -0.281266
-2.241011 17.268452 0.575475
-2.190257 17.277363 0.416960
-1.994508 17.074118 -0.077539
-1.886502 16.831022 -0.286464
-2.049181 17.130131 0.051619
-1.883687 16.832296 -0.285765
-1.863408 16.816593 -0.327605
-2.230802 17.190207 0.559384
-1.984198 17.147867 -0.118455
-2.200724 17.158932 0.480412
-1.911765 17.086519 -0.275025
-2.080741 17.178528 0.140277
-1.928490 16.959389 -0.209474
-1.920360 17.020758 -0.243751
-1.928782 16.893698 -0.174586
-2.181371 17.367126 0.380370
-2.144010 17.335999 0.310394
-1.880791 17.062086 -0.361179
-1.882608 17.062794 -0.362277
-2.199020 17.243706 0.441601
-2.132946 17.178493 0.280354
-2.123916 17.093603 0.266549
-2.071229 17.261782 0.098508
-2.096004 17.070539 0.210092
-2.138397 17.258137 0.292121
-2.009983 16.980885 -0.011701
-1.914482 17.105425 -0.287718
-1.881289 16.997290 -0.345491
-1.878858 16.994762 -0.362094
-2.002007 17.051979 -0.051350
-1.975591 17.169577 -0.147263
-1.878812 16.936558 -0.322045
-1.948552 17.006086 -0.166574
-1.936300 16.919212 -0.176953
-2.087225 17.148657 0.169003
-1.873611 16.930210 -0.355725
-2.019581 17.002926 0.014591
-2.058606 17.258978 0.050196
-1.964085 17.087280 -0.159897
-1.904117 17.030096 -0.296769
-2.044269 17.094566 0.022175
-1.891438 16.955549 -0.298138
-2.187659 17.323444 0.404504
-2.240782 17.314768 0.560707
-1.990753 17.120056 -0.092941
-1.884620 16.873781 -0.307207
-2.048168 17.176661 0.034758
-1.883211 16.876337 -0.308838
-2.199856 17.201729 0.465065
-1.866603 16.861118 -0.352495
-1.976182 17.194733 -0.131207
-2.225371 17.235533 0.542633
-1.913833 17.134941 -0.292869
-2.076806 17.225304 0.126941
-1.923060 17.004728 -0.226233
-1.922606 17.068350 -0.263665
-1.929981 16.938349 -0.196309
-2.150423 17.383646 0.295651
-2.177593 17.416025 0.369583
-1.875697 17.108711 -0.377457
-1.876587 17.109531 -0.378195
-2.192929 17.288473 0.428890
-2.127888 17.224180 0.264458
-2.061769 17.308298 0.087712
-2.092837 17.115074 0.193851
-2.137755 17.305023 0.276119
-2.115331 17.138908 0.250021
-2.002398 17.024216 -0.027834
-1.909386 17.152046 -0.303993
-1.878565 17.044153 -0.364082
-1.970905 17.215622 -0.162303
-1.870647 17.040438 -0.377770
-1.996575 17.097311 -0.068103
-1.879385 16.983545 -0.343309
-1.956874 17.053459 -0.190236
-2.050285 17.303604 0.037354
-1.939830 16.965027 -0.201363
-2.085695 17.194733 0.153734
-1.871992 16.976126 -0.376744
-1.904171 17.076614 -0.316436
-1.957689 17.133656 -0.176667
-2.024233 17.049822 -0.007255
-2.038836 17.139893 0.005424
-2.180977 17.369617 0.392632
-1.891635 17.002172 -0.320254
-2.239250 17.360834 0.545445
-1.989150 17.167999 -0.108967
-2.046226 17.223301 0.018260
-1.879885 16.918747 -0.327625
-2.195244 17.245909 0.450781
-1.884889 16.922380 -0.332530
-1.860602 16.904900 -0.373029
-1.974952 17.243029 -0.146375
-2.222128 17.281925 0.525643
-1.908183 17.182035 -0.307929
-2.072868 17.272074 0.113609
-1.928227 17.052076 -0.249668
-1.916585 17.115089 -0.279581
-1.923250 16.983440 -0.213561
-1.877903 17.157221 -0.397741
-2.176003 17.465986 0.358556
-1.877867 17.158155 -0.398119
-2.189063 17.333372 0.416318
-2.116627 17.267014 0.250153
-2.130395 17.348600 0.263299
-2.091521 17.159378 0.176896
-2.069264 17.361797 0.071194
-1.903362 17.198778 -0.319904
-2.113016 17.185196 0.232668
-2.004306 17.070515 -0.048221
-1.972593 17.263666 -0.180991
-1.875802 17.091944 -0.383046
-1.997413 17.143618 -0.085681
-1.870252 17.088461 -0.399045
-1.881949 17.030396 -0.367731
-2.054538 17.353075 0.019279
-1.947396 17.097944 -0.206023
-2.081008 17.240780 0.138696
-1.961784 17.181005 -0.197290
-1.936393 17.010233 -0.221281
-1.866701 17.021557 -0.395942
-1.896473 17.122740 -0.333697
-2.034292 17.186037 -0.012061
-2.021133 17.096321 -0.026696
-1.888196 17.047375 -0.340170
-2.182167 17.419245 0.380525
-2.234935 17.407234 0.531267
-1.982235 17.213909 -0.124139
-2.037118 17.268137 0.003334
-1.875147 16.963709 -0.348039
-2.196901 17.291069 0.435673
-1.877034 16.966383 -0.352339
-1.967821 17.290709 -0.159856
-1.851269 16.949495 -0.391267
-1.906540 17.230902 -0.324325
-2.223302 17.329523 0.508546
-2.062692 17.316931 0.101490
-2.145176 17.476719 0.270373
-1.920940 17.097635 -0.265699
-1.909670 17.161005 -0.294755
-1.923998 17.029587 -0.236885
-1.874922 17.206772 -0.415010
-2.165058 17.513081 0.349345
-2.190467 17.381229 0.402523
-1.872695 17.206638 -0.415145
-2.123108 17.316635 0.232211
-2.133579 17.398092 0.248030
-2.085569 17.204247 0.161742
-2.063807 17.410078 0.059066
-1.905492 17.249146 -0.340938
-1.997607 17.114662 -0.065084
-1.968756 17.311453 -0.197138
-2.106243 17.231205 0.215052
-1.865733 17.137840 -0.397995
-1.995948 17.191652 -0.104146
-1.867112 17.135883 -0.418858
-2.053265 17.402288 0.003744
-1.876103 17.076298 -0.385711
-1.947926 17.145849 -0.227653
-2.079437 17.287781 0.123058
-1.948970 17.226301 -0.210777
-1.862298 17.067804 -0.415873
-1.931064 17.056599 -0.240855
-1.890037 17.170046 -0.350839
-2.026038 17.232634 -0.028103
-2.179311 17.468023 0.369387
-2.017104 17.142929 -0.045772
-1.976957 17.261364 -0.138339
-1.886499 17.095148 -0.361935
-2.039143 17.317478 -0.014874
-2.237192 17.456842 0.516360
-2.195776 17.336563 0.421646
-1.872776 17.008898 -0.370758
-1.971447 17.342520 -0.177472
-1.874074 17.012983 -0.374224
-1.855826 16.996220 -0.418851
-1.909007 17.282560 -0.344881
-2.072929 17.371023 0.083519
-2.221657 17.378391 0.492155
-1.920542 17.145653 -0.286968
-1.903607 17.208670 -0.311041
-1.923300 17.075384 -0.258254
-2.185634 17.427170 0.389941
-1.871528 17.256887 -0.433506
-1.872934 17.258163 -0.435835
-2.135459 17.447329 0.232273
-2.118381 17.363607 0.216803
-2.083659 17.249954 0.145629
-2.062693 17.461424 0.046076
-2.000774 17.162134 -0.085346
-1.903023 17.299143 -0.359791
-1.965771 17.360989 -0.214398
-2.109195 17.280445 0.196481
-1.870232 17.188444 -0.421339
-1.990848 17.238270 -0.120411
-1.863345 17.185646 -0.438210
-1.865623 17.122766 -0.401890
-1.941114 17.192791 -0.245645
-2.072340 17.334526 0.109960
-1.954768 17.277147 -0.233624
-1.894160 17.220284 -0.375035
-1.932146 17.104033 -0.263697
-2.019636 17.278997 -0.044860
-2.173335 17.515844 0.358856
-1.862895 17.117672 -0.440703
-2.033451 17.365492 -0.030299
-2.237629 17.505735 0.502555
-1.977091 17.311865 -0.156204
-1.877497 17.141026 -0.379685
-2.012110 17.190580 -0.064863
-2.191120 17.381668 0.406997
-1.869778 17.056429 -0.393017
-1.970136 17.392666 -0.193383
-1.870737 17.059214 -0.396957
-1.903653 17.331869 -0.359831
-1.845489 17.042789 -0.437478
-2.069838 17.419533 0.069085
-1.916473 17.193186 -0.306415
-2.216892 17.426296 0.476372
-1.909920 17.259972 -0.335478
-2.178909 17.474268 0.377703
-1.867616 17.306540 -0.450406
-1.918858 17.122564 -0.278558
-1.870464 17.308157 -0.454685
-2.137675 17.497856 0.216995
-2.073285 17.293610 0.130593
-2.120740 17.414240 0.199076
-2.060613 17.513811 0.033072
-1.901479 17.349016 -0.378998
-1.962747 17.411451 -0.232031
-1.992144 17.208370 -0.102239
-1.869757 17.238314 -0.443356
-2.108064 17.329769 0.178501
-1.981112 17.285452 -0.134874
-1.860127 17.234924 -0.458770
-2.077853 17.385181 0.092008
-1.872630 17.173698 -0.429987
-1.933373 17.239841 -0.263273
-1.950481 17.326439 -0.251376
-1.890389 17.270037 -0.394380
-1.855707 17.164251 -0.459546
-1.925475 17.151073 -0.284134
-2.026145 17.331503 -0.066375
-2.033206 17.415619 -0.049010
-1.973552 17.361881 -0.172249
-1.885430 17.191839 -0.408140
-2.187175 17.428429 0.393680
-2.005634 17.238817 -0.082376
-1.967271 17.445263 -0.208472
-1.857621 17.102287 -0.410541
-1.866809 17.106852 -0.418852
-1.901482 17.384087 -0.378579
-1.848151 17.090662 -0.464712
-2.067420 17.470629 0.055605
-1.904546 17.239302 -0.320635
-1.904670 17.310312 -0.353248
-2.214689 17.475632 0.461203
-2.175673 17.522680 0.365719
-1.863254 17.357689 -0.468911
-1.864285 17.358601 -0.472093
-1.913486 17.169853 -0.298499
-2.082468 17.344751 0.110824
-2.121207 17.466028 0.181695
-1.897490 17.400524 -0.396648
-1.956940 17.462250 -0.248580
-1.984814 17.254850 -0.118634
-1.865948 17.288996 -0.463077
-1.987245 17.337589 -0.157239
-2.105967 17.380136 0.160507
-1.858687 17.285835 -0.480801
-2.078731 17.436398 0.075858
-1.862660 17.220613 -0.447747
-1.946671 17.377113 -0.271093
-1.933750 17.291464 -0.286402
-1.888058 17.320122 -0.415671
-2.027847 17.464918 -0.063950
-2.020965 17.379972 -0.083385
-2.181963 17.474003 0.380251
-1.853519 17.214447 -0.483287
-1.973644 17.413301 -0.190482
-1.913653 17.198221 -0.301177
-1.879093 17.240164 -0.428094
-2.011909 17.291059 -0.107188
-1.957689 17.494558 -0.220381
-1.862097 17.150858 -0.438867
-1.896939 17.436068 -0.395012
-1.863910 17.155397 -0.443924
-2.064626 17.521357 0.041277
-1.842545 17.137682 -0.487949
-1.903516 17.289646 -0.341433
-1.900343 17.360533 -0.371373
-2.214640 17.526962 0.445417
-1.859227 17.410126 -0.486936
-1.856287 17.408333 -0.488398
-1.911746 17.218548 -0.320629
-2.083898 17.395500 0.093461
-2.114957 17.514507 0.167496
-1.891271 17.451891 -0.414426
-1.990608 17.305700 -0.141474
-1.859019 17.338718 -0.482189
-1.975687 17.384056 -0.170595
-1.852684 17.335442 -0.500272
-2.071554 17.484995 0.062018
-2.103831 17.431431 0.142140
-1.941415 17.427439 -0.288854
-1.860844 17.271164 -0.470630
-1.878796 17.368681 -0.432093
-1.926858 17.340258 -0.305136
-2.021148 17.514896 -0.079757
-2.180168 17.522758 0.366321
-2.009886 17.427824 -0.098708
-1.848070 17.263586 -0.503974
-1.966020 17.463398 -0.205932
-1.871790 17.289530 -0.448061
-1.919141 17.250671 -0.328072
-1.997715 17.337967 -0.121912
-1.858644 17.199875 -0.462722
-1.860831 17.204777 -0.466924
-1.839092 17.186699 -0.511803
-1.896867 17.412497 -0.390609
-1.902037 17.341488 -0.363836
-1.858456 17.463600 -0.508003
-1.854553 17.462856 -0.509484
-1.904480 17.266989 -0.340219
-2.075082 17.442554 0.078651
-2.108632 17.564850 0.152545
-1.981898 17.353788 -0.159109
-1.850645 17.388092 -0.499345
-1.974439 17.436159 -0.189696
-1.843009 17.384567 -0.517922
-2.065640 17.534767 0.048298
-1.933003 17.477739 -0.306385
-2.103884 17.483786 0.123534
-1.854430 17.321346 -0.491331
-1.927604 17.392225 -0.327401
-1.875423 17.421667 -0.454149
-1.963665 17.516441 -0.222602
-1.844024 17.313995 -0.526985
-2.008600 17.480856 -0.118184
-1.867192 17.340414 -0.469859
-1.909646 17.298973 -0.347793
-1.997945 17.389488 -0.142587
-1.852408 17.249228 -0.485492
-1.850036 17.252831 -0.487140
-1.833408 17.235575 -0.535786
-1.888277 17.463636 -0.406073
-1.902371 17.394026 -0.387331
-1.898991 17.317060 -0.361280
-2.069720 17.491858 0.063718
-1.976267 17.403761 -0.177721
-1.847609 17.442369 -0.520923
-1.969518 17.487778 -0.206975
-1.838708 17.437664 -0.539615
-1.847086 17.371634 -0.511668
-2.095330 17.533997 0.108450
-1.921523 17.443691 -0.347619
-2.001487 17.531403 -0.135217
-1.836269 17.364855 -0.548554
-1.857104 17.390110 -0.488738
-1.908716 17.350336 -0.371404
-1.992240 17.441322 -0.161953
-1.841058 17.297754 -0.504492
-1.846504 17.303699 -0.511740
-1.890288 17.443853 -0.403044
-2.068878 17.543383 0.045857
-1.895281 17.368767 -0.383810
-1.971898 17.454908 -0.196213
-1.964558 17.540321 -0.224627
-1.836960 17.422260 -0.530921
-1.914514 17.495262 -0.367472
-1.828475 17.416639 -0.570495
-1.852391 17.443779 -0.511659
-1.903151 17.402264 -0.393213
-1.988312 17.494789 -0.182788
-1.838039 17.349073 -0.530678
-1.838373 17.354200 -0.534159
-1.888449 17.419510 -0.405732
-1.967115 17.506618 -0.215930
-1.836393 17.477787 -0.557623
-1.892986 17.453821 -0.412840
-1.978895 17.547066 -0.200705
-1.830760 17.401320 -0.554208
-1.833425 17.407606 -0.560377
-1.823458 17.454462 -0.578100
-2.124614 16.719082 0.504450
-2.108315 16.742836 0.373153
-2.141621 16.798843 0.464665
-2.046678 16.733700 0.247971
-2.157121 16.727669 0.456537
-2.105027 16.785931 0.350800
-2.133140 16.840902 0.445935
-2.118335 16.750484 0.402399
-1.994658 16.737782 0.143479
-2.113715 16.777191 0.442645
-2.028124 16.778877 0.233058
-2.206925 16.932772 0.588444
-2.101533 16.828903 0.330887
-2.034495 16.713335 0.049304
-2.032966 16.708178 0.227745
-2.130085 16.882366 0.427629
-2.118935 16.793505 0.382008
-1.947911 16.721525 -0.009919
-2.027449 16.773441 0.113507
-2.057290 16.815092 0.207734
-2.127098 16.817924 0.422796
-2.204893 16.976154 0.566639
-2.100854 16.871641 0.309970
-1.991733 16.763748 0.042880
-2.019096 16.734747 0.173800
-2.135272 16.922997 0.408739
-2.030560 16.751316 0.210792
-1.973242 16.694437 0.055363
-1.941259 16.745344 -0.060945
-2.115438 16.836477 0.362098
-1.938086 16.735224 -0.091202
-1.966783 16.759434 -0.037659
-2.014583 16.817215 0.096950
-2.120237 16.860641 0.405465
-2.050390 16.858757 0.190032
-2.089556 16.715677 0.390005
-2.189293 17.019104 0.545741
-2.126435 16.748222 0.449552
-2.097016 16.914253 0.289198
-1.991467 16.805923 0.023190
-2.130337 16.964624 0.391111
-2.051176 16.790121 0.187756
-2.037103 16.773914 0.149334
-1.971442 16.737139 0.037207
-2.214324 16.983303 0.597482
-1.949158 16.785507 -0.084157
-2.113272 16.878801 0.343090
-1.944058 16.776482 -0.114112
-1.959899 16.803104 -0.055367
-2.017127 16.859152 0.076257
-2.122557 16.902449 0.387215
-2.049224 16.900072 0.171055
-2.119038 16.755323 0.367753
-2.192142 17.061399 0.525932
-2.129642 16.790882 0.430594
-1.965039 16.751568 -0.001960
-2.097667 16.956347 0.269186
-1.988383 16.848341 0.004511
-2.129154 17.005938 0.372144
-2.043679 16.834230 0.171255
-2.026347 16.819771 0.132237
-1.976552 16.779655 0.017570
-2.209866 17.026356 0.577925
-1.941337 16.829262 -0.101528
-2.113920 16.920893 0.323078
-1.938713 16.819632 -0.133357
-2.122998 16.944416 0.369641
-1.953663 16.845396 -0.073905
-2.011819 16.901361 0.057389
-2.050223 16.942535 0.151906
-1.943043 16.759365 -0.077164
-2.096951 16.803043 0.354315
-1.934442 16.758543 -0.086112
-2.198822 16.914503 0.612408
-2.127269 16.833078 0.414021
-2.189560 17.104300 0.505707
-1.973564 16.793402 -0.023805
-2.094167 16.999329 0.249286
-2.125549 17.046921 0.355420
-1.984360 16.890839 -0.013829
-2.013116 16.730040 0.143435
-2.040040 16.876150 0.154151
-2.046644 16.759268 0.203368
-2.021379 16.862343 0.114233
-1.984188 16.820631 -0.003568
-2.200030 17.069075 0.558318
-1.942610 16.870918 -0.122751
-2.115846 16.963272 0.303599
-2.027945 16.705053 0.027081
-1.931883 16.862371 -0.150692
-2.127532 16.986431 0.351592
-2.048456 16.984299 0.134136
-1.959627 16.886652 -0.096807
-2.009273 16.944269 0.037147
-1.949746 16.800421 -0.097968
-2.098912 16.847538 0.337396
-1.945498 16.798836 -0.109462
-2.194396 16.959671 0.595414
-2.129535 16.875822 0.395406
-2.192064 17.146229 0.485039
-1.965192 16.836662 -0.039602
-2.213764 17.193314 0.594038
-2.091059 17.041742 0.230624
-2.126634 17.087503 0.337020
-1.983202 16.932159 -0.032805
-2.004427 16.775040 0.129335
-2.037625 16.919298 0.137213
-2.041416 16.802645 0.187431
-2.023917 16.904284 0.093547
-1.978576 16.864592 -0.020739
-2.206083 17.110561 0.538743
-1.947688 16.911316 -0.144947
-2.112736 17.005682 0.284937
-1.934147 16.903009 -0.171881
-1.990294 16.756609 0.022774
-2.054195 17.025425 0.113682
-2.118787 17.029320 0.334946
-1.953440 16.928009 -0.114970
-2.013741 16.985111 0.016160
-2.208250 17.139448 0.591558
-1.944193 16.843445 -0.114773
-2.093960 16.892221 0.321964
-1.938016 16.842960 -0.125963
-2.134122 16.916901 0.377726
-2.191300 17.004192 0.579322
-2.208856 17.234009 0.576800
-1.964924 16.878843 -0.059284
-2.178421 17.190214 0.466415
-2.122972 17.129425 0.319934
-2.089433 17.084566 0.210058
-1.946692 16.756819 -0.024684
-1.978184 16.975677 -0.051172
-2.038025 16.962210 0.119270
-2.019937 16.817867 0.108948
-2.040334 16.845140 0.171389
-2.029118 16.944920 0.074660
-1.960000 16.729406 -0.106049
-1.938926 16.743462 -0.075973
-1.978101 16.906647 -0.037983
-2.207441 17.152445 0.520850
-2.105923 17.047474 0.267988
-1.945151 16.954229 -0.165190
-2.120554 17.070637 0.318279
-2.207833 17.179617 0.575074
-2.048277 17.068079 0.096027
-1.979134 16.802217 0.010548
-1.928797 16.946163 -0.191117
-1.948086 16.971163 -0.134204
-2.012963 17.029736 -0.005484
-1.940515 16.886314 -0.132246
-1.937804 16.884205 -0.145277
-2.127596 16.959990 0.361272
-2.093699 16.936512 0.304859
-2.188202 17.048716 0.563233
-2.212819 17.275528 0.560340
-1.967811 16.921154 -0.079105
-2.121525 17.171553 0.303044
-2.184312 17.234510 0.445740
-2.084392 17.128078 0.191705
-1.964398 16.797741 -0.047443
-1.980725 17.017616 -0.071855
-2.041343 17.003006 0.101058
-2.013174 16.861778 0.094552
-2.024144 16.987497 0.056666
-2.042014 16.888338 0.153975
-1.942906 16.777241 -0.114565
-1.944275 16.788225 -0.095476
-1.975406 16.948496 -0.055418
-2.197057 17.194679 0.502822
-2.101871 17.089968 0.249667
-1.938912 16.996525 -0.183718
-2.114077 17.112799 0.302201
-2.207649 17.222031 0.558724
-2.047391 17.110701 0.077561
-1.928788 16.987532 -0.212863
-1.976132 16.845816 -0.005192
-1.953053 17.013432 -0.157130
-1.943405 16.928623 -0.152067
-2.009472 17.072723 -0.025381
-1.938818 16.926674 -0.164427
-2.124224 17.003214 0.344681
-2.097925 16.980284 0.288513
-2.220780 17.110210 0.595197
-2.212630 17.317938 0.543992
-2.190530 17.092642 0.547570
-2.117859 17.213474 0.285963
-1.968478 16.963255 -0.099117
-2.183002 17.277697 0.426056
-1.984149 17.060410 -0.093239
-1.961687 16.842646 -0.062687
-2.083050 17.172209 0.171642
-2.040747 17.046934 0.083089
-2.010504 16.905743 0.079683
-2.022325 17.030201 0.038533
-2.040875 16.931776 0.137572
-1.937437 16.821445 -0.128435
-1.941022 16.832638 -0.109150
-1.976699 16.992268 -0.074065
-2.206548 17.237595 0.483611
-2.112971 17.155294 0.286179
-2.202482 17.263538 0.543557
-2.095888 17.133560 0.231653
-1.941950 17.039890 -0.206339
-2.044624 17.153500 0.059769
-1.929064 17.030222 -0.234111
-1.975345 16.889643 -0.020735
-1.951395 17.057220 -0.178072
-2.006320 17.116098 -0.044413
-1.940608 16.972372 -0.170241
-2.113991 17.045712 0.329941
-1.933206 16.970665 -0.181594
-2.216160 17.152227 0.578453
-2.211213 17.359146 0.527482
-2.097060 17.025045 0.272612
-2.113251 17.255501 0.269216
-2.186489 17.137274 0.531819
-1.960097 17.006548 -0.114907
-1.953733 16.887484 -0.074685
-2.080818 17.215506 0.152280
-2.180984 17.323231 0.406835
-1.981885 17.104650 -0.112980
-2.043015 17.089710 0.064476
-2.027018 17.073311 0.017677
-2.019382 16.950089 0.061280
-2.049120 16.974447 0.117807
-1.933787 16.866463 -0.143350
-1.937423 16.876719 -0.123696
-1.977646 17.035706 -0.093584
-2.194280 17.280025 0.466249
-2.202632 17.306353 0.528065
-2.112746 17.198685 0.269444
-2.097150 17.177362 0.213010
-1.938463 17.082920 -0.226251
-2.043676 17.197077 0.040929
-1.978019 16.931849 -0.038127
-1.927456 17.073072 -0.254695
-1.947020 17.099375 -0.197277
-1.943489 17.014700 -0.190069
-2.000398 17.158775 -0.062075
-2.115753 17.087051 0.313267
-2.223279 17.193895 0.561842
-2.212296 17.401855 0.511658
-1.935747 17.012627 -0.202288
-2.098516 17.068136 0.257635
-2.180673 17.180185 0.517471
-2.118598 17.299322 0.250101
-1.963518 17.049366 -0.136302
-1.961103 16.929293 -0.093756
-2.175368 17.366264 0.390058
-1.975626 17.146963 -0.131510
-2.036832 17.133200 0.048883
-2.081684 17.259855 0.132405
-2.048026 17.016966 0.101765
-2.014879 16.993294 0.047444
-2.020989 17.117867 -0.000722
-1.933054 16.909355 -0.158536
-1.937234 16.920105 -0.140451
-1.981403 17.078888 -0.114111
-2.193643 17.323963 0.448291
-2.194302 17.347754 0.513035
-2.112517 17.242056 0.252712
-2.099006 17.220697 0.193168
-1.929683 17.126783 -0.243277
-2.038970 17.240974 0.023435
-1.976883 16.975311 -0.054541
-1.923576 17.116655 -0.275838
-1.941598 17.143484 -0.216880
-2.218108 17.235416 0.546665
-2.117800 17.129694 0.297094
-1.941281 17.057999 -0.209449
-1.998720 17.202559 -0.083016
-2.208941 17.444153 0.495449
-1.931117 17.055597 -0.219427
-2.088909 17.112309 0.244255
-2.112445 17.341869 0.234891
-2.188653 17.225769 0.502357
-1.965006 17.093281 -0.157391
-1.962475 16.974268 -0.109479
-2.035338 17.176289 0.031614
-1.974292 17.191113 -0.151587
-2.047869 17.059404 0.085391
-2.169248 17.411745 0.371315
-2.077461 17.305180 0.112979
-2.015900 17.037899 0.030862
-1.934143 16.953028 -0.174759
-2.017228 17.161688 -0.018555
-1.941137 16.963537 -0.157680
-1.978929 17.122995 -0.131418
-2.200052 17.393120 0.497732
-2.191125 17.368059 0.431008
-2.112286 17.285423 0.235982
-2.095282 17.263575 0.175713
-2.037076 17.284628 0.004936
-1.928014 17.170568 -0.264223
-1.980384 17.019314 -0.072999
-2.212989 17.276003 0.531859
-2.109829 17.171463 0.282918
-1.921804 17.162317 -0.297521
-1.939927 17.187269 -0.237825
-2.201828 17.486774 0.480588
-1.937480 17.102764 -0.227656
-1.995448 17.247807 -0.102785
-1.933546 17.099432 -0.240851
-2.091190 17.157196 0.228213
-2.118671 17.386539 0.215077
-2.189090 17.269871 0.487366
-1.960367 17.136248 -0.174523
-1.958862 17.018337 -0.124017
-2.036891 17.221375 0.013471
-2.048934 17.103065 0.069182
-1.978532 17.235710 -0.174045
-2.161354 17.455511 0.353982
-2.014154 17.081806 0.015658
-2.078267 17.350462 0.092742
-2.010754 17.203875 -0.034641
-1.932359 16.997877 -0.190339
-1.936248 17.007322 -0.172749
-1.977049 17.166656 -0.149923
-2.196098 17.435867 0.482728
-2.187719 17.411297 0.414431
-2.107358 17.329195 0.220936
-2.090903 17.307837 0.159094
-2.036950 17.329992 -0.014968
-1.978644 17.063221 -0.088205
-2.213134 17.318798 0.516374
-1.930588 17.215454 -0.288448
-2.113747 17.213945 0.266080
-2.197868 17.529518 0.465587
-1.916039 17.206057 -0.317987
-1.938421 17.146183 -0.247171
-1.940622 17.232315 -0.261376
-1.933157 17.143503 -0.261265
-1.989018 17.292927 -0.122408
-2.114282 17.430794 0.198464
-2.093468 17.202082 0.212176
-2.179456 17.314043 0.474004
-1.958094 17.180479 -0.194262
-1.960825 17.062862 -0.140934
-2.029760 17.264944 -0.001777
-2.044963 17.146763 0.053789
-1.968745 17.280584 -0.191093
-2.019262 17.126453 -0.001394
-2.012565 17.248146 -0.054851
-2.073439 17.396227 0.074523
-2.159555 17.503273 0.334897
-1.930625 17.041788 -0.205547
-1.942907 17.051449 -0.191346
-1.973236 17.211414 -0.168122
-2.193419 17.478899 0.468257
-2.110222 17.373621 0.203703
-2.177997 17.454287 0.398142
-2.086180 17.351730 0.141613
-2.202921 17.360357 0.502019
-1.978436 17.106600 -0.104944
-2.032181 17.374821 -0.032821
-1.926098 17.259476 -0.308381
-2.110697 17.257559 0.250362
-1.915849 17.250244 -0.340835
-1.938005 17.276173 -0.281979
-1.933335 17.190659 -0.265903
-1.985740 17.338169 -0.142171
-1.928957 17.188835 -0.280701
-2.114271 17.476391 0.181874
-2.094205 17.247492 0.197679
-2.185834 17.361084 0.460070
-1.957097 17.224995 -0.213468
-2.035069 17.189636 0.039916
-2.031904 17.309576 -0.021117
-1.961846 17.107468 -0.157512
-1.964585 17.324968 -0.210154
-2.016857 17.171741 -0.015757
-2.011503 17.293594 -0.074419
-2.068607 17.441990 0.056308
-1.932588 17.086315 -0.222462
-2.167220 17.551394 0.315387
-1.935196 17.095474 -0.205401
-1.967883 17.256699 -0.184780
-2.198220 17.524336 0.453299
-2.110213 17.419224 0.187113
-2.173933 17.498907 0.382405
-2.212869 17.403891 0.486982
-2.089536 17.397581 0.122443
-1.980049 17.150755 -0.122721
-2.107697 17.300232 0.235015
-2.029285 17.419483 -0.051344
-1.925849 17.304594 -0.331593
-1.911304 17.295200 -0.361134
-1.929524 17.235416 -0.284101
-1.933403 17.322065 -0.302644
-2.110760 17.521496 0.164562
-1.986159 17.384016 -0.163644
-1.933745 17.233923 -0.304727
-2.088679 17.291712 0.183836
-2.183732 17.406729 0.446595
-1.952002 17.269464 -0.232193
-1.956346 17.151695 -0.171368
-2.033801 17.234966 0.022787
-2.025938 17.355303 -0.036564
-1.967376 17.372080 -0.234239
-2.015986 17.216501 -0.031654
-2.006790 17.337488 -0.091904
-1.930794 17.131161 -0.238032
-2.065595 17.488523 0.037055
-1.933453 17.139381 -0.220602
-1.959477 17.299984 -0.200557
-2.110541 17.465189 0.171391
-2.168587 17.543240 0.366141
-2.213291 17.447985 0.472004
-2.085093 17.442774 0.105465
-2.110015 17.344172 0.219356
-1.974544 17.194981 -0.136573
-2.021747 17.463614 -0.067816
-1.918483 17.349791 -0.350880
-1.904539 17.339949 -0.381624
-1.928132 17.280497 -0.304539
-1.933095 17.368116 -0.326220
-2.103545 17.565987 0.148966
-1.982820 17.430185 -0.183771
-1.924300 17.279165 -0.320908
-2.092118 17.338753 0.167603
-2.176305 17.451105 0.433439
-1.954305 17.315155 -0.254340
-2.034799 17.279562 0.006223
-1.957306 17.197233 -0.188308
-2.030185 17.402008 -0.056440
-1.963156 17.417393 -0.253663
-2.012635 17.261868 -0.045675
-1.934234 17.176090 -0.256847
-2.007492 17.384644 -0.112874
-2.058825 17.535381 0.019148
-1.942417 17.185703 -0.242167
-1.965817 17.346651 -0.223547
-2.108648 17.510946 0.155478
-2.206512 17.490973 0.458015
-2.111935 17.388680 0.202466
-2.083409 17.488657 0.087114
-1.974220 17.240231 -0.154040
-2.023664 17.511974 -0.088621
-1.914421 17.396166 -0.373112
-1.901417 17.386242 -0.404193
-1.928560 17.326349 -0.326014
-1.927493 17.415018 -0.346912
-1.921081 17.323467 -0.340304
-1.976663 17.476597 -0.202886
-2.092843 17.384155 0.153116
-2.171378 17.496990 0.420978
-1.947614 17.361086 -0.271890
-2.028937 17.323414 -0.008485
-1.958262 17.242767 -0.205245
-2.022047 17.446587 -0.071709
-1.957940 17.463720 -0.273117
-2.011703 17.307560 -0.061934
-1.931440 17.221949 -0.272443
-1.999850 17.430651 -0.130082
-1.938396 17.230337 -0.257925
-1.958523 17.393026 -0.239893
-2.204165 17.534365 0.444418
-2.101772 17.555803 0.140750
-2.117347 17.433670 0.186303
-2.077028 17.534943 0.070445
-1.967375 17.285107 -0.168785
-1.906057 17.442373 -0.392427
-1.925230 17.372520 -0.346143
-1.917302 17.460453 -0.365185
-1.919629 17.369476 -0.361105
-1.971386 17.523857 -0.222704
-2.092519 17.431509 0.138233
-2.179305 17.545607 0.408085
-2.034908 17.368900 -0.026225
-1.941516 17.406563 -0.290640
-1.956399 17.288540 -0.221171
-2.020656 17.493769 -0.089564
-2.014210 17.354675 -0.077833
-1.947688 17.510086 -0.291754
-1.927417 17.266582 -0.288198
-1.995019 17.476410 -0.148296
-1.937134 17.275663 -0.275055
-1.957400 17.439398 -0.259823
-2.116784 17.478779 0.171291
-1.967044 17.330349 -0.186246
-1.902872 17.489592 -0.415358
-1.919474 17.418364 -0.364027
-1.913480 17.415890 -0.380224
-2.095346 17.478983 0.123210
-2.029923 17.413605 -0.041632
-1.942763 17.454195 -0.313180
-2.016158 17.539888 -0.106907
-1.955417 17.335167 -0.237798
-2.012618 17.401745 -0.093252
-1.930141 17.313822 -0.306539
-1.993886 17.522774 -0.168219
-1.936102 17.323229 -0.292051
-1.954344 17.486862 -0.279446
-2.109959 17.522701 0.156933
-1.968872 17.376728 -0.203878
-1.913321 17.464771 -0.383144
-1.907328 17.462297 -0.399341
-2.091313 17.525717 0.110043
-2.026812 17.458151 -0.057707
-1.935665 17.500692 -0.331958
-1.954769 17.382164 -0.253558
-2.010081 17.448902 -0.108335
-1.927878 17.360170 -0.323699
-1.933837 17.369577 -0.309211
-2.103414 17.567938 0.143070
-1.964773 17.422302 -0.219998
-2.023923 17.504938 -0.073664
-1.952832 17.428873 -0.269857
-2.007534 17.496054 -0.123426
-1.927768 17.407656 -0.341040
-1.929685 17.416082 -0.325706
-1.961498 17.469662 -0.237192
-1.948020 17.476759 -0.285514
-2.002220 17.542509 -0.137139
-1.922674 17.454239 -0.357197
-1.929283 17.462255 -0.343542
-1.957334 17.516159 -0.253680
-2.121899 16.716810 0.474711
-2.108611 16.752754 0.444238
-2.132423 16.800453 0.434797
-2.024969 16.725843 0.214136
-2.059228 16.730232 0.219778
-2.103376 16.839878 0.410116
-2.128164 16.843824 0.416149
-1.973205 16.700407 0.067666
-2.079255 16.759176 0.182793
-1.969087 16.710712 0.047740
-2.117554 16.880592 0.390051
-2.128998 16.886263 0.397072
-2.019174 16.733355 0.033944
-2.034628 16.810734 0.177490
-2.043867 16.818289 0.186879
-1.969660 16.753954 0.030731
-1.939674 16.734381 -0.049569
-1.941299 16.737143 -0.045596
-2.116184 16.924919 0.373341
-2.127011 16.928921 0.378993
-1.974618 16.786089 0.031578
-2.035801 16.853539 0.159280
-2.045041 16.861094 0.168669
-1.976477 16.796320 0.010523
-1.989639 16.771364 -0.081919
-2.114533 16.967943 0.356131
-2.130721 16.970201 0.359284
-1.979218 16.828236 0.011168
-2.028794 16.898306 0.144567
-1.977105 16.838625 -0.006119
-2.038300 16.905056 0.151887
-1.942365 16.820354 -0.085123
-1.954879 16.822805 -0.086378
-2.118312 17.010395 0.339359
-2.212071 17.118647 0.595031
-2.122701 17.013874 0.341968
-2.206598 17.122265 0.596795
-1.984210 16.869808 -0.008007
-2.033123 16.941256 0.126227
-1.975796 16.882015 -0.022463
-2.040961 16.948284 0.131776
-1.947358 16.861927 -0.104298
-1.949418 16.867060 -0.102626
-2.117937 17.053713 0.322684
-2.211020 17.161236 0.576620
-2.117949 17.055819 0.325255
-2.199962 17.164360 0.580749
-1.980628 16.913916 -0.024920
-2.033691 16.984497 0.109218
-1.971610 16.926563 -0.038175
-2.038372 16.991383 0.114898
-1.944113 16.906401 -0.120344
-1.941529 16.910967 -0.116640
-2.115681 17.097178 0.306674
-2.214456 17.203321 0.558981
-2.116297 17.098845 0.308044
-2.200915 17.207035 0.564977
-1.975222 16.957237 -0.040801
-2.035255 17.026730 0.092242
-2.041536 17.032164 0.096755
-1.975661 16.968206 -0.057018
-1.942861 16.948853 -0.136322
-1.942761 16.952833 -0.134485
-2.114421 17.139629 0.290698
-2.211580 17.245121 0.541602
-2.110325 17.139563 0.291162
-2.203144 17.250000 0.549740
-1.977392 16.999027 -0.058978
-2.034883 17.070044 0.075565
-2.038063 17.074398 0.080576
-1.973410 17.011669 -0.073030
-1.941215 16.991875 -0.153535
-1.946755 16.995409 -0.153696
-2.213528 17.286779 0.525863
-2.110888 17.182804 0.274153
-2.108068 17.183027 0.275151
-2.200883 17.293468 0.533731
-1.979505 17.041752 -0.077523
-2.034509 17.113358 0.058888
-2.041057 17.117985 0.061332
-1.976743 17.055622 -0.091407
-1.942333 17.035610 -0.172114
-1.943173 17.039516 -0.170610
-2.208771 17.328726 0.509150
-2.113387 17.224957 0.256844
-2.111183 17.226849 0.259212
-2.202113 17.337440 0.518459
-1.977800 17.085711 -0.095103
-2.035958 17.157455 0.041178
-2.043110 17.161644 0.042420
-1.976975 17.098492 -0.109286
-1.943506 17.078407 -0.190327
-1.946169 17.083099 -0.189856
-2.201192 17.370895 0.493435
-2.107637 17.267912 0.240095
-2.105165 17.270609 0.244533
-2.201463 17.381561 0.503852
-1.977092 17.128654 -0.112650
-2.030279 17.201578 0.027365
-2.030783 17.205118 0.028001
-1.973669 17.143898 -0.125700
-1.943626 17.123148 -0.208941
-1.947285 17.126829 -0.208436
-2.194554 17.412991 0.477387
-2.107201 17.312159 0.223051
-2.103186 17.315371 0.229023
-2.193617 17.424536 0.490207
-1.979084 17.173246 -0.131920
-2.029841 17.245819 0.010327
-2.032168 17.250143 0.009928
-1.975113 17.187983 -0.143406
-1.939485 17.166739 -0.224285
-1.938109 17.170427 -0.222985
-2.195387 17.457516 0.460877
-2.107757 17.355375 0.206039
-2.101201 17.360115 0.213510
-2.189203 17.468939 0.476928
-1.972675 17.217546 -0.147848
-2.030347 17.289961 -0.007065
-2.026417 17.293070 -0.006834
-1.966880 17.231497 -0.158301
-1.942084 17.210855 -0.244779
-1.939220 17.214123 -0.241577
-2.201596 17.502384 0.444424
-2.105104 17.399380 0.188777
-2.108352 17.404903 0.196725
-2.185734 17.513260 0.463303
-1.971569 17.261028 -0.166643
-2.026432 17.335775 -0.022292
-2.023219 17.336573 -0.022528
-1.970093 17.277279 -0.177427
-1.935014 17.256527 -0.259876
-2.195631 17.545181 0.430094
-1.940821 17.259247 -0.262107
-2.102787 17.443745 0.172382
-2.104492 17.449783 0.181863
-2.192559 17.559792 0.448216
-1.964219 17.305401 -0.182241
-2.028156 17.381134 -0.039518
-2.023388 17.380342 -0.040791
-1.968663 17.322496 -0.194523
-1.935128 17.301226 -0.278506
-1.937119 17.305183 -0.279773
-2.103627 17.488245 0.155854
-2.104950 17.496962 0.166670
-1.968919 17.351593 -0.203272
-2.027943 17.427576 -0.056448
-2.023779 17.426342 -0.058922
-1.969659 17.368053 -0.213855
-1.934245 17.346933 -0.297172
-2.100313 17.533613 0.139421
-1.933416 17.351116 -0.297440
-2.106012 17.543694 0.150274
-1.964332 17.396666 -0.220239
-2.023691 17.473015 -0.072549
-2.016371 17.471645 -0.074892
-1.964411 17.414501 -0.229990
-1.933909 17.393129 -0.317408
-1.933079 17.397312 -0.317677
-1.959745 17.441734 -0.237209
-2.015075 17.519196 -0.086118
-2.012666 17.517574 -0.092562
-1.955517 17.459377 -0.244059
-1.932029 17.439835 -0.336112
-1.930316 17.443159 -0.335680
-1.957528 17.488077 -0.256782
-1.957339 17.506714 -0.264464
-1.925505 17.485983 -0.352786
-1.921633 17.488157 -0.352189
-2.106408 16.679771 0.456477
-2.159750 16.708941 0.428949
-2.028296 16.675617 0.247767
-2.079945 16.695036 0.411258
-2.096115 16.754129 0.405066
-2.177529 16.797636 0.633451
-2.060910 16.671009 0.210250
-2.091606 16.767485 0.417026
-2.194147 16.866005 0.639171
-2.204673 16.871731 0.640888
-2.053077 16.712315 0.221667
-2.036509 16.676233 0.246779
-2.104336 16.794445 0.382306
-2.113072 16.758286 0.432681
-2.193780 16.837103 0.612719
-2.109149 16.805124 0.394313
-2.009392 16.727419 0.201220
-2.197029 16.907120 0.619165
-2.201384 16.914488 0.617830
-2.153118 16.724838 0.579612
-1.975234 16.697603 0.099034
-2.072321 16.699984 0.364766
-2.014454 16.687977 0.209532
-2.034834 16.664196 0.269831
-2.170255 16.802963 0.587813
-2.001671 16.766872 0.213400
-2.123077 16.752947 0.454306
-2.069296 16.783119 0.374722
-2.106445 16.836668 0.359801
-2.111344 16.801722 0.411057
-2.184498 16.881102 0.593614
-2.105899 16.848148 0.374571
-2.027851 16.763784 0.175271
-2.191381 16.947672 0.599072
-2.195196 16.958389 0.595333
-1.982214 16.736679 0.076110
-1.970695 16.732191 0.061578
-2.139824 16.772837 0.560247
-2.131905 16.730404 0.336688
-2.212984 16.924210 0.643840
-1.961587 16.720844 0.027291
-2.170498 16.846527 0.568860
-2.123196 16.749866 0.477419
-2.037912 16.800854 0.184273
-2.121095 16.796274 0.435120
-2.098881 16.819731 0.350340
-1.999354 16.694019 0.172193
-2.047441 16.759518 0.203266
-1.972575 16.706911 0.072968
-2.095499 16.880920 0.338892
-1.960365 16.694468 0.039141
-2.176214 16.924105 0.574573
-2.110933 16.844534 0.390367
-2.032253 16.702492 0.069132
-2.103647 16.890171 0.354895
-2.020474 16.806715 0.155929
-2.190097 16.989628 0.579071
-2.053511 16.712841 0.317786
-2.072942 16.685829 0.264893
-2.186849 17.001127 0.572979
-1.982718 16.779423 0.055125
-1.979507 16.772057 0.037648
-1.992670 16.778223 0.177287
-2.154324 16.815617 0.539874
-2.066973 16.789398 0.328016
-2.198908 16.968302 0.623007
-1.932901 16.768959 0.015813
-2.042565 16.749451 0.228945
-2.170420 16.889715 0.549043
-2.130163 16.791071 0.457032
-2.033693 16.843950 0.164858
-2.123843 16.839247 0.414359
-2.088943 16.864182 0.332431
-2.011968 16.734802 0.149918
-2.037545 16.803034 0.185745
-1.953100 16.754202 0.060769
-2.114415 16.885197 0.369184
-2.184454 16.965614 0.554730
-2.096654 16.923214 0.316705
-1.954499 16.739014 0.020850
-2.102339 16.932121 0.334907
-1.985945 16.757347 0.063476
-2.187919 17.030716 0.559773
-2.018772 16.849222 0.134695
-2.064882 16.754515 0.297874
-1.973329 16.709276 0.042910
-1.967896 16.700476 0.022268
-2.217873 16.967993 0.644908
-2.180709 17.044090 0.550867
-1.982324 16.821299 0.034820
-1.976844 16.814631 0.016722
-2.026324 16.813715 0.149582
-2.077453 16.830206 0.308791
-1.976182 16.736092 0.086581
-2.206832 17.009426 0.602280
-2.155767 16.860405 0.521084
-1.963944 16.803566 -0.016301
-2.040556 16.792770 0.209755
-2.173812 16.933432 0.530002
-1.986215 16.702885 0.130606
-2.125282 16.835531 0.438401
-2.029524 16.886110 0.145811
-2.120588 16.882261 0.394608
-2.089212 16.906807 0.313857
-2.005857 16.779232 0.134050
-2.029480 16.847340 0.167196
-2.183480 17.007933 0.535593
-1.980942 16.790781 0.031271
-2.111155 16.928211 0.349433
-2.101081 16.973135 0.315290
-2.095910 16.965643 0.295136
-2.186682 17.071730 0.540148
-1.973137 16.777607 -0.005002
-1.984923 16.799669 0.044357
-2.019845 16.892441 0.112118
-2.061512 16.800592 0.280288
-2.211164 17.010466 0.624355
-2.048732 16.780733 0.233787
-1.951271 16.758083 0.032135
-1.953087 16.748341 0.008097
-1.977138 16.864464 0.015709
-1.973287 16.856344 -0.003506
-2.181826 17.087309 0.528275
-2.021468 16.857254 0.131339
-1.984679 16.776775 0.064686
-2.194695 17.052437 0.581183
-2.073822 16.874979 0.290716
-2.150208 16.906246 0.503252
-1.955801 16.848808 -0.035228
-2.037917 16.836542 0.191750
-2.167991 16.977968 0.511680
-1.992777 16.745840 0.111885
-2.129607 16.879179 0.419047
-2.026242 16.929132 0.126065
-2.120487 16.925440 0.374778
-2.096158 16.948004 0.293455
-1.960005 16.713533 0.011415
-1.974901 16.713491 0.011724
-2.010152 16.822886 0.114706
-2.031306 16.889448 0.147124
-1.973610 16.833981 0.015232
-2.175505 17.051306 0.517413
-2.094087 17.015511 0.297183
-2.183551 17.112886 0.521154
-2.106000 16.971373 0.330312
-1.962907 16.821951 -0.020476
-2.091378 17.008358 0.274830
-1.981948 16.843067 0.025485
-2.019079 16.934874 0.090556
-2.204826 17.052387 0.605056
-2.041363 16.824858 0.217362
-2.060462 16.845043 0.263705
-1.968652 16.797573 0.008651
-1.964732 16.789186 -0.013874
-1.981206 16.904676 -0.006662
-1.970673 16.897989 -0.024050
-2.015036 16.901314 0.114597
-2.198453 17.094402 0.560464
-1.983289 16.820856 0.047239
-2.076296 16.917841 0.272380
-2.185150 17.130758 0.505921
-2.032549 16.878666 0.175458
-2.158962 16.950363 0.484370
-1.956023 16.890240 -0.056718
-2.156228 17.021626 0.494765
-1.991710 16.790297 0.095307
-2.123830 16.922783 0.401113
-2.029693 16.969791 0.104876
-2.119493 16.967760 0.355647
-2.097367 16.990561 0.274563
-1.954459 16.759651 -0.003093
-1.952473 16.764055 0.002625
-2.031863 16.931253 0.126498
-2.005928 16.867178 0.098203
-2.179003 17.093163 0.499136
-2.178524 17.154186 0.502792
-1.976365 16.876020 -0.005151
-2.090875 17.057602 0.277814
-2.103363 17.013945 0.309374
-1.958978 16.865421 -0.039030
-2.088735 17.050930 0.253893
-1.978709 16.885159 0.006127
-1.988038 16.798979 0.066443
-2.013954 16.977108 0.071825
-2.203854 17.094707 0.585916
-2.040933 16.868864 0.199593
-2.057143 16.890196 0.246500
-1.964417 16.841869 -0.007848
-1.954818 16.833908 -0.028476
-1.976014 16.947844 -0.025772
-1.967999 16.940565 -0.044977
-2.016855 16.943424 0.094526
-2.175643 17.172525 0.486698
-2.194892 17.137043 0.539833
-2.074607 16.961542 0.254054
-1.980632 16.864632 0.029237
-2.039422 16.920795 0.154675
-2.148403 16.995256 0.467629
-1.954291 16.932745 -0.077959
-2.162825 17.064579 0.476027
-1.995427 16.833466 0.077532
-2.118424 16.965836 0.384431
-2.109606 17.011278 0.338105
-2.024513 17.012957 0.085761
-2.090630 17.034243 0.256945
-1.958166 16.802820 -0.020865
-1.957127 16.807156 -0.015464
-2.172025 17.135538 0.481023
-2.179809 17.195810 0.484275
-2.005224 16.909880 0.079951
-2.089871 17.099926 0.258683
-1.975276 16.919277 -0.024654
-2.027517 16.976210 0.106302
-2.095363 17.057323 0.291200
-2.083250 17.093719 0.233902
-1.957885 16.908680 -0.058532
-1.978566 16.928345 -0.013693
-1.984127 16.843649 0.050813
-2.014503 17.018913 0.051200
-2.199722 17.136868 0.566853
-2.046234 16.911514 0.180312
-2.056088 16.934650 0.229915
-1.962072 16.886023 -0.024979
-1.955366 16.876917 -0.046171
-1.973396 16.989489 -0.046316
-2.016150 16.986126 0.076272
-1.967214 16.982998 -0.066535
-2.072345 17.004763 0.237296
-1.980866 16.907263 0.010670
-2.195431 17.179777 0.518808
-2.166650 17.215708 0.465523
-2.034620 16.963406 0.136813
-2.142893 17.040174 0.450177
-1.948829 16.974607 -0.097555
-2.161475 17.108656 0.458562
-2.116802 17.008606 0.366484
-1.996247 16.877779 0.060321
-2.025381 17.055138 0.066005
-2.105712 17.054749 0.319537
-2.082999 17.077066 0.240025
-2.164415 17.235773 0.466843
-1.953300 16.847565 -0.036177
-1.954529 16.851202 -0.030155
-2.088030 17.140457 0.240635
-2.172624 17.178541 0.463309
-2.005782 16.952887 0.062251
-1.973613 16.962051 -0.042589
-2.029333 17.018318 0.086230
-2.099090 17.099289 0.270489
-2.080030 17.135811 0.214534
-1.976586 16.970743 -0.032497
-1.982789 16.886799 0.033747
-1.959309 16.951345 -0.079851
-2.010056 17.059769 0.031668
-2.208667 17.136845 0.593441
-2.199691 17.179117 0.547396
-2.045341 16.953175 0.164877
-1.963303 16.927652 -0.043477
-2.064548 16.977461 0.210553
-1.972986 17.031364 -0.066622
-1.954533 16.921484 -0.065186
-2.014497 17.028898 0.058334
-1.965537 17.024570 -0.087394
-2.074811 17.047625 0.218959
-1.981098 16.949894 -0.007897
-2.174497 17.257759 0.444414
-2.183976 17.222618 0.499834
-2.033862 17.007038 0.118175
-1.950990 17.014961 -0.119292
-2.146908 17.084650 0.432873
-2.153863 17.151480 0.441637
-2.114230 17.051449 0.348853
-1.996119 16.922165 0.043425
-2.024092 17.096153 0.046394
-2.102873 17.096283 0.301420
-2.082308 17.119766 0.221765
-2.170062 17.278791 0.448421
-2.166961 17.220291 0.446133
-1.952272 16.891092 -0.052370
-2.087967 17.182709 0.221189
-2.002554 16.996180 0.045815
-1.955337 16.895519 -0.047363
-2.026153 17.059479 0.067250
-1.970739 17.003590 -0.060694
-2.092144 17.140736 0.252766
-1.959270 16.992668 -0.098902
-1.974283 17.012764 -0.052172
-2.078323 17.178312 0.193282
-1.984550 16.931044 0.016220
-2.011113 17.102985 0.009092
-2.202014 17.179596 0.576196
-2.199920 17.222675 0.528426
-2.041120 16.997469 0.148371
-1.966367 16.970068 -0.062991
-2.062542 17.021990 0.194283
-1.952864 16.964258 -0.083119
-1.974088 17.073650 -0.088811
-2.017253 17.070934 0.037947
-2.180264 17.263294 0.482409
-1.963856 17.066141 -0.108252
-2.069649 17.091991 0.202766
-1.980324 16.993526 -0.026531
-2.175288 17.301796 0.423879
-1.947356 17.057608 -0.139901
-2.032726 17.051226 0.098283
-2.139874 17.129158 0.417305
-2.158879 17.194950 0.424399
-2.108874 17.093576 0.332553
-1.996044 16.965620 0.026913
-2.020794 17.139175 0.026650
-2.103077 17.139843 0.282458
-2.078833 17.161751 0.204836
-2.173231 17.320269 0.429274
-2.167610 17.262362 0.428803
-1.955026 16.934334 -0.069827
-2.084743 17.224798 0.201821
-1.993646 17.039907 0.031275
-1.959983 16.938616 -0.065453
-2.025124 17.101801 0.048126
-2.087976 17.182899 0.233713
-1.971534 17.046701 -0.080828
-1.952548 17.035427 -0.116126
-1.976024 17.055803 -0.072622
-2.074038 17.222336 0.173464
-1.986991 16.973906 -0.002110
-2.004083 17.145365 -0.009006
-2.209991 17.220987 0.558772
-2.197156 17.263277 0.510685
-2.039471 17.040243 0.130431
-1.964071 17.013290 -0.079739
-2.057752 17.065802 0.179344
-1.954350 17.007193 -0.101130
-1.968622 17.115511 -0.108406
-2.014648 17.113779 0.020325
-1.958707 17.108377 -0.126977
-2.187427 17.306723 0.462100
-2.068381 17.134209 0.186076
-1.979605 17.036228 -0.044782
-2.029237 17.093210 0.081358
-2.165658 17.345428 0.403891
-1.942774 17.100328 -0.160193
-2.152583 17.237150 0.408411
-2.105351 17.136492 0.315237
-2.138835 17.173616 0.400711
-2.100289 17.180449 0.264725
-1.993392 17.010599 0.011834
-2.012764 17.182558 0.008484
-2.081293 17.204609 0.186499
-2.166618 17.362091 0.412414
-2.166309 17.305508 0.411721
-2.084993 17.267424 0.183246
-2.004603 17.082119 0.010101
-2.022201 17.144268 0.029634
-1.955771 16.979580 -0.087419
-1.962735 16.981855 -0.082911
-2.086907 17.226152 0.214200
-1.970433 17.089956 -0.100330
-1.974662 17.097750 -0.092611
-1.955798 17.078875 -0.138458
-1.989749 17.017145 -0.019570
-2.074536 17.265066 0.152453
-2.199285 17.262720 0.542305
-2.184179 17.305712 0.493596
-2.003755 17.190138 -0.032900
-2.041353 17.082621 0.113665
-1.964234 17.056850 -0.098687
-2.062420 17.108894 0.161245
-1.951730 17.050039 -0.118747
-2.180441 17.349098 0.443987
-2.012611 17.157104 0.001135
-1.966196 17.159389 -0.128844
-2.066109 17.177429 0.169319
-1.959425 17.151215 -0.150416
-1.977937 17.079000 -0.062717
-2.031366 17.135693 0.062156
-1.941973 17.142756 -0.181746
-2.106931 17.178493 0.297595
-2.149332 17.281372 0.391578
-2.162283 17.390308 0.383367
-2.141006 17.217300 0.384422
-2.098024 17.223667 0.247965
-1.978233 17.054276 0.000760
-2.015137 17.225142 -0.013153
-2.162784 17.404629 0.394225
-2.077700 17.248455 0.168804
-2.159693 17.347332 0.394863
-2.077980 17.309801 0.165143
-2.000365 17.126417 -0.006401
-1.955363 17.022659 -0.104798
-1.956970 17.025743 -0.097524
-2.017007 17.187435 0.010522
-1.965602 17.132568 -0.118185
-2.083943 17.269550 0.195319
-1.967939 17.140507 -0.109834
-1.950963 17.121487 -0.156312
-1.988402 17.060293 -0.036636
-2.070245 17.309090 0.132637
-2.199885 17.305723 0.524587
-2.193037 17.347956 0.475476
-2.003285 17.232939 -0.053588
-2.041797 17.127487 0.095196
-1.961933 17.100071 -0.115434
-2.061672 17.153727 0.145529
-1.954726 17.093382 -0.138641
-1.961670 17.201176 -0.148753
-2.008109 17.200092 -0.015854
-2.178446 17.392422 0.424782
-2.067562 17.221291 0.150915
-1.952002 17.194149 -0.169760
-1.978101 17.122561 -0.081665
-2.028761 17.178535 0.044533
-2.103779 17.220856 0.281533
-1.936495 17.184614 -0.201337
-2.149290 17.324823 0.375052
-2.156178 17.433544 0.364558
-2.139961 17.261757 0.367828
-2.095119 17.266134 0.229466
-1.994234 17.096502 -0.021124
-2.010884 17.268232 -0.032579
-2.156166 17.446451 0.377368
-2.072268 17.291513 0.152125
-2.155549 17.390694 0.378730
-2.078111 17.354284 0.145804
-1.957825 17.069124 -0.114350
-1.952433 17.066330 -0.120359
-2.001480 17.169901 -0.025668
-2.014022 17.230831 -0.008352
-2.082868 17.312799 0.175808
-1.966330 17.176605 -0.138700
-1.962730 17.183674 -0.128941
-2.197756 17.347078 0.508584
-1.948587 17.164434 -0.176364
-1.984476 17.104967 -0.052266
-2.190473 17.390795 0.457839
-2.067842 17.352964 0.112191
-1.994868 17.276875 -0.073002
-2.039514 17.170708 0.078442
-1.959253 17.143847 -0.133433
-2.052772 17.197453 0.130985
-1.949263 17.136444 -0.155309
-2.010740 17.243982 -0.037003
-2.068386 17.265598 0.133698
-1.954508 17.245417 -0.167609
-2.173554 17.436892 0.406142
-1.949248 17.237650 -0.191063
-1.977316 17.166189 -0.100297
-2.022370 17.221668 0.028175
-2.104352 17.263859 0.263825
-2.143251 17.368332 0.359551
-1.933738 17.228115 -0.222640
-2.154118 17.477795 0.344974
-2.139233 17.306587 0.352104
-2.088746 17.309265 0.213101
-1.993147 17.140959 -0.037704
-2.006949 17.311699 -0.051134
-2.158905 17.490606 0.359513
-2.074665 17.335297 0.133408
-2.154240 17.433836 0.361650
-2.071412 17.397038 0.128573
-2.001077 17.212975 -0.043049
-1.957675 17.113508 -0.131242
-1.954174 17.110569 -0.137883
-1.960548 17.219288 -0.156237
-2.014384 17.275419 -0.030122
-2.082680 17.356907 0.155599
-2.197516 17.388288 0.491951
-1.966294 17.227489 -0.150402
-1.985015 17.147970 -0.069963
-1.944636 17.207905 -0.194914
-2.182857 17.433620 0.440912
-2.074213 17.397486 0.089393
-1.991611 17.318958 -0.092358
-2.035393 17.213139 0.062704
-1.957836 17.187923 -0.150877
-2.055747 17.242924 0.113623
-1.945632 17.180290 -0.172990
-2.007121 17.287825 -0.054689
-1.951811 17.287983 -0.188529
-2.066050 17.309746 0.116560
-2.171872 17.480587 0.387809
-1.968129 17.208609 -0.115320
-2.102516 17.305590 0.248701
-2.022542 17.265223 0.009223
-1.949900 17.281408 -0.214881
-2.143468 17.413086 0.343513
-1.929144 17.270828 -0.242927
-2.138504 17.351416 0.336381
-2.089882 17.352747 0.193827
-2.154154 17.524134 0.324864
-1.991113 17.185486 -0.053966
-2.155382 17.533514 0.342198
-2.001744 17.354858 -0.070242
-2.068282 17.378426 0.117047
-2.149145 17.477268 0.345836
-2.079938 17.442717 0.105630
-1.955688 17.157104 -0.147118
-1.997720 17.258127 -0.060248
-1.952129 17.155098 -0.154142
-2.191544 17.430864 0.476830
-2.011336 17.319742 -0.049376
-1.957167 17.263237 -0.176355
-2.078135 17.400820 0.138223
-1.962025 17.270578 -0.169822
-1.976412 17.192074 -0.083629
-1.936008 17.250805 -0.211501
-2.180551 17.477766 0.423763
-2.065125 17.442799 0.070778
-2.034051 17.256285 0.045635
-1.986025 17.362673 -0.112716
-1.954205 17.231768 -0.168558
-2.059722 17.287390 0.096329
-1.941999 17.224136 -0.190670
-2.001609 17.331810 -0.071741
-2.166084 17.524195 0.369871
-2.061193 17.354486 0.101240
-1.952781 17.332115 -0.211476
-2.101193 17.348734 0.231626
-1.970120 17.252947 -0.135280
-1.934329 17.324444 -0.230126
-2.020705 17.310781 -0.009861
-2.139580 17.457754 0.327869
-1.930677 17.315443 -0.267439
-2.133042 17.396608 0.322239
-2.095381 17.397615 0.174647
-1.988130 17.230083 -0.069912
-2.000208 17.399586 -0.091376
-2.149041 17.521643 0.328930
-2.067779 17.423353 0.098897
-2.070395 17.485685 0.089349
-1.952695 17.201704 -0.163060
-1.992525 17.302492 -0.076430
-1.945409 17.199057 -0.168437
-2.185249 17.473064 0.460841
-2.007453 17.362274 -0.067546
-2.076105 17.444136 0.119031
-1.954160 17.306627 -0.195220
-1.935459 17.294533 -0.232564
-1.952397 17.314484 -0.186476
-2.170149 17.519880 0.408170
-1.976833 17.236937 -0.102090
-2.058930 17.486958 0.051600
-2.027977 17.299791 0.030148
-1.987265 17.408110 -0.135178
-1.950891 17.275988 -0.185368
-2.049244 17.331636 0.083289
-1.940255 17.267834 -0.208981
-1.996720 17.375347 -0.089977
-2.062955 17.398714 0.083711
-2.097975 17.392023 0.215184
-1.943399 17.376122 -0.230565
-1.962706 17.297081 -0.151697
-1.937812 17.367975 -0.254887
-2.017087 17.354624 -0.027547
-2.141058 17.502808 0.312387
-2.091782 17.441454 0.156956
-2.128524 17.441727 0.307782
-1.920912 17.360003 -0.287779
-1.986467 17.274054 -0.084920
-1.997722 17.444382 -0.112192
-2.062281 17.467339 0.081840
-2.064520 17.530220 0.071042
-2.185586 17.515953 0.445566
-1.989220 17.346708 -0.093243
-1.947808 17.246447 -0.178369
-1.944931 17.243059 -0.186195
-1.997834 17.406176 -0.084203
-2.076171 17.489540 0.099314
-1.951036 17.351877 -0.214848
-1.977365 17.279932 -0.119784
-1.951792 17.359137 -0.207922
-1.929550 17.339073 -0.250861
-2.029674 17.344954 0.012237
-2.048891 17.532341 0.033305
-1.979668 17.453827 -0.155665
-1.945363 17.319975 -0.202415
-2.049374 17.377319 0.066878
-1.941289 17.312239 -0.228620
-1.992092 17.420187 -0.107725
-2.060555 17.443787 0.066194
-2.102528 17.436964 0.196319
-1.961535 17.341257 -0.171577
-1.945194 17.422033 -0.254589
-1.937393 17.413658 -0.279147
-2.014356 17.399319 -0.045929
-2.141212 17.548487 0.295969
-2.086345 17.484507 0.140280
-2.131834 17.487566 0.291285
-1.922439 17.404608 -0.312287
-1.983422 17.319580 -0.101246
-2.064876 17.513351 0.063248
-1.987725 17.488840 -0.130082
-2.176397 17.559305 0.430161
-1.948598 17.290754 -0.195556
-1.988697 17.391640 -0.111368
-1.942883 17.287586 -0.202434
-1.996616 17.451279 -0.104449
-2.069410 17.533222 0.081722
-1.942352 17.395710 -0.231797
-1.969705 17.323965 -0.133746
-1.942789 17.402592 -0.225740
-1.933237 17.384846 -0.275499
-2.021331 17.389162 -0.003851
-1.972129 17.498613 -0.175749
-1.951017 17.365873 -0.224380
-2.046726 17.422289 0.051819
-2.096848 17.479910 0.182100
-1.938542 17.356936 -0.246976
-1.985574 17.465176 -0.124819
-2.055640 17.489450 0.050516
-2.008015 17.441513 -0.061878
-1.934923 17.465181 -0.272955
-1.968138 17.387079 -0.193858
-1.928954 17.457588 -0.298526
-2.079283 17.529009 0.124747
-1.916777 17.449247 -0.332993
-2.133520 17.534849 0.275930
-1.983219 17.364883 -0.118499
-2.055594 17.557615 0.047466
-1.982400 17.533846 -0.149940
-1.990006 17.437338 -0.130517
-1.946490 17.336199 -0.212189
-1.937674 17.331945 -0.218605
-1.992615 17.495659 -0.123372
-1.945471 17.440989 -0.254878
-1.969176 17.368887 -0.151882
-1.946797 17.448727 -0.249519
-1.927896 17.429857 -0.295353
-2.022081 17.434381 -0.021436
-1.972304 17.545967 -0.198645
-1.939869 17.409363 -0.239139
-2.095782 17.524342 0.165525
-2.048953 17.470047 0.034889
-1.933899 17.401772 -0.264711
-2.047940 17.534397 0.036158
-1.984294 17.511194 -0.145453
-2.006228 17.486124 -0.080565
-1.959774 17.431276 -0.209948
-1.925638 17.504412 -0.322210
-1.978659 17.409990 -0.132931
-1.947845 17.380972 -0.230952
-1.943700 17.377281 -0.239331
-1.984749 17.482620 -0.147069
-1.987175 17.542526 -0.143994
-1.935721 17.486742 -0.272281
-1.962969 17.414246 -0.168118
-1.944239 17.494444 -0.270701
-1.921606 17.474939 -0.314888
-2.019728 17.478512 -0.038557
-1.937382 17.455357 -0.257016
-2.044089 17.514772 0.019584
-1.928819 17.448092 -0.284076
-1.999711 17.531101 -0.097670
-1.951352 17.476402 -0.226417
-1.978392 17.456213 -0.150576
-1.939696 17.422869 -0.255325
-1.941005 17.426781 -0.245998
-1.977599 17.528046 -0.162985
-1.960545 17.459311 -0.185615
-2.013022 17.522455 -0.052843
-1.936976 17.502232 -0.278341
-1.922224 17.493999 -0.301555
-1.949172 17.521564 -0.246346
-1.972507 17.501945 -0.165939
-1.939782 17.473074 -0.263320
-1.931589 17.468374 -0.270921
-1.958440 17.504745 -0.202240
-1.930459 16.851711 -0.002269
-2.082829 16.997236 0.346114
-1.983211 16.922735 0.142968
-1.992005 16.733660 0.164505
-1.943917 16.801050 0.071064
-2.094389 16.940195 0.416946
-1.920518 16.779476 0.005094
-2.008630 16.862753 0.208796
-2.166760 16.899849 0.559944
-1.927544 16.793221 0.029152
-2.066527 16.987560 0.282853
-2.162288 16.991465 0.530620
-2.166068 17.079958 0.506969
-2.061946 16.904963 0.302269
-2.121701 16.885668 0.485637
-2.059828 16.822649 0.325129
-1.973849 16.745020 0.127582
-1.987470 16.928293 0.101836
-2.026079 16.811821 0.275828
-2.059002 16.727417 0.347853
-1.939484 16.732677 0.060589
-1.928987 16.904167 -0.003268
-1.903424 16.887321 -0.051550
-1.981062 16.858240 0.123026
-2.136470 16.831554 0.560970
-1.923061 16.903664 -0.015523
-2.049330 16.753820 0.346589
-2.072026 17.049070 0.329777
-1.991142 16.968336 0.124211
-1.979885 16.788063 0.146586
-1.949613 16.847506 0.051806
-2.090978 16.989080 0.398466
-2.162329 16.843899 0.564488
-1.921052 16.828943 -0.011879
-2.009313 16.910486 0.190105
-2.161028 16.948580 0.535588
-1.932320 16.839809 0.010251
-2.049805 17.039852 0.267801
-2.161803 17.038206 0.509349
-2.156892 17.127571 0.488056
-2.057231 16.954571 0.282927
-2.116589 16.934942 0.465435
-2.061199 16.869101 0.303144
-1.968056 16.796486 0.110315
-2.029533 16.858213 0.256425
-1.983385 16.978443 0.086648
-2.050344 16.779205 0.325923
-1.935033 16.776810 0.032800
-1.939246 16.781464 0.041895
-1.935078 16.950024 -0.021314
-1.909522 16.932238 -0.069235
-2.137440 16.877678 0.538126
-1.988223 16.903154 0.102550
-1.928608 16.950932 -0.032711
-2.041993 16.803003 0.326238
-1.986138 16.739588 0.170179
-2.067705 17.097158 0.312006
-1.995380 17.014473 0.106876
-1.985733 16.833714 0.125246
-1.942368 16.898653 0.036466
-2.093121 17.035294 0.378552
-2.154362 16.893492 0.539618
-1.913271 16.880560 -0.026003
-2.157930 16.994913 0.513305
-2.001679 16.961309 0.173903
-1.922687 16.892633 -0.003518
-2.048647 17.086939 0.250171
-2.151857 17.086086 0.488347
-2.159044 17.171923 0.468853
-2.119274 16.979746 0.444661
-2.059927 16.999369 0.262150
-1.983214 16.753960 0.146223
-1.967440 16.844013 0.091110
-2.061109 16.917109 0.282362
-1.986326 17.023443 0.069163
-2.019276 16.909567 0.238854
-2.054106 16.824928 0.301996
-1.932030 16.826012 0.015165
-1.942330 16.828457 0.021258
-2.133810 16.924488 0.517051
-1.931395 16.999588 -0.035301
-1.914163 16.978714 -0.085722
-1.976903 16.955456 0.087409
-1.931944 16.996267 -0.049341
-2.043758 16.849812 0.305097
-1.977734 16.791599 0.151528
-2.069713 17.143259 0.294512
-1.987515 16.879574 0.104462
-1.991308 17.063709 0.092027
-1.947159 16.944323 0.017904
-2.087499 17.083193 0.360265
-2.143633 16.944445 0.515448
-1.938665 16.764683 0.052811
-1.917142 16.926359 -0.044208
-2.151680 17.043203 0.490502
-1.944499 16.767925 0.058256
-2.002769 17.007526 0.156770
-1.928949 16.936758 -0.023296
-2.053979 17.130283 0.231104
-2.149545 17.132179 0.468128
-2.152117 17.218691 0.450420
-2.111412 17.028509 0.425869
-2.174570 17.261219 0.542371
-2.054696 17.047594 0.244722
-1.970730 16.807104 0.127780
-2.054719 16.965250 0.261997
-1.959815 16.895773 0.074537
-2.024218 16.953499 0.218575
-1.984649 17.070997 0.052738
-2.055648 16.870584 0.277915
-1.926266 16.875622 -0.001404
-1.931019 16.879808 0.006474
-2.124794 16.972231 0.495679
-1.934735 17.044926 -0.051936
-1.976692 17.001461 0.069770
-1.918809 17.025190 -0.102216
-1.932510 17.042944 -0.065264
-2.044225 16.895475 0.283809
-1.976740 16.838795 0.131455
-2.068954 17.189764 0.278085
-1.974890 16.931665 0.088813
-1.988708 17.111403 0.075957
-1.946792 16.992073 0.001981
-2.090974 17.127748 0.341552
-2.142007 16.991121 0.491216
-1.935826 16.813076 0.033092
-1.936497 16.818398 0.041179
-2.149909 17.088820 0.469064
-1.919166 16.973366 -0.062064
-2.006251 17.053005 0.137697
-1.931900 16.982693 -0.041150
-2.048223 17.177113 0.215606
-2.152249 17.176065 0.447694
-2.148353 17.264460 0.432127
-2.111341 17.073727 0.406152
-1.973983 16.851418 0.105779
-2.049085 17.095486 0.226429
-2.168021 17.309282 0.524431
-2.049646 17.012661 0.242488
-1.964228 16.940166 0.055470
-2.028619 16.998842 0.199147
-1.982436 17.119026 0.037524
-2.047405 16.920864 0.257540
-1.932147 16.919405 -0.022045
-2.125263 17.016037 0.475106
-1.936900 16.923590 -0.014168
-1.982032 17.045725 0.050340
-1.931064 17.093554 -0.065575
-1.917916 17.072472 -0.116569
-2.042308 16.941879 0.264447
-1.932539 17.090096 -0.079975
-1.975751 16.885994 0.111377
-1.982232 16.974848 0.066594
-2.067271 17.237343 0.261649
-1.990198 17.157021 0.060028
-1.951213 17.036467 -0.017093
-2.088907 17.174047 0.324620
-2.142625 17.035994 0.467843
-1.940939 16.856178 0.010732
-2.150919 17.133097 0.446907
-1.939212 16.864117 0.020031
-1.923050 17.018227 -0.079921
-2.002726 17.100834 0.121981
-1.933932 17.028761 -0.058652
-2.047093 17.222336 0.198672
-2.143096 17.222761 0.429109
-2.146833 17.308420 0.414692
-2.102573 17.120750 0.388428
-1.978164 16.895596 0.083415
-2.049417 17.140095 0.207923
-2.163717 17.355537 0.507348
-2.040878 17.061550 0.224044
-1.967333 16.985292 0.035536
-2.023940 17.045652 0.180853
-1.981699 17.164570 0.021449
-2.041566 16.967592 0.236308
-2.122573 17.061783 0.454020
-1.937239 16.969112 -0.033030
-1.935637 16.965801 -0.041481
-1.980905 17.091866 0.033048
-1.939034 17.137280 -0.083653
-1.915720 17.119549 -0.131429
-2.038161 16.989155 0.244575
-1.927566 17.138519 -0.094122
-1.972000 16.932655 0.092725
-1.982567 17.020376 0.047729
-2.066140 17.282570 0.244710
-2.082383 17.220209 0.307394
-1.986142 17.205324 0.045521
-1.948082 17.084621 -0.031955
-2.139166 17.082001 0.444675
-1.929246 16.908131 -0.005285
-1.931763 16.913185 0.002088
-2.142304 17.180254 0.426740
-1.923239 17.064562 -0.096713
-2.006225 17.144432 0.103617
-2.040428 17.267426 0.184240
-2.147168 17.351171 0.396896
-1.931349 17.075500 -0.074371
-2.135801 17.268253 0.410162
-2.101586 17.166105 0.369058
-2.042903 17.185307 0.191056
-1.968477 16.945538 0.064965
-1.966208 17.031427 0.018243
-2.168504 17.399378 0.489478
-2.044523 17.105282 0.203245
-2.019649 17.092804 0.163412
-2.185663 17.337818 0.551443
-1.983737 17.209709 0.004294
-2.042586 17.012785 0.213789
-2.125285 17.104721 0.433941
-1.933592 17.012064 -0.058417
-1.935730 17.015844 -0.051543
-1.977552 17.137938 0.015606
-2.031251 17.035894 0.226131
-1.934447 17.186045 -0.096947
-1.907824 17.169189 -0.142432
-1.926683 17.184868 -0.108128
-1.974723 16.977444 0.071927
-1.978825 17.067043 0.029068
-2.061703 17.328676 0.230056
-1.983946 17.251480 0.031011
-2.085330 17.265236 0.289881
-1.949740 17.129416 -0.049968
-1.931596 16.951633 -0.026583
-2.132940 17.128412 0.422574
-2.143715 17.222990 0.406152
-1.936888 16.955349 -0.019923
-1.923436 17.109959 -0.113152
-2.040234 17.311575 0.167297
-2.136960 17.396008 0.381811
-2.139832 17.310463 0.390933
-2.004560 17.191053 0.087533
-1.933009 17.120293 -0.092385
-2.100995 17.209921 0.351261
-2.041395 17.230185 0.173254
-1.965274 16.991728 0.045089
-2.042634 17.148876 0.184947
-1.963235 17.078770 0.001299
-2.165902 17.445234 0.474103
-2.019448 17.137878 0.146115
-2.175594 17.383732 0.533562
-2.028827 17.061062 0.196623
-1.974150 17.257881 -0.007715
-2.122995 17.148932 0.414425
-1.935791 17.056379 -0.077646
-1.937929 17.060160 -0.070773
-2.034903 17.078682 0.205690
-1.976434 17.184078 -0.001699
-1.926178 17.233475 -0.108095
-1.914881 17.213041 -0.160165
-1.971907 17.023035 0.053268
-1.929652 17.230803 -0.126010
-1.973627 17.113380 0.012337
-2.058192 17.374647 0.215037
-1.945702 17.175829 -0.063763
-1.987299 17.295887 0.014707
-2.084202 17.310463 0.272932
-1.932482 16.996683 -0.046673
-2.129494 17.173483 0.399755
-2.140119 17.267939 0.385766
-1.934075 17.001873 -0.038943
-2.134531 17.439163 0.365077
-2.043201 17.354715 0.150492
-2.137938 17.354080 0.372625
-2.000672 17.236668 0.071658
-1.920862 17.156698 -0.128883
-2.103179 17.253332 0.332387
-1.925815 17.167707 -0.106328
-2.043974 17.273922 0.155235
-1.970400 17.033894 0.023071
-2.040357 17.194014 0.165063
-2.013325 17.183424 0.130099
-1.962662 17.123495 -0.016862
-2.166998 17.490551 0.457290
-2.176307 17.427773 0.516255
-2.113477 17.193403 0.395687
-2.027089 17.105722 0.175525
-1.973429 17.302486 -0.023449
-1.925437 17.104795 -0.091735
-1.938280 17.105682 -0.089653
-2.034859 17.122946 0.186312
-1.978099 17.227936 -0.019363
-1.928617 17.278006 -0.124045
-1.910315 17.258987 -0.172391
-1.970944 17.068361 0.033888
-1.923234 17.277962 -0.137882
-1.975827 17.157701 -0.006902
-2.060615 17.419207 0.199084
-2.073075 17.356363 0.257838
-1.939433 17.223116 -0.078070
-1.987881 17.341637 -0.000891
-2.128675 17.217085 0.378655
-1.926902 17.043610 -0.064626
-2.128754 17.313625 0.367376
-1.935893 17.045849 -0.059036
-2.127105 17.482658 0.349266
-2.043014 17.398861 0.133535
-2.125116 17.399446 0.356167
-2.099442 17.297213 0.314792
-1.919219 17.202364 -0.144619
-1.998095 17.282488 0.056279
-1.930251 17.213032 -0.125789
-2.035625 17.319408 0.139065
-1.969980 17.078743 0.002472
-2.035701 17.238953 0.147466
-2.013677 17.227089 0.111934
-1.963400 17.168423 -0.034528
-2.113431 17.236746 0.376665
-2.177951 17.470737 0.498944
-2.160330 17.535671 0.442835
-1.967168 17.347904 -0.037041
-2.033132 17.148705 0.152781
-2.187990 17.415209 0.557103
-1.927644 17.149109 -0.110976
-1.931625 17.153559 -0.105180
-2.031125 17.167747 0.168359
-1.967756 17.274488 -0.032742
-1.909989 17.303919 -0.187274
-1.922201 17.325167 -0.135923
-1.972761 17.112343 0.013790
-1.920136 17.323303 -0.151691
-1.967482 17.204107 -0.023432
-2.076042 17.399511 0.241026
-2.061190 17.464973 0.183478
-1.942412 17.267174 -0.095240
-1.983852 17.387123 -0.014344
-2.128221 17.526083 0.333163
-2.124630 17.358110 0.348556
-2.117844 17.264174 0.358324
-1.932168 17.091570 -0.077351
-1.930185 17.087915 -0.086661
-2.125460 17.443132 0.337990
-2.095167 17.341566 0.298409
-2.040979 17.444214 0.116926
-1.920355 17.246685 -0.161074
-1.994219 17.327164 0.040753
-1.928611 17.258698 -0.141533
-2.036900 17.363880 0.120170
-1.965870 17.124128 -0.016704
-2.031585 17.284359 0.128284
-2.016263 17.270819 0.093906
-1.953594 17.215435 -0.049485
-2.110233 17.280153 0.357850
-2.174981 17.514378 0.483416
-1.970532 17.392305 -0.053362
-2.027167 17.194372 0.134318
-2.190562 17.457100 0.539792
-1.928012 17.192753 -0.129148
-1.929218 17.198547 -0.122640
-2.026087 17.212347 0.149899
-1.967577 17.319555 -0.050064
-1.922800 17.369967 -0.151171
-1.907816 17.350060 -0.201808
-1.968114 17.157267 -0.003812
-1.917041 17.368645 -0.165508
-1.963224 17.249372 -0.040179
-2.070311 17.444475 0.226208
-2.056772 17.510139 0.169156
-1.981674 17.432339 -0.028521
-1.937079 17.313387 -0.109558
-1.928451 17.136353 -0.095311
-2.116110 17.307909 0.337569
-2.119204 17.402391 0.329227
-1.924234 17.133568 -0.105126
-2.118580 17.486149 0.320953
-2.093668 17.385515 0.280946
-2.041187 17.487755 0.101175
-1.998120 17.371096 0.023215
-1.912254 17.293299 -0.174318
-1.923284 17.303968 -0.155490
-2.034872 17.408289 0.103919
-1.961764 17.169518 -0.035886
-2.107968 17.322487 0.339032
-2.014771 17.315689 0.076081
-2.031556 17.328623 0.108885
-1.954344 17.259424 -0.066804
-1.962436 17.437056 -0.065891
-2.191831 17.498785 0.521974
-2.023590 17.240240 0.113556
-1.921369 17.239695 -0.144327
-1.921272 17.244349 -0.137959
-2.022365 17.256212 0.132294
-1.960940 17.364632 -0.064527
-1.904188 17.394932 -0.214052
-1.921942 17.414436 -0.164490
-1.966248 17.200848 -0.022131
-1.917647 17.412502 -0.180402
-1.961745 17.293293 -0.057645
-2.073281 17.488558 0.209021
-1.977656 17.476887 -0.041628
-1.935448 17.358118 -0.124953
-2.117327 17.445065 0.311258
-1.920526 17.177412 -0.122731
-1.928975 17.180122 -0.115925
-2.123937 17.528551 0.302193
-2.087175 17.428864 0.264767
-2.111222 17.352652 0.316660
-1.996482 17.415836 0.007819
-1.909703 17.338161 -0.189356
-1.914262 17.350721 -0.168384
-2.033388 17.452225 0.086444
-1.956201 17.214575 -0.053139
-2.103313 17.366503 0.321780
-2.011443 17.358953 0.059688
-1.949172 17.303885 -0.082841
-2.029687 17.372217 0.090555
-1.959885 17.480989 -0.080576
-2.015407 17.284903 0.095297
-1.919356 17.284082 -0.160580
-1.923495 17.287720 -0.156861
-2.022341 17.299536 0.113253
-1.961697 17.408619 -0.081861
-1.922551 17.458292 -0.179392
-1.900561 17.440742 -0.226665
-1.957911 17.247253 -0.038675
-1.910865 17.458385 -0.192801
-1.964505 17.336195 -0.077767
-1.936215 17.400225 -0.141566
-1.927118 17.223694 -0.134252
-2.110061 17.489616 0.292632
-1.921054 17.221178 -0.143352
-2.103571 17.396858 0.297179
-1.908082 17.381947 -0.204398
-1.918728 17.392281 -0.186430
-2.027300 17.494020 0.071835
-2.104214 17.407827 0.303098
-1.958574 17.258076 -0.074477
-2.009422 17.403357 0.043429
-2.027286 17.415344 0.073797
-1.949006 17.348005 -0.099816
-2.016315 17.327148 0.076254
-1.916040 17.328264 -0.177341
-1.919255 17.332039 -0.173265
-2.020474 17.343128 0.094921
-1.951379 17.452362 -0.094184
-1.958823 17.290426 -0.058081
-1.959335 17.381594 -0.094177
-1.925737 17.446653 -0.152536
-2.084586 17.515219 0.231390
-1.925261 17.268204 -0.152948
-1.918815 17.265350 -0.162907
-1.907003 17.426195 -0.221025
-1.911181 17.437483 -0.200552
-1.948018 17.303471 -0.090814
-2.008328 17.447622 0.026805
-2.023577 17.459208 0.056169
-1.947537 17.391922 -0.117299
-2.010912 17.371407 0.056909
-1.912729 17.372446 -0.194110
-2.020845 17.385847 0.077087
-1.915016 17.377295 -0.190037
-1.951222 17.495544 -0.110812
-1.955121 17.334276 -0.075705
-1.950484 17.424723 -0.108079
-1.926505 17.490633 -0.169887
-1.917869 17.312590 -0.169142
-1.913272 17.309464 -0.179817
-1.900227 17.472075 -0.233435
-1.906792 17.482616 -0.214897
-2.015260 17.501871 0.041047
-2.000396 17.490623 0.012541
-1.944860 17.346844 -0.109659
-1.941839 17.435917 -0.131779
-2.008671 17.414656 0.037704
-1.911271 17.415417 -0.211239
-1.912638 17.419462 -0.206448
-2.015290 17.429981 0.060171
-1.951423 17.378126 -0.093336
-1.946790 17.468571 -0.125718
-1.907732 17.353575 -0.196734
-1.913250 17.357506 -0.186779
-1.943012 17.390417 -0.128009
-1.938530 17.480103 -0.148561
-2.004041 17.459587 0.020064
-1.907426 17.460070 -0.226805
-2.010670 17.472099 0.043614
-1.907486 17.463913 -0.222516
-1.951427 17.420490 -0.112044
-1.911029 17.399796 -0.205632
-1.905512 17.395864 -0.215587
-1.937094 17.433256 -0.145433
-1.944031 17.464880 -0.128263
-1.897742 17.438974 -0.232310
-1.901790 17.444456 -0.221142
-1.929316 17.477314 -0.162524
-2.068867 16.753635 0.455814
-2.184732 16.758957 0.486918
-2.081035 16.864712 0.472910
-1.994826 16.774281 0.259618
-2.163893 16.777849 0.548670
-2.068453 16.855883 0.410601
-2.079000 16.763779 0.439022
-1.984544 16.788828 0.221697
-1.919845 16.761341 0.110902
-1.899814 16.739649 0.059738
-2.083528 16.914455 0.450827
-2.008948 16.774654 0.315671
-2.069638 16.904472 0.388416
-2.072009 16.817425 0.416065
-2.000350 16.831331 0.197795
-1.920702 16.813498 0.092066
-1.904367 16.789370 0.040251
-1.984262 16.766874 0.230178
-2.087869 16.962986 0.428408
-1.994477 16.877672 0.219743
-1.937693 16.760962 0.157348
-2.102451 16.909559 0.504568
-1.916454 16.735926 0.090498
-1.926188 16.749811 0.115515
-2.074902 16.951925 0.366027
-2.068175 16.870079 0.393263
-2.116167 16.760771 0.419027
-1.983272 16.891432 0.182562
-2.030061 16.775383 0.367231
-1.935970 16.855572 0.069756
-1.890299 16.847471 0.028024
-1.935003 16.853456 0.056971
-2.086288 17.012018 0.407278
-1.987570 16.931559 0.202511
-1.981967 16.749777 0.239880
-1.943328 16.808750 0.135826
-2.095479 16.960440 0.482756
-1.917855 16.785713 0.071229
-2.013385 16.872751 0.273493
-1.927198 16.800171 0.095006
-2.072920 17.002447 0.343270
-2.067647 16.920874 0.368560
-2.074884 16.831537 0.398508
-2.126354 16.908953 0.555418
-1.980603 16.941452 0.163856
-1.961070 16.761580 0.200864
-1.922233 16.741638 0.125733
-1.932024 16.743818 0.133312
-1.932604 16.907881 0.053929
-1.911641 16.886316 0.003132
-1.987373 16.865669 0.187119
-1.927009 16.909269 0.041766
-2.084164 17.062487 0.386957
-1.996372 16.977434 0.181519
-1.953588 16.853037 0.113671
-1.985906 16.797915 0.216622
-2.106296 17.004253 0.459372
-1.910011 16.840652 0.053973
-2.006630 16.925772 0.254199
-1.938913 16.843805 0.071288
-2.065794 17.053267 0.323891
-2.173765 17.149839 0.545894
-2.067523 16.968317 0.346253
-2.128631 16.953754 0.531965
-2.063416 16.886892 0.374487
-1.969638 16.805286 0.177372
-1.989408 16.986395 0.143251
-2.034263 16.872253 0.322134
-1.937257 16.783409 0.100127
-1.939119 16.790024 0.110608
-1.933466 16.958187 0.035842
-1.911042 16.937265 -0.013387
-1.985234 16.916109 0.166814
