# .PCD v0.7 - Point Cloud Data file format
VERSION 0.7
FIELDS x y z
SIZE 4 4 4
TYPE F F F
COUNT 1 1 1
WIDTH 4802
HEIGHT 1
VIEWPOINT 0 0 0 1
POINTS 4802
DATA ascii
-17.501854 48.496208 -6.714468
-16.945108 48.479996 -7.122475
-17.128962 48.526787 -6.530653
-16.649960 48.514793 -6.930751
-17.197184 48.511330 -6.476578
-16.950903 48.496014 -7.024690
-16.904097 48.545643 -6.337165
-16.694370 48.539410 -6.864000
-17.356518 48.522564 -6.458598
-16.977646 48.537666 -6.295084
-17.945099 48.515339 -5.817258
-17.693192 48.568069 -5.738338
-17.491611 48.535950 -5.622389
-17.566860 48.294842 -7.295597
-17.287325 48.328079 -7.123856
-17.028433 48.354626 -6.966228
-17.200977 48.334465 -7.138203
-16.798798 48.374977 -6.825782
-17.454889 48.321999 -7.281267
-16.993475 48.390629 -6.732815
-16.953604 48.360981 -6.979513
-17.515844 48.345440 -6.593686
-17.204721 48.376095 -6.391505
-17.199697 48.359020 -7.110940
-16.961405 48.390621 -6.834409
-17.631447 48.363968 -6.472950
-16.746941 48.386391 -6.846063
-16.890581 48.353100 -7.013795
-17.352690 48.394775 -6.224276
-17.695526 48.345905 -6.633308
-17.245644 48.366997 -6.470475
-16.977844 48.395061 -6.293611
-16.945574 48.382656 -6.944324
-17.766220 48.379559 -5.885845
-17.972910 48.353176 -6.029102
-17.381630 48.389023 -6.361603
-17.370892 48.353142 -6.604944
-16.573845 48.413986 -6.732665
-17.135963 48.411949 -6.135882
-16.683586 48.379570 -6.873977
-17.511459 48.340683 -6.762477
-17.032600 48.390591 -6.370111
-16.882034 48.374035 -7.035221
-17.492579 48.394772 -5.814238
-18.006197 48.347572 -6.143164
-17.670778 48.371410 -5.943219
-17.153830 48.410172 -6.259426
-17.125004 48.378490 -6.484537
-16.523359 48.410961 -6.761631
-16.656298 48.389736 -6.926120
-17.260004 48.373089 -6.630531
-17.169992 48.395504 -6.385164
-17.280058 48.416359 -5.755643
-17.688812 48.366463 -6.042709
-17.450901 48.398346 -5.874461
-16.898983 48.396259 -6.374687
-17.158230 48.384811 -6.507257
-17.747332 48.388092 -5.927377
-17.733582 48.365944 -6.162032
-16.489361 48.418243 -6.804426
-17.015137 48.395195 -6.504547
-17.433784 48.387463 -5.960292
-17.239037 48.418793 -5.810960
-16.738560 48.423706 -6.292085
-16.946016 48.411285 -6.397020
-17.489803 48.407513 -5.847029
-17.461914 48.387848 -6.064997
-17.214357 48.408222 -5.887391
-17.491966 48.398468 -5.992140
-17.261515 48.438564 -5.643676
-16.746801 48.431393 -6.294302
-17.260429 48.424973 -5.774587
-17.237165 48.409534 -5.983457
-17.265297 48.421513 -5.911241
-17.039179 48.429504 -5.909777
-16.872797 48.450966 -5.845475
-18.280020 48.329174 -7.347107
-18.187033 48.323231 -7.379033
-18.277292 48.322914 -7.234897
-17.994371 48.358143 -7.194201
-17.838736 48.370003 -7.052983
-17.924908 48.357918 -7.230049
-17.971300 48.348129 -7.074062
-17.854185 48.373505 -6.786588
-17.899044 48.364323 -6.922490
-17.726662 48.377865 -7.050149
-18.110767 48.377945 -6.511977
-17.831827 48.356430 -7.257414
-18.117880 48.367645 -6.581507
-18.296915 48.352520 -6.539745
-17.248070 48.386921 -7.051352
-17.647026 48.374973 -7.074155
-17.753862 48.363003 -7.077087
-18.179329 48.374748 -6.375506
-17.610558 48.384151 -6.673574
-17.671730 48.385120 -6.808639
-17.494787 48.395283 -6.924526
-17.830156 48.385597 -6.416969
-18.083424 48.389217 -6.221048
-18.071421 48.368393 -6.728756
-18.104532 48.357826 -6.599368
-17.584074 48.381035 -7.109313
-17.940281 48.371609 -6.591633
-17.891325 48.391670 -6.497073
-18.011181 48.369465 -6.439042
-17.083151 48.405365 -6.941660
-17.428415 48.395687 -6.949148
-17.436163 48.403519 -6.588588
-18.306328 48.391136 -5.999302
-17.930948 48.390205 -6.293337
-17.510639 48.385017 -6.939521
-18.290745 48.379124 -6.097248
-17.275402 48.405304 -6.806372
-17.827095 48.393787 -6.146961
-17.640833 48.407143 -6.350982
-17.195097 48.415363 -6.721518
-17.822750 48.390152 -6.622992
-18.125710 48.404209 -5.879573
-17.656099 48.403736 -6.411378
-17.701443 48.387947 -6.497707
-17.385332 48.406876 -6.988793
-17.842079 48.378033 -6.496680
-16.942318 48.424252 -6.848219
-17.767870 48.384857 -6.350607
-17.263180 48.417473 -6.505301
-17.218666 48.408543 -6.830781
-18.066822 48.406624 -5.947910
-17.719505 48.405830 -6.223467
-17.265703 48.413277 -6.602976
-17.281853 48.404785 -6.706282
-17.289946 48.400826 -6.815477
-16.882824 48.421394 -6.908987
-18.049454 48.396564 -6.038188
-17.656385 48.411766 -6.093219
-18.087456 48.397823 -6.147860
-17.132307 48.430206 -6.727631
-17.460146 48.424213 -6.288392
-17.057211 48.437046 -6.648305
-17.565983 48.398933 -6.515222
-17.917540 48.420589 -5.840416
-17.479288 48.422764 -6.344100
-17.534140 48.414051 -6.428443
-17.188961 48.424015 -6.871159
-17.625025 48.398037 -6.409340
-16.841507 48.416531 -6.977120
-16.801258 48.436031 -6.754900
-17.579922 48.405579 -6.280380
-18.022276 48.396957 -6.006998
-17.122425 48.434006 -6.436557
-17.058498 48.426834 -6.737574
-17.849644 48.418781 -5.901074
-17.546049 48.423805 -6.162580
-17.125740 48.435268 -6.529048
-17.978916 48.404942 -5.859655
-17.497381 48.426868 -6.043082
-17.122492 48.424385 -6.619600
-16.748058 48.437519 -6.814782
-17.822418 48.408787 -5.982597
-17.295500 48.438843 -6.229551
-16.975790 48.444344 -6.641244
-17.859613 48.413952 -6.084072
-16.600515 48.451797 -6.844424
-17.120375 48.422878 -6.716691
-16.907497 48.449512 -6.570457
-17.418236 48.427437 -6.447363
-17.709717 48.428730 -5.801973
-17.303087 48.435532 -6.277712
-17.321609 48.419914 -6.344944
-17.008827 48.435207 -6.761926
-16.708508 48.434834 -6.878888
-16.681559 48.448872 -6.674974
-17.412411 48.425053 -6.216927
-16.986017 48.445744 -6.369623
-17.810888 48.414234 -5.951520
-17.675800 48.435829 -5.861399
-16.908438 48.441193 -6.650653
-17.379841 48.437485 -6.105037
-16.974369 48.445919 -6.451002
-17.359268 48.443943 -5.997173
-17.776970 48.419060 -5.814070
-16.975487 48.440834 -6.538620
-16.636995 48.456345 -6.734879
-17.643017 48.426205 -5.935719
-17.141708 48.449646 -6.174895
-16.843472 48.459301 -6.566878
-16.497948 48.470882 -6.771850
-17.663542 48.428364 -6.027291
-16.777456 48.460625 -6.501489
-16.967258 48.440849 -6.627882
-17.543989 48.443058 -5.769354
-17.237726 48.438789 -6.369382
-17.160046 48.452106 -6.222404
-17.191523 48.442917 -6.289807
-16.863308 48.451248 -6.672421
-16.581318 48.448887 -6.785391
-17.275444 48.438389 -6.265863
-16.866777 48.458607 -6.310303
-17.252184 48.440357 -6.155408
-17.506306 48.448086 -5.823534
-17.619289 48.430550 -5.900695
-17.238651 48.452335 -6.054594
-16.774572 48.454727 -6.571862
-17.216442 48.452377 -5.952518
-16.845961 48.458687 -6.383638
-17.600670 48.433464 -5.773390
-17.488411 48.442947 -5.894350
-17.004311 48.460869 -6.125642
-16.706612 48.466728 -6.492446
-16.829773 48.450871 -6.459233
-17.499174 48.446030 -5.978663
-17.594728 48.446518 -5.650126
-17.406281 48.459435 -5.741144
-16.813938 48.451725 -6.539152
-17.091156 48.454659 -6.304692
-17.011648 48.460320 -6.166228
-17.043652 48.454601 -6.228268
-16.457977 48.476852 -6.866468
-16.729387 48.464039 -6.590720
-17.114813 48.450111 -6.199757
-17.101282 48.451027 -6.097969
-17.351612 48.459221 -5.788058
-17.095982 48.461273 -6.004302
-17.086426 48.460888 -5.911020
-16.657122 48.469288 -6.502788
-17.449465 48.444698 -5.853755
-16.880272 48.471020 -6.080168
-17.346355 48.457790 -5.855956
-17.459656 48.450977 -5.737387
-17.330042 48.454315 -5.928385
-17.457483 48.460869 -5.621038
-17.257650 48.468311 -5.710586
-16.890871 48.473324 -6.118242
-16.706715 48.473808 -6.473114
-16.956289 48.467659 -6.243582
-16.907578 48.464283 -6.171809
-16.629810 48.484932 -6.526893
-16.968367 48.461597 -6.138232
-16.979233 48.465195 -6.050055
-17.221321 48.471935 -5.756152
-16.978273 48.473324 -5.873235
-16.969698 48.470631 -5.959414
-17.305546 48.461105 -5.811898
-17.184328 48.461281 -5.814660
-17.309898 48.461517 -5.701267
-17.191332 48.467033 -5.886331
-17.321135 48.471081 -5.591606
-17.119354 48.474636 -5.682185
-16.787325 48.487705 -6.075054
-16.832668 48.479805 -6.186927
-16.793848 48.476494 -6.122503
-17.083004 48.477646 -5.723434
-16.849241 48.475773 -6.086124
-17.162228 48.471264 -5.770927
-17.068481 48.475254 -5.781791
-17.177868 48.471558 -5.667662
-17.060064 48.476700 -5.844899
-17.205702 48.483391 -5.564993
-17.330273 48.461891 -5.536285
-16.730764 48.495369 -6.139618
-16.963352 48.484684 -5.694126
-16.967854 48.491199 -5.750171
-17.036049 48.481941 -5.733254
-17.053503 48.480400 -5.636266
-17.076212 48.486343 -5.538640
-16.951981 48.489853 -5.810013
-17.119816 48.493778 -5.439520
-17.237373 48.483192 -5.512424
-17.125275 48.493855 -5.487875
-18.174084 48.279640 -7.463241
-18.302729 48.289371 -7.209054
-18.386177 48.279884 -7.175429
-18.367350 48.298717 -7.070702
-18.510918 48.283291 -7.025583
-17.972918 48.304173 -7.331370
-18.165117 48.296787 -7.349280
-18.079920 48.307728 -7.086761
-17.776136 48.319351 -7.307906
-18.091240 48.267811 -7.475662
-18.128590 48.290287 -7.044491
-17.860384 48.295891 -7.381396
-18.135069 48.316803 -6.954423
-18.288681 48.305794 -6.921176
-18.276533 48.302349 -7.048748
-17.660072 48.308758 -7.305987
-17.970369 48.318165 -7.227458
-17.797297 48.326267 -7.215235
-17.910292 48.332241 -6.991461
-18.420603 48.293400 -7.059047
-17.500309 48.333466 -7.250920
-17.910416 48.294495 -7.359534
-17.623970 48.343571 -7.200505
-17.972612 48.319805 -6.961928
-17.698692 48.317223 -7.271430
-17.949278 48.336979 -6.859780
-18.095629 48.325619 -6.829090
-18.053303 48.315060 -6.941142
-17.519592 48.331425 -7.205350
-18.194536 48.333050 -6.606251
-18.289795 48.307484 -6.566084
-18.216658 48.319500 -6.787028
-18.290936 48.329723 -6.494072
-17.796833 48.335690 -7.118324
-17.638727 48.345024 -7.110238
-18.191061 48.307705 -6.953412
-17.747656 48.350758 -6.901164
-17.729162 48.311150 -7.243735
-17.955141 48.317696 -7.116776
-18.416462 48.316528 -6.419294
-17.368114 48.354164 -7.151932
-17.464355 48.357647 -7.090338
-17.800365 48.335316 -6.871883
-17.536299 48.332546 -7.162641
-18.508167 48.341839 -6.218086
-17.770424 48.350220 -6.768690
-17.918390 48.342442 -6.743860
-17.885435 48.333790 -6.858469
-17.382622 48.348495 -7.108893
-18.015873 48.348278 -6.537189
-18.148966 48.335022 -6.513032
-18.290823 48.323826 -6.489263
-18.030535 48.334145 -6.704232
-17.643440 48.352493 -7.021954
-18.101551 48.345009 -6.426736
-18.001606 48.322948 -6.865582
-17.484282 48.357151 -7.008696
-17.588903 48.332371 -7.152283
-17.791107 48.334682 -7.019322
-17.585382 48.360134 -6.811970
-18.222635 48.332035 -6.357477
-17.242228 48.368969 -7.057212
-17.245350 48.351395 -7.216640
-17.329931 48.372368 -6.995296
-17.644661 48.348644 -6.790877
-17.422255 48.356403 -7.084285
-18.151386 48.324184 -6.657656
-18.319479 48.356201 -6.169152
-18.357630 48.334698 -6.287154
-17.735563 48.350246 -6.783464
-17.754602 48.354477 -6.666044
-17.621252 48.365692 -6.691535
-17.082483 48.364773 -7.175236
-17.990025 48.351677 -6.454678
-17.257915 48.362911 -7.019878
-18.140797 48.346218 -6.438531
-17.869179 48.365704 -6.477183
-18.305023 48.322826 -6.430613
-17.885717 48.353706 -6.637306
-17.831053 48.337799 -6.786232
-17.944813 48.362389 -6.369188
-17.340591 48.365780 -6.914512
-17.657265 48.352737 -6.937895
-17.447937 48.347580 -7.062007
-17.317795 48.353600 -7.173089
-17.458063 48.375084 -6.739150
-18.271255 48.346771 -6.045055
-18.064264 48.349335 -6.305536
-17.130800 48.382721 -6.973619
-17.989599 48.338531 -6.590638
-17.518795 48.365253 -6.722427
-17.285633 48.365211 -6.991797
-17.204969 48.384735 -6.907608
-18.319633 48.353378 -6.072425
-18.159948 48.372196 -6.126316
-17.573185 48.355202 -6.703336
-18.181005 48.347923 -6.235108
-17.611223 48.366955 -6.596793
-17.490856 48.379776 -6.622818
-17.975525 48.358353 -6.384045
-18.144621 48.342205 -6.382243
-17.149124 48.376186 -6.940618
-17.841381 48.366055 -6.400170
-17.715044 48.373875 -6.417286
-17.724751 48.361130 -6.565813
-17.749153 48.373642 -6.744193
-17.326483 48.362232 -6.982347
-17.201370 48.365238 -7.081460
-17.793770 48.374043 -6.313775
-17.245794 48.387028 -6.848098
-17.333801 48.386536 -6.669865
-17.916130 48.363422 -6.255988
-18.118700 48.362816 -6.006727
-17.838840 48.350548 -6.526779
-17.045929 48.385406 -7.050584
-17.022364 48.392040 -6.892101
-18.273808 48.337570 -6.151312
-17.392221 48.375854 -6.655155
-17.170156 48.376167 -6.912922
-16.821564 48.393875 -7.042327
-17.096708 48.396851 -6.830447
-18.168365 48.369164 -6.036981
-18.000280 48.381092 -6.085357
-18.042971 48.365612 -6.193147
-17.457729 48.372276 -6.644508
-17.491278 48.381557 -6.536279
-16.887930 48.390358 -7.006216
-17.822683 48.368008 -6.332766
-17.998276 48.360939 -6.337207
-17.373846 48.394192 -6.559572
-17.710945 48.379265 -6.350545
-17.604065 48.376652 -6.508848
-17.044960 48.387733 -6.866431
-17.606510 48.392677 -6.370081
-17.538260 48.360355 -6.648896
-17.267084 48.390690 -6.782261
-17.207232 48.371559 -6.903992
-17.097443 48.377079 -7.000218
-17.132082 48.395618 -6.772737
-17.653135 48.384407 -6.262249
-17.720892 48.366585 -6.474188
-17.235100 48.400784 -6.611543
-17.775429 48.374603 -6.208741
-16.940050 48.390690 -6.963357
-18.146431 48.356888 -6.114764
-17.983953 48.379848 -5.971221
-17.072281 48.388748 -6.845384
-17.289923 48.390396 -6.598842
-16.936077 48.406376 -6.825047
-16.750729 48.412605 -6.975311
-18.027449 48.382732 -6.003970
-16.995762 48.405941 -6.758407
-17.890366 48.372940 -6.148163
-17.348183 48.385597 -6.587888
-17.864254 48.392345 -6.047482
-17.366917 48.388580 -6.476042
-17.698547 48.382259 -6.289796
-17.834942 48.366592 -6.288253
-16.785587 48.391682 -6.998993
-16.802307 48.401970 -6.931307
-17.486259 48.386753 -6.453921
-17.589512 48.391342 -6.304758
-16.948837 48.396206 -6.796679
-17.257471 48.402390 -6.498962
-17.486992 48.401695 -6.320708
-17.433254 48.377953 -6.598275
-17.159433 48.398335 -6.713466
-17.295563 48.388443 -6.718513
-17.113791 48.387421 -6.842413
-17.003195 48.388554 -6.926406
-17.031580 48.403492 -6.704213
-17.598866 48.378017 -6.421998
-17.538225 48.397747 -6.217449
-18.000895 48.366138 -6.077203
-17.126978 48.406143 -6.549721
-16.856329 48.401867 -6.893461
-17.659050 48.388912 -6.168172
-17.848391 48.389885 -5.936862
-16.973181 48.396477 -6.776918
-17.187864 48.400867 -6.543102
-16.841768 48.411671 -6.754537
-17.884365 48.389511 -5.970646
-16.667538 48.420002 -6.898920
-17.765001 48.384079 -6.109988
-17.245390 48.396992 -6.535702
-16.903145 48.414871 -6.692340
-17.743679 48.402802 -6.012985
-17.576056 48.392284 -6.247449
-17.716589 48.383038 -6.249837
-16.735941 48.396820 -7.027077
-16.788258 48.388981 -6.963428
-16.715530 48.406113 -6.936104
-17.270023 48.402275 -6.425562
-17.377565 48.396706 -6.402873
-17.476290 48.401402 -6.262040
-16.725683 48.413319 -6.863097
-17.321186 48.388443 -6.543600
-16.869246 48.409431 -6.738341
-17.385395 48.413567 -6.277061
-17.065166 48.407181 -6.653003
-17.153126 48.411129 -6.442362
-16.637337 48.411728 -6.909512
-16.925253 48.402798 -6.863923
-17.009632 48.394661 -6.774464
-17.495211 48.390209 -6.376177
-17.884893 48.380051 -6.044433
-16.949684 48.415859 -6.647878
-16.583927 48.408581 -6.974057
-16.552074 48.414543 -6.872639
-17.943237 48.399166 -5.903463
-17.036057 48.415279 -6.497177
-16.787622 48.416958 -6.834889
-17.436069 48.411583 -6.175974
-17.550938 48.401257 -6.129258
-16.889824 48.408070 -6.719095
-17.088907 48.407894 -6.489481
-17.719694 48.398109 -5.904114
-17.757744 48.398365 -5.941550
-16.760162 48.418278 -6.691628
-17.661983 48.398716 -6.074883
-17.135418 48.400291 -6.479417
-16.596376 48.429691 -6.832266
-17.631592 48.413269 -5.980220
-16.824131 48.426994 -6.634687
-17.600554 48.395149 -6.212771
-16.719494 48.404018 -6.906281
-17.474401 48.405846 -6.210955
-16.630251 48.408581 -6.862297
-17.273489 48.404053 -6.354027
-17.172413 48.409954 -6.376256
-17.368526 48.409794 -6.220883
-17.214407 48.396221 -6.491857
-17.096666 48.403175 -6.598525
-16.657324 48.424446 -6.802268
-16.780895 48.412777 -6.674359
-17.286898 48.421986 -6.235532
-16.977255 48.416245 -6.594910
-16.844616 48.411396 -6.799007
-16.923176 48.404514 -6.717887
-16.565102 48.418484 -6.843426
-17.066587 48.422596 -6.394312
-16.450054 48.418053 -6.928644
-17.390446 48.398533 -6.329473
-17.764027 48.388462 -6.011298
-16.868864 48.425091 -6.591471
-17.804615 48.403168 -5.876601
-16.710381 48.424152 -6.770759
-16.951376 48.423630 -6.446964
-17.443062 48.409519 -6.090924
-17.325119 48.416359 -6.133150
-16.805124 48.413807 -6.660304
-17.009386 48.419476 -6.444538
-17.660078 48.412083 -5.913693
-17.598537 48.404411 -5.873713
-16.424511 48.412418 -6.936690
-16.691429 48.428112 -6.637819
-17.544285 48.402870 -6.039589
-17.062693 48.416935 -6.439876
-17.539495 48.425453 -5.951100
-17.485378 48.402149 -6.175570
-17.370687 48.413605 -6.174192
-16.648829 48.414299 -6.847485
-16.484592 48.404404 -6.948331
-16.597265 48.417767 -6.894704
-16.748100 48.434669 -6.579117
-17.180714 48.411983 -6.309883
-16.573423 48.424038 -6.811988
-17.271891 48.416847 -6.182934
-17.011225 48.410706 -6.546148
-17.115229 48.403011 -6.443913
-17.081110 48.417793 -6.330747
-16.903397 48.426403 -6.545884
-16.590101 48.433380 -6.742829
-16.766413 48.417530 -6.738355
-17.180563 48.423290 -6.192059
-16.703289 48.418686 -6.617257
-16.842968 48.413589 -6.663646
-17.294739 48.406654 -6.288065
-17.652214 48.395802 -5.980593
-16.979616 48.430092 -6.346116
-17.688341 48.410664 -5.852818
-16.789742 48.431030 -6.537143
-16.641462 48.431190 -6.712603
-16.878721 48.433399 -6.403631
-17.341211 48.415031 -6.054849
-16.739256 48.426025 -6.613785
-17.231527 48.425087 -6.095369
-16.920561 48.423164 -6.396143
-16.417448 48.414391 -6.932901
-17.559799 48.421986 -5.887743
-17.662878 48.410652 -5.778947
-16.382246 48.432137 -6.891336
-17.454376 48.414917 -6.008435
-17.513853 48.419731 -5.846393
-16.624619 48.436642 -6.586169
-16.976164 48.423229 -6.395206
-17.439730 48.432449 -5.921522
-17.369831 48.406116 -6.139671
-17.276134 48.421280 -6.139892
-16.581486 48.423119 -6.790884
-16.538792 48.429642 -6.838539
-17.100071 48.421448 -6.269783
-16.934326 48.419186 -6.496954
-17.031050 48.411964 -6.401557
-17.184641 48.425800 -6.147527
-16.674839 48.441986 -6.525059
-16.998966 48.425545 -6.287698
-16.701927 48.427845 -6.686152
-16.833815 48.437042 -6.498454
-16.768219 48.421883 -6.613831
-17.107180 48.435722 -6.157991
-16.649847 48.435360 -6.576317
-17.205215 48.413067 -6.247532
-17.551079 48.403893 -5.952436
-17.750540 48.410980 -5.805911
-16.898046 48.435871 -6.300892
-17.582796 48.418976 -5.830171
-16.722870 48.440372 -6.489768
-16.795975 48.434391 -6.356069
-17.244204 48.419926 -6.021061
-16.671598 48.434486 -6.565649
-17.455330 48.426296 -5.862156
-16.843813 48.428329 -6.353207
-16.372025 48.430561 -6.884469
-17.554140 48.415352 -5.754627
-17.142664 48.432205 -6.059834
-17.344007 48.415173 -5.975411
-16.903229 48.431835 -6.356079
-17.419033 48.427097 -5.819132
-17.341717 48.436218 -5.892605
-17.284206 48.418655 -6.110134
-17.185637 48.427448 -6.107107
-16.872543 48.431698 -6.456254
-17.026457 48.431026 -6.232781
-16.954687 48.421921 -6.363070
-17.103518 48.432987 -6.114409
-16.631832 48.431839 -6.631390
-16.923733 48.432419 -6.247707
-16.693703 48.426102 -6.564585
-17.133829 48.424313 -6.212797
-17.470205 48.415737 -5.926569
-16.762224 48.442818 -6.452193
-17.028023 48.440788 -6.122740
-17.645670 48.420067 -5.786867
-17.487865 48.427109 -5.808616
-16.837084 48.450138 -6.263823
-16.738209 48.445332 -6.318287
-17.165998 48.428669 -5.990934
-17.364614 48.433098 -5.837872
-16.781670 48.438683 -6.316664
-17.470089 48.425339 -5.732815
-17.264278 48.423954 -5.948062
-17.068899 48.441597 -6.027060
-16.823290 48.434277 -6.314351
-17.267048 48.446354 -5.867607
-17.195112 48.425552 -6.080271
-17.328432 48.434006 -5.792016
-17.104406 48.434525 -6.076824
-16.800047 48.436470 -6.412053
-16.948025 48.435173 -6.193994
-16.883162 48.431255 -6.326866
-17.022856 48.438091 -6.081948
-17.380819 48.421455 -5.900887
-17.050280 48.427914 -6.175932
-16.641382 48.441456 -6.527898
-16.861643 48.443699 -6.212611
-16.959148 48.449627 -6.090842
-17.542667 48.426914 -5.768528
-17.399229 48.434528 -5.787978
-17.280867 48.439079 -5.815235
-17.099413 48.440102 -5.962748
-17.193144 48.433746 -5.922484
-16.735867 48.457043 -6.286683
-17.388069 48.434132 -5.710330
-16.763956 48.445198 -6.280772
-17.111586 48.431782 -6.052010
-17.179266 48.446911 -5.841083
-16.990379 48.446495 -5.993956
-16.737604 48.443031 -6.371117
-17.034798 48.444286 -6.048480
-17.244074 48.440144 -5.767232
-16.884808 48.443466 -6.160873
-16.805243 48.433380 -6.287335
-17.304457 48.429714 -5.877191
-16.949944 48.443260 -6.051900
-16.978973 48.434044 -6.143149
-16.874744 48.446167 -6.056519
-17.449039 48.434784 -5.749861
-17.315485 48.441387 -5.768213
-17.205761 48.446125 -5.792954
-17.122519 48.441505 -5.896147
-17.022856 48.444626 -5.933248
-17.299728 48.437531 -5.688849
-17.039795 48.441692 -6.025728
-17.113701 48.456028 -5.817097
-16.964808 48.451023 -6.021435
-16.920395 48.452347 -5.964037
-17.228607 48.435940 -5.852735
-16.831865 48.455536 -6.131102
-16.753994 48.448227 -6.259160
-16.920746 48.443642 -6.113802
-17.166731 48.445518 -5.742679
-16.884222 48.449593 -6.023578
-17.371353 48.445877 -5.733308
-16.840376 48.467030 -6.032693
-17.235844 48.446800 -5.748549
-17.135546 48.452614 -5.771543
-17.053028 48.447075 -5.871193
-16.960888 48.453457 -5.907271
-17.226648 48.444260 -5.668753
-16.968235 48.447533 -6.000019
-17.049152 48.461967 -5.794454
-17.147110 48.436668 -5.830010
-16.885572 48.450798 -5.992393
-16.861460 48.450310 -6.085023
-16.844584 48.467983 -6.000183
-17.098816 48.452850 -5.719252
-17.283506 48.465023 -5.582940
-17.282969 48.450108 -5.716131
-17.161203 48.452641 -5.729796
-17.074028 48.461105 -5.751942
-16.990723 48.453812 -5.847964
-17.154753 48.448853 -5.648628
-17.085524 48.444229 -5.808961
-16.891920 48.448875 -5.973983
-16.984501 48.466911 -5.771778
-16.847340 48.469913 -5.971913
-17.209877 48.467670 -5.565510
-17.023796 48.453903 -5.696056
-17.200874 48.453629 -5.699870
-17.097389 48.460285 -5.712212
-17.009995 48.465889 -5.731411
-17.209213 48.449238 -5.573137
-17.019180 48.447292 -5.787583
-17.080238 48.449631 -5.630405
-16.852844 48.467049 -5.954151
-16.939865 48.479683 -5.750818
-17.145725 48.472328 -5.547790
-17.119968 48.455017 -5.683581
-17.031847 48.465107 -5.694468
-16.961662 48.477966 -5.712423
-17.142765 48.453053 -5.557440
-17.082144 48.475887 -5.530766
-17.059809 48.464176 -5.668322
-16.979708 48.475498 -5.677413
-17.069998 48.451473 -5.542746
-17.003973 48.473873 -5.653241
-18.287849 48.285980 -7.374467
-18.283197 48.280636 -7.308116
-18.311659 48.291100 -7.265582
-18.337461 48.284725 -7.231033
-18.160807 48.311188 -7.430369
-18.341600 48.313961 -7.261081
-18.542850 48.277046 -6.896383
-18.472179 48.279434 -6.925674
-18.134853 48.304096 -7.276126
-18.322075 48.325138 -7.164534
-17.943098 48.316017 -7.463243
-18.422028 48.292049 -6.965697
-18.128111 48.296871 -7.214805
-18.145571 48.299751 -7.170492
-18.198689 48.328407 -7.266563
-18.183161 48.297974 -7.146940
-18.022409 48.323627 -7.332466
-18.184267 48.328285 -7.167157
-18.389954 48.294445 -6.834158
-18.435358 48.323238 -6.903529
-18.319860 48.295773 -6.859907
-17.855967 48.315948 -7.341557
-18.174089 48.337112 -7.081012
-17.770206 48.331455 -7.426292
-18.009207 48.324154 -7.194111
-17.815290 48.328972 -7.362953
-18.255695 48.301861 -6.888303
-18.011177 48.316616 -7.142485
-18.022213 48.317776 -7.099051
-17.858154 48.336685 -7.306653
-18.059181 48.316051 -7.079051
-18.049107 48.342373 -7.171743
-18.389128 48.329498 -6.794223
-17.745256 48.325600 -7.311636
-17.910095 48.340080 -7.252279
-18.162739 48.336006 -6.992846
-18.235220 48.302841 -6.770641
-18.050640 48.342667 -7.087506
-17.666048 48.328560 -7.367311
-18.278530 48.336704 -6.832232
-17.743483 48.328377 -7.261411
-18.188938 48.312210 -6.800687
-18.049829 48.351139 -7.008915
-17.633530 48.343140 -7.371507
-17.655342 48.331528 -7.298916
-17.871527 48.331589 -7.105426
-17.669222 48.350388 -7.341560
-17.885965 48.327618 -7.065489
-18.129021 48.319103 -6.827556
-17.721048 48.350708 -7.288641
-17.910881 48.332283 -7.033711
-17.760189 48.354553 -7.231759
-17.945059 48.330692 -7.015193
-18.193748 48.308334 -6.712865
-17.910856 48.351860 -7.085173
-17.646431 48.339478 -7.237509
-17.803404 48.353287 -7.176225
-18.240849 48.339619 -6.731235
-18.038452 48.347038 -6.925022
-18.375643 48.295200 -6.441800
-18.115835 48.318840 -6.721045
-17.918932 48.351925 -7.008559
-17.642504 48.340347 -7.189476
-18.139544 48.349426 -6.768284
-18.060694 48.323509 -6.744275
-18.372440 48.305908 -6.377391
-18.281271 48.337799 -6.590161
-17.928246 48.360023 -6.939627
-17.541618 48.355663 -7.292977
-18.300339 48.314972 -6.482364
-17.468843 48.356064 -7.327306
-17.549002 48.340622 -7.215110
-17.766544 48.346798 -7.037800
-18.192057 48.345047 -6.634733
-17.777384 48.340981 -6.998675
-17.804535 48.345585 -6.971794
-18.010067 48.333000 -6.770184
-17.601540 48.355274 -7.195292
-17.823418 48.336571 -6.948767
-17.651001 48.361786 -7.150866
-18.072725 48.318367 -6.664778
-18.392509 48.305721 -6.328777
-17.703779 48.363194 -7.105686
-18.378403 48.344433 -6.437721
-17.786970 48.360783 -7.008158
-17.550379 48.351223 -7.164745
-17.938608 48.360096 -6.869313
-18.111910 48.350952 -6.675543
-18.278187 48.317417 -6.409999
-18.008495 48.333317 -6.674702
-17.398443 48.346699 -7.270380
-17.811060 48.364258 -6.943856
-17.462669 48.350346 -7.197315
-17.542721 48.347225 -7.117555
-17.938726 48.331512 -6.689860
-18.174707 48.351273 -6.548759
-18.016264 48.361500 -6.711030
-18.262693 48.321625 -6.346657
-17.335920 48.355473 -7.273956
-17.819588 48.369385 -6.877090
-17.382486 48.365322 -7.250082
-18.190464 48.331642 -6.444549
-18.415329 48.345490 -6.264160
-18.075222 48.353882 -6.586549
-17.466692 48.355831 -7.148344
-17.725628 48.347523 -6.893736
-17.695717 48.351921 -6.907877
-17.653208 48.352249 -6.964097
-17.672167 48.349163 -6.933946
-18.496180 48.342403 -6.187909
-17.885809 48.339062 -6.712305
-17.959635 48.329082 -6.621441
-17.514103 48.367672 -7.126553
-18.339251 48.348396 -6.332495
-17.553360 48.369568 -7.078174
-18.272785 48.318867 -6.299726
-17.465141 48.371204 -7.173707
-17.604671 48.369038 -7.034462
-17.466553 48.362492 -7.100881
-17.829155 48.365490 -6.810371
-18.245535 48.356037 -6.394850
-17.681768 48.370953 -6.940577
-17.992874 48.359852 -6.623873
-18.153883 48.326675 -6.374020
-17.885004 48.336384 -6.624615
-18.516024 48.348835 -6.089003
-17.704384 48.371498 -6.879168
-17.468502 48.362175 -7.064034
-17.384554 48.364353 -7.130455
-18.054947 48.356224 -6.503511
-17.830372 48.339962 -6.641474
-18.150633 48.332401 -6.316731
-17.264935 48.369186 -7.209755
-17.376356 48.375961 -7.151062
-17.717239 48.375469 -6.817966
-17.898573 48.370312 -6.656497
-18.292534 48.354713 -6.232385
-17.305506 48.375217 -7.178988
-18.069561 48.339710 -6.404959
-17.964108 48.362480 -6.541055
-17.629114 48.354393 -6.840125
-18.377764 48.352478 -6.160264
-17.379734 48.363159 -7.078931
-17.860001 48.338219 -6.581326
-17.602802 48.360641 -6.853452
-17.581406 48.359783 -6.877328
-17.473103 48.379696 -7.017766
-18.212030 48.355766 -6.296601
-18.152878 48.326984 -6.272139
-17.558754 48.361988 -6.902625
-17.426497 48.376041 -7.057852
-17.774410 48.345585 -6.658350
-17.244743 48.375156 -7.212309
-17.530405 48.382980 -6.980947
-17.381134 48.381420 -7.104193
-18.483786 48.361061 -6.050744
-17.731224 48.372425 -6.756791
-17.387709 48.372551 -7.040441
-17.188683 48.361427 -7.201074
-17.214825 48.372437 -7.208818
-17.877972 48.364555 -6.574971
-18.112446 48.361607 -6.353456
-17.791796 48.347237 -6.583616
-18.042400 48.336391 -6.340551
-17.588079 48.381672 -6.879782
-17.388994 48.371281 -7.007156
-17.608454 48.378300 -6.820586
-18.382025 48.357594 -6.063161
-17.954611 48.364395 -6.465540
-17.312180 48.377136 -7.069123
-18.052889 48.345585 -6.289260
-17.738543 48.350742 -6.599027
-17.308195 48.386566 -7.092477
-17.633707 48.385822 -6.768245
-18.186872 48.365223 -6.204422
-18.270750 48.362068 -6.136588
-17.238047 48.386780 -7.118254
-17.871609 48.372311 -6.502168
-17.954981 48.345493 -6.367358
-17.782804 48.374004 -6.602671
-17.542709 48.362869 -6.791910
-17.767584 48.349060 -6.543844
-17.522133 48.370876 -6.805079
-17.308830 48.374901 -7.021817
-18.054472 48.339211 -6.248231
-17.397873 48.389618 -6.960773
-17.499945 48.370026 -6.825437
-18.096222 48.363655 -6.263250
-17.683147 48.354309 -6.613786
-17.484560 48.375946 -6.851935
-17.437551 48.382542 -6.915994
-17.356400 48.389771 -7.001405
-17.177174 48.385693 -7.148758
-18.351095 48.365749 -6.027739
-17.644007 48.378914 -6.707903
-17.121502 48.377270 -7.173548
-17.304367 48.392361 -7.040153
-17.313164 48.381439 -6.984149
-17.158283 48.387589 -7.154151
-17.942963 48.344582 -6.310339
-17.708651 48.358692 -6.548024
-17.781782 48.373501 -6.531229
-17.091892 48.378586 -7.175674
-18.004438 48.371143 -6.317776
-17.184566 48.377861 -7.087089
-17.110064 48.388866 -7.177254
-17.082802 48.383938 -7.170897
-17.307829 48.375408 -6.948949
-17.870770 48.375885 -6.430669
-17.530733 48.391422 -6.772109
-18.266504 48.367550 -6.038270
-17.933987 48.345566 -6.258894
-17.647221 48.356461 -6.557322
-17.236654 48.383991 -7.005091
-17.240673 48.395126 -7.034601
-17.075897 48.384094 -7.147708
-18.076719 48.369877 -6.176623
-17.542746 48.389427 -6.715937
-17.131260 48.388222 -7.088296
-18.169340 48.370396 -6.112786
-17.178551 48.399040 -7.063684
-17.778257 48.379147 -6.462620
-17.478790 48.378479 -6.753686
-17.685110 48.358482 -6.510377
-17.859032 48.354504 -6.333512
-17.685772 48.380951 -6.556845
-17.955130 48.346432 -6.223685
-17.239244 48.383572 -6.966113
-17.320261 48.394592 -6.901760
-17.428623 48.381878 -6.780354
-17.370998 48.392143 -6.867280
-17.996134 48.372883 -6.233747
-17.609259 48.368347 -6.575819
-17.567617 48.386986 -6.665102
-17.284676 48.398529 -6.945042
-18.239105 48.373558 -6.006320
-17.077545 48.398003 -7.131961
-17.242836 48.388145 -6.930603
-17.233988 48.401035 -6.980927
-17.855709 48.355263 -6.281926
-17.629698 48.368946 -6.512339
-17.029827 48.383858 -7.114868
-17.128756 48.390003 -7.038798
-17.691267 48.381203 -6.490188
-17.002596 48.387100 -7.124707
-17.037167 48.401680 -7.123719
-17.906385 48.380249 -6.284685
-17.051155 48.401051 -7.117717
-17.245626 48.385838 -6.902952
-17.781706 48.380558 -6.396698
-18.143661 48.370785 -6.015036
-17.848936 48.356178 -6.233963
-17.183325 48.405312 -6.984949
-18.068485 48.374672 -6.089716
-17.574003 48.368473 -6.521479
-17.174282 48.394371 -6.952022
-17.067806 48.392567 -7.030361
-17.472815 48.399227 -6.673666
-17.981617 48.377903 -6.150545
-17.389824 48.376976 -6.704919
-17.707281 48.392097 -6.430247
-17.606907 48.367718 -6.478221
-17.116669 48.406349 -7.007094
-17.783924 48.367672 -6.305484
-17.866514 48.355198 -6.200983
-17.370556 48.384895 -6.713809
-17.171667 48.389130 -6.911095
-17.266802 48.408695 -6.859755
-17.308750 48.401566 -6.821290
-17.600182 48.388424 -6.514977
-17.496223 48.394844 -6.624302
-17.900156 48.378902 -6.204172
-17.529354 48.375580 -6.535232
-17.217894 48.405075 -6.892116
-18.139944 48.382816 -5.985985
-17.057753 48.404121 -7.032609
-17.177538 48.394650 -6.880472
-17.042459 48.403893 -7.044304
-18.175512 48.375694 -5.917961
-17.562996 48.381710 -6.481280
-17.017918 48.397835 -7.035059
-17.776272 48.365608 -6.255445
-17.168713 48.410522 -6.926519
-17.066893 48.395325 -6.986474
-17.619448 48.392151 -6.455732
-16.969585 48.411427 -7.090597
-17.699781 48.385925 -6.363959
-17.181120 48.392330 -6.856339
-18.162117 48.380268 -5.911869
-17.810341 48.386246 -6.252281
-17.776024 48.368275 -6.210843
-17.373886 48.401588 -6.674631
-17.984091 48.382256 -6.068333
-17.119205 48.408703 -6.930573
-18.060978 48.385345 -5.993538
-17.497749 48.375576 -6.485756
-17.898567 48.385403 -6.126299
-16.899593 48.397385 -7.088195
-17.403522 48.406982 -6.632106
-17.014732 48.402565 -6.982020
-17.108763 48.398819 -6.896254
-16.909475 48.400921 -7.080842
-17.330082 48.389393 -6.669450
-16.971020 48.406971 -7.039649
-17.624556 48.396473 -6.395413
-17.542374 48.380402 -6.449232
-17.060574 48.413441 -6.956024
-17.790804 48.366432 -6.180768
-17.301949 48.391617 -6.672951
-17.699289 48.374187 -6.275629
-17.243507 48.407089 -6.775409
-17.432758 48.403389 -6.588252
-17.194082 48.409447 -6.805613
-17.111448 48.397430 -6.862943
-17.283257 48.392582 -6.688253
-17.530474 48.400265 -6.478336
-17.822891 48.390160 -6.178332
-17.462421 48.385292 -6.499962
-16.953947 48.402493 -7.013926
-18.032738 48.385376 -5.966620
-17.263311 48.396606 -6.704974
-17.151760 48.410572 -6.838473
-17.000103 48.410236 -6.977341
-17.117990 48.400925 -6.834445
-16.983191 48.406040 -6.987700
-18.085615 48.384563 -5.900940
-17.476482 48.381199 -6.444466
-17.695253 48.371990 -6.229040
-16.966869 48.406715 -6.984556
-17.010868 48.402431 -6.938232
-17.633694 48.394657 -6.336459
-17.105404 48.415894 -6.872809
-17.535969 48.396542 -6.418793
-16.926712 48.412678 -7.010956
-17.117973 48.396755 -6.811127
-18.069345 48.387260 -5.896352
-17.730831 48.396564 -6.222965
-17.893150 48.385094 -6.047863
-16.944700 48.420956 -7.008305
-17.695030 48.373669 -6.187277
-17.283360 48.416664 -6.678803
-17.063135 48.414806 -6.882341
-17.307377 48.408207 -6.633013
-17.818377 48.392784 -6.103398
-17.441772 48.389885 -6.456539
-17.334019 48.409706 -6.590599
-17.958706 48.388676 -5.971921
-16.963743 48.410469 -6.935769
-16.857290 48.409935 -7.041687
-17.267990 48.396862 -6.633377
-17.466051 48.383507 -6.417794
-17.562841 48.409027 -6.366351
-17.052015 48.405949 -6.847320
-16.878477 48.423130 -7.045990
-17.708433 48.371899 -6.158650
-17.004393 48.418514 -6.904973
-16.913141 48.410038 -6.980170
-17.243412 48.399933 -6.636075
-17.626793 48.382191 -6.247583
-17.190590 48.416142 -6.735559
-16.818548 48.406696 -7.054696
-17.361834 48.405182 -6.548204
-17.139645 48.417534 -6.762979
-17.056213 48.404530 -6.818217
-17.218801 48.397095 -6.647314
-16.908070 48.412209 -6.971070
-17.736826 48.394741 -6.151356
-17.456318 48.407257 -6.441850
-17.951967 48.393818 -5.947258
-17.393951 48.392048 -6.464756
-17.205397 48.404865 -6.664545
-17.098055 48.419628 -6.795104
-17.056904 48.404243 -6.788485
-16.937321 48.416752 -6.943419
-16.949043 48.418121 -6.928260
-16.798662 48.408520 -7.048085
-17.410973 48.387871 -6.414850
-17.993458 48.390499 -5.883294
-17.611965 48.374443 -6.203436
-16.796726 48.411640 -7.050223
-16.962158 48.411278 -6.896869
-16.890793 48.418045 -6.977801
-17.569708 48.403286 -6.308199
-16.915005 48.412613 -6.934808
-16.860443 48.418350 -6.980669
-17.066465 48.404743 -6.772669
-16.880724 48.421368 -6.965281
-17.474102 48.407059 -6.386924
-17.043499 48.420200 -6.820488
-17.984400 48.394909 -5.881343
-17.825853 48.393944 -6.028877
-17.619720 48.378819 -6.164989
-17.652599 48.402802 -6.195074
-17.010603 48.419754 -6.836154
-16.888981 48.422943 -6.952320
-17.221853 48.424065 -6.637760
-17.243685 48.413700 -6.592750
-17.744558 48.399883 -6.081050
-17.363726 48.387997 -6.420947
-17.276203 48.417992 -6.554409
-17.206493 48.401291 -6.598027
-17.395489 48.387379 -6.389037
-16.913435 48.417336 -6.890217
-17.489986 48.410961 -6.334128
-17.864943 48.391632 -5.951514
-17.633234 48.378067 -6.139179
-16.959234 48.428204 -6.862803
-16.999647 48.413921 -6.802513
-17.136135 48.422234 -6.695774
-17.187046 48.408165 -6.601268
-17.552750 48.386238 -6.221029
-17.304043 48.412483 -6.514854
-16.865631 48.417763 -6.931711
-17.086611 48.424553 -6.721735
-17.003838 48.411499 -6.774839
-17.160149 48.403381 -6.609049
-16.861305 48.418915 -6.926146
-17.867552 48.398399 -5.930154
-17.664429 48.402763 -6.127557
-17.329018 48.397648 -6.431606
-16.892042 48.424412 -6.899866
-17.394417 48.417755 -6.408575
-17.009747 48.414051 -6.751324
-17.042728 48.424702 -6.750406
-17.139332 48.406399 -6.620853
-17.354891 48.398167 -6.388516
-16.903849 48.427788 -6.884686
-17.906898 48.394176 -5.866967
-17.506393 48.409878 -6.282080
-17.554659 48.386848 -6.181357
-16.843904 48.422733 -6.931491
-16.916298 48.419994 -6.856861
-16.764830 48.430836 -7.013309
-16.868277 48.420322 -6.889880
-16.719372 48.418842 -7.027281
-17.022312 48.416466 -6.739669
-16.818024 48.426884 -6.937044
-17.895689 48.396683 -5.867221
-17.749832 48.397137 -6.010187
-17.409273 48.413681 -6.356604
-16.836857 48.429955 -6.920278
-16.993330 48.429085 -6.777759
-17.556629 48.387463 -6.144518
-17.935432 48.399502 -5.808204
-16.963968 48.427494 -6.795478
-17.680050 48.408592 -6.060618
-17.572104 48.406105 -6.166595
-16.842175 48.430630 -6.904574
-17.186504 48.420933 -6.555878
-17.310471 48.399158 -6.393141
-17.226343 48.427971 -6.522993
-17.150021 48.406506 -6.564699
-17.336451 48.394787 -6.362827
-17.151344 48.422749 -6.591394
-17.424412 48.415623 -6.305984
-16.867411 48.424023 -6.847419
-17.573116 48.388615 -6.121460
-16.766323 48.422161 -6.943316
-17.083023 48.426250 -6.657425
-16.914694 48.435844 -6.821377
-17.251232 48.419571 -6.483547
-17.790554 48.400780 -5.931329
-16.775436 48.424717 -6.935284
-17.130535 48.413372 -6.566531
-17.492453 48.395741 -6.197667
-16.953815 48.423641 -6.762515
-17.040112 48.433334 -6.685302
-16.821676 48.425331 -6.885321
-16.947639 48.412590 -6.730938
-16.810682 48.419735 -6.879278
-17.109486 48.412369 -6.575548
-17.796656 48.405403 -5.912034
-17.591856 48.406769 -6.103846
-16.843674 48.427158 -6.855046
-17.267576 48.402088 -6.399124
-17.444357 48.413399 -6.255989
-16.961720 48.420872 -6.713532
-17.292830 48.402664 -6.359587
-16.991766 48.430622 -6.709866
-17.091536 48.416264 -6.587273
-16.793129 48.421520 -6.881816
-17.321405 48.418652 -6.372168
-17.490721 48.393497 -6.158823
-17.832527 48.401348 -5.851054
-16.855528 48.432533 -6.838430
-16.863611 48.420921 -6.812166
-17.683853 48.402916 -5.992663
-16.969923 48.420456 -6.702012
-16.822168 48.425995 -6.845684
-17.816990 48.401039 -5.852856
-16.770191 48.427567 -6.888692
-16.682669 48.429131 -6.983513
-16.791319 48.433571 -6.873963
-17.351612 48.422012 -6.327527
-17.494215 48.395073 -6.124765
-16.943020 48.434956 -6.735079
-17.851070 48.402115 -5.796825
-16.914980 48.430298 -6.754210
-17.610371 48.412491 -6.039665
-17.100069 48.413475 -6.534736
-17.255630 48.406368 -6.365420
-17.169022 48.431194 -6.487587
-17.277327 48.400181 -6.336646
-17.509590 48.414684 -6.141174
-17.137253 48.429855 -6.522341
-17.368879 48.422871 -6.278986
-16.820524 48.426727 -6.805391
-16.790728 48.431438 -6.852772
-17.499846 48.390659 -6.101322
-17.037199 48.433002 -6.623116
-17.198334 48.424648 -6.452259
-17.096218 48.428875 -6.553783
-16.861166 48.434776 -6.774597
-17.083448 48.421219 -6.536488
-16.723730 48.427666 -6.898324
-17.716028 48.405922 -5.912607
-17.428362 48.400356 -6.172324
-16.735826 48.433121 -6.891605
-16.893682 48.418812 -6.712398
-16.993530 48.440098 -6.648887
-16.700529 48.434891 -6.921465
-16.776140 48.428944 -6.839005
-16.904650 48.420204 -6.695135
-16.773464 48.430107 -6.843305
-17.050522 48.411613 -6.537392
-17.721434 48.409580 -5.895460
-17.527876 48.412415 -6.081319
-17.385221 48.417801 -6.231230
-16.798164 48.429787 -6.811569
-17.219233 48.412033 -6.371923
-16.911350 48.422752 -6.675137
-17.242336 48.410709 -6.334579
-16.820459 48.425510 -6.774980
-17.432467 48.399906 -6.137562
-17.625700 48.409355 -5.975645
-16.938425 48.431595 -6.667306
-17.041403 48.422184 -6.551663
-17.755888 48.404594 -5.835939
-16.819878 48.445869 -6.803802
-17.263630 48.424953 -6.341696
-16.919588 48.422348 -6.665030
-16.681936 48.435619 -6.912010
-17.747570 48.406994 -5.838952
-16.781134 48.432472 -6.804888
-16.726902 48.432110 -6.845849
-16.683207 48.444675 -6.919672
-16.749399 48.437054 -6.831096
-17.288702 48.423515 -6.297936
-17.433853 48.400581 -6.105687
-17.788904 48.410797 -5.785544
-16.873358 48.436844 -6.718381
-17.546417 48.417149 -6.019975
-16.887394 48.433983 -6.689056
-17.045639 48.415592 -6.503513
-17.231297 48.411076 -6.315744
-17.117496 48.435200 -6.456274
-17.200665 48.410557 -6.337729
-17.306686 48.423355 -6.251510
-17.802313 48.410976 -5.754084
-17.150433 48.429516 -6.422971
-17.438065 48.395233 -6.083703
-17.079086 48.430084 -6.486275
-16.983881 48.431992 -6.584820
-16.785593 48.439037 -6.772877
-17.445576 48.420311 -6.117231
-16.745874 48.434017 -6.807155
-17.031118 48.423237 -6.504506
-16.823174 48.443176 -6.739366
-17.040966 48.431980 -6.516202
-16.690828 48.439854 -6.862223
-17.371443 48.405682 -6.149624
-17.650061 48.412689 -5.893655
-16.940134 48.438072 -6.609187
-16.702236 48.445347 -6.856228
-16.856577 48.430210 -6.679240
-16.663004 48.441200 -6.879874
-17.005529 48.418362 -6.508013
-16.732456 48.435596 -6.805346
-17.328140 48.420097 -6.207147
-16.744846 48.444103 -6.805665
-17.654686 48.413380 -5.878678
-16.869871 48.434547 -6.665427
-16.772888 48.448780 -6.786533
-17.466032 48.417965 -6.059445
-16.874346 48.434177 -6.646220
-17.168587 48.418041 -6.344107
-17.557413 48.410198 -5.958929
-17.191113 48.417774 -6.310304
-16.780287 48.431999 -6.740530
-17.375582 48.405239 -6.116275
-16.717003 48.437283 -6.807125
-17.690670 48.410351 -5.820516
-16.893906 48.437244 -6.630141
-16.990458 48.425121 -6.516807
-16.876661 48.428978 -6.633477
-16.770548 48.443600 -6.756927
-17.687429 48.414558 -5.825507
-17.202864 48.427357 -6.311333
-16.650488 48.448746 -6.875861
-16.699299 48.448154 -6.817360
-16.747612 48.444714 -6.772338
-16.721071 48.453121 -6.801917
-17.717327 48.413849 -5.775255
-16.648664 48.453880 -6.879392
-17.377769 48.406902 -6.086493
-16.842846 48.451008 -6.689983
-17.241079 48.433426 -6.271420
-17.485929 48.419640 -6.000927
-17.762327 48.413620 -5.733821
-17.012527 48.431934 -6.480820
-17.182972 48.419029 -6.292803
-17.736391 48.414780 -5.742233
-16.843563 48.439594 -6.651166
-17.072502 48.441948 -6.426892
-17.260504 48.432220 -6.227798
-17.097406 48.430576 -6.393137
-17.146383 48.413708 -6.310738
-17.384956 48.403458 -6.067246
-16.937893 48.434715 -6.550550
-17.030354 48.433949 -6.453477
-16.741484 48.439606 -6.732213
-17.387974 48.426662 -6.093827
-16.980202 48.425190 -6.472487
-16.791903 48.457352 -6.708862
-16.723587 48.456894 -6.782004
-17.316662 48.410912 -6.127577
-16.651005 48.442230 -6.820019
-16.898582 48.444633 -6.576183
-16.993769 48.438789 -6.483336
-16.663101 48.447685 -6.813299
-17.589817 48.420216 -5.875967
-17.282673 48.427940 -6.185551
-16.701061 48.446754 -6.774876
-16.820915 48.441547 -6.647458
-17.605247 48.424473 -5.862810
-16.976778 48.437527 -6.485182
-16.724192 48.443478 -6.741794
-16.822245 48.434284 -6.626980
-17.520847 48.424747 -5.942708
-16.698341 48.441704 -6.758720
-16.829697 48.435818 -6.610511
-17.411324 48.424210 -6.038800
-17.141176 48.421764 -6.286025
-16.751297 48.447117 -6.714912
-17.115683 48.421116 -6.315665
-17.323011 48.411396 -6.096287
-17.630455 48.416893 -5.805666
-16.859724 48.448544 -6.601153
-16.844002 48.441238 -6.607272
-17.631563 48.422932 -5.811946
-16.946844 48.431789 -6.485976
-16.743706 48.460617 -6.729115
-17.158066 48.437138 -6.284747
-16.654999 48.445683 -6.773898
-16.704153 48.444241 -6.730959
-17.652855 48.417595 -5.764782
-17.324461 48.411095 -6.068664
-16.608227 48.447151 -6.827387
-16.672989 48.446766 -6.755049
-16.790590 48.443867 -6.647472
-16.574080 48.445801 -6.851588
-16.604109 48.449348 -6.828881
-17.180185 48.431816 -6.242513
-17.430525 48.424927 -5.982430
-17.695141 48.418510 -5.726233
-16.955675 48.427097 -6.449014
-17.125771 48.418301 -6.268749
-17.673296 48.418449 -5.730312
-17.053812 48.435268 -6.366570
-17.020006 48.439941 -6.394950
-17.214958 48.439045 -6.204797
-16.901445 48.442097 -6.522363
-17.099356 48.419575 -6.286367
-17.332497 48.410633 -6.050074
-16.814623 48.456711 -6.624112
-16.711613 48.451725 -6.704523
-16.986773 48.440624 -6.424059
-16.952166 48.443329 -6.451770
-16.742437 48.450073 -6.664868
-17.328074 48.429077 -6.069809
-17.265427 48.415989 -6.106149
-16.674749 48.450550 -6.733031
-17.237844 48.433743 -6.164664
-16.862143 48.453003 -6.546570
-16.617939 48.450394 -6.783956
-16.948626 48.443497 -6.451146
-16.629345 48.455883 -6.777960
-17.525089 48.421890 -5.858443
-17.460304 48.424240 -5.926518
-16.656069 48.443325 -6.733562
-16.775351 48.440174 -6.608262
-17.547777 48.429867 -5.846485
-16.589922 48.448704 -6.798811
-16.921228 48.431602 -6.450524
-16.698067 48.459469 -6.716094
-16.785007 48.441662 -6.595274
-16.666075 48.450855 -6.724751
-16.797037 48.448071 -6.584303
-17.089024 48.423820 -6.261110
-17.359440 48.430325 -6.018085
-16.703398 48.441803 -6.673690
-17.072206 48.427822 -6.290489
-17.273298 48.417431 -6.077641
-16.645042 48.447853 -6.738032
-16.794912 48.438038 -6.571718
-17.570568 48.426495 -5.799264
-17.568705 48.420475 -5.790881
-16.812822 48.448246 -6.563393
-16.695620 48.453266 -6.683671
-16.918695 48.448902 -6.462439
-17.607073 48.429554 -5.752349
-16.621960 48.452858 -6.740673
-17.274748 48.417130 -6.050018
-16.669703 48.451477 -6.697768
-16.762205 48.456936 -6.621150
-16.644419 48.457790 -6.724506
-16.578825 48.457176 -6.793336
-17.102943 48.438282 -6.255667
-17.377174 48.428112 -5.964610
-17.630737 48.422264 -5.718586
-17.131660 48.435734 -6.218197
-16.577763 48.463287 -6.797545
-17.025648 48.450394 -6.345884
-16.926867 48.443260 -6.429040
-17.615891 48.422871 -5.718240
-17.078047 48.423206 -6.246526
-16.988222 48.454201 -6.372238
-16.870996 48.455273 -6.498214
-17.162075 48.440136 -6.180615
-17.282854 48.416687 -6.034256
-17.054422 48.424343 -6.262661
-16.665892 48.447323 -6.663943
-16.765394 48.453465 -6.582900
-16.954952 48.454872 -6.399932
-16.712524 48.461185 -6.637186
-16.896610 48.436405 -6.418535
-17.192213 48.437561 -6.143107
-17.225039 48.425629 -6.086528
-17.277569 48.435116 -6.047643
-17.402664 48.424614 -5.911662
-16.819662 48.454556 -6.512927
-16.583984 48.454559 -6.747245
-16.644808 48.462639 -6.702509
-16.592258 48.455124 -6.737131
-16.628332 48.455345 -6.706525
-17.493814 48.434101 -5.830791
-16.652874 48.452007 -6.673410
-17.471907 48.429092 -5.840579
-16.917576 48.459713 -6.426271
-16.548983 48.443043 -6.753174
-16.744759 48.452312 -6.579879
-16.882685 48.439072 -6.423094
-16.746193 48.445080 -6.563645
-17.047066 48.430492 -6.240141
-16.753788 48.447651 -6.551406
-16.677299 48.456802 -6.650827
-16.624672 48.448273 -6.684046
-17.228552 48.424240 -6.058156
-17.303881 48.432575 -5.998204
-17.040459 48.442093 -6.269192
-16.762926 48.448261 -6.547635
-17.520311 48.433601 -5.785573
-17.522730 48.429398 -5.775651
-16.774738 48.452633 -6.531027
-16.865973 48.442844 -6.427710
-17.544653 48.431187 -5.742550
-16.657349 48.455608 -6.647084
-16.587999 48.456028 -6.705387
-17.228659 48.424023 -6.033394
-16.715748 48.450573 -6.582730
-16.606754 48.458092 -6.687217
-17.327414 48.432144 -5.947398
-16.630552 48.450825 -6.659111
-17.579212 48.430466 -5.709160
-16.977495 48.448223 -6.318079
-17.057251 48.443062 -6.229855
-17.088943 48.442421 -6.195122
-17.564215 48.429047 -5.706008
-16.869091 48.433418 -6.396597
-16.559238 48.445194 -6.704788
-16.821014 48.447086 -6.463439
-17.036047 48.428871 -6.225567
-16.938507 48.450062 -6.341660
-17.115681 48.442966 -6.158378
-17.233128 48.420723 -6.018458
-17.028553 48.442398 -6.244009
-17.605490 48.427917 -5.658309
-16.639717 48.461308 -6.639676
-17.142183 48.437538 -6.121696
-16.863251 48.446701 -6.395899
-16.668898 48.455688 -6.597272
-16.903793 48.450779 -6.367974
-16.731743 48.461685 -6.551799
-17.357214 48.429474 -5.895750
-17.178722 48.429474 -6.065695
-16.784544 48.459850 -6.484723
-16.593750 48.458569 -6.674790
-16.522345 48.421474 -6.681877
-17.439081 48.436359 -5.815842
-16.610889 48.466808 -6.667210
-17.228510 48.441093 -6.026855
-16.619061 48.456211 -6.642354
-16.844051 48.443531 -6.397109
-17.016754 48.443714 -6.221646
-16.706593 48.454685 -6.547534
-17.417913 48.433311 -5.823469
-16.509453 48.436321 -6.708927
-16.865618 48.454632 -6.392220
-16.713261 48.452282 -6.534660
-16.630762 48.448425 -6.612430
-16.717907 48.451965 -6.522523
-17.173595 48.423447 -6.038997
-17.258402 48.438416 -5.979452
-17.466335 48.435844 -5.772727
-16.727844 48.453560 -6.520844
-16.987305 48.438129 -6.242235
-17.465899 48.431751 -5.761460
-17.491560 48.436420 -5.731775
-16.831697 48.450130 -6.401588
-17.181683 48.426918 -6.016123
-16.741920 48.461849 -6.503433
-16.691708 48.464470 -6.559118
-16.629610 48.467621 -6.620043
-17.288464 48.440731 -5.930579
-16.946228 48.457428 -6.296109
-17.512505 48.429283 -5.702323
-16.572300 48.424725 -6.604910
-17.508133 48.430393 -5.695346
-16.842333 48.447472 -6.377297
-17.005772 48.442097 -6.208486
-16.791088 48.456203 -6.438605
-17.049812 48.449955 -6.172656
-16.531345 48.454185 -6.676366
-17.026920 48.458256 -6.207093
-16.904341 48.458374 -6.318355
-17.077995 48.450451 -6.137291
-17.176830 48.420006 -6.002161
-16.977570 48.438358 -6.219123
-16.463110 48.438389 -6.719945
-17.102999 48.442081 -6.102092
-17.555882 48.433983 -5.643901
-16.823847 48.449188 -6.370659
-17.310347 48.433395 -5.881296
-16.639627 48.464748 -6.570299
-16.868105 48.458126 -6.341886
-17.127277 48.428513 -6.045742
-16.749346 48.463135 -6.456540
-16.695105 48.466007 -6.520810
-17.392982 48.442253 -5.800641
-16.498236 48.434349 -6.656861
-17.185141 48.447819 -6.005916
-16.810575 48.451801 -6.373078
-16.961414 48.436840 -6.196895
-16.678967 48.451366 -6.492349
-16.669035 48.455009 -6.514486
-16.675814 48.453629 -6.504429
-17.368917 48.438316 -5.806932
-16.472172 48.430531 -6.668152
-17.129484 48.427216 -6.021646
-17.416677 48.439899 -5.759755
-16.829132 48.460987 -6.364037
-17.538599 48.433628 -5.631595
-16.685999 48.451077 -6.490761
-16.961277 48.453156 -6.222198
-17.213573 48.443207 -5.959984
-17.417662 48.436741 -5.747028
-17.437654 48.438675 -5.721756
-16.649593 48.457939 -6.524837
-17.135429 48.429779 -5.999541
-16.706646 48.464111 -6.473846
-16.795969 48.456467 -6.375509
-16.567497 48.434631 -6.563885
-16.899445 48.453186 -6.269703
-16.514643 48.451511 -6.632931
-17.236406 48.440823 -5.912753
-17.468809 48.439137 -5.691975
-17.459202 48.434425 -5.683064
-16.754431 48.457546 -6.411892
-16.542156 48.430786 -6.575866
-16.803005 48.450966 -6.353458
-16.952684 48.437153 -6.185781
-17.048330 48.462624 -6.118080
-17.011290 48.455441 -6.149486
-16.861193 48.456982 -6.291123
-17.137917 48.428593 -5.986754
-16.939806 48.443825 -6.198057
-17.076996 48.456127 -6.084895
-16.968647 48.450481 -6.179592
-17.274246 48.440872 -5.867247
-16.564287 48.455906 -6.570817
-17.514154 48.432564 -5.616641
-16.789598 48.455482 -6.347374
-17.498358 48.435371 -5.631857
-16.605690 48.465935 -6.539273
-17.089624 48.435009 -6.027494
-16.708107 48.458607 -6.425754
-16.830843 48.461514 -6.315874
-17.341759 48.443344 -5.786321
-16.933962 48.449936 -6.179741
-16.771820 48.453239 -6.347123
-17.129305 48.444016 -5.984683
-17.105013 48.443214 -6.005805
-16.635441 48.443901 -6.459527
-17.366982 48.442944 -5.746792
-16.626219 48.439342 -6.466167
-17.485312 48.434830 -5.619448
-17.316216 48.439445 -5.789818
-17.163652 48.443203 -5.942811
-16.790384 48.463417 -6.336655
-16.910181 48.447086 -6.195918
-17.388714 48.441704 -5.710897
-17.374430 48.443512 -5.731746
-16.520386 48.450813 -6.577602
-17.090551 48.431572 -5.982934
-17.198055 48.446362 -5.896654
-16.645782 48.437195 -6.429624
-16.867405 48.460407 -6.248477
-16.758593 48.457832 -6.348105
-17.416391 48.442337 -5.683323
-16.540249 48.441578 -6.536174
-17.417450 48.441154 -5.670576
-16.723654 48.462673 -6.387825
-16.767986 48.455284 -6.330919
-16.518761 48.442635 -6.552962
-16.920111 48.446438 -6.168085
-16.997337 48.456585 -6.096041
-17.028976 48.451996 -6.065594
-16.834314 48.469009 -6.270425
-16.969093 48.457062 -6.127151
-17.094564 48.432339 -5.971504
-17.234478 48.445477 -5.852607
-16.904907 48.450165 -6.176909
-17.466696 48.435555 -5.608576
-16.940367 48.463566 -6.157503
-16.534092 48.459965 -6.543207
-16.753777 48.457817 -6.324166
-16.564075 48.455334 -6.502898
-17.450115 48.439358 -5.618849
-17.066570 48.451935 -6.010192
-16.793501 48.462887 -6.289883
-16.665306 48.451115 -6.393621
-17.299856 48.448040 -5.771026
-16.888741 48.446659 -6.157531
-16.733635 48.451626 -6.320477
-16.607605 48.450916 -6.436781
-17.060057 48.443989 -5.987794
-17.317968 48.444954 -5.734529
-17.449295 48.444313 -5.605374
-16.596823 48.444389 -6.440650
-17.093111 48.452438 -5.964961
-16.593719 48.449623 -6.449869
-16.883339 48.459122 -6.176634
-17.122330 48.446831 -5.923974
-17.276537 48.447052 -5.773730
-17.336143 48.441875 -5.700863
-17.321709 48.441654 -5.718906
-16.748617 48.461937 -6.307971
-17.067564 48.448517 -5.968459
-16.833794 48.463669 -6.227327
-17.157526 48.449986 -5.881334
-17.367702 48.441204 -5.660474
-16.720407 48.456215 -6.321458
-17.363247 48.444557 -5.675404
-16.611923 48.438393 -6.401427
-16.728458 48.453751 -6.307135
-17.002850 48.463017 -6.048427
-16.873472 48.442223 -6.147335
-16.967548 48.465736 -6.076860
-17.191036 48.446224 -5.838804
-16.790239 48.461620 -6.243983
-17.429214 48.442108 -5.597399
-17.066490 48.445488 -5.957901
-16.934956 48.464375 -6.106680
-16.871412 48.455444 -6.157152
-16.708941 48.449448 -6.297046
-16.891443 48.457409 -6.133291
-17.014158 48.443966 -5.991039
-17.405388 48.443184 -5.605047
-16.635984 48.457172 -6.369505
-17.261583 48.454586 -5.756327
-16.758450 48.467186 -6.265926
-16.862656 48.458675 -6.140351
-16.575432 48.452148 -6.419860
-16.681999 48.434471 -6.290078
-17.025221 48.449352 -5.970899
-17.276094 48.448658 -5.722072
-16.585079 48.464760 -6.417369
-16.588436 48.460613 -6.416621
-17.401655 48.445259 -5.593088
-16.573460 48.456242 -6.419157
-16.846102 48.460522 -6.154885
-17.297979 48.449448 -5.688982
-17.053930 48.456963 -5.945350
-17.085360 48.452286 -5.906423
-16.558292 48.447853 -6.420324
-16.796358 48.461048 -6.204210
-17.276939 48.444466 -5.705114
-17.017437 48.442486 -5.952767
-17.228796 48.447956 -5.757200
-17.113247 48.448734 -5.865448
-17.330187 48.447735 -5.647880
-16.714142 48.464180 -6.281898
-17.316479 48.447498 -5.666613
-16.675425 48.445812 -6.291532
-16.592302 48.454117 -6.381923
-16.955475 48.456841 -6.029837
-16.714251 48.477341 -6.293783
-17.153364 48.449726 -5.824830
-16.847422 48.454247 -6.131568
-17.384581 48.444962 -5.589263
-16.924538 48.463379 -6.056707
-16.757317 48.464836 -6.222108
-17.017899 48.442402 -5.942140
-16.837917 48.460716 -6.137393
-16.896267 48.464832 -6.084976
-16.663265 48.438084 -6.269270
-16.993881 48.459755 -5.973676
-16.866058 48.471371 -6.112532
-17.218102 48.454323 -5.742534
-17.360620 48.445995 -5.591255
-16.608757 48.462135 -6.346056
-16.705324 48.448082 -6.235584
-16.818113 48.453362 -6.120266
-17.237087 48.453239 -5.709533
-16.978689 48.445168 -5.954391
-16.552616 48.463898 -6.391986
-17.361958 48.449879 -5.581275
-17.253271 48.451279 -5.679441
-16.806572 48.457989 -6.132525
-16.540041 48.462513 -6.400796
-16.784214 48.484528 -6.188684
-17.057060 48.462383 -5.888608
-17.027851 48.469975 -5.926742
-17.078445 48.454105 -5.849966
-17.234995 48.447151 -5.691252
-17.288235 48.449429 -5.635444
-16.992920 48.457458 -5.936930
-17.188999 48.452538 -5.741141
-17.114193 48.450287 -5.812336
-16.929228 48.464840 -6.012701
-17.271851 48.451336 -5.657049
-16.669924 48.454750 -6.252650
-17.342007 48.446712 -5.580380
-16.652054 48.456669 -6.271463
-16.659594 48.455284 -6.263509
-16.806549 48.451794 -6.112071
-16.896845 48.471428 -6.038189
-16.722101 48.464123 -6.199622
-16.994137 48.457363 -5.928407
-16.801399 48.461090 -6.117757
-16.857613 48.465290 -6.064684
-16.643711 48.453827 -6.252593
-16.944292 48.450661 -5.955878
-17.177567 48.456940 -5.728636
-17.328844 48.456272 -5.575647
-16.831003 48.474670 -6.089998
-16.772694 48.444057 -6.099538
-17.192913 48.452011 -5.697889
-16.951836 48.455208 -5.937955
-17.322187 48.453480 -5.568056
-17.214256 48.454861 -5.668327
-16.735542 48.467285 -6.163874
-16.758821 48.444744 -6.109773
-17.056709 48.467953 -5.834071
-17.014196 48.461056 -5.872685
-17.247768 48.452068 -5.624375
-16.947796 48.452213 -5.921813
-17.198090 48.451626 -5.677954
-17.303020 48.449310 -5.572107
-16.976858 48.461929 -5.907551
-17.079346 48.453659 -5.798291
-16.890564 48.463314 -5.995261
-17.229359 48.455082 -5.648140
-17.149120 48.455105 -5.725105
-16.858105 48.468884 -6.019346
-16.774536 48.457016 -6.095103
-16.683790 48.457497 -6.175858
-16.941067 48.447437 -5.914242
-16.748493 48.443035 -6.094475
-16.795958 48.440582 -6.041689
-16.922522 48.464489 -5.938568
-17.144899 48.462219 -5.713809
-17.282539 48.455128 -5.563346
-16.782612 48.463451 -6.066530
-17.158180 48.457397 -5.685233
-16.918365 48.458496 -5.922459
-16.736864 48.443390 -6.080604
-17.280231 48.454170 -5.557044
-16.706966 48.471333 -6.144710
-17.175243 48.458435 -5.657211
-17.014488 48.464588 -5.818861
-17.214449 48.457397 -5.611686
-17.062645 48.469303 -5.782959
-17.268282 48.453709 -5.560878
-16.922426 48.463200 -5.906742
-16.984364 48.468189 -5.854935
-17.164013 48.456966 -5.663159
-16.863586 48.470337 -5.978858
-17.191872 48.460609 -5.638381
-16.952188 48.474861 -5.888904
-17.109926 48.456638 -5.709769
-16.821543 48.467255 -6.001147
-16.736485 48.453438 -6.076962
-16.917913 48.460339 -5.899804
-16.777740 48.455246 -6.023572
-16.883093 48.460983 -5.921875
-17.102789 48.459881 -5.701416
-17.249914 48.461411 -5.548505
-17.118326 48.457981 -5.673461
-16.888489 48.463631 -5.906146
-16.740789 48.455982 -6.044985
-17.241068 48.454723 -5.544549
-17.130379 48.456234 -5.647714
-17.229218 48.454292 -5.552625
-17.020454 48.464951 -5.770589
-17.181087 48.461716 -5.599007
-16.988316 48.473591 -5.803123
-16.888950 48.465488 -5.892671
-17.127028 48.459423 -5.649881
-16.945015 48.466690 -5.838218
-17.148571 48.461369 -5.630228
-16.784864 48.462608 -5.982983
-16.909100 48.469482 -5.870196
-17.077229 48.461895 -5.693524
-16.883026 48.462688 -5.885766
-16.749929 48.460262 -6.005086
-16.824482 48.437202 -5.905872
-17.071495 48.464085 -5.686563
-17.084930 48.461281 -5.660800
-17.212172 48.462883 -5.534559
-17.207712 48.459030 -5.531882
-17.200974 48.461414 -5.541926
-17.098509 48.461491 -5.636415
-16.718143 48.466785 -6.025611
-16.998631 48.475777 -5.756153
-17.142685 48.462234 -5.588632
-16.803591 48.474567 -5.946315
-16.948196 48.469116 -5.788596
-16.837105 48.450462 -5.878546
-17.092148 48.461769 -5.635867
-17.110249 48.463894 -5.619836
-16.768816 48.478176 -5.965529
-17.043045 48.465199 -5.677367
-17.038752 48.466347 -5.673220
-16.811413 48.455669 -5.889742
-17.049355 48.462681 -5.648951
-17.157478 48.456169 -5.535297
-17.179323 48.464134 -5.518404
-17.178059 48.466221 -5.521242
-16.953419 48.465538 -5.745369
-17.068056 48.467686 -5.623681
-16.781607 48.482372 -5.930513
-17.107834 48.463612 -5.577473
-16.816730 48.462231 -5.864080
-17.056541 48.463158 -5.622604
-17.068289 48.462578 -5.611710
-17.008053 48.465530 -5.661976
-17.022665 48.480930 -5.655793
-17.124836 48.458469 -5.526195
-17.022413 48.468716 -5.635421
-17.148033 48.467350 -5.505015
-17.032476 48.468086 -5.613254
-17.137375 48.463814 -5.508855
-17.072218 48.463013 -5.567059
-17.165974 48.461239 -5.465742
-17.022991 48.462448 -5.610016
-17.037182 48.468811 -5.601111
-17.100834 48.466400 -5.513987
-17.111618 48.464767 -5.493936
-16.992542 48.464661 -5.604389
-17.040882 48.464222 -5.555103
-17.100967 48.462223 -5.496351
-17.134752 48.464470 -5.455179
-17.068115 48.466686 -5.504904
-17.082424 48.466881 -5.481210
-17.018984 48.473038 -5.540708
-17.076138 48.469147 -5.480636
-17.107090 48.469528 -5.442384
-17.065502 48.478470 -5.463126
-17.054865 48.477901 -5.462690
-17.082249 48.474464 -5.429518
-18.224358 48.266319 -7.457537
-18.453672 48.275764 -7.178900
-18.384115 48.287418 -7.241203
-18.105127 48.282890 -7.371955
-18.057243 48.287128 -7.431336
-18.325605 48.291061 -7.108362
-18.256859 48.304626 -7.172832
-17.998867 48.298847 -7.295934
-17.932846 48.296902 -7.343537
-18.190208 48.298634 -7.034923
-18.354570 48.289040 -7.269677
-18.115631 48.309479 -7.095203
-18.326935 48.283226 -7.190928
-18.070131 48.282452 -7.437998
-18.353323 48.277679 -6.630996
-17.898323 48.312546 -7.223940
-17.827940 48.308792 -7.268762
-18.075647 48.308388 -6.971644
-18.226461 48.305439 -7.196345
-17.999632 48.318264 -7.031929
-17.946440 48.295555 -7.401947
-18.187920 48.294094 -7.111320
-17.952875 48.295063 -7.350111
-18.244888 48.305607 -6.650967
-18.240261 48.290508 -6.595383
-18.354069 48.276371 -7.285614
-18.340881 48.283710 -7.315916
-17.788137 48.314690 -7.145435
-17.737478 48.320988 -7.204955
-18.368734 48.273594 -6.680070
-17.967499 48.314838 -6.913048
-18.478544 48.304153 -6.303228
-18.090237 48.313202 -7.117979
-17.896557 48.327530 -6.975421
-17.836369 48.306828 -7.319496
-17.589981 48.322376 -7.271719
-18.079824 48.308716 -7.047332
-17.841333 48.305416 -7.266253
-18.140041 48.313435 -6.609318
-18.438635 48.301159 -6.239046
-18.136393 48.301060 -6.561585
-18.476402 48.283028 -6.892845
-18.283215 48.301750 -6.738383
-18.226593 48.294922 -7.207384
-18.218464 48.303028 -7.241121
-17.699743 48.323822 -7.082182
-17.651255 48.330006 -7.143766
-17.866465 48.320042 -6.857061
-18.258453 48.287453 -6.641589
-18.367775 48.312592 -6.278028
-17.925550 48.292522 -7.413766
-17.971283 48.321205 -7.050506
-18.498760 48.282375 -6.308420
-17.797661 48.332661 -6.920085
-17.735659 48.316635 -7.244545
-17.509188 48.329498 -7.203253
-17.965872 48.316536 -6.981850
-18.030836 48.316376 -6.567616
-17.752230 48.319721 -7.198236
-18.319481 48.307617 -6.219653
-18.035278 48.308556 -6.527616
-18.158262 48.307373 -6.687260
-18.335775 48.294327 -6.832399
-18.088877 48.303864 -7.124847
-17.619982 48.331532 -7.025741
-18.066229 48.305592 -7.150245
-18.426146 48.308964 -6.374845
-18.536489 48.275848 -7.003675
-17.570045 48.337795 -7.085948
-17.780514 48.326645 -6.808524
-18.150927 48.298256 -6.602937
-18.270510 48.321655 -6.254629
-18.302469 48.279167 -6.706779
-17.869553 48.330540 -6.991135
-17.803011 48.299530 -7.318042
-18.397463 48.298477 -6.286773
-17.710300 48.339302 -6.871585
-18.222328 48.289188 -7.290170
-18.538181 48.271633 -6.853476
-17.520063 48.319965 -7.301779
-17.648691 48.327785 -7.179907
-17.438549 48.338116 -7.143073
-17.861895 48.322994 -6.920318
-17.946043 48.325474 -6.533995
-18.220222 48.316566 -6.201256
-17.652075 48.322506 -7.123744
-17.389982 48.341190 -7.176958
-17.937702 48.313908 -6.495608
-18.210741 48.305405 -7.291718
-18.052660 48.315296 -6.643510
-17.741165 48.306610 -7.299328
-18.211590 48.306046 -6.777921
-17.543749 48.338142 -6.969882
-18.313858 48.317585 -6.345442
-17.969084 48.313099 -7.051067
-17.952993 48.317513 -7.081343
-17.496759 48.346245 -7.032906
-18.180323 48.329514 -6.232427
-17.705400 48.335793 -6.766167
-18.379337 48.288925 -6.931674
-18.042643 48.306061 -6.564913
-18.184160 48.289429 -6.662012
-17.779333 48.340378 -6.938568
-18.291031 48.307735 -6.264320
-17.702921 48.309444 -7.239540
-17.630112 48.345638 -6.827140
-18.088905 48.303123 -7.204859
-17.372923 48.345505 -7.086263
-17.574011 48.341396 -7.122827
-17.773066 48.331806 -6.867681
-17.868326 48.333363 -6.501571
-18.120901 48.321484 -6.184140
-17.322145 48.345657 -7.119398
-17.862366 48.325535 -6.469618
-17.584650 48.337769 -7.072197
-18.401924 48.294193 -6.350271
-18.359949 48.308395 -6.437433
-18.063465 48.311974 -7.197311
-17.959936 48.324787 -6.603734
-17.657780 48.321747 -7.232609
-17.473288 48.343441 -6.919494
-18.088009 48.312733 -6.723969
-18.197899 48.321323 -6.315261
-17.855713 48.317989 -6.983349
-17.854105 48.328827 -7.020551
-17.425600 48.352581 -6.981863
-18.085798 48.333481 -6.210205
-17.633789 48.342842 -6.724360
-17.249424 48.349476 -7.148262
-17.955082 48.316177 -6.532811
-18.245096 48.303150 -6.869041
-18.071493 48.297523 -6.618445
-18.557583 48.306862 -6.118917
-17.688992 48.345234 -6.885837
-18.188852 48.315853 -6.243137
-17.557091 48.352722 -6.785370
-17.618738 48.321629 -7.172036
-17.378626 48.339481 -7.173005
-18.245613 48.289391 -6.736950
-17.310896 48.351700 -7.032862
-17.492634 48.345299 -7.062052
-17.796335 48.341034 -6.471825
-17.965483 48.313610 -7.126258
-17.697182 48.342087 -6.821843
-18.032965 48.329132 -6.166830
-17.261652 48.353725 -7.068851
-17.782608 48.331318 -6.442129
-17.508348 48.344475 -7.013512
-18.289011 48.303768 -6.323038
-18.236805 48.313488 -6.401816
-17.874325 48.333023 -6.566566
-17.943602 48.321312 -7.120704
-18.393379 48.298389 -6.532557
-18.102655 48.328419 -6.289623
-17.569248 48.331081 -7.163704
-17.980865 48.319839 -6.675983
-17.332884 48.346508 -7.175112
-18.002642 48.338139 -6.189133
-17.360176 48.357655 -6.934879
-17.564337 48.347736 -6.685964
-17.756569 48.336079 -6.961004
-17.765415 48.328972 -6.926576
-17.187881 48.351830 -7.089765
-17.870338 48.324192 -6.501983
-18.418699 48.293350 -6.421363
-18.121483 48.312981 -6.810946
-17.161503 48.354939 -7.106107
-17.968113 48.304249 -6.579551
-17.600716 48.347023 -6.833659
-17.662045 48.312557 -7.293116
-18.447760 48.318089 -6.100154
-18.093000 48.321808 -6.222429
-17.492714 48.360424 -6.749063
-17.661282 48.316772 -7.286910
-17.542524 48.333378 -7.112100
-17.254690 48.358582 -6.984997
-17.727182 48.347595 -6.443386
-17.318077 48.349686 -7.118284
-17.419931 48.350815 -7.006774
-18.123600 48.297913 -6.687263
-17.611080 48.343761 -6.771730
-17.837528 48.315311 -7.044647
-17.951416 48.335571 -6.151439
-17.204697 48.359650 -7.020266
-17.711451 48.338814 -6.417310
-18.180986 48.310211 -6.296284
-17.441481 48.352718 -6.962424
-17.798016 48.341930 -6.532725
-18.125792 48.319187 -6.369452
-17.835201 48.329159 -7.050835
-17.927338 48.343552 -6.170012
-18.011604 48.333424 -6.263808
-17.264143 48.348167 -7.112527
-18.283918 48.314175 -6.496245
-17.501326 48.353409 -6.649555
-17.885172 48.326500 -6.633356
-17.492203 48.339924 -7.101570
-17.293957 48.359776 -6.887110
-17.666185 48.342030 -6.905480
-17.135916 48.358612 -7.041790
-17.677942 48.336807 -6.872457
-17.351059 48.344635 -7.247530
-17.789122 48.331104 -6.471737
-18.560551 48.304543 -6.121677
-18.312880 48.306850 -6.391250
-17.107340 48.360844 -7.056036
-17.892685 48.318062 -6.547974
-17.089108 48.357998 -7.064893
-17.543615 48.361504 -6.798810
-18.002092 48.326630 -6.202267
-17.995613 48.317898 -6.752038
-18.335678 48.324398 -6.080577
-17.418806 48.359524 -6.707756
-17.171984 48.357277 -7.178148
-17.566092 48.319443 -7.212993
-18.237707 48.340370 -5.971045
-17.668045 48.355835 -6.417580
-18.463837 48.314278 -6.202293
-17.469851 48.342983 -7.054128
-17.205046 48.368149 -6.942012
-17.577057 48.330055 -7.216612
-17.258179 48.356861 -7.064154
-17.357435 48.359818 -6.959848
-18.013727 48.305996 -6.642210
-17.543772 48.351669 -6.731258
-17.881222 48.343750 -6.135820
-17.152864 48.367294 -6.976563
-17.646009 48.347130 -6.393791
-18.346392 48.320560 -6.005177
-18.088692 48.319153 -6.273462
-17.747961 48.329350 -6.985834
-17.373100 48.357002 -6.911243
-17.727406 48.349621 -6.501530
-17.300884 48.364624 -6.793001
-17.859159 48.349751 -6.152151
-18.026180 48.325527 -6.339653
-17.935581 48.341965 -6.241271
-17.446226 48.360786 -6.616542
-17.740509 48.338394 -6.989867
-17.242325 48.368187 -6.850504
-17.206507 48.357174 -7.061940
-17.421652 48.347416 -7.045596
-17.802382 48.335724 -6.594735
-18.164997 48.321266 -6.457757
-17.585112 48.347607 -6.854661
-17.083120 48.362492 -6.991617
-17.717205 48.338692 -6.444818
-17.596930 48.343338 -6.823085
-18.445740 48.314919 -6.102304
-18.194084 48.311714 -6.359760
-17.061911 48.369316 -7.012906
-17.047373 48.369270 -7.025302
-17.815084 48.328915 -6.517061
-17.938389 48.340668 -6.185972
-17.367369 48.369743 -6.676868
-18.242140 48.334183 -6.063479
-17.899914 48.328697 -6.705303
-18.149113 48.344887 -5.958599
-17.601683 48.359299 -6.390383
-17.150141 48.368965 -6.895327
-17.491997 48.333218 -7.150949
-17.263035 48.348972 -7.147316
-17.396330 48.347641 -6.995303
-18.340282 48.320045 -6.177325
-17.200371 48.361969 -7.010610
-17.297003 48.365757 -6.913475
-17.497105 48.340107 -7.150345
-17.479279 48.357475 -6.692060
-17.811016 48.349884 -6.121548
-17.918844 48.314575 -6.601748
-17.579031 48.350494 -6.370144
-17.103121 48.372871 -6.933446
-18.261488 48.332005 -5.992162
-17.994860 48.323139 -6.250514
-17.310421 48.360065 -6.862707
-17.793760 48.353893 -6.134152
-17.245483 48.367245 -6.752759
-17.651674 48.352509 -6.468181
-17.653921 48.335552 -6.925456
-17.865946 48.349293 -6.220655
-17.394712 48.368015 -6.585556
-17.951574 48.337128 -6.314352
-17.185452 48.369888 -6.808853
-17.158237 48.366760 -7.017504
-17.652966 48.346333 -6.932922
-17.354725 48.354713 -6.993062
-17.725290 48.343731 -6.558761
-17.039089 48.368893 -6.949798
-17.513409 48.353764 -6.809995
-18.047428 48.324287 -6.420514
-17.647345 48.344257 -6.417071
-17.532490 48.354229 -6.781225
-17.212069 48.351223 -7.115432
-18.335106 48.321156 -6.084101
-17.083717 48.364025 -7.065293
-18.087355 48.316235 -6.330077
-17.014183 48.372921 -6.967549
-17.853821 48.342285 -6.167665
-16.998863 48.371960 -6.977811
-17.729399 48.331081 -6.482522
-17.315168 48.376968 -6.646608
-17.397236 48.364803 -6.712085
-17.549685 48.367287 -6.367219
-18.151354 48.340912 -6.046208
-18.066864 48.349285 -5.945282
-17.064812 48.367348 -7.069424
-17.798357 48.332691 -6.657073
-17.101099 48.373508 -6.852866
-17.200098 48.353409 -7.087509
-17.419256 48.342922 -7.090150
-17.149918 48.369633 -6.965457
-17.334492 48.356705 -6.946239
-18.244551 48.332043 -6.155402
-17.419096 48.363091 -6.655578
-17.237309 48.370617 -6.869170
-17.745052 48.355923 -6.107166
-17.519953 48.356602 -6.348512
-17.423615 48.348854 -7.088826
-17.835398 48.323753 -6.565264
-17.053366 48.376411 -6.891677
-18.160103 48.333832 -5.979948
-17.736950 48.360786 -6.117443
-17.926788 48.336426 -6.230058
-17.201752 48.375317 -6.720896
-17.259472 48.369530 -6.823997
-17.596855 48.363651 -6.442364
-17.332293 48.366623 -6.551019
-17.804176 48.359413 -6.200643
-17.575741 48.345112 -6.873283
-17.138084 48.376118 -6.774898
-17.871220 48.344864 -6.289066
-17.108509 48.374386 -6.973040
-17.295723 48.362667 -6.945304
-17.570375 48.352089 -6.877902
-17.648849 48.348701 -6.523376
-17.006147 48.383682 -6.918596
-17.580381 48.349667 -6.392076
-17.454029 48.365425 -6.771572
-17.952013 48.331631 -6.387811
-18.028770 48.346802 -5.895232
-17.037443 48.370640 -7.018585
-18.240129 48.329983 -6.067005
-17.160868 48.361019 -7.066830
-17.951303 48.361485 -5.841048
-17.077841 48.357597 -7.142405
-17.994907 48.323326 -6.302951
-17.790659 48.350349 -6.150448
-16.967970 48.377399 -6.925014
-16.956947 48.377293 -6.936611
-17.254910 48.376503 -6.612755
-17.661715 48.339619 -6.454112
-17.492563 48.370468 -6.341902
-17.351562 48.377846 -6.682561
-17.994593 48.355404 -5.933184
-18.055517 48.342747 -6.029609
-16.990358 48.366264 -7.034491
-17.013371 48.370247 -7.017768
-17.056402 48.377811 -6.814533
-17.070890 48.364838 -7.139997
-17.711149 48.339169 -6.614225
-17.148840 48.362251 -7.037462
-17.187698 48.377056 -6.830325
-17.678324 48.358967 -6.093410
-17.097885 48.373428 -6.917385
-17.366852 48.371407 -6.622525
-17.352276 48.352360 -7.033443
-17.468029 48.364502 -6.328176
-17.273993 48.362740 -6.897041
-18.138006 48.336330 -6.132786
-17.677240 48.364754 -6.100710
-17.009418 48.381676 -6.854064
-17.753355 48.330856 -6.530090
-17.355108 48.355377 -7.030644
-18.076490 48.340260 -5.966732
-17.847162 48.339996 -6.209567
-17.149891 48.375793 -6.682616
-17.198845 48.367493 -6.777362
-17.539049 48.369915 -6.415044
-17.290140 48.375477 -6.524805
-17.728683 48.359936 -6.178531
-17.105373 48.392673 -6.750827
-17.798630 48.351406 -6.264253
-17.493114 48.347832 -6.819578
-17.054987 48.375221 -6.924905
-16.959049 48.383259 -6.873796
-17.244003 48.373268 -6.903114
-17.527721 48.358646 -6.369671
-17.489170 48.353733 -6.825539
-17.585363 48.358234 -6.492063
-17.886129 48.364307 -5.832907
-17.952980 48.349895 -5.886660
-18.154358 48.338577 -6.050377
-17.400515 48.365105 -6.697219
-16.989649 48.374340 -6.970402
-17.105177 48.365063 -7.013904
-17.877367 48.344326 -6.359718
-17.716745 48.351654 -6.133984
-16.938711 48.392948 -6.898697
-17.435404 48.370613 -6.317898
-17.924639 48.335739 -6.280398
-17.208410 48.382507 -6.585140
-17.925098 48.359463 -5.920948
-17.291319 48.379429 -6.647361
-17.599031 48.347973 -6.427692
-17.871088 48.363907 -5.825496
-17.979652 48.350067 -6.014105
-16.972977 48.378498 -6.978043
-17.025707 48.392395 -6.788221
-17.620342 48.366619 -6.085249
-17.619438 48.363800 -6.080225
-17.049482 48.375988 -6.874133
-17.135876 48.380577 -6.790730
-17.094597 48.366219 -6.985912
-17.313122 48.376766 -6.589410
-17.408855 48.366623 -6.306414
-16.975786 48.393379 -6.826314
-17.641926 48.349972 -6.578853
-17.213428 48.364742 -6.849123
-17.992815 48.342651 -5.954797
-17.284449 48.356850 -6.975885
-17.684212 48.340523 -6.498923
-17.288765 48.359741 -6.975874
-17.776817 48.346325 -6.189643
-18.039289 48.340370 -6.112087
-17.118542 48.390324 -6.658442
-17.480507 48.374180 -6.388383
-17.157293 48.378536 -6.744837
-17.256701 48.388985 -6.502773
-17.139364 48.354965 -7.112519
-17.671841 48.366882 -6.160410
-17.049028 48.386360 -6.709601
-17.727467 48.356869 -6.240783
-17.010309 48.381577 -6.885225
-17.434418 48.360546 -6.779051
-17.826635 48.368000 -5.824651
-16.928984 48.396896 -6.845314
-17.475073 48.366589 -6.348646
-17.888597 48.356720 -5.877926
-17.179783 48.372429 -6.853071
-17.517462 48.360878 -6.460630
-17.331402 48.375881 -6.693685
-18.053507 48.338562 -6.033133
-17.385483 48.374493 -6.296669
-16.946951 48.378765 -6.927069
-17.660000 48.359505 -6.118722
-17.341690 48.369743 -6.659255
-16.890791 48.388573 -6.853078
-17.058968 48.372635 -6.968641
-16.877451 48.385685 -6.859687
-17.170649 48.394169 -6.561741
-17.852882 48.345188 -6.257783
-16.978479 48.366432 -7.035566
-17.788994 48.347427 -6.329526
-17.237513 48.381794 -6.614147
-17.856333 48.363483 -5.909400
-17.538437 48.354263 -6.401858
-17.807426 48.367603 -5.820178
-16.977167 48.387920 -6.746152
-17.908001 48.356289 -5.998457
-16.906424 48.377079 -6.947852
-16.927307 48.380085 -6.931859
-17.568485 48.371338 -6.070466
-17.562630 48.367615 -6.066244
-16.965586 48.368004 -7.027458
-17.006916 48.381271 -6.835072
-17.095749 48.390549 -6.759549
-17.359720 48.371418 -6.287318
-17.259293 48.378132 -6.556164
-16.927246 48.388905 -6.784246
-17.925533 48.349636 -5.943310
-17.045418 48.370956 -6.937799
-17.110081 48.364231 -7.064051
-17.068007 48.385735 -6.621374
-17.573355 48.357742 -6.544071
-17.160839 48.369400 -6.806048
-17.715761 48.354370 -6.171665
-17.617908 48.349079 -6.469064
-17.199905 48.383385 -6.470784
-17.426241 48.378300 -6.363025
-17.120800 48.390350 -6.715749
-17.224667 48.363899 -6.925995
-17.958330 48.346973 -6.091733
-17.230394 48.366760 -6.925947
-17.612789 48.370907 -6.141540
-17.016947 48.398888 -6.686091
-17.089518 48.364826 -7.061060
-17.779926 48.375435 -5.814787
-17.662720 48.362118 -6.219270
-16.975889 48.393414 -6.853966
-16.878832 48.388603 -6.798916
-17.419470 48.370647 -6.326154
-17.828434 48.362446 -5.869051
-17.134506 48.380726 -6.815598
-17.343407 48.380169 -6.276011
-17.456718 48.365311 -6.430496
-17.267435 48.374722 -6.653535
-17.972643 48.342983 -6.018365
-16.858469 48.397297 -6.823784
-17.613977 48.371082 -6.104024
-16.913162 48.389656 -6.893638
-17.110174 48.384727 -6.527595
-17.794611 48.366344 -5.897636
-17.781034 48.350651 -6.235038
-17.282135 48.372379 -6.621953
-17.020918 48.385712 -6.932561
-17.196810 48.391617 -6.587932
-16.944693 48.380409 -6.999408
-17.744436 48.370312 -5.814103
-17.485062 48.363289 -6.378767
-17.719229 48.354950 -6.303260
-16.943436 48.396675 -6.716895
-17.837723 48.360485 -5.982708
-17.524441 48.377895 -6.054841
-16.895020 48.392895 -6.899870
-17.510128 48.372280 -6.053600
-16.934748 48.383820 -6.994116
-17.327930 48.386658 -6.272382
-16.975386 48.393993 -6.805183
-17.045288 48.389999 -6.721201
-16.889832 48.393818 -6.752829
-17.230951 48.396492 -6.534877
-16.974541 48.372707 -7.120140
-17.860336 48.355598 -5.931028
-17.002125 48.377323 -6.896671
-17.175823 48.399559 -6.452145
-17.032187 48.393467 -6.594258
-17.065369 48.374763 -7.018852
-17.651787 48.358490 -6.153628
-17.119265 48.380493 -6.772112
-17.561626 48.359306 -6.441838
-17.371935 48.380424 -6.337602
-17.069567 48.387844 -6.676647
-17.500397 48.360668 -6.507823
-17.561584 48.376724 -6.123239
-17.876650 48.350529 -6.073417
-16.973368 48.373348 -7.101089
-17.162548 48.364079 -6.873811
-17.174883 48.371620 -6.878706
-16.973803 48.400936 -6.654718
-17.719645 48.375126 -5.807119
-17.041857 48.373524 -7.013039
-17.603653 48.368233 -6.197634
-16.928095 48.390942 -6.811235
-16.850147 48.399170 -6.771709
-17.363102 48.371708 -6.304280
-17.773249 48.370079 -5.859399
-17.315102 48.394352 -6.260238
-17.083330 48.382259 -6.775209
-17.313190 48.374111 -6.696987
-17.309900 48.375935 -6.704915
-17.555674 48.372978 -6.088596
-17.401724 48.370518 -6.403065
-17.906698 48.351070 -6.002629
-17.231155 48.390385 -6.628814
-16.820871 48.399353 -6.788025
-17.740028 48.372032 -5.885781
-16.871096 48.390049 -6.850859
-17.081104 48.400043 -6.508342
-16.806747 48.395554 -6.792501
-17.709858 48.354076 -6.212908
-17.138536 48.386143 -6.553150
-17.696411 48.378685 -5.807126
-17.237751 48.381447 -6.590846
-16.970182 48.384495 -6.884285
-17.419996 48.361736 -6.351363
-17.478937 48.381447 -6.040561
-16.896679 48.379265 -6.946820
-16.908905 48.402473 -6.686846
-17.650139 48.360439 -6.277610
-16.831898 48.386379 -6.870127
-17.771000 48.363529 -5.968946
-16.851490 48.391323 -6.857062
-17.461889 48.377850 -6.040873
-16.866299 48.383198 -6.971781
-17.270750 48.382721 -6.251070
-17.169027 48.387131 -6.499348
-16.929043 48.391441 -6.763829
-17.797974 48.360447 -5.920047
-16.852364 48.396736 -6.721342
-16.888243 48.383549 -6.944350
-17.005068 48.395977 -6.689886
-16.996284 48.398209 -6.567038
-17.120434 48.391884 -6.421463
-17.592772 48.362469 -6.136165
-16.970610 48.392086 -6.865431
-17.320459 48.381439 -6.313481
-17.500227 48.363686 -6.413832
-17.073141 48.383839 -6.733781
-17.011717 48.375797 -6.965063
-17.508947 48.380531 -6.106317
-17.032974 48.396709 -6.646046
-17.671484 48.379555 -5.798597
-16.887730 48.368275 -7.074790
-17.446182 48.370918 -6.478419
-16.932743 48.400917 -6.623931
-17.809923 48.357704 -6.055548
-17.125214 48.378162 -6.837033
-17.982780 48.359455 -5.870803
-17.115093 48.373543 -6.832888
-16.893553 48.397789 -6.779806
-16.988869 48.373562 -6.958492
-17.326149 48.382191 -6.285771
-17.551022 48.375130 -6.177985
-16.809502 48.395401 -6.733001
-17.258472 48.386478 -6.236656
-17.713734 48.372772 -5.851106
-17.043091 48.390327 -6.741134
-17.502384 48.376732 -6.073813
-17.687557 48.376652 -5.874544
-17.838575 48.356194 -5.987556
-17.036610 48.398945 -6.482559
-16.788477 48.405083 -6.758627
-17.166290 48.382275 -6.587740
-17.349592 48.375610 -6.376975
-17.256823 48.382397 -6.668278
-16.835711 48.395031 -6.815850
-17.249180 48.374043 -6.654038
-17.641172 48.381233 -5.800136
-17.651598 48.362103 -6.193438
-17.436289 48.385929 -6.026240
-17.104332 48.397697 -6.530362
-17.371569 48.368584 -6.330191
-16.869112 48.399525 -6.653097
-16.933483 48.393501 -6.849444
-17.186092 48.383743 -6.558280
-16.864328 48.391125 -6.913381
-17.713522 48.369377 -5.954339
-16.820576 48.401058 -6.826346
-17.588924 48.367672 -6.253943
-17.408596 48.378517 -6.028817
-17.241072 48.396893 -6.236748
-17.739849 48.365200 -5.908957
-17.136236 48.398655 -6.476524
-16.966246 48.399879 -6.659881
-16.820753 48.403378 -6.694078
-17.086111 48.397404 -6.399890
-16.893751 48.397331 -6.731678
-16.961084 48.401913 -6.540474
-16.855894 48.395405 -6.910911
-17.541624 48.369240 -6.119305
-17.289236 48.394783 -6.294924
-16.882975 48.379307 -7.015149
-17.636156 48.389725 -5.788529
-16.920525 48.387836 -6.817745
-17.463428 48.386173 -6.089278
-16.992655 48.398697 -6.614599
-17.433765 48.364216 -6.385118
-17.032188 48.390903 -6.700398
-16.897543 48.404625 -6.597367
-16.967569 48.381348 -6.918972
-17.383192 48.372478 -6.446114
-17.076159 48.381718 -6.794536
-17.745275 48.363861 -6.036885
-17.905491 48.361683 -5.859404
-16.880306 48.378033 -6.994656
-17.067511 48.378017 -6.791800
-17.240223 48.405376 -6.222204
-17.660612 48.377342 -5.842007
-17.270433 48.380219 -6.264488
-16.857513 48.402718 -6.746935
-16.780771 48.403973 -6.705730
-17.494741 48.378139 -6.157591
-16.946205 48.378990 -6.915189
-17.637915 48.381210 -5.863233
-17.454084 48.381351 -6.059640
-17.782619 48.364960 -5.974423
-17.135710 48.396721 -6.565666
-16.996954 48.391636 -6.704150
-17.001593 48.405506 -6.460332
-16.753752 48.405991 -6.725589
-17.388611 48.386517 -6.012624
-17.311150 48.387264 -6.354299
-17.588072 48.383717 -5.793798
-17.205866 48.386745 -6.633640
-16.805494 48.403732 -6.785790
-17.583902 48.362434 -6.171825
-17.067167 48.405376 -6.506104
-17.207735 48.385998 -6.624370
-17.337545 48.382996 -6.311741
-16.836729 48.404209 -6.625080
-16.889204 48.390976 -6.805915
-17.143806 48.389702 -6.529140
-16.823645 48.391537 -6.869153
-17.662474 48.377056 -5.940339
-17.382555 48.394535 -6.016590
-16.785139 48.404049 -6.791272
-17.529051 48.371883 -6.230141
-17.048828 48.399044 -6.376847
-16.923620 48.400703 -6.513093
-17.184544 48.389927 -6.216026
-17.685270 48.370895 -5.897101
-16.785349 48.403233 -6.663144
-17.090261 48.397686 -6.447952
-16.927402 48.402790 -6.629844
-16.859127 48.402229 -6.698772
-17.491875 48.373940 -6.103755
-17.577913 48.385357 -5.781381
-16.815992 48.396732 -6.868817
-17.238413 48.392769 -6.271393
-17.409256 48.385029 -6.072229
-16.882977 48.391895 -6.782052
-17.379480 48.367348 -6.359722
-16.958220 48.405403 -6.587409
-16.849796 48.391346 -6.976783
-16.991186 48.395973 -6.666950
-16.859409 48.405449 -6.569366
-16.938305 48.398991 -6.889895
-17.184330 48.396420 -6.200691
-17.040329 48.393589 -6.763308
-17.841682 48.366615 -5.847048
-17.329554 48.376705 -6.417202
-17.682777 48.368900 -6.020255
-17.611038 48.381809 -5.833522
-16.856113 48.398487 -6.967669
-17.241409 48.394447 -6.248029
-16.745279 48.401878 -6.673318
-17.029486 48.389008 -6.758475
-16.818428 48.401821 -6.711115
-17.440601 48.381084 -6.137849
-16.918379 48.397598 -6.886110
-17.595440 48.389595 -5.851872
-17.401447 48.382080 -6.045446
-17.362432 48.398586 -5.998851
-16.964312 48.407150 -6.437290
-17.718664 48.366997 -5.959142
-16.722008 48.408688 -6.696782
-17.084650 48.393993 -6.533624
-16.961035 48.398472 -6.674170
-17.544930 48.390007 -5.785921
-17.256741 48.385406 -6.328739
-16.769199 48.402813 -6.748484
-17.539196 48.373074 -6.154225
-17.162933 48.395741 -6.603911
-17.021168 48.403412 -6.477500
-16.804272 48.405903 -6.596964
-17.278883 48.379192 -6.287639
-16.855352 48.397835 -6.773762
-17.160418 48.392189 -6.591827
-17.103722 48.396542 -6.502098
-17.607782 48.379803 -5.926972
-16.788887 48.395576 -6.831974
-17.324125 48.388359 -6.003726
-16.751129 48.405960 -6.757541
-17.016647 48.404499 -6.355927
-17.147541 48.395329 -6.200180
-16.892033 48.405258 -6.488590
-17.634212 48.375484 -5.885828
-16.755888 48.408760 -6.637912
-17.543234 48.392494 -5.771903
-17.053711 48.402378 -6.422871
-16.892944 48.408501 -6.602622
-16.825211 48.405045 -6.667900
-17.474941 48.378910 -6.207705
-17.439217 48.376755 -6.086802
-17.832048 48.368382 -5.799248
-17.199892 48.398346 -6.251345
-17.372301 48.392429 -6.056448
-16.779737 48.398857 -6.830196
-16.916336 48.401440 -6.555802
-17.326584 48.369446 -6.334257
-16.848343 48.397842 -6.747766
-16.830044 48.411884 -6.546992
-16.804535 48.387150 -6.924023
-16.953022 48.399933 -6.634809
-17.158031 48.406593 -6.184027
-16.888823 48.392803 -6.840005
-16.781183 48.390965 -6.947387
-17.562132 48.385284 -5.824281
-17.187729 48.388416 -6.227265
-17.782141 48.372452 -5.834616
-16.990461 48.392151 -6.721372
-16.717949 48.408379 -6.647357
-17.623079 48.372883 -6.003518
-16.784548 48.404594 -6.681656
-17.275892 48.379936 -6.388258
-16.806347 48.389584 -6.909204
-16.980343 48.387531 -6.717227
-17.389984 48.382923 -6.118688
-17.546446 48.391121 -5.841151
-17.373192 48.395176 -6.032469
-17.311090 48.393250 -5.985836
-16.929945 48.410683 -6.415654
-17.665462 48.372707 -5.945837
-16.870398 48.393330 -6.837662
-16.923630 48.402348 -6.644129
-16.693176 48.413273 -6.669380
-17.041576 48.395954 -6.505077
-17.499636 48.394329 -5.778741
-16.989037 48.410862 -6.456645
-16.741133 48.410400 -6.720455
-17.217512 48.393063 -6.306657
-17.486526 48.376938 -6.135891
-16.778473 48.414272 -6.573858
-17.241133 48.386723 -6.268344
-17.111103 48.394142 -6.568388
-16.817757 48.399902 -6.738004
-17.056963 48.394665 -6.471392
-17.105679 48.388710 -6.554899
-16.983727 48.407948 -6.335666
-17.499989 48.394794 -5.763894
-17.554508 48.382523 -5.913570
-16.756304 48.399502 -6.796859
-17.297375 48.403374 -5.992192
-17.585295 48.380009 -5.875206
-16.861145 48.408775 -6.464743
-16.718567 48.407799 -6.725187
-17.108326 48.397812 -6.183585
-16.725714 48.413284 -6.613372
-17.018642 48.406948 -6.400579
-16.858383 48.410221 -6.575267
-16.791246 48.405869 -6.636962
-17.395147 48.382324 -6.071139
-17.414978 48.378090 -6.185153
-17.777504 48.374031 -5.788806
-17.157694 48.399040 -6.230518
-17.338951 48.401718 -6.041349
-16.747156 48.402782 -6.795082
-16.882492 48.404167 -6.527756
-16.799940 48.416317 -6.525278
-17.285275 48.378132 -6.312968
-16.813694 48.401749 -6.714826
-17.119453 48.407085 -6.166640
-16.911121 48.398060 -6.600442
-16.772018 48.395115 -6.887628
-17.517490 48.389660 -5.814962
-16.856428 48.402672 -6.806502
-17.156506 48.398682 -6.211438
-16.690540 48.411888 -6.621298
-17.294214 48.409077 -5.972662
-16.956758 48.401913 -6.692143
-17.503845 48.394520 -5.829625
-16.752831 48.408295 -6.652882
-17.731846 48.381088 -5.821339
-17.569061 48.377728 -5.986668
-16.777588 48.401299 -6.877792
-17.347296 48.388508 -6.101577
-17.241804 48.394447 -6.366984
-17.317604 48.390980 -6.018185
-16.947380 48.399296 -6.687341
-17.612209 48.376423 -5.932467
-16.665081 48.416775 -6.644045
-16.896330 48.415173 -6.394739
-17.445034 48.391811 -5.773688
-16.836504 48.401279 -6.802717
-17.005053 48.401649 -6.480030
-16.883978 48.403351 -6.611927
-16.948759 48.408676 -6.430720
-16.747440 48.414894 -6.547086
-17.440285 48.382629 -6.118164
-16.706299 48.408363 -6.685906
-17.174606 48.395840 -6.283795
-17.198322 48.390408 -6.248341
-17.077530 48.404762 -6.543431
-17.458103 48.395069 -5.755781
-16.952192 48.410370 -6.315336
-16.783834 48.403767 -6.705753
-17.019690 48.399403 -6.445623
-17.243883 48.396069 -5.979873
-16.696877 48.414783 -6.588696
-16.832481 48.414173 -6.443025
-17.505472 48.385143 -5.900058
-17.543486 48.387405 -5.863087
-17.071938 48.400234 -6.166916
-16.726730 48.406219 -6.766009
-16.690451 48.413391 -6.697093
-17.068525 48.399483 -6.527916
-16.980555 48.406685 -6.375371
-16.827574 48.416737 -6.551519
-17.720757 48.375717 -5.778993
-16.761753 48.411449 -6.610319
-17.362570 48.393574 -6.056794
-17.288288 48.397434 -6.026229
-17.127073 48.407360 -6.212487
-17.368668 48.383873 -6.164601
-16.850132 48.406769 -6.502500
-17.085863 48.408443 -6.149864
-16.715273 48.405670 -6.760623
-16.770554 48.421753 -6.502873
-17.254055 48.391483 -6.294413
-16.775999 48.399826 -6.678936
-17.474987 48.393967 -5.806295
-16.878078 48.403744 -6.573184
-16.739367 48.399139 -6.849688
-17.237045 48.396885 -5.959564
-16.665415 48.418228 -6.598815
-16.820959 48.405716 -6.770015
-17.112192 48.397362 -6.192719
-17.454090 48.393047 -5.819531
-16.722565 48.411915 -6.625484
-17.670774 48.380928 -5.810158
-16.914873 48.402084 -6.656430
-17.287174 48.401115 -6.005870
-17.641758 48.388596 -5.720554
-17.520756 48.383400 -5.971117
-17.311775 48.397919 -6.084414
-16.743462 48.404400 -6.838444
-16.867046 48.420471 -6.376572
-17.563223 48.381042 -5.919019
-17.185865 48.390724 -6.338572
-17.410395 48.398907 -5.765625
-16.909210 48.404308 -6.653821
-16.722290 48.420235 -6.524570
-16.917330 48.415092 -6.410522
-16.969978 48.407265 -6.456358
-16.849411 48.406120 -6.583193
-17.386827 48.382496 -6.100423
-17.426254 48.402145 -5.746231
-16.799564 48.403404 -6.764822
-16.678883 48.412918 -6.658467
-17.162689 48.396873 -6.229666
-17.138189 48.401398 -6.262987
-17.029299 48.401970 -6.511316
-16.922850 48.414715 -6.295723
-16.804428 48.416584 -6.420484
-17.490213 48.385998 -5.853790
-17.215618 48.407127 -5.968245
-16.752832 48.408474 -6.676287
-16.982368 48.402142 -6.419790
-17.035585 48.402607 -6.151660
-17.462141 48.389629 -5.886464
-16.671867 48.424072 -6.567727
-16.663034 48.417946 -6.669655
-16.951977 48.414032 -6.355132
-16.693325 48.406193 -6.730076
-16.795214 48.419342 -6.526263
-17.026108 48.401505 -6.497233
-17.306206 48.387428 -6.041755
-16.734371 48.415955 -6.584293
-17.256300 48.404697 -6.011028
-17.671118 48.380283 -5.767684
-17.091339 48.409836 -6.193680
-17.050837 48.408833 -6.133091
-16.824396 48.416096 -6.480841
-16.739592 48.422283 -6.478927
-16.685625 48.409397 -6.729675
-17.201019 48.386559 -6.270131
-17.337505 48.399223 -6.146114
-17.429556 48.394348 -5.797569
-16.747910 48.406418 -6.650876
-17.215832 48.408825 -5.946371
-16.844959 48.406433 -6.545825
-17.082306 48.404602 -6.176756
-17.421509 48.401211 -5.807913
-16.709749 48.406948 -6.816046
-16.783968 48.405846 -6.732054
-16.698154 48.419262 -6.602309
-17.594929 48.391052 -5.710519
-17.235836 48.395782 -5.992856
-17.622541 48.386505 -5.797434
-16.878849 48.405979 -6.624941
-16.833303 48.419975 -6.355492
-17.521351 48.387493 -5.905454
-17.266798 48.397591 -6.066454
-17.468113 48.385178 -5.955545
-17.367880 48.401173 -5.758306
-16.711571 48.408337 -6.802606
-17.389351 48.404324 -5.737350
-16.693430 48.420738 -6.499863
-17.150179 48.399326 -6.315725
-17.343397 48.386082 -6.083970
-16.817041 48.409771 -6.556557
-16.935543 48.410896 -6.431897
-16.880693 48.414757 -6.386691
-16.653664 48.418354 -6.633126
-17.122688 48.398449 -6.210936
-16.870275 48.406319 -6.620927
-16.897831 48.420914 -6.277479
-16.764048 48.404453 -6.728271
-17.097399 48.403107 -6.240745
-16.991966 48.405762 -6.484102
-16.778627 48.421871 -6.400106
-17.452620 48.392303 -5.841528
-17.164242 48.398754 -5.956544
-17.005713 48.408806 -6.137077
-16.721781 48.411190 -6.646755
-16.947968 48.405727 -6.396740
-17.420946 48.394043 -5.873523
-16.919687 48.416542 -6.332702
-16.635654 48.422459 -6.643630
-16.767241 48.424751 -6.503821
-16.664341 48.408928 -6.698370
-17.280058 48.400501 -6.028017
-17.023008 48.413010 -6.117680
-17.217098 48.406139 -5.995813
-16.705526 48.418503 -6.558238
-17.057018 48.412277 -6.174838
-17.625744 48.385750 -5.756298
-16.984426 48.402443 -6.468618
-16.713877 48.429523 -6.460029
-16.792677 48.416710 -6.454794
-17.176628 48.406136 -5.935260
-16.657450 48.414040 -6.700136
-17.168314 48.396954 -6.251515
-17.391317 48.399559 -5.788826
-17.282494 48.396225 -6.125487
-16.718330 48.410049 -6.622754
-17.045893 48.406025 -6.160054
-16.813280 48.410091 -6.518466
-17.377432 48.400608 -5.797706
-16.670782 48.422729 -6.577663
-17.214676 48.409718 -5.979729
-16.677748 48.407940 -6.778696
-17.553116 48.395370 -5.701127
-16.750710 48.408726 -6.699046
-17.474453 48.390045 -5.892592
-17.349581 48.403530 -5.729857
-16.801750 48.421406 -6.335131
-16.842749 48.406883 -6.593352
-17.569254 48.387184 -5.785379
-17.329628 48.404339 -5.750909
-17.233391 48.405933 -6.049911
-16.680292 48.409290 -6.765944
-17.424740 48.390759 -5.939160
-17.319365 48.401173 -6.068124
-16.903278 48.414406 -6.409499
-17.110878 48.403999 -6.293545
-16.787560 48.414307 -6.531293
-16.855030 48.423992 -6.367858
-16.869938 48.425186 -6.259243
-17.084105 48.399994 -6.192170
-16.833399 48.405266 -6.588584
-16.750561 48.422245 -6.378911
-17.407875 48.392693 -5.832078
-17.063845 48.408550 -6.221276
-16.732229 48.408298 -6.695259
-16.959768 48.413311 -6.460423
-17.138088 48.408745 -5.945534
-16.978716 48.416935 -6.122488
-16.888132 48.417973 -6.312339
-16.692179 48.413822 -6.618600
-17.378290 48.396496 -5.860552
-16.912760 48.407398 -6.371526
-17.187946 48.412296 -5.981918
-17.232224 48.396156 -6.012824
-17.020494 48.410759 -6.156623
-16.991587 48.415295 -6.101589
-16.736996 48.426289 -6.479183
-16.637615 48.413494 -6.670208
-17.581791 48.390137 -5.746254
-16.682592 48.426769 -6.536473
-16.941948 48.400433 -6.439216
-17.148149 48.410259 -5.921987
-16.765375 48.420082 -6.432974
-16.606737 48.407776 -6.684948
-17.352282 48.401814 -5.779294
-16.632973 48.421482 -6.674136
-17.128996 48.399582 -6.230681
-17.244040 48.402763 -6.106888
-17.344776 48.405781 -5.785989
-17.010895 48.407421 -6.143316
-16.690195 48.414646 -6.594628
-16.783051 48.413670 -6.492482
-17.608210 48.393082 -5.696872
-17.172668 48.409142 -5.967348
-17.312662 48.403671 -5.722323
-16.647978 48.409763 -6.744855
-17.506990 48.396790 -5.691748
-16.719563 48.410534 -6.666656
-17.428944 48.391567 -5.879662
-16.773834 48.424679 -6.316862
-17.521927 48.395168 -5.668675
-17.299223 48.412388 -5.741357
-17.189123 48.403526 -6.033986
-16.812593 48.413460 -6.567467
-17.529552 48.394562 -5.772501
-17.265793 48.395012 -6.051598
-16.841219 48.425503 -6.240187
-16.872488 48.418839 -6.388510
-16.821262 48.422501 -6.346745
-16.652050 48.414028 -6.733579
-17.049129 48.402390 -6.175464
-17.378500 48.393368 -5.924163
-16.764824 48.427471 -6.512519
-17.372395 48.397930 -5.820435
-17.067144 48.403877 -6.268486
-16.802464 48.410931 -6.560565
-17.024427 48.407192 -6.200311
-16.922396 48.414062 -6.434524
-17.104662 48.411964 -5.933065
-16.701143 48.411064 -6.664315
-16.948078 48.420135 -6.108531
-16.863857 48.426178 -6.293437
-16.666212 48.418304 -6.592538
-16.968052 48.421368 -6.086134
-17.339899 48.399853 -5.847505
-17.152294 48.413639 -5.967318
-17.207464 48.408207 -5.999017
-16.994125 48.417942 -6.139863
-16.710445 48.430622 -6.458085
-16.884874 48.414761 -6.350564
-17.542759 48.395481 -5.733997
-17.121145 48.415298 -5.910123
-16.741756 48.428345 -6.411936
-16.913355 48.409874 -6.416220
-17.311092 48.402100 -5.770460
-17.092564 48.403103 -6.211219
-17.304222 48.404079 -5.776362
-16.986086 48.417477 -6.129444
-17.283564 48.407696 -5.712601
-16.663515 48.418125 -6.569258
-17.196127 48.399559 -6.087490
-16.757240 48.420010 -6.470724
-17.138489 48.411400 -5.954156
-17.564924 48.396481 -5.686072
-17.462975 48.397144 -5.682987
-17.394175 48.397812 -5.867326
-16.623520 48.419250 -6.717510
-17.474380 48.393539 -5.662058
-17.253767 48.408691 -5.735327
-16.692228 48.418091 -6.639318
-17.159243 48.410770 -6.018024
-17.489084 48.398941 -5.760247
-16.815437 48.428707 -6.222569
-16.783854 48.420002 -6.541545
-17.234522 48.403290 -6.035706
-16.836464 48.415516 -6.363855
-16.795523 48.428745 -6.327815
-17.016283 48.405754 -6.158031
-16.731554 48.424179 -6.484964
-17.338659 48.396801 -5.909739
-16.624567 48.418686 -6.703316
-17.344795 48.408001 -5.808049
-17.031368 48.407448 -6.246887
-16.770760 48.413593 -6.533172
-16.940901 48.423512 -6.071345
-16.994425 48.412533 -6.181458
-17.072708 48.416103 -5.922005
-16.913015 48.417492 -6.093074
-16.890125 48.418621 -6.410747
-16.831505 48.424656 -6.272288
-16.672197 48.413754 -6.634022
-17.120216 48.415874 -5.953364
-17.316582 48.412865 -5.833695
-17.163931 48.404716 -5.985159
-16.963396 48.420238 -6.123050
-17.086151 48.412563 -5.897492
-16.855476 48.418163 -6.329508
-17.496609 48.395908 -5.724585
-17.292824 48.416924 -5.758708
-17.056833 48.405582 -6.192414
-17.283018 48.416019 -5.763172
-16.880367 48.414474 -6.391757
-17.262375 48.417549 -5.702168
-16.956856 48.421692 -6.114072
-17.105787 48.414581 -5.942375
-17.518774 48.396908 -5.676658
-16.729216 48.424473 -6.446839
-17.164104 48.407921 -6.069498
-17.353630 48.399200 -5.854972
-17.433226 48.405247 -5.671296
-17.440384 48.398655 -5.653203
-17.226164 48.415676 -5.725667
-16.788919 48.429909 -6.205611
-17.189541 48.399879 -6.020471
-16.755014 48.422554 -6.515491
-16.664011 48.420746 -6.609715
-17.117058 48.407345 -6.001305
-17.442179 48.399460 -5.748734
-16.766861 48.431065 -6.308825
-16.989981 48.413895 -6.142715
-16.812969 48.425682 -6.345708
-17.301420 48.406368 -5.798495
-17.309576 48.408047 -5.893184
-16.915245 48.428619 -6.056620
-16.965847 48.416801 -6.163946
-17.042833 48.419216 -5.910149
-16.886698 48.423592 -6.079107
-16.805693 48.427906 -6.253258
-16.743475 48.420059 -6.508627
-16.999950 48.413872 -6.226691
-16.857782 48.420189 -6.386871
-17.085241 48.415180 -5.939385
-17.136223 48.411842 -5.971260
-17.060560 48.417576 -5.885589
-17.272396 48.409325 -5.821974
-16.934076 48.422504 -6.106195
-17.459688 48.400185 -5.712942
-16.828268 48.423489 -6.309166
-17.245840 48.410316 -5.751197
-17.221102 48.411758 -5.695957
-17.244602 48.414249 -5.754193
-17.023239 48.407993 -6.174256
-16.926159 48.423943 -6.098667
-16.851675 48.419930 -6.368627
-17.070871 48.414841 -5.929840
-17.395576 48.406475 -5.661691
-17.481167 48.401176 -5.665740
-17.408485 48.403744 -5.643584
-17.315212 48.401562 -5.841887
-17.130590 48.413326 -6.051441
-17.187098 48.413853 -5.718828
-17.164698 48.409985 -6.005182
-17.089289 48.413521 -5.985959
-16.961462 48.419117 -6.126648
-17.278059 48.416344 -5.785995
-16.725515 48.426102 -6.490195
-17.405226 48.403782 -5.735678
-16.779146 48.423244 -6.323149
-16.891695 48.432655 -6.042510
-17.037821 48.423519 -5.873645
-17.008677 48.419392 -5.899715
-17.263218 48.404625 -5.879397
-16.936546 48.421112 -6.145746
-16.857424 48.424767 -6.065046
-16.778416 48.429195 -6.234198
-17.104895 48.415039 -5.958025
-17.057457 48.419315 -5.925385
-16.910545 48.428585 -6.090739
-16.828350 48.423637 -6.364399
-17.252594 48.422279 -5.807363
-16.963387 48.413448 -6.205683
-17.414207 48.398579 -5.704146
-16.713942 48.423653 -6.481919
-16.798098 48.424938 -6.287354
-17.202013 48.421589 -5.684759
-17.231825 48.427086 -5.737985
-17.224783 48.425163 -5.740929
-16.996899 48.416183 -6.157526
-16.895384 48.423203 -6.083163
-17.042404 48.417927 -5.917944
-16.820084 48.422455 -6.345471
-17.445635 48.404427 -5.654027
-17.355774 48.405735 -5.652783
-17.371561 48.404934 -5.634667
-17.296873 48.416481 -5.827305
-17.160217 48.420803 -5.709854
-17.096336 48.416729 -6.034042
-17.129045 48.411331 -5.990579
-17.052839 48.411915 -5.970569
-16.932142 48.421383 -6.109794
-17.234606 48.411720 -5.776340
-16.860819 48.427921 -6.026874
-17.363253 48.403164 -5.724705
-17.007839 48.422646 -5.861655
-17.033270 48.425343 -5.912067
-16.983805 48.425415 -5.887122
-17.072104 48.416275 -5.944761
-16.803303 48.429893 -6.344741
-17.240559 48.417698 -5.863449
-16.884829 48.432743 -6.074567
-16.910124 48.427353 -6.127539
-17.385094 48.404694 -5.691660
-17.202614 48.411842 -5.796969
-17.327074 48.409935 -5.577223
-16.935543 48.420769 -6.186133
-17.172125 48.421619 -5.675626
-17.181957 48.415466 -5.733208
-17.181261 48.416504 -5.732554
-16.969069 48.421413 -6.140734
-17.324261 48.414135 -5.573196
-16.868292 48.427345 -6.068441
-17.013216 48.421051 -5.905362
-17.248325 48.407009 -5.816905
-17.336771 48.406052 -5.626402
-17.324543 48.409836 -5.642406
-16.789879 48.423954 -6.322247
-17.402285 48.403793 -5.644504
-17.126820 48.420895 -5.701521
-17.099096 48.414543 -5.975894
-17.211943 48.420662 -5.764495
-17.061344 48.418133 -6.017303
-16.904297 48.424568 -6.094350
-17.030798 48.420956 -5.955176
-16.987949 48.429527 -5.849671
-17.334133 48.410328 -5.710842
-17.003254 48.424515 -5.898664
-17.040728 48.417477 -5.931461
-16.956093 48.429459 -5.875950
-16.857595 48.432941 -6.058299
-17.346695 48.404972 -5.681335
-16.881496 48.429626 -6.109962
-17.193411 48.410282 -5.850255
-17.148731 48.427513 -5.665821
-16.773132 48.431347 -6.322929
-17.294449 48.411983 -5.569644
-17.177757 48.419903 -5.783029
-17.159271 48.423409 -5.721332
-17.162857 48.427387 -5.719254
-16.906210 48.425129 -6.166522
-17.293762 48.417152 -5.564888
-16.937561 48.421757 -6.123163
-16.991247 48.430004 -5.892795
-17.311268 48.413017 -5.615978
-17.231400 48.421898 -5.802288
-17.291849 48.411976 -5.632001
-17.368891 48.406971 -5.633443
-17.096300 48.422916 -5.693182
-17.067709 48.416790 -5.961214
-17.173504 48.417900 -5.755485
-16.877865 48.427723 -6.078868
-16.960821 48.429585 -5.837641
-17.002266 48.424137 -5.940457
-17.029169 48.420513 -5.999111
-17.292833 48.407677 -5.700491
-16.977608 48.428581 -5.885317
-17.015104 48.422543 -5.918146
-16.916754 48.419750 -5.866022
-17.118103 48.425541 -5.657347
-17.317564 48.409046 -5.670197
-17.264648 48.413963 -5.561990
-16.855030 48.432831 -6.093069
-17.139948 48.416195 -5.771848
-17.168549 48.419392 -5.834936
-17.125872 48.423500 -5.712999
-17.128654 48.424526 -5.710134
-17.263186 48.417179 -5.556480
-16.878323 48.429409 -6.148286
-16.904591 48.420143 -6.105562
-16.961294 48.430130 -5.880839
-17.190022 48.416256 -5.791838
-17.277859 48.414154 -5.606265
-17.271257 48.420937 -5.617984
-17.337601 48.410122 -5.621622
-17.066469 48.424950 -5.684118
-17.039925 48.420929 -5.947215
-16.948116 48.442337 -5.824260
-17.152195 48.425858 -5.742159
-16.973709 48.426319 -5.925705
-16.997725 48.421814 -5.982986
-16.955500 48.433586 -5.871205
-17.091791 48.426468 -5.648862
-16.988768 48.426601 -5.905524
-17.260822 48.410870 -5.687983
-17.285557 48.411194 -5.659067
-17.235565 48.416950 -5.553646
-17.117203 48.423191 -5.758527
-17.100294 48.427475 -5.702477
-17.105169 48.429516 -5.697471
-17.125668 48.412876 -5.821666
-17.232672 48.418156 -5.549519
-16.883936 48.428158 -6.090099
-16.852592 48.435661 -6.129356
-17.162245 48.419350 -5.779218
-17.260178 48.424999 -5.593653
-16.932753 48.430225 -5.868846
-17.191675 48.425297 -5.516117
-17.235670 48.419109 -5.608934
-17.304853 48.410267 -5.611150
-17.014990 48.426003 -5.933176
-17.115118 48.421066 -5.733046
-17.037363 48.426941 -5.675742
-16.949440 48.430401 -5.910909
-17.064041 48.426430 -5.640382
-16.924006 48.428761 -5.859119
-16.964558 48.431637 -5.892174
-16.971313 48.427013 -5.966161
-17.257092 48.414284 -5.647172
-17.246656 48.425789 -5.670469
-17.085812 48.422356 -5.746574
-17.067533 48.425579 -5.693354
-17.073822 48.427589 -5.688310
-17.107222 48.424858 -5.805576
-16.857506 48.431316 -6.074619
-17.221729 48.419151 -5.587368
-17.130877 48.419514 -5.767298
-17.220083 48.430973 -5.594182
-17.281412 48.418301 -5.597175
-16.986404 48.427193 -5.918390
-17.094534 48.428989 -5.720409
-17.039831 48.427330 -5.631136
-16.920118 48.429588 -5.896783
-16.928747 48.423916 -5.880099
-17.181635 48.422829 -5.536848
-17.242220 48.427151 -5.631728
-17.207417 48.420074 -5.660671
-16.945654 48.433174 -5.950057
-17.051035 48.431545 -5.676303
-17.046988 48.433456 -5.682131
-17.182936 48.425026 -5.529818
-17.060858 48.426430 -5.732504
-17.074385 48.424103 -5.792248
-17.209707 48.432953 -5.571885
-17.106667 48.424545 -5.753947
-17.130669 48.425171 -5.504956
-17.180889 48.424171 -5.587177
-16.963608 48.432194 -5.905003
-17.247927 48.416447 -5.587362
-17.063902 48.428070 -5.710557
-17.024950 48.437119 -5.618419
-17.202988 48.420395 -5.623310
-17.183952 48.427113 -5.646663
-17.023226 48.430561 -5.666378
-17.016363 48.431492 -5.673659
-17.031630 48.426521 -5.721237
-17.171986 48.427071 -5.566288
-17.073103 48.419701 -5.744035
-17.047958 48.427261 -5.776769
-17.162436 48.433064 -5.573813
-16.937159 48.433311 -5.890869
-17.041115 48.432026 -5.698550
-17.236588 48.431301 -5.569775
-17.127657 48.426720 -5.519985
-17.185938 48.430302 -5.608529
-17.010466 48.442364 -5.651553
-17.132435 48.428902 -5.510743
-16.992863 48.434448 -5.662344
-17.148972 48.423344 -5.635410
-17.010221 48.430496 -5.707780
-17.154943 48.435932 -5.552887
-17.057489 48.430573 -5.729251
-17.020849 48.429375 -5.763394
-17.083162 48.433929 -5.487389
-17.127472 48.427208 -5.565319
-17.011868 48.430077 -5.688628
-17.198082 48.424507 -5.562046
-17.153124 48.426414 -5.599339
-17.132612 48.433258 -5.619905
-16.975172 48.422691 -5.697807
-17.114990 48.425087 -5.547887
-17.029673 48.430634 -5.717946
-16.994406 48.430492 -5.749261
-17.108252 48.433105 -5.552580
-16.972551 48.417244 -5.682836
-17.184538 48.435398 -5.545087
-17.084316 48.435474 -5.499482
-17.135307 48.433323 -5.585183
-16.959055 48.440346 -5.630181
-17.082582 48.429749 -5.492258
-17.097614 48.427452 -5.609999
-17.100079 48.434921 -5.533758
-17.007549 48.433601 -5.705181
-17.078981 48.430161 -5.542626
-16.957884 48.421776 -5.737880
-17.148142 48.427536 -5.537975
-17.101753 48.427437 -5.576652
-17.075485 48.431469 -5.595856
-16.970299 48.420792 -5.697214
-17.074432 48.434864 -5.524518
-17.065474 48.441010 -5.527082
-16.936419 48.424801 -5.722980
-17.138908 48.442371 -5.519629
-17.087503 48.436279 -5.561765
-17.049025 48.430546 -5.583070
-17.098877 48.428535 -5.514528
-17.059669 48.434303 -5.551807
-17.081726 48.434456 -5.499617
-18.309973 48.314213 -7.243448
-18.262615 48.314041 -7.293648
-18.509104 48.315727 -6.912975
-18.055964 48.311829 -7.445956
-18.426567 48.314682 -6.955256
-18.121170 48.323067 -7.212674
-18.298483 48.312363 -7.319704
-17.947620 48.327557 -7.365697
-18.293648 48.326752 -6.901223
-18.249329 48.316338 -7.324865
-18.063742 48.338223 -7.099058
-18.001650 48.333523 -7.143750
-18.255325 48.338882 -6.806469
-18.401728 48.322620 -6.943372
-17.846468 48.340187 -7.291978
-18.151735 48.322548 -7.229811
-17.735815 48.326981 -7.357024
-18.371214 48.326546 -6.968398
-18.178129 48.340050 -6.853715
-18.101824 48.324387 -7.236941
-18.293150 48.305935 -7.397426
-18.376989 48.339817 -6.520236
-18.241692 48.309013 -7.369195
-17.887249 48.326874 -7.410614
-17.957256 48.348194 -7.036678
-17.895290 48.344360 -7.082867
-18.147572 48.350487 -6.760630
-18.447407 48.315262 -7.036746
-18.271454 48.334888 -6.884990
-17.749390 48.349422 -7.219210
-17.643894 48.337692 -7.286318
-18.042622 48.339188 -7.162458
-18.226194 48.333160 -6.905828
-18.057108 48.346905 -6.803711
-18.357918 48.347870 -6.433581
-17.986004 48.337654 -7.167418
-18.571236 48.349213 -6.150130
-18.274536 48.354431 -6.492935
-17.854958 48.354515 -6.978065
-18.096296 48.319233 -7.277836
-17.775249 48.335472 -7.322751
-17.795275 48.352470 -7.025036
-18.311626 48.324131 -6.986811
-18.380976 48.338943 -6.561850
-18.028402 48.352032 -6.712202
-18.412346 48.346153 -6.524291
-18.307730 48.329830 -6.971135
-18.157104 48.347485 -6.833112
-17.660511 48.359432 -7.154004
-17.578217 48.355854 -7.235856
-17.924063 48.345955 -7.088901
-18.113436 48.346401 -6.856788
-17.952744 48.353973 -6.760881
-18.247339 48.310638 -7.427303
-17.662939 48.337212 -7.345868
-18.258808 48.359200 -6.406560
-17.521519 48.357868 -7.280234
-17.878729 48.347862 -7.102964
-18.458588 48.360172 -6.137825
-18.033546 48.336937 -7.230059
-18.617529 48.349377 -6.169537
-18.151339 48.357666 -6.462586
-17.769526 48.364033 -6.926888
-18.421623 48.318687 -7.087736
-17.689480 48.350395 -7.256449
-17.977432 48.333202 -7.202817
-17.711435 48.362637 -6.976700
-18.273312 48.352211 -6.531084
-18.177481 48.333969 -6.924815
-17.943003 48.363350 -6.674688
-18.135960 48.320408 -7.382172
-18.368296 48.317554 -6.609374
-18.530495 48.350380 -6.203655
-18.470026 48.366901 -6.053385
-18.297243 48.356159 -6.490683
-18.037241 48.352512 -6.780056
-17.584850 48.369694 -7.098244
-18.173584 48.339668 -6.909138
-17.491812 48.360706 -7.170084
-17.831438 48.358574 -7.031188
-18.000263 48.353676 -6.807224
-17.860765 48.362789 -6.722693
-18.152168 48.364033 -6.379250
-17.445246 48.364925 -7.215682
-17.575245 48.347645 -7.274971
-18.094292 48.319233 -7.326159
-18.334383 48.326046 -7.062031
-17.731493 48.336258 -7.372119
-17.780811 48.357018 -7.043017
-18.349352 48.368847 -6.125888
-17.900038 48.340816 -7.144047
-18.499556 48.359245 -6.150951
-18.059391 48.368279 -6.438060
-17.688364 48.372025 -6.878247
-17.637091 48.373737 -6.933045
-17.606306 48.361027 -7.191075
-18.273663 48.330364 -7.015802
-17.871590 48.345562 -7.135662
-18.340425 48.348637 -6.576334
-17.849140 48.366417 -6.634632
-18.374210 48.374630 -6.041539
-18.159536 48.360008 -6.498646
-18.060793 48.344906 -6.870752
-18.412508 48.359131 -6.186391
-18.295183 48.344978 -6.584914
-18.180454 48.362282 -6.456790
-18.004452 48.335518 -7.292841
-17.505037 48.373543 -7.038514
-17.934847 48.359764 -6.733614
-17.425648 48.371902 -7.119008
-18.059727 48.351543 -6.853626
-18.062029 48.370590 -6.353572
-18.511610 48.342060 -6.267534
-17.745283 48.369328 -6.978024
-17.900139 48.361591 -6.762884
-17.777355 48.370792 -6.686934
-17.377861 48.373898 -7.156635
-17.508581 48.364182 -7.220849
-17.979073 48.336143 -7.249134
-18.192186 48.338223 -6.991334
-17.695320 48.366669 -6.990437
-17.630329 48.344704 -7.288789
-18.248575 48.376965 -6.113565
-17.314461 48.372543 -7.198845
-17.293455 48.374352 -7.217618
-18.384306 48.365692 -6.134790
-17.793861 48.349327 -7.075135
-17.961998 48.372318 -6.412445
-17.614473 48.379036 -6.834913
-17.556511 48.378502 -6.886221
-17.530542 48.372665 -7.131183
-17.775162 48.356739 -7.074420
-18.360641 48.336639 -6.662485
-18.134188 48.339111 -6.947529
-18.272480 48.378754 -6.029603
-17.774370 48.374599 -6.601387
-18.214149 48.354942 -6.536444
-18.065996 48.369976 -6.471284
-18.314646 48.370304 -6.171389
-17.944422 48.349762 -6.816837
-18.174730 48.351654 -6.547669
-17.440186 48.381405 -6.989925
-18.081688 48.369781 -6.427280
-17.856688 48.372478 -6.697363
-17.387543 48.371315 -7.246940
-17.363880 48.382435 -7.071961
-17.982809 48.379116 -6.331193
-18.340742 48.344070 -6.651156
-17.889629 48.348469 -7.214730
-17.689247 48.373234 -6.649436
-18.413923 48.358597 -6.248748
-17.660261 48.376007 -6.924445
-17.947781 48.357986 -6.801099
-17.813133 48.371140 -6.723856
-17.674973 48.340401 -7.416613
-17.324013 48.385845 -7.110112
-18.417912 48.359283 -6.226615
-17.434755 48.372635 -7.161303
-17.514633 48.354126 -7.273653
-17.867846 48.347546 -7.174293
-18.159935 48.385101 -6.102895
-17.619453 48.378117 -6.944034
-17.554590 48.358589 -7.226261
-18.072535 48.351974 -6.930542
-17.252882 48.380756 -7.143764
-17.225580 48.386650 -7.189457
-17.230089 48.380062 -7.158115
-18.284767 48.374107 -6.118182
-17.889482 48.384216 -6.392236
-17.708395 48.361221 -7.019917
-17.539572 48.382179 -6.790557
-17.478664 48.380970 -6.840501
-18.180742 48.383095 -6.018712
-17.703135 48.381367 -6.570004
-17.457430 48.379887 -7.073628
-17.678385 48.362949 -7.012743
-18.015102 48.348518 -6.889876
-18.204885 48.373272 -6.156120
-18.100866 48.362026 -6.500372
-18.246275 48.352283 -6.621550
-17.968626 48.376263 -6.443032
-17.863466 48.364910 -6.778080
-18.068745 48.360004 -6.514266
-17.377459 48.387939 -6.943263
-17.982643 48.373306 -6.397424
-17.905592 48.385452 -6.309248
-17.764853 48.375603 -6.655104
-17.296423 48.385788 -7.019515
-17.318365 48.377785 -7.183476
-18.211475 48.350952 -6.607182
-17.621826 48.382561 -6.620269
-18.299236 48.365318 -6.229046
-17.727989 48.376511 -6.685089
-17.579563 48.381035 -6.874810
-17.776600 48.356247 -7.136792
-18.432295 48.349968 -6.321068
-17.844398 48.363617 -6.751003
-17.256994 48.388611 -7.052620
-18.303167 48.366135 -6.205506
-17.365318 48.380428 -7.105788
-17.439966 48.364075 -7.209305
-18.067465 48.389557 -6.091337
-17.534868 48.379589 -6.892101
-17.256989 48.373878 -7.196236
-17.197216 48.387959 -7.095463
-17.759338 48.355522 -7.101879
-18.418383 48.357376 -6.316607
-17.483990 48.372829 -7.167115
-17.161934 48.388386 -7.129608
-17.178114 48.388958 -7.110533
-17.939798 48.354038 -6.864243
-18.178501 48.376904 -6.102054
-17.812265 48.390553 -6.370296
-17.481064 48.391487 -6.754641
-17.627941 48.372601 -6.966590
-18.098942 48.387783 -6.007463
-17.439899 48.401970 -6.816231
-17.641409 48.390190 -6.541989
-17.388645 48.385445 -7.020017
-17.892237 48.385731 -6.419212
-18.108751 48.378277 -6.141210
-17.600794 48.372887 -6.962014
-17.917843 48.360741 -6.840139
-17.324827 48.370552 -7.272068
-18.001986 48.369781 -6.468058
-17.984474 48.371422 -6.485964
-17.779219 48.374405 -6.737523
-18.119152 48.358959 -6.578186
-17.319197 48.394802 -6.900721
-17.833393 48.391273 -6.289193
-17.906931 48.382790 -6.372867
-17.243320 48.394123 -6.979033
-17.688417 48.382149 -6.618941
-17.258259 48.386898 -7.128422
-17.562382 48.393173 -6.593036
-18.185686 48.367970 -6.208934
-18.104715 48.360661 -6.570387
-17.644907 48.379559 -6.648164
-17.516670 48.392132 -6.833547
-17.208933 48.398678 -7.011384
-17.764574 48.374695 -6.711834
-18.322702 48.362911 -6.295337
-17.678322 48.365051 -7.069732
-18.195461 48.371399 -6.185397
-17.306238 48.389912 -7.057121
-17.498505 48.363266 -7.264403
-17.977802 48.392704 -6.080974
-17.471287 48.389545 -6.852894
-17.364346 48.370026 -7.145345
-17.202026 48.383343 -7.144563
-17.140610 48.392284 -7.046230
-18.313133 48.369785 -6.293497
-17.108892 48.393539 -7.079597
-17.670738 48.366001 -7.042402
-17.125074 48.394112 -7.060522
-18.106205 48.388279 -6.087479
-17.735645 48.394791 -6.348853
-17.409296 48.380527 -7.105408
-17.426897 48.400261 -6.721345
-17.844681 48.366058 -6.815113
-18.025793 48.393780 -5.997409
-17.454908 48.364758 -7.270547
-17.551620 48.380459 -6.915621
-17.583967 48.398609 -6.515186
-17.325733 48.391243 -6.970458
-17.803162 48.387226 -6.393044
-18.032213 48.388805 -6.128150
-17.524462 48.379623 -6.912365
-17.919662 48.379139 -6.438781
-17.765356 48.395817 -6.268857
-17.819561 48.367970 -6.790702
-17.267487 48.401920 -6.861493
-17.903011 48.381535 -6.458854
-17.839926 48.393452 -6.350913
-17.673117 48.370033 -6.688765
-17.188541 48.399696 -6.936947
-18.014406 48.367603 -6.540503
-17.629662 48.393902 -6.589652
-17.498295 48.398094 -6.565472
-17.206282 48.395790 -7.080841
-18.100452 48.378445 -6.191955
-17.585476 48.391293 -6.619612
-17.993986 48.364697 -6.532526
-17.156059 48.403442 -6.965595
-17.687429 48.383595 -6.672362
-17.245470 48.395504 -7.008170
-17.905331 48.398720 -6.070185
-18.111649 48.382904 -6.167031
-18.214369 48.372654 -6.270686
-17.600769 48.378361 -7.015046
-17.093752 48.399277 -7.004667
-17.120958 48.391445 -7.128637
-17.306023 48.381641 -7.094712
-17.150120 48.393230 -7.097069
-17.421650 48.374668 -7.196725
-18.025770 48.394127 -6.073440
-18.196594 48.373009 -6.269295
-17.063526 48.402557 -7.036737
-17.077427 48.401344 -7.016881
-17.367296 48.403584 -6.685640
-17.666265 48.400425 -6.328670
-17.957550 48.399517 -5.986425
-17.589357 48.375626 -6.986823
-17.341127 48.386230 -7.049656
-17.514448 48.398079 -6.485212
-17.749149 48.372108 -6.765459
-17.376116 48.370537 -7.199594
-17.308121 48.405010 -6.738601
-17.475080 48.384209 -6.865710
-17.273317 48.400719 -6.927920
-17.732386 48.394073 -6.371607
-17.951035 48.393642 -6.114761
-17.706770 48.402554 -6.250474
-17.462301 48.390606 -6.871776
-17.216440 48.407932 -6.822849
-17.837257 48.386379 -6.410737
-17.750864 48.383995 -6.755094
-17.819059 48.386875 -6.430700
-17.197250 48.383461 -7.148271
-17.771248 48.401352 -6.327353
-17.610020 48.382320 -6.656857
-17.134966 48.402195 -6.894533
-17.562584 48.399391 -6.557995
-17.921852 48.376133 -6.505877
-17.437027 48.402828 -6.537779
-18.011988 48.383137 -6.174581
-17.150295 48.400261 -7.029464
-17.522215 48.399342 -6.590168
-17.388756 48.402222 -6.752851
-17.910999 48.375160 -6.502668
-17.120083 48.417835 -6.934218
-18.321392 48.377792 -6.015954
-18.334618 48.383797 -6.017391
-17.835001 48.404533 -6.060003
-17.195127 48.403782 -6.966152
-17.613079 48.390064 -6.635401
-18.011505 48.383492 -6.148330
-17.151937 48.383442 -7.150082
-17.044544 48.403484 -6.962236
-17.064711 48.400295 -7.096150
-18.106493 48.378304 -6.246358
-17.072340 48.398178 -7.080016
-17.511616 48.380878 -6.954869
-17.095472 48.396614 -7.045542
-17.951042 48.400604 -6.059230
-17.890705 48.404037 -5.976698
-17.031038 48.405369 -6.974319
-17.247618 48.391140 -7.045311
-17.314318 48.408154 -6.653338
-18.098034 48.378860 -6.246746
-17.607075 48.408138 -6.311111
-17.352787 48.383854 -7.136344
-17.281174 48.393829 -7.000144
-17.507627 48.380276 -6.930807
-17.464167 48.405773 -6.460902
-17.255213 48.410576 -6.706387
-17.309397 48.379520 -7.139820
-17.216131 48.403637 -6.883557
-17.646568 48.406399 -6.231894
-17.872604 48.397305 -6.101156
-17.666639 48.401531 -6.350735
-17.169058 48.413391 -6.787563
-17.700195 48.404221 -6.305566
-17.739380 48.390690 -6.405081
-17.764971 48.394703 -6.385230
-18.161295 48.394306 -5.920833
-17.652016 48.382145 -6.706278
-17.141218 48.389183 -7.094170
-17.547447 48.391514 -6.625359
-17.098494 48.417301 -6.866795
-17.496777 48.402802 -6.526100
-17.389885 48.413067 -6.516418
-17.940975 48.393551 -6.158450
-17.101843 48.406605 -6.985065
-17.468395 48.408459 -6.563998
-17.338884 48.411709 -6.719450
-17.834314 48.384144 -6.473135
-17.059839 48.411530 -6.882743
-17.836664 48.386925 -6.474004
-18.232151 48.388023 -6.004798
-18.220415 48.384045 -6.002064
-17.766012 48.409256 -6.049670
-17.137815 48.405838 -6.920295
-17.542198 48.394119 -6.600214
-17.938280 48.393116 -6.131505
-17.018648 48.424393 -6.940289
-17.102114 48.393253 -7.101789
-17.290670 48.408188 -6.740249
-17.829565 48.409184 -5.966800
-17.016811 48.405796 -7.049520
-17.267962 48.413975 -6.624439
-17.877575 48.403873 -6.046102
-17.027454 48.405354 -7.034839
-17.055567 48.408703 -7.009140
-17.164650 48.385254 -7.222898
-18.009274 48.383072 -6.223657
-17.547674 48.412868 -6.293292
-16.976223 48.414806 -6.956754
-18.007313 48.384010 -6.225953
-17.192680 48.398220 -6.997685
-17.410789 48.409676 -6.436371
-17.285915 48.389725 -7.077715
-17.220942 48.397449 -6.950283
-17.216682 48.423374 -6.683496
-17.592199 48.411732 -6.214638
-17.810081 48.404789 -6.088684
-17.246948 48.386974 -7.082580
-17.592533 48.389374 -6.683010
-17.168039 48.411453 -6.844961
-17.604378 48.407696 -6.330318
-17.136925 48.427956 -6.762445
-17.641497 48.411213 -6.284370
-17.674255 48.398289 -6.382067
-18.078194 48.398827 -5.912467
-17.693886 48.399948 -6.359396
-17.486202 48.398491 -6.595028
-17.447241 48.411510 -6.501142
-17.044626 48.414696 -6.825351
-17.579016 48.388645 -6.667847
-17.332018 48.414394 -6.490413
-17.095198 48.400425 -7.049408
-17.866856 48.399052 -6.143420
-17.053185 48.409966 -6.940403
-17.406931 48.411335 -6.534724
-17.038422 48.433887 -6.863591
-17.287395 48.418304 -6.685852
-17.760632 48.393681 -6.446375
-17.756151 48.392227 -6.443580
-18.138945 48.392578 -5.992577
-17.711466 48.418034 -6.039128
-17.095673 48.414886 -6.885839
-17.771109 48.412151 -5.956599
-17.024933 48.403336 -7.105793
-18.130178 48.391529 -5.988567
-17.865513 48.398651 -6.115002
-16.965759 48.419228 -6.892889
-17.235136 48.427395 -6.601375
-17.480164 48.401340 -6.567805
-17.237566 48.411892 -6.706455
-17.812025 48.408558 -6.033497
-16.972519 48.410870 -7.004840
-17.053493 48.399986 -7.053170
-16.980949 48.409634 -6.989464
-17.014666 48.418049 -6.970397
-17.489616 48.416512 -6.275320
-17.138933 48.401100 -6.951051
-16.948074 48.417080 -6.896955
-17.931145 48.392952 -6.207765
-17.376791 48.423798 -6.417679
-17.927216 48.390652 -6.202738
-17.227381 48.398350 -7.026821
-17.167458 48.403187 -6.905318
-17.152714 48.416180 -6.644880
-17.540707 48.416752 -6.198661
-17.739420 48.406750 -6.076748
-17.549288 48.414265 -6.311072
-17.298685 48.407192 -6.746187
-17.128231 48.422157 -6.812692
-17.082975 48.423229 -6.722233
-17.194372 48.397957 -7.034503
-17.525368 48.397369 -6.645903
-17.582716 48.416088 -6.264407
-17.996422 48.401134 -5.905270
-17.608992 48.403904 -6.358878
-17.277639 48.407200 -6.751294
-18.025463 48.406235 -5.881824
-17.006134 48.422066 -6.795571
-17.624931 48.403866 -6.335491
-17.390131 48.414970 -6.473169
-17.433804 48.408638 -6.567474
-17.298889 48.430393 -6.472568
-17.519400 48.399639 -6.636395
-17.798374 48.404179 -6.128131
-17.045763 48.405148 -7.001349
-17.344582 48.411205 -6.505925
-16.980099 48.423271 -6.813781
-17.228056 48.415676 -6.648889
-17.021755 48.426804 -6.911911
-17.087957 48.399418 -7.124191
-17.688080 48.399147 -6.419202
-17.717819 48.417721 -5.947137
-18.057888 48.398273 -5.980685
-17.648033 48.420269 -6.029771
-17.683681 48.399811 -6.415173
-17.176435 48.421413 -6.567635
-17.044968 48.417065 -6.844704
-17.753662 48.414772 -6.020743
-17.201260 48.426605 -6.682937
-16.930168 48.428532 -6.861748
-17.800734 48.406597 -6.099109
-17.429976 48.412277 -6.540944
-18.045567 48.397522 -5.976132
-17.317833 48.419132 -6.391886
-16.895113 48.421211 -6.880967
-17.435911 48.420742 -6.258650
-16.965729 48.417427 -6.925386
-17.015812 48.413986 -7.016143
-17.859812 48.400642 -6.188559
-17.102289 48.416592 -6.919092
-17.853006 48.398655 -6.182254
-17.048855 48.393196 -7.100317
-17.492031 48.421585 -6.182555
-17.124495 48.431923 -6.626108
-17.890980 48.412827 -5.833101
-17.126196 48.415234 -6.870388
-17.168446 48.402134 -6.974081
-17.678902 48.412045 -6.064710
-17.497143 48.421516 -6.293193
-17.244858 48.412128 -6.710402
-17.082865 48.426540 -6.776519
-17.049030 48.433044 -6.695334
-17.139973 48.403065 -6.985968
-17.528965 48.421570 -6.245009
-17.923120 48.404015 -5.896365
-17.550957 48.409790 -6.338269
-17.461132 48.404922 -6.611481
-16.965900 48.425674 -6.764098
-17.229095 48.414474 -6.719063
-17.947186 48.408375 -5.873761
-17.335825 48.417122 -6.446386
-17.366173 48.406170 -6.535122
-17.230947 48.420578 -6.443825
-17.571342 48.413582 -6.313628
-17.456493 48.404980 -6.603141
-17.730558 48.408203 -6.113428
-17.015755 48.423016 -6.971473
-17.311455 48.427200 -6.488080
-16.944300 48.429588 -6.782376
-17.185389 48.423187 -6.620708
-17.672394 48.424831 -5.936791
-16.971947 48.424305 -6.866052
-17.034605 48.402962 -7.069788
-17.620617 48.405090 -6.394001
-17.588831 48.422230 -6.020220
-17.978102 48.401890 -5.968554
-17.143528 48.432716 -6.545804
-17.003281 48.422020 -6.810569
-17.700327 48.421593 -6.008555
-16.890360 48.430431 -6.826550
-17.148611 48.426220 -6.649465
-17.613214 48.405205 -6.387198
-16.931877 48.416206 -7.023260
-17.729156 48.407932 -6.083601
-17.288116 48.432846 -6.374408
-16.933842 48.412209 -7.010024
-17.973782 48.404675 -5.963291
-17.369793 48.414192 -6.510112
-17.402203 48.435333 -6.245674
-16.895388 48.424065 -6.928803
-16.928352 48.424229 -6.889825
-16.903015 48.421947 -6.912668
-16.969044 48.415413 -6.969100
-17.790543 48.406010 -6.171194
-17.440994 48.422516 -6.166901
-17.044449 48.412933 -6.869898
-17.074032 48.430084 -6.595969
-17.833639 48.419403 -5.826735
-17.778648 48.403545 -6.162916
-17.006992 48.403164 -7.055275
-17.255335 48.407825 -6.774225
-17.075434 48.417542 -6.827847
-17.629259 48.420559 -6.053239
-17.266420 48.410973 -6.764115
-17.117973 48.409542 -6.930572
-17.437410 48.422394 -6.273618
-17.008713 48.434536 -6.665093
-17.041908 48.431385 -6.743054
-17.197721 48.419312 -6.678106
-17.471375 48.422245 -6.226041
-17.860695 48.410114 -5.888029
-16.929468 48.430721 -6.736157
-17.086843 48.406090 -6.937192
-17.488361 48.412106 -6.316097
-17.178076 48.418102 -6.684469
-17.881815 48.413795 -5.864058
-17.301023 48.430359 -6.426937
-17.196796 48.431587 -6.426280
-17.393606 48.406818 -6.575257
-17.327030 48.419941 -6.513052
-17.615929 48.424488 -5.928344
-17.510225 48.416801 -6.291478
-17.672138 48.414547 -6.099269
-17.402489 48.413357 -6.574071
-17.249493 48.421989 -6.459517
-16.908421 48.433788 -6.752204
-16.962763 48.419228 -6.919941
-17.141779 48.427826 -6.591594
-16.936962 48.432629 -6.834087
-17.532448 48.424007 -6.010541
-17.560257 48.410442 -6.369884
-17.913488 48.409447 -5.956884
-17.103516 48.435806 -6.519958
-16.987196 48.407738 -7.019521
-17.642422 48.423717 -5.996125
-16.966070 48.428432 -6.779230
-17.234243 48.428661 -6.350587
-16.853622 48.433880 -6.794212
-17.102722 48.429073 -6.619569
-17.673567 48.415215 -6.067993
-17.339294 48.430302 -6.227112
-17.553738 48.413559 -6.362607
-17.323074 48.422714 -6.485027
-17.900446 48.409927 -5.950339
-16.894171 48.433437 -6.858620
-17.411388 48.435963 -6.152235
-17.721132 48.409389 -6.153655
-16.930143 48.422562 -6.930790
-16.918573 48.406986 -7.070537
-17.776897 48.423882 -5.820867
-17.031063 48.431370 -6.570080
-17.005924 48.422680 -6.836071
-17.711462 48.408840 -6.144750
-16.973057 48.418732 -7.020373
-17.580957 48.427986 -6.041617
-17.035292 48.424393 -6.793823
-17.402100 48.435219 -6.259125
-17.203674 48.414806 -6.736408
-17.232418 48.429722 -6.738739
-16.970800 48.438679 -6.637128
-16.999334 48.433338 -6.709393
-17.066433 48.413212 -6.884634
-17.424797 48.428127 -6.207815
-17.148775 48.421741 -6.644031
-17.802498 48.415936 -5.879498
-16.892965 48.434772 -6.708129
-17.439642 48.418190 -6.297266
-17.247908 48.428310 -6.401149
-17.057760 48.425705 -6.909569
-17.822884 48.419727 -5.854856
-17.133804 48.423847 -6.654773
-17.565985 48.426777 -5.919164
-17.154327 48.436333 -6.406367
-17.274937 48.422882 -6.486967
-17.614244 48.417793 -6.085521
-17.702892 48.433327 -5.772110
-17.340210 48.414219 -6.545363
-17.456348 48.421413 -6.270587
-17.211597 48.431431 -6.439847
-16.873947 48.437893 -6.721968
-17.360344 48.426575 -6.549229
-17.101849 48.433033 -6.564516
-16.925259 48.425159 -6.882886
-16.896225 48.432777 -6.796636
-17.064968 48.438675 -6.495455
-17.491457 48.433826 -6.000264
-17.845104 48.413189 -5.945732
-17.505121 48.418262 -6.347914
-17.591024 48.427349 -5.984283
-17.201296 48.436588 -6.332715
-16.821419 48.438648 -6.766078
-16.928114 48.433826 -6.748539
-16.955526 48.423965 -6.986721
-17.061369 48.433250 -6.593878
-17.360878 48.433800 -6.136991
-17.614138 48.417690 -6.052814
-17.310617 48.445503 -6.214701
-17.270855 48.424789 -6.457446
-17.658096 48.412285 -6.136528
-16.854235 48.434471 -6.821928
-17.483648 48.412743 -6.336189
-17.826962 48.412071 -5.938535
-17.719339 48.426353 -5.815561
-16.892639 48.428493 -6.893735
-16.995668 48.437904 -6.547206
-16.963306 48.425884 -6.799684
-17.525928 48.429798 -6.030467
-16.925232 48.417538 -6.969583
-17.341345 48.431107 -6.239851
-17.649982 48.414761 -6.126412
-16.994278 48.429363 -6.758952
-16.933355 48.439854 -6.608165
-17.163660 48.419460 -6.692938
-16.962843 48.438511 -6.680044
-17.376593 48.429996 -6.190713
-17.161776 48.425579 -6.704941
-17.752966 48.424187 -5.870842
-17.033396 48.428276 -6.854624
-17.106712 48.428276 -6.615028
-17.408100 48.434830 -6.282257
-17.531364 48.436111 -5.909299
-16.853989 48.435177 -6.677738
-17.207466 48.433105 -6.379028
-17.761591 48.421757 -5.846106
-17.115408 48.440781 -6.386998
-16.998726 48.417439 -6.856453
-17.560648 48.421761 -6.071667
-17.646055 48.434563 -5.768795
-17.090263 48.429482 -6.625747
-17.234037 48.431770 -6.464525
-17.166719 48.433521 -6.417660
-16.840998 48.441650 -6.694482
-17.415020 48.432011 -6.251869
-17.295338 48.422058 -6.515168
-17.062580 48.437138 -6.538023
-17.291096 48.421211 -6.516683
-16.860893 48.436131 -6.764235
-17.025537 48.438538 -6.471427
-17.439291 48.434200 -5.991712
-16.890217 48.433613 -6.849514
-17.783161 48.417446 -5.935080
-17.159283 48.437241 -6.313124
-17.541035 48.430889 -5.972376
-17.442263 48.417721 -6.324075
-16.785938 48.438885 -6.734822
-16.887478 48.432590 -6.715224
-17.329712 48.444225 -6.123535
-17.020622 48.436451 -6.567363
-16.908562 48.423527 -6.938097
-17.248899 48.436268 -6.197134
-17.558386 48.420734 -6.039673
-17.606129 48.420265 -6.121552
-17.225269 48.429241 -6.431947
-17.670458 48.432377 -5.808808
-16.817978 48.436073 -6.787273
-17.710003 48.431980 -5.759562
-17.430460 48.418499 -6.313243
-17.767183 48.418373 -5.925848
-16.961668 48.443222 -6.525588
-16.853394 48.430668 -6.854988
-16.842497 48.419735 -6.987316
-16.921215 48.425995 -6.763706
-16.841581 48.419109 -6.983742
-17.470760 48.429619 -6.019143
-16.901995 48.444248 -6.583516
-17.308851 48.443745 -6.225229
-16.890091 48.427372 -6.932078
-16.951576 48.430447 -6.723797
-17.594267 48.421173 -6.109311
-16.927750 48.442467 -6.651951
-17.345507 48.442543 -6.176025
-17.124691 48.429790 -6.664156
-17.698929 48.428738 -5.862031
-17.488537 48.438931 -5.899884
-17.110491 48.426350 -6.668679
-16.824232 48.441345 -6.654607
-17.067526 48.434498 -6.587304
-17.342798 48.428265 -6.260103
-16.982977 48.426746 -6.809592
-17.173120 48.442249 -6.359900
-17.712664 48.429031 -5.836626
-17.074942 48.443333 -6.367518
-17.597149 48.438339 -5.764683
-17.507040 48.424603 -6.059133
-17.048727 48.432919 -6.597155
-17.186962 48.434196 -6.440325
-16.808655 48.444427 -6.666173
-17.127012 48.438213 -6.396212
-16.962412 48.427971 -6.823322
-17.363813 48.433327 -6.231995
-17.025511 48.440907 -6.513545
-16.992878 48.442768 -6.449656
-17.255253 48.432953 -6.492166
-16.826225 48.438374 -6.732417
-17.122368 48.439499 -6.294186
-17.394390 48.438221 -5.981778
-17.729080 48.423248 -5.923542
-17.494600 48.434135 -5.961012
-17.248743 48.431446 -6.491579
-16.850901 48.434792 -6.810680
-17.398655 48.426529 -6.304577
-17.273813 48.435356 -6.108613
-16.854595 48.437340 -6.687826
-16.756802 48.445198 -6.709548
-16.984356 48.441105 -6.543644
-17.216255 48.445797 -6.183657
-17.512043 48.427219 -6.025756
-16.874138 48.432125 -6.902583
-17.619215 48.434494 -5.802508
-17.553152 48.424377 -6.105555
-16.788855 48.443512 -6.760680
-17.661716 48.435902 -5.753306
-17.812391 48.420689 -5.796283
-17.181881 48.433357 -6.408463
-16.929205 48.449310 -6.505400
-16.819553 48.436043 -6.821290
-17.708071 48.423569 -5.913745
-17.395859 48.434711 -6.294054
-16.886076 48.431202 -6.732887
-17.428759 48.435574 -6.007847
-16.869888 48.447632 -6.559515
-17.250767 48.436333 -6.206973
-17.444965 48.440739 -5.891118
-17.646965 48.432091 -5.853740
-17.296360 48.441536 -6.157990
-16.916437 48.435658 -6.692977
-16.852264 48.430576 -6.891947
-16.894133 48.447323 -6.623880
-17.533979 48.422894 -6.091969
-17.083305 48.436340 -6.634418
-16.792002 48.443863 -6.629113
-17.310980 48.440922 -6.244744
-17.127966 48.440365 -6.337364
-17.038830 48.446476 -6.349340
-17.665079 48.435219 -5.826994
-17.024315 48.435173 -6.557106
-17.070719 48.435791 -6.639138
-17.462772 48.429890 -6.045737
-17.552608 48.443829 -5.760552
-16.942568 48.430740 -6.773900
-17.786060 48.424103 -5.789821
-16.779381 48.448750 -6.640724
-17.144239 48.437206 -6.417425
-17.009459 48.437019 -6.570663
-17.088024 48.441666 -6.376756
-16.964033 48.449551 -6.430097
-16.925016 48.433640 -6.789082
-17.089945 48.444328 -6.276723
-16.986767 48.441914 -6.487462
-17.199743 48.429371 -6.462786
-17.320799 48.440041 -6.212992
-17.454683 48.440010 -5.948915
-17.249763 48.446316 -6.094921
-16.795498 48.444042 -6.704306
-17.678619 48.429749 -5.912634
-17.364948 48.451279 -5.971334
-16.815443 48.437275 -6.776785
-17.345982 48.428066 -6.283362
-17.191835 48.429081 -6.460944
-16.726852 48.449505 -6.684837
-16.824850 48.444626 -6.663375
-16.952511 48.447338 -6.521313
-17.175278 48.447941 -6.169135
-17.570185 48.437405 -5.796903
-17.616924 48.439659 -5.746186
-17.506754 48.430992 -6.090232
-17.461195 48.430004 -6.011685
-16.752377 48.441002 -6.727084
-17.759830 48.426136 -5.787495
-16.835705 48.436306 -6.863276
-16.896603 48.453407 -6.485038
-17.142183 48.439171 -6.385695
-17.380766 48.435799 -5.997695
-17.658962 48.430107 -5.901364
-16.784897 48.439411 -6.788155
-16.851603 48.435307 -6.702652
-17.405622 48.442268 -5.882159
-16.839924 48.450809 -6.536122
-17.334269 48.432091 -6.269976
-17.220345 48.447773 -6.192870
-17.596342 48.434357 -5.845298
-17.256805 48.444710 -6.142083
-16.860434 48.450062 -6.597044
-16.882088 48.440624 -6.664237
-16.816099 48.435417 -6.854742
-17.034744 48.433681 -6.600581
-17.478720 48.425220 -6.075191
-16.766129 48.453579 -6.608282
-17.261101 48.440025 -6.226040
-17.089516 48.441845 -6.316997
-17.006475 48.452301 -6.331966
-17.501272 48.442703 -5.756806
-17.432543 48.443188 -6.033214
-17.609356 48.435883 -5.817900
-16.987188 48.439072 -6.531221
-17.022835 48.433155 -6.604565
-16.751572 48.452850 -6.616618
-17.103590 48.439022 -6.395045
-16.904428 48.435398 -6.740309
-17.058186 48.448055 -6.259845
-16.934319 48.454460 -6.409692
-16.974611 48.442703 -6.545560
-17.052794 48.447807 -6.358104
-17.732765 48.429665 -5.780360
-16.954853 48.447151 -6.465043
-17.210184 48.447243 -6.081654
-17.413279 48.443859 -5.938116
-16.883474 48.432899 -6.750875
-17.166153 48.440651 -6.441690
-17.623587 48.431553 -5.901484
-17.272398 48.440044 -6.194310
-16.765366 48.447609 -6.676692
-17.308804 48.444859 -5.963038
-17.320076 48.444328 -6.268094
-16.784533 48.442207 -6.745772
-16.700718 48.456367 -6.662337
-16.792562 48.447273 -6.636475
-16.916838 48.449894 -6.498091
-17.152218 48.437012 -6.436944
-17.132010 48.447174 -6.155153
-17.525393 48.441162 -5.789783
-17.566954 48.439693 -5.739647
-17.454361 48.431881 -6.076054
-17.436686 48.445049 -5.997669
-16.724649 48.447224 -6.701747
-17.713722 48.433224 -5.777886
-16.863060 48.454636 -6.463743
-16.801737 48.440815 -6.828084
-17.103012 48.441883 -6.363337
-17.353411 48.448780 -5.986450
-17.376638 48.451233 -5.872036
-16.813774 48.456547 -6.514940
-16.753048 48.441467 -6.756209
-16.820196 48.440952 -6.675278
-17.606897 48.434841 -5.888939
-17.180044 48.449936 -6.177613
-17.226177 48.453163 -6.127718
-17.546452 48.436512 -5.837528
-17.300926 48.445095 -6.251867
-16.830412 48.453369 -6.572243
-16.737633 48.456535 -6.586233
-16.849077 48.444504 -6.635345
-17.057035 48.446804 -6.298128
-17.220882 48.444305 -6.209550
-17.000034 48.441353 -6.575653
-16.973307 48.456120 -6.315154
-17.377100 48.439030 -6.021544
-16.782808 48.439945 -6.818814
-17.462381 48.448944 -5.751097
-17.435207 48.432644 -6.059826
-17.562296 48.438976 -5.808679
-17.025681 48.450768 -6.243617
-16.725367 48.458717 -6.594030
-16.951471 48.442875 -6.505272
-16.903788 48.457359 -6.389848
-17.181618 48.453373 -6.069129
-16.938814 48.444389 -6.520844
-17.022720 48.455418 -6.341512
-17.066023 48.443504 -6.374205
-16.987335 48.441067 -6.577558
-17.686588 48.435757 -5.770665
-16.927486 48.454838 -6.445507
-17.370256 48.444820 -5.927121
-16.866148 48.438065 -6.706543
-17.574329 48.434978 -5.890251
-17.282114 48.456734 -5.952377
-16.847338 48.435364 -6.717716
-17.234333 48.445244 -6.177106
-17.118067 48.439205 -6.416472
-16.737444 48.451969 -6.649772
-17.261890 48.438297 -6.245706
-16.672039 48.458591 -6.637386
-16.752808 48.445129 -6.715322
-16.888062 48.457672 -6.478621
-16.764284 48.454338 -6.613368
-17.480522 48.442799 -5.783898
-17.535204 48.448715 -5.731060
-17.096865 48.450806 -6.141955
-17.109312 48.439285 -6.411143
-17.404785 48.432583 -6.061747
-17.379705 48.440121 -5.984569
-17.660887 48.434696 -5.768750
-16.834078 48.459431 -6.444010
-16.698458 48.454216 -6.677840
-17.331301 48.447037 -5.864222
-17.303799 48.446114 -5.976103
-16.767437 48.441471 -6.791136
-17.065376 48.445374 -6.342409
-16.787750 48.463150 -6.495253
-16.725334 48.448811 -6.729552
-17.141085 48.451008 -6.162204
-16.789387 48.444500 -6.648400
-17.504425 48.440212 -5.828873
-17.560537 48.440197 -5.876341
-17.181978 48.450645 -6.111482
-16.801193 48.457561 -6.548202
-17.244217 48.439964 -6.229502
-16.709867 48.459385 -6.564855
-17.178909 48.443703 -6.192690
-16.816856 48.448143 -6.608531
-17.025288 48.451653 -6.279930
-17.414598 48.447529 -5.747895
-17.345184 48.448441 -6.008737
-16.963585 48.445267 -6.549033
-16.942417 48.461727 -6.299123
-17.143240 48.451221 -6.055537
-16.877071 48.462814 -6.372216
-16.751040 48.444118 -6.785636
-16.999157 48.458080 -6.227565
-17.515167 48.441074 -5.799371
-16.699825 48.463478 -6.572026
-17.400429 48.443493 -6.044420
-16.989426 48.458370 -6.323205
-16.919556 48.448112 -6.482854
-17.344849 48.455738 -5.914899
-17.033680 48.450455 -6.355511
-16.896097 48.456982 -6.423498
-16.908571 48.452389 -6.500031
-17.635229 48.438129 -5.761551
-17.526402 48.436195 -5.880188
-16.947069 48.442421 -6.548727
-16.834686 48.443840 -6.677762
-17.234632 48.452744 -5.943957
-16.711916 48.457851 -6.626448
-17.087215 48.448177 -6.396481
-16.818213 48.442795 -6.691123
-17.194719 48.448544 -6.159792
-17.229063 48.447083 -6.229329
-17.480705 48.442802 -5.727010
-17.440693 48.446167 -5.777257
-16.721678 48.445953 -6.685369
-16.734926 48.456539 -6.589153
-16.855997 48.459801 -6.457349
-17.066223 48.458138 -6.128912
-17.380342 48.448620 -6.047818
-17.310316 48.459534 -5.853387
-17.613150 48.437771 -5.760266
-17.068743 48.443214 -6.387530
-16.805151 48.464100 -6.425686
-17.350687 48.451462 -5.970397
-16.672266 48.461205 -6.653933
-17.281418 48.459831 -5.964014
-16.760729 48.467007 -6.473225
-17.024517 48.444202 -6.319768
-16.734922 48.444633 -6.758608
-17.106617 48.454659 -6.148271
-17.462328 48.442917 -5.820131
-16.697287 48.452305 -6.701138
-17.151140 48.456120 -6.096853
-16.761047 48.451698 -6.623883
-17.508249 48.440830 -5.864974
-16.776585 48.465195 -6.527127
-16.681170 48.460484 -6.541221
-17.144518 48.449474 -6.177521
-17.210663 48.449989 -6.211129
-16.998026 48.459084 -6.263205
-17.294699 48.443897 -5.997543
-17.379200 48.453606 -5.741318
-17.114601 48.456364 -6.042922
-16.967918 48.458714 -6.211094
-16.788446 48.454346 -6.583926
-16.912064 48.465363 -6.282178
-16.848680 48.465515 -6.352977
-16.930874 48.450748 -6.524534
-16.672537 48.464485 -6.548327
-17.473812 48.444794 -5.789978
-16.722267 48.448849 -6.755229
-16.956125 48.461327 -6.304895
-17.002731 48.456188 -6.338071
-17.299463 48.452797 -5.904356
-16.887371 48.450500 -6.458765
-17.348568 48.442413 -6.029330
-16.877993 48.456547 -6.477458
-16.868656 48.463680 -6.403872
-17.482101 48.439236 -5.869431
-17.591064 48.443157 -5.750966
-17.200397 48.457001 -5.934329
-16.912022 48.446247 -6.522040
-17.047970 48.449902 -6.374035
-16.685648 48.463852 -6.602449
-17.155699 48.449749 -6.142974
-16.804821 48.451385 -6.650494
-17.190926 48.451290 -6.212037
-16.788279 48.449348 -6.663769
-17.450970 48.450756 -5.717534
-17.403017 48.450459 -5.769901
-16.706228 48.457642 -6.565519
-16.822186 48.458172 -6.434382
-17.268528 48.455044 -5.846115
-16.699432 48.457497 -6.663843
-17.326788 48.442532 -6.033767
-17.035372 48.462490 -6.115605
-17.570454 48.442574 -5.751026
-16.770456 48.459473 -6.403194
-17.299469 48.447029 -5.958534
-17.229431 48.452141 -5.955441
-17.036280 48.450424 -6.366020
-16.733620 48.468750 -6.452427
-17.073555 48.458218 -6.134271
-16.998070 48.453640 -6.302482
-17.421640 48.445530 -5.811325
-17.118011 48.458683 -6.082769
-16.708622 48.453014 -6.730563
-16.671831 48.460312 -6.676579
-16.734905 48.458561 -6.601382
-16.746410 48.465389 -6.503473
-17.468332 48.446697 -5.852881
-16.965258 48.458939 -6.245309
-16.944202 48.464718 -6.196234
-17.108515 48.452347 -6.162160
-17.269361 48.455807 -5.985413
-17.085896 48.460506 -6.030225
-17.338617 48.454838 -5.736650
-16.824104 48.470768 -6.335952
-16.762238 48.460213 -6.561338
-17.166431 48.449848 -6.190850
-16.884794 48.471668 -6.266778
-17.432323 48.446522 -5.780416
-16.898899 48.456120 -6.500710
-17.282124 48.468239 -5.891512
-16.927320 48.466858 -6.288065
-16.694227 48.453468 -6.725495
-16.970179 48.460155 -6.319117
-16.841011 48.467388 -6.383987
-16.859877 48.457321 -6.437735
-16.847471 48.460567 -6.456297
-17.443583 48.443890 -5.858594
-17.548304 48.446964 -5.741643
-17.317284 48.453091 -6.013062
-17.165421 48.460239 -5.925355
-17.014755 48.454971 -6.354497
-17.151175 48.452602 -6.194553
-17.121849 48.453545 -6.126899
-17.399017 48.453323 -5.649494
-17.411005 48.452129 -5.710721
-16.879244 48.450733 -6.497458
-16.770672 48.450535 -6.619088
-17.248150 48.466564 -5.834460
-17.361574 48.450932 -5.763067
-16.754864 48.448383 -6.633035
-16.682287 48.464169 -6.545032
-16.796213 48.464645 -6.416103
-16.672171 48.460751 -6.637508
-17.299984 48.454662 -6.020295
-16.995449 48.458443 -6.101906
-17.529778 48.446304 -5.740902
-17.200186 48.458252 -5.943653
-16.749971 48.471264 -6.388730
-17.268824 48.454357 -5.945491
-17.377985 48.445213 -5.803799
-16.997713 48.452164 -6.342842
-17.044998 48.465473 -6.120428
-17.084080 48.460358 -6.067926
-16.968475 48.459408 -6.283573
-16.710175 48.465328 -6.578817
-16.679905 48.457611 -6.701565
-17.057856 48.463543 -6.018112
-16.919004 48.469822 -6.181352
-16.712088 48.459175 -6.475852
-17.076132 48.455921 -6.147428
-16.941689 48.468056 -6.229303
-17.423164 48.447857 -5.841284
-17.225332 48.452900 -5.973404
-16.793961 48.468582 -6.316345
-17.308197 48.461643 -5.729235
-16.846569 48.463829 -6.249115
-16.736702 48.466095 -6.538013
-17.394457 48.448948 -5.771483
-17.232088 48.458477 -5.881967
-16.865171 48.456604 -6.476516
-17.128904 48.453075 -6.172739
-16.898504 48.471264 -6.272555
-16.935944 48.460236 -6.299880
-16.812620 48.470081 -6.364752
-16.666977 48.457844 -6.697840
-17.401361 48.445728 -5.848362
-16.812057 48.457172 -6.431818
-16.834785 48.466797 -6.418981
-17.505404 48.448780 -5.732146
-17.370674 48.458927 -5.642598
-17.265141 48.446903 -5.998950
-17.208509 48.461864 -5.827798
-17.377493 48.455143 -5.703088
-17.128094 48.460701 -5.915513
-16.982145 48.459064 -6.334137
-17.114311 48.454720 -6.177027
-17.324497 48.453121 -5.756214
-17.081144 48.450859 -6.109802
-17.467844 48.449764 -5.670510
-16.852562 48.459560 -6.475867
-16.732620 48.459923 -6.611512
-16.768625 48.468224 -6.397627
-17.249985 48.448273 -6.006790
-16.747086 48.463158 -6.597717
-16.977365 48.472878 -6.089715
-17.491245 48.449833 -5.731385
-17.162928 48.459705 -5.933898
-17.231384 48.455070 -5.932834
-17.363602 48.462460 -5.790998
-17.056051 48.464520 -6.054493
-17.011801 48.467041 -6.106257
-16.968931 48.459942 -6.323371
-16.938065 48.463169 -6.265225
-17.032770 48.468384 -6.006043
-16.681353 48.465557 -6.553692
-16.890715 48.471130 -6.166251
-16.911129 48.468704 -6.212101
-16.654934 48.463776 -6.674690
-16.766830 48.468071 -6.298191
-17.193130 48.457207 -5.961573
-17.044426 48.459515 -6.131959
-17.270363 48.461693 -5.724351
-17.376440 48.445992 -5.830898
-16.825338 48.474602 -6.235299
-17.207207 48.466297 -5.870158
-17.368301 48.458843 -5.759912
-16.710423 48.470966 -6.515337
-16.834524 48.459759 -6.453861
-16.867212 48.472023 -6.254682
-16.912443 48.470345 -6.283962
-17.367817 48.451115 -5.836682
-17.092785 48.456207 -6.154563
-16.784836 48.471798 -6.344693
-17.337883 48.460705 -5.636957
-17.183548 48.467567 -5.817223
-16.787632 48.465538 -6.413649
-16.802385 48.465069 -6.395953
-16.642006 48.464005 -6.670965
-17.460281 48.448681 -5.723277
-17.341022 48.456352 -5.695411
-17.098089 48.464676 -5.905694
-17.084152 48.460209 -6.161668
-17.304920 48.465519 -5.745316
-16.948723 48.461151 -6.314338
-17.232971 48.454582 -5.983157
-17.054674 48.458038 -6.095158
-17.431511 48.452961 -5.663006
-17.224453 48.458324 -5.993078
-16.704679 48.463154 -6.585913
-16.822660 48.463730 -6.452562
-16.940994 48.468536 -6.076558
-16.717472 48.463627 -6.570514
-17.450489 48.451447 -5.722496
-17.130644 48.461891 -5.923300
-17.195421 48.456688 -5.920199
-17.315363 48.456322 -5.784552
-16.973951 48.461796 -6.093080
-17.027220 48.467793 -6.040301
-17.005337 48.470444 -5.993107
-16.869139 48.476929 -6.151998
-16.911413 48.469616 -6.247680
-16.932425 48.459354 -6.302033
-17.160114 48.459503 -5.950304
-17.018013 48.466564 -6.118723
-16.882851 48.471138 -6.195680
-17.237652 48.465588 -5.717476
-17.358376 48.462666 -5.816061
-17.167521 48.462852 -5.860769
-16.801012 48.481583 -6.221262
-17.323639 48.454659 -5.751366
-17.302856 48.459446 -5.633264
-16.839666 48.474342 -6.238933
-17.345228 48.461842 -5.824333
-16.879604 48.469208 -6.265980
-16.757648 48.471416 -6.325132
-17.140135 48.459057 -5.811080
-16.806959 48.465584 -6.432744
-16.761454 48.469021 -6.395108
-17.310329 48.459179 -5.687648
-17.056585 48.457218 -6.137621
-16.778498 48.471462 -6.376873
-17.062160 48.463917 -5.897109
-17.424580 48.453148 -5.712309
-17.263329 48.462883 -5.739630
-17.391397 48.451221 -5.657342
-17.051710 48.463909 -6.145528
-16.921270 48.466713 -6.296035
-17.189224 48.459831 -5.981116
-17.195543 48.456421 -5.969180
-17.025923 48.463432 -6.079733
-16.678343 48.468151 -6.561830
-16.915314 48.475475 -6.063993
-16.692739 48.470394 -6.547948
-17.408920 48.451054 -5.714168
-16.790339 48.464123 -6.428303
-17.101316 48.465885 -5.912746
-17.297207 48.469753 -5.772269
-17.166782 48.461819 -5.907588
-17.002077 48.472763 -6.026825
-16.955801 48.475235 -6.080800
-16.978636 48.472389 -5.980843
-17.390099 48.453739 -5.641268
-16.839094 48.473358 -6.136526
-16.877703 48.466599 -6.228853
-16.856714 48.473366 -6.179865
-17.125549 48.459904 -5.938925
-16.989925 48.470856 -6.103884
-16.906530 48.467937 -6.282519
-17.199003 48.463631 -5.713155
-17.143980 48.469585 -5.848808
-17.300303 48.464371 -5.739666
-17.124788 48.471180 -5.799988
-17.309290 48.456898 -5.806129
-17.301241 48.457676 -5.815052
-16.816017 48.481342 -6.224160
-16.848976 48.468861 -6.248692
-16.779921 48.468315 -6.412038
-17.291359 48.470600 -5.675926
-17.237814 48.469429 -5.731285
-17.022146 48.467297 -6.130667
-17.024086 48.461048 -6.120073
-17.038815 48.472511 -5.886731
-17.387318 48.454594 -5.702553
-17.362938 48.457085 -5.647631
-16.894550 48.472164 -6.278404
-17.154604 48.460361 -5.968330
-16.996357 48.466820 -6.064871
-17.161001 48.459068 -5.955161
-17.378248 48.456123 -5.703764
-16.888750 48.479416 -6.051903
-17.070442 48.467979 -5.902083
-17.249565 48.461521 -5.766321
-16.761032 48.466190 -6.405495
-16.953470 48.475113 -5.970008
-16.970884 48.472134 -6.013087
-17.133638 48.463253 -5.894824
-16.924608 48.474606 -6.067062
-17.354292 48.453842 -5.634175
-17.096830 48.462921 -5.927549
-16.852392 48.471954 -6.211156
-16.833601 48.478390 -6.164182
-16.956453 48.468441 -6.089365
-17.248035 48.466476 -5.619732
-17.177191 48.472992 -5.704205
-16.877529 48.471603 -6.264107
-17.097456 48.471855 -5.791187
-17.108589 48.466854 -5.839312
-17.260738 48.461788 -5.731771
-17.278652 48.468399 -5.802702
-17.283684 48.465946 -5.792326
-17.251095 48.465752 -5.671409
-16.825201 48.474991 -6.232425
-16.752079 48.470158 -6.390573
-17.199041 48.466602 -5.725470
-17.324907 48.455269 -5.641166
-17.007860 48.472488 -5.877301
-16.991779 48.469799 -6.115047
-17.350790 48.455929 -5.693469
-16.864668 48.472828 -6.260468
-16.997557 48.468357 -6.104022
-17.122940 48.462692 -5.955589
-16.971157 48.471916 -6.049988
-17.345285 48.458286 -5.693901
-17.127869 48.461620 -5.941076
-17.041035 48.469852 -5.892764
-17.226826 48.469131 -5.755118
-16.931948 48.480778 -5.957160
-16.946407 48.475994 -6.000196
-17.104116 48.465382 -5.882688
-16.897919 48.477680 -6.053478
-17.325087 48.458691 -5.625113
-17.066633 48.465031 -5.916151
-16.828547 48.477093 -6.194802
-16.931448 48.475399 -6.076065
-17.087936 48.474392 -5.827309
-17.069387 48.472637 -5.781714
-17.139151 48.470058 -5.699061
-16.845308 48.470612 -6.243982
-17.238894 48.463955 -5.793228
-17.239418 48.470428 -5.719182
-17.237844 48.478916 -5.658194
-16.799133 48.478214 -6.216699
-17.240305 48.460804 -5.782223
-17.177034 48.474106 -5.714938
-16.980606 48.475281 -5.867267
-16.963625 48.473091 -6.100121
-17.318502 48.458107 -5.682869
-17.095642 48.466740 -5.942828
-16.837809 48.476288 -6.242662
-16.967867 48.470879 -6.087665
-16.948982 48.479809 -6.035236
-17.312254 48.459454 -5.683951
-17.013723 48.472771 -5.881322
-17.187927 48.465443 -5.747809
-17.099848 48.466900 -5.926322
-16.923349 48.480888 -5.985919
-17.074594 48.467510 -5.870553
-17.195288 48.472305 -5.606720
-17.044266 48.474102 -5.773607
-17.043093 48.471764 -5.904191
-16.909264 48.482170 -6.062634
-17.059813 48.475304 -5.816429
-17.107632 48.469757 -5.693182
-17.217575 48.472599 -5.780639
-17.192997 48.468250 -5.654758
-17.201195 48.466755 -5.711135
-16.818392 48.474201 -6.224769
-17.216843 48.469650 -5.769027
-17.134480 48.466347 -5.710962
-17.269981 48.463676 -5.623498
-16.936066 48.474281 -6.085692
-17.065250 48.466988 -5.929848
-16.955643 48.480980 -5.856692
-17.303118 48.472599 -5.667725
-16.810137 48.477741 -6.225419
-16.920620 48.480118 -6.020048
-17.299826 48.475750 -5.668851
-16.987881 48.475471 -5.871223
-16.938919 48.474411 -6.070659
-17.168142 48.474857 -5.736650
-17.067987 48.467373 -5.911999
-17.271513 48.467133 -5.605973
-17.045736 48.468533 -5.859002
-17.020565 48.476593 -5.764114
-17.014166 48.471794 -5.892553
-17.033165 48.477119 -5.805571
-16.874838 48.475758 -6.048505
-17.079756 48.472397 -5.685291
-17.179962 48.467949 -5.771771
-17.178999 48.480404 -5.642191
-17.181286 48.475304 -5.698481
-17.228989 48.470005 -5.572420
-17.113951 48.474747 -5.700452
-17.175537 48.463306 -5.759444
-16.909250 48.476486 -6.070613
-17.042385 48.473736 -5.917152
-17.264826 48.467930 -5.659593
-17.257891 48.468136 -5.662732
-17.137852 48.473721 -5.727805
-16.966551 48.482990 -5.859957
-16.915138 48.480534 -6.054390
-17.139433 48.473221 -5.594812
-16.995316 48.477192 -5.754512
-17.039953 48.471523 -5.898565
-17.021999 48.473404 -5.845460
-16.990545 48.476406 -5.881828
-17.006439 48.476814 -5.795948
-17.180889 48.474243 -5.539209
-17.051868 48.473915 -5.678721
-17.155674 48.473663 -5.760460
-17.144384 48.476307 -5.636095
-17.227602 48.473087 -5.538623
-17.149582 48.474262 -5.689701
-17.084448 48.473373 -5.693687
-17.215651 48.469982 -5.606328
-16.882355 48.476574 -6.056769
-17.018709 48.478477 -5.905019
-17.156313 48.472996 -5.744732
-17.248558 48.479420 -5.644924
-17.111328 48.476398 -5.718441
-17.243778 48.480545 -5.647349
-17.117266 48.476482 -5.586748
-16.884495 48.479057 -6.038423
-17.219210 48.473492 -5.586593
-16.966799 48.480152 -5.869607
-16.997519 48.477257 -5.832568
-17.014006 48.475601 -5.884330
-16.978165 48.474613 -5.786215
-17.124580 48.471645 -5.750858
-17.126617 48.484646 -5.624047
-17.176788 48.474983 -5.557178
-17.123678 48.477081 -5.678192
-17.063850 48.480782 -5.683090
-16.994160 48.481339 -5.892041
-17.119373 48.468365 -5.735129
-17.206553 48.470814 -5.638719
-17.085413 48.478096 -5.708255
-17.202505 48.471828 -5.641816
-17.087751 48.473984 -5.581303
-16.972889 48.478001 -5.820823
-16.987919 48.477692 -5.869919
-17.091108 48.476429 -5.619746
-17.100830 48.475388 -5.738634
-17.095537 48.476868 -5.668631
-17.163931 48.473122 -5.588767
-17.029831 48.474586 -5.677491
-16.969666 48.484074 -5.880468
-17.061777 48.481583 -5.698847
-17.190145 48.480312 -5.623874
-17.097111 48.474133 -5.721606
-17.186157 48.481201 -5.628380
-17.161633 48.472893 -5.570352
-17.071781 48.481750 -5.608911
-17.075592 48.477104 -5.727712
-16.968628 48.486389 -5.855123
-17.125250 48.478855 -5.542519
-17.073931 48.480408 -5.657016
-17.038750 48.484093 -5.688619
-17.155405 48.475349 -5.616286
-17.152092 48.476254 -5.620055
-17.072559 48.476990 -5.708627
-17.053242 48.479633 -5.716748
-17.117266 48.479107 -5.569132
-16.974998 48.471687 -5.662362
-17.050913 48.484035 -5.645467
-17.135607 48.483635 -5.606449
-17.142574 48.486797 -5.599344
-17.047194 48.477840 -5.696211
-17.117798 48.479816 -5.549266
-17.032379 48.484180 -5.704485
-16.964642 48.486782 -5.647782
-16.958447 48.455151 -5.680698
-17.105909 48.480396 -5.598104
-17.104788 48.476784 -5.594269
-16.935600 48.481319 -5.641344
-16.945721 48.465218 -5.667895
-17.087133 48.484867 -5.585038
-17.086020 48.482380 -5.579881
-16.919577 48.461689 -5.660093
-16.910494 48.474697 -5.645276
-16.919914 48.484608 -5.651441
