# .PCD v0.7 - Point Cloud Data file format
VERSION 0.7
FIELDS x y z
SIZE 4 4 4
TYPE F F F
COUNT 1 1 1
WIDTH 3939
HEIGHT 1
VIEWPOINT 0 0 0 1
POINTS 3939
DATA ascii
1.919783 -0.865510 0.650839
1.941034 -0.876374 0.027037
1.937868 -0.878278 0.050015
1.930339 -0.876565 -0.006061
1.919812 -0.874613 0.417857
1.897075 -0.870946 0.149628
1.892440 -0.873345 0.709618
1.874447 -0.872073 0.353435
1.876873 -0.881823 0.192480
1.972612 -0.875906 0.111228
1.816354 -0.870033 0.621914
1.964500 -0.876856 0.128159
1.821349 -0.874784 0.025947
1.815184 -0.875699 0.048895
1.808636 -0.873971 -0.005172
1.812256 -0.876074 0.401885
1.800578 -0.872512 0.963793
1.942146 -0.880465 0.661992
1.789463 -0.873357 0.141658
1.923709 -0.875947 0.354798
1.899501 -0.865815 0.616560
1.790000 -0.876863 0.681698
1.900979 -0.874152 0.327586
1.911971 -0.879764 -0.029313
1.910899 -0.879726 -0.020323
1.766911 -0.873538 0.336462
1.905348 -0.878989 -0.073377
1.779251 -0.887196 0.186609
1.986614 -0.864846 -0.096796
1.842945 -0.869512 0.947075
1.993077 -0.869069 -0.149728
1.721449 -0.871620 1.008073
1.840977 -0.872384 0.105028
1.713921 -0.870555 0.591983
1.847864 -0.879277 0.124112
1.720676 -0.877135 0.025038
1.717513 -0.879042 0.048016
1.706705 -0.875532 0.385922
1.711964 -0.878304 -0.005039
1.707256 -0.877075 0.922956
1.822723 -0.879049 0.630906
1.693844 -0.876727 0.134797
1.808048 -0.876270 0.593763
1.937515 -0.868223 0.294790
1.957496 -0.877232 0.059986
1.808159 -0.877426 0.340756
1.679555 -0.872416 0.651677
1.795951 -0.877591 0.972674
1.796438 -0.878597 0.312652
1.790248 -0.876161 -0.026426
1.668357 -0.873969 0.320565
1.939584 -0.878215 0.296838
1.789185 -0.877124 -0.017432
1.923524 -0.872337 0.061666
1.900176 -0.862045 0.581448
1.783618 -0.876375 -0.068487
1.675617 -0.885594 0.179659
1.636069 -0.875134 0.972302
1.757587 -0.881013 0.914333
1.886945 -0.878160 -0.091653
1.619456 -0.871034 0.566121
1.738331 -0.874761 0.101105
1.884359 -0.877395 -0.141681
1.883911 -0.877152 -0.087683
1.635018 -0.882445 0.023272
1.755235 -0.887619 0.121296
1.876430 -0.878534 0.939298
1.618130 -0.877920 0.373120
1.629856 -0.884356 0.047231
3.360063 -1.443028 0.007111
1.627290 -0.884595 -0.003794
1.859417 -0.877205 0.583125
1.717268 -0.880562 0.605952
1.608219 -0.881061 0.129027
1.596066 -0.875847 0.628923
1.701604 -0.875797 0.565794
1.715582 -0.882815 0.329931
1.978205 -0.874495 -0.228952
1.974623 -0.873192 -0.158985
1.969775 -0.871293 -0.178035
1.825966 -0.872681 0.281797
1.824826 -0.873690 0.058780
1.816891 -0.871946 0.896739
1.691627 -0.877195 0.930723
1.578801 -0.875367 0.305749
1.694880 -0.880028 0.298733
1.697588 -0.883478 -0.025246
1.695512 -0.883440 -0.015265
1.813024 -0.875726 0.282689
1.681898 -0.877700 -0.063407
1.801724 -0.871519 0.559587
1.798858 -0.870770 0.060537
1.583972 -0.884950 0.173818
1.908868 -0.865242 0.547432
1.940539 -0.879560 0.230744
1.943597 -0.883649 -0.014227
1.545707 -0.873678 0.933469
1.647287 -0.875655 0.867312
1.527987 -0.869502 0.540277
1.883223 -0.864871 0.875215
1.763192 -0.874541 -0.083781
1.763167 -0.874528 -0.080781
1.653721 -0.884082 0.097361
1.773624 -0.880727 -0.132671
1.555373 -0.888737 0.021560
1.658588 -0.889975 0.118423
1.535558 -0.880290 0.360369
1.548182 -0.887651 0.046492
1.513585 -0.870231 0.838160
1.896185 -0.879384 0.529358
1.537598 -0.883909 -0.003618
1.871433 -0.871759 0.015091
1.745974 -0.877747 0.557100
1.525588 -0.883387 0.123276
1.617793 -0.879054 0.581040
1.522559 -0.882229 0.610266
1.869542 -0.876722 0.250099
1.603137 -0.874287 0.539891
1.622014 -0.885215 0.318085
1.728408 -0.879086 0.270932
1.856875 -0.877536 -0.148030
1.860440 -0.879823 -0.214994
1.853034 -0.876633 -0.167068
1.594266 -0.875756 0.892830
1.731198 -0.883025 0.057959
1.597300 -0.878443 0.285839
1.497235 -0.877732 0.293007
1.598882 -0.881811 -0.023151
1.607826 -0.887738 -0.013053
1.710450 -0.879143 0.272769
1.597215 -0.883982 -0.060162
1.692274 -0.871046 0.533593
1.503333 -0.887268 0.169084
1.711234 -0.881090 0.058773
1.834709 -0.885169 0.856835
1.464305 -0.873169 0.899718
1.807415 -0.874720 0.526546
1.824979 -0.885012 0.221720
1.524987 -0.858354 0.815145
1.810898 -0.880088 -0.011431
1.447498 -0.869921 0.517537
1.563061 -0.883423 0.093531
1.789850 -0.875384 0.844403
1.673496 -0.881829 -0.078574
1.671476 -0.880827 -0.076595
1.463682 -0.884066 0.020703
1.669898 -0.882049 -0.125608
1.458969 -0.882632 0.349670
1.560934 -0.887341 0.114523
1.461494 -0.884964 0.045687
1.456909 -0.884196 -0.003360
1.431211 -0.869731 0.802399
1.436047 -0.876673 0.586453
1.777749 -0.881932 0.505297
1.764777 -0.877125 0.016146
1.445950 -0.883704 0.117543
1.647492 -0.880216 0.536212
1.536299 -0.883465 0.561306
1.509644 -0.870752 0.516025
1.764968 -0.882139 0.241171
1.531425 -0.884601 0.307254
1.626824 -0.878505 0.260007
1.424640 -0.880057 0.282344
1.505884 -0.875273 0.858018
1.739123 -0.876890 -0.138093
1.638537 -0.887354 0.058129
1.744657 -0.880148 -0.201037
1.510730 -0.879819 0.274049
1.741303 -0.879967 -0.157066
1.514201 -0.884106 -0.021920
1.517129 -0.887049 -0.010885
1.427689 -0.888571 0.164390
1.510506 -0.884273 -0.056955
1.595785 -0.870515 0.510714
1.623873 -0.886501 0.265002
1.608564 -0.879457 0.057835
1.391854 -0.872607 0.870047
1.714397 -0.882817 0.815740
1.701946 -0.877215 0.504599
1.467534 -0.872705 0.794657
1.711391 -0.884459 0.212692
1.375990 -0.872297 0.497883
1.719253 -0.891398 -0.008228
1.484423 -0.887724 0.090821
1.382984 -0.880360 0.019948
1.657558 -0.863103 0.795171
1.383378 -0.881976 0.337970
1.571756 -0.879151 -0.071507
1.576783 -0.882143 -0.073453
1.473264 -0.884672 0.111711
1.570142 -0.879356 -0.117523
1.385816 -0.885244 0.044988
1.356786 -0.869180 0.771709
1.376225 -0.882486 -0.003110
1.553437 -0.874343 0.819351
1.363520 -0.877050 0.567783
1.375310 -0.885989 0.112896
1.553004 -0.879676 0.514349
1.448792 -0.880900 0.540495
1.661285 -0.878472 0.481233
1.665112 -0.881467 0.018256
1.430142 -0.872154 0.496298
1.446841 -0.883968 0.296475
1.664383 -0.884545 0.232267
1.349066 -0.879403 0.269642
1.436448 -0.881688 0.832396
1.538246 -0.880878 0.250206
1.512839 -0.867666 0.780961
1.434139 -0.882154 0.264351
1.548883 -0.889680 0.057318
1.641399 -0.881187 -0.128966
1.637888 -0.879457 -0.189005
1.441528 -0.889364 -0.020574
1.633545 -0.878290 -0.147046
1.350036 -0.885882 0.159664
1.436430 -0.887329 -0.008626
1.511278 -0.872928 0.491948
1.425796 -0.882559 -0.053738
1.528274 -0.883897 0.255123
1.330388 -0.877986 0.846491
1.523918 -0.883767 0.057074
1.391109 -0.873156 0.764953
1.313459 -0.876629 0.481314
1.599459 -0.875699 0.482665
1.598079 -0.876455 0.773667
1.612799 -0.886850 0.205804
1.403765 -0.886036 0.087074
1.314317 -0.881621 0.018315
1.314772 -0.882288 0.328334
1.612561 -0.888763 -0.006203
1.573151 -0.869572 0.767422
1.402611 -0.888944 0.110072
1.289345 -0.869595 0.743084
1.315141 -0.885509 0.044334
1.498091 -0.887405 -0.069158
1.489059 -0.882426 -0.067254
1.487429 -0.882620 -0.111270
1.302526 -0.879754 -0.002801
1.298973 -0.878392 0.551187
1.469037 -0.875828 0.788583
1.298667 -0.882299 0.107175
1.381256 -0.885246 0.524883
1.465504 -0.880102 0.495548
1.363623 -0.877500 0.479698
1.567794 -0.881912 0.463392
1.570442 -0.883796 0.020402
1.380252 -0.890265 0.288877
1.281454 -0.878709 0.260012
1.361999 -0.881124 0.804707
1.566791 -0.884939 0.224381
1.456649 -0.882224 0.241462
1.439413 -0.873094 0.754302
1.362551 -0.884474 0.254697
1.462205 -0.887997 0.056520
1.281387 -0.885164 0.155024
1.355805 -0.882662 -0.018383
1.549143 -0.882720 -0.178803
1.353734 -0.883623 -0.007399
1.261932 -0.875407 0.817847
1.546674 -0.882481 -0.120824
1.549839 -0.884552 -0.139790
1.347088 -0.880829 -0.050469
1.429775 -0.874332 0.473205
1.447679 -0.886237 0.247390
1.439247 -0.882082 0.055294
1.318671 -0.872588 0.736281
1.240916 -0.871005 0.461624
1.509952 -0.877125 0.464853
1.248157 -0.880595 0.318710
1.266677 -0.893810 0.017903
1.503685 -0.875971 0.742805
1.325107 -0.883340 0.084340
1.221886 -0.867005 0.715448
1.244446 -0.881776 0.043666
1.525217 -0.891207 0.199017
1.489725 -0.872035 0.739667
1.324950 -0.886246 0.107347
1.518885 -0.889088 -0.004055
1.237422 -0.879719 0.535617
1.407356 -0.882700 -0.063003
1.403697 -0.880890 -0.105043
1.406368 -0.882708 -0.064012
1.395597 -0.879252 0.762916
1.240017 -0.885542 0.103637
1.310711 -0.884606 0.508228
1.294077 -0.876854 0.463052
1.388979 -0.881482 0.478848
1.303634 -0.885602 0.279155
1.235866 -0.890931 0.253618
1.286564 -0.877573 0.774998
1.480761 -0.883114 0.021583
1.478280 -0.882333 0.446576
1.476184 -0.883310 0.216550
1.360984 -0.871548 0.724576
1.294948 -0.885776 0.246073
1.376054 -0.881569 0.232719
1.231753 -0.894376 0.152584
1.204433 -0.876764 0.795313
1.284116 -0.881920 -0.017049
1.380536 -0.887297 0.056767
1.289043 -0.885859 -0.005992
1.357242 -0.875697 0.456541
1.276379 -0.880074 -0.047126
1.460388 -0.881986 -0.168615
1.458941 -0.881760 -0.113626
1.462106 -0.884826 -0.131590
1.361575 -0.881372 0.054577
1.364080 -0.883593 0.238614
1.180366 -0.871327 0.446059
1.256209 -0.875965 0.712710
1.202549 -0.890816 0.313309
1.422425 -0.874543 0.447046
1.190983 -0.885098 0.016173
1.253440 -0.879625 0.080665
1.164418 -0.869365 0.691916
1.177851 -0.879035 0.521058
1.200815 -0.894955 0.043291
1.423263 -0.879418 0.717077
1.403864 -0.868276 1.005884
1.254292 -0.884526 0.104686
1.179151 -0.881216 -0.001948
1.415291 -0.876460 0.713997
1.440603 -0.891550 0.193244
1.434204 -0.889386 -0.001829
1.332657 -0.882958 -0.059691
1.330656 -0.881965 -0.059712
1.330994 -0.883131 -0.099707
1.165349 -0.875848 0.097914
1.314177 -0.875721 0.733155
1.242179 -0.883961 0.491589
1.297998 -0.866677 0.996995
1.146115 -0.867233 0.982752
1.227539 -0.876200 0.446432
1.213068 -0.868981 0.992303
1.232008 -0.880919 0.270477
1.157240 -0.877287 0.240848
1.314452 -0.881852 0.463161
1.225078 -0.878943 0.752429
1.401088 -0.884402 0.022856
1.145934 -0.875127 0.771760
1.289525 -0.870962 0.698914
1.398766 -0.884718 0.430853
1.228342 -0.885076 0.237452
1.156067 -0.882684 0.147846
1.310441 -0.884856 0.226121
1.398575 -0.885632 0.210844
1.234475 -0.893113 -0.016482
1.302865 -0.884590 0.056043
1.232387 -0.893071 -0.004502
1.368144 -0.874474 0.999572
1.282710 -0.874069 0.439848
1.382229 -0.884009 -0.107323
1.378659 -0.882241 -0.160363
1.383384 -0.886077 -0.124309
1.300475 -0.888871 0.233039
1.303951 -0.891600 0.054070
1.141804 -0.884549 0.436730
1.187737 -0.871371 0.686060
1.133930 -0.883134 0.302646
1.134309 -0.886320 0.015645
1.351881 -0.877888 0.433406
1.123886 -0.880624 0.678563
1.133271 -0.887281 0.511660
1.207826 -0.892819 0.079272
1.131114 -0.886225 0.041616
1.207650 -0.895719 0.104279
1.338463 -0.874700 0.977299
1.334830 -0.872906 0.687248
1.348811 -0.881835 0.693399
1.121711 -0.885038 0.095526
1.260937 -0.881203 -0.055360
1.353510 -0.887671 0.000424
1.351990 -0.886913 0.186417
1.268977 -0.887185 -0.057271
1.180606 -0.883278 0.478011
1.237571 -0.869083 0.967438
1.085717 -0.863662 0.948172
1.250696 -0.879089 0.712572
1.178972 -0.884459 0.435995
1.155652 -0.870383 0.961766
1.105629 -0.880533 0.233367
1.183410 -0.891146 0.266044
1.162593 -0.877320 0.728836
1.255900 -0.888150 0.451628
1.089434 -0.873481 0.749219
1.111429 -0.890880 0.145440
1.166722 -0.884354 0.229868
1.227044 -0.873328 0.677333
1.319399 -0.880695 0.024088
1.234813 -0.879179 0.218399
1.327228 -0.888062 0.418194
1.321965 -0.884953 0.204129
1.160745 -0.883377 -0.015203
1.161674 -0.886326 -0.003188
1.151980 -0.879521 -0.043297
1.249219 -0.893796 0.056558
1.229157 -0.882345 0.429360
1.294778 -0.874947 0.965885
1.304922 -0.882465 -0.152053
1.302497 -0.881262 -0.100076
1.223249 -0.881898 0.053286
1.226856 -0.885184 0.226335
1.074260 -0.875905 0.418061
1.303652 -0.883328 -0.117062
1.132247 -0.873710 0.665533
1.082302 -0.884377 0.296150
1.070706 -0.879618 0.494037
1.075622 -0.882547 0.014068
1.059422 -0.873022 0.650921
1.077434 -0.886434 0.041095
1.136143 -0.884098 0.076565
1.275346 -0.875259 0.417677
1.194745 -0.875233 0.984041
1.067780 -0.880642 -0.002012
1.138977 -0.888989 0.101603
1.268089 -0.874160 0.943629
1.272360 -0.878265 0.667665
1.065057 -0.882277 0.090968
1.274374 -0.881257 0.668690
1.134037 -0.891525 0.469577
1.179159 -0.871483 0.938883
1.201268 -0.885413 -0.052923
1.196563 -0.882578 -0.089975
1.203279 -0.887407 -0.052900
1.273373 -0.883234 0.180663
1.041275 -0.869996 0.924751
1.278834 -0.886934 0.002714
1.185228 -0.877475 0.688941
1.109422 -0.875816 0.418305
1.101221 -0.870767 0.933240
1.054022 -0.881777 0.225866
1.116775 -0.883444 0.257384
1.107089 -0.877657 0.709300
1.103719 -0.876494 1.001278
1.053870 -0.884711 0.739894
1.184360 -0.883508 0.435933
1.058781 -0.891105 0.141927
1.161561 -0.869710 0.653697
1.109120 -0.884618 0.222311
1.262760 -0.889904 0.025568
1.182230 -0.887418 0.212910
1.257355 -0.888225 0.199521
1.108087 -0.887576 -0.014705
1.247702 -0.883445 0.402429
1.108997 -0.889522 -0.001691
1.172534 -0.885083 0.055806
1.159603 -0.876693 0.413681
1.029681 -0.880149 0.407633
1.073748 -0.870065 0.642959
1.224423 -0.875409 0.933215
1.168603 -0.887112 0.052771
1.172246 -0.890425 0.221820
1.245824 -0.889451 -0.095600
1.036683 -0.888598 0.290713
1.229183 -0.878698 -0.143781
1.230927 -0.880561 -0.110759
1.026121 -0.883863 0.484609
1.024946 -0.882747 0.013574
1.019890 -0.881277 0.637550
1.086491 -0.887304 0.074089
1.027763 -0.887632 0.040612
1.211805 -0.877576 0.405075
1.129355 -0.871675 0.951405
1.088323 -0.892198 0.100118
1.196704 -0.868627 0.907937
1.016409 -0.883487 0.087495
1.197892 -0.871685 0.641942
1.068475 -0.882867 0.452923
1.115760 -0.867913 0.906265
0.984871 -0.864407 0.891187
1.138563 -0.883631 -0.049529
1.205912 -0.881642 0.648037
1.141587 -0.886625 -0.050494
1.065863 -0.884055 0.408898
1.043819 -0.868175 0.901676
1.223781 -0.895448 0.178213
1.006406 -0.883008 0.218402
1.123739 -0.876833 0.669348
1.224197 -0.896137 0.004211
0.995373 -0.876081 0.714304
1.050283 -0.875874 0.973757
1.063561 -0.885927 0.696892
1.068167 -0.888669 0.252922
1.005114 -0.887335 0.138394
1.132793 -0.888774 0.426446
1.055493 -0.883864 0.215788
1.114055 -0.877999 0.639255
0.974181 -0.868076 0.991094
1.113597 -0.879717 0.205235
1.053405 -0.886783 -0.014237
1.189080 -0.885173 0.026855
1.052318 -0.887737 -0.001246
1.185738 -0.884527 0.193830
1.119883 -0.889292 0.055306
1.190159 -0.889731 0.392890
1.110050 -0.882956 0.403215
0.976111 -0.876438 0.394101
1.037213 -0.882299 0.632626
0.988063 -0.888833 0.284236
1.102928 -0.881368 0.051128
1.106626 -0.885713 0.215179
1.162019 -0.876820 0.905620
0.979536 -0.884123 0.473153
1.169080 -0.880702 -0.089349
1.183272 -0.892722 -0.106192
0.978280 -0.883938 0.012118
0.958411 -0.870659 0.610926
0.977083 -0.885834 0.040112
1.027836 -0.883544 0.071511
1.074929 -0.873054 0.924881
1.140260 -0.871000 0.883400
1.163239 -0.886823 0.397627
1.031659 -0.889428 0.098561
0.962756 -0.879716 0.083961
1.142390 -0.875010 0.624416
1.061322 -0.867290 0.878737
1.021904 -0.887120 0.443477
0.955353 -0.879636 0.880925
0.954811 -0.879341 0.700911
0.996360 -0.869517 0.877216
1.081877 -0.883835 -0.047076
1.010293 -0.880350 0.395349
0.955783 -0.880250 0.210900
1.084903 -0.887826 -0.047039
0.997835 -0.873249 0.946240
1.141440 -0.881013 0.627418
1.082211 -0.888088 0.658967
1.007059 -0.881275 0.675332
1.148146 -0.886763 0.172472
1.014546 -0.886920 0.246396
1.148501 -0.887412 0.005470
0.957462 -0.887543 0.135926
0.932680 -0.869388 0.969688
1.068233 -0.883101 0.412811
1.055547 -0.874345 0.618682
1.002880 -0.883110 0.209273
1.061973 -0.881950 0.200739
0.998722 -0.883993 -0.013776
1.001622 -0.886929 0.000258
1.133432 -0.889387 0.027329
1.052468 -0.879251 0.390651
1.132127 -0.889762 0.190325
0.931538 -0.877687 0.382664
1.066235 -0.891506 0.054791
0.976714 -0.872668 0.608017
0.940427 -0.886068 0.276762
1.123605 -0.887056 0.381246
0.933948 -0.883379 0.461702
1.052277 -0.884572 0.050643
1.052002 -0.885957 0.210650
1.094620 -0.871260 0.873962
0.916862 -0.872923 0.596521
0.931612 -0.884127 0.011659
1.119413 -0.888873 -0.084812
1.111764 -0.883076 -0.130897
0.929408 -0.884032 0.038639
1.114541 -0.886948 -0.099862
0.982175 -0.885737 0.070069
0.982996 -0.889633 0.097085
1.080840 -0.869398 0.854825
0.917100 -0.878917 0.080510
1.016508 -0.869454 0.896307
1.095672 -0.880157 0.383966
1.099861 -0.886264 0.614027
0.971324 -0.885392 0.431979
0.895939 -0.866063 0.844314
0.909274 -0.877636 0.683459
1.010860 -0.868635 0.856249
0.945908 -0.866876 0.850716
0.964718 -0.882599 0.384907
0.912165 -0.881465 0.204472
0.951367 -0.873586 0.922785
1.027187 -0.883036 -0.044608
1.028192 -0.884032 -0.044596
0.961513 -0.882557 0.660888
0.968918 -0.889136 0.241953
1.017724 -0.879470 0.635325
1.093929 -0.890291 0.615977
0.887202 -0.866726 0.945233
0.909794 -0.884751 0.133451
1.101545 -0.896968 0.171042
1.091843 -0.889627 0.006928
0.954247 -0.881341 0.202794
1.018658 -0.885362 0.403334
1.004037 -0.874657 0.601182
0.952037 -0.884176 -0.013233
1.009361 -0.882192 0.195228
0.949939 -0.884131 0.000747
1.003891 -0.881507 0.381182
0.889950 -0.878922 0.372255
1.071744 -0.885619 0.028728
0.894798 -0.884295 0.270308
1.075506 -0.890012 0.185779
0.935175 -0.876929 0.594617
1.008546 -0.886732 0.055222
0.887350 -0.879639 0.450235
1.075033 -0.893304 0.373789
0.998608 -0.882788 0.050118
1.003381 -0.888182 0.206181
0.874329 -0.873199 0.580100
0.887946 -0.884311 0.010228
1.058697 -0.885083 -0.080403
0.882737 -0.882225 0.038174
1.038203 -0.872639 0.849419
0.931518 -0.882952 0.067567
1.054835 -0.885151 -0.094441
0.875446 -0.880103 0.078100
1.030362 -0.870735 0.833339
0.930343 -0.885858 0.094562
0.872692 -0.880874 0.672102
0.977999 -0.878726 0.882948
1.043095 -0.881426 0.374460
0.864420 -0.875310 0.830018
0.967365 -0.871941 0.836831
0.924730 -0.884644 0.422519
1.030360 -0.873662 0.589333
0.913379 -0.877119 0.838414
0.868529 -0.879680 0.198036
0.916125 -0.879858 0.374424
0.906876 -0.873905 0.902348
0.911988 -0.878868 0.642394
0.973490 -0.880235 -0.042135
0.857647 -0.875957 0.933957
0.976496 -0.883221 -0.041101
0.918284 -0.885375 0.236449
0.972197 -0.882751 0.620886
0.868133 -0.884940 0.131038
1.030440 -0.884658 0.595353
1.032159 -0.885853 0.008345
1.036917 -0.890249 0.165406
0.910625 -0.883550 0.198368
0.957505 -0.875943 0.585730
0.964076 -0.881644 0.392795
0.908371 -0.886352 -0.012659
0.957730 -0.880427 0.190722
0.906254 -0.885304 0.002319
0.848357 -0.879154 0.362843
0.848739 -0.880860 0.441854
0.850158 -0.881515 0.264860
0.952315 -0.879778 0.370676
0.881646 -0.868257 0.574074
1.017066 -0.883834 0.029196
1.019878 -0.888259 0.181238
0.955876 -0.883946 0.054703
0.947939 -0.880995 0.049620
0.848269 -0.885479 0.009837
1.011463 -0.886620 0.362162
0.832795 -0.873469 0.564688
0.950750 -0.885422 0.201662
0.841055 -0.881402 0.037759
0.890866 -0.886131 0.066172
0.986736 -0.872983 0.827920
0.998992 -0.881291 -0.074988
1.000128 -0.883343 -0.089974
0.827148 -0.875171 0.653639
0.835791 -0.881283 0.075708
0.983869 -0.873050 0.813892
0.887676 -0.887041 0.094143
0.923558 -0.873105 0.855405
0.815969 -0.868665 0.802524
0.881133 -0.884883 0.414090
0.992523 -0.882689 0.364971
0.918897 -0.870280 0.813353
0.983825 -0.876940 0.575887
0.862921 -0.870479 0.810904
0.874534 -0.881090 0.365016
0.813158 -0.869294 0.907502
0.874347 -0.883152 0.890042
0.824901 -0.877895 0.192600
0.874428 -0.884108 0.632032
0.875645 -0.885583 0.232028
0.928815 -0.882408 -0.040569
0.927814 -0.882409 -0.039578
0.823473 -0.881145 0.127588
0.920665 -0.879061 0.604375
0.865989 -0.881766 0.192925
0.908954 -0.872237 0.569248
0.977930 -0.884968 0.579843
0.983504 -0.889045 0.009878
0.916502 -0.881900 0.383329
0.981287 -0.888491 0.162862
0.861676 -0.882539 -0.012126
0.912099 -0.880642 0.186275
0.862583 -0.885482 0.002888
0.812516 -0.882708 0.260488
0.810761 -0.881369 0.354473
0.809139 -0.881087 0.433460
0.846099 -0.874491 0.562733
0.906730 -0.880024 0.361229
0.965392 -0.883037 0.030693
0.963233 -0.882511 0.176678
0.908226 -0.884146 0.054237
0.794234 -0.873718 0.551304
0.801592 -0.879676 0.008362
0.902287 -0.882188 0.049175
0.800389 -0.880580 0.036353
0.961900 -0.888878 0.353683
0.901129 -0.883654 0.197173
0.790566 -0.875412 0.641275
0.847195 -0.884320 0.064737
0.797138 -0.881464 0.072324
0.948231 -0.883248 0.816562
0.950308 -0.882470 -0.071459
0.943356 -0.879327 0.799507
0.846014 -0.887226 0.092731
0.948422 -0.881528 -0.085480
0.879375 -0.872560 0.795968
0.884043 -0.877385 0.840024
0.776473 -0.867961 0.782128
0.838541 -0.884122 0.404667
0.821425 -0.869781 0.790492
0.940932 -0.879956 0.355464
0.940269 -0.880200 0.564468
0.782609 -0.876530 0.896209
0.824869 -0.874507 0.863537
0.835938 -0.883308 0.356637
0.786271 -0.878091 0.187215
0.831872 -0.882379 0.617608
0.831001 -0.881801 0.226580
0.783803 -0.879329 0.125189
0.885129 -0.883577 -0.037996
0.882121 -0.881584 -0.037028
0.877118 -0.880329 0.591949
0.823354 -0.879976 0.187499
0.864411 -0.871512 0.554809
0.928391 -0.884259 0.566358
0.872911 -0.883135 0.375902
0.930828 -0.886252 0.011360
0.930653 -0.886720 0.159366
0.771871 -0.878918 0.254076
0.767528 -0.876326 0.423036
0.766160 -0.874619 0.343016
0.868469 -0.880852 0.181846
0.823026 -0.886702 -0.011503
0.822918 -0.887649 0.003499
0.804535 -0.872751 0.549318
0.862135 -0.879264 0.352789
0.914602 -0.881734 0.173202
0.917741 -0.884233 0.031230
0.862547 -0.882336 0.054784
0.756680 -0.873965 0.537929
0.762916 -0.878843 0.007974
0.766715 -0.883731 0.036021
0.754988 -0.875651 0.628919
0.859630 -0.883371 0.048757
0.855477 -0.880868 0.193719
0.910314 -0.886143 0.345175
0.762491 -0.884629 0.069982
0.809560 -0.888493 0.063370
0.890864 -0.871678 0.774981
0.806350 -0.887406 0.091338
0.903605 -0.881643 -0.067917
0.740101 -0.867853 0.870769
0.889785 -0.873638 0.788975
0.792930 -0.877374 0.394202
0.737964 -0.866248 0.762740
0.836876 -0.872859 0.777550
0.838557 -0.874708 0.818571
0.784896 -0.872047 0.775132
0.903751 -0.884695 -0.081911
0.790331 -0.878763 0.850200
0.754643 -0.883260 0.182907
0.899332 -0.883176 0.349063
0.787336 -0.874573 0.345140
0.888737 -0.875507 0.547956
0.789309 -0.878649 0.603178
0.756173 -0.889470 0.123929
0.795374 -0.885984 0.223232
0.840454 -0.882755 -0.036437
0.833572 -0.879600 0.578518
0.839446 -0.882752 -0.034447
0.822843 -0.870768 0.542397
0.785732 -0.882166 0.183128
0.730896 -0.873539 0.414664
0.832305 -0.884355 0.369503
0.738237 -0.882096 0.250744
0.879860 -0.882550 0.551880
0.732557 -0.876819 0.334682
0.781324 -0.882874 -0.010923
0.884163 -0.886440 0.012904
0.823830 -0.878066 0.177401
0.782231 -0.885819 0.004091
0.884035 -0.887934 0.156911
0.768966 -0.874982 0.537967
0.825534 -0.883468 0.346434
0.732258 -0.883987 0.006675
0.718121 -0.871218 0.523537
0.819882 -0.881521 0.054362
0.873979 -0.885927 0.170810
0.720406 -0.875883 0.617572
0.873093 -0.885423 0.030794
0.732062 -0.886888 0.035679
0.814960 -0.880563 0.048311
0.812842 -0.880073 0.190296
0.768892 -0.885678 0.060960
0.722822 -0.880812 0.067578
0.708536 -0.869097 0.856454
0.850351 -0.873960 0.758587
0.770694 -0.890569 0.090987
0.861738 -0.884399 0.336695
0.702445 -0.865519 0.744381
0.793366 -0.868167 0.756111
0.743387 -0.866351 0.752708
0.757321 -0.879579 0.387851
0.765570 -0.841509 0.971806
0.861928 -0.884803 -0.064321
0.832589 -0.861256 0.979404
0.722011 -0.886433 0.178584
0.746835 -0.872084 0.826755
0.794060 -0.871022 0.798125
0.852276 -0.880901 0.776617
0.863066 -0.887849 -0.078306
0.754737 -0.879764 0.338823
0.751737 -0.877895 0.590802
0.848168 -0.876755 0.536560
0.857734 -0.885399 0.342658
0.722513 -0.891632 0.122595
0.759729 -0.888163 0.220880
0.801780 -0.884914 -0.034817
0.751088 -0.884342 0.179786
0.800773 -0.884911 -0.032827
0.791015 -0.877864 0.566094
0.787272 -0.873995 0.532049
0.824590 -0.865262 0.994332
0.701280 -0.878721 0.409375
0.707596 -0.886262 0.247442
0.789711 -0.882591 0.361079
0.703968 -0.885992 0.330409
0.740642 -0.880046 -0.010334
0.742540 -0.882988 0.004690
0.787194 -0.881246 0.175043
0.834321 -0.881825 0.539431
0.841484 -0.886616 0.014485
0.731401 -0.874225 0.525590
0.783922 -0.880697 0.338017
0.834387 -0.882161 0.153415
0.688810 -0.877099 0.607256
0.686540 -0.874429 0.514225
0.695589 -0.883150 0.006305
0.784232 -0.885683 0.054015
0.698389 -0.888042 0.035342
0.827334 -0.882145 0.167346
0.829416 -0.884604 0.032364
0.677976 -0.871336 0.843149
0.775288 -0.879737 0.047917
0.734235 -0.887840 0.059617
0.691184 -0.884969 0.065266
0.776222 -0.884256 0.187939
0.810813 -0.874232 0.743198
0.730023 -0.886755 0.089575
0.746975 -0.859671 0.971649
0.721702 -0.879783 0.381495
0.755831 -0.868434 0.740739
0.715275 -0.875322 0.814444
0.711850 -0.871588 0.740401
0.670919 -0.869761 0.731070
0.819140 -0.884626 0.330276
0.808026 -0.876455 0.975184
0.687375 -0.886614 0.174236
0.760519 -0.876266 0.786799
0.719148 -0.881109 0.582481
0.825269 -0.890950 -0.061673
0.720131 -0.881963 0.332480
0.809593 -0.878990 0.527183
0.818371 -0.886020 -0.074748
0.814131 -0.883632 0.335225
0.802789 -0.874236 0.755119
0.683851 -0.887818 0.120199
0.716079 -0.880382 0.215431
0.748708 -0.873241 0.519665
0.761104 -0.884081 -0.033222
0.713458 -0.883535 0.175408
0.753449 -0.879103 0.555722
0.668653 -0.878915 0.403046
0.761100 -0.885076 -0.031220
0.788093 -0.870543 0.979979
0.670948 -0.882458 0.242067
0.668349 -0.883200 0.322046
0.711999 -0.888180 -0.010608
0.751107 -0.882806 0.354695
0.697819 -0.875446 0.515255
0.712886 -0.890123 0.005404
0.752573 -0.885424 0.171705
0.746310 -0.880906 0.331643
0.656200 -0.875318 0.596924
0.795821 -0.883808 0.015030
0.789772 -0.880093 0.527988
0.794753 -0.884349 0.152027
0.658960 -0.881619 0.506957
0.662927 -0.884303 0.004977
0.644429 -0.868598 0.825806
0.750580 -0.890835 0.054687
0.665737 -0.890198 0.034016
0.784679 -0.879346 0.164920
0.637346 -0.863163 0.963733
0.784739 -0.880794 0.032917
0.738627 -0.880904 0.047554
0.674358 -0.865034 0.966026
0.697575 -0.887011 0.058248
0.657531 -0.885133 0.062927
0.740583 -0.886435 0.185588
0.772280 -0.874501 0.727817
0.717435 -0.865913 0.959363
0.724278 -0.872667 0.728431
0.680723 -0.874578 0.800096
0.687087 -0.879985 0.375148
0.678300 -0.871836 0.726064
0.698387 -0.891911 0.088265
0.635389 -0.866030 0.712705
0.764552 -0.870789 0.949745
0.649720 -0.880809 0.168846
0.682562 -0.878347 0.571109
0.781534 -0.887830 0.325909
0.719994 -0.872554 0.769390
0.680518 -0.876189 0.323074
0.780556 -0.886123 -0.058121
0.653175 -0.888970 0.118891
0.771028 -0.880230 0.516803
0.771532 -0.880866 0.326800
0.779689 -0.888171 -0.071127
0.688447 -0.888532 0.214166
0.758290 -0.870543 0.736673
0.680809 -0.884705 0.172082
0.645030 -0.889066 0.400823
0.711122 -0.871476 0.509287
0.727427 -0.887225 -0.031553
0.713878 -0.876352 0.544323
0.725418 -0.886226 -0.029574
0.642313 -0.887617 0.239785
0.754578 -0.876806 0.967656
0.635728 -0.882393 0.314714
0.711488 -0.879027 0.347294
0.666244 -0.878657 0.505942
0.678343 -0.890333 -0.010943
0.678229 -0.891281 0.005058
0.626602 -0.877522 0.588628
0.711916 -0.880623 0.168292
0.709711 -0.881116 0.324278
0.616834 -0.870812 0.815530
0.753144 -0.880988 0.016604
0.749210 -0.879342 0.517585
0.633268 -0.887447 0.003682
0.624388 -0.879849 0.495604
0.758131 -0.888528 0.150670
0.628027 -0.882367 0.033623
0.603858 -0.860453 0.941389
0.701880 -0.878046 0.054183
0.750054 -0.884519 0.163585
0.625869 -0.885291 0.060606
0.641849 -0.865308 0.947698
0.747076 -0.881960 0.033545
0.735716 -0.873753 0.714453
0.662910 -0.886175 0.056898
0.707994 -0.888051 0.047258
0.684918 -0.868180 0.943041
0.685737 -0.867942 0.711038
0.658458 -0.885155 0.371867
0.703951 -0.886623 0.182222
0.646746 -0.873073 0.712748
0.645188 -0.871845 0.783734
0.733008 -0.875038 0.936438
0.661711 -0.889082 0.087892
0.616078 -0.878988 0.164503
0.604852 -0.868267 0.699399
0.652969 -0.882547 0.563817
0.650897 -0.880363 0.318781
0.733434 -0.878462 0.506427
0.618514 -0.886142 0.116536
0.684466 -0.873814 0.756036
0.733905 -0.880071 0.321425
0.653793 -0.886713 0.210815
0.740950 -0.888054 0.319506
0.738870 -0.884288 -0.054537
0.740017 -0.888333 -0.068521
0.612396 -0.886264 0.393487
0.724756 -0.876781 0.727349
0.668753 -0.864155 0.978876
0.676534 -0.870699 0.498940
0.641166 -0.877910 0.166673
0.610647 -0.885788 0.236461
0.684721 -0.879402 -0.029991
0.685711 -0.881390 -0.026978
0.683300 -0.882554 0.538026
0.601114 -0.878599 0.306357
0.709132 -0.869157 0.941193
0.595997 -0.876732 0.579316
0.642644 -0.886490 -0.010309
0.634657 -0.879867 0.496625
0.641528 -0.886443 0.005681
0.680883 -0.885206 0.343996
0.679283 -0.883792 0.165970
0.586274 -0.869055 0.800216
0.676093 -0.882308 0.318943
0.590803 -0.876075 0.483257
0.597584 -0.882610 0.003313
0.724514 -0.891123 0.017333
0.587328 -0.870553 0.032192
0.722490 -0.890703 0.149318
0.711652 -0.880579 0.508213
0.576336 -0.864697 0.927115
0.610325 -0.863575 0.928377
0.677261 -0.891171 0.054955
0.585169 -0.872481 0.058174
0.711406 -0.882709 0.161198
0.695184 -0.868038 0.696041
0.627234 -0.882344 0.055533
0.613611 -0.870083 0.770412
0.652388 -0.868443 0.926715
0.714427 -0.887110 0.034228
0.671325 -0.886220 0.046888
0.611194 -0.867335 0.695380
0.652188 -0.868187 0.697702
0.690521 -0.866366 0.911003
0.630040 -0.889238 0.086573
0.626850 -0.887346 0.366551
0.663292 -0.879825 0.178805
0.578272 -0.872472 0.690135
0.621369 -0.882758 0.555498
0.589457 -0.885140 0.161242
0.618286 -0.880557 0.312452
0.694847 -0.874703 0.495038
0.590862 -0.890287 0.115261
0.647918 -0.870078 0.740664
0.621155 -0.886889 0.207485
0.699300 -0.882268 0.316084
0.699335 -0.883279 0.313085
0.580764 -0.883459 0.386162
0.704202 -0.887434 -0.051878
0.700318 -0.885492 -0.064920
0.580992 -0.885953 0.233160
0.642200 -0.872378 0.970620
0.684226 -0.872063 0.710938
0.646946 -0.875894 0.492650
0.612539 -0.883066 0.164391
0.657066 -0.886531 -0.029258
0.645715 -0.877795 0.526642
0.650024 -0.879544 -0.025338
0.571500 -0.879781 0.300058
0.570381 -0.880914 0.573061
0.599059 -0.874098 0.485257
0.676610 -0.873414 0.928874
0.604946 -0.879657 -0.009699
0.558694 -0.870275 0.788937
0.611872 -0.890583 0.006387
0.651277 -0.891382 0.340708
0.645644 -0.883969 0.162633
0.639475 -0.878518 0.311570
0.569926 -0.885748 0.002036
0.560221 -0.876283 0.473946
0.558667 -0.872694 0.031904
0.687845 -0.891285 0.018967
0.545825 -0.862965 0.907802
0.678068 -0.883790 0.501882
0.581791 -0.866818 0.915093
0.684858 -0.890889 0.147943
0.560528 -0.879613 0.056934
0.586029 -0.873295 0.761137
0.641583 -0.888337 0.054593
0.661616 -0.868274 0.684707
0.616882 -0.863733 0.905351
0.675768 -0.882889 0.158842
0.634636 -0.881389 0.046513
0.658974 -0.867616 0.896689
0.621616 -0.869412 0.686396
0.593575 -0.880508 0.054190
0.677747 -0.885275 0.034859
0.584628 -0.873540 0.687120
0.595219 -0.886534 0.361230
0.593766 -0.886948 0.549225
0.549723 -0.874696 0.677847
0.596372 -0.887400 0.086229
0.632649 -0.882985 0.177501
0.557805 -0.882313 0.156915
0.557397 -0.843767 0.965816
0.586654 -0.878744 0.306129
0.559204 -0.888451 0.112936
0.658265 -0.872933 0.485670
0.617357 -0.873304 0.731361
0.550125 -0.880647 0.379845
0.664672 -0.881464 0.310737
0.589510 -0.887059 0.205165
0.666495 -0.883591 -0.049259
0.666729 -0.887465 0.309765
0.552349 -0.887117 0.229870
0.607685 -0.868662 0.951267
0.669647 -0.890623 -0.062219
0.618353 -0.880087 0.485368
0.581894 -0.883232 0.161080
0.648695 -0.873316 0.699585
0.543769 -0.883103 0.565793
0.624381 -0.888667 -0.024584
0.619388 -0.882695 -0.027642
0.618124 -0.884980 0.522374
0.534076 -0.872469 0.780690
0.540886 -0.878967 0.293745
0.572463 -0.879281 0.478995
0.580312 -0.888782 -0.009936
0.581192 -0.890726 0.007076
0.639115 -0.870709 0.910495
0.618650 -0.891570 0.336379
0.610987 -0.881146 0.160280
0.607851 -0.878704 0.306252
0.533617 -0.879468 0.466679
0.539252 -0.884895 0.001722
0.541030 -0.887795 0.031745
0.515312 -0.860232 0.888484
0.548279 -0.861101 0.893743
0.648156 -0.885460 0.019561
0.536886 -0.886743 0.054701
0.556469 -0.874525 0.749836
0.586345 -0.863986 0.890041
0.646199 -0.886079 0.145547
0.639495 -0.880033 0.491489
0.605904 -0.884504 0.054225
0.636033 -0.877465 0.679459
0.594031 -0.873617 0.678121
0.625430 -0.865878 0.881348
0.564907 -0.882650 0.053899
0.556059 -0.875758 0.676830
0.567590 -0.889706 0.356950
0.644126 -0.886052 0.157526
0.598980 -0.878560 0.045146
0.643082 -0.885434 0.035509
0.559165 -0.881177 0.538861
0.569716 -0.892537 0.085962
0.603002 -0.886143 0.176202
0.527154 -0.880479 0.153596
0.519176 -0.872935 0.663528
0.546728 -0.868868 0.978739
0.528513 -0.884606 0.111613
0.558035 -0.880920 0.300837
0.631659 -0.880109 0.481406
0.559841 -0.886220 0.202857
0.586790 -0.874533 0.721048
0.524493 -0.884811 0.376584
0.632050 -0.882650 0.306404
0.518679 -0.879301 0.225508
0.633828 -0.885733 -0.047592
0.587745 -0.880287 0.478051
0.576153 -0.868922 0.937941
0.547221 -0.875414 0.156709
0.632128 -0.888662 0.305411
0.516151 -0.882300 0.557501
0.630940 -0.884782 -0.059623
0.506497 -0.870695 0.767396
0.589703 -0.883830 -0.026950
0.619132 -0.878533 0.692285
0.512262 -0.879143 0.288443
0.584535 -0.883201 0.514022
0.592726 -0.890812 -0.023911
0.541866 -0.877488 0.469671
0.544608 -0.880940 -0.009321
0.548506 -0.886878 0.006728
0.574017 -0.873824 0.324893
0.579224 -0.881873 0.302955
0.605603 -0.870980 0.896146
0.578353 -0.880320 0.156937
0.504028 -0.877674 0.457362
0.505554 -0.876053 0.000353
0.510373 -0.885947 0.030417
0.522736 -0.865329 0.882476
0.489788 -0.864467 0.876217
0.502198 -0.876913 0.052321
0.528879 -0.874740 0.740544
0.558798 -0.866222 0.877753
0.619507 -0.891594 0.021267
0.595879 -0.867119 0.869040
0.603461 -0.875699 0.668117
0.564458 -0.873838 0.667809
0.538253 -0.885788 0.052620
0.527495 -0.875980 0.665527
0.574243 -0.884655 0.054892
0.533962 -0.883907 0.350588
0.534551 -0.886351 0.534606
0.606925 -0.882245 0.485150
0.608473 -0.882233 0.155150
0.517189 -0.865129 0.961421
0.570311 -0.880697 0.045847
0.497497 -0.876644 0.149275
0.612585 -0.888252 0.144198
0.536040 -0.886703 0.084599
0.492608 -0.875144 0.654248
0.573361 -0.888301 0.174893
0.606413 -0.881601 0.036122
0.494831 -0.875778 0.109244
0.526421 -0.878111 0.294499
0.599059 -0.878320 0.473064
0.487851 -0.870035 0.366176
0.557225 -0.875757 0.711737
0.529210 -0.885391 0.199531
0.491028 -0.878461 0.222212
0.600437 -0.883835 0.302075
0.493517 -0.887463 0.554266
0.553151 -0.873515 0.466680
0.480900 -0.870903 0.758123
0.547618 -0.870170 0.924641
0.521587 -0.880558 0.155443
0.599146 -0.883880 -0.044956
0.598514 -0.887854 0.301058
0.597260 -0.883925 -0.056976
0.485641 -0.880312 0.283160
0.559037 -0.884968 -0.025271
0.556932 -0.886389 0.508734
0.515260 -0.879672 0.463391
0.585583 -0.877776 0.681933
0.559047 -0.887962 -0.022268
0.518950 -0.885068 -0.009588
0.512812 -0.878041 0.007340
0.547695 -0.878483 0.154612
0.548605 -0.881057 0.297631
0.549408 -0.882975 0.324643
0.476429 -0.876867 0.449066
0.574071 -0.871236 0.883816
0.481914 -0.882178 -0.000892
0.482696 -0.885085 0.030121
0.496182 -0.865562 0.869194
0.460267 -0.859729 0.857896
0.528255 -0.862478 0.861427
0.502302 -0.876951 0.732264
0.569889 -0.869944 0.653760
0.471526 -0.872068 0.050988
0.535882 -0.874056 0.657508
0.567331 -0.869356 0.857743
0.497927 -0.873207 0.653210
0.492618 -0.868350 0.952164
0.547589 -0.888790 0.054616
0.504578 -0.878953 0.051256
0.505954 -0.885553 0.526301
0.586860 -0.892747 0.021927
0.506339 -0.885081 0.346296
0.465832 -0.868817 0.144929
0.512396 -0.893830 0.084356
0.580927 -0.887415 0.142866
0.579843 -0.886387 0.153854
0.465042 -0.874363 0.642952
0.541670 -0.883841 0.045548
0.574342 -0.882456 0.478809
0.473186 -0.883900 0.109022
0.500779 -0.880269 0.291229
0.539724 -0.884482 0.171534
0.471225 -0.885154 0.367016
0.570738 -0.876766 0.036744
0.568464 -0.878523 0.465743
0.496548 -0.878569 0.196178
0.528661 -0.877977 0.703438
0.465377 -0.879612 0.219940
0.565797 -0.878033 0.296706
0.462918 -0.880683 0.542931
0.456314 -0.873107 0.749863
0.528552 -0.880685 0.463427
0.520069 -0.872406 0.914353
0.493944 -0.880714 0.152150
0.435663 -0.843593 0.954621
0.567468 -0.884019 -0.042287
0.461010 -0.883467 0.279900
0.566905 -0.889039 0.297728
0.564582 -0.883066 -0.054319
0.526338 -0.880114 -0.023621
0.486669 -0.878871 0.455086
0.524351 -0.883608 0.500388
0.527348 -0.884104 -0.020606
0.553047 -0.878017 0.671591
0.487273 -0.880219 -0.009930
0.489154 -0.884161 0.008095
0.517963 -0.877240 0.292304
0.519059 -0.879641 0.152311
0.450209 -0.873329 -0.001240
0.518782 -0.881159 0.320318
0.449841 -0.878057 0.441784
0.445968 -0.868257 0.029710
0.542547 -0.870495 0.870484
0.468646 -0.864805 0.854901
0.503682 -0.866689 0.853171
0.475718 -0.877164 0.722982
0.434733 -0.860963 0.844624
0.443858 -0.869214 0.048690
0.537764 -0.867595 0.845430
0.510299 -0.877256 0.649241
0.544308 -0.876137 0.648497
0.464083 -0.865605 0.936857
0.472356 -0.876411 0.644941
0.477694 -0.882258 0.341988
0.478351 -0.885748 0.520008
0.473916 -0.875109 0.049926
0.514916 -0.884947 0.055267
0.552174 -0.887905 0.023559
0.437190 -0.865980 0.141620
0.439474 -0.875570 0.632680
0.477713 -0.884003 0.082977
0.546183 -0.881563 0.151497
0.441567 -0.877341 0.360690
0.436479 -0.866087 0.105611
0.504974 -0.872017 0.044149
0.471163 -0.877453 0.284911
0.550309 -0.890577 0.142547
0.546090 -0.883891 0.037492
0.544765 -0.885655 0.473501
0.513085 -0.888629 0.171257
0.540854 -0.880708 0.460455
0.440720 -0.880759 0.217678
0.440282 -0.883850 0.538693
0.471906 -0.882713 0.194920
0.499085 -0.875204 0.692123
0.432699 -0.873302 0.741611
0.424978 -0.864700 0.965531
0.536175 -0.878210 0.292396
0.498946 -0.877886 0.455112
0.490519 -0.869656 0.901037
0.462273 -0.872886 0.148805
0.539799 -0.887146 -0.040575
0.430375 -0.875657 0.272564
0.459057 -0.877062 0.447790
0.534906 -0.884198 -0.051630
0.494661 -0.876262 -0.022959
0.495750 -0.882806 0.493084
0.534286 -0.887228 0.294384
0.496662 -0.881245 -0.018933
0.456589 -0.875365 -0.009261
0.456459 -0.875318 0.007739
0.524468 -0.880229 0.665293
0.490345 -0.878411 0.288013
0.489400 -0.876803 0.149994
0.423239 -0.877245 0.434498
0.421535 -0.869472 -0.001551
0.490165 -0.881337 0.316015
0.421317 -0.870390 0.028449
0.442099 -0.864040 0.841617
0.448130 -0.874382 0.712685
0.475132 -0.863932 0.838866
0.514003 -0.872733 0.861186
0.516700 -0.875341 0.640206
0.508213 -0.864840 0.831117
0.408207 -0.860204 0.830340
0.478735 -0.871494 0.635901
0.415196 -0.865364 0.047379
0.438519 -0.864836 0.924584
0.446770 -0.877612 0.636670
0.452734 -0.886930 0.514737
0.451067 -0.882430 0.337705
0.449266 -0.878242 0.048667
0.417573 -0.876105 0.139421
0.417928 -0.879498 0.357440
0.484242 -0.881100 0.054939
0.528539 -0.897027 0.024318
0.480311 -0.876144 0.044892
0.447040 -0.878162 0.081645
0.410825 -0.866230 0.104337
0.409926 -0.870805 0.619359
0.446536 -0.880610 0.281652
0.517551 -0.883719 0.150197
0.512626 -0.877770 0.139140
0.509243 -0.875916 0.452118
0.410092 -0.875492 0.734371
0.480421 -0.881804 0.168905
0.512177 -0.881872 0.465155
0.419088 -0.887895 0.216454
0.411675 -0.878057 0.529381
0.517449 -0.887034 0.038194
0.443244 -0.878875 0.192611
0.473492 -0.878402 0.686855
0.399430 -0.861941 0.950254
0.507544 -0.878382 0.289094
0.472346 -0.880070 0.449832
0.462981 -0.869898 0.888746
0.440657 -0.882018 0.147584
0.512138 -0.890276 -0.038863
0.406766 -0.879814 0.268316
0.433453 -0.878244 0.441519
0.469000 -0.879389 -0.022228
0.468145 -0.883996 0.488793
0.506248 -0.886332 -0.049929
0.495656 -0.873452 0.285965
0.466984 -0.878387 -0.018250
0.434939 -0.882480 -0.009484
0.432817 -0.881441 0.008493
0.460714 -0.874593 0.282696
0.417530 -0.864259 0.830355
0.397876 -0.871599 -0.002801
0.495907 -0.882445 0.657994
0.459742 -0.872966 0.147677
0.397634 -0.876429 0.427223
0.449553 -0.863152 0.827594
0.399677 -0.877510 0.028226
0.462538 -0.881509 0.312723
0.423537 -0.876580 0.706425
0.482630 -0.866054 0.821848
0.486128 -0.871570 0.628880
0.392536 -0.867493 0.045140
0.384649 -0.862420 0.820090
0.414939 -0.867049 0.916335
0.481477 -0.867999 0.846839
0.453152 -0.873693 0.628632
0.419187 -0.873828 0.625372
0.424428 -0.880600 0.333420
0.426117 -0.886118 0.509452
0.397289 -0.885641 0.355226
0.416557 -0.865406 0.047306
0.384885 -0.861284 0.135056
0.427393 -0.888274 0.082446
0.391186 -0.875347 0.104137
0.450552 -0.871267 0.054573
0.450647 -0.872297 0.043575
0.384348 -0.870010 0.610084
0.388029 -0.876231 0.523125
0.387483 -0.877681 0.728132
0.418907 -0.877785 0.276355
0.485876 -0.877886 0.148859
0.487826 -0.880214 0.024875
0.378826 -0.866136 0.944038
0.484634 -0.881086 0.448864
0.392429 -0.885053 0.214166
0.419594 -0.882016 0.191362
0.486754 -0.882183 0.038866
0.488008 -0.885908 0.139888
0.449779 -0.877975 0.166577
0.483593 -0.885064 0.461857
0.444936 -0.878625 0.678552
0.444724 -0.876261 0.441536
0.480921 -0.880548 0.285816
0.410983 -0.874183 0.144261
0.434433 -0.867143 0.876440
0.380137 -0.876985 0.263028
0.407847 -0.878427 0.435246
0.476433 -0.880435 -0.036248
0.436288 -0.869541 -0.020583
0.442535 -0.886176 0.484524
0.476560 -0.884467 -0.047243
0.433264 -0.866543 -0.016618
0.403110 -0.872588 0.008168
0.405261 -0.876628 -0.009806
0.474059 -0.886591 0.287749
0.434085 -0.874759 0.279413
0.423987 -0.863373 0.817323
0.429067 -0.865133 0.145345
0.401926 -0.881759 0.702200
0.391982 -0.864487 0.819083
0.370030 -0.871625 0.418923
0.371214 -0.868740 -0.004090
0.375010 -0.877642 0.027962
0.455055 -0.864281 0.811556
0.466342 -0.881668 0.649681
0.434910 -0.880682 0.309429
0.391358 -0.867265 0.906084
0.464519 -0.879738 0.626659
0.360100 -0.860647 0.805825
0.428543 -0.874883 0.622372
0.366874 -0.865633 0.043863
0.397500 -0.878324 0.499139
0.391611 -0.869047 0.613073
0.401795 -0.885750 0.332184
0.372644 -0.884805 0.351961
0.454924 -0.871224 0.839562
0.392916 -0.869536 0.047059
0.365270 -0.871410 0.133857
0.357217 -0.865340 0.933806
0.363877 -0.876878 0.719878
0.363508 -0.868501 0.101833
0.396710 -0.879435 0.081111
0.367413 -0.883390 0.520913
0.395272 -0.879939 0.273106
0.423889 -0.871406 0.055291
0.360765 -0.872202 0.602834
0.419957 -0.864452 0.043243
0.456220 -0.874050 0.146543
0.459007 -0.882261 0.444594
0.368780 -0.886200 0.211914
0.459173 -0.880358 0.025573
0.393953 -0.882170 0.189089
0.423113 -0.876126 0.165293
0.459089 -0.882324 0.039575
0.456357 -0.881078 0.138550
0.417350 -0.875840 0.669257
0.455988 -0.885253 0.456565
0.420118 -0.879436 0.437278
0.450276 -0.874731 0.281488
0.388349 -0.879320 0.143025
0.410849 -0.870350 0.870193
0.356513 -0.879140 0.259778
0.379240 -0.871628 0.425934
0.447745 -0.878569 -0.033551
0.415928 -0.885366 0.478241
0.407601 -0.864681 -0.019891
0.376545 -0.867769 -0.009120
0.408600 -0.868669 -0.015877
0.446873 -0.881604 -0.044559
0.399411 -0.862589 0.806062
0.413455 -0.882896 0.278202
0.368403 -0.863699 0.807831
0.380469 -0.878710 0.008933
0.432448 -0.867474 0.805320
0.346526 -0.865869 -0.004356
0.378324 -0.883951 0.696951
0.349321 -0.872780 0.026682
0.408447 -0.874262 0.144135
0.446440 -0.887761 0.285458
0.349436 -0.880781 0.416712
0.433927 -0.870968 0.613329
0.367780 -0.868480 0.897833
0.402946 -0.873084 0.613099
0.409290 -0.882847 0.307159
0.336538 -0.861861 0.796574
0.342208 -0.863770 0.042598
0.435776 -0.877898 0.640355
0.370004 -0.873223 0.607847
0.349000 -0.883966 0.347707
0.372878 -0.878503 0.494877
0.377158 -0.885913 0.328921
0.342252 -0.877062 0.712647
0.334637 -0.864556 0.922563
0.373274 -0.877653 0.045857
0.428358 -0.872447 0.832282
0.342772 -0.878573 0.513644
0.338609 -0.865566 0.130566
0.342871 -0.875625 0.101620
0.372642 -0.884087 0.270869
0.371049 -0.878577 0.080836
0.339172 -0.876382 0.596607
0.348127 -0.891332 0.210699
0.395297 -0.865585 0.042982
0.430563 -0.875195 0.146273
0.429394 -0.876463 0.436277
0.397233 -0.870549 0.055008
0.370289 -0.883310 0.188839
0.434522 -0.884488 0.026317
0.400480 -0.882262 0.165058
0.428426 -0.877481 0.039247
0.390764 -0.874051 0.660973
0.393498 -0.876621 0.430993
0.428713 -0.881232 0.138258
0.428660 -0.883873 0.281267
0.359685 -0.871484 0.139711
0.426398 -0.883455 0.451251
0.385285 -0.869577 0.859921
0.355619 -0.872798 0.421684
0.330880 -0.876307 0.255501
0.420064 -0.876703 -0.031845
0.388316 -0.882559 0.472945
0.384961 -0.870802 -0.019126
0.344819 -0.863907 0.799579
0.374832 -0.862802 0.797801
0.382929 -0.868798 -0.014149
0.352902 -0.870897 -0.009369
0.351732 -0.878168 0.685661
0.405867 -0.864696 0.795037
0.420199 -0.881734 -0.042840
0.354790 -0.875846 0.008657
0.385819 -0.879070 0.273905
0.322870 -0.866000 -0.005609
0.328682 -0.879899 0.026469
0.343204 -0.865705 0.886568
0.380328 -0.875263 0.607861
0.381795 -0.872415 0.142850
0.323821 -0.875967 0.408433
0.411319 -0.876144 0.610094
0.418819 -0.887932 0.283167
0.383656 -0.883011 0.304888
0.347406 -0.876406 0.602609
0.321588 -0.870896 0.040385
0.319637 -0.876253 0.705404
0.353506 -0.886068 0.326670
0.351258 -0.883665 0.492652
0.321356 -0.875150 0.341402
0.313044 -0.864763 0.913332
0.311999 -0.861088 0.784310
0.408192 -0.877108 0.634063
0.319136 -0.874753 0.506387
0.315950 -0.864706 0.127322
0.343593 -0.867811 0.044532
0.319197 -0.873763 0.100365
0.399802 -0.868687 0.820977
0.344367 -0.872724 0.079547
0.351023 -0.890234 0.268644
0.405761 -0.878628 0.433029
0.325487 -0.894475 0.209460
0.313592 -0.872590 0.586329
0.371633 -0.867714 0.043733
0.371562 -0.868688 0.054734
0.405930 -0.878340 0.145016
0.347664 -0.888453 0.187603
0.370806 -0.873430 0.162736
0.405856 -0.881635 0.027012
0.368862 -0.874795 0.425730
0.402767 -0.878617 0.039977
0.367165 -0.876241 0.655724
0.405024 -0.887025 0.279020
0.403074 -0.883379 0.137989
0.336046 -0.872629 0.137461
0.359711 -0.867801 0.850648
0.399781 -0.882639 0.446970
0.309240 -0.878453 0.252272
0.334006 -0.876960 0.417458
0.352231 -0.863001 0.789561
0.384252 -0.867883 0.789811
0.394397 -0.877832 -0.030115
0.358267 -0.865937 -0.018413
0.328118 -0.876362 0.678408
0.328210 -0.867027 -0.009636
0.359712 -0.876762 0.465636
0.322248 -0.866113 0.791341
0.362175 -0.880223 0.271656
0.330117 -0.873979 0.008392
0.395528 -0.883857 -0.041099
0.357264 -0.867932 -0.013422
0.319625 -0.863922 0.876315
0.303239 -0.874116 -0.006810
0.386701 -0.875333 0.603833
0.306034 -0.882029 0.025230
0.355728 -0.874457 0.600599
0.296202 -0.865166 0.398126
0.358152 -0.874557 0.141601
0.291452 -0.862971 0.902099
0.299016 -0.879430 0.701187
0.321803 -0.870610 0.592330
0.295699 -0.867323 0.336120
0.326634 -0.880848 0.486386
0.302963 -0.881011 0.039197
0.390187 -0.884110 0.279861
0.362029 -0.889157 0.303664
0.328874 -0.885234 0.323406
0.290425 -0.864287 0.777083
0.296510 -0.874925 0.502145
0.382604 -0.878308 0.628794
0.299561 -0.881884 0.100164
0.292315 -0.864852 0.125070
0.320936 -0.869939 0.044293
0.326378 -0.888393 0.265380
0.320705 -0.872859 0.079295
0.373241 -0.867914 0.812696
0.301835 -0.893624 0.207207
0.380148 -0.878808 0.428758
0.289012 -0.870791 0.578065
0.348911 -0.872815 0.055498
0.347994 -0.870847 0.043485
0.380268 -0.877487 0.144744
0.325006 -0.890591 0.187363
0.349172 -0.879564 0.162512
0.319020 -0.825773 0.964185
0.344245 -0.873972 0.420468
0.378178 -0.877778 0.027717
0.375081 -0.873761 0.040681
0.342567 -0.876438 0.650464
0.377373 -0.882196 0.275724
0.372392 -0.872549 0.135657
0.315411 -0.878759 0.136247
0.335128 -0.867017 0.843386
0.309368 -0.872136 0.411190
0.372177 -0.880831 0.442676
0.317043 -0.833778 0.977172
0.287625 -0.883601 0.250047
0.329630 -0.863199 0.782321
0.306497 -0.877543 0.673179
0.359666 -0.867094 0.781550
0.300649 -0.867308 0.784112
0.333587 -0.864066 -0.017676
0.335089 -0.874941 0.460373
0.308581 -0.876142 -0.009835
0.368736 -0.877964 -0.029386
0.299012 -0.867112 0.872099
0.362078 -0.872523 0.596571
0.340550 -0.885369 0.269431
0.278535 -0.867248 -0.007081
0.311483 -0.885087 0.009205
0.277386 -0.876615 0.692953
0.271838 -0.866160 0.896893
0.333112 -0.875638 0.595360
0.333599 -0.869058 -0.012672
0.286403 -0.891146 0.025030
0.333487 -0.871704 0.139337
0.279051 -0.878446 0.336954
0.369878 -0.885988 -0.039368
0.277597 -0.877308 0.398941
0.276867 -0.879078 0.499940
0.299204 -0.871795 0.586091
0.302002 -0.877029 0.481120
0.281315 -0.884139 0.037969
0.335381 -0.884328 0.300377
0.306241 -0.887389 0.321167
0.366564 -0.888264 0.278615
0.267855 -0.864495 0.767842
0.278910 -0.886012 0.098948
0.358012 -0.880501 0.624536
0.301307 -0.878060 0.043092
0.279741 -0.890948 0.125964
0.280180 -0.895763 0.205978
0.304085 -0.887966 0.080133
0.354507 -0.873987 0.422483
0.301749 -0.886557 0.261116
0.349653 -0.870118 0.807448
0.329272 -0.881931 0.056297
0.266429 -0.871980 0.570825
0.324331 -0.870980 0.043235
0.299346 -0.885748 0.185086
0.354622 -0.876638 0.143473
0.301403 -0.835948 0.966008
0.320622 -0.873144 0.415216
0.319948 -0.877621 0.646225
0.329573 -0.892692 0.163316
0.357556 -0.887897 0.028507
0.354737 -0.885346 0.273487
0.353434 -0.879883 0.041458
0.295776 -0.886884 0.136046
0.311544 -0.866229 0.835135
0.290748 -0.882278 0.411002
0.343740 -0.866713 0.134350
0.264978 -0.881754 0.245803
0.294473 -0.833999 0.968933
0.331667 -0.855894 0.955255
0.342573 -0.873037 0.435357
0.309022 -0.867384 0.778107
0.336054 -0.865294 0.774299
0.282890 -0.875738 0.666925
0.278069 -0.867513 0.775872
0.251235 -0.865360 0.887672
0.254767 -0.871809 0.683706
0.276423 -0.865323 0.862857
0.339453 -0.873701 0.592333
0.311940 -0.869186 -0.016901
0.282889 -0.869279 -0.010115
0.313462 -0.880100 0.460149
0.345058 -0.879086 -0.027635
0.317915 -0.888519 0.268194
0.309502 -0.873827 0.588108
0.289833 -0.889211 0.008979
0.259400 -0.883585 0.336750
0.261703 -0.884281 0.024759
0.313952 -0.877169 -0.011872
0.261963 -0.885358 -0.009238
0.310836 -0.873841 0.139099
0.281353 -0.879185 0.478903
0.346197 -0.887109 -0.037617
0.253971 -0.873483 0.392685
0.254231 -0.876252 0.494695
0.275603 -0.868988 0.577837
0.254611 -0.872286 0.036672
0.281575 -0.881553 0.317899
0.315749 -0.893464 0.301177
0.246280 -0.866695 0.760614
0.341941 -0.890424 0.277356
0.259267 -0.893135 0.098747
0.258097 -0.893085 0.123735
0.258512 -0.895902 0.204747
0.281670 -0.886178 0.042891
0.331874 -0.876150 0.420246
0.332429 -0.880703 0.619265
0.281121 -0.892699 0.259903
0.283460 -0.896092 0.079922
0.325077 -0.871331 0.802190
0.306617 -0.884062 0.056059
0.241832 -0.865182 0.560555
0.280708 -0.895871 0.185897
0.299660 -0.868118 0.042971
0.275853 -0.825198 0.946727
0.325945 -0.866803 0.141162
0.295979 -0.867321 0.408950
0.248781 -0.830272 0.962534
0.305914 -0.892835 0.163065
0.330864 -0.883037 0.030221
0.332102 -0.889494 0.273252
0.293357 -0.871834 0.637938
0.274129 -0.889021 0.133818
0.325757 -0.874032 0.042161
0.288951 -0.867432 0.829897
0.265128 -0.875465 0.403723
0.270899 -0.827229 0.954677
0.324119 -0.877836 0.136151
0.287412 -0.868574 0.772879
0.315435 -0.868476 0.770084
0.243370 -0.886904 0.243578
0.230619 -0.862557 0.878449
0.262259 -0.877912 0.663708
0.308087 -0.856114 0.949006
0.255807 -0.866515 0.857639
0.235138 -0.875979 0.681502
0.317829 -0.875874 0.588106
0.319969 -0.879203 0.435124
0.255483 -0.865718 0.766630
0.296268 -0.890665 0.265966
0.291836 -0.884261 0.458923
0.284900 -0.869025 0.578843
0.265281 -0.883387 -0.010288
0.290294 -0.873308 -0.017127
0.237759 -0.883740 0.333520
0.321396 -0.881212 -0.025883
0.231582 -0.870427 0.488448
0.268196 -0.894337 0.008754
0.240055 -0.887408 0.024532
0.235250 -0.872501 -0.009536
0.289283 -0.875302 -0.011135
0.293231 -0.887961 0.138925
0.258728 -0.879357 0.475663
0.229349 -0.865667 0.384414
0.322533 -0.889233 -0.035865
0.254003 -0.872167 0.573610
0.261939 -0.889691 0.318698
0.235997 -0.883405 0.035485
0.291106 -0.891627 0.298913
0.224686 -0.865894 0.752382
0.238628 -0.899263 0.098532
0.316304 -0.888590 0.275082
0.233855 -0.890061 0.201476
0.261036 -0.892304 0.041676
0.232428 -0.884242 0.120451
0.259763 -0.891228 0.079663
0.257469 -0.888858 0.255645
0.308245 -0.875321 0.415993
0.306823 -0.877904 0.613990
0.256027 -0.889024 0.183626
0.221216 -0.867354 0.556335
0.282033 -0.880229 0.042792
0.300489 -0.870544 0.796926
0.282963 -0.885197 0.056806
0.306303 -0.874927 0.141958
0.231161 -0.838452 0.963352
0.272354 -0.865494 0.404694
0.309456 -0.890645 0.271009
0.284277 -0.897972 0.162836
0.273736 -0.878999 0.637732
0.306111 -0.882147 0.042955
0.252506 -0.894160 0.132589
0.266361 -0.866640 0.822652
0.306218 -0.884174 0.030957
0.239490 -0.864653 0.395435
0.254258 -0.839395 0.961507
0.212000 -0.867739 0.876252
0.292828 -0.867674 0.763839
0.215680 -0.867084 0.236257
0.216489 -0.879142 0.679301
0.265819 -0.870770 0.767646
0.235197 -0.865711 0.850413
0.239652 -0.876105 0.657461
0.307530 -0.896949 0.137985
0.287478 -0.861310 0.948786
0.234881 -0.866909 0.760406
0.295212 -0.877055 0.584861
0.211075 -0.863925 0.324209
0.295355 -0.878382 0.431856
0.213935 -0.878569 0.489263
0.271623 -0.886828 0.262695
0.264276 -0.873193 0.577621
0.220404 -0.892528 0.023322
0.243631 -0.886511 -0.010522
0.267227 -0.881446 0.453653
0.244512 -0.890468 0.008492
0.212566 -0.868628 -0.009788
0.269665 -0.881426 -0.016345
0.294698 -0.874348 -0.024178
0.270634 -0.884410 -0.010332
0.235096 -0.873538 0.469399
0.270577 -0.889099 0.138679
0.207732 -0.865832 0.380177
0.231389 -0.867355 0.565358
0.238286 -0.883855 0.314434
0.291788 -0.872382 -0.033211
0.211310 -0.873548 0.033205
0.215950 -0.895400 0.097280
0.266478 -0.889793 0.296643
0.204116 -0.871089 0.748162
0.212178 -0.887201 0.200236
0.272630 -0.848429 0.943616
0.233315 -0.876455 0.041359
0.284609 -0.871494 0.410733
0.213813 -0.895365 0.120258
0.291671 -0.887752 0.273814
0.234820 -0.887010 0.253396
0.240158 -0.902353 0.079458
0.234388 -0.891165 0.182391
0.199627 -0.868537 0.551100
0.259383 -0.881361 0.042546
0.283242 -0.881097 0.611735
0.248718 -0.858670 0.397431
0.276902 -0.869753 0.791668
0.259309 -0.884335 0.056548
0.290724 -0.896037 0.143802
0.260606 -0.895116 0.162576
0.285819 -0.890802 0.269752
0.249150 -0.875205 0.630461
0.192387 -0.865934 0.868035
0.284468 -0.886274 0.042722
0.229853 -0.893301 0.131341
0.245755 -0.870830 0.821430
0.287597 -0.896287 0.031762
0.196862 -0.880317 0.675088
0.219872 -0.869806 0.393226
0.271220 -0.867867 0.758604
0.244221 -0.868969 0.759409
0.214591 -0.865908 0.845188
0.197077 -0.877220 0.235064
0.218042 -0.875292 0.652224
0.273574 -0.875230 0.579625
0.214288 -0.868103 0.754182
0.282885 -0.896097 0.137716
0.193292 -0.876734 0.485035
0.264903 -0.863528 0.945542
0.197454 -0.888030 0.331084
0.240672 -0.867389 0.568359
0.248998 -0.887983 0.260449
0.272736 -0.880549 0.430611
0.243588 -0.876623 0.449392
0.220952 -0.883638 -0.010772
0.222853 -0.892592 0.009258
0.243956 -0.871562 -0.015632
0.198010 -0.892730 -0.011924
0.197756 -0.892660 0.023075
0.215473 -0.879694 0.469190
0.271016 -0.872474 -0.022436
0.246965 -0.882540 -0.009591
0.211778 -0.872522 0.563149
0.246926 -0.886247 0.136419
0.218654 -0.890996 0.315226
0.183118 -0.856019 0.371899
0.195729 -0.893655 0.032054
0.267104 -0.868511 -0.031481
0.244841 -0.891944 0.295409
0.194304 -0.896536 0.096045
0.194568 -0.901326 0.201058
0.255981 -0.860592 0.951444
0.181550 -0.868301 0.738913
0.192144 -0.892502 0.118019
0.261970 -0.869660 0.407486
0.215717 -0.890570 0.040180
0.218498 -0.903484 0.079223
0.211192 -0.884172 0.250136
0.269055 -0.891905 0.273571
0.210724 -0.886316 0.181129
0.178024 -0.866721 0.544863
0.226091 -0.855840 0.393183
0.240675 -0.894450 0.057353
0.236739 -0.882495 0.042300
0.267058 -0.893181 0.142543
0.257658 -0.876306 0.604454
0.254323 -0.872957 0.789425
0.265179 -0.894944 0.268530
0.172783 -0.867129 0.862823
0.176234 -0.876501 0.667859
0.238982 -0.900256 0.162344
0.251589 -0.870044 0.755392
0.209216 -0.897435 0.130120
0.226539 -0.874393 0.627214
0.224154 -0.871030 0.817196
0.223603 -0.870155 0.756186
0.260824 -0.887410 0.043467
0.263940 -0.896420 0.032506
0.194986 -0.870098 0.842979
0.194251 -0.857998 0.384936
0.197415 -0.875470 0.649000
0.178463 -0.887355 0.234871
0.248975 -0.869430 0.571354
0.193693 -0.870294 0.749960
0.172655 -0.875899 0.481810
0.176816 -0.889183 0.328860
0.242314 -0.860746 0.938295
0.259215 -0.894239 0.138459
0.220037 -0.866560 0.564134
0.225339 -0.882142 0.257188
0.203206 -0.898710 0.009049
0.193829 -0.876862 0.465952
0.177088 -0.893783 0.022851
0.177348 -0.893852 -0.013148
0.202356 -0.896755 -0.011963
0.220972 -0.876796 0.447146
0.250131 -0.883719 0.429368
0.221291 -0.870689 -0.014879
0.189169 -0.867711 0.555899
0.225271 -0.887383 0.136185
0.227343 -0.891658 -0.009797
0.197017 -0.891152 0.312991
0.253428 -0.888583 -0.022616
0.174069 -0.892785 0.030818
0.161493 -0.853186 0.367661
0.251514 -0.887610 -0.031638
0.171882 -0.893474 0.198804
0.165546 -0.866702 0.092704
0.235381 -0.862795 0.948222
0.242331 -0.873809 0.406276
0.160967 -0.870496 0.733691
0.221213 -0.891107 0.294152
0.169504 -0.890648 0.115771
0.195072 -0.894696 0.039959
0.189537 -0.880324 0.245898
0.196841 -0.904616 0.078989
0.192097 -0.896443 0.181936
0.242410 -0.884080 0.271277
0.169198 -0.833036 0.968674
0.208459 -0.864978 0.393999
0.217088 -0.888614 0.043092
0.157436 -0.870898 0.541643
0.245399 -0.895316 0.143310
0.216997 -0.890587 0.058094
0.153172 -0.865324 0.855608
0.235047 -0.877490 0.603210
0.230958 -0.869228 0.751168
0.231727 -0.873161 0.786181
0.154622 -0.871694 0.660620
0.240531 -0.890108 0.266260
0.180472 -0.869606 0.125784
0.214312 -0.893410 0.161072
0.203988 -0.872337 0.751975
0.204924 -0.873578 0.622979
0.202551 -0.871230 0.813962
0.176783 -0.873649 0.644774
0.174381 -0.870295 0.838756
0.238153 -0.886541 0.044221
0.175634 -0.865146 0.383741
0.240264 -0.894553 0.034249
0.228332 -0.869598 0.569131
0.152022 -0.874067 0.477585
0.156157 -0.888332 0.327635
0.172106 -0.868497 0.742724
0.156847 -0.889508 0.232639
0.220724 -0.861957 0.935062
0.198433 -0.866742 0.559901
0.237591 -0.899377 0.138228
0.205714 -0.889282 0.256981
0.173192 -0.877025 0.463729
0.154668 -0.887984 -0.014399
0.179669 -0.891884 -0.012212
0.150354 -0.871935 0.021541
0.181558 -0.900838 0.008817
0.199344 -0.876963 0.444912
0.167553 -0.863894 0.549661
0.205704 -0.890791 -0.015032
0.175369 -0.889307 0.310756
0.225521 -0.879904 0.425100
0.203645 -0.890525 0.134953
0.227716 -0.878719 -0.020900
0.147315 -0.867936 0.029505
0.204685 -0.891786 -0.009042
0.141889 -0.859340 0.366455
0.214766 -0.862997 0.944999
0.150234 -0.891622 0.196568
0.143874 -0.861839 0.091465
0.228869 -0.890736 -0.029880
0.199560 -0.890258 0.292917
0.220707 -0.874973 0.404044
0.137409 -0.858723 0.717424
0.167328 -0.870852 0.038639
0.167056 -0.870783 0.076638
0.169908 -0.886464 0.245691
0.139759 -0.855827 0.110416
0.170444 -0.895587 0.180701
0.185824 -0.859150 0.388750
0.134549 -0.866510 0.851408
0.220789 -0.888231 0.271046
0.195435 -0.889744 0.042859
0.135991 -0.874863 0.658422
0.134843 -0.866091 0.534395
0.195352 -0.892719 0.057861
0.221755 -0.893465 0.142054
0.211331 -0.873406 0.750959
0.216875 -0.884269 0.263001
0.212450 -0.879678 0.601968
0.183385 -0.873528 0.747753
0.193664 -0.896545 0.160852
0.183298 -0.870762 0.618744
0.209139 -0.874366 0.783938
0.156162 -0.870833 0.638549
0.154762 -0.870486 0.834544
0.181952 -0.873426 0.810741
0.165925 -0.898715 0.127653
0.207700 -0.868770 0.564908
0.158009 -0.876285 0.385561
0.134366 -0.880211 0.478400
0.216497 -0.888670 0.044989
0.152492 -0.869681 0.738514
0.136516 -0.892478 0.327428
0.218639 -0.900683 0.035020
0.134177 -0.879665 0.228385
0.178810 -0.869909 0.557691
0.200120 -0.866159 0.935843
0.182044 -0.879444 0.252718
0.152549 -0.874191 0.459504
0.214951 -0.901520 0.138986
0.128659 -0.865064 0.021301
0.135042 -0.895106 -0.015603
0.160041 -0.900003 -0.012417
0.187783 -0.833158 0.970691
0.176712 -0.872139 0.440665
0.153798 -0.875989 0.009496
0.154710 -0.888456 0.309532
0.178954 -0.870935 -0.014335
0.181973 -0.887663 0.133717
0.147952 -0.870064 0.548456
0.195143 -0.862193 0.939787
0.183008 -0.890911 -0.008276
0.210118 -0.894828 -0.020079
0.126671 -0.869066 0.028284
0.201899 -0.878080 0.423844
0.129574 -0.890763 0.195345
0.202052 -0.880115 0.404846
0.126296 -0.883467 0.372311
0.124233 -0.865968 0.091258
0.201123 -0.872880 -0.027190
0.118802 -0.865899 0.717231
0.176919 -0.888417 0.291672
0.146651 -0.867979 0.037414
0.120107 -0.855960 0.108204
0.149271 -0.888610 0.244471
0.115927 -0.864698 0.844206
0.146419 -0.874914 0.077419
0.149787 -0.896725 0.180480
0.168185 -0.868289 0.390568
0.117338 -0.874030 0.655221
0.174785 -0.892872 0.042640
0.187730 -0.862620 0.738698
0.114230 -0.863270 0.528170
0.168609 -0.871871 0.057558
0.198170 -0.890389 0.270805
0.191008 -0.862647 0.137703
0.196232 -0.886415 0.261781
0.158797 -0.854757 0.728474
0.135139 -0.870676 0.831333
0.135533 -0.869013 0.635326
0.137141 -0.860888 0.122310
0.189846 -0.878868 0.598724
0.168994 -0.887702 0.159580
0.160347 -0.870629 0.805506
0.187538 -0.875565 0.781707
0.187073 -0.868943 0.561686
0.113718 -0.875379 0.474174
0.161697 -0.871949 0.616512
0.107390 -0.859615 0.935114
0.134371 -0.864466 0.378296
0.194846 -0.890801 0.045758
0.131898 -0.868876 0.732292
0.115871 -0.891633 0.325205
0.196967 -0.900811 0.035787
0.159165 -0.870074 0.555481
0.113560 -0.883813 0.227168
0.178519 -0.864371 0.931610
0.162416 -0.885585 0.252512
0.132920 -0.879348 0.460298
0.191290 -0.897668 0.138729
0.107998 -0.863194 0.020078
0.108259 -0.865252 -0.014919
0.170139 -0.843336 0.979509
0.133277 -0.875150 -0.011726
0.157080 -0.877294 0.441458
0.175514 -0.863387 0.938578
0.133065 -0.886613 0.308298
0.127328 -0.867240 0.543232
0.132129 -0.873120 0.009261
0.162362 -0.889042 -0.014499
0.159315 -0.883809 0.132471
0.187415 -0.889954 -0.018325
0.104848 -0.865927 0.190055
0.158292 -0.879048 -0.006550
0.104984 -0.861200 0.027044
0.145531 -0.854520 0.937342
0.180268 -0.878246 0.422612
0.105658 -0.881627 0.369088
0.177411 -0.867301 0.396573
0.103548 -0.860102 0.090031
0.185533 -0.892981 -0.027344
0.096229 -0.854117 0.702978
0.155284 -0.888573 0.290440
0.124973 -0.863112 0.037177
0.100458 -0.857092 0.106995
0.097302 -0.867883 0.843010
0.128636 -0.889759 0.242250
0.123721 -0.864055 0.076167
0.097706 -0.870210 0.649006
0.145544 -0.858464 0.383317
0.122052 -0.864903 0.174155
0.170082 -0.869782 0.741514
0.146017 -0.862034 0.041308
0.139174 -0.853941 0.724263
0.175569 -0.886559 0.261560
0.178448 -0.894744 0.141590
0.147955 -0.874000 0.058339
0.115519 -0.868868 0.826121
0.176531 -0.892540 0.271575
0.093642 -0.867449 0.525954
0.115906 -0.869189 0.632116
0.095067 -0.877533 0.472977
0.166434 -0.866117 0.557463
0.139739 -0.868827 0.800284
0.141065 -0.869128 0.612289
0.116506 -0.862027 0.121090
0.148340 -0.889839 0.160360
0.118748 -0.883592 0.383147
0.097203 -0.892773 0.324007
0.087812 -0.861823 0.929907
0.166244 -0.873068 0.592468
0.164948 -0.873774 0.777464
0.112282 -0.869062 0.728082
0.138546 -0.868251 0.550259
0.166087 -0.863962 0.045432
0.167190 -0.870974 0.036448
0.092912 -0.880962 0.223945
0.141758 -0.884731 0.251291
0.112271 -0.876514 0.458075
0.156933 -0.864587 0.928379
0.092441 -0.889303 0.018938
0.111570 -0.866278 -0.011965
0.155896 -0.865584 0.937370
0.087580 -0.860379 -0.016144
0.168644 -0.897813 0.139487
0.110432 -0.865250 0.009023
0.136450 -0.879457 0.441239
0.112429 -0.887767 0.307079
0.106716 -0.866419 0.539011
0.135599 -0.867959 0.130206
0.127894 -0.859701 0.938158
0.140716 -0.890172 -0.014730
0.084185 -0.861072 0.187830
0.166772 -0.895076 -0.017542
0.156761 -0.865460 0.394352
0.134581 -0.867184 -0.005812
0.085351 -0.865327 0.025839
0.083898 -0.862233 0.089824
0.078672 -0.866070 0.837810
0.084048 -0.880797 0.365857
0.157666 -0.879423 0.421372
0.157756 -0.868128 -0.024657
0.097976 -0.857846 0.935930
0.084898 -0.884206 0.107857
0.104314 -0.861244 0.035956
0.134651 -0.891724 0.290222
0.103940 -0.866931 0.234967
0.076636 -0.858304 0.700773
0.079072 -0.874379 0.648812
0.128913 -0.873596 0.388152
0.102375 -0.863038 0.173944
0.103063 -0.863189 0.075946
0.149458 -0.864973 0.734290
0.119554 -0.852126 0.719052
0.125354 -0.861164 0.041087
0.155932 -0.891701 0.261354
0.095903 -0.870060 0.823914
0.148678 -0.857924 0.136248
0.147784 -0.868276 0.556266
0.124259 -0.862145 0.058077
0.096275 -0.871363 0.631909
0.073023 -0.863628 0.520731
0.074429 -0.872704 0.468753
0.154909 -0.895695 0.271346
0.120112 -0.872013 0.801078
0.096842 -0.861160 0.119880
0.120440 -0.870307 0.612071
0.076551 -0.889929 0.321785
0.068227 -0.864030 0.925701
0.121619 -0.864009 0.156055
0.097115 -0.879761 0.379913
0.092670 -0.870248 0.724875
0.144326 -0.875964 0.778246
0.145623 -0.877243 0.594251
0.146420 -0.866085 0.046225
0.117919 -0.866427 0.547038
0.092617 -0.874674 0.455865
0.072286 -0.882113 0.221727
0.143509 -0.863115 0.037191
0.120093 -0.877885 0.248055
0.136270 -0.863782 0.933159
0.136319 -0.863792 0.926160
0.071783 -0.889433 0.018719
0.093781 -0.893907 0.307887
0.067928 -0.861503 -0.017351
0.090763 -0.865373 0.008814
0.087084 -0.865589 0.535802
0.089894 -0.860409 -0.012200
0.109275 -0.864893 0.938964
0.139903 -0.866990 0.135161
0.114824 -0.878629 0.440009
0.112923 -0.858108 0.127957
0.116973 -0.874306 -0.012994
0.137115 -0.865615 0.392143
0.064523 -0.859212 0.186621
0.113895 -0.864308 -0.005034
0.061030 -0.871245 0.838628
0.064673 -0.858460 0.023613
0.064244 -0.862365 0.088616
0.137978 -0.864230 -0.014869
0.064429 -0.886952 0.365656
0.060422 -0.871550 0.644612
0.079352 -0.860040 0.934735
0.136036 -0.879591 0.421142
0.136081 -0.866254 -0.022888
0.057038 -0.859492 0.696567
0.113001 -0.888881 0.288990
0.130818 -0.867147 0.733094
0.087755 -0.885359 0.035802
0.083306 -0.866083 0.232747
0.084402 -0.866313 0.075751
0.060176 -0.857368 0.103569
0.110280 -0.881743 0.389961
0.081732 -0.863182 0.173725
0.100929 -0.855303 0.717857
0.077270 -0.873243 0.823719
0.136288 -0.895843 0.261148
0.056765 -0.874852 0.467568
0.128137 -0.867442 0.554057
0.105707 -0.864290 0.040881
0.128028 -0.858063 0.136029
0.076646 -0.870541 0.628701
0.104605 -0.865271 0.058872
0.053408 -0.864799 0.517525
0.099497 -0.870210 0.797858
0.132262 -0.891855 0.270103
0.056903 -0.892079 0.321580
0.048640 -0.860241 0.916490
0.101948 -0.863144 0.155847
0.080283 -0.887280 0.121729
0.077491 -0.883917 0.378709
0.099832 -0.872490 0.610854
0.098284 -0.864598 0.542828
0.072071 -0.869444 0.720656
0.122721 -0.874166 0.775015
0.124765 -0.864221 0.045994
0.123019 -0.874437 0.591010
0.072991 -0.879835 0.456662
0.117626 -0.864969 0.932963
0.100469 -0.884030 0.247852
0.051666 -0.885264 0.220513
0.122854 -0.864245 0.037974
0.115711 -0.864999 0.925942
0.090641 -0.864085 0.935767
0.074128 -0.897053 0.308682
0.049026 -0.866570 0.018457
0.067455 -0.863761 0.531593
0.071103 -0.866498 0.008608
0.047258 -0.857631 -0.017573
0.121472 -0.883740 0.398990
0.070253 -0.864533 -0.012404
0.095182 -0.880787 0.439803
0.042411 -0.869435 0.832430
0.045874 -0.864345 0.187430
0.092258 -0.854248 0.126736
0.119251 -0.868128 0.135943
0.093244 -0.857444 -0.012258
0.045002 -0.855587 0.022404
0.094246 -0.867432 -0.005239
0.044585 -0.862497 0.088409
0.042766 -0.880707 0.649436
0.060736 -0.862235 0.932541
0.117314 -0.864355 -0.014087
0.043800 -0.884117 0.361436
0.112173 -0.871320 0.734900
0.064738 -0.866443 0.075545
0.062644 -0.859234 0.229524
0.036447 -0.851694 0.686343
0.066062 -0.875496 0.034565
0.092352 -0.890032 0.289773
0.114398 -0.862382 -0.021120
0.114402 -0.877761 0.419913
0.040527 -0.857503 0.102363
0.089659 -0.882908 0.387744
0.062081 -0.863321 0.172519
0.083285 -0.863468 0.721678
0.057646 -0.869437 0.818509
0.109485 -0.869602 0.553862
0.037116 -0.871017 0.464358
0.107553 -0.855039 0.249816
0.057008 -0.867719 0.625492
0.088118 -0.882409 0.041711
0.108372 -0.860196 0.136823
0.089029 -0.890381 0.059727
0.037235 -0.888229 0.319370
0.079874 -0.874399 0.799655
0.032810 -0.867979 0.516313
0.079186 -0.863672 0.604630
0.110611 -0.890011 0.269874
0.029051 -0.862448 0.913287
0.056559 -0.862437 0.117457
0.078641 -0.861768 0.539619
0.056861 -0.882082 0.375491
0.081311 -0.864287 0.155630
0.052452 -0.865633 0.714446
0.104085 -0.861351 0.046774
0.101115 -0.875368 0.775788
0.098001 -0.864169 0.930756
0.053347 -0.879997 0.455456
0.101398 -0.872624 0.589780
0.031004 -0.878415 0.217290
0.076778 -0.863199 0.241586
0.107297 -0.892354 0.039829
0.053460 -0.891208 0.306460
0.071028 -0.863289 0.932560
0.024759 -0.869613 0.830246
0.095091 -0.864206 0.925725
0.047833 -0.865932 0.530389
0.050564 -0.860656 -0.012613
0.100829 -0.881903 0.396772
0.028377 -0.864704 0.017239
0.050424 -0.862627 0.009388
0.026191 -0.855488 0.184215
0.027609 -0.858757 -0.018777
0.076691 -0.882363 0.129595
0.074557 -0.883954 0.440589
0.074601 -0.863563 -0.012449
0.025928 -0.864625 0.087217
0.023139 -0.875890 0.643226
0.101675 -0.890253 0.139774
0.073575 -0.865559 -0.004457
0.025377 -0.861716 0.022205
0.041142 -0.861443 0.927335
0.092539 -0.866505 0.728690
0.096660 -0.865482 -0.013303
0.023182 -0.886281 0.360223
0.071700 -0.888185 0.288555
0.042999 -0.859380 0.228318
0.021889 -0.862633 0.101174
0.070003 -0.882063 0.386537
0.044348 -0.861632 0.034325
0.094755 -0.867504 -0.020322
0.016842 -0.855880 0.686143
0.044088 -0.865580 0.075328
0.093783 -0.881926 0.420699
0.042420 -0.862461 0.172312
0.039010 -0.871621 0.818317
0.062679 -0.855667 0.712456
0.018459 -0.872174 0.464165
0.088855 -0.864782 0.548642
0.088895 -0.857178 0.249622
0.038363 -0.870887 0.626300
0.089707 -0.862325 0.136629
0.065373 -0.862549 0.041457
0.065274 -0.866527 0.059460
0.017589 -0.890381 0.319167
0.059260 -0.870600 0.795436
0.059002 -0.856940 0.534410
0.037907 -0.866567 0.117267
0.059553 -0.865847 0.605426
0.033826 -0.868811 0.713255
0.009473 -0.861659 0.906083
0.012197 -0.862162 0.510092
0.037230 -0.886238 0.375290
0.061664 -0.867425 0.156428
0.089994 -0.897162 0.271663
0.079361 -0.861361 0.926558
0.033695 -0.877160 0.453249
0.083410 -0.858483 0.047556
0.057102 -0.856345 0.238375
0.080501 -0.876564 0.775573
0.080770 -0.870804 0.587563
0.052400 -0.861484 0.928364
0.009295 -0.852576 0.210038
0.006132 -0.866803 0.825049
0.082528 -0.866501 0.040552
0.033812 -0.893358 0.306257
0.075470 -0.865406 0.925520
0.028207 -0.866104 0.528185
0.081185 -0.884059 0.396567
0.008960 -0.862878 -0.019966
0.030915 -0.861782 -0.013817
0.030768 -0.863754 0.009185
0.008744 -0.868834 0.016040
0.004487 -0.870065 0.638027
0.006552 -0.857631 0.184014
0.053958 -0.859514 0.126340
0.053910 -0.857691 -0.011669
0.073884 -0.863681 0.725493
0.053922 -0.884122 0.440374
0.077949 -0.869408 0.137511
0.022527 -0.864640 0.926144
0.006296 -0.869760 0.087019
0.052908 -0.863689 -0.003674
0.005750 -0.866847 0.021007
0.077004 -0.868605 -0.012507
0.002545 -0.879448 0.355002
0.052044 -0.890332 0.289352
0.025700 -0.865757 0.033135
0.050362 -0.883220 0.385334
0.045024 -0.858835 0.713274
0.002240 -0.862770 0.099970
0.023360 -0.861526 0.228117
0.024424 -0.864713 0.075123
0.075098 -0.870626 -0.019525
0.019389 -0.865819 0.812107
-0.000195 -0.872332 0.462972
0.022744 -0.858600 0.172105
0.070201 -0.865943 0.548448
0.073145 -0.883090 0.421484
-0.002761 -0.866064 0.689950
0.019708 -0.871056 0.626106
0.069242 -0.857323 0.249417
0.074154 -0.895440 0.141490
0.045700 -0.860678 0.041251
-0.002057 -0.892533 0.318966
0.044634 -0.868664 0.060247
0.039635 -0.870791 0.794232
0.040368 -0.864102 0.537222
0.018246 -0.864704 0.116061
0.017576 -0.882397 0.372083
0.039926 -0.869023 0.606225
0.060719 -0.859554 0.924363
-0.007420 -0.862336 0.506890
-0.010127 -0.862865 0.903882
0.013227 -0.863012 0.706036
0.041006 -0.864569 0.156211
0.068349 -0.895321 0.271436
0.014036 -0.872325 0.451041
0.064794 -0.869608 0.048370
0.033766 -0.862678 0.928171
-0.012499 -0.867991 0.823858
0.037452 -0.856492 0.238171
0.059876 -0.875760 0.775358
0.060139 -0.870985 0.588349
-0.010344 -0.852724 0.208836
0.062519 -0.885208 0.396374
0.062881 -0.870629 0.041351
0.013180 -0.896515 0.307047
0.054858 -0.861618 0.922303
0.008580 -0.863279 0.523980
-0.009934 -0.868957 0.015848
-0.014157 -0.876234 0.640841
0.056219 -0.868847 0.729313
-0.012093 -0.863768 0.184828
-0.010672 -0.866007 -0.022165
0.011291 -0.868909 -0.014013
0.034297 -0.858651 0.126135
0.011150 -0.871883 0.008990
0.034262 -0.880283 0.438167
0.003902 -0.863837 0.922951
-0.012360 -0.873889 0.086831
0.034288 -0.864818 -0.011866
0.061381 -0.897529 0.141359
0.033238 -0.863814 -0.002878
-0.013907 -0.865978 0.019804
0.056310 -0.863732 -0.010725
0.001733 -0.873992 0.816933
0.030722 -0.884378 0.384131
0.051543 -0.863108 0.545252
0.025405 -0.856024 0.709069
-0.018850 -0.873490 0.462782
0.031402 -0.890488 0.289139
-0.018092 -0.875614 0.352787
0.005783 -0.872840 0.075939
0.006076 -0.872888 0.032940
0.003708 -0.858675 0.225911
0.004081 -0.859736 0.171914
-0.017393 -0.865908 0.098772
0.054404 -0.865753 -0.017743
-0.022375 -0.868251 0.688751
0.000074 -0.866238 0.621900
0.050574 -0.857463 0.249224
0.051521 -0.882265 0.421259
0.050383 -0.861598 0.136220
0.026041 -0.860808 0.041048
-0.021711 -0.891687 0.317764
0.021718 -0.859269 0.532025
0.020985 -0.872973 0.796041
0.024979 -0.869796 0.060045
0.042077 -0.860746 0.925171
-0.001407 -0.863842 0.114858
-0.005406 -0.867189 0.706848
0.019298 -0.860212 0.600004
-0.003059 -0.879564 0.369868
-0.027051 -0.860509 0.504687
-0.029716 -0.862075 0.898680
0.021339 -0.863708 0.157007
-0.030150 -0.869170 0.822679
-0.005603 -0.873490 0.450840
0.046685 -0.888480 0.270207
0.015140 -0.862875 0.925979
0.044095 -0.860742 0.048150
0.018819 -0.862634 0.237984
0.042860 -0.883365 0.395170
0.039255 -0.874958 0.775144
-0.031819 -0.872401 0.636657
-0.006491 -0.892667 0.305842
-0.029978 -0.853872 0.207637
0.043240 -0.875759 0.042152
0.038530 -0.868177 0.586123
0.037573 -0.870024 0.729122
0.035230 -0.861821 0.923101
-0.030785 -0.856905 0.183631
-0.011048 -0.862453 0.521778
-0.007379 -0.871030 -0.014202
0.015664 -0.865784 0.125949
-0.030575 -0.868094 0.014636
-0.014717 -0.865035 0.920761
-0.008522 -0.870012 0.008786
0.013626 -0.879454 0.437954
0.015620 -0.866938 -0.012057
-0.032563 -0.869103 0.018617
-0.033006 -0.873031 0.086620
0.037621 -0.867687 0.139093
0.013598 -0.867941 -0.003076
0.037658 -0.869852 -0.009912
0.032884 -0.859273 0.542057
-0.037517 -0.862654 0.456581
0.011063 -0.880537 0.381926
0.006763 -0.854204 0.706876
-0.017888 -0.871190 0.813729
-0.014959 -0.856816 0.224719
-0.013598 -0.869020 0.031735
-0.037712 -0.883771 0.353595
0.010737 -0.884645 0.287922
-0.013886 -0.870974 0.075736
-0.015560 -0.861879 0.171715
-0.037038 -0.867047 0.097573
0.034750 -0.868878 -0.016943
-0.018578 -0.873405 0.626716
0.030904 -0.851612 0.247017
-0.041985 -0.863444 0.682546
-0.040403 -0.883835 0.315566
0.030882 -0.881433 0.421046
0.029723 -0.857743 0.136004
0.003075 -0.861434 0.531836
0.006405 -0.864941 0.040850
0.023431 -0.861939 0.926980
0.005317 -0.870928 0.060845
0.000372 -0.870177 0.793828
-0.048341 -0.865270 0.898494
0.000648 -0.868378 0.605820
-0.021047 -0.866981 0.114661
-0.025022 -0.870378 0.706651
-0.022696 -0.880723 0.368668
0.002674 -0.864842 0.156817
-0.002522 -0.866058 0.928801
-0.048781 -0.867361 0.819488
-0.024263 -0.873647 0.450650
-0.047656 -0.858693 0.501476
0.026057 -0.893635 0.271998
0.025462 -0.869868 0.048965
-0.000847 -0.856783 0.235779
0.023194 -0.878525 0.392964
-0.050466 -0.870576 0.634466
-0.026143 -0.896818 0.307645
-0.048642 -0.849016 0.204443
0.018920 -0.867203 0.726928
0.018636 -0.874158 0.774932
-0.049362 -0.887038 0.188473
-0.048288 -0.863212 0.014452
-0.029690 -0.863618 0.520589
0.022548 -0.868894 0.042935
0.015595 -0.863023 0.925900
0.017897 -0.863362 0.583908
-0.033339 -0.861235 0.915568
-0.004011 -0.861922 0.125745
-0.050700 -0.871155 0.085439
-0.028055 -0.864164 -0.014418
-0.028192 -0.868141 0.008585
-0.006027 -0.875619 0.435750
-0.051257 -0.863229 0.017422
-0.004038 -0.869065 -0.011255
-0.055183 -0.869803 0.459409
-0.010891 -0.857374 0.707699
0.014233 -0.862437 0.543868
-0.007596 -0.883688 0.382738
0.016977 -0.866833 0.138881
-0.006055 -0.871069 -0.002274
-0.036537 -0.870377 0.813539
0.017993 -0.870978 -0.009113
-0.057356 -0.883931 0.352397
-0.034616 -0.849967 0.221513
-0.008902 -0.890795 0.289726
-0.034226 -0.864015 0.172528
-0.055724 -0.860180 0.095378
-0.037226 -0.871579 0.624525
-0.033244 -0.872152 0.031538
-0.033524 -0.877108 0.076542
0.012252 -0.853754 0.246828
0.015094 -0.873003 -0.015141
-0.061606 -0.870628 0.685356
-0.059098 -0.866989 0.309360
0.012080 -0.868869 0.137832
0.005767 -0.862124 0.927800
0.009246 -0.873612 0.417820
-0.016564 -0.856610 0.528632
-0.065459 -0.871527 0.821324
-0.018280 -0.870361 0.794638
-0.013206 -0.875074 0.040659
-0.066947 -0.861473 0.891303
-0.014349 -0.871060 0.061645
-0.043661 -0.869558 0.704462
-0.018993 -0.868556 0.606621
-0.040691 -0.868121 0.113463
-0.042342 -0.879884 0.367469
-0.022126 -0.862269 0.923599
-0.016976 -0.866984 0.157620
-0.043912 -0.870815 0.449449
-0.066301 -0.858858 0.500289
-0.068139 -0.871740 0.635289
-0.019513 -0.857924 0.236590
0.005800 -0.871000 0.049766
0.001256 -0.874371 0.731753
0.003337 -0.862807 0.264745
0.003561 -0.881685 0.392766
-0.045837 -0.879975 0.302431
-0.068211 -0.882155 0.211280
-0.069006 -0.893182 0.189281
-0.051969 -0.864431 0.916383
-0.049320 -0.861794 0.518389
-0.067946 -0.861345 0.013253
-0.001989 -0.874359 0.776722
0.002915 -0.877025 0.044741
-0.004035 -0.862228 0.926700
-0.046852 -0.872265 0.008401
-0.001738 -0.872536 0.590715
-0.023664 -0.862062 0.125547
-0.070372 -0.867293 0.085238
-0.025676 -0.877782 0.437553
-0.054200 -0.870555 0.813362
-0.073847 -0.862967 0.456215
-0.070911 -0.862362 0.016224
-0.004415 -0.863603 0.543680
-0.029530 -0.858555 0.707511
-0.024692 -0.867200 -0.011466
-0.027241 -0.881850 0.380538
-0.002681 -0.868972 0.140683
-0.025728 -0.870197 -0.001473
-0.052277 -0.856101 0.222341
-0.002675 -0.868111 -0.008325
-0.055884 -0.873750 0.626339
-0.052215 -0.872239 0.075350
-0.052885 -0.868152 0.173344
-0.051942 -0.865279 0.030344
-0.077013 -0.871096 0.346187
-0.075356 -0.866319 0.095188
-0.029552 -0.889954 0.290517
-0.007398 -0.852905 0.246629
-0.004566 -0.875130 -0.014339
-0.078718 -0.888136 0.316185
-0.081227 -0.869818 0.683159
-0.012878 -0.859321 0.926609
-0.007585 -0.867009 0.137632
-0.035206 -0.858777 0.528446
-0.084087 -0.866722 0.816133
-0.010399 -0.877773 0.420624
-0.032898 -0.868207 0.040455
-0.037917 -0.872555 0.797442
-0.062302 -0.869739 0.703275
-0.039777 -0.860457 0.921419
-0.061006 -0.877038 0.365279
-0.034010 -0.872194 0.062448
-0.086559 -0.863679 0.891109
-0.059361 -0.867255 0.112276
-0.061604 -0.854973 0.442257
-0.038633 -0.865738 0.605421
-0.086787 -0.872914 0.635104
-0.036644 -0.865126 0.158420
-0.085923 -0.853038 0.495087
-0.017396 -0.868554 0.727560
-0.015110 -0.880838 0.392577
-0.064495 -0.888120 0.305252
-0.013888 -0.865133 0.049563
-0.039162 -0.854077 0.234389
-0.015254 -0.890947 0.273577
-0.066989 -0.860952 0.517212
-0.087887 -0.868309 0.207070
-0.088684 -0.886329 0.188079
-0.070600 -0.862631 0.914195
-0.087587 -0.866477 0.013063
-0.021639 -0.872552 0.777520
-0.065609 -0.852392 0.008193
-0.017764 -0.872164 0.045526
-0.090012 -0.873431 0.085046
-0.022378 -0.861727 0.585496
-0.022092 -0.864761 0.544499
-0.043320 -0.862204 0.125346
-0.072850 -0.871744 0.814173
-0.092506 -0.855134 0.452019
-0.046328 -0.862962 0.431330
-0.048189 -0.866732 0.714327
-0.043348 -0.873323 -0.011651
-0.090569 -0.861497 0.015025
-0.046899 -0.879013 0.379335
-0.074542 -0.874925 0.627150
-0.045376 -0.874328 -0.001671
-0.072831 -0.890251 0.229163
-0.023324 -0.870121 0.141471
-0.048265 -0.873105 0.285312
-0.022318 -0.874240 -0.007522
-0.071894 -0.869376 0.076147
-0.071603 -0.865413 0.030144
-0.073461 -0.896298 0.179160
-0.095021 -0.862461 0.093984
-0.097400 -0.879291 0.312987
-0.026062 -0.853050 0.246436
-0.096665 -0.857266 0.339974
-0.030536 -0.857512 0.925425
-0.051894 -0.860928 0.529276
-0.101753 -0.867905 0.816954
-0.025232 -0.873264 -0.013554
-0.027250 -0.865152 0.137427
-0.101831 -0.869021 0.680949
-0.056566 -0.871746 0.797249
-0.051584 -0.866335 0.040261
-0.057447 -0.864646 0.926240
-0.080950 -0.869923 0.703084
-0.031053 -0.870949 0.419405
-0.052700 -0.869324 0.062253
-0.078056 -0.859392 0.111077
-0.080258 -0.857136 0.443067
-0.104457 -0.869087 0.632920
-0.080655 -0.873204 0.363074
-0.057288 -0.867912 0.607230
-0.106152 -0.860896 0.885906
-0.055323 -0.863265 0.158225
-0.036043 -0.863742 0.724363
-0.056842 -0.856214 0.235208
-0.033778 -0.881994 0.393383
-0.105555 -0.862210 0.498896
-0.084153 -0.887278 0.305048
-0.033536 -0.869268 0.050361
-0.035891 -0.893108 0.274363
-0.089233 -0.864835 0.915004
-0.086618 -0.862132 0.517011
-0.107380 -0.875474 0.185876
-0.107545 -0.859465 0.203860
-0.061004 -0.862333 0.125165
-0.107251 -0.863613 0.011858
-0.040741 -0.862934 0.543305
-0.065857 -0.872905 0.719151
-0.037423 -0.873298 0.046323
-0.042259 -0.875759 0.782309
-0.091483 -0.868942 0.811981
-0.086193 -0.867530 0.007996
-0.064008 -0.857119 0.429144
-0.111160 -0.860297 0.454835
-0.108719 -0.857569 0.082840
-0.062046 -0.869446 -0.010847
-0.065550 -0.883169 0.380146
-0.042994 -0.868917 0.591288
-0.110224 -0.859632 0.013824
-0.093188 -0.869108 0.623955
-0.064093 -0.865452 -0.000870
-0.091552 -0.861406 0.221946
-0.093123 -0.895445 0.178959
-0.042998 -0.866263 0.142266
-0.041985 -0.874369 -0.006725
-0.091548 -0.869515 0.075947
-0.068867 -0.892263 0.292116
-0.091265 -0.861550 0.028941
-0.117045 -0.882449 0.313791
-0.044711 -0.858196 0.248248
-0.070542 -0.855102 0.526080
-0.120382 -0.868102 0.815766
-0.115643 -0.864610 0.092778
-0.118257 -0.875437 0.345774
-0.044901 -0.874392 -0.011755
-0.045919 -0.866288 0.138236
-0.070267 -0.863464 0.040067
-0.121435 -0.864222 0.675746
-0.076064 -0.858857 0.921045
-0.076191 -0.869950 0.797047
-0.100556 -0.865125 0.697880
-0.098914 -0.857301 0.443878
-0.123105 -0.868268 0.632731
-0.052731 -0.868907 0.729195
-0.050712 -0.856122 0.413192
-0.072383 -0.863462 0.063047
-0.097708 -0.858535 0.110877
-0.051459 -0.878145 0.391199
-0.076933 -0.870097 0.611031
-0.100299 -0.870370 0.361872
-0.125769 -0.864107 0.887712
-0.075908 -0.883414 0.162031
-0.076433 -0.881361 0.241028
-0.125180 -0.857393 0.495694
-0.052223 -0.867396 0.051168
-0.103812 -0.884437 0.304846
-0.107851 -0.862044 0.911813
-0.126054 -0.871618 0.184685
-0.055564 -0.888263 0.274158
-0.057433 -0.859089 0.542131
-0.106244 -0.861314 0.515811
-0.110143 -0.872134 0.816795
-0.056086 -0.879425 0.048136
-0.060910 -0.872951 0.782116
-0.084490 -0.868096 0.714957
-0.128166 -0.862624 0.203656
-0.080660 -0.858479 0.123962
-0.129814 -0.859464 0.454647
-0.105842 -0.870663 0.007801
-0.126920 -0.856750 0.010654
-0.083649 -0.856291 0.429944
-0.083254 -0.855330 0.368944
-0.061655 -0.870092 0.594098
-0.131266 -0.883723 0.084640
-0.112837 -0.873293 0.628760
-0.129878 -0.857768 0.012626
-0.083753 -0.866584 -0.000069
-0.060688 -0.869493 -0.005920
-0.061683 -0.863401 0.143073
-0.062392 -0.857336 0.248066
-0.111191 -0.863559 0.221750
-0.112794 -0.889594 0.177755
-0.110246 -0.858651 0.074749
-0.135720 -0.876605 0.312599
-0.088535 -0.887421 0.291912
-0.110908 -0.865685 0.028747
-0.139039 -0.871295 0.819583
-0.089189 -0.858273 0.527894
-0.063588 -0.873516 -0.010947
-0.064594 -0.864426 0.138044
-0.134323 -0.855749 0.090583
-0.137897 -0.872604 0.343575
-0.093720 -0.860051 0.922867
-0.094851 -0.871143 0.800859
-0.070401 -0.871083 0.732016
-0.141053 -0.864417 0.674550
-0.119203 -0.865311 0.698693
-0.089937 -0.860600 0.040866
-0.141752 -0.868450 0.632545
-0.117576 -0.855467 0.444689
-0.070130 -0.873305 0.390005
-0.092029 -0.867599 0.063851
-0.070355 -0.858292 0.415994
-0.117339 -0.865678 0.110686
-0.119935 -0.872536 0.361677
-0.096574 -0.870284 0.612832
-0.145376 -0.864323 0.886516
-0.095557 -0.889558 0.163837
-0.095123 -0.866513 0.236827
-0.123468 -0.884597 0.305650
-0.071866 -0.872532 0.051972
-0.145788 -0.859581 0.495491
-0.127481 -0.867256 0.916622
-0.076081 -0.860262 0.542943
-0.145713 -0.868770 0.184487
-0.124888 -0.855490 0.512620
-0.076214 -0.885427 0.274947
-0.128788 -0.872330 0.817609
-0.103140 -0.869283 0.716770
-0.075759 -0.877561 0.048936
-0.148473 -0.859631 0.455463
-0.147519 -0.871888 0.009464
-0.100296 -0.864622 0.124769
-0.147808 -0.862777 0.202461
-0.124540 -0.862793 0.007607
-0.081531 -0.869165 0.782905
-0.102881 -0.868492 0.373757
-0.103294 -0.858462 0.432748
-0.150933 -0.881864 0.084443
-0.131490 -0.871475 0.628573
-0.082283 -0.872285 0.597891
-0.151456 -0.875913 0.011429
-0.102465 -0.856712 0.000736
-0.081986 -0.885484 0.255888
-0.080377 -0.862626 -0.005123
-0.081345 -0.861547 0.143873
-0.157681 -0.870493 0.819398
-0.153409 -0.861760 0.308410
-0.132468 -0.883745 0.177554
-0.131813 -0.871717 0.223552
-0.108195 -0.886579 0.292714
-0.130862 -0.868796 0.075553
-0.129606 -0.856817 0.028553
-0.108827 -0.861453 0.530699
-0.083268 -0.862565 0.137854
-0.088058 -0.866266 0.728835
-0.083300 -0.862648 -0.009153
-0.155921 -0.868901 0.091382
-0.156550 -0.854774 0.336374
-0.114490 -0.873346 0.804664
-0.161400 -0.872636 0.636356
-0.138826 -0.865509 0.698498
-0.109588 -0.861738 0.040670
-0.161665 -0.865622 0.675348
-0.087822 -0.849467 0.379810
-0.137212 -0.856642 0.445496
-0.110722 -0.860734 0.063659
-0.138597 -0.869696 0.360489
-0.090001 -0.854465 0.415794
-0.116212 -0.871472 0.614637
-0.164996 -0.865536 0.887324
-0.136035 -0.849821 0.108487
-0.114774 -0.864669 0.236630
-0.116216 -0.885714 0.164628
-0.142149 -0.873755 0.303455
-0.093754 -0.859428 0.543765
-0.091529 -0.870671 0.051773
-0.146094 -0.861470 0.911432
-0.164390 -0.861917 0.183297
-0.144531 -0.861667 0.516431
-0.166405 -0.858771 0.495288
-0.121784 -0.868473 0.716584
-0.148417 -0.871538 0.818414
-0.096857 -0.890589 0.278743
-0.167133 -0.856800 0.455277
-0.118976 -0.860762 0.124580
-0.095438 -0.873699 0.049736
-0.168161 -0.875029 0.009265
-0.122527 -0.873657 0.376566
-0.144199 -0.862928 0.007413
-0.167457 -0.859933 0.201266
-0.121952 -0.853631 0.431559
-0.102166 -0.874375 0.790702
-0.167676 -0.858995 0.082258
-0.150140 -0.867659 0.627386
-0.100662 -0.885631 0.256701
-0.101924 -0.866476 0.596690
-0.122101 -0.863845 0.000546
-0.171123 -0.872050 0.010234
-0.176319 -0.868693 0.818214
-0.153106 -0.890898 0.179357
-0.151460 -0.873871 0.223361
-0.173054 -0.861923 0.308218
-0.101000 -0.861694 0.144677
-0.127471 -0.860629 0.529514
-0.153432 -0.891950 0.077350
-0.149255 -0.856956 0.027360
-0.127867 -0.871745 0.289508
-0.106712 -0.865456 0.730648
-0.102929 -0.860712 0.138657
-0.102941 -0.869780 -0.008344
-0.177528 -0.880053 0.091182
-0.180055 -0.870820 0.636172
-0.175204 -0.849936 0.334188
-0.134125 -0.872552 0.806469
-0.128278 -0.854872 0.040480
-0.158448 -0.863710 0.697304
-0.155880 -0.855809 0.447312
-0.108435 -0.875633 0.391623
-0.182280 -0.866826 0.676149
-0.132301 -0.881882 0.065462
-0.158239 -0.867864 0.359295
-0.155672 -0.855965 0.108300
-0.135857 -0.870662 0.616442
-0.184610 -0.863754 0.886132
-0.133436 -0.865817 0.236446
-0.135873 -0.888861 0.165436
-0.110634 -0.856645 0.419590
-0.112410 -0.860602 0.545580
-0.162784 -0.881920 0.306261
-0.110227 -0.864804 0.052583
-0.164733 -0.861676 0.912250
-0.185026 -0.871071 0.185106
-0.140433 -0.868662 0.717400
-0.185802 -0.860965 0.458100
-0.167072 -0.870736 0.820231
-0.164164 -0.861850 0.516239
-0.187026 -0.861958 0.496091
-0.116524 -0.885748 0.278544
-0.137659 -0.851904 0.123390
-0.115131 -0.863840 0.050534
-0.142168 -0.871826 0.375371
-0.168797 -0.866842 0.628203
-0.186856 -0.863164 0.008074
-0.164836 -0.866070 0.007215
-0.121816 -0.875579 0.795508
-0.188092 -0.860095 0.201067
-0.141599 -0.852806 0.433365
-0.189286 -0.869148 0.082059
-0.194984 -0.871887 0.822037
-0.120319 -0.883789 0.256505
-0.141771 -0.861981 0.001352
-0.122557 -0.869671 0.601488
-0.145137 -0.852800 0.526335
-0.169842 -0.868038 0.176175
-0.193720 -0.881203 0.009024
-0.191725 -0.857082 0.308034
-0.171117 -0.872027 0.223168
-0.124376 -0.863639 0.730472
-0.123546 -0.896852 0.151477
-0.173105 -0.889092 0.077157
-0.148502 -0.880909 0.293312
-0.170859 -0.868104 0.027159
-0.121601 -0.858853 0.138471
-0.198721 -0.871002 0.637993
-0.122610 -0.868914 -0.007538
-0.126122 -0.869788 0.390445
-0.196214 -0.868196 0.088992
-0.153768 -0.871760 0.809276
-0.175530 -0.858983 0.450125
-0.178086 -0.864907 0.699115
-0.147926 -0.858010 0.040291
-0.198796 -0.865124 0.339975
-0.202905 -0.868031 0.677952
-0.150046 -0.860016 0.065273
-0.176302 -0.864114 0.109107
-0.154512 -0.864847 0.615256
-0.175905 -0.849030 0.352109
-0.130082 -0.860769 0.546407
-0.153089 -0.866974 0.237255
-0.205222 -0.865977 0.887937
-0.130279 -0.854820 0.420396
-0.156529 -0.886018 0.166233
-0.182449 -0.879083 0.307068
-0.184361 -0.861894 0.914061
-0.129892 -0.863944 0.053390
-0.159078 -0.864856 0.716216
-0.186719 -0.872942 0.824044
-0.207436 -0.871149 0.463903
-0.204686 -0.864228 0.183912
-0.183796 -0.860035 0.515049
-0.157297 -0.861048 0.124206
-0.207655 -0.861149 0.496894
-0.137172 -0.882916 0.279340
-0.161821 -0.873994 0.377182
-0.134797 -0.864979 0.052343
-0.189449 -0.872037 0.635009
-0.207494 -0.867306 0.006881
-0.160266 -0.851974 0.435184
-0.184503 -0.864208 0.007025
-0.206988 -0.859283 0.080882
-0.138997 -0.880939 0.256320
-0.213621 -0.867091 0.819855
-0.209713 -0.865261 0.201866
-0.142443 -0.873796 0.798305
-0.142058 -0.864819 0.734300
-0.164788 -0.858979 0.531149
-0.163378 -0.872127 0.001150
-0.189499 -0.867190 0.175986
-0.214345 -0.873258 0.313833
-0.213390 -0.877342 0.007834
-0.143192 -0.867871 0.604286
-0.192785 -0.886235 0.077966
-0.193723 -0.884198 0.225961
-0.143230 -0.888003 0.151279
-0.217383 -0.870186 0.638815
-0.192464 -0.881251 0.025963
-0.166199 -0.862066 0.289128
-0.140280 -0.853996 0.138286
-0.144788 -0.869950 0.391263
-0.142289 -0.867049 -0.005731
-0.173412 -0.870968 0.812086
-0.195185 -0.862158 0.452939
-0.216855 -0.868348 0.087797
-0.197721 -0.865106 0.699927
-0.169525 -0.871160 0.040092
-0.219429 -0.865299 0.339780
-0.147753 -0.858938 0.546234
-0.197537 -0.864204 0.358915
-0.171651 -0.873167 0.066074
-0.175163 -0.872042 0.623062
-0.222513 -0.861236 0.672761
-0.196943 -0.865267 0.108911
-0.172745 -0.864133 0.237064
-0.225828 -0.865205 0.887741
-0.174241 -0.873160 0.165053
-0.203005 -0.861103 0.914883
-0.202109 -0.875249 0.306878
-0.151474 -0.885091 0.054194
-0.177735 -0.865046 0.718037
-0.150914 -0.858001 0.424198
-0.205379 -0.871143 0.825865
-0.227096 -0.871326 0.465718
-0.228288 -0.883398 0.187706
-0.203451 -0.862216 0.517864
-0.179883 -0.879209 0.126002
-0.178512 -0.856151 0.371009
-0.157818 -0.887082 0.282143
-0.207110 -0.865218 0.631836
-0.227282 -0.855337 0.493704
-0.153493 -0.858115 0.053158
-0.233281 -0.870296 0.824673
-0.180901 -0.857155 0.438990
-0.227168 -0.861447 0.006691
-0.158654 -0.879099 0.256129
-0.205150 -0.865352 0.006830
-0.160730 -0.869008 0.740123
-0.227634 -0.859435 0.080688
-0.227396 -0.853410 0.198690
-0.162084 -0.871006 0.800113
-0.183446 -0.859155 0.531971
-0.234009 -0.872422 0.314648
-0.210150 -0.870348 0.177793
-0.184030 -0.874270 0.001954
-0.236042 -0.867373 0.638638
-0.230121 -0.857470 0.006660
-0.209522 -0.865368 0.076791
-0.211415 -0.870348 0.222783
-0.163837 -0.871068 0.610089
-0.163883 -0.890158 0.153081
-0.209207 -0.861379 0.025789
-0.185858 -0.863228 0.290941
-0.163829 -0.886161 0.143079
-0.164437 -0.870122 0.392074
-0.160019 -0.853176 -0.004910
-0.193078 -0.873174 0.818900
-0.216834 -0.872343 0.460743
-0.217361 -0.863307 0.700741
-0.166418 -0.861113 0.549056
-0.236519 -0.862497 0.086608
-0.189194 -0.868301 0.039903
-0.239079 -0.861470 0.338593
-0.191323 -0.872310 0.066886
-0.216604 -0.866414 0.108727
-0.194808 -0.869236 0.623873
-0.191415 -0.863284 0.236886
-0.219164 -0.870385 0.361716
-0.244137 -0.865447 0.676563
-0.196404 -0.867235 0.721861
-0.217819 -0.856395 0.301716
-0.245443 -0.861426 0.885555
-0.196857 -0.885326 0.168847
-0.171152 -0.882233 0.055003
-0.169582 -0.854171 0.425017
-0.225027 -0.871352 0.828680
-0.246759 -0.871504 0.467535
-0.249928 -0.886563 0.188507
-0.225078 -0.866413 0.521664
-0.226777 -0.867409 0.636653
-0.200140 -0.870328 0.376814
-0.201513 -0.884369 0.126801
-0.251933 -0.867498 0.824498
-0.178395 -0.864195 0.738951
-0.249902 -0.862537 0.498500
-0.178472 -0.882254 0.282943
-0.175111 -0.868267 0.054958
-0.178315 -0.879258 0.256942
-0.247815 -0.863591 0.005502
-0.225800 -0.868495 0.006639
-0.201546 -0.859340 0.442796
-0.203103 -0.863337 0.535788
-0.249266 -0.863591 0.080491
-0.181741 -0.870215 0.804926
-0.252972 -0.873595 0.202470
-0.250704 -0.860574 0.311484
-0.232771 -0.883514 0.180592
-0.255697 -0.865568 0.640455
-0.203704 -0.870409 0.001766
-0.231076 -0.869506 0.222599
-0.249787 -0.853611 0.005476
-0.183500 -0.885310 0.143892
-0.234755 -0.887546 0.025571
-0.208483 -0.878405 0.297738
-0.230173 -0.863521 0.076598
-0.182121 -0.864281 0.390902
-0.184545 -0.889315 0.154884
-0.184473 -0.870270 0.612892
-0.181628 -0.867321 -0.004107
-0.212737 -0.873383 0.823716
-0.185092 -0.863289 0.552880
-0.236491 -0.870522 0.461559
-0.237008 -0.863507 0.702558
-0.208864 -0.869442 0.040719
-0.258154 -0.865655 0.086412
-0.210022 -0.863451 0.067705
-0.211071 -0.861444 0.236701
-0.215463 -0.871436 0.629681
-0.238815 -0.866557 0.360531
-0.257728 -0.848643 0.334412
-0.236267 -0.860565 0.107541
-0.215057 -0.863431 0.721684
-0.242268 -0.859544 0.917515
-0.244696 -0.872560 0.834499
-0.266762 -0.870666 0.682359
-0.267080 -0.866654 0.892361
-0.216528 -0.881480 0.168660
-0.187899 -0.863362 0.054834
-0.241439 -0.870581 0.308508
-0.266426 -0.871682 0.469355
-0.269602 -0.884718 0.188326
-0.191211 -0.857363 0.429814
-0.217826 -0.863488 0.375645
-0.244719 -0.862601 0.520480
-0.247430 -0.870608 0.641465
-0.272595 -0.871712 0.831312
-0.220204 -0.878513 0.126622
-0.197065 -0.864389 0.742776
-0.197000 -0.876411 0.257764
-0.194780 -0.868410 0.055773
-0.269546 -0.858724 0.497318
-0.199130 -0.882423 0.285748
-0.223201 -0.871524 0.451603
-0.243512 -0.856627 0.006468
-0.222756 -0.863522 0.537605
-0.267485 -0.858733 0.004319
-0.269921 -0.863744 0.080303
-0.273344 -0.869755 0.316285
-0.274614 -0.875764 0.203274
-0.203377 -0.872442 0.812724
-0.276357 -0.869765 0.645270
-0.221422 -0.861538 0.002596
-0.255401 -0.889685 0.182388
-0.201783 -0.870449 0.394721
-0.251723 -0.868672 0.222409
-0.203173 -0.884460 0.144706
-0.250829 -0.867670 0.077411
-0.271420 -0.855763 0.004281
-0.204131 -0.867465 0.615706
-0.226169 -0.863564 0.294564
-0.250504 -0.863672 0.024409
-0.203759 -0.863467 0.554705
-0.206189 -0.890480 0.156682
-0.256162 -0.871699 0.464379
-0.233375 -0.872605 0.827524
-0.202285 -0.866466 -0.003301
-0.257640 -0.862718 0.704369
-0.227552 -0.858583 0.039539
-0.277821 -0.860804 0.085230
-0.235128 -0.871629 0.633500
-0.229748 -0.857599 0.236526
-0.256488 -0.857719 0.357363
-0.235707 -0.867639 0.727495
-0.234604 -0.880621 0.069489
-0.278372 -0.848819 0.335225
-0.257900 -0.863726 0.107345
-0.264344 -0.870773 0.836318
-0.287086 -0.872867 0.472170
-0.258135 -0.855735 0.305345
-0.286700 -0.861878 0.890180
-0.286394 -0.864871 0.680178
-0.237192 -0.879641 0.170468
-0.212468 -0.883531 0.056616
-0.210873 -0.856542 0.432631
-0.289277 -0.877877 0.188143
-0.215758 -0.869578 0.750605
-0.238475 -0.868664 0.378458
-0.292255 -0.871920 0.834136
-0.263379 -0.858781 0.519307
-0.267093 -0.869803 0.644286
-0.236921 -0.862651 0.124459
-0.216662 -0.878570 0.258582
-0.214462 -0.864556 0.057588
-0.214851 -0.858571 0.280590
-0.244846 -0.875715 0.456407
-0.242406 -0.861711 0.538424
-0.266134 -0.864782 0.006268
-0.292167 -0.861929 0.500117
-0.294997 -0.873932 0.319094
-0.295029 -0.866953 0.646101
-0.289130 -0.858886 0.004125
-0.291564 -0.864903 0.080110
-0.223039 -0.869656 0.817540
-0.274094 -0.880838 0.182213
-0.295264 -0.869933 0.202085
-0.242082 -0.861684 0.003407
-0.220455 -0.865618 0.394546
-0.222843 -0.882612 0.144523
-0.271383 -0.864833 0.221228
-0.221443 -0.860640 0.555540
-0.274443 -0.877837 0.078204
-0.291090 -0.851905 0.003102
-0.245839 -0.860731 0.296383
-0.270173 -0.859816 0.023229
-0.225875 -0.886633 0.158498
-0.225774 -0.870675 0.622508
-0.253040 -0.872816 0.832344
-0.275823 -0.866884 0.465199
-0.226858 -0.887628 -0.002517
-0.279291 -0.868929 0.711178
-0.300873 -0.855050 0.961052
-0.252136 -0.876749 0.040326
-0.254382 -0.866832 0.730325
-0.298473 -0.856961 0.084043
-0.250395 -0.858766 0.237338
-0.275155 -0.850889 0.356191
-0.250346 -0.862748 0.068335
-0.255773 -0.868837 0.636310
-0.284006 -0.869986 0.840141
-0.277572 -0.860876 0.107166
-0.300997 -0.854007 0.337028
-0.254893 -0.869787 0.169301
-0.306745 -0.868052 0.471991
-0.283746 -0.874932 0.313127
-0.227238 -0.858653 0.055468
-0.309324 -0.865120 0.895981
-0.233431 -0.864769 0.750440
-0.309018 -0.867094 0.683978
-0.310921 -0.869124 0.834968
-0.304991 -0.858020 0.184990
-0.254161 -0.848821 0.371304
-0.234501 -0.868745 0.442421
-0.285020 -0.861980 0.523116
-0.287749 -0.869009 0.648100
-0.257578 -0.861809 0.125271
-0.237319 -0.879739 0.260394
-0.262071 -0.863895 0.541247
-0.235118 -0.865707 0.058399
-0.316695 -0.871161 0.652912
-0.265504 -0.872906 0.459218
-0.235501 -0.856746 0.282400
-0.285811 -0.858926 0.006088
-0.315651 -0.871109 0.318910
-0.236158 -0.853768 0.390396
-0.314801 -0.864135 0.503919
-0.310256 -0.857048 0.079940
-0.311760 -0.863043 0.002928
-0.294760 -0.880000 0.183028
-0.264704 -0.870838 0.003208
-0.311960 -0.855080 0.198927
-0.244689 -0.871887 0.826344
-0.241114 -0.862827 0.560362
-0.242521 -0.878766 0.145342
-0.289193 -0.855964 0.077059
-0.292035 -0.862002 0.221043
-0.268472 -0.867915 0.300183
-0.315684 -0.861072 0.000892
-0.290834 -0.856966 0.023043
-0.245556 -0.879790 0.159315
-0.296483 -0.867072 0.468015
-0.273702 -0.873038 0.839158
-0.246423 -0.868881 0.626319
-0.321529 -0.857279 0.966872
-0.242629 -0.865752 -0.000671
-0.298942 -0.866134 0.712001
-0.274041 -0.867035 0.733148
-0.268865 -0.861881 0.040167
-0.320122 -0.859120 0.083855
-0.303679 -0.869199 0.844966
-0.271046 -0.859934 0.238154
-0.276432 -0.869041 0.641125
-0.294804 -0.846065 0.355014
-0.271008 -0.859903 0.069148
-0.327419 -0.870237 0.475812
-0.304418 -0.876104 0.315945
-0.298224 -0.859034 0.105982
-0.252108 -0.864964 0.754271
-0.252808 -0.881825 0.057247
-0.327603 -0.867219 0.343804
-0.275559 -0.866951 0.171115
-0.329959 -0.863349 0.897800
-0.331575 -0.868346 0.838787
-0.273832 -0.849993 0.374129
-0.329642 -0.861311 0.682794
-0.331594 -0.875212 0.188769
-0.308415 -0.870212 0.652918
-0.305677 -0.862174 0.525933
-0.255166 -0.869931 0.447235
-0.277248 -0.859961 0.125095
-0.254022 -0.864888 0.257236
-0.281733 -0.861086 0.543070
-0.337363 -0.872362 0.656733
-0.253820 -0.859848 0.060228
-0.286170 -0.874093 0.463035
-0.255176 -0.854913 0.285222
-0.337314 -0.873289 0.321723
-0.255826 -0.853944 0.393220
-0.308447 -0.863084 0.005892
-0.259790 -0.862008 0.562194
-0.332893 -0.860214 0.079745
-0.334445 -0.857327 0.501744
-0.331436 -0.856189 0.001753
-0.264360 -0.870102 0.832166
-0.282422 -0.859972 0.004045
-0.309489 -0.856139 0.179885
-0.260224 -0.865912 0.144177
-0.336575 -0.862268 0.200719
-0.310839 -0.857124 0.076870
-0.308728 -0.847152 0.217888
-0.291128 -0.876099 0.305986
-0.317157 -0.868260 0.471834
-0.335365 -0.857216 -0.000281
-0.312481 -0.860120 0.021855
-0.292359 -0.866251 0.838988
-0.339179 -0.850494 0.963714
-0.262279 -0.862934 0.158157
-0.266095 -0.865082 0.630140
-0.263296 -0.866899 0.000144
-0.320585 -0.866355 0.715811
-0.294694 -0.867250 0.736964
-0.289529 -0.863031 0.039984
-0.323335 -0.866417 0.846791
-0.289730 -0.854094 0.237984
-0.298100 -0.873253 0.648934
-0.270796 -0.864164 0.759102
-0.320430 -0.862270 0.362798
-0.347092 -0.866424 0.476638
-0.292666 -0.864062 0.070957
-0.339794 -0.851276 0.082679
-0.325089 -0.874283 0.317762
-0.349242 -0.862548 0.836629
-0.319872 -0.859199 0.105792
-0.293263 -0.857101 0.170952
-0.267575 -0.857952 0.057103
-0.350245 -0.868413 0.345608
-0.293496 -0.849170 0.374953
-0.353259 -0.877381 0.189582
-0.328087 -0.867415 0.655743
-0.297917 -0.849375 0.949934
-0.272716 -0.863047 0.259066
-0.352275 -0.862539 0.686598
-0.327323 -0.863378 0.528743
-0.276819 -0.871130 0.452039
-0.304820 -0.882154 0.127860
-0.301392 -0.859278 0.543893
-0.357025 -0.867568 0.657559
-0.275467 -0.863008 0.061034
-0.273507 -0.847112 0.392056
-0.278467 -0.859196 0.564023
-0.328127 -0.860228 0.004717
-0.306825 -0.870290 0.464848
-0.281781 -0.877119 0.294992
-0.358973 -0.871476 0.323533
-0.353563 -0.857372 0.079563
-0.277929 -0.859057 0.144013
-0.357080 -0.857540 0.504547
-0.337087 -0.876338 0.184653
-0.285014 -0.868335 0.837978
-0.306044 -0.867137 0.003837
-0.335334 -0.864351 0.222663
-0.338424 -0.875314 0.078638
-0.313028 -0.867479 0.846805
-0.311792 -0.873278 0.307800
-0.360198 -0.863457 0.200514
-0.339804 -0.871466 0.476637
-0.357808 -0.843726 0.961548
-0.280968 -0.856089 0.158985
-0.334134 -0.859278 0.021664
-0.282980 -0.865041 0.000965
-0.341235 -0.865572 0.718629
-0.314361 -0.866460 0.740789
-0.289730 -0.871315 0.639930
-0.343007 -0.864638 0.851618
-0.310192 -0.861184 0.039799
-0.290476 -0.867372 0.765926
-0.309395 -0.852259 0.237809
-0.318763 -0.872465 0.653750
-0.366760 -0.861614 0.477466
-0.313335 -0.863217 0.071774
-0.363424 -0.856448 0.082478
-0.343069 -0.863468 0.365601
-0.345751 -0.871463 0.318580
-0.371901 -0.865789 0.845436
-0.293166 -0.879126 0.058883
-0.341530 -0.860363 0.106604
-0.320848 -0.877301 0.175718
-0.317595 -0.851602 0.957761
-0.374232 -0.864839 0.907418
-0.320113 -0.868385 0.384727
-0.349755 -0.869631 0.662556
-0.372879 -0.866611 0.346412
-0.375907 -0.876561 0.190386
-0.293370 -0.864219 0.259882
-0.346970 -0.856577 0.527569
-0.375901 -0.864776 0.691396
-0.321070 -0.859470 0.547720
-0.298472 -0.872331 0.456846
-0.319557 -0.860289 0.125719
-0.295173 -0.858296 0.398868
-0.378687 -0.868784 0.662374
-0.298146 -0.861388 0.568849
-0.294169 -0.856154 0.062864
-0.327488 -0.869483 0.467666
-0.380636 -0.871662 0.325348
-0.350772 -0.862388 0.004522
-0.303434 -0.876305 0.297799
-0.298590 -0.860218 0.144830
-0.382146 -0.873568 0.080328
-0.359739 -0.877517 0.186458
-0.324746 -0.859278 0.004670
-0.306656 -0.867578 0.844786
-0.380703 -0.858760 0.507347
-0.357983 -0.867532 0.224470
-0.360091 -0.875476 0.079451
-0.333692 -0.865713 0.853623
-0.361471 -0.871668 0.481450
-0.378458 -0.842968 0.966372
-0.375909 -0.847603 0.198371
-0.334443 -0.876469 0.311603
-0.334032 -0.865670 0.744617
-0.354800 -0.857429 0.020485
-0.302624 -0.858260 0.161794
-0.303657 -0.862192 0.002781
-0.362887 -0.865798 0.723443
-0.309151 -0.864578 0.768760
-0.364678 -0.866874 0.860433
-0.310390 -0.869528 0.644747
-0.329872 -0.856333 0.039625
-0.330060 -0.852431 0.239629
-0.339422 -0.869680 0.657569
-0.391399 -0.866834 0.483260
-0.393560 -0.866025 0.851253
-0.365716 -0.865665 0.368407
-0.339931 -0.876404 0.073548
-0.367408 -0.869651 0.320393
-0.385074 -0.852615 0.081293
-0.368131 -0.873551 0.107382
-0.336255 -0.846832 0.960597
-0.308904 -0.857261 0.058735
-0.342511 -0.876474 0.177529
-0.340777 -0.867571 0.386547
-0.371413 -0.869851 0.667371
-0.308092 -0.846362 0.256745
-0.397572 -0.873737 0.191202
-0.368627 -0.857783 0.531384
-0.396505 -0.866815 0.347213
-0.341729 -0.859671 0.550541
-0.343195 -0.868464 0.127518
-0.400353 -0.869003 0.667192
-0.316832 -0.862489 0.403680
-0.397537 -0.861005 0.693212
-0.316824 -0.858577 0.570684
-0.319125 -0.867529 0.458663
-0.314836 -0.855310 0.063683
-0.347168 -0.865673 0.470494
-0.404291 -0.874859 0.329151
-0.369469 -0.852532 0.004358
-0.326083 -0.878497 0.301601
-0.317276 -0.853373 0.144664
-0.404799 -0.871739 0.080138
-0.381409 -0.875692 0.188273
-0.326320 -0.862808 0.849612
-0.398117 -0.841200 0.969207
-0.349363 -0.865449 0.004460
-0.382137 -0.868865 0.483274
-0.355359 -0.866953 0.862438
-0.357101 -0.879660 0.315410
-0.354695 -0.864892 0.749439
-0.383734 -0.876652 0.080251
-0.404329 -0.857984 0.510149
-0.379632 -0.863713 0.224284
-0.330840 -0.871803 0.780574
-0.378439 -0.861596 0.020287
-0.332198 -0.883471 0.168546
-0.405488 -0.861822 0.201131
-0.384536 -0.865025 0.727260
-0.324329 -0.859344 0.003600
-0.386324 -0.865117 0.865249
-0.332043 -0.867754 0.650558
-0.355677 -0.863630 0.243414
-0.353501 -0.860503 0.039425
-0.411083 -0.863024 0.485094
-0.361090 -0.870900 0.664384
-0.413216 -0.861250 0.852087
-0.360612 -0.874561 0.074370
-0.387369 -0.864857 0.369225
-0.391066 -0.873849 0.325196
-0.356922 -0.848073 0.968421
-0.413669 -0.866812 0.082062
-0.329569 -0.857416 0.058556
-0.363192 -0.874641 0.179352
-0.390781 -0.872724 0.107191
-0.392081 -0.867067 0.671196
-0.361436 -0.864759 0.387370
-0.332726 -0.860555 0.262537
-0.419234 -0.869914 0.191021
-0.337503 -0.862776 0.576507
-0.362390 -0.857876 0.553365
-0.422025 -0.869221 0.672013
-0.418162 -0.863009 0.348032
-0.337499 -0.862677 0.406501
-0.393259 -0.862012 0.537180
-0.367819 -0.874647 0.128311
-0.340786 -0.867733 0.463477
-0.421175 -0.862244 0.698018
-0.344405 -0.879510 0.067436
-0.369820 -0.866884 0.475303
-0.425955 -0.872049 0.329971
-0.345862 -0.875576 0.149425
-0.345765 -0.871675 0.303430
-0.402089 -0.871862 0.189100
-0.425474 -0.865900 0.078966
-0.347532 -0.863997 0.780428
-0.419772 -0.840454 0.976029
-0.370046 -0.862602 0.005285
-0.402817 -0.866063 0.487101
-0.376025 -0.865188 0.868263
-0.348985 -0.865060 0.861419
-0.377776 -0.875843 0.317234
-0.376348 -0.865122 0.754256
-0.402437 -0.867802 0.080092
-0.402285 -0.864896 0.225097
-0.427974 -0.859205 0.513956
-0.351885 -0.877633 0.169376
-0.405997 -0.861344 0.869085
-0.345007 -0.858495 0.004423
-0.403065 -0.864771 0.019084
-0.407174 -0.864263 0.731072
-0.430125 -0.863018 0.202930
-0.369409 -0.844769 0.240292
-0.432750 -0.861228 0.487917
-0.374181 -0.857659 0.040250
-0.353698 -0.865980 0.656373
-0.435892 -0.863494 0.860903
-0.406458 -0.854420 0.952081
-0.382746 -0.868127 0.669201
-0.376580 -0.845311 0.972255
-0.385245 -0.878742 0.075165
-0.409747 -0.864024 0.324038
-0.411010 -0.865065 0.372030
-0.351231 -0.858577 0.059373
-0.412753 -0.864283 0.675024
-0.354392 -0.863734 0.265354
-0.413436 -0.871897 0.107004
-0.384093 -0.866960 0.391181
-0.385849 -0.873823 0.181162
-0.358176 -0.861983 0.581331
-0.384050 -0.859085 0.557184
-0.359165 -0.865870 0.410319
-0.444691 -0.868452 0.677829
-0.442891 -0.870102 0.192830
-0.385530 -0.864796 0.128160
-0.415913 -0.862229 0.540994
-0.441802 -0.861216 0.349840
-0.363442 -0.867946 0.469285
-0.444806 -0.860489 0.701826
-0.366074 -0.878674 0.068253
-0.390496 -0.863085 0.479130
-0.447626 -0.868241 0.331795
-0.364560 -0.869729 0.149266
-0.366443 -0.868857 0.306255
-0.368211 -0.865220 0.787255
-0.421776 -0.865029 0.188937
-0.443431 -0.843720 0.985840
-0.425483 -0.866276 0.491916
-0.397019 -0.863346 0.759085
-0.398688 -0.865443 0.878075
-0.370648 -0.863310 0.870236
-0.399445 -0.873034 0.320054
-0.422962 -0.860072 0.225927
-0.427078 -0.869984 0.080892
-0.429667 -0.864600 0.879893
-0.453612 -0.862440 0.519751
-0.373559 -0.874811 0.172193
-0.367662 -0.860658 0.005234
-0.429839 -0.864500 0.737888
-0.453769 -0.862208 0.202741
-0.398016 -0.860986 0.246060
-0.459559 -0.865747 0.869715
-0.427114 -0.851664 0.955913
-0.396835 -0.858825 0.040063
-0.404423 -0.868350 0.676023
-0.458401 -0.865459 0.494713
-0.376364 -0.867213 0.665183
-0.395248 -0.840542 0.975100
-0.404945 -0.872897 0.076001
-0.434408 -0.868232 0.329840
-0.369936 -0.852725 0.060215
-0.437427 -0.869526 0.685826
-0.379031 -0.871932 0.269150
-0.433665 -0.864266 0.373846
-0.404768 -0.864149 0.393010
-0.408520 -0.875004 0.183976
-0.436096 -0.870072 0.106820
-0.377863 -0.861180 0.585167
-0.376870 -0.860040 0.411170
-0.407724 -0.865306 0.565992
-0.466363 -0.866674 0.681656
-0.467544 -0.871297 0.194634
-0.454726 -0.836806 0.901747
-0.410168 -0.869981 0.128960
-0.437575 -0.859442 0.543819
-0.385110 -0.866154 0.474105
-0.465441 -0.858425 0.350652
-0.385774 -0.870831 0.070088
-0.469296 -0.864432 0.332623
-0.468441 -0.857736 0.705638
-0.384249 -0.863892 0.150102
-0.388901 -0.866445 0.795084
-0.415144 -0.866312 0.485929
-0.464234 -0.840987 1.014676
-0.464094 -0.839970 0.990677
-0.391083 -0.872067 0.311052
-0.416694 -0.859563 0.761924
-0.447415 -0.868230 0.191732
-0.449143 -0.867495 0.496727
-0.421353 -0.865698 0.886891
-0.393331 -0.865565 0.883050
-0.450348 -0.861837 0.885727
-0.446610 -0.860265 0.226738
-0.422104 -0.870234 0.322869
-0.395233 -0.873986 0.174014
-0.454492 -0.867750 0.745692
-0.383408 -0.844791 0.007102
-0.481222 -0.862990 0.873544
-0.419683 -0.860167 0.246885
-0.477247 -0.858669 0.521565
-0.447768 -0.846915 0.959747
-0.483066 -0.867684 0.500521
-0.415929 -0.839791 0.983933
-0.429089 -0.871599 0.686824
-0.399029 -0.867448 0.672997
-0.456083 -0.865423 0.331667
-0.424640 -0.864056 0.076841
-0.390616 -0.849884 0.061046
-0.399713 -0.869111 0.270980
-0.398541 -0.861386 0.588998
-0.459091 -0.865755 0.689654
-0.424443 -0.858335 0.392851
-0.456330 -0.862469 0.376666
-0.400530 -0.865250 0.416977
-0.429197 -0.867181 0.184808
-0.427386 -0.857512 0.565832
-0.490035 -0.866913 0.688472
-0.427872 -0.858133 0.127816
-0.461226 -0.859668 0.547632
-0.409589 -0.866670 0.801916
-0.408445 -0.872002 0.071904
-0.407767 -0.864372 0.478921
-0.435829 -0.862514 0.489764
-0.492959 -0.862639 0.335439
-0.490086 -0.856643 0.353461
-0.407900 -0.866077 0.151910
-0.495079 -0.861001 0.713433
-0.410773 -0.865248 0.312892
-0.442363 -0.866824 0.774720
-0.471081 -0.868419 0.193547
-0.472814 -0.867717 0.502542
-0.468008 -0.851059 0.883588
-0.414993 -0.861821 0.890874
-0.445773 -0.871438 0.327681
-0.417903 -0.873169 0.176831
-0.473241 -0.863478 0.229531
-0.479140 -0.868007 0.752500
-0.504894 -0.862251 0.882363
-0.437617 -0.841046 0.994762
-0.506742 -0.867904 0.505339
-0.444330 -0.862369 0.249690
-0.468419 -0.842164 0.962586
-0.502889 -0.858910 0.526368
-0.419236 -0.861593 0.594832
-0.450749 -0.866832 0.690652
-0.421389 -0.869294 0.272806
-0.480750 -0.867633 0.336476
-0.422687 -0.866697 0.681807
-0.414267 -0.853060 0.061856
-0.483761 -0.868003 0.698462
-0.448109 -0.860545 0.397664
-0.419217 -0.858431 0.416827
-0.478992 -0.859674 0.378490
-0.450061 -0.858732 0.571654
-0.453853 -0.869376 0.187614
-0.515702 -0.869167 0.697276
-0.429285 -0.863893 0.807758
-0.487874 -0.863916 0.555427
-0.433097 -0.875185 0.073708
-0.428587 -0.863245 0.152745
-0.430437 -0.863589 0.484740
-0.519614 -0.865862 0.340237
-0.516732 -0.859867 0.357259
-0.459491 -0.861740 0.495578
-0.519729 -0.859256 0.719246
-0.463039 -0.863052 0.778558
-0.436422 -0.870464 0.318688
-0.496480 -0.865943 0.507360
-0.466459 -0.865627 0.329520
-0.439580 -0.868351 0.178660
-0.458292 -0.838299 1.001601
-0.502799 -0.866258 0.758319
-0.467992 -0.863564 0.251506
-0.491087 -0.841427 0.970413
-0.529411 -0.863124 0.508169
-0.440912 -0.860811 0.599661
-0.442071 -0.865474 0.273643
-0.475421 -0.869083 0.700461
-0.529530 -0.859160 0.532168
-0.438911 -0.855616 0.418672
-0.446362 -0.867943 0.691621
-0.505406 -0.866847 0.339288
-0.470778 -0.859750 0.400489
-0.506442 -0.865242 0.705290
-0.503646 -0.859890 0.381303
-0.473728 -0.859962 0.577471
-0.539376 -0.867410 0.703099
-0.449972 -0.862123 0.813596
-0.510538 -0.860140 0.558255
-0.451256 -0.863424 0.153568
-0.484168 -0.864969 0.503389
-0.455099 -0.864823 0.492548
-0.485728 -0.863296 0.787385
-0.546381 -0.860524 0.727049
-0.519167 -0.864160 0.512190
-0.458107 -0.866660 0.322520
-0.506359 -0.836525 0.888297
-0.476362 -0.837387 0.890460
-0.491119 -0.865841 0.333332
-0.536226 -0.833666 0.871129
-0.464245 -0.870548 0.182469
-0.461615 -0.860020 0.605501
-0.554093 -0.863353 0.513987
-0.527460 -0.865516 0.765134
-0.465745 -0.867672 0.277460
-0.501101 -0.872344 0.712266
-0.463581 -0.859837 0.425481
-0.494448 -0.859962 0.404309
-0.559170 -0.864426 0.539951
-0.534117 -0.870515 0.718083
-0.470030 -0.866195 0.700439
-0.500396 -0.866211 0.587268
-0.565057 -0.868666 0.711912
-0.528302 -0.858111 0.384120
-0.471673 -0.863359 0.822430
-0.536195 -0.860385 0.564066
-0.509404 -0.863549 0.795207
-0.478775 -0.865049 0.499367
-0.509825 -0.865212 0.510196
-0.545834 -0.866406 0.519993
-0.480785 -0.863863 0.326348
-0.573025 -0.858800 0.733856
-0.512807 -0.861039 0.336171
-0.483294 -0.858240 0.609337
-0.581760 -0.865606 0.521788
-0.550125 -0.860763 0.768969
-0.488417 -0.864869 0.279289
-0.483268 -0.853029 0.426334
-0.523783 -0.868588 0.719098
-0.518122 -0.859177 0.408134
-0.559791 -0.870777 0.726896
-0.493713 -0.865447 0.710260
-0.523071 -0.863438 0.591101
-0.586816 -0.863686 0.545753
-0.492369 -0.859597 0.829274
-0.590730 -0.866930 0.719728
-0.560862 -0.858625 0.568888
-0.532080 -0.860798 0.801041
-0.534511 -0.865447 0.518015
-0.502442 -0.861284 0.505191
-0.570510 -0.863645 0.525817
-0.506440 -0.864088 0.331156
-0.507977 -0.861481 0.618153
-0.599664 -0.855079 0.739669
-0.508946 -0.859254 0.433142
-0.578787 -0.864055 0.780764
-0.549464 -0.868856 0.729911
-0.584481 -0.869036 0.735721
-0.513067 -0.856831 0.835122
-0.542781 -0.857401 0.410955
-0.548745 -0.864687 0.598914
-0.518376 -0.862713 0.719079
-0.616411 -0.865193 0.727549
-0.589524 -0.861892 0.577684
-0.558765 -0.864077 0.813848
-0.561180 -0.866698 0.525823
-0.530113 -0.866540 0.515987
-0.526685 -0.854683 0.620019
-0.628319 -0.855369 0.748472
-0.532631 -0.859471 0.437970
-0.604464 -0.862328 0.789585
-0.535783 -0.858080 0.845958
-0.575144 -0.868125 0.739729
-0.609168 -0.866296 0.743550
-0.572425 -0.861924 0.603747
-0.642087 -0.861461 0.734375
-0.542056 -0.858973 0.727910
-0.584447 -0.864351 0.823667
-0.587851 -0.865954 0.533636
-0.553379 -0.859941 0.631827
-0.556779 -0.865799 0.524797
-0.557488 -0.855327 0.853805
-0.652990 -0.848639 0.754309
-0.631132 -0.860609 0.797404
-0.632862 -0.861552 0.750391
-0.597828 -0.861379 0.745574
-0.600108 -0.865188 0.613554
-0.573742 -0.869287 0.747682
-0.604135 -0.854587 0.825537
-0.577062 -0.857185 0.637663
-0.580472 -0.862036 0.531634
-0.651554 -0.848776 0.750274
-0.621518 -0.855642 0.753417
-0.600422 -0.867575 0.759499
-0.604754 -0.861453 0.648471
-0.643210 -0.846892 0.758279
-0.628471 -0.859700 0.656314
-2.522810 4.361222 1.624853
-2.415055 4.406804 1.623930
-2.465956 4.281630 1.592672
-2.413051 4.425424 1.622809
-2.522774 4.397297 1.629663
-2.409999 4.440031 1.619720
-2.656388 4.599247 1.678498
-2.446149 4.473535 1.603694
-2.411707 4.666055 1.644436
