# .PCD v0.7 - Point Cloud Data file format
VERSION 0.7
FIELDS x y z
SIZE 4 4 4
TYPE F F F
COUNT 1 1 1
WIDTH 3754
HEIGHT 1
VIEWPOINT 0 0 0 1
POINTS 3754
DATA ascii
1.608894 -0.871091 0.005423
1.590801 -0.873541 -0.066493
1.588833 -0.873528 -0.056486
1.568195 -0.877443 0.033620
1.554676 -0.879032 0.194685
1.563199 -0.886365 0.363700
1.572808 -0.893191 0.963716
1.540678 -0.883340 0.151763
1.525243 -0.875995 0.007775
1.532032 -0.880559 0.691791
1.524366 -0.881608 0.413821
1.505123 -0.875454 -0.062152
1.529978 -0.887827 0.624841
1.503169 -0.876446 -0.053139
1.472442 -0.873477 0.032963
1.463897 -0.876042 0.187014
1.470382 -0.882421 0.350030
1.485916 -0.892282 0.927041
1.453934 -0.882295 0.148088
1.444555 -0.877865 0.010094
1.462290 -0.888420 0.670103
1.433539 -0.877658 0.396143
1.416383 -0.871394 -0.057839
1.447143 -0.886817 0.602149
1.416419 -0.872367 -0.049833
1.398766 -0.877285 0.032264
1.388175 -0.877891 0.181310
1.392610 -0.882310 0.339323
1.408049 -0.892259 0.895334
1.370157 -0.878214 0.144379
1.363822 -0.875733 0.011386
1.366321 -0.876572 0.637394
1.353721 -0.874584 0.380424
1.337679 -0.870230 -0.053550
1.366315 -0.884778 0.581440
1.337712 -0.871207 -0.046544
1.325047 -0.877085 0.032539
1.313419 -0.876729 0.174583
1.309782 -0.876249 0.327596
1.323208 -0.882098 0.921591
1.333181 -0.891198 0.864605
1.300447 -0.879988 0.141648
1.292125 -0.876510 0.012657
1.294505 -0.876447 0.614659
1.282944 -0.874410 0.366686
1.296508 -0.884612 0.563697
1.270994 -0.871946 -0.050292
1.272038 -0.873913 -0.043285
1.264390 -0.882756 0.031795
1.254737 -0.882397 0.169830
1.254335 -0.880981 0.888838
1.244045 -0.878006 0.318848
1.260286 -0.887107 0.834849
1.244797 -0.887614 0.139895
1.243528 -0.888052 0.013900
1.225671 -0.874283 0.592894
1.224228 -0.879099 0.356921
1.227702 -0.883435 0.545936
1.192622 -0.877532 0.032020
1.182948 -0.877197 0.164055
1.185437 -0.876862 0.856056
1.192369 -0.885611 0.313070
1.194423 -0.884937 0.808068
1.174014 -0.882397 0.136114
1.165874 -0.875018 0.574111
1.165719 -0.877880 0.016117
1.155403 -0.873900 0.343138
1.164896 -0.882189 0.530152
1.145610 -0.873293 -0.043838
1.145654 -0.875278 -0.038827
1.131886 -0.876198 0.031227
1.124205 -0.876860 0.159260
1.125581 -0.875633 0.828260
1.123535 -0.878394 0.303273
1.129563 -0.881752 0.782278
1.111250 -0.879092 0.133317
1.114130 -0.879657 0.559317
1.110038 -0.880490 0.017326
1.105701 -0.879489 0.335342
1.101049 -0.876951 0.513347
1.075185 -0.876821 0.031428
1.068465 -0.876488 0.155451
1.064701 -0.871412 0.799448
1.070797 -0.880006 0.296464
1.070703 -0.878493 0.758464
1.049245 -0.871444 0.537497
1.058538 -0.880682 0.131507
1.054325 -0.880097 0.018516
1.044884 -0.874196 0.323523
1.056336 -0.883498 0.503535
1.018433 -0.873442 0.030604
1.009854 -0.869116 0.774622
1.013738 -0.876108 0.150635
1.013839 -0.874207 0.735634
1.018059 -0.880617 0.289646
1.003772 -0.877288 0.129674
0.999481 -0.873054 0.523673
0.995547 -0.873729 0.019682
0.993110 -0.872801 0.314690
0.995483 -0.876221 0.487702
0.967718 -0.872999 0.030771
0.972133 -0.877610 0.760791
0.963985 -0.874669 0.146793
0.980158 -0.885640 0.727804
0.965273 -0.877222 0.282804
0.945638 -0.867707 0.506824
0.953033 -0.875853 0.127835
0.945834 -0.873275 0.019844
0.942329 -0.870397 0.304845
0.949726 -0.877772 0.477860
0.915957 -0.868565 0.029918
0.915215 -0.868334 0.732929
0.921242 -0.875374 0.702944
0.914232 -0.872230 0.142943
0.913485 -0.872812 0.276950
0.902888 -0.870238 0.493975
0.903287 -0.873410 0.124983
0.900114 -0.872774 0.020989
0.897601 -0.871922 0.297997
0.904961 -0.878311 0.468007
0.870244 -0.868068 0.030061
0.878485 -0.874810 0.720077
0.881482 -0.878878 0.690087
0.867477 -0.869758 0.139079
0.872763 -0.875288 0.272091
0.859094 -0.868770 0.482106
0.860567 -0.873888 0.124120
0.852372 -0.869292 0.022123
0.872050 -0.884179 0.950145
0.855869 -0.873414 0.291135
0.862198 -0.878827 0.458144
0.830556 -0.870510 0.030196
0.826583 -0.865468 0.695193
0.837674 -0.877428 0.674215
0.826750 -0.870220 0.136208
0.831027 -0.875772 0.267222
0.819357 -0.871260 0.471239
0.819844 -0.874347 0.122248
0.826160 -0.878785 0.924260
0.815704 -0.873700 0.023256
0.815111 -0.872893 0.284257
0.815378 -0.873383 0.447261
0.791838 -0.870941 0.029315
0.787793 -0.865966 0.679312
0.791813 -0.871000 0.656323
0.790060 -0.873640 0.134334
0.787253 -0.872276 0.261338
0.777548 -0.867767 0.459348
0.782149 -0.876772 0.121371
0.791394 -0.883245 0.910384
0.779028 -0.877109 0.023381
0.778390 -0.875328 0.278378
0.777631 -0.874840 0.439380
0.754143 -0.872360 0.029432
0.749002 -0.865460 0.664423
0.755045 -0.872464 0.644437
0.753362 -0.876061 0.131452
0.749502 -0.871712 0.257445
0.744842 -0.873173 0.451467
0.743452 -0.871871 0.882471
0.742414 -0.875215 0.120479
0.739288 -0.874542 0.024484
0.741884 -0.876270 0.432489
0.740655 -0.875771 0.272489
0.713204 -0.864920 0.649523
0.717435 -0.872769 0.028538
0.717231 -0.869937 0.631533
0.714776 -0.873113 0.254550
0.720680 -0.880437 0.129564
0.709085 -0.873609 0.442570
0.712703 -0.877279 0.870580
0.708711 -0.877597 0.119584
0.702569 -0.873947 0.024584
0.700865 -0.871234 0.265580
0.706133 -0.876699 0.425591
0.678674 -0.868192 0.028625
0.677420 -0.864376 0.635618
0.682459 -0.870373 0.620630
0.680880 -0.873881 0.126644
0.677033 -0.871551 0.249646
0.676351 -0.876011 0.434669
0.672828 -0.870800 0.849660
0.671977 -0.876010 0.117677
0.673403 -0.879094 0.419689
0.667143 -0.872631 0.260677
0.666856 -0.873338 0.025678
0.647671 -0.867757 0.625711
0.649686 -0.870784 0.610719
0.648008 -0.872537 0.028724
0.644137 -0.871296 0.123730
0.647339 -0.875898 0.247742
0.640018 -0.870231 0.834743
0.639561 -0.872456 0.424750
0.641270 -0.878358 0.116767
0.640650 -0.879490 0.412776
0.634407 -0.873016 0.255764
0.636177 -0.876682 0.025772
0.615882 -0.868205 0.599794
0.613881 -0.866186 0.612791
0.606184 -0.860986 0.028783
0.618628 -0.879232 0.245828
0.614446 -0.874638 0.121819
0.605171 -0.865685 0.817812
0.607793 -0.871842 0.416827
0.604512 -0.873765 0.115840
0.607878 -0.877879 0.406851
0.600421 -0.872070 0.026842
0.598644 -0.869429 0.250838
0.581385 -0.860637 0.927851
0.585129 -0.868551 0.603871
0.587148 -0.871565 0.592878
0.584589 -0.873241 0.028885
0.582839 -0.873643 0.240893
0.581709 -0.873007 0.119892
0.577412 -0.869049 0.807893
0.574005 -0.868250 0.407894
0.570757 -0.870140 0.114906
0.571053 -0.870316 0.397909
0.569912 -0.870768 0.246912
0.568705 -0.871420 0.026915
0.556646 -0.866976 0.917923
0.556369 -0.869920 0.593932
0.558391 -0.872924 0.585939
0.549825 -0.867621 0.028933
0.554130 -0.875978 0.238956
0.548950 -0.869379 0.116941
0.545584 -0.865464 0.793939
0.547298 -0.872579 0.402959
0.541295 -0.869673 0.392960
0.540034 -0.869488 0.113960
0.538153 -0.868140 0.241960
0.538998 -0.871748 0.027970
0.521774 -0.859452 0.894966
0.530635 -0.874273 0.578999
0.525589 -0.868311 0.582988
0.516049 -0.860991 0.027976
0.516173 -0.863745 0.114986
0.522362 -0.872345 0.235006
0.518806 -0.866818 0.783997
0.517530 -0.870941 0.396011
0.514567 -0.871996 0.389021
0.512324 -0.870802 0.113019
0.505336 -0.860520 0.235996
0.506217 -0.865105 0.028009
0.494978 -0.859820 0.881018
0.499820 -0.869656 0.569041
0.496820 -0.867675 0.574040
0.488355 -0.862300 0.028033
0.493625 -0.871676 0.233057
0.488470 -0.865063 0.113043
0.490022 -0.866194 0.773048
0.486750 -0.867314 0.388056
0.481541 -0.865143 0.112055
0.490897 -0.879285 0.387090
0.481697 -0.868805 0.234069
0.478509 -0.865412 0.028061
0.476107 -0.874955 0.565102
0.468206 -0.861182 0.869070
0.468029 -0.865038 0.564082
0.459600 -0.858615 0.028071
0.464237 -0.866531 0.764095
0.466908 -0.872986 0.231108
0.457712 -0.860408 0.111081
0.461028 -0.869628 0.383108
0.459060 -0.870663 0.379115
0.449766 -0.858495 0.111087
0.448872 -0.859180 0.229092
0.450810 -0.865717 0.029109
0.443409 -0.861519 0.857113
0.446303 -0.870324 0.556135
0.442281 -0.866366 0.556129
0.434937 -0.862896 0.027126
0.431012 -0.856390 0.225111
0.439481 -0.868853 0.757143
0.428929 -0.854729 0.109109
0.431214 -0.862986 0.375134
0.433331 -0.871970 0.376160
0.423043 -0.857796 0.110128
0.420098 -0.854515 0.224122
0.420027 -0.858050 0.029133
0.413576 -0.855920 0.840140
0.420532 -0.869646 0.549173
0.415491 -0.863703 0.547161
0.409214 -0.862180 0.027162
0.412676 -0.866199 0.747174
0.409339 -0.862647 0.224165
0.404221 -0.856013 0.107150
0.406482 -0.864287 0.370175
0.408613 -0.874267 0.373204
0.398336 -0.859077 0.109168
0.395368 -0.854805 0.221160
0.397368 -0.863307 0.029183
0.389788 -0.856242 0.829175
0.395774 -0.869952 0.544209
0.388695 -0.860038 0.538187
0.388895 -0.866509 0.739208
0.376472 -0.848017 0.219164
0.380456 -0.856493 0.027184
0.381559 -0.861275 0.106198
0.378699 -0.859621 0.363198
0.379764 -0.864607 0.366212
0.375005 -0.858136 0.938201
0.374626 -0.860343 0.109204
0.371650 -0.856081 0.219195
0.373678 -0.865571 0.029221
0.366007 -0.856560 0.819207
0.370993 -0.868258 0.538235
0.363947 -0.860350 0.531220
0.364130 -0.866829 0.731240
0.356835 -0.857247 0.220217
0.355738 -0.855769 0.026213
0.358856 -0.863533 0.105233
0.349880 -0.850963 0.356207
0.355017 -0.863902 0.362240
0.352211 -0.858443 0.929230
0.351939 -0.863600 0.109242
0.348956 -0.859347 0.217233
0.348945 -0.863843 0.029245
0.347239 -0.868552 0.533264
0.342247 -0.857876 0.810239
0.341214 -0.862634 0.526253
0.342371 -0.869106 0.727272
0.339204 -0.868456 0.221271
0.332016 -0.855030 0.026238
0.336172 -0.866792 0.104268
0.329202 -0.857214 0.354249
0.334321 -0.869147 0.362278
0.329422 -0.858747 0.921256
0.329227 -0.864855 0.109270
0.328272 -0.864591 0.215271
0.325237 -0.864105 0.029271
0.322444 -0.864858 0.526278
0.320488 -0.860163 0.803268
0.314373 -0.853969 0.515255
0.318581 -0.867412 0.719290
0.311385 -0.858772 0.217270
0.310363 -0.860273 0.026275
0.312446 -0.866058 0.103290
0.308483 -0.860464 0.351278
0.307630 -0.859038 0.913277
0.303441 -0.853510 0.353263
0.304487 -0.862131 0.108286
0.307633 -0.872835 0.214313
0.302552 -0.866357 0.029299
0.297688 -0.858465 0.793284
0.301726 -0.869112 0.524309
0.291654 -0.856252 0.510281
0.295786 -0.865705 0.711305
0.291753 -0.868000 0.218313
0.291747 -0.870489 0.025319
0.290745 -0.868304 0.102314
0.284826 -0.857342 0.904291
0.283729 -0.857759 0.346291
0.285805 -0.864720 0.355309
0.283804 -0.866364 0.108314
0.284878 -0.871098 0.211327
0.279843 -0.866607 0.029317
0.275888 -0.860427 0.516305
0.273879 -0.854779 0.782292
0.269900 -0.856521 0.505298
0.274029 -0.866979 0.707325
0.272064 -0.873226 0.218341
0.264950 -0.860776 0.025312
0.267030 -0.867572 0.100329
0.264060 -0.859614 0.899312
0.265064 -0.865982 0.346327
0.264049 -0.863977 0.352322
0.265182 -0.876577 0.109354
0.263159 -0.872346 0.210344
0.251993 -0.851901 0.030290
0.253151 -0.859049 0.778310
0.254164 -0.862694 0.513318
0.250170 -0.859765 0.502312
0.252250 -0.866256 0.702328
0.248304 -0.869498 0.216336
0.240139 -0.851043 0.025290
0.248369 -0.874785 0.100348
0.242272 -0.858908 0.891312
0.242313 -0.864256 0.341324
0.243342 -0.867223 0.351331
0.243501 -0.879821 0.109362
0.241472 -0.875599 0.208352
0.231301 -0.854130 0.030299
0.232407 -0.861962 0.509320
0.233432 -0.864308 0.775326
0.230479 -0.865536 0.696329
0.228454 -0.862036 0.498320
0.229662 -0.878713 0.217360
0.221469 -0.857188 0.883310
0.218436 -0.851283 0.024293
0.226665 -0.876029 0.099353
0.222625 -0.869491 0.340338
0.221623 -0.868477 0.350336
0.221796 -0.881064 0.108366
0.215654 -0.864892 0.204327
0.208465 -0.846214 0.936284
0.216787 -0.875302 0.030351
0.211622 -0.860598 0.765318
0.211656 -0.862216 0.506321
0.207674 -0.860830 0.688318
0.204638 -0.854330 0.490302
0.198677 -0.850059 0.210290
0.200682 -0.856465 0.877308
0.198782 -0.857330 0.097307
0.196738 -0.851521 0.024293
0.199831 -0.863735 0.346323
0.199845 -0.864759 0.336326
0.194901 -0.863130 0.202321
0.191836 -0.854384 0.106300
0.189744 -0.852463 0.935297
0.189845 -0.856482 0.501305
0.188888 -0.854594 0.030299
0.189820 -0.856886 0.756307
0.188929 -0.864065 0.687323
0.184908 -0.856573 0.487305
0.187234 -0.881195 0.216361
0.179901 -0.855740 0.871303
0.184244 -0.876671 0.024350
0.176030 -0.852583 0.095292
0.177061 -0.859029 0.331308
0.179134 -0.866976 0.346327
0.170059 -0.848624 0.105282
0.175227 -0.868356 0.201329
0.169963 -0.852731 0.928293
0.169103 -0.856733 0.499301
0.170085 -0.860140 0.753310
0.167142 -0.850830 0.030286
0.168172 -0.864328 0.683318
0.163132 -0.852842 0.481290
0.161136 -0.857984 0.869302
0.159274 -0.855507 0.210294
0.153197 -0.840833 0.093259
0.156325 -0.852964 0.023287
0.160438 -0.872195 0.346332
0.158381 -0.865250 0.330316
0.149351 -0.848853 0.105275
0.147291 -0.843671 0.194263
0.149172 -0.851013 0.920282
0.149364 -0.857972 0.497296
0.150340 -0.862395 0.749307
0.152655 -0.874997 0.031334
0.146349 -0.857607 0.675295
0.142397 -0.853094 0.478282
0.141338 -0.856247 0.862290
0.138510 -0.851743 0.208277
0.141835 -0.877133 0.023334
0.132495 -0.841061 0.093250
0.134509 -0.850499 0.337272
0.139712 -0.872466 0.331323
0.130655 -0.852060 0.105273
0.129376 -0.849281 0.912268
0.126522 -0.838906 0.192242
0.128605 -0.856223 0.494282
0.129563 -0.860663 0.743293
0.131971 -0.877221 0.031328
0.126555 -0.854857 0.670278
0.123652 -0.854320 0.476275
0.121544 -0.854506 0.857275
0.124000 -0.875907 0.213321
0.115896 -0.854250 0.093269
0.115936 -0.855403 0.023271
0.117911 -0.865688 0.342295
0.118974 -0.871709 0.328308
0.107850 -0.841308 0.104236
0.109615 -0.850542 0.908258
0.108905 -0.850107 0.193255
0.110892 -0.861433 0.495281
0.108779 -0.857932 0.736273
0.105733 -0.848121 0.663250
0.103916 -0.839509 0.031229
0.103933 -0.856557 0.474266
0.101754 -0.852764 0.852257
0.103260 -0.874139 0.212301
0.099184 -0.867903 0.342286
0.093082 -0.839643 0.023221
0.093074 -0.841498 0.091225
0.093013 -0.845016 0.317233
0.090835 -0.850791 0.903244
0.088117 -0.839524 0.104217
0.087090 -0.839354 0.189216
0.088010 -0.845715 0.485231
0.088999 -0.856184 0.731254
0.088065 -0.858331 0.668257
0.084189 -0.837721 0.031210
0.081057 -0.840840 0.463214
0.083019 -0.857000 0.853250
0.079375 -0.855406 0.208242
0.079450 -0.868130 0.341268
0.073347 -0.836857 0.022198
0.073321 -0.837714 0.090200
0.078527 -0.873176 0.325278
0.072057 -0.851036 0.899228
0.068387 -0.837739 0.104195
0.068352 -0.838564 0.188197
0.069271 -0.846935 0.485216
0.070273 -0.860418 0.730245
0.069268 -0.855565 0.664234
0.064455 -0.834933 0.031186
0.064202 -0.853245 0.847224
0.064445 -0.856031 0.468229
0.059635 -0.853626 0.207219
0.059717 -0.868354 0.341248
0.054647 -0.841919 0.090190
0.053638 -0.836068 0.022177
0.057745 -0.867417 0.321244
0.052282 -0.850294 0.895206
0.049679 -0.838943 0.104178
0.049464 -0.840175 0.480181
0.048599 -0.834786 0.186169
0.050535 -0.858791 0.665220
0.048391 -0.845709 0.715192
0.045775 -0.838134 0.031172
0.045428 -0.853483 0.845204
0.043600 -0.844286 0.460183
0.039803 -0.842847 0.205175
0.039976 -0.867579 0.340224
0.035954 -0.840260 0.021165
0.035918 -0.841124 0.089166
0.038048 -0.870642 0.320227
0.033489 -0.848541 0.889180
0.031776 -0.847378 0.483174
0.030972 -0.840146 0.104158
0.029867 -0.833994 0.185145
0.029612 -0.843947 0.710166
0.029681 -0.847058 0.655172
0.027084 -0.840335 0.031154
0.026674 -0.855717 0.845185
0.024915 -0.850501 0.462172
0.020092 -0.843064 0.205150
0.021272 -0.871789 0.341207
0.016197 -0.839338 0.088137
0.016258 -0.840470 0.021140
0.018250 -0.863868 0.317188
0.014744 -0.851777 0.889161
0.013001 -0.844600 0.481144
0.012305 -0.845347 0.105144
0.010843 -0.843181 0.707139
0.011996 -0.856261 0.661165
0.010162 -0.834213 0.184120
0.007346 -0.836542 0.032120
0.007883 -0.853956 0.842155
0.005128 -0.844738 0.457133
0.001357 -0.842270 0.205122
0.001552 -0.873011 0.341181
-0.002462 -0.839668 0.021111
-0.002458 -0.845539 0.088122
-0.001407 -0.871088 0.318172
-0.004037 -0.851019 0.885132
-0.006822 -0.834837 0.476097
-0.007504 -0.834561 0.104094
-0.006801 -0.852491 0.658130
-0.007933 -0.841413 0.704108
-0.008566 -0.833420 0.183090
-0.009908 -0.853179 0.840127
-0.010174 -0.857731 0.032133
-0.013567 -0.849953 0.458114
-0.016239 -0.857460 0.208123
-0.018232 -0.867235 0.339138
-0.021249 -0.837741 0.087078
-0.020156 -0.870300 0.316140
-0.022174 -0.837877 0.020076
-0.022844 -0.847262 0.880095
-0.024450 -0.849030 0.483094
-0.025567 -0.851716 0.657098
-0.026171 -0.839760 0.105073
-0.026603 -0.851629 0.710096
-0.027228 -0.839624 0.183072
-0.028704 -0.850416 0.837091
-0.029950 -0.849938 0.032085
-0.032264 -0.855166 0.459092
-0.036107 -0.840680 0.205058
-0.037167 -0.845457 0.332065
-0.039960 -0.837942 0.086046
-0.039908 -0.867521 0.315101
-0.040781 -0.849073 0.020065
-0.041605 -0.848498 0.878065
-0.043379 -0.846935 0.653058
-0.043152 -0.854241 0.486071
-0.045420 -0.844867 0.703051
-0.044769 -0.852957 0.106065
-0.045956 -0.838828 0.183037
-0.047449 -0.853643 0.839063
-0.048779 -0.837134 0.032028
-0.051034 -0.852384 0.457053
-0.054939 -0.842656 0.331028
-0.054803 -0.843882 0.206030
-0.058407 -0.847709 0.876032
-0.058662 -0.865731 0.313062
-0.058604 -0.838259 0.020012
-0.058681 -0.837140 0.086010
-0.059925 -0.854433 0.486040
-0.061101 -0.853138 0.658026
-0.063152 -0.850077 0.706016
-0.062599 -0.842150 0.105001
-0.064261 -0.851853 0.838017
-0.063682 -0.840023 0.181995
-0.066452 -0.843321 0.031994
-0.069744 -0.856598 0.458012
-0.072523 -0.846077 0.205986
-0.073695 -0.839870 0.329973
-0.077175 -0.847947 0.875981
-0.076441 -0.833332 0.084954
-0.077423 -0.862943 0.312005
-0.077320 -0.837457 0.018959
-0.078944 -0.843365 0.650968
-0.079649 -0.855659 0.487987
-0.081891 -0.852302 0.706977
-0.081312 -0.842349 0.104958
-0.083032 -0.851089 0.836972
-0.082415 -0.838228 0.180949
-0.086113 -0.847526 0.031956
-0.087644 -0.837822 0.447936
-0.091230 -0.848278 0.206945
-0.092431 -0.839078 0.330927
-0.095952 -0.846188 0.872932
-0.096311 -0.843165 0.304924
-0.096055 -0.843538 0.084925
-0.097405 -0.855864 0.487944
-0.096050 -0.834651 0.018909
-0.097636 -0.851576 0.657937
-0.100817 -0.850308 0.837927
-0.100674 -0.848536 0.702924
-0.100050 -0.839546 0.104908
-0.101163 -0.834431 0.179896
-0.103942 -0.834711 0.031889
-0.107327 -0.843043 0.449897
-0.109954 -0.848478 0.207898
-0.111137 -0.842284 0.331885
-0.114717 -0.846423 0.872885
-0.116362 -0.855792 0.661896
-0.116151 -0.856075 0.489897
-0.114776 -0.842734 0.084876
-0.115957 -0.852377 0.306890
-0.114740 -0.836845 0.017865
-0.119567 -0.852536 0.839883
-0.119422 -0.849760 0.703878
-0.118772 -0.838741 0.105858
-0.119895 -0.832632 0.179845
-0.123596 -0.839913 0.031847
-0.125120 -0.837251 0.446840
-0.128692 -0.846679 0.207846
-0.128918 -0.837481 0.331830
-0.133490 -0.845656 0.872834
-0.134225 -0.842020 0.653825
-0.133504 -0.840931 0.083823
-0.135626 -0.859589 0.308850
-0.134951 -0.848296 0.486833
-0.134403 -0.841046 0.017820
-0.137361 -0.850754 0.840832
-0.138216 -0.843994 0.698818
-0.137494 -0.837937 0.105807
-0.138597 -0.834831 0.179799
-0.142335 -0.836105 0.031790
-0.145749 -0.849473 0.452805
-0.148403 -0.846887 0.208792
-0.148621 -0.839694 0.333780
-0.152250 -0.846886 0.873784
-0.152941 -0.848230 0.659784
-0.153671 -0.852502 0.490788
-0.154400 -0.853797 0.306787
-0.153210 -0.840135 0.083766
-0.153162 -0.834238 0.017756
-0.156141 -0.848985 0.840777
-0.157948 -0.846224 0.701766
-0.156229 -0.835132 0.105749
-0.157335 -0.832031 0.178741
-0.161032 -0.838295 0.031741
-0.162625 -0.832679 0.444728
-0.168058 -0.856089 0.211751
-0.168258 -0.852897 0.339746
-0.171007 -0.849112 0.876734
-0.170758 -0.840448 0.655719
-0.173386 -0.855719 0.493736
-0.174901 -0.851205 0.845726
-0.171937 -0.838329 0.082709
-0.172256 -0.837002 0.301707
-0.171876 -0.833429 0.016701
-0.176700 -0.847444 0.702713
-0.175912 -0.838334 0.106697
-0.175094 -0.828221 0.177683
-0.180723 -0.839494 0.031684
-0.183276 -0.842900 0.449685
-0.184904 -0.842273 0.209677
-0.186082 -0.841098 0.336672
-0.189780 -0.849338 0.878678
-0.189521 -0.839665 0.657661
-0.192144 -0.854927 0.495678
-0.192712 -0.846427 0.843664
-0.190654 -0.838520 0.082653
-0.190992 -0.836204 0.301649
-0.190581 -0.834617 0.016646
-0.196432 -0.850669 0.706659
-0.193682 -0.832518 0.106633
-0.194782 -0.831425 0.178629
-0.199480 -0.832685 0.031615
-0.201077 -0.835105 0.446617
-0.204619 -0.842479 0.210617
-0.207688 -0.857317 0.343633
-0.208574 -0.845572 0.876613
-0.210198 -0.850884 0.668616
-0.210923 -0.850140 0.494611
-0.211485 -0.846649 0.846605
-0.213553 -0.857429 0.308614
-0.209412 -0.831714 0.081583
-0.210283 -0.833815 0.015583
-0.215216 -0.846894 0.704593
-0.212418 -0.829710 0.106570
-0.215443 -0.837636 0.179574
-0.218183 -0.834871 0.031560
-0.222724 -0.846330 0.453566
-0.223365 -0.839675 0.210552
-0.227437 -0.854528 0.344564
-0.227360 -0.843799 0.877549
-0.227996 -0.847092 0.668552
-0.229697 -0.846350 0.494544
-0.230265 -0.845872 0.848543
-0.233288 -0.856638 0.309548
-0.230069 -0.837921 0.081526
-0.229984 -0.834011 0.015519
-0.234961 -0.849116 0.708532
-0.232125 -0.829908 0.107506
-0.239005 -0.855870 0.182527
-0.236938 -0.828059 0.031486
-0.242461 -0.846545 0.454501
-0.245228 -0.848720 0.344495
-0.245988 -0.850900 0.214496
-0.246145 -0.842026 0.877484
-0.247752 -0.847313 0.672486
-0.248463 -0.844556 0.496478
-0.249053 -0.844095 0.850477
-0.246871 -0.828093 0.080453
-0.253047 -0.850851 0.307472
-0.249686 -0.834206 0.014454
-0.253747 -0.845337 0.707463
-0.251815 -0.834105 0.108447
-0.258728 -0.856071 0.182461
-0.255677 -0.824244 0.032416
-0.261231 -0.842753 0.453431
-0.266682 -0.855109 0.216432
-0.266909 -0.854942 0.348431
-0.266530 -0.845526 0.674419
-0.266896 -0.844264 0.883416
-0.267225 -0.843760 0.498412
-0.268817 -0.846318 0.857413
-0.266585 -0.827290 0.080384
-0.273758 -0.853065 0.309404
-0.268426 -0.830391 0.014382
-0.273519 -0.842565 0.708389
-0.273478 -0.839319 0.109380
-0.278473 -0.852273 0.182385
-0.278280 -0.837463 0.032360
-0.282936 -0.845981 0.457360
-0.285677 -0.852142 0.349355
-0.285447 -0.851302 0.217354
-0.285687 -0.843486 0.886344
-0.285317 -0.842741 0.676342
-0.286633 -0.841535 0.857336
-0.286987 -0.840977 0.500332
-0.289216 -0.836512 0.081313
-0.294482 -0.853282 0.310323
-0.288138 -0.829586 0.013304
-0.293283 -0.841793 0.710311
-0.293201 -0.838517 0.109301
-0.298219 -0.848477 0.182300
-0.298002 -0.835657 0.032277
-0.300735 -0.838185 0.455274
-0.305428 -0.849351 0.351275
-0.305191 -0.847507 0.217271
-0.307032 -0.847978 0.684268
-0.306442 -0.843733 0.890264
-0.306406 -0.840768 0.862259
-0.305756 -0.838185 0.502255
-0.315205 -0.853498 0.311243
-0.314022 -0.844026 0.715234
-0.315763 -0.853768 0.081240
-0.313692 -0.846829 0.012236
-0.311960 -0.832705 0.110218
-0.320877 -0.855702 0.183224
-0.327478 -0.860935 0.032206
-0.322441 -0.841415 0.458195
-0.325180 -0.846560 0.352192
-0.325815 -0.846191 0.688192
-0.324935 -0.844708 0.218189
-0.326216 -0.843965 0.895187
-0.325193 -0.839989 0.867184
-0.325510 -0.836401 0.504174
-0.333980 -0.847697 0.311159
-0.335493 -0.852962 0.081161
-0.335754 -0.847266 0.722154
-0.338303 -0.857064 0.011156
-0.333657 -0.834356 0.629139
-0.341454 -0.857983 0.113146
-0.339657 -0.846896 0.182134
-0.342196 -0.839628 0.460113
-0.348199 -0.859135 0.032120
-0.344932 -0.844766 0.354110
-0.345591 -0.843416 0.691108
-0.345658 -0.844916 0.220107
-0.344975 -0.838222 0.871102
-0.346986 -0.843210 0.900103
-0.346249 -0.837621 0.509093
-0.354718 -0.844913 0.311071
-0.356517 -0.845503 0.725067
-0.352318 -0.837133 0.080065
-0.352189 -0.835204 0.011062
-0.354401 -0.835584 0.633058
-0.362187 -0.855186 0.114057
-0.359412 -0.841096 0.182044
-0.361965 -0.833845 0.460023
-0.367955 -0.852326 0.032027
-0.367336 -0.844655 0.697021
-0.366655 -0.844990 0.357022
-0.365745 -0.838461 0.878018
-0.367762 -0.841455 0.904015
-0.368354 -0.847141 0.223018
-0.366010 -0.836833 0.513012
-0.376440 -0.845135 0.312982
-0.377282 -0.844736 0.728981
-0.379891 -0.853392 0.080980
-0.370946 -0.829384 0.010974
-0.375159 -0.833814 0.635969
-0.381941 -0.850381 0.113967
-0.382098 -0.845318 0.182958
-0.388678 -0.851524 0.031940
-0.386517 -0.840694 0.886936
-0.386133 -0.840868 0.699937
-0.381732 -0.829060 0.459933
-0.387404 -0.843203 0.359933
-0.386570 -0.836682 0.904929
-0.388108 -0.844339 0.223931
-0.386764 -0.835055 0.515923
-0.399151 -0.846364 0.314889
-0.398058 -0.840973 0.730887
-0.403566 -0.857617 0.080889
-0.395926 -0.830046 0.637876
-0.402678 -0.847583 0.113875
-0.406766 -0.850556 0.184863
-0.406317 -0.836926 0.890847
-0.407893 -0.841105 0.706846
-0.404448 -0.832293 0.464843
-0.405209 -0.833395 0.358841
-0.401982 -0.824492 0.220838
-0.409494 -0.837291 0.522831
-0.420883 -0.846582 0.316797
-0.421791 -0.844228 0.738793
-0.423333 -0.849808 0.080791
-0.420633 -0.836303 0.646783
-0.427349 -0.852815 0.115779
-0.428499 -0.847770 0.184766
-0.427684 -0.838324 0.710757
-0.429080 -0.840175 0.902755
-0.433075 -0.844196 0.926746
-0.421046 -0.819570 0.356749
-0.424227 -0.825507 0.464747
-0.424690 -0.826712 0.223745
-0.429273 -0.834501 0.525741
-0.443561 -0.843467 0.743697
-0.437711 -0.832763 0.314700
-0.442395 -0.835538 0.651688
-0.447289 -0.837958 0.184667
-0.447902 -0.833401 0.903662
-0.452417 -0.842583 0.721657
-0.448693 -0.832833 0.366653
-0.447944 -0.828748 0.469650
-0.446426 -0.823926 0.225646
-0.451034 -0.831731 0.529642
-0.465342 -0.840707 0.748597
-0.458470 -0.827975 0.314601
-0.464164 -0.833772 0.655589
-0.475185 -0.842826 0.729558
-0.465515 -0.822012 0.365560
-0.470688 -0.827981 0.473549
-0.474771 -0.833972 0.536542
-0.491076 -0.844976 0.758491
-0.484164 -0.832223 0.319495
-0.487917 -0.833024 0.661483
-0.496974 -0.841060 0.736457
-0.490232 -0.824254 0.371454
-0.488564 -0.817873 0.923455
-0.499508 -0.837220 0.545437
-0.491465 -0.822200 0.474446
-0.512871 -0.839218 0.761383
-0.511677 -0.833272 0.668377
-0.520746 -0.840312 0.744349
-0.516932 -0.828513 0.377342
-0.523265 -0.836462 0.551329
-0.518174 -0.827462 0.482335
-0.538627 -0.841486 0.771270
-0.533466 -0.828507 0.671269
-0.542550 -0.836546 0.751243
-0.546041 -0.833696 0.556220
-0.543906 -0.827719 0.487218
-0.558452 -0.832710 0.772163
-0.561202 -0.830789 0.681146
-0.570300 -0.839830 0.764121
-0.571795 -0.833953 0.564102
-0.589182 -0.840016 0.789034
-0.583004 -0.826020 0.685036
-0.591125 -0.834055 0.769014
-0.472933 2.860430 1.741800
-0.469402 2.701390 1.699934
-0.612742 -0.829317 0.696903
-0.433956 2.897661 1.703992
-0.414086 2.904811 1.765093
-0.465419 2.953377 1.744951
-0.441754 2.645530 1.710142
-0.422171 2.808691 1.761171
-0.464858 3.028311 1.744031
-0.376856 3.020033 1.775271
-0.344391 2.862251 1.737450
-0.402669 3.010776 1.769269
-0.395461 2.745813 1.766382
-0.360054 2.826075 1.767496
-0.398100 3.087730 1.765387
1.446945 2.046005 1.414376
0.441949 0.644265 0.327896
1.472578 2.040225 1.332643
1.927704 2.579789 1.801500
0.459118 0.659386 0.312049
0.459353 0.634334 0.329030
2.125587 2.706874 1.920794
0.460720 0.628353 0.304079
0.474774 0.622392 0.328149
1.933942 2.348220 1.872684
1.942146 2.251183 1.829744
1.639641 -0.875821 0.075700
1.611938 -0.889006 0.070447
1.612444 -0.893982 0.214411
1.612670 -0.896385 0.421401
1.654855 -0.885911 0.101611
1.583238 -0.882723 -0.002644
1.590268 -0.886672 -0.002645
1.637407 -0.879013 -0.049421
1.582458 -0.889263 0.222303
1.633624 -0.883547 0.171530
1.566640 -0.885831 0.435265
1.563999 -0.881377 0.072274
1.620750 -0.879653 -0.120514
1.621737 -0.883763 -0.103546
1.558974 -0.902568 0.677084
1.631584 -0.881100 -0.044521
1.614328 -0.897705 0.317309
1.630327 -0.885687 0.039434
1.535886 -0.896926 0.703020
1.582479 -0.883760 -0.000739
1.608393 -0.903602 0.586239
1.526245 -0.887647 0.069024
1.522753 -0.889622 0.206995
1.528035 -0.894959 0.406983
1.618970 -0.885701 -0.116631
1.576105 -0.892520 0.393168
1.487495 -0.875452 -0.001065
1.500560 -0.883351 -0.002071
1.625665 -0.902137 0.534284
1.570231 -0.890550 0.100142
1.593250 -0.880421 -0.184715
1.492773 -0.883884 0.211895
1.600197 -0.885550 -0.158726
1.552748 -0.882672 -0.045881
1.623565 -0.908296 0.844232
1.578401 -0.907943 0.890063
1.491050 -0.888320 0.417856
1.562190 -0.897496 0.663066
1.604718 -0.896410 0.260217
1.551015 -0.888149 0.166070
1.485356 -0.883956 0.068849
1.542016 -0.891745 0.967033
1.532056 -0.880356 -0.113968
1.576152 -0.885765 0.136166
1.530018 -0.881482 -0.097988
1.581347 -0.893334 0.368134
1.473357 -0.897085 0.650696
1.482223 -0.906241 0.970673
1.516667 -0.891373 0.303873
1.544908 -0.882774 -0.040973
1.457326 -0.896383 0.674622
1.445559 -0.886253 0.067624
1.539668 -0.886378 0.039971
1.489768 -0.879468 0.000832
1.517812 -0.901173 0.562801
1.439065 -0.885219 0.199607
1.452413 -0.895472 0.393590
1.543599 -0.900454 0.628891
1.523261 -0.883463 -0.109092
1.486480 -0.889116 0.376745
1.419846 -0.879958 -0.002453
1.415831 -0.877994 -0.001455
1.481541 -0.887210 0.097723
1.413113 -0.881438 0.202509
1.527090 -0.898772 0.511817
1.500519 -0.878183 -0.173161
1.459010 -0.876405 -0.041298
1.417440 -0.888799 0.401473
1.492875 -0.906426 0.855640
1.498448 -0.879373 -0.148181
1.414685 -0.885481 0.066472
1.482639 -0.898986 0.638646
1.532059 -0.907830 0.810773
1.523643 -0.905663 0.920756
1.455321 -0.880839 0.159652
1.470531 -0.897154 0.935618
1.513091 -0.895058 0.250767
1.442326 -0.876068 -0.107384
1.493507 -0.887385 0.133733
1.438269 -0.875210 -0.091395
1.488729 -0.889957 0.352697
1.411668 -0.905627 0.938314
1.393748 -0.892570 0.626328
1.376716 -0.889840 0.645267
1.428023 -0.886989 0.292462
1.450191 -0.877516 -0.036402
1.368852 -0.882830 0.066261
1.372417 -0.887713 0.195240
1.368740 -0.888036 0.379228
1.412094 -0.880068 0.002430
1.427217 -0.895742 0.539389
1.455015 -0.887026 0.040536
1.452001 -0.894006 0.601485
1.397819 -0.881708 0.361361
1.342124 -0.875557 -0.000812
1.345142 -0.877528 -0.001815
1.435537 -0.880169 -0.101506
1.344452 -0.880918 0.194160
1.400874 -0.885813 0.095324
1.346822 -0.888262 0.386113
1.352833 -0.898150 0.942081
1.386347 -0.878972 -0.038693
1.335976 -0.880058 0.063117
1.438495 -0.895350 0.492398
1.408763 -0.871934 -0.162567
1.393029 -0.890516 0.610267
1.406323 -0.900912 0.821248
1.405670 -0.871133 -0.137574
1.438102 -0.901123 0.883362
1.402020 -0.900541 0.905234
1.383693 -0.883360 0.154262
1.424450 -0.891691 0.242347
1.364617 -0.874695 -0.100768
1.403828 -0.882043 0.129328
1.341101 -0.903017 0.906972
1.335159 -0.896961 0.610982
1.408103 -0.888518 0.341299
1.304126 -0.886259 0.618923
1.320267 -0.895203 0.064892
1.356420 -0.889502 0.284070
1.300086 -0.885501 0.366896
1.304755 -0.887207 0.189894
1.375522 -0.879106 -0.032798
1.354618 -0.895217 0.522020
1.350492 -0.888546 0.003034
1.383379 -0.890573 0.040137
1.377431 -0.894481 0.581099
1.341262 -0.891109 0.351981
1.297883 -0.893259 0.188801
1.350820 -0.875848 -0.094897
1.270147 -0.879750 0.368795
1.323189 -0.882401 0.093957
1.285296 -0.896499 0.907744
1.292393 -0.893388 0.060764
1.327729 -0.887439 -0.036075
1.318446 -0.887969 0.586906
1.315731 -0.888393 0.782899
1.335066 -0.872541 -0.153949
1.329487 -0.898933 0.871874
1.374598 -0.907513 0.858975
1.361925 -0.895854 0.475001
1.334997 -0.873707 -0.130959
1.329111 -0.893779 0.151882
1.354977 -0.897846 0.744961
1.277524 -0.901372 0.878655
1.263519 -0.890395 0.588671
1.345823 -0.890251 0.233958
1.298906 -0.878322 -0.082140
1.336215 -0.886555 0.126938
1.331475 -0.886041 0.328930
1.242543 -0.886630 0.597598
1.250484 -0.892863 0.359567
1.242511 -0.884788 0.063586
1.256156 -0.896576 0.186551
1.297813 -0.894931 0.277716
1.323962 -0.893523 -0.030200
1.280786 -0.886089 0.004697
1.275998 -0.888714 0.501675
1.300674 -0.884208 0.040773
1.221802 -0.880468 -0.002485
1.305857 -0.893932 0.560735
1.222168 -0.883789 0.180495
1.263597 -0.883625 0.337650
1.226584 -0.891062 0.360459
1.221740 -0.893820 0.874436
1.214640 -0.881958 0.057467
1.297227 -0.887281 -0.091281
1.277614 -0.895763 0.093593
1.252890 -0.889323 0.835568
1.254857 -0.888374 0.568572
1.261207 -0.895751 0.764545
1.252010 -0.882038 -0.032415
1.277989 -0.888987 0.813653
1.217936 -0.899708 0.852358
1.252407 -0.886335 0.146555
1.282310 -0.890376 0.457642
1.217943 -0.898716 0.577352
1.291439 -0.901245 0.723599
1.234257 -0.877742 -0.091469
1.287240 -0.897692 0.229584
1.281628 -0.895979 0.125566
1.280935 -0.898426 0.323550
1.182950 -0.885991 0.577291
1.181784 -0.884325 0.347288
1.190875 -0.890183 0.062263
1.181416 -0.885113 0.180269
1.223145 -0.888456 0.268389
1.243198 -0.883159 -0.026517
1.213098 -0.883612 0.005369
1.223436 -0.896091 0.491330
1.172550 -0.889143 0.174183
1.210001 -0.889008 0.329319
1.244054 -0.890654 0.041418
1.238265 -0.892364 0.542400
1.151885 -0.878533 0.343186
1.160186 -0.891138 0.843136
1.167008 -0.888316 0.055155
1.198885 -0.885352 0.091283
1.226513 -0.883853 -0.085614
1.195335 -0.890659 0.811254
1.200273 -0.891731 0.553255
1.154327 -0.893049 0.823086
1.198643 -0.895128 0.741224
1.222448 -0.893330 0.792323
1.195356 -0.885484 -0.030744
1.147266 -0.887137 0.555091
1.188731 -0.883804 0.142248
1.205700 -0.875610 -0.139645
1.225756 -0.896773 0.446287
1.210672 -0.880729 -0.118668
1.216882 -0.896690 0.697256
1.211573 -0.891236 0.222254
1.206910 -0.887534 0.122260
1.201228 -0.885960 0.310257
1.137378 -0.892289 0.562989
1.136190 -0.891665 0.340976
1.133773 -0.889474 0.176975
1.126140 -0.882674 0.060995
1.166526 -0.890871 0.262070
1.153420 -0.883076 0.006062
1.182548 -0.885651 -0.022857
1.155805 -0.890531 0.475029
1.111864 -0.884578 0.167907
1.147348 -0.885441 0.319025
1.112312 -0.888821 0.335877
1.187693 -0.898720 0.531074
1.103611 -0.888436 0.814862
1.106306 -0.883770 0.052878
1.174365 -0.886195 0.042099
1.099723 -0.890365 0.799822
1.133758 -0.887000 0.783965
1.170850 -0.887311 -0.080937
1.143244 -0.887780 0.089968
1.131647 -0.884147 0.531968
1.106684 -0.895433 0.545795
1.164881 -0.893677 0.770018
1.136670 -0.884954 -0.028046
1.139076 -0.894495 0.719916
1.130079 -0.883236 0.137946
1.153119 -0.889255 0.430981
1.151305 -0.893083 0.673948
1.158416 -0.902053 0.944912
1.073722 -0.882650 0.539745
1.148259 -0.887979 0.119950
1.082505 -0.888036 0.331727
1.148625 -0.890349 0.303939
1.155974 -0.895655 0.217921
1.078094 -0.886887 0.172705
1.071457 -0.881092 0.059720
1.105865 -0.887306 0.254785
-0.514382 2.934383 1.821903
1.060204 -0.883945 0.161638
1.119831 -0.881150 -0.020140
1.096746 -0.882520 0.006770
1.102205 -0.891896 0.462733
1.052629 -0.881208 0.322634
-0.490202 2.819212 1.732140
1.051022 -0.885714 0.788608
1.092726 -0.885823 0.309734
1.115040 -0.887154 0.508806
1.048593 -0.878201 0.050626
1.051101 -0.888652 0.779579
1.108668 -0.880700 0.041809
1.086205 -0.891302 0.765672
1.047012 -0.886799 0.527561
1.087072 -0.890457 0.520671
1.087578 -0.887209 0.088680
1.105291 -0.890020 0.745741
1.100099 -0.877887 -0.075215
1.077961 -0.881424 -0.025320
1.082497 -0.892836 0.698633
1.073417 -0.881662 0.134663
1.100535 -0.892626 0.420671
1.072657 -0.895922 0.963566
1.023102 -0.880966 0.523491
1.034869 -0.889381 0.324459
1.102778 -0.900425 0.660620
1.093870 -0.896384 0.911628
1.089596 -0.886433 0.118657
1.029419 -0.886247 0.168452
1.089997 -0.888759 0.294646
1.091292 -0.889123 0.211645
1.014717 -0.873523 0.058492
1.055230 -0.888682 0.249504
1.007508 -0.879318 0.155402
-0.421525 2.779602 1.724348
1.046565 -0.888266 0.449474
1.004994 -0.881537 0.313376
-0.433356 2.878237 1.761068
1.040045 -0.878971 0.008505
1.063147 -0.879607 -0.017423
1.007474 -0.889979 0.769333
1.013535 -0.895914 0.766307
1.043098 -0.887181 0.302457
0.999917 -0.877567 0.048373
1.064436 -0.888499 0.496526
1.003381 -0.888097 0.516315
1.029602 -0.885605 0.739427
1.026417 -0.881822 0.501434
1.056032 -0.883120 0.042508
1.025852 -0.878681 0.087437
1.058736 -0.894318 0.728452
1.044411 -0.876339 -0.071492
1.029900 -0.891167 0.680370
1.022257 -0.877873 -0.022580
1.016717 -0.876086 0.131417
1.019081 -0.892213 0.936317
0.978496 -0.882251 0.509239
0.984198 -0.885739 0.316224
1.045927 -0.892002 0.409389
0.977706 -0.880629 0.164230
1.035146 -0.888811 0.635377
1.037344 -0.887137 0.287384
0.973074 -0.877855 0.058227
1.039328 -0.895707 0.887345
1.031908 -0.881872 0.116398
1.038672 -0.890520 0.207353
0.999562 -0.884087 0.243253
0.959840 -0.877663 0.150163
-0.371307 2.905236 1.797771
0.959871 -0.886203 0.742114
0.958354 -0.880857 0.304133
-0.372472 2.934299 1.787999
0.991361 -0.878357 0.009253
0.953857 -0.882242 0.741121
0.991924 -0.883627 0.436229
0.950206 -0.872940 0.046152
1.012476 -0.880021 -0.014694
0.990441 -0.883545 0.293213
0.956728 -0.885409 0.504090
1.012814 -0.886842 0.483269
0.985028 -0.887886 0.722166
0.977788 -0.880142 0.488191
1.000331 -0.878560 0.043259
1.001109 -0.886647 0.705222
0.976175 -0.877066 0.086189
0.979293 -0.888479 0.662126
0.972567 -0.876271 -0.020829
0.995742 -0.877741 -0.067764
0.969052 -0.875444 0.128170
0.939528 -0.884058 0.309000
0.932870 -0.880534 0.494010
0.973523 -0.893488 0.915061
0.932044 -0.879975 0.160991
0.932411 -0.880171 0.056985
0.992314 -0.890378 0.399120
0.983673 -0.882523 0.280145
0.990581 -0.893124 0.623097
0.981240 -0.880259 0.114145
0.985768 -0.893017 0.863086
0.981998 -0.884937 0.202108
0.914140 -0.873999 0.145953
0.922272 -0.889451 0.727878
0.948895 -0.880455 0.237019
0.915700 -0.880146 0.294909
0.915276 -0.885484 0.724880
0.910545 -0.875240 0.043916
0.938649 -0.872773 0.010027
0.944301 -0.882967 0.426980
0.913084 -0.883698 0.491872
0.943783 -0.881878 0.285980
0.962805 -0.879421 -0.012952
0.963194 -0.885177 0.471021
0.940425 -0.887155 0.703934
0.933191 -0.881441 0.475939
0.959526 -0.889924 0.690967
0.930519 -0.877422 0.084941
0.951667 -0.877942 0.043007
0.931692 -0.886784 0.645888
0.924882 -0.874656 -0.019067
0.925404 -0.876782 0.125923
0.946054 -0.876152 -0.064012
0.895852 -0.881369 0.301790
0.890250 -0.879800 0.479787
0.937999 -0.902759 0.902777
0.890367 -0.879291 0.157773
0.885701 -0.875530 0.055779
0.938665 -0.884743 0.387890
0.940066 -0.885851 0.274879
0.932575 -0.878640 0.112902
0.941002 -0.892452 0.607838
0.948254 -0.902301 0.850792
0.882642 -0.888703 0.712670
0.930341 -0.881317 0.196868
0.875510 -0.877286 0.141712
0.874035 -0.878433 0.286701
0.870663 -0.881729 0.703675
0.903249 -0.879801 0.232780
0.872426 -0.881978 0.481668
0.868866 -0.874562 0.042697
0.896997 -0.875109 0.010780
0.897662 -0.880290 0.416756
0.902163 -0.884184 0.279733
0.916555 -0.882487 0.458798
0.917125 -0.878792 -0.011190
0.887779 -0.877441 0.680748
0.889552 -0.879737 0.464721
0.912917 -0.887206 0.672744
0.886845 -0.876772 0.084713
0.855966 -0.886936 0.965559
0.884207 -0.875989 -0.017299
0.905020 -0.878319 0.043754
0.887098 -0.886073 0.630654
0.859202 -0.883652 0.297569
0.878722 -0.873133 0.122709
0.901380 -0.876527 -0.060254
0.848615 -0.878073 0.467578
0.853707 -0.881578 0.155551
0.884392 -0.893025 0.873584
0.849048 -0.878826 0.055547
0.898444 -0.888164 0.269633
0.894063 -0.886074 0.380637
0.885902 -0.875999 0.110679
0.842007 -0.885953 0.696476
0.891384 -0.887766 0.591618
0.839853 -0.879548 0.137495
0.891646 -0.891595 0.822595
0.887702 -0.882654 0.194626
0.836408 -0.880709 0.280473
0.835792 -0.883236 0.472456
0.830071 -0.880968 0.685461
0.860582 -0.878124 0.228567
0.832210 -0.876840 0.040475
0.858340 -0.877415 0.010549
0.861520 -0.884480 0.273511
0.855036 -0.879591 0.407533
0.877950 -0.885768 0.450558
0.851192 -0.880687 0.667517
0.872452 -0.878165 -0.008423
0.849925 -0.880009 0.454504
0.869307 -0.885487 0.657527
0.826380 -0.893154 0.953334
0.847191 -0.878084 0.083486
0.820527 -0.881933 0.291375
0.846493 -0.886353 0.618432
0.861337 -0.876673 0.044536
0.846121 -0.881398 0.121449
0.845563 -0.879310 -0.015541
0.810989 -0.878323 0.456370
0.816038 -0.881873 0.153343
0.861732 -0.879859 -0.057501
0.813373 -0.880105 0.054340
0.843816 -0.893278 0.855362
0.804373 -0.884186 0.681288
0.850751 -0.881510 0.263443
0.805212 -0.882812 0.134273
0.850290 -0.882293 0.110423
0.848432 -0.883395 0.371418
0.799136 -0.882500 0.464264
0.850088 -0.892863 0.805358
0.845794 -0.886068 0.577390
0.801786 -0.883953 0.273252
0.790457 -0.878186 0.666272
0.844064 -0.881983 0.190398
0.797546 -0.879111 0.039263
0.821944 -0.879418 0.224345
0.823690 -0.881700 0.011318
0.820857 -0.882783 0.268307
0.818411 -0.881869 0.401312
0.809564 -0.876934 0.650329
0.835318 -0.884071 0.441345
0.810281 -0.878280 0.444307
0.786758 -0.888358 0.930165
0.833812 -0.881486 -0.006665
0.828684 -0.883750 0.643325
0.782854 -0.880215 0.286187
0.809562 -0.881391 0.083249
0.776361 -0.879557 0.446168
0.803868 -0.882622 0.603238
0.808466 -0.882698 0.120232
0.806886 -0.879630 -0.013754
0.781372 -0.883145 0.151141
0.824720 -0.881977 0.045285
0.813727 -0.882428 0.959277
0.821047 -0.879199 -0.054713
0.776703 -0.880392 0.053137
0.801205 -0.888517 0.834177
0.767711 -0.880408 0.666125
0.811115 -0.881807 0.258226
0.767537 -0.881089 0.130085
0.761462 -0.878754 0.454095
0.810635 -0.882608 0.109206
0.810830 -0.886688 0.366181
0.766136 -0.884211 0.267054
0.809501 -0.892126 0.789145
0.753849 -0.877413 0.651079
0.803175 -0.883359 0.565186
0.761891 -0.880382 0.037055
0.808442 -0.886276 0.189162
0.782284 -0.877718 0.220147
0.779180 -0.878077 0.261129
0.786033 -0.883008 0.012100
0.772944 -0.876166 0.636138
0.797673 -0.883333 0.432148
0.756148 -0.890555 0.914975
0.784832 -0.888135 0.396065
0.775662 -0.880529 0.436095
0.787046 -0.879002 0.627147
0.793112 -0.878822 -0.004857
0.748215 -0.881475 0.280984
0.775898 -0.884667 0.083030
0.764214 -0.878881 0.590057
0.743742 -0.882784 0.436953
0.750730 -0.888389 0.148916
0.774826 -0.886963 0.118002
0.771216 -0.881930 -0.011974
0.787163 -0.892670 0.952025
0.785039 -0.881304 0.046073
0.744025 -0.882658 0.052931
0.736082 -0.882636 0.655925
0.784376 -0.881510 -0.051940
0.760592 -0.884758 0.814989
0.773446 -0.881095 0.254022
0.731840 -0.883993 0.448872
0.730855 -0.879359 0.125893
0.773954 -0.882909 0.108996
0.729455 -0.881467 0.259872
0.720229 -0.877624 0.636883
0.773204 -0.887972 0.359955
0.720139 -0.871705 0.035905
0.761543 -0.879633 0.551988
0.764893 -0.886397 0.769951
0.717478 -0.881735 0.890841
0.747638 -0.879999 0.217924
0.766790 -0.884600 0.185942
0.735307 -0.873414 0.622949
0.741513 -0.876359 0.255930
0.746321 -0.879330 0.012910
0.747176 -0.886412 0.388865
0.764066 -0.887593 0.425910
0.743041 -0.883773 0.428872
0.733340 -0.880150 0.952889
0.753434 -0.881245 0.616929
0.721568 -0.887699 0.278762
0.751413 -0.875167 -0.003060
0.739228 -0.883965 0.082825
0.712009 -0.881682 0.145760
0.710119 -0.883009 0.426754
0.730620 -0.881130 0.580838
0.731096 -0.877290 0.114850
0.744557 -0.884884 0.926860
0.725454 -0.870301 -0.010117
0.701428 -0.878858 0.642761
0.709350 -0.881930 0.051736
0.751413 -0.885577 0.045833
0.727006 -0.885992 0.801780
0.739650 -0.873888 -0.048117
0.700192 -0.884225 0.441684
0.702209 -0.883584 0.123682
0.738823 -0.883370 0.250798
0.695801 -0.880709 0.253683
0.686606 -0.875832 0.622705
0.733284 -0.879223 0.106800
0.686450 -0.869959 0.033727
0.689886 -0.885951 0.880635
0.735606 -0.889266 0.354723
0.722063 -0.891229 0.217657
0.726317 -0.884644 0.753745
0.725966 -0.881905 0.543758
0.731141 -0.884883 0.183733
0.705731 -0.878635 0.613722
0.705872 -0.875624 0.250731
0.723395 -0.880868 0.415746
0.705622 -0.873652 0.012734
0.705782 -0.886367 0.941663
0.711557 -0.886682 0.382656
0.705396 -0.880027 0.418693
0.718814 -0.880484 0.605736
0.684887 -0.882964 0.272597
0.718765 -0.878444 -0.001283
0.675469 -0.880248 0.417580
0.668253 -0.868003 0.141649
0.671788 -0.879066 0.632585
0.692460 -0.869328 0.081708
0.710959 -0.884099 0.910673
0.696017 -0.881386 0.571634
0.699476 -0.881547 0.113622
0.675675 -0.881203 0.051547
0.699872 -0.881519 -0.009384
0.711731 -0.881903 0.046643
0.690424 -0.884235 0.786586
0.670547 -0.885451 0.435498
0.705996 -0.876178 -0.045335
0.701918 -0.884578 0.956619
0.664502 -0.876859 0.119532
0.649843 -0.868894 0.948586
0.668183 -0.885922 0.249467
0.705190 -0.884629 0.246590
0.656020 -0.878035 0.610503
0.655252 -0.880133 0.860493
0.699634 -0.880502 0.106592
0.646727 -0.861267 0.032587
0.675099 -0.878850 0.603542
0.697964 -0.886547 0.348534
0.670277 -0.869583 0.209586
0.689726 -0.882898 0.740552
0.691375 -0.883168 0.535545
0.676253 -0.879861 0.247514
0.692779 -0.884110 0.410534
0.680016 -0.882871 0.013488
0.672187 -0.884576 0.924486
0.692493 -0.882183 0.180538
0.657251 -0.887195 0.270391
0.670745 -0.877273 0.410520
0.677916 -0.885935 0.376468
0.686198 -0.880715 0.595545
0.684088 -0.877737 0.000524
0.643832 -0.879463 0.408403
0.644646 -0.877210 0.141414
0.642172 -0.880285 0.623399
0.677358 -0.882313 0.894497
0.665860 -0.877554 0.081467
0.662753 -0.874830 0.111480
0.661386 -0.878621 0.560462
0.642975 -0.878460 0.050385
0.658121 -0.870863 -0.007513
0.655802 -0.880454 0.771424
0.638893 -0.883675 0.427331
0.675052 -0.879207 0.047460
0.634860 -0.879084 0.116335
0.623289 -0.874096 0.936375
0.670333 -0.875475 -0.043534
0.668366 -0.885822 0.942411
0.629639 -0.883328 0.850309
0.633505 -0.881161 0.242314
0.670530 -0.882902 0.243407
0.625410 -0.878244 0.599321
0.627143 -0.874427 0.031334
0.666986 -0.881774 0.106390
0.643490 -0.879074 0.593355
0.622529 -0.879442 0.264270
0.663337 -0.885807 0.342341
0.647724 -0.882792 0.209315
0.646614 -0.882097 0.244318
0.637569 -0.878745 0.902345
0.658132 -0.881356 0.402363
0.642283 -0.875179 0.014351
0.655142 -0.882145 0.728359
0.645152 -0.884486 0.406295
0.655582 -0.881947 0.587354
0.655765 -0.881428 0.526357
0.661865 -0.885438 0.179326
0.645276 -0.885181 0.370286
0.614542 -0.881485 0.614225
0.618019 -0.882432 0.140203
0.613207 -0.879680 0.400222
0.646759 -0.882528 0.881317
0.646384 -0.872045 0.001367
0.633193 -0.876823 0.081285
0.630078 -0.873093 0.110309
0.633798 -0.883856 0.555246
0.611293 -0.876710 0.049219
0.625421 -0.868132 -0.006673
0.609225 -0.881890 0.420176
0.625215 -0.881679 0.760233
0.642395 -0.879474 0.047268
0.602156 -0.874330 0.113195
0.598733 -0.880279 0.924166
0.599002 -0.879509 0.834170
0.636630 -0.872766 -0.040699
0.600828 -0.877402 0.237163
0.636800 -0.887054 0.929214
0.636862 -0.880159 0.239242
0.596816 -0.880446 0.589131
0.594450 -0.870674 0.029183
0.634308 -0.880036 0.105219
0.615884 -0.882292 0.586161
0.594872 -0.880663 0.261095
0.607964 -0.877935 0.887182
0.611908 -0.875352 0.239188
0.617070 -0.883041 0.207134
0.611484 -0.879722 0.398150
0.627509 -0.882597 0.397172
0.610612 -0.874435 0.014175
0.630727 -0.887069 0.338139
0.626983 -0.885173 0.580154
0.596727 -0.867594 0.953231
0.625564 -0.885385 0.720153
0.612632 -0.883434 0.365115
0.627189 -0.886668 0.521135
0.587903 -0.882693 0.607056
0.625193 -0.880731 0.177164
0.586311 -0.877672 0.137069
0.582551 -0.876884 0.391072
0.616158 -0.881733 0.867148
0.580579 -0.872961 0.049079
0.613716 -0.871325 0.003187
0.602450 -0.877320 0.109104
0.599506 -0.873101 0.081130
0.605202 -0.887089 0.549045
0.581569 -0.882107 0.415012
0.598803 -0.874359 -0.005894
0.593595 -0.878890 0.747079
0.572390 -0.880703 0.823001
0.572491 -0.873554 0.110030
0.566140 -0.875437 0.902026
0.609718 -0.877749 0.048098
0.572179 -0.877612 0.231993
0.601937 -0.869065 -0.037860
0.601198 -0.881271 0.911070
0.607235 -0.882396 0.236047
0.565767 -0.869900 0.028024
0.567200 -0.879645 0.577966
0.600624 -0.876307 0.104065
0.585256 -0.880497 0.575002
0.580364 -0.879142 0.876008
0.566220 -0.880894 0.257925
0.580257 -0.873595 0.235023
0.583389 -0.878304 0.203989
0.594832 -0.877833 0.390034
0.563260 -0.884893 0.600889
0.578817 -0.874951 0.390011
0.594327 -0.880390 0.569016
0.571164 -0.872832 0.946027
0.575894 -0.867723 0.015046
0.578957 -0.877677 0.357981
0.597083 -0.884328 0.332974
0.592979 -0.884623 0.708973
0.556621 -0.874907 0.134925
0.594580 -0.885922 0.513955
0.585524 -0.877924 0.852011
0.591534 -0.878001 0.174999
0.550888 -0.872097 0.381938
0.555926 -0.884318 0.410839
0.552935 -0.875183 0.047895
0.585049 -0.872567 0.004008
0.567735 -0.869590 0.106985
0.573564 -0.884325 0.540891
0.570866 -0.875342 0.080940
0.543731 -0.875871 0.807885
0.567112 -0.871631 -0.004048
0.566001 -0.881115 0.738895
0.542808 -0.870778 0.106887
0.536531 -0.871582 0.881894
0.543510 -0.875822 0.226845
0.577055 -0.876026 0.048928
0.574289 -0.872305 -0.036054
0.538566 -0.877833 0.566818
0.577587 -0.882641 0.233873
0.535074 -0.866142 0.026886
0.570631 -0.881494 0.897890
0.555622 -0.878710 0.565849
0.541571 -0.884101 0.255748
0.567943 -0.872571 0.102916
0.551765 -0.878331 0.861851
0.534598 -0.881080 0.589762
0.549577 -0.869829 0.230886
0.565689 -0.879603 0.560859
0.567212 -0.880051 0.384851
0.550696 -0.872560 0.200861
0.550187 -0.875168 0.383843
0.546595 -0.878060 0.938829
0.549251 -0.870942 0.014858
0.550319 -0.877908 0.353812
0.521872 -0.863170 0.131848
0.555902 -0.875116 0.837870
0.562422 -0.878586 0.326835
0.564392 -0.886863 0.701783
0.563961 -0.885157 0.506786
0.564926 -0.883228 0.173789
0.526288 -0.877301 0.377740
0.524230 -0.876530 0.401738
0.521213 -0.868443 0.047782
0.520108 -0.878054 0.798724
0.551344 -0.866856 0.005876
0.538884 -0.874537 0.527794
0.538063 -0.867832 0.105833
0.539155 -0.869596 0.079818
0.535409 -0.866895 -0.003180
0.517144 -0.871980 0.104725
0.537401 -0.881338 0.729727
0.509952 -0.872767 0.868727
0.508784 -0.864058 0.219769
0.543343 -0.869310 0.049806
0.502316 -0.855398 0.025811
0.509929 -0.875020 0.555681
0.543595 -0.869568 -0.034201
0.543870 -0.873888 0.228772
0.542040 -0.881723 0.887722
0.527974 -0.876905 0.556708
0.524131 -0.875506 0.847721
0.503798 -0.866353 0.247718
0.538268 -0.870822 0.102764
0.508970 -0.882289 0.583600
0.525967 -0.876029 0.228683
0.538552 -0.878274 0.379705
0.537062 -0.878817 0.552702
0.522540 -0.874375 0.377692
0.520991 -0.879264 0.928668
0.522041 -0.871794 0.198704
0.509447 -0.852268 0.015829
0.496199 -0.863383 0.130697
0.530298 -0.877339 0.830698
0.517645 -0.871143 0.346696
0.532784 -0.877832 0.323673
0.489534 -0.859502 0.363716
0.497547 -0.873737 0.396613
0.531789 -0.883089 0.689635
0.531321 -0.880399 0.498649
0.525164 -0.866524 0.169740
0.495475 -0.878244 0.789579
0.489464 -0.858693 0.046703
0.515291 -0.880765 0.525591
0.508458 -0.864852 0.079693
0.524706 -0.870084 0.006688
0.507389 -0.864073 0.103696
0.507729 -0.866130 -0.002331
0.511797 -0.883553 0.722555
0.486452 -0.866212 0.101609
0.484368 -0.873942 0.855565
0.484143 -0.866255 0.216603
0.474614 -0.851617 0.024691
0.517727 -0.874536 0.050603
0.483330 -0.876212 0.546514
0.515219 -0.873125 0.226616
0.510878 -0.862855 -0.031316
0.481145 -0.869544 0.245553
0.500337 -0.875101 0.547568
0.499530 -0.877704 0.838555
0.512448 -0.879942 0.875571
0.485338 -0.884482 0.577440
0.513647 -0.876036 0.102567
0.491217 -0.862273 0.222631
0.505842 -0.868499 0.371622
0.511432 -0.880023 0.546542
0.491855 -0.867595 0.370588
0.494397 -0.879469 0.917512
0.492365 -0.868037 0.196574
0.504679 -0.877533 0.820549
0.470536 -0.863598 0.129547
0.481766 -0.850505 0.016689
0.490001 -0.870375 0.343545
0.475933 -0.879935 0.394422
0.468816 -0.873402 0.775476
0.470969 -0.871686 0.362479
0.506163 -0.880055 0.320496
0.468837 -0.865862 0.045508
0.502182 -0.881317 0.680484
0.502699 -0.879627 0.492492
0.498531 -0.868760 0.169564
0.480767 -0.862085 0.079563
0.480704 -0.862292 0.102562
0.493977 -0.863351 0.008585
0.488692 -0.882990 0.520414
0.483080 -0.869343 -0.001507
0.454685 -0.853450 0.098563
0.483177 -0.880755 0.711420
0.456752 -0.870102 0.839446
0.457479 -0.864458 0.212469
0.449939 -0.851824 0.024548
0.457682 -0.874390 0.537386
0.454452 -0.865757 0.242439
0.471886 -0.872876 0.824447
0.486537 -0.869352 0.223492
0.460669 -0.882669 0.570316
0.486007 -0.866797 0.050505
0.476731 -0.879311 0.543387
0.487255 -0.869068 -0.029518
0.485877 -0.882174 0.867394
0.486808 -0.882230 0.541377
0.478899 -0.863315 0.101506
0.484253 -0.876706 0.370410
0.467595 -0.866473 0.220451
0.469244 -0.872790 0.367402
0.478040 -0.874723 0.809426
0.465788 -0.875662 0.903388
0.446869 -0.864796 0.128398
0.465704 -0.867265 0.195430
0.447181 -0.875583 0.768328
0.456087 -0.849718 0.016551
0.443176 -0.864132 0.383402
0.465382 -0.873593 0.341370
0.439268 -0.860895 0.353412
0.442146 -0.863086 0.045384
0.471458 -0.868311 0.314424
0.472558 -0.877543 0.671355
0.475086 -0.879857 0.487332
0.465831 -0.860023 0.167471
0.456043 -0.863506 0.102408
0.460033 -0.878199 0.512301
0.448040 -0.851348 0.078492
0.459228 -0.850650 0.010524
0.436100 -0.864609 0.097337
0.434163 -0.873275 0.829282
0.449323 -0.856633 0.000437
0.455549 -0.877966 0.702291
0.435842 -0.868631 0.209300
0.434997 -0.878856 0.562209
0.431379 -0.864978 0.023301
0.431045 -0.871568 0.527262
0.446276 -0.872063 0.813309
0.448043 -0.871492 0.532306
0.427785 -0.862972 0.239316
0.461900 -0.871559 0.221328
0.457333 -0.864047 0.051372
0.453492 -0.856364 -0.026573
0.457260 -0.878390 0.856271
0.460151 -0.879433 0.534254
0.439528 -0.862991 0.359338
0.454253 -0.865529 0.101341
0.453407 -0.873914 0.800294
0.461650 -0.882921 0.369214
0.442174 -0.876874 0.896240
0.436892 -0.857707 0.216370
0.426562 -0.879775 0.763165
0.419167 -0.859017 0.126302
0.439027 -0.864484 0.193307
0.419524 -0.864326 0.379264
0.437524 -0.862880 0.016304
0.438705 -0.869797 0.336258
0.419684 -0.870076 0.351202
0.423554 -0.874250 0.045158
0.445844 -0.870536 0.312254
0.430364 -0.861718 0.101282
0.444945 -0.875762 0.663217
0.446282 -0.873217 0.168218
0.445458 -0.876084 0.480203
0.436420 -0.881416 0.509132
0.439618 -0.859828 0.011314
0.430479 -0.865518 0.079240
0.413459 -0.867790 0.095173
0.425652 -0.857839 0.001290
0.408546 -0.870434 0.815166
0.413206 -0.871821 0.207136
0.429930 -0.877170 0.694153
0.412355 -0.880048 0.557067
0.405662 -0.860182 0.022206
0.422641 -0.871246 0.804183
0.406125 -0.865155 0.237169
0.404402 -0.867754 0.518151
0.423415 -0.871690 0.526164
0.428141 -0.855805 0.216307
0.431659 -0.863273 0.052234
0.432465 -0.872623 0.525170
0.423769 -0.848623 -0.024657
0.430790 -0.876118 0.794142
0.402914 -0.877954 0.754049
0.431602 -0.868728 0.101178
0.431676 -0.879620 0.849112
0.433962 -0.877125 0.363119
0.415888 -0.864193 0.356190
0.413222 -0.857905 0.214232
0.395456 -0.856206 0.124195
0.417563 -0.877088 0.888095
0.402913 -0.875511 0.380048
0.412339 -0.860704 0.191194
0.414864 -0.866081 0.017138
0.398058 -0.874253 0.347030
0.414079 -0.872026 0.335090
0.395832 -0.867472 0.044069
0.409770 -0.870903 0.101060
0.419220 -0.870761 0.309095
0.414519 -0.859462 0.165181
0.409760 -0.877627 0.503015
0.421369 -0.881007 0.661020
0.407824 -0.868725 0.080071
0.419830 -0.876315 0.477050
0.381669 -0.851028 0.092167
0.415972 -0.863036 0.012140
0.406055 -0.868008 0.001063
0.404290 -0.874372 0.686031
0.383946 -0.869606 0.803028
0.390691 -0.880220 0.550935
0.387548 -0.870017 0.203003
0.378380 -0.854357 0.232121
0.400037 -0.873445 0.797023
0.384031 -0.865358 0.021020
0.399764 -0.870878 0.520030
0.379752 -0.864923 0.509033
0.403478 -0.855012 0.214168
0.394587 -0.849691 0.925224
0.408823 -0.872821 0.520025
0.381284 -0.879136 0.746904
0.405137 -0.871298 0.783039
0.405186 -0.860790 -0.023903
0.410074 -0.872471 0.053003
0.405258 -0.868328 0.356042
0.393252 -0.866388 0.353029
0.406937 -0.868942 0.101027
0.375204 -0.865708 0.372988
0.389574 -0.858094 0.211088
0.374840 -0.862392 0.124004
0.403063 -0.873819 0.836002
0.391962 -0.874273 0.875972
0.394789 -0.874884 0.191933
0.384083 -0.851332 0.017116
0.371376 -0.867440 0.339944
0.388410 -0.868233 0.330978
0.372157 -0.866664 0.042936
0.385094 -0.869108 0.099933
0.390509 -0.860978 0.304031
0.387168 -0.881839 0.499833
0.367134 -0.869157 0.090882
0.395752 -0.879218 0.653887
0.367031 -0.877410 0.544824
0.383173 -0.868938 0.079922
0.391927 -0.865679 0.165978
0.395367 -0.871222 0.012927
0.395235 -0.878541 0.473878
0.382695 -0.878600 0.683855
0.362378 -0.873800 0.795853
0.381381 -0.867231 0.002924
0.366939 -0.876193 0.200812
0.359773 -0.862538 0.231921
0.375392 -0.868608 0.784929
0.363383 -0.869525 0.019851
0.376104 -0.868056 0.512920
0.356128 -0.864103 0.501901
0.380026 -0.863976 0.932981
0.380842 -0.857213 0.213009
0.358643 -0.877316 0.738788
0.387205 -0.876023 0.516861
0.384548 -0.876526 0.780859
0.359621 -0.878896 0.374751
0.386403 -0.872683 0.053860
0.371615 -0.868574 0.349876
0.382629 -0.870533 0.353883
0.388649 -0.877943 -0.023190
0.366913 -0.858294 0.209951
0.352177 -0.862584 0.122868
0.369363 -0.875498 0.870824
0.383301 -0.871150 0.100862
0.381491 -0.879073 0.834816
0.373170 -0.880095 0.192748
0.367540 -0.867489 0.017841
0.346715 -0.863621 0.333839
0.353548 -0.875827 0.042726
0.365810 -0.872447 0.329798
0.344367 -0.874580 0.537720
0.363476 -0.874301 0.099748
0.342435 -0.864351 0.088789
0.358479 -0.871037 0.490782
0.371979 -0.875198 0.306766
0.363565 -0.877113 0.079716
0.371165 -0.880452 0.649727
0.372725 -0.874423 0.013758
0.339770 -0.872959 0.784728
0.371350 -0.874881 0.166755
0.358079 -0.876805 0.676729
0.343273 -0.874381 0.197692
0.338108 -0.862722 0.229791
0.355807 -0.874838 0.783745
0.367591 -0.872751 0.466778
0.361796 -0.877400 0.002697
0.354483 -0.870247 0.508768
0.334617 -0.855752 0.018832
0.338014 -0.878498 0.732653
0.361465 -0.873261 0.936770
0.335536 -0.869298 0.498723
0.361231 -0.864410 0.213815
0.361906 -0.874718 0.773745
0.361536 -0.870217 0.509774
0.328853 -0.859076 0.363786
0.345928 -0.861762 0.343799
0.358969 -0.868735 0.350764
0.351366 -0.874461 0.210683
0.327537 -0.868459 0.928715
0.362950 -0.874172 -0.021299
0.363792 -0.877889 0.054670
0.335611 -0.876751 0.123616
0.345753 -0.873692 0.861704
0.360643 -0.872350 0.100716
0.355904 -0.877295 0.826685
0.349536 -0.881303 0.191595
0.325090 -0.865807 0.330688
0.344895 -0.869681 0.017684
0.330880 -0.876022 0.042590
0.346219 -0.880656 0.330593
0.321708 -0.871762 0.531617
0.341837 -0.877484 0.098586
0.324871 -0.877513 0.088542
0.333829 -0.867242 0.485679
0.338886 -0.874326 0.079602
0.316159 -0.870117 0.772620
0.350386 -0.881422 0.307571
0.321535 -0.875907 0.231550
0.335462 -0.877012 0.671594
0.323669 -0.881548 0.195499
0.347689 -0.874086 0.165626
0.333191 -0.874024 0.775621
0.330958 -0.856669 0.004744
0.349075 -0.875632 0.014606
0.346560 -0.879675 0.644591
0.341937 -0.867962 0.461681
0.318370 -0.879678 0.727525
0.330847 -0.868447 0.503650
0.317031 -0.866888 0.016607
0.338820 -0.869437 0.926679
0.338868 -0.867404 0.504672
0.340281 -0.874912 0.767616
0.342636 -0.873590 0.213605
0.313952 -0.873493 0.494551
0.309212 -0.862267 0.362637
0.306912 -0.867618 0.918604
0.323280 -0.860957 0.340676
0.336315 -0.867928 0.347640
0.313953 -0.877935 0.122476
0.326692 -0.870668 0.208580
0.340107 -0.876101 0.055552
0.339286 -0.874388 -0.019439
0.323168 -0.874919 0.856559
0.339026 -0.877553 0.101533
0.332300 -0.876526 0.821556
0.326866 -0.880501 0.190472
0.311253 -0.882184 0.041409
0.322217 -0.868873 0.017561
0.308551 -0.880994 0.331426
0.322579 -0.879857 0.327464
0.301059 -0.871945 0.527496
0.319149 -0.875683 0.098474
0.309076 -0.864811 0.933594
0.300174 -0.871698 0.085462
0.312561 -0.874199 0.768499
0.318245 -0.878519 0.080436
0.308145 -0.858424 0.477627
0.294782 -0.862101 0.226546
0.297725 -0.878848 0.720414
0.312839 -0.876217 0.666472
0.294578 -0.872308 0.765471
0.325733 -0.878629 0.304458
0.301022 -0.881738 0.193365
0.317921 -0.857316 0.162638
0.325406 -0.874842 0.015478
0.310220 -0.870639 0.500506
0.322958 -0.879899 0.640452
0.307299 -0.855879 0.005617
0.317213 -0.869647 0.920552
0.291280 -0.856103 0.016577
0.317303 -0.865176 0.457569
0.318250 -0.870607 0.502518
0.317651 -0.873116 0.761505
0.289551 -0.863446 0.360511
0.288286 -0.869807 0.913472
0.316941 -0.866805 0.211532
0.289290 -0.866650 0.484483
0.306715 -0.874153 0.342436
0.315685 -0.871126 0.346486
0.292300 -0.879120 0.121339
0.314553 -0.867611 -0.017507
0.306080 -0.875854 0.207405
0.300531 -0.871090 0.846470
0.316443 -0.875315 0.056424
0.316379 -0.878754 0.101389
0.308707 -0.875748 0.815429
0.304227 -0.881711 0.190329
0.287572 -0.879387 0.041303
0.295463 -0.857106 0.018537
0.285922 -0.881179 0.327294
0.280402 -0.871128 0.523386
0.299929 -0.879060 0.325343
0.288473 -0.866024 0.928463
0.295474 -0.872881 0.097369
0.281565 -0.879857 0.084267
0.277081 -0.878039 0.715305
0.281259 -0.883283 0.230238
0.289942 -0.872395 0.761389
0.285507 -0.856623 0.473517
0.293555 -0.873733 0.080348
0.290222 -0.875424 0.661351
0.295565 -0.853106 0.017547
0.277339 -0.876916 0.189282
0.287557 -0.866817 0.494419
0.296604 -0.870867 0.916421
0.271984 -0.871487 0.756350
0.287652 -0.860047 0.005459
0.299029 -0.877331 0.760352
0.268573 -0.851285 0.015500
0.303141 -0.882853 0.304283
0.303452 -0.881504 0.166290
0.296604 -0.869797 0.498403
0.297334 -0.875121 0.634358
0.268672 -0.870987 0.906347
0.270961 -0.871641 0.360315
0.297763 -0.876431 0.461334
0.301400 -0.883993 0.214254
0.266648 -0.863829 0.478385
0.296055 -0.875316 0.345328
0.286078 -0.876341 0.340295
0.272656 -0.883299 0.121181
0.285432 -0.878039 0.206263
0.279941 -0.874337 0.845317
0.293950 -0.874796 -0.016703
0.294721 -0.879947 0.101253
0.295855 -0.883508 0.057217
0.286088 -0.873968 0.810320
0.273406 -0.856922 0.184426
0.264874 -0.875572 0.040216
0.273787 -0.856291 0.018423
0.257694 -0.862276 0.514354
0.263273 -0.879363 0.323185
0.276253 -0.874260 0.322261
0.268877 -0.869258 0.926317
0.257450 -0.879220 0.710181
0.273800 -0.872064 0.096256
0.271318 -0.875591 0.758249
0.253434 -0.860463 0.223329
0.258883 -0.877047 0.083169
0.276979 -0.872086 0.913296
0.265917 -0.862848 0.474339
0.271913 -0.875935 0.081201
0.251368 -0.871664 0.749232
0.264893 -0.861986 0.487344
0.263520 -0.860571 0.647363
0.278399 -0.877536 0.756233
0.250568 -0.860107 0.184315
0.272878 -0.850309 0.018451
0.263931 -0.853257 0.006401
0.249036 -0.870164 0.899246
0.275968 -0.870999 0.496273
0.245887 -0.847469 0.014415
0.253340 -0.878835 0.361138
0.276721 -0.869722 0.164269
0.276436 -0.872066 0.300251
0.275746 -0.878358 0.633201
0.278722 -0.881184 0.212157
0.268002 -0.854593 0.448407
0.243980 -0.857987 0.470321
0.276461 -0.882528 0.346139
0.264437 -0.876537 0.338171
0.247894 -0.870487 0.118182
0.261729 -0.871228 0.203205
0.258341 -0.874553 0.840194
0.273057 -0.880140 0.101129
0.272153 -0.878722 0.058136
0.271289 -0.875006 -0.014833
0.238044 -0.862460 0.511242
0.243166 -0.871759 0.040136
0.256856 -0.872116 0.187167
0.263489 -0.873190 0.805201
0.239558 -0.869522 0.316160
0.253150 -0.859470 0.018273
0.249484 -0.856443 0.315307
0.249243 -0.868437 0.919216
0.235750 -0.870344 0.698156
0.249691 -0.873787 0.752148
0.237183 -0.873218 0.081090
0.252154 -0.873258 0.096122
0.230285 -0.866624 0.922182
0.238957 -0.884656 0.226985
0.255351 -0.869284 0.906206
0.230389 -0.869320 0.891151
0.257750 -0.875729 0.751138
0.246267 -0.866180 0.486194
0.244271 -0.861047 0.471238
0.229914 -0.860281 0.182198
0.229754 -0.869831 0.740132
0.249233 -0.873135 0.081106
0.247001 -0.876861 0.655093
0.232656 -0.876013 0.358054
0.253281 -0.864165 0.489222
0.251220 -0.850505 0.019329
0.235467 -0.881551 0.011985
0.249451 -0.877399 0.007055
0.255834 -0.877283 0.301079
0.253063 -0.866939 0.164168
0.248892 -0.855389 0.206275
0.223353 -0.858159 0.465205
0.254159 -0.881606 0.633045
0.253767 -0.876711 0.342076
0.249465 -0.866841 0.452169
0.242790 -0.875724 0.335060
0.222114 -0.853693 0.116223
0.241092 -0.873414 0.202066
0.235688 -0.867723 0.830143
0.241150 -0.846389 0.099325
0.241422 -0.848270 -0.012702
0.218397 -0.862645 0.508132
0.240291 -0.848979 0.057289
0.217380 -0.854967 0.039178
0.237233 -0.877313 0.188001
0.214836 -0.856690 0.309164
0.241896 -0.874445 0.804069
0.236614 -0.876628 0.018994
0.218163 -0.878581 0.699970
0.233970 -0.875662 0.320011
0.228640 -0.868650 0.914100
0.230065 -0.874993 0.749027
0.236715 -0.870502 0.904091
0.218265 -0.881832 0.224902
0.210685 -0.867808 0.915062
0.225351 -0.853469 0.094192
0.210762 -0.868498 0.884052
0.210389 -0.853419 0.078160
0.237129 -0.875935 0.747022
0.224607 -0.862360 0.481117
0.223627 -0.860238 0.468134
0.223288 -0.863999 0.643103
0.223436 -0.855347 0.080160
0.234655 -0.868370 0.489074
0.208236 -0.856453 0.179122
0.211990 -0.874192 0.354961
0.213766 -0.877726 0.010908
0.209190 -0.874043 0.735973
0.226747 -0.872602 0.007984
0.237762 -0.877631 0.018956
0.234370 -0.875569 0.208974
0.228327 -0.855142 0.162163
0.233093 -0.874897 0.339983
0.234216 -0.879498 0.300936
0.230503 -0.874797 0.625990
0.217004 -0.855878 0.326137
0.207575 -0.872844 0.116935
0.202759 -0.861363 0.463058
0.229895 -0.875086 0.454972
0.221462 -0.877602 0.201913
0.216091 -0.870970 0.830001
0.198733 -0.860818 0.504045
0.219485 -0.844584 0.099228
0.219721 -0.844473 -0.010778
0.201844 -0.873100 0.037896
0.218609 -0.846179 0.058202
0.197466 -0.870716 0.689943
0.214572 -0.874514 0.186909
0.214913 -0.872814 0.018918
0.221289 -0.875688 0.802943
0.209013 -0.867840 0.908002
0.200388 -0.883914 0.314789
0.210435 -0.875179 0.743918
0.213353 -0.878871 0.319864
0.217081 -0.869711 0.899993
0.192120 -0.867664 0.876961
0.192445 -0.859007 0.219012
0.217481 -0.875139 0.743924
0.188654 -0.844590 0.076140
0.190096 -0.868003 0.907948
0.203666 -0.849653 0.093118
0.204961 -0.862542 0.478009
0.213990 -0.865551 0.484994
0.201981 -0.857438 0.465049
0.185494 -0.844621 0.175130
0.206892 -0.871512 0.080894
0.187227 -0.856352 0.347022
0.201667 -0.862207 0.639007
0.189594 -0.877251 0.732833
0.207840 -0.843899 0.021168
0.191076 -0.872910 0.009839
0.205070 -0.870787 0.007887
0.206539 -0.849759 0.203109
0.211441 -0.873095 0.337886
0.201454 -0.872087 0.329876
0.213585 -0.881704 0.300800
0.205637 -0.849351 0.162105
0.182095 -0.857522 0.456990
0.184852 -0.864038 0.115910
0.208904 -0.876036 0.624860
0.195446 -0.867152 0.822932
0.194633 -0.852783 0.196042
0.207238 -0.870283 0.450903
0.179061 -0.858002 0.500972
0.200880 -0.851756 0.099049
0.206265 -0.872596 -0.011160
0.177827 -0.869907 0.685847
0.180143 -0.868288 0.037833
0.205141 -0.873329 0.059831
0.190399 -0.870062 0.905879
0.191830 -0.863703 0.184907
0.194279 -0.875994 0.018773
0.173469 -0.865839 0.870882
0.190805 -0.875385 0.740811
0.177686 -0.875075 0.308764
0.199685 -0.874923 0.799836
0.197439 -0.867919 0.895908
0.187535 -0.855034 0.311988
0.176917 -0.878197 0.221720
0.197847 -0.875355 0.741817
0.182959 -0.844839 0.093061
0.172112 -0.860745 0.075876
0.186352 -0.867748 0.477854
0.169502 -0.867177 0.898848
0.194332 -0.864743 0.482898
0.172697 -0.876575 0.352725
0.183361 -0.861653 0.465904
0.184143 -0.860712 0.080892
0.183054 -0.866448 0.640862
0.171038 -0.871801 0.177757
0.167951 -0.871394 0.721782
0.181276 -0.855009 0.009935
0.168328 -0.862104 0.009837
0.187172 -0.843089 0.022068
0.192807 -0.877286 0.337741
0.185851 -0.845945 0.202042
0.181818 -0.874277 0.328748
0.161042 -0.844218 0.113002
0.188082 -0.862543 0.163868
0.185788 -0.856884 0.292927
0.162509 -0.862727 0.455830
0.187267 -0.873251 0.621777
0.160398 -0.857177 0.497883
0.173938 -0.847958 0.193987
0.175845 -0.869389 0.821804
0.184555 -0.862479 0.446869
0.161203 -0.876121 0.686693
0.182670 -0.870522 0.935804
0.180196 -0.848943 0.098972
0.185606 -0.873793 -0.009282
0.171777 -0.871274 0.902768
0.154264 -0.839498 0.037014
0.155850 -0.869047 0.868755
0.178304 -0.848559 0.059964
0.173233 -0.871893 0.185719
0.171159 -0.873569 0.735728
0.178822 -0.870161 0.895786
0.171507 -0.863199 0.019795
0.153910 -0.856222 0.300847
0.179182 -0.873527 0.736739
0.172040 -0.877276 0.318663
0.178054 -0.871145 0.795764
0.157263 -0.879387 0.221605
0.165688 -0.863929 0.473788
0.167443 -0.864997 0.093759
0.174678 -0.863936 0.480804
0.149889 -0.866358 0.891755
0.148329 -0.842923 0.072948
0.151973 -0.867732 0.347714
0.161685 -0.854832 0.460867
0.150323 -0.864964 0.174724
0.163453 -0.869680 0.640724
0.159357 -0.841919 0.079971
0.144486 -0.839295 0.008964
0.159542 -0.846195 0.009920
0.147362 -0.872592 0.716662
0.167178 -0.846125 0.201943
0.169601 -0.855246 0.021843
0.172125 -0.873474 0.335676
0.160127 -0.867453 0.324710
0.142399 -0.847391 0.112872
0.141728 -0.855352 0.494807
0.140795 -0.850852 0.445848
0.165361 -0.852742 0.162858
0.156343 -0.857141 0.194796
0.169308 -0.879134 0.299596
0.165628 -0.869457 0.617706
0.155225 -0.867616 0.818717
0.139459 -0.859201 0.670765
0.162937 -0.861690 0.444766
0.162613 -0.860128 0.100758
0.152166 -0.871497 0.899664
0.137207 -0.867213 0.861679
0.135639 -0.844664 0.036863
0.158730 -0.845038 -0.007102
0.159178 -0.867370 0.891715
0.151536 -0.873777 0.732625
0.160535 -0.873743 0.735641
0.152575 -0.871089 0.185622
0.157643 -0.847754 0.060867
0.147693 -0.843402 0.019891
0.137389 -0.874429 0.303563
0.137564 -0.875556 0.219546
0.156432 -0.867358 0.790694
0.150389 -0.874473 0.316583
0.156002 -0.862108 0.477729
0.134348 -0.873927 0.348556
0.145001 -0.857089 0.467757
0.130281 -0.865529 0.883664
0.128633 -0.839089 0.071891
0.143650 -0.846187 0.091845
0.126511 -0.842120 0.168854
0.142804 -0.865877 0.636661
0.142086 -0.859070 0.462720
0.140731 -0.847099 0.080820
0.125851 -0.843449 0.007825
0.151410 -0.865640 0.331656
0.148864 -0.847436 0.022824
0.127762 -0.874800 0.713538
0.153758 -0.879331 0.207508
0.137847 -0.840394 0.010874
0.142541 -0.877658 0.326509
0.122705 -0.843562 0.111815
0.123090 -0.856538 0.492700
0.121821 -0.861403 0.669653
0.150930 -0.883952 0.168440
0.135593 -0.865820 0.814637
0.122267 -0.864103 0.449610
0.134634 -0.848315 0.191783
0.147633 -0.874338 0.298539
0.145032 -0.871708 0.618577
0.133527 -0.870707 0.896579
0.118564 -0.865399 0.856605
0.142294 -0.859902 0.443682
0.140861 -0.848313 0.099779
0.140548 -0.867591 0.889619
0.132897 -0.873972 0.729528
0.114900 -0.834836 0.035867
0.138017 -0.839237 -0.005142
0.140892 -0.871949 0.732561
0.130820 -0.858271 0.183654
0.128001 -0.840574 0.019824
0.137990 -0.848941 0.061756
0.116739 -0.872606 0.300480
0.114789 -0.857718 0.214628
0.130736 -0.874672 0.316482
0.135279 -0.851256 0.470744
0.128433 -0.870341 0.473529
0.135840 -0.868626 0.791577
0.114691 -0.873120 0.347467
0.123933 -0.840366 0.091811
0.110689 -0.866743 0.879553
0.110013 -0.844249 0.070742
0.122414 -0.855251 0.459665
0.123178 -0.866098 0.635561
0.106867 -0.842286 0.166755
0.120011 -0.839286 0.080803
0.133833 -0.876857 0.334445
0.451398 0.671321 0.362316
0.105134 -0.835618 0.006809
0.108137 -0.873985 0.708450
0.119159 -0.839568 0.011791
0.127848 -0.843483 0.199775
0.105398 -0.853702 0.489644
0.128178 -0.843618 0.022763
0.121871 -0.873836 0.323447
0.103016 -0.839733 0.110761
0.103160 -0.858572 0.664592
0.116978 -0.868068 0.815520
0.117017 -0.855498 0.192617
0.101556 -0.853239 0.441627
0.124033 -0.848132 0.162703
0.128026 -0.879559 0.300384
0.114868 -0.866874 0.889528
0.100946 -0.868618 0.855483
0.122783 -0.863208 0.926582
0.123375 -0.864903 0.613544
0.121909 -0.866822 0.888535
0.121194 -0.847493 0.099692
0.114275 -0.876201 0.729412
0.123268 -0.876188 0.734427
0.097270 -0.840994 0.035714
0.121693 -0.862137 0.444555
0.119407 -0.846410 -0.004312
0.110165 -0.856469 0.183573
0.118329 -0.849129 0.062657
0.098243 -0.874916 0.217358
0.108354 -0.841747 0.019715
0.118739 -0.867531 0.478483
0.097137 -0.877806 0.300327
0.096002 -0.870291 0.345407
0.108736 -0.863490 0.467507
0.110085 -0.872871 0.315400
0.116224 -0.868862 0.790478
0.092072 -0.866922 0.873460
0.104292 -0.841536 0.090703
0.091391 -0.849408 0.069596
0.088224 -0.844455 0.165641
0.102799 -0.857478 0.460545
0.102514 -0.859274 0.629535
0.087494 -0.840763 0.005668
0.101389 -0.844468 0.081656
0.113146 -0.871035 0.331407
0.463866 0.655376 0.360231
0.086746 -0.852889 0.487563
0.109194 -0.844665 0.199672
0.088522 -0.874181 0.704352
0.109510 -0.844793 0.023660
0.100541 -0.845743 0.012633
0.103233 -0.877028 0.323321
0.085541 -0.862797 0.665460
0.085426 -0.849898 0.110565
0.097314 -0.849665 0.190586
0.083280 -0.865781 0.849429
0.097357 -0.867306 0.814434
0.096227 -0.865084 0.886458
0.082970 -0.860456 0.442459
0.104353 -0.845329 0.163639
0.104262 -0.867053 0.888447
0.108437 -0.886781 0.302208
0.104629 -0.876406 0.733334
0.102512 -0.846676 0.100611
0.093551 -0.861297 0.715475
0.102750 -0.863132 0.612464
0.099960 -0.847292 0.437615
0.077591 -0.838159 0.034652
0.099706 -0.842602 -0.002364
0.076389 -0.848059 0.211549
0.099027 -0.858681 0.472486
0.089442 -0.846644 0.181582
0.098652 -0.847317 0.063583
0.089717 -0.845923 0.020580
0.091437 -0.875073 0.316286
0.088004 -0.849617 0.458561
0.076414 -0.866960 0.295347
0.077410 -0.878508 0.347228
0.096624 -0.871142 0.793358
0.072458 -0.865113 0.867387
0.085606 -0.839707 0.090634
0.071685 -0.843576 0.068567
0.083892 -0.861507 0.630422
0.095517 -0.877240 0.333254
0.083136 -0.853661 0.457493
0.068521 -0.837621 0.163624
0.475308 0.640438 0.357146
0.082710 -0.843638 0.081577
0.068063 -0.848054 0.483528
0.068842 -0.842916 0.004556
0.090523 -0.843846 0.199592
0.067855 -0.858965 0.661419
0.066771 -0.853222 0.684472
0.083539 -0.873207 0.321262
0.080835 -0.841915 0.012575
0.089840 -0.844978 0.024557
0.067824 -0.861074 0.111352
0.065629 -0.865978 0.846336
0.078727 -0.868544 0.814324
0.077603 -0.843844 0.189550
0.077596 -0.865318 0.885360
0.085612 -0.865275 0.886370
0.086953 -0.875612 0.732251
0.062262 -0.849593 0.434474
0.085739 -0.852530 0.165463
1.898118 2.510742 1.878644
0.075908 -0.863515 0.715360
0.086737 -0.878977 0.300183
0.083885 -0.852859 0.101447
0.059946 -0.844317 0.034494
0.083152 -0.867397 0.615316
0.081037 -0.844776 -0.001484
0.059860 -0.869268 0.215231
0.081439 -0.863598 0.446339
0.080336 -0.854865 0.470433
0.070014 -0.842097 0.020523
0.057685 -0.869668 0.343225
0.069353 -0.849812 0.457464
0.077939 -0.840514 0.064553
0.071798 -0.877286 0.317161
0.056838 -0.876172 0.296146
0.053855 -0.867336 0.865268
0.066957 -0.842879 0.090505
0.075995 -0.867379 0.791295
0.054110 -0.857737 0.068321
0.075831 -0.873421 0.331195
0.050384 -0.846230 0.481459
0.488734 0.627492 0.356070
0.064492 -0.854878 0.458385
0.050204 -0.859157 0.659327
0.064269 -0.861751 0.631319
0.064118 -0.853831 0.083369
0.071871 -0.846039 0.200473
0.048899 -0.840799 0.162491
0.049161 -0.841078 0.003478
0.063868 -0.869387 0.319212
0.062164 -0.842091 0.013486
0.071194 -0.848154 0.025434
0.049190 -0.865247 0.111219
0.047192 -0.855452 0.683356
0.047017 -0.865176 0.842258
0.059978 -0.866540 0.884263
0.058958 -0.845014 0.188451
0.067999 -0.867530 0.888262
0.059116 -0.866784 0.813252
0.067245 -0.862741 0.722301
1.940055 2.448027 1.863143
0.057260 -0.859689 0.710315
0.042655 -0.850798 0.433370
0.065078 -0.848727 0.165409
0.065210 -0.852032 0.101368
0.066094 -0.877186 0.300106
0.041347 -0.852473 0.033319
0.062682 -0.855050 0.469348
0.041238 -0.874462 0.216088
0.062542 -0.865639 0.615240
0.061328 -0.838959 -0.000511
0.040094 -0.879886 0.346031
0.061830 -0.865835 0.448223
0.052111 -0.847016 0.182397
0.051716 -0.852008 0.457358
0.051363 -0.844262 0.020413
0.060403 -0.857697 0.066281
0.037161 -0.871339 0.293109
0.051168 -0.876498 0.317074
0.034246 -0.863505 0.857220
0.048370 -0.852063 0.091318
0.056413 -0.869661 0.794179
0.033333 -0.839892 0.065424
0.032750 -0.848440 0.482355
0.057160 -0.871603 0.330129
0.032564 -0.859360 0.658245
0.507126 0.620550 0.358070
0.045637 -0.860962 0.630243
0.044844 -0.851073 0.456337
0.053207 -0.845222 0.200396
0.044344 -0.839000 0.082444
0.030397 -0.869415 0.844137
0.030462 -0.837231 0.002437
0.030262 -0.842967 0.161383
0.045224 -0.870569 0.318113
0.029460 -0.855419 0.110239
0.042512 -0.842275 0.014395
0.051549 -0.849340 0.026331
0.050347 -0.864751 0.887212
0.027594 -0.854637 0.678277
0.041366 -0.865764 0.882187
0.040476 -0.862978 0.809209
0.048553 -0.852871 0.713325
0.040320 -0.847196 0.188342
1.947328 2.345377 1.818134
0.038629 -0.857897 0.708251
0.046409 -0.847917 0.166334
0.023020 -0.847969 0.429314
0.045578 -0.854225 0.102255
0.045088 -0.863303 0.474177
0.046508 -0.884420 0.302936
0.021592 -0.839649 0.033374
0.021373 -0.845578 0.209319
0.042901 -0.861860 0.614193
0.020258 -0.852981 0.336240
0.042709 -0.845133 0.000337
0.033053 -0.848182 0.454317
0.042190 -0.864050 0.448154
0.032663 -0.840428 0.020373
0.032450 -0.844207 0.182341
0.040658 -0.846886 0.067313
0.032518 -0.877701 0.317977
0.017534 -0.872517 0.291009
0.029625 -0.842224 0.090344
0.015087 -0.846616 0.480298
0.014666 -0.863718 0.853132
0.038505 -0.871807 0.331043
0.014673 -0.840051 0.064342
0.036801 -0.867910 0.794111
0.013918 -0.855542 0.654206
0.027285 -0.864358 0.464113
0.035592 -0.852406 0.201238
0.025968 -0.852130 0.624254
0.011763 -0.865602 0.839097
0.026571 -0.870761 0.318029
0.025699 -0.841183 0.083338
0.011579 -0.839125 0.159345
0.011960 -0.858383 0.001123
0.032699 -0.861962 0.885165
0.023727 -0.863975 0.880130
0.024955 -0.858431 0.014139
0.010797 -0.855582 0.109156
0.032847 -0.845506 0.026292
0.031976 -0.864190 0.723126
0.008960 -0.851822 0.674227
0.021873 -0.864229 0.810114
0.021688 -0.850389 0.189226
0.020994 -0.858105 0.707172
0.027439 -0.864500 0.474086
0.004456 -0.858218 0.433121
0.026851 -0.846388 0.101261
0.026769 -0.848117 0.167246
0.002922 -0.838805 0.032304
0.002653 -0.861188 0.338075
0.002909 -0.871827 0.214949
0.025844 -0.879630 0.302899
0.014421 -0.848389 0.454235
0.023344 -0.869160 0.620027
0.023126 -0.854327 0.002150
0.013810 -0.846399 0.183236
0.014114 -0.855594 0.020124
0.021595 -0.865288 0.449051
0.020986 -0.844077 0.068260
0.011738 -0.855837 0.311131
-0.002461 -0.861903 0.488055
-0.002956 -0.863916 0.850055
-0.002137 -0.867696 0.288979
-0.002758 -0.852700 0.650167
0.010934 -0.838397 0.090307
0.019890 -0.877012 0.331905
-0.002998 -0.841202 0.063255
-0.004895 -0.863775 0.835047
0.017193 -0.866161 0.794046
0.016899 -0.847578 0.200212
0.007394 -0.859420 0.630094
0.007670 -0.865598 0.466016
-0.006085 -0.840295 0.159259
0.015100 -0.866252 0.890042
0.007157 -0.857377 0.085080
0.006908 -0.866943 0.315987
-0.006815 -0.844537 0.000198
-0.006978 -0.842738 0.108224
0.014379 -0.870465 0.727981
0.005104 -0.861188 0.877082
0.014280 -0.858683 0.027066
0.005200 -0.845617 0.015198
-0.009646 -0.853039 0.673136
0.002991 -0.844549 0.187212
0.002392 -0.860358 0.709068
0.002269 -0.862482 0.810051
0.008766 -0.859686 0.472061
-0.014160 -0.861422 0.433009
0.008212 -0.849572 0.102147
-0.014742 -0.876000 0.214830
-0.015079 -0.851331 0.334111
-0.014702 -0.846963 0.032141
0.007107 -0.845318 0.168195
-0.002169 -0.860641 0.460030
0.006167 -0.874832 0.302869
-0.003813 -0.853593 0.185084
0.004400 -0.847503 0.003148
0.003701 -0.864371 0.617998
-0.004640 -0.844772 0.021168
-0.019445 -0.847858 0.646153
-0.005983 -0.847998 0.309146
-0.020084 -0.867134 0.490925
0.001897 -0.854461 0.445090
0.002396 -0.854269 0.070069
-0.020777 -0.869887 0.288879
-0.006670 -0.848571 0.091122
-0.021577 -0.861105 0.845010
0.001235 -0.877217 0.332824
-0.022516 -0.865005 0.834962
-0.021693 -0.836362 0.062233
-0.010270 -0.856632 0.630053
-0.002571 -0.859442 0.886046
-0.002390 -0.868467 0.798939
-0.002333 -0.862617 0.723000
-0.001762 -0.846773 0.201145
-0.010733 -0.871136 0.316868
-0.011015 -0.858773 0.463015
-0.011541 -0.861421 0.878011
-0.024597 -0.830695 0.000281
-0.011603 -0.844550 0.085147
-0.025622 -0.844912 0.108126
-0.025705 -0.842473 0.158156
-0.003513 -0.844853 0.028148
-0.012514 -0.841786 0.016169
-0.014228 -0.866620 0.713931
-0.013755 -0.836702 0.186233
-0.015357 -0.863743 0.812966
-0.029193 -0.861322 0.676966
-0.007928 -0.856861 0.471025
-0.009398 -0.859758 0.103962
-0.032884 -0.847540 0.425089
-0.032786 -0.844495 0.332117
-0.033463 -0.867163 0.212854
-0.010559 -0.846500 0.169111
-0.033360 -0.848119 0.031055
-0.020780 -0.864870 0.461908
-0.012626 -0.854970 0.298016
-0.022491 -0.850786 0.186041
-0.014934 -0.863615 0.619931
-0.037931 -0.871281 0.663820
-0.014277 -0.846679 0.004083
-0.037764 -0.863312 0.488899
-0.023327 -0.841938 0.021126
-0.015635 -0.850282 0.323059
-0.015345 -0.846432 0.070086
-0.017144 -0.900197 1.024539
-0.024629 -0.848215 0.311070
-0.016728 -0.856701 0.447991
-0.025339 -0.847745 0.091057
-0.040148 -0.864213 0.832902
-0.041164 -0.860328 0.841942
-0.041393 -0.870075 0.286796
-0.019216 -0.859687 0.887977
-0.041250 -0.849540 0.062011
-0.019977 -0.861848 0.723939
-0.019419 -0.848946 0.201051
-0.029160 -0.862677 0.879928
-0.028552 -0.848233 0.309054
-0.028927 -0.850823 0.627045
-0.021024 -0.865718 0.799896
-0.029713 -0.848938 0.459052
-0.043233 -0.834848 -0.000836
-0.030270 -0.843723 0.085083
-0.044327 -0.847652 0.158027
-0.044294 -0.843076 0.107075
-0.031126 -0.849951 0.016006
-0.032864 -0.863829 0.711890
-0.023163 -0.845040 0.029069
-0.032346 -0.845906 0.188058
-0.033968 -0.864006 0.814890
-0.025569 -0.859070 0.471931
-0.048763 -0.866583 0.678833
-0.028124 -0.850922 0.102989
-0.051374 -0.853735 0.335944
-0.029236 -0.843692 0.170070
-0.053094 -0.869367 0.213755
-0.052475 -0.851767 0.425968
-0.039418 -0.865077 0.461834
-0.053017 -0.847296 0.030990
-0.032307 -0.847151 0.296028
-0.032006 -0.840859 0.006081
-0.055635 -0.860408 0.655875
-0.041204 -0.841959 0.185069
-0.056395 -0.864533 0.489815
-0.041960 -0.847105 0.020997
-0.056824 -0.859387 0.828893
-0.034565 -0.859851 0.619898
-0.034261 -0.853500 0.324951
-0.044194 -0.858463 0.314881
-0.035867 -0.858921 0.888922
-0.034999 -0.845635 0.072020
-0.043988 -0.849918 0.090963
-0.036340 -0.857941 0.449902
-0.037592 -0.866124 0.728823
-0.060083 -0.864244 0.284791
-0.060724 -0.865628 0.845810
-0.037123 -0.844121 0.201038
-0.059939 -0.845700 0.060985
-0.047759 -0.863947 0.881844
-0.047167 -0.853449 0.310926
-0.047384 -0.846136 0.459017
-0.048468 -0.862170 0.636845
-0.040612 -0.867015 0.803807
-0.048002 -0.835900 0.086105
-0.050497 -0.865059 0.712810
-0.062836 -0.841998 -0.002988
-0.062960 -0.842252 0.107016
-0.063971 -0.846830 0.156964
-0.041830 -0.845219 0.029997
-0.050817 -0.844139 0.016998
-0.043212 -0.861290 0.473840
-0.052569 -0.866292 0.818795
-0.051023 -0.842078 0.187032
-0.068355 -0.868834 0.679736
-0.069072 -0.847900 0.333946
-0.046807 -0.848109 0.103951
-0.070848 -0.856511 0.210834
-0.057172 -0.848188 0.453959
-0.070737 -0.841445 0.029992
-0.048861 -0.845906 0.171973
-0.072077 -0.854993 0.426862
-0.072342 -0.851546 0.649914
-0.074062 -0.862721 0.488772
-0.052768 -0.872484 0.306667
-0.060768 -0.854183 0.187860
-0.051967 -0.846664 0.322963
-0.051644 -0.843045 0.006984
-0.075431 -0.859629 0.828824
-0.060640 -0.845272 0.020950
-0.053482 -0.861225 0.894832
-0.054273 -0.862323 0.727805
-0.054184 -0.858109 0.621846
-0.053676 -0.843819 0.072973
-0.062895 -0.849637 0.312912
-0.062694 -0.843081 0.089972
-0.055031 -0.849128 0.447933
-0.079330 -0.865849 0.843742
-0.065401 -0.861171 0.880811
-0.055770 -0.845317 0.201957
-0.079730 -0.862435 0.283742
-0.065809 -0.854654 0.311845
-0.079586 -0.845868 0.059914
-0.067120 -0.857385 0.635832
-0.067871 -0.866497 0.470715
-0.059239 -0.865290 0.806759
-0.068157 -0.861257 0.710789
-0.067608 -0.842093 0.086966
-0.081516 -0.840152 -0.004033
-0.060454 -0.852397 0.030849
-0.082639 -0.844999 0.155920
-0.082591 -0.844436 0.106923
-0.061856 -0.860511 0.474782
-0.069486 -0.844317 0.017930
-0.071197 -0.863535 0.818760
-0.069676 -0.842261 0.186964
-0.086082 -0.850887 0.664875
-0.065463 -0.849283 0.103872
-0.087737 -0.844087 0.332925
-0.074810 -0.851407 0.455861
-0.089501 -0.857707 0.211757
-0.090925 -0.859837 0.655758
-0.067558 -0.839089 0.171985
-0.090386 -0.841622 0.029923
-0.090780 -0.842123 0.419942
-0.092715 -0.859921 0.487739
-0.093047 -0.862880 0.830728
-0.069641 -0.844850 0.322922
-0.071104 -0.862518 0.899756
-0.070583 -0.847594 0.299886
-0.071907 -0.863577 0.730729
-0.070313 -0.843222 0.007917
-0.080405 -0.855398 0.189779
-0.079326 -0.842440 0.020918
-0.072316 -0.848001 0.073861
-0.081559 -0.846844 0.313880
-0.083022 -0.862428 0.882737
-0.081361 -0.842255 0.089918
-0.073801 -0.856368 0.623798
-0.074612 -0.856425 0.454783
-0.073487 -0.837482 0.200985
-0.098934 -0.863084 0.841707
-0.085402 -0.861891 0.314697
-0.099371 -0.861624 0.282685
-0.097302 -0.840020 0.058921
-0.085736 -0.859655 0.639743
-0.087720 -0.869588 0.718629
-0.087504 -0.864729 0.471668
-0.078824 -0.867611 0.812666
-0.079513 -0.860721 0.475719
-0.086293 -0.838279 0.087947
-0.100206 -0.836306 -0.005051
-0.089789 -0.868866 0.826637
-0.101264 -0.842612 0.106882
-0.079177 -0.843567 0.030885
-0.101333 -0.838158 0.153935
-0.088189 -0.838485 0.017933
-0.089275 -0.849475 0.188816
-0.106619 -0.861224 0.672692
-0.106339 -0.853326 0.336760
-0.092519 -0.840552 0.450925
-0.085092 -0.852478 0.104769
-0.108170 -0.855881 0.210716
-0.109554 -0.859064 0.655706
-0.111336 -0.864164 0.490631
-0.086214 -0.839294 0.173921
-0.111647 -0.866167 0.834630
-0.088732 -0.862800 0.903694
-0.109075 -0.837779 0.028907
-0.089552 -0.862822 0.732679
-0.090145 -0.865152 0.330623
-0.110393 -0.843350 0.420866
-0.098000 -0.841607 0.020866
-0.099086 -0.851582 0.189761
-0.089943 -0.847407 0.008805
-0.090203 -0.849832 0.302796
-0.101627 -0.863721 0.886661
-0.100024 -0.842429 0.089855
-0.091977 -0.846206 0.075817
-0.101174 -0.850083 0.316780
-0.093399 -0.858661 0.628707
-0.093058 -0.849707 0.203782
-0.095176 -0.864732 0.461621
-0.118520 -0.864339 0.841630
-0.103137 -0.849033 0.310785
-0.105381 -0.865787 0.716614
-0.117124 -0.844743 0.276819
-0.104389 -0.853860 0.637748
-0.117917 -0.843196 0.057820
-0.096239 -0.850866 0.471776
-0.107120 -0.866994 0.475579
-0.098419 -0.868945 0.819586
-0.104951 -0.839464 0.088874
-0.118959 -0.839767 0.105859
-0.108431 -0.863100 0.825643
-0.097851 -0.842747 0.031834
-0.107929 -0.850657 0.188743
-0.106847 -0.840663 0.018849
-0.119874 -0.833480 -0.005080
-0.120973 -0.838348 0.153872
-0.125006 -0.849513 0.335745
-0.102793 -0.849657 0.105745
-0.112089 -0.850835 0.456747
-0.126251 -0.854399 0.666708
-0.126845 -0.853066 0.210691
-0.126256 -0.850215 0.650755
-0.129290 -0.864386 0.833596
-0.129975 -0.865397 0.492560
-0.106373 -0.860050 0.904669
-0.107197 -0.862055 0.733632
-0.105936 -0.848265 0.325766
-0.127743 -0.837936 0.027848
-0.105862 -0.837498 0.174879
-0.130012 -0.843554 0.419804
-0.107676 -0.839590 0.010839
-0.119262 -0.862980 0.888615
-0.116696 -0.836788 0.021864
-0.118725 -0.852797 0.191686
-0.109840 -0.849059 0.304744
-0.118870 -0.844258 0.315792
-0.110660 -0.843392 0.076791
-0.113602 -0.865952 0.207532
-0.119672 -0.842624 0.090793
-0.113972 -0.862987 0.635594
-0.121787 -0.849228 0.310726
-0.121140 -0.846843 0.703782
-0.115769 -0.868006 0.465519
-0.138119 -0.863595 0.841580
-0.114854 -0.856120 0.475659
-0.123981 -0.858176 0.644640
-0.136586 -0.843355 0.056763
-0.136770 -0.841935 0.275793
-0.125791 -0.861194 0.474588
-0.123620 -0.838638 0.088827
-0.118033 -0.865213 0.820569
-0.136686 -0.829926 0.104919
-0.115564 -0.837920 0.032836
-0.128028 -0.863401 0.829580
-0.126604 -0.847841 0.188719
-0.138554 -0.831634 -0.006113
-0.125547 -0.834844 0.019860
-0.141559 -0.847554 0.154707
-0.145569 -0.862793 0.341534
-0.129769 -0.846024 0.455749
-0.146794 -0.864594 0.662531
-0.123024 -0.860333 0.909616
-0.145847 -0.857671 0.669614
-0.121493 -0.842834 0.105767
-0.145520 -0.850253 0.210669
-0.146938 -0.861606 0.832577
-0.124828 -0.865345 0.739541
-0.148628 -0.863608 0.492526
-0.122667 -0.838422 0.323829
-0.147388 -0.840112 0.027767
-0.127373 -0.857760 0.179583
-0.137878 -0.862264 0.891569
-0.150595 -0.849823 0.423674
-0.135361 -0.837955 0.021797
-0.137396 -0.850981 0.191653
-0.127326 -0.840777 0.011767
-0.131368 -0.865370 0.312493
-0.137370 -0.839790 0.090775
-0.141360 -0.865601 0.325482
-0.133232 -0.870167 0.209425
-0.130302 -0.845596 0.078708
-0.138509 -0.841383 0.308768
-0.141675 -0.860241 0.716570
-0.132632 -0.856205 0.634617
-0.133488 -0.858375 0.479579
-0.157712 -0.864861 0.842510
-0.142616 -0.857437 0.647595
-0.135419 -0.863240 0.466516
-0.159283 -0.860226 0.281521
-0.145410 -0.863460 0.478506
-0.156249 -0.841524 0.055729
-0.143265 -0.839833 0.089758
-0.137634 -0.865538 0.826508
-0.156320 -0.833121 0.105829
-0.146654 -0.861680 0.832547
-0.145274 -0.846025 0.188687
-0.135221 -0.837098 0.032789
-0.157222 -0.832776 -0.008177
-0.144231 -0.832013 0.019840
-0.161211 -0.846732 0.153662
-0.165206 -0.864022 0.343466
-0.140656 -0.860628 0.914562
-0.162527 -0.851701 0.654636
-0.150334 -0.856318 0.461574
-0.140155 -0.844021 0.106701
-0.165557 -0.861871 0.834523
-0.142492 -0.860570 0.739546
-0.165167 -0.850459 0.211613
-0.166432 -0.859955 0.672531
-0.167283 -0.861832 0.493495
-0.141306 -0.840641 0.325751
-0.166082 -0.835270 0.026773
-0.147981 -0.864005 0.183453
-0.156492 -0.862558 0.895514
-0.145996 -0.841956 0.012702
-0.157032 -0.854208 0.194562
-0.155017 -0.838132 0.021741
-0.150945 -0.864344 0.209443
-0.170240 -0.845019 0.421677
-0.157147 -0.846717 0.320657
-0.156051 -0.836965 0.090757
-0.151031 -0.860589 0.313493
-0.158366 -0.852396 0.711614
-0.148994 -0.840783 0.079712
-0.150199 -0.850533 0.476623
-0.159101 -0.847629 0.311640
-0.151282 -0.851457 0.636621
-0.163187 -0.864786 0.656455
-0.176347 -0.860072 0.839516
-0.165040 -0.863716 0.481450
-0.155068 -0.858474 0.467518
-0.175902 -0.842703 0.055664
-0.178943 -0.856418 0.280513
-0.165271 -0.862980 0.837482
-0.160980 -0.833013 0.090790
-0.163930 -0.848219 0.189613
-0.153889 -0.838279 0.033725
-0.175966 -0.834305 0.105765
-0.157246 -0.862842 0.830486
-0.163862 -0.838199 0.020718
-0.176884 -0.831937 -0.009218
-0.157331 -0.853848 0.913596
-0.182123 -0.858016 0.661513
-0.183877 -0.861220 0.343450
-0.180873 -0.843911 0.152645
-0.160138 -0.860826 0.742496
-0.168982 -0.856549 0.463522
-0.184179 -0.862136 0.836472
-0.157870 -0.837191 0.106733
-0.184960 -0.859033 0.493483
-0.183840 -0.848645 0.211587
-0.161876 -0.852922 0.331555
-0.186060 -0.855162 0.669537
-0.174134 -0.860807 0.896489
-0.183800 -0.828432 0.026809
-0.164749 -0.848152 0.181593
-0.164685 -0.839148 0.014687
-0.168659 -0.857510 0.208476
-0.173704 -0.835301 0.021727
-0.176698 -0.850415 0.195556
-0.169798 -0.858831 0.483477
-0.192786 -0.855329 0.427502
-0.178936 -0.859764 0.721477
-0.175703 -0.837148 0.090705
-0.180653 -0.862928 0.318409
-0.171646 -0.863849 0.317402
-0.179697 -0.857018 0.326480
-0.167670 -0.839969 0.080674
-0.173797 -0.864884 0.650408
-0.181843 -0.859017 0.656475
-0.195955 -0.858329 0.839488
-0.174692 -0.860752 0.472442
-0.184673 -0.863983 0.485398
-0.193626 -0.833845 0.053725
-0.179653 -0.832199 0.091754
-0.183906 -0.859250 0.839480
-0.173535 -0.841467 0.034639
-0.175878 -0.860135 0.834471
-0.195612 -0.836489 0.105693
-0.200550 -0.858649 0.281435
-0.183590 -0.845413 0.189597
-0.182550 -0.835368 0.020705
-0.177790 -0.860096 0.746461
-0.201737 -0.860298 0.665440
-0.188598 -0.861811 0.467413
-0.197526 -0.833107 -0.010280
-0.201832 -0.859367 0.836462
-0.204494 -0.865470 0.346351
-0.203444 -0.854146 0.154472
-0.176539 -0.837378 0.107685
-0.202648 -0.852214 0.491520
-0.205430 -0.857889 0.214428
-0.182470 -0.861181 0.335408
-0.206654 -0.857458 0.673462
-0.193727 -0.864159 0.904404
-0.204429 -0.832605 0.025713
-0.184415 -0.844370 0.183590
-0.183375 -0.836328 0.015675
-0.185409 -0.844671 0.207586
-0.195377 -0.847600 0.195544
-0.187475 -0.856044 0.484467
-0.192392 -0.832470 0.021716
-0.197571 -0.859020 0.723442
-0.192437 -0.829308 0.090758
-0.213400 -0.857564 0.428429
-0.199343 -0.857260 0.329431
-0.199337 -0.857114 0.317432
-0.187327 -0.840175 0.082625
-0.192278 -0.863088 0.319362
-0.201466 -0.858303 0.660437
-0.203339 -0.860207 0.486399
-0.192468 -0.854095 0.648490
-0.217518 -0.860653 0.843413
-0.203507 -0.861598 0.847407
-0.195314 -0.859019 0.475413
-0.202218 -0.844429 0.093559
-0.213297 -0.831026 0.053714
-0.203233 -0.848616 0.190514
-0.195441 -0.860365 0.750416
-0.195488 -0.858464 0.840445
-0.192235 -0.835651 0.035664
-0.220381 -0.859548 0.667407
-0.215279 -0.833675 0.105683
-0.219242 -0.850821 0.279485
-0.200270 -0.828542 0.021745
-0.224142 -0.866699 0.348293
-0.207264 -0.858022 0.467414
-0.220465 -0.856611 0.836453
-0.217195 -0.832269 -0.011313
-0.223252 -0.857501 0.496413
-0.195221 -0.834556 0.107675
-0.225060 -0.858351 0.154376
-0.201140 -0.859389 0.336386
-0.225091 -0.857083 0.214395
-0.210404 -0.857353 0.901446
-0.227255 -0.858729 0.675403
-0.228959 -0.850817 0.025447
-0.206973 -0.858643 0.188372
-0.206129 -0.855278 0.486434
-0.215233 -0.856254 0.724436
-0.206994 -0.854914 0.210417
-0.203041 -0.835517 0.016641
-0.215033 -0.847817 0.197499
-0.211084 -0.828639 0.021721
-0.219958 -0.861361 0.320338
-0.214041 -0.835507 0.090639
-0.219969 -0.859509 0.332360
-0.211926 -0.864340 0.323304
-0.204073 -0.829348 0.083716
-0.234033 -0.854804 0.429418
-0.218171 -0.846470 0.656541
-0.222982 -0.858453 0.488378
-0.237131 -0.859919 0.844381
-0.213101 -0.857614 0.752411
-0.222146 -0.856871 0.849423
-0.213068 -0.855427 0.655430
-0.221884 -0.843624 0.094527
-0.213988 -0.852246 0.476453
-0.221921 -0.843801 0.190532
-0.210917 -0.834820 0.035634
-0.239031 -0.856788 0.668402
-0.237859 -0.845892 0.106493
-0.233946 -0.830203 0.052683
-0.240074 -0.858934 0.842387
-0.215104 -0.854772 0.844447
-0.224953 -0.852212 0.466446
-0.242803 -0.861101 0.283317
-0.225771 -0.849762 0.021442
-0.242828 -0.860899 0.348323
-0.234917 -0.825416 -0.012267
-0.240943 -0.850694 0.495458
-0.212930 -0.828738 0.108707
-0.219812 -0.857599 0.337368
-0.245737 -0.857298 0.215351
-0.241818 -0.842484 0.151529
-0.230984 -0.860730 0.910364
-0.247870 -0.854983 0.675407
-0.223814 -0.850481 0.486455
-0.227622 -0.860139 0.212313
-0.234852 -0.856544 0.728394
-0.251576 -0.855005 0.024354
-0.226649 -0.853850 0.189388
-0.234639 -0.844843 0.021483
-0.234697 -0.846036 0.199481
-0.227578 -0.851742 0.017399
-0.233701 -0.836701 0.091586
-0.239617 -0.859566 0.320320
-0.227623 -0.844596 0.086489
-0.239629 -0.856741 0.334354
-0.232571 -0.861580 0.325294
-0.254665 -0.853030 0.429400
-0.231735 -0.858919 0.758358
-0.240721 -0.855877 0.668386
-0.242732 -0.861253 0.859332
-0.241653 -0.852680 0.489410
-0.234644 -0.861814 0.666312
-0.257731 -0.858211 0.846363
-0.260615 -0.863137 0.676287
-0.229609 -0.832003 0.036631
-0.258711 -0.858199 0.844361
-0.243508 -0.847848 0.096436
-0.243537 -0.848022 0.191441
-0.233634 -0.848494 0.478459
-0.255569 -0.835385 0.051582
-0.257538 -0.842079 0.106502
-0.261511 -0.857098 0.348334
-0.235692 -0.857171 0.855379
-0.246548 -0.857519 0.472342
-0.242527 -0.837917 0.021551
-0.259606 -0.848930 0.497445
-0.260524 -0.849254 0.280424
-0.239457 -0.860838 0.340291
-0.236480 -0.844975 0.110469
-0.256552 -0.827593 -0.013332
-0.246684 -0.851902 0.906440
-0.266389 -0.856515 0.216323
-0.266375 -0.854735 0.153340
-0.242468 -0.851725 0.489405
-0.246313 -0.856338 0.213323
-0.269462 -0.856290 0.679354
-0.255453 -0.859892 0.736317
-0.240430 -0.828892 0.019648
-0.272247 -0.853179 0.023339
-0.242421 -0.837003 0.188560
-0.267494 -0.844191 0.591495
-0.253389 -0.840236 0.200517
-0.253350 -0.837015 0.021543
-0.258301 -0.855775 0.321331
-0.254352 -0.836893 0.091547
-0.247297 -0.842792 0.087474
-0.259291 -0.853973 0.336352
-0.250374 -0.860223 0.764309
-0.253211 -0.861844 0.329253
-0.263284 -0.864285 0.680247
-0.275303 -0.850257 0.429398
-0.277316 -0.855323 0.674352
-0.261303 -0.848929 0.491420
-0.262356 -0.856552 0.862354
-0.254281 -0.858104 0.670321
-0.277354 -0.855467 0.846363
-0.277355 -0.854456 0.845375
-0.261248 -0.842199 0.191479
-0.256112 -0.853245 0.037330
-0.263263 -0.848677 0.469419
-0.265143 -0.850060 0.097372
-0.255234 -0.851818 0.485381
-0.282095 -0.853615 0.051320
-0.283086 -0.856333 0.108290
-0.283135 -0.858360 0.351283
-0.256287 -0.857536 0.863338
-0.258141 -0.856050 0.341315
-0.278275 -0.844144 0.497472
-0.267094 -0.850144 0.022362
-0.284107 -0.856524 0.283299
-0.255179 -0.839154 0.110507
-0.277213 -0.827763 -0.014367
-0.287048 -0.854731 0.217311
-0.287042 -0.850935 0.153352
-0.260155 -0.846941 0.490432
-0.274103 -0.858149 0.738307
-0.267938 -0.860572 0.215236
-0.292041 -0.859630 0.685279
-0.265991 -0.849287 0.193373
-0.269877 -0.857154 0.020260
-0.295859 -0.859386 0.023228
-0.276986 -0.851972 0.321346
-0.274985 -0.842206 0.021445
-0.274035 -0.841462 0.202469
-0.289096 -0.845490 0.595447
-0.268043 -0.856486 0.767325
-0.275002 -0.840096 0.092476
-0.278954 -0.852205 0.338342
-0.273815 -0.862076 0.091199
-0.274836 -0.863117 0.333203
-0.282925 -0.861574 0.684248
-0.280998 -0.853859 0.867357
-0.297935 -0.856630 0.679306
-0.295945 -0.847496 0.430401
-0.281930 -0.850232 0.497373
-0.296980 -0.852747 0.848366
-0.279940 -0.837385 0.191509
-0.280954 -0.842879 0.469461
-0.299921 -0.857837 0.853301
-0.275880 -0.857451 0.677295
-0.287762 -0.856291 0.099262
-0.275805 -0.848437 0.038357
-0.273905 -0.847056 0.487409
-0.278778 -0.859299 0.344244
-0.301799 -0.848500 0.107357
-0.275909 -0.854881 0.870340
-0.297925 -0.842391 0.499465
-0.305712 -0.857826 0.051235
-0.305746 -0.861630 0.354211
-0.288745 -0.851349 0.023315
-0.273873 -0.836343 0.111512
-0.305746 -0.855756 0.284277
-0.305718 -0.849964 -0.017675
-0.307708 -0.853947 0.218291
-0.278820 -0.845176 0.492425
-0.307708 -0.849133 0.153345
-0.294717 -0.859487 0.745261
-0.287612 -0.859791 0.217215
-0.293734 -0.851316 0.652354
-0.287623 -0.852545 0.197302
-0.288648 -0.861871 0.778230
-0.291527 -0.860358 0.021188
-0.298612 -0.855229 0.324276
-0.312669 -0.854872 0.684308
-0.314581 -0.851545 0.022297
-0.299572 -0.852420 0.021287
-0.294689 -0.840690 0.204449
-0.310705 -0.844779 0.598427
-0.301560 -0.857509 0.344246
-0.300565 -0.851338 0.093304
-0.292528 -0.855265 0.092254
-0.303547 -0.861908 0.691215
-0.293533 -0.854332 0.334282
-0.318561 -0.856938 0.684275
-0.316609 -0.853059 0.853337
-0.301602 -0.854224 0.875325
-0.299626 -0.841429 0.496455
-0.314654 -0.845391 0.959441
-0.317572 -0.845757 0.432394
-0.306473 -0.853693 0.196275
-0.321515 -0.859172 0.858257
-0.300609 -0.839114 0.470480
-0.296487 -0.852491 0.344301
-0.307453 -0.852489 0.100281
-0.297481 -0.858808 0.685248
-0.287663 -0.822559 0.038655
-0.318559 -0.844680 0.504411
-0.323458 -0.854821 0.354270
-0.318578 -0.848512 0.965399
-0.294539 -0.845351 0.492402
-0.297492 -0.857319 0.883281
-0.307459 -0.846519 0.023348
-0.325415 -0.853728 0.108263
-0.302366 -0.858645 0.115201
-0.325416 -0.850996 0.050292
-0.327391 -0.853976 0.284271
-0.297488 -0.843425 0.495422
-0.328374 -0.853163 0.219275
-0.327388 -0.847142 -0.018668
-0.314356 -0.857780 0.749256
-0.308271 -0.861018 0.219173
-0.330345 -0.849348 0.153314
-0.308282 -0.863200 0.785188
-0.314359 -0.850612 0.656337
-0.309266 -0.853792 0.200258
-0.318286 -0.851448 0.325297
-0.311232 -0.853550 0.022246
-0.307308 -0.850926 0.684332
-0.319271 -0.849985 0.209306
-0.334285 -0.845724 0.022345
-0.334281 -0.853169 0.687303
-0.316332 -0.838577 0.021435
-0.321236 -0.851541 0.094276
-0.322216 -0.855763 0.347242
-0.315163 -0.858498 0.094186
-0.334284 -0.847111 0.603371
-0.339192 -0.857246 0.689248
-0.324177 -0.859222 0.696223
-0.315166 -0.856616 0.339227
-0.323193 -0.856636 0.886270
-0.338207 -0.854418 0.860297
-0.320262 -0.840722 0.501440
-0.317134 -0.855752 0.348236
-0.322226 -0.843422 0.476403
-0.326160 -0.849887 0.196298
-0.337221 -0.847797 0.968387
-0.334293 -0.832904 0.428533
-0.329110 -0.853714 0.102241
-0.310287 -0.828773 0.039552
-0.317127 -0.854114 0.690282
-0.340184 -0.844970 0.508384
-0.343136 -0.850044 0.355307
-0.342134 -0.853444 0.858305
-0.337220 -0.842771 0.965449
-0.315177 -0.842648 0.497411
-0.317121 -0.852644 0.888315
-0.347078 -0.852930 0.108249
-0.324021 -0.859859 0.116160
-0.331085 -0.850740 0.024269
-0.347083 -0.850179 0.049279
-0.315179 -0.839639 0.496448
-0.349046 -0.849381 0.220300
-0.348061 -0.847191 0.284332
-0.352009 -0.852328 -0.020758
-0.333999 -0.856073 0.753256
-0.325997 -0.852186 0.218260
-0.326941 -0.860487 0.789200
-0.335970 -0.853962 0.664273
-0.354953 -0.854590 0.154225
-0.326951 -0.852248 0.691294
-0.341890 -0.857747 0.330195
-0.331898 -0.856049 0.203205
-0.332895 -0.855754 0.023194
-0.339940 -0.848214 0.211306
-0.333083 -0.828733 0.021539
-0.357922 -0.848919 0.021282
-0.356880 -0.854498 0.692265
-0.343880 -0.853748 0.094224
-0.342878 -0.852007 0.349266
-0.337808 -0.859744 0.097145
-0.359829 -0.856542 0.693237
-0.355906 -0.845401 0.606372
-0.358828 -0.853756 0.866286
-0.345792 -0.858557 0.702210
-0.336807 -0.855892 0.343213
-0.342827 -0.851960 0.891308
-0.342867 -0.844070 0.509377
-0.335996 -0.826521 0.470598
-0.335829 -0.848954 0.348300
-0.348796 -0.852130 0.198248
-0.354883 -0.838999 0.964480
-0.361815 -0.847270 0.513337
-0.328014 -0.820951 0.040631
-0.348810 -0.847901 0.102293
-0.358875 -0.838224 0.433445
-0.355864 -0.838027 0.965491
-0.356918 -0.832145 0.350516
-0.338738 -0.854474 0.698256
-0.364722 -0.854815 0.865268
-0.343719 -0.856058 0.117187
-0.336799 -0.843962 0.503373
-0.336800 -0.842964 0.503385
-0.337733 -0.850017 0.896327
-0.368749 -0.850133 0.108264
-0.352757 -0.848947 0.025270
-0.369742 -0.849384 0.049268
-0.354629 -0.856400 0.759233
-0.366773 -0.838552 0.219418
-0.348630 -0.856442 0.221186
-0.347566 -0.860843 0.797176
-0.373649 -0.852480 0.287245
-0.355625 -0.851236 0.667289
-0.345617 -0.849526 0.695311
-0.376622 -0.850798 0.154253
-0.360593 -0.849935 0.329275
-0.352574 -0.851292 0.206245
-0.352604 -0.848947 0.024260
-0.357665 -0.837397 0.211425
-0.362612 -0.845985 0.021299
-0.379601 -0.847113 0.021287
-0.364567 -0.849955 0.095253
-0.380471 -0.855851 0.698230
-0.356661 -0.833135 0.346489
-0.358494 -0.856950 0.098161
-0.379456 -0.854104 0.873266
-0.378503 -0.848777 0.693319
-0.366429 -0.855884 0.708226
-0.365411 -0.855408 0.904248
-0.379501 -0.845721 0.610350
-0.351577 -0.838040 0.341422
-0.355506 -0.847185 0.350305
-0.364498 -0.844387 0.515356
-0.360572 -0.834893 0.479475
-0.370457 -0.852351 0.199227
-0.379428 -0.844474 0.977395
-0.363431 -0.855259 0.041174
-0.381485 -0.841509 0.514394
-0.376476 -0.836378 0.971498
-0.373429 -0.853163 0.105207
-0.355480 -0.840200 0.505405
-0.381516 -0.837457 0.355433
-0.364404 -0.853266 0.118204
-0.386333 -0.852143 0.869286
-0.362320 -0.855880 0.708219
-0.381500 -0.835496 0.435464
-0.391407 -0.851354 0.109233
-0.359411 -0.844315 0.511351
-0.368533 -0.834097 0.025444
-0.394376 -0.851591 0.048223
-0.365249 -0.855097 0.799234
-0.376247 -0.855740 0.765225
-0.385482 -0.830743 0.219504
-0.370290 -0.855680 0.223178
-0.375282 -0.848523 0.671309
-0.366252 -0.851870 0.703266
-0.384484 -0.826542 0.281562
-0.391406 -0.831916 0.151481
-0.383230 -0.851203 0.332243
-0.375263 -0.850174 0.026228
-0.365386 -0.830411 0.204497
-0.377357 -0.831608 0.212484
-0.387244 -0.850201 0.021229
-0.388210 -0.852183 0.096209
-0.402101 -0.854173 0.703238
-0.381258 -0.839471 0.353394
-0.400088 -0.851420 0.877288
-0.379186 -0.852170 0.100206
-0.403084 -0.852162 0.701263
-0.388054 -0.854234 0.715233
-0.377155 -0.847460 0.354287
-0.373223 -0.837316 0.345417
-0.401134 -0.843025 0.614372
-0.382208 -0.835180 0.483458
-0.386135 -0.843691 0.520351
-0.385036 -0.846305 0.952353
-0.386095 -0.856474 0.042143
-0.383269 -0.829459 0.196507
-0.396110 -0.832644 0.971534
-0.405096 -0.844853 0.521340
-0.376130 -0.839481 0.509401
-0.399060 -0.836775 0.979481
-0.395106 -0.850378 0.106229
-0.405139 -0.839762 0.360391
-0.388045 -0.856495 0.119148
-0.383943 -0.853246 0.716239
-0.409918 -0.852514 0.875269
-0.405115 -0.835799 0.439448
-0.380063 -0.840601 0.515385
-0.403239 -0.826459 0.107541
-0.397101 -0.846356 0.026272
-0.385883 -0.855453 0.807217
-0.397871 -0.857115 0.774196
-0.385910 -0.851182 0.709263
-0.388021 -0.845850 0.222291
-0.396911 -0.847855 0.677306
-0.408132 -0.829990 0.221503
-0.417963 -0.845957 0.289302
-0.397014 -0.833328 0.329462
-0.394977 -0.845366 0.027278
-0.413078 -0.827125 0.151532
-0.388029 -0.831682 0.208469
-0.400004 -0.832879 0.216457
-0.424722 -0.853517 0.709237
-0.409892 -0.849384 0.096234
-0.421708 -0.849772 0.883300
-0.403897 -0.839756 0.357380
-0.400864 -0.850397 0.102217
-0.391920 -0.834604 0.352442
-0.410668 -0.853620 0.724230
-0.426688 -0.850507 0.706275
-0.406646 -0.847710 0.962326
-0.402867 -0.833447 0.486471
-0.395858 -0.836615 0.350415
-0.409747 -0.845053 0.528324
-0.426746 -0.844157 0.526341
-0.426713 -0.845402 0.621333
-0.404934 -0.829694 0.198495
-0.396786 -0.838775 0.514400
-0.416731 -0.830023 0.979561
-0.406797 -0.851676 0.043193
-0.421655 -0.838142 0.985457
-0.407922 -0.829515 0.106489
-0.426800 -0.837015 0.362419
-0.406771 -0.848689 0.120238
-0.405540 -0.854799 0.815217
-0.404586 -0.849589 0.723276
-0.432524 -0.849879 0.881295
-0.426768 -0.832048 0.440489
-0.407540 -0.851541 0.717249
-0.402686 -0.838944 0.522396
-0.420485 -0.856466 0.780195
-0.398857 -0.824939 0.219552
-0.420515 -0.850229 0.685267
-0.430789 -0.829224 0.222506
-0.429776 -0.822027 0.283604
-0.418673 -0.831577 0.331478
-0.408710 -0.826914 0.210523
-0.435741 -0.824354 0.152562
-0.422659 -0.832126 0.218460
-0.448334 -0.853896 0.717227
-0.415547 -0.838906 0.357379
-0.416688 -0.819877 0.354630
-0.418606 -0.839596 0.104349
-0.432304 -0.852981 0.732233
-0.424319 -0.837962 0.962446
-0.425500 -0.832759 0.491474
-0.416463 -0.836034 0.517429
-0.452270 -0.852904 0.714239
-0.417516 -0.834906 0.355430
-0.426607 -0.827918 0.199512
-0.432380 -0.843383 0.534340
-0.450372 -0.844492 0.532332
-0.438342 -0.827335 0.981593
-0.440310 -0.830444 0.988553
-0.428153 -0.857213 0.826180
-0.448357 -0.838673 0.622415
-0.424513 -0.838863 0.120358
-0.443534 -0.824193 0.361581
-0.427206 -0.847833 0.721292
-0.442120 -0.854820 0.787211
-0.429170 -0.850036 0.735264
-0.428273 -0.844347 0.532321
-0.454149 -0.844187 0.883365
-0.442158 -0.849560 0.691271
-0.422495 -0.826207 0.222530
-0.448423 -0.825301 0.441573
-0.453452 -0.827472 0.224527
-0.444283 -0.836895 0.336406
-0.462296 -0.835424 0.290429
-0.434324 -0.833220 0.215438
-0.467023 -0.846143 0.718326
-0.447293 -0.834414 0.222428
-0.434254 -0.832121 0.358464
-0.465949 -0.845500 0.896349
-0.446235 -0.831295 0.364480
-0.439100 -0.839382 0.525384
-0.457886 -0.856444 0.745185
-0.443965 -0.833292 0.967505
-0.448140 -0.832057 0.495482
-0.445848 -0.850470 0.828265
-0.456993 -0.845753 0.542307
-0.478847 -0.855338 0.724207
-0.474991 -0.845850 0.539315
-0.438191 -0.828168 0.358515
-0.453216 -0.833206 0.202442
-0.466858 -0.835939 1.001483
-0.474939 -0.842070 0.630372
-0.449833 -0.850225 0.731259
-0.473097 -0.834584 0.369447
-0.464747 -0.855208 0.796206
-0.448835 -0.843349 0.740350
-0.443183 -0.823438 0.224565
-0.452880 -0.843737 0.541328
-0.464789 -0.846906 0.697306
-0.476992 -0.831697 0.449492
-0.459051 -0.822026 0.333600
-0.491634 -0.847543 0.727311
-0.447045 -0.815238 0.355684
-0.474103 -0.811508 0.285743
-0.453042 -0.823439 0.217566
-0.471852 -0.834632 0.370439
-0.462730 -0.840716 0.531367
-0.464600 -0.830682 0.976542
-0.475722 -0.841483 0.506361
-0.480516 -0.851813 0.752248
-0.466499 -0.847833 0.836300
-0.465777 -0.835545 0.366421
-0.499618 -0.845197 0.545327
-0.481611 -0.845129 0.550318
-0.468521 -0.843498 0.734349
-0.503457 -0.850685 0.728272
-0.494775 -0.830851 0.372500
-0.487378 -0.852576 0.803243
-0.499554 -0.839418 0.635412
-0.465414 -0.834523 0.960486
-0.476391 -0.848886 0.757281
-0.486441 -0.844241 0.703344
-0.476511 -0.843103 0.549339
-0.512215 -0.856275 0.914217
-0.504586 -0.835060 0.455455
-0.482699 -0.822318 0.337601
-0.479570 -0.831691 0.366475
-0.518225 -0.849990 0.738286
-0.486367 -0.842077 0.539354
-0.490194 -0.832647 0.950520
-0.486615 -0.817796 0.369665
-0.488142 -0.846205 0.844327
-0.499363 -0.838794 0.510403
-0.503152 -0.848192 0.760301
-0.492146 -0.845915 0.745323
-0.524253 -0.844544 0.551345
-0.503275 -0.839443 0.555400
-0.487450 -0.829828 0.370502
-0.510016 -0.850954 0.811272
-0.527089 -0.847031 0.733329
-0.528128 -0.842861 0.645377
-0.512044 -0.845651 0.712334
-0.496061 -0.839180 0.760415
-0.502122 -0.844512 0.559328
-0.527246 -0.826326 0.456581
-0.499274 -0.824916 0.367572
-0.539887 -0.844306 0.742372
-0.508038 -0.839383 0.544398
-0.508804 -0.843567 0.852370
-0.526964 -0.844212 0.520343
-0.515205 -0.823186 0.377606
-0.523819 -0.841516 0.765400
-0.513802 -0.843266 0.752367
-0.547906 -0.840873 0.556406
-0.532847 -0.846922 0.568314
-0.513077 -0.830183 0.377508
-0.534632 -0.850380 0.821291
-0.554675 -0.846468 0.742351
-0.537657 -0.847073 0.722328
-0.553746 -0.839221 0.650440
-0.527740 -0.843913 0.568349
-0.532676 -0.839742 0.551406
-0.530453 -0.839944 0.860430
-0.569457 -0.848820 0.756330
-0.549632 -0.839516 0.524419
-0.533486 -0.836564 0.756468
-0.545474 -0.834864 0.771502
-0.572553 -0.838223 0.562459
-0.557488 -0.844302 0.576365
-0.557280 -0.846749 0.828354
-0.563278 -0.847498 0.732340
-0.577329 -0.838784 0.745472
-0.531456 -0.815734 0.766751
-0.555340 -0.845371 0.580347
-0.578379 -0.832561 0.654549
-0.558311 -0.842121 0.559392
-0.587173 -0.836054 0.756518
-0.559103 -0.839016 0.768454
-0.574283 -0.836850 0.529474
-0.571086 -0.834338 0.784530
-0.578943 -0.840088 0.833463
-0.585100 -0.844733 0.586381
-0.583963 -0.839805 0.736462
-0.606906 -0.838255 0.755506
-0.564962 -0.825411 0.789648
-0.606979 -0.833010 0.664570
-0.578005 -0.837713 0.586471
-0.579998 -0.837431 0.564474
-0.603903 -0.822252 0.754725
-0.575833 -0.828250 0.769617
-0.599670 -0.835866 0.799537
-0.608605 -0.836187 0.743536
-0.608381 -0.837869 0.789518
-0.639188 -0.839726 0.758522
