# .PCD v0.7 - Point Cloud Data file format
VERSION 0.7
FIELDS x y z
SIZE 4 4 4
TYPE F F F
COUNT 1 1 1
WIDTH 3871
HEIGHT 1
VIEWPOINT 0 0 0 1
POINTS 3871
DATA ascii
-2.187753 4.488094 1.389478
-2.191626 4.531969 1.385052
-2.155318 4.696038 1.441076
-2.228221 4.640564 1.398438
-2.159199 4.745918 1.433686
-2.347979 4.796352 1.481022
-2.172277 4.808737 1.430178
-2.122092 4.580127 1.402187
-2.203980 4.861495 1.400501
0.131730 2.848592 1.701857
0.143734 2.608595 1.701909
0.112031 2.621532 1.660745
0.156437 3.938276 2.433377
0.138036 2.754595 1.680624
0.200289 2.840909 1.706545
0.202143 2.611839 1.709533
0.176780 2.681671 1.700699
0.148106 2.767425 1.707895
0.149052 2.683578 1.672519
0.206882 2.805767 1.718575
0.117149 2.815297 1.676944
0.272298 2.878128 1.738454
0.247855 2.508312 1.648529
0.238368 2.672974 1.699291
0.148775 2.648447 1.670500
0.213646 2.765748 1.707562
0.217647 2.756698 1.721563
0.275071 2.829011 1.739375
0.189138 2.862542 1.702907
0.216220 2.734530 1.725589
0.267361 2.664271 1.647633
0.283884 2.776947 1.738322
0.248799 2.767091 1.646062
0.280550 2.747796 1.736291
2.850410 -0.995552 -0.012750
2.874493 -1.004162 -0.035816
2.497532 -0.884377 0.124024
2.482323 -0.881720 0.360048
2.515500 -0.893490 0.254953
2.429113 -0.879169 0.682015
2.477409 -0.900494 0.540826
2.845665 -0.997424 -0.034914
2.524004 -0.892946 -0.117169
2.518990 -0.893287 -0.085179
2.418959 -0.904391 0.060650
2.857671 -1.015496 0.190903
2.406030 -0.903842 -0.007369
2.399044 -0.902713 -0.026368
2.429377 -0.878871 0.643904
2.337867 -0.888518 0.116713
2.292110 -0.880685 1.045799
2.369876 -0.902518 0.245605
2.334720 -0.890664 0.339698
2.844935 -1.028434 0.067716
2.569155 -0.904776 1.262756
2.367099 -0.872017 1.030916
2.276497 -0.882990 0.643717
2.323520 -0.906869 0.875522
2.327791 -0.906411 0.515509
2.921155 -1.026924 -0.140275
2.451490 -0.872347 0.601919
2.404878 -0.893864 0.305660
3.156633 -1.115595 0.106035
2.476855 -0.883933 0.261794
2.832091 -1.003643 -0.237139
2.832095 -1.007074 -0.192177
2.411668 -0.910815 0.828503
2.395296 -0.905804 -0.024523
2.270286 -0.908507 0.059357
2.365358 -0.901223 -0.108521
2.379386 -0.907391 -0.080572
2.362200 -0.904865 0.165449
2.365456 -0.879633 0.980723
2.358052 -0.909603 0.448405
2.240317 -0.902097 -0.006619
2.242336 -0.902920 -0.023627
2.832310 -1.038881 -0.005551
2.293831 -0.891636 0.612532
2.162539 -0.887220 0.993504
2.207238 -0.897459 0.110391
2.239251 -0.911435 0.236283
2.200095 -0.897539 0.322393
2.297285 -0.895333 0.059453
2.243581 -0.885578 0.985552
2.148893 -0.889683 0.611425
2.191909 -0.911542 0.837247
2.390199 -0.906781 0.383390
2.195165 -0.912240 0.494219
2.961555 -1.054014 -0.002702
2.878505 -1.023214 -0.252471
2.304933 -0.883209 0.572556
2.389576 -0.908071 -0.109662
2.247223 -0.895903 0.288383
2.251675 -0.906704 1.210324
2.852742 -1.086793 0.100905
2.479613 -0.890574 -0.303464
2.315234 -0.890039 0.248467
2.344591 -0.897604 -0.192611
2.481614 -0.894050 -0.252500
2.262065 -0.914600 0.788215
2.355631 -0.904881 -0.155680
2.334100 -0.910624 0.739281
2.244625 -0.909979 -0.020815
2.139632 -0.914492 0.058070
2.215672 -0.904424 -0.100799
2.210654 -0.903710 -0.074797
2.229575 -0.913832 0.160127
2.408412 -0.893978 0.204423
2.112657 -0.908067 -0.006901
2.357905 -0.886258 0.924492
2.115684 -0.909902 -0.021920
2.209414 -0.912545 0.427130
2.252557 -0.892157 0.002325
2.143174 -0.890473 0.578303
2.033928 -0.888752 0.942272
2.077446 -0.902332 0.306133
2.112609 -0.917332 0.228003
2.417504 -0.908943 0.310262
2.080593 -0.903370 0.104111
2.410304 -0.912593 0.684234
2.395700 -0.900489 -0.065695
2.351246 -0.890594 0.536402
2.159639 -0.901360 0.057160
2.017249 -0.890393 0.578198
2.066284 -0.914179 0.800006
2.067518 -0.915029 0.472974
2.229549 -0.907826 0.364124
2.375183 -0.919862 1.099122
2.163321 -0.888029 0.543275
2.116591 -0.901774 0.274101
2.221874 -0.907412 -0.100916
2.354821 -0.908485 0.005151
2.014082 -0.908272 1.184019
2.350943 -0.906520 -0.201846
2.218790 -0.910238 0.086058
2.184644 -0.900949 0.238129
2.124452 -0.917323 0.750959
2.190909 -0.900878 -0.179891
2.315958 -0.897984 -0.283801
2.310940 -0.898503 -0.233811
2.186910 -0.902256 -0.143911
2.175466 -0.909468 0.699044
2.114968 -0.915991 -0.018096
2.016952 -0.917418 0.056832
2.087012 -0.910455 -0.095079
2.097929 -0.918791 0.154855
2.078992 -0.908755 -0.070069
1.991985 -0.911995 -0.006148
1.984972 -0.908920 -0.019123
2.070256 -0.882961 0.877215
2.261820 -0.904021 0.196078
2.076771 -0.915398 0.408881
2.206320 -0.889984 0.876214
1.911301 -0.888256 0.893073
2.022563 -0.896159 0.551039
1.960783 -0.905090 0.290906
1.989924 -0.918188 0.218790
2.121937 -0.901161 0.003011
1.971944 -0.910159 0.098849
2.262903 -0.915992 0.295941
2.037988 -0.907270 0.054892
2.196638 -0.894526 0.509118
1.982393 -0.891718 0.888053
2.252732 -0.918479 0.648920
2.222011 -0.899866 -0.057950
1.920653 -0.899942 0.554922
1.960681 -0.920735 0.769750
2.119543 -0.923624 1.081811
1.955869 -0.918729 0.454744
2.099951 -0.915686 0.348824
2.208603 -0.919572 1.036868
2.002959 -0.908548 0.262835
2.008561 -0.919686 1.107769
2.032714 -0.892797 0.517010
2.091218 -0.913477 -0.093195
2.202168 -0.912656 0.006868
2.208300 -0.914716 -0.189162
2.081141 -0.914276 0.084793
2.048985 -0.902882 0.226892
2.000832 -0.919970 0.716725
2.061250 -0.906961 -0.169168
2.057243 -0.907321 -0.135176
2.167289 -0.903277 -0.265090
2.163275 -0.903762 -0.218098
2.048887 -0.916177 0.668761
1.983261 -0.915026 -0.014295
1.907280 -0.921259 0.056604
1.962324 -0.912466 -0.088303
1.971252 -0.919712 0.149640
1.964333 -0.914676 -0.065325
1.873281 -0.910791 -0.017329
1.879297 -0.913855 -0.006356
1.821717 -0.896660 0.858821
1.950668 -0.887518 0.835969
1.964157 -0.922134 0.393617
1.912949 -0.901792 0.526792
1.854133 -0.908785 0.276685
2.065729 -0.892655 0.830965
2.113169 -0.906076 0.187827
1.878250 -0.919983 0.211583
1.862260 -0.911952 0.093646
1.999279 -0.906114 0.004758
1.869770 -0.893211 0.845851
1.818006 -0.902511 0.529720
1.846013 -0.918313 0.735588
1.918311 -0.909164 0.052677
2.117281 -0.919973 0.281669
2.093376 -0.907900 -0.052243
2.058028 -0.898360 0.483859
2.096094 -0.916343 0.612706
1.852224 -0.922390 0.438527
1.985927 -0.922163 1.027614
1.903978 -0.925122 1.064532
1.976319 -0.919508 0.334582
1.892320 -0.913291 0.250599
1.935151 -0.905391 0.497702
2.070038 -0.923169 0.984609
1.967540 -0.916481 -0.086426
1.890215 -0.923578 0.688501
1.934342 -0.907680 0.217652
1.959487 -0.918187 0.082553
2.075554 -0.921640 0.008565
2.059596 -0.913964 -0.175378
1.999840 -0.902641 1.185768
1.930539 -0.906060 -0.157361
1.933556 -0.909342 -0.126395
2.031606 -0.906457 -0.248334
2.027596 -0.906925 -0.203343
1.923246 -0.915862 0.637565
1.876609 -0.920863 -0.012538
1.807620 -0.926018 0.055382
1.864672 -0.920262 -0.083555
1.785634 -0.919577 -0.006580
1.851635 -0.915571 -0.061517
1.784641 -0.919487 -0.016582
1.864603 -0.924497 0.145410
1.721084 -0.897083 0.818648
1.859508 -0.925817 0.379402
1.745424 -0.905490 0.262545
1.851100 -0.896005 0.802706
1.814328 -0.907361 0.504564
1.780589 -0.923675 0.204377
1.769604 -0.917633 0.089424
1.946138 -0.897246 0.793724
1.985529 -0.909997 0.181584
1.891652 -0.913950 0.005493
1.755385 -0.922802 0.710382
1.769147 -0.895671 0.809657
1.718348 -0.903067 0.505548
1.825677 -0.917873 0.051421
1.758572 -0.925985 0.423328
1.747993 -0.893336 1.168677
1.949448 -0.908041 0.465573
1.990660 -0.924843 0.270415
1.875351 -0.926641 0.984382
1.960710 -0.909962 -0.046471
1.737310 -0.926396 1.063334
1.970500 -0.921067 0.585454
1.798370 -0.926552 1.020341
1.790657 -0.915985 0.240402
1.865680 -0.923244 0.321361
1.829517 -0.909029 0.477489
1.852858 -0.918410 -0.080630
1.947472 -0.927725 0.940363
1.782564 -0.923150 0.659331
1.820673 -0.908470 0.208463
1.852849 -0.923999 0.081314
1.836113 -0.883132 1.104753
1.938860 -0.919695 0.010381
1.827878 -0.911919 -0.149594
1.935933 -0.918004 -0.164616
1.631157 -0.891005 1.146598
1.835920 -0.918157 -0.119656
1.911933 -0.910503 -0.233565
1.785963 -0.928593 -0.009779
1.712931 -0.927740 0.054204
1.824672 -0.924430 0.614303
1.902915 -0.908991 -0.190557
1.691943 -0.921307 -0.005756
1.689953 -0.921225 -0.015759
1.745941 -0.915219 -0.077684
1.636472 -0.901465 0.786453
1.764947 -0.928231 0.141203
1.754984 -0.921343 -0.058743
1.668808 -0.915004 0.252302
1.743448 -0.894502 0.765553
1.693929 -0.928306 0.199177
1.761877 -0.930460 0.366187
1.678927 -0.920297 0.085242
1.717686 -0.909923 0.483376
1.829528 -0.898813 0.756525
1.670758 -0.927266 0.687186
1.783963 -0.914793 0.007313
1.685557 -0.903076 0.780430
1.638724 -0.909525 0.486336
1.870899 -0.914824 0.175349
1.670909 -0.928544 0.409151
1.727008 -0.920614 0.049228
1.646666 -0.925749 1.023190
1.831806 -0.908755 0.444383
1.684383 -0.886098 1.085587
1.760708 -0.923121 0.939242
1.847042 -0.912877 -0.041680
1.865006 -0.924705 0.259224
1.854897 -0.924735 0.560230
1.705754 -0.928941 0.982160
1.702030 -0.922595 0.231177
1.763047 -0.926941 0.310153
1.724869 -0.909649 0.456316
1.711001 -0.936588 0.643052
1.758226 -0.926188 -0.075871
1.820844 -0.924273 0.893212
1.731065 -0.917118 0.202219
1.753586 -0.895478 1.068478
1.751198 -0.927776 0.080111
1.733220 -0.917722 -0.141809
1.833233 -0.926528 0.012141
1.822253 -0.919963 -0.154807
1.736254 -0.921989 -0.112853
1.623238 -0.928426 0.053054
1.692299 -0.932336 -0.007968
1.810282 -0.917393 -0.221796
1.720021 -0.924016 0.589149
1.807291 -0.918820 -0.180814
1.562847 -0.906811 0.759273
1.606263 -0.923972 -0.005921
1.598241 -0.919951 -0.013885
1.656268 -0.918950 -0.073864
1.674275 -0.930910 0.138034
1.612261 -0.931892 0.193007
1.587148 -0.918554 0.242133
1.664302 -0.924071 -0.055912
1.667193 -0.930079 0.353049
1.595249 -0.922912 0.081082
1.632040 -0.913434 0.465205
1.664880 -0.904920 0.741311
1.586080 -0.926715 0.663064
1.562079 -0.913969 0.468168
1.746977 -0.911270 0.733259
1.605954 -0.909459 0.752236
1.592247 -0.932058 0.396991
1.689301 -0.918536 0.008133
1.769247 -0.918566 0.170163
1.563743 -0.892911 1.071396
1.633323 -0.921321 0.047085
1.573049 -0.931067 0.992017
1.609815 -0.895390 1.050371
1.731161 -0.911384 0.427216
1.672113 -0.928529 0.906053
1.619129 -0.931313 0.947009
1.747401 -0.918685 -0.037881
1.762378 -0.929421 0.250031
1.611351 -0.923220 0.222044
1.754295 -0.930334 0.539029
1.680433 -0.935514 0.300940
1.633223 -0.912213 0.439162
1.612319 -0.933121 0.616955
1.482940 -0.899470 1.065269
1.656524 -0.925027 -0.069994
1.638408 -0.919766 0.194062
1.666002 -0.901834 1.030286
1.728282 -0.932731 0.861989
1.659540 -0.931482 0.078944
1.540542 -0.929062 0.051930
1.638550 -0.920529 -0.133969
1.720580 -0.922829 -0.145973
1.639565 -0.922790 -0.106993
1.730584 -0.930341 0.013962
1.599604 -0.932073 -0.006093
1.486192 -0.908158 0.730148
1.642442 -0.934488 0.571919
1.526570 -0.925594 -0.006052
1.703585 -0.917331 -0.208934
1.655049 -0.906345 1.173228
1.512531 -0.918626 -0.012990
1.513476 -0.922053 0.232988
1.530571 -0.932488 0.187885
1.698591 -0.917765 -0.168943
1.591609 -0.934531 0.134877
1.587543 -0.934618 0.342885
1.561544 -0.915727 -0.068955
1.568581 -0.920846 -0.052005
1.554396 -0.917894 0.448045
1.516573 -0.925492 0.076941
1.578233 -0.906339 0.712176
1.510410 -0.928127 0.641940
1.486420 -0.916405 0.450031
1.512565 -0.932578 0.384872
1.523297 -0.909849 0.723116
1.499391 -0.932368 0.959896
1.638293 -0.905790 0.698180
1.502162 -0.903162 1.042188
1.601627 -0.921227 0.008983
1.549640 -0.922965 0.045950
1.675607 -0.923250 0.164985
1.540227 -0.903680 1.019178
1.540491 -0.933662 0.915871
1.590511 -0.933913 0.875877
1.650580 -0.921919 0.414985
1.657743 -0.923419 -0.034055
1.527670 -0.923792 0.212922
1.674765 -0.937047 0.242825
1.656656 -0.931916 0.518881
1.560612 -0.920677 0.425963
1.533666 -0.935565 0.596817
1.581740 -0.932179 0.289845
1.412310 -0.901697 1.027141
1.563808 -0.922789 -0.065092
1.557746 -0.923346 0.187911
1.583395 -0.906158 0.993125
1.574869 -0.934135 0.077798
1.470870 -0.933613 0.051779
1.629660 -0.933188 0.826852
1.557897 -0.926224 -0.127145
1.548858 -0.921556 -0.100100
1.516911 -0.932737 -0.004214
1.413540 -0.909493 0.703029
1.636922 -0.933087 0.015806
1.455904 -0.930151 -0.006205
1.619895 -0.922688 -0.137103
1.443859 -0.923178 -0.012140
1.553777 -0.933993 0.550804
1.438788 -0.922559 0.223876
1.454880 -0.933038 0.182772
1.511928 -0.936129 0.131748
1.453802 -0.938471 0.627737
1.613929 -0.922128 -0.198108
1.443882 -0.927036 0.073820
1.470701 -0.915385 0.429958
1.511899 -0.939129 0.332726
1.496918 -0.926428 -0.050170
1.571486 -0.912659 1.133042
1.497931 -0.927263 -0.066179
1.602893 -0.917595 -0.159066
1.494571 -0.905753 0.685069
1.420779 -0.921797 0.434875
1.430730 -0.933659 0.930782
1.442905 -0.936034 0.373733
1.448642 -0.911207 0.696996
1.430544 -0.906416 1.006049
1.559674 -0.911218 0.676012
1.518960 -0.923883 0.009840
1.473963 -0.925550 0.044816
1.580931 -0.922951 0.160864
1.461583 -0.903961 0.981067
1.469867 -0.937991 0.888720
1.509887 -0.936295 0.846738
1.556894 -0.919502 0.398890
1.457014 -0.928289 0.205771
1.554028 -0.918265 -0.029129
1.585118 -0.939676 0.234675
1.451980 -0.933017 0.575733
1.476928 -0.919187 0.409867
1.572036 -0.936432 0.501715
1.349690 -0.905912 0.994002
1.503093 -0.935729 0.281696
1.493182 -0.931386 -0.061289
1.396159 -0.932190 0.050690
1.498748 -0.905491 0.956020
1.480096 -0.926913 0.182763
1.491179 -0.933779 0.076689
1.435763 -0.911788 1.140950
1.349879 -0.911798 0.679911
1.445225 -0.935319 -0.002343
1.477202 -0.926917 -0.120262
1.475192 -0.926171 -0.096254
1.554083 -0.941584 0.802651
1.380185 -0.927742 -0.006283
1.372113 -0.925016 0.215753
1.387190 -0.934539 0.178659
1.475124 -0.935453 0.532679
1.378102 -0.934879 0.606672
1.546237 -0.932800 0.016691
1.539235 -0.927393 -0.129264
1.374184 -0.927547 0.069716
1.435245 -0.936706 0.128636
1.427243 -0.929846 -0.063307
1.433207 -0.937657 0.322635
1.430268 -0.932985 -0.047339
1.411107 -0.925774 0.418753
1.525243 -0.922917 -0.187233
1.523232 -0.922291 -0.151225
1.427970 -0.913115 0.664891
1.360039 -0.930952 0.900713
1.355101 -0.923184 0.419765
1.378227 -0.938472 0.364612
1.381004 -0.914544 0.673862
1.359883 -0.905654 0.969960
1.483041 -0.914630 0.653869
1.406301 -0.930078 0.043669
1.447315 -0.929459 0.010677
1.387954 -0.905245 0.946951
1.495264 -0.923575 0.155744
1.395197 -0.936314 0.858636
1.426215 -0.932664 0.814666
1.388329 -0.929778 0.199659
1.480263 -0.924002 0.386735
1.390351 -0.939394 0.561572
1.291066 -0.910124 0.963868
1.484402 -0.926845 -0.026322
1.407292 -0.923627 0.396720
1.496454 -0.939306 0.227563
1.427429 -0.937255 0.273576
1.487401 -0.937947 0.484585
1.329476 -0.933719 0.050579
1.427124 -0.908788 0.924885
1.399386 -0.923489 0.176695
1.414489 -0.931038 -0.057391
1.293260 -0.918083 0.659756
1.379197 -0.922036 1.114751
1.410489 -0.932402 0.075597
1.374543 -0.936886 -0.001459
1.317498 -0.930239 -0.006400
1.303412 -0.923476 0.206675
1.317434 -0.937226 0.590558
1.398497 -0.925586 -0.114351
1.316493 -0.933053 0.173577
1.317157 -0.912845 1.150829
1.406541 -0.931760 -0.091412
1.316521 -0.932992 0.067571
1.462416 -0.937001 0.769584
1.402482 -0.937890 0.516551
1.359526 -0.933272 0.125572
1.364534 -0.939123 0.313523
1.347449 -0.929167 0.405624
1.300385 -0.933224 0.876601
1.358567 -0.932415 -0.060432
1.458559 -0.929087 -0.122389
1.360583 -0.934552 -0.045453
1.466590 -0.936446 0.018543
1.282378 -0.917600 0.402729
1.313541 -0.938898 0.354516
1.363337 -0.917457 0.644751
1.450571 -0.926585 -0.178374
1.318347 -0.916860 0.652748
1.449584 -0.927945 -0.143389
1.295227 -0.905887 0.937867
1.337595 -0.929609 0.042580
1.407399 -0.916033 0.631753
1.370617 -0.928070 0.011591
1.322307 -0.906494 0.915846
1.330556 -0.938614 0.833518
1.428638 -0.931091 0.153567
1.359586 -0.935987 0.790536
1.313623 -0.926291 0.191597
1.411634 -0.929453 0.375580
1.330715 -0.944765 0.548425
1.225395 -0.907334 0.928808
1.334592 -0.921072 0.382652
1.407732 -0.928475 -0.023441
1.353752 -0.936766 0.265482
1.416793 -0.939870 0.220451
1.277835 -0.942130 0.049407
1.357483 -0.910086 0.895777
1.410770 -0.940412 0.468454
1.334724 -0.926960 0.171567
1.229578 -0.916384 0.636686
1.346813 -0.933610 -0.053512
1.258759 -0.938567 0.575459
1.337788 -0.930965 0.074516
1.243728 -0.924889 0.199575
1.255811 -0.931729 -0.006504
1.266852 -0.941434 0.170408
1.305846 -0.936447 0.000452
1.258520 -0.915031 1.117721
1.327806 -0.926419 -0.086454
1.248812 -0.930498 0.064506
1.243732 -0.935483 0.853494
1.296836 -0.937589 0.305448
1.297860 -0.936748 0.123447
1.271715 -0.921614 0.389610
1.252839 -0.938303 0.345438
1.333828 -0.939304 0.501441
1.390813 -0.941372 0.746436
1.227726 -0.921936 0.390601
1.290866 -0.932117 -0.043519
1.290867 -0.931986 -0.056519
1.298679 -0.918796 0.624648
1.391917 -0.935671 -0.116555
1.391920 -0.938043 0.019426
1.260711 -0.921169 0.634617
1.242627 -0.913113 0.913708
1.378909 -0.930222 -0.170510
1.376902 -0.929590 -0.135503
1.366779 -0.935520 1.040495
1.288993 -0.942000 0.041366
1.340765 -0.919398 0.612624
1.312965 -0.934542 0.012436
1.261667 -0.908746 0.888737
1.267895 -0.938915 0.810428
1.344931 -0.925698 0.148522
1.265006 -0.936657 0.187407
1.295962 -0.939308 0.768409
1.255991 -0.937170 0.528413
1.176778 -0.913528 0.904666
1.331924 -0.923959 0.362541
1.270941 -0.923485 0.371537
1.213096 -0.937631 0.048370
1.289082 -0.938229 0.259377
1.335055 -0.929086 -0.019543
1.176926 -0.919655 0.618573
1.201068 -0.937899 0.560386
1.294871 -0.914364 0.869643
1.272059 -0.929425 0.167453
1.344140 -0.941402 0.215338
1.296200 -0.945051 -0.050716
1.204125 -0.937895 0.166363
1.332090 -0.936886 0.452393
1.200118 -0.936208 0.194379
1.255205 -0.944868 0.001283
1.194068 -0.938726 0.834385
1.210940 -0.924259 1.096545
1.287197 -0.943383 0.074300
1.209215 -0.944813 0.062280
1.197157 -0.939682 0.337344
1.268145 -0.930710 -0.104586
1.245203 -0.944960 0.299289
1.267149 -0.930940 -0.082589
1.229129 -0.934915 0.382393
1.187125 -0.934211 0.382398
1.250253 -0.948135 0.122246
1.263150 -0.936722 0.485376
1.315138 -0.937735 0.720379
1.231995 -0.916137 0.603589
1.197010 -0.917477 0.612573
1.185962 -0.913332 0.886627
1.315205 -0.932335 -0.109614
1.313197 -0.932676 0.021388
1.308211 -0.929861 -0.161597
1.304215 -0.929225 -0.128593
1.302184 -0.939791 1.011358
1.216250 -0.934560 0.040356
1.282139 -0.924733 0.596483
1.209045 -0.913987 0.866603
1.210239 -0.940188 0.788333
1.247273 -0.934072 0.013354
1.224941 -0.896422 1.116785
1.280256 -0.927197 0.146420
1.199296 -0.933112 0.180360
1.120090 -0.910714 0.874620
1.230297 -0.937629 0.745340
1.206368 -0.944496 0.518257
1.114097 -0.911117 1.106623
1.266255 -0.924393 0.352450
1.219317 -0.930839 0.363380
1.167470 -0.947009 0.048195
1.158436 -0.946182 0.551227
1.270376 -0.930627 -0.016645
1.241498 -0.950593 0.255166
1.135326 -0.929896 0.605393
1.235232 -0.916635 0.845537
1.138380 -0.930623 0.186360
1.217413 -0.934832 0.163316
1.139390 -0.937976 0.812317
1.164529 -0.951225 0.165149
1.140396 -0.930648 -0.006651
1.272451 -0.938914 0.209274
1.219444 -0.935686 -0.046707
1.211422 -0.941760 1.037286
1.269453 -0.940295 0.441270
1.185471 -0.938435 0.003265
1.135411 -0.930358 0.059350
1.146491 -0.943035 0.330233
1.216474 -0.937931 0.073271
1.123383 -0.926577 0.367400
1.164406 -0.929299 0.368371
1.185529 -0.945378 0.292203
1.185528 -0.943619 0.119212
1.171476 -0.932982 -0.051692
1.172485 -0.934097 -0.039703
1.176343 -0.918438 0.586487
1.145361 -0.920758 0.596464
1.211534 -0.944072 0.476219
1.136346 -0.918542 0.863497
1.253542 -0.943081 0.702234
1.249534 -0.933901 -0.104718
1.247547 -0.935210 0.022273
1.236501 -0.926497 -0.153649
1.172625 -0.944912 0.039173
1.237538 -0.929818 -0.121686
1.230531 -0.936047 0.976308
1.151380 -0.913231 0.841534
1.160612 -0.945463 0.772201
1.211438 -0.919111 0.576458
1.189602 -0.936544 0.014248
1.146620 -0.935503 0.176260
1.075462 -0.915905 0.853496
1.079504 -0.922313 1.092441
1.165764 -0.955785 0.511067
1.232669 -0.939575 0.144210
1.173659 -0.939924 0.726236
1.215654 -0.933751 0.345272
1.157622 -0.928232 0.352329
1.099696 -0.939496 0.534225
1.106733 -0.941481 0.047177
1.074593 -0.922178 0.583401
1.091714 -0.939201 0.793236
1.173769 -0.944064 0.248153
1.098743 -0.939695 0.160196
1.219758 -0.940059 -0.014824
1.097750 -0.939928 0.182193
1.180598 -0.919887 0.823426
1.112503 -0.907286 1.109573
1.156734 -0.934282 0.159242
1.149745 -0.937968 1.005247
1.095785 -0.940670 0.057173
1.165785 -0.940137 -0.044831
1.209780 -0.939371 0.204187
1.093796 -0.942391 0.322168
1.139835 -0.946821 0.004104
1.138870 -0.950719 0.287076
1.080749 -0.933863 0.359254
1.168845 -0.946324 0.073107
1.124800 -0.940585 0.362183
1.200784 -0.937715 0.427211
1.137881 -0.950003 0.118071
1.151776 -0.933731 -0.094776
1.103753 -0.930008 0.584297
1.128719 -0.924731 0.574348
1.079640 -0.913743 0.835476
1.160913 -0.950413 0.467076
1.190900 -0.943409 0.682148
1.202924 -0.945321 -0.100915
1.106873 -0.936420 0.038186
1.105929 -0.943719 0.751147
1.198954 -0.946620 0.023073
1.098716 -0.913446 0.817461
1.173903 -0.938290 0.951206
1.156786 -0.921422 0.561359
1.134934 -0.938985 0.014146
1.039863 -0.927481 1.072325
1.091930 -0.934898 0.171194
1.036866 -0.925103 0.837333
1.095988 -0.942156 0.492135
1.118998 -0.940211 0.708159
1.163944 -0.933090 0.141199
1.067113 -0.953758 0.530011
1.152951 -0.930160 0.335234
1.060044 -0.943862 0.047085
1.110988 -0.934558 0.345191
1.047047 -0.941434 0.777148
1.034963 -0.929409 0.571260
1.050060 -0.941065 0.157113
1.070057 -0.937853 1.028189
1.048060 -0.940275 0.176121
1.123121 -0.948435 0.243034
1.116888 -0.913149 0.796424
1.049124 -0.945707 0.316067
1.154056 -0.936608 -0.011867
1.040057 -0.936086 0.054152
1.106072 -0.937669 0.156134
1.089053 -0.932166 0.973235
1.083111 -0.943282 0.005070
1.031057 -0.933167 0.348195
1.108098 -0.939637 -0.040901
1.075130 -0.942152 0.279092
1.165197 -0.951730 0.201981
1.108123 -0.941808 0.073082
1.069103 -0.937923 0.350140
1.077144 -0.943468 0.116068
1.161243 -0.954030 0.422964
1.075030 -0.923021 0.558297
1.046068 -0.926955 0.824273
1.049066 -0.927287 0.566255
1.095184 -0.941787 0.451091
1.063301 -0.949970 0.738015
1.133264 -0.944730 0.665057
1.061220 -0.941785 0.037061
1.136203 -0.939903 -0.094935
1.050074 -0.915672 0.797370
1.120215 -0.935696 0.555141
1.131217 -0.939163 0.024076
1.129195 -0.936483 -0.140906
1.129226 -0.938793 -0.110932
1.119295 -0.941551 0.929096
1.072045 -0.904984 1.036482
1.011121 -0.915029 1.096389
1.076223 -0.935462 0.015112
0.983147 -0.918270 0.808340
1.046258 -0.938237 0.167093
1.057384 -0.952430 0.484960
1.075400 -0.948482 0.696003
1.011372 -0.946058 0.514026
1.120337 -0.943447 0.140019
1.001356 -0.940651 0.759094
1.012348 -0.944240 0.046016
1.055280 -0.930915 0.335161
1.101304 -0.933521 0.328127
0.981249 -0.923669 0.552255
0.954158 -0.905367 1.087475
1.003364 -0.941420 0.154045
0.995320 -0.934642 0.170117
1.027437 -0.943054 1.009069
1.076290 -0.922389 0.783261
1.068428 -0.946832 0.237981
1.001413 -0.944034 0.309022
0.996382 -0.939426 0.052053
1.053383 -0.937068 0.153073
0.988391 -0.936451 0.340098
1.037449 -0.947666 0.005957
1.104410 -0.942032 -0.009995
1.044454 -0.938394 0.955101
1.053383 -0.937093 -0.038941
1.017399 -0.935250 0.340103
1.029468 -0.945486 0.273991
1.029459 -0.944839 0.113988
1.055444 -0.942225 0.072008
1.009427 -0.933527 0.555128
0.992360 -0.921152 0.798270
1.096474 -0.943228 0.196995
1.033426 -0.931280 0.547144
1.097543 -0.948419 0.409949
1.051553 -0.948095 0.443958
1.008577 -0.943220 0.717022
1.016492 -0.927902 0.788179
1.013536 -0.943164 0.035982
1.083521 -0.941374 -0.090019
1.076612 -0.944030 0.646992
1.059501 -0.929016 0.537143
1.083582 -0.945564 0.024938
1.031441 -0.912192 1.019344
0.997549 -0.936585 0.162048
1.065670 -0.942791 0.906011
1.031571 -0.940840 0.015989
0.949569 -0.929470 0.796161
1.005676 -0.948742 0.472935
0.970705 -0.949322 0.504932
0.967740 -0.949876 0.749939
1.021722 -0.945758 0.677964
0.967661 -0.945607 0.045940
1.063653 -0.941887 0.137965
0.945630 -0.931881 0.541109
1.009626 -0.934220 0.327062
0.978738 -0.939220 0.983050
0.959678 -0.942753 0.150971
1.054671 -0.938856 0.322003
0.964506 -0.903727 1.022419
0.950643 -0.935963 0.165041
0.957719 -0.944351 0.303960
1.023621 -0.920631 0.762215
1.016749 -0.946219 0.233921
0.947657 -0.935800 0.050031
0.940687 -0.933738 0.329066
1.004699 -0.937428 0.149005
0.986736 -0.945084 0.006922
0.997807 -0.939599 0.934025
0.973729 -0.937540 0.332018
0.982784 -0.945826 0.268926
1.045696 -0.937529 -0.007015
1.013761 -0.946443 -0.037104
0.978753 -0.942231 0.111953
0.956748 -0.929353 0.785125
0.961738 -0.931783 0.540085
1.005763 -0.942630 0.071939
0.982720 -0.927556 0.532122
1.048843 -0.948596 0.193870
1.050929 -0.954760 0.403813
1.003905 -0.950411 0.434869
0.920885 -0.934973 1.012073
0.971964 -0.951456 0.706875
0.960763 -0.919100 0.761212
0.965826 -0.941540 0.034939
0.994826 -0.919544 1.116217
1.015869 -0.934296 0.527024
1.039043 -0.956305 0.639796
0.905694 -0.899221 1.024436
1.040907 -0.950755 -0.087186
0.985792 -0.913371 0.996271
0.898830 -0.920630 0.769198
1.030909 -0.946000 0.025867
0.960994 -0.949033 0.463873
0.949863 -0.935938 0.157994
0.924970 -0.944587 0.492927
0.977852 -0.936270 0.015975
0.918993 -0.942078 0.728966
1.012018 -0.941027 0.882964
0.919925 -0.940983 0.044932
0.978080 -0.949012 0.664869
0.900927 -0.929112 0.526083
0.961928 -0.932537 0.319021
1.013972 -0.942274 0.135898
0.939107 -0.943416 0.965947
0.917991 -0.944081 0.148900
0.915017 -0.943650 0.297912
0.911966 -0.939249 0.160951
0.928913 -0.911919 1.007275
1.002986 -0.937214 0.314958
0.988014 -0.929860 0.752059
0.905955 -0.936123 0.047972
0.907054 -0.941975 0.322923
0.966053 -0.943586 0.228888
0.939021 -0.942481 0.007891
0.959011 -0.937785 0.146942
0.938087 -0.945149 0.263876
0.958199 -0.945816 0.918899
0.929052 -0.937837 0.323956
0.906020 -0.921534 0.760152
0.965055 -0.944866 -0.034148
1.003054 -0.943891 -0.006145
0.932052 -0.940605 0.110912
0.917058 -0.931036 0.527036
0.944077 -0.932807 0.523010
0.957064 -0.941027 0.071896
0.995154 -0.945994 0.189834
0.882220 -0.936128 0.992007
0.957236 -0.950717 0.425805
0.995233 -0.950109 0.392799
0.920237 -0.943693 0.686900
0.923129 -0.924312 0.748101
0.917098 -0.936934 0.034931
0.949196 -0.920730 1.093145
0.879122 -0.912397 1.014245
0.969200 -0.934574 0.514962
0.942144 -0.914554 0.975202
0.982159 -0.942278 -0.081157
0.888313 -0.948841 0.485828
0.883340 -0.946303 0.718868
0.863215 -0.926810 0.754077
0.979345 -0.948613 0.620813
0.919333 -0.951313 0.455791
0.907187 -0.937254 0.153923
0.984244 -0.948392 0.026780
0.931147 -0.934660 0.016936
0.961364 -0.939250 0.860921
0.880245 -0.943302 0.043853
0.862265 -0.931341 0.515006
0.897429 -0.942589 0.945902
0.879294 -0.945385 0.146834
0.831176 -0.904690 1.007318
0.927386 -0.944274 0.647860
0.901326 -0.924109 0.998094
0.882382 -0.951910 0.294771
0.920276 -0.935833 0.312929
0.868252 -0.936560 0.155926
0.963273 -0.939667 0.133867
0.959320 -0.939523 0.308876
0.935287 -0.922074 0.729086
0.868279 -0.939418 0.045884
0.865362 -0.941248 0.314877
0.899348 -0.945819 0.008800
0.892387 -0.942094 0.317858
0.922396 -0.945914 0.224804
0.898426 -0.948447 0.259785
0.909296 -0.933151 0.142935
0.909522 -0.942012 0.895882
0.897405 -0.947891 0.109780
0.878391 -0.933264 0.515960
0.868388 -0.925726 0.745053
0.916339 -0.941278 -0.032166
0.900395 -0.932062 0.510963
0.951346 -0.940338 -0.003166
0.862665 -0.954352 0.991765
0.915403 -0.944374 0.071803
0.886624 -0.951925 0.678758
0.907534 -0.946032 0.415798
0.883461 -0.925515 0.733036
0.946493 -0.946368 0.186769
0.945572 -0.949447 0.384745
0.880453 -0.943233 0.033809
0.842470 -0.914537 0.994172
0.904494 -0.917730 0.958117
0.845637 -0.945486 0.703829
0.845584 -0.944093 0.474829
0.913625 -0.929937 1.078990
0.922517 -0.932850 0.502925
0.822516 -0.923978 0.735058
0.874622 -0.947591 0.445779
0.938498 -0.945665 -0.078251
0.869529 -0.941544 0.150824
0.934707 -0.950883 0.608730
0.890485 -0.938008 0.017845
0.929523 -0.941841 0.027792
0.842563 -0.945617 0.043777
0.919749 -0.943478 0.845818
0.802578 -0.913847 0.994172
0.822579 -0.930555 0.501964
0.865832 -0.951798 0.935752
0.842622 -0.948677 0.144748
0.839663 -0.948207 0.288760
0.854626 -0.918238 0.970105
0.883628 -0.941102 0.307820
0.883730 -0.944515 0.633802
0.833596 -0.941817 0.151819
0.915571 -0.937038 0.131840
0.900681 -0.930295 0.718944
0.917668 -0.942828 0.303785
0.831607 -0.942705 0.043798
0.828672 -0.942492 0.307815
0.852712 -0.943363 0.310792
0.864786 -0.955712 0.256656
0.861687 -0.950134 0.008701
0.882737 -0.949221 0.221715
0.877935 -0.952230 0.886720
0.872659 -0.939444 0.140814
0.830722 -0.926904 0.728991
0.856715 -0.948220 0.108725
0.823602 -0.917511 0.496078
0.811866 -0.938438 0.957888
0.859719 -0.932304 0.499909
0.871639 -0.939672 -0.029202
0.906678 -0.941724 -0.001237
0.869715 -0.942740 0.070766
0.848949 -0.953140 0.666696
0.866866 -0.947313 0.408732
0.845820 -0.928715 0.718951
0.903833 -0.948707 0.184689
0.815896 -0.926733 0.985993
0.840771 -0.944552 0.032744
0.811988 -0.949706 0.694735
0.864841 -0.918911 0.940054
0.810919 -0.947331 0.467747
0.901928 -0.951751 0.377664
0.883876 -0.937111 0.494827
0.782839 -0.922150 0.717029
0.836957 -0.949851 0.438704
0.875027 -0.935143 1.062880
0.832846 -0.943824 0.147751
0.893817 -0.946068 -0.074310
0.853833 -0.943316 0.017736
0.886027 -0.947148 0.593715
0.806890 -0.948907 0.042693
0.820092 -0.942932 0.909799
0.786902 -0.931770 0.491904
0.891896 -0.949180 0.029658
0.806939 -0.950960 0.142676
0.804992 -0.951468 0.284677
0.776013 -0.926023 0.983993
0.816003 -0.918893 1.093059
0.823014 -0.925415 0.956980
0.888202 -0.956730 0.839620
0.798922 -0.945083 0.148736
0.844071 -0.945757 0.622738
0.844977 -0.944385 0.302733
0.876917 -0.941355 0.130741
0.856992 -0.927515 0.702925
0.794917 -0.944001 0.042737
0.790987 -0.942745 0.300765
0.874994 -0.943139 0.298730
0.791301 -0.954658 0.956669
0.818047 -0.948037 0.250689
0.814043 -0.944635 0.304729
0.821996 -0.950472 0.009648
0.845075 -0.952524 0.219629
0.796072 -0.930101 0.716910
0.834983 -0.941742 0.138741
0.828207 -0.942395 0.860776
0.788945 -0.920730 0.486997
0.817030 -0.948542 0.107672
0.815002 -0.926552 0.486923
0.834991 -0.944989 -0.028310
0.864989 -0.942087 0.000709
0.836063 -0.949038 0.071650
0.809259 -0.951359 0.653667
0.803099 -0.922904 0.700968
0.824171 -0.944596 0.400712
0.773165 -0.918826 0.958034
0.772253 -0.943890 0.678754
0.772197 -0.943563 0.457743
0.807111 -0.949837 0.032639
0.837267 -0.931132 0.933874
0.862180 -0.951039 0.182611
0.841163 -0.933363 0.483820
0.797248 -0.947101 0.429688
0.858270 -0.952054 0.370608
0.748189 -0.924327 0.702960
0.798186 -0.948101 0.145657
0.816145 -0.944641 0.018676
0.854156 -0.949427 -0.071396
0.773211 -0.952194 0.042613
0.794522 -0.956159 0.905611
0.776295 -0.958219 0.141553
0.765261 -0.946743 0.278686
0.735294 -0.919094 0.955026
0.745187 -0.925987 0.477923
0.844382 -0.948416 0.583652
0.783313 -0.921561 0.935979
0.844175 -0.943578 0.030671
0.766255 -0.949325 0.144648
0.781372 -0.922056 1.075981
0.801362 -0.940996 0.609746
0.804269 -0.941670 0.296719
0.832457 -0.942917 0.811722
0.820334 -0.929725 0.690858
0.749249 -0.936004 0.291798
0.762261 -0.949261 0.040638
0.747512 -0.941751 0.928772
0.837270 -0.944682 0.129659
0.838358 -0.948419 0.294628
0.775342 -0.942894 0.297709
0.780364 -0.948330 0.247646
0.784303 -0.950797 0.010605
0.756371 -0.926269 0.698913
0.755274 -0.922940 0.477936
0.803386 -0.950835 0.215606
0.784371 -0.953814 0.106576
0.801356 -0.949025 0.137620
0.793589 -0.947611 0.849678
0.778334 -0.927785 0.477872
0.799319 -0.948309 -0.026384
0.770571 -0.949580 0.641650
0.826332 -0.945421 0.001633
0.739552 -0.944074 0.667721
0.794372 -0.947374 0.070629
0.768452 -0.926100 0.688898
0.740524 -0.946786 0.451676
0.742545 -0.924982 0.943933
0.787510 -0.946857 0.394651
0.765373 -0.944169 0.031668
0.791530 -0.922265 0.907937
0.760568 -0.947361 0.423653
0.716516 -0.926486 0.689907
0.802501 -0.934621 0.475772
0.825556 -0.957335 0.180505
0.762501 -0.949374 0.142612
0.818621 -0.954348 0.365547
0.750768 -0.946282 0.880688
0.734588 -0.950983 0.275610
0.741551 -0.957454 0.041525
0.779473 -0.946947 0.018618
0.712502 -0.927174 0.467881
0.738592 -0.956516 0.139540
0.818518 -0.955756 -0.068499
0.707683 -0.927257 0.943908
0.749653 -0.923711 0.919926
0.735591 -0.954560 0.141560
0.758829 -0.938296 1.074773
0.802716 -0.947667 0.572626
0.809550 -0.950884 0.031558
0.764563 -0.938934 0.289718
0.766725 -0.945218 0.600667
0.727547 -0.948530 0.038617
0.781639 -0.927933 0.677848
0.721890 -0.950937 0.921643
0.720621 -0.944222 0.287678
0.797861 -0.950162 0.803609
0.799675 -0.948698 0.289593
0.804647 -0.952955 0.128536
0.744681 -0.948124 0.293622
0.746684 -0.950591 0.244591
0.723688 -0.927433 0.685872
0.748619 -0.952095 0.010560
0.729668 -0.934143 0.473784
0.749708 -0.957110 0.106509
0.766725 -0.953129 0.213549
0.760642 -0.945333 0.134630
0.753902 -0.944792 0.832677
0.742651 -0.928006 0.468840
0.707864 -0.945259 0.657680
0.734880 -0.948785 0.630629
0.767693 -0.956600 -0.024507
0.761717 -0.952664 0.071541
0.706806 -0.945009 0.444668
0.733770 -0.926289 0.676867
0.788666 -0.947756 0.003576
0.705837 -0.921099 0.922947
0.759879 -0.926451 0.896862
0.749824 -0.946111 0.387629
0.732710 -0.948436 0.030591
0.728896 -0.950592 0.418588
0.684866 -0.929656 0.677844
0.760789 -0.929864 0.464794
0.728823 -0.951631 0.139558
0.785882 -0.957650 0.178469
0.707849 -0.957737 0.041494
0.720132 -0.951484 0.871601
0.702919 -0.954230 0.272546
0.775938 -0.951639 0.358544
0.704879 -0.955780 0.137520
0.682857 -0.932374 0.460796
0.715973 -0.923848 0.902896
0.738765 -0.943293 0.019628
0.666938 -0.917318 0.914988
0.695864 -0.948849 0.137593
0.777835 -0.955131 -0.064524
0.684124 -0.942033 0.898714
0.722148 -0.936430 1.054765
0.732901 -0.943182 0.286643
0.751996 -0.934139 0.670751
0.770856 -0.950215 0.032535
0.697896 -0.954775 0.037520
0.731064 -0.946456 0.592623
0.765088 -0.950923 0.564558
0.685927 -0.943449 0.280658
0.756940 -0.941992 0.283637
0.760212 -0.951371 0.790564
0.763932 -0.949282 0.127546
0.707970 -0.945365 0.286624
0.695051 -0.933622 0.677776
0.714019 -0.953845 0.241527
0.718962 -0.958360 0.011462
0.694978 -0.933356 0.464765
0.712991 -0.954407 0.105510
0.728976 -0.949596 0.133554
0.719228 -0.944977 0.819647
0.714017 -0.935219 0.463733
0.728022 -0.950425 0.210549
0.676171 -0.945455 0.648651
0.704211 -0.951995 0.623566
0.679155 -0.951223 0.440573
0.732012 -0.957908 -0.023551
0.703104 -0.929469 0.666805
0.728052 -0.955951 0.071475
0.676177 -0.924239 0.908886
0.749979 -0.947097 0.005553
0.725205 -0.926617 0.881833
0.702053 -0.953699 0.030504
0.720208 -0.954362 0.385509
0.696241 -0.953822 0.412524
0.656209 -0.933822 0.667772
0.735181 -0.941087 0.462643
0.694123 -0.950904 0.137538
0.684420 -0.947631 0.854616
0.670212 -0.953472 0.268528
0.747201 -0.956966 0.177447
0.676166 -0.959996 0.040441
0.672196 -0.957040 0.135479
0.685305 -0.926005 0.889846
0.641309 -0.924472 0.904885
0.744317 -0.958903 0.356434
0.656448 -0.945186 0.887654
0.652200 -0.935580 0.453734
0.707102 -0.947563 0.019553
0.719451 -0.936854 0.990716
0.665192 -0.952084 0.134531
0.743156 -0.957440 -0.062578
0.689502 -0.938600 1.040713
0.716327 -0.934347 0.659721
0.694199 -0.939449 0.280655
0.663188 -0.953045 0.035511
0.658276 -0.949656 0.276563
0.699419 -0.950675 0.585549
0.737229 -0.956513 0.033435
0.729440 -0.953161 0.556503
0.661354 -0.931791 0.664770
0.725308 -0.948253 0.281539
0.672276 -0.943610 0.280615
0.669341 -0.941556 0.460649
0.682355 -0.957102 0.239463
0.728272 -0.951576 0.126492
0.720537 -0.948572 0.775565
0.684288 -0.959652 0.011420
0.681322 -0.957669 0.104447
0.646482 -0.946635 0.639613
0.678313 -0.932438 0.454737
0.696314 -0.952867 0.132490
0.684565 -0.945173 0.807617
0.699395 -0.958671 0.209430
0.670523 -0.951195 0.613548
0.647549 -0.925268 1.072863
0.649459 -0.952437 0.435534
0.671443 -0.931657 0.656754
0.696330 -0.958226 -0.021583
0.645522 -0.926388 0.894837
0.693528 -0.927779 0.868794
0.692373 -0.956252 0.071444
0.715297 -0.948399 0.006511
0.667345 -0.951979 0.029497
0.683522 -0.952619 0.379500
0.663540 -0.953058 0.407507
0.623529 -0.932986 0.654755
0.701508 -0.942314 0.455602
0.674600 -0.914965 1.058943
0.652725 -0.946791 0.841601
0.640528 -0.955702 0.265478
0.660439 -0.951161 0.134508
0.640485 -0.956290 0.133462
0.642457 -0.958279 0.040435
0.647569 -0.918124 0.868909
0.625754 -0.944339 0.874640
0.710528 -0.957258 0.175415
0.624535 -0.939761 0.446663
0.610650 -0.925599 0.888847
0.628436 -0.944348 0.130592
0.674429 -0.949840 0.019501
0.704620 -0.955170 0.349447
0.696915 -0.953123 0.992509
0.630474 -0.951309 0.034506
0.684661 -0.936534 0.649671
0.666560 -0.946668 0.277550
0.703464 -0.954808 -0.058577
0.624565 -0.946885 0.270569
0.666751 -0.951889 0.577509
0.697514 -0.951851 0.034459
0.631699 -0.934965 0.654710
0.650658 -0.957346 0.236436
0.694795 -0.955401 0.549450
0.687585 -0.943510 0.275566
0.641602 -0.945839 0.276566
0.617777 -0.946805 0.630589
0.693586 -0.951860 0.125462
0.634656 -0.939758 0.450643
0.647550 -0.953966 0.012458
0.681852 -0.944764 0.760580
0.646610 -0.954951 0.103452
0.651675 -0.939645 0.450632
0.640849 -0.953396 0.606499
0.621915 -0.931437 1.063772
0.620776 -0.954645 0.430486
0.660606 -0.950137 0.129495
0.652898 -0.946355 0.796578
0.658639 -0.948968 0.205512
0.612793 -0.921490 0.875868
0.641787 -0.934852 0.648694
0.660827 -0.925935 0.854791
0.662641 -0.958529 -0.019612
0.658674 -0.955537 0.071426
0.682649 -0.952698 0.008436
0.636678 -0.955242 0.029436
0.631854 -0.953288 0.402480
0.652861 -0.955852 0.375439
0.595864 -0.936142 0.644697
0.665793 -0.938541 0.447620
0.623048 -0.947957 0.830564
0.597032 -0.942462 0.860639
0.607813 -0.952943 0.261485
0.626724 -0.948415 0.131515
0.621929 -0.924296 0.860817
0.610766 -0.958538 0.039407
0.606777 -0.953556 0.131468
0.593853 -0.939953 0.438638
0.577948 -0.921695 0.868867
0.600781 -0.949560 0.127510
0.669822 -0.951579 0.173451
0.643774 -0.954113 0.020429
0.654985 -0.938725 0.641623
0.666949 -0.953445 0.344439
0.656206 -0.945252 0.969570
0.598773 -0.950556 0.032491
0.634884 -0.947904 0.273512
0.592860 -0.945098 0.264565
0.670790 -0.957102 -0.056628
0.632070 -0.950106 0.568504
0.590098 -0.948991 0.623542
0.594955 -0.926121 0.638786
0.670911 -0.963098 0.035308
0.605964 -0.940955 0.444608
0.611927 -0.948060 0.272518
0.654898 -0.943763 0.272539
0.617967 -0.956598 0.233420
0.661911 -0.954133 0.125412
0.661151 -0.957645 0.543399
0.589185 -0.925523 1.042816
0.618896 -0.959224 0.013375
0.616942 -0.958209 0.103391
0.608143 -0.950586 0.596507
0.590079 -0.953856 0.424472
0.618991 -0.938863 0.443617
0.621227 -0.946537 0.785552
0.629944 -0.953393 0.128434
0.648220 -0.946985 0.751529
0.631006 -0.956206 0.204407
0.587162 -0.927652 0.866778
0.613113 -0.937036 0.640648
0.631180 -0.929116 0.844732
0.633981 -0.963785 -0.018694
0.628038 -0.960803 0.071342
0.605979 -0.955491 0.028410
0.603189 -0.956506 0.398421
0.650988 -0.955978 0.009375
0.592348 -0.946119 0.818563
0.570355 -0.944627 0.851594
0.618166 -0.953104 0.370445
0.562159 -0.931300 0.630728
0.582160 -0.959166 0.260394
0.633119 -0.938771 0.441593
0.576037 -0.949807 0.130489
0.598065 -0.952645 0.129444
0.592251 -0.924453 0.848794
0.580062 -0.957799 0.039393
0.563166 -0.939145 0.430624
0.572089 -0.950788 0.125475
0.549287 -0.922825 0.854833
0.635130 -0.949854 0.171447
0.611079 -0.953389 0.020413
0.620283 -0.934921 0.630643
0.569076 -0.950799 0.031466
0.602172 -0.945145 0.269520
0.563171 -0.945307 0.259541
0.635302 -0.956697 0.341378
0.626592 -0.950472 0.962487
0.562399 -0.949164 0.615520
0.637109 -0.957415 -0.053656
0.604428 -0.955325 0.564423
0.571327 -0.934302 0.633673
0.583236 -0.949272 0.268483
0.585246 -0.952848 0.230440
0.626252 -0.949000 0.270457
0.577308 -0.944155 0.438550
0.573645 -0.944802 1.050581
0.563377 -0.955046 0.419439
0.587172 -0.956490 0.013384
0.634206 -0.959414 0.036325
0.584217 -0.954475 0.102412
0.628224 -0.953410 0.124397
0.590304 -0.940060 0.437583
0.579476 -0.952779 0.589461
0.625466 -0.954868 0.534406
0.591587 -0.949738 0.777493
0.583415 -0.936203 0.630636
0.596240 -0.950658 0.126442
0.594266 -0.948484 0.201471
0.617581 -0.950192 0.743469
0.555459 -0.923770 0.849800
0.600494 -0.928278 0.832721
0.597248 -0.957109 -0.016642
0.543656 -0.944767 0.840573
0.591283 -0.952107 0.071418
0.574517 -0.958724 0.394375
0.573283 -0.953768 0.028407
0.613246 -0.948310 0.011439
0.548395 -0.950401 0.255471
0.562675 -0.946285 0.807539
0.588500 -0.955329 0.366398
0.602421 -0.937982 0.435581
0.536516 -0.936464 0.622650
0.548369 -0.953040 0.129432
0.563571 -0.924601 0.836772
0.568371 -0.952881 0.127421
0.550356 -0.957041 0.038381
0.534481 -0.939332 0.423602
0.519575 -0.918926 0.837857
0.541372 -0.948020 0.122486
0.594641 -0.941126 0.626552
0.538345 -0.947037 0.029489
0.578383 -0.951675 0.021411
0.607515 -0.958103 0.171331
0.536727 -0.952356 0.610465
0.570475 -0.943380 0.265519
0.533477 -0.944516 0.254530
0.593916 -0.948635 0.948486
0.602633 -0.956944 0.337353
0.542646 -0.934475 0.624652
0.571734 -0.952536 0.556433
0.601391 -0.952742 -0.050625
0.556561 -0.954080 0.228406
0.551531 -0.946495 0.263493
0.545977 -0.945939 1.037548
0.545582 -0.939340 0.429584
0.532672 -0.952268 0.414450
0.591550 -0.945257 0.266477
0.558506 -0.959737 0.013326
0.551807 -0.954986 0.584416
0.559605 -0.938260 0.430583
0.555542 -0.956714 0.101366
0.602545 -0.961696 0.037276
0.596554 -0.954673 0.123361
0.591789 -0.953097 0.527403
0.562917 -0.950927 0.769460
0.553727 -0.935372 0.620625
0.567563 -0.952898 0.125396
0.570778 -0.925418 0.819734
0.528796 -0.925926 0.839757
0.564617 -0.951736 0.200413
0.585920 -0.950394 0.734445
0.517968 -0.945922 0.831542
0.566560 -0.957380 -0.015666
0.542790 -0.953940 0.388409
0.536995 -0.948461 0.800497
0.562619 -0.955357 0.071361
0.542577 -0.952017 0.027407
0.522729 -0.954612 0.253405
0.582569 -0.949581 0.012404
0.571732 -0.937194 0.429570
0.557812 -0.954560 0.362387
0.506815 -0.933621 0.611663
0.536891 -0.925754 0.826741
0.535611 -0.945135 0.125489
0.519665 -0.952267 0.127422
0.518629 -0.952309 0.038415
0.509826 -0.944510 0.418525
0.512684 -0.948237 0.119464
0.494955 -0.925092 0.829769
0.561911 -0.935292 0.614599
0.509002 -0.949526 0.602479
0.540210 -0.945419 0.979524
0.509668 -0.948273 0.028455
0.548691 -0.951929 0.021388
0.505784 -0.944720 0.250509
0.574824 -0.956374 0.170330
0.542813 -0.946597 0.262463
0.516995 -0.938647 0.617586
0.520812 -0.942710 0.258517
0.564290 -0.951843 0.940428
0.505971 -0.952458 0.409430
0.541057 -0.951743 0.549421
0.516889 -0.938537 0.423574
0.524851 -0.950324 0.225428
0.568958 -0.955198 0.333351
0.571732 -0.956015 -0.048683
0.521082 -0.950168 0.575451
0.560847 -0.943494 0.263478
0.529822 -0.960993 0.014293
0.532941 -0.941465 0.426528
0.525847 -0.955970 0.101355
0.567819 -0.955996 0.038321
0.563839 -0.950940 0.122383
0.545114 -0.928607 0.813680
0.524021 -0.932539 0.610639
0.503128 -0.928072 0.829715
0.533252 -0.951114 0.760438
0.536862 -0.951151 0.124397
0.492258 -0.945053 0.820535
0.559127 -0.952331 0.521391
0.534935 -0.951976 0.198391
0.556276 -0.952614 0.728400
0.537886 -0.959636 -0.014711
0.522122 -0.903607 0.980971
0.510333 -0.950636 0.792454
0.516127 -0.957153 0.385354
0.531905 -0.952618 0.071373
0.496040 -0.955819 0.250374
0.512858 -0.949269 0.027420
0.545065 -0.940397 0.425516
0.553893 -0.951838 0.013359
0.493988 -0.955484 0.126368
0.511250 -0.929935 0.819676
0.527121 -0.952791 0.358388
0.480157 -0.935791 0.603621
0.510986 -0.953337 0.123378
0.493964 -0.957515 0.037338
0.469282 -0.926227 0.818740
0.484992 -0.948447 0.116444
0.478111 -0.938697 0.409573
0.536241 -0.938484 0.609545
0.485346 -0.954713 0.598403
0.512551 -0.946598 0.970492
0.484993 -0.952479 0.027391
0.478072 -0.942911 0.245513
0.518983 -0.950181 0.021390
0.514116 -0.945819 0.259454
0.481282 -0.954654 0.406389
0.487273 -0.933802 0.606624
0.543146 -0.955638 0.169319
0.492226 -0.942714 0.418510
0.492108 -0.940921 0.254520
0.500192 -0.955537 0.224352
0.531578 -0.945980 0.924476
0.512381 -0.951945 0.543401
0.536257 -0.951443 0.329374
0.495433 -0.954372 0.571386
0.542067 -0.958300 -0.045728
0.501120 -0.960238 0.014284
0.533188 -0.946721 0.261423
0.503249 -0.939658 0.419531
0.498163 -0.957201 0.100323
0.519471 -0.932798 0.807615
0.474419 -0.924185 0.814742
0.467571 -0.946210 0.812506
0.533153 -0.950206 0.122373
0.537142 -0.956270 0.039299
0.495341 -0.931722 0.602631
0.506603 -0.954310 0.754384
0.506145 -0.947393 0.122422
0.508282 -0.956215 0.198325
0.528467 -0.952549 0.515369
0.484652 -0.951811 0.785424
0.504560 -0.918878 0.986782
0.472363 -0.960024 0.249310
0.491474 -0.962373 0.384278
0.525637 -0.953821 0.720367
0.508193 -0.958909 -0.012721
0.487180 -0.952482 0.026367
0.483526 -0.926048 0.805704
0.501215 -0.950881 0.071375
0.466277 -0.953714 0.125372
0.516400 -0.941617 0.421484
0.452464 -0.933943 0.593625
0.502492 -0.960012 0.357288
0.467264 -0.957746 0.037320
0.522193 -0.949128 0.015372
0.483295 -0.953568 0.122358
0.455458 -0.944869 0.405487
0.459652 -0.954891 0.592385
0.461338 -0.954638 0.114357
0.442615 -0.926361 0.806722
0.504522 -0.932654 0.598594
0.458294 -0.952698 0.026372
0.483869 -0.944740 0.957496
0.449355 -0.939110 0.240540
0.491288 -0.950419 0.021371
0.489461 -0.951023 0.257379
0.455584 -0.954847 0.402371
0.460580 -0.932957 0.597618
0.467445 -0.945114 0.251456
0.473509 -0.956765 0.223322
0.465565 -0.944919 0.414469
0.509435 -0.949905 0.167366
0.483688 -0.950145 0.537405
0.467719 -0.951552 0.564403
0.502946 -0.948179 0.916433
0.471400 -0.956501 0.015310
0.510342 -0.953586 -0.043691
0.477575 -0.941853 0.415490
0.444893 -0.949373 0.806456
0.503492 -0.944951 0.258427
0.471477 -0.958435 0.100293
0.509621 -0.956678 0.328297
0.493791 -0.933973 0.800587
0.450756 -0.927347 0.807692
0.469648 -0.931890 0.595614
0.509468 -0.958520 0.040256
0.506498 -0.954442 0.122308
0.479934 -0.955504 0.748354
0.479458 -0.948617 0.121392
0.478864 -0.918026 0.976777
0.479579 -0.954445 0.196329
0.443620 -0.954232 0.245361
0.458991 -0.953988 0.778384
0.498793 -0.951769 0.510361
0.461752 -0.957573 0.378316
0.476454 -0.952185 -0.011660
0.459493 -0.952721 0.026348
0.461906 -0.934263 0.804596
0.495983 -0.954028 0.713347
0.477571 -0.958104 0.072277
0.425051 -0.931895 1.020663
0.489707 -0.941818 0.417467
0.437559 -0.949941 0.123399
0.427809 -0.937106 0.586574
0.440569 -0.957966 0.036302
0.454585 -0.950795 0.120374
0.470777 -0.954238 0.352337
0.436981 -0.959080 0.589324
0.494549 -0.953379 0.016307
0.432609 -0.949864 0.112397
0.477825 -0.931829 0.591589
0.428761 -0.885185 0.957163
0.426765 -0.942055 0.398504
0.417970 -0.929511 0.797672
0.432603 -0.953899 0.024344
0.459231 -0.948939 0.952433
0.429879 -0.954028 0.397366
0.424715 -0.944315 0.238466
0.465640 -0.955644 0.021296
0.457723 -0.943244 0.252452
0.435910 -0.935130 0.591579
0.445793 -0.953987 0.221339
0.438859 -0.943098 0.408475
0.435691 -0.935334 0.246553
0.445073 -0.957752 0.562318
0.456018 -0.950351 0.532387
0.421218 -0.951544 0.800417
0.484817 -0.958141 0.168256
0.467074 -0.931110 0.789605
0.454923 -0.948048 0.413405
0.477812 -0.947161 0.256387
0.445785 -0.959660 0.100265
0.474296 -0.948387 0.909415
0.483675 -0.956837 -0.041744
0.442703 -0.954746 0.015315
0.448022 -0.940096 0.594507
0.426096 -0.929496 0.798653
0.481988 -0.960910 0.326232
0.476780 -0.950687 0.121336
0.452257 -0.954684 0.740348
0.450751 -0.945855 0.120409
0.478784 -0.956804 0.042260
0.456238 -0.924233 0.973693
0.449859 -0.949682 0.194369
0.433310 -0.954163 0.771367
0.413875 -0.946448 0.241435
0.433030 -0.952777 0.373357
0.406435 -0.942103 1.020534
0.470142 -0.952993 0.506331
0.450784 -0.955419 -0.010712
0.435213 -0.932402 0.793604
0.433814 -0.954933 0.025309
0.418955 -0.964118 0.123224
0.465037 -0.945016 0.414416
0.447860 -0.954359 0.072305
0.472389 -0.963280 0.714226
0.412260 -0.957236 0.582332
0.414883 -0.959189 0.036274
0.402132 -0.937264 0.578559
0.428898 -0.952000 0.118347
0.465821 -0.949634 0.017335
0.445119 -0.957454 0.350286
0.407098 -0.888359 0.952115
0.404865 -0.944070 0.109450
0.454167 -0.936026 0.588528
0.401070 -0.941226 0.392500
0.393291 -0.929648 0.787657
0.404170 -0.952220 0.393374
0.404893 -0.951126 0.023362
0.430526 -0.944078 0.939475
0.400028 -0.945495 0.234439
0.431015 -0.941450 0.249459
0.435908 -0.949895 0.021348
0.410219 -0.934287 0.583575
0.421113 -0.956200 0.220301
0.398522 -0.952694 0.793393
0.412030 -0.939531 0.244493
0.417361 -0.953934 0.555348
0.409132 -0.936278 0.400540
0.444426 -0.936308 0.786534
0.427205 -0.944234 0.407437
0.432385 -0.956570 0.531304
0.456120 -0.956382 0.167263
0.453164 -0.952377 0.255315
0.404456 -0.935676 0.794573
0.419041 -0.959955 0.015244
0.419284 -0.933240 0.583574
0.412009 -0.945923 0.098410
0.447640 -0.949566 0.901390
0.455000 -0.957115 -0.038759
0.448062 -0.946935 0.121369
0.452295 -0.958143 0.323253
0.432555 -0.925397 0.966671
0.426092 -0.950065 0.119351
0.425600 -0.955878 0.734325
0.409620 -0.955331 0.765346
0.391204 -0.950646 0.240380
0.373542 -0.918007 0.984801
0.448085 -0.953078 0.043293
0.422164 -0.947916 0.193380
0.407318 -0.950967 0.369370
0.411527 -0.933571 0.787584
0.425120 -0.958653 -0.009756
0.407118 -0.954165 0.025311
0.442473 -0.953207 0.502321
0.386154 -0.948372 0.121398
0.437341 -0.943214 0.409430
0.388582 -0.959419 0.578301
0.421187 -0.955604 0.073284
0.389190 -0.959402 0.035266
0.438648 -0.952433 0.700343
0.376434 -0.935419 0.570575
0.396105 -0.937243 0.115510
0.415399 -0.951663 0.345347
0.440168 -0.953870 0.018282
0.429496 -0.938218 0.584498
0.384263 -0.956251 0.108307
0.376392 -0.942411 0.388483
0.371664 -0.936814 0.782573
0.379464 -0.951403 0.389380
0.407894 -0.950289 0.937401
0.380215 -0.953331 0.022334
0.370248 -0.933686 0.228573
0.405314 -0.940647 0.246467
0.374811 -0.951835 0.785401
0.385543 -0.935456 0.577561
0.411249 -0.954123 0.022297
0.391653 -0.952106 0.549368
0.393410 -0.953411 0.217331
0.389503 -0.946458 0.399423
0.389383 -0.945718 0.242421
0.419747 -0.937481 0.780520
0.397455 -0.935420 0.400537
0.396607 -0.936413 0.579537
0.404685 -0.953758 0.525334
0.379759 -0.934816 0.785581
0.394348 -0.961181 0.016229
0.385285 -0.942143 0.097452
0.427493 -0.954597 0.254288
0.427443 -0.955622 0.166271
0.420984 -0.950761 0.895374
0.428333 -0.959366 -0.036786
0.406858 -0.923550 0.957691
0.363043 -0.945360 1.003489
0.425441 -0.956141 0.121262
0.384931 -0.955491 0.758343
0.399920 -0.956069 0.729321
0.425637 -0.960374 0.322226
0.364820 -0.913043 0.975843
0.396363 -0.943298 0.117428
0.365499 -0.948853 0.238399
0.383660 -0.955176 0.368321
0.387857 -0.935737 0.781558
0.420397 -0.952327 0.044300
0.399549 -0.957125 0.193274
0.365905 -0.962603 0.575264
0.362471 -0.950572 0.120372
0.380403 -0.951383 0.024342
0.409615 -0.938407 0.404484
0.397425 -0.956912 -0.007737
0.413795 -0.951415 0.497341
0.363480 -0.957624 0.035286
0.395506 -0.956828 0.073269
0.377506 -0.951419 0.115347
0.376988 -0.923926 0.970706
0.352764 -0.937579 0.564550
0.414004 -0.956639 0.697293
0.404790 -0.937393 0.579507
0.390714 -0.952866 0.343332
0.360577 -0.958439 0.106281
0.355751 -0.950587 0.386389
0.368169 -0.944930 0.964477
0.413507 -0.956112 0.019255
0.350693 -0.940580 0.382504
0.346974 -0.935944 0.772582
0.383225 -0.951468 0.931387
0.356541 -0.956528 0.021297
0.353131 -0.955005 0.781364
0.351654 -0.947866 0.228410
0.361848 -0.935614 0.571558
0.382668 -0.946845 0.245395
0.370003 -0.958305 0.548296
0.383534 -0.950361 0.022340
0.366714 -0.949903 0.240373
0.368728 -0.954633 0.217317
0.397087 -0.941672 0.777471
0.361777 -0.940629 0.392489
0.372935 -0.938595 0.575512
0.374816 -0.941612 0.398465
0.357094 -0.937974 0.779545
0.376956 -0.947933 0.518401
0.400791 -0.952812 0.252308
0.364674 -0.953344 0.098324
0.368671 -0.962404 0.016214
0.385183 -0.926726 0.953655
0.399764 -0.954866 0.166279
0.403661 -0.962601 -0.034824
0.360250 -0.955675 0.753340
0.394337 -0.951969 0.890360
0.339754 -0.943047 0.235466
0.396736 -0.952379 0.120304
0.335027 -0.898035 0.950015
0.375751 -0.954500 0.118299
0.373233 -0.954234 0.721342
0.366177 -0.938896 0.776522
0.356924 -0.949371 0.364387
0.395934 -0.955604 0.319280
0.373865 -0.957354 0.193271
0.342197 -0.961770 0.570273
0.395742 -0.956556 0.045251
0.389987 -0.948608 0.405367
0.335748 -0.945782 0.118427
0.356742 -0.955591 0.024293
0.372760 -0.960138 -0.006774
0.353293 -0.923064 0.961716
0.369796 -0.955051 0.073290
0.335743 -0.950850 0.034364
0.348744 -0.941632 0.112460
0.381115 -0.939575 0.575482
0.379012 -0.934587 0.485534
0.330135 -0.943767 0.561479
0.385312 -0.952820 0.689337
0.345485 -0.946091 0.958464
0.362000 -0.947078 0.339399
0.331058 -0.949780 0.383399
0.330810 -0.946660 0.103416
0.325990 -0.938751 0.377525
0.385805 -0.953372 0.021287
0.329419 -0.953146 0.773386
0.356497 -0.945592 0.919454
0.329794 -0.949745 0.020376
0.323328 -0.939101 0.765547
0.354932 -0.940055 0.242474
0.340218 -0.942804 0.569476
0.328003 -0.952060 0.226363
0.347330 -0.961499 0.546260
0.372367 -0.938819 0.769504
0.358839 -0.950575 0.022338
0.346049 -0.957827 0.216281
0.308322 -0.909290 0.951901
0.338071 -0.939803 0.388499
0.340991 -0.946098 0.237417
0.350266 -0.941769 0.571476
0.349108 -0.938791 0.393498
0.332409 -0.937115 0.770555
0.363513 -0.929914 0.950619
0.343964 -0.961617 0.016224
0.354333 -0.955152 0.518318
0.342005 -0.957547 0.098276
0.373071 -0.948023 0.249364
0.337572 -0.957853 0.749316
0.318070 -0.946234 0.234430
0.375091 -0.957086 0.166254
0.322518 -0.922372 0.965738
0.367631 -0.948126 0.881404
0.372039 -0.952596 0.120302
0.378004 -0.965835 -0.033861
0.349554 -0.955430 0.718328
0.345968 -0.941730 0.116446
0.318446 -0.956913 0.563329
0.342515 -0.941063 0.770497
0.334275 -0.954572 0.363328
0.348150 -0.954558 0.191304
0.368254 -0.953830 0.317301
0.363249 -0.942793 0.400434
0.373101 -0.963769 0.046169
0.312031 -0.943980 0.117449
0.334048 -0.957779 0.023269
0.330603 -0.923203 0.953716
0.349075 -0.962355 -0.005799
0.356385 -0.935737 0.569527
0.310003 -0.945060 0.033431
0.325047 -0.941830 0.111458
0.342072 -0.949290 0.073357
0.307448 -0.944916 0.555467
0.321780 -0.944227 0.949486
0.307310 -0.944940 0.378455
0.359428 -0.947816 0.488382
0.307709 -0.953291 0.767385
0.339340 -0.951289 0.339352
0.361694 -0.959064 0.690266
0.308146 -0.950840 0.101369
0.362130 -0.956579 0.021250
0.301293 -0.936922 0.372547
0.299625 -0.937231 0.756569
0.334864 -0.951804 0.918384
0.310191 -0.962913 0.019225
0.304287 -0.950239 0.223385
0.349667 -0.938985 0.764503
0.320582 -0.953654 0.538351
0.313475 -0.934939 0.559568
0.333294 -0.947256 0.242392
0.320319 -0.953032 0.214337
0.292795 -0.929584 0.961671
0.314382 -0.939978 0.384498
0.312222 -0.934281 0.231554
0.336216 -0.958789 0.023245
0.326566 -0.940937 0.566487
0.327440 -0.942984 0.392451
0.339807 -0.928049 0.941642
0.309729 -0.938272 0.764543
0.351406 -0.953222 0.249305
0.330665 -0.957354 0.516294
0.316298 -0.954771 0.098310
0.318265 -0.959851 0.017246
0.313850 -0.954991 0.741349
0.300847 -0.924516 0.958715
0.296423 -0.952423 0.233361
0.319795 -0.939205 0.763520
0.325314 -0.948918 0.116365
0.352296 -0.964076 -0.031839
0.348425 -0.957323 0.166252
0.295772 -0.959096 0.560306
0.308517 -0.946746 0.358420
0.324880 -0.955613 0.713327
0.346361 -0.952822 0.120301
0.343010 -0.952352 0.879357
0.291358 -0.949167 0.117391
0.323466 -0.954779 0.191303
0.308906 -0.923356 0.947716
0.340534 -0.948032 0.313370
0.338580 -0.943988 0.397422
0.310371 -0.959987 0.023245
0.343365 -0.955032 0.047271
0.288330 -0.949253 0.033385
0.334733 -0.940937 0.568469
0.324418 -0.965582 -0.004835
0.300104 -0.946403 0.945463
0.284614 -0.945128 0.376455
0.315345 -0.943521 0.073425
0.302410 -0.948024 0.110389
0.287039 -0.957475 0.765339
0.280727 -0.938064 0.546548
0.315672 -0.953496 0.338328
0.283424 -0.947034 0.099415
0.330718 -0.941022 0.483463
0.336429 -0.954812 0.022272
0.334006 -0.955247 0.683311
0.278633 -0.940101 0.369513
0.310174 -0.949970 0.911407
0.287524 -0.967102 0.018179
0.276986 -0.941402 0.751523
0.325985 -0.939160 0.759503
0.299963 -0.962879 0.540247
0.292838 -0.942131 0.558487
0.306548 -0.939447 0.238484
0.279601 -0.949427 0.220396
0.270092 -0.927689 0.950695
0.295618 -0.951231 0.212360
0.290675 -0.938151 0.380522
0.312516 -0.958995 0.023244
0.293619 -0.947470 0.232404
0.317110 -0.927220 0.936653
0.304751 -0.944161 0.389440
0.288040 -0.939430 0.759532
0.301862 -0.938102 0.560521
0.324688 -0.948425 0.246362
0.295588 -0.963050 0.017211
0.303935 -0.950532 0.510375
0.291181 -0.957181 0.738326
0.290575 -0.949984 0.097367
0.275764 -0.958625 0.234292
0.280190 -0.928697 0.955670
0.273055 -0.957254 0.555329
0.297130 -0.941385 0.759497
0.285832 -0.947945 0.357408
0.301643 -0.951118 0.115342
0.320643 -0.949047 0.120347
0.318654 -0.944555 0.164402
0.299177 -0.951780 0.706374
0.324586 -0.959345 -0.028782
0.317307 -0.948513 0.871403
0.271749 -0.961349 0.117253
0.314856 -0.941171 0.394457
0.288248 -0.927536 0.944670
0.295725 -0.945999 0.189407
0.284648 -0.955208 0.023303
0.312036 -0.941108 0.564469
0.319711 -0.959253 0.048225
0.315891 -0.951260 0.313335
0.279441 -0.950582 0.942417
0.301728 -0.967790 -0.003858
0.266348 -0.959647 0.762316
0.262593 -0.942463 0.032466
0.264982 -0.954328 0.377352
0.282811 -0.961206 0.110240
0.290669 -0.943749 0.074426
0.258062 -0.940226 0.541526
0.260724 -0.947213 0.097416
0.290998 -0.953700 0.336328
0.311146 -0.955263 0.487301
0.304281 -0.939328 0.755503
0.255953 -0.941267 0.365503
0.312775 -0.959032 0.023226
0.260754 -0.956318 0.017306
0.254291 -0.940535 0.743536
0.286502 -0.950151 0.906407
0.256566 -0.951053 0.968430
0.309360 -0.957464 0.681288
0.269116 -0.938275 0.551534
0.275237 -0.958042 0.534305
0.285914 -0.947639 0.238392
0.252828 -0.937606 0.215535
0.274971 -0.958433 0.213279
0.247418 -0.927820 0.941697
0.268018 -0.941341 0.378488
0.281180 -0.941279 0.558487
0.286792 -0.954216 0.023302
0.295428 -0.928395 0.932642
0.270965 -0.951667 0.231359
0.280036 -0.940331 0.384487
0.264357 -0.938572 0.751545
0.268481 -0.956345 0.733339
0.300999 -0.948628 0.245363
0.269935 -0.958171 0.097276
0.252349 -0.958418 0.552319
0.252037 -0.954804 0.231339
0.281288 -0.954749 0.510329
0.270908 -0.963265 0.017211
0.257503 -0.927826 0.946683
0.275431 -0.941542 0.754498
0.264159 -0.951136 0.356374
0.275937 -0.947332 0.114389
0.276512 -0.953979 0.704351
0.297983 -0.953250 0.120301
0.302951 -0.967548 -0.027874
0.295010 -0.948781 0.165356
0.294682 -0.953766 0.873346
0.294214 -0.948368 0.394376
0.266571 -0.928701 0.939660
0.248041 -0.959547 0.116278
0.244614 -0.956768 0.754352
0.274069 -0.951197 0.189350
0.289333 -0.940289 0.561482
0.255705 -0.944692 0.931488
0.261987 -0.959397 0.022258
0.244297 -0.957510 0.376319
0.292967 -0.951493 0.049318
0.242973 -0.953641 0.032341
0.292228 -0.953477 0.313312
0.259080 -0.957402 0.109287
0.278085 -0.972998 -0.003915
0.266951 -0.940957 0.074461
0.236398 -0.943402 0.538493
0.240097 -0.956401 0.097314
0.281596 -0.939505 0.751504
0.267316 -0.953906 0.335329
0.288050 -0.955256 0.024273
0.263809 -0.949310 0.900420
0.236344 -0.952468 0.366378
0.252536 -0.957223 0.531318
0.286500 -0.957485 0.486278
0.238085 -0.959507 0.016273
0.248472 -0.944466 0.550467
0.285693 -0.958671 0.679278
0.265258 -0.953830 0.238324
0.231645 -0.943704 0.738504
0.231157 -0.940782 0.213503
0.273713 -0.926545 0.926667
0.249239 -0.951638 0.211362
0.224748 -0.927950 0.932699
0.249289 -0.954842 0.229326
0.245340 -0.942519 0.375478
0.258504 -0.942452 0.554478
0.258344 -0.941511 0.382477
0.242664 -0.938719 0.745547
0.258010 -0.939459 0.023477
0.246795 -0.957524 0.730329
0.230639 -0.957591 0.549332
0.247226 -0.957372 0.097289
0.277292 -0.946830 0.244387
0.229346 -0.954998 0.230341
0.246170 -0.957477 0.017282
0.235818 -0.927969 0.939685
0.258620 -0.956942 0.508307
0.253771 -0.944735 0.752465
0.241491 -0.953336 0.355353
0.252211 -0.943529 0.113437
0.245884 -0.929868 0.935650
0.273265 -0.949467 0.120349
0.254872 -0.959206 0.705295
0.267428 -0.935528 0.387529
0.279287 -0.970776 -0.025908
0.227391 -0.966734 0.116199
0.223940 -0.959951 0.752319
0.267643 -0.941463 0.558472
0.272367 -0.953997 0.166300
0.270026 -0.953966 0.869347
0.222607 -0.958701 0.375309
0.234040 -0.946879 0.928467
0.249359 -0.947416 0.189398
0.233141 -0.937638 0.022514
0.222333 -0.961826 0.032251
0.255390 -0.974206 -0.002925
0.269311 -0.954713 0.050284
0.235365 -0.954588 0.107324
0.267548 -0.952691 0.312326
0.246326 -0.950155 0.075359
0.214746 -0.947577 0.535450
0.258858 -0.934645 0.744565
0.212267 -0.936593 0.093547
0.246663 -0.960111 0.336262
0.229819 -0.954391 0.527355
0.241134 -0.949504 0.897422
0.213668 -0.953645 0.363369
0.215379 -0.958693 0.015287
0.258239 -0.936517 0.025495
0.224749 -0.939610 0.543527
0.254060 -0.931761 0.927611
0.243593 -0.958018 0.237280
0.208959 -0.942848 0.731518
0.261847 -0.958706 0.485269
0.211553 -0.952966 0.213367
0.225689 -0.949706 0.375400
0.260012 -0.955860 0.674314
0.227577 -0.955836 0.211318
0.224520 -0.945016 0.225444
0.204087 -0.931107 0.927668
0.235811 -0.941623 0.550492
0.220987 -0.939889 0.741538
0.236688 -0.945704 0.381433
0.235307 -0.938669 0.024491
0.208922 -0.955752 0.545357
0.224105 -0.956701 0.726343
0.255618 -0.950017 0.243354
0.210726 -0.967196 0.232205
0.229983 -0.933814 0.739596
0.223535 -0.956581 0.097303
0.214138 -0.928111 0.932688
0.222447 -0.953683 0.017331
0.235945 -0.958146 0.507298
0.220841 -0.959542 0.356286
0.225188 -0.930022 0.930653
0.233622 -0.958714 0.114266
0.203235 -0.960110 0.748322
0.231171 -0.956378 0.700332
0.248554 -0.945684 0.120398
0.247812 -0.945740 0.389415
0.255605 -0.971992 -0.024918
0.244939 -0.939645 0.555497
0.204737 -0.970937 0.116155
0.214394 -0.953095 0.929400
0.200908 -0.958880 0.373312
0.248675 -0.953209 0.166314
0.245307 -0.948117 0.861420
0.212495 -0.944811 0.021436
0.229775 -0.961623 0.191238
0.197577 -0.953028 0.031358
0.246636 -0.956936 0.052264
0.210630 -0.947793 0.106408
0.230704 -0.973431 -0.001911
0.239197 -0.939844 0.744509
0.243903 -0.955909 0.312293
0.222628 -0.948375 0.076385
0.193676 -0.951765 0.093377
0.191061 -0.945735 0.529476
0.224017 -0.964333 0.337218
0.208146 -0.956587 0.526335
0.233387 -0.933962 0.926591
0.219493 -0.953726 0.897379
0.192001 -0.956825 0.361337
0.191651 -0.953887 0.014348
0.204109 -0.945812 0.543461
0.235569 -0.938728 0.026475
0.187284 -0.944007 0.726510
0.217850 -0.949212 0.234387
0.207939 -0.965029 0.212216
0.216156 -0.947826 0.551425
0.190939 -0.963157 0.213255
0.239203 -0.962933 0.486225
0.182399 -0.930226 0.918683
0.204044 -0.954899 0.374345
0.217059 -0.954914 0.383332
0.203919 -0.956220 0.226320
0.200340 -0.945074 0.739484
0.237397 -0.962107 0.676247
0.214662 -0.945854 0.024413
0.203444 -0.960906 0.726299
0.187241 -0.956937 0.543349
0.188007 -0.964377 0.230243
0.231920 -0.948219 0.242381
0.209340 -0.939022 0.739541
0.193457 -0.929267 0.927680
0.198773 -0.946784 0.096422
0.196670 -0.940914 0.018485
0.212255 -0.956335 0.504325
0.199152 -0.960732 0.355278
0.204518 -0.932201 0.927634
0.182532 -0.960268 0.744326
0.228151 -0.951938 0.390348
0.212993 -0.967913 0.115165
0.224265 -0.942833 0.554466
0.207475 -0.953550 0.695371
0.228967 -0.959877 0.121238
0.191671 -0.948220 0.920462
0.182035 -0.970126 0.115170
0.180248 -0.964074 0.373258
0.232955 -0.977213 -0.022973
0.229109 -0.969426 0.169131
0.222658 -0.950346 0.861400
0.207095 -0.962827 0.191230
0.188792 -0.942018 0.021475
0.178997 -0.970197 0.031165
0.219538 -0.945053 0.745454
0.186869 -0.938978 0.104516
0.208006 -0.973639 -0.000908
0.222955 -0.957155 0.053267
0.203018 -0.960565 0.077250
0.220208 -0.954114 0.311320
0.169364 -0.944896 0.525492
0.167870 -0.934953 0.090579
0.211651 -0.929088 0.918653
0.186474 -0.958783 0.525315
0.196792 -0.950896 0.892418
0.200323 -0.962528 0.335245
0.181382 -0.940947 0.536524
0.169976 -0.957055 0.012318
0.169329 -0.958002 0.358330
0.198204 -0.957394 0.234298
0.218024 -0.959903 0.027235
0.186268 -0.968237 0.213185
0.193427 -0.942972 0.545487
0.164606 -0.943162 0.720527
0.169276 -0.967332 0.211213
0.182368 -0.957079 0.372326
0.195372 -0.956094 0.381324
0.160714 -0.929357 0.910700
0.166538 -0.957112 0.541353
0.183265 -0.962398 0.225255
0.178657 -0.945242 0.735488
0.181746 -0.960084 0.723315
0.214514 -0.960129 0.483263
0.212704 -0.958298 0.672298
0.194054 -0.957039 0.024290
0.188643 -0.939181 0.735545
0.173787 -0.932448 0.925650
0.212276 -0.956413 0.243291
0.166347 -0.968575 0.230201
0.177096 -0.948989 0.097403
0.176035 -0.949098 0.018397
0.183818 -0.931366 0.923650
0.188529 -0.950511 0.500399
0.177457 -0.960921 0.354282
0.161864 -0.963462 0.743295
0.203572 -0.944009 0.552458
0.171996 -0.951410 0.919431
0.204451 -0.949123 0.387388
0.189295 -0.966110 0.114192
0.158516 -0.960240 0.370309
0.186860 -0.961803 0.699282
0.208329 -0.968075 0.122149
0.160352 -0.972319 0.115152
0.209269 -0.977440 -0.020969
0.151976 -0.940670 0.929574
0.185434 -0.967035 0.192188
0.170196 -0.957187 0.021305
0.156278 -0.967383 0.030204
0.196793 -0.938193 0.738540
0.204423 -0.967646 0.169158
0.200023 -0.953575 0.861369
0.166237 -0.947165 0.104428
0.183272 -0.966863 0.000178
0.200304 -0.961367 0.054225
0.177217 -0.944775 0.076440
0.190986 -0.931300 0.918634
0.164746 -0.954954 0.522366
0.197546 -0.956335 0.312301
0.151394 -0.966122 0.091225
0.146684 -0.944067 0.521509
0.175091 -0.949057 0.887446
0.177641 -0.962736 0.335250
0.159719 -0.943144 0.535505
0.149353 -0.967227 0.011207
0.147656 -0.960180 0.356312
0.172737 -0.944149 0.543480
0.175511 -0.956588 0.233315
0.196368 -0.965106 0.028181
0.164607 -0.972434 0.213144
0.144784 -0.950248 0.535440
0.145494 -0.955496 0.207357
0.160665 -0.956245 0.369343
0.142935 -0.944320 0.715521
0.157971 -0.946402 0.731481
0.140049 -0.931512 0.905682
0.173708 -0.959285 0.380294
0.160052 -0.959263 0.720331
0.161586 -0.964584 0.224236
0.168987 -0.944390 0.736492
0.153111 -0.933603 0.920644
0.189813 -0.955336 0.481326
0.144650 -0.968760 0.229206
0.172399 -0.962230 0.024236
0.191634 -0.963627 0.245214
0.190041 -0.959519 0.672291
0.156442 -0.955175 0.097338
0.141127 -0.959596 0.737347
0.158466 -0.969259 0.018170
0.163154 -0.933556 0.921631
0.155793 -0.964123 0.354252
0.166883 -0.954730 0.501357
0.184771 -0.953308 0.387345
0.182903 -0.947209 0.552428
0.151306 -0.951586 0.916436
0.137840 -0.963433 0.370279
0.165546 -0.958307 0.113290
0.138642 -0.971500 0.114169
0.180446 -0.941288 0.120468
0.165184 -0.963003 0.698275
0.133290 -0.943840 0.927544
0.178133 -0.944404 0.740475
0.178370 -0.944729 -0.017580
0.134612 -0.971563 0.029164
0.150632 -0.975363 0.021102
0.181736 -0.967860 0.170163
0.161733 -0.964235 0.191228
0.176352 -0.951788 0.859398
0.144561 -0.949347 0.103411
0.171286 -0.931479 0.916639
0.160610 -0.970072 0.001148
0.178668 -0.968571 0.055148
0.143060 -0.955138 0.520372
0.158715 -0.969982 0.079155
0.124507 -0.937306 0.087567
0.154454 -0.954303 0.890393
0.125002 -0.944229 0.517516
0.174915 -0.961556 0.313248
0.139012 -0.942297 0.531523
0.154943 -0.960933 0.334278
0.128699 -0.974397 0.010132
0.153798 -0.954773 0.232343
0.151025 -0.941309 0.539521
0.125121 -0.955450 0.536387
0.142927 -0.974630 0.213126
0.140381 -0.963458 0.720290
0.124989 -0.961368 0.354307
0.168513 -0.940352 0.029478
0.151978 -0.955451 0.377346
0.137971 -0.954433 0.367372
0.122798 -0.953678 0.205387
0.121278 -0.946500 0.712504
0.135269 -0.942556 0.725534
0.118381 -0.931665 0.899689
0.134731 -0.939749 0.218533
0.148314 -0.946573 0.734474
0.122938 -0.966944 0.228235
0.132448 -0.935793 0.918627
0.148619 -0.950445 0.025382
0.121427 -0.960768 0.735341
0.167118 -0.953527 0.479355
0.167925 -0.959817 0.243266
0.167381 -0.960740 0.672285
0.142439 -0.930698 0.915672
0.134775 -0.958368 0.097310
0.134739 -0.963464 0.018245
0.134093 -0.963311 0.353270
0.145188 -0.953924 0.500374
0.162185 -0.945384 0.550457
0.130649 -0.954809 0.917407
0.162075 -0.951495 0.385375
0.117172 -0.967626 0.370239
0.113601 -0.945007 0.924539
0.111692 -0.934683 0.110605
0.143886 -0.962500 0.113250
0.142487 -0.960190 0.695316
0.156735 -0.936486 0.119533
0.157442 -0.944597 0.739480
0.155679 -0.943937 -0.016562
0.139007 -0.959438 0.191292
0.126878 -0.966556 0.020213
0.110864 -0.962768 0.029275
0.151588 -0.931657 0.914645
0.158064 -0.968071 0.170169
0.122895 -0.952529 0.102382
0.153681 -0.950993 0.857415
0.137879 -0.965280 0.002212
0.155964 -0.966792 0.057177
0.122411 -0.960359 0.522320
0.105931 -0.955476 0.087365
0.136011 -0.968181 0.079185
0.131755 -0.950461 0.884446
0.103331 -0.945402 0.514511
0.130341 -0.942497 0.538516
0.104425 -0.955625 0.534394
0.117324 -0.941470 0.528542
0.133281 -0.964145 0.335250
0.152266 -0.964788 0.315219
0.104958 -0.966591 0.009232
0.131111 -0.953955 0.230362
0.118682 -0.961636 0.717320
0.120228 -0.972834 0.213156
0.103309 -0.962546 0.352302
0.130300 -0.956641 0.376341
0.145816 -0.938562 0.030507
0.127595 -0.943730 0.730515
0.117333 -0.961627 0.367297
0.114599 -0.944738 0.723518
0.112973 -0.931899 0.214633
0.099612 -0.947668 0.708500
0.101160 -0.959864 0.204324
0.100716 -0.958926 0.731371
0.097748 -0.936867 0.898639
0.102282 -0.973133 0.228172
0.111766 -0.935958 0.914634
0.147236 -0.962005 0.243249
0.122744 -0.930865 0.912679
0.124891 -0.943651 0.025470
0.110971 -0.942563 0.096503
0.144478 -0.956765 0.481327
0.143719 -0.959959 0.671303
0.141499 -0.946571 0.549451
0.112022 -0.959661 0.018299
0.112414 -0.964512 0.353265
0.142389 -0.954691 0.386346
0.123524 -0.956130 0.500358
0.109953 -0.953973 0.913426
0.096470 -0.967806 0.369246
0.093951 -0.950221 0.925488
0.119031 -0.939691 0.111525
0.089975 -0.930865 0.109659
0.136743 -0.943779 0.737498
0.120828 -0.962414 0.696299
0.136061 -0.939683 0.120505
0.131895 -0.931858 0.914651
0.135008 -0.948141 -0.014602
0.104152 -0.961753 0.020278
0.089176 -0.963946 0.028271
0.117351 -0.963645 0.192253
0.100099 -0.938705 0.100553
0.135383 -0.968286 0.171176
0.101687 -0.957521 0.519362
0.132032 -0.953246 0.860399
0.115204 -0.966488 0.003208
0.085275 -0.961648 0.086303
0.084734 -0.957813 0.534378
0.111072 -0.950671 0.884453
0.133332 -0.973004 0.058114
0.113320 -0.967392 0.080204
0.109658 -0.943673 0.536511
0.081672 -0.947598 0.513496
0.095647 -0.941643 0.525550
0.107266 -0.933108 0.225614
0.111620 -0.967357 0.336222
0.080068 -0.937791 0.008577
0.096978 -0.958814 0.714362
0.095345 -0.945982 0.207478
0.129598 -0.965996 0.315215
0.110666 -0.965850 0.378243
0.106889 -0.941888 0.726546
0.081646 -0.965724 0.350275
0.093912 -0.944908 0.720526
0.079991 -0.955071 0.726425
0.129355 -0.972727 0.031118
0.095671 -0.964817 0.366270
0.092071 -0.936114 0.910641
0.079428 -0.955024 0.201391
0.080549 -0.968316 0.227238
0.077048 -0.934997 0.891670
0.077920 -0.945824 0.703532
0.091311 -0.934097 0.214618
0.103081 -0.934079 0.913651
0.121348 -0.934151 0.236584
0.104221 -0.947833 0.025431
0.093487 -0.973760 0.099149
0.120787 -0.944746 0.547482
0.091748 -0.968715 0.354226
0.121818 -0.957980 0.481323
0.089241 -0.951125 0.908469
0.088201 -0.940877 0.019528
0.074253 -0.950388 0.922495
0.121734 -0.959897 0.387294
0.121083 -0.963203 0.673275
0.074800 -0.970007 0.369230
0.100841 -0.954334 0.499389
0.117012 -0.940927 0.733541
0.097319 -0.936873 0.110568
0.069312 -0.935050 0.109621
0.099104 -0.957567 0.691366
0.114348 -0.936878 0.120547
0.112212 -0.933061 0.914647
0.111277 -0.940370 -0.012500
0.095660 -0.963841 0.192262
0.082489 -0.965933 0.019241
0.065361 -0.945153 0.028502
0.081617 -0.968899 0.102213
0.079998 -0.956716 0.518384
0.112711 -0.969501 0.172174
0.091388 -0.948705 0.004428
0.109327 -0.948426 0.856467
0.064057 -0.960011 0.534365
0.088958 -0.942859 0.535533
0.090549 -0.956591 0.080342
0.062580 -0.959837 0.085338
0.089402 -0.950878 0.883464
0.110657 -0.974227 0.060113
0.074956 -0.941818 0.523561
0.076277 -0.957993 0.712385
0.086596 -0.936298 0.225590
0.089931 -0.967557 0.336233
0.060018 -0.950782 0.511474
0.060312 -0.958277 0.727401
0.060555 -0.963954 0.007287
0.086210 -0.943081 0.725546
0.087931 -0.959024 0.375336
0.073669 -0.947179 0.207478
0.073204 -0.943053 0.715561
0.106939 -0.968216 0.316203
0.107665 -0.973929 0.032117
0.073949 -0.960982 0.363329
0.071389 -0.936289 0.907654
0.083366 -0.932232 0.909686
0.058972 -0.965921 0.349288
0.058834 -0.965501 0.226285
0.070598 -0.932262 0.212654
0.055570 -0.930167 0.195695
0.056393 -0.938195 0.890648
0.056219 -0.942966 0.697580
0.103888 -0.966411 0.244222
0.055554 -0.952565 0.921484
0.084665 -0.968009 0.025211
0.100073 -0.942908 0.544518
0.070733 -0.964948 0.098268
0.069575 -0.955346 0.910435
0.101049 -0.962089 0.387284
0.070059 -0.968915 0.354240
0.068628 -0.959052 0.019332
0.054089 -0.969186 0.368256
0.099139 -0.957192 0.481349
0.097335 -0.944132 0.734519
0.080154 -0.955540 0.500391
0.098415 -0.963422 0.673290
0.075610 -0.934066 0.110618
0.048631 -0.937235 0.109613
0.092596 -0.929069 0.120656
0.077442 -0.959788 0.692357
0.092543 -0.936293 0.917626
0.090607 -0.944563 -0.011531
0.045787 -0.964314 0.027296
0.060809 -0.968121 0.019234
0.072984 -0.964055 0.193278
0.059293 -0.955898 0.517410
0.059937 -0.971090 0.102206
0.044353 -0.961185 0.533368
0.086806 -0.937678 0.168564
0.068681 -0.944914 0.005491
0.087710 -0.954710 0.862413
0.069907 -0.964786 0.081264
0.068714 -0.951082 0.883479
0.068307 -0.948066 0.536491
0.087908 -0.966435 0.061222
0.055592 -0.959192 0.712389
0.054271 -0.943001 0.522565
0.038713 -0.933010 0.082669
0.040628 -0.961467 0.727381
0.065916 -0.938485 0.225583
0.066549 -0.948295 0.727502
0.055116 -0.969406 0.212237
0.068266 -0.970766 0.337214
0.067247 -0.961214 0.375328
0.038808 -0.957131 0.006384
0.038329 -0.949962 0.509502
0.052514 -0.943230 0.713577
0.063687 -0.934440 0.910678
0.053272 -0.964172 0.363309
0.038167 -0.970686 0.226243
0.050696 -0.935448 0.903681
0.083906 -0.963145 0.033262
0.049888 -0.930437 0.211693
0.037259 -0.963084 0.346340
0.084288 -0.971445 0.318184
0.035832 -0.950702 0.916523
0.078928 -0.929524 0.235670
0.034705 -0.936340 0.884688
0.080384 -0.945106 0.545509
0.033890 -0.930351 0.194712
0.034585 -0.948187 0.698539
0.048877 -0.954527 0.908462
0.080339 -0.961279 0.387310
0.061960 -0.965218 0.026262
0.046869 -0.939132 0.096587
0.048330 -0.964089 0.352314
0.033364 -0.966364 0.367306
0.077631 -0.944322 0.734533
0.045821 -0.942249 0.019547
0.058455 -0.953731 0.499431
0.076461 -0.956403 0.481377
0.075705 -0.958614 0.671365
0.072791 -0.930430 0.912711
0.027956 -0.940419 0.109595
0.054944 -0.938250 0.110587
0.056800 -0.966045 0.697303
0.071981 -0.939266 0.121555
0.038995 -0.952309 0.019436
0.068905 -0.942774 -0.009492
0.024093 -0.964491 0.026313
0.038606 -0.957103 0.518415
0.023648 -0.960367 0.532396
0.051293 -0.964248 0.193294
0.036045 -0.941251 0.098573
0.049040 -0.955086 0.005390
0.047597 -0.946238 0.534530
0.064090 -0.931881 0.168651
0.020960 -0.966679 0.729338
0.048072 -0.956344 0.888436
0.066028 -0.953922 0.862441
0.048238 -0.967988 0.082246
0.034892 -0.958379 0.711416
0.064030 -0.939640 0.061554
0.033619 -0.948207 0.523523
0.018016 -0.933181 0.081686
0.045827 -0.944460 0.724565
0.046561 -0.963392 0.374321
0.045275 -0.945683 0.226517
0.046568 -0.969963 0.337242
0.033432 -0.970600 0.212242
0.044000 -0.935636 0.910682
0.017158 -0.963307 0.005332
0.031007 -0.936632 0.902685
0.016664 -0.952153 0.508496
0.030832 -0.942405 0.710605
0.031607 -0.967370 0.363291
0.016470 -0.969880 0.226271
0.016115 -0.948862 0.913562
0.060677 -0.945291 0.545524
0.029232 -0.935623 0.211652
0.062598 -0.971653 0.319200
0.061163 -0.955342 0.033372
0.061466 -0.963780 0.243288
0.014378 -0.957562 0.197414
0.014593 -0.964279 0.345346
0.014020 -0.936498 0.880705
0.029168 -0.953710 0.907489
0.041275 -0.968398 0.026243
0.057910 -0.942489 0.732572
0.012877 -0.944326 0.692603
0.058620 -0.957454 0.385374
0.027637 -0.965289 0.353318
0.012677 -0.968552 0.367299
0.026186 -0.941315 0.096581
0.025265 -0.962429 0.019331
0.054119 -0.934675 0.917679
0.036816 -0.958968 0.502389
0.007195 -0.931591 0.108716
0.034216 -0.934422 0.109651
0.053787 -0.955626 0.482406
0.054053 -0.961856 0.674346
0.051237 -0.933449 0.121642
0.035104 -0.964240 0.696343
0.017881 -0.953273 0.516478
0.002236 -0.940681 0.026610
0.002915 -0.955525 0.529471
0.017383 -0.963486 0.018326
0.049430 -0.974946 -0.009849
0.029634 -0.968465 0.195264
0.015296 -0.934422 0.097671
0.001236 -0.964845 0.727377
0.027930 -0.951446 0.536487
0.015169 -0.956545 0.709455
0.027452 -0.969285 0.006244
0.027378 -0.955547 0.888464
0.045669 -0.971142 0.176211
0.026132 -0.945638 0.723569
0.025356 -0.940175 0.081590
0.044375 -0.956182 0.866434
0.012911 -0.946378 0.521563
-0.002660 -0.936352 0.080669
0.024304 -0.935820 0.909698
0.024675 -0.958904 0.229383
0.024882 -0.964590 0.374326
0.043573 -0.971846 0.063197
0.024897 -0.972183 0.339235
0.011749 -0.971805 0.213247
0.011122 -0.941571 0.708633
-0.003539 -0.955091 0.916508
-0.004589 -0.955484 0.004443
-0.004214 -0.973064 0.226253
0.010333 -0.937825 0.901691
-0.005054 -0.947297 0.503572
0.009904 -0.965544 0.361332
0.040002 -0.947498 0.546517
0.040770 -0.964965 0.243292
0.040527 -0.964534 0.034283
0.008573 -0.940809 0.211611
0.039909 -0.969870 0.320241
0.008514 -0.957949 0.910459
0.038219 -0.943703 0.734576
-0.006638 -0.939714 0.881688
-0.007268 -0.963754 0.197362
-0.007080 -0.966464 0.344340
0.038961 -0.964658 0.387307
0.018339 -0.932596 0.026681
0.005923 -0.961475 0.352382
-0.008774 -0.947533 0.692586
-0.009046 -0.963727 0.365375
0.004490 -0.939518 0.097622
0.003353 -0.930619 0.019721
0.034435 -0.935894 0.919683
-0.012286 -0.965785 0.110337
0.015136 -0.959182 0.503407
0.013507 -0.932605 0.109691
0.032108 -0.955839 0.483423
0.030616 -0.943645 0.122542
0.013405 -0.961447 0.696395
0.031351 -0.957060 0.673422
-0.015786 -0.958711 0.530452
-0.017511 -0.935841 0.025685
-0.002774 -0.958501 0.519437
-0.004303 -0.964674 0.018332
-0.018465 -0.966033 0.727382
0.026720 -0.971165 -0.007784
-0.005352 -0.941604 0.097607
0.007952 -0.969669 0.196270
0.007198 -0.946593 0.532563
-0.005466 -0.963812 0.715391
0.006693 -0.955762 0.889481
0.005751 -0.968484 0.007273
0.005429 -0.943814 0.721610
-0.007789 -0.945548 0.519592
0.004627 -0.938050 0.912691
-0.022278 -0.952229 0.912559
-0.023370 -0.934522 0.079710
0.022992 -0.971355 0.177230
0.022680 -0.953382 0.865487
0.003981 -0.960089 0.229388
0.004175 -0.963767 0.373355
0.003854 -0.966387 0.083305
0.020664 -0.940044 0.063589
0.003201 -0.971379 0.339265
-0.024926 -0.972249 0.226282
-0.025219 -0.967638 0.002321
-0.009550 -0.943770 0.708628
-0.009935 -0.972997 0.213254
-0.009317 -0.944066 0.905638
0.020250 -0.941648 0.543604
-0.010818 -0.962709 0.359384
-0.010233 -0.954098 0.907522
-0.025760 -0.945467 0.501614
-0.012121 -0.940994 0.211629
0.018519 -0.943893 0.734592
0.019133 -0.972182 0.245228
0.017694 -0.942743 0.035559
0.018225 -0.959835 0.386383
-0.027802 -0.963629 0.342393
-0.027814 -0.957874 0.363462
-0.027314 -0.940894 0.879694
-0.013770 -0.964665 0.353364
-0.028991 -0.958924 0.195439
0.017243 -0.971086 0.321248
-0.015248 -0.935680 0.096686
0.015718 -0.935079 0.919711
-0.029486 -0.944685 0.688639
-0.003309 -0.937784 0.026641
-0.017303 -0.936799 0.019670
-0.033190 -0.934935 0.107717
-0.005551 -0.960385 0.504413
-0.008152 -0.935796 0.109675
-0.007271 -0.963667 0.698389
0.009912 -0.942839 0.123571
0.010452 -0.959074 0.486406
0.009653 -0.954266 0.673476
-0.036481 -0.958904 0.530470
-0.022490 -0.957685 0.519465
-0.038207 -0.961187 0.724458
-0.039981 -0.968033 0.025332
-0.024998 -0.966840 0.017326
-0.012779 -0.965852 0.196335
-0.012513 -0.945778 0.532592
-0.025187 -0.961988 0.714431
0.004951 -0.960363 -0.006638
-0.026108 -0.932775 0.096731
-0.013286 -0.943994 0.721626
-0.014963 -0.967662 0.007303
-0.014006 -0.953965 0.889522
-0.014090 -0.937223 0.911719
-0.015566 -0.959935 0.372418
-0.042007 -0.948376 0.908624
-0.028466 -0.947741 0.519587
-0.016721 -0.960262 0.228406
0.001099 -0.942513 0.174587
-0.017036 -0.938558 0.082650
-0.044092 -0.930681 0.077776
-0.029273 -0.940924 0.705680
-0.030606 -0.978203 0.215213
-0.029044 -0.940214 0.901702
0.000562 -0.943844 0.544597
-0.000004 -0.944248 0.065560
0.001021 -0.954641 0.869493
-0.029947 -0.952280 0.906562
-0.046611 -0.973441 0.226289
-0.018513 -0.967575 0.339330
-0.046932 -0.964813 0.001375
-0.000180 -0.946097 0.736585
-0.031551 -0.957874 0.357461
-0.001598 -0.968367 0.245292
-0.032818 -0.941167 0.210647
-0.047405 -0.950679 0.502575
-0.002466 -0.961024 0.386389
-0.002890 -0.959934 0.036378
-0.003004 -0.933265 0.919750
-0.049445 -0.966105 0.366387
-0.047991 -0.942085 0.878701
-0.050642 -0.965115 0.195388
-0.050463 -0.965821 0.341390
-0.035468 -0.962862 0.353406
-0.023047 -0.933956 0.026706
-0.004423 -0.974305 0.323231
-0.035930 -0.937873 0.097681
-0.050175 -0.944859 0.686658
-0.038806 -0.965983 0.019350
-0.026258 -0.958589 0.505454
-0.027699 -0.961001 0.112400
-0.054827 -0.942136 0.108655
-0.009806 -0.942013 0.123600
-0.027969 -0.962876 0.699419
-0.056196 -0.958087 0.530499
-0.011234 -0.958287 0.487436
-0.011989 -0.958531 0.678447
-0.043190 -0.956877 0.519495
-0.057928 -0.959352 0.722499
-0.032176 -0.951996 0.535539
-0.059898 -0.935197 0.024736
-0.033468 -0.968047 0.197329
-0.046715 -0.963027 0.017393
-0.045857 -0.965220 0.717414
-0.015713 -0.966564 -0.004690
-0.032965 -0.947206 0.723609
-0.047549 -0.971982 0.098294
-0.060736 -0.946525 0.905665
-0.033806 -0.934395 0.909773
-0.034703 -0.952179 0.890564
-0.036656 -0.967860 0.008322
-0.018127 -0.948054 0.547567
-0.049124 -0.952956 0.521547
-0.037396 -0.964457 0.229378
-0.037218 -0.965143 0.373379
-0.019388 -0.973763 0.180242
-0.048733 -0.941408 0.901708
-0.037726 -0.939751 0.083657
-0.018917 -0.943265 0.735637
-0.064794 -0.929850 0.076807
-0.049931 -0.945145 0.707653
-0.052306 -0.977395 0.215244
-0.020687 -0.946452 0.067555
-0.019676 -0.952866 0.871535
-0.067322 -0.972624 0.226320
-0.050610 -0.955517 0.909546
-0.039219 -0.966774 0.340360
-0.068621 -0.965987 0.000383
-0.022274 -0.972563 0.246263
-0.053216 -0.961081 0.358445
-0.022198 -0.958204 0.386441
-0.021710 -0.933474 0.921767
-0.053538 -0.937340 0.209713
-0.023708 -0.942127 0.037607
-0.070139 -0.967303 0.367394
-0.070075 -0.949877 0.501608
-0.056198 -0.958038 0.352484
-0.069654 -0.943285 0.877710
-0.044582 -0.958140 0.026445
-0.072345 -0.963294 0.194432
-0.056609 -0.941054 0.097665
-0.026143 -0.969512 0.324308
-0.072175 -0.961994 0.339457
-0.071848 -0.945053 0.685679
-0.058722 -0.933158 0.019755
-0.047910 -0.962824 0.508427
-0.030521 -0.939207 0.124654
-0.048588 -0.931152 0.109771
-0.078307 -0.973359 0.110314
-0.076909 -0.955268 0.529554
-0.049637 -0.964117 0.702427
-0.032897 -0.960533 0.491432
-0.078632 -0.957537 0.721542
-0.064831 -0.963123 0.523445
-0.033648 -0.960783 0.682443
-0.052888 -0.949177 0.534594
-0.066570 -0.940190 0.016680
-0.080619 -0.931365 0.023803
-0.066562 -0.963417 0.717457
-0.053658 -0.946404 0.723640
-0.037406 -0.966762 -0.003671
-0.056087 -0.977280 0.200244
-0.053469 -0.938647 0.914744
-0.067493 -0.934126 0.095758
-0.055393 -0.951393 0.891595
-0.037838 -0.947238 0.547597
-0.058384 -0.962059 0.009412
-0.058104 -0.963640 0.229408
-0.038593 -0.946501 0.739620
-0.057942 -0.961319 0.372445
-0.069868 -0.945102 0.517661
-0.059264 -0.963971 0.086396
-0.069422 -0.940599 0.900740
-0.070322 -0.953710 0.909588
-0.042058 -0.974986 0.182251
-0.074003 -0.976597 0.216275
-0.089009 -0.973815 0.226328
-0.071571 -0.950385 0.710614
-0.086460 -0.933027 0.075793
-0.042383 -0.944652 0.068599
-0.041363 -0.950090 0.872590
-0.043003 -0.968747 0.246329
-0.060948 -0.959959 0.339462
-0.042887 -0.959404 0.387448
-0.074895 -0.962277 0.358454
-0.088534 -0.931164 0.000812
-0.075148 -0.949554 0.211593
-0.090853 -0.965478 0.366438
-0.044474 -0.931308 0.037755
-0.076865 -0.963259 0.355444
-0.091761 -0.949066 0.500640
-0.064451 -0.932315 0.026768
-0.090352 -0.941452 0.874754
-0.093851 -0.964188 0.339454
-0.080075 -0.974299 0.101301
-0.094977 -0.971503 0.195360
-0.047875 -0.962696 0.323411
-0.093510 -0.947270 0.686676
-0.080366 -0.940344 0.019694
-0.068643 -0.957004 0.507517
-0.051241 -0.935389 0.124721
-0.069271 -0.933333 0.109767
-0.097586 -0.958481 0.531538
-0.100013 -0.971547 0.110359
-0.070334 -0.963336 0.704458
-0.098307 -0.962769 0.725502
-0.084583 -0.956283 0.521546
-0.055548 -0.962777 0.494430
-0.055322 -0.961023 0.685463
-0.073548 -0.954403 0.537555
-0.073332 -0.950638 0.727612
-0.087241 -0.965647 0.720453
-0.073150 -0.940875 0.917739
-0.087302 -0.934369 0.016771
-0.102282 -0.935551 0.023777
-0.059080 -0.969970 -0.001686
-0.057529 -0.949445 0.549592
-0.077826 -0.969472 0.200359
-0.057306 -0.946703 0.741637
-0.089127 -0.943313 0.095674
-0.076028 -0.958698 0.900532
-0.078629 -0.963517 0.373442
-0.078237 -0.938245 0.010713
-0.079793 -0.963832 0.229429
-0.091509 -0.951336 0.520612
-0.090084 -0.943835 0.903725
-0.059992 -0.950095 0.942614
-0.080077 -0.945142 0.085639
-0.095698 -0.976788 0.216296
-0.063767 -0.972188 0.183306
-0.092284 -0.946559 0.708682
-0.111667 -0.978024 0.227303
-0.108117 -0.938213 0.075756
-0.063567 -0.962602 0.388433
-0.064656 -0.974961 0.248279
-0.082615 -0.963176 0.341448
-0.062985 -0.956417 0.882539
-0.064079 -0.942853 0.069643
-0.111554 -0.965676 0.367458
-0.096588 -0.961460 0.357487
-0.065123 -0.939497 0.038682
-0.098656 -0.976814 0.216299
-0.110205 -0.934325 -0.001201
-0.098545 -0.964465 0.356454
-0.113431 -0.951264 0.500639
-0.086122 -0.934513 0.027767
-0.102726 -0.980493 0.101252
-0.112022 -0.941651 0.873776
-0.117648 -0.973689 0.194359
-0.116532 -0.963379 0.338489
-0.070544 -0.962923 0.325432
-0.101087 -0.936522 0.019762
-0.116155 -0.950494 0.687664
-0.090309 -0.959238 0.510514
-0.118282 -0.958683 0.532559
-0.121684 -0.976733 0.110321
-0.071942 -0.934571 0.124753
-0.119006 -0.961977 0.726535
-0.092770 -0.961567 0.112462
-0.092010 -0.963564 0.706479
-0.105299 -0.952475 0.521614
-0.093078 -0.943780 0.723714
-0.107940 -0.964855 0.721485
-0.094266 -0.950572 0.535622
-0.077227 -0.963011 0.497450
-0.092864 -0.938057 0.916795
-0.077028 -0.956229 0.685543
-0.077240 -0.948640 0.550623
-0.077032 -0.942881 0.740704
-0.127748 -0.969748 0.022404
-0.108988 -0.934544 0.015794
-0.078978 -0.938169 0.000710
-0.099522 -0.968674 0.201392
-0.096737 -0.954901 0.900600
-0.109854 -0.938482 0.094754
-0.099341 -0.961704 0.373486
-0.110725 -0.951116 0.910663
-0.098962 -0.933435 0.011793
-0.101477 -0.965034 0.230439
-0.112215 -0.949516 0.519656
-0.110775 -0.943025 0.902758
-0.116422 -0.973970 0.216352
-0.083290 -0.960792 0.389476
-0.103596 -0.971375 0.088357
-0.132402 -0.973207 0.227383
-0.112979 -0.945755 0.708715
-0.085368 -0.974144 0.248311
-0.086427 -0.975409 0.185293
-0.104276 -0.967416 0.345422
-0.129800 -0.939388 0.074767
-0.084799 -0.939045 0.070711
-0.117301 -0.959634 0.356532
-0.084665 -0.954663 0.885584
-0.133254 -0.963870 0.367504
-0.129950 -0.928484 -0.002109
-0.120373 -0.972993 0.215368
-0.086790 -0.942695 0.039668
-0.119262 -0.961663 0.357510
-0.106811 -0.936691 0.027764
-0.132708 -0.941851 0.873798
-0.124444 -0.976692 0.102321
-0.136094 -0.952471 0.500651
-0.139365 -0.969867 0.193428
-0.138237 -0.960562 0.337546
-0.092227 -0.963152 0.328453
-0.137998 -0.957876 0.533591
-0.122745 -0.942706 0.019714
-0.139684 -0.965205 0.729521
-0.111984 -0.960472 0.513524
-0.138801 -0.953741 0.690652
-0.144370 -0.976927 0.110345
-0.096384 -0.970835 0.129354
-0.111638 -0.935713 0.110787
-0.113681 -0.964815 0.710489
-0.126963 -0.955708 0.524601
-0.113985 -0.948754 0.535666
-0.113735 -0.949034 0.728676
-0.112540 -0.941307 0.921779
-0.129607 -0.967105 0.725484
-0.096693 -0.949149 0.747653
-0.096956 -0.946835 0.551667
-0.098931 -0.959222 0.498519
-0.099674 -0.958500 0.690542
-0.130651 -0.939727 0.015758
-0.121193 -0.972886 0.203367
-0.147558 -0.951910 0.021637
-0.117433 -0.953125 0.902644
-0.100673 -0.936366 0.001756
-0.121028 -0.961898 0.373508
-0.132507 -0.942677 0.094731
-0.122193 -0.963205 0.229484
-0.130496 -0.939195 0.900826
-0.123463 -0.962637 0.011477
-0.132937 -0.944684 0.517737
-0.104019 -0.955957 0.387556
-0.133664 -0.946962 0.709725
-0.154098 -0.973396 0.227406
-0.139097 -0.975191 0.218364
-0.125316 -0.966575 0.089438
-0.107060 -0.974346 0.249333
-0.109094 -0.977641 0.188292
-0.109248 -0.976294 0.074300
-0.153972 -0.961056 0.367561
-0.126945 -0.968641 0.347433
-0.155331 -0.962600 0.074524
-0.138994 -0.958828 0.356566
-0.106324 -0.955954 0.892594
-0.155465 -0.955668 -0.004400
-0.143030 -0.978200 0.216333
-0.140934 -0.964879 0.359497
-0.107515 -0.937886 0.040749
-0.128493 -0.937876 0.027776
-0.146162 -0.972879 0.102391
-0.154385 -0.941060 0.873833
-0.158707 -0.956066 0.533637
-0.162054 -0.969052 0.192464
-0.157803 -0.947647 0.498733
-0.113913 -0.963368 0.330476
-0.145385 -0.950897 0.019644
-0.160387 -0.964400 0.729555
-0.161882 -0.964782 0.338524
-0.133671 -0.959694 0.515559
-0.114299 -0.938963 0.126750
-0.136132 -0.966951 0.113448
-0.160498 -0.950921 0.688711
-0.166084 -0.974114 0.110403
-0.147659 -0.955921 0.526623
-0.135364 -0.964054 0.713523
-0.134414 -0.951263 0.731674
-0.134683 -0.947956 0.536700
-0.149333 -0.964291 0.725540
-0.116662 -0.947028 0.552687
-0.116393 -0.949371 0.750673
-0.121585 -0.961476 0.502519
-0.153289 -0.948905 0.014676
-0.169245 -0.954093 0.021637
-0.139085 -0.956416 0.909631
-0.143859 -0.976105 0.205355
-0.121371 -0.936566 0.003778
-0.122326 -0.959783 0.696554
-0.142710 -0.963115 0.375519
-0.154188 -0.944862 0.094731
-0.143880 -0.964406 0.230495
-0.151185 -0.938407 0.901860
-0.124689 -0.961188 0.391518
-0.155567 -0.951947 0.522679
-0.143269 -0.944822 0.012710
-0.127783 -0.971528 0.249390
-0.155319 -0.951210 0.713701
-0.157919 -0.957325 0.215597
-0.174841 -0.966567 0.226511
-0.147011 -0.966772 0.090461
-0.175657 -0.962272 0.369573
-0.130958 -0.973504 0.076358
-0.148634 -0.968857 0.349456
-0.131765 -0.979861 0.190292
-0.173191 -0.937737 0.072839
-0.127019 -0.954190 0.895639
-0.161660 -0.961041 0.357567
-0.175248 -0.941840 -0.004213
-0.128225 -0.936076 0.041795
-0.162638 -0.962085 0.360556
-0.165731 -0.975386 0.215392
-0.168835 -0.976083 0.103380
-0.154011 -0.964085 0.027496
-0.180377 -0.959309 0.537625
-0.180113 -0.961597 0.730612
-0.176060 -0.941268 0.873857
-0.184735 -0.970247 0.192477
-0.179492 -0.946844 0.498769
-0.168045 -0.956087 0.019610
-0.136591 -0.962594 0.332511
-0.138783 -0.972223 0.131386
-0.154383 -0.956896 0.516616
-0.184567 -0.963982 0.338561
-0.169318 -0.961175 0.531587
-0.187804 -0.970288 0.109474
-0.158811 -0.968145 0.113460
-0.183156 -0.953155 0.690713
-0.157032 -0.966314 0.718523
-0.136096 -0.949581 0.752695
-0.155104 -0.951494 0.734697
-0.155373 -0.949169 0.538711
-0.137344 -0.949253 0.555686
-0.170053 -0.959487 0.725622
-0.163410 -0.964311 0.376530
-0.176920 -0.958101 0.014596
-0.192897 -0.959290 0.021605
-0.143314 -0.952665 0.501649
-0.164629 -0.963278 0.204531
-0.145395 -0.960385 0.392552
-0.144966 -0.964076 0.703530
-0.144976 -0.948775 0.004662
-0.176850 -0.949055 0.094709
-0.172842 -0.941662 0.905849
-0.166547 -0.967614 0.231484
-0.164944 -0.949016 0.013687
-0.149477 -0.971730 0.250413
-0.177263 -0.950133 0.521727
-0.176993 -0.952448 0.716713
-0.180585 -0.960544 0.217586
-0.198487 -0.972793 0.228466
-0.169687 -0.968976 0.091462
-0.198316 -0.967494 0.371539
-0.153625 -0.977707 0.077335
-0.170344 -0.965063 0.350528
-0.153490 -0.974062 0.191386
-0.183362 -0.959234 0.357615
-0.184325 -0.963300 0.362568
-0.149659 -0.956514 0.904640
-0.202644 -0.971985 0.073470
-0.184541 -0.959519 0.212603
-0.149907 -0.937272 0.042807
-0.198896 -0.948012 -0.006256
-0.201085 -0.958509 0.538661
-0.201784 -0.964844 0.734601
-0.192482 -0.983293 0.104323
-0.173800 -0.949257 0.027696
-0.198707 -0.944529 0.877848
-0.203130 -0.952092 0.501737
-0.208406 -0.971451 0.192492
-0.187830 -0.941260 0.019810
-0.159245 -0.966841 0.336489
-0.155699 -0.939345 0.128796
-0.176076 -0.955118 0.518664
-0.155809 -0.947804 0.755740
-0.179541 -0.964324 0.113531
-0.191001 -0.962407 0.534600
-0.208224 -0.967201 0.339553
-0.157051 -0.949470 0.558708
-0.175797 -0.951712 0.736720
-0.210495 -0.970482 0.109500
-0.178719 -0.965565 0.722558
-0.176085 -0.946360 0.538770
-0.190755 -0.958704 0.727657
-0.204851 -0.951346 0.689762
-0.151769 -0.915841 0.929127
-0.184140 -0.959485 0.375614
-0.198630 -0.956273 0.013646
-0.166100 -0.960582 0.393577
-0.187294 -0.967508 0.207511
-0.216557 -0.964475 0.020574
-0.165958 -0.957939 0.507616
-0.193537 -0.940883 0.907886
-0.167631 -0.954977 0.005618
-0.185355 -0.951748 0.228697
-0.169224 -0.966904 0.250496
-0.198552 -0.948241 0.094747
-0.166672 -0.959303 0.705615
-0.199916 -0.955383 0.525695
-0.204219 -0.969780 0.220508
-0.188598 -0.953214 0.013669
-0.198694 -0.949638 0.715776
-0.219243 -0.962964 0.227611
-0.192375 -0.969181 0.092490
-0.220019 -0.966708 0.373578
-0.176322 -0.975924 0.079386
-0.192057 -0.961267 0.351602
-0.206021 -0.963514 0.364596
-0.176175 -0.974281 0.193413
-0.205062 -0.958437 0.358654
-0.176397 -0.969498 0.043460
-0.169437 -0.942637 0.898831
-0.226321 -0.974172 0.072476
-0.208202 -0.962734 0.213597
-0.222559 -0.952197 -0.007273
-0.222500 -0.963046 0.735651
-0.222776 -0.959727 0.540677
-0.213248 -0.972461 0.103481
-0.197444 -0.956466 0.028643
-0.174539 -0.947001 0.757776
-0.221375 -0.945776 0.880866
-0.209521 -0.943441 0.019815
-0.177749 -0.950680 0.560723
-0.183169 -0.972626 0.133439
-0.212695 -0.962635 0.537628
-0.224850 -0.946264 0.499837
-0.230145 -0.963616 0.190616
-0.202218 -0.967527 0.114525
-0.181936 -0.965063 0.338542
-0.195544 -0.944872 0.734830
-0.198747 -0.956379 0.523682
-0.197760 -0.949600 0.542763
-0.234161 -0.975678 0.109472
-0.200414 -0.964798 0.725599
-0.229956 -0.960369 0.337665
-0.213413 -0.962991 0.734639
-0.227535 -0.950563 0.690804
-0.210311 -0.935079 0.910980
-0.186821 -0.957777 0.394639
-0.206816 -0.961705 0.377620
-0.222291 -0.961468 0.013618
-0.188355 -0.952175 0.007681
-0.209017 -0.962696 0.207599
-0.214248 -0.938078 0.907950
-0.235370 -0.945640 0.020825
-0.209964 -0.964001 0.232586
-0.189006 -0.954055 0.248676
-0.188638 -0.957177 0.510658
-0.188357 -0.959560 0.710643
-0.227056 -0.977491 0.096440
-0.220641 -0.951569 0.525771
-0.220380 -0.950870 0.718792
-0.210304 -0.952408 0.014709
-0.225940 -0.965967 0.220584
-0.241723 -0.966908 0.374607
-0.243875 -0.973192 0.229524
-0.215060 -0.971382 0.093495
-0.215699 -0.968528 0.356549
-0.199013 -0.976138 0.081415
-0.227730 -0.961715 0.365648
-0.227745 -0.959645 0.359673
-0.196931 -0.964474 0.194560
-0.199085 -0.970699 0.044478
-0.249995 -0.978367 0.072460
-0.230879 -0.966937 0.214580
-0.244196 -0.963278 0.738680
-0.244479 -0.958942 0.542718
-0.247211 -0.958374 -0.009311
-0.194261 -0.945207 0.759826
-0.222063 -0.969665 0.028521
-0.236921 -0.975670 0.104476
-0.239133 -0.932224 0.904055
-0.197474 -0.948881 0.562773
-0.204874 -0.972822 0.134467
-0.244060 -0.943986 0.880920
-0.217218 -0.948127 0.739823
-0.221400 -0.962659 0.530640
-0.234404 -0.959853 0.539693
-0.218476 -0.947785 0.542814
-0.234167 -0.948644 0.019789
-0.202676 -0.958258 0.339653
-0.223947 -0.961712 0.114625
-0.235109 -0.962235 0.738680
-0.248513 -0.948494 0.501845
-0.253830 -0.962816 0.190660
-0.223086 -0.966074 0.731616
-0.256871 -0.972869 0.109538
-0.253623 -0.963594 0.339661
-0.251205 -0.949800 0.692848
-0.231983 -0.937362 0.917985
-0.208505 -0.961000 0.397632
-0.228521 -0.960906 0.378660
-0.232663 -0.970940 0.211535
-0.212000 -0.960381 0.008617
-0.244018 -0.956639 0.012707
-0.234959 -0.935284 0.909014
-0.232637 -0.969216 0.234557
-0.212630 -0.966300 0.252565
-0.260989 -0.957835 0.019717
-0.248784 -0.973662 0.095517
-0.211310 -0.958449 0.516676
-0.211039 -0.957826 0.715697
-0.248626 -0.968182 0.222591
-0.242353 -0.947762 0.525848
-0.241107 -0.946049 0.717880
-0.262461 -0.962089 0.374694
-0.264619 -0.967371 0.229624
-0.232021 -0.948602 0.015786
-0.238735 -0.973603 0.095503
-0.236436 -0.962722 0.357649
-0.249442 -0.958928 0.367713
-0.222683 -0.979358 0.083411
-0.250433 -0.960852 0.360691
-0.222741 -0.977905 0.045426
-0.219616 -0.965690 0.196578
-0.265890 -0.964531 0.743697
-0.267159 -0.961188 0.546724
-0.272718 -0.972546 0.071562
-0.253589 -0.963119 0.213658
-0.215918 -0.951508 0.768784
-0.269923 -0.954551 -0.010232
-0.218174 -0.950112 0.566789
-0.262750 -0.942601 0.917967
-0.242811 -0.962840 0.028633
-0.258646 -0.971865 0.105553
-0.229870 -0.920450 0.923186
-0.226590 -0.971005 0.134520
-0.238900 -0.950382 0.744828
-0.256103 -0.960079 0.542722
-0.265756 -0.943209 0.882962
-0.241133 -0.954054 0.548773
-0.246629 -0.965900 0.114608
-0.244086 -0.962895 0.533671
-0.256806 -0.962478 0.742709
-0.257836 -0.952838 0.019773
-0.242839 -0.958257 0.731739
-0.226335 -0.961509 0.343648
-0.277504 -0.967025 0.191644
-0.279578 -0.972058 0.109581
-0.271207 -0.946706 0.502901
-0.278290 -0.964816 0.340683
-0.252681 -0.937613 0.923014
-0.229226 -0.959193 0.398684
-0.273897 -0.948016 0.693903
-0.249252 -0.957087 0.378737
-0.233362 -0.962491 0.253640
-0.253732 -0.924382 0.902172
-0.256342 -0.972163 0.213555
-0.254364 -0.964390 0.233646
-0.268680 -0.960828 0.011693
-0.234703 -0.957582 0.009683
-0.272474 -0.973858 0.095549
-0.286637 -0.964030 0.018681
-0.233991 -0.958696 0.520706
-0.265031 -0.949996 0.528855
-0.285156 -0.962307 0.376725
-0.270352 -0.963380 0.223680
-0.233714 -0.958102 0.721727
-0.263783 -0.947299 0.721900
-0.288306 -0.967582 0.230656
-0.258614 -0.964814 0.015631
-0.262416 -0.975810 0.096511
-0.258157 -0.957924 0.358738
-0.273111 -0.962165 0.370710
-0.287601 -0.962738 0.744751
-0.243276 -0.970935 0.200550
-0.235646 -0.948725 0.771846
-0.241552 -0.960081 0.046666
-0.245391 -0.976572 0.085477
-0.288868 -0.960402 0.548766
-0.273137 -0.958048 0.360758
-0.234472 -0.942504 0.920930
-0.276294 -0.961311 0.213713
-0.296419 -0.970730 0.070619
-0.282489 -0.937774 0.917055
-0.239860 -0.952351 0.570794
-0.293609 -0.956732 -0.011223
-0.269420 -0.976053 0.028514
-0.280380 -0.966048 0.105655
-0.260578 -0.954658 0.751810
-0.250260 -0.975224 0.136504
-0.280456 -0.968792 0.751669
-0.278796 -0.959314 0.545765
-0.262846 -0.950259 0.549851
-0.281509 -0.958030 0.019746
-0.288445 -0.941429 0.884018
-0.266776 -0.962141 0.537714
-0.270312 -0.967108 0.115629
-0.266499 -0.960551 0.738747
-0.249029 -0.959740 0.346703
-0.301204 -0.964212 0.190713
-0.303280 -0.969255 0.109650
-0.272418 -0.931799 0.923113
-0.294886 -0.945937 0.504946
-0.300021 -0.958992 0.339785
-0.250927 -0.959416 0.401714
-0.271936 -0.959317 0.381744
-0.262374 -0.931731 0.922100
-0.298552 -0.950281 0.697913
-0.256048 -0.964706 0.255647
-0.275414 -0.925640 0.907191
-0.255436 -0.953779 0.011760
-0.277061 -0.964605 0.235677
-0.290407 -0.957008 0.011771
-0.278075 -0.965361 0.214668
-0.294213 -0.967029 0.094663
-0.305433 -0.949180 0.017887
-0.306879 -0.958507 0.377804
-0.287439 -0.951591 0.728884
-0.277403 -0.951987 0.016813
-0.288702 -0.952237 0.531864
-0.257657 -0.959974 0.526726
-0.294039 -0.963590 0.224713
-0.258343 -0.963463 0.733701
-0.312977 -0.970810 0.232655
-0.285128 -0.973011 0.097578
-0.256348 -0.949971 0.776863
-0.310289 -0.963999 0.749770
-0.281823 -0.962183 0.363723
-0.295807 -0.962394 0.373741
-0.267118 -0.972766 0.086555
-0.269130 -0.978311 0.047488
-0.312543 -0.962666 0.553775
-0.295835 -0.957266 0.362802
-0.265011 -0.963134 0.201676
-0.261547 -0.955600 0.575788
-0.298997 -0.960513 0.214757
-0.320121 -0.969912 0.069664
-0.315344 -0.950899 -0.012121
-0.304069 -0.967254 0.106676
-0.281314 -0.947837 0.750923
-0.285290 -0.949197 0.028860
-0.283564 -0.949464 0.551892
-0.271015 -0.966402 0.136641
-0.301189 -0.964004 0.753758
-0.302465 -0.962589 0.551762
-0.288487 -0.959380 0.541780
-0.293997 -0.969315 0.116637
-0.303246 -0.950212 0.019873
-0.290156 -0.964866 0.747731
-0.272696 -0.963000 0.351700
-0.298005 -0.945250 0.941992
-0.325997 -0.966443 0.109718
-0.271652 -0.957608 0.402767
-0.324904 -0.962410 0.190770
-0.319549 -0.948184 0.507957
-0.326655 -0.966249 0.342738
-0.295613 -0.961553 0.384753
-0.285033 -0.935068 0.933095
-0.277765 -0.962902 0.256702
-0.323206 -0.954567 0.703900
-0.296127 -0.922856 0.909256
-0.298784 -0.961789 0.235744
-0.301754 -0.968593 0.217665
-0.277161 -0.948971 0.012850
-0.311162 -0.948170 0.010909
-0.318886 -0.971241 0.095649
-0.331544 -0.962761 0.381790
-0.329132 -0.947374 0.017945
-0.317724 -0.965822 0.227722
-0.313357 -0.956508 0.536851
-0.335691 -0.969012 0.233711
-0.299132 -0.946180 0.017916
-0.312092 -0.954879 0.734883
-0.276080 -0.947186 0.779926
-0.281329 -0.960252 0.532759
-0.331999 -0.963251 0.754813
-0.306860 -0.968204 0.098669
-0.282991 -0.965789 0.742710
-0.332300 -0.955841 0.553887
-0.320473 -0.965649 0.377740
-0.305507 -0.962420 0.366756
-0.282267 -0.953818 0.578841
-0.289884 -0.970497 0.048613
-0.290805 -0.973984 0.088576
-0.319518 -0.959489 0.364811
-0.288690 -0.965366 0.204685
-0.323670 -0.963728 0.215756
-0.305945 -0.956193 0.762861
-0.337944 -0.949046 0.067942
-0.345919 -0.970099 -0.015305
-0.326788 -0.963443 0.106756
-0.292735 -0.964594 0.137695
-0.310938 -0.956402 0.028812
-0.308210 -0.955758 0.558854
-0.325840 -0.969326 0.762732
-0.324182 -0.959815 0.554829
-0.316711 -0.967502 0.116694
-0.314123 -0.965694 0.549743
-0.326938 -0.951404 0.019895
-0.313832 -0.965160 0.754764
-0.319711 -0.942497 0.946059
-0.294343 -0.958837 0.405786
-0.333839 -0.934869 0.886167
-0.295399 -0.960231 0.354768
-0.349701 -0.965637 0.109764
-0.348613 -0.957608 0.190865
-0.317334 -0.958751 0.385820
-0.347164 -0.956499 0.514900
-0.349379 -0.959444 0.342855
-0.300464 -0.963116 0.258733
-0.319786 -0.925153 0.916266
-0.347877 -0.954831 0.707935
-0.323458 -0.964017 0.237755
-0.301822 -0.954194 0.014825
-0.324473 -0.963796 0.218758
-0.335840 -0.950368 0.010920
-0.298744 -0.952505 0.789898
-0.342595 -0.968424 0.094719
-0.354262 -0.957968 0.382883
-0.355780 -0.955572 0.016887
-0.342402 -0.968049 0.229734
-0.335770 -0.956147 0.739904
-0.352741 -0.957438 0.754915
-0.323803 -0.950378 0.017903
-0.358415 -0.964202 0.233803
-0.337045 -0.955748 0.539896
-0.305001 -0.962528 0.538768
-0.304711 -0.960022 0.745813
-0.331541 -0.969429 0.100692
-0.302994 -0.951025 0.580907
-0.355986 -0.957104 0.558909
-0.342202 -0.960860 0.379831
-0.311618 -0.965677 0.048704
-0.351501 -0.947690 0.942044
-0.328218 -0.958639 0.368837
-0.312542 -0.967189 0.090690
-0.312376 -0.966598 0.207706
-0.343217 -0.956702 0.365882
-0.328631 -0.958464 0.768869
-0.348355 -0.963944 0.216791
-0.331687 -0.949575 0.028926
-0.349506 -0.960642 0.107825
-0.331890 -0.958009 0.562864
-0.368531 -0.964284 0.067806
-0.317407 -0.967819 0.139694
-0.371605 -0.970292 -0.016268
-0.348548 -0.965576 0.766813
-0.347870 -0.960066 0.558863
-0.336827 -0.963938 0.553800
-0.315073 -0.957038 0.407840
-0.340415 -0.965697 0.116752
-0.337508 -0.966463 0.762786
-0.352605 -0.955609 0.019884
-0.319084 -0.960479 0.358801
-0.374395 -0.965837 0.109799
-0.341023 -0.959974 0.387842
-0.321207 -0.958292 0.258823
-0.374285 -0.960828 0.191866
-0.374070 -0.957663 0.343915
-0.373815 -0.958772 0.518914
-0.340508 -0.920368 0.918357
-0.318480 -0.949731 0.793962
-0.345191 -0.959200 0.237846
-0.348165 -0.965027 0.221780
-0.321590 -0.943372 0.015986
-0.373538 -0.956113 0.712960
-0.362493 -0.957566 0.009875
-0.378941 -0.961220 0.386883
-0.377410 -0.960734 0.761914
-0.359453 -0.957425 0.745926
-0.324694 -0.953283 0.586914
-0.381138 -0.960404 0.234885
-0.367292 -0.966625 0.094779
-0.367091 -0.968276 0.231769
-0.359757 -0.952956 0.540966
-0.385398 -0.965791 0.015810
-0.345539 -0.942570 0.019032
-0.329671 -0.962812 0.544803
-0.354262 -0.966628 0.101761
-0.379681 -0.957342 0.561944
-0.371254 -0.940860 0.941158
-0.365897 -0.961094 0.382865
-0.330345 -0.965387 0.757789
-0.332371 -0.957862 0.049831
-0.352891 -0.960904 0.373848
-0.334280 -0.960383 0.091806
-0.365931 -0.954906 0.366939
-0.349365 -0.954674 0.770947
-0.336073 -0.964831 0.210764
-0.372059 -0.963151 0.217838
-0.353610 -0.955234 0.565932
-0.339140 -0.964000 0.139774
-0.370575 -0.959321 0.563908
-0.357355 -0.953779 0.028915
-0.371253 -0.963836 0.771870
-0.391262 -0.959458 0.066900
-0.375181 -0.962860 0.108838
-0.396312 -0.967478 -0.017196
-0.336794 -0.954248 0.409908
-0.363138 -0.961884 0.116833
-0.361506 -0.963210 0.558847
-0.361195 -0.965755 0.769832
-0.378283 -0.957813 0.019897
-0.378259 -0.926297 0.888342
-0.343758 -0.961745 0.363825
-0.398114 -0.961031 0.109895
-0.362755 -0.955172 0.388934
-0.344899 -0.959512 0.260846
-0.341163 -0.953025 0.801959
-0.400957 -0.962044 0.191893
-0.369873 -0.962425 0.239846
-0.398507 -0.957006 0.520975
-0.400736 -0.958907 0.345942
-0.348228 -0.952606 0.017917
-0.399206 -0.957394 0.717986
-0.372858 -0.963255 0.223840
-0.403632 -0.961461 0.389919
-0.390143 -0.964770 0.008831
-0.401104 -0.961011 0.767949
-0.346413 -0.950497 0.588982
-0.383149 -0.955669 0.748986
-0.388833 -0.961471 0.232886
-0.390022 -0.961811 0.094873
-0.405836 -0.959618 0.235934
-0.384435 -0.954225 0.545990
-0.378089 -0.966828 0.019789
-0.408133 -0.960963 0.014904
-0.377973 -0.963833 0.102832
-0.353361 -0.961088 0.550862
-0.404367 -0.956612 0.566992
-0.388617 -0.957310 0.384947
-0.375605 -0.959131 0.376905
-0.359021 -0.965084 0.050785
-0.353054 -0.959651 0.762894
-0.357975 -0.961610 0.094829
-0.372071 -0.951923 0.775017
-0.390621 -0.954136 0.368988
-0.360757 -0.966069 0.213788
-0.396759 -0.961354 0.217899
-0.376323 -0.952454 0.568002
-0.392981 -0.960064 0.774950
-0.362841 -0.964216 0.141808
-0.393295 -0.954542 0.566002
-0.387952 -0.968027 0.029791
-0.398898 -0.959054 0.108922
-0.359500 -0.953476 0.412953
-0.418925 -0.962676 0.066905
-0.422010 -0.967656 -0.019157
-0.386850 -0.959089 0.117904
-0.384221 -0.959454 0.562929
-0.384888 -0.964047 0.776890
-0.404951 -0.963022 0.019877
-0.387435 -0.958424 0.392934
-0.368593 -0.961742 0.263856
-0.424788 -0.964254 0.110898
-0.399002 -0.916454 0.885495
-0.357970 -0.940136 0.798141
-0.365495 -0.952958 0.365966
-0.427633 -0.964270 0.192909
-0.395552 -0.963658 0.241872
-0.424187 -0.957269 0.525013
-0.371072 -0.957810 0.597933
-0.375869 -0.960834 0.018861
-0.397549 -0.964492 0.226864
-0.425788 -0.962307 0.774973
-0.426426 -0.957131 0.347005
-0.427345 -0.959682 0.391979
-0.414853 -0.961956 0.007904
-0.421936 -0.948584 0.717129
-0.414516 -0.962715 0.235912
-0.407833 -0.954942 0.754034
-0.431523 -0.960849 0.237960
-0.410107 -0.956500 0.551004
-0.415713 -0.962016 0.094912
-0.400823 -0.961013 0.019896
-0.430039 -0.960908 0.573982
-0.401684 -0.962049 0.104891
-0.434819 -0.961161 0.013945
-0.415276 -0.961600 0.390938
-0.377060 -0.957353 0.555945
-0.382731 -0.963287 0.051844
-0.393792 -0.949162 0.779086
-0.401278 -0.960403 0.381931
-0.378705 -0.963004 0.773895
-0.382668 -0.961833 0.096865
-0.383478 -0.962293 0.216870
-0.416300 -0.955383 0.372014
-0.402967 -0.959782 0.576956
-0.420475 -0.958560 0.218971
-0.420609 -0.967464 0.788905
-0.385569 -0.959403 0.141903
-0.418961 -0.958851 0.573991
-0.383192 -0.956720 0.416952
-0.410688 -0.962211 0.029898
-0.424585 -0.960282 0.110948
-0.442654 -0.956856 0.066013
-0.409885 -0.963776 0.571918
-0.412533 -0.962305 0.118907
-0.408582 -0.963349 0.784938
-0.429661 -0.961218 0.019938
-0.391312 -0.959953 0.265914
-0.384585 -0.951563 0.815047
-0.411145 -0.955646 0.395006
-0.390176 -0.955221 0.370978
-0.447531 -0.956429 0.110030
-0.429575 -0.928938 0.904395
-0.417296 -0.958838 0.241966
-0.391812 -0.954026 0.601012
-0.453335 -0.960479 0.192996
-0.401549 -0.964060 0.020863
-0.448513 -0.957542 0.778068
-0.421265 -0.960711 0.228948
-0.449878 -0.954509 0.527089
-0.452118 -0.956365 0.349056
-0.454021 -0.960947 0.396007
-0.440551 -0.961158 0.007956
-0.437250 -0.956915 0.237019
-0.455248 -0.956056 0.239057
-0.430556 -0.949167 0.756142
-0.450571 -0.952932 0.726124
-0.442395 -0.964227 0.094928
-0.435788 -0.956763 0.555043
-0.455725 -0.961183 0.579021
-0.427502 -0.962235 0.020924
-0.425404 -0.958253 0.105976
-0.439976 -0.960852 0.394988
-0.419450 -0.954511 0.790063
-0.401741 -0.957646 0.562982
-0.406449 -0.959490 0.052928
-0.403381 -0.963338 0.783932
-0.407366 -0.961055 0.098914
-0.427944 -0.962694 0.387947
-0.409159 -0.963537 0.219896
-0.426671 -0.959042 0.582004
-0.443959 -0.958655 0.376019
-0.443333 -0.962712 0.793000
-0.410264 -0.960625 0.143928
-0.405910 -0.953947 0.420023
-0.448141 -0.961804 0.220976
-0.446611 -0.963188 0.582984
-0.437369 -0.965419 0.029902
-0.450283 -0.959499 0.111999
-0.436256 -0.958497 0.118991
-0.435565 -0.964063 0.577957
-0.435235 -0.966719 0.796941
-0.408270 -0.953888 0.825058
-0.416008 -0.961177 0.267940
-0.434855 -0.954878 0.398054
-0.417822 -0.959530 0.377971
-0.416495 -0.956306 0.607025
-0.443972 -0.961087 0.244982
-0.477151 -0.963936 0.791038
-0.425270 -0.960262 0.021947
-0.477067 -0.953673 0.193118
-0.446955 -0.960966 0.232987
-0.478732 -0.957188 0.399094
-0.478531 -0.956816 0.533108
-0.479793 -0.955626 0.352111
-0.457217 -0.952500 0.765146
-0.467878 -0.966201 0.240956
-0.466126 -0.959417 0.095025
-0.461478 -0.955027 0.559106
-0.478232 -0.954249 0.733154
-0.449256 -0.953424 0.022067
-0.451099 -0.958480 0.108015
-0.444140 -0.953796 0.796113
-0.467642 -0.963136 0.400005
-0.431152 -0.960697 0.053954
-0.430368 -0.965012 0.573939
-0.452646 -0.961944 0.391997
-0.433056 -0.961296 0.101953
-0.428068 -0.960662 0.793005
-0.450382 -0.957290 0.586064
-0.427646 -0.951153 0.422092
-0.434847 -0.963792 0.223935
-0.471626 -0.962925 0.380013
-0.467046 -0.958978 0.798085
-0.433984 -0.957828 0.145000
-0.471314 -0.961455 0.588046
-0.472856 -0.959016 0.222051
-0.430979 -0.954168 0.832092
-0.458946 -0.962998 0.803025
-0.460265 -0.961344 0.584031
-0.461956 -0.957713 0.120043
-0.439726 -0.957396 0.270025
-0.460544 -0.955136 0.402094
-0.440197 -0.956589 0.614061
-0.442522 -0.956795 0.383045
-0.471644 -0.964343 0.247988
-0.499886 -0.958169 0.794147
-0.449983 -0.957470 0.023022
-0.472654 -0.959209 0.236051
-0.482903 -0.952801 0.772185
-0.503249 -0.951036 0.534220
-0.471787 -0.959184 0.809094
-0.489144 -0.957338 0.566124
-0.504914 -0.952547 0.739220
-0.457839 -0.961918 0.054983
-0.452834 -0.950472 0.103118
-0.453097 -0.958256 0.578059
-0.477356 -0.958197 0.396084
-0.479028 -0.963631 0.595035
-0.454315 -0.955441 0.428084
-0.493715 -0.962345 0.810089
-0.454729 -0.961022 0.804046
-0.459556 -0.962027 0.226997
-0.459680 -0.958056 0.147040
-0.496345 -0.957154 0.382125
-0.452706 -0.952441 0.839150
-0.493065 -0.952667 0.590190
-0.484629 -0.962337 0.813077
-0.463446 -0.956611 0.272073
-0.488914 -0.965710 0.595026
-0.489202 -0.960424 0.407077
-0.464894 -0.957867 0.620087
-0.471169 -0.963119 0.391016
-0.494389 -0.958528 0.248097
-0.508814 -0.927071 0.777542
-0.512528 -0.936008 0.934450
-0.493532 -0.953409 0.812201
-0.511556 -0.955160 0.782205
-0.517808 -0.960654 0.573132
-0.480007 -0.956709 0.433112
-0.504729 -0.961892 0.599100
-0.517440 -0.955600 0.814212
-0.478440 -0.955326 0.812156
-0.484397 -0.956264 0.148103
-0.477398 -0.952760 0.848188
-0.489147 -0.956853 0.275114
-0.512934 -0.955644 0.409175
-0.488610 -0.956138 0.626148
-0.538457 -0.932458 0.789527
-0.520210 -0.954753 0.822230
-0.504719 -0.956957 0.437151
-0.528459 -0.957140 0.603198
-0.534257 -0.938710 0.810448
-0.501110 -0.951060 0.856250
-0.514305 -0.958445 0.634164
-0.575024 -0.949034 0.813389
-0.555073 -0.934541 0.782535
-0.522857 -0.946317 0.862348
-0.561939 -0.940068 0.821482
-0.520949 -0.934774 0.818484
-0.532116 -0.944575 0.632369
-0.600747 -0.945315 0.819483
-0.555830 -0.923977 0.814675
-0.548559 -0.947657 0.873380
-0.581777 -0.931842 0.789619
-0.595910 -0.909308 0.737915
-0.579564 -0.919245 0.820779
-0.608488 -0.928130 0.795715
-0.562473 -0.911230 0.826855
-0.616155 -0.931790 0.842693
-0.632235 -0.919374 0.799869
-0.603992 -0.931942 0.859677
