# .PCD v0.7 - Point Cloud Data file format
VERSION 0.7
FIELDS x y z
SIZE 4 4 4
TYPE F F F
COUNT 1 1 1
WIDTH 3837
HEIGHT 1
VIEWPOINT 0 0 0 1
POINTS 3837
DATA ascii
-25.124945 47.779678 -9.789331
-25.135881 47.786461 -9.821278
-24.871603 47.692547 -9.499823
-24.968098 47.694012 -9.283877
-24.948971 47.702282 -9.392735
-25.071106 47.699104 -8.974258
-25.048971 47.715481 -9.122458
-25.110510 47.781544 -9.806808
-24.782934 47.696213 -9.725815
-24.793440 47.697292 -9.695203
-24.773628 47.716564 -9.520185
-25.227295 47.801865 -9.613385
-24.730463 47.715908 -9.574319
-24.715378 47.714962 -9.587831
-25.053555 47.698280 -9.008079
-24.727367 47.706528 -9.432262
-25.119802 47.714035 -8.588880
-24.816427 47.720234 -9.333701
-24.828671 47.711861 -9.233652
-25.159237 47.813915 -9.716958
-25.466854 47.723736 -8.526704
-25.178675 47.700516 -8.636537
-24.918633 47.711910 -8.937370
-25.069426 47.735924 -8.755162
-24.905300 47.730366 -9.075568
-25.129499 47.804867 -9.936289
-25.053190 47.689827 -9.055225
-24.874924 47.710224 -9.296493
-25.456678 47.882000 -9.831475
-24.917559 47.695244 -9.368335
-25.004526 47.785881 -9.979627
-25.025663 47.789909 -9.940000
-25.125551 47.733738 -8.837874
-24.713079 47.718304 -9.584583
-24.641905 47.729916 -9.452409
-24.647243 47.714470 -9.644783
-24.672968 47.720127 -9.626831
-24.772385 47.721981 -9.401131
-25.154190 47.707542 -8.680482
-24.900894 47.730766 -9.149116
-24.584356 47.724499 -9.496577
-24.578249 47.724964 -9.512593
-25.114431 47.824146 -9.776325
-24.919825 47.719040 -8.973363
-24.981289 47.727928 -8.575191
-24.609474 47.723503 -9.377518
-24.697138 47.737144 -9.281611
-24.702026 47.726871 -9.186680
-24.665155 47.715088 -9.464331
-25.049084 47.721134 -8.619819
-24.791193 47.726105 -8.906910
-24.935556 47.748272 -8.728048
-24.898834 47.725075 -9.221446
-24.778513 47.744160 -9.033007
-25.230658 47.831234 -9.834484
-25.039330 47.802315 -10.015557
-24.910578 47.709400 -9.013536
-24.668438 47.719780 -9.657326
-24.727715 47.721848 -9.238597
-25.162077 47.744732 -8.425628
-25.184460 47.872116 -9.693617
-24.656740 47.694107 -9.869872
-24.768887 47.711224 -9.305268
-24.589512 47.711021 -9.709363
-24.682442 47.698135 -9.825865
-24.974810 47.746296 -8.804145
-24.616840 47.718094 -9.682125
-25.015425 47.737183 -8.880740
-24.581928 47.731907 -9.511457
-24.526194 47.744007 -9.393078
-24.518785 47.727093 -9.568524
-24.526445 47.727039 -9.543163
-24.653196 47.739117 -9.344574
-24.830843 47.708759 -9.387686
-24.471758 47.738403 -9.437748
-25.121624 47.713871 -8.726981
-24.467518 47.739845 -9.452514
-24.759829 47.742676 -9.098983
-24.598854 47.713936 -9.493947
-24.770735 47.726803 -8.933581
-24.843876 47.736778 -8.560805
-24.586344 47.739079 -9.144264
-24.581705 47.750809 -9.230326
-24.888958 47.724548 -9.298906
-24.494972 47.737206 -9.324462
-25.057161 47.733662 -8.964923
-24.693977 47.712421 -9.620971
-24.934986 47.713402 -9.067340
-24.542801 47.729645 -9.402642
-24.659456 47.734566 -8.875154
-24.807358 47.758228 -8.702719
-24.655994 47.754608 -8.992595
-24.748005 47.735867 -9.163877
-25.219957 47.748676 -8.581921
-24.772078 47.722641 -8.973827
-24.605957 47.735653 -9.190764
-24.524357 47.729687 -9.571632
-24.691296 47.723900 -9.539638
-24.940027 47.760742 -8.338551
-24.591253 47.719398 -9.720848
-24.608955 47.735207 -9.404931
-24.649252 47.730106 -9.254173
-24.836020 47.757084 -8.773262
-24.459860 47.724033 -9.626830
-24.521719 47.711960 -9.776732
-24.540621 47.713463 -9.730205
-24.473173 47.726139 -9.593204
-24.856487 47.745369 -8.842566
-24.468967 47.746017 -9.449047
-24.417400 47.754555 -9.337283
-24.408106 47.741199 -9.503923
-24.534700 47.752197 -9.288264
-24.412601 47.740337 -9.478005
-24.365715 47.749851 -9.381166
-24.353319 47.747044 -9.389257
-24.845345 47.727863 -8.634995
-24.697962 47.727802 -9.327357
-24.634298 47.753540 -9.053601
-24.965403 47.726383 -8.699395
-24.712597 47.743259 -8.547318
-24.651766 47.739624 -8.901883
-24.476334 47.748894 -9.103632
-24.469086 47.759178 -9.181499
-24.484240 47.731068 -9.433010
-24.396883 47.750675 -9.278905
-24.746069 47.741020 -9.240020
-24.434580 47.743088 -9.348358
-24.785894 47.726589 -9.019788
-24.773218 47.742222 -8.584937
-24.901802 47.748878 -8.923176
-24.544144 47.722725 -9.533382
-24.563747 47.749802 -8.851245
-24.700294 47.770943 -8.680676
-24.986269 47.768120 -8.478592
-24.549059 47.765011 -8.956988
-24.626783 47.751575 -9.117507
-25.043777 47.757927 -8.559565
-24.500666 47.749340 -9.148202
-24.900152 47.771450 -8.403897
-24.644701 47.735180 -8.936562
-24.412848 47.743980 -9.504334
-24.557467 47.737595 -9.467351
-24.471575 47.736633 -9.643679
-24.486982 47.747795 -9.342251
-24.524282 47.740334 -9.201152
-24.710995 47.766964 -8.746204
-24.350632 47.738323 -9.557343
-24.362961 47.739388 -9.525428
-24.399385 47.726753 -9.691313
-24.417776 47.728119 -9.647902
-24.730890 47.759544 -8.810806
-24.354359 47.753311 -9.384442
-24.320610 47.765217 -9.286676
-24.301229 47.751064 -9.440070
-24.420424 47.760937 -9.234049
-24.313828 47.753452 -9.420770
-24.255594 47.755894 -9.335845
-24.266174 47.758724 -9.329061
-24.617908 47.756767 -8.536329
-24.720705 47.739307 -8.616092
-24.528040 47.767071 -9.015047
-24.543917 47.751747 -8.872622
-24.375681 47.759033 -9.066803
-24.820253 47.737198 -8.674196
-24.562916 47.738998 -9.265663
-24.367174 47.767830 -9.136052
-24.297663 47.759228 -9.232611
-24.376955 47.743675 -9.374669
-24.654135 47.750160 -8.569991
-24.461456 47.758419 -8.825942
-24.582962 47.775208 -8.657508
-24.327932 47.752403 -9.294782
-24.610985 47.753872 -9.185136
-24.433577 47.738831 -9.468887
-24.651875 47.738708 -8.977876
-24.746456 47.756016 -8.882332
-24.450127 47.774902 -8.923319
-24.842905 47.774258 -8.464379
-24.787880 47.782810 -8.393764
-24.511127 47.762901 -9.072809
-24.397469 47.760799 -9.107806
-24.550138 47.753567 -8.908818
-24.897194 47.769444 -8.541546
-24.306910 47.754772 -9.440997
-24.600306 47.777077 -8.719913
-24.418947 47.752140 -9.156246
-24.378674 47.759247 -9.287859
-24.446861 47.754467 -9.407380
-24.346619 47.745331 -9.562353
-24.927988 47.756031 -8.330154
-24.240641 47.745724 -9.486121
-24.257906 47.749229 -9.460267
-24.287510 47.738605 -9.613571
-24.304970 47.739925 -9.571931
-24.605352 47.766636 -8.780002
-24.261259 47.765800 -9.333566
-24.232246 47.776157 -9.241641
-24.217571 47.764992 -9.390811
-24.183619 47.770264 -9.285968
-24.216103 47.761417 -9.365067
-24.178074 47.770103 -9.294349
-24.324484 47.772297 -9.188427
-24.510309 47.762920 -8.525117
-24.429159 47.777073 -8.979141
-24.272907 47.762325 -9.028658
-24.617662 47.753529 -8.599592
-24.446714 47.763149 -8.846683
-24.277733 47.777500 -9.097195
-24.214132 47.770611 -9.193521
-24.697479 47.748730 -8.651752
-24.447454 47.750778 -9.212031
-24.282616 47.758209 -9.324326
-24.491379 47.784996 -8.637873
-24.548500 47.758396 -8.555346
-24.362185 47.764858 -8.801035
-24.245951 47.766850 -9.253202
-24.360495 47.784119 -8.893390
-24.697113 47.762203 -8.227859
-24.547915 47.754890 -8.943989
-24.494135 47.766468 -9.136449
-24.725296 47.785034 -8.451418
-24.319189 47.749229 -9.402216
-24.640171 47.794449 -8.317426
-24.623045 47.768188 -8.848267
-24.674063 47.790222 -8.383835
-24.303047 47.769684 -9.069694
-24.407419 47.773342 -9.033243
-24.447586 47.763504 -8.877757
-24.208410 47.763920 -9.382657
-24.768526 47.781033 -8.523912
-24.491596 47.782963 -8.695672
-24.314301 47.759884 -9.111586
-24.284189 47.771671 -9.239639
-24.744640 47.745674 -8.324933
-24.326874 47.761066 -9.342175
-24.153870 47.758072 -9.431785
-24.242605 47.757210 -9.495533
-24.583506 47.766857 -8.193000
-24.175240 47.764198 -9.409296
-24.188889 47.750294 -9.545061
-24.182858 47.779198 -9.289318
-24.148146 47.783756 -9.198751
-24.507854 47.781013 -8.755121
-24.200905 47.749924 -9.502768
-24.101332 47.777840 -9.241772
-24.094906 47.777744 -9.249691
-24.115191 47.767433 -9.330237
-24.420774 47.772129 -8.514455
-24.234680 47.782173 -9.145991
-24.132309 47.773235 -9.317937
-24.200922 47.776455 -9.002504
-24.505178 47.758236 -8.582368
-24.198990 47.787453 -9.061713
-24.336988 47.787613 -8.945651
-24.132219 47.778862 -9.155192
-24.351597 47.771442 -8.820620
-24.577211 47.757057 -8.630531
-24.406031 47.794411 -8.619246
-24.188387 47.765781 -9.272707
-24.461401 47.770599 -8.542658
-24.283213 47.776005 -8.781292
-24.343533 47.762653 -9.164475
-24.276579 47.791943 -8.865298
-24.157911 47.775700 -9.209403
-24.541355 47.798908 -8.310785
-24.434156 47.762646 -8.908092
-24.601830 47.757828 -8.271499
-24.602812 47.788055 -8.437927
-24.221165 47.759281 -9.345276
-24.377922 47.774006 -9.087951
-24.509354 47.778709 -8.817007
-24.574572 47.797863 -8.374666
-24.220787 47.781677 -9.036939
-24.311720 47.783276 -8.995614
-24.345310 47.770359 -8.847881
-24.421452 47.800613 -8.677367
-24.127422 47.777641 -9.334791
-24.634523 47.784840 -8.506634
-24.232662 47.774014 -9.075821
-24.655436 47.762646 -8.319175
-24.194027 47.781757 -9.193620
-24.074175 47.769863 -9.381148
-24.234732 47.774487 -9.291812
-24.146864 47.766380 -9.434110
-24.090565 47.774319 -9.357121
-24.068419 47.790012 -9.158116
-24.101154 47.788792 -9.244345
-24.104927 47.763660 -9.487697
-24.403669 47.786781 -8.728723
-24.121466 47.765820 -9.450115
-24.343330 47.781685 -8.504501
-24.025707 47.785831 -9.202211
-24.014711 47.782211 -9.205363
-24.037949 47.776794 -9.285340
-24.153244 47.790455 -9.106769
-24.124151 47.796036 -9.029366
-24.124226 47.784946 -8.973698
-24.053665 47.781647 -9.273404
-24.247211 47.792953 -8.913258
-24.056496 47.786629 -9.120093
-24.267647 47.780037 -8.797036
-24.424986 47.773201 -8.567726
-24.319962 47.798809 -8.601211
-24.207260 47.784969 -8.761928
-24.494057 47.774319 -8.613258
-24.378254 47.781548 -8.530866
-24.201599 47.800186 -8.839643
-24.105339 47.775425 -9.228146
-24.251511 47.772648 -9.121978
-24.488985 47.771950 -8.228269
-24.074196 47.782215 -9.167792
-24.462055 47.808384 -8.304367
-24.519997 47.771271 -8.268376
-24.337383 47.771305 -8.876616
-24.509348 47.798527 -8.426335
-24.481781 47.805153 -8.365601
-24.135210 47.771336 -9.295852
-24.283216 47.784985 -9.048585
-24.136465 47.787827 -9.002904
-24.410881 47.790279 -8.789240
-24.234873 47.796852 -8.965724
-24.256489 47.778397 -8.820572
-24.321951 47.802952 -8.654450
-24.415079 47.783447 -8.196407
-24.040276 47.782894 -9.282285
-24.147146 47.782318 -9.040087
-24.560575 47.773933 -8.312516
-24.538618 47.798630 -8.491585
-24.112703 47.791149 -9.152211
-23.994881 47.795784 -9.120708
-23.994349 47.778667 -9.330336
-24.061317 47.775692 -9.379167
-24.007935 47.781219 -9.307039
-24.145100 47.784710 -9.242657
-24.020140 47.794331 -9.199600
-24.262108 47.787415 -8.494697
-24.327623 47.801834 -8.708340
-23.955334 47.792412 -9.165360
-24.016680 47.770416 -9.426735
-24.617775 47.781036 -8.181175
-23.939358 47.786240 -9.164688
-24.055059 47.792904 -8.947695
-24.049639 47.801647 -8.995959
-24.030937 47.771698 -9.389059
-24.078934 47.799175 -9.071294
-24.172340 47.802307 -8.885421
-23.956411 47.779545 -9.236849
-23.970781 47.784443 -9.225335
-24.191280 47.789093 -8.776317
-23.985199 47.794048 -9.087301
-24.334936 47.779625 -8.553290
-24.243343 47.804649 -8.584790
-24.132093 47.791870 -8.742910
-24.125593 47.805504 -8.813356
-24.291685 47.786697 -8.518229
-24.382080 47.813839 -8.298603
-24.381432 47.775146 -8.593557
-24.421474 47.785625 -8.225906
-24.028427 47.783581 -9.186762
-23.999830 47.789051 -9.129976
-24.166615 47.783089 -9.083236
-24.444391 47.783459 -8.263969
-24.397917 47.811977 -8.356696
-24.423462 47.808575 -8.415326
-24.261019 47.786674 -8.850420
-24.058031 47.781696 -9.250996
-24.058325 47.793488 -8.972110
-24.202843 47.797955 -9.014557
-24.315321 47.797668 -8.761754
-24.186611 47.791187 -8.798851
-24.243208 47.810017 -8.635814
-24.142363 47.799522 -8.929539
-24.335022 47.789555 -8.197402
-23.960558 47.786503 -9.234773
-24.073206 47.790833 -9.008191
-24.470493 47.782894 -8.307176
-24.037512 47.799053 -9.113987
-23.933495 47.804661 -9.088653
-24.435144 47.804756 -8.476852
-23.926569 47.789463 -9.287053
-23.930969 47.785732 -9.258739
-23.948008 47.800167 -9.159538
-24.185354 47.792908 -8.484978
-24.063364 47.793312 -9.197613
-23.893066 47.801361 -9.132844
-23.976515 47.781940 -9.324527
-23.879320 47.795071 -9.132212
-24.239439 47.806580 -8.685795
-23.984865 47.797939 -8.921067
-23.980425 47.806843 -8.965332
-24.007172 47.805691 -9.037100
-24.187225 47.818306 -8.571471
-23.942770 47.780933 -9.375692
-23.919613 47.800076 -9.056346
-24.108799 47.791561 -8.753319
-24.101009 47.811382 -8.859439
-23.908611 47.794502 -9.190639
-24.525536 47.792004 -8.178147
-23.902082 47.795055 -9.205304
-23.951006 47.777622 -9.335844
-24.248371 47.783886 -8.538365
-24.067310 47.801136 -8.726034
-24.307920 47.819012 -8.292501
-24.059038 47.813145 -8.790979
-24.213631 47.792351 -8.506696
-24.341524 47.792847 -8.224725
-24.301918 47.785164 -8.576854
-23.955940 47.791393 -9.147697
-23.932585 47.796329 -9.095919
-24.081055 47.788631 -9.042872
-24.357170 47.788128 -8.261146
-24.323088 47.820332 -8.348070
-24.338778 47.815582 -8.403732
-24.170647 47.789883 -8.821022
-23.992802 47.802280 -8.945786
-23.968468 47.783077 -9.198232
-24.119987 47.806053 -8.980214
-24.161100 47.812279 -8.616399
-24.105116 47.794697 -8.774139
-24.232796 47.807217 -8.737800
-24.264463 47.797218 -8.197787
-24.069269 47.807854 -8.900345
-23.900370 47.799530 -9.198940
-23.866926 47.807880 -9.054839
-24.378391 47.787003 -8.300633
-24.002394 47.799160 -8.976806
-23.963057 47.803898 -9.076062
-24.409300 47.799694 -8.108047
-24.118458 47.798862 -8.475938
-23.885689 47.807236 -9.124677
-23.858538 47.795277 -9.243494
-23.867920 47.794979 -9.221294
-24.357515 47.817516 -8.463482
-23.826033 47.803673 -9.097628
-23.922306 47.804436 -8.897368
-23.918791 47.812504 -8.937575
-24.161585 47.812691 -8.665336
-24.110363 47.819157 -8.554779
-23.983662 47.798687 -9.154677
-23.909155 47.791763 -9.280303
-23.856161 47.804871 -9.027609
-23.938017 47.811001 -9.004242
-23.841110 47.802074 -9.170021
-24.026724 47.814682 -8.831737
-23.851381 47.805233 -9.157431
-24.051443 47.805489 -8.735962
-23.869547 47.787392 -9.324893
-23.884529 47.787376 -9.292084
-24.180494 47.795113 -8.525565
-24.231329 47.820309 -8.286138
-24.002321 47.806408 -8.708935
-23.997776 47.819481 -8.769092
-24.143265 47.799583 -8.495864
-24.262245 47.796001 -8.223780
-24.224072 47.793045 -8.560967
-23.872507 47.805046 -9.065676
-23.893318 47.801434 -9.113892
-24.276289 47.793537 -8.257159
-24.003029 47.794521 -9.007617
-24.243023 47.822906 -8.339912
-24.249739 47.816742 -8.393069
-23.929356 47.807961 -8.919335
-24.097511 47.798985 -8.796347
-24.100372 47.822292 -8.600547
-24.198837 47.804668 -8.197371
-23.908697 47.796017 -9.163746
-24.037695 47.803288 -8.753591
-24.038338 47.811111 -8.945289
-23.998726 47.813980 -8.872430
-24.150126 47.813770 -8.713683
-23.808048 47.813560 -9.024013
-24.300772 47.794338 -8.295024
-23.928108 47.800690 -8.944528
-23.832663 47.804138 -9.158910
-24.059357 47.808392 -8.467711
-24.347620 47.813091 -8.105354
-23.891207 47.807533 -9.039475
-23.823746 47.813213 -9.091113
-23.770729 47.810066 -9.068704
-23.857315 47.807056 -8.873410
-24.049377 47.825062 -8.540936
-23.791710 47.798927 -9.201638
-23.853903 47.815353 -8.909157
-24.309196 47.808270 -8.044236
-23.809813 47.804897 -9.185339
-23.804495 47.813869 -9.002933
-24.260904 47.818207 -8.449946
-24.090021 47.819431 -8.645945
-23.869539 47.812248 -8.971624
-23.961891 47.820301 -8.807945
-23.989260 47.812664 -8.718132
-24.167505 47.825970 -8.279837
-23.781918 47.808956 -9.135669
-23.841185 47.798573 -9.236802
-23.790787 47.811165 -9.123445
-23.914354 47.807308 -9.116177
-23.929869 47.805134 -8.689981
-23.935953 47.823803 -8.747979
-24.114227 47.803200 -8.513522
-23.807899 47.795822 -9.282507
-24.078188 47.805511 -8.485518
-23.823408 47.797710 -9.251159
-24.190182 47.799831 -8.222131
-23.811291 47.808846 -9.034692
-24.147015 47.798859 -8.545437
-23.825932 47.804836 -9.077385
-24.203861 47.798454 -8.254217
-24.174328 47.828892 -8.332186
-23.943531 47.806145 -8.978889
-24.179798 47.823883 -8.383588
-23.859442 47.809029 -8.891607
-24.031958 47.808548 -8.774546
-24.041830 47.831192 -8.584682
-24.124348 47.805504 -8.197752
-23.966797 47.805077 -8.732146
-23.842400 47.802456 -9.125636
-23.929850 47.817974 -8.845331
-23.964687 47.816540 -8.914584
-23.762300 47.825153 -9.001396
-24.225750 47.799580 -8.288462
-24.075037 47.820786 -8.692443
-23.868773 47.808113 -8.919158
-23.992268 47.810352 -8.458455
-23.774820 47.810974 -9.124135
-23.990576 47.829849 -8.527080
-23.826420 47.810616 -9.006589
-23.801355 47.812088 -8.852014
-23.716269 47.815395 -9.040191
-23.808989 47.826767 -8.889235
-23.763937 47.817081 -9.057481
-24.242071 47.813660 -8.046362
-23.742319 47.804539 -9.144147
-23.743137 47.815556 -8.974078
-24.106800 47.831444 -8.274041
-23.898254 47.822876 -8.783566
-23.814251 47.819530 -8.944991
-23.914530 47.809628 -8.696795
-23.878075 47.826866 -8.727777
-24.022404 47.824917 -8.627464
-24.187078 47.826721 -8.437325
-23.876152 47.812706 -8.675489
-23.729990 47.813103 -9.089237
-23.723923 47.812798 -9.100730
-24.047808 47.808292 -8.501313
-23.785362 47.809372 -9.200942
-23.848890 47.813564 -9.080762
-24.019035 47.813160 -8.474948
-24.132809 47.809994 -8.219353
-23.748447 47.804020 -9.242399
-23.762968 47.803986 -9.210476
-24.302685 47.826324 -8.165815
-23.768400 47.824223 -9.013688
-24.079403 47.806110 -8.531529
-23.775721 47.814896 -9.050112
-24.137770 47.804115 -8.250110
-24.108229 47.832783 -8.323503
-23.866980 47.805908 -8.944233
-23.815052 47.822346 -8.873145
-24.113445 47.830864 -8.373729
-23.966125 47.827995 -8.567349
-24.070450 47.814388 -8.196767
-23.955204 47.807854 -8.748813
-23.905510 47.811302 -8.712498
-23.704416 47.824684 -8.972045
-23.869953 47.823380 -8.820739
-23.780052 47.807648 -9.088440
-23.937475 47.816654 -8.450143
-23.932558 47.832573 -8.513576
-24.158468 47.807396 -8.282658
-23.811623 47.814419 -8.893777
-23.898205 47.822525 -8.885408
-23.731977 47.825581 -9.098611
-23.751524 47.827091 -8.863520
-23.997879 47.821953 -8.669943
-23.760965 47.826031 -8.836807
-23.720005 47.828651 -9.033558
-24.054180 47.837517 -8.267998
-24.190622 47.825546 -8.043360
-23.782240 47.826157 -8.983779
-23.707825 47.832279 -8.958231
-23.825186 47.831604 -8.709118
-23.681377 47.812294 -9.132636
-23.850136 47.833366 -8.765321
-23.690765 47.812881 -9.112725
-23.874199 47.825459 -8.683932
-23.837067 47.827374 -8.664381
-23.772196 47.833843 -8.924397
-23.952358 47.826527 -8.608725
-24.107910 47.827454 -8.425059
-23.978958 47.809509 -8.488843
-23.952311 47.813148 -8.464693
-24.070141 47.813377 -8.216983
-23.720678 47.810917 -9.159019
-23.780008 47.813141 -9.042225
-23.690140 47.808186 -9.201648
-23.701969 47.808243 -9.170571
-24.232252 47.834221 -8.161746
-23.703314 47.821312 -8.980474
-24.020355 47.814869 -8.518782
-24.081224 47.812328 -8.245448
-24.047062 47.837349 -8.316307
-23.718102 47.818531 -9.018754
-24.211067 47.797165 -8.030825
-23.808947 47.811401 -8.916100
-23.753551 47.822803 -8.848699
-24.006231 47.814709 -8.196886
-24.044605 47.832970 -8.363551
-23.917917 47.838261 -8.553573
-24.109140 47.818600 -7.988905
-23.892515 47.812244 -8.727240
-23.856468 47.821747 -8.696024
-23.664492 47.836880 -8.951381
-23.891035 47.843372 -8.502204
-23.724350 47.813251 -9.055884
-23.826563 47.838627 -8.802857
-23.895084 47.829288 -8.442888
-24.094662 47.813053 -8.276359
-23.702423 47.824196 -8.814982
-23.761690 47.823166 -8.872264
-23.995558 47.839874 -8.262078
-23.716635 47.842842 -8.846738
-23.614202 47.821503 -8.986643
-23.831934 47.824429 -8.857356
-23.665592 47.821072 -9.059012
-24.164270 47.842186 -8.096716
-23.937532 47.829105 -8.650813
-23.659021 47.826599 -8.999136
-23.640562 47.822411 -8.925935
-23.777283 47.838009 -8.692000
-23.719025 47.825108 -8.951601
-23.773397 47.823524 -8.647714
-23.810219 47.823696 -8.666029
-23.794144 47.837406 -8.743876
-23.713390 47.833328 -8.896817
-23.620766 47.821293 -9.041021
-23.627302 47.822502 -9.030931
-23.921938 47.815044 -8.478204
-23.899338 47.819424 -8.455076
-23.902857 47.836952 -8.593140
-24.015785 47.821358 -8.214599
-24.045303 47.836384 -8.412704
-23.665033 47.816635 -9.124235
-23.722557 47.819771 -9.011039
-23.630342 47.809402 -9.161157
-23.664736 47.834347 -8.961671
-23.646326 47.813080 -9.133502
-24.152435 47.834476 -8.159299
-24.018564 47.814827 -8.240794
-23.995964 47.845490 -8.307730
-23.948294 47.813396 -8.503410
-23.667700 47.824604 -8.991264
-23.705229 47.828419 -8.827945
-23.957216 47.822384 -8.195045
-24.072519 47.831738 -7.985832
-23.879250 47.851959 -8.541526
-23.766489 47.826691 -8.896447
-23.985783 47.838531 -8.354223
-23.844931 47.824638 -8.710458
-23.796694 47.822842 -8.677023
-23.830896 47.840130 -8.489674
-23.610100 47.835133 -8.923830
-23.830809 47.825073 -8.433803
-23.944611 47.843811 -8.256851
-23.763151 47.836235 -8.777320
-23.655655 47.835365 -8.820077
-23.680950 47.825844 -9.031137
-23.665047 47.835957 -8.800168
-24.036253 47.819408 -8.270661
-24.108921 47.814915 -7.985398
-23.706167 47.826340 -8.847648
-24.094667 47.841816 -8.096238
-23.605049 47.835140 -8.909868
-23.619289 47.828880 -9.032600
-23.774229 47.828716 -8.832751
-23.726946 47.840542 -8.674620
-23.619513 47.837822 -8.977531
-23.750801 47.845573 -8.726947
-23.732298 47.833340 -8.635405
-23.677288 47.836445 -8.929956
-23.772902 47.837345 -8.653560
-23.870197 47.830620 -8.631233
-23.671085 47.842651 -8.875946
-23.583313 47.822689 -9.070006
-23.857367 47.831081 -8.446881
-23.874521 47.824127 -8.467067
-23.952398 47.819725 -8.212836
-23.854191 47.846313 -8.577963
-23.980623 47.840343 -8.401375
-23.626194 47.830986 -9.099679
-23.605783 47.829952 -8.931642
-23.937759 47.846870 -8.300870
-23.680567 47.834194 -8.988216
-23.960833 47.817997 -8.237624
-24.090822 47.839905 -8.155278
-23.893093 47.818901 -8.491463
-23.619484 47.830444 -8.966050
-24.028378 47.839092 -7.985416
-23.654531 47.831150 -8.806987
-23.916037 47.833752 -8.191782
-23.808125 47.842453 -8.525290
-23.929087 47.841980 -8.344823
-23.704063 47.824459 -8.866909
-23.800848 47.856339 -8.478844
-23.784691 47.824825 -8.690052
-23.568933 47.840416 -8.902313
-23.752483 47.831963 -8.661924
-23.897764 47.848606 -8.250417
-23.790497 47.834595 -8.426421
-23.611284 47.839725 -8.800237
-24.034973 47.846970 -8.038910
-23.618341 47.839317 -8.782462
-23.716242 47.843681 -8.758491
-23.967058 47.816288 -8.264664
-23.684805 47.846550 -8.659393
-23.624128 47.826530 -8.997849
-23.554193 47.833996 -8.886456
-23.660135 47.832832 -8.826992
-24.025850 47.839375 -8.096113
-23.569687 47.837837 -8.950172
-23.683214 47.835594 -8.622066
-23.570143 47.832027 -9.002296
-23.690359 47.840885 -8.704038
-23.734425 47.843800 -8.814490
-23.623421 47.835720 -8.901577
-23.717958 47.837994 -8.638221
-23.616184 47.839886 -8.849227
-23.834089 47.849308 -8.617282
-23.819530 47.825550 -8.456245
-23.918165 47.834850 -8.207685
-23.800516 47.831532 -8.437315
-23.788258 47.841583 -8.561204
-23.894289 47.855587 -8.292933
-23.921810 47.845020 -8.389763
-23.565195 47.838135 -8.911641
-23.569784 47.829815 -9.063163
-23.908607 47.822979 -8.232882
-23.858589 47.835342 -8.480553
-23.620840 47.830986 -8.955547
-23.541992 47.826221 -9.100429
-23.556108 47.828926 -9.074024
-24.032438 47.846264 -8.149592
-24.038990 47.814156 -8.031154
-24.013603 47.828781 -7.950264
-23.567904 47.830597 -8.937769
-23.854734 47.829887 -8.192184
-23.612440 47.837273 -8.789527
-23.771183 47.855015 -8.514116
-23.885313 47.852783 -8.335655
-23.743784 47.851910 -8.466764
-23.665503 47.837494 -8.848112
-23.848949 47.850430 -8.245121
-23.526323 47.843750 -8.881110
-23.698423 47.831661 -8.644759
-23.735922 47.831303 -8.672476
-23.733910 47.831955 -8.418036
-23.958660 47.822567 -7.931284
-23.568626 47.842945 -8.781265
-23.568684 47.836899 -8.763035
-23.988667 47.854561 -8.036230
-23.925514 47.827862 -8.257819
-23.665499 47.845421 -8.737479
-23.639296 47.847759 -8.643385
-23.514803 47.840023 -8.868155
-23.612139 47.835476 -8.805191
-23.641914 47.841419 -8.609536
-23.529984 47.845070 -8.928348
-23.581415 47.835060 -8.973345
-23.978304 47.848125 -8.091682
-23.522606 47.832920 -8.975034
-23.667479 47.838413 -8.622963
-23.647812 47.846989 -8.687467
-23.573162 47.844196 -8.828963
-23.576410 47.839405 -8.878064
-23.760620 47.840076 -8.428992
-23.858318 47.832058 -8.205490
-23.670982 47.839527 -8.786617
-23.777985 47.836235 -8.447115
-23.771481 47.847504 -8.598964
-23.746702 47.850498 -8.547497
-23.835835 47.851978 -8.285795
-23.875257 47.837154 -8.225906
-23.522642 47.842468 -8.890494
-23.525616 47.834629 -9.034394
-23.863314 47.847607 -8.379387
-23.796242 47.832214 -8.467985
-23.579479 47.840351 -8.932910
-23.995487 47.823650 -8.027740
-23.566984 47.838593 -8.771287
-23.974367 47.850533 -8.145143
-23.529137 47.838757 -8.916463
-23.819944 47.842995 -8.187811
-23.719725 47.854393 -8.500573
-23.703783 47.857578 -8.456044
-23.815437 47.861607 -8.237975
-23.829357 47.853168 -8.326554
-23.486885 47.847897 -8.860467
-23.614403 47.839443 -8.823524
-23.697653 47.842220 -8.411679
-23.654482 47.837696 -8.630843
-23.933331 47.853416 -8.036457
-23.528669 47.846958 -8.763739
-23.692137 47.839447 -8.656440
-23.937384 47.819412 -7.993569
-23.526918 47.840931 -8.746817
-23.598356 47.850727 -8.627571
-23.869093 47.829105 -8.251888
-23.617929 47.847973 -8.717030
-23.470644 47.839413 -8.847152
-23.594501 47.841534 -8.597015
-23.567259 47.838814 -8.786180
-23.485514 47.845665 -8.903823
-23.927334 47.851948 -8.088697
-23.625248 47.843311 -8.609915
-23.604233 47.850166 -8.670268
-23.530724 47.834263 -8.943240
-23.488920 47.844746 -8.955379
-23.527300 47.844723 -8.807095
-23.821135 47.842281 -8.200904
-23.711397 47.841106 -8.420066
-23.532516 47.842903 -8.855055
-23.726011 47.835472 -8.436687
-23.627716 47.847809 -8.767467
-23.727757 47.856651 -8.582989
-23.700491 47.855656 -8.533489
-23.895557 47.853172 -7.983727
-23.799166 47.862343 -8.278093
-23.813028 47.831478 -8.223502
-23.479935 47.843807 -8.869180
-24.008677 47.834568 -7.925339
-23.753242 47.840065 -8.456877
-23.827374 47.862103 -8.368795
-23.886158 47.818607 -7.964270
-23.489756 47.846684 -9.012468
-23.944466 47.827358 -8.026983
-23.762123 47.836971 -8.187721
-23.533409 47.844082 -8.907630
-23.676046 47.857346 -8.487838
-23.522943 47.840862 -8.752687
-23.657558 47.855541 -8.445216
-23.481457 47.837543 -8.891326
-23.762220 47.856579 -8.233554
-23.916145 47.851803 -8.140525
-23.444025 47.846241 -8.838986
-23.784861 47.858959 -8.317991
-23.651026 47.842041 -8.404083
-23.608521 47.838879 -8.615722
-23.569574 47.842896 -8.802281
-23.890556 47.859844 -8.033340
-23.490948 47.850849 -8.746252
-23.557785 47.852608 -8.613049
-23.491009 47.846565 -8.732596
-23.899284 47.829601 -7.990759
-23.643120 47.840935 -8.638586
-23.833357 47.840397 -8.244702
-23.432865 47.842304 -8.829607
-23.562332 47.851768 -8.587156
-23.570675 47.848438 -8.697816
-23.443693 47.846050 -8.880686
-23.525959 47.841988 -8.766788
-23.562365 47.852207 -8.653936
-23.885599 47.860416 -8.083925
-23.582041 47.846283 -8.596296
-23.764301 47.837303 -8.199100
-23.447203 47.846245 -8.930065
-23.493776 47.843281 -8.922915
-23.485483 47.845997 -8.786246
-23.665812 47.842968 -8.410815
-23.687887 47.842999 -8.427005
-23.489405 47.844337 -8.832397
-23.578285 47.848503 -8.745981
-23.852106 47.856464 -7.983556
-23.655058 47.858746 -8.519833
-23.673199 47.855331 -8.566659
-23.743782 47.857548 -8.271406
-23.773928 47.838848 -8.217824
-23.436666 47.842243 -8.846354
-23.957672 47.838284 -7.924591
-23.858580 47.833271 -7.961476
-23.706409 47.843090 -8.445869
-23.896145 47.830975 -8.025385
-23.440262 47.841965 -8.979488
-23.622076 47.861973 -8.434635
-23.726227 47.862881 -8.226090
-23.723917 47.845154 -8.184798
-23.765415 47.857891 -8.357531
-23.635592 47.862106 -8.475719
-23.483414 47.844780 -8.736510
-23.492733 47.849388 -8.885235
-23.440573 47.838856 -8.868707
-23.861038 47.852890 -8.136411
-23.408587 47.851013 -8.821597
-23.611820 47.846523 -8.396007
-23.844357 47.861347 -8.031669
-23.455868 47.854534 -8.730151
-23.812624 47.828476 -7.945007
-23.731922 47.857159 -8.309284
-23.871233 47.843361 -7.986559
-23.527897 47.862839 -8.601000
-23.569050 47.844681 -8.601890
-23.449924 47.846539 -8.716617
-23.523720 47.843422 -8.780412
-23.601828 47.845875 -8.623769
-23.775692 47.835602 -8.240202
-23.398775 47.847912 -8.814081
-23.521719 47.853531 -8.574869
-23.409237 47.851868 -8.861582
-23.547020 47.852730 -8.584826
-23.530323 47.853424 -8.681235
-23.525585 47.857918 -8.639258
-23.479954 47.840405 -8.747042
-23.831684 47.859344 -8.081509
-23.454710 47.855412 -8.771445
-23.626602 47.847450 -8.402736
-23.724226 47.843628 -8.195140
-23.404921 47.845726 -8.905527
-23.643650 47.844814 -8.417331
-23.449318 47.842995 -8.896106
-23.835611 47.875866 -7.975429
-23.452726 47.850269 -8.813256
-23.710699 47.867748 -8.263326
-23.606262 47.857033 -8.505396
-23.731924 47.842316 -8.212765
-23.533894 47.851868 -8.726095
-23.625547 47.857655 -8.550679
-23.404083 47.850796 -8.830575
-23.816950 47.837421 -7.962286
-23.855078 47.836262 -8.023130
-23.685873 47.864212 -8.221840
-23.578974 47.859749 -8.424314
-23.920103 47.849499 -7.920959
-23.659479 47.844116 -8.434752
-23.678961 47.844608 -8.182592
-23.591248 47.861042 -8.463647
-23.403217 47.848103 -8.956768
-23.448915 47.851364 -8.721927
-23.720465 47.862774 -8.347568
-23.405245 47.844742 -8.849144
-23.444551 47.846272 -8.858644
-23.375380 47.855671 -8.804248
-23.817444 47.859497 -8.130604
-23.781681 47.839218 -7.943720
-23.570646 47.848038 -8.389069
-23.812164 47.872368 -8.026341
-23.422665 47.860077 -8.715090
-23.487181 47.861725 -8.586313
-23.816645 47.840034 -7.989375
-23.534555 47.852154 -8.589594
-23.686817 47.859932 -8.301442
-23.417654 47.853889 -8.704361
-23.480511 47.843742 -8.759930
-23.740797 47.845825 -8.233427
-23.562824 47.851700 -8.609052
-23.365570 47.853447 -8.799019
-23.486080 47.856964 -8.564117
-23.508745 47.856373 -8.572691
-23.494768 47.867218 -8.626692
-23.376137 47.858517 -8.844345
-23.494015 47.859154 -8.665674
-23.800011 47.871387 -8.075353
-23.446911 47.848938 -8.732149
-23.683523 47.846935 -8.191892
-23.418293 47.858261 -8.753483
-23.568169 47.834877 -8.394216
-23.774166 47.862694 -7.981137
-23.602579 47.847443 -8.408216
-23.366743 47.846947 -8.882068
-23.410831 47.847187 -8.873699
-23.411808 47.851471 -8.792875
-23.671856 47.871147 -8.256537
-23.567108 47.860752 -8.492800
-23.692266 47.847668 -8.207863
-23.495358 47.856831 -8.708206
-23.790260 47.851139 -7.957671
-23.368601 47.854572 -8.813131
-23.652117 47.870396 -8.214419
-23.811687 47.839668 -8.020729
-23.545212 47.865044 -8.414602
-23.583807 47.862579 -8.536756
-23.621780 47.850666 -8.424134
-23.635420 47.845013 -8.180027
-23.554790 47.865547 -8.452494
-23.878752 47.856880 -7.917485
-23.415194 47.855881 -8.707692
-23.365610 47.851341 -8.932535
-23.373079 47.852322 -8.832425
-23.670282 47.861877 -8.338075
-23.343527 47.861160 -8.788764
-23.759228 47.866020 -8.027678
-23.534502 47.851337 -8.381437
-23.412546 47.855965 -8.839808
-23.390293 47.864548 -8.700435
-23.454813 47.867085 -8.573947
-23.754065 47.852886 -7.940877
-23.839895 47.844746 -7.862698
-23.782953 47.848991 -7.986588
-23.787336 47.874603 -8.121968
-23.385750 47.859264 -8.691108
-23.646688 47.863491 -8.292850
-23.498203 47.857769 -8.576267
-23.446068 47.850445 -8.743116
-23.694603 47.845558 -8.227181
-23.332731 47.857014 -8.782962
-23.449518 47.859467 -8.552852
-23.522789 47.854603 -8.593706
-23.756226 47.880146 -7.973322
-23.450327 47.862392 -8.609936
-23.471823 47.859970 -8.560137
-23.341537 47.861340 -8.825077
-23.459936 47.864769 -8.650152
-23.647440 47.852119 -8.186607
-23.412777 47.853550 -8.716570
-23.743509 47.864319 -8.074790
-23.533480 47.840126 -8.386275
-23.382765 47.861038 -8.735987
-23.556746 47.844311 -8.398687
-23.335047 47.854549 -8.864467
-23.374933 47.850174 -8.852619
-23.382803 47.859863 -8.776713
-23.630636 47.871666 -8.249544
-23.645861 47.844288 -8.203679
-23.525524 47.860592 -8.479942
-23.739092 47.845535 -7.962221
-23.609283 47.866852 -8.209852
-23.506161 47.863564 -8.405303
-23.339079 47.861942 -8.797798
-23.785048 47.853497 -8.013882
-23.457710 47.861725 -8.690784
-23.578737 47.849438 -8.413867
-23.515379 47.865154 -8.441904
-23.541971 47.865505 -8.522721
-23.598360 47.849155 -8.176458
-23.383812 47.862282 -8.693613
-23.340294 47.856007 -8.814135
-23.332102 47.857204 -8.911665
-23.313902 47.866539 -8.773319
-23.735336 47.880756 -8.020041
-23.363056 47.873688 -8.687485
-23.416695 47.864765 -8.560590
-23.704252 47.848118 -7.947294
-23.490854 47.847977 -8.374183
-23.628868 47.865601 -8.327676
-23.737906 47.847336 -7.986556
-23.370594 47.853359 -8.816506
-23.355196 47.865479 -8.679717
-23.801498 47.849831 -7.861839
-23.602674 47.861225 -8.284301
-23.459311 47.857513 -8.562558
-23.724417 47.863918 -8.120175
-23.656704 47.849884 -8.220909
-23.408142 47.855221 -8.541112
-23.303165 47.864265 -8.769857
-23.703909 47.869617 -7.977121
-23.410707 47.856220 -8.725785
-23.488775 47.862099 -8.580525
-23.434280 47.860550 -8.548291
-23.415638 47.864990 -8.595128
-23.308706 47.864025 -8.806728
-23.603794 47.850529 -8.183920
-23.499622 47.844307 -8.378734
-23.421156 47.865623 -8.634270
-23.353664 47.868320 -8.721994
-23.382910 47.862900 -8.702232
-23.708014 47.871532 -8.068732
-23.520197 47.847706 -8.389705
-23.304600 47.860107 -8.846322
-23.590773 47.872139 -8.242123
-23.341383 47.855919 -8.833975
-23.575264 47.868927 -8.204423
-23.345421 47.860786 -8.758175
-23.609787 47.849472 -8.198386
-23.475513 47.868671 -8.396083
-23.705772 47.853394 -7.960716
-23.490427 47.865047 -8.468359
-23.301483 47.858871 -8.779030
-23.732122 47.847149 -8.015207
-23.480177 47.867619 -8.430207
-23.564402 47.853107 -8.173374
-23.540897 47.852993 -8.403071
-23.424686 47.870262 -8.675885
-23.350935 47.865734 -8.679775
-23.504702 47.870197 -8.508866
-23.684584 47.873291 -8.021351
-23.388374 47.870865 -8.549231
-23.285688 47.873745 -8.759785
-23.307989 47.860592 -8.797238
-23.457359 47.851063 -8.367925
-23.328732 47.874310 -8.671675
-23.302284 47.865780 -8.892800
-23.675079 47.857838 -7.944632
-23.700794 47.851360 -7.985202
-23.326929 47.872570 -8.668413
-23.781816 47.867424 -7.853096
-23.586887 47.867302 -8.318035
-23.340780 47.862820 -8.799932
-23.420841 47.857162 -8.550188
-23.568052 47.867474 -8.276407
-23.271526 47.865673 -8.755485
-23.616371 47.850330 -8.214363
-23.678402 47.880283 -7.971896
-23.381334 47.865150 -8.531789
-23.690428 47.873196 -8.111571
-23.452272 47.864716 -8.567015
-23.381771 47.866493 -8.711958
-23.405550 47.867626 -8.537871
-23.384575 47.869305 -8.582272
-23.568901 47.853550 -8.180315
-23.277229 47.867542 -8.790239
-23.475616 47.857025 -8.370965
-23.323177 47.873768 -8.706081
-23.387926 47.870171 -8.619146
-23.345373 47.861710 -8.685807
-23.664892 47.870964 -8.065212
-23.484478 47.850025 -8.381121
-23.542650 47.871948 -8.198627
-23.554070 47.873421 -8.235253
-23.277945 47.870377 -8.830304
-23.317263 47.868111 -8.742411
-23.442375 47.868904 -8.386540
-23.573551 47.851658 -8.192919
-23.309134 47.860622 -8.814849
-23.663374 47.851524 -7.962062
-23.699205 47.853149 -8.010467
-23.453829 47.866558 -8.457028
-23.272339 47.865150 -8.764979
-23.449999 47.872749 -8.420101
-23.530975 47.858078 -8.169467
-23.498703 47.850697 -8.393204
-23.319874 47.870045 -8.666920
-23.388710 47.873016 -8.659263
-23.255919 47.876125 -8.744163
-23.653542 47.880268 -8.015365
-23.359133 47.876038 -8.537357
-23.463602 47.870056 -8.495115
-23.297977 47.875648 -8.657764
-23.428125 47.858002 -8.360628
-23.663111 47.853367 -7.984620
-23.272324 47.859493 -8.777279
-23.625118 47.850067 -7.950871
-23.289709 47.869293 -8.653227
-23.268171 47.867744 -8.870354
-23.633917 47.873444 -7.974263
-23.739996 47.867580 -7.853673
-23.391647 47.863331 -8.538368
-23.587183 47.858276 -8.207119
-23.307026 47.864574 -8.781058
-23.245129 47.873737 -8.742931
-23.532864 47.870823 -8.267001
-23.550049 47.872784 -8.307820
-23.347380 47.866444 -8.521845
-23.411421 47.860607 -8.552150
-23.651150 47.876572 -8.105664
-23.345169 47.865353 -8.693763
-23.369724 47.867065 -8.526889
-23.540134 47.861401 -8.174421
-23.354454 47.874542 -8.569937
-23.251760 47.875652 -8.775915
-23.440731 47.858280 -8.362790
-23.290148 47.873341 -8.689792
-23.317110 47.867924 -8.672217
-23.628199 47.873131 -8.060633
-23.457157 47.858940 -8.372627
-23.352209 47.869843 -8.603704
-23.510456 47.873997 -8.191895
-23.523846 47.878437 -8.227381
-23.416346 47.876770 -8.377567
-23.246939 47.873917 -8.812932
-23.541929 47.856609 -8.187698
-23.287657 47.873489 -8.726958
-23.630772 47.856316 -7.960845
-23.275850 47.862400 -8.795095
-23.661579 47.855274 -8.007654
-23.245478 47.872311 -8.751024
-23.427084 47.876610 -8.445478
-23.418486 47.877926 -8.410423
-23.501171 47.863888 -8.165230
-23.475628 47.863464 -8.383666
-23.288246 47.871452 -8.652552
-23.613890 47.878418 -8.013635
-23.328333 47.877262 -8.525681
-23.354034 47.874733 -8.642164
-23.227552 47.880341 -8.730463
-23.268217 47.878914 -8.644434
-23.630043 47.857254 -7.982000
-23.598120 47.858669 -7.948191
-23.435043 47.879250 -8.482584
-23.604469 47.878166 -7.971313
-23.397911 47.863018 -8.352759
-23.244530 47.865726 -8.762806
-23.707767 47.867310 -7.909090
-23.261347 47.874390 -8.641815
-23.238562 47.872234 -8.852612
-23.704714 47.871590 -7.851020
-23.550543 47.860558 -8.200309
-23.354488 47.861938 -8.525527
-23.213451 47.874146 -8.728508
-23.321350 47.874306 -8.512871
-23.501822 47.876911 -8.258726
-23.278051 47.872967 -8.764894
-23.514915 47.877129 -8.298470
-23.504217 47.861500 -8.170192
-23.382809 47.868797 -8.539562
-23.335310 47.867455 -8.515545
-23.416567 47.868004 -8.354853
-23.325682 47.879738 -8.557180
-23.313292 47.869846 -8.678218
-23.608974 47.876049 -8.100380
-23.221178 47.879101 -8.759893
-23.261839 47.878555 -8.676149
-23.480076 47.876900 -8.186140
-23.421289 47.858269 -8.363878
-23.287924 47.873207 -8.658114
-23.591982 47.875328 -8.055174
-23.326805 47.879841 -8.591728
-23.489378 47.879604 -8.220553
-23.681999 47.861328 -7.802542
-23.387827 47.879765 -8.368274
-23.509384 47.860630 -8.181965
-23.216354 47.876484 -8.794622
-23.597250 47.860184 -7.959114
-23.627577 47.858231 -8.004515
-23.256142 47.876011 -8.710419
-23.245728 47.865871 -8.778185
-23.214266 47.872742 -8.735716
-23.391794 47.877071 -8.433674
-23.387226 47.879131 -8.399633
-23.466196 47.864914 -8.161522
-23.442663 47.866692 -8.374295
-23.698898 47.849174 -7.827003
-23.579784 47.879379 -8.010385
-23.300800 47.881298 -8.514676
-23.257093 47.873764 -8.639588
-23.239231 47.880112 -8.631451
-23.197691 47.880726 -8.714734
-23.586563 47.851460 -7.982662
-23.571247 47.879059 -7.968527
-23.320709 47.877281 -8.626931
-23.370382 47.868816 -8.346329
-23.563616 47.861488 -7.948175
-23.226667 47.868908 -8.627903
-23.215757 47.870033 -8.747762
-23.396540 47.877903 -8.470165
-23.689493 47.884975 -7.897697
-23.184002 47.874439 -8.714125
-23.517994 47.864578 -8.194572
-23.328981 47.870823 -8.515726
-23.205238 47.872131 -8.830521
-23.288643 47.873558 -8.502395
-23.469276 47.880047 -8.250707
-23.243221 47.870800 -8.745341
-23.473488 47.866379 -8.165440
-23.296286 47.881916 -8.545139
-23.481134 47.881428 -8.288701
-23.346472 47.866333 -8.527122
-23.306437 47.871536 -8.504964
-23.450521 47.878738 -8.180791
-23.282188 47.872276 -8.663022
-23.381176 47.868237 -8.347512
-23.188934 47.875729 -8.741671
-23.567633 47.874454 -8.095502
-23.230581 47.877995 -8.660788
-23.396198 47.867065 -8.355426
-23.459990 47.883553 -8.213089
-23.655418 47.868961 -7.798924
-23.360245 47.883686 -8.359500
-23.254852 47.872665 -8.644058
-23.558922 47.878330 -8.050271
-23.288506 47.872643 -8.575858
-23.559258 47.857079 -7.960483
-23.479588 47.865555 -8.175444
-23.592072 47.858238 -8.001629
-23.187532 47.878914 -8.777236
-23.226334 47.877396 -8.694745
-23.217999 47.872223 -8.761486
-23.187309 47.877907 -8.721653
-23.356905 47.881268 -8.389365
-23.362976 47.882156 -8.423150
-23.437223 47.869652 -8.157692
-23.407211 47.865044 -8.364606
-23.548483 47.882244 -8.006404
-23.539257 47.878784 -7.967487
-23.269907 47.880527 -8.502892
-23.225784 47.873085 -8.626457
-23.560446 47.859108 -7.978156
-23.169233 47.882946 -8.700927
-23.208395 47.879459 -8.617439
-23.339548 47.870811 -8.339178
-23.525225 47.859360 -7.950492
-23.201057 47.875790 -8.617990
-23.283562 47.874123 -8.609520
-23.189322 47.876217 -8.732871
-23.488136 47.868504 -8.187990
-23.360846 47.878460 -8.457019
-23.642456 47.879345 -7.898748
-23.155025 47.875633 -8.701145
-23.299179 47.873974 -8.504628
-23.257751 47.873672 -8.492898
-23.177399 47.876484 -8.813706
-23.434357 47.880310 -8.242483
-23.422894 47.882549 -8.174251
-23.433174 47.859627 -8.162088
-23.220669 47.883694 -8.732689
-23.353079 47.871140 -8.339566
-23.278446 47.875546 -8.494845
-23.316202 47.868584 -8.514620
-23.265966 47.883167 -8.532584
-23.254297 47.876518 -8.648440
-23.448706 47.885681 -8.278511
-23.616449 47.864815 -7.802009
-23.164309 47.882774 -8.727759
-23.204508 47.883091 -8.647187
-23.426304 47.882652 -8.206614
-23.330288 47.884731 -8.350523
-23.364021 47.868225 -8.346411
-23.525814 47.880337 -8.045314
-23.227434 47.877811 -8.630881
-23.533813 47.878647 -8.087970
-23.263937 47.881573 -8.564290
-23.532679 47.864704 -7.956865
-23.450615 47.869415 -8.169326
-23.561352 47.863125 -7.996880
-23.162903 47.885956 -8.763322
-23.199492 47.884560 -8.680799
-23.159729 47.880054 -8.708304
-23.329849 47.886211 -8.379766
-23.190632 47.877480 -8.746077
-23.515678 47.882160 -8.002678
-23.511583 47.882484 -7.963180
-23.329866 47.881508 -8.411332
-23.400703 47.866730 -8.154187
-23.247044 47.888321 -8.492191
-23.375551 47.867226 -8.354762
-23.180603 47.877617 -8.603867
-23.199711 47.879063 -8.615144
-23.528631 47.860950 -7.975006
-23.142071 47.884121 -8.686641
-23.308666 47.871811 -8.331972
-23.174826 47.878777 -8.606507
-23.493420 47.862083 -7.949633
-23.251900 47.874535 -8.595101
-23.160402 47.877533 -8.717662
-23.452179 47.866722 -8.181421
-23.128328 47.877712 -8.688261
-23.268290 47.873203 -8.492845
-23.229197 47.875660 -8.483554
-23.331625 47.883633 -8.445152
-23.613251 47.886307 -7.891465
-23.394695 47.884338 -8.168482
-23.149052 47.878933 -8.795439
-23.408293 47.887184 -8.233460
-23.410320 47.869194 -8.155965
-23.251282 47.878487 -8.485131
-23.235493 47.881420 -8.519862
-23.290184 47.875565 -8.503364
-23.325098 47.876034 -8.331739
-23.607286 47.885128 -7.788708
-23.304415 47.887516 -8.342615
-23.136158 47.882023 -8.712897
-23.188543 47.882317 -8.714581
-23.174965 47.881390 -8.632694
-23.224033 47.877880 -8.633654
-23.335926 47.871124 -8.338466
-23.397804 47.886532 -8.199615
-23.412857 47.885014 -8.269770
-23.496033 47.885269 -8.038799
-23.419674 47.870300 -8.164347
-23.196602 47.877155 -8.616870
-23.229738 47.876114 -8.549499
-23.503151 47.883648 -8.080993
-23.496571 47.862576 -7.956991
-23.528605 47.864040 -7.993210
-23.131086 47.881607 -8.744164
-23.482868 47.884140 -7.960527
-23.166637 47.878170 -8.663296
-23.302746 47.890156 -8.370111
-23.130764 47.880371 -8.693043
-23.157883 47.872208 -8.726399
-23.214497 47.881611 -8.480496
-23.484339 47.884026 -7.998646
-23.301886 47.885521 -8.401217
-23.345594 47.868271 -8.345782
-23.374538 47.873371 -8.149628
-23.155828 47.882553 -8.592076
-23.497702 47.862724 -7.972318
-23.172550 47.881123 -8.603145
-23.115322 47.885201 -8.673700
-23.280064 47.873688 -8.324862
-23.459068 47.859814 -7.950682
-23.146166 47.877884 -8.594765
-23.427925 47.874458 -8.173377
-23.100079 47.875843 -8.675575
-23.131903 47.877872 -8.701515
-23.227858 47.884483 -8.582708
-23.369820 47.889053 -8.161154
-23.238340 47.873363 -8.481582
-23.200592 47.876656 -8.474156
-23.577770 47.886318 -7.888589
-23.300903 47.885860 -8.433542
-23.380789 47.871033 -8.150624
-23.375553 47.886330 -8.225222
-23.118687 47.876534 -8.775970
-23.209269 47.884411 -8.508382
-23.220816 47.877625 -8.474698
-23.576824 47.887810 -7.787424
-23.292660 47.873085 -8.324730
-23.274830 47.886589 -8.332645
-23.257494 47.873936 -8.490604
-23.110971 47.887047 -8.699759
-23.371120 47.890392 -8.191310
-23.305458 47.871147 -8.330318
-23.149258 47.885395 -8.620386
-23.161133 47.886581 -8.699121
-23.195639 47.881100 -8.619905
-23.379759 47.885250 -8.260242
-23.467022 47.888134 -8.032631
-23.388742 47.871185 -8.159371
-23.170895 47.881161 -8.604560
-23.496162 47.862862 -7.990772
-23.468441 47.866253 -7.953573
-23.203217 47.881195 -8.536790
-23.470987 47.885700 -8.074269
-23.456024 47.886772 -7.956625
-23.104450 47.883804 -8.729051
-23.271708 47.887276 -8.360450
-23.458477 47.887703 -7.993032
-23.141451 47.883198 -8.650159
-23.103088 47.880524 -8.679587
-23.191069 47.887386 -8.470570
-23.131298 47.875401 -8.711343
-23.315645 47.869316 -8.336806
-23.272871 47.886612 -8.390473
-23.343042 47.872238 -8.145428
-23.469515 47.865402 -7.968841
-23.142336 47.875408 -8.589313
-23.129501 47.883545 -8.580484
-23.087084 47.882454 -8.658734
-23.256174 47.880325 -8.318108
-23.119427 47.879848 -8.584115
-23.433853 47.867393 -7.946647
-23.393158 47.870514 -8.168502
-23.341467 47.887852 -8.155218
-23.544649 47.886871 -7.836047
-23.074327 47.878853 -8.663214
-23.105679 47.879974 -8.687749
-23.174267 47.878529 -8.464852
-23.198429 47.884781 -8.568332
-23.212641 47.878258 -8.471562
-23.355042 47.876701 -8.145124
-23.191177 47.875694 -8.464670
-23.548002 47.891258 -7.882081
-23.248915 47.888374 -8.324686
-23.345150 47.887356 -8.217135
-23.264475 47.873989 -8.316679
-23.179688 47.882595 -8.496126
-23.269207 47.886162 -8.421362
-23.093555 47.881676 -8.760602
-23.339567 47.887379 -8.184764
-23.228889 47.874050 -8.478918
-23.086147 47.890099 -8.685627
-23.280172 47.875954 -8.321646
-23.122988 47.886505 -8.606565
-23.130669 47.883068 -8.681827
-23.166103 47.879398 -8.605414
-23.470827 47.867561 -7.984331
-23.357708 47.870071 -8.154284
-23.441193 47.869858 -7.950615
-23.436623 47.890045 -8.026834
-23.143227 47.881317 -8.591106
-23.428139 47.887360 -7.954378
-23.348068 47.886440 -8.250350
-23.176067 47.883255 -8.524795
-23.442093 47.889679 -8.065932
-23.079678 47.887852 -8.714973
-23.527304 47.846291 -7.824651
-23.431284 47.891426 -7.987844
-23.246889 47.892105 -8.350893
-23.114195 47.882378 -8.635763
-23.166140 47.890209 -8.460897
-23.076712 47.879631 -8.665653
-23.290358 47.874119 -8.328131
-23.106525 47.879452 -8.697264
-23.106487 47.888340 -8.569616
-23.443775 47.871078 -7.963346
-23.243813 47.886703 -8.379676
-23.315851 47.875954 -8.140243
-23.120001 47.885098 -8.580072
-23.065050 47.889172 -8.648438
-23.406090 47.869976 -7.944520
-23.093569 47.881744 -8.573926
-23.223701 47.876377 -8.311050
-23.368284 47.875229 -8.161174
-23.318926 47.894447 -8.148043
-23.516066 47.889648 -7.831231
-23.052242 47.884571 -8.652861
-23.147371 47.878384 -8.456320
-23.079353 47.880081 -8.673870
-23.185852 47.879227 -8.460856
-23.225798 47.892063 -8.315993
-23.323441 47.873569 -8.140811
-23.169943 47.886009 -8.554476
-23.240532 47.879627 -8.309869
-23.163872 47.875645 -8.454794
-23.157660 47.889320 -8.485832
-23.511383 47.887230 -7.880750
-23.317022 47.889263 -8.209144
-23.238287 47.884399 -8.409530
-23.315222 47.893116 -8.176613
-23.068844 47.885845 -8.744297
-23.060753 47.891132 -8.672266
-23.203659 47.878967 -8.468014
-23.250595 47.875904 -8.313963
-23.098114 47.889442 -8.594665
-23.445553 47.873260 -7.977950
-23.408663 47.867565 -7.950359
-23.402647 47.889942 -7.950056
-23.138960 47.880577 -8.591134
-23.104042 47.885265 -8.666717
-23.328604 47.870937 -8.148006
-23.410418 47.894814 -8.019936
-23.114990 47.879456 -8.578425
-23.152702 47.889145 -8.512641
-23.318190 47.888485 -8.241438
-23.405380 47.894104 -7.982177
-23.515247 47.862701 -7.811975
-23.144936 47.895866 -8.451008
-23.224867 47.898834 -8.340602
-23.411343 47.892685 -8.058849
-23.054344 47.889004 -8.699385
-23.053696 47.884422 -8.654783
-23.412582 47.868736 -7.962661
-23.087002 47.882557 -8.621429
-23.081459 47.888287 -8.557548
-23.263218 47.877068 -8.318427
-23.286640 47.875702 -8.136139
-23.221897 47.895428 -8.369499
-23.041470 47.891064 -8.636056
-23.079332 47.878750 -8.680642
-23.095079 47.887039 -8.568115
-23.202089 47.883892 -8.304390
-23.293434 47.896145 -8.141433
-23.072006 47.889366 -8.565033
-23.376938 47.871609 -7.942762
-23.334875 47.871239 -8.155882
-23.028194 47.886440 -8.641364
-23.484579 47.889408 -7.829321
-23.119503 47.876312 -8.447218
-23.054893 47.882042 -8.661027
-23.163361 47.885929 -8.451447
-23.201235 47.893803 -8.307613
-23.295622 47.874268 -8.136338
-23.140863 47.881321 -8.446214
-23.133671 47.892193 -8.474394
-23.215206 47.883434 -8.301145
-23.138975 47.882359 -8.540302
-23.288795 47.889172 -8.201039
-23.287348 47.891933 -8.169796
-23.482450 47.891102 -7.874649
-23.034800 47.889271 -8.657395
-23.041540 47.883141 -8.727560
-23.226141 47.879642 -8.305696
-23.379950 47.894432 -7.944998
-23.175945 47.879009 -8.456793
-23.074589 47.892334 -8.582340
-23.214514 47.891270 -8.398318
-23.419651 47.875938 -7.972282
-23.384628 47.872101 -7.945728
-23.302645 47.872608 -8.142281
-23.080154 47.889248 -8.653102
-23.115593 47.886463 -8.578979
-23.384108 47.897587 -8.012924
-23.090998 47.882324 -8.566985
-23.487844 47.863319 -7.808848
-23.126331 47.889137 -8.500996
-23.117424 47.891823 -8.440907
-23.379538 47.897781 -7.976568
-23.289606 47.889488 -8.232046
-23.195601 47.895817 -8.331867
-23.026476 47.884285 -8.683423
-23.029243 47.886387 -8.641944
-23.393372 47.878265 -7.953930
-23.381887 47.894646 -8.051287
-23.066891 47.891251 -8.609940
-23.461454 47.881100 -7.745591
-23.237778 47.878876 -8.309585
-23.054989 47.886284 -8.545794
-23.261728 47.880299 -8.131047
-23.017427 47.892933 -8.624560
-23.068659 47.886032 -8.556416
-23.191294 47.891575 -8.358904
-23.272186 47.901695 -8.133777
-23.055557 47.884724 -8.667143
-23.045483 47.886364 -8.553222
-23.307987 47.871986 -8.149638
-23.432838 47.833401 -7.801572
-23.173351 47.882778 -8.297118
-23.351103 47.876167 -7.939444
-23.004616 47.889210 -8.631269
-23.460663 47.895065 -7.822522
-23.176157 47.894520 -8.300061
-23.097025 47.883015 -8.437816
-23.032461 47.888851 -8.649389
-23.132650 47.880077 -8.440739
-23.271122 47.877892 -8.130305
-23.108130 47.891121 -8.463155
-23.188734 47.883198 -8.293961
-23.110052 47.873474 -8.435395
-23.266676 47.899502 -8.161370
-23.262024 47.891033 -8.192628
-23.356329 47.897991 -7.939426
-23.118048 47.892124 -8.528413
-23.390791 47.874596 -7.969463
-23.205463 47.887207 -8.297268
-23.152420 47.882786 -8.446754
-23.051943 47.895157 -8.570477
-23.453882 47.892998 -7.867551
-23.019053 47.888073 -8.713578
-23.009367 47.889305 -8.643984
-23.283428 47.882130 -8.133546
-23.358736 47.875660 -7.942351
-23.189350 47.897186 -8.387477
-23.088707 47.884556 -8.565875
-23.355886 47.898384 -8.007111
-23.065048 47.881344 -8.554401
-23.053902 47.889473 -8.637001
-23.466724 47.870880 -7.801316
-23.098934 47.886211 -8.488725
-23.353590 47.899460 -7.970848
-23.088940 47.885857 -8.430239
-23.167683 47.892750 -8.322711
-23.445450 47.892445 -7.737472
-23.262480 47.892441 -8.222347
-23.004402 47.889122 -8.670788
-23.364576 47.877926 -7.951173
-23.006186 47.890179 -8.631021
-23.039167 47.901588 -8.537883
-23.214722 47.883564 -8.300949
-23.040478 47.889362 -8.595955
-23.361908 47.905357 -8.039924
-23.247000 47.901302 -8.128398
-22.994785 47.895756 -8.612699
-23.235319 47.881950 -8.126212
-23.045084 47.888809 -8.546322
-23.030479 47.882790 -8.652730
-23.167831 47.896355 -8.348927
-23.411507 47.837852 -7.796100
-23.019320 47.882271 -8.542699
-23.285870 47.877605 -8.141524
-23.147816 47.883472 -8.290454
-23.324642 47.877708 -7.936840
-23.151497 47.894260 -8.291572
-22.979548 47.888157 -8.619147
-23.429028 47.891827 -7.820446
-23.073400 47.885674 -8.429953
-23.107576 47.879910 -8.430902
-23.005941 47.884968 -8.635291
-23.244656 47.878540 -8.125411
-23.085955 47.894855 -8.452695
-23.333061 47.900459 -7.935140
-23.088398 47.879108 -8.426394
-23.238762 47.897324 -8.154501
-23.158443 47.878139 -8.286886
-23.369610 47.881153 -7.961868
-23.178013 47.885044 -8.289510
-23.240950 47.898697 -8.182858
-23.092152 47.892143 -8.515883
-23.130405 47.889511 -8.436461
-23.338022 47.883121 -7.936158
-22.988689 47.895977 -8.633264
-23.252611 47.876934 -8.129581
-23.020573 47.883530 -8.555860
-23.426653 47.895725 -7.862311
-22.995131 47.890179 -8.697624
-23.063171 47.882603 -8.552347
-23.161598 47.896233 -8.376201
-23.442589 47.873425 -7.796569
-23.042980 47.887066 -8.544050
-23.329592 47.901154 -8.000100
-23.329916 47.902020 -7.965213
-23.068626 47.891445 -8.420809
-23.398558 47.869968 -7.752808
-23.027086 47.887680 -8.621669
-23.073925 47.886162 -8.476656
-23.143024 47.892494 -8.314216
-23.340906 47.880486 -7.945539
-22.982338 47.893963 -8.658148
-22.982569 47.891075 -8.618582
-23.236181 47.894325 -8.213044
-23.008574 47.887890 -8.523611
-23.187845 47.883423 -8.292416
-23.224314 47.904900 -8.121050
-23.017435 47.892281 -8.582745
-22.971632 47.897552 -8.601659
-23.325102 47.896450 -8.036080
-23.208807 47.881603 -8.121257
-23.014074 47.876087 -8.532989
-23.138994 47.892361 -8.339248
-23.008469 47.888630 -8.640145
-23.262306 47.881275 -8.133713
-23.001184 47.895695 -8.534635
-23.124203 47.886139 -8.282588
-23.303516 47.886139 -7.931580
-23.127773 47.894932 -8.283589
-23.408375 47.899406 -7.812017
-22.957378 47.891880 -8.608679
-23.043783 47.875664 -8.420821
-23.083441 47.880669 -8.421573
-23.308350 47.900970 -7.931155
-23.220114 47.881165 -8.119312
-22.984810 47.890736 -8.623165
-23.213177 47.897022 -8.147770
-23.059963 47.893757 -8.442334
-23.141083 47.889507 -8.279170
-23.067730 47.886665 -8.417955
-23.345062 47.883781 -7.955767
-23.148087 47.878010 -8.281428
-23.230854 47.881458 -8.122745
-23.213562 47.897537 -8.175151
-23.311974 47.883678 -7.932599
-22.967398 47.898750 -8.620968
-22.996336 47.881409 -8.544133
-23.107359 47.893314 -8.425531
-23.066322 47.893158 -8.503405
-23.400362 47.898499 -7.855294
-22.972607 47.894112 -8.683579
-23.415613 47.873062 -7.792495
-23.399334 47.898170 -7.732518
-23.043592 47.893196 -8.542307
-23.304850 47.903625 -7.959941
-23.304585 47.902878 -7.992600
-23.137682 47.900105 -8.364813
-23.386435 47.865437 -7.756475
-23.015493 47.882137 -8.531660
-23.044912 47.891228 -8.410542
-23.121845 47.898151 -8.304322
-23.317295 47.884041 -7.939958
-23.003063 47.888672 -8.607881
-23.054350 47.896759 -8.466619
-23.203022 47.909451 -8.113329
-22.987286 47.891548 -8.513603
-22.958385 47.889950 -8.606911
-23.160814 47.880287 -8.283710
-22.958731 47.893978 -8.643421
-23.208441 47.894253 -8.204050
-22.948845 47.897381 -8.589622
-22.994806 47.895103 -8.570874
-22.998262 47.891388 -8.525069
-23.395317 47.875473 -7.767118
-23.185198 47.885151 -8.115675
-23.302118 47.902142 -8.027498
-23.238115 47.881927 -8.126614
-23.116310 47.895073 -8.329608
-22.979425 47.899326 -8.525509
-23.105394 47.895554 -8.275183
-23.385649 47.896896 -7.769389
-22.985483 47.892540 -8.626987
-23.098625 47.885830 -8.275860
-23.277008 47.886673 -7.928908
-23.383837 47.902039 -7.805922
-22.936140 47.896530 -8.598725
-23.287474 47.905430 -7.924781
-23.027977 47.890972 -8.412904
-23.196392 47.882717 -8.113617
-23.063240 47.888248 -8.412251
-23.193857 47.904541 -8.138910
-22.960167 47.888710 -8.610094
-23.046957 47.892227 -8.409404
-23.038216 47.896511 -8.430927
-23.323832 47.889336 -7.948106
-23.113075 47.885323 -8.272181
-23.208174 47.885056 -8.115394
-23.127426 47.885571 -8.272993
-23.289293 47.888165 -7.927535
-23.185551 47.893356 -8.168160
-23.082764 47.893169 -8.414802
-22.979086 47.893883 -8.534243
-22.944771 47.901569 -8.609098
-23.394741 47.877525 -7.786123
-23.041842 47.894127 -8.490503
-22.951887 47.898903 -8.670510
-23.280725 47.905277 -7.952904
-23.374546 47.901299 -7.847395
-23.020519 47.886997 -8.400935
-23.017607 47.891216 -8.529660
-23.347342 47.851967 -7.764862
-22.998240 47.894611 -8.521769
-23.277203 47.902603 -7.987182
-23.295952 47.888477 -7.934468
-23.096111 47.893970 -8.295139
-23.109838 47.897156 -8.353420
-23.031673 47.898586 -8.454695
-23.179714 47.910027 -8.106691
-22.981936 47.894440 -8.595756
-23.144386 47.891701 -8.274225
-22.962540 47.888405 -8.502709
-22.937668 47.895626 -8.596130
-22.937551 47.898746 -8.631240
-23.370153 47.875965 -7.764024
-22.972019 47.894932 -8.558836
-22.923584 47.892334 -8.577271
-22.971033 47.883373 -8.513858
-23.215435 47.885525 -8.119262
-23.171391 47.879467 -8.197642
-23.164080 47.892693 -8.108129
-23.272879 47.900009 -8.021047
-23.362865 47.899387 -7.764214
-23.088831 47.891033 -8.319508
-23.082150 47.896248 -8.266320
-22.951221 47.889389 -8.513728
-23.074396 47.885475 -8.268709
-22.961828 47.891560 -8.612205
-23.262716 47.904945 -7.920743
-23.354378 47.897682 -7.803816
-22.911755 47.891415 -8.586834
-23.252996 47.891201 -7.924272
-23.037048 47.883160 -8.401668
-23.176668 47.891212 -8.105701
-23.006336 47.896603 -8.403896
-23.173037 47.909115 -8.130306
-23.298143 47.887920 -7.943549
-22.938364 47.890461 -8.598629
-23.017857 47.901100 -8.421435
-23.325182 47.864891 -7.751244
-23.090235 47.885921 -8.264659
-23.022673 47.889992 -8.399910
-23.186424 47.889580 -8.108560
-23.102264 47.884293 -8.265325
-23.263256 47.888721 -7.923980
-23.374340 47.882015 -7.778869
-22.922913 47.902325 -8.597576
-23.165884 47.901970 -8.158016
-22.959246 47.899487 -8.523923
-23.056673 47.890076 -8.404329
-23.258924 47.908810 -7.946015
-23.001040 47.891518 -8.391906
-23.020145 47.897881 -8.479151
-23.344812 47.877247 -7.746137
-23.346594 47.899006 -7.842750
-22.995802 47.892971 -8.518194
-22.929832 47.903740 -8.657868
-23.254940 47.905231 -7.978893
-22.970446 47.883701 -8.509045
-23.155260 47.906567 -8.101598
-23.272346 47.892033 -7.928889
-23.075867 47.900558 -8.285764
-23.007906 47.897369 -8.444371
-23.084381 47.897083 -8.342236
-23.118185 47.887497 -8.265925
-22.962719 47.903061 -8.584718
-22.941048 47.888073 -8.492480
-22.917253 47.899208 -8.586580
-23.346388 47.877411 -7.760562
-22.917194 47.902447 -8.619462
-23.190626 47.883156 -8.112880
-22.900131 47.888149 -8.565898
-22.949646 47.885036 -8.503739
-22.947281 47.890907 -8.545658
-23.141293 47.895176 -8.102951
-23.337650 47.898884 -7.761064
-23.058632 47.892830 -8.259459
-23.156067 47.893929 -8.186563
-23.240751 47.906361 -7.915968
-23.069000 47.896645 -8.309192
-23.252756 47.907722 -8.009504
-22.930454 47.894943 -8.505178
-22.941057 47.896233 -8.601366
-23.050171 47.885124 -8.261560
-23.227783 47.890694 -7.921122
-23.335073 47.905212 -7.794964
-22.894545 47.905762 -8.579281
-22.983912 47.896225 -8.395434
-23.275768 47.889431 -7.937430
-23.145340 47.902847 -8.124551
-23.148041 47.884895 -8.101716
-23.018250 47.891693 -8.391979
-22.993990 47.897892 -8.411002
-23.317015 47.886238 -7.736217
-23.067453 47.887516 -8.257197
-22.993950 47.879913 -8.391243
-22.919205 47.900078 -8.587650
-23.163124 47.890160 -8.101925
-23.082842 47.889812 -8.256353
-23.349125 47.881512 -7.775718
-23.240477 47.891209 -7.918806
-23.037762 47.896614 -8.394526
-23.144142 47.905613 -8.148898
-22.936419 47.898319 -8.511833
-22.900604 47.902176 -8.584659
-23.234118 47.907326 -7.941921
-23.322500 47.880642 -7.742366
-22.981724 47.899029 -8.383045
-23.248936 47.891499 -7.924427
-22.952517 47.892159 -8.499813
-22.907982 47.903614 -8.644062
-22.996601 47.899776 -8.466770
-23.133928 47.910118 -8.093825
-23.050444 47.894287 -8.277816
-23.230824 47.906883 -7.971858
-22.973131 47.894798 -8.506272
-23.324099 47.904728 -7.833292
-22.923014 47.894535 -8.483137
-22.986115 47.899128 -8.432910
-23.324434 47.878834 -7.755793
-23.057779 47.892971 -8.332595
-23.095049 47.890186 -8.257174
-22.896437 47.902885 -8.575689
-22.936541 47.896210 -8.569567
-22.881172 47.893681 -8.556039
-23.171261 47.889679 -8.103967
-22.896023 47.907215 -8.607283
-23.316734 47.902351 -7.754638
-23.037663 47.894405 -8.250690
-22.923424 47.886818 -8.532941
-22.929455 47.892612 -8.494419
-23.221745 47.911797 -7.908344
-23.113197 47.889881 -8.098143
-23.047724 47.900307 -8.299189
-22.907520 47.892658 -8.495262
-23.128080 47.888870 -8.177295
-22.918745 47.896084 -8.588447
-23.224871 47.905548 -8.002633
-23.028896 47.889668 -8.253844
-23.309923 47.904827 -7.789587
-22.874241 47.911339 -8.569844
-23.205637 47.896198 -7.915235
-23.252527 47.891014 -7.930855
-23.128462 47.913361 -8.113670
-23.129662 47.893345 -8.093376
-22.992422 47.885513 -8.382689
-22.960672 47.896912 -8.386573
-23.291752 47.885616 -7.735299
-22.971161 47.897606 -8.401199
-23.044571 47.887119 -8.249623
-22.898281 47.901760 -8.576646
-22.978559 47.894245 -8.382386
-23.326710 47.882030 -7.769548
-23.061455 47.892357 -8.248522
-23.219038 47.893646 -7.913207
-23.138382 47.888790 -8.095606
-23.012558 47.893452 -8.384517
-22.880714 47.906780 -8.574283
-23.117439 47.900391 -8.141434
-23.212791 47.910881 -7.934150
-22.913025 47.895130 -8.500518
-22.964214 47.906517 -8.372875
-23.303040 47.886059 -7.735632
-23.111452 47.909626 -8.087595
-23.227146 47.895031 -7.917542
-23.029993 47.896885 -8.268218
-22.931238 47.895813 -8.489808
-22.950253 47.892632 -8.494126
-22.968819 47.888863 -8.454050
-23.204691 47.904564 -7.965908
-22.884701 47.900661 -8.628288
-23.297499 47.902393 -7.828226
-22.906225 47.907913 -8.474645
-23.072575 47.888813 -8.248658
-23.304972 47.884251 -7.749059
-22.960297 47.892067 -8.421337
-22.873508 47.899719 -8.563489
-23.149357 47.891209 -8.096965
-22.916298 47.901905 -8.557904
-23.036154 47.897728 -8.321306
-23.297268 47.907768 -7.747901
-22.876545 47.910847 -8.595965
-23.202164 47.915211 -7.901491
-22.857677 47.888496 -8.544614
-23.021189 47.904819 -8.241149
-22.912718 47.906986 -8.485983
-22.902105 47.888596 -8.520598
-23.090942 47.893383 -8.092141
-22.886547 47.894226 -8.486490
-23.025007 47.902023 -8.289499
-23.113279 47.904354 -8.165388
-23.231501 47.892479 -7.924314
-23.007050 47.892189 -8.246901
-22.898504 47.901783 -8.576784
-22.849661 47.902233 -8.557735
-23.181824 47.896637 -7.911718
-23.286692 47.906414 -7.783017
-23.289215 47.910011 -7.714282
-23.202265 47.909267 -7.993061
-23.105278 47.890881 -8.088345
-23.103615 47.909996 -8.107238
-22.974554 47.894974 -8.373516
-22.934181 47.886715 -8.377948
-22.953705 47.906090 -8.391085
-23.267534 47.887039 -7.732727
-23.023766 47.891685 -8.241024
-23.119322 47.893223 -8.087924
-22.875355 47.898594 -8.564445
-23.305746 47.884499 -7.763069
-22.958267 47.899830 -8.372955
-23.037128 47.890011 -8.241261
-23.194353 47.894161 -7.909232
-23.190374 47.911396 -7.927979
-22.991177 47.895115 -8.374401
-22.895151 47.904587 -8.491343
-23.091818 47.912037 -8.080684
-22.941692 47.904140 -8.364305
-23.097620 47.906010 -8.131123
-22.858925 47.908535 -8.562821
-23.278767 47.886482 -7.733003
-23.205656 47.896473 -7.911887
-23.010525 47.901405 -8.259192
-22.907904 47.893623 -8.478551
-23.183836 47.908146 -7.957254
-22.930422 47.898235 -8.483809
-22.866413 47.910206 -8.617766
-22.948587 47.894566 -8.442391
-23.278677 47.909069 -7.816209
-23.054657 47.897282 -8.239431
-23.283545 47.886696 -7.743464
-22.884741 47.907578 -8.464417
-23.179113 47.913586 -7.898319
-22.941397 47.898605 -8.411536
-23.127871 47.891766 -8.089024
-23.270918 47.903221 -7.746297
-22.853210 47.905296 -8.554054
-23.002592 47.909271 -8.232581
-22.892805 47.895844 -8.544192
-22.840836 47.900871 -8.536064
-23.015350 47.901413 -8.310420
-22.891127 47.904655 -8.475642
-22.855888 47.917515 -8.585241
-22.881037 47.887287 -8.509432
-23.070547 47.897861 -8.084887
-22.868729 47.904678 -8.477371
-23.209608 47.894016 -7.917316
-23.003635 47.903690 -8.279387
-22.876968 47.899567 -8.564214
-23.263815 47.906910 -7.777732
-22.990685 47.904598 -8.237473
-23.082132 47.910553 -8.099298
-23.091143 47.908092 -8.154930
-22.829313 47.906815 -8.548245
-23.086847 47.898331 -8.079949
-23.180483 47.911919 -7.983891
-22.956579 47.902439 -8.364230
-23.159630 47.901146 -7.905776
-22.914248 47.891209 -8.369805
-23.283689 47.883926 -7.758188
-22.929750 47.900887 -8.380546
-23.243322 47.888458 -7.730156
-22.938328 47.904324 -8.364810
-23.002390 47.894234 -8.233196
-23.097481 47.895748 -8.080981
-23.017090 47.892509 -8.233007
-23.172403 47.895576 -7.904462
-22.849291 47.885662 -8.550312
-23.169874 47.913883 -7.920612
-23.071209 47.912525 -8.073203
-22.875061 47.905201 -8.480745
-22.969694 47.894783 -8.364174
-22.921194 47.905735 -8.354651
-22.836826 47.904301 -8.551026
-23.256357 47.887882 -7.729121
-23.076761 47.909584 -8.122467
-23.185734 47.900982 -7.903750
-22.990133 47.904999 -8.249651
-22.886316 47.891296 -8.468212
-23.263460 47.889095 -7.737445
-22.908426 47.896000 -8.472125
-23.165417 47.914722 -7.946577
-23.027176 47.886044 -8.232515
-22.846588 47.914928 -8.605163
-22.866816 47.916035 -8.455185
-23.160059 47.918022 -7.890639
-23.107367 47.894249 -8.081655
-22.929281 47.901196 -8.431249
-23.255045 47.910751 -7.808297
-22.983021 47.911797 -8.223443
-23.250481 47.906715 -7.738991
-22.919409 47.896370 -8.399857
-22.826788 47.885384 -8.539533
-22.822964 47.910324 -8.526888
-22.836365 47.920151 -8.573870
-22.872520 47.900543 -8.532476
-22.869127 47.903297 -8.466244
-22.993053 47.902153 -8.299792
-22.863688 47.897762 -8.499429
-23.050209 47.903336 -8.077687
-23.186049 47.890491 -7.912690
-22.841423 47.886593 -8.466959
-22.986130 47.911182 -8.269218
-23.060080 47.909088 -8.092131
-23.242397 47.908474 -7.769855
-22.969311 47.907146 -8.229645
-22.808758 47.907402 -8.538532
-22.850292 47.882740 -8.548513
-23.062422 47.894871 -8.074865
-23.267025 47.890369 -7.748433
-22.937160 47.907955 -8.355258
-23.136292 47.901608 -7.901377
-23.068954 47.910831 -8.144417
-22.897463 47.904587 -8.361314
-22.985346 47.902630 -8.224427
-23.155348 47.910645 -7.976232
-22.910801 47.906425 -8.370690
-22.914160 47.896008 -8.356332
-23.222879 47.892830 -7.725134
-23.075537 47.896282 -8.073928
-23.151443 47.898041 -7.897983
-22.997679 47.898029 -8.224038
-22.829674 47.886303 -8.538834
-23.050083 47.911987 -8.066552
-23.147934 47.914421 -7.913560
-22.950224 47.899300 -8.355145
-22.906212 47.919090 -8.344850
-23.158188 47.891392 -7.903633
-22.854103 47.905888 -8.469692
-23.233952 47.889282 -7.725241
-22.815708 47.901989 -8.539804
-23.056322 47.912182 -8.112871
-22.972631 47.912491 -8.239483
-23.242857 47.890472 -7.732255
-22.871027 47.907616 -8.459461
-23.139915 47.919418 -7.884560
-23.142031 47.913307 -7.939837
-22.886438 47.893764 -8.460443
-23.011229 47.897480 -8.222149
-22.826191 47.917629 -8.593331
-23.085836 47.893806 -8.073661
-22.846991 47.921638 -8.444868
-23.233866 47.914154 -7.729291
-22.962933 47.913300 -8.215134
-22.908323 47.901886 -8.420194
-23.229227 47.906345 -7.803583
-22.808399 47.893814 -8.531186
-22.903662 47.911793 -8.389709
-22.800251 47.903076 -8.515814
-22.853523 47.904198 -8.520279
-22.846519 47.898045 -8.455281
-22.814995 47.920925 -8.561469
-23.168911 47.896900 -7.903815
-22.972311 47.906837 -8.288964
-22.843147 47.897476 -8.487436
-22.825663 47.902889 -8.459091
-23.026413 47.902889 -8.071889
-22.966780 47.916817 -8.258021
-23.040567 47.912617 -8.083051
-23.248398 47.893837 -7.739819
-23.223469 47.914036 -7.760010
-22.949381 47.911644 -8.221502
-22.787127 47.904072 -8.528140
-23.044462 47.902344 -8.065586
-22.830833 47.886372 -8.537202
-23.114868 47.904049 -7.895782
-22.912643 47.900730 -8.345493
-22.894325 47.916836 -8.361146
-23.058914 47.903709 -8.064222
-22.879702 47.916039 -8.352251
-23.049606 47.916473 -8.133222
-23.199492 47.893181 -7.722966
-22.965990 47.909145 -8.215514
-22.981676 47.908470 -8.213614
-22.896919 47.908482 -8.346442
-23.132502 47.904472 -7.890418
-23.136580 47.918316 -7.964269
-22.811752 47.894756 -8.529602
-23.129869 47.919903 -7.904170
-23.030054 47.914494 -8.058301
-22.885094 47.917667 -8.335912
-22.928751 47.898972 -8.344921
-23.140182 47.897873 -7.894301
-23.213408 47.891655 -7.720108
-22.831341 47.897644 -8.458563
-22.792854 47.890869 -8.526282
-23.033922 47.911812 -8.104419
-22.953062 47.915016 -8.230346
-23.223297 47.893894 -7.725409
-23.119774 47.920811 -7.878481
-22.994600 47.904903 -8.212440
-22.853674 47.918095 -8.449457
-23.067251 47.898262 -8.065097
-23.118649 47.911896 -7.933099
-22.870222 47.909161 -8.451179
-23.209389 47.910583 -7.726438
-22.826441 47.922234 -8.435157
-22.944912 47.919769 -8.205793
-22.807346 47.924278 -8.581300
-22.893147 47.919327 -8.409273
-23.209322 47.909981 -7.793167
-22.883684 47.914410 -8.379226
-22.787346 47.892502 -8.520022
-22.784588 47.921364 -8.508052
-23.152243 47.903336 -7.894057
-22.824219 47.890701 -8.445553
-22.795424 47.922562 -8.550043
-22.833084 47.905907 -8.508396
-22.826824 47.910873 -8.478058
-22.950840 47.906509 -8.278741
-23.005348 47.903351 -8.065296
-22.800743 47.887684 -8.448887
-23.225260 47.890221 -7.736540
-23.021057 47.916142 -8.073972
-23.200966 47.912560 -7.753733
-22.944843 47.916466 -8.248682
-23.020914 47.898811 -8.060962
-22.767191 47.908558 -8.519994
-22.928011 47.914188 -8.213675
-22.895649 47.910118 -8.336778
-22.816725 47.908607 -8.529243
-22.875792 47.921398 -8.350349
-23.035833 47.900204 -8.058714
-23.092007 47.904537 -7.890501
-22.859819 47.921528 -8.344161
-22.946009 47.912643 -8.207316
-22.961643 47.910973 -8.205360
-23.176573 47.893555 -7.719915
-23.010845 47.915932 -8.050453
-22.878481 47.915920 -8.338039
-23.111496 47.905937 -7.883883
-23.109272 47.920395 -7.896693
-23.026281 47.915176 -8.124253
-23.112740 47.916000 -7.956131
-22.794039 47.907204 -8.520593
-23.120047 47.899269 -7.888225
-23.195242 47.896027 -7.712893
-22.912224 47.908382 -8.335322
-22.866146 47.923206 -8.326056
-22.812759 47.901207 -8.447712
-22.774988 47.900322 -8.517106
-23.203115 47.894295 -7.719280
-23.010851 47.907425 -8.096628
-22.933445 47.916542 -8.221152
-23.101192 47.925274 -7.869919
-23.048094 47.900700 -8.057304
-23.191687 47.914978 -7.718338
-22.972149 47.903530 -8.203931
-22.832201 47.917759 -8.439231
-22.924154 47.917255 -8.198147
-23.102667 47.921467 -7.920397
-22.852819 47.918640 -8.441118
-22.807386 47.925770 -8.425186
-22.787371 47.926006 -8.568530
-23.178207 47.905643 -7.699624
-22.865204 47.919968 -8.368485
-22.771582 47.908794 -8.512151
-22.763935 47.919956 -8.498229
-23.128593 47.897816 -7.889322
-22.871269 47.919086 -8.397705
-23.189472 47.914616 -7.782807
-22.806355 47.900158 -8.436378
-22.773752 47.917355 -8.537312
-22.813730 47.911533 -8.497195
-22.802887 47.896713 -8.466138
-23.207106 47.893715 -7.727045
-23.000303 47.913635 -8.066327
-22.931389 47.910149 -8.267433
-22.788013 47.919823 -8.441935
-22.983419 47.903885 -8.058246
-23.179390 47.912006 -7.747972
-22.924822 47.918087 -8.238147
-23.001413 47.902340 -8.051886
-22.748953 47.919979 -8.511808
-22.908031 47.917686 -8.205478
-23.016680 47.902637 -8.050922
-22.875107 47.910713 -8.327069
-22.798292 47.915161 -8.518556
-22.856844 47.926937 -8.340492
-22.988537 47.910358 -8.045294
-22.836437 47.911144 -8.336036
-22.925407 47.913124 -8.199837
-23.070587 47.906975 -7.884907
-23.091412 47.908329 -7.877861
-23.156084 47.896927 -7.714839
-22.942183 47.915493 -8.196335
-23.088680 47.920887 -7.889217
-22.858965 47.919437 -8.328956
-23.103380 47.905704 -7.878466
-23.174700 47.898399 -7.707760
-23.003326 47.911903 -8.114291
-22.846527 47.924728 -8.316860
-22.775141 47.913731 -8.510789
-22.895241 47.916893 -8.324325
-23.092779 47.918629 -7.945656
-22.794788 47.908665 -8.438425
-23.079914 47.922626 -7.865386
-22.760349 47.921532 -8.509968
-23.184029 47.897743 -7.711552
-22.914452 47.921085 -8.211243
-22.992384 47.912998 -8.085894
-22.954950 47.908932 -8.194994
-23.029980 47.905178 -8.047857
-23.172024 47.916405 -7.711379
-22.906034 47.921730 -8.188695
-22.810421 47.911438 -8.428674
-22.787712 47.926292 -8.415935
-22.826099 47.893623 -8.428553
-23.083111 47.924004 -7.911264
-23.160912 47.909943 -7.692865
-23.113317 47.905201 -7.879194
-22.760061 47.895332 -8.549835
-22.744518 47.925465 -8.489253
-22.755095 47.928150 -8.503983
-22.851709 47.920727 -8.386282
-22.843685 47.918640 -8.358207
-23.167559 47.914280 -7.773479
-22.786842 47.903671 -8.427294
-23.188784 47.895096 -7.719662
-22.754345 47.921982 -8.526053
-22.795403 47.920082 -8.486619
-22.980228 47.915142 -8.058022
-22.789042 47.923058 -8.456170
-22.761152 47.892693 -8.431497
-23.162792 47.918568 -7.735990
-22.962414 47.905342 -8.051709
-22.912096 47.916782 -8.256292
-22.981226 47.902729 -8.045752
-22.904232 47.917686 -8.228384
-22.730558 47.928406 -8.503455
-22.855387 47.910240 -8.317764
-22.995516 47.901104 -8.044219
-22.971867 47.916786 -8.035531
-22.837793 47.930477 -8.330523
-23.071489 47.926296 -7.880284
-22.887135 47.920258 -8.196767
-22.773083 47.892208 -8.503452
-22.921427 47.912979 -8.188688
-22.904354 47.912701 -8.190960
-22.815382 47.910717 -8.327158
-23.050158 47.910458 -7.877600
-23.068399 47.905827 -7.872415
-23.134159 47.898350 -7.710077
-22.831371 47.896252 -8.320505
-23.084286 47.909142 -7.870734
-22.826807 47.924255 -8.307555
-23.155617 47.901844 -7.700032
-22.754093 47.903465 -8.498243
-23.061636 47.924995 -7.858054
-22.982273 47.911488 -8.105415
-22.873205 47.914543 -8.314874
-23.072821 47.921257 -7.935182
-23.162815 47.896099 -7.707080
-22.775793 47.913200 -8.428512
-22.739143 47.917229 -8.498638
-22.894787 47.921616 -8.201994
-22.972723 47.913528 -8.076649
-23.010672 47.904621 -8.039899
-23.154388 47.920921 -7.701053
-22.933895 47.908512 -8.186116
-22.887964 47.927200 -8.179298
-23.142176 47.912296 -7.686421
-22.760448 47.891182 -8.405057
-22.791475 47.916973 -8.418816
-23.061544 47.922569 -7.903219
-22.804483 47.890293 -8.418164
-23.094587 47.906670 -7.870466
-22.740454 47.895969 -8.538358
-22.823408 47.915268 -8.347392
-22.733267 47.920830 -8.493371
-22.723164 47.918167 -8.477759
-23.170464 47.896473 -7.712280
-22.830812 47.922413 -8.375285
-22.767380 47.908184 -8.418265
-23.146570 47.914871 -7.764664
-22.734529 47.918629 -8.514353
-22.776207 47.919750 -8.474201
-22.963152 47.921665 -8.046916
-22.745539 47.911980 -8.423786
-22.768913 47.922676 -8.445519
-23.139782 47.916069 -7.730544
-22.941929 47.907822 -8.044345
-22.976837 47.903564 -8.035544
-22.952665 47.918224 -8.027684
-22.960638 47.903214 -8.038277
-22.885708 47.922256 -8.217590
-22.893167 47.921444 -8.244156
-22.708788 47.922081 -8.492899
-22.834383 47.910812 -8.308941
-23.050850 47.925793 -7.872753
-22.817671 47.930099 -8.319875
-22.867107 47.922756 -8.188514
-22.901869 47.915504 -8.179552
-22.753429 47.891850 -8.491920
-23.064001 47.907543 -7.864491
-22.886442 47.921165 -8.181729
-23.049309 47.909264 -7.864682
-22.809952 47.889721 -8.313522
-23.029211 47.912922 -7.871121
-22.796076 47.918224 -8.318295
-23.041401 47.924393 -7.851865
-23.115698 47.904812 -7.701631
-22.808836 47.931717 -8.298265
-23.135494 47.903244 -7.693960
-22.855030 47.918015 -8.305365
-23.144032 47.897453 -7.700582
-22.732845 47.898167 -8.486860
-22.753620 47.898899 -8.417518
-22.963352 47.916153 -8.093283
-23.051424 47.921940 -7.925022
-22.991991 47.907082 -8.031223
-22.718916 47.914848 -8.487879
-22.875694 47.924164 -8.191974
-22.917116 47.912941 -8.176240
-22.953688 47.917080 -8.066687
-23.134209 47.921322 -7.694923
-22.869225 47.928658 -8.170564
-23.125517 47.918736 -7.676664
-22.767603 47.895733 -8.407858
-22.740637 47.888710 -8.395645
-23.075340 47.907116 -7.862567
-23.042982 47.926151 -7.892375
-22.786833 47.894787 -8.407828
-23.153082 47.897900 -7.703131
-22.723316 47.901478 -8.527191
-22.712990 47.917454 -8.482556
-22.703596 47.920681 -8.468616
-22.804934 47.920830 -8.336652
-22.745716 47.895782 -8.408725
-22.811258 47.924053 -8.363863
-22.943329 47.920086 -8.039785
-23.128950 47.918507 -7.752057
-22.715023 47.921261 -8.502984
-22.727098 47.919411 -8.415379
-22.935371 47.921635 -8.018638
-23.121527 47.917564 -7.720935
-22.756958 47.927372 -8.463109
-22.749308 47.923313 -8.434042
-22.957689 47.905998 -8.027755
-22.922432 47.911350 -8.035268
-22.940104 47.904697 -8.030856
-22.810089 47.891430 -8.301207
-22.867186 47.926823 -8.206796
-22.685091 47.894882 -8.480734
-23.030163 47.924286 -7.865168
-22.791733 47.904778 -8.312236
-22.873203 47.924061 -8.233676
-22.885862 47.925941 -8.169123
-23.043770 47.906940 -7.858304
-22.847183 47.927250 -8.180369
-23.029650 47.910683 -7.857723
-23.020599 47.921772 -7.846451
-22.740843 47.926979 -8.485129
-22.866985 47.925686 -8.172703
-23.116243 47.904575 -7.688345
-22.775276 47.914711 -8.310594
-22.788969 47.928253 -8.288795
-23.094074 47.904140 -7.698099
-23.007645 47.912365 -7.865361
-22.790918 47.893261 -8.303559
-23.127274 47.901897 -7.690716
-22.827694 47.891739 -8.298091
-22.714775 47.903625 -8.477461
-22.740934 47.931160 -8.408328
-22.972689 47.906525 -8.023267
-22.858093 47.929657 -8.181692
-22.943396 47.918777 -8.082806
-23.113464 47.919701 -7.689566
-22.697533 47.897602 -8.474954
-23.106731 47.920090 -7.670165
-22.899570 47.919434 -8.166016
-23.032509 47.926613 -7.912891
-22.850185 47.932205 -8.160598
-22.933113 47.916687 -8.056929
-23.055925 47.905445 -7.856782
-22.747841 47.894260 -8.398499
-22.722574 47.894173 -8.386248
-23.021255 47.922600 -7.886446
-22.767536 47.893341 -8.397586
-23.135754 47.900326 -7.694037
-22.702955 47.895229 -8.513986
-22.785788 47.922375 -8.326571
-22.693577 47.922958 -8.473577
-22.681751 47.903412 -8.456577
-22.731642 47.927090 -8.399902
-22.923677 47.920620 -8.030540
-22.791758 47.926693 -8.352495
-22.693687 47.905014 -8.490110
-23.106827 47.915058 -7.744786
-22.917210 47.925114 -8.009130
-22.938911 47.906464 -8.018967
-22.728731 47.913956 -8.422895
-22.706514 47.919003 -8.405613
-23.101934 47.919109 -7.711749
-22.737921 47.930031 -8.450854
-22.920910 47.906136 -8.023007
-23.010916 47.924732 -7.857264
-22.791977 47.895901 -8.291753
-22.848043 47.928375 -8.196715
-22.902517 47.915848 -8.027123
-23.003830 47.926208 -7.836574
-22.668531 47.922192 -8.473878
-23.025097 47.909405 -7.849628
-22.864094 47.920506 -8.160850
-22.772646 47.907322 -8.302212
-23.008953 47.910057 -7.852416
-22.853758 47.927704 -8.222363
-22.722208 47.929543 -8.474215
-22.846241 47.923172 -8.165052
-23.096592 47.905998 -7.681385
-23.107920 47.901230 -7.684986
-22.826706 47.928844 -8.170714
-22.769207 47.926781 -8.279432
-22.771618 47.892696 -8.295596
-22.750332 47.891312 -8.303528
-23.075510 47.908604 -7.689536
-22.985561 47.910786 -7.860424
-22.817410 47.925125 -8.284540
-23.089849 47.923412 -7.662458
-22.698383 47.924976 -8.469393
-22.952921 47.905941 -8.016188
-22.719995 47.923771 -8.398173
-23.097218 47.925167 -7.678861
-22.881401 47.922909 -8.156503
-22.838953 47.931210 -8.171609
-22.681040 47.916958 -8.466774
-22.831396 47.932663 -8.151801
-22.923338 47.919407 -8.072212
-23.039160 47.909882 -7.846904
-22.915367 47.919193 -8.046478
-23.012505 47.928246 -7.902354
-22.728554 47.892815 -8.388252
-22.704409 47.897644 -8.376734
-22.747993 47.886902 -8.387062
-23.002693 47.926182 -7.875593
-23.119926 47.904816 -7.682394
-22.685354 47.900715 -8.503695
-22.664837 47.923737 -8.449331
-22.674530 47.926495 -8.463599
-22.766243 47.924015 -8.315144
-22.904894 47.921082 -8.021745
-22.712595 47.930626 -8.389925
-22.899397 47.927502 -8.000904
-22.765638 47.896500 -8.342348
-22.673941 47.902657 -8.478463
-23.090811 47.922756 -7.729739
-22.711329 47.923431 -8.412823
-23.083679 47.920601 -7.702130
-22.921371 47.912960 -8.008737
-22.717964 47.923687 -8.438983
-22.992704 47.927216 -7.847697
-22.902233 47.908592 -8.014325
-22.682878 47.893681 -8.395784
-22.986589 47.930618 -7.827575
-22.773815 47.899372 -8.282239
-23.008898 47.915863 -7.838975
-22.759562 47.930721 -8.290290
-22.829521 47.932938 -8.185911
-22.845926 47.923981 -8.151334
-22.648569 47.916725 -8.464292
-22.882401 47.916355 -8.018756
-22.989761 47.911495 -7.844563
-23.091108 47.904671 -7.675055
-22.828123 47.927643 -8.155592
-22.751186 47.933243 -8.270079
-23.076420 47.906395 -7.675248
-22.701229 47.920277 -8.461720
-22.752787 47.892151 -8.286747
-22.806013 47.927326 -8.163116
-22.834833 47.932362 -8.210217
-23.070024 47.922714 -7.657606
-22.789574 47.889751 -8.278996
-23.053484 47.908024 -7.684653
-22.936098 47.909374 -8.006250
-22.730734 47.892834 -8.294331
-22.967154 47.917355 -7.849736
-23.077976 47.925613 -7.670955
-22.863081 47.923389 -8.146822
-22.678684 47.923618 -8.457798
-22.696873 47.899471 -8.387514
-22.818626 47.927719 -8.163017
-22.812510 47.931122 -8.142895
-23.021770 47.911301 -7.837743
-22.660173 47.901611 -8.455299
-22.895664 47.918728 -8.037170
-22.903282 47.920029 -8.061617
-22.991312 47.924835 -7.893307
-23.099903 47.900131 -7.677323
-22.686295 47.902107 -8.367272
-22.710489 47.898273 -8.378847
-22.987072 47.933777 -7.861883
-22.730701 47.898376 -8.377104
-22.654585 47.912075 -8.452637
-22.667048 47.900307 -8.491733
-22.645224 47.925255 -8.440127
-22.887150 47.923584 -8.011293
-22.880617 47.927959 -7.992109
-22.747101 47.925560 -8.305058
-22.688339 47.902287 -8.380815
-22.657043 47.914032 -8.469842
-22.902075 47.912395 -8.000772
-22.745331 47.892128 -8.331478
-22.970385 47.937073 -7.816917
-23.068014 47.927204 -7.688368
-23.071634 47.923321 -7.719606
-22.692802 47.927990 -8.402017
-22.973928 47.927681 -7.838905
-22.695719 47.898438 -8.426497
-22.884691 47.915085 -8.004093
-22.664148 47.895130 -8.387044
-22.989038 47.913284 -7.831787
-22.827291 47.927429 -8.142702
-22.756371 47.907852 -8.272115
-22.810329 47.933491 -8.175771
-22.740471 47.933266 -8.280258
-23.073780 47.907093 -7.665952
-22.629257 47.924221 -8.455415
-23.058622 47.908787 -7.667027
-22.862902 47.919876 -8.009667
-22.969183 47.911980 -7.837082
-22.809135 47.932182 -8.145671
-22.731995 47.933792 -8.259937
-23.051138 47.922066 -7.650987
-22.918709 47.910786 -7.997087
-22.734777 47.898613 -8.277397
-22.816158 47.933933 -8.199247
-22.680813 47.913910 -8.450735
-22.779375 47.925129 -8.265546
-22.716089 47.921242 -8.283986
-22.785589 47.929916 -8.153512
-23.033363 47.909416 -7.678570
-23.060072 47.926010 -7.662623
-22.660559 47.928082 -8.448333
-23.003349 47.910675 -7.830239
-22.945023 47.914776 -7.844740
-22.842808 47.920902 -8.138286
-22.800877 47.930222 -8.152563
-22.794342 47.934597 -8.133377
-22.678707 47.902939 -8.377998
-22.642902 47.923027 -8.446763
-23.085934 47.905598 -7.664426
-22.878187 47.925343 -8.024713
-22.667116 47.894577 -8.358041
-22.691557 47.895733 -8.369887
-22.883696 47.920681 -8.050138
-22.973736 47.929459 -7.880741
-22.712135 47.893864 -8.367150
-22.967373 47.933315 -7.852576
-22.867754 47.921028 -8.003219
-22.624893 47.902855 -8.428734
-22.860703 47.924381 -7.984864
-22.635523 47.924561 -8.444033
-22.651253 47.933624 -8.484315
-22.729095 47.931141 -8.293423
-22.669260 47.896751 -8.371692
-22.951960 47.936443 -7.809411
-22.885870 47.918846 -7.990115
-22.955503 47.927052 -7.831399
-22.639067 47.929558 -8.459636
-23.049709 47.927700 -7.678694
-22.734505 47.932560 -8.317837
-22.971235 47.915676 -7.823563
-22.670927 47.901649 -8.390825
-23.054482 47.926979 -7.706105
-22.865398 47.914524 -7.996129
-22.645565 47.899567 -8.378466
-23.055933 47.908489 -7.657677
-22.740156 47.922367 -8.260549
-22.808205 47.929977 -8.132672
-22.679989 47.931873 -8.416855
-22.792225 47.937080 -8.164028
-22.721846 47.935829 -8.269342
-22.950813 47.912350 -7.829633
-23.035458 47.929546 -7.639503
-22.609251 47.917755 -8.445775
-22.713871 47.938255 -8.250472
-23.039957 47.911255 -7.658349
-22.841187 47.916317 -8.003732
-22.788963 47.931686 -8.137244
-22.901018 47.914288 -7.986691
-22.761156 47.927601 -8.255973
-22.663458 47.924381 -8.440716
-22.716763 47.905075 -8.268046
-22.796516 47.933582 -8.187710
-23.043423 47.931568 -7.650571
-22.986950 47.913139 -7.819366
-23.015732 47.913925 -7.668233
-22.697248 47.928768 -8.274226
-22.766083 47.933434 -8.144419
-22.826696 47.929340 -8.127735
-22.638756 47.893787 -8.435822
-22.781075 47.927753 -8.143144
-22.926048 47.919323 -7.834826
-22.774021 47.931107 -8.124787
-22.659941 47.902508 -8.366921
-22.622177 47.892654 -8.434935
-23.069540 47.908066 -7.653555
-22.652336 47.929939 -8.348953
-22.859522 47.926918 -8.013746
-22.673195 47.895210 -8.360153
-22.865030 47.922256 -8.039172
-22.694838 47.905334 -8.357188
-22.948095 47.931877 -7.842331
-22.953020 47.926075 -7.870811
-22.844797 47.928738 -7.975436
-22.606785 47.899242 -8.420177
-22.851145 47.927570 -7.991217
-22.616430 47.927097 -8.433999
-22.934618 47.938858 -7.800301
-22.631971 47.931290 -8.471781
-22.651342 47.905205 -8.362447
-22.710472 47.933708 -8.282507
-22.865492 47.915241 -7.983754
-22.940399 47.935669 -7.816857
-23.031925 47.929214 -7.668191
-22.620340 47.930126 -8.448608
-22.951946 47.915119 -7.815601
-22.846155 47.914959 -7.988219
-23.040058 47.911980 -7.645977
-23.016924 47.927803 -7.634170
-22.626736 47.899017 -8.369615
-22.714960 47.934196 -8.306407
-23.034740 47.925522 -7.696746
-22.721939 47.924839 -8.250977
-22.789421 47.930431 -8.123875
-22.654015 47.929173 -8.380389
-22.658382 47.901569 -8.404562
-22.773037 47.937630 -8.153887
-22.695551 47.938732 -8.240788
-22.590635 47.931141 -8.438562
-22.932659 47.915833 -7.820122
-22.702753 47.938370 -8.259309
-23.024746 47.918758 -7.645982
-22.881927 47.909641 -7.979851
-22.769611 47.930122 -8.129221
-23.025305 47.928852 -7.644300
-22.821894 47.915756 -7.995767
-22.698502 47.906548 -8.258421
-22.969566 47.914555 -7.810204
-22.743299 47.936176 -8.244501
-22.642820 47.904072 -8.428085
-22.807714 47.925808 -8.118719
-22.746733 47.931870 -8.136395
-22.756266 47.926411 -8.117519
-22.996597 47.916367 -7.660436
-22.764294 47.932178 -8.133255
-22.676928 47.925274 -8.265635
-22.777023 47.936222 -8.176336
-22.641882 47.899895 -8.358420
-23.052982 47.908421 -7.644800
-22.905775 47.917717 -7.828575
-22.619869 47.900311 -8.426010
-22.604210 47.900105 -8.425634
-22.631142 47.900417 -8.340295
-22.841778 47.929420 -8.003293
-22.654213 47.899746 -8.350233
-22.930870 47.935410 -7.831051
-22.676992 47.905834 -8.346624
-22.847452 47.926876 -8.026604
-22.933743 47.924641 -7.860568
-22.826536 47.930222 -7.965811
-22.833704 47.927982 -7.981997
-22.915581 47.935211 -7.793515
-22.588345 47.932766 -8.411365
-22.597788 47.930534 -8.425360
-22.692003 47.931190 -8.272660
-22.848055 47.915657 -7.974535
-22.922443 47.935066 -7.808467
-22.612749 47.921883 -8.460209
-22.632170 47.897675 -8.353215
-22.935432 47.916462 -7.806897
-22.602016 47.930595 -8.438923
-23.013573 47.928711 -7.658462
-23.023031 47.912308 -7.638104
-22.771360 47.927822 -8.115373
-22.997475 47.925137 -7.628326
-22.827995 47.918434 -7.978705
-22.703203 47.926289 -8.242231
-22.692982 47.906742 -8.297391
-22.633898 47.902691 -8.370122
-22.607344 47.896450 -8.361539
-22.913725 47.914181 -7.813447
-22.685663 47.944881 -8.248183
-23.005299 47.916092 -7.640139
-22.865107 47.913074 -7.969913
-22.641253 47.907078 -8.393386
-23.017540 47.928181 -7.683189
-23.007357 47.928253 -7.635914
-22.676460 47.941273 -8.230754
-22.753702 47.935188 -8.143583
-22.570877 47.929665 -8.429193
-22.954086 47.917946 -7.799842
-22.750166 47.926563 -8.121090
-22.724831 47.933662 -8.234654
-22.679771 47.907997 -8.249679
-22.803478 47.922318 -7.985072
-22.789499 47.928284 -8.109148
-22.625862 47.922520 -8.418499
-23.036375 47.907776 -7.635991
-22.738926 47.936008 -8.105216
-22.977928 47.918827 -7.651755
-22.658083 47.932800 -8.255872
-22.726357 47.935455 -8.126842
-22.745060 47.931728 -8.123061
-22.602278 47.897720 -8.416625
-22.758968 47.940811 -8.164646
-22.624186 47.903385 -8.348019
-22.886585 47.919155 -7.820721
-22.586493 47.930565 -8.417118
-22.823885 47.928932 -7.992676
-22.639450 47.926151 -8.339770
-22.612820 47.908966 -8.329705
-22.659548 47.906239 -8.337401
-22.913031 47.935921 -7.820489
-22.809097 47.930634 -7.956590
-22.828739 47.927452 -8.015582
-22.917152 47.930309 -7.846287
-22.815393 47.928467 -7.972317
-22.897158 47.934582 -7.786008
-22.832365 47.923126 -7.963045
-22.568871 47.901230 -8.401294
-22.674301 47.934685 -8.262256
-22.578449 47.928082 -8.415053
-22.905735 47.939617 -7.796355
-22.595709 47.929386 -8.449137
-22.919130 47.920921 -7.796130
-22.615875 47.938160 -8.343472
-22.979462 47.924416 -7.622164
-23.004572 47.910686 -7.630549
-22.995691 47.928234 -7.647850
-22.583342 47.932159 -8.427949
-22.850191 47.918480 -7.958773
-22.810917 47.924953 -7.967584
-22.685600 47.931774 -8.231936
-22.752939 47.934383 -8.104674
-22.679049 47.939281 -8.284147
-22.987968 47.918507 -7.631032
-22.616152 47.905182 -8.359666
-22.936956 47.916275 -7.791858
-22.588566 47.896896 -8.352741
-22.896605 47.919704 -7.802276
-22.666471 47.945427 -8.238039
-22.624022 47.910595 -8.382100
-23.000124 47.927727 -7.671693
-22.658140 47.941750 -8.221068
-22.990654 47.932812 -7.623805
-22.735853 47.935692 -8.133018
-22.551313 47.932171 -8.420040
-22.707226 47.939148 -8.224359
-22.731646 47.931126 -8.110283
-22.771957 47.926697 -8.099816
-23.020803 47.909176 -7.625523
-22.660849 47.905457 -8.240720
-22.607176 47.906063 -8.407009
-22.721174 47.938507 -8.094758
-22.782965 47.922916 -7.975360
-22.726084 47.928196 -8.114046
-22.958391 47.921364 -7.642614
-22.584316 47.923195 -8.407838
-22.638378 47.932323 -8.246558
-22.606070 47.907848 -8.338553
-22.740053 47.937393 -8.153403
-22.706089 47.932961 -8.118306
-22.866995 47.920685 -7.811523
-22.567488 47.899055 -8.406162
-22.806355 47.934547 -7.980158
-22.641605 47.904743 -8.326729
-22.618315 47.897629 -8.331168
-22.594379 47.941608 -8.318604
-22.790222 47.929096 -7.947686
-22.895353 47.938549 -7.807811
-22.811579 47.931099 -8.002073
-22.878336 47.934048 -7.777160
-22.798426 47.936104 -7.959023
-22.899996 47.933960 -7.832780
-22.813492 47.921589 -7.954142
-22.559465 47.906517 -8.405522
-22.549946 47.898682 -8.392333
-22.887379 47.939110 -7.786623
-22.900829 47.921410 -7.786454
-22.577034 47.930946 -8.438163
-22.656132 47.945347 -8.249544
-22.989729 47.916222 -7.617188
-22.595226 47.901588 -8.334899
-22.977858 47.928753 -7.637292
-22.832754 47.918892 -7.949553
-22.564375 47.927734 -8.416650
-22.667282 47.932251 -8.222253
-22.921591 47.920784 -7.779324
-22.734011 47.931847 -8.095714
-22.790400 47.918354 -7.961061
-22.599588 47.930733 -8.348226
-22.969204 47.918976 -7.622242
-22.973175 47.932236 -7.614533
-22.660021 47.941940 -8.271886
-22.647749 47.945995 -8.227011
-22.639046 47.944290 -8.211032
-22.879128 47.926323 -7.789814
-22.569111 47.901402 -8.343700
-22.605255 47.910164 -8.371021
-22.981325 47.926323 -7.660568
-22.688761 47.936634 -8.214512
-22.715910 47.930233 -8.123435
-22.754211 47.929195 -8.089360
-22.712559 47.933670 -8.100250
-22.532225 47.898666 -8.408982
-22.643234 47.919014 -8.229514
-22.702343 47.937965 -8.085904
-22.588375 47.896561 -8.396786
-22.709465 47.934731 -8.102036
-22.763319 47.923443 -7.966105
-22.565655 47.898663 -8.397262
-22.938641 47.920784 -7.635536
-22.687050 47.936501 -8.108325
-22.588661 47.942535 -8.325793
-22.619223 47.941936 -8.235557
-22.720106 47.931934 -8.143821
-22.848434 47.924259 -7.800665
-22.548693 47.907574 -8.396453
-22.787333 47.930019 -7.971090
-22.623150 47.902225 -8.316885
-22.600151 47.901093 -8.321650
-22.773041 47.933620 -7.936453
-22.575140 47.941154 -8.308404
-22.877983 47.939087 -7.796364
-22.863060 47.940548 -7.764728
-22.779760 47.930481 -7.951244
-22.793077 47.934788 -7.988987
-22.882273 47.935589 -7.820047
-22.796881 47.928131 -7.942135
-22.885509 47.926914 -7.773972
-22.870621 47.942661 -7.774454
-22.973850 47.919712 -7.605484
-22.540911 47.902004 -8.395570
-22.531004 47.904209 -8.382460
-22.558971 47.935524 -8.426467
-22.816399 47.922348 -7.938729
-22.636602 47.938908 -8.239021
-22.906013 47.922176 -7.768852
-22.576529 47.912102 -8.325296
-22.964155 47.937447 -7.620096
-22.716311 47.935341 -8.085309
-22.546282 47.905224 -8.405300
-22.648146 47.933792 -8.212163
-22.772964 47.925964 -7.948649
-22.952503 47.923534 -7.610132
-22.997522 47.928429 -7.589973
-22.579931 47.913227 -8.338453
-22.628607 47.947536 -8.216919
-22.641201 47.940514 -8.260750
-22.859743 47.923771 -7.781742
-22.619694 47.949913 -8.199812
-22.550217 47.907928 -8.333880
-22.736561 47.933689 -8.079011
-22.670849 47.944210 -8.202980
-22.697855 47.934818 -8.111742
-22.967175 47.934116 -7.641979
-22.586493 47.909733 -8.359942
-22.684544 47.939465 -8.075390
-22.692907 47.934193 -8.090991
-22.570969 47.906033 -8.386706
-22.625996 47.947746 -8.215543
-22.512299 47.903145 -8.400822
-22.690844 47.937298 -8.091119
-22.744286 47.926987 -7.956127
-22.547087 47.902222 -8.386398
-22.568933 47.950127 -8.315563
-22.919054 47.922318 -7.626339
-22.598837 47.945518 -8.225996
-22.666527 47.937096 -8.098607
-22.701036 47.933598 -8.131507
-22.530233 47.905052 -8.386607
-22.829052 47.928902 -7.789401
-22.769703 47.933640 -7.958462
-22.755247 47.935123 -7.925941
-22.556234 47.947678 -8.298578
-22.604839 47.902699 -8.307203
-22.845221 47.941059 -7.754164
-22.582029 47.930771 -8.309501
-22.859789 47.940693 -7.784513
-22.761307 47.927971 -7.941401
-22.865915 47.921249 -7.767962
-22.852779 47.943176 -7.763890
-22.777493 47.925575 -7.934060
-22.775351 47.936413 -7.976251
-22.955860 47.918114 -7.597044
-22.862902 47.932159 -7.809694
-22.799431 47.922787 -7.928624
-22.887968 47.919579 -7.760355
-22.509541 47.939903 -8.373240
-22.521309 47.903515 -8.386364
-22.540958 47.905060 -8.413800
-22.617882 47.939480 -8.227993
-22.945709 47.934948 -7.610258
-22.557556 47.908558 -8.316280
-22.697948 47.934822 -8.075571
-22.937862 47.932178 -7.594701
-22.528244 47.901730 -8.394517
-22.629522 47.936359 -8.201243
-22.754141 47.925423 -7.939798
-22.933737 47.924000 -7.601339
-22.610189 47.946018 -8.207124
-22.719538 47.933128 -8.068849
-22.561707 47.940910 -8.326193
-22.601181 47.946400 -8.189910
-22.841440 47.924255 -7.772063
-22.652529 47.944687 -8.193294
-22.622271 47.945168 -8.248594
-22.680782 47.940453 -8.098334
-22.530663 47.910439 -8.324727
-22.568502 47.907238 -8.349214
-22.674078 47.933647 -8.082136
-22.949360 47.933758 -7.629139
-22.665310 47.939014 -8.065191
-22.494148 47.898533 -8.392211
-22.606194 47.945274 -8.206119
-22.552446 47.910587 -8.375896
-22.672901 47.935806 -8.080443
-22.528919 47.905682 -8.376876
-22.900803 47.923805 -7.616715
-22.550064 47.947701 -8.304371
-22.724331 47.929604 -7.945634
-22.579035 47.943043 -8.216572
-22.646778 47.935623 -8.089238
-22.683304 47.935219 -8.118768
-22.738274 47.935558 -7.915833
-22.511385 47.912571 -8.376838
-22.828505 47.945610 -7.742045
-22.752022 47.936260 -7.945778
-22.810600 47.933594 -7.776367
-22.536217 47.949284 -8.288024
-22.587168 47.940472 -8.293259
-22.563320 47.906124 -8.301156
-22.842579 47.943344 -7.770947
-22.743723 47.932587 -7.928825
-22.760006 47.924988 -7.924784
-22.850241 47.927845 -7.754189
-22.940964 47.922653 -7.583624
-22.835617 47.946823 -7.750377
-22.874149 47.927151 -7.745328
-22.782415 47.922226 -7.918466
-22.756493 47.933998 -7.965065
-22.845343 47.935902 -7.794841
-22.502411 47.910038 -8.376541
-22.599867 47.945057 -8.216348
-22.490814 47.923328 -8.363982
-22.928297 47.934494 -7.598759
-22.522196 47.904629 -8.402719
-22.678812 47.936367 -8.065481
-22.537741 47.914158 -8.305946
-22.610689 47.935810 -8.192386
-22.915230 47.921379 -7.593727
-22.507883 47.932396 -8.384605
-22.734707 47.921867 -7.931669
-22.700096 47.929565 -8.060717
-22.823700 47.926762 -7.761607
-22.582037 47.947941 -8.179815
-22.591158 47.948673 -8.194858
-22.542791 47.937485 -8.314947
-22.633856 47.946251 -8.182318
-22.603756 47.948849 -8.235499
-22.550400 47.945980 -8.336202
-22.646900 47.937500 -8.055398
-22.661757 47.943115 -8.086071
-22.509130 47.935188 -8.314028
-22.654894 47.934196 -8.071992
-22.933561 47.936489 -7.612927
-22.471872 47.927219 -8.383492
-22.586884 47.951897 -8.194949
-22.654842 47.940392 -8.068746
-22.534409 47.907093 -8.365112
-22.509830 47.908215 -8.366838
-22.530727 47.945251 -8.294061
-22.881634 47.924366 -7.606578
-22.719915 47.935043 -7.906095
-22.558504 47.943630 -8.206847
-22.704027 47.926117 -7.937045
-22.665104 47.936813 -8.106911
-22.491755 47.922153 -8.366714
-22.810194 47.946095 -7.732362
-22.626556 47.941319 -8.077559
-22.733776 47.936863 -7.933869
-22.568573 47.909744 -8.285933
-22.544453 47.938858 -8.288699
-22.790394 47.932102 -7.767886
-22.516926 47.947830 -8.277766
-22.726397 47.934116 -7.917428
-22.824804 47.943977 -7.758156
-22.833483 47.931396 -7.742019
-22.742167 47.925495 -7.914218
-22.818081 47.945244 -7.741045
-22.765493 47.923660 -7.908413
-22.858168 47.928642 -7.733510
-22.738459 47.937714 -7.951092
-22.482359 47.920589 -8.367353
-22.471764 47.926857 -8.353993
-22.912590 47.939220 -7.582652
-22.580931 47.949711 -8.204188
-22.504866 47.906143 -8.391321
-22.828199 47.938675 -7.779050
-22.660658 47.938957 -8.053677
-22.518698 47.917686 -8.295960
-22.592064 47.938374 -8.181463
-22.897398 47.921898 -7.583166
-22.683943 47.936127 -8.047820
-22.717377 47.930592 -7.917078
-22.490093 47.915867 -8.373582
-22.615440 47.944733 -8.172522
-22.806635 47.932404 -7.748200
-22.572371 47.931980 -8.187827
-22.562963 47.942406 -8.170688
-22.524115 47.939049 -8.303968
-22.628744 47.940090 -8.043591
-22.532047 47.944576 -8.324178
-22.643553 47.944710 -8.074211
-22.584772 47.952503 -8.223286
-22.491356 47.911469 -8.306202
-22.916615 47.936058 -7.600544
-22.635448 47.937828 -8.060664
-22.453810 47.914654 -8.373568
-22.516516 47.906590 -8.354489
-22.636030 47.938972 -8.057609
-22.566257 47.950489 -8.185117
-22.511318 47.949875 -8.282781
-22.488441 47.935959 -8.356299
-22.702793 47.939686 -7.892630
-22.793127 47.944542 -7.722146
-22.862509 47.925926 -7.596493
-22.538534 47.946236 -8.196344
-22.684847 47.926666 -7.926901
-22.471977 47.928745 -8.356427
-22.645985 47.937481 -8.094541
-22.550734 47.944527 -8.271816
-22.715837 47.935375 -7.923194
-22.606497 47.941936 -8.066952
-22.709837 47.940777 -7.903187
-22.497122 47.945354 -8.268338
-22.524485 47.941463 -8.278197
-22.771421 47.935772 -7.755678
-22.808107 47.947651 -7.743757
-22.841717 47.930107 -7.722575
-22.816629 47.932957 -7.729741
-22.724890 47.928020 -7.902875
-22.748734 47.927212 -7.896241
-22.799583 47.941742 -7.731147
-22.642904 47.941456 -8.043212
-22.461899 47.931240 -8.356819
-22.451113 47.933517 -8.343245
-22.718430 47.930260 -7.941404
-22.561575 47.938190 -8.194740
-22.666096 47.936630 -8.037251
-22.811665 47.944462 -7.762534
-22.485025 47.919807 -8.380069
-22.498875 47.923283 -8.285620
-22.880289 47.926548 -7.569707
-22.572660 47.943001 -8.170186
-22.471609 47.921413 -8.362817
-22.596766 47.946297 -8.161544
-22.697681 47.930119 -7.907764
-22.788956 47.935032 -7.735515
-22.553434 47.936630 -8.175667
-22.543295 47.950115 -8.158225
-22.504662 47.942673 -8.292636
-22.609901 47.946739 -8.031536
-22.512688 47.950195 -8.312952
-22.624691 47.942287 -8.063021
-22.565811 47.948082 -8.211986
-22.616215 47.937378 -8.050464
-22.617872 47.941563 -8.045801
-22.900927 47.939911 -7.582157
-22.467308 47.947487 -8.293358
-22.547567 47.935787 -8.178194
-22.497896 47.909149 -8.343567
-22.432270 47.922260 -8.364638
-22.684946 47.940189 -7.882059
-22.776005 47.949184 -7.708680
-22.491224 47.958553 -8.271253
-22.470331 47.922394 -8.346320
-22.844526 47.930645 -7.582572
-22.665607 47.933418 -7.913507
-22.517693 47.948914 -8.185381
-22.453871 47.915184 -8.346449
-22.628035 47.943184 -8.080668
-22.532978 47.912735 -8.264901
-22.697546 47.934978 -7.911229
-22.825638 47.929600 -7.710649
-22.506021 47.938942 -8.268346
-22.692150 47.943398 -7.890497
-22.586220 47.946636 -8.055213
-22.732746 47.928696 -7.884419
-22.799305 47.934490 -7.718344
-22.477102 47.946960 -8.257778
-22.790798 47.948307 -7.730079
-22.706486 47.926510 -7.893083
-22.782207 47.942280 -7.719695
-22.751728 47.935303 -7.746363
-22.908495 47.899780 -7.557854
-22.623932 47.937920 -8.034192
-22.442190 47.930756 -8.347496
-22.648296 47.938129 -8.026731
-22.543152 47.943863 -8.181746
-22.429987 47.940151 -8.333373
-22.701469 47.937016 -7.925819
-22.862921 47.927086 -7.558257
-22.465763 47.927422 -8.368950
-22.553972 47.928299 -8.163262
-22.579126 47.942711 -8.152097
-22.479685 47.923824 -8.275468
-22.793232 47.941082 -7.750408
-22.679779 47.936821 -7.893942
-22.534372 47.947361 -8.162477
-22.450912 47.927078 -8.352013
-22.769213 47.933567 -7.726145
-22.524082 47.941589 -8.148934
-22.485111 47.944305 -8.281192
-22.591644 47.947334 -8.019615
-22.493509 47.949860 -8.300518
-22.605829 47.939869 -8.051826
-22.599663 47.943153 -8.033935
-22.546730 47.949741 -8.199659
-22.597492 47.937946 -8.039428
-22.476376 47.942966 -8.331998
-22.880072 47.927216 -7.577537
-22.446039 47.951134 -8.283324
-22.527288 47.940483 -8.166451
-22.411100 47.927895 -8.354713
-22.758108 47.948696 -7.698050
-22.666786 47.942783 -7.870245
-22.471958 47.949028 -8.261905
-22.450241 47.931076 -8.334789
-22.810005 47.929993 -7.700110
-22.825972 47.933342 -7.569421
-22.434820 47.918709 -8.336453
-22.715464 47.931217 -7.873068
-22.512505 47.947720 -8.249391
-22.674410 47.945015 -7.877746
-22.645252 47.928928 -7.904855
-22.497234 47.942421 -8.176618
-22.486610 47.943565 -8.257059
-22.608864 47.942848 -8.068235
-22.780647 47.928867 -7.710559
-22.679922 47.937717 -7.896307
-22.689360 47.931145 -7.879611
-22.456438 47.953621 -8.247019
-22.773016 47.948933 -7.717277
-22.565811 47.941143 -8.046504
-22.765661 47.948063 -7.703166
-22.732140 47.935951 -7.734869
-22.849264 47.922382 -7.547488
-22.630352 47.936634 -8.016047
-22.604946 47.941574 -8.021971
-22.421532 47.937412 -8.336739
-22.448284 47.925945 -8.357380
-22.523769 47.940414 -8.171376
-22.844521 47.925579 -7.548461
-22.412567 47.922527 -8.323638
-22.534649 47.942112 -8.148888
-22.560177 47.931099 -8.143988
-22.682816 47.937710 -7.912558
-22.776434 47.942753 -7.735894
-22.456726 47.954811 -8.261922
-22.661324 47.934307 -7.884089
-22.751526 47.936188 -7.713449
-22.432186 47.927639 -8.340973
-22.515038 47.944908 -8.152160
-22.572962 47.948898 -8.008628
-22.503717 47.953358 -8.136214
-22.465651 47.947929 -8.269851
-22.587608 47.948654 -8.036759
-22.474422 47.951511 -8.288187
-22.580891 47.942726 -8.022841
-22.577990 47.940578 -8.028036
-22.528452 47.941261 -8.188599
-22.456869 47.945595 -8.320603
-22.425325 47.956795 -8.272509
-22.507921 47.946102 -8.155216
-22.740368 47.950321 -7.685298
-22.648529 47.943378 -7.858323
-22.388678 47.935570 -8.345313
-22.793453 47.929459 -7.689059
-22.429083 47.945778 -8.323997
-22.451672 47.953716 -8.250154
-22.820438 47.921234 -7.540103
-22.698908 47.930679 -7.862015
-22.493822 47.949280 -8.238402
-22.805874 47.932968 -7.558758
-22.763990 47.933533 -7.696204
-22.663464 47.945488 -7.879882
-22.656063 47.943619 -7.865718
-22.670998 47.930626 -7.869864
-22.413292 47.925438 -8.325237
-22.590731 47.937366 -8.057337
-22.467180 47.939114 -8.246635
-22.748344 47.948711 -7.689478
-22.625397 47.932655 -7.892173
-22.476294 47.943100 -8.165540
-22.755857 47.951698 -7.701470
-22.436272 47.952232 -8.236292
-22.545994 47.945866 -8.033873
-22.712147 47.936691 -7.722030
-22.833500 47.926105 -7.531314
-22.612753 47.941242 -8.003456
-22.586222 47.942142 -8.010932
-22.505121 47.950169 -8.157244
-22.428236 47.935619 -8.345900
-22.401680 47.933933 -8.327250
-22.826588 47.924095 -7.537781
-22.515795 47.948757 -8.136822
-22.541721 47.944843 -8.130072
-22.390017 47.936279 -8.313211
-22.436916 47.952332 -8.252485
-22.665659 47.940472 -7.896751
-22.758673 47.942505 -7.720812
-22.496042 47.948559 -8.139934
-22.641994 47.931862 -7.873775
-22.732557 47.932652 -7.704427
-22.554451 47.945385 -7.998716
-22.485157 47.948841 -8.126248
-22.413321 47.925209 -8.329773
-22.445784 47.951645 -8.257164
-22.569521 47.944164 -8.025913
-22.562540 47.941322 -8.010812
-22.454603 47.956226 -8.275555
-22.558485 47.943211 -8.016642
-22.436769 47.954269 -8.309068
-22.509415 47.943916 -8.176322
-22.723608 47.952988 -7.670831
-22.630474 47.947086 -7.844331
-22.404551 47.952389 -8.262505
-22.487246 47.943695 -8.145322
-22.778809 47.937218 -7.671330
-22.368000 47.933155 -8.335417
-22.682558 47.933250 -7.848894
-22.806572 47.933247 -7.517247
-22.410475 47.940262 -8.313978
-22.432796 47.951286 -8.238951
-22.836966 47.909164 -7.527004
-22.474577 47.948822 -8.228190
-22.747284 47.937202 -7.681794
-22.638319 47.945236 -7.852964
-22.787624 47.933571 -7.546838
-22.654070 47.938374 -7.854321
-22.447342 47.944706 -8.236281
-22.644852 47.947178 -7.866670
-22.731071 47.950359 -7.675842
-22.392584 47.931095 -8.314424
-22.738085 47.945129 -7.691863
-22.571856 47.942135 -8.042941
-22.456049 47.948788 -8.153840
-22.416197 47.952839 -8.225669
-22.605757 47.932297 -7.880621
-22.524742 47.948635 -8.021556
-22.817575 47.927711 -7.517258
-22.594852 47.940746 -7.992822
-22.692509 47.936337 -7.710478
-22.567759 47.939621 -8.001075
-22.523726 47.942345 -8.119330
-22.806282 47.914291 -7.534663
-22.485209 47.952892 -8.144504
-22.495943 47.945282 -8.127334
-22.379627 47.939636 -8.316858
-22.408543 47.934254 -8.334291
-22.416016 47.954002 -8.241456
-22.367182 47.944046 -8.302464
-22.647518 47.942184 -7.882657
-22.623476 47.935543 -7.860668
-22.535362 47.947041 -7.986382
-22.477125 47.945133 -8.128677
-22.741470 47.944275 -7.704953
-22.714462 47.935368 -7.690385
-22.464725 47.950539 -8.114336
-22.390551 47.943043 -8.318215
-22.425444 47.955338 -8.245358
-22.550608 47.940742 -8.014659
-22.543190 47.946068 -7.997294
-22.704834 47.952568 -7.659736
-22.490625 47.950676 -8.162028
-22.762674 47.935707 -7.659340
-22.419861 47.937672 -8.298499
-22.435373 47.954891 -8.263061
-22.612213 47.947681 -7.832405
-22.538326 47.941830 -8.005917
-22.832926 47.931431 -7.527763
-22.467129 47.943306 -8.134648
-22.383087 47.952038 -8.252252
-22.788475 47.929649 -7.508684
-22.665379 47.936890 -7.835365
-22.346724 47.936794 -8.325377
-22.387562 47.955105 -8.302258
-22.413364 47.946838 -8.228523
-22.731600 47.942913 -7.665720
-22.454802 47.954533 -8.215609
-22.714668 47.958256 -7.657185
-22.619658 47.945927 -7.839696
-22.635208 47.935951 -7.843123
-22.371916 47.937752 -8.303658
-22.767988 47.933224 -7.535287
-22.626657 47.947891 -7.852519
-22.426958 47.947403 -8.224423
-22.720568 47.948990 -7.674763
-22.553148 47.941826 -8.029621
-22.434544 47.947445 -8.143535
-22.395157 47.951519 -8.214479
-22.799904 47.923138 -7.507760
-22.585758 47.933033 -7.867777
-22.504845 47.944164 -8.012013
-22.577108 47.942360 -7.980068
-22.549234 47.943302 -7.987964
-22.808300 47.922432 -7.513321
-22.672712 47.940189 -7.695567
-22.504730 47.945995 -8.107103
-22.789532 47.916965 -7.520200
-22.391012 47.931778 -8.322665
-22.476854 47.946938 -8.114999
-22.360287 47.937180 -8.306536
-22.466198 47.947472 -8.133142
-22.396067 47.948532 -8.231858
-22.349483 47.930386 -8.293823
-22.516493 47.944618 -7.975179
-22.697035 47.941219 -7.673390
-22.373878 47.931427 -8.307914
-22.604080 47.939297 -7.847099
-22.629484 47.945015 -7.866386
-22.456696 47.946835 -8.116765
-22.725561 47.951317 -7.683136
-22.444025 47.955326 -8.101236
-22.405745 47.953972 -8.233746
-22.746790 47.938309 -7.645334
-22.687197 47.955303 -7.644805
-22.532238 47.946537 -7.999427
-22.524569 47.947750 -7.984076
-22.416500 47.952457 -8.251855
-22.396776 47.957592 -8.285702
-22.593748 47.951481 -7.817065
-22.519192 47.942490 -7.993529
-22.471571 47.944260 -8.150613
-22.648712 47.941551 -7.821003
-22.447523 47.943939 -8.123142
-22.361668 47.952686 -8.242048
-22.326822 47.932316 -8.315831
-22.392975 47.949532 -8.216661
-22.712538 47.937386 -7.656589
-22.372395 47.929295 -8.293480
-22.617821 47.936478 -7.831657
-22.436102 47.947021 -8.205482
-22.697094 47.954796 -7.645507
-22.601707 47.950752 -7.823526
-22.609241 47.946545 -7.838720
-22.406616 47.951092 -8.212615
-22.352392 47.931305 -8.293126
-22.704071 47.954887 -7.656000
-22.534733 47.946621 -8.014337
-22.786764 47.938412 -7.479721
-22.374985 47.950127 -8.203748
-22.559204 47.941860 -7.969431
-22.413548 47.947121 -8.132398
-22.565487 47.936852 -7.853745
-22.483051 47.953102 -7.997322
-22.529833 47.947048 -7.974392
-22.793577 47.927322 -7.493202
-22.485952 47.945564 -8.096005
-22.653938 47.946079 -7.678990
-22.772064 47.915504 -7.508634
-22.457560 47.945480 -8.104730
-22.446838 47.952213 -8.119619
-22.372097 47.928349 -8.311409
-22.341122 47.929642 -8.297293
-22.374941 47.954285 -8.219692
-22.496773 47.950451 -7.960364
-22.328491 47.930061 -8.282686
-22.437288 47.950577 -8.103189
-22.584837 47.945160 -7.831406
-22.424366 47.954960 -8.089673
-22.354918 47.926998 -8.296604
-22.678217 47.946117 -7.656762
-22.730654 47.936802 -7.633340
-22.611401 47.946846 -7.850061
-22.670336 47.955978 -7.630226
-22.386822 47.950546 -8.222486
-22.708105 47.955296 -7.663808
-22.576015 47.945904 -7.807506
-22.504805 47.952591 -7.969210
-22.512745 47.948288 -7.985748
-22.631746 47.941105 -7.808601
-22.378588 47.951103 -8.274743
-22.396578 47.955177 -8.239110
-22.499319 47.946209 -7.980837
-22.452168 47.948006 -8.137040
-22.426353 47.948696 -8.110925
-22.696756 47.947422 -7.634925
-22.344103 47.932949 -8.234436
-22.299269 47.953339 -8.305225
-22.372759 47.947144 -8.205877
-22.417320 47.946587 -8.194382
-22.350069 47.938084 -8.281898
-22.599606 47.944389 -7.814303
-22.679766 47.961761 -7.626331
-22.583820 47.949375 -7.810608
-22.386492 47.950699 -8.201936
-22.590620 47.954548 -7.820022
-22.331533 47.933971 -8.282146
-22.686453 47.956749 -7.638789
-22.769354 47.937069 -7.465925
-22.540630 47.944542 -7.956266
-22.728575 47.929531 -7.512023
-22.515974 47.945312 -8.000959
-22.354031 47.950798 -8.192659
-22.392416 47.943810 -8.121100
-22.511007 47.945618 -7.963240
-22.544741 47.946964 -7.835111
-22.462702 47.947731 -7.986380
-22.466862 47.947216 -8.083669
-22.754549 47.919365 -7.491533
-22.634041 47.947933 -7.663967
-22.436813 47.949268 -8.091577
-22.351492 47.935123 -8.298415
-22.427048 47.948856 -8.107900
-22.319437 47.933372 -8.285905
-22.715544 47.943653 -7.614206
-22.353428 47.952938 -8.209382
-22.476982 47.947098 -7.948645
-22.304861 47.939888 -8.271574
-22.416536 47.954365 -8.090033
-22.659706 47.948925 -7.641369
-22.651779 47.951469 -7.620259
-22.333326 47.932724 -8.285322
-22.404102 47.951576 -8.078835
-22.565296 47.945919 -7.817672
-22.593405 47.950672 -7.833838
-22.690084 47.950935 -7.650734
-22.366024 47.953331 -8.209277
-22.614265 47.939636 -7.797028
-22.557499 47.948708 -7.792109
-22.486353 47.949192 -7.957067
-22.359198 47.947647 -8.264366
-22.739656 47.944176 -7.454916
-22.493469 47.945957 -7.973199
-22.378033 47.949780 -8.226861
-22.432716 47.950748 -8.123410
-22.478748 47.944920 -7.968764
-22.679630 47.951180 -7.619162
-22.405043 47.950462 -8.098547
-22.331461 47.932564 -8.271875
-22.353054 47.945778 -8.194261
-22.580671 47.948162 -7.799845
-22.317766 47.950058 -8.220965
-22.396618 47.951370 -8.181281
-22.276142 47.955116 -8.294148
-22.661428 47.959492 -7.612017
-22.564791 47.951157 -7.796043
-22.572372 47.954266 -7.805811
-22.523190 47.944065 -7.944743
-22.365494 47.950375 -8.190796
-22.669344 47.959633 -7.620745
-22.309063 47.939766 -8.270400
-22.496948 47.947090 -7.986395
-22.332245 47.952538 -8.181160
-22.491085 47.948341 -7.950493
-22.448345 47.943695 -8.073752
-22.370365 47.948635 -8.108417
-22.441301 47.947506 -7.973896
-22.523182 47.950947 -7.819269
-22.736986 47.915909 -7.479858
-22.699871 47.942169 -7.601326
-22.417423 47.945816 -8.081199
-22.407589 47.951599 -8.094267
-22.334044 47.925571 -8.287760
-22.613781 47.950882 -7.647650
-22.295759 47.942200 -8.274738
-22.457209 47.951935 -7.933772
-22.633413 47.956390 -7.602739
-22.641659 47.951756 -7.625090
-22.598011 47.943321 -7.781723
-22.384350 47.949215 -8.067163
-22.331553 47.952682 -8.197779
-22.395689 47.956154 -8.076769
-22.545599 47.944561 -7.806058
-22.278696 47.951916 -8.259181
-22.314270 47.926304 -8.273904
-22.574444 47.952576 -7.817048
-22.346317 47.951965 -8.197659
-22.537996 47.950462 -7.778423
-22.721462 47.938580 -7.446241
-22.466850 47.950943 -7.943381
-22.673290 47.958046 -7.628449
-22.341011 47.941154 -8.253407
-22.474123 47.949821 -7.957394
-22.359020 47.944355 -8.215494
-22.459091 47.944553 -7.957200
-22.662102 47.948715 -7.607533
-22.413124 47.950504 -8.109621
-22.384556 47.951164 -8.086573
-22.562780 47.946789 -7.786924
-22.377272 47.948910 -8.170955
-22.547050 47.951897 -7.780999
-22.308990 47.938358 -8.260129
-22.643646 47.959236 -7.596921
-22.297029 47.946648 -8.211007
-22.330956 47.949604 -8.181523
-22.253748 47.953835 -8.283373
-22.504831 47.942661 -7.932706
-22.345274 47.947987 -8.180008
-22.552893 47.955143 -7.789848
-22.651674 47.960499 -7.603476
-22.286497 47.943565 -8.258546
-22.689936 47.923775 -7.489108
-22.477558 47.949959 -7.970538
-22.311104 47.949223 -8.169857
-22.472166 47.944920 -7.939232
-22.428421 47.946419 -8.061004
-22.683727 47.946976 -7.583848
-22.346878 47.951511 -8.096048
-22.396713 47.950596 -8.068092
-22.502247 47.950748 -7.805899
-22.418753 47.950436 -7.959762
-22.311865 47.936470 -8.274051
-22.593515 47.953823 -7.631329
-22.386654 47.951397 -8.080897
-22.436827 47.953754 -7.919622
-22.271200 47.951099 -8.263107
-22.615313 47.958225 -7.586402
-22.579655 47.941921 -7.769687
-22.622068 47.951519 -7.611300
-22.376673 47.950733 -8.065399
-22.311285 47.949295 -8.186936
-22.362986 47.949986 -8.054727
-22.526205 47.947433 -7.790198
-22.287058 47.952549 -8.259100
-22.257957 47.948502 -8.249220
-22.325737 47.950668 -8.185578
-22.556259 47.952412 -7.800610
-22.518509 47.951340 -7.762456
-22.447567 47.948608 -7.930828
-22.455400 47.949509 -7.944062
-22.318270 47.950035 -8.240474
-22.655331 47.953808 -7.613146
-22.339560 47.947098 -8.201859
-22.643810 47.947441 -7.593270
-22.438200 47.945351 -7.943883
-22.392792 47.953316 -8.095527
-22.362679 47.950909 -8.074968
-22.543549 47.945454 -7.774426
-22.625706 47.956867 -7.583945
-22.357296 47.950630 -8.158151
-22.527727 47.948570 -7.768394
-22.283070 47.954494 -8.245719
-22.309860 47.947285 -8.170273
-22.486158 47.943344 -7.919429
-22.272757 47.951580 -8.198279
-22.230145 47.955589 -8.273173
-22.324694 47.946690 -8.167928
-22.534548 47.952866 -7.775529
-22.633955 47.960361 -7.586153
-22.263186 47.950424 -8.246385
-22.452391 47.949753 -7.924358
-22.409006 47.950157 -8.047421
-22.288168 47.954113 -8.156706
-22.669806 47.915203 -7.481584
-22.666471 47.935108 -7.578887
-22.458927 47.942570 -7.958184
-22.323898 47.955406 -8.082845
-22.375036 47.953453 -8.054418
-22.481461 47.952663 -7.790405
-22.562405 47.950874 -7.750610
-22.288294 47.946415 -8.260708
-22.366316 47.954208 -8.066799
-22.596849 47.961147 -7.568771
-22.396471 47.950275 -7.946811
-22.416756 47.953484 -7.906708
-22.248806 47.949818 -8.252329
-22.572609 47.946438 -7.621164
-22.355461 47.953613 -8.050839
-22.602585 47.952400 -7.595335
-22.341303 47.952839 -8.041048
-22.505980 47.951370 -7.773927
-22.288622 47.951099 -8.174973
-22.266745 47.948162 -8.248203
-22.499304 47.957317 -7.744520
-22.305666 47.950390 -8.172666
-22.233948 47.950348 -8.237676
-22.427023 47.954632 -7.913315
-22.537514 47.950230 -7.784948
-22.297731 47.949734 -8.228445
-22.626385 47.946095 -7.579464
-22.435129 47.952446 -7.927738
-22.637968 47.958897 -7.591632
-22.318710 47.948883 -8.188593
-22.373976 47.951004 -8.082088
-22.416990 47.948238 -7.929324
-22.524548 47.954548 -7.754424
-22.342094 47.949612 -8.062884
-22.608171 47.966160 -7.559065
-22.337030 47.947247 -8.147308
-22.508991 47.954575 -7.749576
-22.467255 47.948112 -7.905015
-22.262753 47.950108 -8.234821
-22.288177 47.950138 -8.156593
-22.251097 47.947239 -8.187802
-22.516283 47.958897 -7.755828
-22.302633 47.951511 -8.155237
-22.616745 47.961250 -7.567996
-22.241302 47.950165 -8.234774
-22.389811 47.949818 -8.034970
-22.651403 47.948399 -7.552032
-22.432280 47.948486 -7.911394
-22.439575 47.946434 -7.942374
-22.267292 47.947708 -8.146585
-22.652224 47.929821 -7.451169
-22.355639 47.950001 -8.044034
-22.545336 47.948433 -7.738093
-22.301052 47.953224 -8.070668
-22.266703 47.951263 -8.247136
-22.577986 47.957851 -7.555278
-22.346153 47.951942 -8.053780
-22.459600 47.951538 -7.776517
-22.374697 47.951141 -7.933026
-22.395132 47.956463 -7.890800
-22.226091 47.950623 -8.240310
-22.335613 47.949257 -8.039058
-22.320625 47.949551 -8.028857
-22.583216 47.948078 -7.582675
-22.551723 47.952682 -7.600080
-22.265169 47.954967 -8.162649
-22.485191 47.953285 -7.758431
-22.478979 47.959259 -7.728138
-22.243717 47.951057 -8.234946
-22.285036 47.948097 -8.160528
-22.407059 47.955479 -7.898225
-22.609102 47.953178 -7.558050
-22.519009 47.952152 -7.767266
-22.277103 47.947437 -8.216309
-22.620869 47.960903 -7.571301
-22.297812 47.949673 -8.175271
-22.414494 47.956470 -7.910119
-22.352764 47.953888 -8.067528
-22.505928 47.955353 -7.738913
-22.394588 47.953278 -7.913062
-22.589777 47.962887 -7.544689
-22.316221 47.950031 -8.134091
-22.448484 47.946800 -7.891629
-22.318752 47.954601 -8.048388
-22.488976 47.960747 -7.728950
-22.239344 47.954971 -8.222550
-22.265930 47.950970 -8.143690
-22.281532 47.949188 -8.143983
-22.496431 47.960865 -7.738565
-22.598963 47.966434 -7.545131
-22.635265 47.952328 -7.532267
-22.369001 47.952602 -8.021753
-22.412720 47.949238 -7.897648
-22.418627 47.952549 -7.923518
-22.526449 47.952324 -7.721398
-22.333593 47.953949 -8.029061
-22.559053 47.966190 -7.530760
-22.246069 47.948963 -8.234998
-22.279814 47.947914 -8.059254
-22.325359 47.953850 -8.038280
-22.374561 47.954292 -7.876433
-22.437212 47.955708 -7.757973
-22.351641 47.952168 -7.917434
-22.564026 47.953186 -7.562458
-22.310850 47.960487 -8.021723
-22.244019 47.951649 -8.151339
-22.464310 47.953209 -7.742828
-22.530632 47.955814 -7.581061
-22.224606 47.943634 -8.223466
-22.263302 47.949951 -8.146793
-22.590080 47.954082 -7.541196
-22.385073 47.959549 -7.881024
-22.255821 47.950195 -8.203972
-22.499193 47.961433 -7.744573
-22.394526 47.957317 -7.895028
-22.276550 47.951553 -8.160655
-22.603163 47.959892 -7.551695
-22.486792 47.955139 -7.724232
-22.430115 47.945393 -7.879583
-22.331970 47.955795 -8.052029
-22.372221 47.959316 -7.896847
-22.571022 47.960705 -7.529019
-22.295633 47.948730 -8.122005
-22.469431 47.960625 -7.712922
-22.297287 47.953373 -8.035837
-22.618502 47.954117 -7.515503
-22.580677 47.964279 -7.528578
-22.477312 47.959770 -7.721603
-22.259285 47.950024 -8.131078
-22.348841 47.950336 -8.008733
-22.391926 47.951149 -7.882148
-22.508810 47.954178 -7.704172
-22.399042 47.951427 -7.907440
-22.310711 47.958961 -8.013677
-22.540138 47.961891 -7.517210
-22.224607 47.947731 -8.222449
-22.304003 47.953739 -8.023556
-22.544636 47.955181 -7.544307
-22.415615 47.951492 -7.745266
-22.571978 47.961353 -7.517087
-22.443258 47.957333 -7.723858
-22.509809 47.955856 -7.563227
-22.232788 47.953087 -8.190710
-22.259096 47.942001 -8.149991
-22.480709 47.956161 -7.730090
-22.374422 47.955170 -7.879776
-22.465982 47.963371 -7.703244
-22.409563 47.951416 -7.862065
-22.553226 47.965889 -7.506146
-22.584780 47.962059 -7.529554
-22.311487 47.955616 -8.037766
-22.273899 47.950584 -8.108270
-22.351091 47.955124 -7.883257
-22.602516 47.953842 -7.499093
-22.450790 47.953239 -7.700559
-22.562645 47.965355 -7.507725
-22.328806 47.951057 -7.995865
-22.457348 47.966061 -7.698744
-22.369194 47.958279 -7.864639
-22.489868 47.957073 -7.687418
-22.377766 47.959629 -7.887336
-22.290388 47.954575 -8.002773
-22.522991 47.931190 -7.526476
-22.593313 47.942448 -7.386326
-22.553938 47.956989 -7.503998
-22.524115 47.959457 -7.522225
-22.421371 47.962521 -7.704475
-22.389275 47.954350 -7.845731
-22.445091 47.963291 -7.687635
-22.533865 47.960690 -7.491199
-22.567339 47.957962 -7.511129
-22.252476 47.950352 -8.095770
-22.584938 47.955818 -7.479638
-22.307535 47.952938 -7.981244
-22.348978 47.955017 -7.851559
-22.471663 47.956905 -7.670965
-22.502659 47.938576 -7.502319
-22.535114 47.960125 -7.482784
-22.369343 47.956188 -7.830685
-22.425812 47.960079 -7.672788
-22.516430 47.944832 -7.486022
-22.567669 47.955708 -7.461418
-22.452816 47.960918 -7.652029
-22.482298 47.957714 -7.464899
-22.484825 47.941593 -7.500868
-22.551071 47.952412 -7.445724
-22.497190 47.948059 -7.463454
-22.531740 47.940186 -7.484938
-22.435570 47.948162 -7.644773
-22.462236 47.955685 -7.447403
-22.498627 47.931530 -7.471655
-22.533579 47.955498 -7.424078
-22.464409 47.940659 -7.482083
-22.426714 47.918358 -7.520327
-22.480278 47.928368 -7.455034
-22.443478 47.938698 -7.464127
-22.497816 47.919388 -7.457274
-22.458790 47.943462 -7.419160
-22.424011 47.931496 -7.449059
-22.477459 47.943085 -7.409796
