# .PCD v0.7 - Point Cloud Data file format
VERSION 0.7
FIELDS x y z
SIZE 4 4 4
TYPE F F F
COUNT 1 1 1
WIDTH 3715
HEIGHT 1
VIEWPOINT 0 0 0 1
POINTS 3715
DATA ascii
-24.863876 47.688622 -9.397272
-24.818632 47.693829 -9.455849
-24.820889 47.693928 -9.445903
-24.838970 47.699162 -9.355316
-24.891953 47.700542 -9.202613
-24.968782 47.705093 -9.051720
-25.220737 47.704464 -8.507038
-24.862345 47.706837 -9.236385
-24.789349 47.702778 -9.361604
-25.072451 47.699326 -8.738880
-24.953253 47.704159 -8.990068
-24.742750 47.705219 -9.417439
-25.044296 47.707485 -8.799544
-24.744722 47.706326 -9.408443
-24.751291 47.705887 -9.317213
-24.806061 47.707756 -9.172963
-24.878513 47.711651 -9.026701
-25.126875 47.713619 -8.505555
-24.781939 47.715492 -9.204774
-24.717176 47.713593 -9.327053
-25.001156 47.715126 -8.730906
-24.863171 47.710529 -8.969518
-24.663441 47.711014 -9.377611
-24.959761 47.715939 -8.786901
-24.666813 47.711895 -9.370337
-24.684475 47.717876 -9.288314
-24.735155 47.718082 -9.147747
-24.803516 47.720306 -9.005168
-25.043312 47.722595 -8.503194
-24.703894 47.720798 -9.174281
-24.644125 47.720444 -9.293282
-24.899490 47.714382 -8.721753
-24.783976 47.716522 -8.951639
-24.593546 47.718571 -9.341949
-24.877741 47.723129 -8.773217
-24.596512 47.719467 -9.335589
-24.617590 47.725880 -9.258366
-24.664396 47.725319 -9.123753
-24.722883 47.723629 -8.982320
-24.975769 47.721664 -8.444650
-24.962763 47.730202 -8.501109
-24.639647 47.730347 -9.148766
-24.579584 47.729183 -9.263270
-24.825043 47.722488 -8.713618
-24.714104 47.724373 -8.935694
-24.807133 47.730919 -8.761325
-24.534460 47.727665 -9.312174
-24.538450 47.729427 -9.306254
-24.562782 47.738274 -9.234818
-24.609762 47.737530 -9.104666
-24.899839 47.728565 -8.446829
-24.659809 47.732780 -8.963909
-24.884077 47.734562 -8.498822
-24.589188 47.744137 -9.128226
-24.537159 47.746048 -9.242970
-24.753479 47.728230 -8.705727
-24.657309 47.735672 -8.921143
-24.737318 47.737595 -8.749817
-24.497116 47.741066 -9.205523
-24.541656 47.740414 -9.080852
-24.823559 47.732487 -8.448917
-24.611332 47.746151 -8.948649
-24.813185 47.740021 -8.496715
-24.522799 47.746872 -9.102992
-24.691639 47.735813 -8.698849
-24.466284 47.744576 -9.209245
-24.588659 47.738312 -8.905847
-24.673746 47.743511 -8.738914
-24.423298 47.742889 -9.255820
-24.425573 47.744804 -9.251326
-24.441475 47.746510 -9.181739
-24.486313 47.746670 -9.061566
-24.757814 47.738220 -8.450191
-24.544069 47.746746 -8.929632
-24.743496 47.744343 -8.494067
-24.464294 47.750603 -9.080156
-24.639141 47.746338 -8.691704
-24.416464 47.753353 -9.185805
-24.540945 47.749477 -8.893158
-24.608391 47.745590 -8.728386
-24.390108 47.753437 -9.158741
-24.434093 47.752541 -9.042588
-24.690411 47.741108 -8.451875
-24.493576 47.754288 -8.914677
-24.680050 47.747910 -8.492027
-24.570503 47.745628 -8.685239
-24.415842 47.758068 -9.060638
-24.366285 47.759151 -9.162266
-24.480352 47.751110 -8.879287
-24.564497 47.757175 -8.719584
-24.337856 47.756405 -9.136519
-24.630304 47.745190 -8.452411
-24.382385 47.758305 -9.024939
-24.618708 47.750217 -8.489855
-24.442972 47.760834 -8.899694
-24.364985 47.760811 -9.040137
-24.519875 47.752914 -8.677897
-24.312679 47.759350 -9.137301
-24.429598 47.755581 -8.866465
-24.502041 47.756886 -8.709299
-24.291801 47.761604 -9.115925
-24.591345 47.757977 -8.450170
-24.335478 47.762455 -9.008364
-24.586155 47.765411 -8.483856
-24.391890 47.763409 -8.884573
-24.463581 47.753769 -8.671433
-24.317991 47.765049 -9.021335
-24.267532 47.764431 -9.117115
-24.379229 47.758945 -8.854932
-24.456656 47.763622 -8.699927
-24.243959 47.762970 -9.095702
-24.527390 47.755386 -8.452401
-24.521492 47.762032 -8.482502
-24.288462 47.765606 -8.991761
-24.342005 47.764854 -8.868914
-24.419817 47.761177 -8.666059
-24.271385 47.768188 -9.003821
-24.226404 47.769009 -9.097636
-24.335987 47.765514 -8.843236
-24.412062 47.769245 -8.690929
-24.202435 47.767563 -9.077143
-24.489511 47.766048 -8.449592
-24.480545 47.770073 -8.478373
-24.244162 47.768394 -8.976377
-24.303307 47.771896 -8.857045
-24.375076 47.764717 -8.659225
-24.232275 47.773426 -8.987422
-24.183119 47.770851 -9.077249
-24.577642 47.773640 -8.236905
-24.295456 47.771713 -8.832757
-24.369278 47.774620 -8.682747
-24.166691 47.774403 -9.061122
-24.431311 47.762802 -8.451118
-24.434177 47.773678 -8.475195
-24.206047 47.773418 -8.962617
-24.263474 47.777073 -8.844707
-24.334846 47.771732 -8.653247
-24.194569 47.778435 -8.972751
-24.524918 47.773663 -8.241908
-24.150730 47.779301 -9.061601
-24.255592 47.775803 -8.822614
-24.321766 47.774536 -8.673651
-24.131205 47.779148 -9.046350
-24.389704 47.767784 -8.450038
-24.384598 47.772583 -8.472861
-24.172319 47.780918 -8.949675
-24.220953 47.778534 -8.832335
-24.291685 47.773037 -8.647161
-24.160225 47.785049 -8.958456
-24.488195 47.782108 -8.240755
-24.117823 47.786766 -9.046836
-24.220112 47.782372 -8.813289
-24.284441 47.780270 -8.665709
-24.097155 47.784752 -9.031111
-24.348389 47.771755 -8.448015
-24.346544 47.778255 -8.468976
-24.138071 47.787441 -8.937616
-24.185024 47.782215 -8.820672
-24.259359 47.782135 -8.641388
-24.432152 47.776436 -8.246574
-24.123600 47.787933 -8.943213
-24.081890 47.788628 -9.029731
-24.249331 47.785740 -8.657664
-24.183496 47.787075 -8.803493
-24.309786 47.775360 -8.447207
-24.063488 47.789253 -9.017159
-24.306707 47.780087 -8.465461
-24.152452 47.787502 -8.809383
-24.108078 47.795444 -8.926336
-24.223324 47.786640 -8.635140
-24.399984 47.785358 -8.245257
-24.092871 47.794060 -8.930543
-24.048508 47.792122 -9.014830
-24.144073 47.787067 -8.793626
-24.214108 47.790218 -8.649590
-24.027821 47.789021 -9.001307
-24.271599 47.778950 -8.445494
-24.270756 47.784504 -8.461444
-24.070045 47.793392 -8.912745
-24.116014 47.790203 -8.798613
-24.190645 47.792755 -8.629269
-24.354614 47.783581 -8.248102
-24.058558 47.796593 -8.917437
-24.182241 47.796307 -8.641891
-24.111603 47.792259 -8.784578
-24.016439 47.795479 -8.999425
-24.240927 47.785725 -8.442693
-24.237019 47.788666 -8.457324
-24.000462 47.796749 -8.989019
-24.035212 47.794941 -8.900521
-24.088728 47.797848 -8.788548
-24.318718 47.786823 -8.248511
-24.152836 47.793419 -8.623398
-24.030540 47.802353 -8.905985
-24.149733 47.800415 -8.635037
-24.079916 47.796337 -8.775902
-23.988960 47.802216 -8.987102
-24.201618 47.789982 -8.453610
-24.204838 47.788059 -8.440845
-23.961264 47.789925 -8.971712
-24.062223 47.804375 -8.778853
-24.007818 47.801586 -8.890429
-24.279734 47.786362 -8.249802
-24.120707 47.796429 -8.617828
-23.996284 47.801888 -8.891867
-24.117392 47.802525 -8.627200
-23.956417 47.801601 -8.971559
-24.045053 47.796806 -8.765876
-24.302061 47.782829 -8.139400
-24.175362 47.793705 -8.437509
-24.173073 47.796589 -8.448483
-23.942984 47.804504 -8.963355
-24.027121 47.802856 -8.768756
-23.977123 47.803631 -8.878949
-24.250862 47.792900 -8.247814
-24.086020 47.796715 -8.612264
-23.964855 47.802055 -8.878997
-24.079519 47.799202 -8.620280
-24.017506 47.801376 -8.757943
-23.927565 47.804485 -8.958695
-24.276245 47.791988 -8.138741
-24.145361 47.798370 -8.435064
-24.144287 47.801216 -8.443295
-23.910824 47.802788 -8.949112
-24.000504 47.808392 -8.759048
-23.945786 47.803703 -8.868326
-24.215925 47.793030 -8.247631
-24.060219 47.804043 -8.606174
-24.050417 47.801929 -8.612799
-23.936491 47.804832 -8.867466
-23.986372 47.802349 -8.749589
-23.901035 47.808105 -8.945778
-24.234488 47.788635 -8.145428
-24.116407 47.805717 -8.438512
-24.112804 47.800312 -8.432621
-23.879047 47.799969 -8.936150
-23.914618 47.801773 -8.856714
-23.969660 47.808361 -8.749738
-24.187723 47.797459 -8.245987
-24.030193 47.805801 -8.600482
-24.024788 47.807251 -8.605720
-23.911074 47.809235 -8.857213
-23.953337 47.798492 -8.741556
-23.870565 47.805153 -8.932304
-24.204544 47.792130 -8.147406
-24.083897 47.804665 -8.435045
-24.082983 47.802979 -8.429195
-23.854050 47.804352 -8.924990
-23.942694 47.810913 -8.739923
-23.888803 47.806187 -8.847382
-24.157080 47.800159 -8.244387
-23.998629 47.805706 -8.595234
-23.882118 47.807049 -8.845496
-24.003275 47.817150 -8.598211
-23.931961 47.809380 -8.734092
-23.845446 47.808540 -8.921108
-24.061323 47.812611 -8.429286
-24.175535 47.796589 -8.147598
-24.052521 47.803665 -8.426615
-23.827549 47.803890 -8.913243
-24.130072 47.803455 -8.242204
-23.917772 47.815208 -8.730991
-23.859573 47.805004 -8.836624
-23.973505 47.810921 -8.589481
-23.970213 47.812210 -8.592378
-23.852154 47.803986 -8.833349
-23.899107 47.803520 -8.725083
-23.820736 47.811913 -8.909005
-24.148211 47.799812 -8.148561
-24.030132 47.811420 -8.425320
-24.026054 47.807934 -8.423566
-23.805214 47.810898 -8.904326
-23.880976 47.802776 -8.721433
-24.105017 47.808594 -8.238673
-23.832024 47.802586 -8.826634
-23.942492 47.807724 -8.584533
-23.945782 47.816402 -8.584764
-23.827414 47.806278 -8.823440
-23.870461 47.802139 -8.717875
-23.791965 47.807720 -8.896315
-24.113653 47.797749 -8.151871
-24.003832 47.813690 -8.421285
-23.997808 47.808365 -8.420884
-23.781782 47.813049 -8.893908
-24.076353 47.809044 -8.236901
-23.861567 47.811417 -8.713791
-23.808922 47.806629 -8.818520
-23.918156 47.811821 -8.579153
-23.922375 47.821468 -8.577594
-23.804714 47.810310 -8.814412
-23.846827 47.805210 -8.710635
-23.771957 47.815468 -8.887329
-24.087645 47.800831 -8.152330
-23.979364 47.816803 -8.415865
-23.969448 47.807800 -8.418171
-24.051561 47.812084 -8.234621
-23.828133 47.800591 -8.704610
-23.755062 47.810596 -8.882105
-23.788506 47.814392 -8.810450
-23.889601 47.810349 -8.574180
-23.892315 47.815155 -8.572028
-24.118479 47.803204 -8.046725
-23.783321 47.814205 -8.804875
-23.824619 47.809139 -8.702925
-23.750689 47.820351 -8.877832
-24.062044 47.803898 -8.151881
-23.954258 47.817940 -8.411288
-23.944181 47.810940 -8.414587
-24.025875 47.815243 -8.231946
-23.811697 47.811935 -8.696065
-23.732136 47.812641 -8.873013
-23.767729 47.819172 -8.802268
-23.859673 47.805027 -8.568661
-23.868151 47.817249 -8.565670
-24.094175 47.806141 -8.045762
-23.763071 47.819965 -8.795819
-23.803555 47.814930 -8.695695
-23.728046 47.821388 -8.867788
-23.930698 47.820927 -8.406279
-24.036972 47.807945 -8.150561
-23.921762 47.815792 -8.410055
-24.004744 47.819969 -8.226892
-23.797295 47.825024 -8.688397
-23.710514 47.814545 -8.863409
-23.747074 47.824947 -8.794130
-23.840757 47.813560 -8.562346
-23.849920 47.824764 -8.557485
-24.070282 47.809063 -8.043888
-23.742582 47.823742 -8.786691
-23.784527 47.822464 -8.689345
-23.706545 47.824287 -8.858226
-23.904957 47.820087 -8.402551
-24.014629 47.812714 -8.148254
-23.892014 47.810284 -8.408998
-23.979725 47.821014 -8.224551
-23.769375 47.818539 -8.680510
-23.691414 47.822166 -8.854841
-23.725046 47.826866 -8.785444
-23.821079 47.819126 -8.556832
-24.047289 47.811863 -8.042418
-23.816563 47.812756 -8.552741
-23.719418 47.823799 -8.777531
-23.766264 47.832962 -8.682199
-23.686184 47.829048 -8.849144
-23.989698 47.813667 -8.148144
-23.885790 47.826645 -8.396158
-23.869604 47.815132 -8.404477
-23.955606 47.821941 -8.222613
-23.752939 47.829884 -8.671975
-23.675198 47.834400 -8.848578
-23.705173 47.831524 -8.777676
-24.022758 47.812809 -8.041393
-23.796288 47.819248 -8.551329
-23.802555 47.825836 -8.544164
-23.701088 47.830307 -8.769324
-23.744198 47.833801 -8.675706
-23.665586 47.831825 -8.839990
-23.858158 47.820972 -8.392766
-23.963234 47.812771 -8.148478
-23.847857 47.817875 -8.400283
-23.934366 47.825672 -8.217537
-23.735617 47.837269 -8.664205
-23.649820 47.827728 -8.837449
-23.682749 47.833458 -8.769915
-24.002121 47.817432 -8.037664
-23.780216 47.829494 -8.544070
-23.781504 47.827553 -8.538107
-23.685673 47.842518 -8.761234
-23.724201 47.837467 -8.667901
-23.639118 47.820297 -8.827364
-23.943247 47.819363 -8.143923
-23.837456 47.825676 -8.386828
-23.829067 47.823326 -8.395184
-23.912483 47.827431 -8.213310
-23.712824 47.836227 -8.656338
-23.626238 47.820820 -8.827132
-23.666567 47.842701 -8.762636
-23.979019 47.819241 -8.036181
-23.757341 47.830364 -8.539422
-23.762634 47.833092 -8.530788
-23.666321 47.848152 -8.752610
-23.704039 47.843136 -8.661104
-23.620560 47.824818 -8.819100
-23.815994 47.827412 -8.381697
-23.924683 47.826817 -8.138896
-23.890203 47.829201 -8.210003
-23.807966 47.828041 -8.390168
-23.697281 47.847450 -8.648219
-23.956701 47.819931 -8.035061
-23.606142 47.823483 -8.819312
-23.646580 47.846363 -8.754849
-23.739611 47.837769 -8.532579
-23.742634 47.836769 -8.522996
-23.646332 47.851814 -8.744823
-23.677820 47.835411 -8.654009
-23.965134 47.809910 -7.980985
-23.609640 47.847469 -8.813956
-23.900431 47.825661 -8.139135
-23.795958 47.830006 -8.376091
-23.865747 47.827145 -8.207979
-23.782270 47.823120 -8.387638
-23.663233 47.822498 -8.641192
-23.935314 47.821587 -8.032154
-23.618437 47.830906 -8.744829
-23.586454 47.826134 -8.810581
-23.720711 47.834522 -8.517721
-23.716791 47.835644 -8.526907
-23.657967 47.835991 -8.647423
-23.615448 47.828659 -8.733703
-23.948389 47.818214 -7.974568
-23.773506 47.826786 -8.371692
-23.582075 47.829998 -8.802035
-23.876587 47.824493 -8.138465
-23.848658 47.832458 -8.201454
-23.763372 47.827576 -8.382512
-23.658592 47.854649 -8.632133
-23.913929 47.823246 -8.029251
-23.577793 47.852516 -8.806388
-23.596447 47.828743 -8.737341
-23.693457 47.832539 -8.522118
-23.702251 47.840046 -8.509497
-23.594641 47.825367 -8.725659
-23.640247 47.843388 -8.640592
-23.927616 47.820759 -7.973017
-23.753878 47.829365 -8.365180
-23.857792 47.829956 -8.133373
-23.561914 47.828678 -8.793157
-23.828211 47.835072 -8.196767
-23.740761 47.826355 -8.379111
-23.896311 47.827583 -8.023602
-23.628014 47.832298 -8.625512
-23.573635 47.819630 -8.729589
-23.549484 47.832077 -8.795277
-23.685822 47.847313 -8.502147
-23.676744 47.840809 -8.515722
-23.575850 47.827900 -8.717334
-23.609392 47.822041 -8.634931
-23.905306 47.821449 -7.971910
-23.735266 47.832817 -8.359108
-23.838474 47.834438 -8.129161
-23.551739 47.854294 -8.787217
-23.804428 47.830906 -8.195078
-23.720734 47.828945 -8.373520
-23.875307 47.828136 -8.021981
-23.607935 47.830891 -8.618861
-23.538902 47.857704 -8.790253
-23.554850 47.822159 -8.721268
-23.656303 47.828735 -8.499224
-23.660954 47.850048 -8.507537
-23.559202 47.833168 -8.709919
-23.883898 47.822014 -7.971205
-23.589201 47.819637 -8.628245
-23.715002 47.833420 -8.353442
-23.816982 47.835091 -8.126233
-23.533180 47.858807 -8.778972
-23.784124 47.830429 -8.191597
-23.703022 47.832272 -8.367850
-23.855112 47.828659 -8.018535
-23.599354 47.856464 -8.609260
-23.541174 47.837112 -8.715032
-23.513042 47.838997 -8.779111
-23.644863 47.845623 -8.488482
-23.640816 47.851635 -8.501915
-23.536924 47.825031 -8.701303
-23.864460 47.825508 -7.966959
-23.574795 47.832718 -8.620620
-23.699865 47.840557 -8.345578
-23.794973 47.834766 -8.124187
-23.761654 47.826126 -8.189402
-23.503653 47.824455 -8.766429
-23.684532 47.836708 -8.361825
-23.834919 47.829185 -8.015092
-23.579910 47.857025 -8.601776
-23.628080 47.849907 -8.481027
-23.490587 47.825878 -8.769395
-23.518261 47.827003 -8.707259
-23.609922 47.828117 -8.500646
-23.845396 47.827900 -7.963990
-23.518799 47.825455 -8.693310
-23.552200 47.824501 -8.615148
-23.673347 47.827591 -8.345000
-23.774790 47.835281 -8.120749
-23.748707 47.838188 -8.178067
-23.485533 47.824875 -8.758439
-23.657616 47.823753 -8.362164
-23.818748 47.835468 -8.006788
-23.554585 47.841110 -8.595206
-23.609764 47.852341 -8.474017
-23.471949 47.825317 -8.762283
-23.499500 47.825451 -8.700108
-23.602999 47.857628 -8.488450
-23.826738 47.830276 -7.960110
-23.500677 47.825878 -8.685321
-23.534681 47.825813 -8.608504
-23.656446 47.830891 -8.337509
-23.757816 47.841583 -8.114280
-23.729712 47.837574 -8.174079
-23.467299 47.824299 -8.750414
-23.798819 47.833897 -8.004588
-23.646162 47.840645 -8.351424
-23.536047 47.841549 -8.588129
-23.591852 47.854759 -8.466096
-23.482975 47.831711 -8.692744
-23.453951 47.826725 -8.754337
-23.581877 47.854259 -8.483565
-23.807068 47.831783 -7.955798
-23.483801 47.829159 -8.677844
-23.635700 47.826427 -8.333898
-23.515514 47.824280 -8.602271
-23.713432 47.842854 -8.165747
-23.730293 47.829563 -8.118714
-23.450661 47.829559 -8.743016
-23.780972 47.836243 -7.998883
-23.622726 47.831379 -8.349973
-23.516060 47.833069 -8.581630
-23.573421 47.856197 -8.459055
-23.437920 47.832870 -8.748290
-23.465464 47.833015 -8.686110
-23.563913 47.859669 -8.476677
-23.787373 47.832195 -7.953678
-23.621603 47.835526 -8.324291
-23.466925 47.832436 -8.670370
-23.497999 47.825588 -8.595635
-23.711014 47.829956 -8.115685
-23.689180 47.833618 -8.166123
-23.433907 47.833828 -8.735583
-23.764162 47.840549 -7.991426
-23.607214 47.839611 -8.340849
-23.498165 47.835476 -8.573722
-23.557272 47.862453 -8.450772
-23.446939 47.833447 -8.679045
-23.420038 47.835270 -8.740388
-23.543980 47.855171 -8.471244
-23.770679 47.837498 -7.946260
-23.603432 47.834873 -8.318489
-23.450914 47.839672 -8.662135
-23.692657 47.831314 -8.110868
-23.676512 47.844669 -8.153844
-23.479706 47.828011 -8.588645
-23.415962 47.832245 -8.726617
-23.745680 47.840923 -7.986567
-23.586590 47.836140 -8.337284
-23.481049 47.836773 -8.566175
-23.539476 47.865860 -8.442898
-23.402933 47.836559 -8.732846
-23.430643 47.841682 -8.671764
-23.527283 47.864525 -8.462681
-23.751907 47.838879 -7.942355
-23.582346 47.827431 -8.314776
-23.431349 47.831165 -8.654736
-23.657808 47.843048 -8.148916
-23.674187 47.831680 -8.106016
-23.462191 47.829315 -8.582015
-23.728613 47.842152 -7.981230
-23.402298 47.855251 -8.720298
-23.570555 47.843395 -8.329041
-23.467886 47.853794 -8.556880
-23.520063 47.862347 -8.436593
-23.412321 47.836037 -8.664876
-23.509346 47.865849 -8.456961
-23.384417 47.836983 -8.725790
-23.732386 47.837292 -7.939255
-23.570663 47.843426 -8.301778
-23.640259 47.844379 -8.142275
-23.415337 47.838402 -8.646506
-23.660728 47.843845 -8.093381
-23.445887 47.837559 -8.574737
-23.710016 47.841530 -7.976339
-23.383486 47.849709 -8.712101
-23.554514 47.850643 -8.320801
-23.446817 47.839363 -8.551088
-23.497692 47.842884 -8.434666
-23.394926 47.838329 -8.658291
-23.490685 47.865295 -8.449859
-23.368694 47.850182 -8.718703
-23.714653 47.840630 -7.933599
-23.621937 47.841652 -8.138627
-23.555429 47.850651 -8.291708
-23.640068 47.839294 -8.092008
-23.400242 47.853573 -8.638577
-23.428772 47.838852 -8.567197
-23.694126 47.846802 -7.967100
-23.364998 47.839081 -8.704117
-23.536343 47.849991 -8.315009
-23.480829 47.842091 -8.428358
-23.430565 47.844616 -8.542783
-23.698483 47.841736 -7.928664
-23.472633 47.865627 -8.444107
-23.351334 47.841419 -8.711190
-23.377819 47.839619 -8.650756
-23.540197 47.852711 -8.284988
-23.608501 47.849735 -8.127165
-23.625710 47.846413 -8.082337
-23.382467 47.844830 -8.631986
-23.678240 47.846909 -7.961222
-23.412374 47.842026 -8.561052
-23.349585 47.847195 -8.697249
-23.520180 47.856251 -8.306746
-23.414680 47.848770 -8.535764
-23.463068 47.841419 -8.421671
-23.681437 47.844063 -7.921160
-23.360853 47.837822 -8.644434
-23.454865 47.864956 -8.437419
-23.333820 47.842716 -8.704587
-23.588402 47.842083 -8.126089
-23.523195 47.856102 -8.275307
-23.609308 47.850700 -8.073991
-23.365469 47.847111 -8.624495
-23.660683 47.848248 -7.954591
-23.394741 47.842335 -8.554402
-23.332151 47.853561 -8.689515
-23.497852 47.839691 -8.308087
-23.398306 47.853027 -8.527431
-23.446346 47.842709 -8.413224
-23.662958 47.844437 -7.916324
-23.432747 47.847477 -8.435589
-23.344105 47.850147 -8.636923
-23.507067 47.858284 -8.268202
-23.316484 47.842010 -8.696990
-23.575108 47.852249 -8.112477
-23.644827 47.849442 -7.946527
-23.590206 47.849091 -8.070000
-23.348127 47.846413 -8.616896
-23.376881 47.840660 -8.547680
-23.314568 47.842812 -8.681942
-23.481316 47.847050 -8.298552
-23.381701 47.855301 -8.519025
-23.430080 47.847965 -8.404927
-23.645916 47.846756 -7.908818
-23.560141 47.858482 -8.101463
-23.490849 47.860558 -8.258874
-23.326990 47.851429 -8.629399
-23.416668 47.858799 -8.426204
-23.299316 47.846283 -8.690495
-23.628819 47.853722 -7.937265
-23.573689 47.852383 -8.061620
-23.331417 47.847687 -8.608458
-23.359652 47.840958 -8.540119
-23.297245 47.850170 -8.674249
-23.463303 47.843307 -8.293976
-23.364466 47.855598 -8.511462
-23.413393 47.845173 -8.397647
-23.628757 47.848087 -7.901277
-23.539190 47.846870 -8.101164
-23.309359 47.851734 -8.622756
-23.400356 47.868134 -8.416745
-23.471704 47.854954 -8.253829
-23.281879 47.852646 -8.682766
-23.612846 47.853920 -7.929168
-23.553957 47.848801 -8.058475
-23.314301 47.848972 -8.600936
-23.342875 47.845226 -8.532706
-23.279795 47.848473 -8.666619
-23.448267 47.857685 -8.280644
-23.346962 47.857990 -8.502666
-23.396517 47.849545 -8.388006
-23.612228 47.851387 -7.892896
-23.525253 47.855061 -8.088396
-23.456741 47.861172 -8.242822
-23.381851 47.864487 -8.410866
-23.291348 47.853138 -8.614842
-23.264088 47.847969 -8.675029
-23.595575 47.854252 -7.921592
-23.537458 47.853180 -8.047910
-23.296959 47.848270 -8.593344
-23.325127 47.844540 -8.526028
-23.263020 47.852730 -8.659212
-23.427889 47.842960 -8.280642
-23.331276 47.869289 -8.492369
-23.382486 47.864788 -8.375108
-23.596615 47.855652 -7.882722
-23.506598 47.849354 -8.084662
-23.440363 47.866535 -8.232298
-23.580767 47.858494 -7.909589
-23.273716 47.853439 -8.608204
-23.361795 47.849838 -8.407727
-23.246572 47.849258 -8.668428
-23.520935 47.856468 -8.039535
-23.279800 47.853630 -8.584662
-23.308161 47.842739 -8.519710
-23.245235 47.856113 -8.651375
-23.412214 47.855362 -8.268152
-23.313669 47.857456 -8.486992
-23.363800 47.855080 -8.370323
-23.580370 47.857948 -7.873392
-23.490253 47.850643 -8.075302
-23.424023 47.867813 -8.222939
-23.563246 47.855751 -7.904133
-23.256708 47.855713 -8.600723
-23.344666 47.851131 -8.400206
-23.229683 47.852524 -8.660987
-23.504944 47.861828 -8.028093
-23.263012 47.849831 -8.577358
-23.290995 47.848106 -8.511028
-23.227444 47.851433 -8.643643
-23.393976 47.849628 -8.263514
-23.296158 47.859844 -8.478200
-23.348703 47.873528 -8.355828
-23.562059 47.856319 -7.867578
-23.477085 47.863976 -8.057352
-23.406021 47.865158 -8.216183
-23.547401 47.858028 -7.893889
-23.329233 47.874660 -8.385500
-23.238512 47.851048 -8.593907
-23.211269 47.853931 -8.653996
-23.486643 47.860188 -8.022284
-23.245667 47.849125 -8.569772
-23.273266 47.856567 -8.502063
-23.210661 47.855690 -8.636239
-23.378307 47.863117 -8.248836
-23.278803 47.859146 -8.470611
-23.330841 47.872944 -8.346924
-23.545183 47.856636 -7.859093
-23.460487 47.862190 -8.050108
-23.388536 47.863483 -8.208549
-23.531040 47.859325 -7.884526
-23.311598 47.876060 -8.376669
-23.220381 47.859516 -8.585859
-23.193365 47.856316 -8.646127
-23.470533 47.864555 -8.010807
-23.228163 47.851505 -8.560986
-23.254986 47.877277 -8.490516
-23.192869 47.851009 -8.628511
-23.360777 47.865520 -8.240040
-23.314034 47.869152 -8.339617
-23.261034 47.872780 -8.458289
-23.527903 47.856964 -7.851524
-23.444153 47.864567 -8.038561
-23.372078 47.863766 -8.199159
-23.514565 47.859631 -7.875127
-23.203638 47.851631 -8.579725
-23.292192 47.872532 -8.370405
-23.175056 47.858715 -8.639174
-23.452631 47.862900 -8.004086
-23.211100 47.857857 -8.552343
-23.237061 47.879673 -8.482641
-23.175816 47.849293 -8.619979
-23.342890 47.863850 -8.233325
-23.243464 47.879242 -8.448333
-23.296587 47.877708 -8.327505
-23.427683 47.864861 -8.029167
-23.511684 47.861439 -7.837820
-23.355730 47.865044 -8.189805
-23.499647 47.863968 -7.860902
-23.185616 47.853027 -8.571821
-23.274391 47.877018 -8.360375
-23.157597 47.857010 -8.631557
-23.434748 47.862335 -7.995177
-23.192348 47.865440 -8.542950
-23.218689 47.878098 -8.474624
-23.156660 47.864944 -8.611395
-23.325100 47.869434 -8.221104
-23.279612 47.877003 -8.319002
-23.226383 47.877541 -8.439797
-23.495714 47.862724 -7.827547
-23.411097 47.864162 -8.019743
-23.482924 47.861198 -7.853628
-23.338257 47.864456 -8.179993
-23.166409 47.864700 -8.562183
-23.255959 47.879528 -8.351195
-23.139166 47.858418 -8.624575
-23.417488 47.863747 -7.985433
-23.174313 47.866840 -8.535050
-23.200312 47.876522 -8.466615
-23.138517 47.865345 -8.603463
-23.307259 47.863689 -8.215568
-23.262148 47.876408 -8.309193
-23.208010 47.875965 -8.431787
-23.395126 47.871700 -8.003933
-23.478468 47.865238 -7.815610
-23.466867 47.862583 -7.841135
-23.321686 47.863750 -8.170575
-23.237526 47.882038 -8.342016
-23.400873 47.868225 -7.972656
-23.144091 47.884804 -8.552168
-23.117348 47.878407 -8.615870
-23.157024 47.863140 -8.526451
-23.180866 47.886215 -8.456900
-23.114389 47.893745 -8.592551
-23.289062 47.869286 -8.204268
-23.244278 47.875824 -8.300300
-23.379457 47.871975 -7.992717
-23.190145 47.875374 -8.422896
-23.462517 47.867619 -7.803153
-23.451706 47.863850 -7.829036
-23.304325 47.864155 -8.160801
-23.219820 47.878365 -8.334327
-23.126047 47.886196 -8.544266
-23.384268 47.873787 -7.957689
-23.095636 47.891327 -8.607307
-23.347212 47.861710 -8.043151
-23.134090 47.891514 -8.512789
-23.162430 47.879566 -8.450022
-23.271700 47.869686 -8.194494
-23.095339 47.894264 -8.584221
-23.226917 47.876217 -8.290527
-23.362375 47.871387 -7.981987
-23.172115 47.877865 -8.412804
-23.435131 47.864254 -7.817423
-23.445553 47.869125 -7.790265
-23.287601 47.867626 -8.147992
-23.200647 47.877907 -8.325956
-23.366396 47.874317 -7.946599
-23.108641 47.872353 -8.537932
-23.080664 47.871151 -8.601028
-23.330080 47.865196 -8.031256
-23.115326 47.891033 -8.503506
-23.143831 47.876003 -8.441943
-23.253090 47.866142 -8.186411
-23.076630 47.889698 -8.576109
-23.345142 47.874973 -7.967865
-23.208382 47.878826 -8.279123
-23.419081 47.866730 -7.802741
-23.428074 47.869652 -7.778256
-23.152908 47.882572 -8.401079
-23.271147 47.868999 -8.136422
-23.181709 47.880524 -8.315468
-23.349030 47.875824 -7.934630
-23.085684 47.891567 -8.526566
-23.062971 47.867455 -8.593348
-23.312210 47.865719 -8.020169
-23.096834 47.888454 -8.495462
-23.124037 47.882713 -8.432119
-23.057682 47.891209 -8.567814
-23.404051 47.871166 -7.786297
-23.328840 47.873272 -7.957493
-23.234587 47.863586 -8.178363
-23.190519 47.879330 -8.268041
-23.410849 47.866993 -7.769678
-23.135033 47.881973 -8.392189
-23.253279 47.869511 -8.125338
-23.161976 47.884254 -8.304621
-23.330526 47.874374 -7.924386
-23.064587 47.898403 -8.517263
-23.293713 47.864265 -8.009929
-23.077660 47.887985 -8.487096
-23.102951 47.890644 -8.420627
-23.387243 47.869583 -7.774613
-23.311890 47.875854 -7.942419
-23.216276 47.869274 -8.164837
-23.172861 47.871574 -8.261522
-23.119072 47.863831 -8.388728
-23.235659 47.874191 -8.109944
-23.143026 47.886871 -8.294130
-23.312504 47.880169 -7.907712
-23.045759 47.892845 -8.509116
-23.275530 47.873138 -7.992054
-23.056570 47.895908 -8.475603
-23.082872 47.890293 -8.411865
-23.295195 47.875256 -7.930773
-23.371719 47.875217 -7.754668
-23.378212 47.879406 -7.731259
-23.156160 47.859623 -8.256568
-23.197548 47.864735 -8.156719
-23.099854 47.868530 -8.377003
-23.218569 47.873589 -8.099217
-23.294628 47.881783 -7.894432
-23.125425 47.875031 -8.288782
-23.257660 47.874748 -7.978776
-23.064720 47.882637 -8.404040
-23.354267 47.870571 -7.746019
-23.277580 47.882122 -7.910993
-23.136452 47.875774 -8.236844
-23.178326 47.870541 -8.142797
-23.080578 47.868164 -8.366411
-23.200081 47.873215 -8.086788
-23.276527 47.881413 -7.881080
-23.106018 47.872585 -8.280343
-23.239273 47.875374 -7.966377
-23.260115 47.884815 -7.894605
-23.119579 47.866905 -8.230686
-23.159157 47.872269 -8.130044
-23.181541 47.878014 -8.070996
-23.257599 47.888416 -7.861818
-23.085102 47.879616 -8.265669
-23.219994 47.877213 -7.951394
-23.242920 47.885414 -7.879457
-23.099743 47.871822 -8.215420
-23.323677 47.859459 -7.710990
-23.163008 47.883900 -8.053013
-23.140030 47.868828 -8.120651
-23.238356 47.885086 -7.850192
-23.201220 47.880032 -7.935528
-23.224432 47.887234 -7.862638
-23.078318 47.878963 -8.199432
-23.143724 47.885727 -8.038029
-23.119513 47.876945 -8.102865
-23.219193 47.890102 -7.830855
-23.182089 47.877689 -7.923938
-23.207010 47.885845 -7.847418
-23.124716 47.885460 -8.024284
-23.098135 47.880013 -8.088044
-23.200611 47.883579 -7.821743
-23.161123 47.882938 -7.903815
-23.187351 47.892059 -7.824579
-23.104530 47.888500 -8.006713
-23.180286 47.894081 -7.794195
-23.142382 47.880585 -7.891307
-23.169796 47.888584 -7.811513
-23.120510 47.887047 -7.868594
-24.920715 47.689156 -9.345546
-24.894821 47.705395 -9.339659
-24.953993 47.708763 -9.208365
-25.038111 47.708935 -9.019222
-24.946079 47.697216 -9.328330
-24.838541 47.703121 -9.394730
-24.845346 47.706261 -9.397701
-24.868456 47.693897 -9.459197
-24.929440 47.707325 -9.188904
-24.954798 47.696487 -9.255747
-25.000774 47.703426 -8.987631
-24.851198 47.703133 -9.318411
-24.824657 47.697140 -9.517535
-24.832848 47.700935 -9.502560
-25.093317 47.718353 -8.763961
-24.865366 47.696568 -9.452445
-24.997686 47.711163 -9.115142
-24.898643 47.700378 -9.375313
-25.082226 47.715042 -8.730741
-24.838732 47.704212 -9.392717
-25.101610 47.714840 -8.866990
-24.816248 47.713596 -9.306400
-24.869047 47.714489 -9.178872
-24.955238 47.717091 -8.998273
-24.825251 47.703308 -9.513481
-24.993071 47.709465 -9.030182
-24.751423 47.706532 -9.354467
-24.763723 47.712940 -9.360929
-25.096149 47.712013 -8.921413
-24.869095 47.711258 -9.295756
-24.773808 47.701645 -9.565207
-24.843182 47.712070 -9.162112
-24.791166 47.705692 -9.544416
-24.793360 47.706921 -9.421994
-25.220161 47.715088 -8.637299
-25.197615 47.719280 -8.577179
-24.925327 47.714497 -8.973198
-25.090036 47.713104 -8.777898
-24.965744 47.711552 -9.163444
-24.878029 47.710316 -9.227633
-24.778637 47.714481 -9.289962
-25.193949 47.706417 -8.491552
-24.746798 47.707642 -9.475852
-24.888527 47.705463 -9.265023
-24.751524 47.708817 -9.460456
-24.987801 47.709953 -9.055219
-25.004288 47.722713 -8.753420
-25.142633 47.727440 -8.464655
-24.902859 47.715881 -9.087875
-24.788231 47.707840 -9.414351
-24.999317 47.723545 -8.725056
-24.742229 47.721207 -9.275136
-24.816568 47.711151 -9.338334
-24.754681 47.710251 -9.353790
-25.009584 47.722755 -8.851860
-24.789562 47.719505 -9.151768
-24.881176 47.726158 -8.980084
-25.059649 47.718472 -8.801773
-24.741106 47.711655 -9.467960
-24.904644 47.716228 -9.008986
-24.689880 47.718555 -9.328651
-24.686426 47.717037 -9.326053
-24.787186 47.717834 -9.262132
-24.766756 47.718609 -9.138528
-24.997154 47.719875 -8.902143
-24.693991 47.709618 -9.517214
-24.709385 47.711075 -9.379827
-24.851881 47.723335 -8.958553
-25.105839 47.727654 -8.574163
-24.702332 47.710766 -9.493574
-24.713633 47.723888 -9.263727
-25.008051 47.723694 -8.768247
-25.123455 47.725163 -8.631031
-25.160028 47.722782 -8.526971
-24.787720 47.713768 -9.194704
-25.116880 47.720081 -8.491687
-24.878536 47.720505 -9.135138
-24.667482 47.713295 -9.433539
-24.812630 47.716297 -9.234020
-24.670168 47.712727 -9.417253
-24.897058 47.717068 -9.031918
-25.065390 47.735023 -8.465814
-24.921633 47.727341 -8.743485
-24.913525 47.726326 -8.719208
-24.817245 47.721512 -9.062456
-24.703468 47.713108 -9.371838
-24.671627 47.726357 -9.245368
-24.727510 47.729446 -9.129008
-24.798565 47.728233 -8.959258
-24.684822 47.719475 -9.321067
-24.917240 47.727688 -8.836595
-24.739956 47.721210 -9.303746
-24.964668 47.722549 -8.789720
-24.817091 47.718899 -8.987087
-24.619463 47.722813 -9.295692
-24.622009 47.724445 -9.297895
-24.664124 47.718063 -9.425574
-24.700947 47.725819 -9.118493
-24.712782 47.725449 -9.231789
-24.781458 47.730824 -8.944141
-25.012667 47.734100 -8.438409
-24.644693 47.721687 -9.348271
-24.640194 47.727295 -9.234904
-24.908453 47.726543 -8.884102
-24.614248 47.713505 -9.470348
-24.914270 47.725552 -8.757813
-25.012720 47.732174 -8.570566
-24.621454 47.712791 -9.446216
-25.066719 47.728188 -8.526561
-25.042715 47.731396 -8.492004
-24.720732 47.724300 -9.170876
-24.794245 47.727112 -9.107019
-24.599409 47.720509 -9.396143
-24.728807 47.721016 -9.201743
-24.988335 47.740616 -8.465967
-24.862667 47.738388 -8.734080
-24.819048 47.724731 -9.009819
-24.836548 47.731125 -8.713941
-24.628244 47.744076 -9.227490
-24.749069 47.732067 -9.041382
-24.730938 47.733486 -8.942798
-24.663824 47.736530 -9.106629
-24.637257 47.722961 -9.338524
-24.844206 47.735432 -8.823223
-24.629997 47.734749 -9.296004
-24.675087 47.732712 -9.275386
-24.888733 47.731537 -8.778350
-24.762915 47.734634 -8.973221
-24.657782 47.743324 -9.105076
-24.589371 47.723129 -9.385258
-24.703896 47.731083 -8.928800
-24.641289 47.730721 -9.201631
-24.937256 47.740341 -8.442555
-24.601059 47.745415 -9.219975
-24.593395 47.736595 -9.322568
-24.836800 47.731567 -8.749052
-24.913589 47.730221 -8.568713
-24.550840 47.722221 -9.432807
-24.963163 47.738220 -8.493247
-24.999846 47.741863 -8.523516
-24.831909 47.735748 -8.869194
-24.560192 47.723145 -9.411793
-24.671286 47.740753 -9.151439
-24.934916 47.735645 -8.619553
-24.918955 47.746357 -8.466203
-24.787867 47.740074 -8.725402
-24.719267 47.734520 -9.082974
-24.547625 47.731232 -9.352769
-24.666893 47.733047 -9.176858
-24.744169 47.730930 -8.990183
-24.772018 47.738571 -8.708655
-24.683693 47.746399 -8.929785
-24.555969 47.742390 -9.197001
-24.619314 47.751286 -9.090446
-24.693830 47.744053 -9.023783
-24.592991 47.743000 -9.315892
-24.567080 47.740047 -9.266323
-24.763866 47.737934 -8.809937
-24.599529 47.735584 -9.241270
-24.509995 47.741100 -9.248938
-24.815416 47.739170 -8.768129
-24.584631 47.742428 -9.081843
-24.685768 47.735992 -8.954784
-24.662148 47.747261 -8.919279
-24.865767 47.745106 -8.447329
-24.527874 47.742744 -9.191272
-24.543354 47.740417 -9.360771
-24.601152 47.749073 -9.184081
-24.877882 47.737579 -8.495264
-24.771660 47.739239 -8.740225
-24.857416 47.743793 -8.563801
-24.525509 47.739616 -9.288534
-24.891792 47.734684 -8.525405
-24.854013 47.751614 -8.466198
-24.598658 47.741951 -9.125154
-24.751982 47.739349 -8.852812
-24.742767 47.753532 -8.717693
-24.868916 47.746323 -8.613621
-24.485056 47.737949 -9.335245
-24.665064 47.748482 -9.063644
-24.617744 47.748505 -9.156462
-24.697392 47.748920 -8.975187
-24.709602 47.744781 -8.703206
-24.615408 47.745689 -8.913044
-24.509094 47.753513 -9.177605
-24.547655 47.748280 -9.065684
-24.621536 47.746025 -9.002011
-24.520004 47.741650 -9.279631
-24.505594 47.745110 -9.238359
-24.712713 47.751225 -8.798491
-24.537569 47.753338 -9.067822
-24.634279 47.747395 -8.941010
-24.549034 47.748283 -9.218104
-24.746431 47.745331 -8.757621
-24.585974 47.743305 -8.904550
-24.796909 47.749622 -8.451070
-24.484341 47.754391 -9.174428
-24.527588 47.747513 -9.154118
-24.481035 47.744820 -9.326986
-24.815907 47.745571 -8.494370
-24.716234 47.748814 -8.732370
-24.783686 47.752384 -8.467116
-24.791082 47.750381 -8.559912
-24.833172 47.745407 -8.522699
-24.475077 47.749329 -9.264310
-24.668331 47.750130 -8.709180
-24.538797 47.746567 -9.103359
-24.439415 47.739517 -9.367731
-24.696690 47.752117 -8.840647
-24.452953 47.743828 -9.350728
-24.790051 47.750370 -8.607527
-24.592672 47.750565 -9.039646
-24.547630 47.748463 -9.129094
-24.618280 47.745541 -8.954803
-24.663086 47.756264 -8.698155
-24.572212 47.758125 -8.900714
-24.503502 47.757950 -9.049663
-24.448973 47.753269 -9.152428
-24.567799 47.754795 -8.985074
-24.451599 47.751213 -9.213672
-24.466646 47.750835 -9.251944
-24.644093 47.753399 -8.785966
-24.479414 47.755619 -9.048961
-24.572819 47.750931 -8.925065
-24.548157 47.758011 -8.895660
-24.696583 47.757393 -8.747837
-24.733797 47.753532 -8.454049
-24.427790 47.756653 -9.151901
-24.485521 47.751602 -9.189257
-24.724390 47.756039 -8.466308
-24.748547 47.749077 -8.494399
-24.432720 47.754402 -9.300413
-24.476763 47.756134 -9.132998
-24.644480 47.749138 -8.723932
-24.628586 47.762985 -8.701632
-24.771893 47.752396 -8.519926
-24.422794 47.755302 -9.238188
-24.728287 47.756607 -8.555387
-24.483711 47.752575 -9.083652
-24.623714 47.752895 -8.825127
-24.720669 47.754330 -8.602307
-24.837593 47.759586 -8.357656
-24.594837 47.754017 -8.693438
-24.493458 47.755455 -9.107601
-24.519316 47.760590 -8.887424
-24.568401 47.755825 -8.939551
-24.540876 47.761189 -9.021374
-24.450916 47.761620 -9.031053
-24.398609 47.757797 -9.131515
-24.509365 47.758080 -8.967179
-24.429878 47.760807 -9.033866
-24.410288 47.753315 -9.224041
-24.400335 47.756962 -9.190179
-24.590570 47.760849 -8.775673
-24.487774 47.757225 -8.883467
-24.675119 47.756954 -8.456786
-24.519478 47.757488 -8.911577
-24.620350 47.754223 -8.738534
-24.373854 47.757565 -9.130521
-24.671854 47.759964 -8.465179
-24.425135 47.753456 -9.162868
-24.698406 47.758835 -8.492131
-24.566088 47.761242 -8.693971
-24.600084 47.760490 -8.716536
-24.425608 47.761776 -9.111735
-24.707556 47.755650 -8.518003
-24.369757 47.752850 -9.266352
-24.370184 47.758301 -9.211926
-24.668106 47.761482 -8.552008
-24.430738 47.757351 -9.063779
-24.572132 47.762203 -8.813498
-24.766569 47.762844 -8.305839
-24.542101 47.758148 -8.687857
-24.473244 47.767307 -8.874933
-24.671974 47.767170 -8.595213
-24.764898 47.761490 -8.361903
-24.439474 47.760464 -9.085103
-24.404907 47.766449 -9.015317
-24.511213 47.760868 -8.924382
-24.478884 47.761963 -9.000833
-24.345760 47.756603 -9.109518
-24.461374 47.765137 -8.951666
-24.378992 47.762138 -9.018183
-24.534277 47.763573 -8.765263
-24.440790 47.762955 -8.872761
-24.349146 47.759727 -9.165630
-24.359724 47.758060 -9.198672
-24.628216 47.766243 -8.457027
-24.633129 47.771500 -8.462446
-24.471594 47.764435 -8.898293
-24.328653 47.762375 -9.112956
-24.569553 47.761318 -8.729433
-24.522039 47.767506 -8.686730
-24.635771 47.759750 -8.493137
-24.536289 47.758865 -8.709396
-24.377853 47.761711 -9.141116
-24.368122 47.760181 -9.087710
-24.658728 47.765285 -8.515218
-24.320501 47.757469 -9.240464
-24.612762 47.765869 -8.547469
-24.320305 47.760944 -9.186859
-24.377323 47.758156 -9.043715
-24.706488 47.765408 -8.309052
-24.495951 47.764542 -8.682973
-24.423492 47.769413 -8.861930
-24.517893 47.767780 -8.801802
-24.355623 47.766663 -8.998152
-24.599094 47.763420 -8.590652
-24.460270 47.765194 -8.909761
-24.308279 47.765545 -9.093143
-24.705460 47.767143 -8.362123
-24.385668 47.762375 -9.063774
-24.429491 47.769253 -8.983615
-24.407785 47.766834 -8.934800
-24.333391 47.765854 -9.003717
-24.573566 47.768078 -8.462618
-24.394608 47.767567 -8.862408
-24.305153 47.764526 -9.145318
-24.567282 47.764820 -8.460964
-24.478788 47.765186 -8.755207
-24.282101 47.763332 -9.094802
-24.314835 47.764084 -9.175783
-24.419632 47.766781 -8.885413
-24.474428 47.770157 -8.679027
-24.517120 47.765556 -8.720710
-24.588539 47.767162 -8.491054
-24.486578 47.762745 -8.701864
-24.327068 47.763371 -9.117834
-24.596170 47.764320 -8.512984
-24.322313 47.764118 -9.068788
-24.559126 47.769024 -8.543679
-24.275700 47.764862 -9.165188
-24.277941 47.764240 -9.217502
-24.332638 47.762856 -9.027466
-24.379812 47.772789 -8.850487
-24.448162 47.768074 -8.678465
-24.656641 47.771969 -8.310191
-24.312759 47.771130 -8.982701
-24.271080 47.772385 -9.077983
-24.464861 47.772243 -8.789544
-24.408094 47.766655 -8.894603
-24.554100 47.772797 -8.584087
-24.338552 47.766434 -9.045372
-24.646709 47.770687 -8.362644
-24.375288 47.770069 -8.965389
-24.289782 47.767345 -8.989033
-24.533998 47.775642 -8.460610
-24.358847 47.768929 -8.919968
-24.352053 47.771702 -8.853640
-24.526011 47.772511 -8.460394
-24.245409 47.770058 -9.080956
-24.256983 47.764835 -9.123182
-24.431715 47.769928 -8.744463
-24.429657 47.773441 -8.672565
-24.374142 47.770393 -8.873178
-24.270348 47.768997 -9.154164
-24.466913 47.769554 -8.711869
-24.540571 47.771591 -8.489739
-24.441246 47.769131 -8.695155
-24.552977 47.772354 -8.509391
-24.280367 47.769569 -9.051554
-24.282688 47.768173 -9.098445
-24.509138 47.772808 -8.539301
-24.232918 47.768547 -9.144315
-24.292215 47.769066 -9.011989
-24.234146 47.768150 -9.194003
-24.336931 47.775055 -8.839396
-24.403614 47.772240 -8.674283
-24.620384 47.785267 -8.307447
-24.273521 47.775124 -8.968835
-24.227663 47.772984 -9.060109
-24.410984 47.772732 -8.778008
-24.366701 47.774872 -8.881975
-24.293665 47.770252 -9.026852
-24.502819 47.777809 -8.578052
-24.608644 47.784218 -8.359108
-24.491768 47.779469 -8.458532
-24.325855 47.772274 -8.949249
-24.253321 47.774956 -8.977471
-24.310701 47.774727 -8.844306
-24.476511 47.773968 -8.461689
-24.315596 47.773403 -8.905438
-24.388412 47.776367 -8.665461
-24.206978 47.774033 -9.065260
-24.219694 47.771786 -9.105802
-24.384926 47.772568 -8.734935
-24.334049 47.777382 -8.862211
-24.419315 47.772202 -8.704169
-24.229492 47.773438 -9.134132
-24.482340 47.768044 -8.489400
-24.396885 47.772411 -8.687779
-24.502979 47.775032 -8.507190
-24.240528 47.773785 -9.034150
-24.569551 47.778008 -8.216427
-24.196819 47.774380 -9.126364
-24.240650 47.773731 -9.078988
-24.462391 47.777225 -8.535248
-24.302172 47.781448 -8.828577
-24.248117 47.770672 -8.995998
-24.195118 47.773457 -9.172586
-24.360670 47.775284 -8.668620
-24.239561 47.781502 -8.956183
-24.558851 47.781868 -8.312213
-24.194620 47.780342 -9.045676
-24.327011 47.781860 -8.870092
-24.367672 47.779095 -8.766726
-24.250084 47.772846 -9.009995
-24.448013 47.781429 -8.456881
-24.450687 47.778847 -8.572738
-24.219461 47.781216 -8.967047
-24.544682 47.780178 -8.361720
-24.286352 47.778374 -8.934175
-24.274240 47.781239 -8.834929
-24.351540 47.781792 -8.659177
-24.432190 47.777920 -8.461972
-24.274950 47.776531 -8.892048
-24.173019 47.780399 -9.052610
-24.184725 47.778381 -9.090526
-24.294641 47.782269 -8.851543
-24.342398 47.776711 -8.726179
-24.381260 47.779846 -8.696274
-24.444096 47.775478 -8.486880
-24.189959 47.777756 -9.113587
-24.356783 47.777199 -8.681174
-24.457026 47.778339 -8.503484
-24.538391 47.787609 -8.215913
-24.204145 47.779514 -9.019348
-24.264349 47.784107 -8.818604
-24.420589 47.782154 -8.530084
-24.201105 47.776951 -9.060621
-24.218868 47.782524 -8.984313
-24.162773 47.781960 -9.109309
-24.321983 47.779839 -8.663727
-24.204477 47.786007 -8.943043
-24.160563 47.781151 -9.154218
-24.161856 47.785595 -9.032457
-24.514648 47.786827 -8.312548
-24.407497 47.784023 -8.455553
-24.280474 47.780621 -8.856310
-24.187033 47.788349 -8.956158
-24.218292 47.783066 -8.996108
-24.322205 47.781609 -8.756685
-24.314848 47.785225 -8.651881
-24.500093 47.786243 -8.360794
-24.403337 47.782383 -8.567330
-24.240211 47.788395 -8.827704
-24.388149 47.779766 -8.463470
-24.244926 47.782608 -8.920443
-24.141277 47.786530 -9.039838
-24.238277 47.782162 -8.880394
-24.154011 47.786488 -9.076018
-24.255415 47.785160 -8.839866
-24.306850 47.783119 -8.717199
-24.398932 47.776566 -8.485703
-24.338623 47.783001 -8.687470
-24.316460 47.780003 -8.674473
-24.492521 47.787498 -8.220976
-24.155916 47.785339 -9.096535
-24.414194 47.781284 -8.500051
-24.227842 47.786648 -8.808117
-24.170212 47.786991 -9.004527
-24.286531 47.785027 -8.659155
-24.375328 47.783348 -8.526682
-24.184303 47.788021 -8.970306
-24.128391 47.786564 -9.092109
-24.172226 47.791153 -8.931141
-24.168703 47.786289 -9.045377
-24.528160 47.778294 -8.205002
-24.124657 47.784992 -9.135260
-24.128084 47.789974 -9.018800
-24.466869 47.787064 -8.314593
-24.367661 47.784508 -8.454522
-24.242386 47.785381 -8.845129
-24.150928 47.790874 -8.944755
-24.276114 47.785805 -8.645876
-24.181807 47.787807 -8.981261
-24.286276 47.789124 -8.746448
-24.205345 47.792683 -8.819025
-24.456589 47.790203 -8.359250
-24.348667 47.783234 -8.462595
-24.359398 47.784561 -8.561232
-24.108126 47.791782 -9.027543
-24.212519 47.790852 -8.907378
-24.200369 47.784931 -8.868201
-24.214149 47.785198 -8.829480
-24.120253 47.791969 -9.060184
-24.359844 47.780029 -8.483908
-24.300629 47.786556 -8.680695
-24.458805 47.793247 -8.222620
-24.274887 47.793137 -8.708695
-24.281929 47.786179 -8.668120
-24.369324 47.781372 -8.497910
-24.119387 47.787201 -9.078396
-24.194403 47.791813 -8.798969
-24.139887 47.793995 -8.991285
-24.333578 47.784184 -8.522635
-24.253513 47.791962 -8.654560
-24.144045 47.799801 -8.921020
-24.153292 47.796028 -8.958949
-24.096947 47.792801 -9.076197
-24.502182 47.791508 -8.201299
-24.132898 47.790028 -9.028650
-24.098553 47.795864 -9.005907
-24.335037 47.790352 -8.451193
-24.092707 47.791344 -9.118035
-24.421818 47.788048 -8.315654
-24.206388 47.788910 -8.833778
-24.247646 47.794361 -8.638908
-24.115726 47.793282 -8.933753
-24.148428 47.792191 -8.966691
-24.168825 47.794113 -8.810723
-24.312408 47.787334 -8.462046
-24.249712 47.794651 -8.737035
-24.068808 47.787819 -9.011472
-24.315845 47.785633 -8.556404
-24.407698 47.789677 -8.358638
-24.412983 47.789043 -8.228806
-24.168236 47.791077 -8.856360
-24.173199 47.793854 -8.893489
-24.320028 47.781620 -8.480714
-24.177645 47.787739 -8.819004
-24.084110 47.792725 -9.043319
-24.237583 47.795692 -8.700054
-24.268026 47.794594 -8.673016
-24.249716 47.793106 -8.661704
-24.452303 47.785046 -8.178389
-24.334894 47.787449 -8.493798
-24.169956 47.800983 -8.790490
-24.081841 47.788189 -9.059828
-24.106415 47.797382 -8.976680
-24.106880 47.797478 -8.908074
-24.218868 47.796036 -8.650355
-24.299570 47.790257 -8.517616
-24.111261 47.791313 -8.943877
-24.452477 47.788776 -8.206881
-24.054888 47.786320 -9.055656
-24.297834 47.790592 -8.449142
-24.066488 47.799015 -8.993010
-24.102705 47.798019 -9.015477
-24.386097 47.793152 -8.314252
-24.052809 47.788704 -9.096256
-24.216013 47.798191 -8.632745
-24.089254 47.800690 -8.924388
-24.173870 47.795059 -8.822863
-24.135668 47.797173 -8.802803
-24.275940 47.789448 -8.461409
-24.110201 47.793076 -8.952189
-24.037136 47.789856 -8.999834
-24.384237 47.796410 -8.227178
-24.213575 47.800175 -8.726723
-24.146084 47.805084 -8.846703
-24.365913 47.792397 -8.357861
-24.280437 47.791935 -8.549683
-24.139948 47.798126 -8.881162
-24.289984 47.790199 -8.477427
-24.143085 47.791031 -8.809380
-24.226254 47.792545 -8.665694
-24.046461 47.791615 -9.026887
-24.423388 47.794407 -8.177777
-24.202742 47.799992 -8.691398
-24.211004 47.793682 -8.655721
-24.298838 47.790665 -8.490066
-24.133636 47.800426 -8.781188
-24.053246 47.795063 -9.045171
-24.183388 47.797245 -8.644693
-24.064013 47.788795 -8.893728
-24.266815 47.794205 -8.446519
-24.061922 47.788052 -8.958347
-24.415327 47.791908 -8.208126
-24.264439 47.794460 -8.512107
-24.082489 47.799076 -8.932417
-24.035742 47.802040 -8.979594
-24.033133 47.800304 -9.045079
-24.066591 47.798775 -8.998626
-24.346533 47.795639 -8.313354
-24.186708 47.802773 -8.626507
-24.023600 47.794697 -9.080239
-24.425734 47.792904 -8.162478
-24.052607 47.798248 -8.912759
-24.373512 47.783199 -8.148297
-24.109426 47.805470 -8.795721
-24.141747 47.800098 -8.813210
-24.243454 47.795170 -8.460329
-24.344015 47.794697 -8.231446
-24.079681 47.798096 -8.938873
-23.999664 47.785652 -8.984571
-24.258062 47.793930 -8.474409
-24.176588 47.801731 -8.717127
-24.093477 47.789425 -8.832462
-24.327154 47.794876 -8.355130
-24.245825 47.797127 -8.543308
-24.115326 47.798569 -8.800543
-24.196676 47.799229 -8.658245
-24.024481 47.803616 -9.016211
-24.385735 47.796551 -8.179894
-24.103258 47.799778 -8.868423
-24.108086 47.807732 -8.772225
-24.175928 47.794888 -8.649142
-24.169598 47.803059 -8.683482
-24.265110 47.794632 -8.486259
-24.022396 47.798199 -9.029527
-24.150852 47.800083 -8.640317
-24.043447 47.800575 -8.884761
-24.236324 47.798809 -8.443036
-24.378073 47.794044 -8.209326
-24.038528 47.799191 -8.948146
-24.047548 47.796513 -8.919348
-24.228168 47.795685 -8.508280
-24.005272 47.802967 -8.967390
-23.994827 47.794342 -9.026176
-24.308550 47.795895 -8.313144
-24.154461 47.804615 -8.621164
-24.033312 47.800171 -8.983010
-24.024620 47.803791 -8.903824
-24.345003 47.791451 -8.148955
-23.991852 47.797947 -9.064203
-24.389639 47.798023 -8.162004
-24.316967 47.800831 -8.230558
-24.074524 47.804676 -8.788128
-24.108789 47.802273 -8.802101
-24.211147 47.798901 -8.458236
-23.982761 47.800922 -8.978295
-24.050074 47.802994 -8.925954
-24.225250 47.797779 -8.471003
-24.073244 47.803955 -8.763565
-24.142548 47.804913 -8.708818
-24.074278 47.805061 -8.824094
-24.087343 47.804127 -8.791608
-24.344717 47.794842 -8.185996
-24.161604 47.800434 -8.651668
-23.989733 47.800163 -8.999953
-24.290726 47.798103 -8.352326
-24.151733 47.804947 -8.642955
-24.234116 47.799351 -8.481463
-24.209576 47.799458 -8.537309
-24.075287 47.806435 -8.857311
-24.137365 47.806007 -8.675964
-24.207640 47.803173 -8.440342
-24.019321 47.808743 -8.875329
-24.119745 47.803791 -8.635473
-24.344969 47.797802 -8.209064
-23.987877 47.796730 -9.013369
-24.008699 47.802101 -8.935130
-24.017204 47.798435 -8.907198
-24.201550 47.804012 -8.502125
-23.975832 47.804768 -8.955635
-23.965168 47.795261 -9.012142
-24.124428 47.806221 -8.615697
-24.276369 47.800636 -8.311104
-24.003593 47.804070 -8.970043
-23.993134 47.802742 -8.893356
-24.318415 47.800457 -8.150452
-24.282206 47.800613 -8.232845
-23.962091 47.798977 -9.047941
-24.042356 47.804630 -8.779546
-24.355759 47.802902 -8.161405
-24.076225 47.803337 -8.792254
-24.181284 47.804379 -8.456118
-23.951792 47.800854 -8.966964
-24.019726 47.804916 -8.913802
-24.197603 47.804123 -8.466579
-24.046963 47.808281 -8.755373
-24.311605 47.797493 -8.187913
-24.053024 47.801338 -8.782084
-24.045574 47.808743 -8.813752
-24.117348 47.804047 -8.636676
-24.131815 47.805130 -8.644126
-23.960808 47.802952 -8.987332
-24.111355 47.809841 -8.699574
-24.205564 47.805813 -8.476645
-24.326994 47.787769 -8.122611
-24.260880 47.804703 -8.348034
-24.105433 47.807957 -8.667484
-24.182058 47.807903 -8.530761
-24.180670 47.807415 -8.436213
-24.040596 47.805862 -8.844353
-23.988743 47.807571 -8.865258
-24.087900 47.804523 -8.631396
-24.311356 47.800568 -8.209671
-23.947474 47.804459 -8.943260
-23.958857 47.799633 -8.998523
-23.992065 47.805721 -8.897323
-23.977636 47.802155 -8.921574
-24.173407 47.810471 -8.496393
-24.097237 47.809570 -8.609289
-23.941961 47.804401 -9.000929
-24.242029 47.801521 -8.310302
-24.253641 47.804882 -8.232385
-23.964823 47.805305 -8.884276
-24.279343 47.799507 -8.157403
-23.974058 47.805984 -8.956062
-24.014261 47.808083 -8.772743
-23.931328 47.799129 -9.031241
-24.315468 47.801308 -8.163458
-24.048256 47.808891 -8.783324
-23.925182 47.803288 -8.956444
-24.149780 47.806999 -8.454373
-23.988262 47.804974 -8.901160
-24.165077 47.805866 -8.464387
-24.282143 47.801880 -8.187059
-24.019676 47.811733 -8.746741
-24.022398 47.803158 -8.773083
-24.013201 47.807819 -8.802896
-24.098738 47.804111 -8.637325
-24.156021 47.812408 -8.432007
-24.083874 47.803028 -8.630795
-24.170887 47.804813 -8.473511
-24.301414 47.795895 -8.119090
-23.928907 47.800137 -8.972316
-24.071344 47.806061 -8.660244
-24.078411 47.810917 -8.690651
-24.226677 47.807690 -8.345110
-23.960608 47.808151 -8.855163
-24.149450 47.810863 -8.524169
-24.277002 47.800350 -8.211042
-24.008852 47.806919 -8.832681
-24.054934 47.803387 -8.626829
-24.072489 47.814663 -8.602857
-23.922115 47.809757 -8.933289
-23.933277 47.804047 -8.986270
-23.958849 47.801926 -8.885005
-24.141073 47.811333 -8.491012
-23.951778 47.807571 -8.910292
-24.220982 47.803429 -8.234497
-23.913626 47.805199 -8.986381
-24.213888 47.806889 -8.306752
-23.936289 47.805882 -8.875098
-24.243896 47.799183 -8.163755
-23.985945 47.809547 -8.765842
-23.944534 47.807899 -8.942087
-23.907282 47.805408 -9.018568
-24.119068 47.808502 -8.452973
-24.020466 47.812458 -8.773380
-23.896439 47.802982 -8.944991
-24.282393 47.805069 -8.163209
-24.134266 47.807487 -8.460760
-23.996742 47.817684 -8.738919
-23.957710 47.804909 -8.888916
-24.250353 47.804409 -8.188461
-24.125080 47.811928 -8.430505
-23.992453 47.802876 -8.764378
-24.141489 47.807304 -8.469410
-24.071785 47.809441 -8.631021
-23.981625 47.805782 -8.792386
-24.055393 47.806496 -8.624913
-24.276737 47.803902 -8.115963
-23.904966 47.806301 -8.961871
-24.043667 47.809521 -8.652531
-23.926550 47.800388 -8.843567
-24.244078 47.801006 -8.211947
-24.043831 47.809132 -8.682103
-24.198036 47.813175 -8.340251
-24.118654 47.813587 -8.518368
-23.984743 47.815086 -8.823256
-24.031439 47.811340 -8.620946
-24.039186 47.810547 -8.598141
-23.892534 47.806591 -8.920377
-24.196049 47.808323 -8.233439
-23.902803 47.802101 -8.970785
-24.103235 47.805603 -8.488677
-23.931240 47.803493 -8.874047
-23.921906 47.805401 -8.898343
-23.884670 47.804012 -8.972651
-23.912228 47.809956 -8.866782
-24.184223 47.810390 -8.303627
-24.214554 47.803459 -8.165135
-23.950287 47.801800 -8.757913
-23.913549 47.804970 -8.927469
-23.865103 47.795963 -8.932401
-24.088251 47.809013 -8.451527
-23.879854 47.806084 -9.004416
-23.986845 47.807564 -8.764156
-24.252333 47.808586 -8.161002
-24.105261 47.808865 -8.457922
-24.219236 47.804825 -8.190156
-23.957296 47.804337 -8.730423
-23.930504 47.806477 -8.877042
-24.099434 47.816048 -8.425861
-23.970770 47.811687 -8.757103
-24.043478 47.810921 -8.624123
-24.112101 47.809795 -8.465313
-24.027704 47.808849 -8.619377
-24.249496 47.808052 -8.114987
-23.954638 47.808231 -8.782791
-23.867216 47.792164 -8.944292
-23.902782 47.803471 -8.834288
-24.218153 47.806141 -8.208274
-24.010387 47.806511 -8.645640
-24.015545 47.811714 -8.673032
-23.990492 47.797890 -8.618340
-24.012577 47.810795 -8.591983
-24.163107 47.813183 -8.338098
-24.085207 47.812580 -8.512496
-23.945210 47.802956 -8.810354
-24.169994 47.811352 -8.231890
-23.862221 47.800446 -8.908233
-24.081572 47.814442 -8.481410
-23.893463 47.804104 -8.885927
-23.879272 47.808266 -8.959428
-23.902109 47.803196 -8.863514
-23.859785 47.806324 -8.960700
-24.158297 47.815517 -8.299953
-23.882471 47.807674 -8.857067
-24.186115 47.807613 -8.166911
-23.926853 47.806759 -8.750961
-23.839081 47.795300 -8.922133
-23.891153 47.813004 -8.916609
-24.060507 47.813251 -8.449241
-23.959862 47.810020 -8.754562
-23.850584 47.803024 -8.988362
-23.936180 47.810051 -8.723392
-24.076265 47.810246 -8.455087
-24.193415 47.809845 -8.188709
-24.220348 47.810238 -8.160135
-24.075706 47.820919 -8.422056
-23.908607 47.814400 -8.867491
-23.935295 47.801949 -8.748157
-24.009459 47.804932 -8.617995
-24.086452 47.813911 -8.460668
-23.996237 47.805603 -8.613276
-24.220848 47.811337 -8.114488
-23.926418 47.807823 -8.772655
-24.190796 47.809292 -8.207246
-23.879025 47.806549 -8.825011
-23.842228 47.793484 -8.932294
-23.983917 47.808857 -8.637362
-23.992712 47.819386 -8.585501
-24.139559 47.809654 -8.233880
-23.974419 47.812077 -8.612426
-23.990313 47.816921 -8.665295
-23.843756 47.809879 -8.901272
-24.132320 47.814812 -8.334481
-24.056633 47.815063 -8.506572
-23.921181 47.808144 -8.799869
-23.867958 47.804440 -8.874795
-23.877218 47.804409 -8.853742
-23.851408 47.804977 -8.945079
-24.055550 47.819668 -8.475512
-23.838064 47.812248 -8.950132
-23.851027 47.798557 -8.846608
-24.127497 47.816040 -8.298512
-24.154104 47.807041 -8.170396
-23.900768 47.807983 -8.743941
-23.816628 47.798252 -8.912334
-24.033323 47.814392 -8.447196
-23.910269 47.809292 -8.715356
-24.162085 47.808273 -8.190308
-23.932142 47.809494 -8.745734
-24.050224 47.821941 -8.418572
-23.861475 47.808846 -8.903649
-24.053577 47.817101 -8.449553
-23.830507 47.811810 -8.977424
-24.193140 47.815502 -8.156991
-24.062229 47.818901 -8.455553
-23.875259 47.805637 -8.854017
-23.990225 47.815502 -8.610700
-23.913399 47.808773 -8.740786
-23.974957 47.813316 -8.607267
-24.161800 47.809582 -8.206591
-24.188745 47.810886 -8.115749
-23.857187 47.810387 -8.816572
-23.901651 47.810036 -8.762938
-24.117247 47.814304 -8.231782
-23.818758 47.795563 -8.922050
-23.956821 47.807442 -8.581828
-23.961014 47.814819 -8.629551
-23.940807 47.804977 -8.607570
-23.819162 47.810093 -8.890537
-23.955082 47.809177 -8.656456
-24.101316 47.814453 -8.330767
-24.029486 47.818417 -8.500179
-23.889698 47.803120 -8.788303
-23.854881 47.808361 -8.843993
-24.025724 47.818184 -8.471220
-23.836655 47.797421 -8.862214
-23.819275 47.796200 -8.928861
-23.834829 47.811729 -8.840638
-24.129808 47.812817 -8.170707
-23.806833 47.803356 -8.934309
-24.098412 47.816441 -8.295636
-23.880272 47.814571 -8.738273
-24.023220 47.821095 -8.415513
-23.800657 47.813404 -8.906466
-24.004732 47.814659 -8.445627
-24.134230 47.810432 -8.190152
-24.022205 47.812641 -8.447857
-23.884483 47.809525 -8.707374
-23.909117 47.814453 -8.737869
-23.835482 47.809292 -8.891212
-23.799677 47.802910 -8.960683
-24.162245 47.815044 -8.155505
-24.034836 47.819164 -8.451232
-23.943661 47.806969 -8.602328
-23.853037 47.810581 -8.844319
-24.135645 47.811615 -8.204993
-23.969866 47.824207 -8.602910
-24.164530 47.814793 -8.112820
-23.882925 47.803524 -8.731842
-24.096870 47.820820 -8.228349
-23.830559 47.807751 -8.807129
-23.876263 47.810265 -8.754036
-23.933681 47.810310 -8.576094
-23.803188 47.810711 -8.915266
-23.934307 47.814068 -8.623347
-23.923096 47.816303 -8.602029
-23.803364 47.823257 -8.883651
-23.931170 47.814262 -8.648203
-23.830906 47.809452 -8.834619
-24.072752 47.815842 -8.327025
-23.873640 47.818401 -8.780214
-23.999287 47.818043 -8.494633
-24.003332 47.824039 -8.464723
-23.802752 47.807495 -8.920566
-23.822504 47.813450 -8.854959
-23.813721 47.817432 -8.833611
-23.785801 47.807178 -8.924039
-24.100529 47.812992 -8.173201
-23.859169 47.820282 -8.731248
-24.071764 47.818588 -8.292733
-24.000696 47.824852 -8.411139
-23.776340 47.811512 -8.896940
-24.108982 47.812347 -8.188951
-23.864168 47.814129 -8.700691
-23.976439 47.813931 -8.443095
-23.997368 47.815643 -8.443563
-23.874746 47.802608 -8.728309
-23.812424 47.811371 -8.880054
-24.005287 47.815575 -8.448150
-23.772625 47.798504 -8.946686
-24.112844 47.816387 -8.201590
-24.071508 47.821739 -8.227098
-23.832731 47.816280 -8.835459
-24.136236 47.819187 -8.151793
-23.941631 47.821594 -8.597128
-23.921040 47.810829 -8.595729
-23.860577 47.806377 -8.724272
-23.807867 47.807617 -8.799407
-24.138903 47.817829 -8.110365
-23.920094 47.823265 -8.569083
-23.850760 47.809502 -8.745087
-23.783278 47.816402 -8.905490
-23.902205 47.822906 -8.597282
-23.911699 47.819035 -8.614576
-23.777020 47.819618 -8.873242
-23.813080 47.820873 -8.826852
-23.905729 47.817482 -8.640378
-23.842096 47.808300 -8.769712
-23.976236 47.823307 -8.459446
-24.051001 47.823704 -8.319725
-23.802597 47.819149 -8.845188
-23.974752 47.821156 -8.487204
-23.781847 47.804344 -8.822965
-23.781942 47.813305 -8.910400
-23.768984 47.819469 -8.916714
-24.044889 47.818745 -8.289737
-24.073187 47.815037 -8.174366
-23.978554 47.827499 -8.408029
-23.833998 47.821388 -8.724630
-23.835775 47.806538 -8.693752
-24.085785 47.817123 -8.186474
-23.756758 47.819077 -8.889496
-23.973316 47.817532 -8.439619
-23.950058 47.813957 -8.441406
-23.851391 47.804588 -8.720304
-24.130127 47.792770 -8.066183
-23.981750 47.818455 -8.443340
-24.049095 47.825397 -8.224963
-24.084539 47.814571 -8.201242
-23.757338 47.812656 -8.938942
-23.794100 47.822906 -8.870983
-23.911760 47.816120 -8.591730
-23.899429 47.815563 -8.589581
-23.810284 47.819241 -8.825671
-23.891027 47.816685 -8.564034
-23.837841 47.809231 -8.717630
-23.789715 47.816063 -8.791497
-24.104328 47.816746 -8.152055
-24.110445 47.818012 -8.111043
-23.836618 47.825539 -8.737844
-23.753740 47.805172 -8.892592
-23.874378 47.819180 -8.592776
-23.886314 47.818165 -8.607865
-23.754967 47.821461 -8.864715
-23.790014 47.821850 -8.817882
-23.876560 47.811008 -8.633100
-23.954872 47.830040 -8.453406
-23.770046 47.823994 -8.818927
-24.024654 47.824852 -8.315869
-23.954290 47.827404 -8.403990
-23.780165 47.822105 -8.835404
-23.822552 47.816982 -8.760104
-23.764408 47.823727 -8.901671
-23.951361 47.826141 -8.480278
-24.024839 47.825375 -8.283178
-24.051136 47.821682 -8.172390
-23.747236 47.821423 -8.905046
-23.815044 47.829842 -8.718553
-23.819656 47.816742 -8.686730
-24.057995 47.815189 -8.187439
-23.737968 47.825527 -8.882397
-23.948647 47.817436 -8.436493
-23.925627 47.815849 -8.438387
-24.121550 47.808506 -8.053729
-23.830591 47.809307 -8.712325
-24.025053 47.826195 -8.223203
-23.961170 47.824078 -8.437641
-24.065506 47.822083 -8.195129
-23.878981 47.831505 -8.556611
-23.772963 47.825741 -8.860674
-23.878729 47.820175 -8.583828
-23.890562 47.820854 -8.584668
-23.744421 47.831535 -8.932237
-23.816814 47.811962 -8.709550
-23.768686 47.818787 -8.783416
-24.087961 47.821796 -8.106692
-23.788979 47.824066 -8.816381
-24.084806 47.824383 -8.144637
-23.817860 47.833111 -8.728576
-23.740717 47.823063 -8.885838
-23.849100 47.818195 -8.588293
-23.738947 47.832642 -8.857737
-23.865751 47.824883 -8.599992
-23.930529 47.827190 -8.401259
-23.770851 47.829418 -8.809527
-23.746250 47.821987 -8.810724
-23.924004 47.822594 -8.449749
-23.862339 47.827175 -8.623639
-23.763134 47.832413 -8.827985
-24.000767 47.828857 -8.309814
-23.744513 47.829418 -8.891906
-24.026011 47.823479 -8.173430
-23.805147 47.828407 -8.751432
-23.999405 47.826405 -8.279718
-23.792089 47.830708 -8.711811
-23.799133 47.819359 -8.679960
-24.040382 47.823570 -8.180855
-23.922762 47.823536 -8.475433
-23.730429 47.833710 -8.897726
-23.927559 47.822063 -8.431661
-23.709963 47.815052 -8.871257
-24.003956 47.829727 -8.220548
-24.107203 47.819756 -8.043117
-23.906185 47.823338 -8.433184
-23.813864 47.818630 -8.703944
-24.041870 47.822880 -8.192453
-23.934370 47.821239 -8.433580
-23.844494 47.815350 -8.553548
-23.852213 47.816330 -8.578800
-23.867615 47.821732 -8.577929
-23.804701 47.829750 -8.703192
-24.072613 47.818844 -8.036650
-23.721437 47.830627 -8.920024
-23.753300 47.833424 -8.851011
-23.755442 47.834702 -8.776562
-24.062635 47.822727 -8.105461
-23.768461 47.827782 -8.807432
-24.058086 47.825546 -8.141706
-23.796049 47.836956 -8.720154
-23.828411 47.822807 -8.582542
-23.720312 47.827763 -8.876939
-23.718319 47.835358 -8.848739
-23.849144 47.835213 -8.591664
-23.907177 47.826977 -8.397615
-23.751059 47.834999 -8.801988
-23.731588 47.837025 -8.804342
-23.899143 47.821621 -8.444354
-23.740372 47.832394 -8.818050
-23.999365 47.823410 -8.174895
-23.843706 47.835754 -8.614427
-23.786186 47.834286 -8.672142
-23.976803 47.829182 -8.275314
-23.774153 47.840034 -8.706175
-23.783110 47.830265 -8.742908
-24.016466 47.825367 -8.179148
-23.701042 47.816521 -8.882700
-23.723497 47.833244 -8.881647
-23.976255 47.830879 -8.304575
-23.896887 47.821686 -8.469594
-23.984161 47.833141 -8.217368
-23.903826 47.822960 -8.426759
-23.694267 47.828098 -8.866602
-24.082146 47.818584 -8.043090
-23.911415 47.821018 -8.429017
-24.019766 47.825542 -8.189356
-23.797857 47.829826 -8.696972
-23.885334 47.829952 -8.428455
-23.826523 47.820717 -8.546802
-24.049700 47.820412 -8.037561
-23.830290 47.818081 -8.572506
-23.845686 47.823486 -8.571633
-23.735430 47.838299 -8.768923
-23.781033 47.828751 -8.695043
-23.731949 47.834274 -8.840602
-23.700712 47.833458 -8.908800
-24.040167 47.826515 -8.101114
-23.749704 47.835350 -8.798162
-24.034487 47.827465 -8.136864
-23.774914 47.838692 -8.712023
-23.700663 47.843678 -8.842132
-23.699574 47.829483 -8.867888
-23.815294 47.839729 -8.575744
-23.826317 47.837082 -8.584977
-23.886770 47.829498 -8.393076
-23.730211 47.835735 -8.792889
-24.057426 47.817223 -8.024623
-23.707291 47.834026 -8.797007
-23.994864 47.827911 -8.177359
-23.722399 47.838848 -8.809122
-23.871620 47.815804 -8.441063
-23.758392 47.823597 -8.665456
-23.962444 47.834690 -8.215528
-23.954094 47.830963 -8.270860
-23.977100 47.828064 -8.172819
-23.819754 47.835754 -8.607245
-23.752735 47.842770 -8.699013
-23.753078 47.816944 -8.733058
-23.702263 47.835083 -8.871289
-23.884047 47.827469 -8.421404
-23.953163 47.833771 -8.298863
-23.679815 47.818359 -8.872346
-24.060061 47.821262 -8.040000
-23.669716 47.820248 -8.855878
-23.872551 47.821705 -8.463335
-23.892153 47.826519 -8.422797
-23.996546 47.826340 -8.185768
-23.807926 47.824100 -8.540870
-24.030935 47.824715 -8.034830
-23.772957 47.825966 -8.688280
-23.858133 47.826000 -8.427489
-23.817350 47.833019 -8.564692
-23.826817 47.828972 -8.564493
-23.715424 47.841900 -8.761285
-23.678305 47.829453 -8.896832
-23.762381 47.836208 -8.688001
-24.015118 47.825336 -8.101089
-23.710718 47.836117 -8.830246
-23.729197 47.839066 -8.789215
-24.010492 47.829384 -8.132938
-23.754416 47.842415 -8.703079
-23.678808 47.843536 -8.832592
-23.674414 47.820759 -8.855805
-23.793085 47.842476 -8.570415
-23.866257 47.831028 -8.388486
-23.804798 47.838833 -8.577767
-24.036762 47.820778 -8.021062
-23.707956 47.835598 -8.784266
-23.690765 47.844219 -8.790894
-23.941538 47.836239 -8.211859
-23.749846 47.846111 -8.657383
-23.971249 47.828709 -8.174688
-23.849201 47.816574 -8.435640
-23.699425 47.836838 -8.799090
-23.931393 47.832748 -8.266406
-23.673683 47.816780 -8.856609
-23.729057 47.840656 -8.693038
-23.860592 47.826256 -8.417709
-24.039797 47.824810 -8.035522
-23.952801 47.829861 -8.172032
-23.662344 47.824688 -8.864724
-23.979609 47.832615 -8.179472
-23.648140 47.817997 -8.847547
-23.799606 47.842468 -8.598456
-23.743975 47.842552 -8.724747
-23.870737 47.828167 -8.417814
-23.926912 47.831940 -8.293948
-24.010361 47.828144 -8.033489
-23.791828 47.834316 -8.533851
-23.857512 47.835026 -8.452420
-23.761759 47.844746 -8.680139
-23.834799 47.825783 -8.423848
-23.808958 47.835331 -8.557795
-23.797968 47.837513 -8.558416
-23.697956 47.848240 -8.753665
-23.743391 47.840691 -8.680806
-23.996288 47.830864 -8.093966
-23.660673 47.838879 -8.888053
-23.709593 47.842663 -8.780660
-23.693203 47.846542 -8.821519
-23.987690 47.830185 -8.128439
-23.721399 47.821278 -8.695189
-23.657343 47.842281 -8.824310
-23.654589 47.822361 -8.847150
-23.841036 47.824856 -8.387289
-23.770655 47.843235 -8.564988
-23.781532 47.836731 -8.570881
-24.018435 47.826195 -8.015246
-23.921757 47.839649 -8.208681
-23.687729 47.837212 -8.776525
-23.953398 47.833992 -8.170173
-23.719355 47.826607 -8.651688
-23.669416 47.843960 -8.782663
-24.020832 47.828239 -8.030518
-23.832396 47.824932 -8.427219
-23.680342 47.841427 -8.789672
-23.931213 47.832405 -8.170246
-23.836630 47.824051 -8.414882
-23.899904 47.821106 -8.267920
-23.959223 47.835159 -8.174937
-23.700945 47.826984 -8.686205
-23.653139 47.816517 -8.846547
-23.640453 47.820572 -8.854070
-23.989565 47.829590 -8.032047
-23.851257 47.831680 -8.411493
-23.626686 47.816742 -8.839268
-23.776913 47.843414 -8.526256
-23.717623 47.833839 -8.715413
-23.772570 47.834763 -8.591007
-23.907175 47.837570 -8.286427
-23.740011 47.844501 -8.672824
-23.822933 47.816772 -8.451485
-23.810326 47.822586 -8.421887
-23.792250 47.844669 -8.549417
-23.777470 47.840141 -8.551650
-23.672888 47.838295 -8.745982
-23.719898 47.836594 -8.673816
-23.974617 47.833538 -8.089961
-23.689880 47.845268 -8.772055
-23.671534 47.844414 -8.810963
-23.640863 47.841587 -8.877223
-23.821945 47.827259 -8.382227
-23.637184 47.840912 -8.815505
-23.709084 47.838188 -8.686553
-23.965008 47.831982 -8.123991
-23.745226 47.836170 -8.561514
-23.636116 47.827820 -8.839088
-23.752512 47.822079 -8.565829
-23.997641 47.827637 -8.013804
-23.896240 47.833374 -8.210625
-23.931093 47.834671 -8.166979
-23.648455 47.842594 -8.775690
-23.668137 47.840809 -8.767973
-23.981422 47.827915 -8.003392
-23.710245 47.852219 -8.643370
-23.998020 47.827938 -8.028193
-23.969261 47.830910 -8.031911
-23.938211 47.835712 -8.171217
-23.819689 47.830303 -8.408580
-23.811285 47.825584 -8.421273
-23.681343 47.829479 -8.679828
-23.907703 47.833084 -8.169801
-23.659401 47.841171 -8.780525
-23.889750 47.839050 -8.254774
-23.756577 47.842945 -8.520647
-23.827070 47.827492 -8.408564
-23.633839 47.819115 -8.837029
-23.619850 47.851795 -8.838499
-23.630123 47.846165 -8.848493
-23.754742 47.842232 -8.582137
-23.695793 47.833710 -8.705878
-23.707796 47.822250 -8.665277
-23.789536 47.825108 -8.418264
-23.887844 47.843204 -8.277990
-23.769373 47.841457 -8.543787
-23.808912 47.830967 -8.441011
-23.756458 47.841774 -8.545749
-23.646893 47.824497 -8.736796
-23.700920 47.841072 -8.666622
-23.949249 47.829380 -8.089788
-23.656584 47.815300 -8.759661
-23.611753 47.818321 -8.862300
-23.802858 47.829662 -8.377166
-23.639090 47.818413 -8.797853
-23.611589 47.827103 -8.805403
-23.692144 47.845528 -8.678071
-23.718578 47.826244 -8.557502
-23.945065 47.835644 -8.116375
-23.623203 47.846703 -8.832376
-23.881868 47.843494 -8.202174
-23.742357 47.842854 -8.555959
-23.976877 47.830196 -8.010194
-23.912128 47.838085 -8.161972
-23.980364 47.831245 -8.022666
-23.690304 47.851738 -8.636841
-23.960863 47.831348 -8.002053
-23.640905 47.824146 -8.758243
-23.948473 47.832352 -8.030470
-23.620829 47.825932 -8.766878
-23.917835 47.838257 -8.166684
-23.797552 47.828972 -8.404365
-23.791189 47.827110 -8.415770
-23.861996 47.829037 -8.255734
-23.633694 47.826374 -8.770371
-23.810534 47.833744 -8.401346
-23.659998 47.828117 -8.673776
-23.736357 47.843468 -8.515088
-23.599293 47.850422 -8.830608
-23.887787 47.839603 -8.165470
-23.609362 47.843914 -8.838330
-23.624336 47.847572 -8.832909
-23.697834 47.843891 -8.657674
-23.671259 47.824760 -8.697332
-23.749552 47.841980 -8.537311
-23.735279 47.846840 -8.573640
-23.862780 47.839146 -8.274674
-23.727322 47.825016 -8.542823
-23.636003 47.845139 -8.730968
-23.770298 47.830605 -8.412047
-23.793139 47.841309 -8.430858
-23.683470 47.847424 -8.659005
-23.931732 47.834789 -8.082141
-23.783148 47.830078 -8.372919
-23.636671 47.815918 -8.750960
-23.592413 47.816944 -8.851665
-23.598879 47.846867 -8.800960
-23.619463 47.818035 -8.788186
-23.858179 47.838089 -8.202731
-23.670816 47.845280 -8.669844
-23.603052 47.845329 -8.823570
-23.926020 47.839184 -8.109149
-23.956495 47.831642 -8.007837
-23.710611 47.854847 -8.547502
-23.892250 47.840511 -8.158746
-23.723907 47.848339 -8.547903
-23.960785 47.832687 -8.018478
-23.928583 47.833672 -8.029419
-23.662045 47.831993 -8.631021
-23.898649 47.839687 -8.161576
-23.599329 47.819599 -8.759660
-23.939302 47.833908 -8.000274
-23.620367 47.822781 -8.750357
-23.778467 47.831375 -8.399302
-23.789810 47.833286 -8.396656
-23.769979 47.826771 -8.409775
-23.636469 47.818935 -8.667850
-23.620676 47.844273 -8.763610
-23.708759 47.828583 -8.511744
-23.840508 47.829704 -8.250710
-23.869055 47.845005 -8.160564
-23.594469 47.817356 -8.817642
-23.577736 47.848171 -8.822278
-23.589437 47.844524 -8.829624
-23.667440 47.821404 -8.650917
-23.728842 47.842621 -8.530445
-23.716423 47.842815 -8.533714
-23.716713 47.851330 -8.565533
-23.650007 47.821529 -8.688042
-23.748665 47.829151 -8.409140
-23.614010 47.838928 -8.722442
-23.842831 47.842793 -8.267053
-23.909714 47.833366 -8.080156
-23.654089 47.825806 -8.652692
-23.770401 47.839100 -8.425284
-23.763735 47.829502 -8.367708
-23.620455 47.825115 -8.743884
-23.583017 47.846394 -8.847590
-23.838594 47.839516 -8.198539
-23.578629 47.844501 -8.792107
-23.610764 47.846497 -8.782233
-23.938961 47.835941 -8.002361
-23.648201 47.837090 -8.662134
-23.584585 47.850784 -8.815506
-23.908987 47.834000 -8.027403
-23.873180 47.842934 -8.153688
-23.686615 47.848652 -8.543556
-23.905054 47.840862 -8.103263
-23.941099 47.833134 -8.014240
-23.694740 47.827606 -8.543865
-23.651068 47.852760 -8.622970
-23.879982 47.842110 -8.155603
-23.601021 47.820301 -8.741899
-23.585907 47.837494 -8.753811
-23.762049 47.838619 -8.392134
-23.916828 47.835476 -8.000274
-23.771019 47.834690 -8.390627
-23.700006 47.850235 -8.501392
-23.753855 47.833023 -8.401643
-23.598862 47.836071 -8.754067
-23.824797 47.835972 -8.241668
-23.627279 47.847523 -8.660586
-23.844303 47.841709 -8.161748
-23.566973 47.831474 -8.817610
-23.555923 47.839966 -8.812736
-23.575970 47.818844 -8.808466
-23.712297 47.848862 -8.523221
-23.647810 47.819927 -8.643426
-23.698360 47.847191 -8.526915
-23.589102 47.821911 -8.714811
-23.636169 47.836575 -8.679827
-23.685646 47.829842 -8.560661
-23.730953 47.836517 -8.402496
-23.821632 47.842464 -8.261061
-23.745443 47.830791 -8.362988
-23.633945 47.823338 -8.646066
-23.891687 47.837784 -8.073373
-23.747335 47.833912 -8.419562
-23.824493 47.847530 -8.191291
-23.944082 47.836945 -7.971894
-23.601334 47.824623 -8.735524
-23.565132 47.849861 -8.837594
-23.920914 47.839252 -7.997749
-23.551731 47.818779 -8.781416
-23.892462 47.839172 -8.022366
-23.583809 47.824867 -8.770427
-23.632502 47.847286 -8.654190
-23.853085 47.843369 -8.150361
-23.924374 47.837437 -8.006933
-23.562952 47.840595 -8.804947
-23.659815 47.832649 -8.540555
-23.860779 47.842422 -8.152666
-23.685719 47.851364 -8.532307
-23.883356 47.839558 -8.098142
-23.633291 47.856133 -8.615202
-23.741226 47.837166 -8.387395
-23.589344 47.842052 -8.735724
-23.752232 47.836098 -8.384598
-23.896055 47.836918 -7.998833
-23.561226 47.822464 -8.746280
-23.678217 47.843807 -8.497316
-23.731403 47.828709 -8.397279
-23.606508 47.843067 -8.654776
-23.807276 47.841366 -8.234013
-23.573977 47.820164 -8.744263
-23.531490 47.819962 -8.803125
-23.546288 47.825134 -8.808558
-23.823656 47.845245 -8.158180
-23.630825 47.822182 -8.636002
-23.561205 47.832882 -8.802025
-23.692268 47.847397 -8.516645
-23.676298 47.842865 -8.521630
-23.572447 47.827141 -8.707534
-23.727045 47.831089 -8.358216
-23.705933 47.827240 -8.402461
-23.614080 47.829376 -8.671252
-23.619261 47.834412 -8.638565
-23.675728 47.853714 -8.548711
-23.799925 47.841145 -8.255934
-23.871519 47.838348 -8.067829
-23.796505 47.833305 -8.196503
-23.726761 47.835556 -8.412751
-23.587267 47.837677 -8.727205
-23.901865 47.841690 -7.992698
-23.872469 47.839497 -8.021264
-23.535297 47.825989 -8.774235
-23.538548 47.824253 -8.823759
-23.904587 47.836891 -8.002646
-23.834024 47.845791 -8.145304
-23.843416 47.844723 -8.146168
-23.613609 47.848789 -8.645931
-23.565317 47.826355 -8.761251
-23.539255 47.823570 -8.794568
-23.647833 47.852551 -8.532061
-23.614155 47.854538 -8.609015
-23.861261 47.838253 -8.093936
-23.664911 47.851009 -8.525391
-23.733828 47.836395 -8.379825
-23.663202 47.851913 -8.489667
-23.719271 47.832737 -8.384336
-23.874884 47.838364 -7.998307
-23.542498 47.820858 -8.739179
-23.564959 47.826027 -8.727227
-23.580080 47.823078 -8.649746
-23.786470 47.839928 -8.229279
-23.714796 47.835083 -8.387839
-23.557947 47.827377 -8.736168
-23.514540 47.826176 -8.796809
-23.670994 47.841961 -8.511702
-23.541933 47.827419 -8.792500
-23.804821 47.849655 -8.153222
-23.624403 47.856617 -8.626681
-23.526348 47.821774 -8.798743
-23.662128 47.854942 -8.513264
-23.553722 47.825539 -8.700434
-23.709387 47.834362 -8.352679
-23.780266 47.837467 -8.190495
-23.606535 47.861935 -8.661439
-23.851843 47.838791 -8.063590
-23.692026 47.842426 -8.392027
-23.597383 47.828091 -8.632265
-23.655100 47.851372 -8.540779
-23.781803 47.845665 -8.246922
-23.883602 47.843010 -7.987985
-23.853289 47.839825 -8.018332
-23.707378 47.836086 -8.405366
-23.565857 47.828365 -8.718922
-23.886837 47.839207 -7.997069
-23.815861 47.848091 -8.140635
-23.515011 47.818539 -8.766445
-23.519905 47.820774 -8.813419
-23.824135 47.845161 -8.141010
-23.591690 47.838493 -8.638516
-23.521038 47.822952 -8.786598
-23.547947 47.829712 -8.752565
-23.627632 47.853069 -8.526501
-23.589584 47.839401 -8.603711
-23.647036 47.853397 -8.517574
-23.711025 47.827988 -8.377482
-23.707956 47.847687 -8.372854
-23.843044 47.841797 -8.084881
-23.644817 47.853313 -8.482718
-23.546413 47.822437 -8.719111
-23.855551 47.841793 -7.994219
-23.525663 47.828068 -8.732912
-23.695284 47.833508 -8.382577
-23.768217 47.842342 -8.222389
-23.561403 47.825455 -8.643761
-23.538288 47.821918 -8.727562
-23.657341 47.855034 -8.502470
-23.494476 47.820709 -8.789118
-23.784847 47.851082 -8.149943
-23.509651 47.823021 -8.790349
-23.593937 47.823959 -8.622051
-23.691776 47.833546 -8.348248
-23.522709 47.825928 -8.784089
-23.641708 47.853477 -8.507604
-23.535002 47.823936 -8.693333
-23.760967 47.836784 -8.187508
-23.835526 47.843086 -8.055365
-23.582478 47.837177 -8.624661
-23.668831 47.834023 -8.390602
-23.575981 47.829395 -8.654587
-23.638586 47.858723 -8.531380
-23.863394 47.841354 -7.986784
-23.837170 47.844997 -8.012377
-23.885170 47.836437 -7.955951
-23.759373 47.841366 -8.242562
-23.869383 47.840530 -7.990526
-23.547867 47.829742 -8.711053
-23.799131 47.852383 -8.133322
-23.809328 47.851315 -8.132356
-23.499584 47.826622 -8.759703
-23.689253 47.840591 -8.396349
-23.504095 47.829964 -8.805419
-23.572699 47.839001 -8.630208
-23.530470 47.832077 -8.743830
-23.577478 47.858303 -8.595158
-23.503269 47.826305 -8.778827
-23.700853 47.845921 -8.364319
-23.610313 47.860420 -8.518929
-23.626705 47.852604 -8.476975
-23.686901 47.843136 -8.370186
-23.627645 47.853916 -8.510183
-23.824804 47.844227 -8.077994
-23.836193 47.844109 -7.992301
-23.528246 47.825798 -8.712256
-23.508829 47.835281 -8.726644
-23.544245 47.829693 -8.637347
-23.678055 47.837894 -8.373951
-23.746284 47.837925 -8.219337
-23.478535 47.827797 -8.783238
-23.522263 47.829128 -8.719465
-23.636702 47.851582 -8.496710
-23.673903 47.834835 -8.342611
-23.577072 47.827209 -8.614675
-23.765392 47.853504 -8.145799
-23.506237 47.829163 -8.775792
-23.493732 47.831223 -8.782299
-23.625063 47.858727 -8.500325
-23.745758 47.842934 -8.179767
-23.520020 47.835999 -8.686788
-23.563137 47.833595 -8.618377
-23.818373 47.844208 -8.010698
-23.817181 47.844524 -8.048429
-23.845026 47.841682 -7.982021
-23.653046 47.843254 -8.382612
-23.558182 47.828789 -8.645705
-23.853340 47.842724 -7.983508
-23.622292 47.868061 -8.522077
-23.791975 47.853615 -8.125856
-23.531178 47.830997 -8.702659
-23.773090 47.840023 -8.137195
-23.740009 47.841915 -8.235181
-23.665129 47.828331 -8.393419
-23.480976 47.826008 -8.752649
-23.486578 47.828354 -8.795568
-23.552429 47.834106 -8.590719
-23.679581 47.839386 -8.361552
-23.552027 47.831566 -8.623335
-23.512774 47.832458 -8.734994
-23.487129 47.832523 -8.770677
-23.611294 47.858170 -8.501940
-23.662977 47.831753 -8.369529
-23.588324 47.852001 -8.514754
-23.611422 47.862816 -8.468112
-23.808403 47.848640 -8.067546
-23.815727 47.844559 -7.989892
-23.511047 47.826061 -8.704728
-23.489893 47.831688 -8.719442
-23.729961 47.842205 -8.211104
-23.622089 47.859692 -8.488141
-23.658552 47.836323 -8.368688
-23.524803 47.825119 -8.631015
-23.505173 47.830387 -8.711986
-23.654787 47.832153 -8.338606
-23.461369 47.832027 -8.776819
-23.559990 47.828476 -8.607199
-23.727650 47.841137 -8.176205
-23.735373 47.835308 -8.154480
-23.605932 47.857143 -8.494142
-23.475399 47.829613 -8.774280
-23.488749 47.831528 -8.767056
-23.505531 47.849052 -8.679374
-23.801107 47.846397 -8.006425
-23.800341 47.847832 -8.041070
-23.544193 47.830017 -8.611179
-23.827681 47.843998 -7.975530
-23.835367 47.843052 -7.977833
-23.775394 47.854805 -8.119699
-23.629854 47.834846 -8.381191
-23.542770 47.837997 -8.636794
-23.757250 47.844193 -8.130273
-23.600931 47.862743 -8.514914
-23.515249 47.839207 -8.694612
-23.465534 47.834091 -8.745904
-23.723808 47.848301 -8.224831
-23.470203 47.832581 -8.787321
-23.541149 47.856983 -8.581445
-23.653557 47.846504 -8.378557
-23.661366 47.837692 -8.355768
-23.468800 47.830914 -8.762659
-23.590944 47.856270 -8.463516
-23.645611 47.834034 -8.363028
-23.493628 47.827991 -8.725523
-23.594040 47.862545 -8.493308
-23.571838 47.863327 -8.506465
-23.798204 47.848858 -7.984416
-23.494389 47.831291 -8.697448
-23.788427 47.847221 -8.060992
-23.475327 47.847717 -8.713089
-23.602966 47.858109 -8.481959
-23.637695 47.832329 -8.333314
-23.642103 47.839600 -8.360407
-23.710789 47.843315 -8.171016
-23.712523 47.844624 -8.202389
-23.490088 47.842564 -8.703218
-23.543633 47.832722 -8.598959
-23.506855 47.830471 -8.624261
-23.442858 47.832401 -8.769814
-23.586828 47.855556 -8.487960
-23.458824 47.831856 -8.765934
-23.472500 47.836750 -8.758857
-23.488991 47.855278 -8.672138
-23.717371 47.839714 -8.147694
-23.782465 47.847717 -8.002631
-23.811361 47.847187 -7.969480
-23.526934 47.833267 -8.604718
-23.820370 47.847233 -7.969088
-23.781904 47.848274 -8.034091
-23.752102 47.844315 -8.120408
-23.737864 47.842522 -8.127241
-23.611721 47.838238 -8.374347
-23.523575 47.836517 -8.628388
-23.498163 47.840466 -8.687132
-23.581955 47.863262 -8.506607
-23.449028 47.844276 -8.739777
-23.644909 47.839855 -8.349656
-23.525127 47.864208 -8.573345
-23.704868 47.848850 -8.216537
-23.452074 47.828983 -8.778288
-23.577181 47.868351 -8.454226
-23.636740 47.850891 -8.369017
-23.518478 47.836082 -8.607569
-23.629778 47.838181 -8.356098
-23.452040 47.835140 -8.755324
-23.480215 47.847000 -8.717488
-23.552221 47.860744 -8.501147
-23.575178 47.864059 -8.485051
-23.776731 47.847321 -7.983744
-23.478804 47.842476 -8.689544
-23.772045 47.851635 -8.050549
-23.453388 47.832329 -8.706739
-23.622271 47.836479 -8.325471
-23.585381 47.858391 -8.475351
-23.694347 47.845493 -8.164908
-23.695076 47.845924 -8.195842
-23.623022 47.838024 -8.354231
-23.526560 47.833984 -8.591483
-23.470175 47.830036 -8.695576
-23.768574 47.853760 -7.994369
-23.425041 47.830669 -8.763100
-23.489706 47.834713 -8.617845
-23.569571 47.858818 -8.481498
-23.469627 47.847717 -8.664741
-23.441357 47.834217 -8.757194
-23.455139 47.840103 -8.750166
-23.803614 47.846447 -7.962841
-23.697426 47.841141 -8.144418
-23.793531 47.848507 -7.963856
-23.762932 47.846611 -8.030147
-23.730446 47.836681 -8.120741
-23.510189 47.837509 -8.597388
-23.719912 47.842834 -8.121562
-23.506903 47.837780 -8.619995
-23.591944 47.837654 -8.370049
-23.480919 47.844818 -8.678492
-23.631750 47.849964 -8.338446
-23.566072 47.872601 -8.496386
-23.429741 47.833733 -8.731318
-23.501280 47.837788 -8.570514
-23.686199 47.847290 -8.209452
-23.552349 47.843929 -8.454241
-23.436157 47.837181 -8.770232
-23.611187 47.836487 -8.351228
-23.618679 47.851303 -8.361106
-23.434628 47.833412 -8.747694
-23.500296 47.835480 -8.599602
-23.461548 47.838444 -8.708210
-23.558729 47.867321 -8.476757
-23.533667 47.864124 -8.495205
-23.460339 47.834797 -8.682536
-23.605198 47.836655 -8.320174
-23.757313 47.849754 -7.979605
-23.568823 47.860661 -8.467009
-23.436014 47.834576 -8.700220
-23.754015 47.852081 -8.042650
-23.675369 47.843815 -8.160957
-23.611620 47.853100 -8.340517
-23.511658 47.843079 -8.583873
-23.673849 47.839401 -8.193085
-23.749203 47.852097 -7.991339
-23.552610 47.861088 -8.474070
-23.453829 47.834270 -8.687325
-23.471500 47.832996 -8.612049
-23.409943 47.853764 -8.757598
-23.786457 47.845661 -7.957507
-23.776484 47.848717 -7.958570
-23.427015 47.852226 -8.750929
-23.452251 47.849968 -8.658220
-23.437727 47.838375 -8.742535
-23.720547 47.849670 -8.105500
-23.678562 47.840458 -8.140517
-23.746529 47.849915 -8.021871
-23.493956 47.842747 -8.589189
-23.703476 47.845013 -8.115455
-23.615807 47.853115 -8.331463
-23.577703 47.849865 -8.359452
-23.462671 47.839127 -8.671581
-23.489449 47.840157 -8.611259
-23.412258 47.834984 -8.724747
-23.537966 47.854023 -8.445764
-23.489565 47.865868 -8.558856
-23.546776 47.870140 -8.487928
-23.594248 47.838768 -8.343806
-23.671562 47.856659 -8.196497
-23.420073 47.848480 -8.761012
-23.483955 47.839722 -8.591353
-23.419283 47.850552 -8.740987
-23.600462 47.854816 -8.352035
-23.443760 47.837830 -8.699322
-23.534763 47.847980 -8.473876
-23.594011 47.853718 -8.306552
-23.740080 47.851944 -7.975329
-23.514462 47.861542 -8.488968
-23.658285 47.842892 -8.157835
-23.442936 47.833073 -8.674907
-23.552811 47.867893 -8.458908
-23.419643 47.837696 -8.694139
-23.732239 47.852180 -7.988269
-23.735987 47.852524 -8.034751
-23.493748 47.840370 -8.577112
-23.660109 47.848648 -8.180521
-23.594700 47.856495 -8.330921
-23.455542 47.836124 -8.605056
-23.772894 47.851833 -7.946110
-23.439405 47.852409 -8.678839
-23.533516 47.859501 -8.467882
-23.391043 47.842102 -8.750393
-23.434364 47.839191 -8.651460
-23.707188 47.857815 -8.094194
-23.758038 47.848049 -7.953759
-23.422567 47.853527 -8.734815
-23.408136 47.841679 -8.741550
-23.661346 47.843750 -8.134065
-23.475536 47.839046 -8.583293
-23.687580 47.849304 -8.106307
-23.728506 47.850361 -8.013971
-23.597513 47.850433 -8.325624
-23.561085 47.855122 -8.352170
-23.446432 47.844357 -8.663377
-23.473923 47.871983 -8.552005
-23.519209 47.846241 -8.441898
-23.397045 47.845055 -8.718086
-23.471672 47.839554 -8.602372
-23.582817 47.852726 -8.332258
-23.528378 47.867561 -8.479860
-23.469454 47.848812 -8.582821
-23.402739 47.843773 -8.752316
-23.652390 47.854111 -8.190272
-23.401520 47.841873 -8.732098
-23.640987 47.839977 -8.154614
-23.517029 47.842182 -8.468278
-23.579716 47.860847 -8.297015
-23.579817 47.846291 -8.347342
-23.428682 47.850010 -8.690540
-23.497719 47.865795 -8.481630
-23.428350 47.845135 -8.667432
-23.720825 47.851276 -7.972344
-23.536257 47.870167 -8.450562
-23.716326 47.855362 -7.981294
-23.401731 47.834980 -8.687372
-23.643747 47.847847 -8.173346
-23.754501 47.847076 -7.942408
-23.720419 47.856945 -8.022470
-23.689159 47.851929 -8.091743
-23.477085 47.841637 -8.568715
-23.518290 47.865623 -8.460120
-23.575788 47.851822 -8.325899
-23.743315 47.850124 -7.946214
-23.373453 47.830326 -8.742665
-23.421028 47.841751 -8.670769
-23.417616 47.843426 -8.644117
-23.437502 47.840485 -8.598239
-23.405373 47.841755 -8.726170
-23.392029 47.839836 -8.733392
-23.675110 47.857323 -8.095387
-23.459095 47.833122 -8.577168
-23.713806 47.853546 -8.004251
-23.646013 47.854118 -8.122982
-23.581627 47.849495 -8.319748
-23.432247 47.856419 -8.654985
-23.539400 47.843494 -8.351382
-23.501591 47.841442 -8.436349
-23.455179 47.865303 -8.545959
-23.456118 47.842686 -8.594461
-23.379778 47.848289 -8.711606
-23.567116 47.858982 -8.323195
-23.507236 47.849968 -8.476028
-23.452574 47.848091 -8.574323
-23.636160 47.855412 -8.180972
-23.633818 47.865124 -8.131839
-23.386061 47.845020 -8.743910
-23.562428 47.859035 -8.291613
-23.384224 47.841137 -8.724509
-23.514126 47.845379 -8.451746
-23.411741 47.844196 -8.683103
-23.801558 47.887733 -7.811310
-23.500889 47.844452 -8.459016
-23.564306 47.850559 -8.337267
-23.411276 47.846390 -8.659943
-23.699389 47.856560 -7.976049
-23.701708 47.852718 -7.967234
-23.478167 47.868298 -8.475240
-23.740185 47.849152 -7.933946
-23.385271 47.850254 -8.680165
-23.673426 47.853119 -8.083751
-23.461237 47.845764 -8.561767
-23.728216 47.853313 -7.937409
-23.496513 47.844929 -8.459280
-23.624966 47.844181 -8.168377
-23.703585 47.856277 -8.013993
-23.556156 47.844173 -8.321645
-23.356510 47.836540 -8.736329
-23.403954 47.843006 -8.663279
-23.421082 47.847702 -8.591041
-23.400032 47.843693 -8.637494
-23.375919 47.850021 -8.726335
-23.657059 47.856647 -8.089650
-23.387913 47.844116 -8.717421
-23.443918 47.844318 -8.568336
-23.697702 47.855858 -7.995005
-23.566200 47.853645 -8.311893
-23.629547 47.861504 -8.113580
-23.413904 47.849731 -8.648021
-23.487230 47.852654 -8.425689
-23.439240 47.841961 -8.585963
-23.437943 47.869671 -8.537307
-23.522406 47.849865 -8.342837
-23.550175 47.861263 -8.315763
-23.361805 47.849659 -8.703719
-23.487722 47.844410 -8.469644
-23.370144 47.841190 -8.734736
-23.613369 47.856373 -8.131591
-23.434244 47.841412 -8.567363
-23.546001 47.862312 -8.283314
-23.367792 47.848347 -8.717305
-23.682108 47.853661 -7.972829
-23.617912 47.853855 -8.172962
-23.498310 47.850628 -8.442627
-23.485741 47.856773 -8.448013
-23.725359 47.850231 -7.926349
-23.394581 47.845570 -8.673389
-23.394524 47.850628 -8.652596
-23.547392 47.853954 -8.327663
-23.659851 47.859276 -8.072339
-23.459759 47.864605 -8.469339
-23.686064 47.860119 -7.956006
-23.444633 47.842937 -8.554478
-23.367470 47.848526 -8.673441
-23.712227 47.856625 -7.928211
-23.480911 47.852165 -8.450255
-23.539791 47.843353 -8.314461
-23.612377 47.857529 -8.151946
-23.687506 47.859703 -8.002572
-23.387428 47.837196 -8.654925
-23.641541 47.859821 -8.081751
-23.338591 47.845848 -8.730655
-23.382963 47.844952 -8.630001
-23.402718 47.849083 -8.584072
-23.371347 47.846363 -8.709060
-23.357813 47.846428 -8.717291
-23.551178 47.857792 -8.303120
-23.682625 47.860157 -7.984022
-23.426128 47.842602 -8.561618
-23.612350 47.865910 -8.104942
-23.469725 47.848843 -8.420183
-23.397022 47.849007 -8.639517
-23.419268 47.858902 -8.532373
-23.529070 47.846539 -8.315218
-23.344683 47.845829 -8.697289
-23.422413 47.846325 -8.576397
-23.505301 47.855244 -8.334240
-23.594841 47.849491 -8.130001
-23.529337 47.862492 -8.277089
-23.476120 47.871750 -8.452568
-23.418894 47.855709 -8.557364
-23.480696 47.845829 -8.437073
-23.352900 47.845535 -8.726078
-23.665201 47.855976 -7.965406
-23.350607 47.848602 -8.709760
-23.711988 47.854420 -7.913930
-23.643881 47.857365 -8.066418
-23.600691 47.854286 -8.163218
-23.377806 47.845833 -8.664932
-23.467020 47.850105 -8.441969
-23.376406 47.845924 -8.645726
-23.528681 47.847298 -8.321625
-23.668346 47.862431 -7.950412
-23.695488 47.855843 -7.921952
-23.428192 47.846191 -8.546169
-23.441292 47.865005 -8.462322
-23.464474 47.855427 -8.441950
-23.349205 47.850891 -8.666513
-23.594513 47.854858 -8.145191
-23.528065 47.865746 -8.296231
-23.671595 47.860031 -7.992310
-23.624277 47.858032 -8.076352
-23.370621 47.845520 -8.646461
-23.321001 47.846104 -8.724021
-23.355532 47.855560 -8.701034
-23.385139 47.849354 -8.577443
-23.365322 47.849308 -8.622257
-23.534538 47.859085 -8.294723
-23.341248 47.848671 -8.708926
-23.665394 47.859489 -7.976455
-23.409174 47.844864 -8.554173
-23.588335 47.850204 -8.110760
-23.380165 47.852249 -8.632117
-23.451950 47.847141 -8.413465
-23.514156 47.851677 -8.306489
-23.402821 47.862156 -8.524059
-23.581200 47.859737 -8.117465
-23.404709 47.841633 -8.568615
-23.326822 47.848190 -8.689444
-23.484146 47.844608 -8.332581
-23.511677 47.861794 -8.270422
-23.650311 47.861145 -7.956686
-23.464430 47.845993 -8.429928
-23.698105 47.857613 -7.902376
-23.454554 47.849068 -8.450715
-23.629175 47.860542 -8.056686
-23.336334 47.847782 -8.717712
-23.401958 47.859081 -8.547743
-23.333317 47.847870 -8.702164
-23.361673 47.852055 -8.656761
-23.450157 47.849396 -8.433469
-23.680389 47.859032 -7.913138
-23.359335 47.847183 -8.638228
-23.583473 47.854721 -8.153471
-23.514433 47.856655 -8.307732
-23.410872 47.840389 -8.539646
-23.649420 47.861889 -7.944281
-23.448593 47.864769 -8.431706
-23.422935 47.866398 -8.455350
-23.332088 47.847065 -8.660080
-23.579422 47.859146 -8.134196
-23.610556 47.868404 -8.061598
-23.510426 47.866161 -8.287390
-23.656433 47.864456 -7.979102
-23.518896 47.861248 -8.286761
-23.353636 47.843800 -8.637904
-23.303202 47.844372 -8.717289
-23.652252 47.866776 -7.961951
-23.348146 47.849571 -8.614709
-23.337601 47.848869 -8.693148
-23.366629 47.844658 -8.571487
-23.323639 47.844955 -8.701184
-23.392881 47.854191 -8.544841
-23.573933 47.862682 -8.095706
-23.437580 47.858353 -8.402792
-23.494921 47.842915 -8.303487
-23.363031 47.857601 -8.623504
-23.385246 47.862431 -8.517427
-23.564171 47.861042 -8.109982
-23.496378 47.868053 -8.260427
-23.388563 47.843891 -8.559338
-23.635336 47.866440 -7.945741
-23.683710 47.859814 -7.891684
-23.309025 47.846466 -8.682711
-23.613852 47.861736 -8.047770
-23.451067 47.868366 -8.415344
-23.466831 47.848003 -8.323880
-23.316242 47.849121 -8.694660
-23.384573 47.857368 -8.540101
-23.319302 47.854115 -8.709143
-23.438143 47.853443 -8.440230
-23.665211 47.862347 -7.902102
-23.342373 47.849434 -8.630775
-23.344410 47.852440 -8.646990
-23.433853 47.854767 -8.423031
-23.567894 47.859127 -8.141169
-23.395517 47.854687 -8.529638
-23.499395 47.867126 -8.293489
-23.631727 47.865314 -7.936507
-23.429535 47.854008 -8.427687
-23.593292 47.866611 -8.056192
-23.402645 47.851658 -8.452968
-23.561054 47.855484 -8.128304
-23.313251 47.852524 -8.652897
-23.501062 47.853359 -8.283282
-23.494425 47.870556 -8.275992
-23.641569 47.867889 -7.964927
-23.337185 47.847046 -8.629584
-23.331356 47.848724 -8.608418
-23.634300 47.863129 -7.955148
-23.320930 47.850121 -8.684729
-23.376030 47.857445 -8.537436
-23.307289 47.849190 -8.692909
-23.285021 47.843754 -8.709294
-23.348780 47.847031 -8.563643
-23.419806 47.856651 -8.396067
-23.347046 47.856754 -8.615383
-23.480585 47.855251 -8.290645
-23.552954 47.858147 -8.093030
-23.367970 47.861710 -8.509830
-23.546059 47.854156 -8.107471
-23.618700 47.866646 -7.939519
-23.480354 47.871334 -8.251200
-23.667786 47.859035 -7.883590
-23.598125 47.862926 -8.039764
-23.432966 47.853397 -8.412830
-23.291653 47.848709 -8.676167
-23.370909 47.844284 -8.550485
-23.448599 47.850399 -8.316957
-23.303185 47.848301 -8.699863
-23.649900 47.863548 -7.893186
-23.299149 47.846401 -8.686048
-23.367638 47.860741 -8.530473
-23.421007 47.854843 -8.430513
-23.416759 47.850960 -8.416602
-23.327532 47.851711 -8.638475
-23.380093 47.873074 -8.518509
-23.324923 47.851803 -8.622011
-23.552446 47.865643 -8.126738
-23.412588 47.856277 -8.420237
-23.571779 47.849678 -8.060912
-23.482609 47.872631 -8.281746
-23.613823 47.866756 -7.928633
-23.486277 47.860611 -8.272420
-23.546497 47.861881 -8.114263
-23.295879 47.854771 -8.646350
-23.384085 47.851067 -8.445894
-23.476446 47.866879 -8.269175
-23.320118 47.848305 -8.622079
-23.623751 47.866352 -7.955997
-23.313828 47.840927 -8.601789
-23.304731 47.847286 -8.676509
-23.618120 47.865570 -7.943666
-23.358755 47.856724 -8.529838
-23.267437 47.844009 -8.702651
-23.290091 47.845478 -8.684247
-23.331392 47.858463 -8.554914
-23.404873 47.872078 -8.382960
-23.463610 47.852448 -8.284266
-23.533684 47.870609 -8.088938
-23.654688 47.861115 -7.872369
-23.536673 47.863548 -8.082596
-23.329342 47.852058 -8.607590
-23.350697 47.860992 -8.502230
-23.601961 47.865856 -7.933246
-23.584843 47.868095 -8.027375
-23.463203 47.871632 -8.243655
-23.415939 47.845497 -8.407516
-23.274002 47.853058 -8.668405
-23.355415 47.866764 -8.538235
-23.634104 47.864880 -7.882962
-23.432127 47.858879 -8.305350
-23.282288 47.849640 -8.678634
-23.350470 47.861015 -8.522920
-23.285833 47.851658 -8.691143
-23.406309 47.873363 -8.415333
-23.308535 47.850956 -8.614800
-23.402506 47.874569 -8.399436
-23.363470 47.879429 -8.509020
-23.310696 47.856068 -8.628889
-23.395773 47.850361 -8.415015
-23.559713 47.865143 -8.041420
-23.534378 47.860992 -8.119876
-23.471170 47.864883 -8.261410
-23.596533 47.870186 -7.919936
-23.530684 47.863190 -8.104029
-23.464653 47.870071 -8.272751
-23.367886 47.871689 -8.432236
-23.460445 47.871273 -8.257770
-23.277403 47.855152 -8.639312
-23.302773 47.851665 -8.613358
-23.608379 47.868793 -7.942682
-23.296696 47.846279 -8.593163
-23.602215 47.865898 -7.933390
-23.341587 47.856998 -8.522284
-23.286768 47.848656 -8.668606
-23.249763 47.847244 -8.697062
-23.272808 47.844742 -8.676641
-23.313028 47.859844 -8.547925
-23.387943 47.875465 -8.373328
-23.640699 47.863319 -7.860754
-23.514832 47.859631 -8.089366
-23.448370 47.864902 -8.271020
-23.312889 47.855305 -8.599262
-23.585859 47.868172 -7.923976
-23.568291 47.865318 -8.020087
-23.333250 47.863377 -8.493461
-23.519392 47.868080 -8.071717
-23.446459 47.871933 -8.235193
-23.400017 47.849758 -8.398329
-23.256104 47.850338 -8.661614
-23.338921 47.875221 -8.526617
-23.618818 47.867203 -7.871866
-23.269375 47.854897 -8.682810
-23.334146 47.866375 -8.512465
-23.264427 47.852005 -8.670774
-23.346767 47.875614 -8.501664
-23.412964 47.856312 -8.299094
-23.384211 47.857613 -8.396824
-23.291256 47.850227 -8.607193
-23.388344 47.870792 -8.406329
-23.541714 47.859257 -8.038952
-23.293608 47.853355 -8.620272
-23.453962 47.858982 -8.257105
-23.378887 47.858829 -8.404315
-23.517740 47.858326 -8.110364
-23.516354 47.872688 -8.087899
-23.577885 47.867535 -7.915000
-23.443829 47.873680 -8.247180
-23.446701 47.867512 -8.263753
-23.259647 47.858513 -8.631497
-23.349213 47.870102 -8.425104
-23.587433 47.869213 -7.921423
-23.286373 47.846851 -8.605038
-23.325245 47.861244 -8.514001
-23.270311 47.851898 -8.660273
-23.278948 47.849644 -8.585352
-23.591883 47.868256 -7.931049
-23.255983 47.853065 -8.668151
-23.231390 47.848610 -8.690064
-23.624441 47.858448 -7.854682
-23.500477 47.868015 -8.075407
-23.370676 47.874756 -8.365724
-23.294455 47.859238 -8.540837
-23.553478 47.867504 -8.010292
-23.432241 47.867188 -8.261736
-23.569757 47.870487 -7.914702
-23.296083 47.850487 -8.591856
-23.430098 47.871117 -8.227986
-23.316082 47.863651 -8.485900
-23.384977 47.864189 -8.385170
-23.499840 47.865532 -8.066381
-23.602999 47.867413 -7.863808
-23.239296 47.845516 -8.654204
-23.321253 47.861355 -8.521004
-23.252899 47.854164 -8.673368
-23.329557 47.870804 -8.495173
-23.247143 47.851269 -8.663161
-23.316280 47.864784 -8.503501
-23.439806 47.869335 -8.243237
-23.395927 47.869007 -8.285050
-23.527794 47.868763 -8.021908
-23.273401 47.852600 -8.599332
-23.363665 47.876362 -8.389986
-23.371540 47.876282 -8.394567
-23.367168 47.870296 -8.382779
-23.276943 47.854614 -8.611841
-23.504282 47.874031 -8.089161
-23.498802 47.869030 -8.080164
-23.559874 47.867985 -7.907067
-23.431105 47.871906 -8.251427
-23.427614 47.876091 -8.235671
-23.241821 47.851704 -8.625820
-23.269711 47.848110 -8.596607
-23.570915 47.867558 -7.911960
-23.253168 47.857243 -8.651637
-23.576279 47.867596 -7.919806
-23.261299 47.854000 -8.577582
-23.330193 47.874714 -8.415638
-23.307079 47.860645 -8.505999
-23.238699 47.852333 -8.660536
-23.538967 47.868702 -7.999530
-23.484488 47.872425 -8.063997
-23.416550 47.874557 -8.250463
-23.212332 47.852081 -8.682764
-23.553421 47.869701 -7.907504
-23.353569 47.881245 -8.354918
-23.275772 47.871902 -8.530437
-23.279528 47.852741 -8.583473
-23.412510 47.866329 -8.222416
-23.298597 47.875210 -8.474933
-23.368700 47.874645 -8.373644
-23.482960 47.870064 -8.054579
-23.588753 47.872841 -7.848797
-23.220552 47.851967 -8.647045
-23.303791 47.859764 -8.511124
-23.236019 47.853432 -8.664838
-23.312618 47.859921 -8.488787
-23.299006 47.864067 -8.495889
-23.423851 47.868523 -8.235113
-23.229860 47.850536 -8.655544
-23.511578 47.870075 -8.012579
-23.257387 47.846668 -8.592266
-23.377811 47.873512 -8.275980
-23.350538 47.872692 -8.372176
-23.345678 47.872673 -8.383148
-23.259895 47.856987 -8.602147
-23.353506 47.877804 -8.384438
-23.482500 47.870464 -8.068611
-23.410662 47.874405 -8.227105
-23.485399 47.865406 -8.083014
-23.542116 47.872650 -7.894875
-23.556561 47.871990 -7.896897
-23.413385 47.872448 -8.240342
-23.251236 47.862755 -8.586301
-23.223646 47.851089 -8.617807
-23.289944 47.866005 -8.497361
-23.524557 47.870892 -7.988813
-23.560699 47.868053 -7.906384
-23.235977 47.853535 -8.642962
-23.468264 47.873734 -8.054663
-23.243130 47.853394 -8.569571
-23.311592 47.869034 -8.409616
-23.222298 47.847511 -8.652206
-23.336634 47.884632 -8.345271
-23.399191 47.872871 -8.242810
-23.536198 47.869038 -7.899910
-23.193954 47.853447 -8.675757
-23.396330 47.873825 -8.209829
-23.262251 47.852016 -8.575858
-23.256540 47.878487 -8.521969
-23.351942 47.874935 -8.365167
-23.280634 47.876598 -8.467016
-23.571684 47.867966 -7.844544
-23.465164 47.873600 -8.044552
-23.200090 47.872799 -8.638053
-23.286743 47.876408 -8.498170
-23.407618 47.869816 -8.225774
-23.495640 47.869282 -8.004459
-23.295238 47.872471 -8.477866
-23.218456 47.854805 -8.656005
-23.281961 47.866447 -8.486193
-23.212473 47.848812 -8.647876
-23.328569 47.879158 -8.372336
-23.238369 47.855236 -8.583894
-23.333223 47.877190 -8.361270
-23.337381 47.881191 -8.372964
-23.243975 47.848080 -8.594023
-23.359173 47.873055 -8.266667
-23.464493 47.860603 -8.065028
-23.393429 47.874828 -8.217321
-23.524611 47.874092 -7.886064
-23.509027 47.870102 -7.979779
-23.539940 47.869343 -7.887380
-23.469629 47.868950 -8.068417
-23.233675 47.864132 -8.577466
-23.396122 47.867783 -8.231631
-23.272461 47.863300 -8.489649
-23.218903 47.854786 -8.635436
-23.451429 47.873055 -8.046144
-23.224239 47.868038 -8.560168
-23.204382 47.852581 -8.610406
-23.521027 47.873463 -7.886668
-23.544104 47.866528 -7.894693
-23.382113 47.869076 -8.236366
-23.292824 47.881832 -8.396987
-23.201258 47.871437 -8.642963
-23.319054 47.880947 -8.337513
-23.176743 47.848618 -8.669250
-23.379148 47.869041 -8.203338
-23.245962 47.848194 -8.567576
-23.335186 47.875221 -8.356686
-23.262287 47.879101 -8.457834
-23.238482 47.864616 -8.517262
-23.556948 47.873516 -7.828218
-23.446039 47.872169 -8.036113
-23.391050 47.867016 -8.218463
-23.277819 47.879936 -8.468009
-23.479446 47.871712 -7.992948
-23.179544 47.879490 -8.630093
-23.268770 47.873821 -8.489146
-23.192696 47.867538 -8.639181
-23.264709 47.866848 -8.476398
-23.198191 47.873650 -8.646004
-23.221016 47.858601 -8.575151
-23.310511 47.879562 -8.364371
-23.225315 47.865822 -8.582541
-23.315872 47.876606 -8.351431
-23.319138 47.880726 -8.362731
-23.340233 47.873589 -8.258311
-23.494640 47.873409 -7.966881
-23.449791 47.872337 -8.045445
-23.525705 47.875885 -7.870181
-23.376270 47.871159 -8.208653
-23.455103 47.877583 -8.050000
-23.506516 47.874668 -7.875895
-23.435680 47.881683 -8.030463
-23.202026 47.854057 -8.626897
-23.504814 47.874786 -7.877330
-23.215250 47.870716 -8.567161
-23.253639 47.869888 -8.480262
-23.378685 47.866222 -8.221751
-23.184841 47.860149 -8.602887
-23.205959 47.866440 -8.552099
-23.301682 47.879250 -8.329844
-23.530071 47.871086 -7.876488
-23.365438 47.876690 -8.222465
-23.184822 47.861530 -8.635696
-23.362810 47.869343 -8.193941
-23.274300 47.872063 -8.392076
-23.318863 47.880596 -8.346215
-23.227001 47.866932 -8.557055
-23.156887 47.853203 -8.661588
-23.540163 47.866535 -7.825172
-23.243834 47.880608 -8.448600
-23.218203 47.879505 -8.506148
-23.375427 47.870300 -8.208296
-23.260841 47.878231 -8.459423
-23.428156 47.875832 -8.023853
-23.464287 47.877251 -7.977523
-23.185001 47.852348 -8.637962
-23.160162 47.879986 -8.622631
-23.252319 47.858845 -8.482956
-23.393150 47.864517 -8.104575
-23.247530 47.863152 -8.467716
-23.174891 47.861839 -8.631313
-23.293543 47.877861 -8.355787
-23.202259 47.861092 -8.566877
-23.207649 47.866211 -8.573652
-23.298523 47.876022 -8.341586
-23.480249 47.876717 -7.953977
-23.302013 47.883244 -8.350806
-23.434977 47.883080 -8.025807
-23.321188 47.873131 -8.249904
-23.418896 47.875797 -8.025230
-23.358833 47.869595 -8.198768
-23.508600 47.873363 -7.859347
-23.438488 47.876041 -8.038293
-23.488396 47.874126 -7.867895
-23.487888 47.873131 -7.868762
-23.236946 47.866074 -8.472887
-23.180483 47.878109 -8.616335
-23.348133 47.869797 -8.218093
-23.196205 47.875313 -8.557670
-23.362213 47.871853 -8.206838
-23.162569 47.881218 -8.593088
-23.184982 47.883427 -8.540679
-23.283360 47.882877 -8.318482
-23.514616 47.873657 -7.860926
-23.301794 47.877907 -8.337584
-23.345352 47.866665 -8.186229
-23.164127 47.876408 -8.625492
-23.254807 47.881882 -8.380206
-23.209410 47.863228 -8.549283
-23.137714 47.855682 -8.654219
-23.225275 47.881126 -8.439313
-23.199028 47.878029 -8.497680
-23.359266 47.867504 -8.200064
-23.447962 47.877571 -7.968130
-23.242418 47.884823 -8.449114
-23.410391 47.881599 -8.009459
-23.234154 47.873623 -8.469495
-23.161491 47.883705 -8.626543
-23.139322 47.888783 -8.613442
-23.276171 47.876163 -8.348114
-23.155745 47.869408 -8.622872
-23.229692 47.866646 -8.457660
-23.375261 47.868172 -8.092308
-23.465019 47.874939 -7.943971
-23.184214 47.866562 -8.557824
-23.281275 47.876434 -8.331785
-23.187107 47.888283 -8.560247
-23.284098 47.886871 -8.338530
-23.418463 47.882526 -8.014142
-23.493401 47.872711 -7.847168
-23.402304 47.879337 -8.012442
-23.302546 47.872673 -8.240576
-23.342636 47.873123 -8.185062
-23.471087 47.873585 -7.858061
-23.219463 47.863369 -8.465161
-23.331463 47.866001 -8.210724
-23.470949 47.878918 -7.852544
-23.421616 47.877720 -8.023192
-23.177082 47.884003 -8.547051
-23.162497 47.875511 -8.607295
-23.345564 47.869179 -8.197295
-23.284573 47.883400 -8.326709
-23.166773 47.877735 -8.533719
-23.499338 47.873131 -7.846526
-23.328117 47.867088 -8.176430
-23.141525 47.888035 -8.583803
-23.264347 47.888615 -8.306814
-23.144968 47.880005 -8.615944
-23.192535 47.862503 -8.540736
-23.235460 47.883514 -8.370570
-23.112837 47.880951 -8.646550
-23.206818 47.882633 -8.430068
-23.342926 47.867805 -8.190661
-23.180058 47.878536 -8.489300
-23.432186 47.881123 -7.953515
-23.225260 47.886215 -8.439352
-23.394665 47.873875 -8.038596
-23.216433 47.879227 -8.457305
-23.451279 47.882465 -7.925889
-23.142538 47.889290 -8.617087
-23.258053 47.881775 -8.336840
-23.390753 47.879177 -8.001871
-23.121105 47.883083 -8.606477
-23.134426 47.882294 -8.613477
-23.211645 47.868156 -8.447502
-23.356758 47.869839 -8.080854
-23.263687 47.884159 -8.317468
-23.162516 47.880569 -8.547170
-23.169809 47.883587 -8.551505
-23.402578 47.885082 -7.999475
-23.266615 47.880211 -8.329701
-23.385607 47.881886 -7.999601
-23.455296 47.876026 -7.845621
-23.477940 47.875282 -7.831595
-23.325254 47.866352 -8.178463
-23.499142 47.867069 -7.749091
-23.283520 47.873329 -8.229981
-23.199015 47.882477 -8.450693
-23.453474 47.882595 -7.839361
-23.313618 47.864437 -8.201743
-23.267786 47.878605 -8.319283
-23.159199 47.882404 -8.538054
-23.405350 47.881390 -8.007267
-23.149099 47.851112 -8.601331
-23.311613 47.871609 -8.163676
-23.247559 47.883820 -8.299385
-23.498314 47.870544 -7.742172
-23.328655 47.869728 -8.184359
-23.485218 47.877815 -7.826083
-23.127468 47.877285 -8.608206
-23.146238 47.885551 -8.523563
-23.170504 47.887798 -8.526674
-23.122519 47.883450 -8.576488
-23.215605 47.884155 -8.361794
-23.326990 47.868111 -8.180340
-23.188356 47.884144 -8.420817
-23.092447 47.880569 -8.638631
-23.415777 47.881569 -7.941890
-23.207413 47.889713 -8.429285
-23.159504 47.881271 -8.480218
-23.436394 47.885899 -7.911664
-23.377460 47.875427 -8.026622
-23.198097 47.882847 -8.445929
-23.240189 47.880196 -8.327848
-23.124340 47.884705 -8.607944
-23.395214 47.874660 -8.003868
-23.192261 47.880081 -8.433489
-23.102606 47.879494 -8.598291
-23.372149 47.879860 -7.990366
-23.117792 47.870403 -8.606101
-23.144150 47.883060 -8.537963
-23.245945 47.884689 -8.306347
-23.150370 47.889297 -8.540737
-23.337582 47.874725 -8.066917
-23.368904 47.884438 -7.986754
-23.385574 47.884655 -7.986491
-23.249203 47.884838 -8.316547
-23.463003 47.879967 -7.812974
-23.438631 47.879707 -7.830605
-23.308447 47.867897 -8.165568
-23.250963 47.884102 -8.307485
-23.296829 47.871063 -8.187772
-23.180735 47.880886 -8.442609
-23.482510 47.871876 -7.731905
-23.265404 47.862457 -8.226323
-23.140446 47.886013 -8.527583
-23.129566 47.859795 -8.591619
-23.389036 47.878857 -7.994584
-23.293604 47.874260 -8.151343
-23.229593 47.881248 -8.290342
-23.434155 47.879200 -7.830811
-23.480789 47.866913 -7.734415
-23.311642 47.869286 -8.171370
-23.468924 47.875301 -7.813408
-23.126467 47.887169 -8.514823
-23.151346 47.891403 -8.517118
-23.106823 47.884102 -8.597998
-23.102337 47.885059 -8.568660
-23.310932 47.866306 -8.172143
-23.169588 47.882675 -8.411421
-23.196131 47.879715 -8.353174
-23.069784 47.888485 -8.630810
-23.399366 47.882015 -7.930261
-23.190002 47.882919 -8.422668
-23.420774 47.885235 -7.900384
-23.361389 47.881081 -8.010778
-23.138069 47.889210 -8.469660
-23.380323 47.878086 -7.989636
-23.221392 47.889030 -8.314085
-23.178967 47.887573 -8.434198
-23.105276 47.889297 -8.598430
-23.174103 47.880600 -8.423273
-23.101570 47.862484 -8.598912
-23.081041 47.885311 -8.589857
-23.353762 47.883644 -7.976774
-23.123791 47.887775 -8.528968
-23.227594 47.883236 -8.296041
-23.131124 47.893024 -8.528954
-23.351692 47.885990 -7.974769
-23.318968 47.875401 -8.055405
-23.422245 47.881283 -7.816798
-23.368286 47.886337 -7.972287
-23.231075 47.886486 -8.304160
-23.446707 47.877453 -7.800293
-23.291471 47.873653 -8.149323
-23.280180 47.855862 -8.186938
-23.233284 47.879429 -8.299656
-23.161194 47.885612 -8.431787
-23.463951 47.865139 -7.728055
-23.276197 47.878902 -8.138184
-23.113068 47.853985 -8.583216
-23.121952 47.882427 -8.519396
-23.245621 47.870430 -8.212118
-23.463366 47.864273 -7.726700
-23.213236 47.865047 -8.288541
-23.372663 47.881535 -7.978600
-23.416592 47.882999 -7.815393
-23.133463 47.889809 -8.508112
-23.294546 47.872936 -8.157254
-23.294445 47.871944 -8.157207
-23.453156 47.874901 -7.797686
-23.106487 47.886803 -8.505982
-23.087349 47.884720 -8.588290
-23.081663 47.886791 -8.559516
-23.383074 47.884575 -7.916497
-23.151979 47.873898 -8.404704
-23.171074 47.889637 -8.411028
-23.405298 47.887802 -7.884795
-23.174622 47.887787 -8.340391
-23.344463 47.880527 -8.000008
-23.364698 47.877415 -7.978348
-23.117992 47.887852 -8.460773
-23.203199 47.883358 -8.307117
-23.160906 47.885117 -8.422922
-23.087080 47.884716 -8.589275
-23.156900 47.871822 -8.415643
-23.076475 47.882915 -8.587849
-23.061155 47.885929 -8.581058
-23.105009 47.886295 -8.519561
-23.334885 47.887550 -7.961865
-23.211948 47.866047 -8.292362
-23.112444 47.892540 -8.519594
-23.406363 47.883850 -7.802119
-23.333937 47.880352 -7.966898
-23.351685 47.885914 -7.958379
-23.431782 47.883255 -7.779485
-23.299173 47.878304 -8.042274
-23.215038 47.870407 -8.299218
-23.216030 47.879837 -8.289835
-23.274269 47.876312 -8.135154
-23.262329 47.866821 -8.169217
-23.141935 47.888233 -8.422176
-23.447451 47.873177 -7.706550
-23.084747 47.892014 -8.569669
-23.258142 47.875355 -8.129090
-23.446892 47.864864 -7.712847
-23.101322 47.890366 -8.507001
-23.277998 47.871254 -8.147739
-23.193439 47.873013 -8.274325
-23.114784 47.889324 -8.498752
-23.398298 47.882710 -7.802920
-23.355413 47.885452 -7.960040
-23.225592 47.870216 -8.201064
-23.086424 47.890526 -8.496015
-23.277266 47.875717 -8.140863
-23.071510 47.871719 -8.581253
-23.059093 47.891735 -8.550629
-23.389454 47.884037 -7.875587
-23.365786 47.886261 -7.902287
-23.134188 47.868217 -8.396814
-23.152119 47.891270 -8.400455
-23.327940 47.879974 -7.988318
-23.349415 47.881958 -7.962844
-23.159731 47.863277 -8.340308
-23.101439 47.870762 -8.456687
-23.183968 47.887108 -8.295331
-23.067419 47.888435 -8.578393
-23.146345 47.865810 -8.418622
-23.138824 47.868248 -8.406538
-23.054516 47.889847 -8.578141
-23.084152 47.891132 -8.509243
-23.317078 47.888237 -7.948514
-23.193064 47.875008 -8.276365
-23.388960 47.883438 -7.790036
-23.093966 47.890072 -8.509222
-23.315174 47.886368 -7.949853
-23.334694 47.886608 -7.943202
-23.198000 47.882481 -8.277483
-23.196911 47.872055 -8.286821
-23.280859 47.877991 -8.029787
-23.244312 47.869473 -8.156871
-23.256557 47.877975 -8.121846
-23.432430 47.875885 -7.727260
-23.064678 47.895733 -8.559697
-23.126768 47.866940 -8.418694
-23.428673 47.863338 -7.704773
-23.239853 47.881233 -8.113347
-23.260775 47.872795 -8.135742
-23.429642 47.867687 -7.696463
-23.081745 47.889999 -8.497238
-23.174227 47.877880 -8.260358
-23.094030 47.895157 -8.488482
-23.338732 47.885155 -7.943903
-23.379328 47.885639 -7.787962
-23.205778 47.873100 -8.187920
-23.259739 47.874283 -8.128725
-23.072350 47.867123 -8.491917
-23.047192 47.887070 -8.569423
-23.373972 47.886604 -7.859988
-23.349911 47.889938 -7.885421
-23.333906 47.883400 -7.949418
-23.134609 47.883484 -8.393778
-23.310642 47.881653 -7.974099
-23.114338 47.869968 -8.385838
-23.134501 47.886215 -8.320433
-23.168425 47.870907 -8.291691
-23.049423 47.885838 -8.569324
-23.081261 47.868412 -8.447742
-23.127514 47.869553 -8.405915
-23.119989 47.871990 -8.393828
-23.298882 47.890038 -7.933893
-23.064167 47.890762 -8.500389
-23.371571 47.884140 -7.775771
-23.174137 47.877766 -8.263612
-23.074896 47.890701 -8.498589
-23.182476 47.871365 -8.272770
-23.317720 47.888416 -7.925844
-23.295580 47.887299 -7.935704
-23.416977 47.879578 -7.709485
-23.226576 47.870018 -8.145733
-23.178291 47.873825 -8.273108
-23.238472 47.881874 -8.105093
-23.222132 47.882896 -8.100029
-23.260685 47.883125 -8.013204
-23.107912 47.869564 -8.408159
-23.243954 47.874340 -8.122826
-23.412905 47.862942 -7.689034
-23.045786 47.893257 -8.550229
-23.411674 47.871498 -7.681946
-23.067995 47.870689 -8.491100
-23.155075 47.877537 -8.249682
-23.076630 47.889473 -8.479667
-23.359278 47.888058 -7.844732
-23.322433 47.883747 -7.929023
-23.360947 47.885471 -7.773253
-23.186129 47.871773 -8.178114
-23.317520 47.886078 -7.933414
-23.241842 47.875080 -8.113142
-23.331722 47.891747 -7.870804
-23.121439 47.863941 -8.391178
-23.292667 47.886555 -7.957395
-23.094078 47.871719 -8.375768
-23.118927 47.863808 -8.320040
-23.149376 47.871559 -8.281062
-23.109049 47.867092 -8.395538
-23.060793 47.868172 -8.437573
-23.100136 47.873741 -8.382845
-23.280699 47.892960 -7.917089
-23.163462 47.878220 -8.258890
-23.159296 47.859467 -8.260272
-23.058493 47.881920 -8.489111
-23.301229 47.890106 -7.909788
-23.399935 47.871861 -7.701912
-23.207964 47.871799 -8.132017
-23.227011 47.873775 -8.112034
-23.275810 47.892441 -7.918201
-23.160461 47.874485 -8.259739
-23.088446 47.870197 -8.398438
-23.220163 47.882671 -8.090416
-23.203125 47.885796 -8.085046
-23.393806 47.862656 -7.678378
-23.395161 47.865891 -7.671329
-23.343420 47.892857 -7.825683
-23.240746 47.878834 -8.003259
-23.059517 47.881680 -8.472064
-23.138172 47.866669 -8.243255
-23.300894 47.884541 -7.921665
-23.314728 47.892445 -7.855614
-23.304991 47.886799 -7.908173
-23.223181 47.883190 -8.093950
-23.341532 47.882198 -7.762449
-23.275360 47.888237 -7.943162
-23.101303 47.867798 -8.378980
-23.166178 47.867466 -8.168162
-23.074120 47.872478 -8.364731
-23.128664 47.879639 -8.266429
-23.093561 47.880669 -8.301173
-23.088432 47.876160 -8.380951
-23.263342 47.887321 -7.908283
-23.079603 47.878716 -8.369376
-23.146185 47.873547 -8.250124
-23.336199 47.884682 -7.745867
-23.137644 47.873997 -8.239766
-23.210014 47.879536 -8.095759
-23.283590 47.896259 -7.887760
-23.383636 47.869350 -7.689208
-23.188940 47.873581 -8.119209
-23.327471 47.888103 -7.816411
-23.201275 47.887680 -8.073300
-23.255951 47.897713 -7.898467
-23.183723 47.889812 -8.068791
-23.142210 47.870056 -8.248352
-23.066015 47.878384 -8.385228
-23.376850 47.874168 -7.649005
-23.220171 47.885086 -7.985396
-23.284618 47.889328 -7.903521
-23.115597 47.880199 -8.224522
-23.297846 47.895252 -7.838289
-23.288471 47.882290 -7.895365
-23.083036 47.867329 -8.368688
-23.204401 47.885227 -8.075781
-23.256958 47.888054 -7.928435
-23.144102 47.876919 -8.149639
-23.112537 47.866539 -8.262522
-23.244762 47.891357 -7.890203
-23.131651 47.858223 -8.246918
-23.078405 47.858265 -8.299859
-23.071251 47.868500 -8.371119
-23.117132 47.880100 -8.224117
-23.191105 47.883427 -8.080817
-23.368263 47.868958 -7.672540
-23.169277 47.885902 -8.098483
-23.265394 47.894100 -7.872023
-23.311678 47.887695 -7.800651
-23.121124 47.880375 -8.230271
-23.163710 47.891838 -8.053350
-23.182079 47.889713 -8.056036
-23.268175 47.884693 -7.892931
-23.234743 47.895786 -7.884673
-23.096739 47.878872 -8.212867
-23.279852 47.895081 -7.822645
-23.199562 47.885136 -7.970778
-23.361443 47.873035 -7.687033
-23.270866 47.890678 -7.868978
-23.239443 47.887753 -7.914097
-23.186102 47.887142 -8.058913
-23.302530 47.900349 -7.711273
-23.121798 47.883270 -8.133191
-23.092701 47.869415 -8.249348
-23.108208 47.878078 -8.224531
-23.225300 47.896633 -7.869541
-23.173002 47.887325 -8.064040
-23.334703 47.874035 -7.686102
-23.101622 47.865021 -8.218285
-23.295086 47.888401 -7.784535
-23.149147 47.885818 -8.085170
-23.247700 47.892937 -7.855412
-23.251404 47.889606 -7.873464
-23.143690 47.893867 -8.037903
-23.163847 47.886421 -8.042462
-23.102478 47.877060 -8.217608
-23.262358 47.895905 -7.806127
-23.214928 47.894730 -7.870400
-23.177996 47.891632 -7.950278
-23.219965 47.891907 -7.895613
-23.253233 47.883190 -7.857845
-23.167021 47.891289 -8.039513
-23.100740 47.877098 -8.122726
-23.090029 47.873528 -8.215352
-23.206667 47.893353 -7.856879
-23.155067 47.887009 -8.050605
-23.279285 47.887997 -7.768764
-23.128664 47.894169 -8.065154
-23.079428 47.873474 -8.199697
-23.230276 47.888546 -7.842190
-23.234295 47.889309 -7.858206
-23.123857 47.892799 -8.023618
-23.142994 47.897007 -8.019005
-23.082064 47.880192 -8.200891
-23.243980 47.897968 -7.787028
-23.193453 47.897144 -7.851018
-23.200886 47.896065 -7.876207
-23.156382 47.890812 -7.935201
-23.147327 47.893448 -8.020924
-23.135555 47.890034 -8.034285
-23.262489 47.886719 -7.752544
-23.185923 47.900982 -7.832363
-23.109219 47.891979 -8.052130
-23.217358 47.884796 -7.846290
-23.212362 47.884281 -7.827651
-23.103630 47.892845 -8.008061
-23.123583 47.897060 -8.001625
-23.225874 47.896805 -7.771318
-23.181700 47.899235 -7.856747
-23.173317 47.891998 -7.838768
-23.221149 47.863762 -7.836966
-23.127256 47.897842 -7.998885
-23.134956 47.886894 -7.921286
-23.115744 47.895164 -8.016740
-23.168549 47.890263 -7.824604
-23.199188 47.889957 -7.825097
-23.088583 47.892021 -8.037484
-23.194304 47.886471 -7.805401
-23.207552 47.892544 -7.757686
-23.102591 47.900459 -7.981359
-23.163757 47.893848 -7.844374
-23.150446 47.894657 -7.817660
-23.200989 47.876865 -7.802872
-23.113070 47.890415 -7.900618
-23.108328 47.892693 -7.983885
-23.097597 47.892864 -8.003191
-23.151161 47.878429 -7.819018
-23.183317 47.881107 -7.816915
-23.174561 47.891014 -7.780218
-23.143845 47.892918 -7.827851
-23.162809 47.894081 -7.785944
-23.122492 47.899681 -7.801952
